timestamp,LAT,LON,DBS,SOG,COGt,HDGt,ROT,ROLL,PITCH,BRG,DTG,XTE,AWS,AWA,TWS,TWA,TWD,MROT
3:40:00 PM,42.4686277,-82.8797163,9.5374,4.8596,162.3648,167.8842,-90.2099,0.7717,1.137,73.7566,1.3708,0.1059,11.8333,-36.3264,8.4222,-56.3369,118.1131,7.8975
3:40:01 PM,42.4686041,-82.8797032,,4.8013,160.4167,,-71.4604,0.504,1.1523,73.703,1.3707,0.1071,11.8159,-36.2839,8.4557,-55.7875,114.0804,7.8975
3:40:02 PM,42.4685822,-82.8796906,9.4718,4.7818,160.0328,166.2574,,,,73.6428,1.3706,0.1086,13.4207,-36.9836,10.0241,-53.6519,114.0279,
3:40:03 PM,42.4685596,-82.8796796,,4.6847,158.652,163.6251,-146.4583,0.676,0.9775,73.587,1.3705,0.1099,14.0149,-36.8215,10.6272,-52.2207,113.5131,7.8975
3:40:04 PM,42.4685394,-82.8796678,9.8655,4.6652,155.2028,159.6259,-198.9218,1.0558,0.9525,73.5228,1.3701,0.1114,14.2843,-36.7683,10.9198,-51.5372,111.1999,7.8975
3:40:05 PM,42.4685159,-82.8796492,,4.6069,150.9744,154.2845,-221.3943,1.0589,0.7974,73.459,1.3698,0.1129,14.2996,-35.5255,10.8679,-49.8668,107.8819,7.8975
3:40:06 PM,42.4684964,-82.8796339,9.6686,4.5291,147.3877,,-236.3623,1.4775,0.9429,73.4024,1.3694,0.1142,14.2909,-35.0942,10.8944,-48.9526,104.8022,7.9147
3:40:07 PM,42.4684772,-82.8796156,,4.3736,143.4171,149.0466,,,,73.3495,1.3689,0.1154,14.2024,-32.7575,10.7484,-45.6404,103.7307,7.8975
3:40:08 PM,42.4684602,-82.8795965,9.603,4.257,139.9507,145.0725,-243.8359,1.0732,0.8345,,,,14.2399,-31.7759,10.9134,-43.4016,102.7904,7.8975
3:40:09 PM,42.4684438,-82.8795758,,4.3348,134.0893,140.2711,-213.7969,1.2631,0.9449,73.2804,1.3682,0.117,14.2055,-29.2802,10.6677,-40.6382,100.1251,7.8975
3:40:10 PM,42.468429,-82.8795572,9.4718,4.2959,131.0526,136.5127,-217.4925,1.1655,1.0961,73.2368,1.3677,0.118,,,,,99.1268,7.8975
3:40:11 PM,42.4684174,-82.8795371,9.5374,4.2764,126.1481,132.7839,-187.4603,0.9209,1.0959,73.1958,1.367,0.1189,14.3115,-27.4873,10.6675,-38.2589,100.7007,7.8975
3:40:12 PM,42.4684084,-82.8795158,,4.3348,121.9426,130.2716,-123.6661,0.798,1.0262,73.166,1.3663,0.1196,14.2861,-23.4004,10.513,-32.663,106.6254,7.9147
3:40:13 PM,42.4684039,-82.8794975,9.4718,4.2764,119.2669,,,,,73.1218,1.365,0.1205,14.9683,-18.3782,10.9958,-25.4164,109.1638,7.9147
3:40:14 PM,42.4683946,-82.8794701,,4.257,116.8777,128.1786,-93.6614,0.764,0.9976,73.0922,1.3641,0.1211,15.1378,-15.6476,11.0963,-21.5897,112.1127,7.8975
3:40:15 PM,42.4683863,-82.8794411,9.3734,4.3153,114.964,126.6121,-97.3776,0.5088,1.0572,73.0525,1.3628,0.1219,15.0523,-13.185,10.9762,-18.2282,114.0289,7.8975
3:40:16 PM,42.4683787,-82.8794096,,4.3931,114.3108,,,,,73.023,1.3618,0.1225,15.0277,-11.6003,10.852,-16.1682,115.4523,7.8975
3:40:17 PM,42.4683728,-82.879382,9.2421,4.1404,112.5404,125.5378,-101.1007,0.5815,1.08,72.9968,1.3608,0.1231,15.0748,-9.9783,10.8238,-13.965,115.6799,7.8975
3:40:18 PM,42.4683695,-82.8793513,9.2421,4.3348,110.7871,122.9596,-93.5652,0.625,0.9249,72.9695,1.3597,0.1236,15.0801,-9.0643,10.9099,-12.5776,116.5019,7.9147
3:40:19 PM,42.4683628,-82.879326,,4.4125,108.4896,121.9612,-48.5788,0.4852,1.2168,72.9398,1.3587,0.1242,14.9231,-7.5282,10.6756,-10.5527,117.0686,7.8975
3:40:20 PM,42.4683573,-82.8792957,9.2421,4.3153,108.1515,120.8811,-74.8088,0.6265,0.8814,72.9099,1.3575,0.1248,15.0189,-6.447,10.6864,-9.0796,118.1967,7.9147
3:40:21 PM,42.4683519,-82.8792708,,4.2959,107.0171,120.936,-11.0799,0.2842,1.2504,72.8864,1.3567,0.1253,14.929,-5.2532,10.6954,-7.3425,,7.8975
3:40:22 PM,42.4683472,-82.8792434,9.2421,4.3736,106.192,120.404,-11.097,0.0383,1.1138,72.8595,1.3555,0.1258,14.9182,-4.8048,10.5759,-6.7855,118.5042,7.8804
3:40:23 PM,42.468343,-82.8792162,,4.3348,107.1431,120.7057,-11.1005,0.3545,1.2073,72.8315,1.3544,0.1264,14.897,-4.6341,10.5859,-6.5283,120.232,7.8804
3:40:24 PM,42.4683375,-82.8791902,9.0453,4.3931,106.4269,,-18.612,0.0323,1.1282,72.8086,1.3535,0.1269,14.9492,-4.175,10.5982,-5.8942,119.2092,7.8975
3:40:25 PM,42.4683326,-82.8791669,,4.4708,106.9483,120.0621,-26.1131,0.4292,1.1476,72.7768,1.3525,0.1275,14.9424,-4.6078,10.5762,-6.5172,119.9221,7.8804
3:40:26 PM,42.4683271,-82.879142,8.914,,,119.7439,3.9053,0.1626,1.0811,72.7561,1.3517,0.1279,14.9832,-3.9124,10.5687,-5.5511,119.1427,
3:40:27 PM,42.4683235,-82.879117,8.914,4.432,104.7367,120.2368,30.1662,0.1561,1.0899,72.7334,1.3507,0.1284,14.9867,-4.1482,10.5971,-5.8717,120.3763,7.8975
3:40:28 PM,42.4683183,-82.879095,,4.4514,104.4216,121.048,,,,72.7058,1.3498,0.1289,14.9924,-3.6243,10.6082,-5.1257,121.7972,7.8804
3:40:29 PM,42.4683121,-82.8790698,8.914,4.3736,105.7451,121.4215,37.6468,-0.0106,1.0393,72.678,1.3489,0.1295,14.9487,-3.7737,10.5037,-5.3746,122.131,7.8804
3:40:30 PM,42.4683063,-82.8790454,,4.2959,106.2951,121.7355,15.1192,-0.0769,1.1007,72.6515,1.348,0.13,14.9213,-3.829,10.5158,-5.4372,122.7979,7.8804
3:40:31 PM,42.4682997,-82.8790189,9.2421,4.4708,107.527,,15.1192,0.0908,1.0815,72.6191,1.347,0.1307,14.9457,-4.2931,10.5489,-6.0882,121.7359,7.8804
3:40:32 PM,42.4682926,-82.878994,,4.432,107.0514,122.3093,15.1261,0.0952,1.1811,,,,14.9045,-4.3874,10.4293,-6.2764,122.2854,7.8804
3:40:33 PM,42.468285,-82.8789669,9.4062,4.4708,107.7848,122.4298,15.133,0.1619,1.1541,72.5728,1.3455,0.1316,14.846,-4.3471,10.4265,-6.1959,122.3319,7.8804
3:40:34 PM,42.468277,-82.8789426,,4.3931,107.7504,122.9978,15.1192,0.0965,1.0864,72.5389,1.3445,0.1323,14.876,-4.5945,10.4457,-6.5503,122.661,7.8804
3:40:35 PM,42.4682694,-82.8789176,9.9639,4.1598,108.6557,,22.6032,0.0201,1.063,72.4876,1.3432,0.1334,14.8717,-4.5998,10.5075,-6.5173,122.8844,7.8804
3:40:36 PM,42.4682626,-82.8788922,,4.5875,108.3922,123.3,15.0951,0.1095,1.2174,72.4598,1.3424,0.1339,14.7337,-4.8449,10.3603,-6.8985,122.7205,7.8975
3:40:37 PM,42.4682558,-82.8788686,10.8497,4.743,108.4781,123.5759,11.3274,,,72.4298,1.3415,0.1346,,,,,123.0728,7.8804
3:40:38 PM,42.4682479,-82.878842,,4.4903,109.9449,123.8292,11.3171,0.1046,1.1985,72.3953,1.3405,0.1353,14.3227,-5.004,9.8508,-7.2861,122.8638,7.8804
3:40:39 PM,42.4682397,-82.878815,10.8497,4.5097,109.7157,123.8521,18.7976,0.1417,0.9438,72.3597,1.3395,0.136,13.9577,-5.2594,9.5239,-7.7204,122.6466,7.8804
3:40:40 PM,42.4682322,-82.8787889,,4.4708,110.2199,124.331,15.0401,0.0009,1.0286,72.3264,1.3386,0.1367,13.8646,-5.3714,9.4231,-7.9169,122.3728,7.8975
3:40:41 PM,42.468224,-82.8787588,10.8497,4.5097,111.7726,132.3786,,0.0484,1.204,72.289,1.3374,0.1374,13.8915,-5.8589,9.4291,-8.6495,122.0601,7.8804
3:40:42 PM,42.4682179,-82.8787346,,4.3736,110.7126,,22.5276,0.0289,1.1254,72.2601,1.3365,0.138,14.5307,-6.0876,10.1757,-8.7102,123.2963,7.8804
3:40:43 PM,42.4682106,-82.8787113,10.7841,4.4514,112.6263,125.1567,37.523,-0.0089,1.019,72.2287,1.3357,0.1386,14.6933,-6.1558,10.2295,-8.8602,122.3618,7.8804
3:40:44 PM,42.4682012,-82.8786858,10.8497,4.432,113.1133,125.4357,14.9989,0.2056,1.1015,72.1908,1.3348,0.1394,14.6358,-6.3524,10.2287,-9.109,121.76,7.8804
3:40:45 PM,42.4681912,-82.8786604,,4.3931,112.8899,125.8555,18.7529,0.0764,1.16,72.1515,1.3339,0.1402,14.6344,-6.2658,10.2568,-8.9587,122.0121,7.8804
3:40:46 PM,42.4681821,-82.878636,10.8497,4.1015,113.6691,124.9982,-18.7942,0.2024,1.1983,72.115,1.333,0.141,14.4468,-6.7975,10.1161,-9.7315,120.3784,7.8804
3:40:47 PM,42.4681742,-82.8786099,,4.4903,114.2134,124.0125,-22.5447,0.3042,0.9866,72.0803,1.3321,0.1417,14.0074,-7.0427,9.5717,-10.3365,118.2967,7.8804
3:40:48 PM,42.468167,-82.8785845,10.7185,4.5097,114.2306,124.3431,7.4633,,,72.0477,1.3311,0.1424,13.9535,-7.1243,9.5537,-10.4361,118.7831,
3:40:49 PM,42.4681581,-82.8785544,,4.3736,113.6519,,11.2483,0.2721,1.0802,72.0116,1.3301,0.1431,13.9571,-6.9125,9.5756,-10.1033,120.1272,7.8804
3:40:50 PM,42.4681494,-82.8785259,10.5873,4.3542,112.8383,125.224,-0.0026,0.2372,1.1001,71.9734,1.3291,0.1439,14.0207,-6.7179,9.687,-9.748,,7.8804
3:40:51 PM,42.4681429,-82.8785044,10.5217,4.2764,113.5545,125.5789,14.9886,0.0419,1.1687,71.9447,1.3283,0.1444,13.9425,-6.725,9.6558,-9.735,121.4388,7.8804
3:40:52 PM,42.4681325,-82.8784734,,4.3153,113.7092,125.3533,,0.1785,1.0262,71.9007,1.3272,0.1453,14.0594,-6.6872,9.7806,-9.6362,121.1705,7.8804
3:40:53 PM,42.4681241,-82.8784458,10.3576,4.5875,113.8467,124.8979,7.4462,0.2253,1.0236,,,,14.345,-6.6094,10.0029,-9.501,121.8097,7.8804
3:40:54 PM,42.4681168,-82.8784179,,4.2959,113.1878,124.6595,-7.5871,0.124,1.0666,71.8468,1.3257,0.1464,14.624,-6.5693,10.3562,-9.297,119.9361,7.8804
3:40:55 PM,42.4681097,-82.8783921,10.292,4.257,113.4514,124.712,11.1624,0.2415,1.0546,71.8134,1.3247,0.1471,14.6037,-6.8737,10.4063,-9.6689,119.7709,7.8804
3:40:56 PM,42.4681009,-82.8783648,,4.257,115.6859,,-3.8468,0.1956,1.1062,71.779,1.3237,0.1477,14.5844,-7.1494,10.2823,-10.1677,119.1923,7.8804
3:40:57 PM,42.4680921,-82.8783415,10.3904,4.1987,113.1935,124.826,18.6807,0.2378,1.1743,71.7459,1.3229,0.1484,14.6347,-7.1693,10.4513,-10.0645,118.0803,7.8804
3:40:58 PM,,,,4.2181,112.8039,124.9543,-15.0848,0.2272,1.114,71.7084,1.322,0.1492,14.5789,-7.537,10.4047,-10.5905,119.0563,7.8804
3:40:59 PM,42.4680851,-82.8783206,10.292,4.257,112.8039,123.9053,-15.102,0.2186,1.1801,71.677,1.3212,0.1498,14.5079,-7.9182,10.3247,-11.1614,118.0979,7.8804
3:41:00 PM,42.4680766,-82.878297,,4.2376,111.721,123.4558,14.8786,,,71.6438,1.3205,0.1505,14.5358,-8.0605,10.3341,-11.375,117.2653,7.8804
3:41:01 PM,42.4680692,-82.8782715,10.1608,4.1987,112.5117,124.1486,-3.864,0.1936,1.2088,71.6134,1.3196,0.1511,14.508,-7.3319,10.2475,-10.409,117.8039,7.8975
3:41:02 PM,42.4680621,-82.8782488,,4.0043,110.9819,,,0.1731,1.1282,71.5789,1.3187,0.1518,14.5479,-6.714,10.4041,-9.4089,119.4766,7.8975
3:41:03 PM,42.4680559,-82.8782266,10.3576,4.257,111.7611,123.9863,-0.1409,0.3362,1.3244,71.5325,1.3174,0.1527,14.4373,-7.3622,10.2914,-10.356,119.2037,7.8804
3:41:04 PM,42.4680487,-82.8782006,,4.2376,111.1252,123.3937,-15.1364,0.2266,1.213,71.5001,1.3165,0.1533,14.4161,-6.7754,10.2688,-9.5337,118.6107,7.8804
3:41:05 PM,42.46804134,-82.87817683,10.5873,4.1987,111.0621,123.2238,3.6028,0.4258,1.2876,71.4649,1.3156,0.154,14.3914,-7.2814,10.2458,-10.2546,118.2675,7.8804
3:41:06 PM,42.46803249,-82.87814981,,4.0043,112.1851,123.75,-22.6341,0.0433,1.2698,71.4323,1.315,0.1547,14.4285,-6.4418,10.3189,-9.0257,119.6319,7.8804
3:41:07 PM,42.46802398,-82.87812849,10.5217,4.432,112.294,123.7338,-30.1284,0.3897,1.2729,71.3948,1.314,0.1554,14.3499,-6.8504,10.1598,-9.699,118.4814,7.8804
3:41:08 PM,42.46801605,-82.878103,,4.1598,112.9071,122.8822,-41.4042,0.2294,0.9965,71.3596,1.313,0.1561,14.4338,-6.7035,10.3532,-9.366,118.5511,7.8804
3:41:09 PM,42.46800837,-82.87807685,10.456,4.1793,109.3719,121.0186,-15.1777,0.3382,1.1392,71.3289,1.3122,0.1567,14.3783,-6.5864,10.3068,-9.2076,116.3232,7.8804
3:41:10 PM,42.46800214,-82.87805274,,4.2959,110.1282,120.7397,11.0627,0.2979,1.1689,71.2995,1.3112,0.1572,14.3555,-6.4249,10.1388,-9.1163,116.1959,7.8804
3:41:11 PM,42.4679967,-82.8780292,10.6529,3.9071,109.71,128.9931,11.0627,0.1305,1.0779,71.2661,1.3102,0.1579,,,,,117.5427,7.8804
3:41:12 PM,42.4679899,-82.8779998,,4.1793,110.3918,,,,,71.2393,1.3093,0.1584,13.6981,-5.6766,9.6059,-8.1087,120.2391,
3:41:13 PM,42.4679845,-82.8779739,10.3904,4.1987,108.5984,120.863,-33.9374,0.2671,1.1201,,,,13.079,-5.0944,8.9974,-7.4164,120.1055,7.8804
3:41:14 PM,42.4679805,-82.8779471,,4.3348,110.6954,120.6331,-11.4339,0.2756,1.3124,71.1925,1.3077,0.1592,12.9599,-3.9873,8.8178,-5.8658,121.6304,7.8804
3:41:15 PM,42.4679731,-82.8779199,10.5217,4.1987,110.81,121.2303,11.0764,0.0937,1.2054,71.1633,1.3068,0.1598,13.1024,-2.1535,8.8506,-3.1889,124.0814,7.8804
3:41:16 PM,42.4679674,-82.8778956,,4.0821,110.0996,120.7591,-18.9351,0.1973,0.8421,71.1324,1.3059,0.1604,12.9803,-0.9338,8.8101,-1.3759,125.9669,7.8975
3:41:17 PM,42.4679613,-82.8778701,10.7185,3.9849,109.9105,,-11.4614,0.2008,0.9411,71.1024,1.305,0.161,12.918,0.107,8.7497,0.1579,126.0748,7.8804
3:41:18 PM,42.4679543,-82.8778436,,4.2764,107.0686,120.0782,-30.2109,0.2163,1.2947,71.0669,1.304,0.1616,12.8941,0.9591,8.8781,1.3931,128.2372,7.8804
3:41:19 PM,42.4679489,-82.8778235,10.3904,4.1598,108.6156,119.2911,-22.7201,0.0745,1.4585,71.0377,1.3031,0.1622,11.7725,1.7213,7.5876,2.6712,131.3438,7.8804
3:41:20 PM,42.4679427,-82.8777988,,4.1015,108.352,118.1695,-26.5016,0.6114,0.7417,71.0112,1.3024,0.1627,11.246,3.8377,7.1128,6.0746,130.0884,7.8804
3:41:21 PM,42.4679369,-82.8777733,10.292,4.1793,107.6989,117.2938,7.2399,0.0752,1.1405,70.9821,1.3014,0.1632,11.147,5.348,7.0307,8.4979,130.8562,7.8804
3:41:22 PM,42.467932,-82.8777492,,4.0821,107.527,117.3826,3.5031,0.2402,1.2521,70.9545,1.3005,0.1637,11.228,4.5162,7.0813,7.1721,,7.8804
3:41:23 PM,42.467927,-82.8777238,10.1608,4.2764,106.341,116.3906,-56.52,0.4466,1.3804,70.9258,1.2996,0.1643,11.3186,5.8455,7.1701,9.2518,131.6512,7.8804
3:41:24 PM,42.4679216,-82.8776979,10.3904,4.2959,104.6737,114.302,,,,70.8958,1.2986,0.1648,11.4105,5.7674,7.168,9.205,131.518,7.8804
3:41:25 PM,42.4679169,-82.8776727,,4.4708,104.4273,115.2154,29.7124,0.4376,1.2355,70.8679,1.2976,0.1653,13.2454,5.4337,8.9689,8.0389,127.8383,7.8804
3:41:26 PM,42.4679123,-82.8776494,10.2264,4.257,101.8031,116.4797,48.4447,0.123,1.1355,70.8414,1.2967,0.1658,13.7795,5.8817,9.3432,8.6925,129.1889,7.8804
3:41:27 PM,42.4679063,-82.8776192,,4.2376,105.9399,,29.6987,0.0842,1.2618,70.807,1.2956,0.1664,13.6831,5.8351,9.389,8.5204,130.8694,7.8804
3:41:28 PM,42.467901,-82.8775934,10.2264,4.3542,106.3696,117.4625,-7.7831,0.0063,1.1011,70.7771,1.2946,0.167,13.7144,5.3534,9.4414,7.7889,129.623,7.8574
3:41:29 PM,42.467896,-82.8775672,,4.257,106.1863,117.2172,-37.7774,0.4139,1.082,70.7476,1.2936,0.1675,13.7789,3.9726,9.492,5.7719,129.7732,7.7543
3:41:30 PM,42.4678913,-82.8775432,10.292,4.257,104.9028,116.6013,3.4687,0.0701,1.1402,70.7203,1.2927,0.168,13.7828,4.5171,9.5222,6.5456,127.8507,7.7772
3:41:31 PM,42.4678868,-82.8775174,,4.3736,106.2035,117.4148,18.4676,0.168,0.9614,70.6923,1.2917,0.1685,13.7675,4.057,9.5416,5.8592,128.1304,7.7772
3:41:32 PM,42.4678819,-82.8774903,10.292,4.1404,106.7363,,-19.0417,0.1276,1.1046,70.6473,1.2902,0.1693,13.6477,4.4806,9.379,6.5273,128.7983,7.7543
3:41:33 PM,42.4678765,-82.8774646,,4.432,106.0144,117.3692,,,,,,,13.8701,3.5345,9.61,5.1048,126.927,
3:41:34 PM,42.4678719,-82.8774342,10.2264,4.0626,104.9258,116.7795,-0.3335,0.0227,1.3,70.5997,1.2887,0.1702,13.6277,3.2795,9.3661,4.7746,126.6306,7.7772
3:41:35 PM,42.4678667,-82.8774083,,4.1209,105.3268,115.8539,,,,70.5734,1.2877,0.1706,13.5464,3.0611,9.4404,4.3947,124.9816,7.7543
3:41:36 PM,42.4678616,-82.8773824,10.2264,4.2376,106.8624,115.716,25.869,0.0975,1.1881,70.5327,1.2863,0.1713,12.4449,3.0056,8.3049,4.5065,125.7785,7.7543
3:41:37 PM,42.4678576,-82.8773526,,4.3542,106.5358,114.9296,-15.353,0.4377,1.316,70.4986,1.285,0.1719,12.2537,3.1913,7.9637,4.9139,125.0233,7.7543
3:41:38 PM,42.4678528,-82.8773263,10.0951,4.3931,105.8826,,-4.1253,0.3176,1.2081,,,,13.1691,3.8892,8.8167,5.8147,124.851,7.7772
3:41:39 PM,42.4678483,-82.8772991,,4.4708,106.3811,115.0835,3.3896,0.2005,1.0403,70.4538,1.2835,0.1727,14.2276,4.4277,9.8881,6.3777,125.6254,7.7543
3:41:40 PM,42.4678431,-82.8772675,9.9639,4.3153,107.1832,116.5558,14.6379,0.1346,0.943,70.4072,1.2818,0.1735,14.4372,4.5718,10.0605,6.5682,127.4169,7.7772
3:41:41 PM,42.4678376,-82.8772409,,4.2959,107.1202,117.6249,-4.0737,0.2182,0.8025,70.377,1.2809,0.1741,14.3434,4.5721,10.0064,6.5611,128.3182,7.7543
3:41:42 PM,42.467832,-82.8772098,9.7343,4.5291,108.3062,,,,,70.342,1.2797,0.1747,14.2977,3.6884,9.9157,5.3223,127.8467,7.7543
3:41:43 PM,42.4678281,-82.8771855,,4.2959,108.3635,118.3024,10.9492,0.5031,1.099,70.3138,1.2786,0.1752,14.2604,2.6275,9.9372,3.772,126.8783,7.7543
3:41:44 PM,42.4678213,-82.8771521,9.603,,,118.6489,3.4412,0.0411,1.3388,,,,12.7847,2.474,8.4683,3.7365,127.5628,7.7543
3:41:45 PM,42.4678162,-82.8771248,,4.2764,107.4239,118.3389,-22.7888,0.4452,1.051,70.2631,1.2771,0.1761,12.6752,2.2947,8.3467,3.486,126.9531,7.7543
3:41:46 PM,42.4678112,-82.8770976,9.4062,4.3153,107.1889,117.808,7.2261,0.3987,1.0093,70.2292,1.276,0.1767,14.3298,2.8181,10.1064,3.9973,126.5126,7.7543
3:41:47 PM,42.467805,-82.8770724,,4.1793,108.1401,119.3541,22.225,0.0308,1.1581,70.198,1.275,0.1772,14.8398,3.4322,10.6558,4.7826,127.9949,7.7543
3:41:48 PM,42.4677984,-82.8770439,9.7343,4.3348,107.6874,,10.9733,0.2606,1.1282,70.1635,1.274,0.1778,14.8985,3.606,10.6122,5.0658,128.1945,7.7543
3:41:49 PM,42.467792,-82.8770178,,4.3931,107.1947,118.7685,14.7204,0.3319,0.8946,70.1323,1.2731,0.1784,13.7439,3.6621,9.3978,5.3598,129.7016,7.7543
3:41:50 PM,42.4677847,-82.8769888,9.7343,4.3736,107.0171,119.1864,10.9595,0.223,1.1798,70.0963,1.2721,0.179,13.2427,4.0425,8.8702,6.0413,130.8573,7.7314
3:41:51 PM,42.4677795,-82.8769656,,4.4708,106.742,119.0739,14.6792,0.2445,1.2438,70.0621,1.2711,0.1797,13.2815,3.9956,8.8406,6.0088,130.8877,7.7543
3:41:52 PM,42.4677721,-82.8769395,10.292,4.5097,108.9422,118.6127,,,,70.0302,1.2702,0.1802,13.3668,3.279,8.954,4.8983,129.0069,7.7543
3:41:53 PM,42.4677656,-82.8769132,,4.3931,106.2951,118.5594,-37.8118,0.5422,0.899,69.9778,1.2688,0.1812,13.3689,4.1108,8.9816,6.1252,130.3394,7.7543
3:41:54 PM,42.4677593,-82.8768935,10.5217,4.3931,107.2806,117.6953,-15.3117,0.6519,0.9809,69.9471,1.2681,0.1818,13.3832,3.2974,9.0286,4.8911,127.8708,7.7543
3:41:55 PM,42.4677548,-82.8768655,,4.4708,105.9456,,-0.3197,0.0502,1.5297,,,,,,,,,7.7543
3:41:56 PM,42.4677486,-82.8768376,10.6529,4.4708,105.854,118.5436,,,,69.8964,1.2664,0.1826,13.0992,4.3783,8.7468,6.565,129.7782,
3:41:57 PM,42.467743,-82.8768103,,4.3542,106.7248,117.7283,-4.0909,0.2233,1.1747,69.8467,1.2649,0.1835,13.3235,4.063,8.9578,6.0494,129.4219,7.7543
3:41:58 PM,42.4677362,-82.8767811,11.0138,4.5486,106.0258,117.6244,22.1322,0.3096,1.0072,,,,13.3402,4.1602,8.9749,6.1904,129.4981,7.7543
3:41:59 PM,42.4677305,-82.8767604,,4.1209,106.1175,119.4019,40.9092,0.1424,1.0392,69.7991,1.2636,0.1843,13.2591,4.0031,8.9629,5.9276,129.0488,7.7543
3:42:00 PM,42.4677227,-82.8767321,11.3419,4.2764,107.0113,119.6364,7.1677,0.1404,1.118,69.7454,1.2622,0.1853,13.3138,4.1143,9.0346,6.0692,130.9123,7.7543
3:42:01 PM,42.4677157,-82.8767052,,4.1987,108.0541,,14.6723,0.1815,0.8342,,,,13.2359,3.899,8.9555,5.7679,130.9556,7.7543
3:42:02 PM,42.467711,-82.8766784,11.2762,4.3348,107.3093,119.4035,3.4171,0.3937,1.0638,69.6926,1.2608,0.1863,13.2786,4.1159,8.9107,6.1399,131.2564,7.7543
3:42:03 PM,42.4677065,-82.8766544,,4.257,107.0915,119.4981,-11.5646,0.1372,1.0627,69.6618,1.2598,0.1868,13.3984,4.3307,9.1983,6.3149,130.8873,7.7543
3:42:04 PM,42.4677008,-82.8766258,11.0794,4.3153,107.6473,119.5836,-30.2831,0.5785,0.9826,69.628,1.2587,0.1874,13.1859,4.1633,8.8949,6.1782,131.2513,7.7543
3:42:05 PM,42.4676943,-82.8765923,,4.2764,106.6045,119.1759,,,,69.5939,1.2577,0.1879,13.4276,4.479,9.1414,6.5868,130.9474,7.7543
3:42:06 PM,42.4676902,-82.8765647,10.8825,4.3348,107.5843,,3.4549,0.2478,1.2337,69.5616,1.2566,0.1885,13.2125,4.5667,8.938,6.7593,131.8977,7.7543
3:42:07 PM,42.4676856,-82.876538,,4.3153,106.7821,119.0203,14.7067,0.0687,1.0782,69.5317,1.2556,0.189,13.2901,5.0928,8.9942,7.5372,131.995,7.7543
3:42:08 PM,42.4676788,-82.8765125,10.5873,4.3931,107.1832,118.9231,-7.7899,0.4066,1.4002,69.4821,1.2541,0.1898,13.1034,4.373,8.763,6.5469,131.2052,7.7543
3:42:09 PM,42.4676731,-82.8764873,,4.3542,106.5644,117.3873,-34.0646,0.4439,1.5492,69.4496,1.2532,0.1904,13.3083,4.5119,8.9628,6.7078,130.5304,7.7543
3:42:10 PM,42.4676646,-82.8764563,10.1608,4.3542,105.5961,116.2903,-30.3347,0.5176,1.2069,69.4057,1.2521,0.1912,13.4743,4.2876,9.147,6.3229,128.8408,7.7543
3:42:11 PM,42.4676566,-82.8764315,,4.3736,103.7569,,-30.3519,0.4065,0.6544,69.3674,1.2512,0.1919,13.3288,4.4117,8.9957,6.5444,128.0435,7.7314
3:42:12 PM,42.4676527,-82.8764066,9.7999,4.3931,104.7023,115.5518,-7.8346,0.4578,0.8816,69.3396,1.2503,0.1923,13.2139,4.2644,8.8548,6.371,127.1718,7.7543
3:42:13 PM,42.4676461,-82.8763831,,4.3736,104.2439,115.5396,7.1711,0.2436,0.7471,,,,13.2867,4.3673,8.9338,6.503,127.2939,7.7543
3:42:14 PM,42.4676407,-82.8763597,9.5374,4.2959,104.9888,114.7471,,,,69.2899,1.249,0.1932,13.0849,4.3475,8.7679,6.4957,126.5052,7.7314
3:42:15 PM,,,,4.3736,102.0151,114.3002,-34.0681,0.6005,0.7066,69.2494,1.2477,0.1939,13.4484,5.3366,9.1372,7.868,127.627,7.7314
3:42:16 PM,42.4676367,-82.876334,9.4062,4.2959,102.4105,114.5657,-4.0669,0.5637,1.4616,69.2201,1.2467,0.1943,12.6077,5.9369,8.3133,9.0248,129.202,7.7543
3:42:17 PM,42.4676329,-82.8763071,,4.3348,102.5824,114.4956,-11.5508,0.3647,1.263,69.1923,1.2457,0.1948,12.1988,7.3902,7.9032,11.4515,131.9703,7.7543
3:42:18 PM,42.4676292,-82.8762818,9.6686,4.6847,102.1698,113.2554,-7.8587,0.262,0.833,69.165,1.2447,0.1952,12.5648,7.8344,8.1543,12.1245,131.3534,7.7543
3:42:19 PM,42.4676262,-82.8762549,,4.4125,102.2157,113.1343,-4.1287,0.3235,0.7235,69.1326,1.2437,0.1958,12.387,8.1673,8.0362,12.649,131.4899,
3:42:20 PM,42.4676209,-82.8762291,9.8655,4.3736,100.9093,,-15.3633,,,69.1033,1.2427,0.1962,12.1686,8.871,7.8482,13.8336,132.3594,7.7543
3:42:21 PM,42.467617,-82.8762046,,4.4514,100.0957,113.1473,-4.1322,0.3207,1.0872,69.0721,1.2417,0.1967,12.4129,8.5028,8.0661,13.1521,132.0593,7.7314
3:42:22 PM,42.46761197,-82.87617376,10.3576,4.3931,100.4395,120.1842,,0.1785,1.2502,69.0395,1.2406,0.1973,12.1242,9.0383,7.819,14.0986,138.3384,7.7543
3:42:23 PM,42.46760775,-82.8761461,,4.5097,100.4452,111.7065,-4.1459,0.3019,0.8973,69.0096,1.2395,0.1977,12.3365,9.0615,7.9612,14.1258,131.7685,7.7543
3:42:24 PM,42.46760387,-82.87611674,10.7841,4.3542,100.9208,111.0645,-0.4366,0.2555,1.5533,68.9774,1.2384,0.1982,12.4142,9.2574,8.0982,14.2769,130.8575,7.7543
3:42:25 PM,42.46760008,-82.87608653,,4.3931,101.9578,111.3237,37.0383,0.3131,0.9059,,,,11.9446,9.154,7.615,14.4503,131.0307,7.7543
3:42:26 PM,42.46759537,-82.8760627,11.6371,4.4514,99.815,111.8949,44.536,0.0907,0.4107,68.9329,1.237,0.199,12.2493,8.3574,7.9043,13.0173,130.2201,7.7543
3:42:27 PM,42.46759754,-82.87603649,,4.4708,101.3734,111.2139,14.5348,0.2915,0.5865,68.9159,1.2357,0.1991,12.3361,8.2985,7.9631,12.9199,129.5407,7.7085
3:42:28 PM,42.46759457,-82.87600856,11.5059,4.4514,103.2871,111.4596,-15.463,0.3478,0.6792,68.8869,1.2347,0.1996,12.3176,8.1766,7.9264,12.7688,128.9746,7.7085
3:42:29 PM,42.4675939,-82.87597,,4.6069,102.9433,,-15.463,0.262,1.0575,68.8631,1.2333,0.1998,,,,,,7.7085
3:42:30 PM,42.467593,-82.875938,11.145,4.4903,102.187,111.2129,-15.4664,0.5223,1.0919,68.8373,1.232,0.2002,11.8575,8.4556,7.3543,13.7143,129.9855,7.7085
3:42:31 PM,42.4675898,-82.8759078,,4.5097,100.5484,110.4386,-0.4641,0.3369,1.121,68.8065,1.2308,0.2006,11.4206,8.0365,6.9742,13.2345,129.4524,7.7085
3:42:32 PM,42.4675843,-82.8758782,10.5217,4.5097,100.726,110.3932,,,,68.7704,1.2297,0.2012,11.2075,8.3079,6.7659,13.848,130.3574,7.7085
3:42:33 PM,42.4675796,-82.8758525,,4.5486,101.2416,110.744,14.5245,0.2178,0.8597,68.7401,1.2288,0.2017,11.4132,9.0316,6.9755,14.883,130.9207,7.7085
3:42:34 PM,42.4675741,-82.8758298,10.5873,4.5291,100.7317,110.8835,-0.4503,0.3988,0.3776,68.704,1.2278,0.2023,11.3196,9.1529,6.8959,15.1359,131.4927,7.7085
3:42:35 PM,42.467568,-82.8757974,,4.5097,101.6542,111.5085,33.2671,0.4072,0.9236,68.6702,1.2268,0.2029,11.1256,8.9033,6.683,14.9306,131.5947,7.7085
3:42:36 PM,42.4675652,-82.8757713,11.0138,4.5486,99.5113,110.5332,-19.1826,0.5655,0.6736,68.6343,1.2255,0.2034,11.1895,8.3663,6.7592,13.938,130.0776,7.7085
3:42:37 PM,42.4675606,-82.875742,,4.5486,99.9468,,-4.17,0.7414,0.8389,68.6047,1.2246,0.2039,11.0295,9.3777,6.5918,15.8213,132.3961,7.5309
3:42:38 PM,42.4675552,-82.8757112,10.5873,4.4514,99.9639,111.0064,-15.408,-0.1591,1.3489,68.5716,1.2235,0.2044,11.7172,9.0607,7.2899,14.6623,131.8132,5.9208
3:42:39 PM,42.4675513,-82.8756831,,4.5097,101.2703,111.6525,,0.6528,1.0642,68.5404,1.2225,0.2049,12.7254,9.9502,8.3691,15.2325,132.9036,5.8406
3:42:40 PM,42.4675463,-82.8756574,10.456,4.4708,99.4483,111.8546,-34.1575,-0.4811,0.7691,68.5078,1.2215,0.2054,12.77,10.5673,8.4289,16.1313,132.9742,5.8406
3:42:41 PM,42.4675426,-82.875632,,4.4708,100.09,110.6792,-34.1437,0.8239,1.3614,68.4785,1.2206,0.2059,13.2249,9.297,8.8445,13.979,131.0055,
3:42:42 PM,42.4675379,-82.8756004,10.3904,4.4903,97.4888,,-79.1266,,,68.4423,1.2194,0.2064,12.9295,7.63,8.522,11.6216,127.7558,5.8635
3:42:43 PM,42.4675345,-82.8755686,,4.432,98.4857,108.9009,-0.3919,-0.0174,0.8461,68.4071,1.2181,0.207,12.9305,7.8934,8.5036,12.0534,126.5706,5.8635
3:42:44 PM,42.4675314,-82.8755403,10.5217,4.5291,96.0793,107.6259,-30.4206,1.1027,0.8675,68.3749,1.217,0.2074,13.4241,7.148,8.993,10.7045,123.7184,5.8406
3:42:45 PM,42.4675272,-82.8755117,,4.568,97.0762,107.6214,10.8014,0.4405,1.4839,68.3434,1.216,0.2079,12.8176,8.4585,8.359,13.0352,125.4019,5.8406
3:42:46 PM,42.4675237,-82.8754872,10.5873,4.4708,96.2913,107.5129,,0.4135,0.5917,68.3181,1.2151,0.2083,13.2913,8.3607,8.8451,12.6207,125.0426,5.8406
3:42:47 PM,42.4675196,-82.8754629,10.5873,4.6652,94.7844,,-82.9288,0.7553,0.7561,68.2858,1.2142,0.2088,13.127,7.1628,8.7083,10.8336,123.1664,5.8406
3:42:48 PM,42.4675161,-82.8754373,,4.5097,94.4406,105.1771,-56.7022,0.622,1.1539,68.2571,1.2132,0.2092,13.0667,7.505,8.5825,11.47,121.9161,5.8234
3:42:49 PM,42.4675136,-82.8754097,10.5873,4.4903,93.2603,103.3649,-45.4642,0.2103,0.768,,,,13.2696,8.0682,8.8189,12.1917,120.6971,5.8234
3:42:50 PM,42.4675118,-82.8753844,,4.4708,91.9024,102.085,-67.9918,0.5241,0.9851,68.2223,1.2117,0.2097,13.0958,7.6169,8.665,11.556,118.1157,5.8234
3:42:51 PM,42.4675098,-82.8753508,10.5873,4.4708,90.9399,99.7085,-101.7436,0.316,0.9769,68.1945,1.2105,0.2101,13.1404,7.8363,8.758,11.8042,116.651,5.8234
3:42:52 PM,42.4675072,-82.8753216,,4.3153,89.3871,,-83.0388,,,68.1653,1.2093,0.2105,13.1779,8.6655,8.7887,13.0565,114.227,5.8005
3:42:53 PM,42.467509,-82.8752955,10.7185,4.3736,87.0609,96.1711,-128.0664,0.3712,1.2024,68.1406,1.2082,0.2108,13.2919,9.0919,8.9548,13.5652,111.7232,5.8005
3:42:54 PM,42.4675114,-82.8752675,,4.0237,85.3764,92.7349,-105.5595,0.3451,0.8076,68.124,1.207,0.2109,13.1192,10.638,8.8488,15.8842,110.823,5.8234
3:42:55 PM,42.4675137,-82.8752411,10.7841,4.2959,82.9643,90.4863,,0.4391,0.8385,68.1033,1.2052,0.2111,13.2159,11.357,8.9606,16.8841,109.7395,5.8406
3:42:56 PM,42.4675174,-82.8752132,,4.3736,79.2458,85.5104,-150.5424,0.295,0.8377,68.0912,1.204,0.2111,13.3522,15.4271,9.2047,22.6978,111.0215,4.6718
3:42:57 PM,42.4675212,-82.875191,10.9482,4.257,77.3378,81.5241,-101.8501,1.1935,1.3714,68.0838,1.203,0.2111,13.1146,16.259,9.047,23.9449,106.0094,3.48
3:42:58 PM,42.4675268,-82.8751643,,4.3931,74.5132,76.8616,-221.8653,0.2949,0.6812,68.0777,1.2018,0.211,13.3313,19.8068,9.349,28.8936,107.9992,3.1993
3:42:59 PM,42.4675333,-82.875134,8.6188,4.3153,71.5911,73.1669,-83.1453,1.1681,0.3199,68.0715,1.2005,0.2109,,,,,,3.0102
3:43:00 PM,42.4675402,-82.8751097,11.0138,,,,-128.1833,,,68.07,1.1993,0.2107,13.4641,20.1321,9.5023,29.1888,103.9597,0.0366
3:43:01 PM,42.4675495,-82.8750859,,4.4125,66.9043,67.7258,-83.2141,0.3641,0.9193,68.076,1.1982,0.2104,13.3151,25.5307,9.5256,37.0459,108.4151,2.4888
3:43:02 PM,42.4675586,-82.8750641,11.145,4.3931,66.062,63.305,-162.0244,-0.0316,1.3085,,,,13.1774,25.2919,9.398,36.801,100.9446,-8.9245
3:43:03 PM,42.4675718,-82.8750363,,4.3542,63.7072,59.1463,-64.5368,1.2777,0.4965,68.0874,1.1963,0.2098,13.392,34.0287,10.0729,48.0734,109.1279,7.3475
3:43:04 PM,42.4675832,-82.8750123,11.4403,4.432,62.5154,55.7052,-120.8196,-0.2373,0.0029,68.0985,1.195,0.2094,12.6454,26.1053,8.8943,38.7263,96.5849,
3:43:05 PM,42.4675961,-82.8749883,,4.4125,59.1292,51.8433,,0.6076,1.7268,68.1227,1.1931,0.2085,13.6378,31.9075,10.1705,45.1326,98.3814,-5.5211
3:43:06 PM,42.4676106,-82.8749601,11.2762,4.4903,58.2813,,-132.0714,0.4137,0.4383,68.1374,1.1917,0.208,12.462,32.2774,9.0126,47.5958,96.8792,-2.0547
3:43:07 PM,42.4676266,-82.8749355,,4.2376,53.8179,46.2401,-177.1127,,,68.1592,1.1904,0.2073,13.0716,32.6615,9.5937,47.3343,92.5944,-5.8305
3:43:08 PM,42.4676432,-82.8749127,11.2106,4.257,50.638,40.2923,-23.4557,-1.2533,0.8151,,,,13.5342,37.6069,10.2361,53.7904,93.5565,-8.3401
3:43:09 PM,42.4676596,-82.8748932,,4.6263,50.7068,38.3004,-38.4821,0.7316,1.0974,68.1952,1.1885,0.2063,12.722,35.3741,9.323,52.1829,87.0124,-5.3091
3:43:10 PM,42.4676738,-82.874872,11.145,4.743,50.3114,36.3202,-75.9467,0.3346,1.5606,68.2242,1.1873,0.2055,13.0409,36.5421,9.6503,53.5727,85.1373,-5.355
3:43:11 PM,42.4676898,-82.8748487,,4.7235,46.0314,33.7858,-75.9639,0.2121,0.7086,68.2484,1.186,0.2047,13.2806,36.2313,9.8511,52.827,83.4767,-12.1617
3:43:12 PM,42.4677055,-82.8748278,11.2762,4.3542,47.0284,,,,,68.2709,1.1848,0.2041,12.6847,30.4112,9.0009,45.5102,72.7465,1.2169
3:43:13 PM,42.4677229,-82.8748054,,4.8402,44.0834,32.3268,-49.7304,0.5113,1.3317,68.3,1.1835,0.2033,12.6456,38.6532,9.4053,57.1185,82.9489,-7.4806
3:43:14 PM,42.4677383,-82.8747843,11.3419,5.0734,45.447,28.4732,62.7423,0.0435,1.8101,68.337,1.1818,0.2022,11.586,39.422,8.4263,60.8263,81.9466,-4.633
3:43:15 PM,42.4677511,-82.8747671,,4.8013,46.8679,27.4039,-53.5257,-0.068,1.1162,68.3585,1.1807,0.2016,11.6471,41.6737,8.6591,63.421,84.1072,4.202
3:43:16 PM,42.4677698,-82.8747452,11.3747,4.8013,44.4673,26.0401,-83.5201,-1.0644,1.4578,,,,11.8642,36.18,8.4778,55.7024,74.4114,-5.8305
3:43:17 PM,42.4677891,-82.8747225,,5.0151,44.6735,23.2331,-12.2762,0.1617,1.4386,68.405,1.1788,0.2003,11.691,45.3442,8.9029,69.0848,87.1252,8.333
3:43:18 PM,42.4678092,-82.8746992,11.3419,5.2484,44.4042,23.4419,-8.505,-1.1963,1.6826,68.4393,1.1775,0.1994,11.71,30.8353,7.5553,52.602,63.578,-17.473
3:43:19 PM,42.4678275,-82.8746691,,5.7149,46.7992,,44.0203,0.2771,2.6346,68.4757,1.176,0.1984,11.3706,43.076,8.1746,71.8023,84.7671,0.1798
3:43:20 PM,42.4678473,-82.8746383,11.3419,6.0648,45.9971,23.6847,-30.9741,-0.0842,2.8597,68.5147,1.1735,0.1972,12.6037,34.4583,8.255,59.7548,69.0608,-0.8802
3:43:21 PM,42.4678715,-82.8746038,,6.9006,46.358,22.9018,-38.4753,0.6741,2.2836,68.5499,1.1718,0.1962,13.3413,43.0222,9.582,71.7973,84.4959,-1.2812
3:43:22 PM,42.4678968,-82.8745718,11.5715,7.1728,45.2178,21.8897,,,,68.589,1.1699,0.1951,13.7584,35.2347,8.9481,62.5073,68.8752,-18.0746
3:43:23 PM,42.4679249,-82.874542,,8.0475,43.0062,19.3123,-98.4708,0.2762,2.7995,68.6437,1.1681,0.1937,13.7444,38.8342,9.1914,69.668,77.3113,-6.2316
3:43:24 PM,42.4679535,-82.8745105,11.7028,7.7754,43.0406,19.0069,25.2537,0.6928,3.0563,68.6951,1.1662,0.1924,13.6967,39.3086,9.1403,71.6752,76.6455,-9.7209
3:43:25 PM,42.4679813,-82.8744786,,7.5421,43.0406,,-4.7578,1.0384,2.629,68.7463,1.1643,0.191,13.7458,38.0881,8.9909,70.5802,72.6393,-10.884
3:43:26 PM,42.4680093,-82.874445,11.7684,7.6004,43.0406,15.4679,58.9299,-0.6194,2.0909,68.7975,1.1623,0.1897,14.3337,39.5481,9.6567,70.9283,71.9784,
3:43:27 PM,42.4680374,-82.8744108,,7.9697,43.0406,17.755,-98.5636,-0.0854,3.083,68.8476,1.1603,0.1883,14.296,38.2243,9.4063,70.1162,70.4329,-9.2052
3:43:28 PM,42.4680657,-82.8743781,11.7684,7.9892,43.0406,16.3333,-4.8266,-0.3254,2.0012,68.9004,1.1583,0.187,14.283,36.1409,9.1285,67.3374,64.2096,-8.8214
3:43:29 PM,42.4680972,-82.8743396,,7.7754,43.0406,15.9244,-8.5634,-0.0881,1.9038,,,,14.4133,34.8314,9.0739,65.1285,60.7254,-8.8615
3:43:30 PM,42.4681268,-82.8743073,9.4718,8.0864,39.2247,15.8138,6.4355,0.1337,1.9116,68.9832,1.155,0.1848,14.3135,34.5656,8.9778,64.7607,62.9361,-6.5983
3:43:31 PM,,,,7.9892,41.2129,,,,,69.0636,1.1523,0.1828,14.2979,32.0803,8.6482,61.411,57.1567,-9.7667
3:43:32 PM,42.4681557,-82.8742766,7.9954,8.1447,38.9439,15.8138,,,,69.1217,1.1505,0.1813,14.289,30.3569,8.4286,58.957,55.2115,-5.4982
3:43:33 PM,42.4681852,-82.8742474,,8.0281,36.5776,,,,,69.1879,1.1486,0.1797,14.1643,40.3043,9.5505,73.6048,78.0304,-9.4172
3:43:34 PM,42.4682171,-82.8742179,8.914,7.7365,37.4027,,,,,69.2537,1.1467,0.1781,14.1937,34.4461,8.8587,64.995,65.5525,-4.7935
3:43:35 PM,42.4682494,-82.8741881,,7.581,37.4256,,,,,69.3204,1.1447,0.1765,14.1988,39.6624,9.5001,72.5425,76.912,-4.5987
3:43:36 PM,42.4682817,-82.8741579,7.9298,7.7754,36.5948,7.7391,-61.13,-0.1935,2.1537,69.4005,1.1426,0.1746,13.966,39.3546,9.314,71.9582,60.078,-11.2965
3:43:37 PM,42.46831912,-82.87412674,,6.7257,36.5948,7.3435,17.615,0.2964,1.5168,69.4717,1.1408,0.1729,,,,,,-11.2965
3:43:38 PM,42.46835163,-82.87409857,8.2579,8.0475,36.5948,6.8206,-34.8863,-1.4103,2.142,69.5369,1.1388,0.1713,14.1591,34.7092,8.9307,64.5247,48.5852,-11.6804
3:43:39 PM,42.46838335,-82.87406743,,8.1836,36.5948,,-113.6175,1.2963,2.4421,69.6062,1.1371,0.1697,14.4783,40.0023,9.8151,71.4826,59.5833,1.4403
3:43:40 PM,42.46841813,-82.87404058,8.8156,8.1641,36.5948,5.6861,-38.6265,-0.3048,1.8504,69.6829,1.1353,0.1679,14.2439,30.7561,8.4117,59.9917,38.5124,-22.7213
3:43:41 PM,42.46845319,-82.87401237,10.3576,7.5032,36.2625,4.4322,-31.1288,-0.4659,2.8745,69.752,1.1334,0.1663,14.492,41.8845,10.0218,74.8902,60.6906,-1.35
3:43:42 PM,42.46848549,-82.87398411,,7.4838,36.2625,3.3308,70.1232,-0.2181,2.0642,69.83,1.1315,0.1645,14.3623,37.5649,9.3352,69.7119,49.8888,-4.633
3:43:43 PM,42.46851953,-82.87395605,10.8825,7.9697,36.2625,,,,,69.9039,1.1295,0.1628,14.3528,37.7661,9.4458,68.5277,48.7508,-7.5265
3:43:44 PM,42.4685576,-82.8739224,,8.1836,35.9073,2.2472,51.3256,-0.6544,1.7365,69.9934,1.1274,0.1607,14.5987,39.2188,9.7729,70.8221,50.9388,2.7123
3:43:45 PM,42.4685932,-82.8738944,11.5715,8.6306,33.9764,4.0679,-16.1471,-0.3854,2.5721,70.0641,1.1255,0.1591,14.2717,32.2645,8.6089,62.2485,36.3085,-12.9696
3:43:46 PM,42.4686268,-82.8738632,,8.0475,34.7728,3.4393,17.6013,0.0359,3.0546,70.1339,1.1236,0.1575,14.0403,39.1808,9.3215,72.0986,52.913,-5.6243
3:43:47 PM,42.4686588,-82.873833,11.2106,8.1641,32.7789,3.3465,-38.6403,-0.2185,2.3832,,,,14.5883,34.4116,9.1882,63.8019,42.0482,-7.4463
3:43:48 PM,42.4686922,-82.8738048,,7.1533,33.73,1.4799,-4.916,-0.1149,2.3593,70.2415,1.1208,0.155,13.8125,40.2052,9.2176,75.3109,56.2289,
3:43:49 PM,42.4687235,-82.8737757,10.3904,7.7559,34.3947,4.5728,130.0912,-1.0014,1.724,70.3102,1.1189,0.1534,13.165,28.0059,7.1739,59.5091,24.0901,1.6237
3:43:50 PM,42.4687561,-82.873743,10.8497,7.0561,35.6609,1.1132,-12.4343,-1.9892,2.6231,70.3729,1.1171,0.1519,13.3335,43.3653,9.3032,79.7722,66.9374,-16.2068
3:43:51 PM,42.4687843,-82.8737111,11.4403,7.7365,35.8786,,-12.3656,-1.1138,2.6147,70.4325,1.1152,0.1505,13.1978,31.9097,7.7585,64.0483,30.4524,-0.5249
3:43:52 PM,42.4688144,-82.8736833,,10.9438,35.8729,7.102,,-1.9082,2.0004,70.4964,1.1134,0.1491,13.51,34.5842,8.2294,68.7236,59.2977,1.5205
3:43:53 PM,42.4688458,-82.8736453,10.5217,7.7754,35.8729,5.9146,2.6471,-0.9132,1.8955,70.5621,1.1112,0.1475,12.9804,18.9531,5.9345,45.2693,9.3905,25.8598
3:43:54 PM,42.4688788,-82.8736122,,9.0583,35.8729,7.5125,43.9069,-1.0019,1.8159,70.6273,1.1093,0.146,13.2017,45.9562,9.6351,80.0284,73.9125,-20.6472
3:43:55 PM,42.468905,-82.8735792,9.7999,7.5615,35.8729,7.0401,13.9022,,,70.6788,1.1075,0.1448,13.692,38.2502,8.9925,70.4987,56.9829,-12.2878
3:43:56 PM,42.4689338,-82.8735502,,7.0367,35.8729,8.3875,25.154,-0.7624,3.3892,70.7375,1.1057,0.1434,15.1686,47.6333,11.3263,81.6877,79.482,-11.8466
3:43:57 PM,42.468961,-82.873522,9.5374,7.9892,35.8729,11.7719,-38.5543,0.1162,2.0346,70.8001,1.1039,0.142,14.6902,26.609,8.3647,51.8697,38.6507,11.7249
3:43:58 PM,42.468991,-82.8734927,,6.5313,35.8729,,51.4081,-1.502,2.5903,70.8632,1.1021,0.1406,14.8424,42.3884,10.3688,74.7987,71.2211,-19.7362
3:43:59 PM,42.4690169,-82.8734631,10.0295,8.2419,35.8729,10.5077,,-1.268,2.1715,70.9445,1.0997,0.1387,15.0907,32.9716,9.4885,59.9445,54.5339,4.5687
3:44:00 PM,42.4690438,-82.8734331,,8.6501,35.8729,14.6083,17.7113,-1.7514,1.7437,71.0021,1.0979,0.1374,14.9983,43.267,10.63,75.2533,79.2875,-13.1071
3:44:01 PM,42.4690709,-82.873401,9.6686,8.689,37.8381,13.4758,13.9573,-1.2791,2.2808,71.0579,1.096,0.1361,14.7165,27.3391,8.4472,53.1401,44.4179,13.7704
3:44:02 PM,42.4690982,-82.8733639,,8.6501,39.5341,13.2614,-57.2729,,,,,,14.5436,40.9608,9.9281,73.8019,72.2919,-12.8034
3:44:03 PM,42.4691256,-82.8733333,9.6686,8.2419,38.5257,14.2599,-87.2535,0.0602,2.7238,71.1421,1.093,0.1341,14.9974,43.4166,10.6524,75.3848,77.4101,-14.041
3:44:04 PM,42.469156,-82.8733031,9.5374,7.9309,38.5257,13.3298,-38.4856,0.215,1.7117,71.2053,1.0911,0.1327,14.6944,25.2622,8.2649,49.3545,38.4173,19.9297
3:44:05 PM,42.46919,-82.8732736,,7.7559,38.5257,,-38.5165,-0.9903,2.1884,71.272,1.0894,0.1312,14.8105,42.7399,10.3688,75.7869,73.0007,-5.4466
3:44:06 PM,42.4692223,-82.8732449,11.145,7.9892,38.5257,10.0265,-34.7866,0.0518,1.9059,71.3532,1.0874,0.1295,,,,,,-3.5387
3:44:07 PM,42.4692578,-82.8732145,,7.581,38.5257,8.1602,-16.0405,-1.4528,2.353,71.429,1.0857,0.1278,14.6938,38.4062,9.7757,69.0298,58.246,-13.3878
3:44:08 PM,42.4692918,-82.8731839,11.7028,7.8337,38.5257,7.0378,,0.1718,2.0794,71.5063,1.0839,0.1262,14.4953,44.227,10.3753,77.0269,67.1172,-8.0421
3:44:09 PM,42.4693244,-82.8731573,,,,6.8942,-98.5361,-0.8612,2.0243,71.5864,1.082,0.1244,14.0858,40.9978,9.6109,74.047,59.6931,-13.2274
3:44:10 PM,42.4693548,-82.8731307,11.3747,7.717,38.5257,5.6205,-38.5509,0.5945,2.3362,71.6659,1.0802,0.1227,14.7636,42.8513,10.4139,74.6148,58.8724,
3:44:11 PM,42.4693868,-82.8731058,,8.1447,30.149,1.8781,-31.0807,-0.431,2.2606,71.7407,1.0786,0.1212,14.3216,37.691,9.3605,69.301,56.1043,-3.6017
3:44:12 PM,42.4694188,-82.8730783,11.998,8.6112,30.2865,,-12.3415,-0.3422,1.684,71.8204,1.0769,0.1195,14.1673,48.732,10.7108,83.8231,73.8079,-15.9547
3:44:13 PM,42.4694513,-82.8730516,,8.1836,30.361,359.9188,77.6656,,,71.8975,1.0751,0.1178,14.6725,30.605,8.6303,59.9464,230.0904,-4.2091
3:44:14 PM,42.4694858,-82.873024,12.1949,8.4946,29.2037,359.8701,-64.8668,-1.6279,2.5441,72.0126,1.0726,0.1154,14.1527,41.0283,9.5854,75.7468,97.9624,-7.6182
3:44:15 PM,42.4695143,-82.8729971,,8.3391,31.1001,357.887,-91.1278,0.31,2.1105,72.0799,1.071,0.114,13.3358,36.7712,8.3115,73.8413,322.8518,-0.3588
3:44:16 PM,42.4695474,-82.8729727,12.1949,8.3585,29.1177,356.3088,,-0.5235,2.2286,72.1634,1.0693,0.1123,13.5787,43.1381,9.4195,80.2914,48.3727,-21.4665
3:44:17 PM,42.469576,-82.8729502,12.1293,8.5529,29.1807,,-42.3737,-0.3831,2.1356,72.2346,1.0678,0.1108,13.3576,34.7378,8.0926,70.1427,33.5496,2.5117
3:44:18 PM,42.4696043,-82.8729317,,8.3196,27.2785,357.6415,-34.8691,-1.5166,2.2046,72.3084,1.0665,0.1093,13.5307,37.8312,8.6487,73.6485,45.9266,-2.5074
3:44:19 PM,42.4696419,-82.8729064,12.2605,8.2224,28.2354,353.3884,96.36,0.3138,1.7569,72.4056,1.0648,0.1073,13.12,44.6674,9.2838,83.4499,55.8868,-4.8851
3:44:20 PM,42.4696762,-82.8728836,,8.2419,27.1754,356.0956,43.8828,-1.9532,2.8076,72.4949,1.0632,0.1055,13.4514,37.9211,8.5959,74.0963,41.1895,-1.4073
3:44:21 PM,42.469714,-82.8728528,11.834,8.4751,29.3068,355.8781,92.6129,0.1309,1.8221,72.5823,1.0614,0.1037,13.6008,50.7763,10.5436,87.8779,70.13,-14.4593
3:44:22 PM,42.4697458,-82.8728272,,8.2808,30.5959,359.6894,47.6437,-0.7221,2.3412,72.6612,1.0598,0.1021,13.2261,33.6492,7.8621,68.773,29.1068,-4.1174
3:44:23 PM,42.4697798,-82.8727987,12.2605,8.2613,30.6017,,,,,72.7482,1.0579,0.1003,13.5518,43.6265,9.4574,81.3634,353.2782,-4.8164
3:44:24 PM,42.4698114,-82.8727735,12.1293,8.2808,29.5532,357.8844,-4.8575,0.627,2.2619,72.8278,1.0563,0.0987,13.1739,35.1393,7.9889,71.6458,26.4235,-7.9276
3:44:25 PM,42.4698447,-82.8727498,11.9324,8.0086,31.1001,358.2723,-1.0932,-0.0706,2.3886,72.9143,1.0547,0.097,13.0849,44.5083,9.2614,82.0641,58.6031,-9.486
3:44:26 PM,42.469876,-82.8727262,,8.7084,28.7739,356.7181,-23.607,0.2661,2.2986,72.9949,1.0532,0.0954,13.1484,42.8869,9.0672,80.7061,57.7693,-7.4806
3:44:27 PM,42.4699082,-82.8727048,12.1949,8.203,29.175,354.6834,40.1185,-0.4613,2.156,73.0807,1.0517,0.0937,12.6569,43.2007,8.7267,83.1485,55.7272,-8.1338
3:44:28 PM,42.4699397,-82.8726823,,8.0281,27.4389,,28.8702,-1.5509,2.8757,73.1629,1.0502,0.092,12.4996,43.1518,8.6117,83.0777,57.1095,-10.5402
3:44:29 PM,42.4699772,-82.8726548,12.3589,7.892,31.06,355.2829,-19.8495,0.548,2.0423,73.2546,1.0485,0.0902,12.2683,44.2297,8.579,85.9532,58.2188,16.383
3:44:30 PM,42.4700097,-82.8726272,,8.203,27.5936,356.8348,,-2.1308,2.9672,73.3351,1.0469,0.0886,13.6408,34.9406,8.3802,68.7878,35.6315,-31.4589
3:44:31 PM,42.4700414,-82.8726013,12.3261,7.9503,30.3037,356.3141,40.1391,1.4364,2.4641,73.4188,1.0451,0.0869,13.3432,31.8732,7.8352,64.0588,25.5365,14.796
3:44:32 PM,42.4700747,-82.8725729,,8.378,30.3037,357.3173,-16.0852,-0.9083,2.5513,73.5032,1.0434,0.0853,14.0359,37.6346,8.9906,72.4188,42.0301,-20.6816
3:44:33 PM,42.4701078,-82.8725475,12.3261,8.378,29.748,355.5515,-83.6094,-0.1673,1.6108,73.5907,1.0417,0.0835,13.4792,39.7079,8.8902,75.6154,43.9132,22.9835
3:44:34 PM,42.4701404,-82.8725262,,8.0281,27.3988,,-8.5909,,,73.6789,1.0403,0.0818,13.1241,47.0532,9.6244,86.5185,65.9105,-18.8252
3:44:35 PM,42.470174,-82.8725017,12.4902,7.717,25.743,357.0056,-16.1024,0.4932,2.3905,73.7701,1.0387,0.0801,12.2813,41.1847,8.1648,82.0875,54.6608,5.6286
3:44:36 PM,42.470206,-82.8724804,,8.2613,24.6658,354.3605,58.9024,-0.1913,2.3685,73.8549,1.0372,0.0784,12.6989,37.173,7.8708,77.1264,47.9267,
3:44:37 PM,42.4702439,-82.8724542,12.4902,8.5335,27.8286,355.3521,81.3371,-2.0734,2.9044,73.9609,1.0355,0.0764,11.478,47.9812,8.5587,94.9138,77.0441,-29.4765
3:44:38 PM,42.4702785,-82.8724289,,7.6587,28.4588,353.8476,-27.4126,0.2767,2.3543,74.0517,1.0338,0.0746,12.4502,30.7087,6.8211,68.7645,19.8461,19.9984
3:44:39 PM,,,12.4902,8.8056,29.4099,351.4337,,-2.417,1.6709,74.1366,1.0325,0.073,12.6173,51.1004,9.8295,92.6032,67.7945,-14.4249
3:44:40 PM,42.4703117,-82.8724052,,9,27.1639,353.2403,17.5944,-0.0904,2.7999,,,,12.606,27.0723,6.4335,63.095,3.4649,9.88
3:44:41 PM,42.4703441,-82.872381,12.3589,8.2224,27.5593,,10.1104,0.0457,1.8976,74.2684,1.0301,0.0705,12.5506,49.1064,9.4874,89.895,65.9163,-23.5292
3:44:42 PM,42.4703773,-82.8723559,,8.2419,28.5333,353.1229,40.1013,-0.1172,2.2008,74.3582,1.0285,0.0687,12.7897,37.4677,8.0106,76.2216,34.7655,2.4544
3:44:43 PM,42.4704081,-82.8723319,12.3589,8.1447,29.9199,353.7551,88.852,,,74.4416,1.027,0.0672,12.6776,39.5227,8.2306,78.5871,42.1483,-5.1544
3:44:44 PM,42.4704385,-82.8723082,,7.8726,29.6849,355.7674,47.6472,-0.2272,2.2343,74.5239,1.0254,0.0656,13.1307,41.7185,8.8857,79.5443,55.2396,1.383
3:44:45 PM,42.4704696,-82.872284,12.3589,9.1749,31.2892,359.0959,10.1585,-2.0338,2.174,74.6176,1.0238,0.0638,12.5121,45.9068,8.9995,86.8985,64.4549,-22.5781
3:44:46 PM,42.47050656,-82.87225642,,8.6112,31.3465,358.7803,-16.0818,-0.7847,2.4328,74.7092,1.0222,0.0621,12.8965,41.5695,8.6652,80.9453,54.645,10.9972
3:44:47 PM,42.47053858,-82.87222718,12.3589,8.2613,31.3465,358.6844,-91.0625,-0.3709,2.5585,74.7948,1.0204,0.0605,,,,,,-17.2037
3:44:48 PM,42.47057336,-82.87219936,,7.8726,30.5387,,,,,74.8898,1.0187,0.0587,12.6493,40.0429,8.2702,79.7464,52.2423,-6.8504
3:44:49 PM,42.47060418,-82.8721746,12.4902,8.4946,29.3698,358.3607,-91.059,-0.6498,2.015,74.9658,1.0173,0.0572,12.9293,39.7549,8.4476,78.1755,51.2429,-9.7839
3:44:50 PM,42.47063738,-82.87215104,,8.4363,27.3645,355.673,21.4206,0.2225,1.1996,75.0592,1.0158,0.0555,12.4711,38.9459,7.9549,80.2156,52.9495,-2.9027
3:44:51 PM,42.47067239,-82.87212928,12.2605,8.4751,26.3389,354.1777,-27.337,-1.1011,3.1391,75.1598,1.0143,0.0536,13.712,37.2671,8.6751,73.1592,41.8202,-5.7159
3:44:52 PM,42.4707098,-82.8721054,,8.2613,28.3557,,-4.8747,0.3341,1.6796,75.2677,1.0127,0.0517,13.6397,45.6847,9.8158,83.8487,61.279,10.6019
3:44:53 PM,42.4707455,-82.8720795,12.4245,9.5054,23.1418,350.8977,-57.3691,-1.0332,2.4884,75.428,1.0103,0.0487,13.9344,26.7033,7.4962,56.6487,7.6404,-22.8416
3:44:54 PM,42.4707835,-82.8720569,,8.7667,26.2071,351.4404,,,,75.5269,1.0087,0.0469,13.7552,48.5636,10.3245,87.1996,62.1708,-20.7733
3:44:55 PM,42.4708176,-82.8720326,12.6214,8.514,26.1956,349.2316,10.107,0.78,2.4774,75.6298,1.0072,0.045,13.2844,49.2,10.0588,88.6996,59.0256,-4.1403
3:44:56 PM,42.4708537,-82.8720094,,8.1058,28.3614,350.7832,66.3657,-1.2464,1.9714,75.7343,1.0057,0.0431,14.0757,51.0514,10.9517,88.2878,61.5229,-7.8072
3:44:57 PM,42.4708891,-82.8719851,12.4245,8.4946,28.2984,351.8613,13.8782,0.6195,2.4617,75.8323,1.004,0.0413,13.0706,44.4731,9.2113,83.7712,49.0951,-5.6243
3:44:58 PM,42.4709234,-82.8719595,,8.689,28.5505,,96.3841,-1.1223,2.4995,75.9236,1.0025,0.0397,14.0793,42.5654,9.694,79.2436,41.2603,-13.0613
3:44:59 PM,42.4709591,-82.871931,12.4902,8.4751,29.261,354.1408,-76.1014,1.3211,2.337,76.0123,1.0011,0.0381,12.8868,43.071,8.8424,84.4126,50.7469,-4.1919
3:45:00 PM,42.4709933,-82.8719054,,8.5723,29.6792,354.7147,21.4068,0.3703,1.6195,76.1164,0.9993,0.0362,12.7642,39.9346,8.2756,81.9234,41.5664,
3:45:01 PM,42.4710256,-82.8718797,12.6214,8.2613,28.4244,356.8763,,,,76.2117,0.9977,0.0345,13.5225,38.8647,8.7395,76.1421,41.5554,-8.1224
3:45:02 PM,42.471059,-82.8718552,,8.5335,28.6307,,-132.3051,-1.8198,2.9093,76.3137,0.9962,0.0326,13.2467,42.4832,9.0485,81.3889,58.8065,-6.0597
3:45:03 PM,42.4710932,-82.8718308,12.6214,8.4363,29.2323,353.6782,13.9229,1.8153,2.293,76.4176,0.9946,0.0308,12.8726,21.9394,6.0029,53.2456,355.9992,23.6883
3:45:04 PM,42.4711283,-82.8718062,,8.3391,29.2323,354.7611,70.1678,-0.9808,1.9194,76.518,0.9932,0.029,13.0508,44.8132,9.2994,81.5373,54.5815,-13.5368
3:45:05 PM,42.4711627,-82.8717838,12.687,8.3585,29.2323,351.3792,242.6259,-0.8693,2.5501,76.6113,0.9916,0.0273,13.3383,31.5084,7.642,65.8094,12.1451,14.9564
3:45:06 PM,42.4711945,-82.8717564,,8.4168,32.9795,,,,,76.7181,0.99,0.0255,13.374,50.505,10.3235,88.6014,66.3507,-8.2369
3:45:07 PM,42.4712335,-82.8717258,12.6214,8.3391,35.6781,354.6824,111.3967,-2.5674,2.9792,76.8253,0.9885,0.0236,13.2262,47.5755,9.7758,87.0858,57.5071,-11.3195
3:45:08 PM,42.4712685,-82.8717021,12.6214,9.2916,36.5203,,,,,76.9172,0.9867,0.0219,13.2579,28.9104,7.1985,62.9211,4.1506,18.0847
3:45:09 PM,42.4713017,-82.8716703,,7.1728,36.5203,,,,,77.0071,0.985,0.0204,13.2508,55.4895,10.9389,93.4576,70.0203,-24.3485
3:45:10 PM,42.4713324,-82.8716397,12.687,8.6306,36.5203,,,,,77.1039,0.983,0.0187,13.9746,31.559,8.0721,64.9693,11.0005,-4.5414
3:45:11 PM,42.4713667,-82.8716043,,8.0864,36.5203,,,,,77.1928,0.9812,0.0171,14.1242,50.2849,10.9146,84.5222,,-12.3451
3:45:12 PM,42.471397,-82.871574,12.687,7.6199,36.5203,355.9401,-53.4638,-1.2527,2.4797,,,,14.2994,34.0489,8.9708,63.1865,22.2715,-5.4237
3:45:13 PM,42.4714266,-82.8715418,,8.6306,36.5203,5.5681,14.0432,-0.7102,2.5162,77.3189,0.9786,0.0149,14.2243,32.51,8.7453,60.9458,136.839,9.6565
3:45:14 PM,42.4714581,-82.8715135,12.8182,8.1447,36.5203,,-94.7237,-1.165,2.8303,77.4098,0.977,0.0133,14.4531,35.1502,9.1523,65.3902,53.8296,9.9373
3:45:15 PM,42.4714908,-82.871487,,8.2419,35.8901,5.0814,,,,77.5047,0.9754,0.0117,14.3295,48.557,10.8014,83.9688,75.6642,-28.6342
3:45:16 PM,42.4715275,-82.8714529,12.8182,8.5918,35.9187,2.3987,62.7423,1.223,1.5078,77.5987,0.9738,0.0101,14.4442,28.9948,8.4148,56.3104,28.4195,-6.8848
3:45:17 PM,42.471562,-82.8714231,,,,2.9083,21.4859,-2.458,2.3863,77.7002,0.972,0.0083,14.166,48.3005,10.6297,84.2936,71.4353,-1.1437
3:45:18 PM,42.4715938,-82.87139,12.7526,8.5723,35.913,3.7224,92.7298,-0.3984,2.0359,77.7971,0.9702,0.0067,14.3078,31.6876,8.4637,62.6224,34.0495,1.9044
3:45:19 PM,42.4716244,-82.8713618,,8.3196,35.913,,107.739,-2.5502,2.2568,77.934,0.9676,0.0044,14.4231,50.4497,11.178,84.2214,76.6278,-15.6739
3:45:20 PM,42.4716523,-82.8713259,12.8182,6.9978,35.913,6.1434,70.271,-0.3063,2.521,78.0113,0.9657,0.003,14.5687,34.8301,9.1341,65.6394,51.2564,-20.4409
3:45:21 PM,42.4716801,-82.871297,,7.9892,35.913,7.9175,-60.9684,-1.2738,1.6006,78.0928,0.964,0.0017,14.7466,44.9676,10.712,76.6262,70.8377,-13.5082
3:45:22 PM,42.4717119,-82.8712624,12.8182,8.0086,35.913,8.9159,-49.6961,-0.4659,2.5193,78.1768,0.9623,0.0003,,,,,,-5.3836
3:45:23 PM,42.4717416,-82.8712311,,8.2808,35.913,11.325,-79.6595,,,78.2637,0.9606,-0.0012,14.3865,37.5124,9.3543,69.4734,59.3453,-12.1503
3:45:24 PM,42.4717701,-82.8712002,12.8511,8.0281,39.8549,,-75.902,0.0449,1.9654,78.3473,0.9589,-0.0026,14.3742,38.9514,9.5127,71.7949,64.3857,-3.172
3:45:25 PM,42.4718002,-82.8711708,12.9167,8.3391,39.8779,10.8785,-90.9112,-0.9462,2.2808,78.4381,0.9573,-0.0041,14.2296,34.7742,8.8463,66.5518,53.3259,-9.1365
3:45:26 PM,42.471832,-82.8711403,,8.1058,36.5432,9.5905,-64.664,-0.2214,2.3896,78.5349,0.9556,-0.0057,13.7609,38.9546,9.0065,73.8609,63.2192,
3:45:27 PM,42.4718638,-82.8711112,12.8511,8.8445,35.5578,9.123,14.0913,-1.8277,3.3693,78.6313,0.954,-0.0073,13.9264,34.4924,8.5213,67.7444,56.0771,-5.1029
3:45:28 PM,42.4718973,-82.8710826,,8.4168,35.7583,7.6325,44.0857,0.9899,2.3298,78.7348,0.9523,-0.009,13.9617,46.2925,10.1821,82.3988,80.6897,-30.8459
3:45:29 PM,42.471927,-82.8710476,12.8511,7.9309,36.4974,8.4347,,-1.8151,2.2228,78.8233,0.9504,-0.0105,13.3326,19.9095,6.418,45.0254,16.2884,16.0851
3:45:30 PM,42.4719628,-82.8710168,,7.5421,36.4974,8.1378,167.8239,,,78.9239,0.9489,-0.0121,14.0551,45.1784,10.1245,79.9581,75.0098,-16.3386
3:45:31 PM,42.4719934,-82.8709846,12.9823,8.3585,36.4974,10.1408,126.5641,-0.1409,2.9817,79.0164,0.9471,-0.0136,13.7087,40.968,9.2028,77.5944,68.9211,-8.7354
3:45:32 PM,42.472023,-82.8709517,,8.3196,38.0902,,70.295,-1.0745,2.7376,79.1054,0.9454,-0.0151,14.2982,36.9132,9.1268,70.2057,61.3059,-7.9447
3:45:33 PM,42.4720508,-82.8709167,13.0479,8.0669,43.4302,13.4114,2.819,-0.4353,1.9552,79.1871,0.9435,-0.0164,14.4602,37.3839,9.3631,69.665,60.8269,-12.9925
3:45:34 PM,42.4720787,-82.8708816,,7.9892,41.5108,16.4739,-30.8882,-1.0599,2.2155,79.2695,0.9417,-0.0177,13.9049,28.8565,7.8649,58.5675,46.5113,1.2398
3:45:35 PM,42.4721048,-82.8708484,13.0479,7.7754,41.9978,16.8108,-132.1332,-0.0812,2.5261,79.3467,0.9399,-0.0189,14.2004,36.7703,9.094,69.1865,65.9303,-10.5173
3:45:36 PM,42.4721322,-82.8708128,,7.9503,42.0322,15.9559,-184.6036,-1.7177,3.0802,79.4277,0.9381,-0.0202,14.3565,28.4458,8.1762,56.7591,46.3495,14.2058
3:45:37 PM,42.4721621,-82.8707774,13.1135,8.378,36.887,11.9695,-214.6392,0.64,2.0929,79.5181,0.9362,-0.0217,14.5209,43.9717,10.2685,79.0588,85.1069,-20.1717
3:45:38 PM,42.4721966,-82.8707409,,8.0864,32.7732,,,,,79.625,0.9343,-0.0234,13.9771,18.6778,6.8408,40.8682,22.3057,-20.7389
3:45:39 PM,42.4722322,-82.870708,13.0479,9.0777,32.8534,7.1467,-98.4227,0.1788,1.4353,79.7381,0.9324,-0.0252,14.3141,47.1289,10.5319,84.9212,84.8088,18.7608
3:45:40 PM,42.4722681,-82.8706777,,8.514,27.5707,6.9667,-98.4124,0.3599,2.3673,79.8435,0.9309,-0.0268,14.3778,32.0674,8.389,65.4951,50.3959,-21.1571
3:45:41 PM,42.4723012,-82.8706505,13.1135,7.5032,31.1517,1.15,-45.9971,0.3429,2.518,79.9511,0.9293,-0.0285,13.9291,46.9205,10.2365,83.661,73.4631,-7.3661
3:45:42 PM,42.4723327,-82.8706256,,8.3974,31.1517,357.5349,17.7147,-0.5255,2.5395,80.0534,0.9279,-0.0301,13.8547,38.7916,9.0171,74.2785,325.0836,-8.8214
3:45:43 PM,42.4723653,-82.8705983,13.0479,8.3974,31.1517,355.1463,25.154,-0.8033,2.2691,80.1598,0.9264,-0.0318,13.3771,38.8568,8.6026,77.3105,32.491,1.3429
3:45:44 PM,42.4724018,-82.8705698,,8.514,28.9859,,-12.3209,0.3707,2.9913,80.2682,0.9249,-0.0335,13.8694,46.5464,10.1265,83.8477,59.1547,-10.3855
3:45:45 PM,42.4724366,-82.8705446,13.1135,9.0777,29.4214,356.8633,92.6473,-0.4477,1.6357,80.3863,0.9235,-0.0354,13.544,40.8023,9.0016,79.4828,47.8401,-9.7667
3:45:46 PM,42.4724725,-82.8705161,,8.4363,29.2839,357.7089,,,,,,,14.0437,39.0372,9.1945,74.1529,44.5408,-7.5609
3:45:47 PM,42.4725086,-82.8704892,13.1135,8.9417,29.8339,358.4056,2.6539,-1.8362,3.8496,80.5598,0.9212,-0.0381,14.7731,49.9019,11.325,86.2393,71.1741,15.3173
3:45:48 PM,,,13.1135,8.0864,29.0948,359.4204,-19.8392,-0.7671,2.1287,80.681,0.9196,-0.0399,15.028,28.3278,8.5977,56.0386,22.7039,-29.2874
3:45:49 PM,42.4725416,-82.8704618,,8.1058,28.8542,359.7898,291.3972,-1.3864,1.2869,80.7793,0.9182,-0.0414,14.4797,45.8629,10.5438,80.2579,61.3314,
3:45:50 PM,42.4725761,-82.8704344,13.1135,8.0475,28.8542,,133.883,-1.589,3.4806,80.8938,0.9167,-0.0432,14.7688,32.2444,8.8997,62.2985,35.2263,5.8234
3:45:51 PM,42.4726061,-82.870405,,8.2613,28.8542,2.409,51.4012,-1.5835,2.6707,80.9905,0.9151,-0.0447,14.767,40.567,10.0759,72.3855,149.0574,-28.3478
3:45:52 PM,42.472636,-82.8703765,13.1135,8.3002,28.8542,5.0652,-38.544,-0.6276,1.7965,81.139,0.9129,-0.0469,14.8057,38.3514,9.8636,68.6487,68.5673,-10.6892
3:45:53 PM,42.4726651,-82.8703479,,8.3196,28.8542,8.781,-113.5075,-1.1602,2.4295,,,,15.0137,34.4771,9.4635,63.9064,59.5493,3.1535
3:45:54 PM,42.4726961,-82.870315,13.1135,8.4946,36.2339,8.5985,,,,81.2973,0.9102,-0.0493,15.1933,38.376,10.1601,68.1817,59.4988,-10.4371
3:45:55 PM,42.47272859,-82.87028079,13.1135,7.9309,38.434,6.916,-113.5006,-0.5326,2.2161,81.3949,0.9086,-0.0508,15.0826,37.3462,9.9385,67.0157,51.3912,-9.2224
3:45:56 PM,42.47276184,-82.87024808,,8.1058,38.434,5.591,-60.9994,-0.0656,2.3781,81.5063,0.9069,-0.0524,14.9782,36.6042,9.7582,66.2425,46.3495,-9.1823
3:45:57 PM,42.47279645,-82.87022218,13.0479,7.9114,38.434,,-79.7488,-0.237,2.1087,81.6268,0.9054,-0.0542,15.1674,38.1492,10.1588,67.2587,47.8558,-4.3638
3:45:58 PM,42.47283061,-82.87019495,,7.5032,32.1086,2.3854,21.4481,0.7897,1.9624,81.7451,0.9039,-0.056,14.5898,37.0266,9.4894,67.7968,46.1825,-26.3195
3:45:59 PM,42.47286255,-82.87016613,13.1135,8.8445,31.3809,3.6395,-91.0315,-1.1484,2.7686,81.8425,0.9025,-0.0575,15.511,38.1203,10.3843,67.2324,51.0054,-0.4676
3:46:00 PM,42.4728948,-82.8701356,,8.4751,31.0486,357.1123,55.1896,0.419,1.9406,81.9521,0.9009,-0.0591,14.8287,39.9399,10.027,71.6983,329.4409,-18.4757
3:46:01 PM,42.4729321,-82.8701049,13.1135,8.4557,31.0486,357.555,2.678,-2.7454,2.7766,82.0817,0.8993,-0.061,15.2938,33.1054,9.3942,62.7714,24.1479,11.341
3:46:02 PM,42.4729634,-82.8700784,,8.8445,28.1609,354.8098,32.6414,-0.0783,2.0304,82.1901,0.8979,-0.0626,,,,,,-11.8065
3:46:03 PM,42.472997,-82.8700529,13.1791,8.4946,28.1609,356.91,,,,82.3085,0.8965,-0.0643,14.818,34.8943,9.2591,66.2795,31.5211,-6.7358
3:46:04 PM,42.4730273,-82.8700254,,8.3002,31.9424,357.5753,17.646,-1.6917,2.359,82.4134,0.895,-0.0659,15.2984,43.3961,10.8029,76.6418,53.8611,-10.4772
3:46:05 PM,42.4730598,-82.8699986,13.1791,8.6501,32.2919,,36.3954,-1.0216,2.4178,82.5271,0.8936,-0.0675,14.8405,43.7213,10.4956,77.7613,54.4759,-10.6892
3:46:06 PM,42.4730926,-82.8699741,,8.3391,32.6872,359.3609,-23.5864,-1.2423,2.4541,82.643,0.8922,-0.0692,14.9659,41.0802,10.2461,73.7001,48.3697,-9.2224
3:46:07 PM,42.4731253,-82.8699485,13.2448,8.3974,33.9649,1.3161,-31.0738,-0.389,1.9266,82.7596,0.8909,-0.0709,14.6412,41.9899,10.1136,75.5796,116.542,-6.9994
3:46:08 PM,42.4731551,-82.8699259,,8.825,30.7793,3.0787,73.9425,-1.4471,2.2103,82.9275,0.8889,-0.0734,14.8637,38.4058,9.8526,69.5843,57.1228,-40.1049
3:46:09 PM,42.4731918,-82.8698946,13.1791,8.7084,31.7018,2.5115,,,,83.0394,0.8873,-0.075,14.9085,52.7067,11.8678,87.9719,82.681,3.5201
3:46:10 PM,42.4732233,-82.8698639,13.1791,8.5918,31.7018,6.4754,88.9483,-0.3193,2.7568,83.1521,0.8858,-0.0766,14.8126,32.3571,9.028,61.4159,41.863,-13.0842
3:46:11 PM,42.4732543,-82.8698329,,8.689,31.7018,8.1003,100.2034,-1.0001,2.3831,83.2522,0.8842,-0.078,15.2069,46.9864,11.3423,78.6176,73.0206,26.9885
3:46:12 PM,42.4732827,-82.8698003,13.2448,6.2397,31.7018,12.0013,36.4951,-2.361,2.9288,83.3518,0.8824,-0.0793,15.0115,22.7457,8.2685,44.584,31.4731,-16.6308
3:46:13 PM,42.4733117,-82.8697626,,7.5421,31.7018,,-98.4846,-0.0306,2.3356,,,,14.8801,44.9583,10.7746,77.3763,80.8959,
3:46:14 PM,42.4733413,-82.8697312,13.1791,8.8833,31.7018,13.8799,-169.7112,-0.6568,1.7456,83.5064,0.8799,-0.0815,14.6458,26.3025,8.3906,50.6652,48.1316,9.1409
3:46:15 PM,42.4733706,-82.8696991,,7.9697,31.7018,11.0298,-158.4664,-0.107,2.7577,83.61,0.8783,-0.0829,14.6454,39.3535,9.8577,70.4029,70.6253,-13.8061
3:46:16 PM,42.4734031,-82.8696747,13.1791,7.6587,31.7018,5.4411,-61.0028,1.0527,2.3355,83.7288,0.877,-0.0846,15.1367,37.882,10.0682,67.3915,61.1019,-13.5998
3:46:17 PM,42.4734375,-82.8696447,,7.406,29.5016,,,,,83.8873,0.8748,-0.0868,15.1594,27.8648,8.8405,53.2693,33.5418,6.7631
3:46:18 PM,42.473467,-82.869617,13.1791,8.2808,27.9546,1.5865,-113.535,-0.3053,2.1974,84.0022,0.8736,-0.0884,15.2552,38.1917,10.1688,68.0573,236.527,-6.5582
3:46:19 PM,42.4734987,-82.8695942,,8.2613,25.892,356.3033,-199.8122,0.4297,2.5883,84.1229,0.8724,-0.0901,14.6035,39.0555,9.7083,71.4014,10.5271,-9.5548
3:46:20 PM,42.4735317,-82.8695738,13.1135,8.2613,21.8583,354.2465,-132.3189,-0.0151,2.205,84.2472,0.8715,-0.0919,14.3832,38.0135,9.3846,70.711,39.6431,-6.6842
3:46:21 PM,42.473565,-82.8695582,,8.2808,22.9011,345.3545,40.0704,-0.4344,2.7834,84.3695,0.8705,-0.0937,13.2941,44.2133,9.3564,82.2258,54.8954,-11.8237
3:46:22 PM,42.4735975,-82.8695414,13.1791,8.8833,21.6463,345.2465,163.8018,-1.739,2.1868,84.5006,0.8696,-0.0955,13.6401,40.7354,9.1119,77.6506,36.458,-7.8874
3:46:23 PM,42.4736326,-82.8695219,,8.5335,23.1188,,81.289,-0.8017,2.1564,84.6427,0.8683,-0.0975,13.2095,43.8686,9.2025,84.1351,41.5686,-9.2224
3:46:24 PM,42.4736733,-82.8694955,13.2448,8.7862,25.7774,346.2364,13.7785,-1.3059,2.4949,84.7792,0.8671,-0.0995,13.1215,45.9921,9.4466,87.4906,47.8919,-17.3069
3:46:25 PM,42.4737082,-82.8694723,,8.825,24.9752,,,,,84.91,0.8659,-0.1013,13.3713,37.969,8.4388,77.1202,22.5614,-3.1949
3:46:26 PM,42.4737418,-82.8694503,13.2448,8.7278,25.5138,,,,,85.0374,0.8648,-0.1031,13.4221,37.7977,8.4357,77.1995,21.8539,-5.7389
3:46:27 PM,42.4737758,-82.8694283,,8.4751,27.628,,,,,85.1657,0.8636,-0.1048,13.3894,41.9091,9.023,82.3866,31.8501,-10.7179
3:46:28 PM,42.4738074,-82.8694033,13.1791,8.1641,29.9657,346.7845,-4.9641,-0.6488,2.2363,85.2863,0.8623,-0.1065,13.4101,42.7489,9.1802,82.5433,33.0682,-30.4505
3:46:29 PM,42.4738409,-82.8693772,13.1791,8.3002,24.4882,,,,,85.4106,0.861,-0.1082,13.4681,34.8222,8.1152,71.3869,13.5173,3.3196
3:46:30 PM,42.4738747,-82.8693492,,8.2419,24.4882,,,,,85.5387,0.8596,-0.1099,13.3862,47.3061,9.856,86.6077,49.6221,-19.9196
3:46:31 PM,42.4739139,-82.8693188,13.1791,9.2332,32.6701,,66.3107,-1.9691,2.1157,,,,13.4708,38.4373,8.6564,75.3298,21.9705,-9.8011
3:46:32 PM,42.4739504,-82.8692921,,,,356.3928,,,,85.7367,0.8575,-0.1126,13.0954,40.2139,8.6408,78.0953,46.9083,-2.4845
3:46:33 PM,42.4739839,-82.8692664,13.1791,8.3585,32.7044,359.3675,-27.3885,-0.9099,2.4128,85.8764,0.8562,-0.1145,13.9879,41.9544,9.5751,77.5916,338.116,-13.1243
3:46:34 PM,42.4740168,-82.8692408,,8.378,33.0253,359.3038,36.3679,-0.1261,2.2797,86.0041,0.8549,-0.1162,14.6379,42.6525,10.22,76.0348,195.7274,-9.5548
3:46:35 PM,42.474049,-82.8692141,13.2448,8.3002,32.7617,0.6982,66.3691,-1.0263,1.8274,86.1319,0.8536,-0.1179,15.0275,39.2767,10.1097,70.223,77.2053,-4.0945
3:46:36 PM,42.4740824,-82.8691821,,8.1058,35.4031,2.854,36.4023,-1.2437,2.6957,86.2512,0.8523,-0.1195,14.9035,38.3385,9.8728,69.4528,50.7211,-7.2114
3:46:37 PM,42.4741145,-82.869154,13.1791,8.0669,35.1109,,17.6494,-1.3862,2.4264,86.3821,0.8507,-0.1212,14.9833,38.9294,10.0415,69.6521,50.4966,
3:46:38 PM,42.4741448,-82.869121,,8.1253,37.2709,3.4793,-34.8106,-1.0342,2.7225,86.5008,0.8493,-0.1227,14.9088,32.6163,9.167,61.2375,41.7369,1.5205
3:46:39 PM,42.4741797,-82.8690902,13.2448,8.1058,34.6238,4.8986,-8.5703,-0.5888,1.9372,86.6218,0.8478,-0.1243,,,,,,-16.1323
3:46:40 PM,42.4742094,-82.8690564,,8.1641,36.0734,7.1388,-57.2797,-1.0572,2.1123,86.7442,0.8464,-0.1259,14.7333,31.824,8.867,61.1839,37.9226,13.6271
3:46:41 PM,42.4742437,-82.8690265,13.2448,8.1253,35.7239,5.4452,-61.0131,0.6316,2.5502,86.8611,0.8448,-0.1273,15.1581,41.0258,10.4167,72.7804,60.5809,-16.562
3:46:42 PM,42.4742763,-82.8689959,,8.5529,35.7296,4.9907,-34.7728,-1.1901,2.6296,86.9981,0.8434,-0.1291,14.3833,40.5089,9.7354,73.6769,60.9206,2.7925
3:46:43 PM,42.4743094,-82.8689636,13.2448,8.1641,35.7296,,,,,87.1254,0.842,-0.1307,15.1917,46.8398,11.2603,79.7767,70.3808,-14.253
3:46:44 PM,42.4743421,-82.8689323,,8.1253,35.7296,4.3116,-31.0257,0.5197,2.1285,87.2564,0.8405,-0.1324,15.0537,26.9711,8.5309,53.1605,25.9784,-1.3901
3:46:45 PM,42.4743736,-82.868903,13.3432,8.4751,35.7296,1.9955,55.1827,-0.6859,1.4103,87.3878,0.839,-0.1341,15.4055,44.0806,11.0336,76.2453,59.546,-4.7706
3:46:46 PM,42.4744064,-82.8688757,,8.5918,34.4348,3.281,28.9493,-1.0884,2.3641,87.5143,0.8376,-0.1357,14.9797,36.4858,9.6018,68.0733,46.2839,-5.0857
3:46:47 PM,42.4744433,-82.868842,13.1791,8.6112,34.8358,,-27.3266,0.2427,2.2389,87.7254,0.8354,-0.1383,14.8613,47.28,11.023,82.0956,68.531,-5.4868
3:46:48 PM,42.4744773,-82.8688112,,8.3002,35.6208,2.6546,-31.0841,-2.1839,2.7541,87.8626,0.834,-0.1401,14.9583,24.7079,8.1677,49.9522,17.4082,-19.5586
3:46:49 PM,42.4745096,-82.8687807,13.3104,8.4751,35.2254,359.8893,47.654,0.352,1.9186,87.9797,0.8327,-0.1415,14.805,47.3853,11.0092,81.7541,65.016,6.0412
3:46:50 PM,42.4745442,-82.8687503,13.3104,8.6306,32.9795,3.1263,-8.5944,-1.3222,1.5351,88.1195,0.8313,-0.1433,14.7795,26.1039,8.2051,52.4248,116.4709,-28.2103
3:46:51 PM,42.4745774,-82.8687213,,8.0086,32.8706,,,,,88.2542,0.8299,-0.145,14.827,45.5923,10.7573,79.9454,76.5426,-4.0257
3:46:52 PM,42.4746098,-82.8686954,13.2448,8.6695,32.4695,1.7002,-1.076,-0.2989,2.2517,88.3862,0.8287,-0.1467,14.5651,37.4234,9.3691,70.8603,48.5587,-7.6182
3:46:53 PM,42.4746421,-82.8686693,,8.1253,33.0253,0.3324,-76.098,-0.4628,2.1853,88.5182,0.8275,-0.1483,14.3133,38.8324,9.4054,72.6013,48.1884,-8.6495
3:46:54 PM,42.474676,-82.8686412,13.2448,8.9028,33.0482,359.502,-38.5887,-0.4394,1.9697,88.6571,0.8262,-0.1501,14.8671,41.2234,10.1335,75.2016,277.3201,-9.0792
3:46:55 PM,42.4747128,-82.8686117,,7.9503,30.2579,359.7268,-72.3405,-0.9325,2.8057,88.8084,0.8249,-0.1519,15.1406,43.3941,10.6838,76.8072,106.1562,-17.3355
3:46:56 PM,42.4747443,-82.8685834,13.1791,8.0864,30.4642,358.233,13.916,0.6308,2.3907,,,,14.4868,31.4073,8.5249,62.3211,322.5015,-17.8569
3:46:57 PM,42.4747773,-82.8685585,,8.514,30.4928,,25.1334,-0.0532,1.7532,89.0089,0.823,-0.1544,14.8294,42.4652,10.3252,75.8509,43.4507,-7.4291
3:46:58 PM,42.4748088,-82.8685321,13.0479,7.8142,30.573,355.8734,28.8771,0.1768,2.5524,89.2054,0.8212,-0.1569,14.5554,48.5418,10.979,83.4976,61.9437,9.6565
3:46:59 PM,42.4748412,-82.8685038,,8.3002,30.5215,355.7838,-16.1127,-1.0992,2.8607,89.3259,0.8201,-0.1583,14.7171,34.1033,9.0993,65.0734,29.3848,-10.6205
3:47:00 PM,42.4748742,-82.8684757,13.3432,8.3391,30.5215,355.8421,10.1104,-0.4914,2.4149,89.4648,0.8188,-0.16,14.7154,50.2785,11.3671,84.7002,65.3654,
3:47:01 PM,42.4749064,-82.8684452,,8.3391,30.5215,356.7416,32.6105,-0.984,1.6266,89.5986,0.8175,-0.1616,14.7894,28.1814,8.479,55.4617,17.4861,6.3506
3:47:02 PM,42.4749428,-82.8684202,13.3432,8.1447,30.5215,359.9873,,,,89.7515,0.8163,-0.1636,14.218,41.9526,9.7946,76.033,53.9466,-19.1862
3:47:03 PM,42.4749772,-82.8683934,13.4088,8.825,31.7877,356.6155,-42.3909,-1.6238,2.3653,89.8963,0.8151,-0.1653,14.255,47.6316,10.6092,83.0835,61.9785,-11.5773
3:47:04 PM,,,,8.5335,31.272,355.9817,40.0944,0.2803,3.4745,90.0449,0.8138,-0.1671,14.8753,42.177,10.2929,76.0115,47.4921,21.9121
3:47:05 PM,42.4750119,-82.8683634,13.4088,8.5529,28.9859,,-23.6345,0.093,1.5024,90.192,0.8125,-0.1689,14.376,24.8111,7.8128,50.5459,13.3466,2.6263
3:47:06 PM,42.4750472,-82.8683336,,8.5529,28.9859,357.0948,85.122,-2.0143,2.5094,90.3403,0.8113,-0.1707,14.0136,44.7826,9.9915,81.1082,60.8261,-30.3016
3:47:07 PM,42.4750819,-82.8683057,13.4744,9.0389,28.9859,0.0069,28.8668,0.0059,2.9082,90.4849,0.8099,-0.1724,14.739,39.6514,9.8528,72.6632,133.5223,21.0011
3:47:08 PM,42.4751158,-82.8682739,,8.2224,28.9859,358.7696,,-0.663,1.58,90.6303,0.8086,-0.1741,14.2709,42.1606,9.852,76.4758,317.3305,-18.7163
3:47:09 PM,42.4751498,-82.8682452,13.4088,8.2419,28.9859,2.4897,10.1585,0.1158,2.412,90.7556,0.8074,-0.1756,14.5554,35.7156,9.2079,67.3357,89.3043,-2.9027
3:47:10 PM,42.4751822,-82.8682145,,8.5723,28.9859,3.8885,-16.0921,0.3985,2.4538,90.9059,0.806,-0.1774,14.4219,38.6926,9.4862,71.8797,61.2241,-11.9211
3:47:11 PM,42.4752172,-82.86818246,13.4744,8.825,35.1681,3.5681,55.1655,-0.4149,2.3194,91.0485,0.8048,-0.179,14.6444,41.7819,10.0736,75.6088,61.2293,-9.5548
3:47:12 PM,42.47525012,-82.86815299,,7.9697,35.0077,,-31.0772,-0.752,2.0605,91.1965,0.8035,-0.1808,14.9185,39.5665,9.9697,72.3939,53.4318,-8.1338
3:47:13 PM,42.47528445,-82.8681243,13.4744,8.4168,35.1338,3.6483,-76.043,,,91.3488,0.8024,-0.1826,,,,,,-8.214
3:47:14 PM,42.47531961,-82.86809702,,8.0281,32.6357,3.8882,85.1771,-0.8367,1.7811,91.4994,0.8012,-0.1844,15.0249,40.4193,10.1725,73.2675,57.887,-12.368
3:47:15 PM,42.47535405,-82.86806981,13.6056,8.1253,32.7388,2.5281,73.9081,0.5049,2.3592,91.6351,0.8,-0.186,14.2849,40.3146,9.5735,74.881,58.08,-7.9447
3:47:16 PM,42.47538509,-82.86804078,13.6056,8.514,32.7388,2.5329,,-0.2071,2.0712,91.7762,0.7986,-0.1876,14.8632,39.7865,10.0135,71.7785,54.393,-8.3401
3:47:17 PM,42.47541712,-82.86800855,,8.6112,32.7388,3.5563,13.9091,-0.487,2.2635,91.9153,0.7972,-0.1891,14.9542,39.5135,10.0281,71.5877,54.6793,-8.4375
3:47:18 PM,42.4754516,-82.8679724,13.54,8.4751,32.7388,3.169,51.4115,-1.41,2.6195,92.0585,0.796,-0.1907,14.7475,37.8129,9.6026,70.3152,51.7293,-8.7755
3:47:19 PM,42.4754842,-82.8679421,,8.4946,36.5776,,10.1826,0.4023,2.4379,92.1987,0.7947,-0.1923,15.0044,41.6302,10.345,74.4785,60.906,-4.2091
3:47:20 PM,42.4755157,-82.8679118,13.6056,9.136,34.1655,5.8038,-4.8266,-1.255,2.4612,92.3427,0.7935,-0.194,14.5573,33.0836,8.7582,65.1343,42.0772,-10.0933
3:47:21 PM,42.4755481,-82.8678823,,8.2419,34.1827,3.8975,51.4321,-0.3183,2.5961,92.4863,0.7921,-0.1955,15.1101,39.0751,10.0731,71.0038,56.688,-1.4703
3:47:22 PM,42.4755802,-82.8678499,13.6713,8.514,34.1827,5.169,,,,92.6383,0.7907,-0.1972,14.5502,35.733,9.1826,67.7269,48.9034,-6.5811
3:47:23 PM,42.475614,-82.8678159,,8.3974,34.1827,8.2676,36.4332,-1.3927,2.2805,92.782,0.7895,-0.1989,14.9162,38.4576,9.8077,71.0637,57.2375,-6.2889
3:47:24 PM,42.4756462,-82.8677868,13.6713,8.3974,36.0047,,-34.8141,-0.5925,1.5372,92.9265,0.7883,-0.2005,14.9783,36.3054,9.562,68.0451,53.8314,
3:47:25 PM,42.4756818,-82.8677544,13.7369,8.5723,35.9474,6.6606,-83.5579,-0.0804,2.3395,93.0776,0.7871,-0.2022,14.4536,36.6613,9.1632,70.3573,53.1725,-5.9623
3:47:26 PM,42.4757154,-82.867725,,8.689,35.9474,5.0216,-4.8094,-0.3514,2.4228,93.2273,0.7859,-0.2039,14.7098,36.5258,9.3186,69.9715,50.2729,-5.905
3:47:27 PM,42.4757484,-82.8676964,13.6713,8.7667,31.971,3.8368,-117.3028,0.9718,2.2181,93.3826,0.7847,-0.2056,14.0927,36.6612,8.8456,72.038,48.9062,-8.214
3:47:28 PM,42.4757834,-82.8676665,,8.6306,32.6529,2.5086,2.6608,-1.0009,1.9259,93.5309,0.7836,-0.2072,14.1349,35.3975,8.6492,71.1953,51.0703,-2.4845
3:47:29 PM,42.4758153,-82.8676377,13.6713,8.9611,31.0715,0.77,47.6369,-0.5717,2.4811,93.6815,0.7823,-0.2089,13.8519,40.0198,9.1213,77.5689,54.8499,-5.3091
3:47:30 PM,42.4758488,-82.8676068,,8.2808,31.908,359.9355,,0.0515,2.0875,,,,14.3551,37.0672,9.0864,72.2237,272.0184,-8.5578
3:47:31 PM,42.4758804,-82.8675789,13.6713,8.2613,30.8079,358.7337,-64.86,,,93.9041,0.7806,-0.2114,14.1986,40.5164,9.4941,76.3096,11.2134,-5.2862
3:47:32 PM,42.4759135,-82.8675483,,8.4557,30.3095,,-38.5921,-1.0472,2.1712,94.058,0.7794,-0.2131,15.3988,43.4108,10.8843,76.474,197.6284,-22.939
3:47:33 PM,42.4759508,-82.8675171,13.7369,8.6306,30.3037,359.6159,13.8782,-0.0233,3.0725,94.3049,0.7777,-0.2158,14.854,42.9988,10.4151,76.5658,286.9088,-10.821
3:47:34 PM,42.4759874,-82.8674876,,8.7084,30.4699,357.7951,103.8543,-0.4315,2.4828,94.4732,0.7767,-0.2177,15.1274,42.0908,10.5523,73.9307,31.4511,-10.9814
3:47:35 PM,42.4760239,-82.8674598,13.6713,7.9697,29.9714,357.2192,-8.6253,-0.8692,2.0916,94.6266,0.7756,-0.2194,15.369,41.6953,10.7025,72.7838,46.5535,-10.5402
3:47:36 PM,42.476057,-82.8674322,,8.3391,31.845,356.289,47.6059,-0.5526,1.8381,94.7758,0.7746,-0.221,15.3438,45.7901,11.2298,78.3471,56.174,-19.7591
3:47:37 PM,42.4760888,-82.8674065,13.6713,8.5529,28.2927,0.5381,,-2.5558,3.1708,94.9282,0.7734,-0.2227,15.2378,31.2118,9.2077,59.0449,189.3268,-4.8851
3:47:38 PM,42.4761217,-82.867375,,7.3477,28.327,,-113.6485,1.6693,2.306,95.0876,0.7724,-0.2245,14.689,43.3312,10.3583,76.683,327.6598,-7.9276
3:47:39 PM,42.4761559,-82.8673519,13.8353,9.5831,28.327,359.6226,-106.1439,,,95.2502,0.7714,-0.2263,15.0788,36.286,9.5968,68.4169,27.6589,-13.3134
3:47:40 PM,42.4761905,-82.8673224,,8.1253,28.327,358.403,66.3416,-0.1299,1.374,95.3932,0.7704,-0.2278,14.8734,43.5268,10.5638,75.8492,57.0656,1.4861
3:47:41 PM,42.4762222,-82.8672931,13.8025,,,357.5678,51.3187,-0.2065,2.6033,95.5548,0.7693,-0.2295,15.9019,46.3081,11.7812,77.4138,60.7087,-29.975
3:47:42 PM,42.4762555,-82.8672667,,8.2419,28.327,356.5411,-38.6815,-0.4117,2.2065,95.697,0.7685,-0.2311,15.4107,39.7599,10.4378,70.7842,44.4102,-3.0058
3:47:43 PM,42.4762882,-82.8672429,13.7369,8.1836,30.4069,356.3112,13.8335,-1.2483,2.2967,,,,15.459,44.6757,11.1436,77.257,54.1234,-16.562
3:47:44 PM,42.4763221,-82.8672159,13.8025,8.9611,30.9168,,-1.1757,-1.6981,2.8675,95.9329,0.7671,-0.2337,15.5062,40.3716,10.5712,71.8291,46.0508,-17.7022
3:47:45 PM,42.4763556,-82.867189,,8.378,30.4699,357.7853,55.0693,-0.1601,2.0264,96.0918,0.7661,-0.2354,15.3018,44.6329,11.0304,77.0652,53.138,-10.97
3:47:46 PM,42.4763887,-82.8671635,13.7369,8.1253,31.7705,358.2199,,,,96.2471,0.7651,-0.2371,15.1264,42.8476,10.6371,75.2539,52.6368,-10.758
3:47:47 PM,42.4764221,-82.8671388,,8.3196,30.298,358.3785,-79.907,-0.2523,2.6922,96.4073,0.7643,-0.2389,15.5036,43.2209,11.0149,74.5545,54.0443,-15.7484
3:47:48 PM,42.4764591,-82.8671105,13.8025,8.1058,29.3641,358.4243,47.6162,-0.4719,1.8548,,,,15.0283,38.2696,9.9302,69.6081,44.8793,-1.0062
3:47:49 PM,42.4764882,-82.8670848,,8.203,29.9886,,-46.1242,-0.0425,2.8048,96.6463,0.763,-0.2415,15.7338,44.5117,11.3556,76.2513,59.2697,
3:47:50 PM,42.4765209,-82.8670602,13.8025,8.4168,29.9714,357.5932,13.8507,0.5402,1.9753,96.8053,0.762,-0.2432,15.2854,29.8193,9.0631,56.9994,26.0502,-23.9073
3:47:51 PM,42.4765536,-82.8670336,,8.203,27.9088,357.4223,-38.63,-0.6468,2.0867,97.0263,0.7608,-0.2456,15.2853,48.6495,11.5778,82.337,66.7498,-6.69
3:47:52 PM,42.4765851,-82.8670083,13.8025,8.6112,29.3125,355.3994,-4.8954,-0.8888,2.8488,,,,15.299,41.979,10.6781,73.3959,49.1689,-9.3943
3:47:53 PM,42.4766176,-82.8669856,,8.5335,28.0004,356.4437,13.8472,-0.2691,2.7292,97.2531,0.7594,-0.248,15.0894,44.3253,10.8327,76.7308,54.6363,-12.9696
3:47:54 PM,42.4766509,-82.8669617,13.8025,8.514,28.625,355.8645,,,,97.4895,0.7583,-0.2506,,,,,,-11.7893
3:47:55 PM,42.4766835,-82.8669389,,8.1836,29.6792,355.3269,-76.1392,-0.2766,2.3633,97.6513,0.7575,-0.2523,15.202,43.338,10.8128,74.7715,49.62,-11.5085
3:47:56 PM,42.4767204,-82.8669107,13.8025,8.3196,28.3041,,51.3359,0.0327,1.7696,97.8238,0.7566,-0.2542,15.1179,46.0513,11.1064,78.5225,57.4133,-12.5857
3:47:57 PM,42.4767531,-82.866887,,8.6501,28.2869,355.5616,55.0796,-0.6135,2.0253,97.9816,0.7559,-0.2559,15.1109,41.3263,10.4644,72.4698,45.5388,-10.1392
3:47:58 PM,42.4767866,-82.8668632,13.6713,8.4557,28.35,355.3383,-12.4446,-1.2551,2.7682,98.1431,0.7551,-0.2576,14.9306,43.8113,10.6185,76.7604,53.5077,-10.6663
3:47:59 PM,42.4768194,-82.8668364,,8.2613,30.6819,354.6445,2.5611,-0.3627,2.5749,,,,14.7241,44.4403,10.5273,78.3198,49.8558,0.6783
3:48:00 PM,42.4768517,-82.8668144,13.6056,8.4946,29.1406,356.387,-23.6586,-0.1982,2.3759,98.371,0.7539,-0.26,15.1946,37.9802,10.0132,69.0394,37.3039,-7.0968
3:48:01 PM,42.4768849,-82.8667896,,8.8056,28.2354,,81.2993,-1.7346,2.5628,98.5273,0.7532,-0.2617,14.6888,39.8387,9.8519,72.7766,47.9692,-7.3145
3:48:02 PM,42.476918,-82.866764,13.6056,7.6976,30.5902,355.257,,,,98.6896,0.7524,-0.2634,15.3941,45.2321,11.1986,77.4085,52.8714,-11.9841
3:48:03 PM,42.476952,-82.8667387,,8.4557,30.1834,355.257,115.0751,-0.8497,2.032,98.852,0.7516,-0.2651,15.2425,39.9939,10.3297,71.5092,40.4408,-9.337
3:48:04 PM,42.4769899,-82.8667083,13.9009,8.3391,32.1257,,,,,99.0195,0.7508,-0.2669,14.8616,50.5045,11.5047,85.4427,64.4822,4.8895
3:48:05 PM,42.4770234,-82.8666783,,8.2224,31.696,,,,,99.2069,0.7498,-0.2689,15.041,29.2843,8.7692,57.0332,15.8671,-28.703
3:48:06 PM,42.4770575,-82.8666503,13.9009,8.3002,31.7132,,,,,99.3749,0.7489,-0.2706,14.9056,44.8724,10.788,77.1145,50.0701,-10.2595
3:48:07 PM,42.4770902,-82.8666246,13.9009,8.0669,31.7132,,,,,99.5458,0.7479,-0.2723,14.833,46.9919,11.0155,79.9571,,-3.0058
3:48:08 PM,42.4771227,-82.8665975,,8.8445,32.2804,,,,,99.7077,0.7472,-0.274,14.8495,45.0062,10.7209,78.3833,,-22.9734
3:48:09 PM,42.4771573,-82.8665656,13.8353,8.1641,33.9134,357.2638,51.3324,0.1199,1.911,99.8706,0.7463,-0.2756,14.8263,32.8523,9.0811,62.335,50.1159,7.4506
3:48:10 PM,42.4771984,-82.8665337,,8.7473,33.117,2.2498,-79.852,-3.0482,3.5879,100.0325,0.7453,-0.2773,15.4144,51.2161,12.0481,85.7986,162.0921,-15.4791
3:48:11 PM,42.4772294,-82.8665061,13.9009,7.5032,33.1112,0.4641,-42.3668,-0.5391,2.0398,100.2381,0.7444,-0.2794,15.0065,30.1353,8.9265,57.5639,78.7097,-16.5849
3:48:12 PM,42.477272,-82.8664724,13.9009,8.825,33.1112,1.0849,137.6061,-1.8149,1.877,100.3962,0.7435,-0.281,15.298,55.6719,12.6344,89.274,72.3709,6.723
3:48:13 PM,42.4773046,-82.8664413,,7.6199,33.1112,9.3679,21.3725,-2.0574,2.9732,100.6099,0.7425,-0.2831,14.6468,33.0363,8.95,63.1477,166.1978,-25.7523
3:48:14 PM,42.4773367,-82.8664146,13.9665,8.4363,33.1112,2.0522,6.3701,-1.2218,2.5572,100.7782,0.7415,-0.2848,14.8646,44.5786,10.6707,77.8915,93.7219,
3:48:15 PM,42.4773709,-82.8663886,,7.9892,33.1112,3.1756,13.8851,-1.0715,2.8425,101.0329,0.7404,-0.2874,14.4803,46.1239,10.5807,80.5795,71.7223,-20.8477
3:48:16 PM,42.4774039,-82.8663578,13.9009,8.3002,32.6242,,51.3634,,,101.2061,0.7395,-0.2891,15.3926,50.6329,11.9877,83.0633,46.4669,5.6286
3:48:17 PM,42.4774357,-82.866324,,8.0281,32.6242,4.5085,-143.6325,-0.2051,2.5373,101.3691,0.7384,-0.2906,14.8181,29.4556,8.7472,56.4123,37.3336,12.8364
3:48:18 PM,42.4774684,-82.8662964,13.9665,8.1253,32.6242,3.8413,,0.1676,2.1044,101.5384,0.7376,-0.2922,14.3934,44.4534,10.2727,78.8883,74.7094,-21.2545
3:48:19 PM,42.4775014,-82.8662675,,8.2419,32.6242,1.4079,-342.3308,-0.1478,1.9868,101.6933,0.7367,-0.2937,15.0166,38.208,9.9919,68.3658,40.616,3.0732
3:48:20 PM,,,13.9665,8.514,22.6891,1.0487,-312.3227,-0.4513,2.1648,101.8573,0.7361,-0.2954,14.9856,46.7135,11.1165,78.8999,71.4453,-14.0066
3:48:21 PM,42.477535,-82.8662481,,8.5335,18.3518,,-334.8434,1.8342,1.7571,102.023,0.736,-0.2973,14.5266,42.8108,10.166,76.1875,223.1203,-8.0994
3:48:22 PM,42.4775698,-82.8662373,13.9665,8.4168,9.6257,347.9945,-267.3983,1.3329,2.5753,102.1911,0.7358,-0.2992,14.1194,46.7616,10.378,82.3721,17.8729,-7.9276
3:48:23 PM,42.4776056,-82.8662266,,8.8833,6.4859,338.8189,,,,102.3767,0.7359,-0.3015,12.9685,48.0476,9.648,88.4925,52.6304,-9.3829
3:48:24 PM,42.4776447,-82.8662194,14.0322,8.3585,358.8549,334.7021,-334.919,1.5535,2.3178,102.5631,0.7361,-0.3037,12.6233,54.0495,10.2676,95.5799,62.9689,-9.3599
3:48:25 PM,42.4776843,-82.8662135,,8.2808,356.649,323.5702,-301.2394,0.5254,2.626,102.7525,0.7365,-0.3061,12.6098,50.7468,9.7719,92.2243,51.1303,-6.7129
3:48:26 PM,42.4777251,-82.8662138,14.1634,8.4751,349.8709,318.5062,-376.2373,2.0833,2.4849,102.9294,0.7371,-0.3084,12.406,61.6518,11.2001,102.8816,50.6727,-5.1544
3:48:27 PM,42.477764,-82.8662162,14.0978,8.5723,342.3022,308.0974,-417.5006,2.9989,2.556,103.0891,0.7379,-0.3106,10.9101,59.3117,9.7893,106.5814,59.3375,7.3189
3:48:28 PM,42.47780357,-82.86623014,,8.2419,336.0397,,-391.2568,1.9329,3.0942,103.242,0.739,-0.3129,9.2886,74.8542,10.7338,123.3529,74.6194,-2.2381
3:48:29 PM,42.47783845,-82.8662474,14.0322,8.5918,330.9519,300.7125,-312.5084,2.829,2.097,103.3707,0.7405,-0.315,8.5304,81.8268,11.0734,130.3127,84.0508,-1.0692
3:48:30 PM,42.47787038,-82.86627384,,8.4751,323.9045,295.3727,-338.7521,2.0036,2.321,103.4672,0.7423,-0.3169,,,,,85.2779,-1.0979
3:48:31 PM,42.47789614,-82.86631024,13.9009,8.6306,317.9687,287.8572,-443.734,2.462,2.3798,103.5668,0.7443,-0.3189,7.4853,83.8262,10.688,135.8702,88.5688,-0.5249
3:48:32 PM,42.47792328,-82.86634986,13.9009,8.689,312.1016,278.8094,-428.7317,2.3662,2.1935,103.653,0.7464,-0.3208,6.8205,86.8576,10.6724,140.3484,90.3963,0.2829
3:48:33 PM,42.4779479,-82.86639306,,8.4751,305.7245,273.4091,-428.687,2.6022,2.388,103.7134,0.7488,-0.3226,5.8533,94.6921,10.8383,147.4359,90.923,6.1672
3:48:34 PM,42.4779688,-82.8664478,14.1634,8.3974,296.4083,262.0223,-428.6664,3.2196,2.8718,103.7261,0.7514,-0.3239,5.2945,107.0083,11.363,153.5407,90.4605,6.9121
3:48:35 PM,42.4779791,-82.8665067,,8.2808,288.278,,-402.3883,2.4091,2.7401,103.7358,0.754,-0.3251,4.595,129.0964,12.0499,162.7858,87.684,5.2505
3:48:36 PM,42.4779874,-82.8665621,14.0978,8.2613,280.6462,251.1733,-394.8665,1.9868,2.6353,103.7159,0.7567,-0.326,3.8049,145.1761,11.6493,169.2503,89.1178,6.1672
3:48:37 PM,42.477991,-82.8666248,,8.1253,275.5984,242.0509,,,,103.6929,0.7596,-0.327,3.2022,169.1609,11.4399,176.9826,94.219,6.2933
3:48:38 PM,42.477995,-82.8666906,14.0322,8.4168,269.5996,236.015,-372.3286,2.7888,2.117,103.6448,0.7624,-0.3276,3.0446,-150.693,11.0538,-172.2516,96.2233,6.2933
3:48:39 PM,42.4779929,-82.8667562,,8.3585,263.5778,230.0349,-368.5471,2.758,2.3873,103.5974,0.7648,-0.3281,3.0578,-120.0603,10.3312,-165.1572,97.1084,
3:48:40 PM,42.4779891,-82.8668118,14.0322,8.4751,257.7966,222.7341,-323.5298,2.8105,2.7912,,,,3.6007,-106.0025,10.0776,-159.9124,,6.3105
3:48:41 PM,42.4779819,-82.8668673,,8.9028,252.5254,,-304.7597,1.8326,2.639,103.5039,0.768,-0.3283,4.8979,-105.2574,10.8105,-154.0812,92.9399,6.3735
3:48:42 PM,42.4779712,-82.8669146,14.0322,8.3002,247.5235,216.6011,-319.7173,1.8303,2.3232,103.4143,0.7701,-0.3281,5.8973,-102.6897,11.2189,-149.1486,90.0378,6.3735
3:48:43 PM,42.4779564,-82.8669584,,7.8337,243.318,211.5137,-285.938,1.3766,2.5683,103.3199,0.7718,-0.3277,6.7039,-100.6706,11.6029,-145.4039,88.2092,6.3849
3:48:44 PM,42.477939,-82.8669973,13.9009,8.0669,237.915,207.1546,-308.4037,2.0126,2.3382,103.2165,0.7733,-0.3271,7.6198,-97.4269,11.8812,-140.5097,86.5245,6.4651
3:48:45 PM,42.4779186,-82.8670374,13.8025,8.4557,233.0563,202.7866,-225.8978,0.5865,2.7949,103.1121,0.7746,-0.3264,8.4262,-93.3111,12.0645,-135.7924,85.0497,7.4277
3:48:46 PM,42.477896,-82.8670745,,8.0281,228.4784,198.2657,-394.5571,2.8364,2.0635,102.9889,0.7759,-0.3254,9.6746,-88.0572,12.4198,-128.8747,85.0264,7.2157
3:48:47 PM,42.4778688,-82.8671031,13.9665,8.0669,222.4623,189.5215,,,,102.8534,0.7769,-0.3241,10.1948,-87.108,12.6359,-126.3138,82.272,18.4342
3:48:48 PM,42.4778393,-82.8671329,,8.2613,215.0368,,-409.5147,3.3577,2.1986,102.7068,0.7778,-0.3227,10.9909,-78.0039,12.2275,-118.4491,82.8387,15.4606
3:48:49 PM,42.4778026,-82.8671616,13.9665,8.2224,208.1097,181.1461,-371.9504,2.772,2.3702,102.4643,0.7788,-0.3201,10.76,-70.9661,11.1785,-114.5028,77.1292,13.438
3:48:50 PM,42.4777633,-82.867187,,,,172.8546,-450.6336,3.7928,2.5512,102.2805,0.7795,-0.3181,13.0683,-58.9213,11.2849,-97.3387,84.0058,3.3024
3:48:51 PM,42.4777267,-82.8672034,14.0322,8.0864,202.1796,166.9131,-229.3252,2.7575,2.5211,102.1278,0.7797,-0.3163,12.5227,-60.9412,11.1168,-100.0449,75.9037,20.4224
3:48:52 PM,42.4776905,-82.8672158,,7.9114,196.1406,160.5186,-443.0224,3.0944,2.3758,,,,12.9814,-47.3844,9.5941,-84.7059,83.753,12.2119
3:48:53 PM,42.4776532,-82.8672215,14.0978,7.5032,189.9928,154.2714,-319.212,3.1752,2.0219,101.8668,0.7798,-0.3131,13.0354,-45.9221,9.4208,-83.7334,77.4951,13.2203
3:48:54 PM,42.4776163,-82.8672244,,8.1641,185.2029,,-397.8711,3.5355,2.3121,101.6992,0.7795,-0.3109,13.3064,-47.7401,9.8918,-84.6069,73.182,15.2715
3:48:55 PM,42.477578,-82.8672209,13.9665,7.6976,176.3163,147.7261,-274.0606,,,101.5605,0.779,-0.309,13.6319,-38.6751,8.9898,-71.367,69.3887,-4.2721
3:48:56 PM,42.4775386,-82.8672129,,7.6393,172.8499,144.5603,,3.6668,3.2828,101.3079,0.7778,-0.3053,15.1012,-46.3569,11.2818,-75.6144,71.8662,22.5366
3:48:57 PM,42.4775013,-82.8672,14.0978,7.7559,167.4297,140.4229,-311.4599,1.6972,2.3388,101.1542,0.7768,-0.303,14.5142,-36.4915,9.5403,-64.7911,70.0246,-2.4272
3:48:58 PM,42.477468,-82.8671836,14.0978,7.6587,162.4679,134.6372,-382.6075,2.1277,2.3138,101.0197,0.7758,-0.3009,14.5146,-37.0077,9.638,-65.0229,62.7615,-6.4665
3:48:59 PM,42.4774372,-82.8671625,,7.8142,155.5638,128.3976,-386.248,2.1128,1.633,,,,15.1723,-27.4519,9.2306,-49.2662,76.7353,0.9246
3:49:00 PM,42.4774075,-82.8671399,14.0322,7.4838,149.7253,,-314.8598,3.4085,2.0945,100.8404,0.7738,-0.298,15.3736,-29.9968,9.7289,-52.1878,68.7145,4.3452
3:49:01 PM,42.4773807,-82.8671114,,7.3283,143.2967,122.8415,-445.9651,2.3135,1.8825,100.7316,0.7724,-0.2961,15.1766,-27.5079,9.2929,-48.9639,66.8666,4.414
3:49:02 PM,42.4773561,-82.8670792,13.8025,7.5032,135.5618,117.4654,-396.9704,2.7079,1.9853,100.6386,0.7708,-0.2943,16.2264,-26.4005,10.3,-44.466,65.9563,5.0958
3:49:03 PM,42.4773376,-82.8670446,13.7369,6.9978,129.2192,111.5788,-434.3318,2.09,1.8492,100.5662,0.7693,-0.2928,16.7623,-23.7643,10.6164,-39.5134,66.1351,5.4166
3:49:04 PM,42.4773192,-82.8670041,,7.406,119.3356,105.0633,-415.3589,2.3419,1.9313,100.5067,0.7673,-0.2913,16.9316,-21.0635,10.494,-35.442,63.6896,3.7952
3:49:05 PM,42.4773051,-82.8669561,13.7369,7.2116,112.5003,100.7537,-396.3928,3.0477,2.1378,100.4642,0.7655,-0.2901,16.924,-15.2496,10.2024,-25.8689,67.992,5.4567
3:49:06 PM,42.4772962,-82.8669116,,7.1728,105.4128,96.5965,,,,100.439,0.7635,-0.289,16.9971,-4.6957,9.8146,-8.1505,83.087,
3:49:07 PM,42.4772921,-82.866863,13.9665,7.1728,98.3367,91.2802,-429.8868,1.4338,2.1969,100.4324,0.7614,-0.2881,16.5484,1.389,9.2016,2.4986,92.2035,2.7696
3:49:08 PM,42.4772941,-82.8668103,,7.3477,90.7794,86.0325,-399.7824,2.6377,2.3929,100.4496,0.7592,-0.2875,16.9765,5.0476,9.6175,8.9346,97.4729,3.5373
3:49:09 PM,42.4773013,-82.8667586,13.9665,7.4449,84.2076,,-369.7606,2.4561,2.6987,100.4962,0.757,-0.2873,17.003,9.1328,9.7911,15.9998,99.2196,2.6894
3:49:10 PM,42.4773117,-82.8667024,,7.3866,75.8711,78.1345,-309.7754,1.1463,2.5959,100.5648,0.7548,-0.2873,,,,,101.9736,2.7925
3:49:11 PM,42.4773252,-82.8666539,13.9009,7.4838,70.852,69.8175,-317.304,1.7451,2.0478,100.6437,0.7527,-0.2874,16.988,14.3652,9.9839,24.9707,97.0825,1.2398
3:49:12 PM,42.4773449,-82.8666007,13.9665,7.5615,63.7874,61.078,,1.0776,2.1331,100.738,0.7508,-0.2878,16.7072,18.3459,9.9083,32.0547,94.2781,1.257
3:49:13 PM,,,,7.6004,58.8886,51.2697,-287.3716,1.6051,1.6367,100.8533,0.7489,-0.2885,16.6937,21.9469,10.1317,38.011,,0.9877
3:49:14 PM,42.4773647,-82.8665552,13.9665,7.6199,51.9501,,-309.9404,-0.2674,1.6183,100.9732,0.7471,-0.2893,16.7152,23.0443,10.1259,40.2531,94.167,3.4972
3:49:15 PM,42.4773912,-82.8665139,,7.27,50.6266,39.4586,-238.7962,,,101.1205,0.7456,-0.2904,17.1428,33.1963,11.4024,55.401,98.6129,-10.5632
3:49:16 PM,42.4774171,-82.8664745,14.0322,7.7559,49.177,30.7955,-235.0938,0.5324,2.4572,101.2649,0.7442,-0.2916,16.092,27.631,9.8822,49.0432,76.5729,-8.1224
3:49:17 PM,42.4774483,-82.8664408,,8.1641,41.7744,22.5362,-193.9267,1.1803,2.6321,101.4304,0.7431,-0.2932,15.3646,33.9718,9.8343,60.8114,79.5073,-6.4665
3:49:18 PM,42.4774812,-82.8664128,14.0322,8.6112,41.0696,,-250.1992,1.4282,2.4175,101.5991,0.7423,-0.2949,15.4394,34.3425,9.9768,60.8112,71.1915,-6.4436
3:49:19 PM,42.4775139,-82.8663878,,7.9503,34.7499,15.4743,-14.0054,1.6055,1.9077,101.7663,0.7417,-0.2966,15.4123,38.8722,10.4318,68.0038,74.5518,-11.1017
3:49:20 PM,42.4775477,-82.8663644,14.0322,8.514,29.4787,12.6442,-70.3088,-0.1631,1.9705,101.9363,0.7411,-0.2984,15.4191,28.196,9.0003,54.0424,52.1602,-1.2469
3:49:21 PM,42.47758685,-82.86634194,,8.1253,33.1743,4.3721,105.886,1.3332,1.9122,102.1131,0.7407,-0.3003,15.204,48.4765,11.5185,81.2017,79.4574,-7.6067
3:49:22 PM,42.47762313,-82.86631867,14.0978,8.378,29.8683,5.2389,,-0.7223,2.9208,102.2949,0.7401,-0.3022,15.2813,37.3184,10.091,66.6445,53.5386,-4.8336
3:49:23 PM,42.47765789,-82.86629711,,8.5335,33.4665,2.5702,-62.8764,1.4334,1.7459,102.4683,0.7396,-0.3041,15.57,50.6357,12.1522,82.1252,77.4514,-17.3814
3:49:24 PM,42.4776927,-82.86627317,14.1634,8.2224,30.9569,1.9899,45.8458,-2.2303,3.0007,102.6447,0.7391,-0.3059,15.117,27.2404,8.6667,52.9769,23.208,8.1153
3:49:25 PM,42.47772571,-82.86624654,,8.1836,32.5096,357.7689,-62.9073,-0.171,2.0409,102.8147,0.7383,-0.3076,15.5234,54.2006,12.6115,86.6966,79.4844,-13.4681
3:49:26 PM,42.477761,-82.86622027,14.229,8.3974,32.4924,,-36.667,,,102.9949,0.7377,-0.3094,14.8718,30.3423,8.8347,58.2514,317.8274,1.1939
3:49:27 PM,42.4777977,-82.8661889,,8.3391,33.0425,359.2161,-17.921,-1.3712,2.322,103.1698,0.7369,-0.3111,15.0183,49.4739,11.493,83.3458,54.2119,7.9377
3:49:28 PM,42.4778327,-82.8661661,14.0322,8.1447,30.3267,357.6982,27.0757,-1.2331,2.8608,103.346,0.7364,-0.313,15.0772,40.9358,10.3705,72.2853,46.1461,-23.8844
3:49:29 PM,42.4778659,-82.8661378,,8.9805,30.3267,356.8282,-44.1613,0.4374,2.7079,103.5195,0.7357,-0.3147,14.6837,48.4473,11.0468,84.1107,64.3812,-11.4226
3:49:30 PM,42.4779001,-82.8661122,14.0978,8.4946,30.3267,356.5561,-62.9211,-0.3205,2.114,103.696,0.735,-0.3164,14.9718,42.3456,10.3941,75.9923,50.8252,-12.4425
3:49:31 PM,42.4779326,-82.8660869,,8.3391,30.3267,357.2317,-51.6281,0.6861,2.2701,103.8651,0.7344,-0.3181,14.2622,43.827,10.0415,79.5935,55.3908,-10.1564
3:49:32 PM,42.4779662,-82.8660599,14.0978,8.6501,28.3958,357.0957,,-0.2051,3.1024,104.125,0.7334,-0.3207,13.8699,44.0092,9.744,81.4788,58.4747,-10.0933
3:49:33 PM,42.4780001,-82.8660356,,8.3391,29.1578,355.2395,-32.8924,1.0919,1.4665,104.3223,0.7328,-0.3227,13.136,47.2791,9.6605,87.4046,68.1524,
3:49:34 PM,42.4780377,-82.8660064,13.9665,8.378,23.4855,357.1343,-77.8959,-0.6429,3.4972,104.4798,0.7321,-0.3242,12.5344,31.3575,6.9225,70.4301,27.9329,7.2157
3:49:35 PM,42.478072,-82.8659809,13.9009,7.9309,29.0089,,0.8319,1.4838,2.2819,104.6636,0.7318,-0.3262,12.6607,51.7195,9.9563,93.4226,75.7255,-19.6789
3:49:36 PM,42.4781056,-82.8659594,,8.3585,29.0375,353.6658,94.5862,-0.1667,1.9591,,,,13.3285,43.4744,9.2836,81.0455,50.3687,28.1
3:49:37 PM,42.4781406,-82.8659333,14.1634,8.3002,29.0375,353.9028,150.8208,,,104.9261,0.731,-0.3288,12.8883,44.6886,9.1018,84.7602,55.311,-17.0376
3:49:38 PM,42.4781753,-82.8659107,,8.3974,29.0375,355.5429,,-0.669,2.6216,105.1045,0.7305,-0.3306,14.3215,53.4732,11.512,88.5915,71.1244,-2.9887
3:49:39 PM,42.478205,-82.8658837,14.1634,8.7862,35.1681,356.4981,120.8299,-2.0511,2.946,105.2626,0.7299,-0.3321,14.1397,37.6091,9.1565,70.4582,38.2181,-15.5021
3:49:40 PM,42.4782366,-82.8658561,,8.8639,34.4634,0.851,27.1273,-0.6358,1.896,105.5227,0.7288,-0.3346,13.9711,54.5012,11.3798,91.7973,151.515,-26.7492
3:49:41 PM,42.4782682,-82.8658251,14.0978,8.6112,35.1567,,98.4261,-0.51,2.5749,105.6922,0.728,-0.3361,13.8229,35.1839,8.4932,69.6816,58.0862,12.5156
3:49:42 PM,42.478303,-82.8657916,14.0978,8.3585,36.337,4.5996,,,,105.8606,0.7275,-0.3378,14.1431,47.5278,10.5066,83.1685,75.2635,-9.2339
3:49:43 PM,42.4783339,-82.8657657,,8.5335,36.6636,2.5162,117.1515,-1.0605,2.1386,106.0245,0.7267,-0.3392,14.0179,38.9703,9.2409,72.5609,47.831,-4.4612
3:49:44 PM,42.4783636,-82.8657366,14.0978,8.5918,35.4031,7.3009,-81.5468,-0.6494,3.7678,106.1899,0.7258,-0.3407,13.8983,48.1002,10.3938,84.4291,78.6276,-9.4631
3:49:45 PM,42.4783929,-82.8657043,,7.5227,35.3916,7.7394,83.4582,-1.2696,2.1552,106.3554,0.7249,-0.3421,14.2145,35.9145,8.9807,68.1907,52.3889,14.7788
3:49:46 PM,42.4784221,-82.8656735,13.9009,6.7451,35.3916,,27.196,0.6343,1.7888,,,,13.6502,39.8143,9.0722,74.4522,61.744,-8.9761
3:49:47 PM,42.4784523,-82.8656424,,8.4946,35.3916,8.6807,-85.3077,-1.8148,2.607,106.6039,0.7238,-0.3443,14.7137,52.4853,11.6937,86.4121,84.7304,-6.0998
3:49:48 PM,42.4784828,-82.8656096,13.7369,8.1253,35.3916,6.0964,-115.2745,0.3329,2.6576,106.7794,0.7229,-0.3459,14.0705,22.8631,7.2979,48.5118,21.4491,20.0557
3:49:49 PM,42.4785156,-82.8655824,13.6713,8.1641,32.395,6.5351,-295.299,-0.7664,2.5885,106.9512,0.7223,-0.3475,14.572,54.0169,11.7961,88.4149,85.095,-25.7523
3:49:50 PM,42.4785496,-82.8655516,,,,0.2009,,,,107.1232,0.7217,-0.3491,14.1441,25.2435,7.6922,51.644,18.889,21.8433
3:49:51 PM,42.4785811,-82.865527,12.9823,7.3477,27.9202,356.21,-107.7905,0.4401,2.8611,107.3802,0.7209,-0.3515,14.3283,49.6663,10.9726,84.5065,312.9214,-22.2228
3:49:52 PM,42.4786136,-82.8655043,,8.1058,28.2067,,-149.0916,0.9638,2.0667,107.5523,0.7205,-0.3532,,,,,,-5.4696
3:49:53 PM,42.4786492,-82.8654845,13.4744,8.3196,28.2067,352.1042,-167.8514,0.9793,2.509,107.7351,0.7204,-0.3552,14.1669,43.8761,10.011,78.7612,27.4959,-3.5788
3:49:54 PM,42.4786846,-82.8654675,,8.3585,20.1796,344.7969,-265.3872,0.9075,3.0092,,,,13.638,44.3297,9.6401,81.3334,46.601,-6.392
3:49:55 PM,42.4787203,-82.8654535,13.9009,8.4557,15.0287,339.4905,-96.6969,1.2972,1.5434,108.0059,0.7204,-0.3581,12.313,47.2408,9.0405,89.7359,57.7796,-0.8401
3:49:56 PM,42.4787583,-82.8654419,,8.4557,12.5822,,,,,108.1841,0.7205,-0.3601,12.2806,43.7267,8.503,86.666,38.6721,0.2829
3:49:57 PM,42.4788012,-82.8654331,13.9665,8.378,8.4397,335.5339,-40.4588,0.7357,1.8241,108.369,0.7208,-0.3623,12.2771,41.0765,8.107,84.2979,36.2678,
3:49:58 PM,42.4788429,-82.8654224,14.0322,8.9805,6.7609,328.107,-6.8102,1.5877,2.7607,108.5563,0.7212,-0.3645,11.5016,52.3238,9.241,99.9067,54.5854,0.5751
3:49:59 PM,42.4788855,-82.8654155,,8.4557,0,326.4007,-74.3241,-0.3405,2.192,108.7561,0.7216,-0.3669,12.2363,54.2476,10.0204,97.6878,57.9428,-26.1075
3:50:00 PM,42.4789268,-82.8654072,14.1634,8.6306,0,,-48.0666,0.0764,2.3067,108.9535,0.7222,-0.3693,12.1841,55.1113,10.1018,98.371,58.2349,-6.2774
3:50:01 PM,42.4789674,-82.8653982,14.1634,8.4557,1.6444,324.9027,-66.8057,-0.0365,2.5224,109.1499,0.7226,-0.3717,11.6684,53.7627,9.5411,99.458,55.7907,-4.8336
3:50:02 PM,42.4790093,-82.8653901,14.1634,8.4751,4.1368,322.2986,-78.0712,0.2658,2.1232,109.3422,0.7231,-0.374,11.6074,53.8542,9.5275,100.3271,50.2513,-9.3943
3:50:03 PM,42.4790532,-82.8653856,,8.6695,3.518,328.501,-59.3321,-0.065,2.1527,109.5581,0.7237,-0.3766,10.3248,51.6368,8.3916,105.2624,52.9533,7.5767
3:50:04 PM,42.4790937,-82.8653839,14.1634,8.7862,1.3293,320.3955,,-0.0845,2.219,109.743,0.7244,-0.379,10.7079,54.8382,9.1163,106.2067,60.8218,-6.9822
3:50:05 PM,42.4791365,-82.865384,,9,359.594,,-96.8276,,,109.9073,0.7251,-0.3811,10.5893,57.0751,9.422,109.3734,66.4147,-6.9822
3:50:06 PM,42.4791793,-82.8653854,14.1634,8.9611,358.2762,317.4671,-145.5748,0.5002,2.1376,110.0982,0.726,-0.3837,10.6194,57.597,9.5505,110.1505,67.2473,-6.753
3:50:07 PM,42.479221,-82.8653863,,9.0583,355.7094,313.6789,-36.8389,1.0982,2.666,110.2852,0.727,-0.3862,10.4815,59.7072,9.768,112.0986,70.0513,-6.753
3:50:08 PM,42.4792625,-82.8653896,14.3274,8.9805,354.4661,313.5912,41.8924,0.0418,1.9605,110.4678,0.7279,-0.3887,10.9679,60.0127,10.1142,110.0747,62.4489,-6.392
3:50:09 PM,42.4793046,-82.8653921,,9.2138,356.0704,,0.6394,-0.171,1.942,110.6483,0.7289,-0.3911,11.05,64.0388,10.7903,112.9678,69.3212,-11.3195
3:50:10 PM,42.4793479,-82.8653948,14.1634,9.1166,356.6433,314.0679,,1.48,2.405,110.9296,0.7304,-0.395,9.9664,63.1955,10.0136,117.3344,82.4808,-6.69
3:50:11 PM,42.4793924,-82.8653988,,9.0777,355.6636,312.7802,-33.1158,0.782,1.8982,111.1202,0.7315,-0.3976,10.6592,61.3469,10.1546,112.9064,69.0145,-6.8848
3:50:12 PM,42.4794346,-82.8654045,14.0322,9.1555,354.4718,312.1772,-40.6273,-0.4221,3.0707,,,,10.7574,63.4826,10.5684,114.3835,72.1388,-6.9077
3:50:13 PM,42.4794768,-82.8654102,,9.0972,354.3457,309.4769,94.3318,0.525,1.5179,111.3856,0.7333,-0.4014,10.4925,63.6672,10.3826,115.0799,71.0576,-7.2515
3:50:14 PM,42.4795181,-82.8654151,14.3274,9,356.1563,311.5083,-33.1468,,,111.5629,0.7344,-0.4039,10.3129,61.6365,9.9524,114.2418,69.4551,-6.816
3:50:15 PM,42.4795595,-82.8654189,14.3274,9.0777,355.1765,,116.8284,0.5424,1.8115,111.7192,0.7354,-0.4061,10.3822,61.5232,10.0272,114.4762,70.7564,-6.0597
3:50:16 PM,42.4796014,-82.8654228,,9.3887,356.4428,309.7476,8.0993,-0.4094,1.7247,111.8946,0.7365,-0.4086,10.7015,61.3179,10.2368,113.4912,65.1604,-6.0998
3:50:17 PM,42.4796445,-82.8654286,14.229,9.3304,355.5146,311.8478,,-1.269,2.3629,112.072,0.7376,-0.4111,10.1635,62.9526,10.1772,117.198,79.538,-8.3401
3:50:18 PM,42.4796946,-82.865439,,9.3304,356.4428,310.5102,-78.1537,1.472,1.5235,112.2509,0.7388,-0.4137,8.9982,49.1494,7.6302,116.8693,116.1436,16.532
3:50:19 PM,42.4797453,-82.8654497,14.229,9.5248,355.1765,308.7464,15.6039,-2.2652,2.1429,112.5659,0.7414,-0.4185,10.0039,72.2812,11.4898,123.9657,91.8002,-19.5701
3:50:20 PM,42.479791,-82.865459,,9.3693,356.4313,310.4502,34.3018,-0.2733,2.3253,112.7483,0.7428,-0.4213,8.9933,59.4756,9.1466,122.1165,104.7343,-3.4642
3:50:21 PM,42.4798399,-82.8654705,14.229,9.311,355.2568,,-93.1629,-1.3667,1.4939,112.9422,0.7444,-0.4243,9.5203,59.9761,9.4776,119.5736,90.8759,-13.3134
3:50:22 PM,42.4798856,-82.8654782,,9.5054,356.162,309.7913,15.6074,,,113.1267,0.7458,-0.4271,9.0039,64.4128,9.8458,124.4309,103.5673,
3:50:23 PM,42.4799312,-82.8654851,14.229,9.6026,355.251,310.3721,15.6108,0.1167,2.6052,113.3103,0.7472,-0.4298,10.0119,63.4946,10.2207,118.7645,83.8202,-12.2648
3:50:24 PM,42.4799746,-82.8654877,14.0978,9.3499,357.6918,311.8048,15.6383,-0.7505,1.9673,113.49,0.7483,-0.4324,10.091,64.8789,10.4407,118.9444,83.9281,-10.0933
3:50:25 PM,42.4800179,-82.8654915,,9.1944,356.4256,312.7101,-104.3425,0.3814,2.0319,113.6678,0.7495,-0.435,10.3613,60.1874,9.8733,114.4203,73.5591,-10.46
3:50:26 PM,42.4800581,-82.8654879,14.229,9.1944,357.4798,,109.3719,-1.2346,2.1695,113.8235,0.7502,-0.437,10.3707,64.4709,10.4877,116.8367,76.552,-11.2622
3:50:27 PM,42.4801054,-82.8654926,,9.2527,357.7778,311.9092,-55.6159,-1.509,2.0168,114.0155,0.7516,-0.4399,10.4083,65.0991,10.6296,117.3573,79.0962,-10.3282
3:50:28 PM,,,13.9665,9.2721,356.4714,313.2226,-70.5907,0.2203,2.726,114.1915,0.7528,-0.4425,9.8673,63.832,10.0866,118.5992,84.2733,-10.3855
3:50:29 PM,42.4801489,-82.8654975,,9.2138,354.8671,310.9494,-119.3448,0.7778,2.4874,114.3764,0.7545,-0.4454,10.1719,62.5,10.0396,116.0119,75.6758,-6.4092
3:50:30 PM,42.4801972,-82.8655098,14.3274,9.3887,353.3717,308.1935,94.3833,-0.1407,1.9793,114.5496,0.7561,-0.4482,10.6087,57.0976,9.4567,109.6318,45.7387,-7.1197
3:50:31 PM,42.4802427,-82.8655215,,8.9028,355.7839,309.0826,,,,114.7117,0.7573,-0.4507,,,,,,-10.3626
3:50:32 PM,42.4802835,-82.8655262,14.229,9.0389,354.214,310.412,23.1463,-2.2886,2.019,114.8772,0.7586,-0.4532,10.9727,62.785,10.4849,111.4599,57.4112,-15.1697
3:50:33 PM,42.4803259,-82.8655324,,9.2332,353.6639,309.9069,-134.3128,-0.2923,2.4189,115.0404,0.7601,-0.4558,10.0359,69.0381,10.8226,120.0097,83.0361,-13.8749
3:50:34 PM,42.4803687,-82.8655412,14.3274,8.8639,354.1739,307.8032,30.6544,1.3264,2.3471,115.2182,0.762,-0.4588,9.6393,64.567,9.9962,119.4435,84.292,-8.6495
3:50:35 PM,42.48042214,-82.86555888,,9.2916,353.5608,308.7139,-33.0952,-1.4987,2.0821,115.3765,0.7632,-0.4612,10.6168,57.5626,9.5285,109.8846,49.8266,-18.8424
3:50:36 PM,42.48046191,-82.86556157,14.229,9.0777,353.578,,60.6625,0.3326,2.5258,115.535,0.7645,-0.4637,10.285,68.1001,10.7791,117.7108,74.852,3.1305
3:50:37 PM,42.480503,-82.86556727,,8.5918,355.7208,309.366,-10.5676,0.0921,2.0702,115.6967,0.7654,-0.466,10.6138,57.2927,9.4628,109.302,49.4165,-15.0208
3:50:38 PM,42.48054235,-82.86556549,14.0978,9.2527,355.7781,311.0396,15.6933,-1.2261,2.501,115.864,0.7667,-0.4685,10.2427,58.6525,9.4896,112.8077,64.4168,-5.8936
3:50:39 PM,42.48058554,-82.86556959,,8.9805,355.3656,312.2646,34.4462,0.1713,2.6948,116.0271,0.7679,-0.471,10.3115,60.9083,9.8899,114.343,72.0082,-7.6353
3:50:40 PM,42.48062625,-82.86557167,14.229,8.9417,355.8526,310.5055,,-0.2569,1.6583,116.1868,0.7691,-0.4734,10.2237,58.8263,9.4834,112.7214,64.3934,-14.3275
3:50:41 PM,42.480667,-82.86557444,,8.6695,356.1964,310.6791,-33.0505,-0.507,1.4357,,,,10.0781,65.1814,10.2302,116.6013,75.2156,-11.1247
3:50:42 PM,42.4807136,-82.8655833,14.0978,9.1166,355.8125,,15.7036,,,116.4237,0.7711,-0.4772,10.5014,65.9589,10.6732,116.0318,73.3864,-11.1247
3:50:43 PM,42.4807595,-82.8655955,,9.3304,356.2709,313.2098,-59.2805,-1.2276,2.2941,116.5889,0.7729,-0.48,10.6736,67.1475,11.0121,116.724,77.7206,-14.7515
3:50:44 PM,42.480805,-82.8656025,14.229,9.2332,354.5348,310.7918,-29.2862,0.2589,1.8618,116.7594,0.7744,-0.4827,10.078,66.9986,10.6769,119.6732,86.1461,12.4697
3:50:45 PM,42.4808452,-82.8656035,,9.2138,355.3885,310.979,45.7255,-1.4693,2.1481,116.9171,0.7755,-0.4851,10.7511,61.2509,10.2725,113.4242,67.0553,-16.436
3:50:46 PM,42.4808873,-82.8656026,14.2946,9.2527,352.1227,310.5608,-14.2666,0.6001,2.5322,117.0847,0.7766,-0.4876,10.11,68.5,10.9448,120.7445,86.7796,-1.1781
3:50:47 PM,42.4809354,-82.8656099,,9.3693,355.1823,,71.9589,-0.6054,2.0581,117.2632,0.7782,-0.4905,10.9066,65.4355,11.0244,115.8709,73.6912,-16.7855
3:50:48 PM,42.4809785,-82.8656127,14.0978,9.4082,354.9359,310.9736,,-0.7151,2.6667,117.4281,0.7795,-0.493,10.0387,59.7709,9.6717,116.2578,77.7741,-2.3412
3:50:49 PM,42.4810183,-82.8656123,,9.3693,354.7354,311.6725,-33.0367,,,117.5844,0.7806,-0.4954,10.4114,63.1906,10.4039,116.7284,77.9113,
3:50:50 PM,42.4810565,-82.8656102,14.4587,8.8445,353.1998,309.8934,-104.2703,0.8184,2.4102,117.7207,0.7814,-0.4973,9.9031,61.3455,9.7735,117.2313,80.7346,-10.1564
3:50:51 PM,42.4811047,-82.8656238,,8.9611,351.8591,307.9289,-104.26,1.1612,2.7385,117.8887,0.7833,-0.5003,10.2281,59.0723,9.507,112.6497,65.3928,-3.0918
3:50:52 PM,42.4811434,-82.8656291,14.3274,8.7278,354.5749,,94.459,-1.129,1.6146,118.0309,0.7846,-0.5026,10.953,65.6563,10.858,113.2112,62.9279,-4.633
3:50:53 PM,42.4811809,-82.865631,14.0322,9.136,353.9046,307.9596,79.4635,-0.4631,2.0188,118.1713,0.7858,-0.5048,10.1903,47.3023,7.7637,105.2786,8.0977,4.7978
3:50:54 PM,42.4812126,-82.8656285,13.6056,8.8445,354.7182,310.374,-55.5334,-1.0392,2.5546,118.3597,0.787,-0.5076,9.283,71.3631,10.659,124.3877,94.4221,-27.4425
3:50:55 PM,42.4812493,-82.8656313,,8.8833,355.3885,308.2755,124.4499,0.3374,1.9674,118.5109,0.7882,-0.51,8.4428,63.7019,9.1626,124.3021,104.0331,-11.5257
3:50:56 PM,42.4812894,-82.8656327,14.1634,9.0389,355.5661,309.7569,8.199,-1.2351,2.7694,118.6612,0.7895,-0.5124,9.0147,60.6601,9.0978,120.2587,92.6255,-6.5009
3:50:57 PM,42.4813296,-82.8656347,,9.0583,357.3194,309.8478,45.6877,-1.2737,2.1444,118.8094,0.7907,-0.5147,9.595,62.6774,9.6616,118.0771,81.0117,-7.6353
3:50:58 PM,42.481373,-82.8656351,13.9665,,,,,,,118.9654,0.792,-0.5172,9.714,60.153,9.4001,116.3223,76.5211,-7.8874
3:50:59 PM,42.4814157,-82.8656404,,9.0194,355.337,312.1624,-115.4945,0.8295,2.6724,119.118,0.7934,-0.5197,10.4566,62.3612,10.1578,114.2237,69.8865,-7.7499
3:51:00 PM,42.4814571,-82.8656453,13.8025,8.6695,354.3286,308.806,-48.0013,0.633,2.253,119.2675,0.795,-0.5223,10.4595,49.7684,8.2496,104.5431,21.464,-0.9432
3:51:01 PM,42.4814993,-82.8656537,,8.8639,352.604,309.5499,15.7346,-1.377,1.9521,119.4064,0.7964,-0.5247,11.0539,67.9355,11.3077,115.0461,68.8302,-24.4517
3:51:02 PM,42.48154,-82.8656611,13.7369,9.3499,351.6185,309.4391,27.0001,-0.3175,2.0472,119.551,0.7978,-0.5271,10.0029,70.0942,10.8916,120.2847,81.6483,-14.2129
3:51:03 PM,42.4815803,-82.8656644,,9.0194,0,310.6873,-51.7243,-0.0923,2.1944,119.6991,0.7991,-0.5295,10.7611,59.8608,9.9929,111.3627,51.6681,-4.7304
3:51:04 PM,42.4816211,-82.8656671,14.0978,9.1166,0,,83.2657,-0.4499,2.2419,119.8486,0.8004,-0.532,10.5291,63.9783,10.4414,115.0181,68.3363,-7.8645
3:51:05 PM,42.4816654,-82.865668,13.6056,9.0777,354.3916,309.0707,,1.055,1.8944,120.0092,0.8019,-0.5346,9.91,61.0148,9.7207,116.9016,78.2548,-5.1029
3:51:06 PM,42.4817098,-82.8656779,13.3432,9.311,352.1112,310.0926,-81.7118,-0.2248,2.3785,120.16,0.8037,-0.5374,10.5129,69.9527,11.4793,120.6467,83.8026,-22.75
3:51:07 PM,42.4817556,-82.8656884,,9.1555,353.1253,310.0739,12.0459,,,120.2964,0.8053,-0.5399,10.4151,57.2616,9.4892,112.5985,65.6691,3.0962
3:51:08 PM,42.4818003,-82.8656975,13.8025,9.7581,351.8419,308.3746,64.4921,-1.62,2.5784,120.4463,0.807,-0.5426,9.5739,67.5247,10.4486,122.1471,89.4232,-9.6751
3:51:09 PM,42.4818414,-82.8657027,13.3432,9.0972,353.5436,,-115.4774,0.8012,2.7348,120.5877,0.8084,-0.5451,9.0974,63.3382,9.5602,121.743,92.1922,-5.9852
3:51:10 PM,42.4818881,-82.8657154,,8.8833,351.6414,306.6006,75.737,-0.508,1.8602,120.7379,0.8103,-0.5479,10.1149,61.2032,9.7376,114.4559,65.701,-6.2774
3:51:11 PM,42.4819289,-82.8657172,13.9665,8.7473,351.9508,307.9062,45.7427,-1.0934,2.4244,,,,,,,,,
3:51:12 PM,42.4819617,-82.8657196,,8.7084,353.3774,307.6716,-51.745,-0.1489,2.1562,120.9522,0.8124,-0.5515,9.7063,63.9498,9.8512,117.7242,76.487,-6.3691
3:51:13 PM,42.4820017,-82.8657262,14.0978,8.7278,352.5638,307.0371,,,,121.0656,0.8135,-0.5535,9.719,62.1654,9.5813,116.2321,72.3643,-5.0169
3:51:14 PM,42.4820394,-82.8657316,14.1634,8.7667,353.4806,307.9482,83.2485,0.1201,2.1893,121.1998,0.815,-0.5559,9.5092,65.7486,9.923,119.1055,79.3587,-7.8301
3:51:15 PM,42.4820829,-82.8657406,,8.7473,352.2029,,-32.9921,0.4954,2.8475,121.3141,0.8162,-0.5579,9.3772,67.8849,10.1765,121.3875,85.7369,-7.5265
3:51:16 PM,42.4821262,-82.8657492,14.0322,8.6695,352.7357,308.097,-17.9966,0.6231,2.8837,121.4558,0.8179,-0.5605,9.4427,68.5354,10.2737,121.1996,85.1885,-6.816
3:51:17 PM,42.4821667,-82.8657556,,9.0583,352.6899,309.4805,64.5059,-0.9147,2.5503,121.596,0.8196,-0.5632,10.3496,70.147,11.0506,118.2492,76.1643,-13.5368
3:51:18 PM,42.4822112,-82.8657666,14.2946,8.7667,353.9962,309.0048,124.4636,-1.1245,2.2286,121.7319,0.8211,-0.5656,9.3457,71.8103,10.6415,123.4524,90.0687,-6.1972
3:51:19 PM,42.4822579,-82.8657732,,8.6112,356.4886,,-96.7348,-0.5386,2.2172,121.8762,0.8229,-0.5683,10.1974,67.5443,10.671,117.9743,75.9515,-12.4998
3:51:20 PM,42.4822987,-82.8657755,13.2448,8.9417,354.6895,311.294,,-0.7413,2.6661,122.1015,0.8253,-0.5723,9.6923,65.1598,10.0105,118.5212,81.8024,-6.4092
3:51:21 PM,42.4823393,-82.8657778,,8.9222,355.4344,308.6809,60.7278,,,122.2412,0.8267,-0.5747,9.634,65.6993,10.0752,119.3675,82.806,-9.2568
3:51:22 PM,42.4823809,-82.8657806,13.3432,9.1166,355.9099,311.7114,45.7461,-0.5957,1.9747,122.3826,0.8281,-0.5772,9.7134,65.451,10.1109,119.0904,81.9317,-9.2052
3:51:23 PM,42.4824203,-82.8657785,,9.3304,355.5547,311.196,-85.4864,-1.6752,2.8434,122.5248,0.8293,-0.5795,9.9218,68.0349,10.6827,120.5309,86.8192,-10.7981
3:51:24 PM,42.4824653,-82.865787,11.5059,9.136,355.4917,310.6988,49.5104,-0.0743,2.0471,122.667,0.8311,-0.5822,9.5482,55.9509,8.7719,115.5929,77.9591,3.3196
3:51:25 PM,42.482504,-82.865791,,9.0194,354.9817,310.3325,-36.7392,-0.1489,2.5131,122.7816,0.8323,-0.5843,9.8055,70.9539,11.0063,122.6348,90.1367,-13.6915
3:51:26 PM,42.4825439,-82.8657949,12.4245,8.8639,355.4172,,12.0046,-0.0583,2.3233,122.9136,0.8338,-0.5867,10.4008,62.1166,10.0639,114.0076,67.7065,-5.9394
3:51:27 PM,42.4825886,-82.8657976,,8.6501,356.3396,310.3663,53.2473,-0.5347,2.0461,123.0637,0.8353,-0.5893,10.568,63.3714,10.3412,114.0021,67.3574,-5.9852
3:51:28 PM,42.4826307,-82.8658014,12.1949,8.8445,356.1907,311.9562,-47.9875,-0.3994,2.3729,123.2024,0.8369,-0.5918,10.4371,63.8223,10.3282,114.9202,71.6065,-7.4062
3:51:29 PM,42.4826713,-82.8658018,12.3261,9.0194,356.9355,310.9726,-55.4955,0.5882,2.1723,123.3412,0.8382,-0.5942,10.2089,67.3198,10.7193,118.5087,80.3705,-3.8882
3:51:30 PM,42.4827125,-82.8658093,,8.9028,353.7957,309.6841,,,,,,,10.5302,61.5128,10.0595,113.0664,64.5249,-5.4237
3:51:31 PM,42.4827514,-82.8658116,11.5715,8.9222,354.8442,310.2762,23.2426,-0.4012,2.1481,123.5362,0.8406,-0.5979,10.5471,64.0758,10.4405,114.6943,68.2909,-5.4868
3:51:32 PM,42.4827932,-82.8658167,,9.0389,354.4775,308.671,-40.5001,-0.5952,2.2368,123.7322,0.8428,-0.6015,10.6159,65.2587,10.6546,115.1885,69.1603,-6.2316
3:51:33 PM,42.4828312,-82.8658226,11.5059,9,353.6467,308.6719,8.2506,0.3241,2.6465,123.8511,0.8443,-0.6038,10.1802,63.7838,10.1641,116.0317,71.9098,-7.7156
3:51:34 PM,42.4828704,-82.86583,,8.9417,354.1223,,79.5151,0.7749,2.0414,,,,9.9904,67.7183,10.5559,118.8648,78.6774,
3:51:35 PM,42.4829169,-82.8658439,11.3747,9.0389,352.1284,309.7678,,,,124.0342,0.8467,-0.6074,10.742,62.7264,10.3379,112.5466,64.1297,20.3365
3:51:36 PM,42.4829569,-82.8658493,,8.7667,354.0593,308.5132,-48.0116,-1.5492,3.02,124.1547,0.8486,-0.61,10.0207,74.2537,11.4276,122.4369,84.5194,-13.7373
3:51:37 PM,42.4829941,-82.8658528,12.1949,8.6501,353.1998,306.303,26.9554,0.7287,1.6185,124.2794,0.8501,-0.6124,10.4593,57.6113,9.368,109.4718,45.2076,1.4231
3:51:38 PM,42.4830323,-82.8658588,11.998,8.7667,352.0768,308.5859,4.4828,-1.0338,2.3686,124.3964,0.8515,-0.6146,10.6293,69.4911,11.1577,116.8406,71.73,0.6095
3:51:39 PM,42.483073,-82.8658611,,8.5918,355.4229,307.6946,173.1971,-1.2892,2.1405,124.5157,0.853,-0.6169,10.2031,70.7686,11.1096,119.871,78.9209,-11.1247
3:51:40 PM,42.4831163,-82.8658654,12.0636,9.3499,355.7094,310.793,-66.761,-0.0325,2.0753,124.649,0.8545,-0.6193,10.0427,67.9787,10.7042,119.5694,82.3612,-8.6953
3:51:41 PM,42.4831596,-82.8658705,,9.2916,354.8213,309.7521,8.2506,-0.3186,2.2766,124.7976,0.8563,-0.6222,10.183,66.6028,10.6488,118.6427,80.0822,-7.1197
3:51:42 PM,,,12.0636,9.0389,354.34,309.9233,26.9863,-0.7887,2.4254,124.9189,0.8578,-0.6246,10.3149,67.1222,10.819,118.5495,79.4952,-7.4291
3:51:43 PM,42.4832067,-82.8658763,,9.2916,355.1536,316.31,34.4634,-1.0945,2.277,125.0504,0.8595,-0.6271,10.2023,68.582,10.9033,119.4149,80.2526,-8.5177
3:51:44 PM,42.4832476,-82.8658787,12.1293,9.0583,356.3969,,,,,125.18,0.861,-0.6295,9.9432,66.8379,10.5207,119.6655,82.5104,-10.0246
3:51:45 PM,42.4832882,-82.8658779,,9.2916,355.9386,309.9958,56.9497,-0.649,2.0506,125.3149,0.8624,-0.6319,10.1423,69.1648,11.0124,120.5972,85.2092,-9.8126
3:51:46 PM,42.483331,-82.8658815,11.9324,9.1944,356.0302,310.552,-36.777,-1.2246,2.6441,125.4476,0.864,-0.6345,,,,,,-9.8355
3:51:47 PM,42.4833717,-82.8658807,11.6371,9.2332,357.4455,310.6465,68.2049,-0.7431,1.65,125.6502,0.8662,-0.6382,10.1518,66.0381,10.5299,118.2363,79.3611,-7.1999
3:51:48 PM,42.483415,-82.8658835,,9.7192,355.4802,311.6178,-44.2576,-2.0226,1.7252,125.7833,0.8678,-0.6407,10.265,62.048,10.1017,116.1523,73.8853,-5.5784
3:51:49 PM,42.4834579,-82.8658866,12.4902,9.5637,356.2995,310.0863,-3.0149,-1.1483,2.6428,125.9192,0.8694,-0.6433,10.241,63.1241,10.3712,118.263,82.9544,-14.4822
3:51:50 PM,42.48350634,-82.86588942,,9.5054,355.7781,310.7899,38.2381,0.1644,2.5071,126.0459,0.8712,-0.6459,9.2752,62.6161,9.804,122.8543,101.0721,2.0648
3:51:51 PM,42.48354979,-82.8658971,12.8182,9.1749,356.225,,-137.9946,1.1743,2.4472,126.1764,0.873,-0.6486,10.4143,58.8715,9.8405,115.0529,72.9635,-20.3665
3:51:52 PM,42.48359359,-82.86590312,,9.3887,354.5004,310.4806,98.2095,-0.2867,1.7351,,,,9.4562,61.666,9.646,120.3596,92.0388,2.5117
3:51:53 PM,42.48363453,-82.86590828,13.3104,9.3887,354.7755,307.5966,,,,126.3614,0.8755,-0.6523,10.2311,59.5186,9.7218,114.9141,67.1536,2.2826
3:51:54 PM,42.48367753,-82.86591197,,9.3499,355.337,310.2544,-66.7576,-1.5783,1.9949,126.4905,0.8772,-0.6549,10.2295,57.5847,9.4672,114.1951,69.0281,-12.1617
3:51:55 PM,42.48371983,-82.86591467,13.8025,9.311,355.7037,308.0718,8.2197,-0.6853,2.2658,126.6193,0.8787,-0.6574,8.5209,65.9465,9.7452,127.0186,109.8691,0.7814
3:51:56 PM,42.48376922,-82.86592508,,9.1166,354.2827,309.6428,4.4966,0.4986,2.311,126.7681,0.8811,-0.6606,8.4513,55.4014,8.2294,122.291,118.8672,0.1798
3:51:57 PM,42.4838175,-82.8659346,14.0322,8.7278,353.3832,308.5414,-51.7484,0.4649,2.3998,126.8778,0.8828,-0.663,9.4511,57.4671,8.9141,116.6354,79.99,-0.8171
3:51:58 PM,42.483863,-82.8659481,,8.7473,353.1655,,12.0218,-0.204,2.2716,126.9953,0.8849,-0.6658,9.602,59.1742,9.1535,115.7359,73.7901,-1.35
3:51:59 PM,42.4839088,-82.8659633,13.8025,8.7278,354.3228,309.8204,0.7426,-1.3329,2.279,127.1108,0.8871,-0.6686,10.0013,63.623,9.9647,115.9502,73.5833,-8.8386
3:52:00 PM,42.4839491,-82.865971,,8.9611,353.9561,309.0535,75.7542,-0.919,2.1229,127.2223,0.8888,-0.6711,9.2037,64.7496,9.63,120.1842,85.7494,-1.1437
3:52:01 PM,42.4839899,-82.8659765,14.0322,9.0389,355.3885,310.8751,-40.4967,-1.1347,2.2096,127.3391,0.8905,-0.6735,9.9951,70.8367,11.0173,121.0248,83.9774,-14.4593
3:52:02 PM,42.4840312,-82.86598,,9.1749,355.5432,309.8186,,0.0787,2.2635,127.4597,0.8921,-0.676,9.2372,74.8837,11.1292,126.7483,98.2453,-12.8493
3:52:03 PM,42.4840712,-82.8659818,14.0322,9.0194,354.9302,,-6.7414,0.1707,2.2208,127.5786,0.8937,-0.6784,9.0762,63.6142,9.6105,122.2181,96.2193,
3:52:04 PM,42.4841181,-82.8659877,,9.311,354.1108,311.1684,-29.2174,-0.2337,2.3978,127.6993,0.8954,-0.6809,9.5106,67.997,10.5171,123.025,93.4441,-4.3294
3:52:05 PM,42.4841612,-82.8659938,13.6056,9.2332,354.0593,310.4118,30.7644,0.2559,2.7147,127.8195,0.8972,-0.6835,9.6948,69.0383,10.773,122.8212,91.6275,-8.2771
3:52:06 PM,42.4842005,-82.8659949,13.9009,,,308.4732,-77.9887,,,127.9364,0.8987,-0.6858,8.9688,66.3486,9.9304,124.1774,98.5202,-9.1193
3:52:07 PM,42.4842442,-82.8660031,,8.9805,352.8446,308.2548,64.5093,0.3552,2.1504,128.0538,0.9006,-0.6885,9.6195,62.777,9.6707,117.8072,77.954,-4.295
3:52:08 PM,42.484293,-82.8660198,13.7369,8.8833,0,309.7874,34.5081,-0.3272,2.1503,128.1713,0.903,-0.6915,9.798,65.5246,10.1385,118.4083,76.8475,-5.9852
3:52:09 PM,42.4843371,-82.8660283,,8.9028,354.5234,,,-1.119,2.2048,128.2884,0.9049,-0.6942,9.3513,65.2026,9.8562,120.5375,87.2646,-6.8676
3:52:10 PM,42.4843792,-82.866033,13.8353,8.9611,355.463,310.1713,15.7586,0.2688,2.1512,128.4652,0.9081,-0.6984,8.7852,64.1319,9.4768,123.474,100.1875,-6.7931
3:52:11 PM,42.4844276,-82.8660482,,9.136,355.0849,311.1481,-14.222,-0.6103,2.3706,128.5867,0.9108,-0.7017,9.1776,64.794,9.8025,122.1021,94.0755,-6.1227
3:52:12 PM,42.4844841,-82.8660679,13.8353,8.7667,354.5635,309.3327,79.4773,-0.9714,2.3755,128.7266,0.9134,-0.7051,8.9419,64.7452,9.6789,123.3269,98.1725,-6.3691
3:52:13 PM,42.4845371,-82.8660824,,9.311,356.2709,310.2008,-25.5115,-1.0066,1.9707,128.8387,0.9156,-0.708,8.9745,58.7995,8.9478,120.9173,99.622,-3.5272
3:52:14 PM,42.4845881,-82.8660974,13.8353,9.5637,355.0562,311.9196,-100.4647,-0.8866,2.2637,128.9555,0.9174,-0.7105,9.1167,60.8982,9.3963,122.032,99.8566,-5.5211
3:52:15 PM,42.4846309,-82.8661022,,9.2332,353.3603,,56.9738,0.1514,1.9432,129.0688,0.9188,-0.7128,8.6627,61.6786,9.3202,125.0954,110.9494,-5.7904
3:52:16 PM,42.484669,-82.8661005,13.9665,9.5443,354.3801,308.1396,,-1.9398,1.6075,129.185,0.9205,-0.7152,9.4138,58.8899,9.2819,119.7334,92.2884,-2.9027
3:52:17 PM,42.484711,-82.8661042,,9.2916,353.9103,309.7339,-10.4954,,,,,,8.5964,66.8221,10.0492,128.1513,110.4499,-13.5253
3:52:18 PM,42.484752,-82.8661067,14.0322,9.5831,354.1051,310.5774,-6.7311,0.8417,2.6598,129.357,0.9231,-0.719,9.058,64.8317,10.0521,125.3578,103.746,-6.5983
3:52:19 PM,42.4848063,-82.8661136,,9.5443,355.7094,307.9399,-14.2804,-0.8656,2.2816,129.4899,0.9252,-0.722,8.7818,63.2666,9.6415,125.5627,108.8387,-10.1392
3:52:20 PM,42.4848532,-82.8661221,13.4088,9.3887,352.3404,308.9097,45.7358,-0.3185,1.6792,129.6153,0.9273,-0.7249,9.6794,62.2758,9.966,120.7131,90.2827,-4.9825
3:52:21 PM,42.4848981,-82.8661322,,9.8747,354.615,310.1913,68.2393,-2.1177,2.0278,129.7364,0.9294,-0.7278,9.0083,71.0175,10.8771,128.4502,106.897,-16.6537
3:52:22 PM,42.484938,-82.8661294,12.9823,9.6998,355.7323,,19.5023,-0.9743,2.0409,129.8371,0.9312,-0.7302,9.0031,67.9206,10.4659,127.1416,108.0318,-11.5773
3:52:23 PM,42.4849807,-82.866129,,9.4665,356.6319,310.8516,-59.2393,-0.9983,1.9838,129.9562,0.9327,-0.7325,9.7519,66.2747,10.6315,122.887,95.5056,-11.6002
3:52:24 PM,42.485022,-82.8661278,12.8182,9.6609,356.7063,310.3679,64.5059,-0.4155,2.288,130.0766,0.9343,-0.735,10.0081,65.58,10.6459,121.1303,90.0211,-10.7809
3:52:25 PM,42.4850651,-82.8661294,,9.5248,355.251,310.4829,-107.9865,-0.6546,2.5386,130.1948,0.9358,-0.7374,10.3468,65.4769,10.7938,119.2941,83.6807,-10.7809
3:52:26 PM,42.4851136,-82.8661375,12.9823,9.5443,353.8301,308.6645,-25.4909,0.1605,2.1198,130.309,0.9376,-0.74,,,,,,-7.6182
3:52:27 PM,42.4851673,-82.8661567,,9.5637,353.154,309.0806,-2.9874,-0.1703,2.027,130.4286,0.9397,-0.7429,10.0928,62.2492,10.0835,117.6508,78.9273,
3:52:28 PM,42.4852219,-82.866176,13.3432,9.2916,354.0306,,,,,130.5433,0.9425,-0.7462,10.36,61.4736,10.099,115.6701,72.427,-7.8301
3:52:29 PM,42.4852725,-82.8661891,,9.4082,351.0627,307.3975,15.7346,-0.7431,2.2655,130.658,0.9453,-0.7496,10.0373,62.008,9.9661,117.2119,77.6766,-7.6583
3:52:30 PM,42.4853123,-82.8661923,13.8353,9.0583,353.2228,305.9243,4.4691,1.4305,2.6241,130.7737,0.9477,-0.7526,9.1236,62.7008,9.5264,121.6734,92.5604,-8.5177
3:52:31 PM,42.4853499,-82.8661947,,8.7667,351.5669,,15.7208,-1.1078,1.7879,130.8759,0.9493,-0.755,10.2133,53.7105,8.7659,110.0954,41.6836,-0.1754
3:52:32 PM,42.4853888,-82.8661972,13.6713,8.825,353.6811,306.8729,11.9737,0.3217,2.0907,130.9641,0.9507,-0.7569,9.3917,65.0457,9.8614,120.2921,83.9805,-11.4627
3:52:33 PM,42.4854416,-82.8662156,,9.0194,353.0967,308.6892,23.246,-0.3009,2.3268,131.1274,0.9541,-0.7613,9.5294,59.2555,9.1461,116.4308,75.0057,-1.5734
3:52:34 PM,42.4854826,-82.866222,13.4744,9.0389,353.5092,307.8943,-10.5161,-1.2253,2.1725,131.2281,0.9559,-0.7637,9.999,69.3891,10.8632,120.5109,82.2845,-17.9486
3:52:35 PM,42.4855195,-82.8662202,,9.0389,353.4347,308.5285,45.7461,-0.5732,2.3479,131.3308,0.9573,-0.7659,9.2933,59.8797,9.0917,117.853,81.0707,-0.714
3:52:36 PM,42.4855555,-82.8662191,13.0479,8.825,353.3889,307.0867,-25.5184,-0.3969,2.8876,131.4296,0.9587,-0.768,9.3976,65.6029,9.9221,120.3944,85.6609,-8.3916
3:52:37 PM,42.4855907,-82.8662205,,8.7084,353.6754,,8.2437,0.3184,2.3967,131.5207,0.9601,-0.7701,9.3393,65.5782,9.8049,119.8546,82.4827,-7.8072
3:52:38 PM,42.4856191,-82.8662146,13.1791,8.4946,353.3316,308.3903,105.7107,-1.63,2.0052,131.6076,0.961,-0.7717,9.4882,66.9669,9.9919,119.0863,79.7276,-7.8072
3:52:39 PM,42.4856532,-82.8662126,,8.7278,355.0276,308.4763,38.2277,,,,,,10.1797,68.7325,10.7018,117.5723,73.5611,-8.4948
3:52:40 PM,42.4856861,-82.8662059,13.4088,8.8639,355.8985,310.0698,,-0.4681,2.013,131.7543,0.9632,-0.7749,9.3388,66.03,9.9039,120.5013,86.6927,-6.5238
3:52:41 PM,42.4857209,-82.8662029,,8.9417,354.5577,308.9629,-89.2508,-0.8174,3.3571,131.8906,0.9646,-0.7773,9.5691,69.4365,10.5307,121.7022,87.8977,-11.9612
3:52:42 PM,42.4857613,-82.8662068,13.3104,8.7473,355.7724,310.6241,83.2278,0.2224,2.091,131.9907,0.9663,-0.7797,9.4039,61.647,9.3535,117.7756,79.7139,1.4002
3:52:43 PM,42.4858016,-82.8662076,,8.9611,355.6234,311.1439,11.9771,-1.7683,2.4896,132.0963,0.968,-0.7821,9.9675,66.0796,10.333,118.1436,79.2584,-9.1021
3:52:44 PM,42.4858407,-82.8662085,12.9823,9.1166,355.6693,310.9322,-122.9854,-0.555,2.3016,132.1973,0.9696,-0.7844,9.1932,66.5298,10.0259,122.7452,96.2563,-9.5318
3:52:45 PM,42.4858792,-82.8662115,,9.2138,355.3427,,-6.7517,1.1696,3.0286,132.2931,0.9712,-0.7867,9.1682,62.3238,9.4536,120.8122,92.5228,-1.9459
3:52:46 PM,42.4859148,-82.8662157,12.8511,9.1749,353.853,309.375,23.2701,-0.3731,2.2854,132.3789,0.9728,-0.7888,10.4878,61.4063,10.0771,113.9612,67.4076,-2.7194
3:52:47 PM,42.4859525,-82.8662192,,9.1749,355.1021,309.7115,-36.7426,-0.8204,2.3565,132.4708,0.9744,-0.7911,10.5764,66.8915,10.9414,117.2412,75.5661,-10.3397
3:52:48 PM,42.4859926,-82.8662236,13.2448,9.3499,353.4806,309.6073,-62.9933,0.8013,2.6087,132.5672,0.9762,-0.7935,9.7748,68.0736,10.6338,121.4909,87.874,
3:52:49 PM,42.4860318,-82.8662283,,9.1944,353.0795,308.2318,,-0.3238,2.1389,132.6605,0.978,-0.7958,10.358,68.2612,11.0145,119.1297,79.1792,-7.6583
3:52:50 PM,42.4860777,-82.8662357,13.4744,9.2527,353.0451,308.2157,15.7449,-1.1832,2.3129,,,,10.3261,67.5561,10.9024,118.9078,78.4918,-7.7958
3:52:51 PM,42.4861203,-82.8662425,,9.3499,353.6868,309.0731,30.7403,,,132.8063,0.9809,-0.7996,10.1442,69.1716,11.0637,121.0225,84.5235,-8.0192
3:52:52 PM,42.4861623,-82.8662485,13.6056,9.5637,354.7411,308.6597,11.9805,-1.8466,2.774,132.903,0.9828,-0.8022,10.2378,72.1096,11.5306,122.3334,86.2146,-8.0192
3:52:53 PM,42.4862059,-82.8662537,,9.2721,354.9474,,11.9668,-1.3927,2.6739,133.0019,0.9847,-0.8047,9.878,62.9625,10.0276,118.6674,82.7459,-4.2091
3:52:54 PM,42.486248,-82.8662573,13.8353,9.1749,355.7781,310.447,,,,133.1042,0.9867,-0.8073,9.9142,69.4514,10.9333,121.8872,88.2797,-11.4856
3:52:55 PM,42.4862918,-82.8662601,,9.2916,354.764,309.8933,38.2106,-0.6423,1.7487,133.2045,0.9885,-0.8098,10.2095,67.562,10.8415,119.494,82.1578,-9.1823
3:52:56 PM,42.486335,-82.8662641,13.7369,9.2138,356.7407,310.3181,-10.5333,-2.3046,1.884,133.3122,0.9904,-0.8124,9.319,70.7084,10.7717,125.258,98.4675,-15.1354
3:52:57 PM,42.4863784,-82.8662693,,9.3304,355.6464,310.1091,-40.5035,1.1755,2.6893,133.4128,0.9923,-0.815,10.0257,60.5928,9.7566,116.4688,76.7068,-0.3416
3:52:58 PM,,,13.6056,9.2916,355.1823,309.8219,-25.5218,0.0764,1.9425,133.5125,0.9942,-0.8176,9.9466,61.3669,9.8044,117.0712,78.6323,-5.355
3:52:59 PM,42.486425,-82.8662721,,9.311,351.9852,311.0412,-47.9772,-0.6862,2.1894,133.6581,0.9971,-0.8213,10.3764,64.7729,10.5541,117.2032,78.197,-5.2404
3:53:00 PM,42.4864666,-82.8662787,13.54,9.4082,351.8362,311.1061,-44.2163,-0.8272,1.6975,,,,8.9616,69.1731,10.4342,126.6065,101.6941,-13.8061
3:53:01 PM,42.4865104,-82.8662864,13.54,9.5637,354.85,,11.984,-1.0403,2.3357,133.8012,1.0001,-0.8253,8.9791,71.3684,10.8744,128.5159,105.3465,-13.3191
3:53:02 PM,42.4865559,-82.8662941,,9.5443,353.1425,308.2555,,,,133.9011,1.0023,-0.828,,,,,,-7.4062
3:53:03 PM,42.4866019,-82.8663036,13.6713,9.5054,353.2228,307.671,-3.0183,-1.0124,2.1614,133.9977,1.0045,-0.8308,9.191,68.156,10.5534,126.0627,100.9618,-6.8504
3:53:04 PM,42.4866463,-82.8663116,,9.4665,352.8446,308.8829,120.7268,-0.1293,2.2502,134.0931,1.0066,-0.8335,9.2782,59.8642,9.3987,121.3786,97.0375,-2.7767
3:53:05 PM,42.486691,-82.8663209,13.7369,9.2916,355.4516,309.826,53.2266,-1.1082,2.6775,134.1854,1.0088,-0.8362,9.8779,60.8576,9.792,118.2279,82.4505,-9.7209
3:53:06 PM,42.4867329,-82.8663261,,9.1944,358.0585,312.1733,176.9477,-0.4218,1.8562,134.2807,1.0106,-0.8387,9.845,67.4086,10.6485,121.3941,88.1783,-6.5983
3:53:07 PM,42.48678042,-82.86632868,13.6713,9,359.4852,,158.212,-1.5479,2.754,134.3822,1.0125,-0.8412,9.9508,64.3321,10.1964,118.405,81.8511,-7.0968
3:53:08 PM,42.48682208,-82.86632774,13.6713,8.7473,3.4549,314.3557,206.9249,-0.8742,3.0792,134.4863,1.0142,-0.8437,10.3585,68.4257,10.9861,118.7391,83.4147,-11.6575
3:53:09 PM,42.48686405,-82.86632186,,8.6112,7.4485,316.2776,,,,134.5994,1.0157,-0.846,9.462,68.6726,10.3446,121.5662,93.4121,-7.6583
3:53:10 PM,42.48690402,-82.86631504,13.6713,8.9417,11.3274,317.9219,210.6548,-1.4487,2.3062,134.7638,1.0178,-0.8494,10.4542,63.4701,10.162,113.012,61.2123,-8.214
3:53:11 PM,42.48694355,-82.86630589,,8.514,13.4989,,,,,134.8794,1.0192,-0.8517,11.4284,62.9485,10.7312,108.4758,46.7474,
3:53:12 PM,42.4869834,-82.86629382,13.1791,8.8639,17.8763,,,,,134.9963,1.0204,-0.8538,12.0469,62.8827,11.1771,106.3934,37.577,-8.0822
3:53:13 PM,42.48702219,-82.86627926,,8.2419,20.2197,,,,,135.1173,1.0214,-0.8558,12.0928,66.7141,11.7756,109.388,40.608,-16.1323
3:53:14 PM,42.4870629,-82.8662588,13.6056,7.6393,23.5085,328.8108,,,,135.2323,1.0223,-0.8578,12.2783,55.1687,10.1947,98.658,358.2399,-6.9535
3:53:15 PM,42.487098,-82.8662404,,8.514,24.133,,,,,135.3564,1.0232,-0.8597,12.1358,59.5561,10.7158,102.48,40.6743,-5.9623
3:53:16 PM,42.4871332,-82.866217,13.6713,8.5918,24.133,342.7549,94.6309,0.386,2.5705,135.482,1.0239,-0.8615,13.3015,40.4679,8.7614,80.1779,21.1244,23.4992
3:53:17 PM,42.4871683,-82.8661927,,8.1253,24.133,345.5259,-17.835,-4.022,2.4229,135.6057,1.0246,-0.8633,15.0404,61.2293,13.2509,95.775,71.5902,-29.3447
3:53:18 PM,42.4872023,-82.8661683,13.8025,9.0972,24.133,346.9786,0.9419,0.2715,2.5571,,,,13.1197,58.3499,11.2598,97.3053,74.6075,-2.6105
3:53:19 PM,42.4872382,-82.8661437,,8.9028,26.316,348.2218,8.4397,-0.6663,2.7008,135.7317,1.0254,-0.8651,13.8771,55.2172,11.4217,93.723,68.8506,-18.2637
3:53:20 PM,42.4872727,-82.8661202,13.3104,8.5918,26.6998,348.0431,27.172,-0.6265,2.0113,135.8546,1.0261,-0.867,13.8704,56.4301,11.5935,94.5534,69.1688,-13.5826
3:53:21 PM,42.4873103,-82.8660929,,,,350.4438,-107.7837,-1.1668,2.8891,135.9789,1.0268,-0.8688,14.2056,55.9856,11.798,93.5765,69.879,-16.4016
3:53:22 PM,42.4873455,-82.8660712,13.4088,8.2613,25.17,349.5798,4.7132,-0.2699,2.7963,136.0991,1.0277,-0.8706,13.4955,53.9119,10.9348,94.1675,72.5696,-11.5658
3:53:23 PM,42.487382,-82.8660468,,8.2808,25.3648,,34.7006,-0.677,2.1326,136.2286,1.0285,-0.8725,13.8537,52.0076,10.9182,90.3961,64.4492,-11.5085
3:53:24 PM,42.4874169,-82.8660229,13.2448,8.2419,25.3648,349.4357,4.7132,-2.3222,2.8029,136.3503,1.0293,-0.8744,13.8105,52.5213,10.9627,91.3336,66.5879,-11.0158
3:53:25 PM,42.487452,-82.866,,8.6695,25.8289,350.8238,,,,136.4702,1.0301,-0.8762,12.8405,52.2376,10.1977,95.4757,72.8474,-12.0471
3:53:26 PM,42.4874871,-82.8659766,13.6056,8.5918,26.8832,350.883,15.9649,-0.0436,2.5595,136.5938,1.0309,-0.8781,12.6905,44.484,8.8961,88.3389,55.2893,-6.1972
3:53:27 PM,42.4875218,-82.8659534,,8.6306,25.2904,349.4979,-6.542,-0.8877,2.076,136.7139,1.0317,-0.8799,12.9112,46.429,9.3566,88.7763,58.0884,-8.7182
3:53:28 PM,42.4875593,-82.8659273,13.6056,9,25.3763,349.4775,45.9558,-0.4978,2.464,136.8356,1.0325,-0.8817,13.1018,48.6741,9.8391,89.8603,60.32,-12.2878
3:53:29 PM,42.4875935,-82.8659037,,8.2224,25.3706,348.4396,-59.0364,0.2028,2.3759,136.9689,1.0334,-0.8837,12.5342,47.4449,9.2341,90.8664,58.4771,-6.9535
3:53:30 PM,42.4876288,-82.8658809,13.7369,8.3391,26.293,347.574,57.18,-0.9163,1.6308,137.0899,1.0342,-0.8855,13.1676,46.9817,9.6355,87.6478,50.3055,-6.9306
3:53:31 PM,42.4876644,-82.8658583,,8.9611,24.471,345.7212,-32.8099,-2.4701,2.1763,137.2339,1.0353,-0.8878,12.7903,56.028,10.7583,99.6164,74.7608,-7.5379
3:53:32 PM,42.4877007,-82.8658369,13.3432,8.7862,25.6742,347.7728,-55.303,0.8216,2.9731,137.3555,1.0362,-0.8897,12.291,30.3196,6.4566,73.9445,0.0064,-6.6155
3:53:33 PM,42.4877373,-82.865816,,8.1447,21.2911,,64.6743,0.3923,1.958,137.4646,1.0371,-0.8915,12.849,45.7688,9.2068,89.7457,50.3911,
3:53:34 PM,42.4877753,-82.8657943,13.54,8.6695,22.2709,345.3235,-6.5936,-0.5939,2.5011,137.5876,1.0382,-0.8935,12.9447,58.151,11.1661,100.0196,76.5499,12.5385
3:53:35 PM,42.4878139,-82.8657702,,8.4557,22.2709,344.0431,,-0.9635,2.2092,137.7053,1.0391,-0.8954,13.0012,43.0517,8.9299,83.6673,36.7235,-15.3015
3:53:36 PM,42.4878498,-82.865749,13.1135,8.6306,22.2709,345.6089,57.1594,,,137.8375,1.0401,-0.8975,13.1521,57.7656,11.2684,99.1502,75.7333,-0.1124
3:53:37 PM,42.487887,-82.8657258,,8.2613,24.0528,346.0153,-89.072,-1.6807,2.6009,137.9578,1.0411,-0.8995,12.5047,43.8305,8.6635,88.3435,43.7038,-15.9089
3:53:38 PM,42.4879227,-82.8657043,12.9167,8.4168,23.8293,346.3107,27.1513,-0.7615,2.3167,138.1376,1.0426,-0.9023,12.6913,46.5445,9.2128,90.2513,50.3634,-8.999
3:53:39 PM,42.4879582,-82.8656831,,8.7084,23.8293,,-44.065,-0.6776,2.4845,138.2543,1.0435,-0.9042,12.5044,49.0717,9.4616,93.1353,59.3027,-9.486
3:53:40 PM,42.4879939,-82.8656624,12.7526,8.9222,23.0787,347.917,-21.5719,0.4427,2.2054,138.3694,1.0445,-0.9062,,,,,,-0.989
3:53:41 PM,42.4880285,-82.8656437,,8.7862,22.0302,347.2936,-44.0513,-0.8181,2.7384,138.4785,1.0455,-0.908,12.9368,47.7116,9.5704,89.646,54.491,-11.3997
3:53:42 PM,42.4880643,-82.8656226,13.8353,9.136,24.7403,343.4293,87.14,-0.2567,2.023,138.5952,1.0465,-0.9099,13.0312,52.7148,10.3976,94.3259,69.2284,-13.5998
3:53:43 PM,42.4881039,-82.8655982,,8.5335,22.374,347.0893,-25.3293,-0.6681,2.863,138.7139,1.0475,-0.9118,12.7196,43.5694,8.7944,85.4611,34.2046,-9.5146
3:53:44 PM,42.4881393,-82.8655752,13.9009,8.7084,24.5799,347.6262,98.4193,-0.9431,2.0689,138.8322,1.0484,-0.9137,12.8559,51.3434,10.0564,93.3496,64.0191,-7.6182
3:53:45 PM,42.4881756,-82.8655524,,8.3196,25.6112,,,,,138.9526,1.0494,-0.9156,12.8653,51.2154,10.039,92.6024,62.7209,-13.1644
3:53:46 PM,42.4882118,-82.8655287,13.9009,9.1166,24.8033,347.6429,-81.5846,-0.7479,3.9006,,,,12.5093,54.0945,10.2115,97.1392,71.0834,-12.3279
3:53:47 PM,42.4882473,-82.8655046,,8.5335,24.769,346.6908,15.903,-1.1618,1.6938,139.1342,1.0508,-0.9185,13.2507,50.2985,10.1974,91.2634,58.1412,-12.219
3:53:48 PM,42.4882841,-82.8654801,13.6056,8.9028,24.769,346.9158,-59.0983,-0.8522,2.4551,139.2551,1.0517,-0.9204,12.7651,49.8882,9.7767,93.0782,60.7261,-4.2721
3:53:49 PM,42.4883207,-82.8654599,,8.5335,24.5856,345.5396,15.8893,-1.3009,1.9397,139.3738,1.0527,-0.9223,13.2365,52.0751,10.4485,92.1469,62.6731,-16.5391
3:53:50 PM,42.4883572,-82.865434,13.6713,9.3304,23.623,347.1435,-55.3512,-1.4225,2.9951,139.4943,1.0538,-0.9243,12.7276,27.7563,6.4813,66.1403,348.5714,-36.5697
3:53:51 PM,42.4884004,-82.8654094,,8.5529,25.4909,343.9228,-59.1189,-1.354,2.4422,139.619,1.0548,-0.9263,13.5236,61.4041,12.1869,103.0121,84.5856,-13.2675
3:53:52 PM,42.4884368,-82.8653863,13.9009,8.6306,25.4909,345.1018,15.879,-1.2044,2.2555,139.7423,1.0559,-0.9284,12.7899,41.4388,8.4889,85.6605,25.6785,-15.1354
3:53:53 PM,42.4884724,-82.8653639,,8.7278,25.4909,,-2.8774,0.5663,2.8728,139.8597,1.0569,-0.9303,13.0452,54.2642,10.6598,96.6073,63.3579,1.257
3:53:54 PM,42.4885083,-82.8653417,13.9665,9.1166,23.1532,344.2507,15.8755,-1.4257,2.5634,139.9748,1.0579,-0.9322,12.8126,40.0201,8.3047,82.8013,24.579,-7.5609
3:53:55 PM,42.4885441,-82.8653201,,8.6112,23.9783,345.7031,,,,140.1461,1.0594,-0.935,13.1209,49.4815,9.976,91.0189,55.6908,-8.7526
3:53:56 PM,42.4885798,-82.8652958,13.6056,8.3974,26.3274,346.5855,23.3732,-0.1945,1.6753,140.2649,1.0604,-0.9369,12.4188,40.2298,8.0607,84.2915,26.1171,
3:53:57 PM,42.488617,-82.8652751,,9.1166,22.4943,346.2199,-40.3248,-1.6625,2.2953,140.38,1.0615,-0.9389,12.3456,51.7299,9.7778,97.5737,75.0402,-7.8645
3:53:58 PM,42.4886539,-82.8652511,13.7369,8.9805,24.4195,347.5619,68.4008,-0.1271,2.8992,140.5004,1.0626,-0.9408,11.8968,39.0427,7.507,86.5967,28.0626,-6.5582
3:53:59 PM,42.4886958,-82.8652265,,8.7862,24.1101,344.8169,-17.866,-1.5711,1.9185,140.62,1.0637,-0.9429,12.5612,57.6392,10.8538,102.1571,81.7348,-24.3313
3:54:00 PM,42.4887331,-82.8652039,13.8025,8.9611,23.2506,,-32.8477,-0.3201,2.8914,140.7381,1.0648,-0.9449,13.0682,47.1565,9.5821,89.5346,50.4261,-3.8481
3:54:01 PM,42.4887699,-82.8651828,,9.0777,23.0845,346.1637,87.1331,-0.5196,2.07,140.8523,1.0659,-0.9468,13.7066,45.5595,9.8144,85.6597,44.1127,-12.7404
3:54:02 PM,42.4888066,-82.8651617,13.54,8.9611,23.6402,345.1809,15.8893,-0.835,2.084,140.9655,1.067,-0.9488,13.6718,49.8252,10.4464,90.1552,54.0444,-13.9436
3:54:03 PM,42.4888426,-82.8651412,,8.6112,23.9554,347.4376,-89.0961,-0.3748,2.0813,141.0762,1.0682,-0.9507,13.633,52.8943,10.884,92.6145,62.6523,-11.4455
3:54:04 PM,42.4888798,-82.8651195,13.6713,8.7084,23.8637,344.9429,,,,141.1924,1.0693,-0.9527,12.9883,39.8386,8.3943,82.4067,28.9295,-0.2556
3:54:05 PM,42.4889164,-82.8650986,13.8025,9.0972,23.4225,,79.6285,-1.4622,2.9971,141.3046,1.0704,-0.9547,13.3187,55.6893,11.0925,97.3581,69.0982,-21.0655
3:54:06 PM,42.4889522,-82.865077,,8.825,24.8492,343.8129,8.3606,1.5588,2.9936,141.428,1.0716,-0.9568,13.1622,38.0329,8.2965,77.8094,17.5858,16.532
3:54:07 PM,42.4889927,-82.8650536,13.7369,8.2224,24.8606,345.1162,34.6215,-1.0913,2.1637,141.5294,1.0727,-0.9586,13.4885,54.9354,11.0746,94.501,63.768,-10.7179
3:54:08 PM,42.4890283,-82.8650325,,8.4751,24.8606,345.7186,-36.6086,-0.3745,2.707,141.6393,1.0737,-0.9605,12.8879,52.0682,10.1798,93.0672,60.5302,-10.4371
3:54:09 PM,42.4890643,-82.8650105,13.6056,8.5335,24.8606,344.9167,15.879,-0.1882,2.3785,141.7516,1.0748,-0.9624,12.9461,51.5256,10.1521,93.292,58.0116,-12.1503
3:54:10 PM,42.4891012,-82.8649883,13.54,8.6501,23.3709,344.9736,4.641,-1.1611,2.8251,141.8661,1.076,-0.9643,13.0872,52.9251,10.4714,94.3178,63.4984,-14.3905
3:54:11 PM,42.4891381,-82.8649653,,8.4168,24.9409,343.9617,-55.3649,-1.1233,3.2094,,,,12.6792,53.1882,10.2015,95.6967,62.2905,-13.491
3:54:12 PM,42.4891765,-82.8649432,13.9009,9.2721,22.6261,344.0396,,,,142.0362,1.0777,-0.9673,12.627,50.5804,9.8124,96.2258,63.1326,-13.1243
3:54:13 PM,42.4892125,-82.864921,,8.3002,25.1758,345.5444,135.8735,-0.7329,2.309,142.1536,1.0789,-0.9693,12.5995,46.8025,9.1858,90.7351,46.9427,-9.6407
3:54:14 PM,42.489249,-82.8648983,13.54,9.0194,26.1498,347.2969,53.3916,-0.6055,1.9544,142.2659,1.08,-0.9713,,,,,,-9.6407
3:54:15 PM,,,,8.7667,24.8148,349.4925,-74.0869,-1.7954,2.6687,142.3797,1.0811,-0.9732,12.7203,48.0267,9.4665,92.5686,55.8566,-12.3049
3:54:16 PM,42.48929,-82.8648728,13.9009,8.7862,24.8434,,-59.0914,1.202,2.9186,142.4942,1.0823,-0.9752,11.8191,45.9302,8.5232,94.908,64.0821,-2.3011
3:54:17 PM,42.4893277,-82.8648514,,8.8445,24.8434,345.362,68.3768,-0.408,1.2723,142.6065,1.0835,-0.9772,12.9684,37.695,8.0564,79.8205,25.3545,
3:54:18 PM,42.4893634,-82.8648303,13.8353,8.8833,24.3106,345.3301,49.6376,-1.1272,2.2589,142.715,1.0846,-0.9791,12.8838,41.4084,8.5606,84.5342,32.9212,-2.8626
3:54:19 PM,42.4894002,-82.8648086,,8.825,22.947,345.8045,-51.58,-0.2854,3.0952,142.8816,1.0864,-0.9821,12.4664,46.0067,8.9744,92.0632,49.7528,-8.7984
3:54:20 PM,42.489438,-82.8647873,13.4744,8.2613,23.8981,345.9082,75.9158,-0.9179,1.9195,142.9914,1.0876,-0.9841,12.1486,46.5118,8.8327,93.7285,56.8967,-8.7984
3:54:21 PM,42.4894745,-82.8647659,13.6713,8.8056,23.5829,348.3227,0.8973,-3.652,2.6531,143.1012,1.0888,-0.9861,12.8003,43.9667,8.8967,87.2462,45.0565,-5.6357
3:54:22 PM,42.4895117,-82.8647447,,8.6306,27.1238,345.7988,,,,143.2301,1.0901,-0.9882,12.6938,58.4345,11.0523,101.8766,83.9596,-29.6828
3:54:23 PM,42.48955255,-82.8647167,13.8353,8.2808,23.3939,,-10.3476,1.5772,2.3103,143.3523,1.0913,-0.9903,12.2863,24.5574,5.6694,64.2456,340.7381,26.5588
3:54:24 PM,42.48959151,-82.86469157,,8.9417,25.2044,348.2107,-17.8316,-1.7705,2.6361,143.452,1.0923,-0.9921,12.8767,54.5118,10.5436,96.0605,72.7272,-22.9906
3:54:25 PM,42.48962852,-82.86466839,13.6713,9.0194,23.2277,344.9861,-21.6131,-0.8603,2.6326,143.5691,1.0935,-0.994,12.5266,51.0397,9.7792,95.0993,62.4213,-11.3596
3:54:26 PM,42.4896659,-82.8646436,,9.4082,24.5169,346.0578,15.8893,-0.066,1.5584,143.6855,1.0946,-0.996,12.5399,48.5012,9.4018,92.614,57.0354,-11.1017
3:54:27 PM,42.4897034,-82.8646185,13.7369,8.8445,24.5169,346.5338,-25.3603,-1.7703,2.2115,143.7991,1.0958,-0.998,12.6854,53.7255,10.302,96.9247,69.1183,-30.2443
3:54:28 PM,42.4897413,-82.8645943,,8.7667,24.5169,,,,,143.9142,1.097,-1,12.4132,37.8313,7.6725,82.8916,24.4996,-0.5708
3:54:29 PM,42.4897826,-82.8645682,13.9009,,,346.8405,8.3915,0.01,2.4555,144.0354,1.0983,-1.0021,12.3893,40.0129,7.9858,85.9447,32.2665,0.5751
3:54:30 PM,42.4898194,-82.8645462,,8.6695,24.5169,,,,,144.1412,1.0996,-1.0041,12.2188,47.9577,9.0969,94.038,59.4749,-11.6804
3:54:31 PM,42.4898593,-82.8645241,13.9009,8.689,22.5631,,,,,144.2492,1.1009,-1.0061,12.3071,43.0223,8.3995,88.575,47.0096,-8.6208
3:54:32 PM,42.4898971,-82.8645016,,8.6695,24.2877,,,,,144.3578,1.1021,-1.0081,12.3078,44.0978,8.5665,88.8689,46.8281,15.4835
3:54:33 PM,42.4899338,-82.8644807,14.0322,8.8833,22.3396,,,,,144.4647,1.1034,-1.0101,12.6182,39.5635,8.0984,82.937,,-17.5876
3:54:34 PM,42.4899713,-82.8644588,,8.6695,22.0417,347.1712,,,,144.5741,1.1046,-1.012,12.4812,57.5673,10.7484,101.4526,82.8184,1.7211
3:54:35 PM,42.4900066,-82.8644358,13.9009,8.3585,22.0474,345.6149,98.3161,0.3488,2.4135,144.6727,1.1056,-1.0138,13.0492,41.9186,8.7786,83.257,26.9144,-16.9746
3:54:36 PM,42.4900476,-82.8644102,14.0978,8.2419,22.0474,343.4581,-21.6681,-1.6638,2.5275,144.784,1.1069,-1.0158,12.8546,54.6556,10.563,96.9535,68.9255,-14.7515
3:54:37 PM,42.4900896,-82.8643838,,8.689,22.0474,,-14.1498,0.8687,2.2315,144.9051,1.1083,-1.0179,12.455,37.9302,7.7216,82.5308,24.6642,-5.4466
3:54:38 PM,42.4901271,-82.8643613,13.8353,9.6609,22.0474,344.274,19.5711,-0.3977,2.0347,145.0159,1.1095,-1.02,12.7113,52.7708,10.191,96.7179,66.9189,-5.756
3:54:39 PM,42.4901644,-82.8643389,,8.378,22.0474,344.4815,15.8411,-0.0239,2.6751,145.1208,1.1108,-1.0219,12.4192,48.8608,9.3578,91.8251,57.0684,
3:54:40 PM,42.4902013,-82.8643183,14.0322,9.6026,22.0474,345.4829,-29.1487,0.0202,2.6551,145.2252,1.1121,-1.0239,13.0354,53.5474,10.519,94.6052,64.3475,-6.816
3:54:41 PM,42.4902388,-82.8642946,14.1634,9.1749,22.0474,346.5186,15.8515,-0.9018,2.0722,,,,12.8848,44.7842,9.0796,88.5031,50.77,-13.2274
3:54:42 PM,42.4902753,-82.8642739,,8.4946,22.0474,348.6322,-25.4049,-0.2896,1.5804,145.3884,1.114,-1.0269,13.5371,49.3885,10.2788,88.812,62.8798,-7.4806
3:54:43 PM,42.4903121,-82.8642507,13.9665,8.8833,24.6888,346.7435,,,,145.4947,1.1153,-1.0289,13.339,39.0446,8.6419,76.4844,25.3776,-10.5001
3:54:44 PM,42.49035,-82.8642308,,8.5918,19.6295,337.1124,-92.8948,-2.1657,3.4941,145.5937,1.1165,-1.0308,13.8185,56.4482,11.6085,97.2309,75.8632,-22.8416
3:54:45 PM,42.4903911,-82.8642046,13.7369,8.9611,19.5952,,124.5633,-1.7223,2.885,145.7617,1.1185,-1.0339,13.8562,55.5263,11.4831,95.8703,59.801,31.6982
3:54:46 PM,42.49043,-82.8641829,,8.8833,19.5952,340.9555,,,,145.8682,1.1199,-1.0359,13.8362,52.5781,10.995,91.9749,54.2409,-12.1846
3:54:47 PM,42.490469,-82.86416,13.54,9.2527,19.5952,341.2629,-44.1544,-1.8858,1.8126,145.9782,1.1213,-1.038,13.6563,47.1595,10.0305,86.6667,48.6611,-13.1243
3:54:48 PM,42.4905052,-82.8641392,,8.5918,21.1192,,,,,146.0794,1.1226,-1.04,13.6351,47.6307,10.0832,87.5242,38.6051,-3.321
3:54:49 PM,42.4905429,-82.8641184,13.8025,8.514,23.5543,,,,,146.1821,1.1239,-1.042,13.5502,52.2154,10.717,92.2196,50.6217,-15.0953
3:54:50 PM,42.4905795,-82.8640974,,9.1749,23.6288,,,,,,,,,,,,44.0904,-11.4627
3:54:51 PM,42.4906159,-82.8640751,13.4744,9.3304,24.0298,,,,,146.3358,1.1259,-1.0449,13.5473,49.8113,10.3516,88.7488,,-11.7893
3:54:52 PM,42.4906568,-82.8640493,,8.9417,23.7548,345.2592,23.3801,-0.1416,2.3198,146.4414,1.1272,-1.0469,13.4273,50.1391,10.3117,91.7472,59.2135,-13.915
3:54:53 PM,42.4906928,-82.8640265,13.8353,8.3974,23.7548,,,,,146.5479,1.1284,-1.0488,13.2534,50.7067,10.2648,92.2424,52.471,-8.0421
3:54:54 PM,42.49073,-82.8640042,13.7369,8.825,23.7548,347.7007,60.9066,0.2555,1.9944,146.652,1.1297,-1.0508,13.2349,46.1545,9.5543,87.4925,65.3751,-13.7832
3:54:55 PM,42.4907666,-82.8639812,,8.514,23.921,349.7079,-10.3236,-0.4999,2.2136,146.7535,1.131,-1.0527,13.5496,51.3711,10.5887,91.5064,68.7745,-13.8061
3:54:56 PM,42.4908049,-82.863959,13.3432,8.5529,23.9095,347.6947,-59.0811,-0.1544,3.5632,146.8578,1.1323,-1.0547,13.0322,51.9299,10.2852,94.033,,-12.9467
3:54:57 PM,42.4908422,-82.8639366,,8.4751,23.9095,347.5832,57.1525,-0.143,1.7494,146.9646,1.1337,-1.0567,13.5782,47.2996,9.9844,88.0829,56.5159,-11.9612
3:54:58 PM,42.4908801,-82.8639146,13.8025,9.1944,24.2132,,23.3732,-0.3264,2.088,147.0669,1.135,-1.0587,13.7869,54.3556,11.2153,92.5832,61.3385,12.0458
3:54:59 PM,42.4909153,-82.8638921,,8.5723,24.0012,345.6272,-55.358,-0.9931,2.567,147.2189,1.137,-1.0616,13.5667,35.3494,8.1938,73.3229,15.8173,-17.7423
3:55:00 PM,42.4909564,-82.8638664,14.229,8.7084,24.5455,346.8249,-2.8568,-1.4318,1.9898,147.3245,1.1383,-1.0636,12.9147,50.5815,9.9894,92.8629,59.9213,
3:55:01 PM,42.4909915,-82.8638468,,8.6695,21.6578,347.6043,4.6513,-1.8206,2.505,147.4184,1.1396,-1.0655,13.8031,45.8678,9.9612,84.0143,45.4035,-4.7935
3:55:02 PM,42.4910308,-82.8638178,13.54,8.203,23.6803,342.5375,,,,147.5366,1.1409,-1.0675,13.5812,55.3809,11.2172,94.8742,68.4021,-17.473
3:55:03 PM,42.4910673,-82.8637965,,9.0389,23.6861,343.3465,-6.6073,0.2254,2.7247,147.6355,1.1423,-1.0695,13.2515,30.5138,7.251,68.113,356.4367,16.1481
3:55:04 PM,42.4911057,-82.8637771,13.7369,8.8445,23.6861,,-25.3568,-1.0725,2.5324,147.7337,1.1437,-1.0716,13.3654,54.3017,10.9009,95.3168,61.8439,-18.6419
3:55:05 PM,42.4911427,-82.8637583,,8.7473,22.2308,341.0557,42.109,-0.5429,1.9163,147.8283,1.1452,-1.0736,13.3064,51.8199,10.4745,93.043,52.4699,-12.3279
3:55:06 PM,42.4911803,-82.8637412,13.8353,9.0389,21.8755,341.3218,42.0883,-1.6696,2.8029,147.9204,1.1467,-1.0756,13.3604,50.9467,10.3787,91.5118,51.7179,-11.6002
3:55:07 PM,42.4912188,-82.863718,,8.7473,23.56,341.2228,0.8216,0.1501,2.2353,148.0251,1.1481,-1.0777,12.9033,50.7049,10.0025,93.321,50.2933,-14.9864
3:55:08 PM,42.4912604,-82.8636937,13.8025,8.7473,21.9729,341.1049,8.3468,-0.9646,2.2301,148.1269,1.1495,-1.0797,13.6344,48.361,10.1943,88.2517,40.3939,-15.8859
3:55:09 PM,42.4912972,-82.8636741,13.6713,8.5529,23.1532,342.3513,49.6239,-0.9943,2.3199,,,,13.5788,48.5897,10.1856,88.9708,45.1357,-8.7984
3:55:10 PM,42.4913344,-82.863654,13.54,8.3585,21.6406,345.0832,57.0907,-3.686,2.2678,148.2714,1.1517,-1.0827,13.3652,46.5623,9.7103,88.0657,46.7579,-5.0055
3:55:11 PM,42.4913728,-82.8636297,,8.9417,23.4512,341.2979,,,,148.3699,1.1531,-1.0847,13.3884,56.5007,11.3118,99.2576,68.5018,-20.6816
3:55:12 PM,42.4914131,-82.8636055,13.1135,9.1944,22.5172,,-70.3844,-0.3363,3.4559,148.4728,1.1545,-1.0867,12.9187,39.0219,8.2051,82.4404,16.456,-3.4871
3:55:13 PM,42.4914516,-82.8635815,,8.3585,22.5172,341.3575,-47.8913,-0.6466,1.6384,148.5822,1.156,-1.0889,12.6416,38.9878,7.9993,83.8653,15.6732,12.2348
3:55:14 PM,42.4914914,-82.8635623,13.0479,8.5335,22.5172,343.6726,-36.6361,-0.5348,2.8585,148.7333,1.1583,-1.0921,13.1071,54.6966,10.8221,98.7307,70.3588,-16.4245
3:55:15 PM,42.4915299,-82.863544,,8.7278,22.5172,343.3992,34.6009,-0.4324,2.394,148.8272,1.1598,-1.0942,12.8666,44.1993,8.9785,87.5158,37.5196,-6.8275
3:55:16 PM,,,12.6214,8.7862,21.9958,343.4603,-2.8946,-1.2056,2.9102,148.9154,1.1614,-1.0962,11.4761,51.4088,9.0981,99.6286,68.1023,-10.9814
3:55:17 PM,42.4915709,-82.8635251,,8.5335,20.7296,,-6.707,-0.2072,1.3961,149.0065,1.1628,-1.0981,11.6369,32.8246,6.4103,79.7487,345.323,21.7402
3:55:18 PM,42.4916066,-82.8635063,12.5558,8.7667,21.9386,340.8719,30.8228,-1.4206,2.0566,149.1019,1.1643,-1.1002,11.5316,61.4635,10.6021,107.1501,83.4575,-12.7404
3:55:19 PM,42.4916452,-82.8634861,,8.9028,22.3625,341.3427,-44.1716,-1.8453,2.4801,149.1982,1.1657,-1.1022,12.3984,50.6759,9.6384,95.6807,52.9429,-14.2129
3:55:20 PM,42.491682,-82.8634645,12.3261,9.2332,22.861,341.3454,30.8366,-1.1863,2.0152,149.3066,1.1671,-1.1043,12.4703,53.1795,10.0733,97.6923,60.1768,-14.3447
3:55:21 PM,42.4917215,-82.8634377,,8.825,20.5864,341.49,,,,149.413,1.1685,-1.1063,11.8622,46.4381,8.6093,93.2163,47.4849,-0.714
3:55:22 PM,42.4917597,-82.8634123,12.5558,8.2808,22.924,343.4929,42.1055,-0.7136,2.7701,149.5063,1.17,-1.1083,12.8163,56.5156,10.8127,98.6667,70.4304,
3:55:23 PM,42.4917964,-82.8633913,,8.7084,25.3648,,210.8611,-1.0469,1.8101,149.6187,1.1714,-1.1104,13.2073,45.7631,9.4721,87.4154,43.6088,-12.7289
3:55:24 PM,42.49183675,-82.86336288,13.3104,8.9222,27.9775,347.6563,49.6273,-2.9301,3.0296,149.7207,1.1726,-1.1121,12.7695,53.8481,10.4133,98.0455,76.2282,-5.0628
3:55:25 PM,42.49187435,-82.86333181,,8.4946,28.5791,348.1832,34.6387,-0.2628,1.717,149.8258,1.174,-1.1141,13.5329,37.045,8.4168,75.6111,19.8471,-4.1174
3:55:26 PM,42.49191225,-82.86330657,12.5558,8.9417,28.5791,349.0319,-10.3339,-2.6966,1.8451,149.9207,1.1754,-1.1161,13.1085,54.2818,10.7161,96.7063,70.561,-30.7943
3:55:27 PM,42.49194893,-82.86328422,,8.7278,28.5791,349.1831,-134.0652,0.1666,2.8185,150.022,1.1767,-1.118,,,,,,-4.8164
3:55:28 PM,42.49198586,-82.86325903,12.7526,7.8142,24.8893,,-104.0709,0.2583,2.4592,150.1263,1.1779,-1.1198,12.8169,42.5553,8.6813,86.8426,39.1662,-9.2969
3:55:29 PM,42.49202142,-82.86323159,,9.0389,24.8606,349.0864,-6.5936,0.003,1.7958,150.2169,1.1793,-1.1217,13.0073,46.2722,9.4007,89.1001,53.471,-7.9447
3:55:30 PM,42.4920594,-82.8632075,13.3104,,,346.7174,,,,150.3279,1.1807,-1.1238,13.1823,49.4884,10.0318,92.5164,60.0815,-8.0421
3:55:31 PM,42.4920961,-82.8631817,,8.6306,24.8606,345.9588,98.3814,-0.981,2.4251,150.4253,1.182,-1.1256,13.1687,47.9688,9.7816,89.6922,52.6199,-11.5429
3:55:32 PM,42.4921299,-82.8631555,13.9009,8.7084,25.7487,,90.8871,-0.1113,1.9495,,,,13.3619,49.7762,10.2026,89.5325,54.9199,-11.6403
3:55:33 PM,42.4921668,-82.86313,,8.514,24.62,348.9031,-55.3477,-1.1224,2.7501,150.5628,1.1839,-1.1283,13.3336,49.8583,10.1931,90.3715,60.3897,-11.2278
3:55:34 PM,42.492205,-82.8631058,13.4088,9.0389,25.1242,347.9308,4.665,0.1345,2.9908,150.6627,1.1854,-1.1303,13.2786,51.6401,10.4391,94.1246,67.2009,3.4342
3:55:35 PM,42.4922435,-82.8630837,,8.8639,23.9783,346.5423,64.6296,-0.1515,1.5981,150.7591,1.1869,-1.1324,13.5382,51.7887,10.6397,91.1926,63.7472,-9.1193
3:55:36 PM,42.4922792,-82.8630644,13.3432,8.3196,25.2273,348.9614,4.6616,-1.5845,1.9188,150.8445,1.1884,-1.1343,14.017,37.4894,8.9757,71.8879,24.881,-30.6396
3:55:37 PM,42.49232,-82.8630415,13.1791,9.2527,23.9554,349.1539,,,,150.946,1.19,-1.1365,13.357,45.7981,9.5947,86.3707,53.2372,-6.5983
3:55:38 PM,42.4923566,-82.8630231,,8.6695,23.9554,346.5706,4.6444,0.0474,2.9357,151.0312,1.1915,-1.1385,13.0333,46.122,9.4056,87.2366,53.1327,1.0679
3:55:39 PM,42.4923915,-82.8630031,13.8353,8.3974,24.5169,347.0002,-17.8488,-1.0599,2.3996,151.1167,1.1929,-1.1403,13.6564,39.398,8.9106,76.5943,32.2265,-13.9665
3:55:40 PM,42.4924276,-82.862983,,7.892,25.4221,347.3197,15.8893,-0.2633,2.4833,151.2039,1.1944,-1.1423,13.5251,48.2866,10.1075,87.2957,51.7728,-7.6754
3:55:41 PM,42.4924653,-82.8629603,13.9009,8.7862,25.7201,,-17.8625,-1.1726,2.8286,151.2988,1.1959,-1.1443,13.5634,45.0434,9.6419,84.5343,43.9247,-9.4172
3:55:42 PM,42.4925012,-82.8629406,14.0978,7.8531,25.7201,345.9292,38.3756,-0.0523,1.6807,151.3852,1.1974,-1.1462,13.4664,45.8526,9.685,86.1244,43.6592,18.927
3:55:43 PM,42.4925382,-82.8629175,,7.6782,25.7201,346.6732,23.3732,-0.9982,1.9703,151.4697,1.1987,-1.148,13.8692,55.1888,11.3958,92.2424,63.9961,-18.3726
3:55:44 PM,42.4925752,-82.8628955,14.2946,8.9417,25.7201,347.5346,64.64,-1.9503,2.4105,151.5613,1.2002,-1.15,13.6257,36.6803,8.5288,72.6179,19.5322,-14.6598
3:55:45 PM,42.4926147,-82.8628704,,7.9697,26.0352,347.2577,-36.6017,-1.2926,2.1595,151.6617,1.2017,-1.152,13.743,54.3546,11.1836,93.0218,66.2567,9.4216
3:55:46 PM,42.4926511,-82.8628483,14.0322,8.7084,25.7545,,-74.1041,-1.8379,2.2773,151.7521,1.2032,-1.154,13.5856,39.5682,8.8318,78.4824,30.4699,-32.9543
3:55:47 PM,42.4926872,-82.8628262,,9.2721,25.7545,346.1488,,,,151.8902,1.2054,-1.157,13.2075,38.7023,8.4234,78.6397,22.8278,
3:55:48 PM,42.4927256,-82.8628051,14.2946,8.6306,25.7545,346.0861,-130.349,-0.5737,4.0211,151.9778,1.2071,-1.159,14.1337,55.0935,11.5997,92.2417,60.6242,11.9082
3:55:49 PM,42.492763,-82.862785,,8.514,25.7545,344.1294,49.6342,0.6201,2.3107,152.061,1.2086,-1.161,13.8795,32.6853,8.1591,66.728,3.8037,-6.1628
3:55:50 PM,42.492801,-82.8627666,14.0978,8.5918,25.7545,345.8309,143.385,-1.8302,2.2092,152.1455,1.2103,-1.1631,13.7968,54.7607,11.2872,93.2985,61.4387,-16.9574
3:55:51 PM,42.4928385,-82.8627473,14.3274,8.825,25.7545,345.5433,45.8767,-2.3496,2.0413,152.2356,1.2118,-1.1651,13.4893,60.1195,11.9231,101.1984,77.6664,-3.1147
3:55:52 PM,42.4928756,-82.8627255,,7.5032,25.7545,346.1752,34.6215,-0.7886,3.0206,152.3184,1.2132,-1.1669,12.8335,36.5975,7.7941,79.0092,15.9456,23.2299
3:55:53 PM,42.4929186,-82.8626987,14.0322,9.0972,25.7545,346.4461,-51.6075,-0.7379,2.4037,152.4219,1.2149,-1.1691,13.9603,51.4193,10.9132,90.0208,55.669,-17.0147
3:55:54 PM,42.4929559,-82.8626764,,9.4082,25.7545,,53.371,-0.2949,2.1696,152.5142,1.2164,-1.1711,14.3257,50.1282,10.9958,89.1792,56.1638,-13.2675
3:55:55 PM,42.4929924,-82.8626525,13.9665,8.9222,25.7545,347.3043,,,,152.6041,1.2179,-1.1731,14.4895,43.0495,10.041,80.0825,42.3789,-5.1372
3:55:56 PM,42.4930313,-82.8626322,,9.1944,25.7545,349.7554,-29.0937,-0.6753,2.6304,152.6927,1.2196,-1.1752,14.7275,53.4788,11.8403,91.6225,62.7379,-9.7438
3:55:57 PM,42.4930686,-82.8626085,13.9009,9.6998,25.7545,346.3446,4.6203,0.0928,2.395,152.783,1.2211,-1.1772,14.956,43.1809,10.4571,78.1557,37.7045,10.3785
3:55:58 PM,42.4931063,-82.8625867,,8.8639,25.7545,344.8624,60.8447,-1.2555,1.8214,152.8717,1.2226,-1.1791,14.6197,47.4445,10.8496,83.0216,42.2555,-15.3703
3:55:59 PM,42.4931433,-82.8625658,13.8353,9.4665,25.7545,345.0063,12.1112,-1.0907,2.6147,152.96,1.2242,-1.1812,14.8941,51.2868,11.6275,88.1831,52.4335,-20.5326
3:56:00 PM,42.4931842,-82.8625412,,8.1447,24.3335,345.5731,-32.9027,-1.2859,2.4319,153.0471,1.2258,-1.1832,14.7608,52.4485,11.7036,89.196,57.9062,-1.1609
3:56:01 PM,42.4932224,-82.8625185,13.6713,8.9805,22.4657,,105.807,-0.8947,1.5311,153.1368,1.2273,-1.1851,14.4097,45.7667,10.4345,81.6756,41.1257,-7.3374
3:56:02 PM,42.4932574,-82.8624946,,9.6414,26.3675,346.2622,188.3232,-1.3109,1.6126,153.2269,1.2287,-1.187,,,,,,-20.5326
3:56:03 PM,42.4932924,-82.8624714,13.1135,8.5529,28.201,350.1188,188.3438,-2.4945,3.0187,153.316,1.2301,-1.1888,14.4842,48.996,10.9619,85.6741,49.0162,-11.5085
3:56:04 PM,42.4933267,-82.8624441,,8.7473,28.201,353.216,207.1174,-1.5628,3.1156,153.4091,1.2313,-1.1905,15.0255,52.2191,11.8836,87.8921,62.8153,-14.3103
3:56:05 PM,42.4933587,-82.8624129,13.7369,8.6695,28.201,,,,,153.507,1.2324,-1.1921,14.2423,50.0512,10.9308,87.2641,67.1998,-7.5838
3:56:06 PM,42.4933884,-82.8623819,,8.6306,28.201,357.6841,90.8596,-0.88,2.7667,153.6016,1.2334,-1.1936,14.3049,43.2303,10.0008,78.4385,54.4233,-11.5085
3:56:07 PM,42.4934178,-82.8623468,13.6713,8.514,39.0528,8.6374,109.7363,-1.3962,2.3324,153.7031,1.2342,-1.1949,14.7428,42.7998,10.2908,76.7489,122.7484,-18.0746
3:56:08 PM,42.4934426,-82.8623077,,9,44.3928,8.2723,109.7191,-2.0131,1.746,153.8047,1.2348,-1.196,14.8924,45.5913,10.8006,80.0655,79.1533,-2.5933
3:56:09 PM,42.4934747,-82.8622667,13.8025,8.5529,43.2984,15.3653,12.2762,-2.4889,2.3471,153.9112,1.2356,-1.1974,14.6746,34.9439,9.1521,66.6916,54.7133,
3:56:10 PM,42.4935022,-82.8622286,,8.1641,45.4757,20.9611,98.5808,-1.7264,2.854,154.0143,1.2363,-1.1986,14.8413,34.6002,9.2539,65.6025,57.3858,-5.4696
3:56:11 PM,42.4935305,-82.8621891,13.8353,8.1058,48.4379,23.6305,132.3533,-0.6093,2.7847,154.1216,1.2371,-1.1999,15.1894,40.6553,10.4035,72.0309,78.9476,-15.2901
3:56:12 PM,42.4935578,-82.8621501,14.0322,8.2613,49.2629,,64.8909,-1.842,3.0594,154.2268,1.2378,-1.2012,15.0528,30.2923,8.9991,57.5361,62.634,2.2654
3:56:13 PM,42.4935822,-82.8621098,14.0978,8.1253,51.824,28.642,,,,154.3307,1.2383,-1.2022,14.9764,37.6624,9.8912,67.6894,82.5885,-11.6804
3:56:14 PM,42.493608,-82.8620687,,8.2419,51.0448,31.0578,117.4025,-2.5107,2.9224,154.4377,1.2389,-1.2034,16.2297,32.0373,10.2952,56.7465,73.2519,-4.1804
3:56:15 PM,42.4936316,-82.8620242,13.9009,8.0281,54.1789,34.6074,4.9297,-2.212,2.8844,154.5483,1.2393,-1.2043,16.1704,40.772,11.3743,68.1892,94.3795,-15.9776
3:56:16 PM,42.4936581,-82.8619764,,7.7365,48.2087,37.9805,-96.2947,-1.6432,2.7572,154.658,1.2398,-1.2054,16.5533,13.6223,8.9053,25.9629,44.053,17.0821
3:56:17 PM,42.4936819,-82.8619361,14.0978,7.9503,53.583,35.8903,106.1989,0.616,1.5641,154.7605,1.2404,-1.2064,16.1974,42.676,11.62,70.8869,103.1554,-24.5491
3:56:18 PM,42.4937052,-82.8618944,,7.8531,53.0215,37.1595,132.4392,-2.7112,2.2749,154.8654,1.2408,-1.2074,16.6849,36.1369,11.2333,61.153,90.6252,-29.9979
3:56:19 PM,42.493726,-82.861852,13.6056,8.2224,54.6487,38.988,68.7068,0.3341,2.9609,154.9685,1.2412,-1.2082,15.8834,30.6334,9.831,55.4107,80.9896,8.9346
3:56:20 PM,42.493747,-82.8618111,13.6056,8.1836,55.1472,39.6516,8.7009,-0.5478,2.6103,155.0685,1.2415,-1.2091,16.6148,26.7626,10.0454,48.14,75.5493,-6.2889
3:56:21 PM,42.493769,-82.8617661,,7.9503,55.6915,,,,,155.1779,1.2419,-1.21,16.6637,32.8583,10.7532,57.2229,87.3545,-7.8531
3:56:22 PM,42.493792,-82.8617227,13.6056,8.2224,53.222,39.415,-32.5176,-0.751,2.819,,,,16.2544,33.6111,10.4699,59.2477,90.0782,-8.0994
3:56:23 PM,42.4938151,-82.8616768,,7.9503,54.6373,38.7104,-17.5291,-1.251,2.242,155.2855,1.2424,-1.2109,16.4413,31.179,10.2822,55.8764,85.1555,2.592
3:56:24 PM,42.4938409,-82.8616316,14.0978,8.3391,54.1445,39.6612,-43.7728,-1.374,2.4499,155.3971,1.2428,-1.2119,16.5016,30.6853,10.3387,54.5403,87.8456,-13.1415
3:56:25 PM,42.4938634,-82.8615876,14.0978,8.203,53.858,,23.7342,-0.6135,2.439,155.5104,1.2433,-1.213,16.4062,24.5001,9.5602,45.3697,69.7563,8.6137
3:56:26 PM,42.4938857,-82.8615397,,8.203,54.1388,39.6154,72.4883,-1.0444,2.5006,155.6179,1.2438,-1.2139,16.4065,34.7036,10.7431,60.3967,91.5512,-12.4425
3:56:27 PM,42.4939083,-82.8614976,13.7369,7.9114,55.0727,40.7121,-6.2567,-0.2936,1.8766,155.7223,1.2441,-1.2147,16.3957,32.9163,10.5214,57.8664,90.292,-8.9302
3:56:28 PM,42.4939302,-82.8614562,,8.203,55.5311,40.7541,16.2262,-1.3358,1.9038,155.8262,1.2445,-1.2156,16.1735,33.3126,10.3937,58.7171,91.7005,-9.3599
3:56:29 PM,42.4939521,-82.8614158,13.6713,8.1253,54.6201,40.4538,16.233,-0.1651,2.3781,155.928,1.245,-1.2166,16.0411,31.5815,10.0793,56.4581,87.9105,-8.5979
3:56:30 PM,42.4939764,-82.8613616,,8.1641,55.2732,40.8922,,,,156.0278,1.2455,-1.2175,16.2705,31.3082,10.2199,55.8207,88.081,-8.6724
3:56:31 PM,42.4939999,-82.8613138,13.9665,8.1253,54.8664,41.5709,16.2434,-0.9158,2.4076,156.1559,1.2458,-1.2184,15.9745,30.5752,9.8804,55.3269,87.6795,-10.5402
3:56:32 PM,,,13.6713,8.3002,53.4742,41.0453,-70.0097,-0.4324,2.1349,156.333,1.2464,-1.2198,15.0513,24.7762,8.3733,48.8771,79.0956,
3:56:33 PM,42.4940226,-82.8612671,,7.8142,57.8745,,1.2342,-1.9148,2.9224,156.4351,1.2469,-1.2207,15.2013,30.6302,9.223,57.1139,88.5064,-7.6182
3:56:34 PM,42.4940438,-82.8612247,13.9009,8.2808,55.5884,42.5395,-13.7304,-0.265,2.6474,156.5264,1.2473,-1.2215,15.1428,27.9063,8.7755,53.8633,86.68,10.5847
3:56:35 PM,42.494065,-82.8611821,,8.1253,56.614,42.7485,8.7628,-0.4257,2.4142,156.6293,1.2477,-1.2223,15.2508,28.5001,8.9808,54.1246,87.609,-10.0647
3:56:36 PM,42.4940856,-82.8611217,14.0978,8.0864,57.7484,43.2909,16.2502,-0.2183,2.383,156.7648,1.2478,-1.223,15.3909,24.4445,8.672,47.2588,79.7423,-8.6208
3:56:37 PM,42.4941042,-82.8610552,,8.378,55.915,43.432,16.2365,-2.3915,2.6736,156.909,1.2476,-1.2235,15.7426,38.9783,10.7474,67.1295,105.2495,8.2413
3:56:38 PM,42.4941227,-82.8610115,14.229,8.1058,55.7603,42.7592,-36.2648,0.4597,2.9414,157.0157,1.2478,-1.2241,15.2775,19.518,8.1045,39.0359,69.105,-12.1503
3:56:39 PM,42.49414228,-82.86096591,,8.0281,55.9493,,-13.7716,-0.6371,2.7483,157.1134,1.2482,-1.2249,,,,,,-3.4642
3:56:40 PM,42.49416262,-82.86092563,13.8025,8.1058,55.6514,42.8109,,-0.7574,2.3959,157.2338,1.2484,-1.2256,15.9442,30.6097,9.8865,55.2026,90.121,-9.0334
3:56:41 PM,42.49418247,-82.86087272,,8.2419,53.9669,44.0985,-13.7372,-1.1482,2.5996,157.3381,1.2487,-1.2264,16.0963,31.7108,10.1428,56.5284,91.9052,-8.4948
3:56:42 PM,42.49420307,-82.8608287,13.54,8.1641,55.2331,43.8716,-6.2567,0.1534,1.8413,157.4271,1.2494,-1.2274,16.0824,31.6633,10.1235,56.5028,94.3225,-8.8386
3:56:43 PM,42.49422572,-82.86079382,13.3104,8.3391,54.4138,44.2241,-96.2157,,,157.5127,1.2501,-1.2284,16.0947,27.8668,9.6677,51.0917,86.9683,-3.7335
3:56:44 PM,42.4942487,-82.86076103,,8.0669,53.5716,43.3518,50.0089,-1.0626,2.0031,,,,16.3641,41.9233,11.635,70.0014,110.0207,-0.3588
3:56:45 PM,42.49427102,-82.86072201,13.9665,7.6393,54.5742,,-47.489,-0.3126,3.0001,157.6504,1.2509,-1.2298,15.7655,21.4521,8.7573,41.1782,75.7411,-14.5968
3:56:46 PM,42.4942954,-82.8606837,,,,43.766,-21.2487,-0.5528,2.7202,157.7383,1.2516,-1.2308,16.1191,33.3351,10.4064,58.3432,96.8129,-10.7981
3:56:47 PM,42.4943189,-82.8606465,14.0978,8.0086,53.308,43.5628,,-0.3673,3.1979,157.842,1.2523,-1.2319,16.1438,28.1515,9.8028,50.9865,87.6404,-7.9906
3:56:48 PM,42.494341,-82.8606112,,7.9114,56.7801,43.2084,4.9675,0.2444,1.1809,157.9309,1.2529,-1.2329,16.3403,40.1038,11.4548,66.7685,105.6267,23.8888
3:56:49 PM,42.4943646,-82.8605701,13.9009,7.7559,53.0903,44.0113,-25.0509,-0.7168,1.546,158.0324,1.2536,-1.2339,16.2177,40.3681,11.4351,66.7201,105.6303,-5.3779
3:56:50 PM,42.4943857,-82.8605338,,7.7754,56.677,43.1411,27.447,-2.1477,3.2874,158.1673,1.2545,-1.2353,16.0868,18.3254,9.0582,33.9436,65.9348,-31.1381
3:56:51 PM,42.4944078,-82.8604962,13.8353,7.6782,56.7744,,49.9333,,,,,,16.5634,28.6629,10.3678,50.0219,84.6758,-6.9822
3:56:52 PM,42.4944278,-82.8604607,,8.0864,55.5654,42.6384,-13.8026,-0.7041,2.7052,158.3021,1.2553,-1.2366,16.1313,32.0201,10.2965,56.1682,91.319,-9.3599
3:56:53 PM,42.4944484,-82.8604226,13.3104,8.1836,56.8202,43.1458,,-0.5744,2.0469,158.3944,1.2558,-1.2375,16.1321,33.5936,10.4307,58.84,94.8565,-8.2599
3:56:54 PM,42.4944712,-82.8603786,,7.9503,55.2045,43.1575,-17.5394,0.5402,2.57,158.4803,1.2563,-1.2383,16.0415,30.8211,10.0684,54.7176,90.2494,-8.3
3:56:55 PM,42.4944923,-82.8603413,12.4902,7.9697,55.3477,43.2616,16.209,-0.7052,2.065,158.5815,1.2569,-1.2392,16.4593,32.6217,10.6352,56.5439,96.4697,-5.0398
3:56:56 PM,42.4945127,-82.8603026,,8.0864,56.8546,42.3427,4.9297,-0.4194,2.2691,158.674,1.2574,-1.2401,16.275,28.5065,9.9454,51.3525,84.259,
3:56:57 PM,42.4945339,-82.8602633,13.4744,8.3002,56.5567,41.2243,-70.0888,0.3244,2.6274,158.7685,1.258,-1.241,16.0025,35.9878,10.5397,63.1484,96.874,-19.805
3:56:58 PM,42.4945553,-82.8602229,,7.9309,54.7576,41.0682,38.6437,-0.6959,2.214,158.8668,1.2585,-1.2419,16.2973,24.8775,9.5858,45.6615,76.1724,5.5198
3:56:59 PM,42.4945762,-82.8601844,13.8353,8.0475,55.3191,40.089,-10.1001,-0.5083,1.7175,158.9593,1.2591,-1.2427,16.1957,28.3275,9.8578,51.2226,83.6878,-6.753
3:57:00 PM,42.4945977,-82.860144,13.7369,8.1447,55.8519,,-17.5944,-1.2123,2.2284,159.0564,1.2596,-1.2436,15.4909,28.8717,9.2462,53.9943,83.066,-3.5559
3:57:01 PM,42.4946211,-82.8601005,,8.203,55.9665,39.6915,-62.5911,-0.3165,2.8486,159.1965,1.2606,-1.245,15.0649,28.0447,8.7424,54.1138,81.4532,-6.1227
3:57:02 PM,42.4946437,-82.8600617,13.4088,8.1058,54.6029,39.4824,91.1381,-1.4538,1.9901,159.2913,1.2613,-1.246,15.305,27.9544,8.9823,53.0102,79.9538,-5.5383
3:57:03 PM,42.4946663,-82.8600229,,8.1447,54.3565,38.1758,,,,159.3864,1.2618,-1.2469,15.9769,35.5397,10.487,62.3193,91.8235,-15.4619
3:57:04 PM,42.4946871,-82.8599822,13.1791,8.203,54.1273,37.4011,-17.6116,-0.3958,3.1989,159.4835,1.2624,-1.2478,16.2347,31.8242,10.2256,56.8448,83.0544,-4.9825
3:57:05 PM,42.4947078,-82.8599413,,8.1253,56.4478,37.6445,61.1128,-1.2983,2.0325,159.5833,1.2629,-1.2486,16.0396,31.4752,10.0284,56.6262,81.8683,-9.3829
3:57:06 PM,42.494729,-82.859899,13.7369,8.1447,54.6487,,4.8747,-1.0458,3.0414,159.6827,1.2634,-1.2495,16.0806,33.5664,10.2972,59.7049,87.3301,-14.7171
3:57:07 PM,42.4947501,-82.8598574,,8.1058,55.1988,38.2824,1.1276,-1.0713,2.5369,159.7782,1.264,-1.2503,16.182,32.0135,10.257,56.7562,85.6271,-6.4837
3:57:08 PM,42.494772,-82.8598138,14.0322,8.1641,55.6743,39.6249,46.1346,-0.7294,1.6489,159.8744,1.2645,-1.2512,16.4182,23.198,9.5078,42.8599,69.4431,7.3246
3:57:09 PM,42.4947925,-82.859774,,8.0669,54.2018,40.5945,-25.1334,-1.4006,1.8191,,,,16.4339,40.5878,11.5558,67.7072,102.2909,-25.907
3:57:10 PM,42.4948109,-82.8597314,13.4088,7.8726,57.5307,41.0568,-28.8427,-0.5194,2.0239,160.0185,1.2653,-1.2524,16.021,31.0133,10.0248,55.4286,86.4827,-5.1544
3:57:11 PM,42.4948321,-82.8596877,,7.9114,56.6655,,,,,160.1679,1.266,-1.2536,15.8737,31.8672,9.9918,57.008,89.9634,-3.8882
3:57:12 PM,42.4948536,-82.8596445,13.1791,8.1641,56.0582,41.5965,1.1482,-1.0935,2.3578,160.2691,1.2665,-1.2544,16.2103,27.3714,9.739,49.9296,80.9295,3.0962
3:57:13 PM,42.4948758,-82.8596058,14.0978,8.0086,52.0876,41.6778,-77.5899,-1.3063,3.3016,160.3624,1.2672,-1.2554,16.4316,38.9202,11.3348,65.6066,101.7177,-21.2775
3:57:14 PM,42.4948978,-82.8595629,,8.1641,56.2415,41.5083,8.6666,0.7279,2.383,160.4633,1.2678,-1.2563,15.7871,28.8199,9.5716,52.6634,85.1028,-1.9688
3:57:15 PM,42.49492,-82.8595228,12.9167,8.1836,54.3852,41.9166,-32.6105,-1.4087,2.6733,160.5591,1.2685,-1.2572,16.1095,34.8343,10.5261,60.9499,96.1369,-13.6743
3:57:16 PM,42.4949445,-82.8594769,,8.1836,55.0326,,38.6196,-0.7968,2.2577,160.6578,1.2691,-1.2582,16.3084,28.5218,9.9736,51.3319,82.0192,-2.5532
3:57:17 PM,42.4949668,-82.8594374,12.1949,8.1253,54.2591,40.4154,4.8713,0.6358,1.9591,160.7524,1.2698,-1.2591,16.1785,36.2592,10.7706,62.6732,95.33,-5.3779
3:57:18 PM,42.4949875,-82.859397,,7.9892,54.1273,40.3131,,,,160.8472,1.2704,-1.26,,,,,,
3:57:19 PM,42.4950093,-82.8593546,12.8511,7.7559,56.1671,40.6148,53.6288,-0.1141,1.5063,160.9465,1.271,-1.2609,16.4855,32.7556,10.6465,56.9081,89.6099,-25.8439
3:57:20 PM,42.4950306,-82.8593138,,8.1253,54.1846,40.7998,-32.6277,-0.4324,2.6598,161.042,1.2717,-1.2618,15.906,23.9468,9.1734,44.7313,75.7241,-1.5505
3:57:21 PM,42.4950505,-82.8592728,12.5558,7.7948,53.0387,40.7839,-47.63,-1.733,3.1121,161.1372,1.2722,-1.2625,16.2736,17.2011,8.8129,33.0984,61.077,23.0867
3:57:22 PM,42.4950721,-82.8592315,,8.378,53.8638,38.8637,57.3416,-0.2355,3.0917,161.2336,1.2728,-1.2634,16.2275,40.5098,11.3417,68.3426,102.6062,-13.0842
3:57:23 PM,42.4950925,-82.8591877,12.7526,7.8142,57.6567,,16.0887,-0.788,2.3999,161.3341,1.2734,-1.2642,15.8187,31.3523,9.911,56.1435,86.2456,-23.4031
3:57:24 PM,42.4951159,-82.8591413,11.9324,8.2224,56.7973,40.575,-103.9128,-0.5639,3.2569,161.432,1.274,-1.2651,16.003,34.7597,10.4588,60.7348,92.3367,-8.5807
3:57:25 PM,42.4951371,-82.8591011,,7.9892,55.703,39.1998,-21.4068,,,161.5258,1.2746,-1.266,15.7371,31.5219,9.8371,56.7619,93.7836,-4.9253
3:57:26 PM,42.4951588,-82.8590596,12.1949,8.0281,53.1877,39.9061,-47.6472,0.4225,2.1211,161.6233,1.2753,-1.2669,15.8505,29.4619,9.6962,53.5159,81.421,5.4567
3:57:27 PM,42.4951817,-82.8590187,12.687,7.9114,55.3706,38.5062,31.1116,-0.1524,1.9571,161.7201,1.276,-1.2679,16.2399,37.3204,10.9562,63.9811,96.7186,-24.6121
3:57:28 PM,42.4952031,-82.858979,,8.3974,53.5544,,,-1.7831,2.7729,161.8127,1.2767,-1.2688,16.0729,18.5694,8.801,35.5616,60.2336,-18.3325
3:57:29 PM,42.495225,-82.8589359,11.7684,7.8337,55.5196,37.8029,-25.1746,-0.0421,2.483,161.9124,1.2773,-1.2697,16.0548,40.6799,11.2383,68.6217,100.5068,-4.3294
3:57:30 PM,42.4952474,-82.8588953,,8.1447,54.4367,37.552,16.068,-1.1487,2.199,162.0079,1.2781,-1.2706,16.1218,27.9169,9.7186,50.9558,75.3824,-2.9256
3:57:31 PM,42.4952704,-82.8588548,12.3589,8.1641,54.4826,38.8565,-62.677,-0.841,2.7421,,,,16.0773,32.1544,10.1393,57.5529,86.8753,-11.4226
3:57:32 PM,42.4952946,-82.8588102,,8.0669,52.8439,37.612,8.5772,-1.3561,3.2962,162.1617,1.2792,-1.2721,16.2859,24.0027,9.4219,44.6781,68.2857,8.7169
3:57:33 PM,42.4953165,-82.8587695,12.0636,7.9114,55.9035,37.3102,-17.6872,-0.0001,3.1516,162.2547,1.28,-1.2731,16.61,39.7646,11.5838,66.5152,98.0855,-9.698
3:57:34 PM,42.4953397,-82.8587294,,8.203,52.3397,37.7463,-47.6815,,,162.3497,1.2807,-1.274,16.1885,26.3132,9.6671,47.9288,76.5056,-25.7924
3:57:35 PM,42.4953629,-82.85869,13.1791,8.0669,52.6491,,,-0.5505,2.9749,162.4443,1.2815,-1.275,15.9483,31.131,9.9522,55.9432,83.8666,-3.1376
3:57:36 PM,42.4953867,-82.8586505,13.4744,8.0669,52.546,38.6703,31.0704,-0.1581,1.9936,162.5281,1.2822,-1.2759,16.2826,28.1746,9.9424,50.6472,79.7226,-3.871
3:57:37 PM,42.4954103,-82.8586088,,7.9309,55.1586,36.9333,57.2935,-1.4304,2.5629,162.622,1.283,-1.2769,16.2902,33.965,10.5716,59.4182,86.7887,-2.7595
3:57:38 PM,42.4954327,-82.8585681,13.2448,8.1836,54.9868,37.1091,16.0474,-1.6463,2.7533,162.7197,1.2838,-1.278,16.4323,36.0294,10.9202,62.2641,90.2969,-8.1797
3:57:39 PM,42.4954558,-82.8585213,,8.3974,54.0929,38.6384,16.0508,-1.7331,2.5901,162.8235,1.2846,-1.279,16.3637,21.2492,9.2144,40.0626,61.7271,-24.8986
3:57:40 PM,42.495477,-82.8584788,13.6056,8.1253,55.2962,39.0689,4.8128,-0.4205,1.9008,162.9208,1.2853,-1.2798,16.4008,24.3395,9.5615,44.9868,71.4187,
3:57:41 PM,42.4954987,-82.8584372,,8.2419,52.6376,41.2002,16.0783,-2.7635,3.1821,163.0182,1.2859,-1.2807,16.2836,29.8339,10.0089,54.0343,83.0308,-3.5559
3:57:42 PM,42.4955194,-82.8583909,14.2946,8.3002,58.1781,40.4713,42.3152,-2.4546,2.0618,163.1133,1.2867,-1.2816,16.5593,42.1989,11.7927,70.5975,105.751,-20.8248
3:57:43 PM,42.4955401,-82.8583478,,8.3585,54.557,,,,,163.217,1.2872,-1.2824,15.8316,19.606,8.4824,38.7757,64.7018,8.5221
3:57:44 PM,42.4955605,-82.8583027,14.229,8.0864,56.9062,,,,,163.3142,1.2879,-1.2832,15.5259,36.1744,10.1558,64.4685,96.4725,-22.9734
3:57:45 PM,42.4955825,-82.8582604,,8.3391,54.5628,41.6161,,,,163.4147,1.2885,-1.284,15.7473,25.8287,9.0486,49.3072,80.4258,-0.7369
3:57:46 PM,42.4956057,-82.8582193,13.9665,8.2419,54.1789,,,,,163.5114,1.2892,-1.2849,15.6486,29.7011,9.3959,55.6094,88.9264,-8.3229
3:57:47 PM,,,,8.1641,53.6747,,,,,163.6062,1.29,-1.2859,16.1686,25.3963,9.4082,47.4809,78.7741,-5.9623
3:57:48 PM,42.495631,-82.8581648,14.2946,8.0864,56.4306,42.5395,1.0829,-0.6244,2.3612,163.7186,1.2908,-1.2868,15.9447,35.4834,10.402,62.8442,99.0854,-22.7041
3:57:49 PM,42.4956534,-82.858118,,8.2613,56.4936,43.3406,61.0784,-1.031,2.1917,163.8234,1.2915,-1.2877,16.2038,31.5516,10.1438,56.7063,92.1118,3.5201
3:57:50 PM,42.4956734,-82.8580736,14.229,8.2808,55.2904,42.0822,-103.93,-0.5826,2.9456,163.9801,1.2923,-1.2888,16.0054,33.6779,10.2409,60.0729,95.4478,-10.0819
3:57:51 PM,42.4956939,-82.8580254,,7.8142,55.8634,,34.8175,0.4472,1.4179,164.0823,1.293,-1.2896,16.1159,26.8474,9.5587,49.5899,82.4266,-11.4856
3:57:52 PM,42.4957153,-82.8579798,14.393,8.4168,55.0498,43.2053,4.8266,-0.22,2.0956,164.1705,1.2937,-1.2905,16.0815,36.8241,10.6581,64.7349,101.8771,-10.5632
3:57:53 PM,42.4957389,-82.8579363,,8.1836,54.9581,42.8435,,,,164.2659,1.2945,-1.2914,,,,,,1.5549
3:57:54 PM,42.4957599,-82.8578945,14.229,8.1447,53.6976,,4.8369,-0.1272,1.6859,164.3744,1.2952,-1.2923,16.1695,30.7336,10.0577,55.2455,90.7319,-3.9226
3:57:55 PM,42.4957817,-82.8578505,,8.2419,54.4596,42.4742,-6.4423,-0.7278,2.4315,164.4649,1.296,-1.2933,15.8724,31.4586,9.9291,56.5395,92.3693,-8.5406
3:57:56 PM,42.49580538,-82.85780664,14.1634,8.203,54.1388,40.8681,42.3049,-1.4015,2.8713,164.5509,1.2969,-1.2943,16.2227,25.0745,9.5215,46.225,78.2315,-23.0422
3:57:57 PM,42.49582805,-82.85776935,,8.2613,53.9554,40.3453,87.2913,0.3885,2.5405,,,,16.2107,39.3693,11.1888,66.7835,102.0593,9.9029
3:57:58 PM,42.49584944,-82.85773118,14.2946,8.1058,55.3133,40.6051,76.0292,-0.8496,2.1699,164.685,1.2981,-1.2956,16.3155,25.4532,9.7122,46.218,77.4805,0.3059
3:57:59 PM,42.49587101,-82.85769138,,8.3585,56.9004,,,,,164.7751,1.2989,-1.2965,16.6585,30.4131,10.5048,53.3963,86.1026,-12.6659
3:58:00 PM,42.49589195,-82.85765051,14.4587,8.0864,54.5456,39.8684,-40.2251,-1.2456,2.4688,164.8665,1.2996,-1.2974,16.6641,35.6455,11.1176,60.8685,93.5461,-7.8072
3:58:01 PM,42.4959139,-82.85760892,,7.7948,53.4799,38.8424,-130.215,-1.1174,2.8874,164.9601,1.3004,-1.2983,17.3692,30.9732,11.251,52.6079,82.9365,-9.8355
3:58:02 PM,42.49593688,-82.85756946,14.5243,8.0086,51.8183,38.0833,-10.2273,-0.4561,2.2668,165.0501,1.3013,-1.2993,16.9416,32.523,11.0428,55.5715,85.4446,
3:58:03 PM,42.4959622,-82.8575285,,,,36.658,,,,165.1356,1.3022,-1.3003,17.4108,32.7856,11.5119,54.9818,83.9808,-9.337
3:58:04 PM,42.4959861,-82.8574912,14.8196,7.9892,50.3343,,61.0234,-1.1099,2.1415,165.2221,1.3031,-1.3014,17.3085,32.4733,11.4093,54.5397,84.6294,-9.3943
3:58:05 PM,42.4960101,-82.8574536,,7.9892,51.9386,37.6087,46.0246,-2.1974,3.1108,165.3495,1.3045,-1.3029,16.4491,35.5708,10.9804,60.6241,90.898,-9.2969
3:58:06 PM,42.4960305,-82.8574145,14.9508,7.9309,56.7572,39.2413,-40.2113,-0.1427,2.2941,165.4419,1.3052,-1.3037,16.0964,24.0963,9.3861,44.4392,69.6047,5.4797
3:58:07 PM,42.4960511,-82.857373,14.7211,7.9892,54.4711,41.3436,8.5359,-1.201,2.1521,,,,16.3987,32.0669,10.4921,56.0771,89.4735,-12.3852
3:58:08 PM,42.4960711,-82.8573314,14.5899,8.1253,55.9207,42.7068,8.5531,-0.8073,2.4186,165.579,1.3063,-1.305,16.2245,28.3027,9.8862,51.0878,83.4094,-1.3271
3:58:09 PM,42.4960914,-82.8572899,,8.0475,55.7087,42.4435,-28.963,-1.0031,2.3491,165.67,1.307,-1.3058,16.3108,31.1868,10.2725,55.3076,90.9938,-6.4665
3:58:10 PM,42.4961147,-82.8572432,14.5899,8.1253,56.4134,,-28.9561,-0.5959,2.9266,165.7634,1.3078,-1.3066,16.2475,31.3632,10.2278,55.7701,88.8376,-7.1541
3:58:11 PM,42.4961359,-82.8572024,,7.9892,54.706,42.3699,-6.4286,-0.8964,2.7581,165.8543,1.3086,-1.3075,16.5123,31.9598,10.5422,56.005,90.8423,-9.486
3:58:12 PM,42.4961583,-82.8571607,14.5899,8.0864,54.1445,42.4288,,,,165.9473,1.3094,-1.3084,16.3997,34.0056,10.6816,59.1676,95.7724,-8.3916
3:58:13 PM,42.4961801,-82.8571203,,8.2613,55.9894,41.6916,27.2854,-0.3915,2.0499,166.0365,1.3103,-1.3094,15.8734,32.1461,9.9411,58.1676,91.1362,-6.753
3:58:14 PM,42.4962025,-82.8570782,14.393,8.3196,54.7977,40.4958,-77.7034,-0.3811,2.5078,166.13,1.3111,-1.3103,16.1634,31.8781,10.1667,57.0998,90.43,-8.7755
3:58:15 PM,42.496225,-82.8570375,,8.1836,54.3107,,-25.2021,-0.8839,2.4562,166.2206,1.312,-1.3112,16.009,34.9381,10.4202,61.6248,94.0006,-13.9207
3:58:16 PM,42.4962484,-82.8569974,14.3274,8.1641,54.1502,37.7339,-40.2182,-0.5911,2.1517,166.3104,1.3129,-1.3122,16.2174,27.3482,9.6867,50.2745,77.8707,-0.714
3:58:17 PM,42.4962717,-82.8569578,,8.3002,52.0074,35.3232,16.0061,-0.4428,1.9406,166.3991,1.3139,-1.3133,16.0961,39.6569,11.0864,67.9076,96.2177,-9.486
3:58:18 PM,42.4962973,-82.8569127,13.9665,8.2808,52.6491,36.4834,-32.748,-1.5528,2.639,166.4906,1.3148,-1.3142,16.4849,28.2962,10.0596,50.9688,75.3658,-20.8477
3:58:19 PM,42.4963187,-82.8568728,,8.1253,52.6663,35.8763,-13.9882,0.3292,2.6028,166.5785,1.3157,-1.3152,16.0887,37.0924,10.7594,64.3997,91.865,-2.8798
3:58:20 PM,42.4963399,-82.8568295,14.393,8.0864,51.9902,35.9175,,-0.169,1.5205,166.6727,1.3165,-1.316,16.5964,41.5129,11.7939,68.8555,97.3479,-21.4264
3:58:21 PM,42.4963628,-82.8567892,,8.2613,52.8668,,19.7705,,,166.7614,1.3174,-1.317,16.3436,29.6722,10.0316,53.7573,78.0294,-14.8489
3:58:22 PM,42.4963858,-82.8567478,14.393,8.4557,53.9325,35.1221,-6.4939,-0.5271,1.8421,166.8523,1.3183,-1.318,16.0117,31.3584,9.8911,57.3947,80.2027,-3.4069
3:58:23 PM,42.4964092,-82.8567044,,8.2613,53.5887,38.221,-21.4722,-0.2691,2.8592,166.948,1.3193,-1.3189,15.0442,32.1153,9.1427,61.02,87.0315,-9.1021
3:58:24 PM,42.4964326,-82.8566637,13.9009,8.2808,53.245,38.6736,-47.7022,-0.2389,2.2783,167.0383,1.3202,-1.3199,14.7118,31.3974,8.7767,60.8408,89.7216,
3:58:25 PM,42.496457,-82.8566229,,8.3391,53.0272,,83.5063,0.1411,2.0873,167.1284,1.3212,-1.321,14.5795,28.5186,8.3154,56.8361,81.217,-17.4959
3:58:26 PM,42.4964841,-82.8565766,13.4744,8.3585,53.159,35.9939,,0.0657,1.7605,167.221,1.3222,-1.322,14.6829,31.9612,8.8485,61.4477,86.6574,-10.2194
3:58:27 PM,42.496508,-82.8565365,,8.2613,52.5517,36.7227,1.0107,-1.0232,2.4359,167.3124,1.3232,-1.3231,15.1894,32.1247,9.2815,60.4871,85.6607,-0.4046
3:58:28 PM,42.4965322,-82.8564965,13.6713,8.3002,53.1991,36.2965,19.7499,-0.5197,2.1521,167.4014,1.3242,-1.3241,16.1709,29.1937,9.8177,53.4567,77.6701,-7.9046
3:58:29 PM,42.4965559,-82.8564572,,8.203,53.3309,36.7202,-25.2193,-0.8575,2.7453,167.4894,1.3253,-1.3252,16.1599,30.1527,9.9321,54.8122,83.456,-4.3294
3:58:30 PM,42.4965803,-82.8564181,14.2946,8.1836,52.4715,37.9027,12.2796,-0.3111,1.9899,167.5753,1.3263,-1.3262,16.3873,29.9966,10.1744,53.6338,81.9179,-5.9623
3:58:31 PM,42.4966042,-82.8563795,,8.1836,51.8871,,91.0109,,,167.6614,1.3273,-1.3273,16.3916,31.9194,10.4116,56.3466,84.7385,-5.905
3:58:32 PM,42.4966278,-82.8563399,13.8353,8.1253,53.5601,37.7869,-17.7388,-1.6309,2.7509,167.79,1.3289,-1.3289,,,,,,-8.8615
3:58:33 PM,42.4966493,-82.8562985,,8.203,53.583,37.7762,53.5085,-0.5121,2.3581,167.8792,1.3298,-1.3298,15.7161,28.5059,9.3654,53.2138,78.3018,1.1309
3:58:34 PM,42.4966741,-82.8562515,14.3274,8.2808,53.1705,38.2458,-17.7285,-1.4592,2.3369,167.971,1.3307,-1.3307,14.8687,30.4734,8.8181,58.7718,84.7639,-7.4062
3:58:35 PM,42.4966959,-82.8562083,,8.2224,52.9642,39.1463,4.7785,-1.1362,2.5834,168.0632,1.3316,-1.3316,14.2314,29.8628,8.1762,60.0751,85.6588,-7.389
3:58:36 PM,42.4967176,-82.8561633,14.2946,8.1836,54.2075,,,-0.0772,2.3905,,,,14.4283,31.2727,8.5448,61.2279,90.1374,-7.2343
3:58:37 PM,42.496741,-82.8561211,,8.2808,53.6804,38.7215,-25.2331,-1.3549,3.1597,168.2036,1.3329,-1.3329,15.1574,29.5352,8.9695,56.4123,84.4788,-6.8676
3:58:38 PM,42.496764,-82.856081,13.9665,8.1836,54.2534,38.3967,-70.2229,-0.2638,3.5265,168.2932,1.334,-1.334,15.6143,31.3798,9.6127,57.7589,87.6217,-9.7438
3:58:39 PM,42.4967855,-82.8560411,,8.0864,53.7721,37.5695,-6.4802,,,168.4218,1.3354,-1.3353,14.9046,31.2395,9.0613,58.5454,86.0998,-0.4275
3:58:40 PM,42.4968069,-82.8560012,14.0978,7.9114,52.5746,37.3488,46.0108,-1.5967,2.5011,168.5071,1.3363,-1.3362,15.3196,28.6764,9.1641,53.3391,79.4032,-24.3084
3:58:41 PM,42.4968307,-82.8559567,,8.1641,52.8611,36.1728,-51.4631,0.5586,1.967,168.602,1.3373,-1.3372,15.2544,28.359,9.0222,53.4271,76.5343,2.5748
3:58:42 PM,42.4968532,-82.855916,13.8025,8.0669,51.6235,38.2784,31.0429,-0.6166,3.155,168.6891,1.3382,-1.3382,15.0521,37.5701,9.9547,67.2134,95.3864,-11.6231
3:58:43 PM,42.4968758,-82.8558757,,8.0864,52.0131,37.1035,,0.1841,1.5402,168.7667,1.3391,-1.339,15.2407,32.5569,9.531,59.3748,86.3035,-7.2916
3:58:44 PM,42.4969005,-82.8558359,13.9665,8.0086,50.3,37.6751,-77.6965,-2.3603,3.8601,168.8527,1.3402,-1.3402,15.0798,36.217,9.8051,65.3256,95.7591,-24.0219
3:58:45 PM,42.4969237,-82.8557922,,8.1447,53.6861,37.6135,49.7751,0.8184,2.3198,168.9456,1.3412,-1.3411,14.977,26.0155,8.4828,50.7511,75.1504,16.3315
3:58:46 PM,42.4969469,-82.855752,14.4587,8.7278,51.4803,37.4807,-40.2182,-0.5492,2.5758,169.0316,1.3423,-1.3421,15.7035,40.2177,10.8175,69.6083,102.4022,-14.4822
3:58:47 PM,42.4969686,-82.8557089,,8.3196,51.5433,,45.9867,,,169.1222,1.3432,-1.343,15.1589,27.9645,8.8115,53.776,79.1989,
3:58:48 PM,42.4969901,-82.8556657,14.6555,8.3196,50.4489,34.8729,30.981,-0.8248,2.8499,169.2211,1.3442,-1.344,15.5752,34.8649,10.0237,62.6526,88.7736,-1.0979
3:58:49 PM,42.4970125,-82.8556153,,8.0086,52.7408,35.0143,45.9764,-1.8015,2.7021,,,,15.1282,36.293,9.8634,65.2114,91.1514,-12.3451
3:58:50 PM,42.4970334,-82.8555735,14.5243,8.0475,52.1907,37.1916,,-0.5443,1.6328,169.3598,1.3455,-1.3452,15.5397,30.2226,9.5055,55.3761,80.4648,2.592
3:58:51 PM,42.4970562,-82.85553,,8.1836,54.8607,37.763,64.7362,-0.9495,1.9799,169.447,1.3464,-1.3461,14.998,34.8741,9.5368,64.0529,92.2423,-17.5647
3:58:52 PM,42.4970764,-82.8554885,14.5243,8.1253,52.1506,,12.2315,0.7824,2.8578,169.5384,1.3474,-1.347,15.6044,23.5128,8.7625,45.2723,71.2897,10.8024
3:58:53 PM,42.4970963,-82.8554391,,8.203,53.3252,40.3603,4.751,-0.7904,2.5331,169.6159,1.3481,-1.3477,15.3127,37.2224,10.1556,65.7958,99.8814,-11.5257
3:58:54 PM,42.4971174,-82.8553931,14.3274,7.8531,52.7121,40.1732,-58.978,-0.792,2.202,169.7164,1.3489,-1.3484,15.4594,24.0742,8.7272,46.2687,75.5917,7.1298
3:58:55 PM,42.4971387,-82.8553483,,8.4946,54.0528,40.2339,23.5004,-0.3042,1.1879,169.8097,1.3498,-1.3493,15.4322,41.3351,10.7286,71.809,106.3117,-13.2102
3:58:56 PM,42.4971613,-82.8553129,14.0322,7.9503,50.9531,41.0745,-51.4734,0.5571,3.0942,169.9365,1.3512,-1.3506,15.1932,19.5274,7.9993,39.4096,69.4694,15.0996
3:58:57 PM,42.4971872,-82.855272,,8.1253,53.0043,39.8301,120.9812,-0.6015,1.9265,170.0234,1.3525,-1.3518,15.859,29.2949,9.7122,53.0334,84.7557,-26.2164
3:58:58 PM,42.4972103,-82.855235,14.229,8.1836,54.6831,,15.9821,,,170.1017,1.3536,-1.3528,15.6198,42.2652,11.0534,71.8809,108.1848,-23.5292
3:58:59 PM,42.497232,-82.8551946,13.9665,7.6004,53.646,40.7313,49.7648,-0.9776,2.6249,170.186,1.3546,-1.3537,15.4095,28.4774,9.1825,53.1447,85.5339,-9.2568
3:59:00 PM,42.4972521,-82.8551478,13.7369,8.1641,54.9982,42.2285,147.2834,-0.0508,2.1069,170.2809,1.3554,-1.3545,15.6629,34.2531,10.0835,60.9599,96.3507,-13.3649
3:59:01 PM,42.4972736,-82.8551062,,8.0086,56.0811,45.2976,,-0.1973,2.7341,170.3661,1.3564,-1.3554,16.2061,33.3195,10.471,58.2301,97.1911,-9.6178
3:59:02 PM,42.4972933,-82.855064,13.4744,7.9697,59.0261,49.5459,177.2674,-1.7994,3.3004,170.4523,1.3573,-1.3562,,,,,,-10.7809
3:59:03 PM,42.49731,-82.8550218,,7.8726,62.3951,54.7311,106.0304,-1.5944,3.3758,170.5283,1.3579,-1.3568,16.0868,30.8178,10.1128,54.582,96.8183,-0.4046
3:59:04 PM,42.4973243,-82.8549775,13.7369,7.5615,66.549,,113.5419,0.0288,2.4675,170.6246,1.3585,-1.3573,16.9225,28.6294,10.671,49.4506,100.5992,-7.4692
3:59:05 PM,,,,7.8726,67.0303,60.9649,102.3245,-0.8337,3.1728,,,,17.0319,25.3345,10.5301,43.7974,96.5598,-10.5173
3:59:06 PM,42.4973377,-82.8549267,13.8353,7.4838,68.795,67.7774,79.8485,,,170.7589,1.3591,-1.3578,17.1178,29.0707,10.9526,49.411,113.6844,4.2421
3:59:07 PM,42.4973484,-82.8548776,,7.5227,71.0181,72.1267,151.0993,-1.6691,2.9973,170.8538,1.3594,-1.358,17.3058,23.6759,10.7076,40.4672,109.2855,-0.8401
3:59:08 PM,42.4973597,-82.8548304,13.4744,7.581,73.0693,76.4464,177.3671,-0.3655,2.9504,170.9452,1.3597,-1.3582,17.1414,22.3333,10.5072,38.3102,112.3443,-3.4642
3:59:09 PM,42.4973692,-82.8547862,,7.6004,76.8852,,,-0.1824,2.5583,171.0305,1.36,-1.3583,17.219,20.6456,10.4281,35.6053,114.275,
3:59:10 PM,42.4973771,-82.8547386,13.4088,7.3672,79.8245,82.9166,199.8809,-1.3968,2.7166,171.1212,1.3601,-1.3583,17.2718,20.7364,10.4719,35.7312,120.233,-3.4871
3:59:11 PM,42.4973827,-82.8546945,,7.717,81.5204,88.2864,139.8888,-1.0992,2.9259,171.2049,1.3601,-1.3582,17.1541,19.7547,10.2682,34.3784,123.1085,-4.4497
3:59:12 PM,42.49738754,-82.85464575,13.4088,7.6004,86.1213,93.578,151.1371,-0.9959,2.2253,171.2879,1.3601,-1.3581,17.3706,19.0165,10.442,32.8228,130.467,-4.4096
3:59:13 PM,42.49738739,-82.85460024,,7.6199,86.614,100.4532,132.4254,-1.824,2.6557,171.4095,1.3595,-1.3574,17.4615,17.1882,10.3851,29.7932,133.8914,-4.4096
3:59:14 PM,42.49738728,-82.85455556,12.8182,7.6782,89.0777,102.1973,-13.7888,,,171.4863,1.3592,-1.357,17.5472,18.7446,10.5976,32.1462,140.237,-4.7476
3:59:15 PM,42.49738599,-82.85451399,,7.5227,87.3245,,12.4996,-0.4748,1.6719,171.5691,1.3589,-1.3565,17.2948,12.8897,10.0588,22.5538,133.0234,-0.3588
3:59:16 PM,42.49738542,-82.854469,12.8182,7.6004,88.0636,102.8631,42.5181,-0.5126,1.6721,171.6513,1.3586,-1.3561,17.6642,11.197,10.3207,19.4114,131.2863,-1.5734
3:59:17 PM,42.49738532,-82.85442442,12.8511,7.6004,89.0606,103.3032,20.0455,-1.4573,2.4071,171.7339,1.3583,-1.3558,17.5365,12.2419,10.2189,21.3386,133.25,-0.6109
3:59:18 PM,42.49738584,-82.85438004,,7.6393,89.158,103.7314,,0.241,2.2951,171.8166,1.358,-1.3553,17.3911,13.8655,10.1735,24.1833,136.4235,-8.2369
3:59:19 PM,42.4973846,-82.8543299,12.4245,,,105.37,16.2949,0.1772,2.2952,171.9036,1.3576,-1.3548,17.6325,8.3191,10.1128,14.612,128.8372,0.197
3:59:20 PM,42.4973842,-82.8542829,,7.5615,89.1809,105.7785,-43.6869,-0.8131,1.914,171.9875,1.3574,-1.3544,17.9956,10.1426,10.5698,17.4465,131.9726,0.0366
3:59:21 PM,42.4973843,-82.8542375,12.8511,7.4838,89.3929,,-47.4168,-0.2462,1.6047,172.076,1.3572,-1.3541,17.8297,10.9749,10.4168,19.0176,133.9605,-1.8427
3:59:22 PM,42.4973859,-82.8541899,,7.6782,87.8402,104.87,-9.9145,,,172.1729,1.3568,-1.3536,17.7432,12.5888,10.3605,21.9171,136.6304,-1.5391
3:59:23 PM,42.4973863,-82.8541375,12.5558,7.717,87.187,104.3948,,-1.3685,2.1727,172.26,1.3566,-1.3532,17.7629,14.2553,10.4973,24.625,137.7625,-7.5265
3:59:24 PM,42.4973867,-82.8540909,12.2605,7.5421,87.7657,104.7593,27.5879,0.2476,1.9101,172.3503,1.3564,-1.3528,17.964,11.2606,10.5614,19.3986,133.3835,-2.6105
3:59:25 PM,42.4973876,-82.8540422,,7.6587,87.886,104.4736,-69.8894,-1.5264,3.0538,172.4412,1.3562,-1.3525,17.8116,14.3038,10.5486,24.6563,138.3661,-5.269
3:59:26 PM,42.4973899,-82.8539936,12.1949,7.6199,85.8577,102.5334,-43.6559,0.7349,2.2661,172.5285,1.356,-1.3521,17.9883,10.223,10.5536,17.6084,130.0763,-0.6739
3:59:27 PM,42.4973916,-82.8539419,,7.3866,84.6029,,-24.8687,-0.5536,2.1689,172.6197,1.3559,-1.3519,18.0813,13.2824,10.7933,22.6368,132.4221,-7.3145
3:59:28 PM,42.497395,-82.8538933,11.9324,7.6782,84.3738,99.937,-6.1501,,,172.7156,1.3558,-1.3516,17.7132,16.0425,10.5791,27.5621,135.6379,-7.177
3:59:29 PM,42.4973974,-82.8538422,,7.717,84.9696,99.3517,-21.1559,0.9886,1.6168,172.8134,1.3556,-1.3512,17.8007,7.0855,10.2472,12.373,121.5317,0.9705
3:59:30 PM,42.4974007,-82.8537903,12.4902,7.6782,83.268,98.9891,12.589,-0.8498,1.7191,172.9057,1.3556,-1.351,18.0172,22.3215,11.3124,37.2224,142.9075,-8.5406
3:59:31 PM,42.4974042,-82.853741,,7.406,83.4971,,31.3041,0.3312,2.3962,172.9992,1.3555,-1.3508,18.0268,10.3885,10.5872,17.8806,125.9053,1.171
3:59:32 PM,42.4974076,-82.8536913,12.1949,7.5615,84.305,99.3156,,-0.7847,2.686,173.0924,1.3554,-1.3505,17.8678,13.6279,10.6006,23.3995,130.5829,-5.4868
3:59:33 PM,42.4974102,-82.8536415,,7.6004,84.5743,98.3992,-24.9546,-0.16,2.19,,,,18.0114,6.6903,10.3708,11.6735,118.6964,7.9377
3:59:34 PM,42.4974128,-82.8535881,13.1135,7.6976,81.8298,97.2222,-28.7017,-0.3654,2.1486,173.2373,1.3552,-1.35,17.9449,15.1809,10.7396,25.9481,131.0544,-16.1151
3:59:35 PM,42.4974187,-82.8535383,,7.6199,83.1476,95.8971,-47.4856,,,173.3314,1.3553,-1.3499,17.7322,2.2145,10.0915,3.8933,109.8968,
3:59:36 PM,42.4974241,-82.8534869,13.8025,6.8034,80.5063,,,-2.5382,2.6162,173.4203,1.3554,-1.3498,18.2306,31.6425,12.4263,50.3242,150.5856,-9.2052
3:59:37 PM,42.4974309,-82.8534422,14.0322,7.717,81.635,96.4222,16.2777,-2.5796,2.4453,173.5047,1.3556,-1.3498,17.8397,18.4832,10.958,31.0724,135.0286,-4.5414
3:59:38 PM,42.4974369,-82.8533994,,7.5032,78.4666,97.4649,4.9675,-2.9586,1.5774,173.5863,1.3557,-1.3497,,,,,,-32.0892
3:59:39 PM,42.4974436,-82.8533547,13.1135,7.4449,83.5201,96.234,23.7514,-0.2627,2.1132,173.7115,1.356,-1.3497,17.5932,14.6792,10.5078,25.1051,130.8069,26.7364
3:59:40 PM,42.4974501,-82.8533102,12.4902,7.5227,79.75,96.5136,-13.7888,-1.1774,2.476,173.7974,1.3561,-1.3496,17.8386,14.9886,10.7566,25.398,128.5929,-15.6396
3:59:41 PM,42.4974546,-82.8532647,,7.581,81.9845,,46.2102,-0.6719,2.4157,,,,17.7693,20.1495,11.0076,33.7844,136.7785,2.6492
3:59:42 PM,42.4974613,-82.8532172,12.1293,7.5615,82.7981,97.372,16.1746,-0.8323,3.4418,173.9383,1.3563,-1.3495,17.8743,7.7358,10.4353,13.3301,119.815,-3.5559
3:59:43 PM,42.4974642,-82.8531731,,7.5615,83.2164,97.1569,,,,174.0204,1.3564,-1.3494,17.3392,15.6738,10.251,27.1915,132.4318,-5.1372
3:59:44 PM,42.4974671,-82.8531183,13.2448,7.6199,81.0621,95.9964,-13.8163,-0.1184,2.4105,174.1617,1.3562,-1.3489,17.7828,14.0664,10.5799,24.1115,128.5894,-3.0288
3:59:45 PM,42.497469,-82.8530581,,7.6004,84.6316,96.9238,42.4184,-0.2378,1.4814,174.2657,1.3561,-1.3485,17.7666,17.6828,10.7858,30.0224,134.1538,-2.9485
3:59:46 PM,42.4974725,-82.85301,12.9823,7.6587,83.3883,96.9954,-51.3118,-0.9808,2.0761,174.3563,1.3561,-1.3483,17.4648,11.1385,10.1137,19.487,125.4667,-3.6017
3:59:47 PM,42.4974758,-82.8529611,,7.717,83.7951,96.39,-28.8186,-0.6281,2.6666,174.4482,1.3561,-1.348,17.6543,13.0647,10.3313,22.7232,127.3161,-2.7595
3:59:48 PM,42.4974798,-82.8529127,13.3432,7.7365,83.7378,96.8615,-17.5634,-0.1719,2.0768,,,,17.8,17.0576,10.7053,29.1916,132.8783,-8.4146
3:59:49 PM,42.4974854,-82.8528654,,7.6393,81.5949,,-28.8255,-0.1036,1.8642,174.5928,1.3561,-1.3477,17.2809,10.7544,9.9112,18.9866,123.868,-3.5788
3:59:50 PM,42.4974901,-82.8528212,13.1791,7.5615,82.4257,94.6969,-6.3117,,,174.6738,1.3563,-1.3476,17.4907,12.3181,10.1112,21.6566,124.5251,-3.1376
3:59:51 PM,42.4974956,-82.8527764,,7.6587,81.4803,95.9329,23.6998,-0.521,2.2121,174.7479,1.3564,-1.3475,17.6691,13.3951,10.3958,23.1878,126.6745,-3.1147
3:59:52 PM,42.4975005,-82.8527278,13.0479,7.6587,82.5689,97.3029,,-0.6289,2.4393,174.8705,1.3566,-1.3474,17.4734,13.4543,10.179,23.5409,129.0439,-3.1147
3:59:53 PM,42.4975054,-82.8526829,,7.6199,82.5804,97.453,-21.2831,-0.8535,2.368,174.9552,1.3567,-1.3473,17.3548,14.122,10.1032,24.7786,130.6596,-3.5387
3:59:54 PM,42.497509,-82.8526342,13.3432,7.9114,82.0074,97.3169,-2.5371,-0.7882,2.5662,175.0468,1.3567,-1.347,17.3351,12.5141,10.028,21.9975,127.6334,-1.8084
3:59:55 PM,42.4975131,-82.8525883,,7.7365,84.0701,96.9074,49.9745,0.3527,1.7755,175.1332,1.3568,-1.3469,17.3903,12.3346,9.9765,21.8617,128.1317,0.9246
3:59:56 PM,42.4975192,-82.8525368,13.1135,7.7559,82.2538,,76.2423,-0.7049,1.625,175.2305,1.3569,-1.3468,16.9497,12.0341,9.5079,21.8193,128.314,-11.2622
3:59:57 PM,42.4975199,-82.8524784,,7.6976,83.8753,97.8579,35.0066,-0.6514,2.6284,,,,16.604,11.5915,9.1337,21.4242,128.9943,
3:59:58 PM,42.4975186,-82.8524168,13.3432,7.8726,84.5628,98.8902,12.5168,,,175.3853,1.3568,-1.3462,16.7404,9.8034,9.1645,18.1207,127.1084,1.3601
3:59:59 PM,42.4975224,-82.8523555,,7.7948,84.8379,99.4888,-51.2121,-0.7938,1.9168,175.4998,1.3565,-1.3455,16.8438,12.0963,9.3403,22.2038,130.9881,-0.9432
4:00:00 PM,42.4975276,-82.8522972,12.8182,7.9309,83.3367,97.5387,,0.2274,2.36,175.615,1.3565,-1.3452,16.9432,11.6357,9.3863,21.3501,128.5837,-3.0689
4:00:01 PM,42.4975266,-82.8522376,,7.5227,83.1648,98.2245,5.0191,-0.3168,2.4395,175.7155,1.3566,-1.345,17.4016,12.2842,9.9603,21.8214,128.3454,-2.6735
4:00:02 PM,42.4975323,-82.8521915,12.6214,7.717,83.5201,,-6.2292,-0.5165,2.3821,175.8355,1.3564,-1.3444,17.384,12.3812,9.9094,22.0952,129.0648,-2.6563
4:00:03 PM,42.4975368,-82.8521476,,7.7365,82.8783,98.0007,12.5443,-0.2903,1.9176,175.9132,1.3566,-1.3443,17.5212,12.2887,10.0738,21.7272,128.7615,-2.4501
4:00:04 PM,42.4975419,-82.8521074,13.2448,7.6393,82.9815,97.9373,23.7961,-0.2532,1.9415,175.9959,1.3567,-1.3442,17.4111,12.7184,10.0056,22.5263,129.684,-2.4501
4:00:05 PM,42.497548,-82.8520624,,7.6393,82.7867,105.1307,-43.7247,,,176.0807,1.3569,-1.3441,17.1737,12.9995,9.8222,23.1602,131.861,-1.6193
4:00:06 PM,42.4975537,-82.8520225,13.3104,7.6976,83.6117,96.5174,-54.9868,-0.7584,1.9886,176.1868,1.3573,-1.3441,17.4239,12.9239,10.0725,22.7612,128.0821,-2.9887
4:00:07 PM,42.4975588,-82.8519777,,7.717,82.6377,95.5778,16.2571,-0.2773,2.5646,176.2712,1.3575,-1.344,17.5605,13.2811,10.2069,23.2807,126.955,-2.8798
4:00:08 PM,42.4975624,-82.8519268,12.8182,7.717,81.572,94.3563,,0.3077,1.5789,176.3668,1.3575,-1.3438,17.3076,11.5045,9.8483,20.5184,123.1645,-1.4073
4:00:09 PM,42.4975671,-82.8518821,,7.6976,82.9987,96.5275,5.0054,0.0824,1.9373,176.4511,1.3577,-1.3437,17.5181,13.336,10.1647,23.4236,127.5058,-6.8275
4:00:10 PM,42.4975724,-82.8518398,12.0636,7.6199,83.7378,,-9.9729,0.4583,1.1287,176.5308,1.3579,-1.3436,17.7005,11.2335,10.3456,19.4692,124.9012,-1.8657
4:00:11 PM,42.4975766,-82.8517899,,7.6004,82.9299,97.2245,-28.7121,-0.3601,2.1941,176.6243,1.358,-1.3434,17.5953,11.6693,10.2303,20.3573,126.4409,-1.5505
4:00:12 PM,42.4975796,-82.8517412,12.687,7.6393,83.1935,97.2864,80.0239,-0.3238,2.2332,176.716,1.3581,-1.3431,17.4209,12.3071,10.0664,21.6466,127.3299,-1.5505
4:00:13 PM,,,,7.6587,82.1965,97.5915,-21.2246,-0.4333,2.3212,176.819,1.3581,-1.3427,17.4255,12.407,10.0789,21.806,127.9238,-1.6193
4:00:14 PM,42.4975821,-82.8516812,13.2448,7.6587,82.2939,,,,,176.9155,1.3582,-1.3425,,,,,,-1.1208
4:00:15 PM,42.4975861,-82.8516299,,7.6587,83.0273,97.6048,31.2835,0.437,2.3016,,,,17.4156,11.063,10.1207,19.2809,125.6842,-1.1208
4:00:16 PM,42.4975915,-82.8515867,13.4744,7.6587,84.242,98.2204,-9.9763,-1.2784,2.9029,177.0411,1.3585,-1.3424,17.3719,13.0022,10.081,22.8121,129.8254,-9.337
4:00:17 PM,42.4975972,-82.8515447,,7.5032,81.8356,97.2399,-69.9306,0.5657,1.8233,177.1582,1.3589,-1.3423,17.289,16.0855,10.222,27.945,134.9117,0.9877
4:00:18 PM,42.4976026,-82.8515009,13.2448,7.6393,81.6981,96.4891,12.5547,-0.0405,1.9802,177.2396,1.3591,-1.3422,17.0835,12.491,9.8501,22.0314,127.6424,3.3654
4:00:19 PM,42.4976079,-82.8514575,,7.5615,80.2026,95.782,12.5203,-1.139,2.6425,177.3239,1.3594,-1.3422,17.7769,11.3701,10.4741,19.5483,124.546,
4:00:20 PM,42.4976144,-82.8514128,13.3432,,,95.9247,95.0228,-0.3816,2.3551,177.4225,1.3594,-1.3419,17.817,17.0086,10.8202,28.7944,132.2237,-10.0017
4:00:21 PM,42.49761721,-82.85135553,,7.5421,81.8184,96.634,12.5237,-0.8278,2.2922,177.5147,1.3596,-1.3417,17.6389,14.6305,10.5007,25.1056,128.9538,-4.7476
4:00:22 PM,42.4976215,-82.85130627,13.8353,7.6199,80.598,96.7618,,,,177.5953,1.3598,-1.3416,17.7106,14.4641,10.5435,24.8069,130.0585,-6.2774
4:00:23 PM,42.49762731,-82.85126349,13.8353,7.5615,80.0709,,53.7801,-1.2335,2.7378,177.6644,1.3602,-1.3417,17.6875,13.0516,10.4258,22.5271,128.5256,-0.4676
4:00:24 PM,42.49763332,-82.85122656,,7.5421,84.2592,97.459,27.5123,-0.0172,2.2018,177.7377,1.3605,-1.3417,17.1721,3.7997,9.553,6.8414,114.6738,19.626
4:00:25 PM,42.4976402,-82.85118736,14.1634,8.0086,82.3455,97.8014,-13.7544,-0.9167,1.8042,177.8208,1.3607,-1.3416,17.5832,19.597,10.7112,33.4073,138.1997,-15.3015
4:00:26 PM,42.49764566,-82.8511434,14.0978,7.5032,81.4288,97.019,31.2457,-1.1329,2.0209,177.9064,1.3609,-1.3415,17.4994,15.6278,10.3929,26.9744,132.25,-13.3878
4:00:27 PM,42.49764979,-82.85109748,,7.6004,83.8524,97.1072,16.2537,-0.0552,2.0135,177.996,1.3612,-1.3414,17.4325,10.9908,10.0251,19.3611,125.0602,-1.3042
4:00:28 PM,42.4976563,-82.8510496,14.2946,7.717,82.2825,96.9216,8.7766,-0.8404,2.6834,178.0805,1.3615,-1.3414,17.3652,11.0162,9.9155,19.5513,125.5215,-1.4073
4:00:29 PM,42.4976625,-82.8510044,,7.7365,82.4715,97.1726,-36.2235,-0.1181,2.1497,178.1666,1.3618,-1.3412,17.4816,10.6315,9.9999,18.8157,125.0795,-2.4845
4:00:30 PM,42.4976678,-82.8509585,14.1634,7.6782,82.0991,97.1366,-28.7224,-1.1468,2.2671,178.2523,1.362,-1.3411,17.2186,13.6624,9.9099,24.2302,130.2051,-5.0055
4:00:31 PM,42.4976728,-82.8509126,,7.717,83.2966,,-36.2098,-0.1485,2.4068,178.3411,1.3622,-1.341,17.3208,12.5215,9.9206,22.2427,128.113,-2.6334
4:00:32 PM,42.4976777,-82.8508652,14.229,7.8337,81.2282,95.713,-77.4559,-0.1023,2.7117,178.4296,1.3625,-1.3409,17.333,12.3487,9.8835,22.0277,126.9881,-2.8798
4:00:33 PM,42.4976828,-82.8508179,14.3274,7.717,81.7152,95.9343,31.2904,0.4255,2.3934,178.5188,1.3627,-1.3407,17.2334,12.2506,9.8107,21.8839,126.561,-3.2178
4:00:34 PM,42.4976876,-82.85077,,7.7754,81.3371,96.6915,-2.4649,-0.4485,3.0519,178.6094,1.3629,-1.3405,17.0917,13.657,9.732,24.4979,129.583,-3.1491
4:00:35 PM,42.4976926,-82.8507167,14.4587,7.7559,82.0705,,-21.2281,-0.2827,2.9483,178.7001,1.3632,-1.3404,17.2782,12.7699,9.9087,22.6705,128.127,-2.8626
4:00:36 PM,42.4976972,-82.8506684,13.9665,7.7365,81.3084,96.5851,-6.2429,,,178.7893,1.3634,-1.3402,17.5864,13.7126,10.2211,24.0711,129.1631,-4.5414
4:00:37 PM,42.4977017,-82.8506203,,7.6976,82.6091,96.137,,-0.1049,2.1897,178.8815,1.3636,-1.34,17.2099,13.8013,9.8841,24.5423,129.1385,-3.8023
4:00:38 PM,42.497706,-82.850571,14.1634,7.6976,83.0846,95.4073,-47.5028,0.1538,1.8241,178.9723,1.3638,-1.3398,17.1109,12.7179,9.7685,22.6824,126.3287,-3.9799
4:00:39 PM,42.4977106,-82.8505224,,7.6393,82.3168,95.2076,-36.2545,-0.2837,2.25,179.0612,1.3641,-1.3397,17.2315,13.8131,9.9416,24.4457,127.6817,-4.0601
4:00:40 PM,42.4977153,-82.8504748,14.7867,7.6393,81.0392,96.5521,46.2514,0.0376,1.6392,179.1517,1.3643,-1.3395,17.3464,10.9072,9.9224,19.3168,124.526,1.9216
4:00:41 PM,42.4977192,-82.850426,,7.6976,81.7095,,57.4791,-1.3612,2.7034,179.232,1.3646,-1.3394,17.2478,14.0721,10.0172,24.7494,132.0586,-11.7263
4:00:42 PM,42.4977239,-82.8503829,14.4587,7.6004,84.2191,100.3004,31.2216,-1.4242,2.5587,179.319,1.3648,-1.3392,17.2609,7.6166,9.7262,13.6048,124.4675,-0.1984
4:00:43 PM,42.4977287,-82.8503315,,7.4643,83.1476,99.1697,-25.0371,,,,,,16.7838,15.0712,9.5831,27.0905,135.3708,-3.046
4:00:44 PM,42.4977325,-82.8502844,13.8353,7.5615,84.6316,98.628,31.2388,-0.3276,3.2055,179.4509,1.3651,-1.3389,17.2147,13.1055,9.922,23.1664,130.5868,
4:00:45 PM,42.4977361,-82.8502375,,7.6393,83.3482,,,-0.7942,3.1796,179.5382,1.3653,-1.3387,17.4218,12.6536,10.1829,22.0108,136.2751,-2.473
4:00:46 PM,42.4977397,-82.8501904,14.6555,7.5421,84.0128,99.6485,35.0031,-0.4967,2.5991,179.6258,1.3655,-1.3385,17.3412,13.3737,10.1645,23.2419,131.5835,-2.4042
4:00:47 PM,42.4977444,-82.8501441,,7.5227,82.632,98.8907,-9.9729,-0.5483,2.0195,179.7119,1.3658,-1.3383,,,,,,-3.1949
4:00:48 PM,42.4977491,-82.8500972,14.8196,7.5615,82.0304,97.7816,20.0077,-0.9862,2.094,179.799,1.3661,-1.3382,17.2672,14.2305,10.1198,24.7995,132.2245,-2.7194
4:00:49 PM,42.4977538,-82.8500502,,7.5615,83.182,97.6051,83.7607,-0.0833,2.4756,179.8864,1.3663,-1.338,17.5673,13.7527,10.3547,23.7861,130.8708,-3.5387
4:00:50 PM,42.4977589,-82.8499962,14.7211,7.6004,83.0101,98.3799,-58.7408,-0.527,2.7718,179.972,1.3666,-1.3379,17.4601,13.258,10.2692,22.95,129.6232,-3.172
4:00:51 PM,42.4977635,-82.8499439,,7.6004,83.7664,,-32.4764,-0.7852,2.5059,180.0652,1.3669,-1.3377,17.3317,14.2037,10.1671,24.726,131.5814,-3.235
4:00:52 PM,42.4977673,-82.8498966,14.8196,7.6199,83.0732,97.0316,-66.2213,-0.5081,2.7555,,,,17.3783,14.4606,10.2095,25.1542,130.7637,-3.1147
4:00:53 PM,42.4977709,-82.8498477,,7.5615,82.2882,96.9038,20.0214,-0.6394,2.4136,180.1978,1.3672,-1.3374,17.2228,14.1825,10.031,24.8771,129.3147,-3.235
4:00:54 PM,42.4977747,-82.8497985,15.082,7.6199,81.9387,96.6446,,,,180.3323,1.3676,-1.3371,17.2145,14.6489,10.0308,25.7225,130.8792,-3.2178
4:00:55 PM,42.4977796,-82.8497482,,7.6782,82.6893,96.7645,1.2685,-0.4994,2.1368,180.424,1.3678,-1.3369,17.541,11.841,10.1982,20.6674,126.1522,-3.5272
4:00:56 PM,42.4977839,-82.8496992,15.082,7.717,83.2107,,-17.4775,-0.7817,3.098,180.5169,1.3682,-1.3367,17.3193,15.7942,10.1866,27.5658,132.3189,-4.0028
4:00:57 PM,42.4977881,-82.8496478,,7.6587,82.6893,,,,,180.6078,1.3684,-1.3365,17.2402,15.2826,10.0585,26.8577,131.5101,-4.3294
4:00:58 PM,42.4977933,-82.8495931,15.1476,7.581,81.3084,,,,,180.7163,1.3687,-1.3363,17.2219,12.8064,9.866,22.7632,127.7438,-2.8454
4:00:59 PM,42.4977978,-82.8495437,,7.6587,80.9475,,,,,180.8075,1.369,-1.3361,17.1889,17.3801,10.1467,30.3996,134.7734,-2.9027
4:01:00 PM,42.4978028,-82.8494957,14.8196,7.7365,80.8902,,,,,180.8965,1.3694,-1.3359,17.1727,15.5163,9.9696,27.4381,132.5286,-3.5387
4:01:01 PM,42.4978082,-82.8494487,,7.7365,81.9215,,,,,180.9757,1.3697,-1.3358,17.3058,15.124,10.0863,26.5935,,-3.5387
4:01:02 PM,42.4978128,-82.8494005,14.8196,7.8531,81.9502,94.5121,-40.0085,-0.4537,2.552,,,,17.3288,15.0353,10.0729,26.5052,128.7024,-2.9485
4:01:03 PM,42.4978186,-82.8493512,,7.6004,80.6381,93.9493,-32.4867,-0.882,2.717,181.1078,1.3702,-1.3356,17.276,15.8267,10.0488,27.9616,129.7956,-3.7564
4:01:04 PM,42.4978251,-82.8493045,15.0164,7.6782,79.9276,94.6566,16.2846,-0.9961,2.054,181.1986,1.3706,-1.3355,16.2288,12.6588,8.8564,23.6762,127.1204,-1.6766
4:01:05 PM,42.4978311,-82.8492494,,7.6393,80.9819,95.5842,8.8006,-0.1459,1.9705,181.2846,1.371,-1.3355,15.5819,12.1877,8.2078,23.6273,128.8639,-1.6995
4:01:06 PM,42.4978359,-82.8491972,15.2789,7.5032,80.5349,,16.2949,-0.2943,2.3357,181.386,1.3714,-1.3353,15.5071,13.5315,8.3036,25.9102,130.8731,
4:01:07 PM,42.4978416,-82.8491453,15.1476,7.6393,80.2485,95.5124,-28.7017,-0.7039,2.3469,181.4823,1.3718,-1.3351,15.9397,13.5372,8.7382,25.2766,128.9652,-1.6766
4:01:08 PM,42.4978479,-82.8491012,,7.6004,80.3516,95.2187,35.0788,-1.4052,2.7037,181.6155,1.3724,-1.335,16.7422,14.6055,9.5869,26.1273,130.2034,-1.6995
4:01:09 PM,42.4978534,-82.8490562,14.7211,7.6587,82.0647,96.1052,,,,,,,16.9274,19.276,10.0602,33.7424,137.5394,-5.6701
4:01:10 PM,42.4978608,-82.8490161,,7.581,80.4089,96.1627,-6.1604,-0.7331,2.7189,181.7414,1.373,-1.3349,16.5852,15.3316,9.5152,27.4428,132.5394,12.2749
4:01:11 PM,42.4978693,-82.8489638,14.8852,7.4838,81.36,96.4802,35.0788,-0.7485,2.3126,181.8149,1.3735,-1.3349,16.7395,14.0963,9.5858,25.1705,130.4778,2.231
4:01:12 PM,42.4978751,-82.8489148,,7.2311,81.0907,96.6749,5.1016,-0.9315,2.9825,181.911,1.3741,-1.335,16.5064,13.8249,9.3542,24.9395,130.7578,-1.1437
4:01:13 PM,42.4978773,-82.848867,14.5899,7.6976,82.0246,,,,,181.9917,1.3745,-1.3349,17.1464,19.4112,10.241,33.8102,138.6004,-19.6331
4:01:14 PM,42.4978831,-82.8488211,,7.3672,84.2363,97.8634,16.343,-0.4825,1.1706,182.1205,1.3749,-1.3346,16.7603,23.6699,10.2376,41.0906,145.7448,-10.7809
4:01:15 PM,42.497888,-82.8487768,15.1476,7.6976,83.1992,97.759,12.5993,0.3706,2.1611,182.2017,1.3753,-1.3345,16.43,11.8059,9.0826,21.722,129.2721,-3.0288
4:01:16 PM,42.4978924,-82.8487338,15.082,7.6199,83.1877,98.6306,-43.6628,-0.7958,2.1511,182.2807,1.3756,-1.3344,16.9714,16.2106,9.8884,28.6289,135.725,-9.5032
4:01:17 PM,42.4978981,-82.8486827,15.082,7.6004,82.0074,,-28.6674,-0.239,2.3724,182.3747,1.3761,-1.3342,16.997,14.7395,9.851,26.0392,132.645,-3.9398
4:01:18 PM,42.4979011,-82.8486351,,7.7948,82.3512,97.7411,5.0947,-0.7058,2.6533,182.4615,1.3763,-1.3339,16.4755,14.2169,9.1884,26.1272,132.95,-4.1403
4:01:19 PM,42.4979059,-82.8485895,15.082,7.6782,82.7236,98.4443,-69.9203,-0.6771,1.8229,182.5449,1.3767,-1.3338,16.6865,14.1878,9.4241,25.7204,133.3683,-4.1174
4:01:20 PM,42.4979118,-82.8485438,,7.3477,78.3806,97.213,50.0467,-1.1604,1.2541,182.6228,1.3771,-1.3337,17.1451,17.7257,10.2605,30.5804,136.4605,-10.3282
4:01:21 PM,42.4979182,-82.8484875,15.0164,7.6004,78.2431,97.067,,-0.8598,2.2195,182.7231,1.3776,-1.3336,16.6267,7.5278,9.0687,13.8978,123.8267,7.8345
4:01:22 PM,,,,7.717,83.1648,,-17.4397,0.1321,1.7258,182.806,1.3779,-1.3334,16.8633,12.4368,9.5124,22.4445,129.6073,-1.5391
4:01:23 PM,42.4979215,-82.8484418,15.2789,8.0086,80.5063,96.2425,-36.1995,,,182.8875,1.3784,-1.3334,16.8119,22.0842,10.0689,38.8844,142.1774,-24.3313
4:01:24 PM,42.4979291,-82.8483973,,7.5615,80.6495,95.4238,117.5366,0.069,1.4805,182.971,1.3789,-1.3334,16.3257,12.1424,9.0602,22.2728,127.4695,-2.8225
4:01:25 PM,42.4979353,-82.8483519,15.5085,7.4449,82.2137,97.0578,57.541,0.3064,1.7869,183.0542,1.3793,-1.3333,16.7857,9.2308,9.3973,16.6505,123.3325,7.3704
4:01:26 PM,42.4979398,-82.848306,,7.717,81.6465,,-9.9454,0.1203,2.0836,183.1333,1.3798,-1.3332,,,,,,-4.7133
4:01:27 PM,42.4979456,-82.8482622,15.5085,7.6782,82.2538,96.567,,-0.3431,2.3443,183.2151,1.3803,-1.3332,16.6852,14.692,9.479,26.515,131.7289,-2.9485
4:01:28 PM,42.4979522,-82.8482171,15.4429,7.3088,83.8925,98.8239,38.8122,0.3675,2.4794,183.2985,1.3807,-1.3331,16.8041,14.3958,9.579,25.8583,132.6065,
4:01:29 PM,42.497957,-82.8481713,,7.6587,82.4773,98.964,-6.1845,,,183.3822,1.3811,-1.3329,16.622,13.1447,9.362,23.8136,131.6483,-2.8626
4:01:30 PM,42.49796221,-82.84812084,15.2789,7.5227,83.5716,98.4344,-9.9385,-0.7557,2.0932,183.4662,1.3815,-1.3328,16.9762,13.3997,9.7088,23.9044,131.6525,-2.261
4:01:31 PM,42.49796649,-82.84807438,,7.5032,81.0392,97.3939,-13.6822,-0.1352,1.9473,183.5497,1.3819,-1.3326,16.997,12.2568,9.6485,21.9613,128.9738,-1.9287
4:01:32 PM,42.49797172,-82.84802908,15.3117,7.581,83.2221,97.2227,16.319,-1.0254,1.3383,183.6339,1.3822,-1.3324,17.261,15.1214,10.1643,26.2955,132.6844,-7.1541
4:01:33 PM,42.49797525,-82.84798226,,7.6004,82.4372,,,-0.5357,1.8659,183.7192,1.3826,-1.3323,16.5458,14.0362,9.3461,25.4276,131.5979,-0.0551
4:01:34 PM,42.49797998,-82.8479354,15.082,7.6976,81.4975,96.7614,-84.9192,0.0564,2.6118,183.8028,1.3831,-1.3322,16.8822,12.5548,9.5981,22.4786,127.8167,-1.3672
4:01:35 PM,42.4979852,-82.84788923,,7.3866,78.5754,95.9995,-58.6927,-1.8529,2.5921,183.889,1.3836,-1.3321,16.9867,10.965,9.6003,19.6672,125.058,1.4002
4:01:36 PM,42.49799167,-82.84784206,15.4429,7.6004,83.0044,97.1748,53.7835,-0.7265,2.4906,183.9767,1.384,-1.3319,17.529,26.38,11.265,43.7403,147.0072,-25.3397
4:01:37 PM,42.4979961,-82.8477886,,,,96.9857,-21.2006,,,184.0604,1.3845,-1.3318,16.9192,8.0337,9.4714,14.457,121.6264,1.807
4:01:38 PM,42.4980017,-82.8477425,15.2133,7.6004,81.4975,,-58.703,-1.121,2.4378,,,,17.1412,12.1475,9.8746,21.4249,127.379,-0.777
4:01:39 PM,42.4980074,-82.847697,,7.6587,81.9387,95.3282,-92.4307,-1.2016,2.6374,184.185,1.3852,-1.3317,17.1263,12.7232,9.8461,22.525,126.4631,-0.1525
4:01:40 PM,42.498014,-82.84765,15.4429,7.6004,81.148,94.9496,,0.1118,3.1872,184.2693,1.3857,-1.3316,16.6298,14.1014,9.4497,25.3887,129.1984,-3.384
4:01:41 PM,42.4980204,-82.8476032,,7.6004,80.1339,93.5069,38.795,-0.7691,3.4346,184.3539,1.3863,-1.3316,16.7948,9.2195,9.4276,16.5838,119.8594,-5.8706
4:01:42 PM,42.4980264,-82.8475578,15.3773,7.5421,81.8126,94.9554,53.7801,-0.6904,3.1541,184.4356,1.3868,-1.3315,17.1736,14.0296,10.1417,24.2371,126.5965,12.3666
4:01:43 PM,42.498032,-82.8475098,,7.3283,78.8103,95.1992,12.51,-0.4988,2.3527,184.5221,1.3873,-1.3314,17.3633,22.8007,10.85,38.3277,139.2527,-15.3015
4:01:44 PM,42.4980341,-82.8474599,15.3773,7.4643,83.9039,95.7424,23.772,-0.1215,1.7553,184.6124,1.3876,-1.3311,17.1949,9.909,9.8512,17.4797,120.5755,2.6492
4:01:45 PM,42.4980397,-82.8474086,,7.581,82.9586,95.5841,-9.9867,,,184.7045,1.3881,-1.331,16.9134,11.4073,9.5877,20.4201,124.3694,0.3402
4:01:46 PM,42.4980453,-82.8473631,15.4429,7.6587,82.5575,,5.0225,-0.3427,1.9501,184.786,1.3886,-1.3309,17.1165,12.2956,9.8156,21.7992,125.3959,15.1798
4:01:47 PM,42.4980488,-82.8473136,,7.5227,80.787,95.8181,12.51,-1.0548,2.4425,184.9101,1.3892,-1.3306,17.2702,23.7426,10.7348,40.3722,142.0864,-14.9864
4:01:48 PM,42.4980535,-82.8472661,15.3773,7.6976,81.9043,96.1502,,-0.4653,2.5881,184.9945,1.3896,-1.3304,17.15,12.9624,9.8434,23.0051,127.3667,-1.6594
4:01:49 PM,42.4980577,-82.847219,,7.6393,81.635,96.7806,8.7559,-1.0016,2.2792,185.079,1.3902,-1.3303,17.0445,14.2091,9.7845,25.3147,130.6362,-12.4596
4:01:50 PM,42.4980636,-82.8471718,15.5085,7.6199,82.7294,96.1156,-10.0073,0.0158,1.8657,185.1642,1.3906,-1.3301,17.2035,12.4838,9.8263,22.2377,127.0508,1.9846
4:01:51 PM,42.4980678,-82.8471243,15.3117,7.6782,82.5747,96.2178,61.2503,-0.2655,1.6498,185.2501,1.3911,-1.33,17.324,11.7972,9.8887,20.988,125.7313,-1.1609
4:01:52 PM,42.4980735,-82.8470711,,7.8142,82.0361,,-13.7475,-0.3429,2.2084,,,,16.9267,12.8672,9.5061,23.3613,128.9685,
4:01:53 PM,42.4980776,-82.8470249,15.0164,7.892,83.7091,96.5056,-25.0165,-1.2493,2.999,185.3847,1.3918,-1.3298,16.78,10.2728,9.2074,18.9661,124.9296,-1.9115
4:01:54 PM,42.4980828,-82.8469775,,7.6587,82.7809,96.6828,38.7228,,,185.4697,1.3924,-1.3296,17.0432,11.8503,9.5611,21.4727,126.8515,-12.6888
4:01:55 PM,42.4980876,-82.8469289,15.1476,7.6976,80.3344,95.6682,8.7147,-1.3299,3.4003,185.5493,1.3927,-1.3294,17.3041,20.3377,10.4207,35.2489,138.6934,5.5198
4:01:56 PM,42.4980925,-82.8468815,,7.2894,83.5659,96.2143,-25.0302,-0.3659,2.1234,185.6421,1.3933,-1.3293,17.1637,3.9878,9.5684,7.1661,113.0798,-10.5402
4:01:57 PM,42.498097,-82.8468319,15.1476,7.6587,81.6236,,16.1987,-1.1947,2.6737,185.7616,1.3941,-1.3292,17.0669,16.067,9.9182,28.4404,133.7192,2.8154
4:01:58 PM,42.4981025,-82.8467857,15.0164,8.0281,83.3081,97.2571,,-0.4523,1.6714,185.849,1.3946,-1.329,16.7717,14.7464,9.5528,26.5445,131.5745,-6.8504
4:01:59 PM,42.498108,-82.8467332,,7.9892,83.543,97.3555,16.2021,-1.3326,2.3443,185.9405,1.3951,-1.3288,17.155,15.2981,9.9886,26.945,131.9279,-1.7396
4:02:00 PM,42.4981119,-82.8466861,14.2946,7.6004,84.6717,97.4591,1.217,-0.0064,2.3567,186.0247,1.3956,-1.3286,16.9809,14.7677,9.8276,26.1319,131.5856,-4.3466
4:02:01 PM,42.4981147,-82.8466395,,7.6587,83.0216,,-32.5245,-0.3456,2.1864,186.1082,1.396,-1.3284,,,,,,-3.0918
4:02:02 PM,42.4981184,-82.8465895,14.7211,7.6587,83.7091,96.7229,49.9745,-0.3066,1.9456,,,,16.9764,15.3326,9.8236,27.191,131.9882,-3.1376
4:02:03 PM,42.4981223,-82.8465393,,7.5421,83.5372,97.6576,68.7068,,,186.2397,1.3966,-1.3281,17.4628,14.7889,10.2972,25.651,130.2349,-3.0918
4:02:04 PM,42.4981256,-82.8464935,14.5899,7.6782,84.9868,100.9357,158.7208,-0.7522,1.9627,186.3295,1.3971,-1.3278,17.4607,15.0181,10.2765,26.1213,132.2381,-3.0689
4:02:05 PM,42.4981273,-82.8464487,,7.6199,88.1438,107.3643,188.6842,-1.2983,2.4072,186.4118,1.3975,-1.3275,17.2338,14.9437,10.0523,26.2377,136.9679,-3.0689
4:02:06 PM,42.4981263,-82.8464048,15.2133,7.892,91.1289,,,-1.2898,2.0766,186.4923,1.3977,-1.3272,17.5475,13.8806,10.3178,24.0791,139.6161,-3.0689
4:02:07 PM,42.4981202,-82.8463578,,7.5032,94.3146,111.616,147.4518,-1.1928,2.757,186.572,1.3978,-1.3266,17.379,12.5528,10.0676,22.0352,143.1339,-3.1376
4:02:08 PM,42.4981151,-82.8463136,15.5085,7.3866,97.1679,116.6392,173.7025,-0.56,3.0894,186.6498,1.3976,-1.3258,17.5312,11.3854,10.3069,19.6197,144.1626,-3.2751
4:02:09 PM,42.498107,-82.846267,,7.2311,99.9639,120.9919,181.2208,-1.2242,2.6655,186.7745,1.3973,-1.3246,17.5011,11.0867,10.2932,19.0838,147.7933,-3.2178
4:02:10 PM,42.4980997,-82.8462232,15.4429,7.3088,101.5797,123.5599,113.7619,-1.5233,2.6001,186.8556,1.3971,-1.3237,17.4573,9.6978,10.3106,16.5715,148.1558,-3.2579
4:02:11 PM,42.4980896,-82.8461793,,7.3088,105.2466,,203.7759,-0.0502,2.54,186.9377,1.3967,-1.3228,17.5829,8.6401,10.3833,14.7374,151.0953,-1.8084
4:02:12 PM,42.4980783,-82.8461345,15.1476,7.3672,104.2611,128.573,166.2735,-1.6546,2.1074,187.014,1.3963,-1.3218,17.2211,2.3147,9.7473,4.0919,146.7885,-23.6667
4:02:13 PM,42.4980652,-82.8460909,,7.3672,104.284,132.7897,,,,187.0962,1.3958,-1.3206,17.5604,14.4114,10.6004,24.3489,168.3663,
4:02:14 PM,42.4980512,-82.8460467,15.5085,7.3866,115.1473,136.8957,117.5262,-0.3218,2.357,187.1805,1.3952,-1.3194,17.6886,-6.6692,10.3804,-11.4143,140.8866,9.2383
4:02:15 PM,42.4980358,-82.8460008,,7.6587,117.6855,138.1752,46.2858,-0.0298,1.9836,,,,17.8124,-4.7256,10.3651,-8.139,145.2232,2.0018
4:02:16 PM,42.4980212,-82.845959,15.2789,7.581,115.2906,,57.5273,-1.5508,2.6627,187.3079,1.3942,-1.3175,17.4654,-0.3572,9.9456,-0.6274,156.3201,2.5576
4:02:17 PM,42.4980052,-82.8459183,,7.6393,119.0205,138.8176,-32.4386,0.1627,2.1462,187.3881,1.3935,-1.3162,17.7032,-1.2885,10.0822,-2.2629,150.0728,-1.3672
4:02:18 PM,42.4979898,-82.8458791,15.4429,7.6393,117.8918,136.7642,-9.9213,-0.8718,2.2709,187.5024,1.3925,-1.3143,17.6499,-0.5613,10.0415,-0.9866,149.6087,-1.0463
4:02:19 PM,42.4979742,-82.8458383,,7.6587,115.6859,135.7771,,-0.2688,2.9714,187.5814,1.3918,-1.313,17.3129,-4.3798,9.7067,-7.8286,142.9227,1.7669
4:02:20 PM,42.4979593,-82.8457971,15.5741,7.5227,116.8318,136.7005,23.827,-0.0342,2.5007,187.6605,1.3912,-1.3118,17.5089,-2.5101,9.9701,-4.411,146.3893,-3.0918
4:02:21 PM,42.4979438,-82.8457559,,7.5615,118.1496,,23.8373,-0.0126,3.1212,187.7402,1.3905,-1.3105,17.5178,-2.7534,9.9659,-4.8438,146.7219,-2.3641
4:02:22 PM,42.4979289,-82.8457168,15.5085,7.5227,117.0667,137.6506,-54.9043,,,187.8159,1.3898,-1.3093,17.7348,-3.1255,10.235,-5.4212,145.662,-2.2037
4:02:23 PM,42.4979125,-82.8456724,,7.5032,116.0125,135.7668,-81.1583,0.3936,2.9611,187.8936,1.3892,-1.308,17.7042,-6.5732,10.3263,-11.3183,138.6194,1.7039
4:02:24 PM,42.4978964,-82.8456316,15.5741,7.5032,115.938,135.037,12.62,-0.1243,2.7746,187.973,1.3885,-1.3067,17.8143,-6.4126,10.4608,-10.9643,137.6934,0.4262
4:02:25 PM,42.49788,-82.84559,,7.7365,115.9896,,-24.8377,0.7654,2.2427,188.0538,1.3878,-1.3054,17.6937,-8.4928,10.3235,-14.6624,134.1695,5.0328
4:02:26 PM,42.4978649,-82.8455471,15.5741,7.581,116.5167,133.5061,-36.0895,0.3817,2.2817,188.1366,1.3872,-1.3041,17.641,-0.3377,10.1094,-0.5893,147.7995,-7.3374
4:02:27 PM,42.4978496,-82.845504,,7.6587,116.7745,134.6255,-21.094,0.5422,2.7352,188.2199,1.3865,-1.3028,17.4378,-3.5989,9.8558,-6.3766,142.9682,-9.274
4:02:28 PM,42.4978359,-82.8454598,15.5741,7.4449,115.8463,134.6092,5.1532,-0.2801,2.6563,188.3053,1.386,-1.3016,17.4639,-8.0174,10.0009,-14.0965,135.1752,0.5293
4:02:29 PM,42.497821,-82.8454153,15.5741,7.6587,112.8097,134.2008,,,,,,,17.6276,-6.2914,10.1084,-11.017,138.2754,4.414
4:02:30 PM,42.497804,-82.8453686,,7.6782,113.566,135.4952,27.6464,-0.2222,2.1209,188.4326,1.3851,-1.2997,17.4734,-6.8568,9.9781,-12.0678,138.6604,3.3024
4:02:31 PM,42.4977881,-82.845325,15.6398,7.6199,115.1244,135.6904,-36.0929,-0.5043,2.4351,188.5149,1.3844,-1.2984,17.8931,-5.6189,10.3058,-9.7875,140.7865,1.8815
4:02:32 PM,42.4977723,-82.8452819,,7.581,115.4854,,,,,188.6,1.3838,-1.2971,17.7187,-5.2868,10.1501,-9.256,141.5017,1.7211
4:02:33 PM,42.4977572,-82.8452362,15.4429,7.7754,115.7146,136.1838,12.6612,-0.3201,2.732,188.6841,1.3831,-1.2957,17.5828,-5.8066,9.9722,-10.2755,141.173,3.5832
4:02:34 PM,42.4977414,-82.8451916,,7.3866,115.4567,,,,,188.7723,1.3825,-1.2944,17.576,-2.3516,9.9141,-4.1716,146.9771,-1.8084
4:02:35 PM,42.4977234,-82.8451474,15.5085,7.8726,116.1901,,,,,188.8596,1.3819,-1.2931,17.5856,-2.4787,9.9232,-4.3956,146.8854,-1.6594
4:02:36 PM,42.4977063,-82.8451033,,7.8142,114.1332,136.1765,,,,188.9466,1.3811,-1.2917,17.6178,-3.1649,9.9519,-5.609,146.3953,
4:02:37 PM,42.4976909,-82.8450605,15.6398,8.2419,114.1103,,,,,189.0338,1.3804,-1.2902,17.8053,-4.557,10.1188,-8.0365,144.168,-1.6766
4:02:38 PM,,,,7.6199,114.1103,136.8369,-17.3091,-0.4393,2.8102,189.1174,1.3798,-1.2889,18.2343,-5.88,10.6871,-10.0665,142.4783,1.4231
4:02:39 PM,42.497675,-82.8450137,15.6398,7.5421,114.1103,136.2631,-47.2896,-0.3006,2.8556,189.2001,1.3792,-1.2877,,,,,,0.2829
4:02:40 PM,42.4976603,-82.8449716,15.6398,7.4449,116.6485,,23.9714,0.0665,2.6382,189.2822,1.3787,-1.2865,18.0032,-5.4962,10.5217,-9.4324,142.529,0.2199
4:02:41 PM,42.497646,-82.84493,,7.4449,115.0614,136.0475,5.2219,0.1979,2.0801,189.4087,1.3778,-1.2845,18.1064,-5.7562,10.7233,-9.75,140.4177,0.26
4:02:42 PM,42.4976296,-82.8448861,15.8038,7.2894,114.8895,136.4605,,,,189.4931,1.3772,-1.2833,18.0524,-5.8916,10.5767,-10.0902,140.7624,0.26
4:02:43 PM,42.4976149,-82.8448431,,7.5032,115.239,136.6456,8.9897,-0.2346,2.8856,,,,17.7684,-5.6734,10.4385,-9.6875,141.3816,0.1798
4:02:44 PM,42.4976016,-82.8448019,15.6398,7.0561,114.8723,136.2574,23.992,-0.0999,2.8214,189.6144,1.3764,-1.2815,17.7872,-5.6361,10.4677,-9.6067,140.9995,0.0136
4:02:45 PM,42.4975871,-82.8447603,,7.5421,115.2906,,53.9898,0.0227,2.4932,189.6963,1.3759,-1.2803,17.9594,-5.6216,10.691,-9.4714,140.8198,-0.0322
4:02:46 PM,42.4975731,-82.8447191,15.6398,7.4449,116.3104,137.3838,1.5023,-0.4385,2.579,189.7772,1.3754,-1.2791,17.7988,-5.2362,10.4288,-8.9607,142.8574,0.1168
4:02:47 PM,42.49755687,-82.8446733,15.4429,7.4643,115.6515,138.0816,12.7334,-0.6413,2.2709,189.8593,1.3748,-1.2778,18.1217,-5.3699,10.8002,-9.0344,143.1285,0.134
4:02:48 PM,42.49754253,-82.84463324,,7.5421,115.7088,137.1165,35.2507,-0.8963,2.3861,189.9382,1.3743,-1.2766,18.1171,-6.0651,10.7724,-10.2357,141.4268,0.26
4:02:49 PM,42.49752805,-82.84459115,15.6398,7.581,115.6744,138.4568,,,,190.0611,1.3735,-1.2748,17.9573,-4.9311,10.4924,-8.4597,143.676,-1.2469
4:02:50 PM,42.49751352,-82.84454933,15.3773,7.6976,117.4793,138.31,31.4932,-0.1252,2.5119,190.1489,1.3729,-1.2735,17.9185,-6.8978,10.3664,-11.9813,141.9059,0.7184
4:02:51 PM,42.49749824,-82.84450493,,7.5421,118.2069,,-21.0115,-0.2546,2.0334,190.2339,1.3723,-1.2722,18.2486,-6.3197,10.6274,-10.8953,142.3831,0.5751
4:02:52 PM,42.49748217,-82.84446229,15.7054,7.6199,115.5255,137.382,-32.2461,-0.2581,1.9764,,,,17.9685,-7.0437,10.4873,-12.1284,139.2727,0.8215
4:02:53 PM,42.49746704,-82.84441771,15.6398,7.6393,116.087,137.1494,,-0.2465,1.6457,190.3636,1.3715,-1.2702,17.9033,-5.5218,10.3859,-9.5479,141.7399,0.4491
4:02:54 PM,42.4974502,-82.8443703,,,,136.633,20.2449,,,190.4942,1.3706,-1.2682,17.9385,-5.4834,10.3426,-9.54,141.7837,0.5064
4:02:55 PM,42.4974336,-82.8443258,15.771,7.6782,116.4709,136.6576,9,-0.303,2.0347,190.5844,1.37,-1.2669,17.9954,-5.5568,10.3485,-9.6939,141.7322,0.6324
4:02:56 PM,42.4974177,-82.8442798,,7.8531,116.5568,136.9005,12.7609,-0.1678,2.2746,190.6742,1.3694,-1.2655,18.4606,-5.341,10.7148,-9.2286,142.03,0.6955
4:02:57 PM,42.497401,-82.8442348,15.8038,7.8337,117.9548,,16.5081,-0.1454,2.1225,190.7643,1.3689,-1.2642,18.8854,-5.0716,11.1141,-8.6392,142.6562,0.7585
4:02:58 PM,42.4973858,-82.8441894,,7.6199,117.8861,137.8478,-17.2334,-0.6988,2.1193,190.8501,1.3684,-1.263,18.6992,-4.6967,10.8575,-8.1069,144.2024,0.5293
4:02:59 PM,42.4973712,-82.8441457,15.7054,7.7754,117.1126,137.2253,-35.976,0.0805,2.5545,190.939,1.3678,-1.2616,18.0716,-5.6953,10.2713,-10.0555,142.7119,
4:03:00 PM,42.4973547,-82.8441012,15.7054,8.0864,116.0411,136.6774,,0.3767,2.4477,,,,17.3369,-5.4635,9.5142,-9.9912,142.8923,1.1538
4:03:01 PM,42.497336,-82.8440521,,8.0281,117.7486,136.1955,-39.7163,,,191.0727,1.3669,-1.2595,17.3359,-5.9166,9.5196,-10.8197,141.3087,0.7356
4:03:02 PM,42.4973212,-82.8440072,15.8694,7.9697,117.8001,136.08,-2.2139,-0.1595,2.6786,191.162,1.3664,-1.2582,17.4445,-5.6919,9.5657,-10.4204,140.8128,1.1309
4:03:03 PM,,,,,,,50.2874,0.2682,2.4166,191.1974,1.3661,-1.2577,17.5042,-5.2143,9.5348,-9.6041,142.2692,1.2398
4:03:04 PM,42.49731426,-82.84399794,15.8694,7.9114,114.7806,136.7493,35.2919,0.1188,2.1752,,,,17.7366,-4.5188,9.7516,-8.2388,144.1564,-4.6159
4:03:05 PM,42.497262,-82.8438557,,7.6587,118.2585,136.9524,-32.1911,-0.3379,2.0759,191.4368,1.3644,-1.2538,18.2028,-6.0458,10.5237,-10.4966,140.7789,1.9388
4:03:06 PM,42.4972468,-82.8438123,15.771,7.6004,116.8948,136.8622,,0.3207,1.9571,191.5195,1.3639,-1.2526,18.0916,-6.6016,10.5369,-11.3845,139.7104,3.4571
4:03:07 PM,42.4972306,-82.8437678,,7.7559,117.0438,137.6583,-39.6922,-0.5027,2.5879,191.6058,1.3633,-1.2513,17.9142,-5.5509,10.3326,-9.6545,142.2256,1.7039
4:03:08 PM,42.4972134,-82.8437202,15.7054,,,137.7418,-2.1967,-0.3355,1.9762,191.7036,1.3627,-1.2498,18.1649,-4.4131,10.5918,-7.5832,144.0422,-0.777
4:03:09 PM,42.4971981,-82.8436772,,7.5421,115.7719,138.2073,9.055,-0.7261,1.5881,191.791,1.3623,-1.2485,18.193,-3.712,10.6479,-6.3509,145.8615,-1.1437
4:03:10 PM,42.4971841,-82.8436354,15.6398,7.6782,116.8318,137.9463,-5.9439,,,191.8773,1.3617,-1.2472,18.0127,-5.3104,10.464,-9.1674,143.4845,-1.4073
4:03:11 PM,42.4971693,-82.8435922,,7.6782,116.6256,136.9997,9.0481,0.4989,1.6577,191.9612,1.3613,-1.246,18.0515,-3.7843,10.4301,-6.5591,145.7115,-0.0322
4:03:12 PM,42.4971549,-82.8435504,15.771,7.6199,115.2906,,,-0.2819,2.5332,192.0879,1.3606,-1.2442,18.3849,-6.5032,10.7925,-11.1241,141.5743,-2.6563
4:03:13 PM,42.4971393,-82.8435061,15.771,7.717,116.8318,136.9115,31.5448,-0.1276,2.4289,192.1773,1.3601,-1.2428,18.1599,-7.3745,10.6191,-12.6798,139.8677,2.6894
4:03:14 PM,42.4971237,-82.8434652,,7.6393,116.1042,137.0549,9.031,-0.4484,2.3414,192.2602,1.3596,-1.2416,18.0093,-8.1301,10.4677,-14.0819,138.2324,2.6149
4:03:15 PM,42.4971063,-82.8434175,15.7054,7.7948,116.9865,137.6541,27.7701,-0.7456,2.3434,192.3481,1.3591,-1.2402,18.0612,-6.6705,10.4723,-11.5565,140.982,2.6149
4:03:16 PM,42.4970895,-82.8433749,,7.6587,115.3822,,61.5116,-0.764,2.5707,192.4347,1.3585,-1.2389,,,,,,2.6149
4:03:17 PM,,,15.8694,7.892,116.2875,138.3005,5.2598,,,192.5197,1.3579,-1.2375,17.9965,-6.1571,10.4237,-10.6715,142.7612,2.5117
4:03:18 PM,42.4970731,-82.8433334,,7.6782,117.4334,138.4264,12.754,-0.3431,2.4585,192.6065,1.3573,-1.2361,18.1834,-6.447,10.5823,-11.1242,142.0773,1.32
4:03:19 PM,42.4970555,-82.843291,15.8038,7.6976,117.9892,139.6687,,0.3146,2.2355,192.6937,1.3567,-1.2347,18.2676,-5.4405,10.6331,-9.3745,143.8513,3.2165
4:03:20 PM,42.4970381,-82.8432484,,7.7559,120.281,139.663,12.7437,0.0449,1.8196,192.7803,1.3562,-1.2334,18.1374,-4.4564,10.4695,-7.7359,147.0154,-0.7541
4:03:21 PM,42.497022,-82.843206,15.8038,7.9114,118.8085,138.8675,-13.5,-0.0356,2.1137,192.8716,1.3558,-1.2321,17.841,-3.9111,10.0552,-6.9511,147.578,-4.5013
4:03:22 PM,42.4970072,-82.8431605,,7.717,117.3532,,-21.0012,0.2796,2.8023,192.9619,1.3551,-1.2306,18.0929,-2.5406,10.3748,-4.4336,148.6829,
4:03:23 PM,42.4969892,-82.8431166,15.8694,7.7559,118.1152,138.7224,27.7495,-0.021,2.9973,193.0516,1.3546,-1.2293,17.9615,-3.8776,10.2577,-6.8005,146.2372,-1.3672
4:03:24 PM,42.4969723,-82.8430729,,7.6976,118.0694,137.5934,16.5046,,,193.137,1.354,-1.2279,17.6804,-3.7742,10.0227,-6.6681,145.7294,-1.2698
4:03:25 PM,42.49695447,-82.8430269,15.935,7.6976,117.5652,137.3114,23.9989,0.2175,2.5778,193.2258,1.3536,-1.2266,17.8969,-4.2063,10.2724,-7.3418,144.4366,-2.0948
4:03:26 PM,42.49693912,-82.84298267,,7.7754,118.0694,137.7718,9,0.1041,1.9165,193.3124,1.3529,-1.2252,18.0642,-4.925,10.3304,-8.6341,142.9974,-0.3817
4:03:27 PM,42.49692016,-82.84294145,16.0007,7.892,118.9919,138.0382,-92.2588,-0.0245,1.749,193.4026,1.3524,-1.2237,17.4586,-4.74,9.7222,-8.5337,144.6806,-0.9661
4:03:28 PM,42.49690316,-82.84289736,,8.0475,117.7428,136.6298,,-0.1404,1.4632,193.495,1.3517,-1.2222,17.4284,-5.2147,9.5924,-9.505,143.5139,-0.3817
4:03:29 PM,42.49688451,-82.84285262,15.8694,7.9309,114.4655,,20.2311,0.232,1.7125,193.5872,1.3512,-1.2208,17.0294,-5.6597,9.2207,-10.4943,143.3273,-1.0692
4:03:30 PM,42.4968678,-82.84280762,,7.9309,117.5652,137.1931,5.2219,-0.4741,2.466,193.6745,1.3509,-1.2196,16.7299,-7.2479,8.96,-13.6251,140.4359,1.658
4:03:31 PM,42.4968519,-82.8427604,15.771,7.8726,116.1385,137.646,1.4576,-0.0643,2.5778,193.7686,1.3504,-1.2183,16.8212,-6.0254,9.075,-11.2196,142.7669,-0.1124
4:03:32 PM,42.496836,-82.8427142,,7.717,118.6997,138.2297,-21.0459,-0.2974,2.5514,193.8586,1.3498,-1.2168,17.0445,-5.2887,9.3267,-9.6975,144.592,0.0538
4:03:33 PM,42.4968176,-82.8426707,15.6398,7.7948,117.7829,136.5787,-6.0229,-0.2145,2.2892,193.9461,1.3493,-1.2155,17.1964,-5.4511,9.4694,-9.9339,143.9613,0.0366
4:03:34 PM,42.4968015,-82.842628,,7.7948,116.6026,137.7842,,,,194.0353,1.3489,-1.2142,17.2304,-4.5455,9.4767,-8.2847,145.1013,-1.0692
4:03:35 PM,42.4967859,-82.8425845,15.7054,7.892,116.7803,138.106,38.9565,-0.1596,1.9167,194.1239,1.3483,-1.2128,17.6425,-4.4581,9.8399,-8.0113,146.0288,-0.8802
4:03:36 PM,42.496769,-82.8425416,,7.5421,118.2184,,5.1979,-1.058,1.8787,,,,18.2463,-2.6251,10.4369,-4.5926,149.3271,-4.7304
4:03:37 PM,42.4967534,-82.8424992,15.771,7.581,116.4078,139.1024,-17.2987,-0.3939,2.3462,194.2562,1.3476,-1.2108,17.9219,-5.7775,10.2053,-10.1824,144.4288,-0.7541
4:03:38 PM,42.4967378,-82.842457,,7.8142,115.1416,138.2349,-28.5299,0.2995,2.6153,194.3431,1.3472,-1.2095,17.8433,-6.5569,10.1268,-11.6071,142.4629,-0.5937
4:03:39 PM,42.4967199,-82.8424082,15.7054,7.7754,119.2096,137.7724,5.2116,0.0225,2.5086,194.4345,1.3468,-1.2081,17.9433,-6.1929,10.2385,-10.8977,141.4965,-0.5937
4:03:40 PM,42.4967035,-82.8423665,15.771,7.6393,117.1298,138.5667,-2.2827,0.326,2.7884,194.5211,1.3463,-1.2068,17.7977,-6.709,10.1497,-11.8213,142.4624,-0.6968
4:03:41 PM,42.4966884,-82.8423248,,7.581,117.8173,138.2353,16.4668,0.1173,1.7285,194.6069,1.3458,-1.2055,18.081,-6.5415,10.5367,-11.2735,141.9136,-0.4046
4:03:42 PM,42.4966735,-82.8422833,15.8038,7.6393,118.6366,,,,,194.6922,1.3454,-1.2043,17.8602,-6.8515,10.2973,-11.9416,141.9169,-0.4676
4:03:43 PM,42.4966579,-82.8422392,,7.6782,118.6309,138.3317,5.2254,0.119,2.0379,194.7828,1.345,-1.203,17.8293,-7.2506,10.2988,-12.6206,140.6199,-0.5077
4:03:44 PM,42.4966425,-82.8421963,15.8694,7.7754,118.8658,138.2102,16.4668,0.4621,2.331,194.8711,1.3446,-1.2017,18.1483,-7.5605,10.6141,-13.0008,139.1628,
4:03:45 PM,42.4966273,-82.8421539,,7.717,116.8891,138.3502,20.2036,0.0783,2.6456,194.9585,1.3442,-1.2004,18.116,-7.2661,10.5911,-12.4941,139.9494,0.409
4:03:46 PM,42.4966123,-82.8421117,16.0007,7.6199,119.1638,138.353,-6.047,-0.3042,2.8596,195.0454,1.3438,-1.1991,18.2649,-7.2869,10.8125,-12.3721,140.0116,0.5522
4:03:47 PM,42.4965957,-82.8420652,16.1319,7.5615,116.5912,138.2194,-47.3034,0.0125,2.8532,195.1326,1.3435,-1.1979,18.0374,-7.0224,10.6371,-11.965,140.4599,0.6324
4:03:48 PM,42.4965803,-82.842024,,7.4449,116.4651,137.6202,20.1933,-0.0706,2.1079,195.218,1.343,-1.1966,,,,,,0.4892
4:03:49 PM,42.4965651,-82.8419812,16.0007,7.4838,118.4361,,8.921,-0.5346,1.6887,195.3063,1.3427,-1.1953,17.7524,-7.3993,10.3948,-12.7054,140.0741,0.4262
4:03:50 PM,42.4965484,-82.8419406,16.0663,7.406,115.6114,138.6758,-32.3354,-0.4611,1.6457,195.3915,1.3422,-1.194,17.88,-6.8322,10.5376,-11.6453,140.9978,0.0709
4:03:51 PM,42.4965329,-82.8419004,,7.27,115.2161,138.7537,,,,195.5162,1.3415,-1.1921,18.1295,-6.8244,10.7589,-11.5505,141.3283,-0.7541
4:03:52 PM,42.4965172,-82.8418607,16.0007,7.27,116.8376,138.443,16.4152,-0.1507,1.7734,,,,18.2246,-7.2266,10.9461,-12.0895,140.5806,1.3429
4:03:53 PM,42.4965027,-82.84182,15.935,7.3866,117.9663,139.0416,57.6682,-0.8759,1.4261,195.643,1.341,-1.1902,18.1496,-4.6492,10.837,-7.8019,144.7977,-3.235
4:03:54 PM,42.4964869,-82.841775,,7.8337,118.6825,138.025,-21.0665,0.4899,2.4376,195.7246,1.3406,-1.189,17.7969,-7.073,10.4688,-12.083,141.1628,0.6554
4:03:55 PM,42.4964717,-82.8417343,15.8694,7.5227,117.909,,-47.3137,0.5025,2.8223,195.8226,1.3401,-1.1875,17.8502,-5.3775,10.3188,-9.33,142.7692,-6.9535
4:03:56 PM,42.4964562,-82.8416906,,7.581,116.8662,138.0078,35.175,-0.0706,2.9728,195.9084,1.3398,-1.1863,18.3393,-8.4224,10.9035,-14.262,137.3189,3.904
4:03:57 PM,42.4964403,-82.8416453,15.8694,7.5615,118.333,138.5286,5.1772,-0.0227,2.2327,195.9899,1.3394,-1.1851,18.217,-7.9073,10.7254,-13.5127,140.2506,0.8444
4:03:58 PM,42.4964234,-82.841603,,7.7365,117.6798,138.5611,,,,196.0846,1.3391,-1.1837,18.0091,-7.0535,10.451,-12.2163,141.1933,0.7986
4:03:59 PM,42.4964059,-82.8415617,15.771,7.7754,118.2986,138.9579,8.9038,-0.3014,2.2309,196.2171,1.3383,-1.1816,17.9695,-6.9875,10.3557,-12.1866,142.5052,0.7986
4:04:00 PM,42.4963882,-82.8415201,,7.717,117.4277,,-17.3331,0.1799,2.4363,196.3057,1.3378,-1.1802,17.989,-7.6116,10.3702,-13.2834,140.9398,0.7986
4:04:01 PM,42.496371,-82.841478,15.7054,7.7365,117.7944,138.5759,-43.5769,0.1568,2.0055,,,,18.2357,-7.2431,10.5583,-12.5773,141.0958,0.7585
4:04:02 PM,42.4963531,-82.8414305,,7.717,117.9262,138.2379,16.4187,0.5375,2.2858,196.4487,1.3371,-1.178,18.1708,-7.4044,10.5374,-12.8399,140.138,1.3601
4:04:03 PM,42.4963358,-82.8413875,15.5741,7.892,117.0152,137.7863,12.6715,0.2271,2.6471,196.5392,1.3367,-1.1767,17.8226,-7.7336,10.2397,-13.5458,139.4938,1.0049
4:04:04 PM,42.4963193,-82.8413443,15.5085,7.717,115.1588,138.1554,5.1704,-0.0082,2.5714,196.6302,1.3363,-1.1752,17.989,-7.587,10.4096,-13.1891,139.8143,0.7986
4:04:05 PM,42.4963036,-82.8413019,,7.7365,116.3505,,-13.5825,0.1011,2.3561,196.7208,1.3359,-1.1739,17.9875,-7.5732,10.4129,-13.1594,140.2004,1.257
4:04:06 PM,42.4962873,-82.8412591,15.3117,7.6199,117.0209,138.3458,,,,196.8094,1.3355,-1.1726,18.1192,-7.5768,10.5023,-13.1491,141.1604,
4:04:07 PM,42.4962716,-82.8412156,,7.717,117.5366,139.3325,23.8992,-0.2563,2.2709,196.8905,1.3352,-1.1714,18.077,-7.5293,10.5091,-13.0259,141.8087,1.6408
4:04:08 PM,42.4962554,-82.8411735,15.2133,7.6393,118.4017,138.9644,-2.3514,-0.0811,2.3869,196.9813,1.3348,-1.1701,18.1588,-6.2778,10.5554,-10.8429,143.5898,1.7039
4:04:09 PM,42.4962376,-82.8411271,,7.6199,116.7631,,,,,197.0778,1.3344,-1.1686,18.0997,-6.4351,10.5552,-11.0804,142.5654,-0.9432
4:04:10 PM,42.4962215,-82.8410867,15.2789,7.5227,118.0866,139.3662,65.1453,0.1262,2.3329,197.1666,1.334,-1.1673,17.9822,-7.1905,10.5345,-12.337,142.0037,1.6237
4:04:11 PM,42.4962046,-82.8410468,,7.4838,117.6569,,,,,197.2935,1.3334,-1.1653,18.0034,-6.9967,10.5827,-11.96,142.3997,1.6237
4:04:12 PM,42.4961871,-82.8410059,15.2133,7.406,117.9949,,,,,197.3808,1.3329,-1.1639,18.0089,-6.7212,10.5718,-11.5003,143.3351,1.5205
4:04:13 PM,42.4961705,-82.8409653,,7.5615,118.0007,,,,,,,,17.9787,-6.2607,10.5486,-10.7116,143.1116,1.2971
4:04:14 PM,42.4961537,-82.8409251,15.2133,7.5227,118.0694,,,,,197.5114,1.3323,-1.1619,17.9744,-6.4081,10.5774,-10.9329,,2.1279
4:04:15 PM,42.4961369,-82.8408824,,7.5032,117.5136,139.2865,46.3546,-0.4478,2.2084,197.5977,1.3319,-1.1605,17.982,-6.2097,10.5796,-10.5941,143.9143,1.658
4:04:16 PM,42.4961207,-82.8408399,15.1476,7.6004,118.4877,,23.8717,0.0513,1.5236,197.6883,1.3315,-1.1591,18.2449,-6.6524,10.7972,-11.2887,143.1371,1.4231
4:04:17 PM,42.4961033,-82.8407921,,7.406,118.4418,139.0709,5.1257,0.1666,2.1012,197.8258,1.331,-1.1572,17.7834,-6.4317,10.3746,-11.0704,,1.4002
4:04:18 PM,42.4960868,-82.8407518,15.1476,7.5421,116.4594,138.5704,,,,197.9123,1.3306,-1.1558,17.7112,-6.2033,10.3192,-10.688,142.1311,1.4403
4:04:19 PM,42.4960711,-82.840711,,7.4643,118.035,138.9019,8.8694,0.3833,1.9894,197.9986,1.3303,-1.1545,18.1345,-5.5673,10.7268,-9.4399,142.6494,2.1508
4:04:20 PM,42.4960551,-82.8406698,15.082,7.5615,120.2352,139.8373,27.6085,-0.7274,1.6291,198.0862,1.3299,-1.1532,18.1306,-5.5506,10.7225,-9.413,144.4147,-0.3244
4:04:21 PM,42.4960383,-82.840629,,7.5032,118.7455,138.9797,-13.6375,-0.1372,1.5436,198.1738,1.3295,-1.1519,17.9829,-5.049,10.5283,-8.6456,143.7084,-0.0723
4:04:22 PM,42.4960218,-82.8405884,15.0164,7.5615,117.5366,,-51.1296,-0.1058,2.2362,198.2609,1.3292,-1.1505,18.1763,-7.1962,10.7226,-12.2599,144.1115,1.3601
4:04:23 PM,42.4960061,-82.8405469,,7.6782,117.5423,137.4066,27.612,-0.3143,2.0061,198.3491,1.3288,-1.1492,,,,,139.1535,0.9017
4:04:24 PM,42.4959888,-82.8404998,14.9508,7.6393,117.0782,138.391,1.3545,-0.6663,2.2407,198.4395,1.3285,-1.1479,17.9615,-6.819,10.4301,-11.7983,141.373,0.8616
4:04:25 PM,42.4959723,-82.8404577,,,,138.2903,-9.887,-0.2197,2.2635,198.5293,1.3282,-1.1466,18.2196,-6.1375,10.6441,-10.5449,143.042,0.8616
4:04:26 PM,42.4959552,-82.8404146,14.8196,7.6782,116.2875,,,,,198.6214,1.3278,-1.1452,18.0851,-6.8195,10.5385,-11.7577,141.4425,0.7814
4:04:27 PM,42.495939,-82.8403719,,7.6393,115.4281,137.6595,-17.3778,0.0478,1.8106,198.7122,1.3275,-1.1438,18.2191,-7.038,10.6622,-12.0855,147.6446,
4:04:28 PM,42.4959232,-82.8403299,14.7867,7.8142,116.8547,137.8078,-9.8732,-0.292,2.0593,198.8014,1.3272,-1.1425,18.2562,-6.399,10.6409,-11.0237,141.4055,1.9216
4:04:29 PM,42.4959072,-82.8402883,,7.5615,115.8177,137.3701,16.3809,0.1252,2.0064,198.8901,1.3269,-1.1412,18.2452,-6.4356,10.7708,-10.9452,140.2696,0.7986
4:04:30 PM,42.4958917,-82.8402443,14.8196,7.5032,115.5198,,1.3923,-0.1468,1.9061,198.9827,1.3267,-1.1399,18.1214,-6.0119,10.6644,-10.2515,141.0078,0.7814
4:04:31 PM,42.4958764,-82.8402038,,7.3283,117.548,137.3619,23.8889,0.2829,2.0625,199.0689,1.3264,-1.1386,18.0015,-5.6958,10.6208,-9.6841,141.2474,0.6955
4:04:32 PM,42.4958608,-82.8401621,14.7867,7.4643,117.2902,137.9702,8.8831,0.565,2.6805,199.1575,1.3261,-1.1373,18.5337,-6.3265,11.1624,-10.5424,140.4449,0.8616
4:04:33 PM,,,,7.4838,119.1523,138.3419,-6.1089,-0.0374,2.3322,,,,18.3192,-7.2434,11.0033,-12.1175,139.7469,2.6492
4:04:34 PM,42.4958438,-82.8401167,14.7211,7.3672,119.1466,139.04,,,,199.2891,1.3257,-1.1354,18.1937,-6.5518,10.8732,-11.0066,142.0268,1.9044
4:04:35 PM,42.4958271,-82.8400753,,7.3866,118.3101,139.9285,12.6303,-0.6426,2.3832,199.3784,1.3253,-1.134,18.1264,-6.1115,10.8189,-10.2749,143.7875,1.807
4:04:36 PM,42.49581,-82.8400342,14.7867,7.3866,118.5106,,20.1246,-0.5891,2.9598,199.467,1.3249,-1.1327,17.7792,-6.6546,10.5009,-11.3151,143.3848,1.5549
4:04:37 PM,42.4957942,-82.8399956,,7.3672,120.006,140.4325,-6.1329,-0.3574,2.7163,199.5501,1.3246,-1.1314,17.8933,-6.5257,10.616,-11.0436,143.7119,1.2742
4:04:38 PM,42.4957787,-82.8399579,14.7211,7.3672,119.5878,140.2155,-54.8768,-0.2161,2.3387,199.6717,1.3241,-1.1295,17.9654,-6.4517,10.6323,-10.9448,142.6201,1.2169
4:04:39 PM,42.4957625,-82.8399194,,7.5615,120.1722,138.0785,-28.6227,-0.1894,2.0774,,,,18.1607,-6.947,10.7899,-11.7461,139.5244,1.1309
4:04:40 PM,42.4957451,-82.8398774,14.7867,7.4838,117.9033,137.5046,8.8935,0.1187,1.7872,199.8072,1.3236,-1.1274,18.1999,-7.708,10.8149,-13.0446,137.8149,1.8471
4:04:41 PM,42.4957279,-82.839834,,7.7754,116.7172,138.5939,20.1314,-0.399,2.3139,199.9011,1.3233,-1.126,18.048,-6.7686,10.5536,-11.6279,141.3336,1.32
4:04:42 PM,42.4957095,-82.83978621,14.7211,7.6199,118.4705,,,,,199.9954,1.323,-1.1246,18.0469,-7.5443,10.5216,-13.0145,140.1137,1.32
4:04:43 PM,42.49569258,-82.83974395,,7.6782,118.522,138.3932,-17.3606,-0.2557,1.9448,200.1333,1.3225,-1.1226,17.7281,-7.2103,10.196,-12.6051,140.3609,1.32
4:04:44 PM,42.49567549,-82.83970079,14.7867,7.8726,119.3185,138.8791,-17.3572,-0.5065,1.8364,200.223,1.3223,-1.1212,18.0837,-7.2426,10.4727,-12.5735,139.6755,1.32
4:04:45 PM,42.49565974,-82.839659,,7.7365,117.2501,137.6856,-54.8424,-0.3903,2.31,200.3141,1.3219,-1.1198,18.1989,-7.723,10.5992,-13.3405,138.1499,1.2971
4:04:46 PM,42.49564248,-82.83961712,14.8852,7.6004,116.6198,136.5417,72.6465,-1.2293,2.2516,200.4081,1.3217,-1.1185,18.0325,-6.2533,10.4114,-10.8744,140.1487,0.8215
4:04:47 PM,42.4956241,-82.8395689,,7.6199,117.5423,137.9202,35.1372,-0.3503,1.8883,200.5028,1.3214,-1.1171,18.0991,-5.5073,10.5146,-9.5089,142.7403,0.5064
4:04:48 PM,42.4956074,-82.8395249,14.9508,7.2894,118.3387,138.9706,,,,200.5954,1.3212,-1.1158,17.9778,-7.1448,10.4644,-12.338,141.2642,-0.2786
4:04:49 PM,42.4955918,-82.8394813,,7.8337,119.2039,138.1974,-32.3629,-0.2758,2.02,200.6862,1.321,-1.1144,18.0866,-7.7668,10.5956,-13.3373,139.4642,0.2829
4:04:50 PM,42.4955758,-82.839439,14.9508,7.6199,117.7084,,-6.1054,0.2422,2.4089,200.7811,1.3208,-1.1131,18.2349,-7.7007,10.7798,-13.101,138.3703,0.4262
4:04:51 PM,42.4955601,-82.8393942,,7.4643,116.9063,136.6575,-13.5894,0.1339,2.1614,200.8702,1.3206,-1.1118,18.1192,-7.4779,10.7279,-12.6978,138.0022,-0.3015
4:04:52 PM,42.4955443,-82.8393529,14.9508,7.581,117.1813,135.906,-21.0871,-0.0214,2.1883,,,,17.7757,-8.6452,10.4586,-14.8021,135.312,
4:04:53 PM,42.4955295,-82.8393094,,7.5227,115.6515,135.6535,-24.8446,0.3419,1.8754,200.9621,1.3204,-1.1105,18.0091,-4.3221,10.6014,-7.3554,142.015,-12.1044
4:04:54 PM,42.4955142,-82.8392678,14.9508,7.3477,115.9896,,35.1544,0.0656,2.3903,201.0511,1.3202,-1.1093,18.026,-7.35,10.6448,-12.5117,137.3673,1.3429
4:04:55 PM,42.4954963,-82.8392229,,7.4643,116.3505,136.4732,1.3957,-0.0886,3.0056,201.1397,1.3199,-1.1079,,,,,,1.171
4:04:56 PM,42.49548,-82.8391802,15.0164,7.406,115.3593,136.6814,,,,201.2404,1.3197,-1.1064,17.5841,-7.3091,10.2218,-12.6419,139.1058,0.8788
4:04:57 PM,42.4954642,-82.8391383,14.9508,7.4255,115.9552,137.0512,16.4118,-0.2457,2.2514,201.3717,1.3194,-1.1045,17.9296,-6.6928,10.6173,-11.3506,139.764,0.7986
4:04:58 PM,42.4954487,-82.8390983,,7.406,118.9747,138.4809,57.6579,-0.3074,1.9903,,,,17.8744,-7.1114,10.5179,-12.1452,140.5029,0.7986
4:04:59 PM,42.4954324,-82.8390567,14.9508,7.8531,117.4907,139.0127,8.921,0.1576,1.9033,201.4975,1.3191,-1.1027,17.8375,-7.5589,10.4464,-12.9803,139.7422,0.7585
4:05:00 PM,42.4954167,-82.8390137,,7.6976,118.1267,,35.1716,-0.7063,2.1627,201.5892,1.3189,-1.1014,17.6575,-6.6453,10.1045,-11.6671,142.7096,0.7814
4:05:01 PM,42.4954012,-82.8389729,15.0164,7.892,118.9117,139.7624,76.4245,-0.3814,2.3418,201.6768,1.3187,-1.1001,18.0334,-6.9007,10.5481,-11.8536,143.0391,0.4663
4:05:02 PM,42.4953824,-82.8389239,,7.6587,118.8314,141.5155,117.6603,-0.8009,1.8262,201.7733,1.3185,-1.0987,17.8133,-6.8551,10.1876,-12.0464,145.3899,0.6095
4:05:03 PM,42.4953657,-82.8388835,15.0164,7.8531,123.3062,145.62,,,,201.9137,1.3181,-1.0966,17.7637,-5.9154,10.1652,-10.3755,149.2773,-1.7854
4:05:04 PM,42.4953475,-82.8388441,,7.717,123.9938,148.9596,200.1422,-0.3005,1.9911,202.0147,1.3178,-1.095,18.1018,-6.9479,10.4074,-12.1458,151.2046,-0.3416
4:05:05 PM,42.495326,-82.8387994,15.1476,7.7365,127.6321,,102.6236,-0.235,1.9393,202.1073,1.3173,-1.0934,18.0783,-7.428,10.4251,-12.9551,154.1136,-0.0551
4:05:06 PM,42.4953043,-82.8387599,,7.7365,129.4369,151.6541,125.1134,-0.7364,2.6951,202.2059,1.3167,-1.0917,17.6611,-8.1234,10.0272,-14.4115,155.8377,-0.0322
4:05:07 PM,42.4952806,-82.8387183,15.1476,7.6393,129.8838,153.9659,155.0768,-0.9311,2.8473,202.3011,1.3161,-1.0899,17.9903,-9.2147,10.4642,-15.9802,154.9208,-0.5708
4:05:08 PM,42.4952564,-82.8386797,,7.5032,132.3418,156.7726,125.0996,-0.7211,1.943,202.379,1.3154,-1.0884,18.3335,-11.0518,10.9398,-18.7388,153.9663,0.1798
4:05:09 PM,42.4952325,-82.838643,15.2789,7.6004,134.3414,158.7476,128.8399,-0.8392,2.1833,202.4683,1.3147,-1.0867,17.9715,-11.8733,10.7117,-20.1935,154.9406,1.8586
4:05:10 PM,42.4952068,-82.8386087,,7.6004,137.9797,160.93,,,,202.5553,1.3139,-1.0848,17.9883,-11.606,10.8245,-19.5316,156.3207,4.0301
4:05:11 PM,42.4951809,-82.8385735,15.3117,7.3283,139.3433,162.2344,117.5813,-0.6205,1.9926,202.6441,1.313,-1.083,18.0825,-16.2836,11.1245,-27.1143,149.139,3.0732
4:05:12 PM,42.4951547,-82.8385426,,7.3866,142.1967,,147.5653,-1.1464,1.3782,202.7257,1.3121,-1.0812,18.4219,-16.0348,11.4089,-26.4881,150.645,5.6401
4:05:13 PM,42.4951284,-82.8385165,15.4429,7.4449,142.7754,164.7604,98.8146,-1.0279,2.1198,202.799,1.3111,-1.0794,18.3519,-18.4894,11.4422,-30.5729,149.4419,
4:05:14 PM,42.4951005,-82.8384914,,7.7948,145.1245,166.5185,50.0605,-0.0931,2.1693,202.8722,1.31,-1.0775,18.3055,-18.7228,11.3023,-31.3245,149.6612,0.0538
4:05:15 PM,42.4950717,-82.8384642,15.5085,7.4449,146.5913,167.1926,31.3041,-0.5306,1.9524,202.9502,1.3089,-1.0756,18.1083,-21.1368,11.2334,-35.5406,145.7451,5.4567
4:05:16 PM,42.4950427,-82.8384363,,7.7948,145.9037,166.5657,-54.9489,-0.3279,2.6543,203.0298,1.3077,-1.0736,17.7616,-22.8374,10.9964,-38.8215,142.5211,3.8639
4:05:17 PM,42.4950141,-82.8384053,15.6398,7.6587,145.9037,165.2261,8.8006,0.8914,2.9078,203.1067,1.3068,-1.0719,17.7657,-23.5225,11.1147,-39.6379,139.7771,3.9441
4:05:18 PM,42.4949842,-82.8383756,,7.9114,143.8812,164.8855,,,,203.1825,1.3058,-1.0701,18.0396,-24.3982,11.6408,-39.8022,137.5207,9.4216
4:05:19 PM,42.4949561,-82.8383478,15.7054,7.717,144.5916,,1.2892,-0.2172,3.1364,203.2625,1.3047,-1.0681,18.3741,-21.733,11.7466,-35.3943,141.6297,0.7356
4:05:20 PM,42.4949272,-82.8383193,,7.5227,145.3709,165.1746,23.7755,-0.6143,2.9504,203.3432,1.3036,-1.0662,18.0233,-21.9285,11.2177,-36.8712,142.19,5.2218
4:05:21 PM,42.4948984,-82.8382929,15.771,7.7948,145.9667,166.6797,1.2754,-0.0944,2.102,203.4196,1.3025,-1.0643,18.0445,-21.7954,11.1763,-36.8317,143.2521,5.113
4:05:22 PM,42.4948686,-82.8382657,,7.1728,148.6596,167.3824,20.0146,-0.588,2.514,203.5001,1.3014,-1.0623,17.6062,-21.53,10.611,-37.5114,144.7586,4.9755
4:05:23 PM,42.494836,-82.8382375,15.8038,7.7754,147.6627,167.9727,-25.0096,-0.6845,2.1697,203.577,1.3002,-1.0603,17.8975,-21.1667,11.012,-35.9344,144.3768,5.1588
4:05:24 PM,42.4948067,-82.8382123,,7.6976,146.5168,166.8144,,,,203.6525,1.299,-1.0584,17.8666,-22.078,11.0201,-37.5451,143.2346,5.6515
4:05:25 PM,42.4947742,-82.838183,15.935,,,,16.2399,-0.3327,2.2844,203.7322,1.2979,-1.0564,17.8507,-21.9204,11.0163,-37.2231,143.0644,5.5026
4:05:26 PM,42.4947448,-82.8381559,,8.1447,147.1356,166.6792,5.0019,0.1789,2.9185,203.8123,1.2967,-1.0544,17.9084,-21.1766,10.9875,-36.071,143.3512,5.3765
4:05:27 PM,42.4947139,-82.8381301,15.8038,8.0086,147.4564,166.4924,-17.505,0.0722,2.6157,203.8921,1.2955,-1.0524,17.7623,-21.6367,10.8563,-37.1048,141.4,5.0958
4:05:28 PM,42.4946828,-82.8381038,,8.7667,148.9289,166.0959,-21.2556,-0.0581,2.6201,203.9719,1.2943,-1.0503,17.4276,-21.5671,10.5318,-37.4646,140.8376,5.1359
4:05:29 PM,42.4946515,-82.8380746,15.771,7.2894,148.9576,166.1806,-17.5084,-0.064,2.6553,,,,17.4103,-22.1203,10.5117,-38.5852,139.7949,4.5858
4:05:30 PM,42.4946226,-82.8380481,,8.2419,148.9576,,-13.7682,-0.0223,2.1766,204.0989,1.2925,-1.0472,17.4698,-22.4213,10.6607,-38.6844,138.6032,4.9755
4:05:31 PM,42.4945929,-82.8380245,15.5085,7.5615,148.9576,165.2178,-10.0142,0.9234,2.3302,204.1773,1.2914,-1.0452,17.4463,-23.4168,10.7903,-39.9836,135.4918,5.5198
4:05:32 PM,42.4945644,-82.8380006,,7.5615,148.9576,164.4557,,,,204.2517,1.2902,-1.0433,16.4445,-22.3544,9.7901,-39.7061,136.1538,5.7604
4:05:33 PM,,,15.4429,7.7559,148.9576,164.4242,-2.5233,0.4843,2.2466,204.3265,1.2891,-1.0414,16.3303,-23.1805,9.6607,-41.712,134.9575,6.8891
4:05:34 PM,42.4945316,-82.8379732,,7.8142,147.5882,164.7511,-40.0291,0.688,1.941,204.4037,1.2879,-1.0394,,,,,,4.1447
4:05:35 PM,42.4945017,-82.8379476,15.5741,7.9114,148.5164,,4.9607,-0.1713,2.4526,204.4827,1.2867,-1.0374,16.5355,-21.8399,9.6777,-39.4668,139.3148,5.7833
4:05:36 PM,42.4944722,-82.8379226,,7.7948,146.1272,164.255,-28.7911,-0.0703,2.0412,204.5603,1.2856,-1.0355,17.4307,-22.9369,10.6484,-39.6383,136.5975,
4:05:37 PM,42.4944423,-82.8378934,15.3117,7.9697,146.4308,164.133,-21.2968,0.1244,2.5045,204.6461,1.2845,-1.0334,17.3201,-23.1148,10.5644,-40.0622,135.8924,5.2218
4:05:38 PM,42.4944127,-82.837866,,8.4168,146.8262,163.6563,-40.0429,0.3871,2.1724,204.7284,1.2834,-1.0315,17.4013,-23.6049,10.6897,-40.6803,135.8586,5.113
4:05:39 PM,42.4943834,-82.8378407,15.082,7.6199,146.8262,163.1229,16.1849,-0.2978,2.6123,204.8067,1.2822,-1.0295,17.4451,-22.2948,10.6454,-38.4402,137.1997,5.1989
4:05:40 PM,42.4943542,-82.8378135,,7.9892,146.8262,163.1677,-6.3151,,,204.8885,1.2812,-1.0275,17.3698,-23.3758,10.677,-40.201,134.526,5.0786
4:05:41 PM,42.4943245,-82.8377874,15.4429,7.9114,146.2532,,-32.5589,0.1754,2.4853,204.9775,1.2799,-1.0254,17.2659,-23.3331,10.4991,-40.6434,134.4932,5.113
4:05:42 PM,42.49429353,-82.83776099,,7.892,145.2677,163.1585,,-0.4102,2.5392,205.0517,1.2788,-1.0235,17.4106,-22.6708,10.6717,-38.9637,136.1692,4.9869
4:05:43 PM,42.49426403,-82.83773378,15.3773,7.8142,146.4881,163.3072,53.677,0.3544,2.1601,205.1263,1.2779,-1.0217,17.4859,-24.3995,10.9266,-41.3823,132.6449,7.2157
4:05:44 PM,42.49423363,-82.83770697,,8.203,146.7058,162.1674,31.1838,0.9795,3.3318,205.2092,1.2767,-1.0197,17.1575,-23.8436,10.441,-41.6271,131.7195,4.414
4:05:45 PM,42.49420439,-82.83767996,15.2789,7.2311,147.1069,,,,,205.2915,1.2756,-1.0177,17.808,-22.2953,11.3568,-36.5047,134.6273,5.3593
4:05:46 PM,42.49417504,-82.83765549,,7.2505,147.1241,162.0697,-13.8094,0.3434,3.1875,205.3695,1.2745,-1.0158,17.3292,-21.5551,10.7288,-36.4002,135.3108,4.5056
4:05:47 PM,42.49414611,-82.83763051,15.4429,7.095,145.2677,161.9204,-43.8347,0.0482,2.2171,205.4479,1.2734,-1.0139,17.4028,-20.8187,10.6736,-35.4139,137.9158,4.3681
4:05:48 PM,42.4941146,-82.8376022,15.3773,7.6199,145.3823,,12.4137,0.2931,2.1998,205.5352,1.2722,-1.0118,17.3203,-21.3544,10.685,-36.1754,137.139,4.3681
4:05:49 PM,42.4940855,-82.8375755,,7.4449,144.8724,162.5409,72.4161,-0.6562,1.8766,205.6172,1.2712,-1.0098,16.873,-20.6375,10.1114,-36.0252,138.7903,4.1848
4:05:50 PM,42.4940564,-82.837549,15.7054,7.6587,148.4075,163.567,57.4104,0.0475,1.4617,205.6994,1.2701,-1.0079,16.1684,-20.0107,9.407,-36.0262,140.2884,13.3005
4:05:51 PM,42.4940274,-82.8375253,,7.7754,148.694,164.8467,,,,205.8122,1.2685,-1.0051,16.187,-18.617,9.3554,-33.5291,144.0165,-0.989
4:05:52 PM,42.4939962,-82.8374993,15.7054,7.1533,147.422,164.7607,12.4068,1.0267,1.6804,205.8844,1.2673,-1.0032,16.1653,-26.8045,10.0339,-46.5944,129.6167,3.3196
4:05:53 PM,42.4939673,-82.8374776,,7.1922,148.1955,164.169,1.1276,-0.0407,2.4919,205.9645,1.2662,-1.0012,16.5765,-16.2242,9.5568,-28.9876,149.7409,6.7459
4:05:54 PM,42.4939372,-82.8374529,15.8038,7.6199,147.6455,,-6.3633,-0.3634,2.5347,206.0488,1.265,-0.9991,16.1539,-19.9259,9.3862,-35.9116,142.587,5.176
4:05:55 PM,42.4939024,-82.8374246,,7.7754,148.2815,164.8182,-70.1128,-0.0522,2.7444,206.1452,1.2637,-0.9968,16.1917,-20.4,9.3411,-37.1722,140.9691,5.1588
4:05:56 PM,42.4938708,-82.8373961,15.8038,7.6976,147.4507,164.1572,-100.1072,0.2015,2.7928,206.229,1.2626,-0.9948,16.7172,-19.606,9.7455,-35.1412,141.8428,4.0072
4:05:57 PM,42.4938403,-82.8373697,,7.7754,147.7028,163.3196,,,,206.314,1.2615,-0.9927,17.6359,-23.2025,10.9302,-39.4712,134.1613,11.49
4:05:58 PM,42.4938105,-82.8373424,15.3773,7.8726,145.4396,162.6698,-58.868,0.0473,2.134,206.4007,1.2605,-0.9908,17.5771,-21.4206,10.7797,-36.5488,137.6012,6.2933
4:05:59 PM,42.4937815,-82.8373139,,7.9309,146.8262,,-32.6277,-0.1063,2.2711,206.4668,1.2595,-0.9891,17.9496,-22.058,11.1717,-37.1129,135.4825,6.3849
4:06:00 PM,42.4937533,-82.8372913,15.2789,7.7559,145.7605,162.2164,19.8633,0.5437,2.7684,206.5474,1.2585,-0.9872,17.7427,-21.2008,10.9745,-35.7794,138.0808,6.2703
4:06:01 PM,42.4937252,-82.837266,,7.7948,145.3651,163.088,4.8644,-0.0393,2.901,206.6307,1.2575,-0.9853,17.4818,-20.708,10.6647,-35.425,139.8928,
4:06:02 PM,42.4936964,-82.8372395,15.4429,7.6587,146.1902,164.0157,19.8702,-0.0569,2.7284,206.7107,1.2565,-0.9834,17.7384,-21.2681,10.9633,-35.9369,139.3141,5.7604
4:06:03 PM,42.4936655,-82.837212,,7.581,147.0095,,,,,206.7985,1.2553,-0.9813,17.9601,-20.7266,11.1636,-34.7066,139.9178,5.5828
4:06:04 PM,42.4936357,-82.8371887,15.3117,7.4255,147.0611,164.1677,42.3702,0.1046,1.9118,206.8794,1.2542,-0.9793,17.9275,-19.8903,11.1321,-33.2233,141.7682,5.6745
4:06:05 PM,42.4936059,-82.8371648,,7.3866,148.3388,,,,,206.9582,1.2531,-0.9774,17.8675,-27.9213,11.7912,-45.1996,127.6542,3.3654
4:06:06 PM,42.4935772,-82.8371403,15.1476,7.406,148.1153,164.9893,,,,207.0402,1.252,-0.9754,17.9127,-17.1134,10.8613,-29.0326,147.7352,-9.2052
4:06:07 PM,42.4935474,-82.8371147,,7.5615,145.411,,,,,207.1197,1.2511,-0.9736,17.92,-23.5723,11.2755,-39.462,137.7047,9.7253
4:06:08 PM,42.4935204,-82.8370889,14.8196,7.6782,144.8036,,,,,207.2043,1.2501,-0.9717,17.7989,-22.8875,11.1234,-38.4865,139.3104,7.8804
4:06:09 PM,42.4934915,-82.837062,,7.7559,145.812,162.3792,12.3828,0.732,2.5231,207.2782,1.2492,-0.97,17.8186,-22.2461,11.0302,-37.7039,135.5941,7.1298
4:06:10 PM,42.493463,-82.8370363,14.9508,7.8531,145.8579,,-32.6139,1.2181,2.5479,207.3649,1.2481,-0.9679,17.8644,-21.935,11.0152,-37.2885,135.2307,7.0897
4:06:11 PM,42.4934298,-82.8370069,,7.8337,146.8835,161.9764,,0.0873,2.5796,207.4601,1.247,-0.9657,,,,,,7.0897
4:06:12 PM,42.4934011,-82.8369783,15.2133,7.6976,145.5542,162.3991,-6.3667,,,207.5482,1.246,-0.9638,17.7039,-20.8203,10.8251,-35.5421,138.3596,7.0438
4:06:13 PM,42.4933708,-82.8369519,,7.6004,147.3074,163.1993,-43.8863,0.5272,2.4965,207.6344,1.245,-0.9618,17.8312,-20.2351,11.0075,-34.0753,140.1976,6.7631
4:06:14 PM,42.4933417,-82.8369265,15.3117,7.7559,145.8751,163.2006,34.8725,-0.3509,2.0437,207.7178,1.2439,-0.9598,17.8914,-23.8073,11.3414,-39.5526,133.367,-0.0723
4:06:15 PM,42.4933121,-82.836901,,7.6199,147.0324,,-10.1414,0.9697,2.4034,207.8019,1.2429,-0.9578,17.8796,-16.9529,10.7817,-28.9171,145.9297,7.6913
4:06:16 PM,42.4932818,-82.8368737,15.4429,7.6587,145.3651,162.4048,-28.9011,-0.2003,2.1421,207.8908,1.2419,-0.9558,17.8983,-21.6551,11.1471,-36.3355,136.7581,7.3704
4:06:17 PM,42.4932525,-82.8368469,,7.7754,144.9984,162.1642,4.8507,-0.1601,2.1514,207.9771,1.2409,-0.9539,17.8516,-22.057,11.0399,-37.3897,136.293,6.574
4:06:18 PM,42.4932235,-82.8368184,15.2133,7.7559,144.6375,162.3558,38.5887,-0.0836,2.6814,208.0666,1.2399,-0.9519,17.9409,-21.0538,11.067,-35.6179,138.4276,5.9094
4:06:19 PM,42.4931906,-82.8367876,,7.9114,144.9411,163.3653,53.5807,-0.6501,1.7496,208.1561,1.2389,-0.9499,17.896,-20.3108,10.9686,-34.4952,141.2605,5.9094
4:06:20 PM,42.4931606,-82.8367579,15.5741,7.8337,146.0126,164.1419,,,,208.2491,1.2379,-0.9478,17.9402,-20.49,10.9598,-34.9591,141.0284,5.8865
4:06:21 PM,42.4931305,-82.8367304,,7.7559,146.3449,,64.8084,-0.4679,2.0197,208.3384,1.2369,-0.9458,18.0127,-21.0664,11.1094,-35.6484,141.3451,3.9212
4:06:22 PM,42.493099,-82.836701,15.6398,7.7948,149.1466,165.5749,-17.7078,0.0646,2.6598,208.4332,1.2359,-0.9437,17.8722,-18.1463,10.7677,-31.1269,147.4026,20.2906
4:06:23 PM,42.4930679,-82.8366743,,7.7365,146.4996,164.5608,-111.4071,-0.0759,2.241,208.5227,1.2348,-0.9416,17.7837,-29.3531,11.6473,-48.4561,126.1017,-9.337
4:06:24 PM,42.4930367,-82.8366485,15.6398,8.0864,147.4507,162.3318,-6.4183,1.8181,2.4774,208.6109,1.2337,-0.9396,18.1037,-14.3925,10.7294,-24.7966,149.4942,
4:06:25 PM,42.4930036,-82.8366147,,7.6004,145.5657,162.4015,-21.4206,0.0441,1.9877,208.7162,1.2327,-0.9373,18.2484,-22.7534,11.5927,-37.5039,134.4513,8.4189
4:06:26 PM,42.4929721,-82.8365839,15.5741,7.581,146.1329,162.258,16.068,0.9889,1.9273,208.8055,1.2318,-0.9354,18.1658,-17.6399,11.109,-29.7047,143.2877,-5.2518
4:06:27 PM,42.492943,-82.8365555,,7.7754,146.3392,163.8197,53.5601,-0.1594,2.0072,208.8957,1.2309,-0.9334,17.7626,-22.5188,11.073,-37.9055,135.929,7.273
4:06:28 PM,42.4929143,-82.8365214,15.935,7.7754,146.3793,,,,,208.9964,1.2301,-0.9314,17.8249,-23.8632,11.22,-39.9938,135.0158,7.1928
4:06:29 PM,42.4928835,-82.8364959,,7.6976,147.359,164.1509,19.8049,0.6979,2.5266,209.084,1.229,-0.9294,17.9635,-23.5425,11.3607,-39.1664,136.4899,8.0121
4:06:30 PM,42.4928522,-82.8364701,15.935,7.8531,146.7288,165.1044,-21.4515,0.287,2.3113,209.1733,1.2279,-0.9273,18.1997,-21.2333,11.3183,-35.6167,139.7126,0.6554
4:06:31 PM,42.4928217,-82.8364453,,7.6393,148.1325,164.248,1.0348,-0.5575,2.204,209.2596,1.2269,-0.9253,17.8747,-23.3206,11.2199,-39.1004,136.2057,8.1783
4:06:32 PM,42.4927942,-82.8364225,15.4429,7.581,147.571,163.3098,16.044,-0.0438,1.6909,,,,18.1075,-23.7037,11.4968,-39.2837,134.6965,7.0438
4:06:33 PM,42.4927635,-82.8363991,,7.717,146.3105,163.818,23.5383,0.9836,2.7925,209.3824,1.2254,-0.9225,16.9393,-24.3253,10.4273,-42.0026,132.8508,6.7631
4:06:34 PM,42.4927307,-82.8363722,14.9508,,,163.705,-51.4631,-0.2241,2.6635,209.4673,1.2243,-0.9205,16.6304,-19.7563,9.6653,-35.5638,141.7456,2.5347
4:06:35 PM,42.4927012,-82.8363472,,7.7948,148.1039,162.869,-10.2135,0.0273,1.9809,209.5523,1.2233,-0.9185,16.994,-25.0777,10.5176,-43.2228,131.904,14.2688
4:06:36 PM,42.4926702,-82.8363164,14.8852,7.6976,144.987,,1.0313,0.51,2.4555,209.6392,1.2223,-0.9165,16.7537,-17.0521,9.6051,-30.7631,145.3172,0.197
4:06:37 PM,42.4926409,-82.8362864,,7.7754,146.1214,162.0223,,,,209.7376,1.2214,-0.9144,16.7448,-17.3659,9.7079,-30.9859,144.888,1.7841
4:06:38 PM,42.4926108,-82.8362587,15.6398,7.7948,146.3793,163.6214,12.2349,-0.5302,2.5825,209.8327,1.2205,-0.9124,17.1278,-18.8561,10.1589,-33.0176,142.6272,2.3685
4:06:39 PM,42.4925814,-82.8362337,15.7054,7.3088,144.7692,162.8636,72.2614,-0.2862,2.1496,209.9252,1.2196,-0.9104,16.9627,-19.6172,10.0857,-34.3783,140.9177,0.9246
4:06:40 PM,42.4925519,-82.8362094,,7.6393,146.8835,163.2522,4.7578,0.1589,1.7809,210.0109,1.2186,-0.9085,16.897,-20.157,10.0467,-35.4193,140.8668,1.807
4:06:41 PM,42.4925218,-82.836184,15.082,7.6782,148.7742,163.3815,19.7499,0.9449,1.588,210.0965,1.2176,-0.9065,16.7685,-23.4307,10.203,-40.8071,134.3422,11.1634
4:06:42 PM,42.4924898,-82.8361563,,7.6976,145.6631,,-36.5054,-0.2413,2.3576,210.1859,1.2166,-0.9045,,,,,,1.8586
4:06:43 PM,42.4924601,-82.8361274,15.082,7.4838,145.411,162.365,15.9993,0.7267,2.9639,210.2726,1.2156,-0.9026,16.9996,-18.1601,9.8883,-32.3994,142.9459,2.2424
4:06:44 PM,42.4924305,-82.8360989,,8.1447,145.5198,162.7112,38.4787,-0.3309,1.8757,210.3668,1.2147,-0.9006,16.2279,-19.1932,9.2391,-35.2705,141.123,2.2424
4:06:45 PM,42.4923998,-82.8360727,15.7054,7.9114,146.7058,164.4647,15.9649,0.0921,2.2125,210.4609,1.2138,-0.8986,16.0046,-18.4369,8.9148,-34.5954,145.05,10.1607
4:06:46 PM,42.492372,-82.8360488,,7.9309,146.2761,163.6836,,,,210.5521,1.2128,-0.8965,16.1251,-22.7269,9.4064,-41.4746,136.2723,-2.1579
4:06:47 PM,42.4923417,-82.8360223,16.1975,7.9892,148.3903,163.565,-32.7858,0.9544,2.2114,210.6349,1.2119,-0.8947,16.2571,-18.0619,9.1361,-33.4838,145.0932,6.2933
4:06:48 PM,42.4923123,-82.8359989,,8.2419,146.8147,164.4981,27.2098,0.1932,2.079,210.7268,1.211,-0.8927,16.1242,-20.7368,9.1858,-38.4276,139.8906,5.9438
4:06:49 PM,42.4922819,-82.8359731,15.771,7.8531,146.809,163.8013,-44.0478,-0.654,2.1862,210.8115,1.21,-0.8907,16.4028,-20.3481,9.5259,-36.7804,140.5883,4.053
4:06:50 PM,42.4922489,-82.8359432,,7.3477,145.5256,162.1834,-25.3018,-0.3068,1.1383,210.9024,1.209,-0.8887,17.6853,-19.5162,10.7916,-33.1943,141.5943,3.4972
4:06:51 PM,,,15.771,7.8531,146.6256,,72.2099,0.6206,1.0378,211.0379,1.2077,-0.8858,17.2262,-20.8134,10.4087,-36.0193,137.5134,3.3654
4:06:52 PM,42.4922209,-82.835917,15.935,7.9309,146.5855,162.4812,57.1972,0.0197,1.9764,211.1303,1.2068,-0.8838,16.7508,-19.9589,9.9038,-35.2635,139.87,
4:06:53 PM,42.4921917,-82.83589,,7.3866,146.5053,163.3736,,1.7688,2.5139,211.2283,1.206,-0.8818,17.4836,-14.9747,10.4356,-25.6522,149.8708,-1.0062
4:06:54 PM,42.4921614,-82.8358601,15.7054,7.4643,145.474,162.981,0.9488,-0.2458,2.3508,211.3238,1.205,-0.8797,17.2318,-29.686,11.2981,-49.0555,123.2935,25.0977
4:06:55 PM,42.4921304,-82.8358322,,7.6976,144.7807,161.5093,-17.8075,,,211.4197,1.2041,-0.8777,17.2931,-14.6303,10.0754,-25.6913,149.1842,-3.1491
4:06:56 PM,42.4921006,-82.8358034,15.6398,7.717,143.9843,,30.95,0.5078,2.0314,211.5196,1.2034,-0.8758,17.2603,-17.4379,10.1868,-30.5147,143.0708,4.3681
4:06:57 PM,42.4920726,-82.8357708,,7.8142,144.3682,161.4234,72.1927,0.8577,2.2102,211.6268,1.2025,-0.8736,17.3034,-18.1826,10.2142,-31.9124,143.1333,2.3857
4:06:58 PM,42.49204027,-82.8357382,15.8038,7.8142,145.6287,162.9068,72.1824,0.1856,2.8048,211.7256,1.2017,-0.8716,16.9339,-18.4448,9.875,-32.8577,143.6618,3.2566
4:06:59 PM,42.49201046,-82.83570827,,7.9503,145.7261,163.7101,57.1663,0.2595,2.3562,211.8156,1.2009,-0.8697,17.0134,-19.0066,9.9988,-33.6528,142.9017,3.3769
4:07:00 PM,42.49198001,-82.83567891,16.0007,7.892,147.6627,,-10.3339,0.6346,2.4381,211.9122,1.2001,-0.8677,16.9838,-19.4194,9.9368,-34.6296,142.5909,3.3769
4:07:01 PM,42.49194966,-82.83565054,,7.717,146.2933,164.113,,1.0018,2.5536,212.0065,1.1992,-0.8657,17.0499,-18.0783,10.024,-31.8583,145.7808,1.9044
4:07:02 PM,42.49191991,-82.83562329,16.3615,7.6782,146.4136,163.8781,19.657,0.0154,2.0766,,,,17.1773,-18.4217,10.1438,-32.3523,144.3972,4.7978
4:07:03 PM,42.49189003,-82.83559256,,7.6782,147.5481,162.5025,19.6605,,,212.1537,1.1979,-0.8626,17.1344,-15.9396,9.9477,-28.231,146.8169,-7.1541
4:07:04 PM,42.49185832,-82.83556442,16.2959,7.5615,144.7521,162.9928,27.1616,0.893,1.272,212.2526,1.197,-0.8605,17.1028,-21.1626,10.4237,-36.3233,138.3219,12.3895
4:07:05 PM,42.4918282,-82.835541,,7.5421,146.0813,164.0718,27.141,1.0863,2.4116,212.3408,1.196,-0.8585,17.6944,-20.8818,10.9356,-35.2218,139.2816,12.2578
4:07:06 PM,42.491798,-82.8355161,16.1975,7.9892,146.8835,,19.6295,-0.0615,2.3863,212.432,1.1951,-0.8565,17.3844,-15.9736,10.2324,-27.8747,149.1405,1.257
4:07:07 PM,42.4917669,-82.8354881,,7.7948,148.4018,164.7047,,0.8078,2.2958,212.5302,1.1942,-0.8545,17.457,-17.4813,10.4033,-30.2696,146.5163,3.3654
4:07:08 PM,42.4917356,-82.8354614,16.7881,7.7365,148.1325,165.8056,-29.1246,0.1447,1.9883,212.6266,1.1932,-0.8524,17.3803,-17.5865,10.3371,-30.5315,147.8611,1.32
4:07:09 PM,42.4917042,-82.8354347,,7.6587,147.7773,164.5546,-14.1326,-0.5576,2.34,212.714,1.1924,-0.8505,17.3891,-17.6453,10.3345,-30.6667,146.3817,5.4396
4:07:10 PM,42.4916738,-82.835411,16.9193,7.717,147.5194,,-40.3935,0.1684,2.0922,212.8041,1.1914,-0.8485,17.4725,-22.1514,10.7692,-37.7165,138.3013,9.6794
4:07:11 PM,42.4916428,-82.8353873,,7.7365,147.2673,164.6611,-6.652,-0.7397,1.5846,212.8949,1.1904,-0.8464,17.9827,-22.3114,11.3008,-37.1651,138.4032,9.1008
4:07:12 PM,42.4916127,-82.8353639,16.7552,7.6199,149.7941,164.1644,4.5997,1.1748,1.6372,212.9845,1.1895,-0.8445,18.5112,-22.9725,11.9262,-37.2855,136.5551,3.3769
4:07:13 PM,42.4915811,-82.8353443,16.4272,7.6199,148.0981,163.2676,12.1112,-0.7389,1.4924,213.0692,1.1883,-0.8424,18.4175,-22.2868,11.7205,-36.5797,137.2177,9.4674
4:07:14 PM,42.4915521,-82.8353188,,7.6782,147.7429,162.6179,38.3618,,,213.1608,1.1875,-0.8405,18.7178,-22.4026,12.0423,-36.3257,136.1505,2.1279
4:07:15 PM,42.4915226,-82.8352915,16.6896,7.3672,145.961,,68.3562,0.7725,1.2403,213.2563,1.1867,-0.8385,18.2203,-19.7861,11.3991,-32.7568,140.979,2.7295
4:07:16 PM,42.4914962,-82.8352675,,7.5421,146.4652,163.4658,,0.0893,1.9179,213.3848,1.1855,-0.8358,18.1726,-17.8648,11.1555,-29.9828,145.4842,2.7295
4:07:17 PM,42.4914671,-82.8352426,16.3615,7.6004,147.8689,165.3239,12.0699,-0.0182,2.7252,213.4759,1.1846,-0.8338,,,,,,4.9869
4:07:18 PM,42.4914374,-82.8352183,,7.4838,148.0809,165.1165,-10.4336,0.1185,2.2792,213.5635,1.1838,-0.832,18.3926,-18.3473,11.3748,-30.596,146.0087,8.9346
4:07:19 PM,42.4914069,-82.8351917,16.0007,7.6782,147.6054,163.5132,-40.4038,-0.0724,1.6482,213.6596,1.183,-0.83,18.2613,-22.204,11.5344,-36.7483,139.3281,6.6714
4:07:20 PM,42.4913734,-82.8351621,,7.9503,148.4476,163.0999,19.5986,1.1597,2.346,213.7656,1.182,-0.8278,18.1922,-22.3496,11.4302,-37.2442,137.4157,6.7631
4:07:21 PM,42.4913433,-82.8351352,16.6896,7.5032,145.8808,,-6.6692,,,213.8598,1.1812,-0.8258,18.197,-21.5213,11.3085,-36.179,137.8227,5.5599
4:07:22 PM,42.4913137,-82.8351092,,7.7754,147.6054,163.4402,19.578,0.7188,2.4924,213.9528,1.1803,-0.8238,18.2299,-20.0707,11.3002,-33.6166,141.0061,7.9892
4:07:23 PM,42.4912841,-82.8350841,16.8537,7.5227,147.445,,-17.9244,0.7857,2.8281,214.0466,1.1795,-0.8219,18.2386,-20.743,11.3793,-34.5878,139.8895,4.7119
4:07:24 PM,42.4912545,-82.8350585,,7.7365,146.4824,163.0437,,,,214.1422,1.1787,-0.8199,18.1436,-19.8555,11.1864,-33.4281,140.7327,6.2703
4:07:25 PM,42.4912249,-82.8350321,16.5584,7.6782,146.9637,163.5456,15.7999,-0.2366,2.6097,214.2362,1.1778,-0.8179,17.8915,-20.0986,10.9593,-34.1251,141.0102,
4:07:26 PM,42.4911953,-82.8350073,16.7552,7.8142,147.8747,164.8151,72.0311,-0.0906,1.8611,214.3299,1.177,-0.8159,18.5636,-20.3022,11.6831,-33.4573,141.6205,5.8005
4:07:27 PM,42.4911652,-82.834982,,7.6587,147.8861,164.7753,4.5344,-0.617,1.5715,214.419,1.1762,-0.814,18.2965,-20.0394,11.3992,-33.3671,143.1034,5.9094
4:07:28 PM,42.4911337,-82.8349563,16.4272,7.6199,146.8663,163.8245,-55.4612,0.061,1.8601,214.5139,1.1753,-0.812,17.99,-22.5399,11.2639,-37.7504,137.3876,5.6515
4:07:29 PM,42.4910999,-82.8349184,,8.2613,148.0466,,0.801,1.9038,2.5796,214.6377,1.1746,-0.8097,17.9963,-11.6611,10.599,-20.0714,155.6862,-15.4791
4:07:30 PM,42.4910707,-82.8348936,17.0505,7.6393,148.0523,161.8633,72.0586,0.4003,1.9455,214.7305,1.1738,-0.8078,18.1001,-27.0633,11.7712,-44.3948,125.9986,17.3915
4:07:31 PM,42.4910416,-82.8348705,,7.7365,144.7291,161.2423,-62.9486,1.6952,1.4797,214.8204,1.1729,-0.8058,18.2965,-21.3822,11.4772,-35.5357,134.4776,15.2543
4:07:32 PM,42.4910133,-82.8348458,17.1818,7.6782,143.6462,160.5568,-32.9577,-0.3331,2.5145,,,,17.5938,-24.192,11.0274,-40.8298,130.2575,5.2218
4:07:33 PM,42.4909846,-82.8348197,,8.2613,143.566,,,1.0399,1.9007,214.9608,1.1718,-0.803,17.9396,-14.6223,10.6947,-25.0532,146.2177,-3.1147
4:07:34 PM,42.4909559,-82.8347907,16.2631,7.6976,142.5175,158.6349,-47.9394,,,215.1064,1.1708,-0.8001,17.7345,-17.8667,10.7142,-30.5196,139.1416,1.9846
4:07:35 PM,42.4909257,-82.8347591,,7.8531,143.4686,159.2661,27.0482,0.1895,2.1187,215.2036,1.1701,-0.7982,17.349,-16.4762,10.298,-28.5425,143.3073,4.265
4:07:36 PM,42.4908977,-82.8347327,16.3615,7.6393,145.6287,161.7385,64.5231,0.0178,1.6803,215.2979,1.1694,-0.7963,16.8744,-16.9026,9.9157,-29.6557,144.5032,3.6233
4:07:37 PM,42.4908693,-82.834706,,8.1836,146.809,162.9875,-55.4852,-0.2791,1.8692,215.3934,1.1687,-0.7944,16.8739,-17.3093,9.9333,-30.3594,148.5599,4.752
4:07:38 PM,42.4908404,-82.8346808,16.1975,7.9503,148.2815,,-96.7279,-0.0411,2.1785,215.4869,1.168,-0.7925,16.9135,-17.8914,10.002,-31.2987,143.4841,1.8242
4:07:39 PM,42.4908118,-82.8346554,,7.892,144.0702,161.4807,,,,215.5812,1.1672,-0.7906,17.5119,-21.8285,10.9674,-36.421,135.4473,10.7394
4:07:40 PM,42.4907829,-82.834627,16.2959,7.6782,143.2853,161.3533,-55.4784,0.3476,1.9882,215.681,1.1666,-0.7886,17.2126,-16.9899,10.1975,-29.552,143.806,3.2394
4:07:41 PM,42.4907542,-82.8345994,,7.4838,143.4228,160.8185,4.5241,0.2417,2.152,215.7794,1.1659,-0.7867,17.0149,-17.3675,9.9685,-30.6305,143.6083,3.5201
4:07:42 PM,42.4907256,-82.8345723,16.1975,8.0669,144.0874,161.6234,8.2643,0.732,2.1672,,,,17.278,-19.3099,10.3325,-33.5701,140.9414,5.8406
4:07:43 PM,42.4906944,-82.8345424,16.2631,7.5421,144.5515,162.1042,23.2564,0.1128,2.4555,215.9266,1.1648,-0.7838,17.1427,-20.2193,10.1951,-35.5304,139.5987,5.7203
4:07:44 PM,42.4906652,-82.8345138,,7.3672,145.05,162.9876,45.7323,-0.3474,2.4668,216.0233,1.1642,-0.7819,17.1565,-19.9288,10.2432,-34.8129,141.1962,5.0786
4:07:45 PM,42.4906359,-82.8344876,16.5584,7.6782,145.1818,,26.9726,-0.7345,2.6012,216.124,1.1635,-0.7799,17.1145,-19.5475,10.2519,-33.9564,142.2905,4.9525
4:07:46 PM,42.4906072,-82.8344611,,7.717,145.8579,163.9434,8.23,-0.2895,2.6475,216.2208,1.1627,-0.778,17.4126,-20.6635,10.6351,-35.2931,140.8267,6.3735
4:07:47 PM,42.4905791,-82.8344342,16.3615,7.6782,146.1902,163.7678,,,,216.3184,1.162,-0.776,17.6416,-19.2297,10.7467,-32.729,143.424,4.1848
4:07:48 PM,42.4905498,-82.8344065,,7.6782,147.7773,164.6225,23.2289,-1.2731,2.0687,216.4147,1.1614,-0.7741,,,,,,4.2249
4:07:49 PM,42.4905203,-82.8343812,16.4272,7.8337,146.9866,164.3775,38.2381,0.0069,1.6504,216.5148,1.1607,-0.7721,17.8068,-21.0429,11.0257,-35.4438,140.6968,
4:07:50 PM,42.4904906,-82.8343572,,7.5227,145.8922,163.4587,-10.5126,0.7199,2.092,216.6115,1.1599,-0.7702,17.3643,-20.8264,10.5259,-35.9106,140.8036,3.9613
4:07:51 PM,42.4904594,-82.834328,16.5584,,,,-59.2564,-0.2553,2.3263,216.7061,1.1592,-0.7682,17.733,-22.7189,11.1064,-38.0715,136.5272,8.5736
4:07:52 PM,42.4904309,-82.8343014,,7.7365,145.5256,162.0148,4.5,-0.1808,1.7507,216.8029,1.1585,-0.7663,17.7376,-20.4404,10.904,-34.6178,139.1219,4.414
4:07:53 PM,42.4904034,-82.8342752,16.3615,7.9309,144.626,162.1842,,,,216.9001,1.1578,-0.7644,17.9765,-19.8485,11.1391,-33.2264,140.1469,6.5855
4:07:54 PM,42.4903755,-82.834249,,7.6587,146.7001,162.3711,-25.4978,0.6698,1.8131,216.9955,1.1572,-0.7626,18.1149,-19.783,11.2644,-32.9765,140.054,8.8429
4:07:55 PM,42.4903469,-82.8342224,16.2631,7.6393,146.9121,161.8146,4.5034,0.4769,2.0979,217.0908,1.1565,-0.7607,17.7794,-16.3369,10.6935,-27.8834,146.2599,-1.0979
4:07:56 PM,42.4903171,-82.8341944,16.1975,7.581,145.4396,163.655,116.9865,-0.1368,2.6787,217.1889,1.1559,-0.7588,17.7191,-15.6408,10.5997,-26.7879,148.7597,-10.735
4:07:57 PM,42.4902874,-82.8341685,,7.6004,146.087,163.8791,-14.2426,-0.0454,2.2205,217.2917,1.1552,-0.7568,17.863,-21.2832,11.1141,-35.6896,139.3573,4.8895
4:07:58 PM,42.4902542,-82.8341394,16.4272,7.6587,147.1298,,-44.2369,0.2464,2.2474,217.3906,1.1545,-0.7548,17.7729,-18.7153,10.8352,-31.7568,143.3233,2.8498
4:07:59 PM,42.4902221,-82.8341114,16.0007,8.0475,145.9209,162.2928,4.5172,0.8577,2.7318,217.4929,1.1538,-0.7527,17.3591,-19.1392,10.283,-33.6063,140.9401,2.7925
4:08:00 PM,42.490193,-82.8340857,,7.5615,146.9121,162.0539,113.26,-0.1285,2.3918,217.5995,1.153,-0.7506,16.783,-21.722,10.0205,-38.3069,135.0302,8.4189
4:08:01 PM,42.490163,-82.8340611,15.8694,7.7948,148.2757,164.7479,,,,217.697,1.1523,-0.7487,16.6192,-20.0954,9.7226,-35.9656,141.4378,5.6515
4:08:02 PM,42.4901308,-82.8340374,,7.7948,149.3586,168.9766,188.2441,-0.2908,2.0703,217.7946,1.1515,-0.7467,16.4207,-18.1861,9.3221,-33.351,147.6062,2.5347
4:08:03 PM,42.4900984,-82.8340163,15.935,7.9114,153.0428,173.8133,206.9524,-0.668,2.2143,217.8937,1.1506,-0.7446,16.5382,-18.8587,9.5197,-34.1627,152.0845,5.2447
4:08:04 PM,42.4900663,-82.833997,,7.8337,156.2169,,206.9317,-0.2067,1.9223,217.9886,1.1496,-0.7425,16.6594,-20.0487,9.7862,-35.7037,154.3044,4.328
4:08:05 PM,,,15.3117,7.4449,162.5137,178.5818,236.9089,0.2761,2.0384,218.0887,1.1484,-0.7402,16.9151,-23.3383,10.3392,-40.4001,151.3893,9.8571
4:08:06 PM,42.4900286,-82.833981,,7.7948,162.4622,181.8335,94.4005,-1.5291,2.5991,218.1776,1.1472,-0.738,16.5856,-23.8982,10.0119,-42.1526,153.0324,5.5828
4:08:07 PM,42.4899926,-82.8339694,16.2631,7.7948,165.8942,184.5741,176.8721,-0.1254,2.6077,218.2636,1.1458,-0.7358,17.015,-25.407,10.5255,-43.9135,152.168,11.7707
4:08:08 PM,42.48995466,-82.8339571,,7.7948,166.8281,,109.3513,-0.964,2.4835,218.39,1.1437,-0.7325,16.8308,-24.192,10.2156,-42.467,157.2701,0.4491
4:08:09 PM,42.48991815,-82.8339476,15.3773,7.9892,171.0222,187.8958,,,,218.4669,1.1425,-0.7306,16.6416,-26.7455,10.2169,-47.1402,154.3721,11.6218
4:08:10 PM,42.48988251,-82.83393809,,7.892,172.3457,189.5439,83.1144,0.1267,2.6424,218.5506,1.1409,-0.7282,16.108,-29.7036,10.0312,-52.7204,148.2047,6.0412
4:08:11 PM,42.48984372,-82.83393176,16.1975,7.9309,175.1246,190.3622,90.5881,0.6019,2.7599,218.6291,1.1393,-0.726,16.1776,-30.8466,10.2015,-54.4009,145.1875,14.71
4:08:12 PM,42.48980715,-82.83392701,,8.0086,175.5543,191.9324,38.0834,-0.2521,2.3554,218.7083,1.1375,-0.7237,15.5331,-27.9934,9.2707,-51.8532,151.7562,-13.2274
4:08:13 PM,42.489764,-82.8339242,15.8694,7.8726,178.3618,192.0642,34.3156,0.167,1.9868,218.794,1.1357,-0.7212,16.0658,-38.4762,11.0045,-65.2791,133.4285,8.27
4:08:14 PM,42.4897261,-82.8339204,,8.0864,178.23,,188.031,0.1902,2.1948,218.8706,1.134,-0.7189,16.144,-34.6071,10.5529,-60.3252,140.5731,
4:08:15 PM,42.4896879,-82.8339189,15.935,8.0475,179.8171,194.4714,,-0.3721,2.1497,218.9418,1.1322,-0.7167,15.7065,-30.6822,9.6501,-56.1531,148.5764,20.1932
4:08:16 PM,42.4896496,-82.83392,,8.0669,180.9172,194.9262,-14.4867,,,219.0184,1.1303,-0.7143,15.5325,-34.1443,9.9534,-61.1504,140.7955,3.1191
4:08:17 PM,42.4896093,-82.8339212,15.7054,8.514,180.8484,195.4082,7.9996,1.2152,2.6461,219.0926,1.1284,-0.7121,,,8.9371,-62.7043,,15.2028
4:08:18 PM,42.4895702,-82.8339218,,7.7754,183.3694,194.8922,90.4815,0.233,3.4106,219.1586,1.1267,-0.7099,14.5646,-33.0447,,,141.4786,-0.5937
4:08:19 PM,42.4895335,-82.8339236,16.0663,8.2224,180.8255,,-67.0326,-0.6181,1.8933,219.2325,1.1249,-0.7077,14.9934,-42.9334,10.6113,-74.2469,125.0995,13.5183
4:08:20 PM,42.4894954,-82.8339248,,8.7278,182.6876,193.4673,-93.2729,1.7702,1.9066,219.2996,1.1232,-0.7056,15.6212,-25.9909,9.0419,-49.209,155.1255,15.8215
4:08:21 PM,42.4894524,-82.833924,16.0663,7.8726,180.1437,192.2507,34.2021,0.0861,3.2491,219.3799,1.1214,-0.7032,15.7367,-39.728,10.8071,-68.5418,128.856,-6.1628
4:08:22 PM,42.4894158,-82.8339228,,8.1253,179.2728,191.3069,,0.9972,3.0489,219.4447,1.1198,-0.7012,16.1132,-34.9734,10.5656,-60.9458,136.4087,7.972
4:08:23 PM,42.489382,-82.8339228,15.8694,8.1253,177.4221,190.9716,-29.5612,-0.4493,2.5913,,,,16.1767,-39.1649,11.1445,-66.4526,129.8816,14.3949
4:08:24 PM,42.4893474,-82.8339232,,7.8726,179.989,191.9746,45.4126,-0.4649,2.2832,219.55,1.1173,-0.6981,15.7226,-34.3912,10.0809,-61.7571,135.8926,8.27
4:08:25 PM,42.4893146,-82.833922,15.5085,8.4751,178.4821,,-18.3748,,,219.6524,1.115,-0.6951,15.3252,-43.3182,10.9229,-74.2711,121.9439,-11.5658
4:08:26 PM,42.489277,-82.8339222,15.5085,8.2224,180.9057,191.8978,49.1048,0.1748,1.5548,219.7216,1.1133,-0.693,16.2406,-32.7182,10.355,-57.9647,141.3773,5.1989
4:08:27 PM,42.4892419,-82.8339232,,8.3391,179.691,192.6566,-97.1404,2.0241,2.6381,219.7952,1.1116,-0.6908,14.922,-43.2538,10.5702,-75.3165,120.4242,26.7364
4:08:28 PM,42.4892042,-82.8339228,15.771,7.8142,179.3874,190.1593,-52.1437,0.9353,3.344,219.8754,1.1099,-0.6885,14.699,-22.076,7.7044,-45.8114,157.5477,31.9274
4:08:29 PM,42.4891621,-82.8339195,15.5741,8.2613,179.3587,189.641,116.5809,-0.1307,2.4154,219.9565,1.1081,-0.6862,15.2987,-37.6671,10.1838,-66.6344,127.7952,-14.7515
4:08:30 PM,42.4891229,-82.8339191,,8.203,180.8369,,,1.6185,2.2441,220.0303,1.1065,-0.684,15.7641,-35.4954,10.2587,-63.1564,131.5353,16.1653
4:08:31 PM,42.4890863,-82.8339179,15.3117,8.2808,180.0062,191.3628,-18.4298,-0.0667,2.4956,220.1034,1.1047,-0.6818,15.3575,-38.0521,10.2521,-67.4177,128.7256,1.32
4:08:32 PM,42.4890481,-82.8339203,,8.2419,179.204,190.6636,-3.4309,0.2248,2.3747,220.1814,1.103,-0.6796,15.7864,-40.3266,10.9058,-69.5129,123.9573,16.0393
4:08:33 PM,42.4890108,-82.8339174,15.5085,8.1058,178.3618,,,,,220.2574,1.1013,-0.6774,15.5666,-36.4675,10.2058,-65.0365,129.8591,9.5591
4:08:34 PM,42.4889738,-82.8339168,15.935,8.1447,177.3304,188.5925,-33.4218,0.0451,2.5536,220.3422,1.0995,-0.675,15.5196,-43.0549,11.0578,-73.3687,118.6298,-0.2556
4:08:35 PM,42.4889336,-82.8339157,,8.1641,179.4676,,,,,220.4183,1.0978,-0.6729,15.5957,-33.0308,9.8421,-59.7402,134.1244,7.3876
4:08:36 PM,42.4888928,-82.8339164,16.2631,8.1641,179.6509,,,,,,,,15.5472,-38.7966,10.5076,-67.9815,124.3053,8.6997
4:08:37 PM,42.4888555,-82.8339172,,8.1447,179.565,197.0243,,,,220.5325,1.0952,-0.6695,15.5444,-37.4936,10.3092,-66.602,139.2912,9.1179
4:08:38 PM,42.4888182,-82.8339175,16.624,8.2224,179.3644,,,,,220.6089,1.0935,-0.6673,15.6513,-38.1435,10.473,-67.3722,138.7544,9.2383
4:08:39 PM,42.4887806,-82.8339166,,8.3391,179.7598,189.5942,-18.4813,0.2545,2.1615,220.6848,1.0918,-0.6651,15.6684,-38.5645,10.5465,-67.841,138.419,9.2383
4:08:40 PM,42.4887434,-82.8339157,16.7881,8.3391,180.4932,,,,,220.7635,1.0901,-0.6629,15.4413,-39.9167,10.5411,-70.0456,123.8597,10.218
4:08:41 PM,42.4887063,-82.8339163,,8.3196,180.1036,190.9119,105.2535,0.3172,2.6594,220.8395,1.0884,-0.6607,15.6075,-36.033,10.1562,-64.6875,131.9545,
4:08:42 PM,42.48867,-82.8339184,16.9193,8.0669,182.7506,192.3929,15.2189,1.6997,3.1668,220.9129,1.0867,-0.6586,15.7405,-44.7659,11.4576,-75.3416,119.9693,0.7814
4:08:43 PM,42.4886322,-82.8339212,,8.1058,181.7365,191.4766,-82.2756,0.551,2.8746,220.984,1.085,-0.6565,15.1547,-40.7583,10.4527,-71.1835,123.7872,6.3276
4:08:44 PM,42.4885885,-82.8339198,16.8537,8.2224,182.9168,190.0276,-3.5374,0.5844,2.7336,221.0595,1.0832,-0.6543,14.8713,-34.5915,9.3635,-64.3778,129.913,8.9117
4:08:45 PM,42.4885469,-82.8339206,,8.2613,178.5795,,-119.7848,-0.7088,2.3813,221.1458,1.0815,-0.6519,14.204,-34.2101,8.7175,-66.359,128.5378,27.9224
4:08:46 PM,42.4885097,-82.8339214,17.2474,7.8142,178.5451,188.9517,-41.0501,1.445,1.8163,221.2334,1.0796,-0.6495,15.2062,-33.8748,9.5221,-62.8862,129.7836,-7.7156
4:08:47 PM,42.4884719,-82.8339207,17.0505,8.2419,178.6081,195.1442,,0.3134,2.637,221.3124,1.0779,-0.6473,14.4959,-39.9956,9.7445,-72.9647,119.6778,12.4927
4:08:48 PM,42.488435,-82.8339183,,8.378,177.8117,186.9071,-52.2984,,,221.3938,1.0762,-0.645,,,,,,2.592
4:08:49 PM,42.4884009,-82.8339154,16.6896,8.3002,178.6482,187.4494,15.1708,0.7108,2.6888,221.474,1.0746,-0.6429,14.7744,-30.1825,8.6489,-59.185,133.6265,2.9816
4:08:50 PM,42.4883615,-82.8339111,,8.378,178.2357,186.4335,-82.2997,1.0488,2.3325,221.5538,1.0732,-0.6408,14.5131,-46.3097,10.6348,-80.674,108.2105,-31.8199
4:08:51 PM,42.4883226,-82.8339097,16.3615,8.0669,177.1929,186.3245,11.4202,1.1981,2.2874,221.6434,1.0716,-0.6385,14.8177,-30.0401,8.787,-57.5848,134.3913,23.545
4:08:52 PM,42.4882791,-82.8339086,,7.9697,181.175,,71.402,-0.0872,1.6291,221.7317,1.0699,-0.6362,14.4836,-40.4455,9.8356,-72.8019,116.751,-10.6205
4:08:53 PM,42.4882383,-82.8339082,15.8694,7.9697,178.0925,188.167,-52.3466,2.1737,2.0736,221.8155,1.0681,-0.6338,15.1563,-46.23,11.2065,-77.5924,112.2739,7.5137
4:08:54 PM,42.4881981,-82.8339083,,8.2808,180.5447,189.1694,93.8814,-0.1697,2.1711,221.9045,1.0663,-0.6314,14.7118,-21.2081,7.661,-44.0033,155.247,24.2612
4:08:55 PM,42.4881561,-82.8339098,16.2631,8.1058,181.9771,191.3142,75.1079,0.4752,2.4433,221.9896,1.0644,-0.6291,14.6261,-47.1115,10.8565,-80.7802,111.0634,5.3364
4:08:56 PM,42.4881214,-82.8339112,,7.8337,182.5673,,-63.6671,-0.0556,2.6009,222.0754,1.0625,-0.6267,14.6679,-38.5266,9.7354,-69.7947,125.3852,14.9908
4:08:57 PM,42.4880837,-82.8339145,16.7552,8.2613,181.8453,190.9834,-127.3891,1.4785,2.2919,222.1479,1.0609,-0.6246,14.9891,-31.9206,9.2472,-58.9879,137.4079,28.5641
4:08:58 PM,42.4880443,-82.8339154,,8.203,179.0264,188.0358,,0.3896,1.6511,222.225,1.0592,-0.6224,14.9425,-44.3885,10.7858,-75.7203,115.3826,9.3414
4:08:59 PM,42.4880096,-82.8339139,16.624,8.0864,178.5909,185.5396,-142.3915,1.5704,2.6019,222.3125,1.0574,-0.6201,14.8903,-41.5717,10.3241,-73.1446,115.8029,13.438
4:09:00 PM,42.4879688,-82.8339122,,8.0669,175.3537,182.3832,15.0745,1.8007,2.5693,222.3996,1.0558,-0.6178,14.6695,-40.6293,10.0348,-72.1598,117.0562,12.1317
4:09:01 PM,42.4879343,-82.833911,16.8537,,,181.8944,-146.1558,2.2742,2.479,222.4864,1.0542,-0.6156,14.9103,-39.4439,10.0656,-70.2398,116.0057,14.7788
4:09:02 PM,42.4878957,-82.8339046,,8.1058,174.9469,,,,,222.5669,1.0528,-0.6136,15.0346,-45.9186,11.0376,-78.0937,105.6142,-16.0005
4:09:03 PM,42.4878583,-82.8338977,16.6896,8.2419,173.7151,182.1486,-3.6474,1.482,2.9497,222.6548,1.0514,-0.6115,15.1409,-26.6697,8.6295,-51.9546,135.8945,
4:09:04 PM,42.4878166,-82.8338917,,8.203,175.2621,183.5723,-3.675,0.7515,2.2297,222.7504,1.0499,-0.6092,14.7008,-45.6532,10.7117,-78.9428,105.6685,28.2834
4:09:05 PM,42.4877808,-82.8338897,16.3615,7.6393,173.3369,185.046,78.7622,1.6183,3.496,222.8526,1.0482,-0.6067,14.8612,-27.4976,8.5304,-53.5498,138.9762,-14.5567
4:09:06 PM,42.4877417,-82.8338875,,8.1058,173.4401,184.5474,-56.2347,0.5494,2.6588,222.9357,1.0468,-0.6046,15.1493,-22.9307,8.294,-45.3694,150.0706,14.6986
4:09:07 PM,42.4876994,-82.8338837,16.3615,8.1836,173.4401,,63.7461,0.3851,2.4283,223.0351,1.0449,-0.6021,14.9529,-44.2778,10.7678,-75.8078,112.3825,28.524
4:09:08 PM,42.487663,-82.8338804,,8.0864,174.2479,184.9318,,,,223.1288,1.0434,-0.5998,15.164,-33.0965,9.4945,-60.706,130.0639,8.7799
4:09:09 PM,42.4876278,-82.8338779,16.7552,8.203,178.1498,184.9228,44.9932,1.9263,2.1098,223.2158,1.0418,-0.5976,15.1006,-45.7577,11.0699,-77.7528,109.2763,18.5717
4:09:10 PM,42.4875917,-82.8338751,,8.1836,176.7689,185.0647,-7.5149,-0.0787,2.2123,223.3005,1.0404,-0.5955,14.9999,-29.0115,8.7801,-55.9496,134.7164,-3.0288
4:09:11 PM,42.487555,-82.8338742,16.6896,8.2419,176.047,185.8976,41.2186,0.0729,2.2662,223.3885,1.0389,-0.5933,14.8667,-38.5402,9.8825,-69.6031,119.5136,12.5729
4:09:12 PM,42.4875184,-82.8338718,16.624,8.1253,177.0611,186.4623,74.9704,0.0606,2.2271,223.473,1.0373,-0.5912,15.5849,-38.3381,10.4766,-67.3324,122.345,11.5931
4:09:13 PM,42.4874825,-82.8338701,,8.1058,177.8404,,-3.7781,1.3789,2.5793,223.56,1.0358,-0.589,16.0739,-39.4432,11.066,-67.3423,121.9418,9.5133
4:09:14 PM,42.4874462,-82.8338674,16.7552,7.9503,176.7116,185.919,-90.0208,0.4252,2.9553,223.6371,1.0345,-0.5871,15.8087,-36.2913,10.4221,-63.871,125.3758,4.265
4:09:15 PM,42.4874063,-82.8338638,16.6896,8.1058,176.6486,184.3494,71.2198,0.0816,1.8998,223.7344,1.0328,-0.5847,15.9007,-35.7507,10.415,-63.1244,125.0374,8.3731
4:09:16 PM,,,,8.203,176.6773,185.3201,,0.4585,2.9558,223.8234,1.0313,-0.5826,15.9367,-38.3387,10.7879,-66.4006,121.7162,7.3189
4:09:17 PM,42.4873701,-82.8338626,16.5584,8.2224,176.133,184.1671,-30.0493,-0.0695,2.6145,223.9101,1.0298,-0.5804,15.7858,-28.3813,9.4031,-52.9387,137.0904,-15.4619
4:09:18 PM,42.4873282,-82.8338584,,8.0669,175.9725,,3.7093,0.2818,2.3017,224.0148,1.0281,-0.5779,15.8834,-46.0451,11.794,-75.8113,109.0977,21.4938
4:09:19 PM,42.4872906,-82.8338528,16.2959,8.1447,173.4687,182.3222,33.7071,,,224.1137,1.0267,-0.5757,15.8278,-33.225,10.0481,-59.6667,127.4546,5.9667
4:09:20 PM,42.4872518,-82.8338453,,8.1447,173.9099,182.6784,18.7117,0.7831,2.3088,224.2171,1.0253,-0.5733,15.7079,-34.3098,10.0756,-61.4924,125.3366,2.5347
4:09:21 PM,42.487212,-82.8338383,16.1319,8.1447,175.0501,,44.9451,-0.0308,1.7482,224.3223,1.0238,-0.5709,15.9077,-37.5109,10.6648,-65.2651,121.6796,15.1168
4:09:22 PM,42.4871742,-82.8338307,16.0663,8.3002,174.2365,183.8816,,1.5631,2.3936,224.4249,1.0224,-0.5686,16.201,-34.3161,10.5183,-60.2659,128.0212,11.9885
4:09:23 PM,42.4871363,-82.8338283,,8.2419,176.196,185.4652,78.6831,,,224.5177,1.0208,-0.5664,,,,,,-0.8171
4:09:24 PM,42.4870926,-82.83382494,16.1975,8.1253,175.4053,184.5625,-22.5757,-0.079,2.4287,224.6177,1.0192,-0.564,15.5779,-35.4854,10.1217,-63.3067,125.9216,
4:09:25 PM,42.48705864,-82.83382147,,8.2808,176.8205,,97.4189,0.0437,2.0445,224.7048,1.0178,-0.562,15.8786,-30.5909,9.777,-55.7408,133.9203,2.1737
4:09:26 PM,42.48702498,-82.83381851,15.771,8.3002,176.4194,186.0626,63.6602,-0.3119,2.1735,224.7899,1.0165,-0.56,15.5147,-34.2638,9.8634,-62.3229,127.8955,8.0694
4:09:27 PM,42.4869888,-82.83381643,,8.2419,178.6826,186.9023,-0.1031,0.6147,2.3147,224.8792,1.015,-0.5578,15.1637,-35.5273,9.7306,-64.8968,126.245,4.6088
4:09:28 PM,42.48695243,-82.83381436,15.8694,8.3391,178.3732,187.2431,3.6474,-0.496,2.3315,224.9701,1.0135,-0.5557,14.1224,-38.6906,9.2442,-72.7438,117.8405,10.0289
4:09:29 PM,42.48691464,-82.83381342,,8.3391,178.8316,186.3543,,0.3269,2.3746,225.0625,1.012,-0.5534,14.4633,-38.3672,9.4838,-71.19,118.98,11.5072
4:09:30 PM,42.48687673,-82.83381271,15.7054,8.3002,177.7831,185.8386,-52.601,0.3143,2.066,225.1557,1.0104,-0.5512,14.0802,-36.779,8.9564,-70.2624,119.5857,1.0278
4:09:31 PM,42.4868349,-82.8338114,15.7054,8.2224,177.1528,185.0893,-15.0883,0.1302,1.9149,225.2492,1.0088,-0.549,14.5546,-39.9069,9.7811,-72.6751,115.1288,22.5194
4:09:32 PM,42.4867948,-82.8338075,,8.203,176.7861,185.0235,14.9164,0.778,2.5377,225.3536,1.0072,-0.5466,13.9596,-34.3592,8.5211,-67.6065,121.0729,-0.7369
4:09:33 PM,42.4867574,-82.833803,15.8694,8.2808,178.9576,185.7559,74.9016,-0.0665,2.3087,225.4521,1.0058,-0.5443,14.1744,-33.8591,8.6268,-66.2685,122.6625,5.8406
4:09:34 PM,42.4867215,-82.8338013,,8.4168,179.565,188.3121,67.3558,0.7273,2.4611,225.543,1.0043,-0.5422,13.9641,-32.3351,8.2473,-64.9069,126.0463,-4.5013
4:09:35 PM,42.4866837,-82.8338032,15.8694,7.9114,182.3152,,22.3454,,,225.6306,1.0027,-0.54,13.8998,-44.0058,9.8082,-79.9119,110.1016,10.4587
4:09:36 PM,42.4866439,-82.8338054,,8.5918,182.8767,189.7201,7.3465,-1.0426,1.7007,225.7244,1.0009,-0.5377,14.1979,-34.5539,8.7966,-66.2685,127.5903,-2.7595
4:09:37 PM,42.4866057,-82.8338085,16.0663,8.3974,179.565,187.4643,-3.895,1.8804,2.05,225.8139,0.9992,-0.5355,14.8294,-43.4739,10.5221,-75.8535,114.0387,20.1417
4:09:38 PM,42.486561,-82.8338087,16.1319,8.1836,180.0348,187.1727,11.1005,-0.2191,2.757,225.9147,0.9975,-0.5331,13.8586,-38.1086,8.9492,-72.8847,117.6595,4.7978
4:09:39 PM,42.4865219,-82.8338113,,8.2808,180.9974,,37.3408,0.5502,2.0068,226.0512,0.9951,-0.5297,15.2306,-36.2938,9.8693,-65.9903,124.613,7.1928
4:09:40 PM,42.4864851,-82.8338112,15.8694,8.4168,178.7399,187.5328,,-0.3952,1.6968,226.1464,0.9935,-0.5275,15.0153,-39.7432,10.1548,-70.9736,119.0817,0.6095
4:09:41 PM,42.4864476,-82.8338112,,8.3391,180.7166,187.8177,-0.1616,1.0782,2.5089,226.2368,0.9919,-0.5254,15.3688,-36.9053,10.0485,-66.6972,123.6956,20.7719
4:09:42 PM,42.48641,-82.8338116,15.771,8.3585,178.2586,187.7235,-78.91,-0.0095,2.172,226.3412,0.9902,-0.5229,14.7017,-40.6544,9.9898,-73.493,116.8634,-15.1354
4:09:43 PM,42.4863687,-82.8338119,,8.378,179.5994,187.1159,29.819,,,226.4407,0.9886,-0.5206,15.4844,-37.965,10.2745,-67.9905,122.2406,16.3315
4:09:44 PM,42.4863293,-82.8338115,15.1476,8.3196,179.9832,189.4063,104.8031,0.8712,2.6221,226.5381,0.9869,-0.5183,14.7942,-39.9114,9.9398,-72.7361,118.6623,-19.5128
4:09:45 PM,42.486286,-82.8338146,,7.8726,181.9714,,37.2996,1.2431,2.9457,226.6254,0.9852,-0.5161,15.5016,-43.7993,11.1168,-74.8255,116.1563,22.4163
4:09:46 PM,42.4862481,-82.8338185,15.6398,8.2419,180.052,188.3753,-142.6768,0.4649,1.9522,,,,14.7802,-44.6105,10.6202,-77.7881,111.5318,14.0683
4:09:47 PM,42.4862061,-82.8338174,,8.3391,180.0119,186.2701,41.0398,0.0933,2.0728,226.7819,0.9827,-0.5125,15.1164,-38.9259,10.1078,-69.9938,119.2263,13.3005
4:09:48 PM,42.4861672,-82.8338164,15.8038,8.2613,178.3446,186.7373,-0.22,-0.5616,2.1834,226.8831,0.9811,-0.5102,14.843,-43.2872,10.4858,-76.064,113.1107,
4:09:49 PM,42.4861276,-82.8338152,,8.2224,181.0317,188.0719,,0.8451,2.4786,226.9867,0.9796,-0.5079,15.085,-31.9331,9.1583,-60.6002,132.1114,0.5923
4:09:50 PM,42.4860889,-82.833817,15.7054,8.2224,180.6822,188.7968,74.7469,,,227.0831,0.9779,-0.5056,15.1269,-43.7048,10.7749,-75.9337,114.9977,14.796
4:09:51 PM,42.4860502,-82.8338168,15.6398,8.0281,179.479,186.8161,-97.7076,-0.235,2.2679,227.1833,0.9763,-0.5033,14.9252,-39.4519,10.0078,-71.3788,118.5956,16.0622
4:09:52 PM,42.4860103,-82.8338159,,8.0669,178.717,,22.2938,1.804,3.2324,227.3371,0.974,-0.4999,15.3015,-41.5247,10.6543,-72.1954,115.7939,6.4021
4:09:53 PM,42.4859685,-82.8338145,15.7054,8.2613,179.055,186.48,-67.6995,0.6442,1.9722,,,,14.9772,-40.8517,10.2695,-72.5455,115.8638,13.885
4:09:54 PM,42.4859315,-82.8338159,,8.3585,180.9229,187.0406,-3.9775,0.1948,2.585,227.45,0.9723,-0.4974,15.128,-39.1272,10.1363,-70.3563,118.4491,13.1802
4:09:55 PM,42.4858942,-82.8338158,16.1319,8.4751,180.1207,186.8015,41.0226,0.1474,2.0177,227.5428,0.9707,-0.4952,14.9511,-37.1824,9.7117,-68.4982,120.9554,11.828
4:09:56 PM,42.4858571,-82.8338155,,8.2419,180.8312,187.6625,52.2675,0.7694,3.3248,227.6417,0.9692,-0.493,14.7726,-39.2227,9.8586,-71.3566,118.5174,11.427
4:09:57 PM,42.4858208,-82.833816,16.3615,8.3002,181.2896,,,,,227.7777,0.9671,-0.49,15.0126,-34.762,9.4604,-64.7954,126.7026,11.0603
4:09:58 PM,42.4857854,-82.8338187,16.1975,8.4168,182.3782,188.2711,18.5054,0.3482,2.6096,227.8702,0.9656,-0.4878,14.9728,-46.6853,11.075,-79.6335,109.6809,13.1115
4:09:59 PM,42.4857415,-82.8338197,,7.5227,185.7243,188.4988,-15.2395,-0.9991,1.8767,227.9604,0.9641,-0.4858,15.0309,-37.1578,9.8845,-66.7062,123.7411,-24.5261
4:10:00 PM,42.4856991,-82.8338232,16.624,7.9697,180.1723,188.387,67.2389,1.079,1.6835,228.0596,0.9624,-0.4835,,,,,,21.0355
4:10:01 PM,42.4856569,-82.8338235,,8.0475,180.4416,,-127.7604,3.4906,3.1969,228.1856,0.9605,-0.4807,14.8656,-20.0992,7.7747,-41.0768,153.3914,27.8823
4:10:02 PM,42.4856142,-82.8338201,16.2631,8.0864,175.7663,182.9056,-127.702,0.4782,3.1894,,,,15.9462,-51.5197,12.6264,-81.3579,104.6943,-36.2431
4:10:03 PM,42.4855754,-82.8338178,,8.0086,175.8694,182.2625,22.2628,0.879,1.9092,228.3559,0.9582,-0.4771,14.6232,-24.8291,8.0733,-49.5158,136.6864,23.1268
4:10:04 PM,42.4855386,-82.8338151,16.3615,8.1253,176.2017,183.0883,-0.251,,,228.4656,0.9567,-0.4748,14.9496,-41.6017,10.4045,-72.5516,111.6835,3.7493
4:10:05 PM,42.4854985,-82.8338113,,8.2419,176.7919,,48.486,1.202,2.5297,228.6201,0.9547,-0.4715,15.0781,-32.7911,9.3607,-60.7342,126.1465,21.0756
4:10:06 PM,42.4854593,-82.8338069,16.1319,8.2613,176.0184,183.4227,-0.2853,0.0385,2.425,228.7327,0.9533,-0.4692,15.2302,-45.7347,11.1779,-77.3492,107.2366,-11.7263
4:10:07 PM,42.485426,-82.833802,,8.3002,176.0012,183.6715,,0.3276,2.3037,228.8325,0.9522,-0.4672,14.8793,-24.507,8.2023,-48.8048,140.3542,10.2639
4:10:08 PM,42.4853873,-82.8337991,15.2789,8.2224,178.1784,185.9726,82.1896,0.5545,2.5772,228.9327,0.9509,-0.4651,14.8422,-36.1614,9.5265,-66.8254,121.0273,10.4816
4:10:09 PM,42.4853492,-82.8337978,,,,185.6918,48.4207,-0.4251,2.765,229.0389,0.9494,-0.4629,14.9763,-36.4646,9.6678,-67.0234,122.7092,8.6538
4:10:10 PM,42.4853115,-82.8337964,16.0663,8.203,177.1127,185.0551,-52.8141,1.0688,2.6172,229.1449,0.948,-0.4607,15.0899,-36.1825,9.7255,-66.3464,122.6075,
4:10:11 PM,42.4852716,-82.8337926,,8.4557,178.0123,185.2904,-7.8106,-1.0147,2.5448,229.2605,0.9466,-0.4583,15.5436,-41.46,10.8193,-72.0282,114.8492,13.4266
4:10:12 PM,42.4852338,-82.8337923,16.1975,8.6306,177.2617,,33.4149,0.2155,2.0865,229.3661,0.9451,-0.456,14.7957,-24.2518,7.9092,-50.2086,142.3519,-14.8088
4:10:13 PM,42.4851973,-82.8337922,,8.3391,178.2758,185.6494,40.8782,,,229.4684,0.9437,-0.4539,15.1925,-38.7472,10.1476,-69.5614,119.0587,13.0198
4:10:14 PM,42.4851608,-82.833791,15.8694,8.1836,181.7938,187.3867,,-0.4339,2.8558,229.572,0.9423,-0.4517,15.1946,-36.8561,9.908,-66.9036,123.3715,4.5457
4:10:15 PM,42.4851219,-82.8337902,,8.2224,177.5768,183.7033,-240.3019,0.8163,1.5905,229.6836,0.9408,-0.4494,15.3464,-25.5623,8.7081,-49.5018,140.9754,-21.8103
4:10:16 PM,42.485079,-82.8337904,16.0663,8.1253,181.4787,183.3617,25.9447,2.3603,1.284,,,,15.6004,-44.0075,11.2697,-74.0977,110.5497,19.3682
4:10:17 PM,42.485038,-82.8337874,16.1319,8.9417,176.0527,181.4443,-112.8062,1.977,2.9392,229.8439,0.9386,-0.446,14.5733,-18.2442,7.2039,-39.2957,150.3524,-24.5491
4:10:18 PM,,,,8.1641,175.2048,180.0428,-19.0314,0.5707,2.6137,230.023,0.9364,-0.4424,15.2804,-44.8323,11.0927,-76.2149,105.0857,23.482
4:10:19 PM,42.4849991,-82.8337838,15.5741,7.7559,175.4626,180.3025,-37.798,0.0505,1.4246,230.1291,0.9352,-0.4403,14.8966,-40.8954,10.2411,-72.2303,109.1737,23.3731
4:10:20 PM,42.4849651,-82.8337777,,8.203,173.8526,,44.6735,,,230.254,0.934,-0.4379,15.0064,-25.4915,8.4792,-49.612,134.939,-4.1804
4:10:21 PM,42.4849255,-82.8337706,15.5741,7.9309,174.8724,182.1535,78.4322,-0.7519,1.7559,230.3713,0.9326,-0.4356,14.6775,-30.0747,8.7197,-57.5142,129.3534,-9.9214
4:10:22 PM,42.4848863,-82.8337677,,8.1253,174.8667,183.3243,55.9184,-0.1334,1.5732,230.4884,0.9312,-0.4333,15.2372,-38.7006,10.25,-68.3522,117.9575,14.1829
4:10:23 PM,42.4848467,-82.8337655,16.1319,8.0864,178.5623,184.0291,,1.0351,1.6081,230.6023,0.9298,-0.431,15.3977,-40.4023,10.595,-70.3833,115.5301,16.4862
4:10:24 PM,42.48480426,-82.83376253,,8.1836,177.3247,183.4193,-60.329,0.8463,2.4038,230.7152,0.9284,-0.4287,14.9122,-33.934,9.3219,-63.2537,123.45,-1.1437
4:10:25 PM,42.48476582,-82.83376166,16.3615,8.1836,176.0241,182.5517,-60.3221,0.138,2.4602,230.8294,0.927,-0.4264,14.9704,-38.1869,9.9064,-69.1082,115.9354,7.1126
4:10:26 PM,42.48472711,-82.83375843,,8.378,177.6914,,108.4197,,,230.9314,0.9259,-0.4244,15.2429,-39.9198,10.3522,-70.8877,114.4631,15.7814
4:10:27 PM,42.48469435,-82.83375464,16.6896,8.4168,175.1704,183.9875,33.4115,-0.1378,1.6611,231.0491,0.9245,-0.4221,15.0637,-26.4627,8.4418,-52.6705,136.7011,-12.1273
4:10:28 PM,42.48465563,-82.83375255,,8.203,179.6681,184.58,-64.0865,1.6474,2.0598,231.1537,0.9233,-0.4201,15.046,-45.7746,11.0029,-78.4994,107.7058,26.003
4:10:29 PM,42.48462065,-82.83374999,16.6896,8.1641,177.3476,184.4005,-56.5784,-1.4206,3.2855,231.2616,0.9219,-0.4179,15.4361,-30.1716,9.3166,-56.3785,131.9855,-2.3641
4:10:30 PM,42.48458378,-82.83374951,,8.3585,178.144,183.6987,,2.6406,2.8519,231.3666,0.9207,-0.4158,15.5669,-40.0565,10.6668,-69.9127,115.5959,16.2914
4:10:31 PM,42.484545,-82.8337469,16.7881,8.2419,175.7376,,37.1655,-0.6736,2.655,231.4883,0.9192,-0.4134,14.7374,-24.8965,7.9608,-51.2002,139.5405,-21.7588
4:10:32 PM,42.4845041,-82.8337447,,8.1058,177.2216,184.7828,70.8554,1.1543,2.6409,231.6006,0.9179,-0.4112,15.2774,-41.5336,10.6106,-72.6857,114.7931,16.1252
4:10:33 PM,42.4844673,-82.8337436,17.1818,8.1836,177.1299,185.1845,-0.3644,0.2327,2.3274,,,,14.9917,-35.3697,9.5581,-65.2189,123.4628,5.3135
4:10:34 PM,42.48443,-82.8337428,,8.2613,177.8404,184.3788,10.8977,,,231.7701,0.9159,-0.4079,15.2116,-33.8154,9.5388,-62.5589,125.5979,4.7291
4:10:35 PM,42.4843951,-82.8337409,17.2474,8.2808,178.7915,184.0968,119.6473,0.6537,1.8731,231.8763,0.9146,-0.4058,15.1821,-42.9822,10.7269,-74.7809,110.9663,16.1481
4:10:36 PM,42.4843578,-82.8337385,,8.2613,178.1154,,-37.8565,0.9215,2.1261,231.9912,0.9133,-0.4036,,,,,,
4:10:37 PM,42.4843194,-82.8337374,16.8537,8.1447,179.2327,184.7226,10.8873,0.7093,2.3508,232.1624,0.9114,-0.4003,14.9746,-30.2652,8.9003,-57.992,131.0605,2.4659
4:10:38 PM,42.4842831,-82.8337342,,8.4751,177.8404,184.6452,,0.4416,2.5301,232.2797,0.91,-0.398,15.3461,-36.0981,9.9725,-65.045,122.5105,10.4988
4:10:39 PM,42.4842405,-82.8337337,16.7881,8.1641,177.9607,184.4555,33.3874,0.4784,2.5184,232.3911,0.9087,-0.3958,14.8237,-38.0219,9.7574,-69.3559,117.8082,9.2784
4:10:40 PM,42.4842039,-82.8337324,,8.1641,178.7686,185.263,22.1288,0.9523,2.7843,232.5002,0.9074,-0.3938,14.9365,-36.6734,9.7223,-66.5727,121.0861,-0.3817
4:10:41 PM,42.4841683,-82.8337316,16.4928,8.1836,177.6971,,-184.1017,-0.0807,2.1629,232.6149,0.9061,-0.3916,15.1992,-35.496,9.7787,-64.4897,123.5005,13.9652
4:10:42 PM,42.4841314,-82.8337287,,8.2419,177.2216,184.1623,-82.8566,1.0427,2.3478,232.726,0.905,-0.3895,15.1452,-34.6242,9.61,-63.5676,124.3488,1.1939
4:10:43 PM,42.4840959,-82.8337261,16.4272,8.2419,176.1903,182.4817,,,,,,,15.3301,-33.1451,9.566,-61.1903,124.7149,6.3735
4:10:44 PM,42.4840599,-82.833721,,8.2419,175.1074,182.8579,-26.6047,0.0717,2.3642,232.903,0.9032,-0.3862,14.9276,-37.2256,9.7486,-67.8708,117.9902,8.8487
4:10:45 PM,42.4840223,-82.8337183,16.2631,8.3391,177.1872,183.037,40.8886,1.2699,3.2599,233.0226,0.9019,-0.3839,14.9018,-39.3042,9.9866,-70.9446,114.3397,9.5362
4:10:46 PM,42.4839839,-82.8337152,,8.1058,177.4393,183.2304,-11.6127,0.7132,2.8317,233.1441,0.9006,-0.3817,15.0788,-38.4966,10.0493,-69.0679,116.9832,5.8234
4:10:47 PM,42.483941,-82.8337126,16.4928,8.3585,175.073,182.9413,-34.1196,-0.3808,2.4746,233.3459,0.8985,-0.3779,15.3301,-37.0451,10.0874,-66.2839,119.2136,13.799
4:10:48 PM,42.4839016,-82.8337085,,8.3391,176.2304,182.6581,100.8876,0.6437,2.3545,233.4565,0.8975,-0.3759,14.9611,-32.4154,9.0982,-61.8226,124.8977,10.8425
4:10:49 PM,42.4838636,-82.8337044,16.624,8.3196,178.3045,,,,,233.5796,0.8961,-0.3736,14.6285,-39.7452,9.7845,-72.922,112.2818,10.9514
4:10:50 PM,42.4838251,-82.8337033,,8.0086,179.1181,184.6497,3.3793,-1.2015,1.3259,233.6999,0.8948,-0.3713,14.8326,-31.477,8.9331,-60.111,128.6442,-6.5238
4:10:51 PM,42.4837871,-82.8337024,16.3615,8.1836,177.6857,183.9371,74.6369,2.0314,2.3664,233.8298,0.8933,-0.3689,15.2436,-48.5423,11.5709,-80.8652,103.7902,14.5668
4:10:52 PM,42.4837452,-82.8337016,,8.1253,180.1322,184.1558,-0.3541,0.7294,2.8868,233.9688,0.892,-0.3663,14.4975,-22.043,7.5082,-46.4412,143.6327,15.0137
4:10:53 PM,42.4837026,-82.8336994,15.935,8.0864,176.6142,183.9265,-26.6082,0.3161,1.8376,234.1132,0.8905,-0.3637,15.0871,-46.1928,11.11,-78.5259,106.3245,3.9613
4:10:54 PM,42.4836594,-82.8336943,,8.203,177.1987,,-49.1082,0.0661,2.0369,234.2338,0.8893,-0.3615,14.512,-31.9288,8.7433,-61.3784,125.6987,14.372
4:10:55 PM,42.4836226,-82.8336918,15.8694,8.1836,177.3419,182.6519,33.384,1.6627,2.9978,,,,14.9289,-33.9873,9.3327,-63.4076,122.3119,4.5457
4:10:56 PM,42.4835828,-82.8336896,,8.3002,175.5829,182.9974,,,,234.415,0.8875,-0.3582,15.169,-45.085,11.0227,-77.0427,107.0359,-4.3179
4:10:57 PM,42.4835419,-82.8336863,15.5741,8.3585,179.0321,183.1718,10.8942,1.2513,1.6001,234.5457,0.8862,-0.3558,14.4401,-27.3053,8.0558,-55.3133,131.7895,32.3113
4:10:58 PM,42.4835022,-82.8336828,15.3773,8.6695,177.1872,182.4549,-94.1049,-0.2382,1.6003,234.679,0.8849,-0.3534,14.5386,-31.7001,8.7055,-61.3505,125.0543,
4:10:59 PM,42.483462,-82.8336801,,8.1836,174.5344,,-60.3462,0.7609,1.5339,234.8106,0.8836,-0.351,14.9435,-46.3098,10.9986,-79.2459,103.477,12.1546
4:11:00 PM,42.4834219,-82.8336743,16.0663,8.2224,175.3652,181.6298,-26.6082,1.0886,2.1061,234.9458,0.8824,-0.3486,15.0457,-36.0423,9.6922,-65.9765,118.0416,-15.3875
4:11:01 PM,42.483375,-82.8336689,,8.1253,178.0524,181.0651,108.3784,1.9345,3.0147,235.0829,0.8812,-0.3462,15.0624,-24.0265,8.2925,-47.6937,138.3482,12.7333
4:11:02 PM,42.483334,-82.8336653,15.935,8.1253,174.5229,182.4731,,,,235.2269,0.8799,-0.3437,14.9904,-44.3535,10.7696,-76.6737,107.0667,19.6604
4:11:03 PM,42.483293,-82.8336594,,8.3391,176.7919,182.1374,-97.8658,-0.7728,2.3089,235.3678,0.8787,-0.3412,15.2285,-29.9276,9.0933,-56.6695,129.3675,-21.1571
4:11:04 PM,42.4832471,-82.8336553,15.4429,8.7473,174.225,181.7503,-15.3495,1.1449,2.3041,235.5869,0.8767,-0.3374,14.8906,-29.3989,8.7205,-56.9516,129.0355,24.6909
4:11:05 PM,42.483211,-82.833653,,8.3002,174.924,,74.6266,1.9251,3.3937,235.7082,0.8756,-0.3352,15.4425,-43.7985,11.0878,-74.5693,109.1104,4.3108
4:11:06 PM,42.4831728,-82.8336501,16.0007,7.9697,178.3102,182.241,-15.3564,0.7271,1.7605,235.8369,0.8744,-0.3329,14.9791,-24.6396,8.1815,-49.7559,137.3356,-24.7668
4:11:07 PM,42.4831325,-82.8336469,15.935,8.1447,174.8782,182.4386,-15.3495,0.5377,1.513,235.9609,0.8733,-0.3308,15.1073,-33.6549,9.465,-62.1965,123.2584,18.6119
4:11:08 PM,42.483082,-82.8336427,16.1319,8.1641,175.0787,181.7317,-0.361,1.4703,3.2597,236.1321,0.8718,-0.3278,15.15,-40.3119,10.3448,-71.3446,112.4969,8.5736
4:11:09 PM,42.4830453,-82.8336406,,,,183.2046,93.383,0.5679,3.3467,236.2566,0.8706,-0.3256,14.8469,-34.6059,9.3228,-64.7496,120.7616,6.7631
4:11:10 PM,42.483005,-82.8336385,16.1975,8.0864,176.8377,184.0171,,-0.2216,1.7901,236.3922,0.8694,-0.3232,15.3694,-31.3259,9.3719,-58.4966,129.7128,10.1607
4:11:11 PM,42.4829637,-82.8336373,,8.4168,177.6857,,-30.3862,,,236.5315,0.868,-0.3208,,,,,,4.8551
4:11:12 PM,42.4829245,-82.8336342,16.0663,8.3391,178.7342,185.6707,97.1026,1.2279,2.7992,236.6663,0.8669,-0.3184,15.4186,-37.6328,10.2189,-67.115,120.0207,12.9224
4:11:13 PM,42.4828853,-82.8336333,,8.0475,178.6024,186.7212,-19.1482,-0.8567,2.5341,236.7993,0.8656,-0.3161,14.8749,-36.2729,9.6053,-66.3771,122.5455,4.1848
4:11:14 PM,42.4828474,-82.8336307,16.4272,8.1058,179.6165,185.7149,-94.1461,0.7358,1.3585,236.9292,0.8645,-0.3139,15.8107,-37.194,10.6178,-64.1809,124.6162,-0.5077
4:11:15 PM,42.4828126,-82.8336297,,8.0086,182.0344,185.2472,-52.8897,1.9228,2.3197,237.0451,0.8634,-0.3118,15.0516,-33.8569,9.4832,-62.1593,126.0348,17.7009
4:11:16 PM,42.4827738,-82.8336283,16.5584,8.0669,177.4622,184.692,89.598,1.441,3.1447,237.1787,0.8621,-0.3095,15.033,-35.0319,9.5833,-64.2194,124.0873,30.0023
4:11:17 PM,42.4827313,-82.8336266,,7.717,180.8198,185.0221,29.6024,-0.2775,2.1779,237.3109,0.8609,-0.3072,15.6352,-42.4759,11.1386,-71.4214,114.8335,-0.5479
4:11:18 PM,42.4826934,-82.8336269,16.7881,8.0669,180.8198,185.9101,,0.3418,2.0931,237.4387,0.8597,-0.305,16.0105,-32.2031,10.131,-57.3731,129.7205,19.053
4:11:19 PM,42.4826549,-82.8336252,,7.8337,179.5191,,7.0955,,,237.5715,0.8585,-0.3027,16.8728,-39.0262,11.744,-64.7784,123.4043,9.5133
4:11:20 PM,42.4826156,-82.8336254,16.5584,8.1447,179.7655,186.1583,-56.6541,0.166,1.9958,237.7047,0.8573,-0.3004,17.0458,-34.3873,11.3421,-58.0822,130.9494,
4:11:21 PM,42.4825771,-82.8336258,,8.203,180.5275,186.1987,48.3382,1.3355,2.3278,237.8337,0.856,-0.2981,15.9853,-35.5324,10.4952,-62.2725,126.2589,5.9438
4:11:22 PM,42.4825356,-82.8336247,16.4928,8.0864,179.1983,186.6397,7.0989,0.6286,2.8869,237.9795,0.8548,-0.2957,15.4189,-25.9117,8.8518,-49.5689,142.0037,-25.7752
4:11:23 PM,42.4824971,-82.8336226,,8.1641,181.5016,188.0111,7.0989,1.1247,1.8998,238.1116,0.8536,-0.2934,16.0162,-48.441,12.2384,-78.3095,109.761,33.5775
4:11:24 PM,42.4824605,-82.8336252,16.0663,7.8531,182.0745,187.3254,-19.162,0.7196,2.7984,,,,15.0436,-24.6722,8.2977,-49.182,144.712,-8.5979
4:11:25 PM,42.4824186,-82.8336253,,8.1641,179.6968,,112.0705,-0.5896,2.5985,238.2979,0.8517,-0.2902,15.8742,-44.4608,11.5597,-74.1219,114.4451,24.0263
4:11:26 PM,,,16.0007,8.4168,182.1777,188.8605,217.0731,-0.0697,2.6122,238.429,0.8505,-0.2879,15.9953,-35.0548,10.4095,-61.9532,129.4122,6.425
4:11:27 PM,42.4823799,-82.8336314,,8.1253,186.4748,192.5164,239.5456,-0.0266,1.9098,238.6143,0.8482,-0.2846,15.9568,-35.5747,10.4511,-62.6533,132.5978,4.0645
4:11:28 PM,42.4823406,-82.8336402,16.3615,8.0281,190.6746,197.0114,179.5294,-0.0088,2.4622,238.7168,0.8468,-0.2827,15.72,-39.4662,10.7299,-68.6269,130.5582,7.147
4:11:29 PM,42.4823066,-82.8336516,,8.2224,191.1502,201.0539,194.4871,0.3729,2.7109,238.8251,0.8452,-0.2806,15.3458,-36.9922,10.0934,-66.1811,136.8003,-13.2675
4:11:30 PM,42.4822706,-82.8336645,16.2631,8.1836,193.9749,203.1055,,,,238.9331,0.8435,-0.2786,15.5506,-47.3128,11.6636,-78.5314,124.8407,21.8433
4:11:31 PM,42.482233,-82.8336789,,8.3585,199.6701,208.147,250.7321,-0.5714,2.5837,239.034,0.8417,-0.2766,15.0727,-38.1363,9.9266,-69.6634,139.2862,4.328
4:11:32 PM,42.48219319,-82.83370021,16.4272,8.6501,200.7358,210.2807,115.7042,-0.6018,2.6418,239.1243,0.8399,-0.2747,14.7264,-42.2114,10.2192,-75.5114,135.5755,13.7532
4:11:33 PM,42.48215921,-82.83372047,,8.4751,203.887,,141.9411,0.1207,2.6731,,,,14.5118,-41.7526,9.9618,-75.9466,136.5121,14.4522
4:11:34 PM,42.48212422,-82.83374455,16.2631,8.5335,205.7262,212.6019,153.1551,-0.1243,2.6905,239.2577,0.837,-0.2719,14.1304,-50.6581,10.9371,-87.6736,125.3891,13.5412
4:11:35 PM,42.48209006,-82.83376862,,8.9611,209.164,215.3106,123.1229,-0.0214,2.4606,239.3414,0.835,-0.2701,13.4011,-45.9988,9.6759,-85.0476,130.9204,-4.3179
4:11:36 PM,42.48205729,-82.8337951,16.1975,8.7473,211.3641,218.2247,-15.5971,-0.1685,2.4571,239.4167,0.833,-0.2685,13.3948,-57.4958,11.3925,-97.4446,119.6509,22.6226
4:11:37 PM,42.482024,-82.83382038,,8.9805,210.986,217.8714,36.8664,0.5856,2.2619,239.4962,0.831,-0.2667,13.2821,-46.5553,9.6525,-87.4995,130.7508,2.3685
4:11:38 PM,42.4819916,-82.83385197,16.4272,8.7084,213.1059,218.0529,-64.3787,0.7151,1.6922,239.5993,0.8277,-0.2642,13.4677,-50.9738,10.4643,-91.058,127.1569,9.9602
4:11:39 PM,42.4819535,-82.8338858,,8.6695,212.3611,,-30.6613,-0.1291,3.2827,239.6771,0.8256,-0.2625,12.7511,-52.1649,10.122,-95.78,121.7391,9.88
4:11:40 PM,42.4819197,-82.8339151,16.1319,8.7473,212.1663,216.9363,,,,,,,12.339,-52.1023,9.8059,-96.8035,120.0202,3.6462
4:11:41 PM,42.4818867,-82.8339444,,8.9805,213.4841,216.2154,6.8102,1.8093,2.5548,239.7885,0.8224,-0.26,12.6978,-52.7621,10.1877,-97.122,118.9408,28.5469
4:11:42 PM,42.4818502,-82.8339761,16.2631,8.9805,210.562,215.6786,-98.182,0.4801,2.1741,239.8708,0.82,-0.2581,11.2683,-56.7635,9.8232,-106.3702,108.5525,-4.4612
4:11:43 PM,42.4818209,-82.833998,,9.0194,208.7629,210.784,-233.1824,0.6639,2.0939,239.9433,0.8183,-0.2566,12.8072,-52.9267,10.2724,-95.8779,117.5548,13.6271
4:11:44 PM,42.4817821,-82.8340268,15.8694,8.7473,206.4482,,14.2873,1.9195,2.8691,240.039,0.816,-0.2546,13.6175,-57.3375,11.5598,-97.3788,112.2658,
4:11:45 PM,42.4817458,-82.8340481,15.771,8.8639,205.3366,209.083,-15.7208,-0.6962,2.518,240.138,0.8141,-0.2526,12.8342,-52.5042,10.2339,-95.7383,113.2963,22.147
4:11:46 PM,42.4817101,-82.8340711,,8.7278,207.4737,209.867,6.7517,0.2992,2.416,240.2348,0.8122,-0.2507,13.4991,-55.2628,11.1477,-95.6672,113.9472,-0.4046
4:11:47 PM,42.4816667,-82.8340993,16.1975,8.7278,205.9325,209.2603,3.0012,-0.2687,2.3547,240.3403,0.81,-0.2486,13.2503,-54.4984,10.8382,-95.566,113.5573,18.1879
4:11:48 PM,42.4816316,-82.8341219,,8.6306,205.8752,,81.7152,0.3437,2.1611,240.4354,0.8081,-0.2468,13.5691,-49.744,10.3558,-89.5191,120.3579,8.1382
4:11:49 PM,42.4815937,-82.8341452,15.771,8.5529,208.6139,211.1062,89.1923,0.2724,3.1042,240.5407,0.8061,-0.2448,12.5381,-49.72,9.5787,-93.0396,118.4341,9.3414
4:11:50 PM,42.4815581,-82.8341721,,8.6695,208.7056,212.7225,-34.5734,,,240.6324,0.804,-0.2429,11.881,-47.5122,8.7823,-93.9643,118.5253,8.6997
4:11:51 PM,42.4815216,-82.8341982,16.0663,8.8639,210.6995,212.9952,66.682,0.0923,2.1208,240.7288,0.8019,-0.241,11.8841,-52.215,9.51,-99.0282,113.4855,8.5507
4:11:52 PM,42.4814838,-82.8342262,,9.1555,207.193,212.5448,,0.2536,2.3097,240.8268,0.7997,-0.239,12.2842,-50.8398,9.5776,-96.0088,116.1044,17.1394
4:11:53 PM,42.4814504,-82.8342505,16.0663,8.825,208.7629,211.4878,-42.0677,0.8744,2.1986,240.9578,0.7967,-0.2364,13.9231,-53.0111,11.1335,-92.6994,118.8491,11.1233
4:11:54 PM,42.4814145,-82.8342796,,8.9222,208.5796,211.672,17.921,1.535,2.1167,241.0411,0.7946,-0.2346,13.775,-55.9878,11.4823,-96.0483,115.4638,14.1371
4:11:55 PM,42.4813768,-82.8343105,15.8694,8.6501,208.0868,210.3635,-87.0816,-0.4397,2.7367,241.1448,0.7923,-0.2326,13.2249,-49.8146,10.1122,-92.4123,118.3815,6.6943
4:11:56 PM,42.4813406,-82.8343362,15.8038,9,206.6029,207.9316,-30.8297,1.3068,2.3396,241.2423,0.7903,-0.2307,,,,,,8.1382
4:11:57 PM,42.481305,-82.8343612,,8.9611,206.4997,216.524,14.1532,-0.0611,2.1263,241.3456,0.7884,-0.2288,12.9142,-51.5489,10.1612,-95.5449,112.8772,19.6604
4:11:58 PM,42.4812686,-82.8343831,15.935,9.0972,207.4737,,81.6087,0.3831,2.7643,241.4514,0.7863,-0.2268,11.8522,-55.6357,10.0426,-103.04,107.5362,-10.2194
4:11:59 PM,42.4812315,-82.8344106,15.8694,8.7473,206.4997,209.5053,,,,241.5311,0.7845,-0.2252,12.2744,-43.0429,8.3779,-89.679,119.9,15.0767
4:12:00 PM,42.4811978,-82.8344364,,8.6112,210.9688,209.5154,40.3798,0.3461,1.4777,241.6309,0.7826,-0.2234,13.3152,-51.1489,10.3795,-92.5034,116.82,2.0476
4:12:01 PM,42.4811633,-82.8344603,15.5741,8.7084,207.4394,209.754,-0.8801,2.0625,2.1638,,,,14.2912,-55.7361,11.8253,-92.8138,116.7989,-13.9436
4:12:02 PM,42.4811249,-82.8344918,,8.7084,208.591,208.4299,-12.1559,1.2329,2.4889,241.7806,0.7795,-0.2205,13.9116,-38.3201,8.8998,-75.7501,133.2723,22.5538
4:12:03 PM,42.4810894,-82.8345147,15.6398,8.8639,206.769,207.4069,-87.1366,0.4306,1.8252,241.8782,0.7772,-0.2186,14.2557,-62.8404,12.8724,-99.8184,108.4072,-22.5151
4:12:04 PM,42.4810523,-82.8345393,,8.9805,206.3106,,32.8408,1.7542,2.5774,241.983,0.7754,-0.2168,13.7217,-39.7378,8.9686,-77.9803,129.398,21.9121
4:12:05 PM,42.4810154,-82.8345617,15.7054,9.0583,206.4138,207.6418,6.5627,-0.0947,2.6287,242.0934,0.7734,-0.2148,13.8852,-61.2181,12.3521,-99.8566,107.4627,5.9667
4:12:06 PM,42.4809778,-82.8345891,15.8038,8.7473,207.9207,208.8131,85.2802,0.0093,2.3657,242.2028,0.7714,-0.2128,13.4354,-50.7199,10.405,-91.8101,116.5596,7.6684
4:12:07 PM,42.4809408,-82.8346163,,8.9028,208.5967,210.1019,21.5169,-0.0708,1.8623,242.2963,0.7695,-0.2111,13.465,-50.6113,10.4084,-91.0647,118.3816,
4:12:08 PM,42.4809047,-82.8346434,15.8694,8.8833,209.1124,210.1955,29.018,0.059,2.0549,242.4,0.7674,-0.2092,14.0024,-51.267,10.9229,-89.8561,123.2701,6.6943
4:12:09 PM,42.4808693,-82.8346682,15.8038,9.0777,209.7369,210.2948,,,,242.5011,0.7653,-0.2073,12.3919,-54.6191,10.2054,-98.1062,112.3113,16.7784
4:12:10 PM,42.4808327,-82.8346952,,8.6112,208.3504,209.6542,-1.0004,0.851,2.719,242.6137,0.7632,-0.2053,12.8278,-51.3326,10.0345,-93.5057,116.6412,18.4228
4:12:11 PM,42.4807959,-82.8347248,15.8038,8.6501,209.3072,,-19.7464,0.0834,2.7029,242.7103,0.7613,-0.2035,12.42,-46.6008,9.0243,-90.3445,119.2541,-7.3431
4:12:12 PM,42.4807582,-82.8347493,15.771,,,209.1642,58.9917,-0.3701,2.3543,242.8125,0.7592,-0.2016,12.5034,-59.8898,11.0527,-101.8734,107.3203,21.9579
4:12:13 PM,42.4807187,-82.8347802,,8.4168,208.7285,208.4839,-23.4832,0.7661,2.0683,242.9795,0.756,-0.1987,12.8045,-44.8288,9.0517,-85.7736,123.1318,1.0049
4:12:14 PM,42.4806834,-82.8348072,15.8038,8.4557,209.7369,208.4421,92.7504,1.2793,2.1197,,,,12.8623,-48.5242,9.6369,-89.9164,118.4997,8.5393
4:12:15 PM,42.480648,-82.8348311,,8.6501,207.8977,210.3766,,,,243.1343,0.753,-0.1959,12.2491,-54.3588,10.0624,-98.3932,110.7887,12.7104
4:12:16 PM,42.4806115,-82.8348559,15.7054,8.689,208.9405,210.6256,6.4733,0.1485,2.2612,243.241,0.7511,-0.1941,12.3027,-54.2035,10.0956,-98.7252,111.0835,12.7047
4:12:17 PM,42.4805752,-82.8348837,,8.7278,210.5104,210.9336,73.9631,0.8719,2.6296,243.3411,0.7493,-0.1924,12.7957,-55.1696,10.5962,-97.5905,112.9071,13.1573
4:12:18 PM,42.4805361,-82.8349129,15.8694,8.8056,210.7854,,-42.2808,0.129,2.2075,243.4581,0.747,-0.1903,12.5388,-48.3367,9.3746,-92.2589,118.3448,-1.9917
4:12:19 PM,42.4804995,-82.834942,,8.7084,211.0204,209.7086,111.4414,2.0523,2.8691,243.5651,0.745,-0.1884,13.2646,-53.6121,10.7132,-94.6247,115.8143,12.2578
4:12:20 PM,42.4804677,-82.8349656,15.6398,8.5723,211.5417,211.3488,-128.558,1.1011,1.91,243.6709,0.7429,-0.1866,12.9165,-45.9358,9.2889,-87.6693,123.5166,-23.449
4:12:21 PM,42.4804353,-82.8349958,,8.4557,212.4642,210.0428,-34.8037,,,243.7661,0.7411,-0.1849,13.4632,-57.8911,11.4988,-97.3669,113.1538,19.5802
4:12:22 PM,42.4804027,-82.8350169,16.1975,8.7473,210.7625,208.8183,-68.5659,2.4855,2.0657,243.8586,0.7391,-0.1833,12.1356,-60.2118,10.8645,-104.2095,105.5906,-2.8626
4:12:23 PM,42.4803653,-82.8350486,16.0663,9.0389,209.1353,,,-1.2465,2.4355,243.9659,0.7374,-0.1815,13.4022,-39.8083,8.713,-79.9887,128.6264,11.0832
4:12:24 PM,42.4803316,-82.8350706,,8.7862,209.4103,209.1794,175.1463,1.4267,3.1078,244.0728,0.7351,-0.1796,13.5272,-60.4237,11.9185,-99.2164,110.7818,0.6554
4:12:25 PM,42.4802953,-82.8350991,15.5085,8.2808,210.4703,210.9938,13.8885,0.1768,1.8842,244.1804,0.7334,-0.1779,13.8833,-48.4945,10.4174,-86.4173,124.8304,7.0668
4:12:26 PM,42.4802585,-82.8351309,,8.5723,212.7621,212.2184,10.131,0.6135,1.9167,244.2882,0.7313,-0.176,13.4615,-57.9737,11.5119,-97.5266,114.5056,5.9438
4:12:27 PM,42.4802266,-82.8351597,15.7054,8.6501,211.6449,209.7938,-79.8554,0.2002,2.6771,244.4294,0.7283,-0.1736,13.8293,-52.3511,10.9532,-91.4688,118.9622,11.616
4:12:28 PM,42.4801936,-82.8351872,,8.7667,209.6968,,36.3782,0.7924,2.4821,244.5284,0.7263,-0.1719,13.7396,-53.9821,11.1313,-93.2783,115.9189,
4:12:29 PM,42.4801604,-82.8352132,15.771,8.6695,209.3989,208.3523,25.1402,0.808,1.9795,244.6307,0.7244,-0.1702,13.6901,-52.0884,10.8038,-91.3261,117.0125,11.5244
4:12:30 PM,42.4801272,-82.8352414,,9.0389,209.8573,208.6048,66.3691,-0.6128,2.4189,244.733,0.7225,-0.1684,13.6723,-50.9147,10.6135,-90.7499,118.4801,10.8425
4:12:31 PM,42.4800961,-82.8352687,15.6398,8.6306,212.2809,210.0686,,0.7344,3.4777,244.8274,0.7206,-0.1669,13.235,-57.5425,11.2821,-98.1709,112.4662,12.4927
4:12:32 PM,42.4800669,-82.8352967,,8.0281,211.7824,211.3031,10.1035,-0.8558,2.1579,244.9092,0.7187,-0.1654,13.5394,-40.07,8.8696,-79.3095,131.608,16.3315
4:12:33 PM,42.4800291,-82.8353278,15.1476,8.4168,212.7736,,,,,245.0159,0.7167,-0.1637,13.4406,-64.6036,12.4648,-103.072,107.5912,9.5133
4:12:34 PM,,,,8.8833,209.863,209.8199,-23.662,0.7856,2.9813,245.1336,0.7146,-0.1618,,,,,,-4.232
4:12:35 PM,42.479993,-82.8353571,14.5243,8.7667,213.9654,,,,,245.2296,0.7124,-0.1601,13.6075,-47.5586,10.0577,-86.7914,123.0248,14.5496
4:12:36 PM,42.4799593,-82.8353903,,8.5723,212.3095,,,,,245.3382,0.7104,-0.1583,13.5367,-64.8067,12.5893,-103.3511,107.1645,-0.4848
4:12:37 PM,42.4799251,-82.8354193,14.6555,8.5335,213.3466,,,,,245.4515,0.7083,-0.1565,13.6187,-43.2257,9.4335,-81.3875,128.1429,19.54
4:12:38 PM,42.4798892,-82.8354493,14.8196,8.514,212.4528,217.3267,,,,245.5494,0.7065,-0.1549,13.5479,-63.1934,12.3309,-101.2989,109.0621,18.1478
4:12:39 PM,42.4798577,-82.8354755,,8.8639,211.0605,208.496,-109.9288,1.2166,2.5806,245.6559,0.7044,-0.1532,13.3135,-60.6311,11.8044,-100.6131,116.1308,14.435
4:12:40 PM,42.4798235,-82.8355061,15.4429,8.7667,210.6479,,-91.1622,1.7271,1.9907,245.7707,0.7023,-0.1514,13.4587,-59.622,11.7856,-99.8767,108.6385,22.3074
4:12:41 PM,42.47978388,-82.8355366,,8.9222,207.7545,205.5418,13.8197,1.2283,2.5733,245.897,0.7003,-0.1494,13.0599,-59.5787,11.4929,-101.5078,105.0104,2.8727
4:12:42 PM,42.47974663,-82.83556416,15.5085,8.7862,206.769,205.49,47.5303,-0.4572,2.4215,246.0242,0.6984,-0.1475,13.4092,-54.4053,10.9576,-95.6836,109.6932,18.5202
4:12:43 PM,42.47971047,-82.83558877,,8.5529,210.3099,207.2434,,,,246.1555,0.6961,-0.1454,14.2173,-40.7289,9.4886,-77.8651,127.9477,29.9793
4:12:44 PM,42.47967054,-82.83562225,15.2789,9.0194,210.5964,210.2548,129.995,-0.5643,2.3192,246.2679,0.6943,-0.1437,13.8398,-60.2083,12.167,-99.1951,109.0583,2.0018
4:12:45 PM,42.47963849,-82.8356479,,8.8445,211.8454,,-65.0078,0.2296,2.3808,246.3807,0.6924,-0.142,14.5145,-52.4999,11.5151,-89.9403,119.672,20.1588
4:12:46 PM,42.47960451,-82.83567451,15.2133,8.689,209.926,208.2554,-109.9804,-0.8816,2.5388,,,,13.934,-59.0908,12.0612,-97.6046,111.2281,8.1382
4:12:47 PM,42.4795725,-82.83570066,,8.7278,209.2213,206.2608,130.0087,1.4393,2.1321,246.5475,0.6896,-0.1395,15.1037,-56.8431,12.6521,-91.9907,114.741,16.7784
4:12:48 PM,42.4795339,-82.8357296,14.8852,8.825,210.2182,209.186,58.7339,-0.3501,1.7392,246.6824,0.6875,-0.1375,14.1948,-60.0823,12.4204,-97.8778,109.9211,15.3173
4:12:49 PM,42.4795033,-82.8357556,14.7867,8.9417,211.7881,,-1.2617,0.8893,2.2752,246.7728,0.6859,-0.1361,14.1017,-57.2731,11.9265,-95.9062,113.5189,15.2944
4:12:50 PM,42.479469,-82.8357861,15.082,8.9805,210.6709,209.3939,-38.7468,-0.0845,3.096,246.8867,0.6839,-0.1343,14.2553,-58.5399,12.2447,-96.7517,112.8936,16.1825
4:12:51 PM,42.4794375,-82.8358126,,8.7667,210.1781,208.389,,,,246.9941,0.682,-0.1327,14.0891,-58.7963,12.146,-97.1772,111.6911,15.9476
4:12:52 PM,42.4794044,-82.8358387,15.4429,8.9417,211.0375,207.8564,-1.2445,0.6788,1.8679,247.1101,0.6802,-0.131,14.0524,-58.7422,12.1108,-97.2998,110.7013,15.9476
4:12:53 PM,42.4793714,-82.8358663,15.7054,8.6501,211.536,,73.7328,1.2424,2.8995,247.2241,0.6783,-0.1293,13.3961,-57.0197,11.333,-97.447,111.7509,
4:12:54 PM,42.4793386,-82.8358917,,8.5918,213.1747,209.5201,17.4844,-0.7991,2.5198,247.341,0.6765,-0.1276,13.4827,-48.387,10.082,-88.9498,120.312,3.5832
4:12:55 PM,42.479308,-82.8359233,15.6398,8.6306,211.6506,209.6715,47.4753,0.0897,2.3825,247.4392,0.6745,-0.1261,13.7755,-61.4241,12.294,-100.2599,109.6205,23.1726
4:12:56 PM,42.4792705,-82.8359526,,8.5529,215.1055,210.896,9.9763,2.0206,2.8558,247.6494,0.6711,-0.1231,14.1479,-57.7356,12.0289,-95.9827,115.0606,4.2249
4:12:57 PM,42.4792314,-82.8359893,15.7054,9.0194,212.1777,209.6944,,0.253,1.6911,247.7782,0.6692,-0.1212,13.366,-55.3082,11.0623,-96.5595,114.4359,20.6917
4:12:58 PM,42.4791958,-82.8360146,,8.9222,210.837,,-200.0012,1.399,2.1572,247.9229,0.667,-0.1192,13.7067,-61.6172,12.2961,-101.2701,107.4365,19.5572
4:12:59 PM,42.4791551,-82.8360459,15.0164,8.9028,210.075,205.4878,43.7522,,,248.0705,0.665,-0.1171,13.7156,-61.5225,12.3066,-101.58,104.9476,17.1164
4:13:00 PM,42.4791163,-82.8360728,,8.8833,209.6166,206.6589,54.9936,0.4978,2.4464,248.2182,0.663,-0.1151,13.6144,-58.6056,11.7679,-99.0556,107.9489,16.6351
4:13:01 PM,42.4790782,-82.8360999,15.1476,8.8056,211.6735,208.8728,107.4605,-0.0524,2.9887,248.3343,0.6612,-0.1135,13.5085,-58.7591,11.7007,-99.2131,109.565,16.3429
4:13:02 PM,42.4790433,-82.8361303,15.082,8.8056,212.4585,210.0493,32.4626,-0.1652,2.2636,248.4717,0.6591,-0.1115,13.6109,-57.948,11.6404,-97.6737,112.3765,16.3659
4:13:03 PM,42.479002,-82.8361648,14.8852,8.689,213.7706,,-1.2892,-0.0379,2.4735,,,,14.2116,-51.6996,11.1529,-89.8781,119.7522,1.9846
4:13:04 PM,42.4789665,-82.8361975,,8.6695,216.4062,209.2872,137.4274,1.7228,2.8299,248.6751,0.6558,-0.1087,13.8503,-62.6599,12.53,-100.918,110.0121,19.2994
4:13:05 PM,42.4789303,-82.8362281,15.5741,8.7278,213.9825,211.6742,-147.5515,-1.0596,2.6912,248.8093,0.6537,-0.1068,12.6951,-53.561,10.2798,-96.5312,115.116,13.4037
4:13:06 PM,42.4788987,-82.836256,,8.5918,212.8825,208.5307,-158.7758,1.6871,2.4441,248.9258,0.6519,-0.1052,13.6949,-59.0788,11.8344,-96.9103,112.0473,21.5282
4:13:07 PM,42.4788582,-82.8362906,15.8038,8.6695,210.6651,205.8644,,,,249.0763,0.6496,-0.1032,13.4394,-59.0214,11.647,-98.3899,108.0453,13.6271
4:13:08 PM,42.4788233,-82.8363156,,8.7278,206.8492,202.3848,-196.2472,0.6608,2.1397,249.2135,0.6478,-0.1014,12.705,-51.3106,9.9433,-94.1765,109.0456,2.9357
4:13:09 PM,42.4787873,-82.8363408,15.6398,8.6112,205.8064,201.4548,17.4775,1.0563,2.3345,249.3573,0.646,-0.0995,12.7839,-52.291,10.1465,-94.6068,107.4097,10.7623
4:13:10 PM,42.4787498,-82.8363657,,8.7084,205.8408,202.6334,9.9626,0.5538,2.0673,249.5101,0.6442,-0.0975,12.8402,-51.1576,10.0212,-93.6471,109.0733,10.9056
4:13:11 PM,42.4787079,-82.8363947,15.5085,8.7667,208.3504,,43.7041,1.8366,2.3832,249.6659,0.6423,-0.0955,,,,,,15.2028
4:13:12 PM,42.478674,-82.8364197,,8.8445,205.4397,202.4629,-42.5181,-0.2971,2.1522,249.8116,0.6405,-0.0936,13.2177,-55.4326,10.9618,-96.8198,106.5974,14.5267
4:13:13 PM,42.4786363,-82.8364433,15.4429,8.7667,206.0356,201.5249,92.4513,0.5863,2.5966,249.953,0.6388,-0.0918,12.1647,-53.2113,9.8613,-98.9196,103.7545,11.9541
4:13:14 PM,42.478599,-82.8364651,,8.6501,207.2961,202.033,,,,250.1101,0.637,-0.0898,13.4365,-48.3764,10.0455,-89.0393,112.4982,5.9094
4:13:15 PM,42.478561,-82.8364923,15.7054,8.7278,209.2499,204.721,51.1777,1.5831,1.9887,250.2657,0.6353,-0.0879,13.9897,-50.0465,10.7289,-88.2772,114.0833,
4:13:16 PM,42.4785297,-82.8365117,15.7054,8.6695,207.5482,201.8979,-113.786,0.5852,2.3102,250.4237,0.6334,-0.0859,13.8294,-55.3993,11.4194,-94.551,109.9806,17.0992
4:13:17 PM,42.4784882,-82.8365343,,8.7862,207.4451,201.6654,28.7052,0.3651,2.2396,250.5603,0.632,-0.0842,13.5983,-52.4576,10.7923,-92.4892,110.6591,11.6218
4:13:18 PM,42.4784523,-82.8365583,16.2631,8.5918,205.7434,,28.7086,0.3249,2.5552,250.7437,0.6302,-0.0819,13.7869,-53.2667,11.0607,-92.6136,109.4046,14.859
4:13:19 PM,42.4784138,-82.8365846,16.1975,8.6501,207.8462,201.5743,133.6871,0.4629,2.6573,250.8985,0.6285,-0.08,13.8366,-50.4534,10.6718,-88.8212,112.8192,8.82
4:13:20 PM,42.47838,-82.83661,,8.4557,207.9207,203.368,-38.8087,0.445,1.8077,251.0424,0.6268,-0.0783,14.2777,-50.268,10.9962,-86.904,116.0061,11.0431
4:13:21 PM,42.4783451,-82.8366378,15.3117,8.7473,209.8171,204.4474,21.1868,2.1971,2.8563,251.1865,0.6251,-0.0765,14.1987,-49.0849,10.7479,-86.6623,116.9199,3.6233
4:13:22 PM,42.4783084,-82.8366657,,8.825,206.6888,203.7303,,,,251.3304,0.6232,-0.0747,15.0177,-57.5045,12.6851,-93.1061,111.6103,22.3303
4:13:23 PM,42.4782722,-82.8366919,15.4429,9,206.3737,,-155.0424,-1.5323,2.7715,251.4918,0.6214,-0.0727,14.0749,-53.2217,11.278,-91.6292,111.6154,7.0152
4:13:24 PM,42.4782366,-82.8367152,,8.5918,207.7087,201.8086,178.6838,0.6575,2.3831,251.648,0.6196,-0.0709,15.3453,-50.5227,11.8895,-85.0227,116.856,18.1879
4:13:25 PM,42.4782018,-82.8367394,15.5741,8.6112,211.4272,204.5792,51.1743,-0.9833,1.8217,251.8019,0.618,-0.069,14.7144,-54.4839,11.9768,-90.0326,113.8674,12.4354
4:13:26 PM,42.4781657,-82.836771,,8.1447,211.2381,206.6533,96.1538,1.9497,3.0355,251.9637,0.616,-0.0671,15.2782,-49.1329,11.6262,-83.6017,122.2734,17.3513
4:13:27 PM,42.4781298,-82.8367996,15.2789,8.4751,211.0547,206.8899,-113.8375,0.2883,2.2763,252.1022,0.6142,-0.0654,14.4672,-41.4637,9.8142,-77.4428,129.1448,-31.7511
4:13:28 PM,42.4780949,-82.836827,,,,203.5412,-50.0536,2.446,1.8611,252.2406,0.6125,-0.0638,15.7246,-61.5076,13.8698,-94.8545,110.7157,27.0286
4:13:29 PM,42.4780591,-82.8368538,15.4429,8.5918,207.0669,202.509,-46.303,-0.1423,3.1895,252.4035,0.6108,-0.0618,13.985,-61.9657,12.5377,-100.0809,103.8151,10.3212
4:13:30 PM,42.4780261,-82.836877,,8.8445,207.5368,,,1.3862,2.3515,252.5609,0.609,-0.06,14.4997,-49.87,11.1047,-86.6882,115.0428,11.4442
4:13:31 PM,42.4779914,-82.8369035,15.5085,8.7278,207.1701,202.057,13.665,0.8594,2.4517,252.7837,0.6065,-0.0574,13.4375,-52.8335,10.7303,-93.6895,108.9838,12.5729
4:13:32 PM,42.477956,-82.8369294,,8.7084,208.0754,203.024,17.4259,,,,,,12.8715,-49.2617,9.755,-91.232,111.8326,-13.3191
4:13:33 PM,42.4779221,-82.8369577,15.5085,8.5918,207.0899,203.428,13.6685,0.3101,1.6552,253.024,0.604,-0.0546,14.0129,-45.5078,10.0835,-82.452,120.0054,6.1844
4:13:34 PM,42.4778852,-82.8369871,,8.6112,209.9833,204.5417,81.1686,3.2294,2.2908,253.1701,0.6022,-0.053,14.0033,-59.6579,12.1849,-97.3341,107.1049,26.3124
4:13:35 PM,42.4778498,-82.8370123,15.771,8.9805,208.8317,204.1984,-80.0823,-0.5394,2.4807,253.3251,0.6005,-0.0512,13.0524,-44.5572,9.1719,-86.8317,117.4923,-2.0547
4:13:36 PM,42.4778148,-82.8370408,,8.6501,208.889,,32.418,2.0055,2.832,253.4872,0.5988,-0.0494,13.931,-56.3288,11.6275,-94.3648,109.6932,28.8162
4:13:37 PM,42.4777798,-82.8370664,15.4429,8.4751,206.2018,203.9296,13.6685,0.5145,2.3101,253.649,0.597,-0.0475,13.6392,-37.0062,8.5166,-74.5653,128.575,14.71
4:13:38 PM,42.4777445,-82.8370908,,8.825,210.4646,203.7029,,0.4521,2.3555,253.8076,0.5953,-0.0457,13.0899,-62.2146,11.8535,-102.3177,102.3243,5.8234
4:13:39 PM,42.4777094,-82.8371178,15.7054,8.8833,207.5425,203.0246,-42.5696,-0.2455,2.8165,253.9794,0.5937,-0.0438,13.2438,-53.3859,10.6627,-94.462,109.0988,12.189
4:13:40 PM,42.4776758,-82.8371449,,8.3585,208.866,204.0547,96.1572,,,254.2147,0.5911,-0.0412,13.4483,-56.0195,11.2001,-95.3268,108.4128,
4:13:41 PM,42.4776403,-82.8371717,15.3117,8.378,208.379,,81.1308,-0.5134,2.2982,254.3827,0.5894,-0.0394,14.4344,-54.1423,11.6989,-89.6655,115.2851,11.9312
4:13:42 PM,42.4776031,-82.8372004,,8.4363,209.2327,205.6003,17.3881,0.1138,2.1496,,,,14.6322,-52.1879,11.5652,-88.2554,117.4529,20.0557
4:13:43 PM,42.4775686,-82.8372315,15.2133,8.6695,211.6449,205.5313,6.1329,1.9503,2.5654,254.6233,0.5868,-0.0368,14.695,-59.4735,12.7248,-95.8651,110.3174,12.4927
4:13:44 PM,42.4775327,-82.8372535,,8.8833,210.9172,203.4594,-192.5413,0.9753,2.4184,254.7849,0.585,-0.035,13.0861,-51.326,10.2306,-93.0006,111.2739,30.2486
4:13:45 PM,42.477497,-82.837282,15.2789,8.7862,207.7201,200.8976,54.918,2.2879,2.5041,254.9699,0.5835,-0.033,14.3206,-61.3285,12.7034,-98.4747,103.7955,-21.0655
4:13:46 PM,42.4774631,-82.8373067,,8.5723,208.3561,,,2.5553,2.6765,255.1365,0.5817,-0.0312,,,,,,13.2833
4:13:47 PM,42.477427,-82.8373326,15.4429,8.7278,205.5887,202.2532,-91.3203,1.6281,2.6048,255.3079,0.5802,-0.0294,13.3124,-60.1191,11.7195,-99.9647,102.6968,-8.7354
4:13:48 PM,42.4773918,-82.8373587,15.771,8.7278,209.2213,200.8376,39.9088,2.4758,2.0914,255.4814,0.5785,-0.0276,14.2265,-45.8833,10.2914,-82.9463,118.3535,27.189
4:13:49 PM,42.4773549,-82.837382,,8.9805,205.646,202.1154,-42.5868,0.5952,2.7937,255.6604,0.5769,-0.0257,13.4892,-66.6196,12.8196,-105.0206,97.5587,0.6783
4:13:50 PM,42.4773159,-82.8374112,15.8038,8.4557,208.0582,202.5277,51.1262,0.3824,1.4777,255.9338,0.5744,-0.0229,13.8498,-42.5666,9.4974,-80.5557,120.8879,18.841
4:13:51 PM,,,,8.5918,207.892,,-16.374,,,256.1047,0.5728,-0.0211,13.9745,-56.9938,11.7619,-94.8859,107.8833,15.9476
4:13:52 PM,42.4772816,-82.8374386,15.5085,9.1555,207.8634,202.8896,,,,256.2841,0.5711,-0.0192,14.1541,-58.7015,12.1757,-96.6289,106.9944,21.6944
4:13:53 PM,42.4772456,-82.8374663,,9.0777,206.9409,202.6215,-12.6097,1.7289,2.1843,256.4622,0.5696,-0.0174,14.1293,-58.4601,12.1317,-96.9682,106.534,1.4231
4:13:54 PM,42.4772112,-82.8374899,15.082,8.7667,206.9867,,,,,256.6467,0.568,-0.0155,14.1819,-55.5838,11.726,-93.8588,109.1752,18.1649
4:13:55 PM,42.4771752,-82.8375141,,8.8056,204.7808,,,,,256.8472,0.5665,-0.0135,14.1476,-57.9773,12.0633,-96.1038,106.8813,-14.3275
4:13:56 PM,42.4771369,-82.837538,15.2133,9.3304,204.9241,,,,,257.0426,0.5649,-0.0116,14.2004,-54.2222,11.5523,-94.2425,108.587,17.8613
4:13:57 PM,42.4771001,-82.8375635,,8.7278,207.7488,,,,,,,,13.8353,-59.6992,12.095,-99.0265,,-14.253
4:13:58 PM,42.4770647,-82.8375898,15.0164,8.5529,212.934,202.0648,43.5941,0.6482,2.6838,257.3319,0.5623,-0.0087,13.9318,-44.8578,9.8958,-83.2309,118.55,21.5511
4:13:59 PM,42.4770265,-82.83762277,,8.3196,210.6594,205.8328,-181.3824,-0.7871,1.6118,257.5116,0.5605,-0.0069,13.1003,-61.1469,11.6724,-100.5786,105.8572,-14.7515
4:14:00 PM,42.47699339,-82.83764689,15.0164,8.4751,211.0375,,,,,257.669,0.5592,-0.0053,14.4239,-46.8356,10.6453,-81.2234,126.3726,17.7581
4:14:01 PM,42.47695751,-82.83767538,,8.5723,209.6739,204.172,43.6147,2.3014,2.3356,257.8595,0.5575,-0.0035,13.3402,-62.3999,12.0383,-100.8737,104.3392,16.3315
4:14:02 PM,42.47692238,-82.83770223,15.5085,8.825,208.2644,203.5069,-181.3652,0.6562,2.3304,258.1352,0.5552,-0.0008,12.2401,-58.782,10.7191,-102.4324,102.3461,
4:14:03 PM,42.47688816,-82.83772773,,8.7473,206.3393,199.511,-121.3456,1.06,2.3514,258.3257,0.5538,0.0011,12.3446,-57.2892,10.5913,-101.2775,100.952,12.6416
4:14:04 PM,42.47685282,-82.83775029,16.0007,8.8639,205.4627,198.8048,21.1559,0.7348,2.8164,258.5194,0.5523,0.0029,12.4386,-56.6052,10.5671,-100.6514,98.8677,12.6187
4:14:05 PM,42.4768138,-82.8377748,,8.9417,204.5746,,-12.5925,1.0365,1.9239,,,,12.5939,-54.9772,10.4396,-98.9161,101.392,12.5958
4:14:06 PM,42.4767767,-82.8377989,16.0007,8.9028,205.4512,198.9956,111.1527,1.6415,1.8778,258.8492,0.55,0.0061,13.1068,-56.0032,10.9814,-98.3004,101.5364,12.7047
4:14:07 PM,42.4767411,-82.8378218,16.1975,9.0777,204.7579,200.0013,-12.589,0.4078,2.5546,259.0491,0.5486,0.008,13.3472,-51.0467,10.3997,-93.5707,105.8995,10.3212
4:14:08 PM,42.4767043,-82.8378452,,9.136,205.7549,199.9286,54.8871,0.7694,2.125,259.2536,0.5472,0.0099,13.8464,-49.2977,10.4971,-89.9937,110.2748,8.9117
4:14:09 PM,42.4766681,-82.8378698,15.5085,9.0777,206.918,,,,,259.4355,0.5458,0.0116,14.0062,-52.6091,11.1428,-92.9471,108.6309,9.794
4:14:10 PM,42.4766326,-82.8378955,,9.0777,205.2965,201.5486,47.3893,1.5697,2.62,259.7388,0.5435,0.0145,13.7748,-50.0096,10.5559,-91.1916,109.2263,13.3005
4:14:11 PM,42.4765913,-82.8379239,15.3773,9.311,206.5914,203.4449,171.131,1.0626,2.0129,259.9456,0.542,0.0164,14.012,-53.2336,11.2491,-93.7701,110.3964,16.1023
4:14:12 PM,42.4765549,-82.8379525,,8.7473,211.622,,306.1004,-0.3878,3.9455,260.1693,0.5402,0.0184,13.2912,-53.8857,10.8039,-96.3701,106.552,12.3666
4:14:13 PM,42.4765199,-82.8379826,15.5741,8.8833,214.5899,209.4821,133.5771,-0.8193,2.05,260.362,0.5384,0.0202,13.9348,-49.247,10.5574,-89.078,120.6391,9.1409
4:14:14 PM,42.476486,-82.8380169,,8.3196,217.2713,213.2844,126.0622,-0.0142,2.1065,260.5368,0.5365,0.0217,13.9777,-61.8647,12.5397,-100.592,112.7222,27.4125
4:14:15 PM,42.4764543,-82.8380523,15.5085,9.136,219.2881,216.8915,159.7899,-1.125,2.9673,260.6954,0.5347,0.0231,13.5143,-53.4783,10.9048,-95.1622,122.9196,9.2555
4:14:16 PM,42.4764248,-82.8380891,,8.9222,222.8577,218.8333,,,,260.8555,0.5327,0.0246,12.8598,-55.2453,10.6976,-99.0082,120.1623,12.189
4:14:17 PM,42.4763959,-82.8381279,15.5741,8.825,226.4387,221.9963,174.7785,-1.108,2.1614,261.0037,0.5307,0.0258,,,,,117.5517,20.0328
4:14:18 PM,42.4763686,-82.8381678,,8.7084,230.8504,,148.4832,-1.9344,2.6988,261.1356,0.5287,0.0269,11.7485,-61.9625,10.9196,-108.2608,125.3627,-2.2839
4:14:19 PM,42.4763412,-82.8382148,15.3773,9,230.6327,225.547,-54.0104,-1.0159,2.3047,261.2471,0.5268,0.0279,11.8229,-51.0839,9.3066,-98.7215,116.5098,9.0836
4:14:20 PM,42.4763171,-82.8382566,,8.9028,230.5582,223.9871,2.2655,1.4327,2.2686,261.3987,0.5245,0.0291,11.5499,-61.9375,10.7862,-109.106,113.8761,23.8888
4:14:21 PM,42.4762907,-82.8382991,15.5085,9.136,230.7874,224.3219,-16.4806,0.6658,2.4138,261.5383,0.5224,0.0303,11.3871,-68.5191,11.6615,-114.682,112.5345,5.2505
4:14:22 PM,42.4762644,-82.8383439,,9.2138,229.5899,,-57.7404,,,261.677,0.5203,0.0314,10.6499,-61.5754,10.2012,-113.3472,109.0228,15.8215
4:14:23 PM,42.4762379,-82.8383868,15.1476,9.2332,230.5926,223.2242,2.2586,-0.1588,2.6695,261.8208,0.5181,0.0326,10.159,-67.0054,10.7292,-119.3532,111.3243,
4:14:24 PM,42.4762109,-82.8384306,,9.4471,231.2744,223.2736,140.9786,0.5775,2.0794,261.9655,0.516,0.0338,10.5857,-61.8987,10.3029,-114.9967,107.0299,10.5675
4:14:25 PM,42.4761851,-82.8384751,15.5741,9.4471,232.1109,225.3725,62.2163,0.4187,2.6641,262.1077,0.5138,0.0349,10.3855,-64.1606,10.5612,-117.7418,,11.1863
4:14:26 PM,42.4761597,-82.8385189,,9.2527,232.8443,,,-0.5608,2.322,262.2391,0.5117,0.0359,10.1531,-62.9279,10.199,-117.5723,109.8939,11.1863
4:14:27 PM,42.4761356,-82.8385654,15.5085,9.4665,232.9646,225.7736,-5.2873,0.7124,1.5847,262.365,0.5096,0.0369,10.6542,-63.9855,10.6157,-115.5861,112.1575,9.4445
4:14:28 PM,42.4761113,-82.8386096,,9.3304,235.0273,225.6572,65.9394,0.9706,2.2055,262.4958,0.5074,0.0379,11.1274,-64.1079,10.9688,-114.1297,115.0757,10.4816
4:14:29 PM,42.4760884,-82.8386566,15.5741,9.6998,229.7274,225.6685,-80.3161,-0.6688,2.6132,,,,10.9426,-64.8427,10.9804,-115.5737,113.6879,11.7879
4:14:30 PM,42.4760611,-82.8387007,,,,223.0769,-87.8069,,,262.6984,0.5041,0.0394,10.6972,-63.6345,10.6494,-115.8424,109.8958,4.3452
4:14:31 PM,42.4760352,-82.8387452,15.5085,9.2527,230.5869,,24.6796,0.5362,2.1036,262.8589,0.502,0.0407,10.9755,-68.5116,11.4922,-117.2949,109.8283,13.9881
4:14:32 PM,42.4760098,-82.83879,,9.3693,230.7072,223.1242,-39.0837,0.1867,1.7001,263.0773,0.4988,0.0423,10.8014,-68.7657,11.4252,-118.2111,108.6236,11.9885
4:14:33 PM,42.4759821,-82.8388371,15.771,9.5248,231.2859,222.979,13.4347,1.3801,2.0033,263.2392,0.4965,0.0435,11.1587,-69.162,11.8108,-117.995,108.7065,12.9797
4:14:34 PM,42.4759552,-82.8388853,,9.8553,229.9623,222.5764,,0.189,2.7848,263.3974,0.4942,0.0446,10.3977,-71.8814,11.774,-122.9319,104.5685,8.9747
4:14:35 PM,42.4759254,-82.8389358,15.6398,9.3887,230.753,222.0537,13.4107,0.6108,2.208,,,,11.046,-65.5154,11.2041,-116.2042,111.0727,14.6756
4:14:36 PM,42.4758981,-82.8389817,,9.4859,229.8134,222.004,9.6601,0.7528,1.9717,263.6416,0.4909,0.0464,11.6115,-68.8106,12.034,-115.8873,109.1091,14.4178
4:14:37 PM,42.4758709,-82.839028,15.6398,9.3304,231.4062,222.2744,47.1453,0.6748,2.2686,263.804,0.4887,0.0476,11.7716,-69.2678,12.1972,-115.4972,109.2978,14.3949
4:14:38 PM,42.4758449,-82.8390731,,9.3693,230.9077,223.3113,50.858,-0.2994,2.2709,263.9664,0.4865,0.0488,11.3553,-68.1439,11.7189,-115.9303,109.1808,14.3261
4:14:39 PM,42.4758196,-82.8391188,15.7054,9.0972,231.0166,,-42.8859,0.6041,1.6651,264.1191,0.4844,0.0498,11.6118,-69.3338,11.9602,-114.7149,110.5702,13.0656
4:14:40 PM,42.4757952,-82.8391624,,9,231.7213,221.9349,32.1189,1.3236,2.2977,264.272,0.4822,0.0509,12.1919,-70.5835,12.5244,-113.352,113.2716,17.9186
4:14:41 PM,42.4757707,-82.8392072,15.5741,9.0194,230.3577,222.434,-35.3813,,,264.4282,0.4802,0.052,11.5078,-66.06,11.3968,-112.6499,110.6618,9.4732
4:14:42 PM,42.4757433,-82.839256,15.1476,9.3499,233.4631,223.1033,,1.1764,2.0068,264.5776,0.478,0.053,11.7676,-66.7687,11.7733,-113.2963,112.3154,13.0026
4:14:43 PM,42.4757189,-82.8393044,,9.2916,233.5376,223.3775,62.0891,1.9188,2.3286,264.7305,0.4759,0.054,11.3449,-76.2933,12.8708,-121.0912,107.9726,7.0152
4:14:44 PM,42.4756935,-82.8393497,15.2133,9.136,233.0964,221.7064,-99.1481,0.2833,2.608,264.8855,0.4736,0.055,11.5323,-62.8911,10.9944,-110.9815,115.6078,15.2715
4:14:45 PM,42.4756646,-82.8393985,15.4429,9.0972,231.5953,,-27.8904,0.5972,2.6127,265.0503,0.4715,0.0561,11.6693,-71.2472,12.2701,-115.7699,109.1812,
4:14:46 PM,42.4756394,-82.839442,,8.8056,231.0109,221.379,103.3112,1.2737,2.3141,265.2991,0.4684,0.0578,11.8795,-72.1193,12.4873,-115.1256,108.8695,14.349
4:14:47 PM,42.4756147,-82.8394868,15.3117,9.1749,232.4089,223.1883,28.2823,0.1156,2.0177,265.4606,0.4663,0.0588,11.3561,-71.1603,11.9649,-116.0687,109.9056,15.1798
4:14:48 PM,42.475591,-82.8395318,,9.622,233.9387,224.3079,-76.6996,0.2952,2.8483,265.6155,0.4642,0.0598,11.5432,-71.8329,12.2306,-116.2666,111.6086,12.8364
4:14:49 PM,42.4755673,-82.8395761,15.5741,8.8833,233.2511,223.0357,,,,265.7735,0.4622,0.0608,11.9278,-68.3738,11.9443,-111.8251,114.6924,9.4445
4:14:50 PM,42.4755412,-82.8396264,,9.0194,232.7297,223.1335,-1.7086,0.5518,1.9648,265.9308,0.4601,0.0618,10.8829,-73.0298,11.9037,-119.0214,107.9718,17.0821
4:14:51 PM,42.4755165,-82.8396712,15.5741,8.8056,232.2714,,20.7915,-0.2161,2.4578,,,,10.5756,-69.3823,11.1413,-117.3235,108.636,14.498
4:14:52 PM,42.4754929,-82.8397158,,9.6026,234.1621,223.2676,77.0193,1.1459,2.1039,266.1814,0.4569,0.0633,9.9933,-67.542,10.5432,-118.8417,109.2066,11.9082
4:14:53 PM,42.4754698,-82.8397616,15.6398,9.2527,234.8439,225.7647,58.2595,-0.5943,2.4615,266.3343,0.4548,0.0643,8.9879,-65.841,9.7026,-122.3067,108.3492,12.3666
4:14:54 PM,42.4754474,-82.8398072,,8.7667,235.1361,225.9448,20.7434,-0.4686,2.6154,266.4985,0.4528,0.0652,10.0176,-60.6665,9.5397,-113.7305,115.8132,2.7295
4:14:55 PM,42.4754258,-82.8398521,15.6398,8.6112,235.881,,-31.7613,-0.229,2.5393,266.6489,0.4507,0.0661,9.5236,-76.6404,11.2548,-124.5853,105.2295,26.7593
4:14:56 PM,42.4754042,-82.8398963,,8.5335,236.4826,225.8757,-39.2728,-0.1439,2.5779,266.7995,0.4486,0.067,,,,,112.8729,4.391
4:14:57 PM,42.47538,-82.8399441,15.771,8.5529,235.9383,225.1288,-110.5132,1.392,2.2445,266.9509,0.4466,0.0678,9.9552,-66.2545,10.1735,-116.4017,111.2005,8.757
4:14:58 PM,42.4753573,-82.8399863,15.6398,8.9611,235.0674,223.7895,-54.2648,1.0926,2.5793,267.1084,0.4446,0.0688,10.2258,-69.3963,10.7913,-117.503,102.4356,24.9717
4:14:59 PM,42.4753341,-82.8400309,,8.9805,234.0876,223.3012,,,,267.2769,0.4427,0.0697,9.403,-78.7809,11.4868,-126.5874,,5.6057
4:15:00 PM,,,15.5085,9.0389,234.4486,222.0433,-46.7774,0.9016,2.9919,267.4456,0.4406,0.0707,9.4717,-68.305,10.3468,-121.7261,106.5051,12.1317
4:15:01 PM,42.4753105,-82.8400749,,9.0194,231.813,222.2541,1.9767,-0.2968,2.876,267.624,0.4386,0.0717,9.2918,-71.6731,10.5896,-123.5974,104.0961,5.9208
4:15:02 PM,42.4752861,-82.8401178,15.8038,8.9222,232.449,221.9739,54.4608,0.6968,1.9656,267.8025,0.4367,0.0727,9.7539,-66.6758,10.2027,-118.6108,107.8355,9.4674
4:15:03 PM,42.4752623,-82.8401591,,8.8833,234.5747,223.9163,24.4321,1.0255,2.8368,267.9789,0.4348,0.0738,9.8223,-69.1998,10.6271,-120.2283,107.0295,9.4674
4:15:04 PM,42.4752399,-82.8402028,15.5741,9.2332,233.4803,223.5543,-144.2857,-0.6053,2.7584,268.1462,0.4328,0.0747,9.745,-67.9017,10.4157,-119.9022,108.7,8.9575
4:15:05 PM,42.475217,-82.8402455,,8.9805,233.6694,220.7873,-43.0475,,,268.3403,0.4307,0.0757,9.4579,-65.8827,9.9607,-119.9292,107.878,8.1611
4:15:06 PM,42.4751903,-82.84029269,15.1476,8.5723,232.8157,,65.6885,1.1716,2.3974,268.5279,0.4288,0.0768,10.1144,-66.5051,10.4254,-117.1599,108.7012,
4:15:07 PM,42.47516592,-82.84033496,,9.2527,233.2225,222.0133,,0.8014,2.4309,268.7138,0.4269,0.0778,9.7934,-66.0133,10.1917,-118.6053,107.5892,8.4419
4:15:08 PM,42.4751425,-82.84037918,15.4429,9.6414,231.3718,222.7297,-50.5452,0.4817,2.136,268.8948,0.4249,0.0788,9.8635,-65.7721,10.2605,-118.7609,108.5775,8.4991
4:15:09 PM,42.47511851,-82.84042346,,8.9611,233.2511,221.7913,65.6953,1.4016,2.7286,269.0762,0.4231,0.0797,10.005,-67.9168,10.7102,-120.0454,106.5719,8.4991
4:15:10 PM,42.47509462,-82.84046751,15.3773,9.3887,232.7125,223.245,110.6542,-0.7708,2.9432,269.2663,0.4211,0.0807,9.8976,-70.434,10.9284,-121.4189,105.5892,14.3949
4:15:11 PM,42.47507085,-82.84051236,15.8038,8.7667,235.0445,224.0917,16.8828,-0.8202,1.8327,269.454,0.4191,0.0817,10.6126,-62.781,10.2414,-112.8535,114.5661,6.5282
4:15:12 PM,42.4750462,-82.8405584,,9.0194,235.881,,54.3989,0.3672,2.2123,269.6394,0.4171,0.0826,10.5537,-66.4108,10.6591,-114.8549,113.2118,9.2956
4:15:13 PM,42.4750251,-82.8406031,16.0007,8.689,236.242,224.7218,-24.3633,0.7281,1.9445,269.8109,0.4151,0.0834,11.1559,-68.3588,11.3703,-114.2182,114.1325,9.5133
4:15:14 PM,42.4750045,-82.8406485,,8.9611,236.8837,225.2395,,1.0128,2.0985,269.9815,0.413,0.0842,10.9824,-68.6981,11.3318,-115.4504,113.6259,9.5992
4:15:15 PM,42.4749834,-82.8406958,15.082,9.1944,236.8035,224.8586,-46.8599,0.5275,2.4183,270.1563,0.4109,0.085,10.4494,-70.191,11.2866,-119.4206,110.3716,11.3639
4:15:16 PM,42.4749618,-82.8407435,,9.3887,234.6778,223.3512,-46.8462,,,270.3498,0.4088,0.086,10.5333,-71.6228,11.6182,-120.6404,108.2806,11.3811
4:15:17 PM,42.4749385,-82.8407908,15.1476,9.1166,236.3164,223.9513,31.8817,0.9363,2.2175,,,,10.8036,-70.0466,11.6436,-119.2892,109.0138,11.3811
4:15:18 PM,42.4749152,-82.8408384,,9.3499,236.3451,,9.3816,1.2158,2.2191,270.6552,0.4057,0.0874,9.9676,-74.4125,11.7133,-124.9486,104.3014,17.3685
4:15:19 PM,42.4748909,-82.8408884,15.0164,9.5054,235.1304,223.8688,-88.1266,-0.4187,2.9378,270.8668,0.4035,0.0884,10.9238,-68.1154,11.4518,-117.7292,110.7798,11.639
4:15:20 PM,42.4748647,-82.8409422,,9.5637,235.0674,222.0207,-9.3713,0.7392,2.1141,271.0534,0.4015,0.0892,10.7952,-73.1575,12.0513,-120.9798,106.5644,17.7467
4:15:21 PM,42.4748389,-82.8409931,15.3117,9.4665,235.119,222.4618,13.1116,-0.1011,2.2088,271.3003,0.3991,0.0904,10.3421,-72.2252,11.6815,-122.5329,105.1116,13.5813
4:15:22 PM,42.4748136,-82.8410424,14.7211,9.2138,235.5143,222.1505,-1.8976,1.7553,2.6189,271.5274,0.397,0.0914,11.0843,-70.3541,11.9824,-119.4015,108.1972,13.799
4:15:23 PM,42.4747878,-82.8410912,,9.797,232.1396,,-76.8783,0.3155,2.5214,271.7588,0.3949,0.0925,10.3768,-68.7274,11.2535,-120.7655,106.0058,14.7558
4:15:24 PM,42.4747601,-82.84114,15.3773,9.5054,231.962,219.4802,88.1266,0.5183,2.7187,272.0084,0.3927,0.0937,10.6284,-69.2604,11.4551,-119.8073,105.1103,14.7329
4:15:25 PM,42.4747323,-82.8411876,,9.4665,233.274,219.7574,,,,272.2621,0.3907,0.0948,10.4702,-68.9426,11.2583,-119.7846,105.5684,14.7329
4:15:26 PM,42.4747067,-82.8412356,15.7054,8.7862,235.1476,221.6034,76.813,0.2263,2.1876,272.5088,0.3886,0.096,10.8142,-69.3598,11.4202,-117.6068,108.8402,14.7558
4:15:27 PM,42.4746826,-82.8412818,,9,234.4085,221.1758,-58.1598,0.1068,2.0603,272.7381,0.3866,0.097,10.872,-69.475,11.4426,-117.149,109.3029,
4:15:28 PM,42.4746553,-82.8413322,14.9508,9.2138,233.4459,,-31.8954,0.4978,2.0298,272.9713,0.3847,0.098,10.6308,-70.1589,11.4533,-119.1804,107.0686,14.6527
4:15:29 PM,42.4746299,-82.841378,15.5085,9.1944,234.4314,220.9959,-28.1414,0.2068,1.7186,273.2105,0.3828,0.0991,10.6253,-70.3741,11.4846,-119.3741,106.827,14.6527
4:15:30 PM,42.4746054,-82.841424,,8.7667,235.4513,,,,,273.4565,0.3808,0.1001,10.5854,-70.3107,11.4049,-119.0866,107.7142,14.2688
4:15:31 PM,42.4745817,-82.8414706,15.7054,9.0389,237.8978,,,,,273.6947,0.3789,0.1011,10.5923,-67.9426,11.0395,-117.2187,110.1874,11.1061
4:15:32 PM,42.4745593,-82.8415175,,8.203,238.5223,,,,,273.9201,0.3769,0.102,10.548,-68.4155,10.9686,-116.5919,110.708,10.6993
4:15:33 PM,42.474539,-82.8415633,15.4429,8.5723,236.7691,,,,,274.1279,0.3749,0.1028,,,,,,10.6878
4:15:34 PM,42.4745182,-82.8416089,,8.7862,236.5628,,,,,274.3388,0.373,0.1036,10.5516,-69.7412,11.1791,-117.6892,,11.1462
4:15:35 PM,42.4744958,-82.8416549,15.3773,9.4276,234.5689,222.524,-61.9138,1.5766,1.9789,274.5659,0.3711,0.1045,10.5124,-70.147,11.3007,-118.9606,108.4325,12.6588
4:15:36 PM,42.4744718,-82.8417051,15.8694,9.0583,235.9268,222.4195,125.5671,0.2836,3.4679,274.7964,0.3692,0.1054,10.1626,-72.1334,11.3827,-121.8151,105.071,13.1573
4:15:37 PM,42.4744482,-82.8417524,,9.0972,235.1018,221.6689,-91.9116,0.1713,1.7609,275.0379,0.3672,0.1063,10.273,-73.4919,11.6081,-121.9508,108.6396,10.6878
4:15:38 PM,42.4744253,-82.8417971,15.4429,8.8833,236.1961,221.6882,95.5728,0.9381,2.0595,275.2897,0.3653,0.1073,10.6172,-69.1994,11.2265,-117.8612,109.2885,12.5557
4:15:39 PM,42.4744019,-82.8418449,,8.9028,237.1186,,99.2993,0.0357,2.8953,275.5336,0.3634,0.1082,10.5112,-73.2499,11.7423,-120.9995,106.2322,13.0656
4:15:40 PM,42.4743819,-82.8418927,16.3615,9.0583,238.6025,223.8429,,-0.5637,2.2782,275.7839,0.3614,0.1091,10.4759,-73.564,11.7155,-120.9461,110.5579,13.1115
4:15:41 PM,42.4743605,-82.8419393,,8.9222,237.7603,225.9837,58.0395,-0.2974,1.9631,276.0036,0.3595,0.1098,10.3329,-72.1197,11.3482,-119.9399,111.5184,12.9224
4:15:42 PM,42.4743393,-82.8419864,15.4429,8.9805,237.766,226.6798,-5.7032,,,276.2359,0.3576,0.1106,10.4865,-72.5933,11.3988,-118.6175,111.5291,11.2322
4:15:43 PM,42.4743184,-82.8420401,,8.6501,242.8596,228.3742,155.5099,0.0921,2.9,276.4758,0.3556,0.1114,10.4634,-74.2483,11.6861,-120.4863,109.5615,12.7963
4:15:44 PM,42.4743008,-82.8420887,15.4429,,,228.6721,-73.2137,-1.4004,2.9512,276.6896,0.3536,0.1121,8.9748,-75.2387,10.7377,-126.0755,111.5337,7.1126
4:15:45 PM,42.4742832,-82.8421379,,8.0864,242.9398,,-24.4561,-0.1325,2.2476,276.9009,0.3516,0.1127,9.468,-70.1931,10.3415,-120.529,111.6695,12.8765
4:15:46 PM,42.4742639,-82.8421835,15.771,8.3391,240.7798,226.1449,,,,277.1203,0.3496,0.1133,9.5225,-75.3363,10.9846,-123.0014,109.6761,13.1344
4:15:47 PM,42.474244,-82.8422308,15.935,8.7862,240.0006,225.8317,-73.1999,0.3847,2.0913,277.3522,0.3477,0.114,9.5052,-77.8618,11.3167,-124.7997,105.4349,13.9652
4:15:48 PM,42.4742236,-82.8422793,,8.514,239.3932,226.0665,-50.7205,0.3605,1.6933,277.7211,0.3448,0.1151,9.2352,-76.6619,11.086,-125.847,105.7281,14.011
4:15:49 PM,42.4742023,-82.8423292,15.6398,8.4557,239.7026,226.3207,-1.9733,0.3616,2.2669,,,,9.0705,-76.9375,11.2577,-128.2914,,
4:15:50 PM,42.474181,-82.8423807,,9.2916,240.6938,224.6479,-181.9221,2.1177,2.3584,278.1143,0.3417,0.1163,9.7019,-78.0514,11.9642,-127.5008,105.7735,14.0912
4:15:51 PM,42.4741542,-82.8424371,15.3773,9.4859,237.4681,221.8837,5.5795,1.0359,2.7311,278.4209,0.3395,0.1173,9.0122,-78.0817,11.6663,-130.901,102.2422,16.4862
4:15:52 PM,42.4741289,-82.8424881,,9.1944,236.2649,,31.8198,0.1645,3.0569,278.7262,0.3375,0.1183,8.826,-77.255,11.4839,-131.443,98.6381,16.4633
4:15:53 PM,42.4741059,-82.8425364,15.8694,9.2138,237.2618,222.055,39.29,0.2679,2.3298,279.0382,0.3355,0.1193,9.5725,-73.2247,11.2577,-125.5,103.5856,14.1657
4:15:54 PM,42.4740827,-82.8425848,,9,237.2561,222.9421,-24.4802,-0.0597,2.261,279.2994,0.3338,0.1201,9.8276,-73.5593,11.3835,-124.104,104.3043,13.948
4:15:55 PM,42.4740608,-82.8426331,15.5085,9.4082,238.2301,222.7663,-65.6988,0.4392,2.0118,279.5936,0.3319,0.121,10.079,-74.4154,11.6863,-123.8238,105.625,13.9251
4:15:56 PM,42.4740374,-82.8426817,15.7054,9.5637,235.6404,221.3499,,,,279.8836,0.33,0.1219,10.0077,-73.7021,11.5401,-123.6576,105.8776,13.9251
4:15:57 PM,42.4740142,-82.8427288,,9.3887,237.5025,222.2465,110.5236,0.1368,2.7221,280.1887,0.3281,0.1228,9.9368,-73.8847,11.4646,-123.6251,104.0248,13.9021
4:15:58 PM,42.4739921,-82.8427774,15.771,9.0389,236.4138,223.542,39.2625,-1.0957,2.0915,280.4936,0.3263,0.1237,9.8086,-66.1592,10.2937,-119.3588,106.9597,4.6088
4:15:59 PM,42.4739694,-82.8428293,,8.5335,238.041,,58.0051,0.1468,1.8715,280.8167,0.3243,0.1247,9.1121,-64.9251,9.5433,-120.1372,109.3758,8.8487
4:16:00 PM,42.4739485,-82.8428765,15.3773,8.825,238.5682,225.0155,-39.4963,-0.1899,2.613,281.1039,0.3225,0.1254,7.985,-67.0348,9.2241,-127.1508,106.6362,8.6768
4:16:01 PM,42.4739274,-82.8429255,,9.1555,238.8833,224.6526,16.7625,0.6163,2.529,281.3912,0.3207,0.1262,7.9652,-67.9891,9.4913,-128.9182,107.5288,10.367
4:16:02 PM,42.4739065,-82.8429745,16.0007,9,240.3615,224.7618,-76.9849,0.3853,1.8216,281.6915,0.3188,0.127,7.8538,-66.0631,9.2228,-128.8931,104.644,10.0977
4:16:03 PM,42.4738861,-82.8430242,,9,239.3016,224.6234,31.7613,-0.6656,2.3003,281.9975,0.3169,0.1278,7.631,-67.6905,9.345,-130.9338,102.4576,10.0748
4:16:04 PM,42.4738654,-82.8430742,15.6398,8.9611,239.6854,,-16.9687,-1.6792,2.5387,282.2989,0.315,0.1286,7.3845,-68.8645,9.3503,-132.5552,102.0418,10.0748
4:16:05 PM,42.4738422,-82.8431232,,9.4276,237.0155,224.5362,,,,282.5725,0.3133,0.1292,9.0519,-68.2165,10.194,-124.4567,104.8747,7.2959
4:16:06 PM,42.4738215,-82.8431702,15.2789,9.0389,238.7114,223.3283,-1.9733,0.6199,2.3275,282.9134,0.3115,0.1302,9.5073,-70.362,10.6105,-122.4448,107.7487,9.3643
4:16:07 PM,42.4737976,-82.8432225,,8.7278,239.2213,223.0145,-76.954,1.0968,2.0539,283.2581,0.3096,0.1311,9.0626,-71.1318,10.5075,-125.2989,106.8187,9.3643
4:16:08 PM,42.4737756,-82.8432696,15.4429,9.2332,238.4192,222.7372,-46.9562,1.7737,2.4342,283.5819,0.3078,0.1319,9.274,-71.4085,10.7413,-125.0809,105.2734,9.3758
4:16:09 PM,42.4737525,-82.8433145,,9.0389,236.9639,220.7246,-118.2069,1.225,1.7991,283.914,0.3061,0.1328,8.8734,-69.9096,10.2916,-125.9299,104.424,9.3758
4:16:10 PM,42.4737277,-82.8433598,15.2133,9.311,235.119,219.1731,13.0566,0.5371,2.5578,284.26,0.3045,0.1337,8.8065,-70.1476,10.2119,-125.7938,101.4572,9.3758
4:16:11 PM,42.473704,-82.8434051,,8.9417,236.0815,,-31.9435,0.7368,1.9427,284.6289,0.303,0.1348,9.8135,-68.5839,10.5627,-120.1255,103.8497,7.5538
4:16:12 PM,42.4736775,-82.8434501,15.6398,8.8056,236.0815,218.6057,,,,284.9796,0.3014,0.1358,,,,,105.2932,
4:16:13 PM,42.4736517,-82.8435006,,9.2721,235.3997,219.714,50.5452,0.6403,1.8283,285.3735,0.2999,0.1369,9.9855,-71.0134,10.9864,-120.7446,107.4614,5.7203
4:16:14 PM,,,15.5741,8.9805,236.6258,220.5532,-13.2078,1.6428,2.0017,285.9211,0.2975,0.1383,10.3605,-73.6235,11.6505,-121.4387,103.9541,16.406
4:16:15 PM,42.4736283,-82.8435482,15.5085,9.1555,235.7148,219.2076,-43.2056,-0.0894,2.7554,286.3021,0.2959,0.1393,9.4751,-74.4713,11.2859,-126.0111,105.7326,10.2008
4:16:16 PM,42.47360123,-82.84359881,,8.8639,235.096,219.7978,46.7877,0.5032,2.2585,286.6781,0.2945,0.1404,10.1227,-67.9375,10.8344,-120.0146,105.6584,10.0404
4:16:17 PM,42.47357757,-82.84364306,15.3117,9.0777,234.7809,219.4138,-1.9595,-0.7805,2.315,287.0576,0.293,0.1414,9.9908,-68.1507,10.7463,-120.3547,105.4092,10.0633
4:16:18 PM,42.4735536,-82.84368691,,9.4665,233.9043,,-9.4469,-0.0575,2.0188,287.4342,0.2916,0.1424,9.9866,-67.4341,10.6313,-119.8372,106.9425,9.5133
4:16:19 PM,42.47353006,-82.84373047,15.2789,9.1555,234.6606,219.0856,20.544,1.6114,2.1649,,,,10.4089,-67.9555,10.9623,-118.3454,106.3394,9.6393
4:16:20 PM,42.4735067,-82.8437748,,9.0972,233.9387,219.6279,1.8048,-1.6106,2.2997,288.013,0.2894,0.1438,10.4085,-73.2376,11.6367,-121.0806,101.5498,19.5171
4:16:21 PM,42.4734804,-82.8438262,15.3773,9.1555,235.5143,219.7752,159.2846,0.907,2.5785,288.4141,0.2879,0.1448,9.8956,-56.4087,8.9757,-113.3103,110.0657,-13.7832
4:16:22 PM,42.4734578,-82.8438731,,8.5723,238.465,223.6118,117.9972,-1.1331,2.3754,288.8039,0.2863,0.1457,10.1453,-74.5498,11.4932,-121.6986,107.1729,16.8815
4:16:23 PM,42.4734368,-82.8439221,15.3117,8.7862,240.161,225.1544,,,,289.1883,0.2847,0.1465,9.5332,-70.4011,10.5425,-121.5832,110.9001,12.2578
4:16:24 PM,42.4734171,-82.8439696,15.5085,8.9222,241.6851,,35.5119,-2.0113,2.5197,289.5542,0.2831,0.1473,9.6635,-68.526,10.3757,-119.9224,111.674,11.3811
4:16:25 PM,42.4733955,-82.8440214,,8.4363,242.8883,226.3826,95.4765,-0.3643,2.3563,289.9266,0.2815,0.148,9.6772,-69.4273,10.3867,-119.2761,,11.828
4:16:26 PM,42.473379,-82.8440683,15.2133,8.6501,242.8482,227.1408,-65.7572,0.2218,2.0781,290.262,0.2799,0.1486,9.2138,-67.8437,9.8426,-119.8893,114.5675,11.8051
4:16:27 PM,42.4733609,-82.8441179,,8.9028,240.8084,226.9011,-91.97,1.0956,2.2657,290.6245,0.2783,0.1492,9.262,-77.6884,11.2363,-126.3574,112.7803,13.5011
4:16:28 PM,42.4733406,-82.8441691,15.082,8.825,240.0177,224.8177,-118.2069,2.0531,2.3428,291.0229,0.2766,0.1499,9.0204,-72.3461,10.5644,-125.5469,108.7105,12.7104
4:16:29 PM,42.4733164,-82.8442242,,8.7667,238.9864,222.6354,-65.6988,1.3027,2.2939,291.4428,0.275,0.1507,9.5969,-72.401,11.0463,-124.0937,107.265,13.8448
4:16:30 PM,42.4732947,-82.8442724,15.3773,9.1166,238.6427,222.7376,20.5096,,,291.8545,0.2735,0.1515,10.0415,-72.7607,11.4015,-122.7382,106.955,13.5011
4:16:31 PM,42.473274,-82.8443203,,9.136,238.7343,,9.2475,0.4399,2.6659,292.4963,0.2711,0.1527,10.5379,-71.9704,11.5996,-120.2468,107.6474,13.5011
4:16:32 PM,42.4732517,-82.8443711,15.2133,8.825,238.9922,222.8169,20.4821,-0.5319,2.5259,292.9443,0.2696,0.1536,10.3496,-73.0312,11.6235,-121.6092,108.7408,13.438
4:16:33 PM,42.4732296,-82.8444208,,8.8445,238.6197,222.851,,-0.7597,2.364,293.3608,0.2682,0.1544,10.5131,-71.5375,11.4156,-119.1279,109.5739,10.4816
4:16:34 PM,42.4732095,-82.8444679,15.3773,9.0583,238.9864,223.4233,39.2281,0.1847,2.7657,293.7785,0.2668,0.1552,11.147,-72.1322,11.908,-117.008,110.8584,
4:16:35 PM,42.4731892,-82.8445138,,8.9417,240.1954,,1.7361,0.4071,1.3823,,,,10.1955,-72.1638,11.2205,-120.1197,112.0307,13.1115
4:16:36 PM,42.4731686,-82.8445612,15.6398,8.5529,240.0177,223.8025,-54.5089,0.1013,2.0144,294.4196,0.2647,0.1564,9.8557,-72.5121,11.0377,-121.6091,108.2542,13.0771
4:16:37 PM,42.4731445,-82.8446152,,8.9222,238.6885,222.9269,-54.5055,0.6022,2.0043,294.8734,0.2633,0.1572,10.1303,-73.3982,11.4011,-121.6251,108.1225,13.0771
4:16:38 PM,42.4731231,-82.8446632,15.082,9.4082,238.8546,221.9406,-9.5157,0.6268,1.7946,295.3249,0.2619,0.158,9.927,-73.2933,11.3736,-123.2833,107.4713,13.2203
4:16:39 PM,42.473101,-82.8447117,,8.9611,240.0808,223.1155,121.7203,0.8075,3.1375,295.7884,0.2605,0.1589,9.8238,-76.1566,11.6554,-125.0777,105.0054,13.1802
4:16:40 PM,42.47308,-82.8447608,15.5741,9.136,237.6686,222.657,-163.2414,-1.4256,2.1598,296.2456,0.2591,0.1597,9.3076,-66.0051,9.9732,-121.503,105.6759,14.9335
4:16:41 PM,42.4730547,-82.8448149,,9.0389,236.8665,220.6844,177.9825,1.3035,2.9251,296.7174,0.2578,0.1605,10.9046,-78.809,12.6232,-122.0664,113.6533,4.1447
4:16:42 PM,42.4730331,-82.8448607,15.2133,8.7084,239.6167,,,,,297.2071,0.2565,0.1614,10.3886,-71.6589,11.2928,-119.1675,106.1381,10.5446
4:16:43 PM,42.4730117,-82.844907,,8.6306,239.2901,224.2355,-80.7767,-0.0926,2.4561,297.6718,0.2552,0.1622,10.1617,-66.1115,10.35,-116.1425,107.5417,12.0859
4:16:44 PM,42.4729881,-82.8449597,15.0164,8.825,237.554,222.2153,-24.5214,0.905,1.814,298.1401,0.254,0.1631,10.2604,-76.7001,11.8426,-122.5245,113.3531,19.5802
4:16:45 PM,42.4729674,-82.8450066,,,,221.987,-17.0168,0.5838,1.9684,298.6337,0.2528,0.1639,,,,,109.6126,11.1061
4:16:46 PM,42.472947,-82.8450515,14.6555,8.6306,237.9494,221.575,-20.7606,-0.1403,2.324,299.1063,0.2516,0.1647,10.2914,-71.5876,11.1787,-119.1327,109.5154,11.6619
4:16:47 PM,42.472924,-82.8451004,,8.9417,238.276,220.9259,-76.9952,0.6645,2.7329,299.5714,0.2505,0.1655,10.2679,-70.2947,10.9538,-118.0558,109.0651,11.639
4:16:48 PM,42.4729032,-82.845144,15.082,8.9417,236.9467,,65.4925,0.6286,2.429,300.042,0.2494,0.1663,10.6297,-70.2373,11.1624,-116.3382,109.0194,11.8739
4:16:49 PM,42.4728828,-82.8451882,,8.4557,237.7202,221.4887,-58.2526,0.4495,1.6772,300.5165,0.2484,0.1672,10.2558,-72.1697,11.2341,-119.6505,109.7293,12.2119
4:16:50 PM,42.4728619,-82.8452334,14.6555,9.1944,236.9238,221.6508,,,,300.9979,0.2473,0.168,10.2357,-68.4835,10.8223,-118.3713,108.1371,12.0458
4:16:51 PM,42.4728395,-82.8452806,,9.4082,237.4795,220.7308,-2.0008,1.1471,2.2075,301.4863,0.2462,0.1688,10.4664,-70.6613,11.3077,-119.1466,108.3302,12.0458
4:16:52 PM,42.4728157,-82.8453325,14.9508,9.0194,238.9119,,84.2076,0.5825,3.0418,302.0101,0.2451,0.1697,10.0863,-71.398,11.1769,-121.2094,107.0809,15.3976
4:16:53 PM,42.4727927,-82.8453813,,9.2527,238.9177,221.0121,-54.5089,-1.0701,2.8009,302.5279,0.2441,0.1705,9.5243,-70.1482,10.6073,-122.377,114.4734,5.6057
4:16:54 PM,42.4727704,-82.8454287,14.6555,8.8833,238.9177,220.2725,-5.7582,1.8024,2.0174,303.0774,0.243,0.1714,10.7408,-64.8363,10.6731,-114.3792,111.8467,22.8116
4:16:55 PM,42.4727474,-82.8454757,,8.9611,238.9177,220.1645,-46.9837,-0.8355,2.2691,303.6131,0.242,0.1723,10.1739,-76.4386,11.8302,-123.2781,105.4391,
4:16:56 PM,42.4727243,-82.8455202,14.6555,8.9222,238.0296,218.8654,9.2647,1.3335,2.7643,304.1562,0.241,0.1732,10.1976,-62.4232,9.9097,-114.197,107.9451,-3.7106
4:16:57 PM,42.4727005,-82.8455676,,8.9028,235.8638,219.3446,57.9914,0.2119,2.6141,304.6939,0.2402,0.1742,10.3969,-74.4708,11.7075,-121.1695,103.4162,18.1478
4:16:58 PM,42.4726783,-82.845615,14.7867,9.0194,236.7061,,,,,305.266,0.2393,0.1752,9.9382,-76.1757,11.6581,-124.1289,104.2842,16.7154
4:16:59 PM,42.4726561,-82.8456609,,9.0972,236.58,220.9836,-5.7651,-1.2379,2.9527,306.0973,0.2379,0.1765,9.6367,-73.272,11.054,-123.3952,117.0453,16.6523
4:17:00 PM,42.4726308,-82.8457114,14.7867,8.6306,239.0495,220.1354,-5.7685,1.0538,2.0537,306.651,0.2371,0.1774,10.9573,-64.4431,10.6833,-112.2865,,9.1179
4:17:01 PM,,,,8.4557,235.8122,220.2616,24.2602,0.7934,2.0459,,,,10.374,-66.3122,10.5235,-115.4796,108.0593,5.8406
4:17:02 PM,42.472608,-82.8457585,14.9508,8.9417,236.8149,221.4121,-5.7582,0.4456,1.8629,307.4953,0.2359,0.1788,10.0577,-66.6833,10.3773,-117.1203,109.0327,9.5992
4:17:03 PM,42.472587,-82.8458056,,9.1166,237.5655,,-144.4644,2.0334,1.9859,308.0512,0.235,0.1796,10.416,-66.5164,10.7374,-117.1612,111.9098,8.5736
4:17:04 PM,42.4725646,-82.8458522,14.7211,9.1166,234.7637,218.793,-69.4562,1.0487,2.9417,308.6256,0.2342,0.1805,9.3755,-65.7617,10.0787,-121.9802,110.6428,9.7482
4:17:05 PM,42.4725402,-82.8458977,,9.5443,232.512,216.4465,,,,309.2105,0.2336,0.1815,9.3624,-64.6641,9.9375,-121.6234,104.5007,9.7482
4:17:06 PM,42.4725149,-82.8459421,14.6555,9.5443,231.3947,216.2457,-43.1987,2.0448,2.0848,309.8064,0.233,0.1826,8.6242,-63.4906,9.3567,-124.4316,102.8735,10.7795
4:17:07 PM,42.472489,-82.8459884,14.6555,9.1944,235.0617,218.956,99.2718,0.3022,2.1948,310.4875,0.2324,0.1838,8.8849,-65.8195,9.8483,-124.6115,101.2164,10.4988
4:17:08 PM,42.47246237,-82.84603907,,9.1166,235.881,218.4579,-20.7262,-0.3762,2.4246,311.0858,0.2318,0.1848,9.8295,-64.7675,10.1859,-119.1982,102.8814,6.9751
4:17:09 PM,42.47243827,-82.84608671,14.3274,9.5248,234.7695,,-118.2104,0.9252,1.5402,311.6998,0.2312,0.1858,10.258,-70.9496,11.327,-121.1275,107.8621,15.2715
4:17:10 PM,42.47241264,-82.84613322,14.4587,9.1749,233.7209,216.9195,28.0486,1.2176,2.4156,312.2635,0.2307,0.1868,10.2822,-73.066,11.6529,-122.4227,102.4832,14.8876
4:17:11 PM,42.47238644,-82.84618034,,9.6803,231.3775,216.4836,-61.9413,0.3641,1.5461,312.9022,0.2303,0.1879,10.0357,-69.5205,11.0064,-121.3315,102.222,14.7788
4:17:12 PM,42.47235998,-82.8462269,14.4587,9.1166,233.6636,217.2065,148.0294,1.1424,1.9989,313.5429,0.2298,0.189,10.4338,-69.7219,11.3403,-120.3403,102.2456,13.9881
4:17:13 PM,42.47233317,-82.84627453,,9.2138,235.119,219.014,-16.955,-0.0378,2.9355,314.1968,0.2294,0.1902,9.8762,-69.8752,11.0568,-122.9974,103.6957,14.011
4:17:14 PM,42.4723052,-82.8463268,14.5243,9.311,235.3424,217.3596,-9.4401,-0.2931,2.0571,314.9014,0.229,0.1914,10.0641,-67.3343,10.7665,-120.3937,103.9018,12.5156
4:17:15 PM,42.4722802,-82.8463741,,9.1555,233.7668,,88.0476,0.8452,2.3109,315.8832,0.2284,0.193,11.258,-68.1834,11.5752,-115.4539,106.8781,12.7104
4:17:16 PM,42.4722537,-82.8464219,14.4587,9.1166,234.0819,218.2926,,-0.2516,2.0608,316.5424,0.228,0.1941,10.8567,-68.463,11.3408,-117.0675,107.7118,12.7734
4:17:17 PM,42.4722282,-82.8464708,,9.4082,234.8153,219.7692,5.5416,,,317.1942,0.2276,0.1951,11.1099,-69.1389,11.645,-116.937,108.8782,12.6817
4:17:18 PM,42.4722037,-82.8465204,14.8196,9.4859,237.0899,221.1212,50.5108,-0.2067,1.8145,317.831,0.2272,0.196,10.8009,-71.3249,11.7599,-119.5305,108.6846,12.8364
4:17:19 PM,42.4721809,-82.8465697,14.9508,9.2332,238.4249,221.1585,-1.9801,-0.8869,2.715,318.3905,0.2267,0.1967,10.8341,-70.5793,11.655,-118.756,108.8198,12.8193
4:17:20 PM,42.4721598,-82.8466183,,9.0194,236.9925,219.3275,-99.4506,-1.0283,2.3078,319.0143,0.2263,0.1976,10.4898,-70.3271,11.3691,-119.6798,108.2115,
4:17:21 PM,42.4721374,-82.8466656,14.7211,8.6695,235.6002,,54.3061,-0.2159,2.754,319.6476,0.226,0.1985,10.0762,-72.3315,11.2772,-121.6408,104.1819,12.7505
4:17:22 PM,42.4721123,-82.8467174,,8.6306,235.4226,219.0853,-24.4218,-0.4034,2.3569,320.3408,0.2257,0.1995,9.2469,-72.1403,10.7694,-125.189,103.5101,14.5496
4:17:23 PM,42.4720893,-82.8467644,14.1634,8.9028,236.9467,219.3492,-39.4172,-0.885,2.4752,320.9658,0.2254,0.2004,9.1835,-68.0538,10.126,-122.7328,104.3558,9.9373
4:17:24 PM,42.4720674,-82.8468105,,8.4751,236.517,,,,,321.5511,0.2252,0.2013,9.2671,-71.3414,10.5305,-123.512,105.1545,10.4415
4:17:25 PM,42.4720434,-82.8468587,14.229,8.2224,237.2733,,,,,322.1631,0.225,0.2022,,,,,107.2095,5.8635
4:17:26 PM,42.4720214,-82.8469041,,8.7862,233.9902,219.2031,,,,322.8225,0.2249,0.2032,9.3387,-67.9023,10.038,-120.4587,101.098,27.0114
4:17:27 PM,42.4719965,-82.8469526,14.393,8.9805,236.4998,,,,,323.4482,0.2249,0.2043,9.3996,-62.8404,9.4654,-117.926,109.2728,1.2971
4:17:28 PM,42.4719711,-82.846996,,8.8056,233.8126,219.2031,,,,324.0918,0.2249,0.2053,9.4484,-61.7644,9.4528,-118.286,101.3322,24.4045
4:17:29 PM,42.4719455,-82.8470426,14.4587,9.1166,234.7866,,125.605,1.1738,1.7625,324.6936,0.225,0.2063,9.6768,-62.7125,9.7159,-117.7317,109.2561,-2.8626
4:17:30 PM,42.471919,-82.8470964,,8.8639,237.8348,220.2772,,,,325.401,0.2248,0.2073,10.3829,-72.9756,11.697,-121.9233,103.6716,17.6779
4:17:31 PM,42.4718976,-82.8471459,14.3274,9.2138,242.2637,,181.819,-0.6701,1.9443,326.0486,0.2246,0.208,9.6998,-63.9982,10.035,-119.6852,109.7262,9.2956
4:17:32 PM,42.4718794,-82.8471981,,9.311,246.4864,227.7719,298.0286,-1.2581,2.7363,326.6922,0.2242,0.2086,9.7873,-69.8722,10.8549,-122.1576,115.221,8.8945
4:17:33 PM,42.4718637,-82.8472524,14.0978,9.1555,252.915,234.103,301.7207,-1.38,1.8688,327.3376,0.2236,0.209,10.0064,-69.988,11.0084,-121.3399,119.3411,8.8716
4:17:34 PM,42.4718528,-82.8473069,13.54,9.9136,255.8944,240.6238,219.177,-1.5536,2.181,327.947,0.2229,0.2091,9.9054,-73.7975,11.4855,-124.0881,120.7375,8.8716
4:17:35 PM,42.4718446,-82.8473651,,9.1944,260.6958,242.8866,132.9102,-1.3773,2.5278,328.5773,0.2219,0.209,8.6127,-73.7819,10.7766,-129.879,119.1395,7.8975
4:17:36 PM,42.4718373,-82.8474249,14.0978,9.1166,263.5606,245.1891,72.9077,-1.325,2.4658,329.2184,0.2209,0.2089,8.0363,-79.0686,11.0698,-134.5373,119.0793,7.8574
4:17:37 PM,42.4718306,-82.8474891,,9.0389,264.0075,245.9422,65.41,-0.3421,2.4698,329.8461,0.2199,0.2087,7.4969,-80.4158,10.832,-136.965,115.9818,7.5309
4:17:38 PM,42.4718242,-82.8475488,14.229,9.0194,265.9899,247.9305,,-1.0393,2.2039,330.4932,0.2189,0.2085,6.7942,-89.7442,11.2694,-142.923,,7.5309
4:17:39 PM,42.4718209,-82.8476052,,9,268.6313,,84.1354,-0.632,2.5252,331.09,0.2179,0.2082,6.4047,-91.7705,11.1692,-145.0294,113.9987,7.5309
4:17:40 PM,42.4718207,-82.8476617,14.4587,8.9417,270.1954,250.4639,31.6101,-0.1961,2.4433,331.671,0.2167,0.2077,6.3028,-94.6397,11.3907,-146.5287,114.7556,7.2959
4:17:41 PM,42.4718215,-82.8477193,,9.0777,270.9861,251.0547,-47.1453,-0.3693,1.9204,332.2604,0.2154,0.2071,6.5053,-95.1221,11.5666,-145.932,116.5684,7.273
4:17:42 PM,42.4718191,-82.8477774,14.393,9.0583,270.0121,250.856,,,,332.8888,0.2144,0.2067,5.8876,-96.5823,11.3523,-148.9887,115.8518,7.2959
4:17:43 PM,42.4718182,-82.8478337,,8.9028,269.6282,249.7686,-28.4164,-0.6369,2.6001,333.4894,0.2133,0.2063,5.1066,-99.1429,11.0386,-152.8232,111.6623,7.2959
4:17:44 PM,42.4718183,-82.847888,14.0978,8.7278,269.2042,248.9099,-39.6682,-0.2047,2.0464,334.0715,0.2122,0.2058,4.9884,-96.579,10.6336,-152.2234,111.9328,5.9094
4:17:45 PM,42.4718175,-82.8479468,,8.7278,267.2676,,1.5711,0.9184,2.1212,334.6511,0.2112,0.2054,5.3839,-98.482,10.9523,-150.909,111.0028,
4:17:46 PM,42.4718155,-82.8479996,13.9665,8.8639,267.8119,248.5892,-24.7036,0.1523,2.2644,,,,4.8258,-102.1673,10.8479,-154.2234,107.9181,8.9117
4:17:47 PM,42.4718129,-82.8480539,,8.8639,267.5713,247.7304,-35.976,0.8959,2.1862,335.5463,0.2099,0.2048,5.1529,-101.2722,11.0117,-152.6824,109.0884,8.6997
4:17:48 PM,42.4718096,-82.8481093,14.1634,8.9611,266.5056,247.6892,-92.221,0.6289,2.2058,336.1686,0.2091,0.2045,4.8989,-101.0982,10.9207,-153.8833,108.2072,8.6768
4:17:49 PM,42.4718064,-82.8481652,,9.1749,265.7436,246.1671,-32.2289,0.9038,2.4923,336.8156,0.2083,0.2042,5.0877,-101.4281,11.2347,-153.6484,107.1279,8.6997
4:17:50 PM,42.4718024,-82.8482213,14.2946,9.1555,265.4743,246.0054,,-0.5048,2.8234,337.4732,0.2075,0.2039,4.7376,-100.0407,10.998,-154.902,105.9579,8.6997
4:17:51 PM,42.4717984,-82.8482786,,9.3304,265.331,,23.9852,,,338.1328,0.2068,0.2036,5.1049,-98.5628,11.1177,-152.9961,104.6122,8.5908
4:17:52 PM,42.4717945,-82.848336,14.6555,9.0194,265.4513,245.6357,12.7162,-0.0068,1.9938,338.8152,0.2061,0.2033,5.9205,-97.7921,11.5823,-149.5727,108.9015,8.4991
4:17:53 PM,42.4717902,-82.848399,14.4587,,,245.0912,-36.0585,-0.4947,2.0785,339.4978,0.2054,0.203,5.2147,-97.1886,11.0537,-152.0923,107.2749,9.3414
4:17:54 PM,42.4717867,-82.8484577,,9.1166,265.1534,244.6742,76.4211,0.139,2.5197,340.1876,0.2047,0.2027,6.0668,-96.333,11.5547,-148.5439,109.5416,5.7833
4:17:55 PM,42.4717831,-82.8485149,14.0978,9.0972,265.7493,246.2029,1.3888,-0.581,2.187,340.8925,0.2041,0.2024,5.6259,-95.8532,11.1786,-149.9569,108.136,7.6168
4:17:56 PM,42.4717804,-82.8485745,,9.4665,266.1274,245.8752,-58.6033,0.385,2.2593,341.5849,0.2034,0.2021,5.9618,-94.9371,11.3764,-148.5266,110.6222,7.6454
4:17:57 PM,42.4717777,-82.8486322,14.0322,9.1944,266.0701,245.4495,,-0.0755,2.9054,342.3097,0.2028,0.2017,5.8198,-99.9043,11.6854,-150.6185,108.8865,7.6913
4:17:58 PM,42.4717737,-82.8486911,,9.2721,266.1504,,38.8809,-0.2818,2.5019,343.0124,0.2022,0.2014,5.734,-96.1265,11.2875,-149.6622,109.0455,6.6542
4:17:59 PM,42.4717711,-82.8487502,14.1634,9.1749,266.9926,245.6206,50.1086,0.1408,2.5706,344.117,0.2014,0.2008,5.8257,-97.5137,11.3641,-149.4534,110.7215,6.6714
4:18:00 PM,42.4717701,-82.8488068,14.3274,9.0389,267.2103,246.1869,-39.8985,0.2764,2.4246,344.8085,0.2007,0.2004,5.9009,-97.8268,11.4424,-149.2758,110.8041,6.6313
4:18:01 PM,42.4717687,-82.8488687,,9.0583,266.4827,245.0222,-32.4042,0.3913,2.4219,345.5034,0.2002,0.1999,,,,,109.8696,6.6313
4:18:02 PM,42.4717671,-82.8489244,14.393,8.8445,267.1473,245.0252,57.5788,,,346.1997,0.1997,0.1995,5.8488,-98.0784,11.3366,-149.2825,108.4486,6.6714
4:18:03 PM,42.4717675,-82.8489787,,8.825,267.6572,245.8052,,-1.0542,2.8234,,,,5.409,-100.4236,11.1605,-151.5328,110.9204,6.6084
4:18:04 PM,42.4717653,-82.849035,13.9665,9,267.7604,246.2263,16.3121,-0.4427,2.2145,347.2159,0.1988,0.1988,5.7017,-96.7136,11.0415,-149.1466,112.2824,6.6542
4:18:05 PM,42.4717621,-82.8490934,,9.0194,267.1702,245.2659,-88.6732,0.0904,1.9655,348.312,0.1983,0.1983,5.5701,-93.5618,10.8654,-149.2257,112.9039,5.6401
4:18:06 PM,42.4717583,-82.8491491,13.9009,9.3499,265.8295,,-66.1697,0.8736,1.8505,349.0232,0.198,0.198,6.214,-95.3393,11.593,-147.7451,109.1492,5.6401
4:18:07 PM,42.4717545,-82.8492051,,9.6026,264.7351,243.8059,-6.1742,1.0862,2.1715,349.7417,0.1978,0.1977,5.9166,-96.9418,11.6411,-149.7,108.7403,5.6401
4:18:08 PM,42.4717511,-82.8492614,14.2946,9.2916,264.5633,242.7569,46.2721,0.3309,2.2361,,,,6.0988,-94.6399,11.5577,-148.2678,107.9831,5.6401
4:18:09 PM,42.4717465,-82.8493255,14.3274,9.0972,265.1821,243.0478,8.7766,0.7468,1.9793,350.8332,0.1975,0.1973,5.7984,-91.076,10.9923,-148.1698,110.6395,
4:18:10 PM,,,14.393,9.2527,266.0128,243.4022,-36.2132,0.3091,2.4381,351.9429,0.1972,0.1968,5.9127,-90.1635,11.0308,-147.5874,109.6645,5.6515
4:18:11 PM,42.471744,-82.8493823,,9.4471,266.0014,242.2707,,,,352.6823,0.197,0.1964,5.7978,-91.8463,11.1851,-148.796,110.8038,5.6286
4:18:12 PM,42.4717409,-82.8494399,14.8852,9.5054,263.9502,,8.78,0.5037,2.1009,353.4478,0.1969,0.1961,5.9037,-87.4615,10.8707,-147.1428,111.2152,5.6401
4:18:13 PM,42.4717372,-82.849499,,9.2138,263.8184,241.7234,-39.9776,0.2667,1.7559,354.2231,0.1969,0.1958,6.1836,-88.2612,11.0123,-145.8569,111.4213,5.6401
4:18:14 PM,42.4717325,-82.8495586,15.3117,9.2138,263.9445,241.7287,16.2571,0.762,2.9213,354.9771,0.197,0.1956,6.8439,-93.6664,11.819,-144.6992,,5.6401
4:18:15 PM,42.4717271,-82.8496164,,9.0389,263.6924,242.4664,42.4837,-0.1287,2.6576,355.7125,0.1971,0.1954,6.7359,-93.3013,11.6102,-144.6054,111.1194,5.8005
4:18:16 PM,42.4717231,-82.849673,14.8196,8.8639,265.5545,,-21.2625,-0.2009,2.1796,356.5353,0.1971,0.195,6.8178,-91.8855,11.4383,-143.4356,112.3403,5.8234
4:18:17 PM,42.47171894,-82.84973705,15.1476,9.0389,265.1133,242.7243,23.7376,-0.6851,2.127,357.2611,0.1971,0.1947,6.7984,-91.5846,11.459,-143.6261,113.5733,5.8234
4:18:18 PM,42.47171683,-82.84979336,,9.0389,265.8868,243.9797,87.4666,-0.5762,2.6299,357.9134,0.1972,0.1943,6.8978,-93.5865,11.7332,-144.0739,112.9518,5.8234
4:18:19 PM,42.47171436,-82.84984962,15.4429,9.0972,266.2077,245.3074,117.43,-0.804,2.8577,358.6555,0.1972,0.194,6.7908,-93.8242,11.6968,-144.6006,113.2064,5.8005
4:18:20 PM,42.47171234,-82.84990679,,8.7862,268.5281,,,,,,,,6.9874,-94.1376,11.6844,-143.3838,113.9336,5.7833
4:18:21 PM,42.47171307,-82.84996255,16.2631,8.7862,270.396,246.7857,19.9011,-0.6117,2.7513,359.7298,0.1972,0.1932,6.9656,-95.0753,11.6815,-143.5616,115.9996,5.7604
4:18:22 PM,42.4717148,-82.8500234,,8.6501,268.912,245.9665,-81.3165,-0.0381,2.1729,0.5124,0.1971,0.1926,6.7475,-95.772,11.5046,-144.3009,117.3912,5.7604
4:18:23 PM,42.4717159,-82.8500766,16.2631,8.6695,268.5109,244.7315,-36.3164,-0.1927,2.6266,1.1989,0.197,0.192,6.1935,-96.3616,11.1583,-146.5204,114.2687,5.7604
4:18:24 PM,42.4717143,-82.8501308,,9.0972,268.0125,245.0262,16.1746,-0.0253,2.0453,2.2469,0.1973,0.1914,5.4423,-94.276,10.6104,-149.2365,112.9749,5.7604
4:18:25 PM,42.4717124,-82.8501858,16.1975,8.825,268.3792,245.3575,-13.8335,-0.393,1.9222,2.8912,0.1975,0.1911,5.2283,-93.1,10.484,-150.1344,111.5162,5.7203
4:18:26 PM,42.4717105,-82.8502418,,9,268.7115,245.2211,-6.3461,-0.1432,2.247,3.6007,0.1978,0.1907,5.3874,-95.5343,10.8809,-150.474,111.1592,5.7203
4:18:27 PM,42.4717083,-82.8502975,16.1975,8.9805,267.6859,243.2395,-100.1003,-0.1817,2.6759,4.3179,0.198,0.1903,5.4291,-97.7269,11.0845,-150.9651,109.9126,5.7375
4:18:28 PM,42.4717068,-82.8503533,,8.825,266.517,,-10.1035,0.8551,2.7073,5.0229,0.1984,0.1899,6.5271,-99.1168,11.8026,-146.9046,110.6842,6.1042
4:18:29 PM,42.4717042,-82.8504087,16.4272,8.8639,265.3253,242.0036,-17.6185,0.5667,2.3845,,,,6.056,-96.828,11.2891,-147.8157,109.3584,5.6974
4:18:30 PM,42.4717012,-82.8504694,,8.9805,265.9097,242.0775,,,,6.1363,0.199,0.1894,6.4128,-97.9219,11.6525,-146.9694,110.7863,7.2157
4:18:31 PM,42.4716981,-82.8505224,16.1975,8.9805,265.4342,241.9368,-21.3622,0.3502,1.871,6.8009,0.1995,0.1891,6.0458,-101.1087,11.7954,-149.8046,108.141,7.2157
4:18:32 PM,42.4716945,-82.8505766,,9.2138,265.3368,241.6949,-6.3701,-0.2508,2.416,7.4764,0.2,0.1888,6.3171,-101.4932,12.0908,-149.2029,107.493,7.1928
4:18:33 PM,42.4716911,-82.8506317,16.0663,9.0389,264.8154,240.6306,-10.131,0.4305,2.4026,8.1601,0.2005,0.1885,6.4855,-98.2629,11.8378,-147.1684,108.7295,
4:18:34 PM,42.4716866,-82.8506895,,8.8639,264.2711,240.4288,-21.3793,0.5046,2.3146,8.8708,0.2012,0.1882,6.4457,-98.9111,11.796,-147.3275,108.5817,7.1928
4:18:35 PM,42.4716828,-82.8507458,16.1319,9.0194,265.2966,,34.8588,0.6102,2.1361,9.5603,0.2018,0.1879,6.4493,-97.2959,11.6808,-146.7937,108.5788,7.2157
4:18:36 PM,42.4716786,-82.8508031,,9.2138,266.0644,241.4243,-40.1254,1.1859,1.9195,10.2566,0.2025,0.1877,6.5517,-96.1717,11.8424,-146.6307,109.9689,7.1298
4:18:37 PM,42.4716738,-82.850862,15.2133,9.2916,264.42,241.1488,1.131,-0.1693,2.908,10.8962,0.2032,0.1874,6.1388,-98.8458,11.9876,-149.6017,107.966,7.1928
4:18:38 PM,42.4716682,-82.8509267,,9.4665,264.781,240.6565,,,,11.6693,0.2041,0.1872,6.3012,-94.4339,11.7518,-147.6838,108.1796,7.147
4:18:39 PM,42.4716649,-82.8509865,15.5741,9.6026,262.7527,241.483,98.6118,0.2565,2.8144,12.7437,0.2052,0.1866,,,,,108.0521,7.147
4:18:40 PM,42.4716622,-82.8510457,,9.0389,265.8524,242.041,38.5921,-0.0792,2.5309,,,,6.3863,-95.7768,11.7588,-147.2924,110.9425,7.147
4:18:41 PM,42.4716591,-82.851104,15.3117,9.2332,266.3681,242.2522,-10.1689,-0.2732,2.2339,13.7724,0.2063,0.1861,6.3536,-92.8139,11.4126,-146.2175,111.3879,7.147
4:18:42 PM,42.4716568,-82.8511616,,9.2332,268.1271,,,,,14.4488,0.2071,0.1857,6.4989,-93.565,11.5825,-145.9437,112.1249,7.0668
4:18:43 PM,42.4716566,-82.8512181,15.5085,9.0972,269.1756,,,,,15.1165,0.2077,0.1853,6.5558,-93.9108,11.6412,-145.8167,112.708,7.0668
4:18:44 PM,42.4716574,-82.8512726,,8.8056,269.7829,,,,,15.7624,0.2083,0.1847,6.5707,-95.3838,11.687,-145.9619,112.7781,7.0668
4:18:45 PM,42.4716579,-82.8513266,15.5085,8.825,269.5079,242.3129,23.5829,-0.4672,2.2268,16.3956,0.209,0.1842,6.5569,-97.3357,11.7335,-146.3412,112.504,7.0438
4:18:46 PM,42.4716582,-82.8513863,,8.9222,268.4078,,,,,17.0355,0.2097,0.1837,6.5573,-98.0543,11.7651,-146.5056,111.7535,7.0438
4:18:47 PM,42.4716562,-82.851438,15.3773,8.8639,266.2821,,,,,17.6627,0.2105,0.1832,6.5378,-98.4996,11.7942,-146.7539,110.3282,7.0897
4:18:48 PM,42.4716524,-82.8514907,,8.9417,265.331,240.5075,-51.4115,0.3471,2.1229,18.2388,0.2113,0.183,6.5085,-99.1558,11.834,-147.1134,109.0827,7.0897
4:18:49 PM,42.4716485,-82.8515443,15.4429,8.9805,265.755,240.6807,42.3221,0.2774,2.4261,18.8146,0.2123,0.1827,6.5995,-100.375,12.008,-147.2751,108.0042,7.0897
4:18:50 PM,42.4716449,-82.8515985,,8.8056,265.6805,240.9115,23.5589,-0.3829,2.8076,19.3983,0.2133,0.1825,6.3449,-101.2896,11.8912,-148.4492,,7.0668
4:18:51 PM,42.4716426,-82.8516507,15.5741,8.3391,267.0614,241.1149,16.0474,0.0969,2.5663,19.9777,0.2143,0.1822,6.3932,-100.1825,11.6975,-147.4565,108.4835,7.0897
4:18:52 PM,42.4716402,-82.8517032,15.6398,8.5918,267.3249,,12.2968,-0.4522,2.3971,20.5397,0.2152,0.1818,6.5285,-100.6285,11.7412,-146.8732,109.9805,7.0266
4:18:53 PM,42.4716381,-82.8517609,,8.5529,266.2191,241.4279,,,,21.1035,0.2161,0.1815,6.6241,-99.7191,11.6822,-146.021,110.1064,7.0266
4:18:54 PM,42.4716354,-82.8518131,15.5741,8.8445,264.9128,240.4003,-88.9208,-0.0531,2.5078,21.926,0.2176,0.181,6.4458,-100.2056,11.6366,-146.9643,109.9768,7.0266
4:18:55 PM,42.4716324,-82.8518667,,8.8445,266.5743,240.2259,19.822,-0.0996,2.2545,22.4891,0.2187,0.1807,6.4832,-98.4759,11.5678,-146.3355,109.138,7.0266
4:18:56 PM,42.4716296,-82.8519212,15.4429,9.0972,265.6347,241.1601,-13.9366,-0.4248,2.0237,23.0552,0.2198,0.1804,6.3471,-96.9487,11.4736,-146.6927,110.558,
4:18:57 PM,42.4716264,-82.851978,,9.1749,266.0071,240.6042,-25.1781,0.1852,2.2756,23.637,0.2209,0.18,6.5297,-97.1826,11.809,-146.7288,109.9074,7.0266
4:18:58 PM,42.471623,-82.8520337,15.5741,9.0583,263.7554,239.1115,-70.1575,0.9369,2.416,24.1964,0.2221,0.1797,6.8493,-97.0091,12.0861,-145.7729,109.7997,7.0266
4:18:59 PM,42.4716181,-82.8520906,,9.3304,263.3257,,,,,24.7525,0.2235,0.1795,6.5592,-98.5743,11.9974,-147.2751,108.3898,7.0152
4:19:00 PM,42.4716127,-82.8521524,15.5741,9.4276,261.8016,,,,,25.2972,0.2248,0.1793,6.5565,-98.5055,11.9065,-147.0018,107.0831,7.0152
4:19:01 PM,42.4716079,-82.8522083,15.6398,9.0194,264.2711,,,,,25.8338,0.2261,0.1791,6.5824,-98.3537,11.8642,-146.7069,106.7587,7.0152
4:19:02 PM,42.4716033,-82.8522645,,8.9028,265.0847,237.4152,-36.4092,0.9477,2.7923,,,,6.5857,-96.8137,11.7024,-146.0276,107.709,7.0266
4:19:03 PM,42.4715994,-82.8523213,15.7054,9,265.6404,239.1109,-55.1724,-0.4634,2.3276,26.6361,0.2281,0.1787,6.1508,-96.4334,11.4233,-147.6525,107.5852,7.0266
4:19:04 PM,42.4715958,-82.8523784,,9.1166,265.3883,,76.0808,-0.1672,2.4344,27.1746,0.2294,0.1784,6.5598,-94.5112,11.6106,-145.72,109.3473,7.0152
4:19:05 PM,42.4715913,-82.8524359,15.6398,9.4082,265.7665,238.971,,,,27.9725,0.2316,0.178,6.4214,-95.896,11.6869,-146.8693,108.9083,7.0266
4:19:06 PM,42.4715881,-82.8524931,,9.1555,268.0067,239.4999,49.8095,-1.3648,2.7777,28.5027,0.2329,0.1776,6.8582,-94.6782,11.8643,-144.8212,109.5207,6.8891
4:19:07 PM,42.4715866,-82.8525492,15.7054,9.1555,267.9552,240.5508,42.298,-0.3551,2.3853,,,,7.072,-93.2663,11.7653,-143.1221,113.0391,6.9121
4:19:08 PM,42.4715846,-82.852612,15.6398,8.9805,266.2649,239.2027,-103.9471,1.0967,2.3099,29.2852,0.2348,0.177,7.4086,-95.7035,12.2416,-142.9722,114.7721,12.0458
4:19:09 PM,42.471581,-82.8526692,,9.2527,265.0732,,-73.9184,0.7859,1.9714,29.8033,0.2362,0.1766,5.9412,-96.5471,11.4259,-148.8967,108.4465,10.7795
4:19:10 PM,42.4715765,-82.8527268,15.5741,,,238.2827,16.0749,0.462,1.9946,30.3091,0.2377,0.1764,5.582,-94.7874,11.2061,-150.2388,106.5417,10.7623
4:19:11 PM,42.471572,-82.8527853,,9.4276,265.2795,238.5792,-21.4206,0.6741,2.6111,30.8093,0.2392,0.1761,5.6769,-94.625,11.3532,-150.1062,106.466,10.7394
4:19:12 PM,42.4715678,-82.8528429,15.5741,9.2527,263.996,237.9584,-28.9183,0.2496,2.4972,31.3009,0.2408,0.1759,5.5573,-91.0836,10.9498,-149.5068,106.2914,10.6993
4:19:13 PM,42.4715636,-82.8529003,,9.2721,264.0247,237.6015,,,,31.7833,0.2424,0.1756,5.6147,-88.7871,10.6942,-148.338,106.7974,10.6993
4:19:14 PM,42.4715606,-82.8529574,15.3117,9.3499,264.2768,239.0224,83.5579,0.4863,2.0007,32.2634,0.2439,0.1753,5.8391,-87.3394,10.6952,-146.9499,109.6301,10.6993
4:19:15 PM,42.4715582,-82.8530158,,9.1944,265.9384,238.7322,-92.6851,0.2979,1.8229,32.745,0.2454,0.1749,5.9032,-86.2645,10.7475,-146.7636,110.6356,10.5847
4:19:16 PM,42.471553,-82.8530795,15.4429,9.2916,264.9873,,-163.9015,1.3652,2.6558,33.2305,0.247,0.1746,5.9632,-88.0436,10.9614,-147.0643,108.5892,10.9056
4:19:17 PM,42.4715472,-82.8531382,,9.3887,262.81,234.9852,-212.6384,0.8692,2.466,33.6788,0.2487,0.1744,,,,,104.853,10.9056
4:19:18 PM,42.4715396,-82.853197,15.5085,9.4082,260.0999,231.7947,49.8576,1.375,2.6021,34.125,0.2504,0.1742,5.5512,-86.5858,10.6975,-148.8017,103.5929,11.2322
4:19:19 PM,42.4715315,-82.8532552,,9.2916,258.7592,232.4873,76.0842,-0.2718,1.7654,34.5499,0.2523,0.1741,5.589,-89.0238,10.8685,-149.0587,104.775,10.0289
4:19:20 PM,42.4715249,-82.8533133,15.0164,9.3887,259.6874,234.2851,57.3141,0.0051,2.2369,35.1876,0.255,0.174,6.83,-87.222,11.2328,-142.6034,108.6533,
4:19:21 PM,42.4715189,-82.853371,,9.1555,261.6813,235.331,,,,,,,7.5979,-89.8017,11.8651,-140.1822,110.4418,9.88
4:19:22 PM,42.4715144,-82.8534284,15.082,9.2138,261.5839,,12.3243,0.088,2.4013,35.8056,0.2577,0.1737,7.6226,-90.7669,11.8629,-140.0215,109.3381,9.9201
4:19:23 PM,42.4715093,-82.8534891,,8.8833,262.8444,236.1277,49.8095,-0.4716,2.3553,36.2284,0.2594,0.1735,7.5467,-93.3572,11.9827,-141.0445,109.7429,10.3441
4:19:24 PM,,,14.9508,8.689,264.3799,237.8637,79.8176,-0.377,2.216,36.6277,0.261,0.1732,7.3149,-93.7907,11.8469,-141.9678,110.9905,9.9373
4:19:25 PM,42.4715059,-82.8535447,,8.9222,265.0732,239.7404,106.0682,-1.0815,2.2921,37.0353,0.2627,0.1729,7.3449,-95.4058,11.9943,-142.4365,111.8156,9.9373
4:19:26 PM,42.4715031,-82.8536002,14.7867,8.8445,267.4796,240.7598,-21.4275,-0.7475,2.17,37.4411,0.2643,0.1725,7.4579,-95.9682,12.1462,-142.3611,112.8023,9.7654
4:19:27 PM,42.4715011,-82.8536539,,8.9611,267.6343,240.3816,16.0921,-0.039,2.3219,37.8346,0.2658,0.1722,6.899,-95.7806,11.7775,-144.3525,111.0899,9.7482
4:19:28 PM,42.4714995,-82.8537084,14.7867,8.7667,267.4682,240.4446,34.8244,0.175,2.6467,38.2274,0.2674,0.1718,6.2652,-96.3407,11.3876,-146.8515,,9.7482
4:19:29 PM,42.4714977,-82.8537624,,8.8056,268.0411,241.1673,,-0.1431,2.2593,38.6143,0.2689,0.1714,6.2048,-98.6458,11.4933,-147.7424,110.1484,9.6393
4:19:30 PM,42.4714965,-82.8538162,15.0164,8.7473,268.3677,239.7638,-88.9208,,,38.9991,0.2705,0.171,6.1866,-98.5348,11.4598,-147.7327,110.7994,9.6393
4:19:31 PM,42.4714946,-82.8538686,,8.6112,266.3222,,-73.8944,0.2032,2.6177,39.3979,0.2722,0.1706,6.0856,-100.5451,11.5121,-148.6883,109.1012,9.6393
4:19:32 PM,42.47149195,-82.85392883,15.2133,8.689,266.5858,238.2695,12.3518,0.1265,2.4902,39.9466,0.2746,0.17,6.1334,-99.6768,11.4729,-148.1976,108.0129,9.6393
4:19:33 PM,42.47148997,-82.85398156,,8.2419,265.8123,238.4419,-10.1482,-0.6761,2.7977,40.3064,0.2764,0.1697,5.9731,-101.6592,11.4146,-149.1705,106.4439,9.4961
4:19:34 PM,42.47148651,-82.85403648,15.2133,8.6306,265.5545,237.835,-13.8954,-0.2622,2.4839,40.6619,0.278,0.1694,6.2545,-100.9259,11.5534,-147.8902,107.6231,9.4732
4:19:35 PM,42.47148359,-82.85409083,,8.9028,265.1305,,-32.6586,-0.4012,2.5927,40.9662,0.2796,0.1692,6.2784,-100.7011,11.6146,-147.9159,107.2496,9.4961
4:19:36 PM,42.47147949,-82.85414466,14.7867,8.3196,264.2138,237.2411,27.3542,-0.8214,2.7284,,,,6.1634,-100.5974,11.4439,-148.0357,105.8219,9.4732
4:19:37 PM,42.47147672,-82.85419769,,8.4946,265.3138,237.7369,76.1014,-0.7386,2.7317,41.4706,0.2821,0.1687,6.1731,-101.2247,11.4654,-148.1222,105.7421,9.0377
4:19:38 PM,42.471473,-82.8542511,14.5899,8.4168,266.1905,238.3504,72.3439,-1.3166,2.5765,41.8008,0.2839,0.1685,6.1569,-98.9131,11.2075,-147.1307,107.6822,8.8716
4:19:39 PM,42.4714704,-82.8543087,,8.4363,268.4708,239.9867,,-0.4028,2.0138,42.163,0.2857,0.1681,6.3922,-98.0186,11.3036,-145.9465,109.4939,8.8945
4:19:40 PM,42.4714688,-82.8543606,14.8196,8.5529,266.9296,239.355,-62.6254,0.3662,2.2397,42.4888,0.2873,0.1677,6.4015,-94.7053,11.1251,-145.0072,111.9286,8.8716
4:19:41 PM,42.4714663,-82.8544149,,8.8833,266.2592,239.1195,-25.1059,,,42.8232,0.2891,0.1674,6.1385,-94.8635,11.1632,-146.7764,111.011,
4:19:42 PM,42.4714645,-82.8544693,14.6555,8.8445,266.5858,239.7212,72.3818,-0.1374,2.8708,43.157,0.2908,0.167,6.2723,-95.3765,11.3424,-146.5946,109.5329,8.4419
4:19:43 PM,42.4714639,-82.8545248,,8.7667,267.6229,,-6.377,-0.5405,2.5029,43.5037,0.2925,0.1665,5.7262,-94.5662,10.8786,-148.352,110.6494,8.4419
4:19:44 PM,42.4714624,-82.8545796,14.8196,8.8056,268.6141,240.3243,31.1116,-0.7047,2.7182,43.8346,0.2942,0.1661,5.8558,-96.0729,11.0248,-148.1186,109.5443,8.4419
4:19:45 PM,42.4714614,-82.8546344,,8.6112,269.1584,240.7718,-36.3714,0.3419,2.0489,44.1681,0.296,0.1656,5.8881,-97.3359,11.169,-148.4752,111.0859,8.4419
4:19:46 PM,42.4714599,-82.8546879,14.5899,9.0194,269.3818,240.9993,-10.107,0.4636,2.277,44.4498,0.2975,0.1653,5.9082,-99.5695,11.5398,-149.6778,108.8712,8.4419
4:19:47 PM,42.471459,-82.8547499,14.5899,9.1944,268.4594,240.263,4.9022,0.3389,2.4791,44.8159,0.2995,0.1648,5.7014,-102.7322,11.7169,-151.6648,107.7931,8.4419
4:19:48 PM,42.4714578,-82.8548053,,9,266.9353,,,-0.0918,2.109,45.1372,0.3013,0.1644,5.488,-99.9641,11.3298,-151.5049,106.5436,8.396
4:19:49 PM,42.4714558,-82.8548602,14.4587,8.9805,268.5969,239.8425,83.6335,-0.1281,2.1818,45.4462,0.3031,0.164,5.5844,-100.0779,11.3506,-151.0266,106.5603,7.1928
4:19:50 PM,42.4714553,-82.8549156,,8.9417,269.9949,240.5909,-58.892,0.2219,2.0287,45.7664,0.3048,0.1635,5.1021,-99.2076,11.0328,-152.8394,108.4559,7.0152
4:19:51 PM,42.4714541,-82.8549715,14.4587,9.0777,268.488,,-62.6117,0.5491,2.4228,46.2297,0.3076,0.1629,4.5284,-97.8262,10.6725,-155.1433,106.3138,7.0266
4:19:52 PM,42.4714528,-82.8550273,,9.1555,267.2848,238.6845,-73.829,1.4429,2.4607,,,,4.4396,-95.6044,10.5052,-155.1281,106.0003,7.0266
4:19:53 PM,42.4714505,-82.8550891,14.5243,9,264.1106,236.1306,-118.8154,,,46.6857,0.3104,0.1623,,,,,101.2139,7.0266
4:19:54 PM,42.4714466,-82.8551458,,9.2527,262.6152,234.1651,19.9321,0.3874,2.0955,46.9703,0.3124,0.162,3.7016,-91.6781,9.8984,-158.0498,100.9712,7.0438
4:19:55 PM,42.4714417,-82.8552016,14.4587,8.9611,263.1194,,38.6678,-0.1204,2.5179,47.2384,0.3144,0.1618,3.7779,-91.8781,9.909,-157.601,99.3599,7.0438
4:19:56 PM,42.4714376,-82.8552579,,9.136,263.234,235.0263,,0.0457,2.5891,47.5122,0.3164,0.1615,3.878,-91.6157,9.8886,-156.9202,101.399,7.0152
4:19:57 PM,42.4714332,-82.855314,14.393,8.8833,263.9788,235.5524,49.9195,-0.4518,2.4661,47.9123,0.3194,0.1611,3.973,-90.1161,9.7622,-155.9851,103.2312,7.0152
4:19:58 PM,42.4714292,-82.8553698,,8.9028,265.1992,237.0079,16.1608,-0.0478,1.9186,48.1845,0.3214,0.1608,5.035,-92.937,10.4291,-151.1741,106.5623,7.0266
4:19:59 PM,42.4714262,-82.8554258,14.3274,9.1166,264.3799,236.928,-55.0624,-0.2674,1.7769,48.4573,0.3234,0.1605,5.403,-93.2325,10.7146,-149.7705,106.8989,7.0152
4:20:00 PM,42.4714226,-82.855483,,8.9611,263.4976,235.4231,-6.3048,0.3181,2.499,48.7076,0.3255,0.1603,5.7051,-93.2611,10.9662,-148.7077,105.0805,7.0266
4:20:01 PM,42.4714157,-82.8555454,14.2946,8.7667,262.2371,234.4895,1.186,-0.118,2.5831,48.9442,0.3276,0.1601,5.8663,-95.069,11.1807,-148.491,103.705,7.0266
4:20:02 PM,42.4714102,-82.8556003,,8.7084,261.9277,234.5593,16.1815,-0.6598,2.3576,49.1774,0.3296,0.1599,5.7413,-95.1533,10.9528,-148.5292,103.8616,7.147
4:20:03 PM,42.4714052,-82.855654,14.0978,8.6695,263.3486,,,,,49.4094,0.3316,0.1597,5.4392,-95.3792,10.6925,-149.5725,105.5907,7.1928
4:20:04 PM,42.4714017,-82.8557086,,8.5529,264.2596,236.1699,79.9207,-0.2415,2.3892,49.6537,0.3336,0.1594,6.0026,-96.1304,11.0845,-147.4228,107.0103,
4:20:05 PM,42.471399,-82.8557638,14.0978,8.6501,265.0789,237.4014,23.6895,-0.5707,2.3486,49.9052,0.3355,0.1591,6.526,-96.1889,11.3982,-145.3049,107.9277,7.0897
4:20:06 PM,42.4713952,-82.8558177,14.0322,8.689,265.4342,237.3254,-10.052,-0.2259,2.2031,50.1368,0.3375,0.1588,6.7052,-97.5686,11.6284,-145.1383,109.1618,7.0897
4:20:07 PM,42.4713918,-82.8558699,,8.5723,265.6347,237.0848,-51.2843,-0.1101,2.865,50.3595,0.3394,0.1585,6.8253,-98.7434,11.7739,-145.0429,107.898,7.0897
4:20:08 PM,42.4713887,-82.8559234,13.9665,8.4363,264.6377,236.3034,-51.2706,0.1939,2.8582,50.5858,0.3414,0.1582,7.008,-99.4492,11.916,-144.5398,106.8586,7.1126
4:20:09 PM,42.4713849,-82.8559806,,8.4751,263.1996,235.6389,,0.0841,2.4999,50.7994,0.3433,0.158,6.4593,-100.8546,11.5429,-146.6615,106.0767,7.7543
4:20:10 PM,42.4713793,-82.8560334,13.9009,8.4168,264.5117,237.4541,23.7273,,,51.0045,0.3453,0.1578,6.736,-98.9215,11.5831,-144.9355,,7.7772
4:20:11 PM,42.4713762,-82.8560851,,8.4946,267.6802,,297.4407,0.0425,2.5342,51.2231,0.3472,0.1575,6.5031,-101.6606,11.6458,-146.8463,106.6644,7.7772
4:20:12 PM,42.4713755,-82.8561354,13.6713,8.3391,273.7879,243.229,353.6479,-1.3876,2.4468,51.4559,0.3489,0.157,6.3036,-101.6496,11.5089,-147.5587,108.0583,6.9121
4:20:13 PM,42.4713798,-82.8561852,,8.3391,280.3196,248.4252,436.0507,-2.0684,3.0583,,,,6.2986,-105.0606,11.6937,-148.6587,112.6797,6.8891
4:20:14 PM,42.4713895,-82.8562344,13.6713,8.0475,287.7852,255.9684,360.9875,-3.3127,2.8515,51.8661,0.3511,0.1558,6.0013,-105.5555,11.4248,-149.5993,117.0311,3.4342
4:20:15 PM,42.4714036,-82.8562827,,8.1447,294.6665,263.0297,424.682,-2.9866,3.2396,52.1782,0.3523,0.1546,5.4918,-104.3788,10.8916,-150.7627,126.6169,0.9705
4:20:16 PM,42.4714218,-82.8563271,13.6056,8.0669,302.2238,270.5088,409.6282,-2.6522,2.7111,52.5134,0.3533,0.1531,4.3991,-119.5328,10.9207,-159.4832,126.5805,0.8616
4:20:17 PM,42.4714441,-82.8563726,13.4744,8.0281,308.9618,277.0146,,-2.2822,3.2176,52.8604,0.354,0.1515,3.8768,-136.3104,11.0782,-166.0113,127.663,0.8616
4:20:18 PM,42.4714661,-82.8564109,13.4744,,,,417.0262,,,53.2059,0.3545,0.1498,3.5545,-155.4108,11.3854,-172.5357,128.6242,0.7986
4:20:19 PM,42.4714901,-82.8564425,,7.9697,315.5852,280.8514,417.0021,-1.5762,3.1341,53.5419,0.3549,0.1481,3.1232,158.2003,10.8985,173.8908,122.1844,0.7814
4:20:20 PM,42.4715162,-82.8564708,13.3432,7.9114,319.6188,288.6062,176.9168,-1.1302,2.6948,53.8627,0.3551,0.1463,3.4346,119.4541,9.9426,162.4948,117.3454,0.8215
4:20:21 PM,42.4715432,-82.8564957,,8.0669,323.5321,292.6154,236.8573,-1.8643,2.9069,54.1856,0.3551,0.1445,4.9505,113.7972,10.7924,155.1841,110.747,-0.777
4:20:22 PM,42.4715729,-82.8565206,13.3432,7.3283,328.4767,,394.227,-1.9954,2.351,54.4966,0.3549,0.1427,5.7274,111.0967,11.0707,151.1399,107.049,-0.7541
4:20:23 PM,42.471603,-82.8565429,,7.9697,333.7995,298.0387,326.6031,-2.2389,3.2644,54.8333,0.3546,0.1407,6.4532,111.8757,11.8098,149.5305,107.9651,-0.8974
4:20:24 PM,42.4716408,-82.8565636,13.3432,7.7948,339.0936,303.1266,285.2092,-1.6667,2.7743,55.1578,0.3542,0.1387,6.646,109.8064,11.7103,147.7263,110.3461,-3.2751
4:20:25 PM,42.4716763,-82.856579,,7.7365,346.8916,308.2539,371.3626,-2.048,3.5408,55.5008,0.3536,0.1365,7.7302,102.7502,12.0155,141.1347,109.3835,-8.3916
4:20:26 PM,42.4717192,-82.8565909,13.3104,7.7365,351.7044,313.1477,,,,55.8442,0.3529,0.1342,7.9892,92.8442,11.3673,135.4156,111.552,-6.7931
4:20:27 PM,42.4717622,-82.8565967,,7.717,359.8576,318.4692,461.239,-3.4655,2.6141,56.2254,0.3517,0.1316,9.0081,87.8552,11.6928,129.6586,105.6505,
4:20:28 PM,42.471805,-82.8565904,13.2448,7.8337,7.1505,,588.6041,-5.4955,3.0473,56.5845,0.3503,0.1291,10.5696,80.4387,12.1216,120.7,88.1345,-12.431
4:20:29 PM,42.471842,-82.8565779,,7.7365,16.6158,322.793,382.384,-2.2936,4.5616,56.8892,0.3486,0.1267,12.0516,60.7642,10.7242,101.2965,61.288,-15.0208
4:20:30 PM,42.4718772,-82.8565603,13.2448,8.0086,23.4454,330.7856,479.9129,-3.5016,3.4379,,,,,,,,49.4489,-17.7022
4:20:31 PM,42.4719106,-82.8565359,13.1791,7.3477,31.1804,338.9993,446.2127,-4.0055,3.7695,57.2445,0.3459,0.1237,12.525,57.5486,10.6155,95.3553,23.8287,-6.2316
4:20:32 PM,42.4719447,-82.8564982,,7.6199,40.0555,351.236,356.3568,-3.0166,3.882,57.4236,0.3439,0.122,13.1661,48.0351,9.886,81.9967,18.3899,-13.2274
4:20:33 PM,42.4719713,-82.8564588,13.3104,7.3283,46.421,3.634,405.1453,-3.1459,2.8838,57.5582,0.3414,0.1204,13.4045,41.9919,9.3198,74.2061,200.3639,-14.8489
4:20:34 PM,42.4719915,-82.856414,,7.5032,53.646,25.2921,187.7629,-3.5186,3.8688,57.624,0.339,0.1192,13.3147,37.0047,8.6503,67.8849,40.2024,12.2979
4:20:35 PM,42.4720093,-82.8563711,13.4088,7.9892,57.7198,,,-1.8469,2.0326,57.6163,0.3367,0.1184,15.553,21.5842,9.0418,39.2555,95.1714,-32.3928
4:20:36 PM,42.4720215,-82.8563264,,7.6976,64.452,41.8798,296.5813,,,57.5903,0.3345,0.1178,15.3778,39.3122,10.6345,66.3663,40.2111,22.4736
4:20:37 PM,42.4720288,-82.8562794,13.54,7.6199,69.007,44.975,341.6192,-1.5063,3.0477,57.519,0.3327,0.1175,16.4057,21.9977,9.8255,38.7129,120.4168,-24.4345
4:20:38 PM,42.4720334,-82.8562333,13.54,7.1533,73.8944,76.9713,229.2221,-1.4604,3.9437,57.3894,0.3307,0.1175,16.2662,28.954,10.4722,48.7597,123.7266,-5.6013
4:20:39 PM,,,,7.3672,78.3119,84.4972,285.4808,-0.8001,2.7496,57.2383,0.3288,0.1176,16.7215,31.9262,11.1439,52.5146,127.1661,4.414
4:20:40 PM,42.4720368,-82.8561812,13.6713,7.6976,82.3226,95.0126,180.5023,-1.7266,2.8601,57.0645,0.327,0.1179,16.8836,24.3838,10.5559,41.3247,141.7232,-7.0624
4:20:41 PM,42.47203493,-82.85613168,,7.4255,87.038,106.4108,184.2735,-1.8193,3.2779,56.8403,0.3252,0.1184,16.966,25.8427,10.807,43.1826,147.2364,-5.8076
4:20:42 PM,42.4720326,-82.85608456,13.6713,7.1339,89.1121,,199.2759,-1.6493,2.3892,56.6187,0.3235,0.119,16.6123,23.6155,10.2341,40.5615,155.5239,-5.8936
4:20:43 PM,42.47202831,-82.85603785,,7.406,93.6671,113.6488,34.3293,-2.0034,2.6821,56.3792,0.3219,0.1197,16.4279,20.7054,9.8273,36.2308,157.5547,-5.4696
4:20:44 PM,42.47202378,-82.85599413,13.8025,7.2894,95.2714,116.1538,23.1292,-1.0951,2.972,56.0086,0.3198,0.1208,17.1128,19.282,10.4658,32.6798,153.6742,-4.1804
4:20:45 PM,42.47201736,-82.85594941,,7.3477,95.4777,115.9242,,,,55.7432,0.3184,0.1216,17.8447,17.1651,11.0442,28.48,151.5983,-4.1919
4:20:46 PM,42.47200998,-82.85590488,13.8353,7.6782,95.0422,115.3459,-40.5826,-0.8178,3.6396,,,,17.6154,15.9259,10.8113,26.5567,148.5221,-3.1491
4:20:47 PM,42.472005,-82.8558543,,7.2894,96.1194,115.1156,-33.0436,-1.4597,3.4483,55.4008,0.3163,0.1226,18.0014,15.0426,11.1027,24.8853,147.5652,-3.235
4:20:48 PM,42.4719993,-82.8558098,14.0322,7.4838,96.1538,114.8466,-21.7816,-0.8899,2.6103,54.9863,0.3141,0.1238,17.9112,12.5261,10.8361,21.0075,,-2.6105
4:20:49 PM,42.4719942,-82.8557655,,7.27,93.1859,115.9165,8.2368,-1.1469,1.4056,54.7454,0.3126,0.1244,17.7065,12.135,10.6679,20.421,147.5588,
4:20:50 PM,42.4719891,-82.8557217,14.1634,7.2116,95.1225,,-25.4909,-0.2512,2.0938,54.4841,0.3112,0.1252,16.999,11.9399,10.0167,20.5546,150.3983,-4.1174
4:20:51 PM,42.4719835,-82.8556779,,7.27,96.3486,116.0578,49.5104,-0.8877,2.3948,54.2067,0.3099,0.126,17.07,11.9342,10.102,20.452,147.821,-2.9887
4:20:52 PM,42.4719757,-82.855634,14.1634,7.6976,96.9903,116.7521,75.7679,-0.6501,2.6989,53.9301,0.3086,0.1269,17.2266,10.9638,10.1645,18.8038,147.3919,-2.9887
4:20:53 PM,42.4719678,-82.8555901,,7.3283,97.907,118.2782,102.0392,-0.6525,1.6329,53.6462,0.3073,0.1277,17.3863,10.7407,10.2706,18.39,148.5251,-3.0918
4:20:54 PM,42.4719594,-82.8555414,14.229,7.4255,99.8952,119.8203,0.8044,-1.3433,3.5095,53.3504,0.3061,0.1286,16.3957,11.1755,9.2277,20.1431,149.6141,-3.0288
4:20:55 PM,42.4719503,-82.8554975,,7.2894,98.8238,120.3707,,,,53.0565,0.3047,0.1295,17.4212,9.8939,10.2612,16.9609,149.3917,-3.2751
4:20:56 PM,42.4719423,-82.8554522,14.229,7.3672,99.7118,120.2736,-21.7025,-1.8561,2.6588,52.745,0.3035,0.1304,16.6539,10.2636,9.4855,18.2297,150.6604,-3.8252
4:20:57 PM,42.4719333,-82.855407,,7.2894,97.2653,,-14.1979,-0.2406,1.3408,52.4444,0.3022,0.1313,17.1735,8.3299,9.9847,14.4289,144.9844,-2.1579
4:20:58 PM,42.471925,-82.8553625,14.393,7.0561,96.5548,118.9687,12.0562,-0.5059,3.491,52.1584,0.3009,0.1321,17.9019,8.4696,10.866,14.0432,147.1206,-2.6964
4:20:59 PM,42.4719191,-82.8553191,,7.2116,97.9987,118.7082,-40.4279,0.091,4.2076,51.8712,0.2996,0.1329,17.1988,8.6572,10.178,14.7352,146.3838,-3.0288
4:21:00 PM,42.4719131,-82.855276,14.393,7.0173,96.7898,118.1157,-2.9358,-0.6217,2.6298,51.6026,0.2983,0.1335,17.4872,8.1945,10.5263,13.6972,143.0737,-1.1208
4:21:01 PM,42.4719086,-82.8552277,,7.0756,97.632,118.2522,-47.9394,-1.0935,4.0068,,,,16.9557,9.2179,10.0664,15.6538,144.3148,-1.2469
4:21:02 PM,42.4719035,-82.8551842,14.4587,6.9201,98.0732,118.4081,0.8182,0.3037,4.104,51.1887,0.2962,0.1345,16.7555,10.2137,9.8761,17.5079,145.6334,-6.4207
4:21:03 PM,42.4718985,-82.8551402,,6.6479,95.2714,118.7358,,-0.983,2.5007,50.9086,0.2949,0.1352,17.8409,8.623,10.8856,14.2249,141.9324,-0.0551
4:21:04 PM,42.4718953,-82.8550965,14.3274,7.1922,97.993,118.9219,15.8033,,,50.6495,0.2935,0.1358,17.6136,10.4419,10.5824,17.5571,146.4524,-3.6647
4:21:05 PM,42.4718895,-82.8550505,,7.3088,98.4456,118.8865,19.5539,-1.1908,2.0724,50.3436,0.2922,0.1365,17.1124,9.8643,9.9524,17.1314,146.9909,-4.0601
4:21:06 PM,42.4718836,-82.8550049,14.5243,7.6976,96.3199,,19.5573,-0.1702,3.1938,50.0362,0.2909,0.1373,,,,,145.15,-2.3011
4:21:07 PM,42.471877,-82.8549594,,7.4255,97.9872,119.1332,-14.1738,-0.6984,2.928,49.7225,0.2896,0.1381,17.509,9.2822,10.3211,15.8803,145.7675,-2.5074
4:21:08 PM,42.4718713,-82.8549136,14.393,7.4838,97.2997,119.3541,27.0826,-0.5224,2.4613,49.4091,0.2883,0.1388,17.6121,8.1534,10.3545,13.9593,145.9699,-2.6105
4:21:09 PM,42.4718644,-82.8548637,14.393,7.4643,98.0732,119.4598,,-0.312,2.8956,49.0631,0.2868,0.1397,17.6809,8.3127,10.3838,14.2513,145.4685,-2.6334
4:21:10 PM,42.471858,-82.8548182,,7.3477,99.0186,120.8608,19.5848,-0.5324,2.3955,48.7787,0.2856,0.1403,17.804,7.8501,10.4882,13.4061,147.5451,
4:21:11 PM,42.4718513,-82.8547734,14.2946,7.2505,98.3482,120.5227,-2.9152,-0.3903,1.9116,48.4521,0.2844,0.1411,17.592,8.4885,10.3644,14.51,146.7733,-2.6105
4:21:12 PM,42.4718427,-82.8547287,,7.2505,99.4483,119.8953,-2.8843,0.2456,2.9161,48.1271,0.2832,0.1419,17.886,7.7942,10.7153,13.0835,144.7103,-2.7996
4:21:13 PM,42.4718371,-82.8546842,14.229,7.2116,97.3455,,-77.865,-0.4776,2.8843,47.7809,0.2821,0.1428,17.7221,7.5824,10.5595,12.7946,144.0791,-2.5532
4:21:14 PM,42.4718328,-82.8546407,,6.9784,95.4777,119.1195,-32.8683,-0.1168,1.1562,47.4615,0.2808,0.1436,16.9392,7.9903,9.8309,13.8578,140.8817,-2.8454
4:21:15 PM,42.4718322,-82.8545954,14.393,7.27,96.8757,118.9671,4.6478,-0.7836,2.2443,47.1628,0.2796,0.1442,17.8615,6.1298,10.6977,10.27,141.7848,0.5064
4:21:16 PM,42.4718331,-82.85455,,7.5227,99.3165,118.8922,-25.3499,-0.0071,2.9099,46.8694,0.2781,0.1446,17.9994,6.2168,10.658,10.5378,141.9742,-0.2385
4:21:17 PM,42.471831,-82.8544985,14.4587,7.4838,97.8898,118.4645,-66.6098,,,46.5529,0.2765,0.1451,17.4996,6.5088,10.0682,11.3631,143.7436,-0.2385
4:21:18 PM,42.4718289,-82.8544489,14.7211,7.5227,96.7095,116.4512,,-0.0678,2.5191,46.2439,0.2751,0.1456,17.7676,7.4605,10.3613,12.865,143.1648,-1.3042
4:21:19 PM,42.4718251,-82.8543976,,7.3866,94.0453,,-44.1063,-0.3344,3.2377,45.777,0.273,0.1464,17.5758,8.7306,10.1974,15.1659,141.3799,-1.4531
4:21:20 PM,42.4718248,-82.8543514,14.6555,7.4255,95.0881,115.5923,-17.8488,-0.6097,2.6317,45.4726,0.2716,0.1468,17.8782,9.6301,10.6222,16.3533,142.9227,-1.4531
4:21:21 PM,42.4718239,-82.8543044,,7.5615,94.0396,116.5534,0.9007,0.312,1.6828,45.1542,0.2701,0.1473,18.2356,8.6755,10.9425,14.5586,140.7235,1.7211
4:21:22 PM,42.4718238,-82.8542588,14.8196,7.3283,94.624,117.2077,4.6685,-1.4413,3.1977,44.8465,0.2687,0.1477,17.6488,9.8068,10.3475,16.8886,,-5.4982
4:21:23 PM,42.4718221,-82.8542125,,7.4449,94.1713,116.8551,45.9111,-0.7091,2.905,,,,18.1057,10.2229,10.9518,17.0622,147.1904,1.9388
4:21:24 PM,42.4718206,-82.8541614,14.9508,7.406,95.0652,,30.9053,-0.3979,1.4417,44.3198,0.2665,0.1486,18.0693,10.1369,10.8607,17.0267,144.9798,-2.261
4:21:25 PM,42.4718185,-82.8541132,,,,117.5372,-10.3339,0.3501,1.7369,43.9891,0.2652,0.1491,17.4338,11.1909,10.2991,19.1793,147.1817,-2.0948
4:21:26 PM,42.471815,-82.8540643,14.9508,7.3477,92.7733,117.1895,,,,43.5127,0.2633,0.1499,17.9194,9.83,10.7502,16.5338,145.5277,-1.4073
4:21:27 PM,42.4718117,-82.8540201,,7.3283,96.171,116.8229,12.1834,-0.5954,3.5466,43.1634,0.2621,0.1505,18.4384,11.2463,11.3454,18.4789,145.747,-10.7981
4:21:28 PM,42.4718077,-82.8539736,14.7211,7.1728,98.2737,118.5539,49.6823,0.4981,2.7891,42.8018,0.2609,0.1511,17.8141,10.0253,10.7181,16.8183,151.9735,0.4262
4:21:29 PM,42.4718034,-82.8539294,,7.406,97.7409,118.9694,-29.073,-0.2581,2.1873,42.4514,0.2597,0.1518,17.9568,9.2044,10.7595,15.4833,145.3992,-1.9287
4:21:30 PM,42.4718003,-82.8538826,14.8196,7.4643,97.5461,118.7707,-32.7892,-0.6659,2.2788,42.0867,0.2585,0.1524,17.919,9.5621,10.6085,16.2955,148.3052,-2.2152
4:21:31 PM,42.4717963,-82.8538366,,7.5032,98.1706,,-29.0249,-0.0673,2.8241,,,,17.8142,9.1185,10.4495,15.6745,145.9563,
4:21:32 PM,42.4717902,-82.8537862,14.7211,7.5227,97.271,118.5765,23.4592,-0.2803,2.8489,41.4826,0.2566,0.1534,18.0801,9.2451,10.6754,15.789,146.2928,-2.2839
4:21:33 PM,,,,7.6199,97.4601,119.3757,,,,40.9071,0.2549,0.1545,17.9594,9.0759,10.5088,15.6393,147.6512,-2.2381
4:21:34 PM,42.4717863,-82.8537394,14.7867,7.717,99.328,119.0034,-25.2949,0.2157,2.4915,40.5515,0.2538,0.155,17.9445,8.6416,10.4359,14.9729,146.0538,-2.2152
4:21:35 PM,42.4717827,-82.8536913,,7.6004,97.4888,117.6791,-66.5204,-0.5189,1.8338,,,,17.7458,9.3886,10.2912,16.3375,146.5884,-2.0318
4:21:36 PM,42.4717768,-82.8536433,14.7867,7.581,95.4261,116.6564,-47.7572,-0.9496,2.2083,39.8905,0.252,0.1562,17.819,8.1708,10.3439,14.172,144.1103,-2.1579
4:21:37 PM,42.4717728,-82.8535967,,7.3866,94.8188,,15.9993,-0.0092,2.6185,39.4939,0.2509,0.1569,18.0587,9.2603,10.6972,15.763,143.3432,-2.0547
4:21:38 PM,42.4717689,-82.8535534,14.5899,7.7559,95.7928,118.283,27.2235,-1.029,2.3618,39.1207,0.2498,0.1575,17.555,9.8829,10.2663,17.0669,146.8449,-1.1208
4:21:39 PM,42.4717642,-82.8535065,,7.5227,94.5094,118.1065,-6.5111,-0.6257,1.4035,38.7475,0.2489,0.1582,17.6872,8.8231,10.3515,15.1937,145.3157,-0.9661
4:21:40 PM,42.471759,-82.8534583,14.9508,7.406,95.535,118.6252,76.0086,0.0857,2.0428,38.2763,0.2477,0.159,17.8387,8.9651,10.5164,15.3275,145.6785,-1.0692
4:21:41 PM,42.47175497,-82.85340672,14.7867,7.6199,94.962,118.9975,34.7694,-1.0237,1.7602,37.6554,0.246,0.1599,17.7639,10.6481,10.427,18.3484,148.4597,-1.2698
4:21:42 PM,42.47175125,-82.85335912,,7.5421,95.3746,119.3382,16.0199,-0.7232,1.6714,37.223,0.2449,0.1606,18.376,9.477,11.0182,15.9384,147.921,-1.6594
4:21:43 PM,42.47174665,-82.85331146,15.1476,7.4643,97.569,119.6722,12.2728,-0.7497,3.6483,36.7887,0.2439,0.1613,18.0292,10.447,10.8321,17.566,150.3645,-1.7224
4:21:44 PM,42.47174217,-82.8532643,,7.3672,96.8757,119.4273,-17.7216,-0.1114,2.5417,36.3707,0.2429,0.162,,,,,148.277,-1.6594
4:21:45 PM,42.47173733,-82.85321879,15.3773,7.3866,95.1225,118.5363,-25.2193,0.0597,1.2482,35.9544,0.2419,0.1626,17.7891,10.5515,10.6025,17.893,147.3302,-2.2152
4:21:46 PM,42.47173373,-82.85317329,,7.3283,97.2424,,23.5245,-0.4461,1.8433,35.5762,0.2409,0.1632,18.1819,10.21,11.0298,16.9896,149.0689,-1.8886
4:21:47 PM,42.47173139,-82.85312714,15.2133,7.3672,97.483,118.902,,,,,,,18.5131,12.9061,11.499,21.0753,146.8456,3.6462
4:21:48 PM,42.4717256,-82.8530763,,7.2505,95.5522,118.7314,-13.9573,-0.388,2.7743,34.8825,0.2394,0.1643,18.2453,8.5263,11.0268,14.2009,146.5748,-1.9115
4:21:49 PM,42.4717226,-82.8530306,15.2789,7.3477,95.6037,118.737,-17.7113,-0.8392,2.9335,34.4588,0.2384,0.1648,18.4796,10.5284,11.4395,17.1681,149.6138,-3.1147
4:21:50 PM,42.471719,-82.8529839,,7.406,96.0392,119.5084,61.0269,0.1876,2.2715,33.7762,0.2369,0.1658,18.363,13.7115,11.4065,22.4324,145.7241,4.6088
4:21:51 PM,42.471715,-82.8529355,15.3117,7.5032,96.3658,119.6597,23.5314,-0.7191,2.4686,33.3368,0.236,0.1665,18.0234,7.4257,10.752,12.5119,145.4111,1.658
4:21:52 PM,42.4717113,-82.85289,15.3117,7.5421,98.0159,,-6.4664,0.1694,2.5197,32.8914,0.2351,0.1672,18.5053,7.9828,11.2597,13.1935,146.0015,1.2169
4:21:53 PM,42.4717065,-82.8528444,,7.406,97.8096,120.113,,,,32.4373,0.2342,0.1678,18.1451,8.8682,10.8879,14.8872,149.1076,1.1309
4:21:54 PM,42.4717016,-82.8527933,15.2789,7.3672,96.2225,119.1088,-47.7194,-1.1506,2.5995,,,,18.0523,10.4728,10.837,17.6252,148.9536,
4:21:55 PM,42.4716979,-82.8527472,,7.4255,96.2168,117.9355,-51.4631,-0.1864,2.2965,31.7511,0.2329,0.1688,18.4061,9.2252,11.087,15.4351,,0.2829
4:21:56 PM,42.4716931,-82.8527003,15.3117,7.3866,96.8127,,12.2865,-0.1999,1.6451,31.2745,0.2321,0.1695,18.5114,11.1127,11.3677,18.2922,148.084,-0.4046
4:21:57 PM,42.4716897,-82.8526534,,7.4449,93.8505,117.4198,-21.4584,-0.0731,2.1879,30.8117,0.2312,0.1701,18.2429,11.1655,10.9795,18.7685,148.9683,-0.6739
4:21:58 PM,42.4716877,-82.8526056,15.5741,7.6199,94.2458,,,,,30.3431,0.2302,0.1707,17.982,13.4255,10.8167,22.7049,149.658,-3.235
4:21:59 PM,42.4716841,-82.8525583,,7.5615,94.7901,116.9459,-2.7227,0.4485,2.0255,29.8651,0.2293,0.1713,18.0432,14.7798,10.9277,24.9112,143.3529,-5.6701
4:22:00 PM,42.4716813,-82.8525121,15.771,7.6393,96.1366,118.0462,8.5119,-0.3752,2.1129,29.4007,0.2285,0.1719,18.1196,13.6429,10.899,23.0874,154.5301,-0.6109
4:22:01 PM,42.4716776,-82.8524594,,7.5227,97.0934,119.4018,49.7476,-1.0627,2.0792,28.9071,0.2276,0.1726,18.1426,13.492,10.8997,22.8515,149.7579,-0.8
4:22:02 PM,42.4716725,-82.8524133,15.8694,7.5227,93.9651,118.1593,64.7534,0.5127,1.3802,28.423,0.2269,0.1732,18.0201,6.3671,10.4977,10.9741,152.3991,9.7024
4:22:03 PM,42.4716694,-82.8523606,,7.4255,94.7099,118.6433,53.5017,-0.1954,1.5833,27.9225,0.2261,0.1739,17.4322,11.9075,10.1764,20.6983,147.477,-3.321
4:22:04 PM,42.471666,-82.8523148,15.8038,7.5615,96.2569,119.5847,79.7385,-0.5492,1.9899,27.1981,0.2249,0.1748,17.7474,13.4658,10.6166,22.9091,151.5434,-2.5303
4:22:05 PM,42.4716619,-82.8522684,,7.5032,98.6347,,,,,26.7025,0.2242,0.1755,17.9266,13.2215,10.7867,22.3402,153.974,-2.7595
4:22:06 PM,42.4716567,-82.8522225,15.7054,7.4838,98.5373,122.5917,49.7304,-0.5431,2.3657,26.1995,0.2236,0.1762,17.8078,13.4175,10.65,22.8302,156.4341,-2.6563
4:22:07 PM,42.4716525,-82.8521769,,7.5421,99.0759,121.7716,-70.2607,-0.2713,1.6624,25.7068,0.2229,0.1768,17.9926,10.3587,10.7127,17.5778,154.099,-1.6995
4:22:08 PM,42.4716483,-82.8521301,15.7054,7.6587,96.7668,120.145,-55.2583,-0.5707,1.8639,25.1964,0.2222,0.1775,18.0518,9.8316,10.7093,16.7277,150.4651,-0.6109
4:22:09 PM,42.4716443,-82.8520844,,7.4449,96.6351,119.6645,27.2373,-0.1494,2.6856,24.6979,0.2216,0.1781,17.3281,10.1504,10.0521,17.6857,150.3002,-0.777
4:22:10 PM,42.4716397,-82.8520337,15.5741,7.4838,97.6091,120.1731,19.7361,-0.5365,2.7525,24.1897,0.221,0.1788,17.7821,10.4879,10.5124,17.9332,149.234,-0.7541
4:22:11 PM,42.4716359,-82.8519882,,,,120.2714,-43.9963,-0.171,2.9601,23.6875,0.2204,0.1794,18.0272,7.7897,10.6642,13.2451,148.3733,4.7291
4:22:12 PM,42.4716331,-82.8519425,15.6398,7.3672,97.4429,,-28.9871,,,23.1866,0.2197,0.18,18.0702,10.4076,10.8894,17.4441,147.7498,-2.2037
4:22:13 PM,42.4716288,-82.8518981,15.5741,7.2505,95.8444,119.1786,,-0.0646,2.9239,,,,18.0766,9.2121,10.894,15.4049,147.9866,5.6286
4:22:14 PM,42.4716279,-82.8518533,,7.4449,93.3004,118.2091,-6.4836,0.0776,2.2867,22.4354,0.2189,0.181,18.082,11.0015,10.9616,18.3485,147.3006,-0.5479
4:22:15 PM,42.4716254,-82.8518081,15.5741,7.3866,95.237,119.3371,27.2613,-0.6537,2.7536,21.9444,0.2182,0.1814,17.9684,11.2028,10.8328,18.7995,149.5364,-0.6109
4:22:16 PM,42.4716215,-82.8517632,,7.3866,95.6725,,,,,21.4402,0.2176,0.182,17.9773,11.7296,10.8546,19.6754,150.2321,
4:22:17 PM,42.4716179,-82.8517178,15.5741,7.3477,96.2626,119.9733,79.7626,-0.4448,1.3613,20.9312,0.2171,0.1827,18.145,9.859,10.9295,16.5149,149.4539,-1.4932
4:22:18 PM,42.4716148,-82.8516677,,7.4838,97.208,,,,,20.4069,0.2166,0.1833,,,,,152.101,1.9617
4:22:19 PM,42.4716098,-82.8516234,15.5741,7.2894,96.7668,120.6419,,,,19.6434,0.2159,0.1842,18.1521,13.9584,11.2513,22.9025,152.787,-3.2751
4:22:20 PM,42.4716058,-82.8515778,,7.27,96.5262,,,,,,,,18.2324,13.5707,11.2274,22.3982,152.669,-2.8798
4:22:21 PM,42.4716028,-82.851533,15.4429,7.3283,97.8956,,,,,18.8524,0.2153,0.1852,18.06,12.5494,10.9935,20.9129,152.0575,-2.9887
4:22:22 PM,42.4716002,-82.8514875,,7.1728,94.4234,117.9453,-43.9757,-0.2314,2.6296,18.3429,0.2148,0.1857,18.0176,10.5302,11.012,17.3986,145.544,1.3601
4:22:23 PM,42.4715979,-82.8514425,15.5741,7.1728,93.7187,,-25.2399,-0.1961,1.9409,17.8189,0.2143,0.1863,18.2068,9.9211,11.2084,16.2525,146.7734,0.197
4:22:24 PM,42.4715961,-82.8513927,,7.2894,93.2603,117.9546,-6.4905,-0.8612,1.9037,17.2451,0.2138,0.1869,17.749,10.9298,10.7755,18.1987,152.5619,-0.5077
4:22:25 PM,42.4715927,-82.8513484,15.5741,7.2505,95.472,118.5076,109.7569,,,16.7739,0.2133,0.1873,17.4156,13.1929,10.5189,22.2016,153.9026,1.0507
4:22:26 PM,42.471589,-82.8513017,15.6398,7.3477,95.7985,120.3349,,-0.1828,1.7749,15.97,0.2128,0.1883,16.8001,14.1125,9.8894,24.4697,,4.3681
4:22:27 PM,42.4715847,-82.8512558,,7.4255,95.4949,124.3595,83.5132,-1.6432,2.6222,15.4256,0.2125,0.1889,16.6398,9.7254,9.4096,17.381,145.0005,-22.9219
4:22:28 PM,42.4715804,-82.8512071,15.5741,7.8142,99.4082,,46.0005,-0.3129,2.4784,14.8447,0.2122,0.1896,16.7143,4.6929,9.1126,8.6307,165.5625,18.5947
4:22:29 PM,42.4715736,-82.8511596,,7.892,98.182,125.9751,30.9775,-0.7295,1.6449,14.2721,0.212,0.1904,17.6256,21.2102,10.938,35.6612,162.0238,2.3857
4:22:30 PM,42.4715685,-82.8511137,15.2133,7.581,100.8348,123.8609,-81.4918,-0.2545,2.1602,,,,18.8831,8.7719,11.4144,14.6129,148.5603,-6.2545
4:22:31 PM,42.471562,-82.8510663,,7.6004,99.9468,122.0252,-58.9952,0.4097,2.1111,13.429,0.2118,0.1916,18.8678,10.9365,11.489,18.1538,151.6423,-3.172
4:22:32 PM,42.4715568,-82.8510142,15.4429,7.8531,97.2481,120.2418,-171.492,-0.4239,2.8104,12.7985,0.2116,0.1924,19.0557,8.0337,11.6272,13.2408,147.3586,0.7986
4:22:33 PM,42.4715533,-82.8509687,,7.4255,93.925,118.1091,-145.2414,,,12.2289,0.2114,0.1931,19.102,10.5863,11.8623,17.208,147.5585,-2.261
4:22:34 PM,42.4715512,-82.8509227,15.5741,7.406,94.9735,113.3984,-220.2324,0.5009,2.2283,11.4627,0.2111,0.1939,18.7001,10.1168,11.4583,16.6589,144.7815,-0.0322
4:22:35 PM,42.4715514,-82.8508769,,7.3477,90.4586,,-291.4694,0.0828,1.6976,,,,18.6208,11.8296,11.5281,19.3373,142.1394,-2.2381
4:22:36 PM,42.4715543,-82.8508299,15.5085,7.3672,86.0754,105.7293,,0.2532,1.5299,10.6547,0.2105,0.1945,18.8678,13.7442,11.8725,22.1836,137.391,-2.387
4:22:37 PM,42.47156,-82.8507845,,7.717,81.2225,97.4582,-291.4831,0.5751,1.505,10.1082,0.2099,0.1948,18.1517,14.2594,11.2639,23.3862,130.7919,-2.112
4:22:38 PM,42.4715692,-82.8507363,15.7054,7.3672,74.9028,91.037,-272.7268,1.0691,1.7966,9.5836,0.2092,0.1948,17.8381,17.7392,11.0136,29.5698,130.5388,6.9751
4:22:39 PM,42.4715838,-82.8506922,,7.2894,68.3997,82.9261,-280.252,-0.1397,1.3444,9.036,0.2083,0.1946,18.2401,21.2782,11.6686,34.56,120.9806,-16.0693
4:22:40 PM,42.471602,-82.8506449,15.935,7.4643,66.4574,73.2329,-336.5142,1.1879,2.2423,8.4938,0.207,0.1941,17.6637,12.3886,10.506,21.1437,108.9615,
4:22:41 PM,,,,7.5227,56.5968,62.9003,-325.3174,-0.5416,1.417,8.0245,0.2056,0.1934,17.942,37.6585,12.7976,58.9309,126.2518,6.574
4:22:42 PM,42.4716229,-82.8506039,16.1319,7.7559,58.5276,49.8008,-265.3734,0.1901,1.7934,7.3386,0.2032,0.192,16.7547,14.8791,9.6772,26.3966,87.2135,5.5427
4:22:43 PM,42.4716468,-82.8505642,16.2631,7.4838,48.1456,,-377.9218,,,6.9867,0.2015,0.1908,16.4072,33.0648,10.8043,55.9463,103.6324,-12.7404
4:22:44 PM,42.4716759,-82.8505292,,8.1447,45.5845,36.2221,-205.5119,-0.4592,1.9978,,,,14.677,38.1181,9.8072,67.4879,100.2996,-18.3038
4:22:45 PM,42.4717074,-82.8504959,16.1319,8.6112,37.0073,20.6695,-273.0465,2.1755,1.1836,6.4502,0.1986,0.1886,15.7238,25.1957,9.2633,46.271,53.4435,18.5717
4:22:46 PM,42.4717394,-82.8504648,,7.892,36.2396,9.3959,,-1.6353,2.3472,6.1173,0.1965,0.187,14.3901,52.3635,11.426,85.8144,92.8453,-19.0257
4:22:47 PM,42.4717734,-82.8504391,16.2959,8.0281,33.4435,,-93.132,3.4144,2.6574,5.848,0.1944,0.1852,13.0331,39.9854,8.5819,77.3932,74.74,-14.9979
4:22:48 PM,42.4718104,-82.8504134,16.3615,8.0475,25.6284,5.5684,-306.8808,1.2622,3.3782,5.5628,0.1918,0.1831,13.9783,47.7508,10.4342,82.5953,187.042,5.8234
4:22:49 PM,42.47184837,-82.85039069,,7.9309,22.0016,355.2986,-291.9266,1.7901,1.6152,5.3533,0.1897,0.1812,13.0953,48.6137,9.8566,85.4082,7.7738,-7.4291
4:22:50 PM,42.47188474,-82.85037629,15.2133,8.1836,18.73,345.0941,-134.4709,1.6822,1.5507,5.227,0.1874,0.1792,12.243,50.8589,9.5002,91.779,59.7829,-12.219
4:22:51 PM,42.47192222,-82.85036316,,8.378,12.7483,339.1542,-258.2917,-0.8912,2.0252,5.1163,0.1851,0.1771,12.8599,59.6805,11.2515,99.3827,69.4395,-3.5788
4:22:52 PM,42.47196037,-82.85034994,16.0663,8.1253,13.1265,328.5054,-213.3294,,,4.998,0.1828,0.175,11.8012,46.316,8.5445,92.8162,35.8069,-1.8657
4:22:53 PM,42.47200243,-82.8503409,,8.3391,0,324.961,-157.0947,-0.1395,3.1506,4.9392,0.1792,0.1716,,,,,71.9982,-29.1957
4:22:54 PM,42.47204359,-82.85033411,16.1319,8.8445,0,321.0924,,1.1864,1.3502,4.9201,0.1767,0.1692,11.8835,63.4202,11.1513,107.6301,42.414,7.972
4:22:55 PM,42.4720899,-82.8503291,,9.0583,1.7418,,-123.3635,0.4026,1.6257,4.9688,0.1738,0.1664,12.0889,52.1874,9.6601,98.6383,58.3312,-7.2114
4:22:56 PM,42.4721343,-82.8503284,16.0007,8.9611,357.2105,317.0271,-280.8467,1.408,3.1199,5.0526,0.1712,0.1638,11.8288,61.5722,10.9384,108.01,66.6532,-6.392
4:22:57 PM,42.472178,-82.8503307,15.3773,8.9028,356.162,311.3722,-175.8786,1.8447,1.6796,5.1919,0.1686,0.1612,11.7693,63.2044,11.1334,109.3342,50.3628,3.5603
4:22:58 PM,42.4722211,-82.8503369,,9.0389,352.0482,306.1727,-138.4174,0.0363,2.0856,5.3875,0.1661,0.1587,11.2783,58.6116,10.1185,107.917,,-15.5192
4:22:59 PM,42.4722633,-82.8503451,15.2789,9.0777,347.3671,302.6564,-258.3948,1.2809,2.3347,5.6285,0.1636,0.1561,10.9234,69.4374,11.4678,116.8946,72.2615,7.3475
4:23:00 PM,42.4723051,-82.8503585,,9.311,345.1269,297.6948,-235.9085,0.7978,2.0132,5.9518,0.1612,0.1535,10.4188,60.2213,9.8475,113.3207,50.612,-11.3424
4:23:01 PM,42.4723516,-82.850376,15.8038,9.0972,340.5547,,-179.6463,3.0566,2.2194,6.3181,0.1589,0.151,8.3817,76.0221,10.8583,131.491,100.4097,4.626
4:23:02 PM,42.4723902,-82.8503961,,9.0194,336.5841,293.3102,-194.6349,1.9287,2.0486,6.714,0.1567,0.1486,8.6701,65.8781,9.653,124.9404,92.4567,2.6664
4:23:03 PM,42.4724313,-82.850419,15.6398,9.0389,333.4156,288.2523,-108.399,2.2488,2.2314,7.1756,0.1546,0.1462,8.7678,76.1249,10.9274,128.8353,82.6077,
4:23:04 PM,42.4724673,-82.8504432,15.771,9.0777,331.3587,284.7079,,,,7.6801,0.1527,0.1439,8.8056,86.4725,12.184,133.8341,86.3867,2.3857
4:23:05 PM,42.4725028,-82.8504687,,9,331.6051,284.2147,-52.1609,0.3564,1.7607,8.2389,0.1508,0.1417,8.8436,88.8447,12.4819,134.8974,83.3,2.3456
4:23:06 PM,42.4725377,-82.8504965,15.935,9.3693,331.2212,283.1814,7.8277,0.1417,1.9047,8.8292,0.1488,0.1393,7.1319,91.7579,11.8089,142.8678,100.0848,1.9388
4:23:07 PM,42.4725732,-82.850525,,9.3499,329.021,,-93.4139,1.0419,2.1719,9.4242,0.1469,0.1369,6.5641,92.326,11.547,145.389,105.7164,1.8815
4:23:08 PM,42.4726086,-82.8505536,15.8694,9.2332,324.9244,280.641,-307.1283,1.5095,2.3412,10.0834,0.1451,0.1346,6.5991,93.4102,11.6874,145.6923,103.667,0.9705
4:23:09 PM,42.4726422,-82.8505864,,9.2721,321.6069,276.1163,-175.8579,1.1304,1.455,10.7774,0.1433,0.1324,6.7758,91.2722,11.5898,144.2328,98.3588,1.383
4:23:10 PM,42.4726749,-82.85062,15.771,9.2916,320.461,274.2618,-14.6276,0.4613,1.929,11.5322,0.1417,0.1301,6.918,94.1355,11.9503,144.7324,94.9105,1.3601
4:23:11 PM,42.4727101,-82.8506568,,9.5831,318.6791,273.8184,-44.6323,-0.2655,2.1984,12.3215,0.1401,0.1279,6.1096,96.0617,11.6628,148.6061,99.7627,1.4231
4:23:12 PM,42.4727423,-82.8506937,15.7054,9.2721,318.9656,272.5299,-59.6346,-0.7038,1.9411,13.1532,0.1386,0.1257,5.4008,96.6679,11.335,151.755,103.0456,1.257
4:23:13 PM,42.4727736,-82.8507311,,9.5054,318.4843,,-134.6256,1.063,2.1787,,,,4.1803,98.656,10.7317,157.3503,112.3774,1.257
4:23:14 PM,42.4728035,-82.8507696,15.7054,9.0777,315.2013,270.0061,-160.8487,2.0983,1.9633,14.4529,0.1365,0.1224,4.0734,99.0494,10.6653,157.8408,112.0644,1.8242
4:23:15 PM,42.4728306,-82.8508098,15.7054,9.0194,310.7723,267.2289,-262.0594,,,15.3531,0.1353,0.1204,3.8853,104.561,10.7082,159.4405,109.9676,2.5576
4:23:16 PM,42.4728568,-82.8508536,16.0663,8.7084,305.8162,260.6346,,2.4771,2.6914,16.2839,0.1343,0.1185,3.921,119.996,11.3622,162.6105,103.9849,2.5748
4:23:17 PM,42.4728784,-82.8508992,,8.5723,302.5676,,-284.532,2.873,2.648,17.2769,0.1336,0.1167,4.2295,129.3777,11.7471,163.8408,98.828,2.5748
4:23:18 PM,42.4728997,-82.8509455,16.0007,8.3974,299.359,254.8936,-142.0408,1.768,1.808,18.2763,0.133,0.1151,4.0448,137.0729,11.7828,166.4792,97.0288,3.1535
4:23:19 PM,42.4729213,-82.8509965,,8.378,298.5626,254.3532,64.1965,1.8384,2.3691,19.7953,0.1323,0.1127,3.9906,165.6564,12.3018,175.3905,100.7173,2.0878
4:23:20 PM,42.4729414,-82.8510444,15.771,8.514,300.6825,256.2647,45.4333,0.004,2.0056,20.8441,0.1319,0.1111,3.4599,162.0172,11.8227,174.8163,102.2161,2.0018
4:23:21 PM,42.472962,-82.851092,,8.6112,301.2612,257.4309,-10.822,-0.1177,2.3723,21.892,0.1315,0.1095,3.0746,171.9845,11.5983,177.8816,107.6546,2.0476
4:23:22 PM,42.4729833,-82.851139,16.0007,8.5335,302.2524,257.632,0.4263,0.1848,2.4234,22.9451,0.1312,0.1078,3.0228,171.7083,11.5533,177.8376,108.5624,1.9846
4:23:23 PM,42.4730053,-82.8511858,,8.4946,300.3617,257.7346,-18.3163,0.1027,2.619,,,,3.0702,172.7516,11.5291,178.0746,108.7129,2.0018
4:23:24 PM,42.4730269,-82.851232,16.1975,8.4168,301.6852,257.3445,,,,24.5129,0.1306,0.1053,3.0365,177.3723,11.4697,179.3046,109.3405,2.0018
4:23:25 PM,42.4730501,-82.8512812,,8.3585,301.0492,256.5235,-18.3266,0.6525,2.878,26.1845,0.1301,0.1026,2.7711,-177.7103,11.019,-179.4243,110.7267,2.0018
4:23:26 PM,42.4730703,-82.8513261,16.2959,,,,-14.5589,0.6289,2.1081,27.1062,0.13,0.1011,2.9755,174.6124,11.1897,178.5693,108.8986,1.9846
4:23:27 PM,42.47309,-82.8513716,,8.1447,300.906,257.4843,26.701,0.0617,1.9795,28.2381,0.1298,0.0994,2.6267,177.4273,10.9017,179.3803,110.2109,1.9846
4:23:28 PM,42.4731105,-82.8514185,15.8694,8.3974,301.4732,258.3826,64.2171,0.0224,1.7919,29.2006,0.1298,0.0979,2.9717,-178.9982,11.4282,-179.7395,111.6269,1.9846
4:23:29 PM,42.4731311,-82.8514673,,8.6501,300.8028,260.4248,30.4619,-1.2429,2.0743,30.3001,0.1298,0.0963,3.0501,-176.3476,11.7445,-179.0521,112.1073,
4:23:30 PM,42.4731535,-82.8515142,15.7054,8.7667,301.393,261.0061,,-0.7601,2.3553,31.3923,0.1297,0.0945,2.9646,-169.1475,11.7268,-177.2718,114.878,1.9044
4:23:31 PM,42.4731766,-82.851562,15.5085,8.825,303.4786,261.333,11.709,-0.8216,2.5964,,,,3.1189,-170.3066,11.8123,-177.4519,115.3328,1.9044
4:23:32 PM,42.4731991,-82.8516075,,8.6501,303.3009,260.8261,-3.2934,-0.5471,2.6243,33.039,0.1296,0.0919,,,,,115.6923,1.8815
4:23:33 PM,42.4732227,-82.8516582,15.3117,8.6306,304.6359,,-40.7682,0.301,2.7778,34.2154,0.1296,0.09,2.9773,-170.0665,11.5735,-177.4566,113.6179,1.8815
4:23:34 PM,42.4732434,-82.8517031,,8.3585,302.6993,259.9448,,,,35.2651,0.1297,0.0884,2.9112,177.6428,11.3505,179.3956,110.2104,1.9044
4:23:35 PM,42.473263,-82.8517463,15.935,8.1836,302.7108,259.8075,-3.2796,-0.4694,2.9145,36.2886,0.1299,0.0868,2.9518,171.608,11.1557,177.7869,108.4903,1.8242
4:23:36 PM,42.4732837,-82.8517897,,8.203,302.367,,,,,37.2699,0.1301,0.0852,3.0204,167.1291,11.049,176.5089,106.5558,1.807
4:23:37 PM,42.4733027,-82.8518361,15.935,8.2419,299.8002,,,,,38.284,0.1303,0.0836,3.0456,163.1492,11.1337,175.4519,107.0916,1.6237
4:23:38 PM,42.4733234,-82.8518831,,8.7667,300.1153,,,,,39.2124,0.1307,0.0822,3.0538,166.6281,11.4138,176.4525,106.6168,1.6237
4:23:39 PM,42.4733445,-82.8519328,15.7054,8.9611,298.6944,,,,,40.2745,0.1311,0.0806,3.074,165.104,11.7158,176.1325,,1.6007
4:23:40 PM,42.4733651,-82.8519827,,9.3304,300.0866,259.7345,,,,41.912,0.1318,0.078,2.9676,162.656,11.8161,175.7063,106.0022,1.6237
4:23:41 PM,42.4733876,-82.8520377,15.771,9.0777,298.597,258.5407,11.7605,0.5409,2.2082,43.0893,0.1325,0.0762,2.882,167.6046,11.9881,177.0419,106.6951,1.6237
4:23:42 PM,42.4734087,-82.852086,,8.9417,298.7574,257.5387,-29.4993,0.9488,3.0233,,,,3.1769,170.9833,12.2458,177.6698,105.5787,1.9388
4:23:43 PM,42.4734288,-82.8521326,15.5741,8.8056,297.4167,256.7489,-51.9925,0.5366,2.5222,44.6417,0.1334,0.0737,2.9959,163.917,11.7603,175.9531,104.6417,1.8586
4:23:44 PM,42.4734485,-82.8521787,15.0164,8.7278,298.173,256.995,-18.2441,0.8111,2.2696,45.6268,0.134,0.0721,2.9085,168.3434,11.5921,177.0942,105.2394,1.8586
4:23:45 PM,42.4734687,-82.8522263,14.7867,8.8833,297.9667,257.7782,19.2411,-0.0482,2.1042,46.5988,0.1347,0.0706,2.9067,172.8295,11.6859,178.2208,106.1339,1.8586
4:23:46 PM,42.4734894,-82.8522747,,8.8639,298.9121,,,,,47.5892,0.1354,0.0689,3.0792,167.9046,11.881,176.8869,103.9275,2.1279
4:23:47 PM,42.4735096,-82.8523228,14.7211,8.825,299.1298,258.7583,19.2411,0.2747,1.9772,48.5877,0.1361,0.0673,3.1509,166.4731,12.0004,176.479,105.8062,0.8215
4:23:48 PM,42.4735299,-82.8523705,,8.8833,298.8662,258.5689,-25.7453,0.6465,2.1994,49.5559,0.1369,0.0657,3.0621,173.8599,11.9289,178.4267,108.053,1.7669
4:23:49 PM,42.4735522,-82.8524223,14.4587,8.7667,299.6741,258.9581,94.2458,-0.3705,2.4566,50.5073,0.1378,0.064,2.9864,173.6292,11.7687,178.3865,106.2075,-0.0895
4:23:50 PM,,,,8.4363,300.5049,260.4249,67.9814,-0.9962,2.5712,51.4341,0.1386,0.0624,2.8697,168.6928,11.4446,177.182,108.2681,-4.7476
4:23:51 PM,42.4735725,-82.8524665,14.7867,8.378,302.4701,261.1075,-14.5279,-0.6826,2.4151,52.3339,0.1394,0.0608,2.5221,176.7203,10.9589,179.2456,112.0223,0.5522
4:23:52 PM,42.4735923,-82.8525111,14.5243,8.2808,302.0232,,,,,53.2056,0.1402,0.0592,2.4672,174.3058,10.8087,178.7023,112.1303,0.5751
4:23:53 PM,42.4736124,-82.8525553,,8.4557,301.9201,261.2672,-48.2694,-0.2797,2.1132,54.0764,0.1411,0.0577,2.6412,168.3193,11.0014,177.214,111.6904,0.5522
4:23:54 PM,42.473633,-82.8525996,14.3274,8.4557,301.5133,261.1659,-55.7637,0.1668,2.2636,54.9473,0.1419,0.056,2.6787,172.0366,11.0988,178.0839,111.4493,
4:23:55 PM,42.4736522,-82.8526439,14.3274,8.3196,300.9232,260.5652,0.4847,0.208,2.6474,55.7694,0.1429,0.0545,2.6598,177.7335,11.0175,179.453,110.394,0.5923
4:23:56 PM,42.4736715,-82.8526887,,8.2419,300.5393,260.6941,4.2112,-0.2272,2.9641,56.5961,0.1439,0.053,3.1272,170.4861,11.4028,177.4019,108.7636,0.6095
4:23:57 PM,42.47369323,-82.85273681,13.7369,8.1447,300.5908,260.4185,-44.536,0.2586,2.5863,57.4069,0.1449,0.0514,3.0322,177.6522,11.2503,179.3674,109.3869,0.5923
4:23:58 PM,42.47371312,-82.85278037,13.6056,8.1836,300.0637,260.0434,-37.0348,0.4266,2.1623,58.2088,0.1459,0.0499,3.0273,-179.2053,11.2631,-179.7864,110.5328,0.6095
4:23:59 PM,42.4737327,-82.85282438,,8.3974,300.1955,,-48.2728,0.619,2.2671,59.0019,0.1469,0.0483,3.1469,176.9386,11.5163,179.1638,109.2512,0.6095
4:24:00 PM,42.47375318,-82.85286948,14.6555,8.514,299.6225,259.7926,,,,59.811,0.148,0.0467,2.7745,171.8171,11.3065,177.9985,109.076,0.6095
4:24:01 PM,42.47377381,-82.8529176,,8.7278,298.4709,259.8909,-14.5176,0.7613,2.2035,60.6394,0.1493,0.0451,2.4826,167.6835,11.2156,177.2936,108.4827,0.6095
4:24:02 PM,42.47379495,-82.85296562,13.2448,9.3304,300.7398,259.7904,-18.2751,-0.1611,1.7531,61.4603,0.1505,0.0434,2.068,167.78,11.111,177.7422,110.0383,0.6095
4:24:03 PM,42.4738192,-82.8530205,,9.4082,300.3731,260.7557,71.7148,-0.7023,1.8085,62.3007,0.1519,0.0416,2.2076,164.6858,11.4493,177.0809,110.9638,0.5923
4:24:04 PM,42.4738414,-82.8530719,13.8025,9.4665,301.2784,,52.9344,-1.3249,2.0766,63.1413,0.1533,0.0398,2.1623,166.0082,11.6071,177.4184,112.1677,0.5923
4:24:05 PM,42.4738646,-82.8531241,13.7369,9.6803,302.5274,262.1751,-59.5624,-1.1991,1.788,63.9921,0.1547,0.038,1.9104,178.7538,11.5336,179.7936,114.6419,0.5522
4:24:06 PM,42.4738873,-82.8531789,,9.6026,300.6195,260.5928,-44.5601,0.4437,2.5084,64.8291,0.1563,0.0362,,,,,113.9042,0.5522
4:24:07 PM,42.4739084,-82.8532332,14.229,9.4471,301.0607,259.951,-18.3232,-0.1964,2.272,65.6118,0.158,0.0344,2.1215,170.7208,11.6754,178.3211,110.3228,0.5522
4:24:08 PM,42.4739298,-82.853286,14.1634,9.0972,298.8777,,-82.0625,1.3957,2.3527,66.3805,0.1596,0.0327,2.5863,172.6589,12.0672,178.4307,113.1435,0.6324
4:24:09 PM,42.4739505,-82.8533415,,8.8445,297.0672,257.3594,,,,67.06,0.1612,0.0312,2.4513,178.7043,11.6191,179.7267,107.0558,2.9357
4:24:10 PM,42.4739693,-82.8533875,14.5899,8.6695,295.99,255.8893,-85.813,1.0511,2.3496,67.7058,0.1627,0.0296,2.4599,167.8736,11.3241,177.3846,107.3924,2.8383
4:24:11 PM,42.4739887,-82.8534389,,8.825,296.3166,256.4105,11.6918,1.048,1.6162,68.321,0.1642,0.0282,2.2808,171.1167,11.0069,178.1663,105.9818,2.8154
4:24:12 PM,42.4740085,-82.8534881,14.5899,8.7473,296.6718,257.5703,7.9309,0.5223,1.8976,68.9791,0.1658,0.0266,2.5524,171.9184,11.3005,178.1804,106.7229,2.8154
4:24:13 PM,42.4740287,-82.8535365,,8.7473,297.4453,,37.9183,-0.0414,2.0986,69.628,0.1673,0.025,2.594,174.6402,11.3987,178.782,108.2078,2.8154
4:24:14 PM,42.4740488,-82.8535843,14.4587,8.7473,297.3651,257.8554,-22.0875,0.003,2.5121,70.2646,0.1689,0.0233,2.6832,-179.8339,11.5056,-179.9613,108.9703,2.8154
4:24:15 PM,42.4740684,-82.8536316,,8.6501,297.2849,257.489,,0.2625,2.1425,70.8726,0.1705,0.0218,2.5974,-175.9566,11.3082,-179.072,111.0626,2.8154
4:24:16 PM,42.4740878,-82.8536788,14.3274,8.689,298.9923,259.0323,94.153,-0.6783,2.2033,71.4655,0.1721,0.0202,2.7878,-174.9753,11.4388,-178.7769,,2.8154
4:24:17 PM,42.4741075,-82.8537273,,8.6112,299.6684,260.2882,45.4023,,,72.0603,0.1738,0.0186,3.077,-172.9573,11.7018,-178.1525,110.2937,2.8154
4:24:18 PM,42.4741289,-82.853774,14.2946,8.8056,299.4564,260.8295,-14.5898,-0.4854,1.8347,72.9592,0.1762,0.0161,3.173,-170.3509,11.8785,-177.4338,111.7007,2.8154
4:24:19 PM,42.4741518,-82.8538277,,9.136,299.8976,260.8048,0.4125,-0.5266,2.1497,73.5509,0.1779,0.0144,3.3229,-176.0918,12.2417,-178.9399,111.1621,2.7925
4:24:20 PM,42.4741729,-82.8538777,14.1634,9.0194,298.9866,,-25.8381,-0.6217,2.3661,74.1396,0.1797,0.0127,3.3086,-175.1077,12.3048,-178.686,110.251,2.6664
4:24:21 PM,42.4741943,-82.8539281,14.1634,9.136,299.4392,260.3814,26.6666,-0.5798,2.1299,74.7226,0.1815,0.011,3.1463,-175.7309,12.2556,-178.905,110.0837,
4:24:22 PM,42.4742157,-82.8539792,,9.2721,300.9461,260.7223,64.1415,-0.3384,2.011,75.3002,0.1834,0.0093,3.0769,-172.4882,12.2059,-178.1115,111.4357,2.1737
4:24:23 PM,42.4742365,-82.8540293,14.4587,9.3304,300.3044,261.7184,,-0.0425,1.862,75.8535,0.1852,0.0076,2.7042,-169.2844,11.8793,-177.5742,113.2394,2.1508
4:24:24 PM,42.474256,-82.854083,,9.3304,299.508,260.8585,-74.6025,0.326,2.2427,76.3758,0.1872,0.006,2.3444,-173.0633,11.6131,-178.6029,114.3406,2.1737
4:24:25 PM,42.4742761,-82.8541358,14.5243,9.2916,299.1642,260.3253,19.1482,0.336,2.1642,76.8965,0.1892,0.0043,2.1369,-175.6674,11.4933,-179.1952,113.7515,2.1737
4:24:26 PM,42.474298,-82.8541923,,,,259.641,-33.3496,,,77.4485,0.1914,0.0025,2.0319,-176.1174,11.4971,-179.3143,113.1663,2.1508
4:24:27 PM,42.4743167,-82.8542452,14.393,9.311,298.7803,259.5011,-18.3369,-0.2565,1.7744,77.9197,0.1935,0.001,1.8961,-167.1274,11.2889,-177.8556,112.9792,2.1508
4:24:28 PM,42.4743361,-82.8542986,,9.6026,297.6688,,41.6483,0.0206,1.8707,78.4046,0.1956,-0.0007,1.9994,-170.1812,11.6317,-178.3203,113.309,2.1508
4:24:29 PM,42.4743595,-82.8543502,14.229,9.7386,298.1443,259.9379,,-0.1073,1.1664,,,,1.9259,-165.4563,11.6797,-177.6269,114.8483,2.1508
4:24:30 PM,42.474383,-82.8544049,,9.6026,299.0897,260.7113,41.6174,-0.931,2.1373,79.1481,0.1984,-0.0033,2.1989,-159.8352,11.8985,-176.3474,115.3389,2.1279
4:24:31 PM,42.4744053,-82.8544562,14.3274,9.7192,299.8575,259.2961,-52.1437,0.0914,2.0338,79.676,0.2004,-0.0052,2.2263,-147.684,11.5757,-174.0987,117.7497,2.1279
4:24:32 PM,42.4744263,-82.8545069,,9.4276,298.0469,258.2086,-25.8794,0.6022,2.4531,80.1405,0.2024,-0.0068,2.3198,-150.2275,11.4032,-174.2022,116.7201,2.1508
4:24:33 PM,42.4744488,-82.8545589,14.4587,9.0972,298.2475,,0.3438,0.2213,2.1792,80.6236,0.2046,-0.0086,1.9552,-158.4975,10.7939,-176.193,114.509,2.1279
4:24:34 PM,42.4744692,-82.8546046,,8.7084,298.8319,258.0624,-37.138,0.2311,1.8799,81.051,0.2064,-0.0103,1.9793,-158.7247,10.5784,-176.1071,115.7717,2.1508
4:24:35 PM,42.4744882,-82.8546506,14.393,8.689,297.9323,257.6858,0.3575,,,81.4601,0.2082,-0.0118,2.1999,-163.5161,10.7229,-176.6627,113.1154,2.1508
4:24:36 PM,42.4745069,-82.8546963,,8.4946,297.0156,257.8874,7.8553,0.3831,1.9246,81.8439,0.21,-0.0133,2.0448,-167.7653,10.5265,-177.6407,112.7455,2.1279
4:24:37 PM,42.4745257,-82.8547423,14.3274,8.6306,297.812,258.7795,41.5864,-0.435,2.3777,82.2265,0.2119,-0.0149,2.2705,-167.7182,10.7491,-177.4248,112.1519,2.1508
4:24:38 PM,42.4745441,-82.8547887,,8.4946,298.4709,260.0785,,-0.8947,2.2481,82.5687,0.2135,-0.0163,2.7813,-173.4861,11.2905,-178.3986,111.2081,2.1508
4:24:39 PM,42.4745633,-82.8548351,14.3274,8.4557,298.9293,,11.5783,-1.2513,2.4962,82.932,0.2154,-0.0178,3.2087,-163.5793,11.663,-175.5394,112.3789,1.2169
4:24:40 PM,42.4745841,-82.8548795,,8.4751,300.9976,260.555,11.5818,-0.2606,2.2352,83.3087,0.2173,-0.0193,3.1339,-167.3274,11.5185,-176.5781,114.2379,1.2169
4:24:41 PM,42.4746057,-82.8549293,14.1634,8.3974,300.4763,260.8654,-7.1677,-0.1834,2.5197,83.9057,0.2202,-0.0219,3.2304,-173.922,11.6182,-178.3129,111.116,1.2169
4:24:42 PM,42.4746249,-82.8549735,,8.3196,300.2356,260.7584,-14.6757,0.2697,2.9339,84.2534,0.222,-0.0234,,,,,110.5085,1.2398
4:24:43 PM,42.4746444,-82.855018,14.1634,8.2224,299.1012,259.6152,-40.9264,-0.2511,2.4908,,,,3.3408,-173.7223,11.6299,-178.2,109.0662,1.1939
4:24:44 PM,42.4746633,-82.8550613,,8.1447,299.0897,259.7593,15.3152,,,84.7643,0.2248,-0.0257,3.1615,178.7236,11.3599,179.6448,108.5185,1.2169
4:24:45 PM,42.4746826,-82.8551054,14.0978,8.1058,299.2043,260.7321,45.2958,-0.2157,2.4597,85.094,0.2266,-0.0272,3.2025,179.6342,11.3511,179.8968,108.1315,1.2398
4:24:46 PM,42.4747014,-82.855151,,8.1836,299.7371,261.4276,15.2945,-0.8959,2.009,85.4299,0.2285,-0.0287,3.0643,175.5126,11.23,178.7767,107.7511,0.0709
4:24:47 PM,42.47472,-82.855196,13.9665,8.3391,301.2268,,4.06,0.0987,2.5269,85.7573,0.2304,-0.0303,3.3577,-179.5209,11.6152,-179.8615,109.637,0.1569
4:24:48 PM,42.4747371,-82.855243,,8.4363,299.4277,261.2995,-18.4504,-0.0291,2.6552,86.0629,0.2324,-0.0318,3.377,177.574,11.742,179.3025,,
4:24:49 PM,42.4747564,-82.8552944,13.9009,8.203,299.3418,260.6443,-44.701,0.0724,2.155,86.3496,0.2344,-0.0332,3.1213,175.8787,11.5269,178.8849,108.2044,0.1569
4:24:50 PM,42.4747741,-82.8553402,,8.5335,298.7402,260.2911,,0.4827,2.5206,86.6346,0.2364,-0.0347,3.3407,-179.7692,11.8306,-179.9348,108.8026,0.1569
4:24:51 PM,42.4747926,-82.855387,13.8353,8.514,298.7058,259.1817,-3.4584,0.0031,2.5557,86.9184,0.2384,-0.0361,3.1727,173.5741,11.7264,178.2648,107.4006,0.1569
4:24:52 PM,42.4748109,-82.8554337,,8.5529,297.7031,259.0577,-37.2033,0.0653,2.3523,87.2051,0.2404,-0.0376,3.1059,178.9606,11.698,179.724,107.9754,0.1569
4:24:53 PM,42.4748292,-82.8554804,13.7369,8.6306,297.5599,258.3044,7.7796,0.3296,2.7306,87.4897,0.2424,-0.0391,3.1844,-177.5691,11.7971,-179.344,107.5677,0.1569
4:24:54 PM,42.4748482,-82.855528,,8.4363,297.1474,258.0285,-3.479,,,87.7625,0.2444,-0.0406,3.2174,-176.6046,11.764,-179.0719,107.6543,0.1569
4:24:55 PM,42.4748665,-82.8555743,13.7369,8.4363,297.3594,258.3145,-3.4859,-0.3876,2.4685,88.0451,0.2465,-0.0421,3.1725,-176.9955,11.5769,-179.177,107.8044,0.1569
4:24:56 PM,,,,8.3002,297.2104,,0.2681,0.0084,2.5452,88.3143,0.2485,-0.0436,3.2831,-170.9246,11.6375,-177.4495,108.953,0.1569
4:24:57 PM,42.4748866,-82.8556237,13.6713,8.4557,296.8666,258.7759,-7.2227,-0.279,1.94,88.5776,0.2504,-0.0451,3.1676,-171.6386,11.5289,-177.7102,108.9638,0.134
4:24:58 PM,42.4749056,-82.8556693,,8.5335,297.537,258.9467,71.5017,0.3381,2.6075,88.8519,0.2524,-0.0467,4.0565,-168.3676,12.4761,-176.2411,108.6783,0.1569
4:24:59 PM,42.4749246,-82.8557155,13.6056,8.5529,298.9636,259.923,,-0.2075,2.1396,89.122,0.2545,-0.0482,4.0595,-171.5361,12.5449,-177.27,108.5516,0.1569
4:25:00 PM,42.474944,-82.8557613,,8.5529,298.362,259.4985,-67.232,-0.4364,2.5085,89.3877,0.2565,-0.0498,4.177,-171.6884,12.6858,-177.2718,108.6451,0.1569
4:25:01 PM,42.4749633,-82.8558075,13.4744,8.5335,298.362,260.5913,116.4984,-0.6638,2.8175,89.652,0.2585,-0.0513,4.1771,-171.883,12.7141,-177.3412,108.6642,0.1569
4:25:02 PM,42.4749826,-82.8558535,,8.4363,300.121,,-22.2732,,,89.9109,0.2605,-0.0529,4.0681,-172.1716,12.533,-177.4661,109.1462,0.1569
4:25:03 PM,42.475002,-82.8559007,13.4744,8.4557,300.1268,260.7103,-29.7503,-0.5969,2.5044,90.1683,0.2626,-0.0544,4.14,-169.955,12.5651,-176.7054,110.7965,0.1569
4:25:04 PM,42.47502307,-82.85595005,,8.6306,300.0122,260.9881,11.4993,-0.4844,2.1079,90.414,0.2646,-0.056,3.899,-173.6286,12.4088,-178.0017,109.8851,0.1569
4:25:05 PM,42.47504286,-82.85599685,13.3432,8.825,300.3789,261.8153,,-0.7545,2.0891,90.6687,0.2667,-0.0576,3.7313,-172.6254,12.4389,-177.7934,110.7571,0.1569
4:25:06 PM,42.47506345,-82.85604431,,8.9417,300.4361,262.136,26.4913,-0.5271,2.4395,90.9296,0.2688,-0.0592,3.6559,-172.3519,12.5725,-177.7821,111.9027,0.1569
4:25:07 PM,42.47508407,-82.85609325,13.1791,9.136,299.846,,-52.2606,-0.2516,2.1552,91.1835,0.271,-0.0609,3.2056,-169.6722,12.2292,-177.3065,112.8075,0.1569
4:25:08 PM,42.47510523,-82.85614396,,9.3304,300.1955,261.4094,7.7418,-1.0846,2.4115,91.4379,0.2733,-0.0626,3.1785,-176.8537,12.4013,-179.194,110.548,0.1569
4:25:09 PM,42.47512681,-82.85619417,13.1135,9.2916,301.1753,261.7388,26.4672,-1.2346,1.9088,91.7008,0.2756,-0.0643,2.9147,-171.1721,12.2042,-177.8996,113.2348,0.1569
4:25:10 PM,42.4751506,-82.8562502,,9.4665,302.2295,269.7396,-18.5363,,,92.0879,0.2791,-0.067,3.1781,-170.6578,12.5834,-177.6503,114.5951,0.1569
4:25:11 PM,42.4751732,-82.8563014,12.9823,9.3887,300.0064,261.4279,-3.534,-0.5585,1.8599,,,,3.0812,-168.1188,12.4587,-177.0814,114.5527,0.134
4:25:12 PM,42.4751955,-82.8563527,12.9167,9.2332,300.27,,-37.2927,0.3179,2.6086,92.4692,0.2825,-0.0696,2.9581,-168.5455,12.2498,-177.2513,113.7406,0.134
4:25:13 PM,42.475217,-82.8564028,,9.1749,299.5137,260.1052,,,,92.707,0.2848,-0.0713,2.355,-173.9251,11.4795,-178.756,112.3466,0.1569
4:25:14 PM,42.475238,-82.8564515,12.687,9.0777,298.9751,258.5274,-56.049,0.0155,1.9658,92.9358,0.287,-0.073,2.0812,-174.5649,11.0922,-178.9817,111.6095,0.1569
4:25:15 PM,42.4752585,-82.8564999,,9.0389,297.9953,258.5139,26.4638,0.2372,1.5627,93.1562,0.2892,-0.0746,2.3415,179.5782,11.3803,179.9132,110.3755,0.1569
4:25:16 PM,42.4752788,-82.85655,12.3589,9.0972,298.1443,259.1658,11.4649,0.1624,2.3127,93.3714,0.2915,-0.0763,2.4671,-174.9261,11.5388,-178.9165,111.0442,0.1569
4:25:17 PM,42.4752995,-82.8565999,,8.8833,297.8922,,-29.795,0.0248,2.5171,93.7032,0.2949,-0.0788,2.3722,-174.7006,11.3578,-178.8947,111.0616,0.1569
4:25:18 PM,42.475322,-82.8566536,11.998,8.825,296.7062,258.1709,-44.7938,1.2006,2.5768,93.8946,0.2971,-0.0804,2.4827,-171.6166,11.3175,-178.1672,110.7907,
4:25:19 PM,42.4753405,-82.8567025,,8.6306,296.2937,256.9118,26.4466,0.597,2.2769,94.077,0.2993,-0.0819,,,,,108.2678,0.3059
4:25:20 PM,42.4753586,-82.8567498,12.0636,8.5918,296.6661,257.5822,56.4272,0.1317,2.4095,94.2547,0.3015,-0.0834,2.2602,175.9197,10.9668,179.1597,107.4897,0.323
4:25:21 PM,42.4753769,-82.8567966,,8.5335,297.6344,258.6188,,,,94.4401,0.3036,-0.0849,2.4348,179.083,11.0238,179.7975,107.8626,0.3059
4:25:22 PM,42.475396,-82.8568438,12.4902,8.6501,298.0756,,-22.3179,-0.7444,1.892,94.6294,0.3058,-0.0865,2.4152,171.6831,10.9428,178.1705,,0.3059
4:25:23 PM,42.4754158,-82.8568912,,8.8445,298.4079,259.2833,41.4283,-0.6465,2.266,94.8154,0.308,-0.0881,2.4971,176.8272,11.1248,179.2882,108.782,0.3059
4:25:24 PM,42.4754353,-82.8569382,12.4902,8.8445,298.6772,259.7366,15.1811,-0.6771,2.3184,94.995,0.3102,-0.0896,2.5478,177.3351,11.2523,179.3968,109.2828,0.3059
4:25:25 PM,42.4754547,-82.8569854,12.4902,8.6501,299.3475,259.7737,52.68,-0.2717,2.5917,,,,2.66,176.5826,11.3214,179.1975,108.9216,0.323
4:25:26 PM,42.4754761,-82.8570374,,8.7667,300.4361,260.7972,11.4236,-0.7345,2.4072,95.263,0.3135,-0.092,2.7415,171.8697,11.3804,178.0476,108.3087,0.3059
4:25:27 PM,42.4754968,-82.8570852,12.3589,8.9028,299.3876,261.1116,-41.0708,-0.3727,2.2444,95.4524,0.3157,-0.0936,2.9296,176.7397,11.7095,179.1847,109.9723,0.323
4:25:28 PM,42.4755163,-82.8571337,,9.0972,298.723,,,,,95.6256,0.3179,-0.0952,3.0262,170.6372,11.8879,177.6265,108.0432,0.3059
4:25:29 PM,42.4755358,-82.857183,12.3261,9.0389,297.7719,259.8725,-37.3133,0.3156,2.4296,95.8797,0.3213,-0.0976,2.986,175.0665,11.9595,178.7697,108.5229,0.3059
4:25:30 PM,42.4755552,-82.8572322,,8.7278,298.0813,258.4271,-3.5753,0.2451,2.6004,,,,3.1139,170.9668,12.1047,177.6852,106.2201,0.3059
4:25:31 PM,42.4755753,-82.8572812,12.4902,8.7667,297.1187,258.2113,-26.0719,0.0152,2.2578,96.0546,0.3236,-0.0992,2.9728,172.1105,11.8221,178.0219,106.528,0.323
4:25:32 PM,42.4755938,-82.8573289,,8.4168,296.5687,,-18.5776,0.1456,3.0045,96.2124,0.3259,-0.1008,3.0421,170.358,11.7632,177.5174,105.1868,0.3059
4:25:33 PM,42.4756109,-82.8573766,12.6214,8.2224,297.0442,257.1097,-14.8339,,,96.3555,0.3281,-0.1022,3.0599,178.7863,11.5427,179.6783,106.4782,0.323
4:25:34 PM,42.4756309,-82.8574273,,,,256.3296,,0.5106,2.9737,96.5012,0.3303,-0.1037,3.0989,179.9014,11.3369,179.973,106.0808,0.323
4:25:35 PM,42.4756477,-82.8574726,12.6214,8.0281,296.7979,258.0535,30.1662,-0.3448,2.1935,96.6549,0.3326,-0.1053,2.865,177.819,10.992,179.4317,106.1444,0.3059
4:25:36 PM,42.4756659,-82.8575186,,8.203,297.4969,258.755,15.1673,-0.0567,2.1025,96.7895,0.3348,-0.1067,3.0356,-176.852,11.2359,-179.1499,107.8754,0.323
4:25:37 PM,42.4756842,-82.8575654,12.4902,8.3974,296.6947,,-3.5753,-0.4475,2.195,96.9197,0.3367,-0.1081,3.0868,-178.4892,11.4136,-179.5914,107.3818,0.3059
4:25:38 PM,42.4757041,-82.8576122,,8.3391,297.2906,258.5363,11.4374,0.6757,2.3622,97.0636,0.3389,-0.1096,3.2123,-169.506,11.6374,-177.1183,108.8156,0.3059
4:25:39 PM,42.4757231,-82.857657,12.4245,8.4946,296.8322,258.3301,37.6777,0.0039,3.2215,97.2178,0.3411,-0.1112,3.3088,-175.9879,11.7689,-178.8728,107.2847,0.323
4:25:40 PM,42.4757402,-82.8577032,,8.1836,296.7635,265.7978,-26.1028,0.2308,3.496,97.3643,0.3432,-0.1127,3.3359,-179.0153,11.6369,-179.7177,106.1139,0.3059
4:25:41 PM,42.4757582,-82.8577515,12.4902,7.9697,297.2963,257.331,-48.596,0.3367,3.0417,97.4902,0.3454,-0.1141,3.1706,-175.8981,11.1696,-178.8365,107.6788,0.3059
4:25:42 PM,42.4757729,-82.8577948,,7.7559,296.6718,,,,,97.6176,0.3476,-0.1156,2.9649,-179.1844,10.7706,-179.7755,106.2546,0.3059
4:25:43 PM,42.4757889,-82.8578373,12.687,7.717,296.6088,256.5505,-11.0902,0.8617,3.0158,97.7183,0.3496,-0.1168,3.1797,-175.2827,10.8877,-178.6238,106.5345,
4:25:44 PM,42.4758055,-82.8578816,,7.8142,296.4942,257.5071,18.9145,0.6323,2.1951,97.8321,0.3516,-0.1181,2.9033,175.7355,10.7277,178.8469,105.1622,0.323
4:25:45 PM,42.475823,-82.8579273,12.687,8.1058,298.0584,259.6133,11.4099,-0.0567,2.3245,97.9532,0.3537,-0.1195,3.0223,-175.2232,11.1413,-178.7056,108.7938,0.323
4:25:46 PM,42.4758423,-82.8579742,,8.514,298.2818,259.8844,0.165,-0.35,2.3872,98.1309,0.3568,-0.1216,3.1554,-178.6335,11.5488,-179.6267,108.3038,0.323
4:25:47 PM,42.4758619,-82.8580232,12.8182,8.6501,298.2417,260.186,48.9054,0.1496,1.8307,98.2696,0.359,-0.1232,2.8744,-171.6765,11.547,-177.9349,110.9399,0.323
4:25:48 PM,42.4758847,-82.858078,,8.9611,298.5798,261.2665,131.3872,-0.4479,2.3927,98.4326,0.3617,-0.1251,3.0769,-171.2767,11.9539,-177.7627,111.3157,0.323
4:25:49 PM,42.4759044,-82.858129,12.8511,8.9222,299.7944,,187.5944,-0.6611,2.5593,98.5625,0.3641,-0.1267,3.1379,-173.8351,12.0688,-178.4,111.6935,0.323
4:25:50 PM,42.4759254,-82.8581771,,9.1166,303.7249,263.4112,,,,98.7027,0.3664,-0.1283,3.059,-178.5642,11.9373,-179.6321,113.5949,0.3059
4:25:51 PM,42.4759484,-82.8582197,12.9167,8.9028,307.2142,266.4802,236.2866,-1.5351,2.8744,,,,2.6585,171.077,11.2111,177.8922,116.0367,0.323
4:25:52 PM,42.4759715,-82.8582574,,8.5723,311.3338,269.7403,232.512,-1.0074,2.8112,98.9604,0.3695,-0.131,2.6411,159.2875,10.8631,175.0672,117.1442,0.4262
4:25:53 PM,42.4759974,-82.8582895,13.0479,8.2613,314.9263,273.0845,134.9969,-1.5069,2.4425,99.1361,0.3714,-0.1327,2.5662,144.044,10.436,171.6983,118.7893,-3.8882
4:25:54 PM,42.4760246,-82.8583198,,8.1641,318.0546,277.0244,209.9673,-1.9267,2.5111,99.3407,0.373,-0.1345,3.2975,122.349,10.4471,164.5347,114.7059,-3.8882
4:25:55 PM,42.4760536,-82.8583487,13.0479,8.4168,321.6069,279.9115,48.6785,-0.6924,2.8531,99.5592,0.3746,-0.1364,4.4156,117.92,11.1715,159.5585,110.6344,-3.8882
4:25:56 PM,42.4760858,-82.8583798,,8.3002,323.5149,280.5223,,-0.7505,2.5903,99.7939,0.3761,-0.1384,5.1997,113.1349,11.4516,155.3206,106.6178,-3.8481
4:25:57 PM,42.4761147,-82.8584038,13.1135,8.4363,324.4259,,74.9326,,,100.0236,0.3776,-0.1404,5.7275,111.2954,11.7184,152.9103,103.7318,-3.8481
4:25:58 PM,42.4761451,-82.85843,,8.3585,326.6776,282.6801,228.648,-1.5637,2.214,100.2561,0.379,-0.1423,5.6923,107.5315,11.5174,151.8828,106.1085,-3.8481
4:25:59 PM,42.4761778,-82.8584582,12.9823,8.8833,330.4534,287.288,176.1123,-2.1691,1.6726,100.5013,0.3804,-0.1444,5.6203,109.6342,12.0102,153.8479,112.837,-4.7706
4:26:00 PM,42.4762134,-82.8584861,,9.3304,333.1005,288.8495,26.0856,-2.3473,2.4174,100.7614,0.382,-0.1466,5.897,104.7142,12.1828,152.0846,113.9999,-4.5643
4:26:01 PM,42.4762519,-82.8585148,13.0479,9.4276,333.3354,288.6017,-112.679,-1.5964,2.6121,101.0424,0.3836,-0.1489,5.681,108.7033,12.4998,154.5016,116.6808,-4.7476
4:26:02 PM,42.4762894,-82.8585437,,9.1166,332.8369,285.0365,-60.2259,1.1509,2.5562,101.3431,0.3853,-0.1514,6.6859,98.1308,12.1805,147.0855,106.6485,3.778
4:26:03 PM,42.4763246,-82.8585732,13.1791,8.9028,329.1184,283.399,,-0.2739,2.6903,101.6291,0.387,-0.1539,7.5313,102.8031,12.9203,145.3607,97.2985,-6.2774
4:26:04 PM,42.4763614,-82.8586058,,8.5918,329.2101,,-15.2567,0.3488,2.0174,101.8919,0.3887,-0.1562,,,,,,4.3681
4:26:05 PM,42.4763939,-82.8586342,13.3104,8.4751,327.8121,283.4848,25.9756,-0.8587,2.596,102.2566,0.3913,-0.1595,7.5046,97.0638,12.1099,142.0481,92.881,
4:26:06 PM,42.4764264,-82.8586601,,8.3196,329.9607,283.4113,160.9037,,,102.4936,0.3929,-0.1616,7.3812,101.3928,12.2226,143.701,93.2438,-0.651
4:26:07 PM,42.4764608,-82.858685,13.2448,8.4946,333.9485,286.0948,89.6599,-1.408,2.2355,102.7452,0.3944,-0.1638,6.8789,101.0173,11.7711,144.9973,98.2181,-0.6739
4:26:08 PM,42.4764974,-82.8587094,,8.9028,335.1459,289.1861,-90.3337,-2.2906,1.7487,103.0143,0.3959,-0.1662,6.7361,99.5808,11.71,145.4432,103.0099,-0.6968
4:26:09 PM,42.476535,-82.8587353,13.1791,9.136,335.0772,288.1353,-49.0945,-1.2672,2.2805,103.2907,0.3975,-0.1686,6.5271,104.4275,12.2821,149.0246,109.624,-5.7159
4:26:10 PM,42.4765727,-82.8587606,,9.136,334.1146,287.126,,-0.5437,2.8761,103.5718,0.3992,-0.171,6.0848,103.7134,12.1604,150.9145,114.0875,-5.4237
4:26:11 PM,,,13.1791,9.1749,334.9798,286.8191,-4.1115,-0.2775,2.6113,103.8543,0.4007,-0.1735,6.613,97.4349,11.9946,146.8593,108.968,-5.3779
4:26:12 PM,42.4766146,-82.8587875,,8.9417,334.699,,-15.3633,0.7134,2.4892,104.1335,0.4023,-0.1759,6.7774,98.8551,12.1855,146.6634,107.3649,-5.269
4:26:13 PM,42.4766524,-82.8588113,13.3432,8.8639,332.178,285.284,-64.1037,0.709,2.602,104.4027,0.404,-0.1784,7.2448,96.4997,12.1896,143.8056,101.9427,-5.0857
4:26:14 PM,42.4766893,-82.858838,,8.7667,332.3041,283.9587,59.6346,-0.043,2.053,104.6653,0.4056,-0.1808,7.6802,94.6678,12.1982,141.1317,95.3425,-4.7133
4:26:15 PM,42.4767256,-82.8588634,13.3104,8.8833,333.5932,285.2906,78.3703,-0.6594,2.4958,104.9254,0.4073,-0.1831,8.2348,89.0065,11.9217,136.3193,87.5454,-4.845
4:26:16 PM,42.4767628,-82.8588873,13.3432,8.8445,335.1287,285.9236,-15.3942,0.3076,2.2715,,,,7.5176,92.0992,11.7546,140.2743,96.406,-5.2175
4:26:17 PM,42.4767997,-82.8589112,,8.7667,334.8652,285.9312,,,,105.3167,0.4097,-0.1867,7.3663,89.7148,11.4401,139.9175,98.4495,-4.8336
4:26:18 PM,42.4768368,-82.8589352,13.3432,8.6306,333.8167,285.9258,-0.3885,0.1699,2.2701,105.6026,0.4114,-0.1894,7.383,89.437,11.3813,139.5592,97.9509,-4.7935
4:26:19 PM,42.4768766,-82.85896198,,8.4557,331.9546,283.8568,-124.1198,1.263,3.4799,105.8281,0.4129,-0.1915,7.2503,91.4174,11.3711,140.4009,97.0274,-3.0058
4:26:20 PM,42.47691166,-82.85898631,13.3432,8.3002,331.5134,,-7.8828,1.3442,2.3439,106.0685,0.4145,-0.1938,7.3294,87.2607,10.9179,137.8902,92.7048,-2.7767
4:26:21 PM,42.47694669,-82.85901057,,8.3002,332.5332,283.3037,97.0854,-1.2017,2.1469,106.3047,0.4161,-0.196,8.2081,89.6727,11.6354,135.1355,83.3294,-4.0486
4:26:22 PM,42.4769814,-82.8590335,13.3432,8.2808,334.7735,284.9422,59.5762,-1.1741,2.4952,106.5396,0.4177,-0.1983,7.6798,91.3817,11.4162,137.7391,90.0051,-4.0486
4:26:23 PM,42.47701573,-82.85905553,,8.2613,336.6299,287.3196,-0.4057,-0.8402,2.3036,106.7704,0.4192,-0.2005,6.9249,90.7282,10.8551,140.3659,99.5399,-4.0486
4:26:24 PM,42.47705006,-82.85907624,13.3104,8.378,336.0684,,-154.1245,1.3683,3.2244,107.0035,0.4207,-0.2027,6.4547,89.1884,10.4641,141.9182,106.0019,-4.0486
4:26:25 PM,42.477089,-82.8590995,,8.4751,333.6448,286.1641,,-0.2643,2.19,107.368,0.423,-0.2062,6.5359,89.4776,10.5343,141.6538,103.4722,-1.4302
4:26:26 PM,42.477125,-82.8591224,13.3104,8.6306,333.6219,285.0176,29.6231,,,107.5944,0.4246,-0.2084,7.3698,87.6261,10.9627,137.8026,94.2415,-4.7706
4:26:27 PM,42.4771599,-82.8591449,13.3104,8.7084,333.0374,285.7477,-52.8588,-0.1164,1.8976,107.8265,0.4263,-0.2107,7.0736,91.4621,11.2971,141.2492,99.3938,-4.7476
4:26:28 PM,42.4771961,-82.8591703,,8.7667,332.7395,283.9904,-26.615,0.5934,3.0688,108.0607,0.4281,-0.2131,7.136,89.4816,11.2144,140.4835,98.1896,-3.8882
4:26:29 PM,42.4772331,-82.8591974,13.3432,8.7084,330.9519,,-101.5957,1.1299,3.055,108.2872,0.4298,-0.2155,6.7894,91.6152,11.211,142.7455,101.5514,
4:26:30 PM,42.4772683,-82.8592236,,8.5918,330.9462,281.4166,33.384,1.0772,1.9038,108.5063,0.4316,-0.2178,7.1285,88.2158,11.0716,139.9435,96.6501,-3.0058
4:26:31 PM,42.4773038,-82.85925,13.3104,8.7667,332.7452,282.7181,108.3715,-0.935,2.2317,108.7243,0.4334,-0.2201,7.9451,90.2587,11.8722,137.9938,89.3875,-0.8401
4:26:32 PM,42.4773401,-82.8592754,,9.2527,333.8969,284.7369,-0.3678,-1.1256,1.6879,108.9532,0.4352,-0.2225,7.2396,88.6152,11.4412,140.759,99.8195,-1.5734
4:26:33 PM,42.4773823,-82.8593039,13.2448,9.4082,334.3954,285.4101,,-0.7896,2.3756,109.1958,0.437,-0.225,7.1411,89.5007,11.6692,142.2705,103.5118,-1.5964
4:26:34 PM,42.4774215,-82.8593291,,9.3499,334.3037,285.3627,-11.6093,-0.7219,3.2867,109.4318,0.4388,-0.2275,7.2022,92.0824,12.0137,143.1942,103.9539,-1.7854
4:26:35 PM,42.4774598,-82.8593531,13.4088,8.689,332.9802,,-101.606,1.1011,2.5716,109.6679,0.4406,-0.23,6.4176,87.4741,10.9041,143.9864,109.6799,-4.4783
4:26:36 PM,42.4774968,-82.8593796,,8.6306,329.8002,282.3422,-124.0958,1.3744,1.9746,109.8861,0.4424,-0.2324,6.8159,83.56,10.4609,139.6506,100.3586,-1.8256
4:26:37 PM,42.4775316,-82.8594056,13.4088,8.3974,330.1727,280.7356,14.6723,,,110.09,0.4443,-0.2347,7.3443,86.8593,10.9925,138.155,91.7576,-1.8084
4:26:38 PM,42.4775667,-82.8594331,,8.378,332.9687,281.0616,134.6153,-0.3661,2.4868,110.2838,0.4462,-0.237,7.4067,85.92,10.8224,136.9489,90.4732,-2.9485
4:26:39 PM,42.4776012,-82.8594584,13.3432,8.8639,335.6215,284.1956,149.6107,-1.6841,1.6556,110.4859,0.4479,-0.2392,7.5529,88.1278,11.2159,137.6967,93.1448,-3.51
4:26:40 PM,42.4776373,-82.859481,,8.8056,336.4523,286.3739,-26.6185,-1.4775,2.748,110.6996,0.4495,-0.2415,7.3847,90.8627,11.533,140.19,99.1085,-4.9482
4:26:41 PM,42.4776776,-82.8595047,13.3432,,,285.0872,-135.3613,-0.2283,2.5909,,,,6.4204,87.9466,10.6768,143.0613,109.9118,-5.0857
4:26:42 PM,42.4777142,-82.8595284,,8.5529,335.9481,283.8299,-71.5705,0.326,2.5163,111.0497,0.4523,-0.2454,7.7774,78.517,10.3726,132.7101,89.6377,4.7291
4:26:43 PM,42.4777522,-82.8595552,13.3432,8.5335,332.9286,,78.4356,-0.8061,2.1574,111.2687,0.4542,-0.2479,,,,,,3.6806
4:26:44 PM,42.4777883,-82.8595794,,8.6306,332.9229,284.5508,78.4013,-0.8669,2.9597,111.4723,0.456,-0.2502,8.2085,82.6318,11.0981,132.817,83.9548,1.3601
4:26:45 PM,42.4778246,-82.8596004,13.4088,8.5918,335.2147,285.0377,-56.5887,-0.0773,2.3664,111.6804,0.4577,-0.2525,7.7431,87.0746,11.2796,136.7187,91.6863,1.3601
4:26:46 PM,42.4778605,-82.8596225,,8.4557,334.699,284.601,-7.8277,0.3712,2.2046,111.8872,0.4594,-0.2548,7.7148,86.106,11.0975,136.086,91.5253,1.257
4:26:47 PM,42.4778955,-82.8596453,13.3432,8.3196,334.5501,284.576,,,,112.084,0.4611,-0.2571,7.6168,87.198,11.0725,136.6002,91.4522,0.6955
4:26:48 PM,42.4779314,-82.8596684,,8.4363,334.6818,284.5723,100.9219,-0.9763,2.4544,112.2819,0.4629,-0.2594,7.9738,90.1615,11.6398,136.7609,88.7124,-1.9287
4:26:49 PM,42.4779704,-82.8596894,13.4088,8.4363,335.5069,286.2002,-22.8473,-0.7064,3.3179,112.4804,0.4646,-0.2617,7.6561,92.106,11.6039,138.7505,93.5684,-2.2381
4:26:50 PM,42.4780073,-82.859711,,8.5529,336.7158,285.954,-34.0921,0.1642,2.5491,112.7911,0.4671,-0.2652,7.2211,92.278,11.336,140.4685,98.9482,-1.8084
4:26:51 PM,42.4780454,-82.8597337,13.4744,8.5335,335.186,,-172.8052,-0.95,2.8357,112.9992,0.4689,-0.2676,7.2335,92.0052,11.3514,140.4434,99.2919,-3.172
4:26:52 PM,42.4780819,-82.8597587,,8.6112,334.2808,285.0203,-82.7741,1.523,2.9405,113.1917,0.4708,-0.27,7.1278,92.2104,11.3205,141.011,98.888,-3.1491
4:26:53 PM,42.478117,-82.8597852,13.6056,8.5335,331.1009,281.4397,,,,113.3693,0.4727,-0.2723,6.8439,93.1404,11.2875,142.7414,99.6585,-2.5074
4:26:54 PM,42.4781522,-82.8598138,,8.5335,329.5653,281.0649,-22.7785,1.7499,2.5835,113.542,0.4747,-0.2746,7.2736,89.9093,11.2063,139.5286,92.8313,-2.7423
4:26:55 PM,42.4781857,-82.8598417,13.54,8.6112,329.5481,,-67.7752,1.78,3.23,113.7049,0.4767,-0.2768,7.3614,91.9045,11.4691,140.0968,91.6602,0.6554
4:26:56 PM,42.478224,-82.8598713,,8.3585,328.1444,278.5704,40.9745,1.3009,2.944,113.8775,0.4786,-0.2791,7.4697,90.8148,11.3249,138.7371,87.8615,
4:26:57 PM,42.4782604,-82.8599012,13.4744,8.203,328.9637,279.4234,3.4893,1.4649,2.8381,114.0369,0.4805,-0.2813,7.5905,91.6379,11.355,138.0719,85.322,-0.0895
4:26:58 PM,42.4782923,-82.8599277,,8.3196,327.7319,280.2412,-11.5061,-0.3562,2.8141,114.1875,0.4824,-0.2834,7.5175,93.1132,11.3774,138.7177,86.0313,-0.2385
4:26:59 PM,42.4783243,-82.859954,13.3432,8.3391,329.0726,279.9424,70.9654,0.1127,2.4977,114.3381,0.4842,-0.2856,7.6688,95.9091,11.7014,139.3152,85.6407,-1.8427
4:27:00 PM,42.4783581,-82.8599801,,8.1058,331.3071,,,,,114.4991,0.4861,-0.2878,7.0556,95.7353,11.3059,141.6153,93.1809,-1.8657
4:27:01 PM,42.4783913,-82.8600059,13.1135,8.2808,331.1639,281.6412,-4.0187,0.3118,2.2009,114.656,0.488,-0.29,7.6791,93.832,11.634,138.8083,88.0091,-1.4531
4:27:02 PM,42.4784284,-82.8600334,,8.5529,332.264,281.9213,37.2411,-0.5438,2.3881,114.8166,0.4898,-0.2922,7.3376,93.0545,11.437,140.159,92.7965,-1.9917
4:27:03 PM,42.4784631,-82.8600599,13.1791,8.6112,330.4477,282.2709,-7.7281,0.5635,2.6062,,,,7.2697,91.2838,11.2833,139.8996,93.3252,-0.7541
4:27:04 PM,42.4785008,-82.8600873,,8.378,330.7227,283.0976,44.7663,-0.1539,2.8948,115.062,0.4927,-0.2956,7.4987,91.0272,11.4015,138.884,91.1982,-1.2469
4:27:05 PM,42.4785349,-82.8601112,13.3432,8.4751,333.0317,,,,,115.2238,0.4946,-0.2978,7.5465,89.2043,11.2449,137.8525,91.3606,-1.3901
4:27:06 PM,42.4785684,-82.8601334,,8.4168,333.725,283.6689,59.7515,-0.5257,2.7234,115.4628,0.4972,-0.3011,7.2035,88.7239,10.9324,138.795,94.8643,-1.3901
4:27:07 PM,42.4786039,-82.8601578,13.4088,8.4557,333.7708,283.2997,55.9768,0.3587,2.4504,115.6306,0.4991,-0.3034,7.6492,88.7128,11.1808,136.8456,90.084,-0.3416
4:27:08 PM,42.4786398,-82.8601828,13.4088,8.378,334.5386,284.4125,-15.2533,-0.6553,2.4057,,,,7.1664,94.2993,11.4725,141.4715,97.9832,-6.816
4:27:09 PM,42.478677,-82.8602063,,8.5723,334.361,284.9919,-41.4799,-0.5494,1.9534,115.8817,0.502,-0.3069,7.3488,90.3252,11.4292,139.9861,97.5751,-3.6418
4:27:10 PM,42.4787132,-82.8602307,13.3432,9.0777,332.0749,284.8219,-112.7134,-0.7516,2.5391,116.0589,0.5039,-0.3093,7.5266,93.3161,12.0224,141.3182,97.2495,-4.5987
4:27:11 PM,42.4787493,-82.8602587,13.4744,8.7473,330.23,281.4673,-86.4421,2.8066,3.4277,116.2248,0.5059,-0.3116,6.502,94.1644,11.437,145.4585,104.2329,-2.6735
4:27:12 PM,,,,8.3974,327.3938,277.787,-41.4317,2.3249,3.0675,116.3796,0.5079,-0.314,7.4286,90.1328,11.3354,139.054,89.5702,-0.8802
4:27:13 PM,42.4787883,-82.8602915,13.6056,8.0281,327.772,,,0.863,2.5978,116.5264,0.5101,-0.3163,7.9048,91.59,11.4338,136.2834,79.7845,-0.9432
4:27:14 PM,42.478821,-82.8603173,,7.9697,328.9694,277.7873,131.0332,-1.5736,2.1696,116.738,0.5129,-0.3196,8.3271,93.314,11.8105,135.2604,76.9185,-1.0234
4:27:15 PM,42.4788536,-82.8603424,13.4088,8.1253,333.5646,280.5459,194.7655,-2.8626,1.6562,116.8738,0.5146,-0.3216,7.4364,92.8885,11.2584,138.7245,90.259,-1.6766
4:27:16 PM,42.4788858,-82.8603642,,8.4557,335.5241,284.0176,3.5546,,,117.0306,0.5165,-0.3238,6.2421,96.7852,11.022,145.7807,107.2497,-2.5074
4:27:17 PM,42.4789211,-82.8603864,13.4088,8.8445,334.8595,285.4502,-71.4089,-0.7364,2.7258,117.1899,0.5183,-0.3261,,,,,,-2.8225
4:27:18 PM,42.4789562,-82.860408,,8.7473,334.8136,284.5315,37.3477,-0.7273,2.4539,117.3469,0.5201,-0.3283,6.5557,95.2557,11.3089,144.7421,105.749,-2.8626
4:27:19 PM,42.4789915,-82.8604305,13.4088,9.0194,334.4125,285.728,-97.632,-1.2483,2.4893,117.506,0.522,-0.3307,7.6873,92.7482,11.947,140.0057,95.738,-2.8798
4:27:20 PM,42.47903189,-82.86045734,13.4744,9.1166,333.5359,283.5692,-56.3653,0.1094,2.6688,117.6661,0.524,-0.3331,7.7284,89.7325,11.8613,139.341,96.2934,0.197
4:27:21 PM,42.47906896,-82.86048208,,9.1944,330.992,,-3.8434,0.8353,2.2754,117.8327,0.5261,-0.3356,6.9535,87.0175,11.2347,141.8228,104.2439,2.7467
4:27:22 PM,42.47910759,-82.86050892,13.4744,9.4665,331.7254,283.7769,,-0.7238,2.0705,117.9926,0.5282,-0.3381,8.2567,80.6868,11.4174,134.4683,89.6284,-1.4932
4:27:23 PM,42.47914633,-82.86053559,,9.5248,333.4271,283.3274,29.8981,-0.6789,2.919,118.1533,0.5304,-0.3406,7.9276,84.6519,11.7897,137.9723,95.5087,
4:27:24 PM,42.47918564,-82.86056345,13.54,9.3693,334.3438,283.3276,14.882,1.1881,2.8219,118.315,0.5326,-0.3432,7.7682,84.2776,11.6514,138.4406,97.9324,-1.5505
4:27:25 PM,42.47922438,-82.86058962,,9.1749,333.0776,282.5433,3.6474,,,118.4796,0.5347,-0.3457,7.1154,82.5806,10.9657,139.9506,104.5674,-1.201
4:27:26 PM,42.4792668,-82.8606178,13.54,9.0389,332.453,282.3702,11.1349,0.6076,2.1787,118.6514,0.537,-0.3484,7.2689,77.5659,10.4343,137.1329,102.7031,-0.8974
4:27:27 PM,42.4793043,-82.8606438,,9.311,331.7827,,-52.5975,-0.4396,2.1274,,,,7.2018,79.835,10.5566,137.8173,100.001,-2.2037
4:27:28 PM,42.479341,-82.8606692,13.6056,8.8833,331.4217,281.1358,37.3821,0.5801,2.4955,118.8576,0.5399,-0.3518,6.5445,80.9037,10.2015,140.6945,106.2354,-2.9027
4:27:29 PM,42.4793767,-82.8606967,13.54,8.514,333.4099,281.3717,123.6179,-0.0102,2.1599,118.9944,0.542,-0.3541,6.7335,79.4227,10.0386,138.7486,102.9957,-2.9256
4:27:30 PM,42.4794128,-82.8607216,,8.6306,335.6616,282.7351,,-1.0305,1.8167,119.2143,0.545,-0.3577,7.0207,79.1062,10.0654,136.7691,99.7174,-2.8626
4:27:31 PM,42.4794502,-82.8607448,13.4088,8.825,335.1574,284.3398,14.8923,-0.6752,1.6213,119.3638,0.547,-0.36,6.6153,77.4985,9.7801,138.6721,109.2966,-2.8798
4:27:32 PM,42.479487,-82.8607681,,9,335.06,284.6756,-41.332,-1.4688,1.8133,119.5144,0.549,-0.3624,6.9043,78.4274,10.0747,137.8261,105.2023,-2.9256
4:27:33 PM,42.4795247,-82.8607912,13.4088,9,333.725,285.0349,-56.3034,0.0826,2.4207,119.6631,0.551,-0.3648,6.056,79.1452,9.8142,142.6973,116.5808,-3.0058
4:27:34 PM,42.4795655,-82.8608175,,8.9805,334.2922,285.7075,67.4245,-0.3783,2.0621,119.8239,0.5532,-0.3675,6.8737,79.723,10.3316,139.1082,106.9126,-5.0169
4:27:35 PM,42.4796026,-82.8608415,13.4744,9.0777,332.5963,,-150.0473,0.5624,2.9108,119.9739,0.5553,-0.37,7.2557,80.2723,10.6543,137.8387,102.1723,-3.2579
4:27:36 PM,42.4796409,-82.8608677,,9.1555,331.1524,284.6554,-120.0255,,,,,,7.269,79.7385,10.592,137.5225,99.7316,-3.2579
4:27:37 PM,42.4796789,-82.8608952,13.6056,9.311,330.1154,281.8322,29.9772,2.5444,2.3636,120.1713,0.5584,-0.3734,8.2453,75.6651,10.6253,131.2497,85.666,3.8811
4:27:38 PM,42.4797161,-82.8609214,,8.9805,330.6883,282.1527,-71.2679,1.1448,2.6926,120.3091,0.5605,-0.3759,8.1164,88.2875,11.8779,136.9203,88.3994,-8.6724
4:27:39 PM,42.479752,-82.8609485,13.54,8.6112,330.2471,281.2307,119.967,1.1311,2.3667,120.4387,0.5626,-0.3782,8.5693,76.5823,10.76,129.2257,77.1862,0.6955
4:27:40 PM,42.4797884,-82.8609764,,8.7084,332.0691,,,-0.1139,2.1897,120.5654,0.5648,-0.3806,7.5896,75.1288,9.8692,131.99,88.8432,-0.651
4:27:41 PM,42.4798233,-82.8610017,13.4744,9.0194,333.6161,283.9241,29.9703,-0.8652,2.7042,120.6892,0.5669,-0.3829,7.2772,79.1376,10.1804,135.4114,94.9173,-0.8
4:27:42 PM,42.4798632,-82.8610269,,,,283.3387,-11.2999,0.244,2.5152,120.8368,0.569,-0.3854,6.5256,78.9626,9.8016,139.1974,107.888,-1.0463
4:27:43 PM,42.4798984,-82.8610501,13.4744,8.2613,335.1116,284.3002,7.4633,-0.5057,2.4418,120.9675,0.571,-0.3877,7.1514,78.2153,10.0133,135.6419,97.9247,0.5751
4:27:44 PM,42.4799343,-82.8610741,,8.0475,333.3812,283.2324,-18.7804,-0.4259,2.3702,121.0987,0.573,-0.3901,7.0149,80.4227,10.1165,136.863,98.7231,0.5293
4:27:45 PM,42.479969,-82.8610967,13.4744,8.6112,332.7853,,41.2323,-2.0194,2.0622,121.2261,0.575,-0.3923,7.7326,85.8469,11.0751,135.864,89.2265,-8.3401
4:27:46 PM,42.4800045,-82.8611192,13.4744,8.5723,333.0546,284.3452,56.2312,-0.6031,2.2596,121.3531,0.5769,-0.3946,6.9963,89.0189,11.0572,140.7547,101.2166,-3.046
4:27:47 PM,42.4800401,-82.8611431,,8.8639,335.2204,285.6,-41.2461,-1.6136,2.4553,121.467,0.5787,-0.3967,7.5296,88.3055,11.3458,138.4436,95.8796,
4:27:48 PM,42.4800759,-82.8611666,13.4744,8.9028,334.7621,285.6553,71.2404,-0.6635,1.8175,121.5925,0.5808,-0.399,7.0897,84.2921,10.7745,139.0999,102.0213,-3.5272
4:27:49 PM,42.4801174,-82.861191,,8.825,335.398,286.0384,,,,121.8129,0.584,-0.4029,,,,,,-3.51
4:27:50 PM,42.4801558,-82.8612137,13.4744,9,335.8106,294.2934,-0.014,-0.7091,2.4676,121.9521,0.5861,-0.4053,7.2644,85.5052,11.1345,139.4272,102.0466,-3.5559
4:27:51 PM,42.4801937,-82.8612366,,8.9805,335.6616,,-33.7449,-0.8336,2.0219,122.0881,0.5881,-0.4077,7.2991,82.3637,10.7849,137.872,101.5895,-3.6017
4:27:52 PM,42.4802319,-82.8612592,13.4088,9.0972,336.0054,286.3121,52.5013,-0.9592,1.6738,122.2264,0.5902,-0.4102,7.2631,81.6921,10.7649,138.1159,102.7621,-3.4413
4:27:53 PM,42.480272,-82.8612826,,8.9611,337.2659,287.8807,-93.7233,-0.2717,2.34,,,,7.378,80.7872,10.7864,137.5315,103.3653,-3.7106
4:27:54 PM,42.4803117,-82.8613082,13.54,8.8639,333.1635,284.172,-26.2128,-0.1352,2.4098,122.4327,0.5935,-0.414,7.1178,82.1788,10.8955,139.669,105.7789,-3.7106
4:27:55 PM,42.4803502,-82.8613341,,9,333.5588,283.3876,0.0209,1.1944,2.6708,122.5653,0.5957,-0.4165,6.869,81.1048,10.5423,139.9292,106.0658,-3.6418
4:27:56 PM,42.4803914,-82.8613634,13.6056,8.8639,332.2811,283.3869,-22.4932,-0.9135,2.2191,122.6889,0.5979,-0.419,7.6633,79.4261,10.6297,134.872,93.6575,-2.6964
4:27:57 PM,42.480427,-82.8613887,,8.7084,333.4041,,90.0243,-1.295,1.5411,122.81,0.6001,-0.4214,7.236,84.5195,10.8611,138.4566,98.0728,9.3185
4:27:58 PM,42.4804653,-82.8614138,13.4744,8.9222,333.4041,284.5875,,-1.2901,2.2293,122.9903,0.6033,-0.4251,7.9917,81.3502,11.0284,134.2416,89.5639,-11.1247
4:27:59 PM,42.4805113,-82.8614405,13.4744,9.0194,335.186,284.5096,-22.4897,,,123.149,0.6058,-0.428,7.3745,87.8742,11.4514,139.9435,100.1144,-9.0792
4:28:00 PM,42.4805519,-82.8614631,,9.3887,334.487,286.2148,52.5116,-2.0202,1.7174,123.2897,0.608,-0.4306,7.7056,84.4995,11.4351,137.875,98.7161,-8.9302
4:28:01 PM,42.4805914,-82.8614868,13.54,9.2721,335.8278,285.549,-71.2198,-1.7862,2.1026,123.422,0.6102,-0.4331,7.3386,84.816,11.3091,139.7397,103.0288,-7.1541
4:28:02 PM,42.4806297,-82.8615093,,9.1749,333.6161,285.1718,37.5368,-0.1474,2.7037,123.5503,0.6123,-0.4356,7.0679,79.7546,10.6207,139.0899,105.4194,-7.3145
4:28:03 PM,42.4806682,-82.8615344,13.6056,9.4082,331.7025,,-29.9496,-0.2763,2.1047,123.6724,0.6145,-0.4381,7.2429,81.0636,10.8812,138.8862,104.064,-3.6017
4:28:04 PM,42.4807115,-82.861562,,9.7386,334.9282,285.3846,71.2886,-1.4396,1.3337,123.7982,0.6167,-0.4406,7.8491,79.2718,11.101,135.9962,98.6129,-4.1403
4:28:05 PM,42.4807507,-82.8615873,13.6056,9.5831,334.5271,285.9646,-116.1855,0.2581,2.5761,123.9216,0.619,-0.4432,7.0472,81.9214,10.9871,140.5769,108.3081,-3.3382
4:28:06 PM,42.4807896,-82.8616159,13.6056,9.3304,329.8575,282.7822,-153.6707,1.2867,3.1942,124.0351,0.6213,-0.4457,7.2675,83.0429,11.1739,139.7885,102.5367,-3.3382
4:28:07 PM,42.4808248,-82.861645,,8.6501,328.5913,278.9838,,1.9003,2.1903,124.1297,0.6236,-0.448,6.8306,76.7589,9.8887,137.7481,102.0172,3.4113
4:28:08 PM,42.4808579,-82.8616717,13.6056,8.3196,329.5653,279.0455,22.5722,0.0209,1.7905,124.2196,0.6257,-0.4502,8.0315,78.2309,10.4229,131.0302,79.3904,0.8215
4:28:09 PM,42.4808915,-82.8616976,13.54,8.3391,330.4133,281.7241,108.8012,-1.0639,2.3667,124.313,0.6278,-0.4524,7.3926,81.762,10.3017,134.7482,87.6177,
4:28:10 PM,42.4809249,-82.8617222,,8.2613,332.9057,,108.7944,-0.3702,2.6539,124.4078,0.6298,-0.4546,6.2945,81.4559,9.6403,139.7832,103.7119,0.7356
4:28:11 PM,42.4809589,-82.861744,13.54,8.2613,333.5703,284.1176,-52.4325,0.3347,2.995,124.5111,0.6317,-0.4568,6.0166,83.96,9.6545,141.7034,107.0136,0.7184
4:28:12 PM,42.4809956,-82.8617697,,8.2224,333.5989,282.4753,22.5585,,,124.6071,0.6337,-0.459,6.5406,82.4551,9.6819,137.9565,99.5756,0.6955
4:28:13 PM,42.4810308,-82.861792,13.3432,8.1253,333.6734,285.6186,161.3163,-0.8213,1.6517,124.7127,0.6357,-0.4613,7.0997,86.6517,10.4588,137.3387,93.3007,-1.0692
4:28:14 PM,42.4810652,-82.8618137,,8.4168,335.759,,-71.1682,-1.8528,2.5433,124.8149,0.6377,-0.4635,7.6332,87.6388,11.1039,136.619,92.3387,-1.9688
4:28:15 PM,42.4811015,-82.8618347,13.6056,8.5335,336.9622,286.7096,-22.421,-0.9609,2.9205,124.9274,0.6397,-0.4658,6.4638,90.5798,10.7899,143.1998,107.6102,-8.0994
4:28:16 PM,42.4811378,-82.861857,,8.6112,335.0714,285.6905,,0.032,2.1147,125.0373,0.6418,-0.4681,7.1331,78.2707,10.0321,135.8788,100.758,-0.5249
4:28:17 PM,42.4811733,-82.8618789,13.7369,8.7667,334.1547,286.4112,-33.6384,-0.0061,2.1774,125.1433,0.6438,-0.4704,7.1068,76.7769,9.9131,135.7409,100.7532,-1.35
4:28:18 PM,42.4812092,-82.8619012,13.7369,8.9028,334.5844,285.195,-52.3947,1.1703,3.0149,125.249,0.6458,-0.4727,6.8603,77.9351,9.9846,137.7852,104.6651,-1.35
4:28:19 PM,42.4812453,-82.861927,,8.7473,331.0779,,-161.1409,0.0281,2.4739,125.3483,0.648,-0.4751,7.6301,76.5005,10.2075,133.3773,91.5322,-1.3672
4:28:20 PM,42.4812839,-82.8619551,13.6713,8.6306,332.115,281.0227,161.3266,,,125.4413,0.6502,-0.4774,7.8323,78.5049,10.4347,132.6464,87.1734,-3.2579
4:28:21 PM,42.4813191,-82.8619784,,8.5723,334.4297,283.3566,217.5441,-0.4845,2.581,125.5387,0.6522,-0.4796,7.8882,78.6752,10.4521,132.268,87.7985,-3.2751
4:28:22 PM,42.4813564,-82.8619989,13.7369,8.6695,338.3946,286.2492,254.9983,-1.5971,2.4682,125.6492,0.6543,-0.482,7.4727,80.3863,10.4059,134.9243,97.2906,-6.9306
4:28:23 PM,42.4813967,-82.8620155,,8.5723,342.8637,290.0381,232.4776,-1.4647,2.9719,125.781,0.6563,-0.4845,7.6462,76.6823,10.0716,132.3732,98.6658,-4.845
4:28:24 PM,42.4814373,-82.8620294,13.8025,8.4363,346.7884,,,,,125.9197,0.6583,-0.4871,,,,,,-4.868
4:28:25 PM,42.4814798,-82.862043,,8.378,349.0344,292.6415,157.4832,-1.0125,2.8375,126.0671,0.6603,-0.4897,7.3848,74.978,9.6656,132.4458,106.4352,-4.868
4:28:26 PM,42.4815224,-82.8620532,13.8025,8.4363,353.727,299.0046,266.1916,-2.2586,2.6174,126.2209,0.6622,-0.4923,7.8602,72.43,9.6489,129.0484,101.1631,-5.0169
4:28:27 PM,42.4815694,-82.8620561,,8.378,359.9034,302.6812,172.4236,-2.0619,3.156,126.4092,0.664,-0.4951,7.7276,73.0816,9.6363,129.8946,107.101,-0.3588
4:28:28 PM,,,13.8353,8.3196,0.5214,,168.7074,-1.4527,3.0221,126.5764,0.6655,-0.4975,8.6039,58.6477,8.3018,117.7411,63.9662,-15.926
4:28:29 PM,42.4816104,-82.8620573,,8.4168,5.466,307.7233,116.1958,-1.7567,2.2076,126.769,0.667,-0.5001,9.959,67.8166,10.2286,115.6346,59.546,-4.7935
4:28:30 PM,42.4816551,-82.8620534,13.8025,8.2224,5.4145,310.0029,108.7291,-4.4051,2.3845,126.9521,0.6682,-0.5024,9.9165,55.6586,8.6141,108.0979,2.7683,-20.2232
4:28:31 PM,42.4816954,-82.8620455,,8.6306,7.8495,313.398,-67.4417,-3.4874,3.0628,127.1379,0.6694,-0.5047,10.0586,65.5286,10.1037,115.0279,58.4015,-16.6079
4:28:32 PM,42.4817409,-82.862037,13.9665,8.5335,7.2995,313.5191,3.8434,-0.302,2.0474,127.3395,0.6707,-0.5073,8.8123,64.1984,9.2983,121.4336,97.7079,
4:28:33 PM,42.4817853,-82.8620291,,8.825,7.2479,314.5825,45.0998,-2.555,2.3849,127.5411,0.672,-0.5098,11.8276,44.0749,8.2281,90.7993,334.5779,8.0522
4:28:34 PM,42.48182944,-82.86201863,13.8353,8.6306,5.0993,316.656,,,,127.7233,0.6732,-0.5121,12.5435,57.5434,10.7648,100.5107,24.0777,-5.9852
4:28:35 PM,42.48187027,-82.86201249,,8.7084,5.7869,,-149.8686,-2.5632,3.097,127.9022,0.6747,-0.5146,11.7497,62.8043,10.9572,107.4882,48.789,-13.6743
4:28:36 PM,42.48191266,-82.86200962,13.9665,8.6112,2.3033,313.6991,-22.3557,0.806,2.8799,128.0732,0.6759,-0.5168,11.8237,39.9911,7.615,86.2527,328.767,25.6592
4:28:37 PM,42.48195154,-82.86200364,,8.4557,5.5176,314.2414,93.8814,-0.8457,2.3517,128.2334,0.6773,-0.5191,12.265,66.5174,11.8013,107.5935,52.6172,-9.8756
4:28:38 PM,42.4819908,-82.86200131,13.8353,8.6501,4.2342,314.6037,0.1341,-1.1756,2.4417,128.3973,0.6786,-0.5213,12.0062,59.4064,10.6069,103.0025,32.2225,-3.6705
4:28:39 PM,42.48202944,-82.86199713,,8.6306,2.9966,314.165,-93.6098,-0.9037,2.6051,128.5703,0.68,-0.5237,12.0992,67.4121,11.8506,109.4965,53.697,-18.5215
4:28:40 PM,42.48207055,-82.86199335,13.8353,8.7473,3.4206,312.7203,37.6468,-0.375,2.0242,128.7196,0.6813,-0.5259,11.5938,61.2703,10.6085,106.5955,44.7573,-9.5032
4:28:41 PM,42.4821157,-82.8619917,,8.6501,358.0413,317.1621,-179.8182,-1.408,3.2955,128.8906,0.6828,-0.5284,10.869,57.7544,9.6365,107.4571,46.7798,-5.269
4:28:42 PM,42.4821541,-82.8619911,14.0322,8.7278,3.6555,,,,,129.0589,0.6843,-0.5308,10.4199,70.8376,11.1834,118.3451,83.1341,-25.6205
4:28:43 PM,42.4821954,-82.861987,,8.6306,359.6628,311.7592,-146.0939,-2.0652,3.217,,,,10.1476,33.6471,5.6248,91.6185,293.7738,15.8674
4:28:44 PM,42.4822353,-82.8619842,14.0322,8.2224,3.1341,,,,,129.3011,0.6864,-0.5342,9.8652,65.3544,10.0026,116.309,72.8757,-26.8523
4:28:45 PM,42.4822747,-82.8619807,,8.514,0.7277,,,,,129.4616,0.6878,-0.5365,10.7381,33.0659,5.8949,83.6543,302.8882,22.1012
4:28:46 PM,42.4823135,-82.861979,13.9009,8.4363,0.2349,,,,,129.6149,0.6893,-0.5388,10.0737,58.5962,9.1539,110.0702,49.2817,-11.9039
4:28:47 PM,42.4823563,-82.8619788,14.0978,8.203,2.8533,,,,,129.7804,0.6909,-0.5413,10.8979,66.5365,10.763,111.7501,,-5.4466
4:28:48 PM,42.4823983,-82.8619768,,8.3391,2.8992,309.1786,56.3103,-1.0562,2.4535,129.943,0.6924,-0.5437,10.9482,59.4124,9.7649,105.1654,25.8709,-28.0842
4:28:49 PM,42.4824384,-82.8619732,13.8353,8.2419,4.28,311.4627,78.8275,-0.5293,2.3656,130.0904,0.6937,-0.5458,10.7313,55.5543,9.0755,102.8077,15.1808,-2.7996
4:28:50 PM,42.4824756,-82.86197,,,,,-48.6579,-0.9321,2.8435,130.2388,0.695,-0.548,10.6464,54.7011,8.9287,103.3059,17.2099,-3.9226
4:28:51 PM,42.482511,-82.8619661,13.9009,8.2224,3.1914,312.2489,123.8208,-0.5905,1.3481,130.3815,0.6963,-0.5501,10.2507,61.8196,9.6462,110.495,46.419,-18.195
4:28:52 PM,42.4825472,-82.8619606,,8.2808,6.4114,313.0255,108.8494,-1.8662,2.0572,130.5304,0.6975,-0.5521,10.073,50.5465,8.0204,104.1312,0.6788,-2.0719
4:28:53 PM,42.4825849,-82.8619544,13.9009,8.3196,5.615,316.2292,,,,130.6861,0.6988,-0.5543,10.7142,60.4594,9.9311,110.181,52.8657,-19.6102
4:28:54 PM,42.4826235,-82.8619466,,8.8833,7.5917,314.4748,-194.8687,-3.1466,3.5746,130.8484,0.7,-0.5565,8.1219,63.9981,8.9528,125.3774,122.2268,-8.2599
4:28:55 PM,42.4826647,-82.8619399,14.0322,8.7667,7.6834,,-108.6156,1.7189,2.1516,131.0171,0.7014,-0.5588,12.939,45.7456,9.2763,87.5089,351.1264,-15.7312
4:28:56 PM,42.4827051,-82.8619368,,8.8639,0.5959,313.4462,52.6319,-4.5077,2.9799,131.1736,0.7029,-0.5612,13.0681,71.2616,13.1869,110.204,57.7625,-32.3413
4:28:57 PM,42.4827491,-82.8619314,14.0322,8.8833,4.6581,310.4179,82.585,-0.1108,2.4236,131.3316,0.7043,-0.5635,,,,,,12.9396
4:28:58 PM,42.4827917,-82.8619275,,9.0583,4.3602,313.4418,-112.3765,-2.7097,2.3945,131.4976,0.7059,-0.566,11.2719,32.9032,6.1536,84.2947,295.3318,
4:28:59 PM,42.4828339,-82.8619204,13.9009,9,7.3339,312.5441,-37.3546,1.1833,3.1125,131.6674,0.7073,-0.5684,12.0787,64.3083,11.5176,109.0829,45.8052,-22.8875
4:29:00 PM,42.4828763,-82.8619168,,8.9222,3.0481,312.6365,-74.8397,0.1189,2.1373,131.8304,0.7089,-0.5708,12.0633,35.2599,7.0341,81.8988,311.1775,17.5977
4:29:01 PM,42.4829151,-82.8619142,13.9009,8.5918,3.0596,,-119.8227,,,131.9769,0.7104,-0.5731,11.8958,53.9435,9.784,100.6011,18.271,-3.321
4:29:02 PM,42.4829539,-82.8619129,13.9665,8.7278,1.484,309.9882,86.4043,1.5037,3.1137,132.1197,0.7119,-0.5754,11.5934,45.5273,8.297,94.3765,341.7979,0.197
4:29:03 PM,42.4829905,-82.8619128,,8.5335,0.5271,310.7731,,-1.8377,2.3845,132.2511,0.7134,-0.5775,12.7624,50.0294,9.7885,92.2769,1.4486,-4.7706
4:29:04 PM,42.483034,-82.8619116,13.8025,8.6501,4.406,311.5715,138.854,-3.3904,2.4061,132.3925,0.7149,-0.5798,11.9211,53.2241,9.6617,98.7784,7.6227,-6.2774
4:29:05 PM,42.4830785,-82.8619065,,8.7473,7.3281,311.639,-71.1407,-1.4038,2.5878,132.5484,0.7164,-0.5821,9.8814,56.4134,8.8592,111.6952,26.7418,-19.106
4:29:06 PM,42.4831195,-82.8618983,13.7369,8.9222,5.7124,313.8812,-74.8432,-1.0879,1.9716,132.7191,0.718,-0.5847,9.6047,25.1578,4.0839,91.1493,271.8648,16.956
4:29:07 PM,42.4831612,-82.8618935,13.8353,8.8445,3.1054,311.8105,-52.3534,-2.2163,2.0056,132.8767,0.7196,-0.5871,11.5162,62.4171,10.7816,108.7845,50.2051,-22.8073
4:29:08 PM,42.4832024,-82.8618861,,9.1166,5.7468,315.4709,,,,133.0419,0.721,-0.5895,10.8802,26.938,4.9823,81.6106,284.5372,18.927
4:29:09 PM,42.4832466,-82.8618825,13.9009,9.1749,4.6983,,11.4339,-2.0943,2.353,133.2009,0.7226,-0.5919,12.0385,64.6929,11.5642,109.7617,56.675,-10.3282
4:29:10 PM,42.4832889,-82.8618767,,9.2332,5.8957,314.1729,-37.3442,-2.4622,2.22,133.4478,0.725,-0.5957,12.044,63.2594,11.3863,109.155,52.0389,-4.6159
4:29:11 PM,42.4833333,-82.861871,14.0322,8.9028,3.0195,322.3778,26.4294,-1.7791,2.6917,,,,11.9924,39.3077,7.5989,88.726,332.2703,-1.8256
4:29:12 PM,42.4833754,-82.8618652,,9,6.6291,313.4284,-74.8397,-0.5298,2.7185,133.674,0.7273,-0.5992,11.4525,63.0052,10.9055,110.652,55.6065,6.3849
4:29:13 PM,42.4834147,-82.8618601,14.0978,8.7862,3.22,311.3221,0.1409,-1.0058,1.9331,133.8277,0.7288,-0.6016,11.842,42.4831,7.9983,90.6335,332.0725,-15.9776
4:29:14 PM,42.4834578,-82.8618566,,8.6112,5.0936,313.618,-33.573,0.707,2.5488,133.972,0.7303,-0.6038,11.5534,52.5036,9.3093,100.0545,3.71,-1.1437
4:29:15 PM,42.4834965,-82.861854,14.0322,8.6112,2.5497,313.0934,-56.0834,1.0275,2.3792,134.1238,0.732,-0.6063,11.7691,53.2924,9.5716,99.6825,17.0538,-9.3141
4:29:16 PM,42.4835352,-82.8618536,,8.4751,2.0283,,,0.034,2.397,134.2583,0.7336,-0.6086,11.0466,54.0992,9.1833,102.9955,17.287,-4.845
4:29:17 PM,42.4835733,-82.8618526,14.0322,8.3974,1.1918,311.2614,-11.1005,,,134.3875,0.7352,-0.6108,11.0126,54.5838,9.2136,103.0704,21.6337,-4.845
4:29:18 PM,42.4836111,-82.8618514,,8.4363,2.2689,309.4486,26.371,-1.4133,1.7595,134.5788,0.7375,-0.6141,11.585,55.1047,9.6781,100.9464,12.7012,-8.0651
4:29:19 PM,42.4836523,-82.8618504,13.9665,8.7278,1.0256,310.3885,-63.6018,-1.1879,2.1309,134.7185,0.7392,-0.6166,11.0614,55.0732,9.3654,104.4521,23.4143,-8.0192
4:29:20 PM,42.4836924,-82.8618501,,8.6695,0.5214,,-71.1029,0.5166,3.1015,134.8508,0.7409,-0.6189,10.1111,52.1229,8.3656,107.4414,9.9383,-1.3271
4:29:21 PM,42.4837304,-82.8618501,14.0978,8.6112,359.6857,309.1665,-44.8488,0.4958,2.8151,134.9742,0.7425,-0.6211,10.8333,49.7395,8.4182,100.8725,354.8616,
4:29:22 PM,42.483771,-82.861855,,8.5335,359.6628,308.4338,116.3952,-0.7526,2.2189,135.0826,0.7442,-0.6233,11.4235,50.5651,8.9127,98.1421,358.3665,-2.261
4:29:23 PM,42.4838124,-82.8618557,14.0978,8.4751,0.5959,308.2801,,-0.9544,2.6586,135.2165,0.746,-0.6258,11.1946,51.6499,8.914,99.9787,357.5301,-2.6964
4:29:24 PM,42.4838523,-82.8618521,,8.4168,1.8678,309.2084,63.8458,-2.1743,1.9849,135.3545,0.7476,-0.6281,11.5388,52.4746,9.2652,98.9977,0.1852,-2.7423
4:29:25 PM,42.4838896,-82.8618491,14.0978,8.5918,3.4034,309.926,63.863,-0.8535,3.0288,135.4826,0.7491,-0.6302,10.6852,55.2885,9.1443,106.1464,12.2115,-6.3691
4:29:26 PM,42.4839265,-82.8618448,,8.6112,4.7212,,-11.1486,-0.8939,2.389,135.6112,0.7505,-0.6324,,,,,,-6.3691
4:29:27 PM,42.4839684,-82.8618406,14.0978,8.5335,4.0336,310.677,-11.1383,,,135.7557,0.7522,-0.6348,11.1526,53.9988,9.2515,102.7743,3.5132,-5.9279
4:29:28 PM,42.4840073,-82.8618365,14.0978,8.6501,3.9706,312.0521,11.3961,-0.4365,2.3977,135.8891,0.7537,-0.637,10.8484,59.2907,9.8111,108.0718,30.9645,-2.9027
4:29:29 PM,42.4840462,-82.861831,,8.6501,4.0966,312.7282,-67.3489,-1.0491,3.1878,136.0257,0.7552,-0.6393,11.1344,51.5591,8.9024,101.5848,3.6246,-7.9906
4:29:30 PM,42.4840849,-82.8618273,14.229,8.5335,4.429,313.0686,56.41,-0.4216,2.3641,136.1569,0.7568,-0.6415,11.1957,53.2699,9.1796,102.1799,11.3598,-7.7385
4:29:31 PM,42.4841232,-82.8618242,,8.7084,3.5867,,41.418,-2.108,2.5874,136.2849,0.7584,-0.6437,11.3162,51.9525,9.0598,100.3824,6.5786,-6.1628
4:29:32 PM,42.4841668,-82.8618204,14.1634,8.689,6.2166,313.159,-119.8502,0.3142,3.1494,136.4305,0.7602,-0.6463,11.3681,54.2264,9.4561,102.738,20.6582,-10.2595
4:29:33 PM,42.48421,-82.8618164,,8.8056,3.4435,310.7564,,,,136.5612,0.7618,-0.6485,10.4175,49.1079,8.1084,103.7784,341.0335,0.6955
4:29:34 PM,42.4842582,-82.8618152,14.229,8.4751,1.4381,310.9206,-71.096,0.0963,2.2491,136.7133,0.7638,-0.6514,11.2529,46.684,8.2418,96.5884,339.2261,-2.5933
4:29:35 PM,42.4842985,-82.8618148,,8.3391,0.9912,308.9669,-22.335,-0.1662,3.2575,136.8385,0.7656,-0.6537,11.0954,49.6543,8.5586,98.8641,357.6091,-3.9398
4:29:36 PM,42.4843395,-82.8618145,14.1634,8.514,1.547,,161.3919,0.0269,1.6192,136.9649,0.7674,-0.6561,11.4118,46.1866,8.2489,93.3531,340.8773,-3.2981
4:29:37 PM,42.4843792,-82.8618114,14.229,8.6306,5.1623,311.7299,67.6274,-4.3731,2.5692,,,,12.167,60.18,10.8408,103.1621,31.9326,-16.8428
4:29:38 PM,42.4844184,-82.8618045,,8.6112,7.4542,311.8901,11.3824,-1.484,2.6218,137.1631,0.7698,-0.6596,10.6869,57.5561,9.4815,107.9728,22.1833,0.7184
4:29:39 PM,42.4844656,-82.861801,14.2946,8.6306,4.4863,313.948,-284.807,1.4401,3.0203,137.2957,0.7713,-0.6618,11.7006,54.7442,9.7407,101.2214,13.2876,-9.5548
4:29:40 PM,42.4845056,-82.8617976,,8.514,1.6043,310.5091,63.9318,-0.5019,1.746,137.4428,0.7733,-0.6646,12.6104,50.2909,9.7161,93.1788,1.1713,-0.777
4:29:41 PM,,,14.229,8.4168,2.0168,311.183,,-0.3414,2.501,137.5687,0.775,-0.6669,13.2677,52.8857,10.5879,92.2,7.6644,-8.6495
4:29:42 PM,42.4845481,-82.8617955,,8.378,3.7701,,90.1687,,,137.6891,0.7767,-0.6691,12.1329,55.3951,10.0927,98.3234,16.055,-7.8301
4:29:43 PM,42.4845861,-82.8617916,14.0978,8.5335,3.1914,312.007,97.6733,-2.0082,2.2981,137.8135,0.7782,-0.6713,11.8025,57.2362,10.1263,101.4475,22.2989,-13.491
4:29:44 PM,42.4846272,-82.8617892,,8.7084,8.2792,311.572,7.6593,-2.9209,2.0308,137.9447,0.78,-0.6737,11.4072,59.0969,10.1599,105.5556,33.0545,
4:29:45 PM,42.4846681,-82.8617823,14.1634,8.6501,2.7788,313.0307,-131.071,1.2498,3.6095,138.1476,0.7824,-0.6772,10.8934,36.5556,6.4887,89.2259,309.5488,19.8093
4:29:46 PM,42.4847079,-82.8617767,,8.4363,3.0882,310.8593,,-0.811,3.044,,,,11.598,61.8167,10.6728,106.6952,39.2002,-17.8569
4:29:47 PM,42.4847515,-82.8617726,14.2946,8.4363,3.793,,86.4043,-0.541,1.8005,138.347,0.785,-0.6809,11.7393,47.8774,8.7288,94.0331,345.3608,-13.0326
4:29:48 PM,42.4847917,-82.8617698,,8.5723,3.4263,312.5407,71.4158,-2.2211,2.1441,138.4695,0.7868,-0.6832,12.0119,62.4716,11.0468,105.3649,40.3076,-15.6396
4:29:49 PM,42.4848292,-82.8617661,14.393,8.5529,5.9817,311.8429,0.1581,0.5236,3.8969,138.5896,0.7883,-0.6854,10.986,63.3998,10.5063,110.7752,48.2651,-17.4215
4:29:50 PM,42.48487812,-82.86175975,,8.4557,3.8847,311.3065,-59.8305,,,138.7321,0.7902,-0.688,11.7334,46.1281,8.4672,92.6012,338.8731,3.3425
4:29:51 PM,42.48492138,-82.861754,14.2946,8.5335,3.8445,311.2372,11.4305,-0.4681,2.2027,138.8686,0.792,-0.6905,11.9375,52.8865,9.602,97.5162,6.173,-1.8886
4:29:52 PM,42.4849603,-82.86175103,14.2946,8.5529,3.7815,,15.1777,-1.1327,2.2977,138.988,0.7937,-0.6927,11.8093,54.863,9.809,100.0872,12.1136,-7.9906
4:29:53 PM,42.48500233,-82.86174961,,8.7862,3.5638,312.6571,-14.8133,-1.6109,3.0782,139.1718,0.7964,-0.6964,11.5737,56.2969,9.8857,103.1001,24.7734,-6.2316
4:29:54 PM,42.48504295,-82.86174641,14.393,8.689,2.796,311.5292,3.9534,-0.9295,2.4505,139.2903,0.7982,-0.6987,11.3022,55.8871,9.6418,103.9488,23.5809,-7.1369
4:29:55 PM,42.48508294,-82.86174442,14.4587,8.5723,3.6211,312.0996,-7.3465,-1.0686,2.852,139.3998,0.7997,-0.7008,10.6097,54.8377,9.0345,106.2464,22.9216,-7.9447
4:29:56 PM,42.48511863,-82.86174013,,8.7473,2.8476,309.4341,-37.3442,-1.1754,1.8057,139.5062,0.8012,-0.7028,10.969,45.6775,7.9141,97.4416,326.6147,6.7115
4:29:57 PM,42.4851576,-82.8617366,14.5243,8.8639,4.5436,309.8429,,-1.9191,2.1762,,,,10.6736,58.9205,9.7349,110.1097,31.4762,-15.7885
4:29:58 PM,42.4851947,-82.8617312,,8.8833,4.0565,,82.6537,-1.162,2.4451,139.6824,0.8036,-0.7061,10.5671,48.7761,8.1722,103.4545,333.7114,1.257
4:29:59 PM,42.4852328,-82.8617253,14.6555,8.825,3.2888,311.5369,-108.5847,-0.1749,2.4263,139.8013,0.8052,-0.7083,10.2895,53.1221,8.6339,107.579,5.6659,-7.6353
4:30:00 PM,42.4852704,-82.8617225,,8.8445,1.3808,310.5662,-37.3167,,,139.9108,0.8068,-0.7105,,,,,,-2.6964
4:30:01 PM,42.4853089,-82.8617203,14.4587,8.7667,2.4924,310.0692,,-0.6233,2.1794,140.0756,0.8093,-0.7138,10.8034,51.9973,8.7623,103.7033,2.9746,-9.4172
4:30:02 PM,42.4853473,-82.8617175,,8.8445,0.3953,311.6861,86.4353,-0.9998,2.3208,140.1788,0.8111,-0.7161,10.9031,56.9401,9.5585,107.0595,26.0524,-9.4402
4:30:03 PM,42.4853863,-82.8617189,14.6555,8.9805,5.2311,309.3842,-26.0891,-3.4984,3.0649,,,,11.2255,60.2668,10.3126,109.0541,45.4723,-7.5838
4:30:04 PM,42.4854303,-82.8617169,14.6555,8.9417,359.3534,,-63.5811,1.5245,2.4083,140.3483,0.8139,-0.7196,10.064,44.9795,7.3442,104.3909,305.2708,-8.5807
4:30:05 PM,42.4854711,-82.8617132,,,,310.3984,-93.5652,-2.1229,2.7951,140.4662,0.8157,-0.722,12.8394,54.1825,10.4959,97.2788,12.7772,-18.6018
4:30:06 PM,42.4855118,-82.8617106,14.7211,8.7473,1.6845,307.969,-18.5741,0.7976,2.3686,140.5817,0.8175,-0.7243,12.1054,66.1983,11.6849,108.5821,44.3822,
4:30:07 PM,42.4855535,-82.8617111,,8.5335,358.7461,308.9211,41.4248,-0.6206,2.563,140.6899,0.8194,-0.7268,12.7758,48.923,9.6318,90.8387,351.9222,-2.9887
4:30:08 PM,42.4855974,-82.8617134,14.5899,8.6695,359.68,307.1712,135.1241,-0.9649,2.5065,140.8019,0.8215,-0.7294,12.3549,62.604,11.3443,104.7741,32.7899,-10.9012
4:30:09 PM,42.4856408,-82.8617148,,8.5918,1.1287,307.8849,,-2.2886,1.7488,140.9138,0.8236,-0.732,11.9426,63.9874,11.2385,107.2536,35.4332,-13.2102
4:30:10 PM,42.4856812,-82.8617134,14.4587,8.7084,2.4981,310.1276,232.6358,-4.0459,2.418,141.0891,0.8263,-0.7355,11.3964,62.737,10.7187,109.0716,39.0654,-10.1793
4:30:11 PM,42.4857226,-82.8617053,,9.0389,8.3766,313.5539,112.624,-0.7491,2.9915,141.2216,0.828,-0.7379,10.4645,64.2902,10.4154,115.1431,53.7119,-15.6739
4:30:12 PM,42.4857686,-82.8616949,14.6555,8.8833,8.7147,,-104.8066,0.3508,2.2887,141.3479,0.8297,-0.7402,10.4272,54.059,8.9139,108.7248,7.5364,-7.9276
4:30:13 PM,42.4858095,-82.8616877,14.6555,8.7862,7.1734,315.2356,-127.2757,,,141.4642,0.8313,-0.7425,11.9716,49.0542,9.0975,96.3016,354.6452,-3.9111
4:30:14 PM,42.4858484,-82.8616821,,8.7862,5.0306,313.2845,-33.5352,0.5558,2.2084,141.5747,0.833,-0.7447,11.4303,54.443,9.5304,102.6527,18.3683,-3.9627
4:30:15 PM,42.4858872,-82.8616781,14.5243,8.9028,3.9133,313.3869,176.4595,-0.5653,2.3152,141.6813,0.8347,-0.7469,12.4066,56.2272,10.4706,99.9534,22.1793,-21.7874
4:30:16 PM,42.4859252,-82.8616735,,8.7278,4.1196,313.356,,-2.4,2.2096,141.7919,0.8363,-0.749,12.6687,55.011,10.479,97.9202,17.8913,-16.0005
4:30:17 PM,42.4859619,-82.8616643,14.8196,8.7084,9.3163,315.8197,165.1665,-1.9429,2.3322,141.9123,0.838,-0.7513,10.7573,60.467,9.9602,109.9984,39.6396,-13.3649
4:30:18 PM,42.486002,-82.861657,14.7211,8.5918,10.2617,,-149.7964,-0.3154,3.1581,142.0308,0.8396,-0.7535,10.8527,50.3434,8.5104,100.9571,353.3213,-4.7018
4:30:19 PM,42.4860401,-82.8616497,14.6555,8.3196,7.3453,315.6623,-202.2805,-0.2496,3.3061,142.1406,0.8413,-0.7558,11.181,46.7602,8.1705,94.5091,347.7808,8.0923
4:30:20 PM,42.4860792,-82.8616468,14.5243,8.203,1.0943,311.8236,-206.007,-2.4082,2.8391,142.2289,0.8429,-0.7578,11.7576,51.9188,9.3092,96.1902,12.3041,-17.7652
4:30:21 PM,42.4861204,-82.8616481,,8.1058,358.471,307.7709,-172.2586,1.7134,2.5778,142.3288,0.8448,-0.7602,10.3754,54.4601,8.6886,103.6692,16.4997,2.5748
4:30:22 PM,42.486157,-82.8616467,14.5899,7.6587,355.9901,,-67.2492,-0.5551,1.825,142.4172,0.8466,-0.7623,11.6108,43.5254,8.0073,86.9678,336.8245,-14.6369
4:30:23 PM,42.4861957,-82.8616525,,8.1253,354.2254,306.0306,,,,,,,11.1445,62.8054,10.3692,107.0659,34.2081,-11.3997
4:30:24 PM,42.4862318,-82.8616557,14.5899,8.2419,355.4172,303.7807,15.212,0.4207,2.2533,142.5437,0.8496,-0.7658,10.5394,50.7512,8.3317,101.5924,353.8636,-21.352
4:30:25 PM,42.4862697,-82.8616611,,8.3585,355.0333,303.2578,-11.0524,-2.8059,2.7316,142.6244,0.8514,-0.768,8.6462,60.628,8.6223,119.0886,79.9488,-2.112
4:30:26 PM,42.4863069,-82.8616656,14.393,8.4557,354.3056,301.3709,-127.2929,0.1429,2.569,142.7408,0.8543,-0.7714,9.7683,48.7977,7.6419,105.8989,331.946,-6.4207
4:30:27 PM,42.48635,-82.8616773,,8.5723,350.7361,,-202.2598,-1.2715,1.8225,,,,9.4821,61.8834,9.3182,116.1673,61.8888,
4:30:28 PM,42.4863876,-82.8616902,14.6555,8.514,347.4359,298.256,-344.7304,2.1707,3.8068,142.8082,0.8565,-0.7738,10.0875,52.9425,8.3587,105.6169,4.6897,-11.8065
4:30:29 PM,42.4864205,-82.8617064,,7.892,340.4573,290.4763,-344.6891,1.8163,2.2831,142.8686,0.8589,-0.7763,11.259,55.3125,9.397,99.8713,1.9762,1.7841
4:30:30 PM,42.4864521,-82.8617259,14.6555,8.0281,335.3121,284.3134,-254.6683,1.6852,2.3922,142.9161,0.8617,-0.7792,,,,,,-6.1743
4:30:31 PM,42.486484,-82.8617506,,8.3585,329.4622,,-273.3937,1.4451,2.5457,142.9371,0.8638,-0.7812,9.2038,57.9473,8.4444,112.5155,31.4251,1.3601
4:30:32 PM,42.4865133,-82.8617748,14.5243,8.1058,325.8984,280.0648,,,,,,,8.5678,61.105,8.4206,117.0248,49.6078,1.2398
4:30:33 PM,42.4865401,-82.8618043,,8.3974,322.5752,277.4276,-134.629,0.7835,1.6023,142.9531,0.867,-0.7842,8.0318,68.1749,9.048,124.5072,67.936,1.257
4:30:34 PM,42.486569,-82.8618371,14.5243,8.9805,321.0283,275.7309,-89.6152,0.6919,1.9628,142.9461,0.8691,-0.786,7.1161,77.5526,9.8601,135.1914,85.6857,-1.4932
4:30:35 PM,42.4865994,-82.8618707,,9.0777,321.0512,275.4668,49.1151,-0.5359,1.9223,142.9377,0.8714,-0.788,7.0816,81.0392,10.4254,137.8581,87.8372,-1.2812
4:30:36 PM,42.4866352,-82.8619079,14.4587,9.4082,321.6642,275.002,19.1036,-1.4998,2.2457,142.9331,0.8752,-0.7915,7.1002,77.9248,10.3286,137.761,90.6446,-1.3672
4:30:37 PM,42.4866674,-82.8619444,,9.5248,321.3434,273.9823,-40.8748,0.618,2.0701,142.9257,0.8777,-0.7937,6.4318,75.6893,9.9404,141.1742,101.5662,-2.5074
4:30:38 PM,42.4866986,-82.8619816,14.229,9.1944,320.9767,,-18.3885,-0.14,2.136,142.92,0.88,-0.7957,6.9073,74.8228,10.0137,138.2622,95.1866,-1.8084
4:30:39 PM,42.4867294,-82.8620167,,9.6609,321.1428,272.7006,,,,,,,6.7914,74.3897,9.8861,138.5761,97.227,-1.8084
4:30:40 PM,42.4867616,-82.8620514,14.2946,9.0194,321.6814,273.0828,34.1093,-1.0918,2.2569,142.9033,0.8836,-0.7989,6.7324,75.5911,10.0161,139.3819,97.9322,-2.4845
4:30:41 PM,42.4867945,-82.8620867,,9.1749,320.4782,272.1569,-67.1358,-0.6049,2.2403,142.8994,0.8861,-0.8011,6.716,75.4322,9.9592,139.2562,97.4161,-2.3641
4:30:42 PM,42.4868247,-82.862123,14.5243,9.0389,320.4782,270.6835,-78.3738,0.0026,2.0449,142.8954,0.8886,-0.8033,6.2129,73.121,9.4989,141.2524,104.8139,-2.112
4:30:43 PM,42.4868581,-82.8621635,,8.9611,318.2609,,-78.3497,-0.1231,2.0425,142.8828,0.891,-0.8054,6.4257,73.6821,9.4651,139.3424,99.001,-3.8023
4:30:44 PM,42.4868888,-82.8622004,14.5899,9,316.5878,269.4482,-108.3337,0.7255,2.0813,142.8635,0.8949,-0.8088,6.0467,74.1127,9.3446,141.5116,101.2803,-0.9203
4:30:45 PM,42.4869187,-82.8622349,,9.0194,315.5909,267.9508,-97.0682,-0.2032,2.1488,142.8561,0.8973,-0.8109,6.2587,80.3809,10.0091,141.9388,93.5183,1.4231
4:30:46 PM,42.4869469,-82.862274,14.393,8.8445,313.8548,266.7773,-78.2981,-0.4004,2.0055,142.8351,0.8997,-0.8129,6.3767,74.9376,9.4245,139.2044,90.5534,-5.1143
4:30:47 PM,42.4869746,-82.8623122,,8.7084,312.05,,-175.7651,1.8271,2.1553,142.8113,0.9018,-0.8147,5.7408,81.5912,9.7377,144.3238,93.8401,-0.6739
4:30:48 PM,42.4869968,-82.8623536,14.7211,8.4168,308.2456,262.6492,,,,,,,5.9598,82.4854,9.744,142.6718,86.6158,-0.6968
4:30:49 PM,42.4870186,-82.8623961,,8.2613,305.4553,258.1089,-179.4882,1.568,2.5389,142.7597,0.9051,-0.8174,5.272,89.2065,9.7915,147.4268,88.1118,-0.6739
4:30:50 PM,42.4870418,-82.8624444,14.6555,7.9309,301.3472,254.3018,-239.4666,1.3113,2.7342,142.7147,0.9073,-0.819,5.002,95.2939,9.8591,149.6564,84.4229,-0.6739
4:30:51 PM,42.4870599,-82.8624912,,7.6782,296.3166,249.8004,-235.7022,1.6396,2.751,142.6599,0.9097,-0.8208,4.5192,103.9464,9.863,153.5964,82.9546,
4:30:52 PM,42.4870759,-82.862535,14.7211,7.4643,293.2112,,-201.9229,1.5262,2.2779,142.5689,0.9128,-0.823,4.445,113.7585,10.17,156.4201,79.3515,-0.6739
4:30:53 PM,42.4870891,-82.8625797,,7.5227,291.6126,246.5242,-130.655,0.5449,2.5585,142.502,0.9147,-0.8242,4.5507,122.7677,10.7022,159.0501,77.4534,-0.651
4:30:54 PM,42.4871016,-82.8626251,14.8196,7.8142,289.04,245.7578,-40.6376,0.306,2.5226,142.4333,0.9165,-0.8254,4.2818,135.4072,11.1345,164.337,80.65,-0.6739
4:30:55 PM,42.4871128,-82.8626714,,7.8142,287.7681,245.9097,-96.8585,0.038,2.602,,,,3.4117,140.8326,10.6836,168.364,86.1241,-0.6968
4:30:56 PM,42.4871243,-82.8627183,14.5243,7.9892,287.2925,245.0801,,,,142.3202,0.9192,-0.827,2.9509,143.622,10.462,170.3697,88.7254,-0.6739
4:30:57 PM,42.4871336,-82.862768,,8.0281,285.6366,243.5833,-89.3436,0.4553,2.5415,142.2519,0.9208,-0.828,2.7585,144.335,10.4019,171.1052,88.8253,-0.6968
4:30:58 PM,42.4871426,-82.862824,14.6555,8.2419,283.4308,240.9773,-175.5554,0.1835,2.6092,142.165,0.9226,-0.829,,,,,,-0.6739
4:30:59 PM,,,,8.203,279.9013,,-149.267,0.7309,2.9072,142.0144,0.9253,-0.8304,2.4691,151.9884,10.3855,173.5891,89.1625,-0.6739
4:31:00 PM,42.4871475,-82.8628741,14.6555,8.3391,276.6928,236.9686,-220.4799,1.0666,2.1509,141.9144,0.9269,-0.8311,2.1189,153.5501,10.0963,174.6361,88.2484,-0.6968
4:31:01 PM,42.4871508,-82.8629256,,8.514,273.0258,233.3511,-276.6836,2.2024,2.1069,141.8048,0.9285,-0.8317,1.8886,172.105,10.1958,178.542,88.4769,0.26
4:31:02 PM,42.487152,-82.8629804,14.4587,8.8639,268.8203,227.8957,,1.8147,1.9145,141.6893,0.93,-0.8322,1.6854,170.227,10.2995,178.4083,85.6605,0.6324
4:31:03 PM,42.4871507,-82.8630352,,9.1944,264.4258,223.742,-261.6332,2.1263,1.6254,141.5613,0.9313,-0.8325,1.4623,-178.0307,10.3616,-179.7221,83.2383,0.6554
4:31:04 PM,42.4871453,-82.8630918,14.4587,9.3304,260.4609,,-261.6091,2.3268,2.0537,141.4173,0.9326,-0.8326,1.5006,-133.868,10.2508,-173.9417,84.957,0.6554
4:31:05 PM,42.4871367,-82.8631519,,9.2916,256.1179,216.9306,-254.0632,3.1204,2.2031,,,,1.9722,-94.8213,9.6544,-168.2552,87.7644,0.6554
4:31:06 PM,42.4871245,-82.8632108,14.229,9.2916,249.3398,208.7225,-325.2727,3.452,2.1069,141.2095,0.9342,-0.8325,2.6925,-86.6432,9.576,-163.6983,86.2661,0.7585
4:31:07 PM,42.48710767,-82.86327374,,9.2527,243.0773,199.719,-411.457,,,140.9628,0.9356,-0.8319,3.9753,-81.5332,9.6326,-155.9084,85.1073,4.9869
4:31:08 PM,42.48708976,-82.8633262,14.5899,9.1749,237.5483,192.831,-385.1514,2.6545,1.8702,140.8068,0.9361,-0.8312,5.7315,-70.5747,9.0692,-143.4161,87.1192,5.0557
4:31:09 PM,42.48706756,-82.86337575,,9,231.6927,186.9051,-295.0996,3.0626,2.1386,140.6543,0.9364,-0.8303,7.1272,-67.7474,9.1363,-133.7801,86.3797,5.7375
4:31:10 PM,42.4870431,-82.86342115,14.2946,8.2419,224.949,179.0778,,2.3341,1.8943,140.5047,0.9364,-0.8291,8.4339,-65.8306,9.4405,-125.407,82.9901,5.6745
4:31:11 PM,42.48701578,-82.86346047,,9.0972,221.3622,,-336.301,4.669,2.1658,140.3606,0.936,-0.8277,9.9249,-69.3111,10.6646,-119.4678,79.6715,23.4419
4:31:12 PM,42.48698507,-82.86349362,14.4587,8.4946,220.1132,174.3774,-276.2505,3.0481,1.4879,140.2138,0.9354,-0.8261,8.9095,-72.4529,10.3702,-124.9979,72.9488,-8.0651
4:31:13 PM,42.48695082,-82.86352604,,9.0972,210.1437,167.7536,-283.7069,4.5047,2.4197,,,,9.7075,-75.5751,11.2852,-123.5835,68.2501,18.2509
4:31:14 PM,42.4869122,-82.8635574,14.4587,8.6695,203.5089,161.1061,-429.8799,1.8411,2.7509,139.9986,0.9344,-0.8235,10.4769,-68.71,10.864,-116.0314,65.9457,4.7749
4:31:15 PM,42.4868748,-82.8635803,,8.378,198.5299,,-219.837,3.0214,2.2589,139.8602,0.9334,-0.8215,12.0868,-63.5498,11.2506,-105.8732,66.7917,16.2283
4:31:16 PM,42.486839,-82.8635969,14.5243,8.3585,194.3358,155.5474,,,,139.6853,0.9317,-0.8187,11.8585,-61.1352,10.7222,-104.4028,63.5618,
4:31:17 PM,42.4868035,-82.8636095,,8.689,193.3675,152.9432,-257.2775,2.8252,2.0781,139.5703,0.9304,-0.8166,12.1147,-57.2382,10.354,-100.2862,64.0681,8.757
4:31:18 PM,42.4867664,-82.863622,14.4587,8.2224,187.976,154.2196,-39.7644,2.9764,3.048,139.4597,0.929,-0.8146,11.3488,-57.769,9.8499,-102.9351,62.1482,11.0202
4:31:19 PM,42.4867302,-82.8636299,,8.3585,193.2701,152.7728,-122.1878,1.6115,1.9486,139.3487,0.9275,-0.8124,12.5197,-37.3461,7.813,-76.4266,79.0153,-27.6373
4:31:20 PM,42.4866886,-82.8636423,14.2946,7.8142,185.5581,153.9669,-148.4007,4.2742,1.5453,139.2329,0.926,-0.8102,12.1951,-56.732,10.2902,-97.7402,64.5989,30.9591
4:31:21 PM,42.4866497,-82.8636474,,,,149.4317,-290.8299,0.9489,3.5231,139.1267,0.9245,-0.808,12.9594,-47.3738,9.57,-85.1201,69.9981,-27.3107
4:31:22 PM,42.4866127,-82.8636532,13.9009,8.1253,184.9279,,,3.4823,3.24,,,,13.3325,-48.7853,10.0658,-85.1201,66.4662,9.7654
4:31:23 PM,42.4865774,-82.8636549,14.3274,7.8142,183.5814,144.6743,-159.5115,0.6049,0.4964,138.9877,0.9222,-0.805,12.7463,-47.2709,9.4124,-84.1312,63.117,23.6252
4:31:24 PM,42.4865423,-82.863652,,8.1447,175.411,139.2469,-316.9293,,,138.9058,0.9206,-0.8029,14.6895,-47.6502,11.0357,-79.6508,62.3505,-12.8607
4:31:25 PM,42.4865067,-82.8636449,14.0978,7.6976,171.2571,135.1467,-309.3456,2.71,1.1693,138.8295,0.9188,-0.8007,14.3489,-33.5208,8.9538,-62.2494,70.5819,9.4732
4:31:26 PM,42.4864712,-82.863633,,7.6782,167.1776,,-331.7529,2.3875,2.1478,138.7416,0.916,-0.7976,14.5624,-38.8136,9.8822,-67.4642,63.7674,5.9094
4:31:27 PM,42.4864398,-82.8636187,13.7369,7.581,163.6769,129.9144,-350.3923,1.7518,1.5849,138.6871,0.9141,-0.7955,14.0808,-37.2674,9.2902,-66.6041,59.9716,7.0266
4:31:28 PM,42.4864044,-82.8635998,,7.3866,158.2968,124.5229,,2.6712,1.8056,,,,,,,,,7.5309
4:31:29 PM,42.4863747,-82.8635787,14.4587,7.4838,151.2551,118.8843,-320.2502,2.1116,1.8684,138.6263,0.911,-0.7923,14.5382,-37.2221,9.7636,-64.2523,56.8027,7.273
4:31:30 PM,42.4863478,-82.8635542,,7.3088,145.0844,112.5482,-428.852,1.9956,2.4457,138.6072,0.9092,-0.7907,15.4657,-35.0057,10.3679,-58.8388,54.1007,6.4823
4:31:31 PM,42.4863244,-82.8635248,14.4587,7.1533,138.8735,107.1257,-394.9455,2.9401,1.9387,138.6045,0.9073,-0.789,16.1346,-33.3692,10.8615,-54.7919,51.9421,6.786
4:31:32 PM,42.4863041,-82.8634912,,7.4255,131.3334,,-342.2964,2.5375,2.4434,138.641,0.9044,-0.7867,16.2563,-29.2612,10.6024,-48.5425,51.2309,0.5923
4:31:33 PM,42.4862865,-82.863452,14.393,6.9978,126.5778,100.9282,-338.343,,,,,,16.2721,-24.2317,10.2679,-40.5738,53.1533,4.626
4:31:34 PM,42.4862743,-82.8634092,14.1634,7.0173,120.791,97.692,-323.1585,2.192,2.0325,138.7077,0.9016,-0.7848,15.6266,-19.1959,9.3334,-33.4013,54.5148,4.265
4:31:35 PM,42.4862626,-82.8633669,,6.6868,114.0071,92.876,,3.1117,0.4185,138.7977,0.8989,-0.7831,17.2531,-16.4129,10.8238,-26.769,59.3505,-1.9688
4:31:36 PM,42.4862521,-82.8633201,14.1634,6.9589,106.828,91.3303,-356.6765,2.5698,1.6458,138.857,0.8973,-0.7822,16.8313,-8.3576,9.9569,-14.2235,67.8461,4.2421
4:31:37 PM,42.4862429,-82.8632808,,7.0173,103.4303,,-296.3544,1.5206,2.5183,138.9176,0.8957,-0.7813,16.2436,-5.4428,9.2372,-9.6016,71.1122,2.2826
4:31:38 PM,42.4862341,-82.8632394,13.8353,7.2311,100.1244,89.0914,-176.298,1.7699,1.0569,138.984,0.8941,-0.7804,16.1421,-2.5512,8.9762,-4.5913,76.6337,2.4888
4:31:39 PM,42.4862267,-82.8631955,,7.3088,95.0136,90.6334,-127.2069,1.2146,2.5228,,,,16.3085,0.8039,9.0266,1.4525,87.465,2.3055
4:31:40 PM,42.4862215,-82.8631493,14.4587,7.6393,92.9968,94.2783,11.7021,0.1111,3.3528,139.1056,0.8918,-0.7793,16.1873,-0.6693,8.7499,-1.2382,91.4371,
4:31:41 PM,42.4862177,-82.8631057,,7.3477,90.5961,101.1311,38.0868,0.399,1.7025,139.1936,0.8902,-0.7786,17.0218,19.2396,10.279,33.071,132.9597,0.5923
4:31:42 PM,42.4862177,-82.8630549,14.393,7.6199,94.4177,,45.6739,,,139.277,0.8888,-0.7779,16.393,-5.8317,8.9187,-10.7637,98.5763,24.9717
4:31:43 PM,42.4862134,-82.8630067,,7.5421,94.6698,105.1376,49.4864,-0.7934,2.7674,139.3866,0.8873,-0.7775,16.5985,8.5542,9.3412,15.3257,129.5298,-18.1835
4:31:44 PM,42.4862072,-82.8629576,14.3274,7.2894,95.2714,108.9609,15.7999,0.3885,2.4187,139.4906,0.8855,-0.7767,16.6405,0.2093,9.185,0.3792,120.1442,3.7264
4:31:45 PM,42.4862019,-82.8629122,,7.4838,96.1194,111.0481,64.6125,0.2342,2.5011,139.5715,0.884,-0.7759,16.9178,-1.0702,9.4164,-1.923,121.6371,1.658
4:31:46 PM,42.4861978,-82.8628669,14.2946,7.4255,96.5835,113.0855,,-0.4576,3.2603,139.6585,0.8825,-0.7752,16.6173,2.6113,9.253,4.6933,129.9998,1.7841
4:31:47 PM,42.486193,-82.8628227,,7.3088,95.5464,114.5267,60.9066,0.2642,3.3554,139.7376,0.8811,-0.7747,16.2842,0.771,8.9178,1.408,129.2867,-11.3596
4:31:48 PM,42.486189,-82.8627793,14.0322,7.1145,95.9819,116.8088,60.9031,0.1564,2.3978,139.822,0.8796,-0.7739,16.7639,0.7772,9.5233,1.3683,131.0709,-1.2812
4:31:49 PM,42.4861829,-82.8627374,14.1634,7.27,97.9701,,34.6628,,,139.9058,0.8782,-0.7733,16.4038,1.0092,9.1935,1.801,133.7706,-1.2698
4:31:50 PM,42.4861753,-82.8626907,,7.2505,97.781,119.1394,53.4054,-0.1167,2.7472,140.0239,0.8758,-0.772,,,,,,-1.35
4:31:51 PM,42.4861686,-82.8626458,13.6713,7.27,99.6832,120.9274,75.9123,0.7037,2.8459,140.0979,0.8744,-0.7713,16.5727,-0.46,9.2921,-0.8204,133.1639,-1.1609
4:31:52 PM,42.4861627,-82.8626009,,7.2116,100.8578,122.5573,4.6478,0.7311,2.823,140.1834,0.8728,-0.7706,16.635,-0.5226,9.3529,-0.9296,139.3174,-1.1208
4:31:53 PM,42.4861559,-82.8625563,14.0322,7.581,104.6679,123.9493,15.8721,0.7987,2.5759,140.2667,0.8713,-0.7698,16.941,0.7988,9.6741,1.399,139.0274,1.1137
4:31:54 PM,42.4861498,-82.8625105,,7.406,102.2099,,,0.2968,1.7563,140.3541,0.8697,-0.769,17.3355,-2.3724,9.9858,-4.1208,134.4747,1.1137
4:31:55 PM,42.4861425,-82.8624635,13.8353,7.5421,102.0323,124.9977,15.848,-0.1287,2.1626,,,,16.855,-2.3662,9.4246,-4.2344,136.1895,1.0507
4:31:56 PM,42.4861369,-82.8624145,,7.3477,101.2989,,45.832,-0.726,1.6432,140.483,0.8672,-0.7677,17.0265,-3.9884,9.5106,-7.1532,135.8599,0.3631
4:31:57 PM,42.4861315,-82.8623657,13.9009,7.5615,103.4361,127.6528,,,,140.5804,0.8656,-0.767,17.2716,1.4597,9.7596,2.5839,145.8973,-4.7133
4:31:58 PM,42.4861254,-82.8623083,,7.6782,102.3131,128.5164,19.5505,1.1332,1.4958,140.7494,0.8629,-0.7657,17.9438,-2.9466,10.3277,-5.1241,139.8577,-0.714
4:31:59 PM,42.4861195,-82.8622563,11.9324,7.6976,101.786,128.4559,-2.9668,-0.4744,1.3467,140.8532,0.8612,-0.7649,18.4261,-2.2082,10.8604,-3.7483,140.8637,-1.5391
4:32:00 PM,42.4861124,-82.8622082,,7.5421,103.3444,129.5016,49.4932,0.8384,1.3935,140.9451,0.8595,-0.7641,18.3876,-3.6714,10.9523,-6.1715,138.9477,0.7986
4:32:01 PM,42.4861048,-82.8621567,11.8668,7.6004,102.7944,,49.4485,0.1799,1.7396,141.036,0.8579,-0.7633,18.3731,1.2936,10.8554,2.1898,147.5747,-4.0257
4:32:02 PM,42.4860941,-82.8621105,,7.5615,108.0427,130.8497,23.1739,0.142,1.2905,,,,18.4022,-3.2072,10.921,-5.4095,140.719,-0.0895
4:32:03 PM,42.4860863,-82.8620648,13.9009,7.406,104.7252,130.5909,4.3763,-0.0449,1.6747,141.1668,0.8551,-0.7617,17.9214,-3.1392,10.3587,-5.4365,142.269,
4:32:04 PM,42.4860778,-82.8620187,,7.717,104.2497,130.0984,,,,141.2522,0.8534,-0.7608,18.0991,-2.6979,10.472,-4.6662,142.8127,-0.714
4:32:05 PM,42.4860697,-82.8619711,14.2946,7.5615,103.6824,130.2254,-14.4076,0.2924,2.4561,141.3388,0.8518,-0.7599,18.383,-1.0829,10.7897,-1.8451,145.2974,-0.714
4:32:06 PM,42.4860613,-82.8619186,,7.3866,103.9002,,19.3133,0.3189,2.5223,141.4287,0.8501,-0.759,18.1312,-1.8286,10.5957,-3.1301,143.7879,-1.3901
4:32:07 PM,42.4860533,-82.8618701,14.5243,7.6004,104.4044,130.3407,30.5409,0.0399,1.8611,141.522,0.8484,-0.7581,18.0077,-0.505,10.4063,-0.8739,146.7734,-1.1208
4:32:08 PM,42.4860446,-82.8618246,,7.4449,105.3784,131.0326,-6.9924,0.0331,1.9297,141.6161,0.8467,-0.7572,18.0247,-1.0642,10.4435,-1.837,146.2096,-1.7224
4:32:09 PM,42.4860353,-82.8617802,14.6555,7.4255,104.0319,131.6241,0.4744,0.1247,1.3092,141.7,0.845,-0.7563,17.7931,-0.0645,10.3498,-0.111,148.3968,0.2829
4:32:10 PM,42.4860264,-82.8617366,,7.3283,105.6649,131.9672,30.4206,0.0868,0.9588,141.7813,0.8434,-0.7553,18.1441,-0.8733,10.8373,-1.4622,146.4102,-3.384
4:32:11 PM,42.486018,-82.8616942,14.7211,6.9589,105.1492,132.9378,19.1207,-0.1827,1.5645,141.8617,0.8418,-0.7544,18.3221,-0.6807,11.2472,-1.109,146.6553,-2.6563
4:32:12 PM,42.4860096,-82.8616526,14.5243,6.6479,105.6248,,22.837,-0.2884,1.73,141.9734,0.8396,-0.7532,,,,,,-2.0146
4:32:13 PM,42.4860013,-82.8616134,,6.298,106.1576,133.303,-7.1952,0.3669,1.7906,142.0476,0.8381,-0.7523,17.7961,-1.0715,11.1217,-1.7146,146.0396,-2.6334
4:32:14 PM,42.4859924,-82.8615716,14.2946,6.0842,106.2493,133.2769,,,,142.1268,0.8365,-0.7514,16.7353,-2.4781,10.3983,-3.9903,144.5035,1.658
4:32:15 PM,,,,5.851,105.0862,133.3881,-3.4859,-0.4509,1.8996,142.1914,0.8351,-0.7506,16.1797,-2.0068,10.093,-3.2181,145.0715,-2.6964
4:32:16 PM,42.4859841,-82.8615362,14.393,5.4622,106.6332,132.9065,-14.7582,0.472,0.2473,,,,17.0493,-2.018,11.2638,-3.0554,142.9426,-2.5532
4:32:17 PM,42.4859777,-82.8615047,,5.3261,105.9514,132.8471,-7.2846,-0.3085,-0.6258,142.2818,0.8334,-0.7495,16.5845,-1.214,11.0715,-1.8187,143.3941,-2.473
4:32:18 PM,42.4859706,-82.8614713,14.0322,4.8402,106.0087,,-22.3213,0.0461,-0.8213,142.3449,0.8321,-0.7488,14.8321,-1.6521,9.6556,-2.5383,143.9601,-2.4845
4:32:19 PM,42.4859642,-82.8614421,,4.0432,105.6591,133.4422,-37.3271,0.0464,-0.1519,142.3987,0.831,-0.7482,14.1728,-1.846,9.3116,-2.8104,143.7023,-2.2152
4:32:20 PM,42.4859599,-82.861413,14.5899,3.8682,106.4384,133.7452,,,,142.4584,0.8301,-0.7477,14.5029,-1.9307,10.1461,-2.7603,140.1768,-2.2152
4:32:21 PM,42.4859544,-82.8613875,,3.9071,103.8772,133.2979,15.1295,0.153,-0.5491,142.5244,0.8288,-0.7469,14.6415,-2.5681,10.3803,-3.6235,140.6453,-1.7224
4:32:22 PM,42.48594977,-82.86136107,14.6555,3.946,107.4525,,0.1134,-0.6696,0.7837,142.5682,0.8279,-0.7464,14.332,-1.6288,10.2942,-2.268,141.845,-1.8657
4:32:23 PM,42.4859441,-82.8613403,,,,133.1445,-33.6487,0.5566,1.279,142.6108,0.827,-0.7458,13.956,-4.1834,10.0808,-5.7963,137.401,-1.7854
4:32:24 PM,42.4859385,-82.861317,14.6555,3.7516,104.7883,132.4612,-14.9267,-0.1489,2.395,142.6526,0.8261,-0.7454,13.3695,-3.1256,9.64,-4.3368,138.553,-1.9688
4:32:25 PM,42.4859337,-82.8612959,,3.4017,106.2894,131.8281,-14.9473,0.1802,-1.737,,,,15.2017,-3.4718,11.7795,-4.4823,135.0729,-1.9287
4:32:26 PM,42.4859294,-82.8612782,14.7867,3.3045,107.1718,,-44.976,0.3819,1.4613,142.7041,0.8251,-0.7447,13.3023,-4.0152,10.1739,-5.2529,134.154,-1.1609
4:32:27 PM,42.4859261,-82.86126,14.6555,2.7797,103.7684,130.8813,-14.9955,0.5849,4.4358,142.7403,0.8244,-0.7444,13.4497,-3.515,10.6932,-4.4226,133.3232,-1.5734
4:32:28 PM,42.4859229,-82.8612402,,2.1771,106.4556,130.6794,,1.4455,-2.2343,142.7796,0.8238,-0.744,15.2513,-5.2762,12.8692,-6.2565,129.0723,
4:32:29 PM,42.4859201,-82.8612198,14.7211,2.2937,104.9487,129.6227,-26.2644,,,142.8182,0.8232,-0.7437,12.0135,-5.4672,9.708,-6.7711,129.0615,7.2501
4:32:30 PM,42.4859192,-82.8612091,,1.9827,101.064,128.2971,-78.776,0.8855,0.595,142.8436,0.8228,-0.7435,13.5094,-8.6664,11.3632,-10.3198,123.2015,-5.6586
4:32:31 PM,42.4859144,-82.8611961,14.7211,1.9438,99.4024,126.9991,-71.2954,0.9583,4.0907,142.8726,0.8221,-0.7431,13.2059,-7.3597,11.3056,-8.6055,122.9221,4.7119
4:32:32 PM,42.4859132,-82.8611862,,2.2743,100.0728,123.9299,-56.324,-0.4416,0.4062,,,,10.9691,-3.4859,8.9578,-4.2699,125.8878,7.0266
4:32:33 PM,42.4859108,-82.8611755,14.8852,1.3607,97.8669,122.0733,-52.601,1.3358,-2.1087,142.9044,0.8215,-0.7427,13.4484,-5.0641,11.8682,-5.7405,120.232,-5.6243
4:32:34 PM,42.4859066,-82.8611657,,1.7106,93.8734,119.5538,-93.8642,-0.2715,3.4039,142.9187,0.821,-0.7424,10.9197,-2.9027,9.1855,-3.4513,121.3416,10.4587
4:32:35 PM,42.4859066,-82.8611564,14.5899,1.2635,91.4441,117.3382,-45.1651,0.246,-1.6086,142.9427,0.8205,-0.7421,11.3791,-1.5368,9.5224,-1.8366,121.5951,-2.473
4:32:36 PM,42.4859033,-82.8611455,14.6555,2.0605,93.3463,,-56.4547,0.3743,0.0742,,,,,,,,,6.6714
4:32:37 PM,42.4859041,-82.8611354,,2.0216,92.6931,116.2417,-86.4765,0.8,1.5091,142.9822,0.8201,-0.742,12.3393,-0.5424,10.5104,-0.6368,120.3224,1.9388
4:32:38 PM,42.4859054,-82.8611265,14.5899,2.0799,91.6962,113.6676,,,,143.0097,0.8199,-0.742,11.1657,1.6803,9.1457,2.0516,121.9752,1.9388
4:32:39 PM,42.4859075,-82.8611149,14.5899,2.2743,88.2584,112.2572,-37.7533,0.4945,1.0727,143.04,0.8198,-0.742,11.4286,3.4587,9.2437,4.2775,122.2544,1.9388
4:32:40 PM,42.4859079,-82.8610933,,2.5853,90.5216,110.9195,-11.5405,-0.0684,1.381,143.0932,0.8192,-0.7418,11.4768,4.8058,8.9472,6.1692,123.7541,2.4315
4:32:41 PM,42.485908,-82.8610763,14.5243,2.838,88.3845,108.4407,-56.5647,0.1835,0.6854,143.1363,0.8188,-0.7417,11.5922,5.0485,9.0596,6.4651,122.2665,3.5832
4:32:42 PM,42.4859102,-82.8610542,,3.149,88.0063,107.4298,10.8736,0.2103,1.9267,143.1945,0.8183,-0.7416,11.2456,3.7705,8.4153,5.0415,120.0271,4.5056
4:32:43 PM,42.4859136,-82.8610332,14.5243,3.0518,85.3363,,3.3071,-1.7005,1.8815,143.2507,0.8179,-0.7416,11.8952,5.4503,8.9706,7.2355,121.2865,1.8471
4:32:44 PM,42.4859158,-82.8610152,,3.0518,86.8088,107.5034,-49.1976,0.934,0.4087,143.304,0.8175,-0.7416,11.5341,3.9867,8.5042,5.4108,120.056,6.2016
4:32:45 PM,42.485917,-82.8609959,14.4587,3.2073,86.5338,106.6049,,-0.9724,2.1683,143.3496,0.817,-0.7414,11.959,3.4198,8.8054,4.6468,118.2883,2.7295
4:32:46 PM,42.4859193,-82.8609776,14.4587,3.1685,85.1473,104.142,-79.2194,0.2537,0.0214,143.4269,0.8165,-0.7414,11.9571,5.377,8.8142,7.3033,119.5797,5.1588
4:32:47 PM,42.4859214,-82.8609599,,3.013,82.4372,101.9665,-71.7561,-0.2751,-0.2843,,,,11.0944,7.4967,7.9685,10.4659,120.6139,-0.5077
4:32:48 PM,42.4859299,-82.8609453,14.5243,3.46,79.7901,101.2001,-34.2881,0.348,2.7438,143.5094,0.8162,-0.7416,11.9277,7.3531,8.4339,10.428,120.3655,4.4713
4:32:49 PM,42.4859339,-82.8609275,,3.1296,73.3615,99.6167,-128.0286,,,143.5625,0.8161,-0.7418,12.6545,7.1917,9.587,9.5116,117.0676,4.414
4:32:50 PM,42.4859373,-82.8609071,14.4587,3.2268,79.4005,98.138,10.712,0.5797,1.0564,143.6205,0.8157,-0.7418,11.9562,5.7443,8.6479,7.9539,113.5258,5.8865
4:32:51 PM,42.4859417,-82.8608853,,3.324,76.4097,99.1641,48.1903,0.1454,1.4649,143.7085,0.8152,-0.7419,11.8945,12.8891,8.6873,17.7833,122.8054,
4:32:52 PM,42.4859433,-82.8608637,14.4587,3.46,80.8902,,111.9227,0.0592,0.1211,,,,11.0217,9.4707,7.663,13.6896,122.2368,-2.473
4:32:53 PM,42.4859452,-82.8608429,,3.2851,79.0338,102.8522,55.6674,-0.4674,-0.335,143.7971,0.8145,-0.7418,13.1777,10.4038,9.9704,13.8084,123.4739,4.265
4:32:54 PM,42.4859461,-82.8608243,14.393,3.1101,85.0785,104.7177,171.908,0.3319,3.7107,143.8728,0.8139,-0.7416,11.29,11.5278,8.2289,15.9134,127.7057,3.6233
4:32:55 PM,42.485948,-82.8608041,,3.1101,83.2336,107.1379,194.3908,-0.465,0.8525,143.9284,0.8134,-0.7415,11.9725,11.7815,9.01,15.7424,130.1883,2.9185
4:32:56 PM,42.4859462,-82.8607844,14.5899,3.0713,88.5506,112.3005,,0.1994,-0.4144,143.9737,0.8128,-0.7412,12.5989,8.508,9.5303,11.2788,129.7638,2.3857
4:32:57 PM,42.4859462,-82.8607664,,2.9741,90.5445,115.5952,100.6332,-0.7784,2.4939,,,,11.6967,10.9002,8.7531,14.6369,136.2662,3.7952
4:32:58 PM,42.4859407,-82.8607498,14.393,3.6739,94.1198,118.7349,119.3723,,,144.0411,0.8121,-0.741,12.7281,6.8373,9.5726,9.1079,134.0958,-0.714
4:32:59 PM,42.4859378,-82.8607271,,3.3045,99.1733,124.0092,239.3669,0.1948,0.6788,144.0936,0.811,-0.7403,12.2382,6.8072,9.1185,9.1535,139.0399,1.681
4:33:00 PM,42.485936,-82.8607072,14.3274,3.2462,100.3364,,119.3483,-0.8468,0.4587,,,,11.8775,3.6112,8.6588,4.9565,138.9862,1.4861
4:33:01 PM,42.4859348,-82.8606859,,3.2268,103.946,128.164,123.0851,-0.1495,2.1562,144.16,0.81,-0.7398,12.9367,2.0419,9.6509,2.7376,139.5348,1.532
4:33:02 PM,42.4859318,-82.8606678,14.3274,3.2657,106.6274,130.257,156.8369,-0.9667,1.2351,144.2107,0.8094,-0.7395,12.0144,-3.962,8.7723,-5.4301,133.9239,1.257
4:33:03 PM,42.4859264,-82.8606443,,3.2073,107.8307,132.7588,115.5839,0.0979,-0.9269,144.2762,0.8083,-0.7389,,,,,,1.8815
4:33:04 PM,42.4859232,-82.8606248,14.4587,3.1296,111.234,135.5061,70.5666,-0.968,1.0018,,,,11.3568,-6.9709,8.1249,-9.767,132.2551,1.3601
4:33:05 PM,42.4859193,-82.8606035,14.393,3.1879,112.0362,,-41.9439,0.0757,4.3087,144.3376,0.8072,-0.7382,13.5125,-9.9051,10.4306,-12.8759,129.5014,0.9705
4:33:06 PM,42.4859169,-82.8605848,,3.013,112.019,135.6286,3.063,-0.4014,-0.8008,144.3785,0.8065,-0.7378,11.9151,-12.9238,9.0261,-17.172,126.1049,2.6894
4:33:07 PM,42.4859122,-82.8605669,14.4587,2.9352,112.4716,135.5854,18.0654,-0.2019,2.1269,144.4204,0.8059,-0.7375,12.198,-12.285,9.2554,-16.2855,127.4971,1.807
4:33:08 PM,42.4859074,-82.860549,,3.1879,113.4285,136.985,48.0563,-0.618,2.0415,144.4515,0.8053,-0.7372,13.2886,-13.7294,10.5174,-17.45,125.5101,3.7035
4:33:09 PM,42.485904,-82.8605333,14.5243,2.6047,112.2883,138.6961,,,,144.4868,0.8046,-0.7367,11.642,-14.5601,8.7632,-19.5107,125.4066,1.171
4:33:10 PM,42.4858981,-82.8605158,,2.9741,117.846,140.2276,33.0092,-1.3917,-0.6058,144.5187,0.804,-0.7363,13.3575,-13.6728,10.7066,-17.1517,129.3509,3.5201
4:33:11 PM,42.4858912,-82.8604952,14.3274,3.0907,116.6829,141.6516,126.7703,-0.8554,1.2733,144.5485,0.8033,-0.7358,12.86,-13.0641,9.9879,-16.9203,129.4828,0.6324
4:33:12 PM,42.4858843,-82.8604778,,3.1296,119.1695,140.9174,-68.2358,0.2331,1.1589,144.5808,0.8025,-0.7352,12.5971,-16.8173,9.6462,-22.1993,124.9795,-1.4531
4:33:13 PM,42.485877,-82.8604609,14.3274,3.2073,119.4044,,-15.7552,-0.1218,0.0374,144.6189,0.8014,-0.7345,13.2245,-13.5369,10.2031,-17.6609,130.9561,
4:33:14 PM,42.4858708,-82.8604405,,2.9546,116.7745,141.683,-57.0047,-0.2084,1.9551,,,,12.5464,-13.9399,9.4797,-18.5927,130.7882,1.2742
4:33:15 PM,42.4858627,-82.8604237,14.3274,3.149,120.642,141.2932,17.9794,0.8277,2.9243,144.6727,0.8,-0.7335,12.6247,-19.4078,9.7794,-25.402,123.0441,3.4571
4:33:16 PM,42.4858557,-82.860411,,3.1101,118.9059,141.2507,36.7186,0.0042,-0.1335,144.6936,0.7993,-0.733,13.8936,-14.6247,11.0086,-18.5817,128.7648,2.231
4:33:17 PM,42.4858489,-82.8603966,14.393,3.149,122.2635,142.583,32.9405,0.3859,1.1111,144.7097,0.7986,-0.7324,12.5266,-15.6058,9.6452,-20.4495,128.6224,1.1309
4:33:18 PM,42.4858403,-82.8603815,,2.9158,120.4415,143.8093,17.9244,0.1231,3.6703,144.7266,0.798,-0.732,12.5867,-14.4545,9.7441,-18.81,131.3794,1.3601
4:33:19 PM,42.4858341,-82.860368,14.393,2.9158,120.6592,143.742,29.1658,0.0579,-1.2524,144.7555,0.7968,-0.731,14.229,-14.0093,11.4429,-17.5189,131.6303,1.383
4:33:20 PM,42.4858267,-82.8603524,14.2946,2.9741,121.4441,143.7752,32.8958,-0.4671,1.3619,144.776,0.7961,-0.7305,12.4121,-15.7959,9.6012,-20.6038,130.6198,1.7841
4:33:21 PM,42.4858205,-82.8603347,,2.9741,120.579,150.9147,,,,,,,13.1757,-15.968,10.368,-20.4627,129.9393,1.8586
4:33:22 PM,,,14.3274,3.1685,121.977,,-64.6056,0.3565,2.3082,144.817,0.795,-0.7297,13.251,-15.8409,10.3697,-20.4149,129.4248,1.8242
4:33:23 PM,42.4858135,-82.8603224,,3.2657,120.579,142.4788,-64.6159,-0.2878,-0.606,144.833,0.7943,-0.7292,12.325,-14.0236,9.3924,-18.541,130.8893,1.807
4:33:24 PM,42.4858055,-82.8603044,14.3274,2.8963,118.9747,142.4095,-38.3687,-0.4452,0.0549,144.8691,0.7931,-0.7283,13.5772,-15.3709,10.5892,-19.8684,128.7525,2.4544
4:33:25 PM,42.485798,-82.8602879,,3.324,118.9346,141.5021,-8.3778,-0.9215,3.1755,144.901,0.7923,-0.7277,13.1945,-13.4057,10.0331,-17.752,130.964,-2.112
4:33:26 PM,42.4857915,-82.8602698,13.9009,3.2073,118.2069,140.686,-38.3893,0.4692,0.828,,,,12.2659,-18.8738,9.2827,-25.3055,122.7248,7.5309
4:33:27 PM,42.4857843,-82.8602514,,3.0324,117.7715,139.6712,-12.1456,-0.7698,0.4692,144.9449,0.7911,-0.7268,13.8908,-13.0701,10.8643,-16.8065,129.5753,-2.261
4:33:28 PM,42.4857778,-82.8602335,14.229,3.1685,117.9663,,-38.4031,-0.0646,3.1275,144.9762,0.7903,-0.7263,11.8173,-18.3544,8.8601,-24.8342,123.0313,4.5228
4:33:29 PM,42.4857709,-82.8602145,,3.0324,117.124,139.4655,,,,145.009,0.7895,-0.7257,13.6243,-15.5187,10.6803,-19.9563,125.5347,3.4972
4:33:30 PM,42.48576498,-82.86019753,14.229,3.2268,117.0381,138.7489,-68.4112,-0.2451,-0.0297,145.0355,0.7889,-0.7253,,,,,,2.9185
4:33:31 PM,42.48575767,-82.86017963,,3.324,115.6343,139.1609,55.3237,-0.2395,0.5149,145.0645,0.7881,-0.7247,12.55,-16.8279,9.5297,-22.411,123.7773,2.9816
4:33:32 PM,42.48575174,-82.86016224,14.1634,3.2851,118.4533,,-60.9237,0.0793,1.5386,145.0957,0.7873,-0.7242,12.533,-16.4548,9.5252,-21.8824,124.6089,2.9185
4:33:33 PM,42.48574514,-82.86014293,,3.7905,116.7172,137.8561,,,,145.1302,0.7865,-0.7236,12.7915,-16.5057,9.6141,-22.2103,124.069,2.7696
4:33:34 PM,42.48573961,-82.86012226,14.229,3.2657,115.9437,138.1436,6.5798,0.2582,1.4316,145.1713,0.7857,-0.7231,12.4673,-16.1247,9.1126,-22.3319,124.3653,
4:33:35 PM,42.48573291,-82.86010064,,3.8488,117.7428,138.7493,17.8316,-0.255,0.0689,145.2119,0.7848,-0.7225,13.0245,-13.2678,9.7417,-17.869,128.4827,-0.3817
4:33:36 PM,42.48572549,-82.86008157,14.229,3.5184,115.789,138.2352,-12.1731,0.0637,1.8834,145.2639,0.7835,-0.7216,12.2203,-14.439,8.7554,-20.3667,126.5477,2.5748
4:33:37 PM,42.4857177,-82.8600603,14.1634,3.771,115.9953,,-30.926,0.5413,0.5487,145.3006,0.7826,-0.7209,12.9555,-14.3897,9.6005,-19.5945,126.4298,2.0878
4:33:38 PM,42.4857107,-82.8600399,,,,137.0821,-23.4317,-0.0432,1.3833,145.3295,0.7819,-0.7205,12.4366,-13.1866,8.8539,-18.6891,127.2884,2.0878
4:33:39 PM,42.4857036,-82.8600189,14.1634,3.7516,114.7405,136.7533,-27.196,0.5943,0.7108,145.3711,0.7809,-0.7197,12.7628,-12.8085,9.165,-17.982,127.9109,2.0878
4:33:40 PM,42.4856947,-82.8599965,,3.6544,115.8005,135.3988,-4.6994,-0.5455,1.2104,145.4012,0.7801,-0.7191,12.3738,-12.1911,8.82,-17.2332,128.171,2.1049
4:33:41 PM,42.4856877,-82.8599785,14.1634,3.4406,113.056,137.4449,,,,,,,13.1841,-10.4891,9.532,-14.5839,130.7535,-0.4848
4:33:42 PM,42.4856797,-82.8599572,,3.7905,114.9067,,44.0375,-0.3308,1.8219,145.4574,0.7787,-0.7182,12.1242,-10.3685,8.4253,-15.0103,132.7438,1.0278
4:33:43 PM,42.4856725,-82.8599351,14.1634,3.9654,113.3998,138.024,6.5214,-0.4177,-0.4662,145.5242,0.7773,-0.7172,12.7188,-11.464,8.9804,-16.3492,131.8186,1.0679
4:33:44 PM,42.4856651,-82.859912,,3.7322,116.1099,138.4555,-0.9901,-0.1807,1.354,145.5667,0.7764,-0.7166,13.2288,-10.6473,9.5906,-14.7649,132.3228,1.0679
4:33:45 PM,42.4856578,-82.8598879,14.1634,3.7127,115.9036,138.4514,6.5077,-0.2051,1.7212,145.6123,0.7754,-0.716,12.4625,-11.54,8.7712,-16.5136,131.3031,1.1309
4:33:46 PM,42.4856512,-82.859867,,3.7516,114.2478,138.1506,14.0054,-0.3813,-0.6591,145.6463,0.7747,-0.7154,13.0485,-11.9634,9.4242,-16.6786,132.0428,2.7295
4:33:47 PM,42.485644,-82.8598453,13.9665,3.771,115.027,,-23.497,-0.8447,0.5413,,,,12.9087,-12.8917,9.3064,-18.0273,130.4221,2.8956
4:33:48 PM,42.485636,-82.8598254,,3.8682,115.4281,138.0588,14.0123,-0.4964,0.0434,145.7001,0.7733,-0.7144,13.1221,-13.7438,9.5249,-19.1053,128.0086,3.0102
4:33:49 PM,42.4856302,-82.8598057,14.0978,3.6933,115.2791,137.3493,,,,145.7407,0.7725,-0.7139,12.519,-15.0034,9.0345,-21.0219,125.615,2.6664
4:33:50 PM,42.4856231,-82.8597852,,3.6155,113.4972,138.1222,21.5169,0.1266,-0.5079,145.7727,0.7717,-0.7134,12.4172,-14.3981,8.865,-20.3831,127.3901,2.2654
4:33:51 PM,42.4856145,-82.8597628,14.229,3.3628,116.0755,138.2362,-42.2396,0.3575,2.7623,145.8306,0.7703,-0.7124,13.8021,-14.0441,10.6255,-18.374,126.731,2.4315
4:33:52 PM,42.4856068,-82.8597431,,3.4795,115.6974,,21.4997,0.7497,1.9768,145.8641,0.7694,-0.7117,13.1459,-13.7844,9.9552,-18.3388,127.8038,2.592
4:33:53 PM,42.4855996,-82.8597255,14.1634,3.5378,116.2359,138.9923,85.2492,-0.2092,-0.1763,145.9002,0.7686,-0.7111,12.1868,-16.2187,8.9294,-22.4077,125.9158,2.5347
4:33:54 PM,42.4855923,-82.8597072,,3.3628,121.1519,139.7846,-57.2557,0.2141,-1.3005,145.9354,0.7678,-0.7106,13.3001,-15.022,10.0999,-19.9571,125.9968,2.9586
4:33:55 PM,42.4855868,-82.8596877,14.1634,3.4406,114.0988,139.3313,-49.782,-0.1346,1.8783,,,,13.185,-16.5749,10.148,-21.7551,124.7831,
4:33:56 PM,42.4855804,-82.8596695,,3.3628,118.3387,137.1679,-76.0361,-0.6403,1.349,145.9821,0.7667,-0.7098,12.3725,-18.0432,9.2022,-24.61,121.1756,7.7772
4:33:57 PM,42.4855748,-82.8596502,14.1634,3.3434,113.0618,,-79.797,-0.5678,0.3251,146.0223,0.766,-0.7093,,,,,,6.4651
4:33:58 PM,42.4855675,-82.8596301,,3.5184,114.1103,135.7118,-91.0453,-0.6988,0.4387,146.0569,0.7651,-0.7087,12.8472,-17.1745,9.6287,-23.2027,121.5096,6.6943
4:33:59 PM,42.4855608,-82.8596064,14.0978,3.5184,113.2795,134.5064,,,,146.103,0.7642,-0.7081,12.4877,-15.8402,9.191,-21.7687,122.3825,5.9667
4:34:00 PM,42.4855576,-82.8595825,,3.4795,110.4892,133.9004,55.2171,-0.2508,-0.4914,146.147,0.7634,-0.7076,12.9972,-14.4598,9.6841,-19.5804,121.6384,5.9094
4:34:01 PM,42.4855513,-82.859561,14.0322,3.5572,111.234,134.7341,28.963,-0.2084,1.6112,146.2054,0.7626,-0.7071,11.8055,-14.3031,8.4123,-20.2859,123.0173,5.8635
4:34:02 PM,42.4855454,-82.8595402,,3.635,111.509,134.2066,17.7216,-0.3408,0.0255,146.2475,0.7618,-0.7066,12.6584,-12.4902,9.2202,-17.2727,131.7268,5.3593
4:34:03 PM,42.4855398,-82.8595231,14.0978,3.5572,111.5663,,-31.0188,0.7275,0.8453,146.3027,0.7606,-0.7057,11.6909,-14.1948,8.2525,-20.3277,123.5051,5.2677
4:34:04 PM,42.485531,-82.8595031,14.0978,3.4406,111.0793,133.2078,2.7193,0.2626,2.426,146.3328,0.7599,-0.7052,12.4635,-9.68,9.0117,-13.4475,128.857,3.3196
4:34:05 PM,42.4855269,-82.8594837,,3.1879,110.1798,132.6991,66.462,-0.1505,1.6559,146.3744,0.7592,-0.7048,13.6813,-11.1284,10.4808,-14.5927,125.0649,5.9094
4:34:06 PM,42.4855209,-82.8594661,14.0978,3.0713,115.3822,133.0658,-31.0429,0.8187,-1.365,,,,11.6434,-11.8024,8.5755,-16.1236,124.9308,4.6088
4:34:07 PM,42.4855165,-82.8594484,14.0322,2.8769,109.836,132.3972,,,,146.4334,0.7581,-0.704,12.9024,-10.9891,10.0074,-14.2272,124.5278,3.48
4:34:08 PM,42.4855118,-82.8594364,,2.4687,110.9132,132.0585,-46.0521,0.2534,3.1137,146.4635,0.7575,-0.7037,12.3672,-10.4633,9.7504,-13.3173,124.6242,4.202
4:34:09 PM,42.4855065,-82.8594238,14.0322,2.5464,110.409,,-8.5566,-0.6132,-1.5904,146.4853,0.757,-0.7033,11.9372,-9.5016,9.3425,-12.1763,126.0503,3.5603
4:34:10 PM,42.485503,-82.8594124,14.1634,2.0605,110.3345,131.4545,2.6849,0.494,-1.0887,146.514,0.7563,-0.7027,13.5574,-10.2763,11.4029,-12.2455,123.3254,5.9896
4:34:11 PM,42.4855004,-82.8594004,,1.905,109.5381,131.298,21.4275,-1.1373,2.7147,146.5408,0.7559,-0.7025,11.2546,-8.5681,9.2793,-10.4104,125.5743,2.4315
4:34:12 PM,42.4854982,-82.8593932,14.0978,1.5551,110.2485,132.3809,25.1643,0.9636,-1.9383,146.554,0.7556,-0.7023,13.9019,-9.7495,12.3616,-10.9785,124.0171,5.8234
4:34:13 PM,42.4854937,-82.8593822,,1.5551,114.4311,133.2678,47.6472,-0.9633,0.0765,,,,11.4447,-8.9839,9.8888,-10.412,125.0565,4.4311
4:34:14 PM,42.4854917,-82.8593732,14.0978,1.419,112.2711,133.9052,,,,146.5837,0.7549,-0.7018,12.1029,-9.304,10.6915,-10.5454,125.8847,5.2218
4:34:15 PM,42.4854879,-82.8593673,,1.5162,118.6366,,28.8943,0.6614,1.4528,146.6016,0.7546,-0.7016,11.3563,-8.0588,10.0033,-9.1576,127.2294,4.1218
4:34:16 PM,42.4854864,-82.8593622,14.0322,0.9525,118.4476,133.5122,36.3885,-0.6772,-2.0083,146.6067,0.7543,-0.7014,11.8468,-8.5384,10.8268,-9.3497,125.9616,5.9094
4:34:17 PM,42.4854836,-82.8593567,,1.0302,123.1,134.5538,-79.8589,1.1804,2.4996,146.6164,0.7541,-0.7012,11.0922,-9.4371,10.0535,-10.4225,124.8875,3.5373
4:34:18 PM,42.4854825,-82.8593532,14.0978,0.9914,117.7314,134.2016,103.8784,0.2125,-0.1721,146.6262,0.7538,-0.701,10.6164,-6.2562,9.6272,-6.902,128.859,
4:34:19 PM,42.4854805,-82.859348,,0.8553,127.93,134.1279,-38.6128,0.048,-0.5504,146.6358,0.7536,-0.7009,11.0571,-4.8227,10.2102,-5.2238,129.9672,2.7696
4:34:20 PM,42.48548,-82.8593445,14.1634,0.5832,129.477,135.7899,81.3543,0.4771,1.9466,,,,9.9462,-4.2646,9.319,-4.5523,131.0736,0.8788
4:34:21 PM,42.485477,-82.8593404,14.0978,0.7387,130.388,135.184,,,,146.6479,0.7534,-0.7007,11.1273,-7.2837,10.4142,-7.7854,127.7759,4.9525
4:34:22 PM,42.4854767,-82.8593391,14.0322,0.6998,130.7719,,-27.3713,-0.7859,-1.3728,146.6484,0.7533,-0.7006,9.5105,-6.0007,8.8111,-6.479,128.8905,-2.9485
4:34:23 PM,42.4854746,-82.859337,,0.5637,133.1669,136.1982,66.3451,1.3627,2.5737,146.6509,0.7531,-0.7005,10.9649,-8.4613,10.3916,-8.9319,127.8131,2.7295
4:34:24 PM,42.485474,-82.8593343,14.0978,0.622,133.1669,136.7676,28.8633,-0.4459,-1.6553,146.652,0.753,-0.7004,9.435,-7.3519,8.841,-7.8489,129.2101,-3.3611
4:34:25 PM,42.4854726,-82.85933,,0.6803,133.1669,139.0187,130.0947,0.5098,2.5205,146.6667,0.7528,-0.7002,,,,,,0.9476
4:34:26 PM,42.4854732,-82.8593297,14.1634,0.4082,133.1669,138.8613,-16.1471,0.358,-1.5384,146.669,0.7528,-0.7003,11.05,-6.151,10.463,-6.4976,132.424,0.9246
4:34:27 PM,42.4854716,-82.8593311,,0.6609,133.1669,141.2661,43.8347,0.6651,1.4047,146.6616,0.7528,-0.7002,9.6476,-9.3531,9.2104,-9.8014,129.279,1.1538
4:34:28 PM,42.4854718,-82.8593283,14.1634,0.4471,133.1669,142.5514,92.5854,,,146.6694,0.7527,-0.7002,10.3212,-10.5857,9.735,-11.2311,130.242,1.1309
4:34:29 PM,42.4854725,-82.8593259,,0.4276,133.1669,,13.8438,-0.273,-0.0475,,,,10.1515,-10.1554,9.5759,-10.7729,132.7013,1.1939
4:34:30 PM,42.4854716,-82.859325,14.0978,0.2721,133.1669,144.0717,,0.5749,0.9907,146.678,0.7527,-0.7002,9.9919,-14.5256,9.4715,-15.3429,129.0255,1.0507
4:34:31 PM,42.4854706,-82.8593256,,0.6609,136.4556,146.0362,73.8222,0.4207,0.2689,146.6775,0.7526,-0.7001,10.3141,-14.0462,9.8596,-14.708,131.8249,4.1103
4:34:32 PM,42.4854695,-82.859325,14.0978,0.5832,139.8418,147.8616,100.0831,-0.2372,1.5402,146.674,0.7526,-0.7001,9.5818,-16.1636,9.2353,-16.7875,130.1458,2.8727
4:34:33 PM,42.4854651,-82.8593226,,1.108,146.4366,149.0031,21.3312,1.0232,1.3118,146.6723,0.7524,-0.6999,10.0413,-19.0824,9.3028,-20.6635,127.9505,4.8551
4:34:34 PM,42.485458,-82.8593132,14.0322,1.7883,137.5156,,55.0761,-0.9037,2.7776,146.6758,0.7517,-0.6993,9.5903,-17.8146,8.3513,-20.5686,129.4789,4.0874
4:34:35 PM,42.4854499,-82.8593027,13.9665,2.7019,134.6565,150.0453,-76.1667,1.3008,3.3744,146.6851,0.7511,-0.6987,10.6483,-20.3521,8.8058,-24.8697,127.9236,4.0645
4:34:36 PM,42.4854385,-82.8592881,,3.4406,133.9232,149.2644,-31.1632,0.0769,1.6151,146.6952,0.7502,-0.698,10.8151,-20.877,8.4616,-27.0956,126.6936,0.4663
4:34:37 PM,42.4854274,-82.8592713,13.9665,3.5572,129.6432,147.6949,,,,146.713,0.7493,-0.6972,11.1685,-19.1159,8.2108,-26.4518,127.533,1.9216
4:34:38 PM,42.4854133,-82.8592475,,4.257,126.3028,145.1398,-98.653,0.4926,3.3589,146.741,0.7481,-0.6963,12.5478,-17.3656,9.0178,-24.5382,129.4594,1.7669
4:34:39 PM,,,13.9009,4.8985,125.4949,,-109.8979,1.0481,1.9233,146.7758,0.7469,-0.6953,13.5293,-20.8895,9.5812,-30.2315,122.1946,2.4659
4:34:40 PM,42.4854001,-82.8592227,,4.9568,121.891,142.6515,-49.9058,0.4106,3.7916,146.828,0.7456,-0.6943,15.2253,-16.8662,10.7418,-24.2825,126.9461,
4:34:41 PM,42.4853867,-82.8591915,13.6713,5.5594,122.888,141.1806,-61.1541,0.7921,5.748,,,,15.0651,-16.8872,10.1123,-25.643,125.9151,1.171
4:34:42 PM,42.4853751,-82.8591594,,6.1814,120.9858,140.0225,-8.6494,-0.0587,3.7668,146.9166,0.7435,-0.6928,14.4483,-16.7101,8.9861,-27.536,125.1887,-0.5708
4:34:43 PM,42.4853602,-82.8591236,13.6713,6.9589,117.7371,138.786,-91.1553,0.6038,2.4405,146.9816,0.7418,-0.6915,15.1952,-15.0228,9.1935,-25.3671,127.0923,0.6783
4:34:44 PM,42.4853467,-82.8590847,13.8353,6.8423,117.5709,,-31.1563,0.3498,2.0886,147.1002,0.7393,-0.6897,16.0153,-15.7181,9.817,-26.2284,124.7005,0.6324
4:34:45 PM,42.4853319,-82.8590457,,6.9784,117.5767,137.021,,0.0309,2.1198,147.1792,0.7376,-0.6885,16.3072,-14.1881,9.7954,-24.0823,125.5258,0.7986
4:34:46 PM,42.4853165,-82.85900122,14.0322,7.27,117.5767,136.5312,2.5989,0.094,2.5149,147.2611,0.736,-0.6874,16.2591,-14.1184,9.4775,-24.738,125.9924,0.9705
4:34:47 PM,42.48530204,-82.8589603,,7.4643,116.1557,136.428,10.0863,,,147.3505,0.7342,-0.6861,16.3404,-14.0927,9.3683,-25.1318,127.5526,1.0278
4:34:48 PM,42.48528746,-82.85891644,14.0322,7.581,114.8723,136.2621,-16.1712,0.5659,3.1063,147.4397,0.7324,-0.6848,16.9489,-12.6721,9.761,-22.3903,130.3033,1.3601
4:34:49 PM,42.48527253,-82.85887258,,7.6199,114.7062,136.2244,,0.1537,1.6544,147.5288,0.7306,-0.6836,,,,,,1.4002
4:34:50 PM,42.4852574,-82.85882921,13.9009,7.6782,113.205,136.4368,-34.9103,0.3302,3.0478,147.6211,0.7288,-0.6823,17.6585,-12.2068,10.3328,-21.1829,130.767,2.6263
4:34:51 PM,42.48524289,-82.85878455,,7.6393,113.4858,,,,,147.7153,0.7269,-0.6809,17.1513,-12.763,9.8376,-22.6535,131.4762,1.7039
4:34:52 PM,42.4852255,-82.8587342,13.9665,7.5032,111.0278,144.1172,,,,147.815,0.7252,-0.6797,17.1446,-11.9923,9.7849,-21.3501,133.0624,1.7841
4:34:53 PM,42.4852129,-82.8586889,,,,,-49.9161,0.3485,3.7737,,,,17.1487,-10.3441,9.7126,-18.4836,139.4153,0.6324
4:34:54 PM,42.4851996,-82.8586439,13.9009,7.7559,111.7841,,,,,147.9656,0.7226,-0.678,17.1868,-9.7029,9.6595,-17.4501,140.4068,0.7585
4:34:55 PM,42.485187,-82.8585976,,7.8726,111.1194,,,,,148.0719,0.7208,-0.6768,17.205,-9.5232,9.5889,-17.2689,141.3404,0.6783
4:34:56 PM,42.485174,-82.8585493,13.8353,7.7559,110.7757,133.5276,-16.1608,-0.4171,3.0183,148.1836,0.7191,-0.6756,17.1883,-9.4591,9.5751,-17.1583,141.3347,0.4663
4:34:57 PM,42.4851624,-82.8585024,,7.9892,110.8903,132.7409,-42.408,0.067,1.9736,148.2953,0.7174,-0.6745,17.9639,-9.0441,10.4048,-15.7475,134.1041,1.2742
4:34:58 PM,42.4851505,-82.8584552,13.9009,7.7559,110.1053,133.6155,25.0818,-0.0872,1.941,148.4613,0.7148,-0.6728,17.5922,-7.619,9.9597,-13.5439,136.7865,0.0538
4:34:59 PM,42.4851368,-82.8584087,,7.8142,111.1996,,-8.6631,-0.1783,1.7366,,,,17.1523,-7.3729,9.4418,-13.4809,138.4014,0.0538
4:35:00 PM,42.4851229,-82.858357,13.9009,7.9114,110.7757,134.2962,,,,148.6251,0.7122,-0.671,16.9452,-7.4875,9.1922,-13.8995,139.1938,0.0538
4:35:01 PM,42.4851099,-82.8583106,,7.7754,110.8903,133.6419,-19.9114,-0.3526,1.9946,148.7336,0.7104,-0.6698,17.3902,-7.5183,9.6617,-13.6213,137.9705,1.257
4:35:02 PM,42.4850974,-82.8582631,13.9665,7.8726,110.8444,133.1995,-23.6551,0.2147,2.2177,148.8474,0.7087,-0.6686,17.2846,-7.2228,9.5339,-13.1759,138.2337,
4:35:03 PM,42.4850846,-82.858216,,7.8531,111.0392,132.5996,21.3415,0.1222,1.8702,148.9596,0.707,-0.6675,17.3108,-7.6883,9.5484,-14.0366,136.6001,0.3861
4:35:04 PM,42.4850717,-82.8581703,13.9009,7.8726,109.0912,132.575,13.8404,-0.1438,1.755,149.068,0.7052,-0.6663,17.3269,-7.7341,9.5662,-14.1081,136.425,0.8215
4:35:05 PM,42.4850579,-82.8581238,,7.9697,110.6152,,6.3461,-0.5151,1.8033,149.1775,0.7035,-0.6651,17.5957,-7.4865,9.8018,-13.5265,136.6376,0.9017
4:35:06 PM,42.4850443,-82.8580761,13.9665,7.8142,109.349,132.5858,51.3427,-0.3841,0.8212,149.2918,0.7017,-0.6638,17.8764,-6.9451,10.2174,-12.2136,137.6671,-0.3588
4:35:07 PM,42.4850304,-82.8580304,,7.9309,110.8444,133.2712,36.3404,-0.3219,2.4069,149.4572,0.6991,-0.662,17.6513,-8.1171,9.9638,-14.4856,135.8515,3.1191
4:35:08 PM,42.4850159,-82.8579799,14.0322,7.8726,111.8987,,25.0818,0.0429,3.2885,149.5603,0.6975,-0.6609,16.5831,-8.053,8.9211,-15.0942,137.7976,0.8444
4:35:09 PM,42.485003,-82.857937,,7.6976,113.0274,134.113,,,,149.668,0.6958,-0.6598,17.21,-10.2048,9.6695,-18.3805,133.0891,3.841
4:35:10 PM,42.4849911,-82.8578926,13.9665,7.6587,112.4086,133.6473,2.5817,-0.5247,2.5469,149.7822,0.6941,-0.6586,16.9499,-12.2823,9.4779,-22.3607,128.9001,-1.2698
4:35:11 PM,42.4849787,-82.8578459,,7.6587,109.5896,132.2481,-16.1643,-0.0944,2.783,149.8936,0.6925,-0.6575,17.4561,-11.1574,9.9965,-19.749,129.4928,-5.3779
4:35:12 PM,42.4849671,-82.857801,14.0322,7.7754,108.7417,131.6522,-23.6586,-0.2295,3.7559,,,,17.8347,-6.0139,10.3462,-10.4048,137.064,-6.7931
4:35:13 PM,42.4849551,-82.857757,13.9665,7.7754,111.1996,132.5735,66.3382,0.2719,2.641,150.0622,0.6901,-0.6558,17.5036,-8.2568,9.9323,-14.6601,134.1051,-0.4676
4:35:14 PM,42.484942,-82.8577128,,7.7365,112.5175,,-8.67,0.7431,2.4096,150.1713,0.6885,-0.6547,17.3655,-9.218,9.7525,-16.5732,133.1763,0.6783
4:35:15 PM,42.4849272,-82.8576649,13.9009,7.9697,112.6951,133.5118,10.0623,0.0606,1.7805,150.2886,0.6866,-0.6534,,,,,,0.5923
4:35:16 PM,42.4849126,-82.8576254,,7.9114,112.5576,133.7448,,-0.1902,2.1007,150.393,0.685,-0.6522,17.1936,-9.5561,9.5256,-17.4366,133.3941,0.4663
4:35:17 PM,42.484898,-82.857581,13.8353,7.892,112.9529,134.454,40.0463,0.139,2.1123,150.4899,0.6833,-0.6509,17.4194,-9.2312,9.766,-16.6268,134.0132,0.26
4:35:18 PM,42.4848839,-82.8575347,,8.0864,112.2252,134.2452,-42.4562,-0.3215,2.363,150.5872,0.6817,-0.6498,17.3431,-9.4202,9.6655,-17.0787,134.592,0.409
4:35:19 PM,42.484869,-82.8574892,13.8353,8.0475,113.7894,135.1261,-12.4687,-0.5235,2.0348,150.7575,0.6791,-0.6478,17.1188,-9.2153,9.3091,-17.1273,135.8369,0.7814
4:35:20 PM,42.4848546,-82.8574396,,8.0475,112.2883,,-46.2068,,,,,,16.9313,-9.708,9.0979,-18.2894,136.8209,0.6783
4:35:21 PM,42.4848408,-82.85739,13.8353,8.2224,112.2138,133.685,-79.9551,0.1066,2.3913,150.9433,0.6764,-0.6459,16.3502,-10.661,8.5488,-20.721,133.7945,0.9705
4:35:22 PM,42.4848267,-82.8573369,,8.1641,109.9964,131.866,-49.947,-0.3242,0.9288,151.0885,0.6745,-0.6446,16.4127,-9.742,8.5919,-18.8589,134.1118,1.1538
4:35:23 PM,42.4848141,-82.85729,13.8353,8.0086,109.6584,131.7992,77.5659,-0.0026,1.1405,151.2169,0.6728,-0.6434,16.9464,-10.4193,9.2071,-19.4431,131.3367,1.4002
4:35:24 PM,42.484802,-82.8572439,,7.9309,110.4663,132.5119,,0.1005,1.7633,151.4022,0.6703,-0.6417,16.6312,-10.5853,8.9149,-20.0415,132.7182,-0.1353
4:35:25 PM,42.4847892,-82.857198,13.8353,8.0669,110.598,133.1145,36.2992,-0.1982,2.4773,151.5227,0.6687,-0.6405,17.2411,-8.943,9.4049,-16.5573,136.7335,
4:35:26 PM,42.4847782,-82.8571567,13.8353,7.9503,109.5381,,-4.9332,0.2797,1.9931,,,,17.4764,-6.8707,9.6656,-12.4919,139.154,0.6955
4:35:27 PM,42.484766,-82.8571144,,7.7948,107.6473,131.974,-1.1791,-0.2708,1.1675,151.6846,0.6666,-0.6391,17.151,-10.3572,9.4859,-18.9694,131.9574,6.1443
4:35:28 PM,42.4847524,-82.8570717,13.8353,7.8726,108.9708,131.3729,-16.1746,,,151.797,0.665,-0.638,17.1763,-7.7669,9.4257,-14.2568,136.4586,-0.5937
4:35:29 PM,42.4847396,-82.8570278,,7.9309,108.3177,131.8835,55.0727,0.4383,1.2546,151.9087,0.6634,-0.6368,17.2948,-8.4196,9.5399,-15.3934,134.9524,2.5576
4:35:30 PM,42.4847257,-82.8569799,13.9009,7.8726,108.7359,,-8.6734,-0.2392,1.4177,152.0371,0.6617,-0.6355,17.8767,-9.0527,10.2136,-15.9856,133.6662,1.0049
4:35:31 PM,42.4847127,-82.8569347,,7.8142,107.5213,131.5857,,-0.1531,2.1902,152.1529,0.6601,-0.6344,17.4449,-7.8967,9.7509,-14.2288,135.5649,1.171
4:35:32 PM,42.4847001,-82.856892,13.9009,7.8337,107.888,130.8463,-12.424,0.7698,2.174,152.3252,0.6577,-0.6327,17.229,-8.579,9.5246,-15.6547,133.9317,1.2398
4:35:33 PM,42.4846882,-82.8568448,,7.892,108.0427,131.4428,-8.6803,0.0672,1.8636,152.4578,0.6561,-0.6315,16.7753,-8.5649,9.0496,-16.0258,134.7715,1.0278
4:35:34 PM,42.484676,-82.8567969,13.9009,7.9309,108.8505,131.3043,2.568,0.1908,2.1453,,,,16.3982,-8.9452,8.6934,-17.0556,134.3072,3.0274
4:35:35 PM,42.4846639,-82.8567522,,7.9697,109.6355,,2.568,0.4182,2.3837,152.6462,0.6539,-0.6299,16.1267,-7.9849,8.3581,-15.5469,136.0873,0.0709
4:35:36 PM,42.484651,-82.8567046,13.8353,7.9892,107.7447,130.0959,-46.1827,0.3995,2.7281,152.7724,0.6523,-0.6288,16.0056,-8.1191,8.185,-16.0319,134.8743,0.4491
4:35:37 PM,42.4846401,-82.8566526,,7.9892,106.9139,129.2869,10.0588,,,152.9061,0.6507,-0.6276,16.4636,-9.413,8.7114,-18.0046,130.5863,2.3857
4:35:38 PM,42.484629,-82.8565982,13.9009,7.9892,106.2493,129.0018,43.79,0.1278,1.993,153.077,0.6489,-0.6264,16.0451,-7.9299,8.2423,-15.5791,134.6208,1.9216
4:35:39 PM,42.484619,-82.8565481,,7.9892,107.1775,129.8308,,0.0095,2.5667,153.2245,0.6474,-0.6254,16.5011,-8.858,8.7537,-16.8742,133.2941,4.0301
4:35:40 PM,42.484607,-82.8564999,13.9009,7.8726,107.9166,131.0228,88.7867,0.1633,2.2485,153.376,0.6458,-0.6243,16.4759,-7.218,8.6985,-13.7677,137.8885,3.8639
4:35:41 PM,42.4845949,-82.8564533,,7.8531,108.3979,130.52,-16.2124,-0.3677,1.9994,153.5164,0.6442,-0.6232,,,,,,4.6088
4:35:42 PM,42.4845836,-82.8564068,13.9009,8.203,107.8077,,25.0405,-0.0992,1.9012,153.7207,0.6419,-0.6215,16.4155,-7.3515,8.6758,-14.0109,136.5609,1.744
4:35:43 PM,42.4845724,-82.8563614,,7.9697,108.8161,131.673,21.2797,-0.068,1.9297,153.8554,0.6404,-0.6205,16.4266,-6.6455,8.6165,-12.7456,138.6945,1.257
4:35:44 PM,42.4845617,-82.8563135,13.8353,8.1641,108.0999,131.7228,96.281,0.1786,1.9022,,,,16.4206,-6.5722,8.5749,-12.6606,139.6355,1.2169
4:35:45 PM,42.4845504,-82.8562648,,8.0281,108.862,131.7814,13.7751,0.292,2.4442,154.0562,0.6383,-0.6189,16.3149,-6.9242,8.4008,-13.5402,139.2859,0.7585
4:35:46 PM,42.4845364,-82.8562114,13.8353,8.0281,109.6584,132.3346,13.7647,0.1291,2.2341,154.2188,0.6365,-0.6177,16.5654,-6.3029,8.5697,-12.2521,141.1029,1.383
4:35:47 PM,42.4845238,-82.8561626,,8.0475,110.5637,133.1343,,-0.1299,1.474,154.3628,0.6349,-0.6165,16.5961,-6.1183,8.6456,-11.8058,141.4219,0.9476
4:35:48 PM,42.4845113,-82.8561152,13.8353,8.1058,109.3261,,10.0107,0.4729,1.7004,154.5097,0.6333,-0.6153,16.3546,-7.6876,8.4646,-14.9789,139.1431,
4:35:49 PM,42.4844995,-82.85607,,7.892,108.862,132.8164,-4.9916,-0.3013,1.9383,154.6517,0.6318,-0.6142,16.5089,-8.1819,8.6579,-15.7457,138.0588,2.6492
4:35:50 PM,42.4844868,-82.8560245,13.9665,7.7948,110.3058,133.0345,13.751,-0.0802,2.2212,154.7873,0.6302,-0.6131,16.6198,-7.969,8.8394,-15.1095,137.8213,1.4403
4:35:51 PM,42.4844742,-82.8559789,,7.892,110.7356,133.2454,21.2522,0.0812,1.6456,154.9241,0.6287,-0.6119,16.8804,-8.4046,9.1112,-15.7116,136.935,1.383
4:35:52 PM,42.4844609,-82.8559339,13.9009,7.8726,110.5866,133.6497,25.0062,,,155.1266,0.6264,-0.6101,16.6782,-7.6448,8.8948,-14.4444,138.8283,1.9846
4:35:53 PM,42.4844466,-82.8558812,,7.892,110.5637,133.9793,6.2567,0.3889,1.4199,155.2741,0.6248,-0.6089,16.7625,-8.5569,8.9837,-16.1187,137.4188,2.9586
4:35:54 PM,42.4844328,-82.8558356,13.7369,8.0281,111.6466,133.0947,,-0.7605,2.1711,155.4104,0.6232,-0.6077,17.0705,-8.0938,9.2689,-15.0286,138.7995,0.5293
4:35:55 PM,,,,8.203,111.807,,-12.4893,-0.1153,2.3902,155.5553,0.6216,-0.6066,16.865,-5.6207,8.9896,-10.588,141.8209,1.807
4:35:56 PM,42.4844199,-82.8557886,13.8353,7.9892,110.2886,133.3883,-42.5181,-0.1117,2.2534,155.694,0.6201,-0.6054,16.9428,-6.6106,9.0717,-12.4157,139.4046,-0.1353
4:35:57 PM,42.4844071,-82.8557432,,7.7559,109.7959,132.5998,-1.2651,-0.0405,3.176,155.8463,0.6185,-0.6042,16.6283,-6.5571,8.8699,-12.3613,139.1435,-0.1754
4:35:58 PM,42.4843951,-82.8556953,14.0322,7.8337,110.5465,132.9727,-35.0169,-0.0515,2.4586,155.9961,0.617,-0.603,16.6656,-7.1468,8.963,-13.3752,138.328,-0.651
4:35:59 PM,42.4843822,-82.8556477,,7.8726,110.9705,132.977,-12.5134,-0.4521,2.6332,156.1463,0.6154,-0.6019,16.7561,-6.7026,9.0814,-12.4363,138.9013,0.26
4:36:00 PM,42.4843695,-82.8556001,13.9665,8.1058,111.2913,133.0617,,0.0905,2.6489,,,,16.903,-7.0943,9.231,-13.0704,138.3653,0.2199
4:36:01 PM,42.484357,-82.8555528,,8.0864,110.9475,132.3919,-76.2527,0.5052,2.2185,156.3692,0.6132,-0.6001,16.916,-7.8276,9.2281,-14.457,136.1737,0.4892
4:36:02 PM,42.48434352,-82.85550053,13.9009,8.0281,109.0396,,-23.7548,-0.1867,2.1242,156.5237,0.6116,-0.599,16.8484,-6.3041,9.0803,-11.7559,141.7499,-0.714
4:36:03 PM,42.48433202,-82.85545394,13.9009,8.2808,110.598,132.1073,13.7338,,,156.6751,0.6102,-0.5979,16.6778,-7.0902,8.9619,-13.2795,138.0843,0.409
4:36:04 PM,42.48431992,-82.85540721,,7.9309,108.5583,131.3791,-53.756,0.2056,2.3543,156.8271,0.6087,-0.5967,16.6029,-6.9659,8.8002,-13.2269,137.2683,1.3429
4:36:05 PM,42.48430802,-82.85535989,13.9009,8.0281,109.2401,130.5716,-61.2675,-0.7589,2.5225,156.9829,0.6072,-0.5956,16.8432,-8.7818,9.081,-16.4496,133.0401,0.4491
4:36:06 PM,42.48429548,-82.85531439,,7.9309,107.951,,-12.5065,0.3095,1.9094,157.1313,0.6057,-0.5945,,,,,,2.7925
4:36:07 PM,42.48428353,-82.85526814,13.9665,7.892,108.6844,129.6734,51.2259,0.1749,2.1327,157.284,0.6043,-0.5934,16.5383,-9.1972,8.7991,-17.4825,131.4273,2.7295
4:36:08 PM,42.4842702,-82.8552159,,7.9892,109.1599,130.3096,47.4718,0.9626,1.6616,157.4413,0.6028,-0.5922,16.3705,-8.9991,8.6267,-17.2674,132.1542,4.5228
4:36:09 PM,42.4842581,-82.855165,14.0322,8.0086,108.1744,130.5208,-16.2743,0.2669,2.6616,157.6129,0.6013,-0.591,16.2046,-8.4769,8.4066,-16.5079,134.6606,2.2081
4:36:10 PM,42.4842461,-82.8551213,,,,130.2031,,0.3398,2.2825,157.7574,0.5999,-0.5899,16.5673,-6.7994,8.7481,-12.9567,137.0179,1.9044
4:36:11 PM,42.484235,-82.8550793,13.9665,7.892,107.6359,131.3732,21.2246,0.3745,1.9222,157.8977,0.5986,-0.5889,17.0441,-6.7868,9.2482,-12.5794,136.9423,1.7211
4:36:12 PM,42.4842237,-82.8550344,,7.9114,107.7963,130.7823,-8.7731,0.7597,1.8636,158.0503,0.5972,-0.5878,16.8067,-6.3044,8.9989,-11.8345,138.7883,2.3456
4:36:13 PM,42.4842122,-82.8549904,13.9665,7.892,108.7359,,-46.2686,,,158.2719,0.5951,-0.5862,16.8213,-7.5069,8.9976,-14.1373,135.9099,2.6149
4:36:14 PM,42.4842007,-82.8549455,,7.8337,107.9166,130.4156,13.7269,-0.2854,2.0411,,,,16.6768,-6.7079,8.9009,-12.6417,136.8144,2.1737
4:36:15 PM,42.4841893,-82.8549,13.9009,7.8726,108.014,132.3303,-16.2812,0.0633,2.1661,158.5093,0.5931,-0.5846,16.5183,-6.2724,8.747,-11.9071,139.7367,
4:36:16 PM,42.4841764,-82.8548498,,7.9503,108.4151,132.2214,6.2154,0.2943,2.44,158.6657,0.5917,-0.5835,16.5717,-6.3028,8.737,-12.0186,140.166,0.7814
4:36:17 PM,42.484165,-82.8548036,13.8353,8.1058,108.799,132.0341,24.9512,-0.618,1.806,158.8265,0.5903,-0.5824,17.0272,-5.2586,9.1249,-9.8474,141.4218,0.9017
4:36:18 PM,42.4841526,-82.8547565,,7.8337,109.3834,132.3737,,0.2841,1.6682,158.9896,0.5889,-0.5813,16.7076,-7.8721,8.9671,-14.7848,137.0492,0.9877
4:36:19 PM,42.4841415,-82.8547093,13.9009,7.8531,109.5323,,47.4443,-0.132,2.2762,159.1566,0.5875,-0.5802,16.7738,-5.4942,8.9713,-10.3124,141.7526,-1.5734
4:36:20 PM,42.4841302,-82.8546646,13.9009,7.9503,109.922,134.0237,66.1697,,,159.3138,0.5861,-0.5791,16.786,-5.6934,8.9523,-10.7202,142.4534,-0.9203
4:36:21 PM,42.4841182,-82.8546194,,7.8726,110.5751,135.3681,21.1559,-0.6916,3.0146,159.5515,0.5841,-0.5774,17.1343,-4.617,9.3292,-8.5016,145.7981,-0.5479
4:36:22 PM,42.4841047,-82.8545745,13.9009,7.6976,114.3681,135.938,28.6467,0.1395,2.988,,,,16.9813,-6.9211,9.2753,-12.7451,141.9972,-0.9203
4:36:23 PM,42.4840892,-82.8545243,,7.892,112.8097,136.5687,58.6376,-0.1578,1.9599,159.7848,0.5818,-0.5755,16.7992,-6.5639,9.0412,-12.263,143.5079,-0.1353
4:36:24 PM,42.4840754,-82.8544788,13.9009,7.9114,114.3223,137.5642,39.8882,0.2049,2.4914,159.9436,0.5803,-0.5743,16.889,-7.6205,9.2071,-14.0786,142.8073,-0.0895
4:36:25 PM,42.4840608,-82.8544334,,7.892,115.7375,,,,,160.1014,0.5788,-0.5731,16.324,-8.3208,8.6737,-15.8043,141.5278,0.3861
4:36:26 PM,42.4840464,-82.8543878,13.8353,7.9309,115.3192,137.9992,43.6319,0.5093,2.6394,160.2608,0.5773,-0.5718,16.4465,-8.4183,8.7311,-16.0078,141.7539,-0.0322
4:36:27 PM,42.4840306,-82.8543427,,7.9503,116.6026,,,,,160.416,0.5758,-0.5705,16.3391,-8.569,8.5828,-16.4783,140.5189,0.0366
4:36:28 PM,42.484013,-82.8542974,13.8353,7.9114,118.5564,,,,,160.5697,0.5741,-0.569,16.2985,-9.2122,8.5435,-17.7826,138.6302,0.5293
4:36:29 PM,42.4839957,-82.8542521,,8.4363,117.3991,,,,,160.8027,0.5716,-0.5669,16.2784,-9.6561,8.508,-18.7189,138.2663,0.1569
4:36:30 PM,42.4839781,-82.8542068,13.9009,8.0864,117.9548,,,,,160.9605,0.57,-0.5655,16.2917,-9.7542,8.4065,-19.1681,,0.4663
4:36:31 PM,42.4839592,-82.8541567,,8.0669,117.8631,,,,,,,,16.3124,-9.9645,8.4546,-19.5035,,-0.3015
4:36:32 PM,42.483943,-82.8541104,13.9009,8.0281,117.0266,140.1556,24.7862,-0.0715,1.835,161.1918,0.5676,-0.5633,16.3664,-11.1499,8.6043,-21.5817,142.0261,1.6408
4:36:33 PM,42.4839263,-82.8540645,,7.8726,117.5251,140.5106,28.5367,-0.55,2.1456,161.3574,0.566,-0.5619,,,,,142.5219,1.2971
4:36:34 PM,42.4839099,-82.8540167,13.9009,8.0669,119.2612,140.8119,39.7713,0.3438,2.5276,161.613,0.5636,-0.5598,16.5193,-12.5205,8.818,-23.9616,137.032,2.0648
4:36:35 PM,42.483892,-82.8539717,,8.1836,117.9548,140.6893,2.2758,-0.3733,2.7085,161.7718,0.5619,-0.5584,16.7699,-11.776,8.9655,-22.4416,138.1794,1.8815
4:36:36 PM,42.4838748,-82.853922,13.8353,8.1641,119.2955,,13.5275,-0.2112,2.1631,161.953,0.5603,-0.5569,16.7423,-12.09,8.9381,-23.0993,137.0145,1.8242
4:36:37 PM,42.4838568,-82.8538763,,8.2613,120.1149,140.71,13.5275,-0.4573,1.4447,162.1152,0.5586,-0.5554,16.1685,-11.2795,8.2542,-22.5279,140.3004,0.7184
4:36:38 PM,42.4838383,-82.8538271,13.8353,8.2808,119.5534,140.4894,-50.2117,-0.3002,1.8511,162.2943,0.5569,-0.5539,16.3684,-11.5727,8.4362,-22.9071,138.6327,-1.35
4:36:39 PM,42.4838202,-82.8537823,,8.3002,119.4101,137.0724,-27.6842,1.4954,2.2191,162.4561,0.5552,-0.5525,16.6583,-9.551,8.5842,-18.7834,141.5383,
4:36:40 PM,42.4838024,-82.8537364,13.8353,8.2224,118.671,,,,,,,,16.6302,-14.6093,8.8524,-28.2835,131.4464,7.2501
4:36:41 PM,42.483784,-82.8536905,,8.203,119.4903,138.9688,9.7976,0.1839,2.7115,162.6891,0.5529,-0.5504,16.5834,-11.4972,8.6056,-22.5877,136.1321,3.2566
4:36:42 PM,42.4837648,-82.8536415,13.8353,8.0281,118.9976,138.4025,-27.7048,1.129,2.4148,162.856,0.5513,-0.5489,16.4787,-11.5526,8.4464,-22.9991,133.2569,3.3196
4:36:43 PM,42.4837445,-82.8535927,,8.4168,118.5736,,,,,163.1152,0.5487,-0.5466,16.4332,-11.5963,8.4871,-22.9056,143.4352,3.3769
4:36:44 PM,42.4837266,-82.8535476,13.8353,8.2224,118.3387,138.5038,17.2953,0.4114,2.198,163.2824,0.5471,-0.5451,16.3881,-11.6353,8.5115,-22.8501,135.7465,3.3196
4:36:45 PM,42.4837064,-82.8534969,,8.1058,118.5908,,,,,163.4536,0.5455,-0.5436,16.4051,-11.2672,8.5139,-22.1157,138.565,2.5117
4:36:46 PM,42.4836892,-82.8534514,13.9009,8.1447,118.8143,,,,,163.644,0.5438,-0.5421,16.4228,-11.9242,8.5712,-23.3214,133.4174,5.6745
4:36:47 PM,42.4836716,-82.8534071,13.9009,8.1447,119.4388,,,,,,,,16.4192,-11.6448,8.5872,-22.702,135.4014,2.7925
4:36:48 PM,42.4836548,-82.8533629,,8.1836,119.6622,,,,,163.8797,0.5416,-0.54,16.4492,-11.4697,8.6658,-22.1757,,2.3055
4:36:49 PM,42.4836367,-82.8533181,13.9009,8.1447,119.6909,,,,,164.0488,0.5401,-0.5387,16.4824,-11.5758,8.6942,-22.3597,,-0.2556
4:36:50 PM,42.4836182,-82.8532754,,8.2224,119.5305,,,,,164.2179,0.5385,-0.5372,16.5291,-9.9804,8.6108,-19.4318,,0.8616
4:36:51 PM,42.4835985,-82.8532325,13.9665,8.2224,121.0946,141.7349,36.0517,0.4626,1.6237,164.3782,0.5369,-0.5357,16.5503,-10.6671,8.7313,-20.5402,137.2191,2.0476
4:36:52 PM,42.4835796,-82.8531902,,8.0475,119.0434,,,,,164.6181,0.5344,-0.5334,16.8456,-11.8753,9.1778,-22.1919,,2.5748
4:36:53 PM,42.4835597,-82.8531449,13.9665,7.9503,119.3242,141.7781,-12.6922,0.4672,2.4635,164.792,0.5328,-0.5318,16.4853,-12.8665,8.9762,-24.1397,135.304,3.7952
4:36:54 PM,42.4835426,-82.8531016,,7.8142,119.1638,140.6929,-65.19,0.4638,1.9177,164.9625,0.5313,-0.5304,16.3075,-12.9416,8.8218,-24.4562,137.373,3.2566
4:36:55 PM,42.4835252,-82.8530588,13.8353,7.8531,118.2986,140.0827,-20.1761,0.1344,1.7253,165.1312,0.5298,-0.529,16.5018,-10.1144,8.889,-19.0271,136.1998,0.0939
4:36:56 PM,42.4835073,-82.8530145,13.9009,7.8726,120.5102,141.2641,39.8229,-0.0813,1.8644,165.3069,0.5282,-0.5276,16.6596,-10.3165,9.0878,-19.1653,138.8708,1.2971
4:36:57 PM,42.4834884,-82.8529715,,7.406,120.9056,,-16.429,-0.0691,1.9207,165.476,0.5267,-0.5261,16.3351,-10.3387,8.7479,-19.5798,140.3144,1.3429
4:36:58 PM,42.4834697,-82.8529294,13.9009,7.7559,122.2864,141.125,32.3183,0.4331,1.6737,165.626,0.5253,-0.5247,16.6745,-11.4955,9.1572,-21.2778,140.2841,1.6007
4:36:59 PM,42.4834508,-82.8528875,,7.8531,121.3696,142.0976,43.5734,-0.4137,1.5527,165.7918,0.5237,-0.5232,16.8584,-10.347,9.2496,-19.1084,138.1881,0.5064
4:37:00 PM,42.4834309,-82.8528454,13.9665,7.8337,122.9281,143.4554,,0.0763,1.4574,165.9587,0.5221,-0.5217,17.0475,-11.6037,9.6033,-20.9198,142.1432,2.4888
4:37:01 PM,42.4834085,-82.8528017,,7.6004,122.252,143.6348,6.0711,0.5522,1.8468,166.1294,0.5203,-0.52,16.782,-12.7676,9.3702,-23.3161,139.3509,3.3425
4:37:02 PM,,,13.9665,7.7948,122.4182,142.7128,-46.413,,,166.2864,0.5188,-0.5185,16.6951,-12.6343,9.2745,-23.187,138.5922,2.6149
4:37:03 PM,42.4833891,-82.852762,,7.7948,120.6649,,-83.9016,0.5455,1.777,166.4646,0.5172,-0.517,16.6961,-13.5349,9.2831,-24.8931,135.8964,5.8406
4:37:04 PM,42.4833708,-82.8527185,13.9665,7.8531,118.4075,140.328,-20.1452,0.2801,1.5872,166.6448,0.5158,-0.5156,,,,,134.2188,
4:37:05 PM,42.4833539,-82.8526753,13.9665,7.9697,118.396,139.426,-5.1394,0.4597,2.2559,166.8246,0.5144,-0.5142,16.0044,-9.5081,8.3516,-18.4544,139.422,0.134
4:37:06 PM,42.4833368,-82.8526321,,7.9892,119.8857,139.6356,36.1032,0.068,2.7974,167.0119,0.513,-0.5129,15.7527,-9.5688,8.0165,-19.0656,140.7707,1.1137
4:37:07 PM,42.4833203,-82.852588,13.9665,8.0669,119.8742,141.309,47.3343,0.4175,2.3328,167.1996,0.5115,-0.5114,16.659,-10.2455,8.8941,-19.4601,139.334,1.1309
4:37:08 PM,42.4833027,-82.8525438,14.0978,8.0281,118.9174,141.3603,,-0.4806,1.2034,167.3799,0.5099,-0.5099,17.0968,-10.1728,9.2568,-19.0384,140.9789,1.1939
4:37:09 PM,42.4832832,-82.8525006,,8.0086,118.5679,,-57.6648,1.2184,1.7696,167.5665,0.5084,-0.5083,17.054,-10.7219,9.321,-19.9006,135.721,1.257
4:37:10 PM,42.48326198,-82.8524521,14.0978,7.9697,117.8803,139.3813,-76.4005,-0.0225,2.6247,167.7606,0.507,-0.507,17.3255,-13.0041,9.6712,-23.7731,133.4437,4.1619
4:37:11 PM,42.48324541,-82.85240726,14.0978,8.2224,117.4277,138.8242,24.8515,0.237,2.6867,167.9631,0.5055,-0.5055,17.7035,-12.8577,10.0747,-23.0189,132.3884,4.1848
4:37:12 PM,42.48322793,-82.85236071,,7.9114,119.7482,139.4112,51.1055,-0.1165,1.3141,168.1495,0.5041,-0.5041,17.183,-13.0903,9.555,-24.0349,133.7749,3.6233
4:37:13 PM,42.48321081,-82.852318,14.1634,7.9697,119.9544,140.1749,51.1124,,,168.3319,0.5027,-0.5027,16.9254,-11.9247,9.3075,-22.0702,136.1356,3.4113
4:37:14 PM,42.48319268,-82.85227635,,7.9114,121.2952,142.3149,66.0907,-0.5734,1.8183,168.5119,0.5012,-0.5012,17.4163,-10.9593,9.7525,-19.8468,139.4655,1.9044
4:37:15 PM,42.48317373,-82.85223474,14.2946,7.892,119.9716,,-35.1475,-0.2686,1.9868,168.7001,0.4997,-0.4997,17.4313,-11.1255,9.767,-20.1436,137.0206,2.0018
4:37:16 PM,42.4831531,-82.8521871,,7.9697,119.3758,140.6502,-35.1372,-0.0382,1.7707,168.8914,0.4982,-0.4982,17.5888,-11.6373,9.9999,-20.7809,135.4346,2.0878
4:37:17 PM,42.4831345,-82.8521435,14.2946,7.9309,118.6767,139.4705,-16.3809,0.2665,2.4061,,,,17.5911,-12.006,9.9761,-21.5181,134.3113,2.3685
4:37:18 PM,42.4831166,-82.8520992,14.2946,7.9892,119.2841,139.7121,,-0.0612,2.2744,169.1881,0.4961,-0.496,17.4473,-11.8339,9.7371,-21.5593,134.3969,2.0878
4:37:19 PM,42.4830983,-82.8520555,,7.8531,119.7539,140.4553,54.8733,-0.0625,2.1811,169.3838,0.4946,-0.4945,17.5112,-11.5442,9.8113,-20.9271,136.6031,1.744
4:37:20 PM,42.4830796,-82.8520125,14.393,7.892,119.3471,140.1034,-12.6234,0.0231,2.0032,169.5768,0.4932,-0.4931,17.6668,-11.8317,10.0075,-21.2211,135.4013,1.9216
4:37:21 PM,42.4830611,-82.8519691,14.4587,,,,-31.3694,0.4322,2.0059,169.773,0.4918,-0.4916,17.6088,-13.0485,10.1194,-23.1335,130.7343,5.8234
4:37:22 PM,42.4830435,-82.8519262,,7.7365,118.2413,139.1478,-12.5993,,,170.0575,0.4898,-0.4895,17.6007,-13.2966,10.1602,-23.4794,130.9712,3.5201
4:37:23 PM,42.4830252,-82.8518815,14.4587,7.5227,117.6913,138.4736,-1.3373,0.3472,2.1676,170.2546,0.4885,-0.4882,17.3505,-12.6903,9.9025,-22.6382,131.6446,3.4972
4:37:24 PM,42.4830073,-82.8518349,,7.7754,118.058,138.0081,21.18,0.0469,2.5908,,,,17.666,-12.0252,10.2814,-20.9764,132.5165,2.6894
4:37:25 PM,42.4829896,-82.8517935,14.5243,7.6782,117.8517,138.7094,32.442,0.2892,2.2014,170.5457,0.4865,-0.4861,17.7154,-11.4777,10.3499,-19.913,134.3842,2.2826
4:37:26 PM,42.4829739,-82.8517511,,7.8531,117.9204,139.7464,6.2086,-0.0721,2.3182,170.7461,0.4853,-0.4848,17.7473,-12.9821,10.3788,-22.59,131.1165,
4:37:27 PM,42.4829572,-82.851707,14.5243,7.8531,118.7512,138.8794,13.72,0.1847,2.2065,171.0503,0.4832,-0.4826,17.4373,-12.6855,10.0511,-22.3942,132.994,5.2218
4:37:28 PM,42.4829389,-82.8516653,,7.6976,118.6653,,,0.2706,2.094,,,,17.353,-12.4276,9.9,-22.1615,,1.4002
4:37:29 PM,42.4829194,-82.8516188,14.5243,7.8142,118.8429,139.562,6.2189,-0.3659,2.4897,171.3518,0.4813,-0.4806,17.0355,-11.2191,9.5148,-20.3863,133.6676,4.3108
4:37:30 PM,42.4829009,-82.8515773,,7.7365,119.9086,140.2786,24.9684,0.3724,3.1925,171.5535,0.4799,-0.4791,16.8927,-11.5557,9.4157,-21.0629,136.7282,1.8471
4:37:31 PM,42.4828804,-82.8515303,14.5899,7.7365,120.9858,140.2606,-1.272,0.0842,1.9379,171.8566,0.4778,-0.4769,17.1789,-10.8941,9.6529,-19.6542,136.7625,2.7467
4:37:32 PM,42.4828627,-82.8514874,,7.4838,120.6649,138.8796,-106.2539,0.0097,2.3453,172.0646,0.4765,-0.4754,17.3279,-11.4241,9.7699,-20.5666,137.1143,3.0274
4:37:33 PM,42.4828453,-82.8514426,14.5899,7.8531,118.8486,,-64.9837,,,172.2856,0.4752,-0.474,17.2347,-12.5243,9.7084,-22.6416,134.224,2.9357
4:37:34 PM,42.4828287,-82.8513986,,8.0669,117.7829,137.6333,10.0245,1.1406,2.1262,172.5019,0.474,-0.4727,17.0926,-10.9744,9.6296,-19.7496,130.9525,7.5309
4:37:35 PM,42.4828116,-82.8513554,14.7867,7.5227,118.8887,139.6397,,-0.7482,2.1104,172.7141,0.4727,-0.4712,17.1981,-8.1855,9.7045,-14.6148,142.0684,-5.0628
4:37:36 PM,42.4827949,-82.851312,,7.6976,119.668,139.6012,-16.233,-0.0897,2.1015,172.93,0.4715,-0.4699,17.0345,-9.7648,9.5988,-17.5171,140.0497,0.2371
4:37:37 PM,42.4827782,-82.8512693,14.7211,7.6004,119.0091,,-4.9813,-0.2907,1.9571,173.1442,0.4703,-0.4685,17.5421,-9.169,10.1376,-16.0057,138.9358,-0.5249
4:37:38 PM,42.4827615,-82.8512259,14.6555,7.7559,118.9288,138.8189,62.5257,0.3895,1.5528,173.3637,0.469,-0.4671,,,,,138.4414,-0.1525
4:37:39 PM,42.4827431,-82.8511779,,7.8726,118.9747,139.9313,-1.2376,-0.6802,2.3014,173.5848,0.4678,-0.4657,17.4627,-9.3609,9.9049,-16.6643,140.6984,-1.2469
4:37:40 PM,42.4827266,-82.8511338,14.7211,7.5032,119.0148,139.8382,-49.978,0.2699,1.5377,173.8101,0.4666,-0.4644,17.613,-10.359,10.0048,-18.4547,137.6456,0.7356
4:37:41 PM,42.4827107,-82.8510877,,8.0669,118.8429,138.085,-61.2091,0.383,2.1382,,,,17.2193,-11.071,9.6537,-20.0302,136.257,0.9017
4:37:42 PM,42.4826938,-82.851041,14.7867,7.8726,117.5423,137.828,13.7991,0.7581,2.83,174.161,0.4649,-0.4623,17.7921,-10.8922,10.18,-19.2844,134.57,2.2654
4:37:43 PM,42.4826765,-82.8509965,,7.581,117.5824,139.4877,40.0429,0.3627,1.9808,174.5186,0.463,-0.4602,17.5728,-9.8305,9.8545,-17.7256,139.2097,3.7493
4:37:44 PM,42.4826595,-82.8509531,14.8196,7.7365,118.8601,140.5603,2.5439,-0.2564,2.0712,174.7432,0.4618,-0.4588,17.3722,-11.1574,9.714,-20.2464,138.9789,-1.2239
4:37:45 PM,42.482642,-82.8509103,14.8196,7.9697,121.1347,,,,,174.9666,0.4606,-0.4574,17.6056,-9.7501,9.9299,-17.4732,140.1391,-0.2556
4:37:46 PM,42.482625,-82.8508667,,7.6782,118.6309,140.5691,13.8026,-0.4134,2.5554,,,,17.523,-9.1767,9.7412,-16.6712,140.4829,1.8471
4:37:47 PM,42.4826068,-82.85082,14.8852,7.9503,118.7111,140.0733,-64.939,0.1396,2.9103,175.1948,0.4594,-0.456,17.086,-11.8455,9.5225,-21.6118,137.1744,1.4403
4:37:48 PM,42.4825902,-82.850776,,8.1447,117.7371,139.0806,-16.1815,0.0128,2.4815,175.4405,0.4581,-0.4545,17.0148,-11.7085,9.4898,-21.3369,136.2271,1.4403
4:37:49 PM,42.4825733,-82.8507331,14.8196,7.717,117.9262,139.4794,47.5647,0.405,2.8853,175.6742,0.457,-0.4531,17.0699,-11.7106,9.5237,-21.3332,136.0519,
4:37:50 PM,42.4825554,-82.8506899,,7.892,118.1554,140.5683,-1.1826,0.1419,2.6456,175.8797,0.456,-0.4519,17.2887,-10.5836,9.7,-19.1086,138.4906,1.383
4:37:51 PM,42.4825377,-82.8506479,14.8852,7.892,118.1897,140.2757,-16.1746,-0.6028,2.3908,176.1097,0.4547,-0.4504,17.3816,-11.7319,9.8694,-20.9835,137.3818,2.6664
4:37:52 PM,42.4825199,-82.8506062,,7.892,119.7138,140.1925,,,,176.3356,0.4536,-0.449,17.2566,-10.0921,9.6615,-18.2391,138.4926,-0.651
4:37:53 PM,42.4825009,-82.8505575,14.8196,7.892,119.307,,73.8222,0.4936,1.7448,176.5609,0.4524,-0.4476,17.3884,-10.5753,9.8029,-18.9985,138.8525,0.8616
4:37:54 PM,42.4824829,-82.8505148,,7.7754,117.4965,141.2206,28.8221,-0.3028,1.5909,176.8251,0.4511,-0.446,17.5782,-10.0972,9.9929,-17.9626,142.5532,0.8444
4:37:55 PM,42.4824633,-82.850474,14.9508,7.7754,119.3299,142.3078,-8.6597,0.7824,1.871,177.1636,0.4492,-0.4438,17.6314,-15.7322,10.2624,-27.7644,134.8762,9.1179
4:37:56 PM,42.4824439,-82.8504346,,7.9892,121.5645,142.4148,-34.9103,0.2185,1.5454,177.3809,0.448,-0.4423,17.7231,-8.9844,10.0291,-16.0198,141.3502,-2.7595
4:37:57 PM,42.4824248,-82.8503934,15.0164,7.8142,121.2035,142.5324,47.5819,0.3681,1.4239,177.5895,0.447,-0.441,17.6262,-14.0712,10.2314,-24.7621,135.4356,7.6454
4:37:58 PM,42.4824045,-82.8503532,,7.6587,121.3353,142.181,-38.6747,0.2737,2.0359,177.8171,0.4458,-0.4395,17.5843,-10.1655,9.9994,-18.0813,140.2054,-2.0547
4:37:59 PM,42.4823863,-82.8503115,14.9508,7.892,120.1034,140.5061,-42.4218,0.9422,2.2433,178.0404,0.4445,-0.4379,17.5073,-11.9796,10.0004,-21.3076,134.1048,0.5522
4:38:00 PM,42.4823666,-82.8502655,,7.7365,119.9774,,,0.071,1.9116,178.299,0.4432,-0.4364,17.5897,-9.5804,9.9997,-17.0231,142.163,-3.7965
4:38:01 PM,42.4823488,-82.8502232,14.9508,7.581,119.5018,141.0818,-16.1815,0.4108,1.9012,178.534,0.4421,-0.4349,17.535,-11.3667,10.0072,-20.2028,136.3458,1.4861
4:38:02 PM,42.4823306,-82.8501808,,7.8531,119.2784,140.7811,-4.9125,,,178.7737,0.441,-0.4335,17.564,-12.175,10.04,-21.6507,,1.8471
4:38:03 PM,,,14.8852,7.892,119.8284,,28.8289,0.4605,1.6942,179.0222,0.4398,-0.432,17.3406,-11.5882,9.7643,-20.9,142.076,1.807
4:38:04 PM,42.4823123,-82.850137,14.8852,8.203,120.2352,141.9912,,0.1957,2.0991,179.2671,0.4387,-0.4305,17.5631,-11.5702,9.955,-20.7232,139.1709,1.807
4:38:05 PM,42.4822934,-82.8500943,,7.8337,119.8742,141.3513,-72.423,0.1544,1.907,179.5122,0.4375,-0.429,17.0244,-12.6526,9.5607,-22.9567,138.2119,1.2742
4:38:06 PM,42.4822744,-82.8500518,14.8196,7.717,118.1324,140.5361,10.0726,0.4579,1.1277,179.7558,0.4364,-0.4275,17.3944,-11.6364,9.9232,-20.7052,135.5718,1.3601
4:38:07 PM,42.4822568,-82.8500096,,7.7365,119.3242,140.0378,-1.1791,0.336,1.8342,180.0006,0.4354,-0.4262,17.7241,-11.4703,10.2325,-20.1484,136.6448,1.4403
4:38:08 PM,42.4822396,-82.8499675,15.1476,7.7754,119.4674,140.4427,85.0739,-0.0773,2.6757,180.2266,0.4344,-0.4249,17.3026,-10.9507,9.8162,-19.5629,137.0178,1.257
4:38:09 PM,42.4822225,-82.8499236,15.082,7.8726,117.7944,140.2502,-72.4264,0.2404,2.263,180.5082,0.4333,-0.4234,17.4718,-11.0866,9.9077,-19.8222,136.959,1.2742
4:38:10 PM,42.48220419,-82.84987632,,7.9697,117.9606,138.2337,-68.6724,0.3853,1.764,180.7606,0.4324,-0.422,,,,,136.8761,
4:38:11 PM,42.48218734,-82.84983323,15.1476,7.8531,116.3906,,10.0829,0.6142,2.5183,181.0246,0.4314,-0.4207,17.9223,-10.6838,10.3019,-18.8154,135.0711,1.257
4:38:12 PM,42.48217152,-82.8497883,15.1476,7.6199,116.5052,137.9057,,,,181.298,0.4305,-0.4193,17.8372,-10.7232,10.1878,-19.0122,135.7551,1.32
4:38:13 PM,42.48215506,-82.84974249,15.2789,8.0086,117.4506,139.151,58.8164,0.2542,2.4067,181.5685,0.4295,-0.4179,17.5867,-10.3941,9.9004,-18.6925,137.7482,1.2398
4:38:14 PM,42.48213842,-82.84969725,,7.8142,119.1007,139.0396,-12.4378,-0.0009,2.8716,181.8266,0.4286,-0.4166,17.3815,-10.1506,9.7107,-18.388,137.8124,1.0507
4:38:15 PM,42.48212183,-82.84965462,15.2789,7.8337,117.909,137.7387,-64.9322,0.3261,2.1181,,,,17.7065,-10.5927,10.0925,-18.8147,135.8889,1.7211
4:38:16 PM,42.4821039,-82.8496057,,7.7754,116.0583,,-42.4252,0.2147,2.3924,182.2242,0.4272,-0.4145,17.6115,-10.2475,9.9998,-18.2591,135.6446,1.8471
4:38:17 PM,42.4820882,-82.8495616,15.3117,7.8337,115.7719,135.7348,62.567,0.3244,2.3214,182.492,0.4263,-0.4132,17.6748,-10.2069,10.0965,-18.0719,134.3636,1.658
4:38:18 PM,42.4820723,-82.8495186,,7.9114,116.0411,136.7921,36.3232,0.147,2.0929,182.8868,0.4251,-0.4112,17.7307,-9.9012,10.0994,-17.5705,135.1716,1.5778
4:38:19 PM,42.4820562,-82.8494746,15.2789,7.7365,116.9636,137.2714,,,,183.158,0.4242,-0.4098,17.8017,-9.221,10.1225,-16.368,136.3708,-0.2155
4:38:20 PM,42.4820399,-82.8494302,,8.0086,114.964,137.1411,-4.9194,1.1201,2.2552,183.4454,0.4233,-0.4085,17.6197,-12.1114,9.9393,-21.8354,129.5541,4.2421
4:38:21 PM,42.482024,-82.8493831,15.3773,7.9697,114.0587,135.0012,-117.4025,0.3374,1.1632,183.7234,0.4225,-0.4071,18.0036,-10.3935,10.2945,-18.3915,131.2799,2.3055
4:38:22 PM,42.482009,-82.8493378,,7.8726,112.5919,133.332,-83.6507,0.2397,1.3589,184.0024,0.4218,-0.4059,17.6523,-10.8078,10.0925,-19.1457,131.5025,2.7467
4:38:23 PM,42.4819939,-82.8492877,15.5085,7.8531,111.6064,131.7351,-61.1506,0.7473,1.988,184.2851,0.421,-0.4046,17.5379,-10.0569,9.9034,-18.0137,129.2715,2.7295
4:38:24 PM,42.4819795,-82.849242,15.3773,,,131.3149,,,,,,,17.5796,-10.2539,9.9622,-18.3079,129.3948,2.6664
4:38:25 PM,42.4819659,-82.849195,15.3773,7.7948,110.7642,,-19.8874,0.1306,1.9248,184.7168,0.4201,-0.4027,17.7397,-8.6429,10.0802,-15.3351,132.7327,2.0648
4:38:26 PM,42.4819514,-82.849148,,7.9697,110.2543,131.5032,25.1231,0.8669,2.644,185.0099,0.4194,-0.4015,17.3546,-9.3521,9.6119,-17.0618,133.4845,2.8956
4:38:27 PM,42.4819371,-82.8491045,15.5741,7.6587,109.7443,132.0325,-23.6276,0.1949,2.7009,185.2864,0.4187,-0.4002,17.4734,-4.4757,9.7759,-8.0179,139.7272,1.6237
4:38:28 PM,42.4819235,-82.8490595,,7.6976,110.7757,130.8687,-72.368,-0.0101,2.6665,185.5683,0.4181,-0.399,17.9522,-10.4597,10.5141,-18.0579,130.7543,-0.777
4:38:29 PM,42.4819135,-82.8490131,15.5085,7.2116,108.587,129.4693,-87.3635,0.5424,1.089,185.8588,0.4176,-0.398,18.2004,-5.9865,10.6577,-10.2594,133.2286,0.9476
4:38:30 PM,42.4819023,-82.8489718,,7.6587,107.2119,128.643,-8.6184,-0.3297,2.7455,186.1146,0.4172,-0.3969,17.4181,-5.5125,9.8335,-9.797,134.4884,0.6783
4:38:31 PM,42.4818911,-82.8489247,15.5085,7.6782,106.9368,128.4504,-23.6242,0.2936,1.5991,186.5129,0.4165,-0.3955,18.0992,-6.3025,10.4479,-10.9628,133.0196,0.7184
4:38:32 PM,42.4818804,-82.8488803,,7.6976,107.8708,128.7341,,0.2491,1.3865,186.795,0.4162,-0.3945,18.0273,-5.9557,10.3082,-10.4547,133.9764,
4:38:33 PM,42.4818703,-82.8488348,15.2789,7.8531,106.9999,,6.3976,,,,,,17.6546,-5.9299,9.8788,-10.6395,137.9092,0.8215
4:38:34 PM,42.4818599,-82.8487875,,7.8531,107.6645,129.8746,-1.1207,-0.3666,1.8226,187.2381,0.4156,-0.3929,17.6711,-5.3134,9.8376,-9.5752,137.4975,0.6783
4:38:35 PM,42.4818489,-82.8487418,15.2789,7.9503,107.8192,130.1784,-1.1035,-0.3266,1.7669,187.5259,0.4152,-0.3919,17.7616,-4.7753,9.8105,-8.6685,139.3947,0.6783
4:38:36 PM,42.4818375,-82.8486937,,7.892,108.1859,130.3199,-12.3449,0.0094,2.5787,187.8309,0.4149,-0.3908,18.1886,-7.7095,10.3305,-13.6621,132.9129,0.323
4:38:37 PM,42.4818259,-82.8486466,15.5741,8.0281,106.9025,129.6963,-46.0899,-0.4215,2.918,188.1283,0.4144,-0.3896,17.5566,-5.3139,9.6429,-9.7074,136.8407,3.6004
4:38:38 PM,42.4818148,-82.8485998,15.5085,8.0086,106.7191,,,-0.1466,2.5034,188.426,0.4141,-0.3885,17.7273,-5.8484,9.9114,-10.5009,,4.9067
4:38:39 PM,42.4818042,-82.8485499,,7.9309,106.3352,129.223,32.662,-0.4785,2.7276,188.745,0.4138,-0.3875,17.9322,-3.116,10.0955,-5.5407,136.5795,3.5832
4:38:40 PM,42.4817935,-82.8485054,15.5741,7.9114,107.3436,128.9132,70.1713,0.6624,2.0193,189.0403,0.4135,-0.3864,18.0386,-3.4618,10.157,-6.1562,140.7535,1.9044
4:38:41 PM,42.4817838,-82.8484587,,7.9503,105.9571,128.7513,10.1723,0.8095,2.2281,189.3275,0.4132,-0.3854,17.1584,-2.5735,9.2708,-4.7668,139.3528,2.3456
4:38:42 PM,42.4817737,-82.8484119,15.4429,7.7559,106.0545,,10.1585,0.1201,2.2573,189.74,0.4128,-0.384,16.8206,-1.6557,8.9031,-3.1292,142.4756,2.9816
4:38:43 PM,42.481763,-82.8483638,,7.892,106.9941,128.8857,-31.091,,,,,,16.6981,-0.9599,8.7623,-1.8294,143.9706,2.9816
4:38:44 PM,42.481752,-82.8483166,16.0007,7.892,108.0369,130.1961,-8.5978,-0.5231,2.2411,190.1985,0.4124,-0.3824,16.98,-1.989,9.0397,-3.738,145.7541,2.1049
4:38:45 PM,42.4817418,-82.848269,,7.9697,105.9571,128.634,,0.3122,1.662,190.5009,0.4122,-0.3813,16.7058,0.1115,8.7651,0.2126,144.4888,-0.2786
4:38:46 PM,42.4817295,-82.8482176,15.935,8.1058,106.5415,128.5957,-8.5841,0.8993,1.7763,190.9826,0.4118,-0.3797,17.158,-2.3772,9.1611,-4.4555,143.1703,4.2249
4:38:47 PM,42.4817195,-82.8481715,,7.9697,105.7336,129.2964,-8.5737,-0.2828,3.0488,191.2775,0.4116,-0.3787,,,,,143.6637,3.7035
4:38:48 PM,42.4817085,-82.8481268,15.7054,7.9114,106.5472,129.2977,-1.0726,0.5174,1.9762,191.5659,0.4113,-0.3776,17.0573,-2.4067,9.1789,-4.4756,142.0928,3.5373
4:38:49 PM,42.4816983,-82.8480789,,7.9114,105.0174,129.3802,6.4355,0.1823,1.8666,191.8419,0.4112,-0.3767,16.557,-2.6137,8.6914,-4.9836,143.1096,2.7696
4:38:50 PM,42.4816873,-82.8480322,15.771,7.9503,106.0545,,32.6895,,,192.143,0.4109,-0.3756,17.1988,-1.184,9.3092,-2.1879,143.5785,3.4972
4:38:51 PM,42.481677,-82.8479839,,7.9697,106.4613,130.1405,36.4367,0.0629,1.7307,192.4528,0.4108,-0.3746,17.03,-1.6295,9.1225,-3.0429,145.5986,2.7925
4:38:52 PM,42.4816659,-82.8479343,15.8038,7.8726,107.8822,130.7703,25.1781,0.2354,1.8414,192.7726,0.4106,-0.3735,17.5857,-1.0819,9.6618,-1.9695,144.7516,3.1191
4:38:53 PM,42.4816535,-82.8478816,,7.7948,107.676,132.2335,51.4218,-0.3168,2.4579,193.1137,0.4104,-0.3723,17.376,-1.078,9.5122,-1.9695,147.277,-1.5505
4:38:54 PM,42.4816418,-82.8478346,15.7054,7.7754,109.1313,133.9342,103.9231,0.4215,2.91,193.4189,0.4102,-0.3712,17.5871,-0.2234,9.7246,-0.4041,147.6847,0.8215
4:38:55 PM,42.4816282,-82.8477882,,7.9114,111.2398,,47.654,0.5734,2.7514,193.7251,0.4099,-0.3699,18.0973,-1.3811,10.2635,-2.4357,149.1869,0.7986
4:38:56 PM,42.4816145,-82.8477419,15.8694,7.7948,110.7184,135.6928,,-0.122,2.1517,194.0302,0.4096,-0.3687,17.7704,-1.1874,9.9257,-2.1261,151.9327,-0.5708
4:38:57 PM,42.4816011,-82.8476958,,7.8142,112.357,137.2665,51.384,,,194.3353,0.4093,-0.3675,17.5769,-1.9345,9.6961,-3.5084,150.8555,-0.1984
4:38:58 PM,42.4815863,-82.8476504,15.6398,7.892,114.3337,137.8601,70.1232,0.2312,2.4002,194.6391,0.409,-0.3662,17.5564,-2.627,9.688,-4.7644,149.8741,
4:38:59 PM,42.4815713,-82.8476072,,7.7559,116.2016,139.8268,66.3554,0.2087,2.5744,194.9022,0.4087,-0.3651,17.1173,-2.9116,9.2471,-5.3952,146.0414,-2.2037
4:39:00 PM,42.4815558,-82.8475635,15.771,7.7559,116.7344,,92.5957,-0.2836,0.9358,195.1982,0.4083,-0.3638,17.9852,-2.2238,10.239,-3.9082,151.2553,0.9705
4:39:01 PM,42.481538,-82.8475162,,7.7754,116.9407,140.7563,-42.408,0.6403,2.1405,,,,17.8313,-8.0586,10.1821,-14.2115,146.5206,6.5053
4:39:02 PM,42.481521,-82.8474699,15.7054,7.8337,117.5996,140.2104,-46.1414,-0.0589,2.2499,195.671,0.4076,-0.3616,17.5463,-6.347,9.7657,-11.4567,145.6088,1.2398
4:39:03 PM,42.4815061,-82.8474219,,8.0086,116.9808,139.6981,13.8404,-0.074,2.0211,195.9873,0.4072,-0.3602,17.6953,-6.4306,9.9794,-11.4548,144.9598,1.1939
4:39:04 PM,42.4814913,-82.8473758,15.6398,7.7365,117.7027,140.3345,-8.6631,-0.1006,2.3249,196.3077,0.4069,-0.3589,17.5495,-6.5811,9.8291,-11.8078,145.1918,1.1939
4:39:05 PM,42.481475,-82.8473309,,7.892,118.0522,,,0.0596,2.7103,196.6213,0.4066,-0.3576,17.2983,-7.4076,9.5999,-13.4335,143.7411,1.1939
4:39:06 PM,42.4814584,-82.8472861,15.2789,7.7948,117.2329,139.7773,-16.178,0.1066,2.1464,196.9282,0.4062,-0.3563,17.8765,-7.5687,10.1984,-13.3488,143.2013,1.4231
4:39:07 PM,42.4814413,-82.8472421,,7.8337,118.5679,140.0071,-8.6769,0.5477,2.1981,197.3925,0.4057,-0.3542,17.5938,-8.4922,9.9533,-15.1315,141.5137,1.257
4:39:08 PM,42.4814249,-82.8471978,15.082,7.8142,118.3043,140.8259,77.5693,-0.5152,2.4364,197.6691,0.4054,-0.3529,17.5069,-7.8954,9.8311,-14.1592,144.1723,1.4632
4:39:09 PM,42.4814065,-82.8471513,,7.9892,119.0835,141.5995,51.3084,,,197.9966,0.405,-0.3514,17.425,-8.6543,9.8999,-15.358,143.0219,1.0049
4:39:10 PM,42.4813892,-82.8471092,15.6398,7.8337,119.9315,,55.059,0.0957,2.6441,198.2912,0.4046,-0.3501,17.5345,-8.7545,10.0313,-15.429,,0.7814
4:39:11 PM,42.4813719,-82.8470673,,7.5615,119.5247,142.2419,77.5487,0.1133,1.0891,198.5895,0.4042,-0.3487,16.7114,-8.3233,9.2769,-15.1156,143.4305,0.7184
4:39:12 PM,42.481351,-82.8470276,15.5085,7.7365,120.4243,143.5716,,0.2067,1.5425,198.8823,0.4035,-0.3471,17.6652,-8.0714,10.1743,-14.1099,144.5526,1.3429
4:39:13 PM,42.4813331,-82.846986,,7.7365,122.1088,144.8845,-19.9424,-0.1458,2.8581,,,,17.1735,-7.8809,9.6073,-14.1877,145.9961,1.1309
4:39:14 PM,42.4813143,-82.8469419,15.3773,7.8337,121.3238,143.8618,-16.2227,0.2165,2.245,199.3281,0.4029,-0.3449,17.33,-9.2942,9.7226,-16.7305,145.8248,1.8471
4:39:15 PM,42.4812939,-82.846902,,7.8142,120.5045,,-49.9711,-0.1613,2.0115,199.6445,0.4025,-0.3434,17.2284,-9.1768,9.5764,-16.6735,145.3422,1.8471
4:39:16 PM,42.4812752,-82.8468622,15.5741,7.7948,119.4101,142.6829,-76.1942,-0.0186,2.0175,199.9419,0.4019,-0.3418,17.3515,-9.1795,9.7053,-16.5715,143.2562,1.807
4:39:17 PM,42.4812561,-82.8468136,,7.9309,119.5362,140.3335,2.5405,0.5711,2.8491,200.2318,0.4015,-0.3404,17.1566,-9.7693,9.4836,-17.8767,140.441,1.807
4:39:18 PM,42.4812393,-82.8467692,15.8038,7.892,117.9491,140.2209,-34.9619,-0.1808,2.0481,200.5463,0.4012,-0.339,17.9549,-8.5864,10.2206,-15.2055,140.7175,1.744
4:39:19 PM,,,,7.8726,119.3013,140.196,-31.2216,0.4765,2.0615,200.8603,0.401,-0.3376,18.3039,-9.8203,10.5776,-17.1661,140.5286,3.1305
4:39:20 PM,42.4812213,-82.8467271,15.6398,7.9114,119.0492,139.4645,,,,201.1633,0.4006,-0.3362,,,,,140.0982,2.4315
4:39:21 PM,42.4812049,-82.8466822,,8.1058,119.2039,,58.7889,0.3416,1.9628,201.4804,0.4004,-0.3348,18.2823,-9.6983,10.4948,-17.0655,138.2509,2.5347
4:39:22 PM,42.4811869,-82.8466397,15.8038,8.0086,119.7424,139.8094,13.8026,0.4427,1.9449,201.7887,0.4001,-0.3333,18.2586,-9.3961,10.4557,-16.5645,140.5117,
4:39:23 PM,42.4811693,-82.846596,,7.2311,120.6076,140.948,77.5212,-0.0872,1.7296,202.1015,0.3999,-0.3319,18.3493,-8.9657,10.5389,-15.7439,140.7037,2.3055
4:39:24 PM,42.4811505,-82.8465514,15.8694,8.0475,120.705,142.7414,21.2625,0.3563,1.8741,202.5671,0.3994,-0.3297,18.3102,-9.4942,10.5841,-16.5801,145.0025,2.4086
4:39:25 PM,42.48112943,-82.84650747,,7.9114,123.4266,144.7106,51.2362,-0.3105,3.0579,,,,18.2154,-7.7729,10.4315,-13.6603,146.3916,1.4976
4:39:26 PM,42.48110964,-82.84646843,15.5085,7.7948,122.6473,144.5634,28.7327,0.5837,2.6764,203.0165,0.3987,-0.3274,18.5464,-8.3097,10.8871,-14.2529,144.324,1.4231
4:39:27 PM,42.48109031,-82.84642627,,7.8337,122.3781,142.4484,-128.7471,-0.0288,1.8773,203.329,0.3984,-0.3259,18.1679,-9.084,10.49,-15.869,145.2773,2.7925
4:39:28 PM,42.48107272,-82.84638346,15.7054,8.1836,120.7107,,-23.7308,0.9288,1.8383,203.6396,0.3982,-0.3245,17.8699,-9.1514,10.2376,-16.1178,139.7302,0.9705
4:39:29 PM,42.48105553,-82.84634198,15.5741,7.9309,119.7367,140.1537,-12.4756,0.0085,2.3086,204.1019,0.3979,-0.3224,18.0734,-8.7883,10.4963,-15.2526,140.0691,1.1309
4:39:30 PM,42.48103844,-82.84629844,,8.0475,119.9831,140.8264,,,,204.3995,0.3977,-0.321,18.0123,-9.2231,10.4586,-16.024,137.806,0.7986
4:39:31 PM,42.4810191,-82.8462537,16.0663,7.6587,119.0377,139.974,-27.4642,0.9555,1.6738,204.7274,0.3975,-0.3195,17.6218,-9.1316,10.0141,-16.2166,140.0877,1.1309
4:39:32 PM,42.481001,-82.8462084,,8.0669,119.0091,139.3352,-49.9608,-0.2057,1.8524,205.0286,0.3974,-0.3182,17.9818,-9.6246,10.4881,-16.6576,,0.0709
4:39:33 PM,42.4809844,-82.8461666,16.1975,7.8142,118.5908,138.8178,13.7785,0.041,1.8032,205.3392,0.3973,-0.3168,17.7374,-10.2283,10.2348,-17.9231,137.6303,1.4632
4:39:34 PM,42.4809679,-82.8461232,,7.7559,119.0778,140.3767,17.5256,-0.4411,2.0853,,,,17.7589,-9.4191,10.1535,-16.633,139.7487,-0.4046
4:39:35 PM,42.480951,-82.846081,15.771,7.717,118.7856,140.002,-53.7148,-0.2007,1.9414,205.8011,0.3972,-0.3147,17.9037,-9.951,10.2734,-17.527,137.6817,1.3601
4:39:36 PM,42.4809342,-82.8460378,,7.9114,118.6939,139.2673,13.7922,1.1431,2.5028,206.113,0.3971,-0.3133,17.7622,-11.6908,10.2149,-20.6308,138.0174,1.3601
4:39:37 PM,42.4809179,-82.8459956,15.8038,7.8531,117.0438,,-79.9482,-0.3369,2.6581,206.4177,0.3971,-0.312,17.7258,-8.8828,10.0366,-15.8257,136.0968,-0.0895
4:39:38 PM,42.4809015,-82.8459514,,7.7559,116.1615,137.9151,,,,206.7339,0.397,-0.3106,17.606,-9.3958,9.9408,-16.8062,138.5225,3.3196
4:39:39 PM,42.4808827,-82.8459046,14.5243,8.0281,116.8146,136.7802,-16.2021,0.0947,2.4857,207.0426,0.397,-0.3092,18.1965,-9.4244,10.5646,-16.3817,132.9954,0.0538
4:39:40 PM,42.4808654,-82.8458618,,,,137.1661,-31.2147,0.6708,2.1508,207.356,0.3969,-0.3078,17.7093,-8.6999,10.0939,-15.3894,133.8006,-0.4848
4:39:41 PM,42.4808503,-82.845817,15.2133,7.6976,116.7917,136.7926,-46.2308,0.0876,1.2761,207.6702,0.397,-0.3065,17.5379,-7.4382,9.9081,-13.2467,139.8874,0.2199
4:39:42 PM,42.4808352,-82.8457751,,7.7948,114.1962,,2.513,0.0261,2.1693,207.9679,0.3971,-0.3053,18.1634,-7.452,10.6,-12.8405,139.3186,0.1168
4:39:43 PM,42.4808207,-82.8457308,15.0164,7.6782,114.053,137.6443,55.0143,1.2403,2.4698,208.2767,0.3972,-0.304,,,,,138.6754,7.2959
4:39:44 PM,42.4808053,-82.8456884,,7.5227,115.8234,137.5852,-46.2239,0.3304,2.3181,208.7316,0.3974,-0.3021,18.1047,-11.9143,10.7774,-20.2922,137.3787,1.2398
4:39:45 PM,42.4807897,-82.8456453,14.4587,7.6976,116.3219,136.405,13.7854,0.3563,1.7613,209.0501,0.3975,-0.3007,17.715,-8.5697,10.1582,-15.062,137.7204,2.6149
4:39:46 PM,42.4807733,-82.8455951,,7.7365,114.6832,135.7142,6.298,-0.4753,2.9849,,,,18.2164,-7.7972,10.7194,-13.3295,138.9309,
4:39:47 PM,42.480759,-82.8455501,15.1476,7.6393,114.9583,,,,,209.5142,0.3979,-0.2989,18.4583,-4.1003,10.8787,-6.9684,142.4198,-4.8164
4:39:48 PM,42.4807431,-82.8455082,,7.6587,115.8922,137.7361,51.2774,0.6692,2.8109,209.8151,0.398,-0.2976,18.3419,-6.6824,10.7767,-11.4231,143.0578,0.7585
4:39:49 PM,42.4807279,-82.8454644,15.2133,7.9114,113.692,137.9823,-31.2182,-1.1397,3.4042,210.1206,0.3981,-0.2963,17.6939,-5.653,10.0353,-10.0018,142.7003,-0.6281
4:39:50 PM,42.4807117,-82.8454201,15.1476,7.6004,115.6802,137.5287,6.2808,1.0888,3.6257,210.5758,0.3983,-0.2943,17.5729,-7.0288,10.0329,-12.3763,135.6004,-0.989
4:39:51 PM,42.4806958,-82.8453798,,7.581,114.2249,137.2783,-34.9653,-0.7759,1.7581,210.871,0.3984,-0.293,18.4494,-7.0769,10.9345,-11.9978,148.1441,1.257
4:39:52 PM,42.4806801,-82.8453384,15.4429,7.6976,116.6657,,-4.971,0.8843,1.1415,211.1804,0.3986,-0.2916,18.1946,-4.9978,10.5811,-8.6154,141.5603,0.26
4:39:53 PM,42.4806641,-82.8452881,,7.6199,113.0102,137.0142,-1.2307,-0.1624,1.8073,211.4908,0.3989,-0.2904,17.5603,-4.4402,9.9574,-7.8471,144.7992,-1.1208
4:39:54 PM,42.4806493,-82.8452453,15.4429,7.5421,114.7634,137.6014,100.0075,0.1615,2.3513,211.7883,0.3991,-0.2891,17.9361,-5.372,10.3518,-9.3355,143.6777,-0.2786
4:39:55 PM,42.4806329,-82.8452005,,7.5032,116.2761,,,,,212.1057,0.3994,-0.2878,18.4661,-5.4963,10.9237,-9.3181,145.0101,-0.0093
4:39:56 PM,42.4806153,-82.8451586,14.8196,7.7754,118.6309,140.9607,77.4868,-0.0953,2.0722,,,,18.4445,-5.7487,10.8249,-9.8269,146.2676,0.0939
4:39:57 PM,42.4805989,-82.8451149,,7.6004,117.0209,140.7551,43.7453,0.591,2.6027,212.5662,0.3995,-0.2857,18.206,-6.9749,10.5556,-12.0899,,-0.0322
4:39:58 PM,42.4805826,-82.8450708,14.8196,7.892,118.8257,,17.4981,-0.0605,2.9314,212.8753,0.3997,-0.2843,18.605,-6.564,10.8908,-11.2613,144.1595,-0.0093
4:39:59 PM,42.480566,-82.8450264,,7.7754,118.2528,141.425,,,,213.188,0.4,-0.2829,18.4623,-7.1235,10.7204,-12.3313,145.7159,-0.0895
4:40:00 PM,42.4805488,-82.8449833,15.3117,7.7948,118.9174,142.1589,39.9947,-0.0158,2.3952,213.4989,0.4002,-0.2816,18.5184,-7.4771,10.911,-12.7597,145.2184,-0.0895
4:40:01 PM,42.4805294,-82.8449377,,7.4838,119.5305,141.9083,17.4947,-0.3278,2.0381,213.8385,0.4004,-0.28,18.434,-7.2953,10.8883,-12.4146,145.4274,-0.3015
4:40:02 PM,42.4805113,-82.8448958,15.082,7.7559,119.8513,142.6087,28.7396,0.1045,1.7328,214.1424,0.4006,-0.2786,18.3236,-7.4397,10.7134,-12.7948,144.586,-0.1353
4:40:03 PM,42.4804908,-82.8448557,,7.717,120.4357,145.4372,152.4709,-0.1165,2.1005,214.4175,0.4007,-0.2773,18.4428,-7.5533,10.8653,-12.8924,147.3858,0.6554
4:40:04 PM,42.4804711,-82.8448166,15.082,7.9309,122.8651,,-20.0283,-0.688,2.3714,214.7262,0.4006,-0.2757,18.5452,-7.8549,11.0386,-13.2737,145.8007,-2.7996
4:40:05 PM,42.4804504,-82.84478,14.5899,7.6782,124.8762,146.9146,-31.2835,0.2331,1.6583,215.0256,0.4006,-0.2742,18.6736,-11.2672,11.2439,-18.9347,148.8785,4.0645
4:40:06 PM,42.4804322,-82.8447385,,7.7754,123.1057,146.8279,,,,215.3179,0.4005,-0.2726,18.1747,-12.0629,10.8097,-20.5715,142.5616,3.7264
4:40:07 PM,42.4804143,-82.8446953,14.9508,7.6393,123.4438,145.9762,-98.7768,-0.3069,1.7614,215.7826,0.4009,-0.2705,18.288,-12.7816,10.9016,-21.7856,140.2625,3.7035
4:40:08 PM,42.4803954,-82.8446535,,7.6004,122.5328,143.2198,-46.248,0.9146,2.4702,216.0919,0.4011,-0.269,18.4741,-11.5796,10.9787,-19.7411,136.8621,
4:40:09 PM,42.4803743,-82.8446065,15.082,8.0281,122.5843,143.2062,13.7544,0.4616,2.4387,216.4385,0.4013,-0.2673,18.23,-10.9042,10.5741,-19.0339,140.0652,2.592
4:40:10 PM,42.4803563,-82.8445633,,7.5615,120.2753,143.4722,-23.7411,-0.2761,2.5619,216.7497,0.4016,-0.2659,18.0805,-8.9372,10.4402,-15.6072,141.2653,2.7295
4:40:11 PM,42.4803363,-82.8445253,14.6555,7.892,119.9544,144.7089,81.2236,0.435,2.0087,217.0446,0.4016,-0.2644,18.2104,-9.2723,10.5563,-16.1382,146.0157,1.1309
4:40:12 PM,42.480318,-82.8444812,,7.9892,123.2547,,,,,217.3612,0.4019,-0.2629,18.358,-8.621,10.6132,-15.0276,147.4747,1.2971
4:40:13 PM,42.4802981,-82.8444399,14.2946,7.8142,123.0026,146.8541,73.719,-0.1547,2.5348,217.6402,0.4021,-0.2615,18.454,-9.812,10.844,-16.8585,148.0133,0.4491
4:40:14 PM,42.4802775,-82.8444025,,8.3002,121.8051,147.1359,13.7097,-0.6267,1.9862,217.9357,0.4021,-0.26,18.0912,-13.8159,10.7166,-23.7742,152.3321,-6.1972
4:40:15 PM,42.4802557,-82.844364,14.5243,7.7365,122.7447,147.0099,17.4569,-0.111,1.5733,218.242,0.4021,-0.2583,17.6826,-12.3015,10.2511,-21.5623,141.8544,6.2245
4:40:16 PM,42.4802359,-82.8443193,,7.8531,124.6126,146.2294,-23.7858,-0.4452,1.2481,218.5691,0.4024,-0.2567,,,,,143.3378,1.2971
4:40:17 PM,42.4802183,-82.8442769,15.1476,7.7948,124.2631,146.7626,43.7075,-0.5238,2.1285,218.8711,0.4028,-0.2553,17.6562,-12.2129,10.251,-21.3684,143.4254,1.9846
4:40:18 PM,42.4801987,-82.8442365,,7.3477,122.9911,,9.966,0.167,1.2735,219.1736,0.403,-0.2538,17.9983,-11.7252,10.6629,-20.0611,142.2694,1.8586
4:40:19 PM,42.4801795,-82.8441971,15.082,7.1922,122.189,146.1347,,,,219.4682,0.4032,-0.2523,18.028,-12.1681,10.6359,-20.9329,141.75,1.9044
4:40:20 PM,42.48016,-82.8441568,15.2133,8.0475,122.2692,145.7434,-23.7789,0.0716,2.0394,,,,17.519,-11.8413,10.1555,-20.7315,144.1002,1.4002
4:40:21 PM,42.4801411,-82.8441165,,7.4643,123.1172,146.1046,-23.7858,0.5028,2.2314,219.9214,0.4036,-0.2501,17.038,-12.5982,9.6584,-22.629,143.3493,1.8242
4:40:22 PM,42.480121,-82.8440767,15.3117,7.6587,121.9598,146.8448,21.2109,-0.0306,2.208,220.2179,0.4038,-0.2486,17.2722,-10.5739,9.916,-18.6408,142.8082,2.1852
4:40:23 PM,42.4801019,-82.8440386,15.3773,7.3672,122.04,147.1199,81.2133,-0.2015,2.1553,220.5505,0.4041,-0.2469,17.4725,-12.0911,10.1196,-21.2025,144.9404,-0.1984
4:40:24 PM,42.4800772,-82.8439977,,7.5421,124.922,148.9726,111.2111,0.4239,1.8091,220.812,0.4043,-0.2455,17.3305,-13.2281,9.8874,-23.6462,143.5624,2.8154
4:40:25 PM,42.4800566,-82.8439605,15.3773,7.717,126.6982,150.0826,13.7097,-0.2047,2.4003,221.2494,0.4044,-0.2431,17.0942,-13.2986,9.7517,-23.7798,144.6697,1.1309
4:40:26 PM,42.4800359,-82.8439198,,7.8337,126.3143,150.0638,9.9592,-0.5963,2.8948,221.5569,0.4046,-0.2416,17.1026,-15.33,9.8572,-27.3036,140.1139,2.8727
4:40:27 PM,42.4800136,-82.843882,15.3117,7.7365,127.8498,,-8.7869,0.4174,2.5293,221.8593,0.4048,-0.2399,17.07,-12.7012,9.6112,-22.9853,144.0911,0.6554
4:40:28 PM,42.4799926,-82.8438387,,7.8142,125.7528,149.4506,13.7132,0.1572,2.1798,222.1815,0.4051,-0.2383,17.0512,-13.6963,9.6311,-24.7838,145.1297,0.9705
4:40:29 PM,42.4799714,-82.8437981,15.0164,7.8726,126.0106,149.3298,,,,222.4896,0.4054,-0.2367,16.719,-13.1345,9.2739,-24.1839,143.241,0.8444
4:40:30 PM,42.4799484,-82.8437607,,7.8142,128.6519,150.3766,99.9662,0.4775,2.737,222.7944,0.4055,-0.235,16.6919,-14.0417,9.2929,-25.8367,133.2633,9.6393
4:40:31 PM,42.4799252,-82.8437257,14.6555,7.9114,128.9613,150.5723,2.4649,-0.2201,2.5842,223.0881,0.4055,-0.2333,16.7829,-15.3094,9.4443,-27.982,148.9071,-2.0146
4:40:32 PM,42.4798985,-82.8436871,,8.0475,128.8066,150.0772,-1.2857,0.8265,1.9868,223.3891,0.4055,-0.2316,17.3755,-11.7848,9.7896,-21.2537,145.2541,
4:40:33 PM,,,14.7211,7.7754,128.9785,150.5544,24.9615,-0.2529,2.1464,223.6976,0.4057,-0.2299,17.4247,-11.8028,9.8449,-21.2249,,-0.0895
4:40:34 PM,42.4798761,-82.8436478,14.7867,7.9309,129.4541,,69.9272,-0.0689,2.1722,224.0018,0.4059,-0.2282,17.4572,-12.7212,9.9738,-22.6703,145.2758,-1.1609
4:40:35 PM,42.4798527,-82.8436107,,8.0475,131.1271,152.634,36.1513,-0.4768,2.8988,224.293,0.4059,-0.2265,17.0168,-13.1556,9.5236,-23.9958,147.0375,-0.989
4:40:36 PM,42.4798294,-82.8435765,15.0164,7.892,131.6371,153.3934,-46.3374,-0.0527,2.8036,224.583,0.406,-0.2249,16.5021,-13.8398,9.0561,-25.8417,147.8229,0.6955
4:40:37 PM,42.4798066,-82.8435418,,7.6004,129.7234,152.3435,-72.5743,-0.2973,2.5836,224.8826,0.4062,-0.2232,16.7148,-19.2746,9.6065,-35.054,143.0349,9.3643
4:40:38 PM,42.4797842,-82.8435046,14.7867,7.9503,130.1875,151.0307,,,,225.192,0.4064,-0.2214,16.4802,-14.4878,9.0579,-27.0759,142.8547,-0.714
4:40:39 PM,42.4797598,-82.8434675,,7.8726,129.8093,150.5038,9.9145,0.7866,2.3943,225.5271,0.4066,-0.2196,16.4151,-17.4499,9.1905,-32.3845,142.3972,6.0125
4:40:40 PM,42.47973453,-82.84342589,14.393,8.0086,128.9613,150.6842,-61.3294,-0.1479,2.381,225.8139,0.4068,-0.2179,16.6258,-16.5115,9.321,-30.4603,147.0838,-1.0234
4:40:41 PM,42.47971015,-82.84338666,,7.406,128.8697,151.812,28.6674,0.297,2.1824,226.1081,0.4069,-0.2163,16.3425,-17.9386,9.1413,-33.4101,134.9443,5.1989
4:40:42 PM,42.47968676,-82.8433516,14.8196,7.9503,131.8032,156.5967,152.3953,0.1617,1.8682,226.4069,0.4072,-0.2146,16.4223,-17.6272,9.1618,-32.8744,138.8363,4.8895
4:40:43 PM,42.47966364,-82.84331477,,7.6393,135.3555,,231.106,-1.2925,2.4479,226.6864,0.4072,-0.2129,16.7373,-15.4805,9.3596,-28.5096,147.5426,4.6947
4:40:44 PM,42.47963857,-82.84328579,15.082,7.8726,142.38,163.1312,287.3234,-0.7455,2.6373,226.9729,0.407,-0.2111,17.2987,-14.8799,9.9554,-26.5009,156.6407,0.0709
4:40:45 PM,42.47961096,-82.8432587,,7.9114,144.9755,169.2792,174.7957,-0.9246,2.2507,227.2667,0.4066,-0.2091,17.1413,-14.9668,9.7746,-26.93,160.7766,1.4403
4:40:46 PM,42.47958057,-82.84323401,15.2789,7.8726,147.3877,171.7088,92.2829,0.091,1.6873,227.5743,0.4061,-0.207,17.3532,-17.6853,10.1298,-31.3603,163.3933,2.0247
4:40:47 PM,42.4795451,-82.8432062,,7.8142,149.118,,77.2771,-0.6861,2.2784,227.9221,0.4057,-0.2046,16.404,-18.6219,9.2731,-34.3938,160.0206,3.5201
4:40:48 PM,42.4795129,-82.8431792,15.2789,,,173.415,133.5152,-0.1634,3.1429,228.229,0.4051,-0.2024,15.9638,-20.9742,9.1458,-38.6666,158.6711,3.5832
4:40:49 PM,42.479479,-82.8431573,,7.4449,151.3353,175.22,208.489,-0.1801,3.4129,228.536,0.4044,-0.2002,16.249,-15.8082,8.9695,-29.5713,157.7477,-3.235
4:40:50 PM,42.4794443,-82.8431378,15.5085,7.6782,157.7009,179.2493,69.745,-0.6791,2.0639,228.7972,0.4038,-0.1983,16.5582,-25.1131,9.9871,-44.7205,147.7406,8.27
4:40:51 PM,42.4794105,-82.8431192,,7.406,157.1279,180.6711,,,,229.0842,0.403,-0.1962,15.4656,-23.7404,8.8411,-44.7686,171.5073,7.4736
4:40:52 PM,42.4793764,-82.8431031,15.5085,7.9503,159.1218,182.1031,80.983,0.37,2.7238,229.3659,0.4021,-0.194,15.7018,-18.7709,8.5918,-36.0202,156.5063,-5.2175
4:40:53 PM,42.479341,-82.8430906,,7.9697,161.2762,,69.7209,1.3487,2.547,229.6665,0.4013,-0.1917,15.2307,-22.6374,8.3715,-44.4482,144.5107,-3.5272
4:40:54 PM,42.4793016,-82.843072,15.3117,8.1447,160.9381,182.5575,54.7049,-0.7671,3.6281,229.9775,0.4003,-0.1894,,,,,163.5029,11.828
4:40:55 PM,42.4792674,-82.8430587,,7.9697,162.1986,183.7873,73.4406,-0.8262,2.1379,230.2728,0.3994,-0.1871,15.7637,-27.3898,9.4119,-50.3997,149.3132,2.4086
4:40:56 PM,42.479231,-82.8430455,15.1476,8.3002,164.2384,185.1248,77.174,0.1841,2.3062,230.5689,0.3985,-0.1849,15.123,-27.8917,8.8743,-52.8629,146.9338,5.6745
4:40:57 PM,42.4791942,-82.843033,15.0164,8.3002,165.8312,189.1861,110.8639,-0.5613,2.2505,230.8607,0.3974,-0.1826,15.0115,-29.0469,8.852,-55.4232,149.5814,
4:40:58 PM,42.4791567,-82.8430232,,8.0864,166.6505,,,,,231.158,0.3963,-0.1802,15.3902,-30.86,9.4055,-57.0688,154.8581,7.7887
4:40:59 PM,42.4791178,-82.8430152,14.8852,8.514,170.6326,189.566,65.8466,-0.1617,2.3602,231.4459,0.3951,-0.1779,15.4923,-29.857,9.3249,-55.8022,139.4867,6.8662
4:41:00 PM,42.4790799,-82.8430077,,8.4946,170.581,189.9318,43.3362,-0.23,3.0429,231.7431,0.3939,-0.1755,15.0857,-34.9428,9.5971,-64.1999,141.391,8.0351
4:41:01 PM,42.4790405,-82.8430015,15.0164,8.1058,172.4316,190.1296,62.0926,0.1202,2.5224,232.0127,0.3927,-0.1734,15.4293,-34.7448,9.9019,-62.6308,138.0812,8.6997
4:41:02 PM,42.4789967,-82.8429946,,8.203,172.6666,,-72.9249,0.3479,2.1753,232.3205,0.3914,-0.1709,15.4927,-31.8194,9.5618,-58.6805,135.6055,1.1939
4:41:03 PM,42.4789595,-82.8429895,15.2133,8.0281,173.4802,190.3226,43.3465,0.9684,2.7354,232.615,0.3903,-0.1686,15.3176,-37.116,10.0563,-66.7993,136.9407,9.3643
4:41:04 PM,42.4789215,-82.8429815,,8.3196,172.065,188.3514,9.5776,2.531,2.9653,232.9046,0.3891,-0.1663,16.5862,-25.5055,9.779,-46.9148,138.4605,-7.9963
4:41:05 PM,42.4788831,-82.8429774,15.6398,8.3196,174.4714,188.0845,-91.671,0.492,2.5184,233.1979,0.3879,-0.164,17.7317,-40.0453,12.5765,-65.111,132.0389,12.5557
4:41:06 PM,42.4788443,-82.8429712,,8.2613,171.3373,,-1.6948,2.2241,1.6334,233.5039,0.3867,-0.1616,16.3998,-27.2738,9.787,-50.1625,143.5263,-7.3145
4:41:07 PM,42.4788049,-82.8429653,15.4429,8.3196,172.5462,186.9407,95.7825,2.6348,2.0335,233.7951,0.3855,-0.1593,16.8831,-38.899,11.6407,-65.6087,128.9718,9.0836
4:41:08 PM,42.4787668,-82.84296,,8.3196,171.1368,189.2677,,,,234.1117,0.3844,-0.157,16.448,-35.596,10.828,-62.1494,151.7884,-8.7182
4:41:09 PM,42.4787273,-82.8429534,15.2133,8.3585,174.7521,189.2478,-13.0222,0.4148,2.9799,234.4064,0.3833,-0.1547,17.0732,-36.8125,11.5261,-62.5694,129.5502,11.9082
4:41:10 PM,42.4786851,-82.8429455,,8.4751,171.2685,188.8985,-9.2372,1.3385,1.6603,234.7223,0.3822,-0.1523,16.5434,-38.5333,11.263,-66.2109,131.109,6.448
4:41:11 PM,42.4786457,-82.842939,15.082,8.4168,172.8957,188.4635,-5.5141,1.3113,2.2669,235.0399,0.3811,-0.1499,16.9032,-37.7719,11.4782,-64.4241,130.6319,8.8487
4:41:12 PM,42.4786066,-82.8429323,,8.4751,173.7036,,50.6965,-0.098,2.896,235.3527,0.38,-0.1476,16.3886,-37.727,10.9916,-65.8325,130.3689,8.4419
4:41:13 PM,42.4785679,-82.842927,15.0164,8.2808,173.7437,189.4906,9.4194,0.1095,1.2474,235.659,0.3788,-0.1453,16.5301,-35.944,10.9463,-62.4269,,6.6943
4:41:14 PM,42.4785304,-82.8429248,,8.2419,177.1127,189.482,13.1631,1.7286,2.9398,235.9509,0.3776,-0.1431,16.168,-39.3949,11.1019,-67.5592,132.1806,8.4762
4:41:15 PM,42.4784922,-82.84292,15.1476,8.5918,173.9557,189.9716,,,,236.2559,0.3765,-0.1408,15.4353,-30.6014,9.2745,-57.9105,137.3864,11.49
4:41:16 PM,42.4784549,-82.8429161,,8.2224,174.8896,,61.8898,0.5785,2.4633,236.557,0.3754,-0.1385,15.8468,-32.0403,9.8505,-58.5902,133.8105,0.8616
4:41:17 PM,42.4784164,-82.8429132,15.6398,8.0475,178.2243,190.383,65.6266,2.2014,3.2749,236.8597,0.3743,-0.1363,16.2154,-36.5023,10.8184,-63.0769,135.6062,2.4544
4:41:18 PM,42.4783741,-82.8429108,,8.2419,177.3992,191.0284,-54.3817,0.6083,3.3126,237.1621,0.3731,-0.134,15.3824,-37.1758,10.1415,-66.4244,135.99,-1.1609
4:41:19 PM,42.4783343,-82.8429058,15.5085,8.4363,176.5111,189.6623,-39.3931,0.6937,2.3012,237.4922,0.372,-0.1316,15.5052,-31.5493,9.4961,-58.6859,140.6469,
4:41:20 PM,42.4782965,-82.8429025,15.5741,8.3974,174.1964,189.2644,-99.3921,1.5005,1.8462,237.8037,0.3709,-0.1293,13.9803,-37.0305,8.923,-70.66,123.9007,11.7478
4:41:21 PM,42.4782588,-82.842897,,8.2808,175.3194,188.5338,-5.6585,-0.1773,2.6985,238.1198,0.3699,-0.1271,13.7608,-33.6852,8.2573,-67.5615,132.5605,2.5748
4:41:22 PM,42.4782213,-82.8428919,15.6398,7.892,173.8812,188.4411,43.0784,0.8378,2.0306,238.4363,0.3689,-0.1248,14.2438,-35.2481,8.9024,-67.4263,127.0118,4.0874
4:41:23 PM,42.4781851,-82.8428865,15.5741,8.1836,175.623,189.8953,61.8038,-0.1669,2.3377,238.7415,0.368,-0.1226,14.0004,-35.3212,8.6888,-68.684,128.8803,4.9869
4:41:24 PM,42.4781468,-82.8428842,,8.203,176.6486,,,-0.3274,2.2534,239.0549,0.3669,-0.1204,13.952,-36.9866,8.8887,-70.7939,125.207,4.9755
4:41:25 PM,42.4781057,-82.8428808,15.7054,8.6695,177.2961,190.7548,13.0394,,,239.3665,0.3658,-0.1182,14.1807,-33.0617,8.5688,-64.5319,137.8485,-8.7182
4:41:26 PM,42.4780672,-82.8428804,,8.1447,177.869,191.3381,99.2546,3.0273,3.4844,239.6826,0.3647,-0.1159,13.8192,-37.1539,8.7931,-71.6551,121.1434,13.3865
4:41:27 PM,42.4780286,-82.8428756,15.7054,8.2419,176.9179,189.6926,-144.4919,-1.227,2.5892,240.0139,0.3637,-0.1136,14.2471,-32.1107,8.463,-63.4907,138.829,-6.2316
4:41:28 PM,42.4779898,-82.8428734,,8.3002,175.0787,188.5199,91.75,1.8375,2.0797,240.3401,0.3626,-0.1113,13.8176,-40.2716,9.2189,-75.6647,124.9286,9.3643
4:41:29 PM,42.4779517,-82.8428706,16.0007,8.0669,177.17,189.8341,-28.2652,-0.3657,2.4505,240.6655,0.3616,-0.109,14.7089,-33.0507,9.0497,-62.4278,119.2981,6.8662
4:41:30 PM,42.4779148,-82.8428705,15.935,7.8726,181.662,189.4129,132.9652,4.0568,4.0074,240.9697,0.3605,-0.1069,15.3781,-43.6383,11.0713,-73.4459,127.3198,9.7768
4:41:31 PM,42.4778736,-82.8428665,,8.1447,175.5657,,,,,241.3305,0.3595,-0.1044,14.2611,-34.2434,8.7859,-65.977,125.322,1.8471
4:41:32 PM,42.4778348,-82.8428642,15.771,8.2419,176.7174,189.8053,-13.311,-0.4731,3.2248,241.6653,0.3585,-0.1021,,,,,132.0805,2.7467
4:41:33 PM,42.4777969,-82.8428607,,8.0086,175.8006,196.2054,-2.073,-0.5763,2.0202,241.9648,0.3576,-0.1001,15.3436,-35.7447,9.9167,-64.6703,125.3869,7.8975
4:41:34 PM,42.4777591,-82.8428583,15.5085,8.514,178.7743,189.0869,,,,242.2946,0.3567,-0.0978,15.5232,-37.1324,10.2982,-65.4973,129.8628,13.0656
4:41:35 PM,42.4777213,-82.8428554,,8.2808,174.6834,,102.9124,3.215,3.3285,242.6279,0.3557,-0.0956,15.5067,-44.7559,11.2914,-75.2255,123.3225,6.0412
4:41:36 PM,42.4776835,-82.8428514,15.5741,8.3196,177.72,188.1965,-65.8363,-0.6106,2.4699,242.9664,0.3549,-0.0933,14.6168,-32.6266,8.8525,-62.9027,136.2589,2.6894
4:41:37 PM,42.4776459,-82.8428501,,8.2224,177.2731,189.5079,132.8861,3.1918,3.4523,243.2963,0.3539,-0.0911,15.6214,-42.4171,11.022,-72.9398,116.6184,1.7211
4:41:38 PM,42.4776072,-82.8428478,15.5741,8.2613,179.6452,187.7005,-114.6214,1.0612,3.8753,243.6407,0.3529,-0.0888,14.9536,-29.4152,8.7441,-57.1306,128.525,14.5897
4:41:39 PM,42.4775651,-82.8428422,,8.4168,172.5863,187.055,-73.365,-0.7619,2.179,244.0272,0.352,-0.0863,16.1883,-43.9064,11.7713,-72.497,121.063,-7.9963
4:41:40 PM,42.4775272,-82.8428368,15.3773,8.203,175.2506,186.1696,-2.1555,1.1779,2.1483,244.378,0.3513,-0.084,14.9461,-29.6553,8.7435,-57.7548,130.7635,12.4125
4:41:41 PM,42.4774888,-82.84283,,8.2419,173.887,,20.3515,-0.1628,2.2479,244.739,0.3506,-0.0817,15.4457,-42.2542,10.8558,-73.0819,118.6398,
4:41:42 PM,42.4774503,-82.8428236,15.4429,8.3002,173.6119,186.3888,,,,245.1012,0.3498,-0.0793,15.2764,-40.5959,10.4712,-71.684,119.5162,7.8975
4:41:43 PM,42.4774117,-82.8428185,,8.2613,176.8835,187.2855,27.8457,-0.8994,2.1771,245.4619,0.3491,-0.077,15.2333,-36.4879,9.871,-66.5915,132.6945,4.5228
4:41:44 PM,42.4773735,-82.8428186,16.1319,8.4946,177.3362,189.1588,84.0632,2.0377,2.7553,245.7686,0.3482,-0.075,15.8737,-41.3278,11.0925,-70.9094,127.1,13.5641
4:41:45 PM,42.477334,-82.8428146,,8.3391,176.7174,,16.5562,-0.1658,2.9218,246.1376,0.3474,-0.0727,15.0405,-33.9084,9.3467,-63.8576,123.6022,-1.3901
4:41:46 PM,42.477296,-82.8428122,15.3117,8.3585,177.0325,187.9998,-122.2016,-0.352,2.6557,246.527,0.3465,-0.0702,15.1695,-34.9896,9.5915,-65.0813,122.461,-2.9256
4:41:47 PM,42.4772535,-82.8428084,,8.3391,176.2074,187.6747,95.2875,0.8596,2.5829,246.8883,0.3457,-0.0679,15.4108,-41.9511,10.7632,-73.1673,118.9323,10.9514
4:41:48 PM,42.4772158,-82.8428052,15.2133,8.0086,177.7888,188.3607,-24.7243,-1.222,2.9233,247.2455,0.345,-0.0656,14.0768,-37.0718,8.9594,-71.2849,124.4984,4.9869
4:41:49 PM,,,,8.3974,175.6517,186.4272,-80.9589,-0.04,1.682,247.6121,0.3443,-0.0633,14.8106,-37.2269,9.6442,-68.2877,123.31,8.82
4:41:50 PM,42.4771773,-82.8428003,15.7054,8.3974,175.6574,185.7761,27.7839,2.2493,2.0917,247.9731,0.3436,-0.0611,14.8678,-38.1513,9.7996,-69.5915,120.6453,6.3735
4:41:51 PM,42.4771394,-82.8427967,,8.3391,174.7865,186.102,-58.4658,-0.2688,2.2733,248.3519,0.3429,-0.0587,14.1638,-36.0244,8.8799,-69.733,,7.5767
4:41:52 PM,42.4770999,-82.8427926,15.8038,8.4363,177.2961,185.8322,121.5072,2.7292,2.1241,248.7029,0.3421,-0.0565,15.5542,-34.7969,9.9182,-63.5024,130.2278,7.3246
4:41:53 PM,42.4770629,-82.8427908,,8.3196,175.497,186.8491,,,,249.0722,0.3414,-0.0542,14.8866,-39.8255,9.9888,-72.6462,118.1843,8.757
4:41:54 PM,42.4770243,-82.8427886,15.5741,8.2419,177.5539,186.0576,-43.4944,-0.8088,2.2683,249.4828,0.3406,-0.0517,15.2246,-30.6648,9.075,-58.8288,137.5104,0.5522
4:41:55 PM,42.4769856,-82.8427856,,8.2808,176.7288,,46.4921,0.9717,2.4764,249.8042,0.3399,-0.0497,15.6928,-38.5784,10.5835,-67.6123,121.5955,8.8945
4:41:56 PM,42.47694435,-82.84278394,15.6398,8.2808,177.7945,186.2646,-69.7484,-0.5794,3.0013,250.1783,0.3393,-0.0474,15.8727,-32.9941,10.0866,-58.9731,118.1349,-8.3687
4:41:57 PM,42.4769058,-82.84278128,,,,185.5143,106.4842,3.9006,3.5857,250.523,0.3386,-0.0453,15.8464,-43.4282,11.3719,-73.3227,128.096,12.1718
4:41:58 PM,42.47687019,-82.84277934,15.5741,8.203,176.3335,186.2308,-167.2601,-0.5664,1.6748,250.9152,0.338,-0.0429,15.1105,-29.9201,8.9009,-57.8619,122.2974,-5.6586
4:41:59 PM,42.47683027,-82.84277532,,8.4557,178.2987,185.4501,-69.7794,0.998,2.4768,251.2709,0.3374,-0.0408,15.6285,-39.9115,10.6893,-69.73,125.861,11.8739
4:42:00 PM,42.47679388,-82.84277273,15.3773,8.3391,173.2624,,,-0.3151,2.8296,251.6623,0.3369,-0.0384,15.2309,-30.9948,9.1452,-59.0533,121.2402,-3.4069
4:42:01 PM,42.47675515,-82.84276678,,8.1836,176.7575,184.9892,95.1706,1.7911,2.0093,252.005,0.3363,-0.0364,16.1321,-42.1214,11.444,-70.989,125.0015,12.7963
4:42:02 PM,42.476716,-82.842765,15.3773,8.2613,174.4943,186.2102,-9.8182,,,252.3942,0.3358,-0.034,15.0978,-28.0029,8.6691,-54.8546,128.5866,-5.2175
4:42:03 PM,42.4766773,-82.8427606,,8.3002,176.0356,184.8514,-62.3057,0.1527,1.9981,252.7692,0.3353,-0.0318,15.6698,-39.6067,10.656,-69.6317,128.5853,8.396
4:42:04 PM,42.47664,-82.842757,15.771,8.0864,175.5944,183.7539,-81.0414,1.2851,3.1283,253.1488,0.3348,-0.0295,15.3925,-33.0096,9.587,-61.0062,115.5614,
4:42:05 PM,42.4766021,-82.8427523,,8.3002,176.6085,182.3066,5.191,0.5963,2.6976,253.5222,0.3343,-0.0273,16.0533,-42.3703,11.4455,-70.9497,124.3194,-7.3145
4:42:06 PM,42.4765655,-82.8427473,15.935,8.3002,171.8186,181.9217,-81.0621,0.8716,1.3628,253.9232,0.3339,-0.025,14.9502,-32.2854,9.1202,-61.1139,118.4568,10.4587
4:42:07 PM,42.4765264,-82.8427418,,8.0281,175.3767,179.8037,-167.2979,1.8877,1.7117,254.3133,0.3336,-0.0227,15.4545,-36.3338,10.1174,-64.828,116.913,9.0377
4:42:08 PM,42.4764884,-82.8427331,16.0007,8.3002,171.2112,,,2.8117,3.5058,254.6981,0.3334,-0.0204,16.0001,-41.8374,11.3111,-70.653,115.8301,-2.8798
4:42:09 PM,42.4764513,-82.8427256,,8.1836,170.9477,178.8319,35.1957,1.6182,2.6582,255.0837,0.3331,-0.0182,15.1098,-39.695,10.2485,-70.3325,109.1141,12.0687
4:42:10 PM,42.4764107,-82.8427157,16.1975,8.1058,170.0424,177.78,-81.038,2.1329,2.4265,255.4789,0.333,-0.0159,15.6724,-37.7727,10.5007,-66.0932,121.1168,-0.8401
4:42:11 PM,42.476373,-82.8427069,,8.1836,170.8331,179.2007,170.196,0.2437,1.4979,255.8815,0.3328,-0.0135,15.5791,-32.1571,9.6469,-59.2645,117.9076,9.3758
4:42:12 PM,42.476334,-82.8426987,15.935,8.2613,173.2911,180.0361,46.4165,,,256.2677,0.3325,-0.0113,,,,,121.2063,-0.7369
4:42:13 PM,42.4762971,-82.8426922,,8.2419,169.5955,179.7789,-133.5702,2.6188,1.9944,256.67,0.3323,-0.0089,16.1716,-38.8013,11.1122,-65.7727,123.1029,3.1764
4:42:14 PM,42.4762587,-82.8426835,15.7054,8.0475,170.4263,177.7266,-43.5769,1.0787,2.3374,257.0501,0.3322,-0.0067,15.5602,-29.7391,9.4039,-55.1642,122.4671,1.4976
4:42:15 PM,42.4762223,-82.8426742,16.3615,8.1641,169.0455,178.0433,-13.5653,0.827,2.8088,257.4351,0.3321,-0.0045,15.6955,-38.2126,10.5666,-66.7563,118.9269,6.5053
4:42:16 PM,42.4761858,-82.8426644,,8.1836,169.4924,,,-0.0423,2.044,257.8266,0.3321,-0.0022,15.8235,-31.8219,9.8948,-57.4809,124.999,0.134
4:42:17 PM,42.476145,-82.8426556,16.1319,8.1058,172.2025,180.8608,170.1444,1.4585,2.766,258.2009,0.3319,-0.0001,15.9179,-33.1044,10.1371,-59.0502,119.3777,11.427
4:42:18 PM,42.4761089,-82.8426486,,8.1058,171.4863,182.3491,8.9072,-1.4154,2.6001,258.5976,0.3318,0.0022,15.5712,-35.3001,10.0946,-63.0455,133.9843,-5.3091
4:42:19 PM,42.476071,-82.8426414,16.624,8.0864,172.3228,182.1794,68.9028,1.2116,3.1019,259.0021,0.3317,0.0046,16.3039,-37.7282,11.0481,-64.5575,115.9337,8.2184
4:42:20 PM,42.4760326,-82.8426345,,8.1058,173.2281,183.5492,1.3957,0.1269,1.7948,259.3971,0.3315,0.0069,16.1139,-40.4877,11.2633,-68.2648,126.3379,-3.4069
4:42:21 PM,42.4759945,-82.8426284,15.771,8.0475,177.7258,,23.8992,1.0684,2.0149,259.7602,0.3312,0.009,15.3501,-34.02,9.7138,-62.143,120.9754,10.7795
4:42:22 PM,42.475959,-82.8426253,15.4429,8.2224,174.8896,184.0771,,,,260.1379,0.3309,0.0111,15.8629,-29.4424,9.5991,-54.3214,142.5155,3.6233
4:42:23 PM,42.4759228,-82.8426271,,8.0864,178.3503,190.0315,170.0963,1.0936,3.6032,260.5211,0.3306,0.0133,16.1121,-39.1379,11.1015,-66.3583,128.3217,2.1508
4:42:24 PM,42.4758852,-82.842624,15.5085,8.0864,176.3965,188.6835,-122.3666,-2.3899,3.0597,,,,14.9616,-30.5795,8.9624,-58.1322,138.1507,0.7585
4:42:25 PM,42.4758426,-82.8426202,,7.9503,177.8289,187.1042,-9.8491,-1.1161,3.0877,261.159,0.3302,0.017,15.5327,-34.7364,9.9873,-62.3968,122.467,11.404
4:42:26 PM,42.4758053,-82.8426151,16.0007,8.1253,174.7521,185.8027,-122.3288,-1.6455,2.9488,261.5491,0.3301,0.0192,15.2573,-41.1001,10.5949,-71.2018,122.523,
4:42:27 PM,42.4757676,-82.8426094,,8.2419,174.2537,184.0303,12.6784,0.5291,2.8317,261.9443,0.3301,0.0215,15.9061,-40.807,11.1275,-69.092,115.9176,7.2329
4:42:28 PM,42.4757293,-82.842607,15.8694,8.0864,175.9897,,8.945,-1.165,2.09,262.2967,0.3299,0.0235,15.9777,-42.2576,11.3707,-70.8954,123.6627,10.9285
4:42:29 PM,42.4756915,-82.8426006,,8.203,175.6459,185.9622,,,,262.7026,0.3298,0.0258,15.0297,-30.134,8.9089,-57.8798,134.8986,-4.4096
4:42:30 PM,42.4756544,-82.8425975,15.3773,8.2224,176.7976,184.556,-21.0528,-0.0101,1.6968,263.0948,0.3297,0.0281,15.9352,-34.6723,10.298,-61.6773,117.2993,-0.1124
4:42:31 PM,42.4756162,-82.8425971,,8.3002,176.6543,186.1852,95.1878,2.3037,2.9494,263.4821,0.3296,0.0303,15.6218,-34.616,10.0212,-62.3203,137.1985,11.9541
4:42:32 PM,42.4755749,-82.8425957,15.3117,8.1253,181.1578,,72.6671,-0.1212,3.4738,263.9136,0.3293,0.0327,15.4076,-37.2542,10.1581,-66.6629,,-2.2381
4:42:33 PM,42.4755386,-82.8425918,,8.4363,175.8064,187.0045,-223.5601,-0.1113,1.5996,264.2926,0.3292,0.0349,15.2108,-30.2934,9.0908,-57.5664,121.3499,-5.1544
4:42:34 PM,42.4755027,-82.8425889,15.5085,8.1836,174.3625,182.5178,-36.0413,2.0908,2.8387,264.6702,0.3291,0.037,16.0913,-41.6289,11.3785,-69.9581,127.1228,12.6187
4:42:35 PM,42.4754594,-82.8425795,,8.203,174.6547,182.0373,1.4542,0.0231,3.1917,,,,14.8877,-41.5892,10.2868,-73.8783,115.0727,9.3414
4:42:36 PM,42.4754215,-82.8425747,15.3773,8.2613,175.3824,182.4982,46.4508,1.847,2.9448,265.2837,0.3293,0.0405,15.6009,-41.1665,10.8499,-71.1716,115.8456,7.1928
4:42:37 PM,42.4753843,-82.8425708,,8.2224,173.3598,183.0522,,-0.8221,1.6257,265.6822,0.3293,0.0428,15.3102,-36.6985,10.0311,-65.7984,112.7431,9.1008
4:42:38 PM,42.475347,-82.8425653,15.8038,7.9892,175.9954,183.2741,-122.2978,1.3796,3.0295,266.0722,0.3294,0.045,15.3769,-34.8808,9.8195,-63.5762,129.4555,3.6462
4:42:39 PM,42.4753058,-82.8425611,,8.2613,173.3999,183.7064,87.6591,,,266.4236,0.3294,0.0471,15.4299,-38.3365,10.3419,-67.7355,121.0625,10.9858
4:42:40 PM,42.475268,-82.8425564,15.8038,8.2613,174.798,182.964,-84.8298,-0.5119,3.246,266.8561,0.3295,0.0495,16.0918,-36.7248,10.734,-63.6947,126.8347,10.7394
4:42:41 PM,42.4752287,-82.8425521,,8.4168,175.5084,,57.6682,1.5295,3.648,267.2521,0.3296,0.0518,16.1703,-42.1874,11.536,-70.2767,115.8427,10.6477
4:42:42 PM,42.4751905,-82.842545,15.8694,8.1836,175.136,182.6536,-32.3251,-0.3893,2.5589,267.6623,0.3297,0.0541,15.7487,-35.2792,10.2055,-63.0323,119.5327,1.2169
4:42:43 PM,42.4751535,-82.8425402,,8.203,174.3224,182.6035,1.4404,0.5795,1.9099,268.0625,0.3299,0.0564,16.1893,-35.7697,10.6824,-62.3573,124.9983,4.2249
4:42:44 PM,42.4751153,-82.8425344,15.4429,8.2613,173.3885,181.9795,,-0.1704,2.0197,268.4493,0.33,0.0587,16.405,-34.9744,10.7825,-60.7052,128.0849,4.1848
4:42:45 PM,42.4750764,-82.8425298,,8.1447,175.3365,181.5144,1.437,1.6323,3.2145,268.8503,0.3302,0.061,16.3706,-39.3323,11.2734,-66.9837,119.3255,11.8968
4:42:46 PM,42.4750383,-82.8425224,15.1476,8.4946,171.8472,,-99.8115,-2.3093,2.7046,269.2539,0.3304,0.0633,15.3785,-30.2961,9.1542,-57.9384,117.6693,-5.4237
4:42:47 PM,42.4750001,-82.8425189,,8.2419,174.288,182.2241,80.1614,0.9068,2.0865,269.653,0.3307,0.0656,16.6167,-40.6367,11.662,-68.1187,123.8841,13.1802
4:42:48 PM,42.4749596,-82.8425122,15.1476,8.0864,176.8492,181.7247,-21.0562,,,270.0493,0.3309,0.0679,16.3387,-32.7278,10.4223,-57.9475,131.9307,4.2421
4:42:49 PM,42.4749224,-82.8425122,,8.3196,173.251,181.571,-17.2953,2.5208,2.5712,270.4306,0.3311,0.0701,15.8227,-37.4978,10.5287,-66.1785,113.8503,-3.8023
4:42:50 PM,42.4748838,-82.8425089,14.9508,8.2224,175.7548,,31.4348,-0.2313,2.0329,271.0193,0.3312,0.0734,15.049,-39.9329,10.19,-71.4366,131.4551,11.5072
4:42:51 PM,42.4748467,-82.8425024,,8.514,173.4916,181.9688,72.674,1.6829,2.9259,271.4024,0.3315,0.0757,14.5382,-34.9573,9.0756,-66.6121,107.6264,
4:42:52 PM,42.4748092,-82.842498,15.7054,8.1058,174.6375,,,,,271.7932,0.3318,0.0779,14.49,-41.2736,9.9275,-74.3269,119.9652,-7.2515
4:42:53 PM,42.4747706,-82.8424914,,8.203,173.9844,,,,,272.1914,0.3322,0.0802,14.5324,-35.8627,9.2077,-67.6124,107.5065,12.8995
4:42:54 PM,42.4747335,-82.8424877,15.7054,8.2419,175.5256,182.5609,,,,272.5727,0.3325,0.0825,,,,,119.2632,-4.7476
4:42:55 PM,42.4746926,-82.8424823,,8.2613,177.3132,,,,,272.9509,0.3328,0.0847,14.5623,-41.2805,9.9844,-74.2051,114.6157,10.218
4:42:56 PM,42.4746565,-82.8424814,15.8694,,,,,,,273.3293,0.333,0.0868,14.5377,-35.0703,9.092,-66.7416,111.0462,4.414
4:42:57 PM,,,,8.1641,175.3022,,,,,273.7255,0.3333,0.0891,14.4677,-41.6153,9.9753,-74.4114,109.5896,10.5847
4:42:58 PM,42.4746185,-82.8424776,15.5741,7.8531,174.8896,182.5173,-144.8495,-0.8601,0.7305,274.12,0.3336,0.0915,14.5271,-34.9795,9.1984,-64.8758,117.5225,-7.5609
4:42:59 PM,42.4745791,-82.8424732,,8.1447,178.1383,183.6802,65.1247,3.0116,1.9325,274.5303,0.3338,0.0938,14.8013,-45.1128,10.7356,-77.6383,116.2592,12.5958
4:43:00 PM,42.4745392,-82.8424717,15.935,8.4751,173.3828,181.5048,-32.3698,-0.2,3.9225,274.9183,0.3342,0.0961,13.7474,-30.5545,7.8287,-63.2135,123.6717,-4.4325
4:43:01 PM,42.4745017,-82.842468,,7.9309,174.6776,178.8166,-159.8483,-0.5146,1.9086,275.272,0.3347,0.0982,15.4719,-36.8157,10.2404,-64.8736,121.9912,5.4797
4:43:02 PM,42.474463,-82.8424583,15.935,7.8726,172.8671,,72.6602,2.5663,2.2262,275.6201,0.3351,0.1003,15.546,-35.7468,10.1795,-63.1496,108.4239,12.2749
4:43:03 PM,42.47442858,-82.8424524,,8.0864,169.5955,177.655,-13.5688,0.8812,2.017,275.9911,0.3357,0.1025,14.9651,-37.316,9.845,-67.1445,123.9303,-6.2144
4:43:04 PM,42.47439122,-82.84244431,15.8038,8.1058,171.6352,178.2469,117.6569,,,276.3529,0.3363,0.1047,15.0796,-33.1686,9.3937,-61.4335,119.944,4.9755
4:43:05 PM,42.47435489,-82.84243726,,8.3196,171.0737,180.4947,,-0.1149,1.8308,276.7272,0.3369,0.107,14.812,-33.0089,9.0698,-62.8311,123.6257,-4.2549
4:43:06 PM,42.47431759,-82.84243092,15.935,8.0669,174.4026,181.2288,95.1362,1.0675,2.3918,277.0926,0.3374,0.1092,15.5924,-37.0745,10.3589,-65.1522,118.3276,9.0836
4:43:07 PM,42.47428049,-82.84242395,,8.378,173.1135,182.2567,95.1328,-0.3398,3.4065,277.4686,0.338,0.1115,14.8535,-33.9613,9.2356,-63.9541,119.5922,7.5538
4:43:08 PM,42.47424309,-82.84241911,15.3117,8.2613,172.976,,,,,277.8361,0.3385,0.1137,14.9952,-38.2209,9.9092,-69.431,124.4257,0.0939
4:43:09 PM,42.4742021,-82.8424133,,8.1253,175.6918,183.3011,-58.6101,-0.8991,2.4477,278.1976,0.339,0.1159,15.1571,-38.9691,10.1797,-69.4554,115.3655,10.6019
4:43:10 PM,42.4741657,-82.8424073,15.3773,8.1447,173.5088,182.8008,12.6131,0.0309,1.9808,278.5689,0.3396,0.1181,15.4233,-34.0626,9.7816,-62.0236,119.2732,6.1672
4:43:11 PM,42.4741281,-82.8424041,,8.1058,177.7143,184.417,31.3694,-0.1105,1.8384,278.9598,0.34,0.1205,15.181,-39.9763,10.3734,-70.0893,124.9566,1.8586
4:43:12 PM,42.4740886,-82.8424015,15.6398,8.1058,176.832,183.4382,91.3581,2.7769,3.482,,,,15.066,-33.3625,9.3892,-61.9375,,14.1141
4:43:13 PM,42.4740522,-82.8424002,,7.9309,174.437,,,0.2913,2.2368,279.5106,0.3407,0.1238,15.0815,-36.8286,9.8602,-66.4681,116.1018,-5.1544
4:43:14 PM,42.474012,-82.8423973,15.935,8.0086,175.772,180.0692,-114.8517,,,279.9059,0.3412,0.1261,15.4729,-39.7798,10.606,-68.9782,125.1356,9.5992
4:43:15 PM,42.4739723,-82.8423889,,8.1836,173.2739,179.2586,-13.5997,1.5167,1.9552,280.2523,0.3419,0.1283,15.0922,-42.5409,10.6289,-73.7464,109.8364,9.1179
4:43:16 PM,42.4739334,-82.8423827,15.5741,8.2613,172.0936,179.9389,-32.3526,0.883,1.8737,280.6656,0.3427,0.1309,15.2567,-32.6402,9.4589,-60.4538,111.292,
4:43:17 PM,42.4738946,-82.8423776,,7.7754,174.5974,181.7724,61.381,1.9363,3.1023,281.0391,0.3434,0.1332,15.1076,-38.0545,10.0021,-68.5991,111.9473,12.4125
4:43:18 PM,42.473858,-82.842373,15.5741,8.1447,175.9553,181.9596,-84.878,-0.3938,2.9423,281.5324,0.3443,0.1363,15.461,-38.714,10.4249,-68.0589,113.8722,6.7115
4:43:19 PM,42.4738207,-82.8423684,,8.2224,175.0787,182.3493,102.5996,1.3807,2.7475,281.8898,0.3449,0.1385,15.248,-39.8147,10.3779,-70.1843,115.6314,6.6714
4:43:20 PM,42.4737837,-82.8423647,15.5741,8.3196,174.0417,,,0.3661,2.3994,282.2293,0.3455,0.1406,15.1944,-38.4497,10.1246,-68.9391,117.2059,7.147
4:43:21 PM,42.4737483,-82.842361,,8.0669,175.2907,182.6779,-51.1434,-0.047,2.1058,282.5838,0.3461,0.1428,15.3885,-39.1415,10.4322,-68.6126,114.1024,12.0057
4:43:22 PM,42.473711,-82.8423573,15.6398,7.9697,176.4309,180.8255,-58.6376,0.9344,2.2347,282.9394,0.3468,0.1451,15.5693,-41.0211,10.8586,-70.2327,119.7874,0.5751
4:43:23 PM,42.4736702,-82.842351,,8.1641,172.6608,181.4722,31.366,,,283.3089,0.3476,0.1474,15.0882,-32.2925,9.2947,-60.1392,117.0021,-1.6422
4:43:24 PM,42.4736313,-82.842347,15.5741,7.9503,173.8984,181.8629,27.6051,0.6011,3.054,283.6851,0.3484,0.1498,15.3624,-37.4685,10.2371,-65.9079,116.9459,12.4697
4:43:25 PM,42.4735946,-82.8423408,,8.0864,174.0875,,-51.1709,-0.5168,1.6612,284.0105,0.3491,0.152,15.4603,-35.7938,10.0772,-63.8054,120.4583,1.4403
4:43:26 PM,42.473556,-82.8423351,15.2133,8.1447,174.1792,181.5537,27.5948,0.7785,1.8602,284.3561,0.3499,0.1542,15.1457,-38.5244,10.137,-68.5279,117.9893,6.5511
4:43:27 PM,42.4735189,-82.8423296,,8.1641,173.2624,181.1663,-81.1377,-1.1051,1.9946,284.7011,0.3507,0.1564,15.7141,-34.9377,10.1523,-62.4265,121.9661,-7.2916
4:43:28 PM,42.4734809,-82.8423245,14.6555,8.2419,174.7235,180.5151,,0.7021,2.8715,285.063,0.3515,0.1588,14.9418,-41.9276,10.3824,-74.0751,112.0989,10.9858
4:43:29 PM,42.4734417,-82.8423185,,8.3002,172.466,,68.8718,0.5435,2.0314,285.4108,0.3524,0.1611,15.5463,-36.6115,10.1592,-65.8723,117.3315,-0.0093
4:43:30 PM,42.473401,-82.8423115,15.3117,8.2419,175.3767,180.7233,12.6097,1.6459,2.4127,,,,15.6165,-38.7426,10.523,-68.24,115.5901,7.0152
4:43:31 PM,42.4733623,-82.8423087,,8.2224,173.9328,182.6557,68.8546,-1.1764,1.8352,285.9513,0.3537,0.1646,,,,,114.3377,-3.2981
4:43:32 PM,42.4733247,-82.8423038,15.8694,8.1641,177.3419,181.6607,-73.64,3.019,3.5068,286.3028,0.3545,0.1669,15.4826,-27.8659,9.0498,-53.0962,126.9819,7.1298
4:43:33 PM,42.4732871,-82.8423012,,8.3196,171.8472,182.113,-17.3881,,,286.6449,0.3553,0.1692,16.1821,-38.6895,11.0782,-65.9366,115.8876,-5.4868
4:43:34 PM,42.4732491,-82.8422946,15.5741,8.0475,177.5081,183.5924,110.0526,-1.8928,2.9953,286.9875,0.3562,0.1715,14.5703,-27.8546,8.2153,-55.9609,136.3758,13.6443
4:43:35 PM,42.4732105,-82.8422933,,8.1447,175.7892,,-133.6802,1.0843,2.1093,287.3233,0.357,0.1737,16.1312,-40.6921,11.2826,-68.7772,115.8889,6.6084
4:43:36 PM,42.4731731,-82.8422884,15.3117,8.378,177.8576,183.2081,,0.0893,2.6021,287.6742,0.3578,0.176,15.7101,-36.1181,10.3259,-63.7416,117.6549,6.0583
4:43:37 PM,42.4731333,-82.8422884,,8.1058,174.2021,184.1413,151.3021,1.3931,0.6841,288.1686,0.3589,0.1792,16.4551,-43.622,11.9527,-71.7637,116.6236,-8.3916
4:43:38 PM,42.4730948,-82.8422818,15.5741,8.1058,177.1127,182.8378,-96.1847,0.1016,2.4412,288.5037,0.3599,0.1815,15.0244,-30.7073,8.9604,-58.8964,129.0032,3.5603
4:43:39 PM,42.4730574,-82.8422804,,8.2808,176.1272,183.7789,95.0606,2.0281,2.6151,288.8389,0.3607,0.1838,16.1835,-38.6691,11.0138,-66.65,113.4758,
4:43:40 PM,42.473019,-82.8422757,15.3773,8.3974,175.0787,183.4424,-69.9169,-0.6223,1.7831,289.1739,0.3616,0.1861,15.3608,-40.3411,10.5173,-70.989,122.8829,9.7024
4:43:41 PM,42.4729809,-82.8422714,,8.2808,176.6543,,50.0811,2.1493,2.4901,289.5055,0.3626,0.1883,15.8098,-35.7948,10.2914,-63.963,113.2168,-0.8171
4:43:42 PM,42.472941,-82.8422713,15.5085,8.3585,177.0497,184.2041,,,,289.8613,0.3634,0.1907,15.4848,-42.1683,10.8631,-73.1217,114.3032,10.2409
4:43:43 PM,42.472902,-82.8422674,,8.3196,176.1272,183.2523,-39.9329,0.1408,2.6136,290.1984,0.3644,0.193,15.4801,-41.3023,10.738,-72.0847,114.9269,8.5507
4:43:44 PM,42.4728631,-82.842264,15.5085,8.1836,175.2563,181.8455,-69.9169,0.379,2.7642,290.534,0.3653,0.1953,15.3611,-41.9493,10.7291,-73.1489,114.1011,8.4419
4:43:45 PM,42.4728207,-82.8422584,15.5741,8.203,175.8923,,-69.9135,0.7051,2.4587,290.8606,0.3663,0.1976,15.3897,-42.1914,10.7669,-73.7332,108.5854,8.4533
4:43:46 PM,42.4727824,-82.8422518,,8.378,173.801,181.1517,-54.9008,0.7016,2.0405,291.18,0.3674,0.1999,14.8075,-38.8866,9.8527,-70.646,122.3176,10.5217
4:43:47 PM,42.4727457,-82.8422475,14.8852,8.3002,174.0818,181.017,113.8238,1.7424,2.759,291.4879,0.3684,0.2021,15.0329,-39.6787,10.1393,-71.1982,108.8539,13.4037
4:43:48 PM,42.4727055,-82.8422395,,8.4557,174.7808,181.1489,-2.4133,-0.9238,2.214,291.8159,0.3696,0.2046,14.1853,-37.5478,9.0966,-71.8669,125.7181,8.0522
4:43:49 PM,42.4726681,-82.842236,14.7211,8.3974,175.0787,181.6573,53.8282,2.0954,2.0524,292.1293,0.3706,0.2068,15.0798,-40.4364,10.2859,-71.9689,112.5388,14.0454
4:43:50 PM,42.4726294,-82.8422309,,8.3002,175.7605,182.0597,-17.4294,-0.56,3.001,292.4486,0.3717,0.2091,14.1498,-35.6875,8.8208,-69.3579,119.4914,2.0648
4:43:51 PM,42.4725915,-82.8422273,14.8852,8.4363,175.623,182.975,42.5696,0.4094,2.9049,292.7625,0.3727,0.2114,15.0049,-39.1849,10.0518,-70.5898,110.1226,10.6248
4:43:52 PM,42.4725531,-82.8422231,,8.1836,176.0184,,,,,,,,14.8355,-36.1129,9.5086,-66.8618,121.9839,2.231
4:43:53 PM,42.4725092,-82.8422238,15.5085,8.0086,177.8461,183.0806,38.8018,1.3227,3.0349,293.2371,0.3743,0.2148,15.2631,-43.7357,10.9218,-75.0448,109.7747,15.5007
4:43:54 PM,42.4724716,-82.842219,,8.203,177.5424,183.3924,-174.9332,-1.519,1.1764,293.5726,0.3752,0.2172,14.561,-28.3541,8.2592,-56.8553,120.0694,-10.97
4:43:55 PM,42.4724339,-82.8422131,15.771,8.3391,169.2632,175.6381,-171.1517,2.8011,1.6016,293.876,0.3763,0.2194,16.439,-42.9493,11.865,-70.738,,12.4354
4:43:56 PM,42.4723968,-82.8422068,,8.0864,171.1196,,65.08,1.9941,3.9324,294.1687,0.3776,0.2217,15.6577,-42.0017,11.0273,-71.8286,109.8211,13.1344
4:43:57 PM,42.4723595,-82.8421978,15.5741,8.1058,170.8503,176.793,-39.9226,0.1788,2.0962,294.4574,0.3787,0.2239,15.6018,-33.7574,9.9056,-61.0707,107.6782,-4.0028
4:43:58 PM,42.4723234,-82.8421919,,8.2808,173.4572,178.9354,136.2826,0.8887,1.2877,294.7408,0.38,0.2262,16.0699,-38.2706,10.9075,-65.8567,116.4222,8.27
4:43:59 PM,42.4722867,-82.842188,15.5741,8.0864,174.1104,182.0941,-28.7155,-0.1283,1.2693,295.0258,0.3811,0.2284,15.5124,-40.3204,10.729,-69.3159,110.439,8.5908
4:44:00 PM,42.4722499,-82.8421836,,7.9114,179.5306,181.4601,,,,295.3116,0.3822,0.2306,15.3405,-34.5289,9.8129,-62.388,133.0891,9.9029
4:44:01 PM,42.4722076,-82.8421807,15.5741,8.2613,175.5829,,125.0309,3.6603,2.7162,295.5987,0.3833,0.2327,15.1233,-31.2662,9.1418,-59.1602,113.5623,-10.4371
4:44:02 PM,42.4721697,-82.8421767,,,,181.8467,-77.4765,0.1262,2.7686,295.9046,0.3844,0.2351,15.8505,-40.2815,10.9386,-69.5323,128.9563,13.3865
4:44:03 PM,42.4721313,-82.8421718,15.4429,8.3585,173.887,180.327,-21.1834,1.4279,2.0772,296.1961,0.3856,0.2373,15.3082,-34.3055,9.6575,-63.3008,110.1698,6.2016
4:44:04 PM,42.4720947,-82.8421655,,8.4557,173.7609,179.1436,12.565,1.9102,1.6725,296.487,0.3868,0.2396,15.286,-43.0395,10.8319,-74.3964,113.0007,10.4186
4:44:05 PM,42.4720571,-82.8421592,15.7054,8.3196,173.6406,179.4052,65.0697,0.6337,2.6841,296.7595,0.3881,0.2418,15.4097,-40.3659,10.5668,-70.822,105.1637,7.9892
4:44:06 PM,42.4720197,-82.8421534,,8.3974,171.8071,,27.5501,1.4425,3.0698,297.0373,0.3894,0.2441,15.8734,-39.7305,10.9002,-68.5603,110.2342,
4:44:07 PM,42.4719814,-82.8421485,15.3773,8.1836,174.7178,180.13,-21.1937,-0.8216,2.3747,297.4589,0.3912,0.2475,14.5472,-34.7412,9.0446,-66.4297,111.8655,13.438
4:44:08 PM,42.4719396,-82.8421416,,8.3391,172.8728,181.1388,1.2926,0.8923,2.1864,,,,15.8804,-39.1066,10.7803,-68.3061,131.4104,-8.3916
4:44:09 PM,42.4719015,-82.8421366,15.7054,8.378,173.4515,181.2241,-6.1948,0.5351,2.167,297.874,0.3932,0.2509,15.6053,-37.8652,10.3802,-67.3361,114.0486,10.7165
4:44:10 PM,,,15.4429,8.378,173.463,180.9436,-66.1938,-0.4365,2.8642,298.1534,0.3944,0.2532,15.044,-38.1335,9.9015,-69.7521,115.8853,7.9377
4:44:11 PM,42.471862,-82.8421321,,8.3002,173.9041,180.1409,,,,298.4415,0.3957,0.2556,15.4428,-38.3055,10.2819,-68.5884,113.6176,7.4277
4:44:12 PM,42.471825,-82.8421265,15.5741,8.2613,173.7953,,27.5707,0.4774,2.6017,298.7067,0.397,0.2578,,,,,114.1086,7.4736
4:44:13 PM,42.4717877,-82.8421216,,8.1836,173.738,181.699,20.0627,-0.3408,1.8964,298.9746,0.3983,0.26,15.3705,-36.5145,10.03,-65.7616,117.6277,6.7115
4:44:14 PM,42.4717512,-82.8421164,15.6398,8.3002,175.6803,182.7846,12.5478,1.5167,2.2136,299.2341,0.3995,0.2622,15.6054,-38.3027,10.445,-67.8245,115.3074,7.4277
4:44:15 PM,42.471712,-82.8421147,,8.3391,173.6291,179.8963,-246.1667,-0.5668,2.2036,299.5223,0.4008,0.2646,15.0833,-38.9302,10.0742,-70.1879,124.9946,-4.9825
4:44:16 PM,42.4716732,-82.8421081,16.0663,8.378,172.3801,177.7627,-21.1868,1.0056,2.7874,299.7895,0.4022,0.2669,15.5503,-36.0423,10.0824,-65.1582,108.6223,10.6707
4:44:17 PM,42.4716316,-82.84210068,,8.3002,168.5814,,-186.1334,0.7462,2.0789,300.1743,0.4044,0.2704,15.4756,-41.0036,10.7131,-71.4028,114.6186,-4.5414
4:44:18 PM,42.47159314,-82.84208992,15.771,8.1641,168.3465,173.6784,-167.353,3.2814,1.9986,300.4154,0.406,0.2727,15.6984,-38.3287,10.544,-67.42,103.362,11.9541
4:44:19 PM,42.47155594,-82.84207605,,8.1253,164.055,168.843,-272.3349,0.674,2.9196,300.6309,0.4077,0.275,15.501,-38.6038,10.4257,-68.0728,101.164,8.0121
4:44:20 PM,42.47151995,-82.84205806,15.5085,8.1058,160.0959,163.5342,-321.058,2.4916,2.8619,300.8316,0.4095,0.2773,16.1768,-35.9117,10.7712,-61.7509,100.1412,8.0121
4:44:21 PM,42.47148522,-82.8420385,,7.8337,154.2689,157.4965,-264.7787,-0.0166,1.8917,300.9944,0.4113,0.2794,16.6702,-36.8097,11.3491,-61.6519,100.5739,7.3876
4:44:22 PM,42.47145369,-82.84201581,15.3773,7.6393,150.7681,151.2275,-257.2225,2.3963,1.4278,,,,16.6123,-33.3923,10.9907,-56.2914,97.6686,11.5072
4:44:23 PM,42.47142323,-82.84198815,,7.6976,145.4969,145.6765,-283.4078,1.5363,1.51,301.2011,0.4142,0.2824,16.4325,-34.1257,10.9753,-57.1354,96.8449,6.1844
4:44:24 PM,42.4713911,-82.8419545,15.3773,7.581,140.22,140.2596,-272.0908,2.7132,2.8584,301.3127,0.4163,0.2845,16.8634,-29.8637,10.9016,-50.3764,94.2093,6.1042
4:44:25 PM,42.4713662,-82.8419218,,7.3088,134.3987,134.5774,-324.5233,2.2928,2.015,301.3627,0.4195,0.2869,16.9675,-28.5508,10.996,-47.518,95.7707,3.9212
4:44:26 PM,42.4713475,-82.8418796,15.3773,7.1533,130.325,127.9624,,,,301.3748,0.4217,0.2885,16.6218,-21.5318,10.0998,-37.1584,91.0154,12.3666
4:44:27 PM,42.4713287,-82.8418348,,7.7559,120.6993,,-283.1466,2.3937,1.6962,301.3259,0.4242,0.2899,16.676,-15.5685,9.7851,-27.2191,119.1865,-0.8
4:44:28 PM,42.4713135,-82.8417822,15.2133,7.4255,118.7398,125.1882,-290.6099,1.7599,2.1662,301.2921,0.4266,0.2913,16.7686,-17.3886,9.8838,-30.4657,106.0602,-8.3401
4:44:29 PM,42.4712987,-82.8417323,,7.3672,115.9151,118.1192,-252.9322,2.2721,2.0286,301.2638,0.4288,0.2927,17.3064,-7.4758,9.9785,-13.0413,,10.6993
4:44:30 PM,42.4712835,-82.8416856,14.9508,7.4838,107.8937,113.983,-316.5993,0.9733,3.1396,301.2006,0.431,0.2939,17.1613,-14.1451,10.0339,-24.7063,96.5542,0.0366
4:44:31 PM,42.4712726,-82.8416328,,7.4838,103.2699,109.8039,-301.4491,0.8192,2.4524,,,,17.9035,-12.0878,10.6964,-20.5182,104.4448,
4:44:32 PM,42.4712665,-82.8415892,14.8196,7.5227,97.4086,105.0037,,,,301.0668,0.434,0.2952,17.8113,-9.4841,10.4321,-16.3395,94.3766,6.5511
4:44:33 PM,42.4712606,-82.8415443,,7.581,92.7504,102.0619,-312.5771,2.0319,1.9205,300.9738,0.4359,0.296,17.5397,-5.8677,9.9994,-10.3302,96.0311,4.4483
4:44:34 PM,42.4712596,-82.8414998,15.082,7.581,87.8344,99.692,-233.6911,0.6111,1.8832,300.8638,0.4375,0.2964,17.6494,0.5851,10.0518,1.0274,104.9504,4.4311
4:44:35 PM,42.4712581,-82.8414539,,7.7365,85.8233,,-139.851,1.3553,2.1756,300.7412,0.4393,0.2969,17.5352,5.4912,9.8866,9.7717,114.9219,-0.8171
4:44:36 PM,42.4712589,-82.8414095,14.229,7.9697,84.2592,97.7774,-27.2785,0.5577,1.5952,300.6057,0.4409,0.2973,17.7098,9.305,10.0884,16.4897,118.454,1.8471
4:44:37 PM,42.4712628,-82.8413635,13.9665,7.5227,81.4173,97.0701,-42.2327,0.0709,1.693,300.4484,0.4426,0.2975,18.0255,9.1839,10.5182,15.8738,124.7435,-0.8
4:44:38 PM,42.4712636,-82.8413198,,7.9503,82.059,96.0103,-42.2018,0.9485,2.4254,300.3181,0.4442,0.2979,17.4555,10.6637,9.8744,19.0934,123.6327,-0.6281
4:44:39 PM,42.4712682,-82.8412693,13.9665,7.892,78.5984,,-68.4387,-0.3407,2.4266,300.1432,0.446,0.2981,17.5795,13.0206,10.1012,23.0852,124.3079,-0.2556
4:44:40 PM,42.4712714,-82.8412222,,7.8726,79.9734,95.0402,6.5661,0.4703,2.9052,299.9866,0.4477,0.2983,17.2519,12.8012,9.7293,23.1341,126.7892,-1.7224
4:44:41 PM,42.4712762,-82.8411737,14.8196,7.6976,78.6499,94.965,-42.2018,0.2963,1.9529,299.8197,0.4495,0.2985,17.5972,13.0786,10.2076,22.961,127.1717,-1.7224
4:44:42 PM,42.4712818,-82.8411258,,8.1058,76.9826,94.1831,,,,299.6487,0.4511,0.2986,17.3759,14.0303,10.0241,24.8496,127.8172,-1.6594
4:44:43 PM,42.4712874,-82.841078,15.771,7.7948,78.6786,94.059,-23.442,-0.735,2.2678,299.4786,0.4528,0.2987,17.1608,12.6264,9.7284,22.6806,126.4467,-1.6422
4:44:44 PM,42.4712916,-82.8410309,,8.2419,77.441,94.1256,17.8213,-0.1258,2.1529,299.3401,0.4544,0.2989,17.3159,13.928,9.8467,25.0423,126.8335,-0.9203
4:44:45 PM,42.4712972,-82.8409845,15.4429,7.6782,76.5701,93.7938,100.3169,-0.923,3.026,299.1791,0.456,0.299,17.0304,15.1664,9.8083,27.0176,129.5576,-2.1349
4:44:46 PM,42.4713027,-82.8409343,15.3117,7.7365,78.3233,,,,,298.994,0.4578,0.299,,,,,123.4966,7.2329
4:44:47 PM,42.4713113,-82.8408893,,7.3672,79.263,97.0219,21.5581,-0.5931,2.6808,298.8289,0.4594,0.2991,17.3655,11.4287,9.9275,20.2798,133.5875,-1.8427
4:44:48 PM,42.471319,-82.8408429,15.3773,7.7948,80.8501,97.6219,40.2801,-1.2503,2.8365,298.6553,0.4609,0.299,17.1996,14.6433,9.8441,26.2119,137.3346,-7.8072
4:44:49 PM,42.471326,-82.8407967,,7.8142,80.9876,101.3978,81.5262,-0.5887,2.06,298.4027,0.4633,0.299,17.4668,13.3188,10.1311,23.4016,128.8985,-0.6281
4:44:50 PM,42.4713316,-82.8407495,14.9508,7.6782,83.6289,104.4119,100.2722,-0.7988,1.5741,298.2457,0.465,0.2991,17.0326,13.7043,9.7198,24.5291,139.3732,-3.871
4:44:51 PM,42.4713368,-82.8407045,,7.7754,84.2305,105.7031,100.2688,-0.7766,2.3102,298.0975,0.4666,0.2992,17.104,13.8729,9.9089,24.4484,141.0997,-2.5074
4:44:52 PM,42.471341,-82.8406576,15.4429,7.6976,83.8524,,17.78,-0.7757,2.3532,297.9506,0.4683,0.2994,17.4541,13.5805,10.1479,23.8203,141.2027,-2.5303
4:44:53 PM,42.471345,-82.8406109,,7.6199,83.6117,104.4126,-79.7145,-0.2263,2.2694,297.8071,0.47,0.2995,16.991,11.9147,9.6142,21.3992,133.8737,-3.172
4:44:54 PM,42.47135,-82.8405602,15.2133,7.6587,82.9872,103.572,-0.9798,-0.7003,1.9716,,,,17.0047,13.9304,9.8096,24.6656,132.4577,4.328
4:44:55 PM,42.4713556,-82.8405133,,7.892,83.3883,102.8533,-16.0199,,,297.5845,0.4725,0.2998,17.2339,11.5212,9.808,20.5455,138.6928,-6.753
4:44:56 PM,42.4713612,-82.8404659,15.4429,7.6782,81.7095,102.8699,,-0.1804,2.1725,297.4328,0.4743,0.2999,16.8222,14.5131,9.4918,26.3681,137.0185,7.1699
4:44:57 PM,42.4713671,-82.8404182,,7.5032,81.7267,,-38.5268,-0.8082,1.3551,297.2848,0.4759,0.3,17.6865,6.918,10.0908,12.1877,135.2862,-3.6189
4:44:58 PM,42.4713703,-82.8403713,15.4429,8.3391,81.7267,103.3015,-19.7877,-0.4907,1.1657,297.1316,0.4776,0.3,17.8201,12.3617,10.5699,21.1572,133.4544,0.5923
4:44:59 PM,42.4713745,-82.8403245,,7.9892,82.0934,102.9998,-1.0416,0.04,1.5012,296.9932,0.4794,0.3003,17.4009,8.5286,9.9587,15.0186,131.3648,0.6554
4:45:00 PM,42.4713791,-82.8402768,15.2789,7.5227,83.3997,102.6747,-1.0451,-1.6257,3.2625,296.8514,0.4811,0.3004,16.9887,10.8048,9.5028,19.581,136.0782,-2.7996
4:45:01 PM,42.4713842,-82.8402238,15.3773,7.6587,81.7725,102.1707,21.4447,-0.0522,2.492,296.717,0.4829,0.3006,17.4056,10.6853,9.9105,19.0044,132.0724,
4:45:02 PM,42.4713889,-82.8401765,,7.6782,82.1163,103.2891,10.2067,-0.9123,3.0248,296.5736,0.4847,0.3008,17.241,8.9925,9.7399,16.0624,137.108,-0.863
4:45:03 PM,42.4713942,-82.8401274,15.3117,7.892,82.0304,,-61.0613,-0.6672,1.804,296.4325,0.4864,0.3009,17.7464,12.8645,10.4174,22.2893,138.7995,-4.6159
4:45:04 PM,42.471398,-82.8400794,,8.1253,82.8612,102.1629,,0.1816,1.4878,296.2852,0.4882,0.3011,17.3886,12.6535,10.0413,22.2926,133.7685,-4.3867
4:45:05 PM,42.4714022,-82.8400325,15.3773,7.4643,83.2794,100.9278,-76.0636,-0.2059,1.5591,296.1461,0.4901,0.3013,17.0264,11.6399,9.6507,20.8522,132.5639,-0.4447
4:45:06 PM,42.4714084,-82.8399843,,7.5421,79.6239,100.1885,-72.3268,,,296.0161,0.4918,0.3015,16.9488,7.7684,9.3615,14.1653,,-1.6594
4:45:07 PM,42.4714131,-82.8399355,15.3773,7.6976,79.9906,99.2734,-38.5887,-0.8436,1.7229,295.8664,0.4935,0.3015,17.4976,13.9823,10.2445,24.3739,132.238,-9.5949
4:45:08 PM,42.471419,-82.8398882,,7.6976,80.2084,98.0652,-23.6036,-0.242,1.521,295.7145,0.4955,0.3017,17.1706,10.6605,9.718,19.0779,130.3186,-0.2556
4:45:09 PM,42.4714256,-82.8398361,15.3117,7.7948,77.6759,,-53.6048,0.0709,1.6354,295.5846,0.4971,0.3017,17.1059,11.7478,9.5983,21.2761,127.5538,-0.2155
4:45:10 PM,42.4714338,-82.8397858,,7.7754,79.1942,96.9009,-12.3621,-1.6268,1.8182,295.4392,0.4988,0.3018,17.1498,12.5419,9.6888,22.605,129.6535,-1.7396
4:45:11 PM,42.4714404,-82.8397362,15.082,7.5615,77.4123,97.6876,25.1024,0.1191,2.5164,295.2824,0.5006,0.3018,16.7055,8.0019,9.0538,14.8836,128.1655,4.4311
4:45:12 PM,42.4714482,-82.8396867,,7.9114,78.352,98.5349,21.3587,-0.635,1.6585,295.1359,0.5024,0.3018,17.4066,15.3412,10.1011,27.1234,132.9993,-8.214
4:45:13 PM,42.4714531,-82.83964,15.1476,8.0281,81.9387,,,-0.0296,1.2786,294.9784,0.5042,0.3018,17.6172,15.2562,10.501,26.1967,136.0966,-4.0486
4:45:14 PM,42.4714579,-82.839593,15.2789,7.581,81.4517,99.158,10.1104,-0.9872,1.7008,294.853,0.506,0.302,17.2858,13.3746,9.9796,23.62,130.0477,4.7978
4:45:15 PM,42.4714627,-82.8395442,,7.8531,80.9761,98.6697,-19.9046,,,294.7254,0.5078,0.3021,17.2035,14.3852,10.037,25.2031,137.304,-3.0288
4:45:16 PM,42.4714674,-82.8394987,15.3117,8.2224,78.9994,97.4562,-23.662,-0.1647,1.5593,294.5789,0.5098,0.3023,17.3514,14.1487,10.0508,24.9604,132.1119,-1.0979
4:45:17 PM,42.4714745,-82.8394449,,7.7754,80.6896,,13.8266,-1.4816,1.6737,294.4688,0.5113,0.3024,17.2016,14.8186,9.9367,26.2797,135.3617,-5.3779
4:45:18 PM,42.4714811,-82.8393972,15.0164,,,97.7959,-76.1461,0.3651,1.6688,294.3297,0.5132,0.3025,16.9718,12.5752,9.5512,22.7602,132.57,1.0908
4:45:19 PM,42.4714873,-82.8393493,,7.7948,78.6041,97.6356,-34.8931,-0.9644,1.4667,294.1281,0.5158,0.3026,17.0816,16.3382,9.8034,29.3507,133.8665,-5.756
4:45:20 PM,42.4714963,-82.8393004,15.1476,7.8726,77.5957,97.4232,13.8576,-0.8662,1.702,293.9739,0.5176,0.3025,17.0741,13.8266,9.5962,25.1643,134.8464,-6.4436
4:45:21 PM,42.4715016,-82.8392532,,7.8726,80.9246,97.8378,40.1013,0.3629,1.6748,293.849,0.5193,0.3026,17.1691,13.2715,9.5875,24.2739,130.7514,-2.9027
4:45:22 PM,42.4715076,-82.8392047,15.5085,7.9892,78.2832,,32.5933,-0.8645,1.7305,293.7145,0.5211,0.3026,17.6345,14.0499,10.1248,25.0133,135.5105,-7.0738
4:45:23 PM,42.4715136,-82.8391567,,7.7365,80.9647,99.6195,,-0.9103,2.0317,293.5853,0.523,0.3027,,,,,132.627,-5.5383
4:45:24 PM,42.4715203,-82.839105,15.1476,8.1641,80.9188,100.6577,-8.6494,-1.5523,2.9461,293.4457,0.5249,0.3028,17.8365,13.8584,10.3031,24.4977,135.2911,-0.5937
4:45:25 PM,42.4715252,-82.839056,,7.717,83.245,101.5437,-16.1402,0.0129,1.7043,293.3224,0.5268,0.303,17.4876,13.5061,10.0765,23.9111,135.7302,-6.5582
4:45:26 PM,42.4715316,-82.8390067,15.3773,8.1447,83.2393,99.9737,10.1035,,,293.203,0.5284,0.303,17.4376,12.6168,9.9572,22.4901,129.6592,-0.8401
4:45:27 PM,,,15.4429,8.1836,83.2393,,-72.4402,-1.1959,1.9843,293.0844,0.5302,0.3031,17.6029,11.5931,10.0644,20.578,130.2355,-5.1544
4:45:28 PM,42.4715367,-82.8389601,,7.8726,80.5521,97.2795,2.5646,0.1509,2.263,,,,17.2844,12.8305,9.7881,23.0877,130.6898,-4.9482
4:45:29 PM,42.4715435,-82.8389112,15.1476,7.9503,79.2802,96.595,32.5451,-0.1961,1.8367,292.8896,0.533,0.3032,17.546,14.0033,10.0481,24.9952,131.7916,
4:45:30 PM,42.4715512,-82.8388601,,7.6393,80.5063,97.1893,25.0165,-0.5463,2.3983,292.7501,0.5349,0.3032,17.4887,13.8986,10.0046,24.8277,131.8623,-4.9482
4:45:31 PM,42.471559,-82.8388053,15.3773,8.0475,81.1251,98.016,,-0.7051,2.1096,292.6053,0.5369,0.3033,17.7192,11.9127,10.0223,21.4042,128.1924,-3.5387
4:45:32 PM,42.4715656,-82.8387555,,7.9892,81.4631,96.8361,-61.24,-0.3581,1.5018,292.4634,0.539,0.3034,17.7029,14.5561,10.2229,25.7995,129.8535,-9.9214
4:45:33 PM,42.47157222,-82.83870226,15.1476,8.0864,80.5407,96.0875,-31.2697,0.2796,2.275,292.3406,0.5409,0.3034,17.315,10.3493,9.5725,18.9626,125.1166,-2.5074
4:45:34 PM,42.47157797,-82.83865332,,7.9892,80.237,95.6789,-12.5134,-0.4841,2.0177,292.219,0.5427,0.3035,17.6619,11.0689,9.9772,19.8686,126.2103,-2.4845
4:45:35 PM,42.47158417,-82.83860461,15.4429,7.7948,79.3088,,-34.9963,0.1494,1.8133,292.1098,0.5444,0.3036,17.2499,11.44,9.5739,20.9384,127.02,-2.6334
4:45:36 PM,42.47159048,-82.83855643,,8.0864,79.5151,96.0166,-16.2399,,,291.9888,0.5462,0.3037,17.8547,10.5882,10.1919,18.778,126.7714,-0.1124
4:45:37 PM,42.47159768,-82.83850824,15.2133,7.8142,79.263,96.1742,32.497,-1.2625,2.2185,291.8637,0.5481,0.3037,17.6882,14.4675,10.2204,25.6183,131.4921,-6.9994
4:45:38 PM,42.47160499,-82.83845809,,8.0475,80.2542,96.1269,-5.0157,0.439,2.3468,291.7354,0.55,0.3037,17.177,14.4931,9.6699,26.3948,128.9367,-6.3691
4:45:39 PM,42.4716126,-82.8384018,15.2789,8.0281,80.2542,97.0328,9.997,-0.457,1.1448,291.5952,0.5521,0.3038,17.9242,10.6144,10.1876,18.9098,127.9041,-0.0322
4:45:40 PM,42.4716186,-82.8383535,,8.0086,80.2256,95.7676,,-0.2103,1.7789,291.4787,0.554,0.3038,17.5771,9.7329,9.7454,17.7531,125.1611,-0.651
4:45:41 PM,42.4716238,-82.8383057,15.082,8.1447,79.7213,,-46.2652,-0.1759,1.8306,291.3687,0.5558,0.304,17.5695,10.7163,9.7532,19.5702,125.7603,-0.651
4:45:42 PM,42.4716309,-82.8382559,,8.0669,77.9967,95.155,6.2464,-0.2885,2.5186,291.2454,0.5577,0.304,17.429,11.5474,9.6453,21.2061,127.2028,-1.0692
4:45:43 PM,42.4716376,-82.8382075,15.0164,7.892,78.6556,96.7599,21.2487,0.4878,2.0762,291.1279,0.5596,0.3041,17.4728,11.1642,9.7781,20.2421,129.0268,-1.0234
4:45:44 PM,42.4716446,-82.8381599,,7.8726,78.3348,97.2363,81.2408,-1.2588,2.1171,291.0103,0.5614,0.3041,17.7245,13.7066,10.2123,24.2836,138.4234,-2.324
4:45:45 PM,42.4716531,-82.8381113,15.082,7.8337,80.9647,99.0732,43.7247,0.4863,1.4878,290.8845,0.5632,0.304,17.5865,17.0773,10.3651,29.8846,,-6.5582
4:45:46 PM,42.4716602,-82.8380605,15.2133,7.9309,81.3543,98.469,-16.2468,,,290.7734,0.565,0.3041,17.4687,14.7706,10.0247,26.3766,136.1791,-4.1174
4:45:47 PM,42.4716665,-82.8380062,,7.6587,81.36,,-12.534,-0.5477,1.9466,290.6515,0.5671,0.3042,17.7968,14.1455,10.2598,25.0818,134.3731,-4.0486
4:45:48 PM,42.4716728,-82.837956,15.0164,7.6199,82.1621,98.7024,43.7041,-0.3131,2.1835,290.537,0.569,0.3043,17.7386,12.7267,10.2108,22.502,134.1085,-3.2178
4:45:49 PM,42.4716784,-82.8379072,,7.6782,81.4288,100.8181,,-0.4186,2.9286,290.4293,0.5709,0.3044,18.0721,12.5062,10.6222,21.6181,134.0626,-3.0288
4:45:50 PM,42.4716837,-82.8378603,15.082,7.0173,79.8703,100.8575,-8.7731,-1.186,2.7823,290.327,0.5728,0.3045,17.752,12.095,10.3388,21.0863,135.0253,-4.845
4:45:51 PM,42.4716876,-82.8378156,,7.8531,79.7672,101.298,-12.4996,-0.0564,1.9642,290.2365,0.5746,0.3047,17.5396,11.0317,10.0634,19.4819,133.771,-1.9917
4:45:52 PM,42.471693,-82.8377682,14.8196,7.5227,79.7672,,58.7648,-1.2605,2.4381,290.1342,0.5764,0.3048,17.222,13.5258,9.8396,24.1645,133.1161,-6.5009
4:45:53 PM,42.4716965,-82.8377225,,8.1058,79.7672,101.1436,9.9901,0.0337,2.7682,290.0456,0.5782,0.305,17.1417,7.0873,9.4371,12.9507,134.603,3.4342
4:45:54 PM,42.4717011,-82.8376741,14.8852,7.8337,79.7672,100.3713,-102.5033,,,289.9475,0.5802,0.3051,17.5683,7.6523,9.8142,13.7903,126.2678,1.4403
4:45:55 PM,42.4717094,-82.8376203,,7.406,82.3226,98.7238,-68.7584,-0.233,3.2311,289.831,0.5821,0.3051,17.754,12.8907,10.5111,22.1366,126.8417,
4:45:56 PM,42.4717155,-82.8375744,15.771,8.0086,78.5124,98.0296,10.0004,0.6021,1.5122,289.7308,0.5838,0.3052,17.5389,8.7053,9.9135,15.5315,124.4384,2.3685
4:45:57 PM,42.4717214,-82.8375264,,7.8337,80.3631,98.8728,96.2363,-0.3895,1.9215,289.6276,0.5857,0.3053,17.3666,13.8021,10.0142,24.439,133.4042,-7.9046
4:45:58 PM,42.4717264,-82.8374752,15.3117,8.1836,81.4918,,,0.0028,2.0864,289.5253,0.5877,0.3054,17.888,13.2668,10.4571,23.114,134.1013,-4.5987
4:45:59 PM,42.4717325,-82.8374247,,7.8531,81.8012,100.6406,73.7122,-1.3685,2.635,289.42,0.5897,0.3055,17.6625,13.0656,10.1683,23.1215,133.8492,-2.7194
4:46:00 PM,42.4717375,-82.8373778,15.3117,7.9697,83.8581,101.0612,-8.7663,-0.5985,2.7146,289.3245,0.5916,0.3057,17.6322,11.6884,9.999,20.9311,134.035,-4.656
4:46:01 PM,42.4717413,-82.8373309,,7.4643,83.1591,99.7945,-38.7572,,,289.2372,0.5935,0.3059,17.8732,10.4057,10.1783,18.4916,131.5498,-3.9111
4:46:02 PM,42.47175,-82.8372747,15.771,7.8726,81.022,100.1959,6.2464,-0.6717,2.648,289.1357,0.5954,0.306,17.9674,15.8404,10.6388,27.4509,132.1061,-0.8802
4:46:03 PM,42.4717559,-82.8372241,,8.0086,82.6377,99.5943,36.2235,-0.6134,2.3841,289.0248,0.5974,0.306,17.7767,12.0152,10.1668,21.3453,133.2656,-4.3179
4:46:04 PM,42.4717606,-82.8371749,15.5085,7.9697,83.0388,,,0.3135,2.0705,288.9239,0.5994,0.3061,17.8881,12.5884,10.4063,22.002,131.0138,-3.7793
4:46:05 PM,42.4717644,-82.8371272,15.5741,7.8726,83.033,99.2231,6.2051,-0.5163,2.0539,288.8329,0.6014,0.3063,17.3308,11.3248,9.749,20.4315,129.6177,-3.6418
4:46:06 PM,42.4717689,-82.8370781,,7.6587,81.2798,97.8497,6.1914,-0.3683,1.9235,288.7445,0.6033,0.3065,16.8426,10.9933,9.2535,20.3092,128.5004,-2.9485
4:46:07 PM,42.4717739,-82.8370294,15.6398,7.4255,81.4975,96.8817,-20.0627,-0.2701,2.3332,288.6504,0.6053,0.3066,,,,,128.7161,-2.7996
4:46:08 PM,42.4717799,-82.8369804,,7.6782,81.1767,95.6744,58.6445,-0.0756,2.136,288.5605,0.6072,0.3068,16.6212,11.0708,9.0487,20.6536,128.4169,-2.8626
4:46:09 PM,42.4717855,-82.836928,15.5741,7.6004,81.3887,96.5064,43.6388,-0.4164,2.8271,288.4646,0.6092,0.3069,17.0366,11.5771,9.5248,21.0362,129.7304,-2.8454
4:46:10 PM,42.4717902,-82.8368799,,7.7948,82.2825,97.7642,,-0.1211,2.4147,288.3774,0.6111,0.307,16.8803,12.0688,9.3992,22.0554,129.9671,-3.0288
4:46:11 PM,42.4717941,-82.8368331,15.8694,7.8726,82.0762,97.902,-12.6028,-0.5767,1.7888,288.2904,0.613,0.3072,16.754,11.7502,9.1555,21.8796,130.9222,-2.9256
4:46:12 PM,42.4717979,-82.8367854,,7.7948,82.7179,,-23.8408,,,288.2083,0.6149,0.3074,16.8706,12.0164,9.2227,22.3854,133.3933,-7.2343
4:46:13 PM,42.4718007,-82.8367389,15.5085,8.0086,81.3944,98.2487,2.403,-0.6054,2.2272,288.1301,0.6169,0.3076,16.6424,13.8821,9.111,25.9925,125.333,3.7035
4:46:14 PM,42.4718056,-82.8366886,,7.9892,82.8497,99.6937,-5.0982,-0.2623,2.9475,288.0076,0.6198,0.308,16.3557,8.4194,8.5355,16.2939,128.309,-0.7541
4:46:15 PM,42.4718107,-82.8366383,15.2133,8.0086,83.4628,99.6568,17.4156,-0.378,2.6331,287.9172,0.6218,0.3081,16.4755,10.1409,8.7571,19.3451,128.719,-0.1754
4:46:16 PM,42.4718168,-82.8365875,,7.7559,82.9929,99.0864,-38.8225,-0.5238,2.5609,287.822,0.6238,0.3082,16.8624,10.7426,9.192,19.995,127.9508,-0.6109
4:46:17 PM,42.471822,-82.8365334,15.5741,7.892,81.7553,,-20.073,-0.2862,1.7778,287.7266,0.626,0.3084,18.0351,10.9594,10.4342,19.184,127.2538,
4:46:18 PM,42.4718285,-82.8364848,15.935,7.6587,82.9127,99.0272,17.4328,-0.952,2.4716,287.6429,0.6278,0.3084,17.886,11.71,10.3177,20.5997,132.1836,0.0136
4:46:19 PM,42.4718323,-82.8364371,,7.8142,82.3684,99.7916,58.6823,-0.2595,2.0993,287.5645,0.6297,0.3086,17.9733,14.2245,10.5943,24.6371,133.1883,-5.2518
4:46:20 PM,42.4718366,-82.8363887,15.7054,7.5421,82.0934,101.4561,,-0.5755,1.4634,287.4837,0.6317,0.3088,18.0888,14.3655,10.6458,24.9336,134.3947,-3.5272
4:46:21 PM,42.4718416,-82.8363402,,7.7948,82.97,99.9928,13.6719,-0.5477,2.0813,287.3995,0.6336,0.309,17.911,14.0105,10.5021,24.3866,133.2748,-3.4642
4:46:22 PM,42.4718461,-82.8362915,15.2789,7.6782,82.7809,99.8586,-57.5719,-0.6133,1.9527,287.3181,0.6356,0.3091,18.1753,13.6798,10.7521,23.5639,132.653,-3.5272
4:46:23 PM,42.4718525,-82.8362436,,7.9503,80.3745,,,,,,,,17.9499,12.5416,10.5306,21.7242,131.0587,-2.3412
4:46:24 PM,42.4718586,-82.836194,15.3117,7.9114,81.6866,97.9387,-38.8259,-1.1997,2.7183,287.1854,0.6385,0.3092,17.1265,13.3134,9.7679,23.8131,127.5063,-4.8851
4:46:25 PM,42.4718653,-82.8361428,,7.5227,81.2511,98.4741,13.6616,-0.3431,1.8779,287.086,0.6407,0.3093,16.6335,11.8894,9.1597,21.9704,131.113,0.3402
4:46:26 PM,42.4718703,-82.8360957,15.8038,7.4255,82.0246,98.3424,17.4087,-0.5974,1.7089,287.0034,0.6425,0.3094,16.9053,12.5506,9.5933,22.5153,131.1746,-2.9887
4:46:27 PM,42.4718743,-82.8360496,,7.5227,81.3027,99.583,81.1515,-0.1727,1.478,286.9359,0.6442,0.3096,17.413,11.5325,10.1048,20.1524,131.5147,-1.8886
4:46:28 PM,42.4718806,-82.8360033,15.8038,7.6587,84.2477,100.9474,-8.8488,-1.9347,2.1095,286.86,0.6461,0.3097,17.398,15.8792,10.3325,27.4329,,-9.3943
4:46:29 PM,42.471885,-82.8359554,,7.6199,84.2477,,-35.1063,-0.1662,2.1,286.7766,0.648,0.3098,17.1844,11.0429,9.8547,19.5122,135.1425,-1.7224
4:46:30 PM,42.4718904,-82.835909,15.771,7.8531,82.3799,99.5194,-42.5971,-0.9489,1.497,286.6979,0.6499,0.3099,17.4406,11.6835,10.0258,20.6265,129.1224,-1.7396
4:46:31 PM,42.4718963,-82.8358612,,7.7365,81.7725,97.5596,,,,286.618,0.6518,0.31,17.0916,12.4267,9.7103,22.2573,130.1198,-2.4845
4:46:32 PM,42.4719012,-82.8358126,15.8694,7.717,83.6977,97.4444,-5.1119,-1.4651,1.4894,286.4971,0.6547,0.3102,16.8147,13.1073,9.4223,23.872,130.7117,-4.868
4:46:33 PM,42.4719073,-82.8357582,,7.6782,82.4486,98.3592,17.3812,-0.0422,2.2195,286.4069,0.657,0.3104,16.92,11.313,9.2978,20.9151,128.3283,-1.0692
4:46:34 PM,42.4719123,-82.8357104,15.935,8.0864,82.9586,105.601,-8.8659,-1.1346,1.6053,286.3299,0.6589,0.3105,16.8431,12.0233,9.2824,22.2087,130.6938,-3.3382
4:46:35 PM,42.4719175,-82.8356617,,,,,-20.1177,-0.1097,1.9609,286.2514,0.6609,0.3106,17.0763,11.548,9.5283,21.0247,129.5907,-2.6735
4:46:36 PM,42.471923,-82.8356128,15.5741,7.8337,81.2569,97.2811,-35.1131,0.0509,1.8689,286.1798,0.6627,0.3107,16.8162,10.925,9.2028,20.262,127.744,-2.2037
4:46:37 PM,42.4719288,-82.835565,,7.8726,80.787,95.361,-23.8717,0.4263,2.2092,286.1003,0.6646,0.3108,16.9349,10.9468,9.2946,20.2427,124.8393,-1.8657
4:46:38 PM,42.4719333,-82.8355159,15.5741,8.1058,79.5552,95.6531,32.3595,-0.9064,1.5917,286.0259,0.6666,0.311,17.2013,12.544,9.7051,22.6404,124.8173,-3.3382
4:46:39 PM,42.4719394,-82.8354642,,7.892,79.9792,96.2577,24.8618,-0.6973,1.5698,285.9419,0.6687,0.3111,17.4957,12.2509,9.9525,21.9019,127.9905,-3.6705
4:46:40 PM,42.4719458,-82.8354083,15.7054,8.1253,80.1224,98.2753,39.8675,,,285.8519,0.671,0.3112,17.2277,12.074,9.6629,21.8966,129.5404,-3.2751
4:46:41 PM,42.4719509,-82.8353592,,7.5032,82.3799,,9.8595,-0.5627,2.2937,,,,17.3843,12.4091,9.7641,22.4946,130.6361,
4:46:42 PM,,,15.1476,7.892,83.033,98.274,,-0.6291,1.9545,285.739,0.674,0.3115,17.1156,11.9718,9.4747,22.0066,130.5184,-4.0257
4:46:43 PM,42.4719563,-82.8353102,,7.9309,81.5376,97.3688,-23.882,-0.0555,2.5575,285.6621,0.676,0.3116,,,,,129.0828,-3.9111
4:46:44 PM,42.4719621,-82.8352611,15.4429,7.892,80.8214,96.3735,-5.1429,-0.3093,2.9988,285.5453,0.6789,0.3117,17.0592,11.884,9.541,21.6049,129.0928,-3.2178
4:46:45 PM,42.471968,-82.8352134,,7.7754,80.7928,,24.8274,-0.4491,3.3454,,,,17.6492,11.6496,10.2342,20.379,129.2316,-2.5933
4:46:46 PM,42.4719739,-82.8351656,15.4429,7.9114,80.7928,96.6789,2.3549,-0.6154,2.1976,285.4393,0.6817,0.3118,17.6837,10.2843,10.3566,17.7486,124.291,0.7184
4:46:47 PM,42.4719782,-82.835118,,7.717,81.6694,96.8536,-16.3774,0.0052,1.9193,285.3638,0.6838,0.312,17.4227,9.5107,9.862,16.9722,124.5293,-0.1353
4:46:48 PM,42.4719847,-82.835071,16.0007,7.7754,83.1247,98.4445,28.6158,,,285.2493,0.6867,0.3121,17.4803,8.2285,9.8263,14.75,122.8956,4.1447
4:46:49 PM,42.47199076,-82.83501859,16.1975,7.8337,81.423,98.901,-8.8728,-1.2222,1.4421,,,,17.8562,11.7773,10.4613,20.3888,133.9251,-6.2774
4:46:50 PM,42.4719963,-82.83496915,,7.6587,84.2191,99.6623,51.1296,-0.1358,2.4804,285.1413,0.6897,0.3123,17.2263,14.3228,9.9618,25.3274,129.5893,-1.8657
4:46:51 PM,42.4720006,-82.83492075,16.1319,7.6393,82.0361,100.7027,6.1398,-0.4411,2.8358,285.0736,0.6917,0.3125,17.0966,12.5928,9.7021,22.5933,131.1883,-2.9657
4:46:52 PM,42.47200603,-82.83487266,,7.8337,81.8528,,32.387,-0.4006,2.0836,285.0076,0.6935,0.3126,17.1044,12.4871,9.6646,22.4989,133.6857,-2.8454
4:46:53 PM,42.47201003,-82.83482512,16.2631,8.378,85.0327,101.5991,2.3824,-0.1774,2.1388,284.9381,0.6957,0.3128,17.3932,12.1127,10.0055,21.3934,132.4625,-2.7595
4:46:54 PM,42.47201422,-82.83477798,,7.6199,85.1644,102.9408,,-0.3015,2.216,284.8489,0.6986,0.3132,17.4826,12.0748,10.1647,21.0874,133.3958,-2.7767
4:46:55 PM,42.472017,-82.8347255,16.0007,7.7559,84.7175,103.3019,43.6147,-0.5731,2.2583,284.7908,0.7006,0.3134,17.4394,11.9756,10.0342,21.1385,135.4457,-2.7767
4:46:56 PM,42.4720199,-82.8346787,,7.6587,85.1358,103.6714,-38.8637,-0.1239,1.577,284.7377,0.7025,0.3137,17.4212,10.7392,9.9609,19.0199,132.6072,-1.2698
4:46:57 PM,42.4720226,-82.8346325,15.8038,7.7754,83.2909,103.2141,-20.0971,-1.4779,2.3698,284.6743,0.7045,0.3139,17.1516,12.2519,9.7892,21.8273,137.6006,-9.5777
4:46:58 PM,42.4720264,-82.8345849,,7.6587,86.5567,,-1.3407,-0.1139,2.9292,284.6181,0.7065,0.3141,16.8825,6.8494,9.2981,12.5057,126.3564,6.9121
4:46:59 PM,42.4720295,-82.834538,16.3615,7.6393,85.8004,104.6797,54.9214,,,284.5551,0.7085,0.3143,17.4408,13.2246,10.1188,23.2227,137.1218,-0.651
4:47:00 PM,42.4720334,-82.8344896,,7.8337,86.1385,104.6657,2.4202,-0.3742,2.4468,284.4968,0.7106,0.3146,17.3102,11.7111,9.8065,20.9952,137.352,-1.1609
4:47:01 PM,42.4720361,-82.8344398,16.1975,7.9309,86.2703,104.7257,-46.3443,-0.3599,3.1278,284.4487,0.7126,0.315,17.7121,11.4572,10.1496,20.282,135.8665,-0.9203
4:47:02 PM,42.4720377,-82.8343918,,7.4838,84.6545,103.3352,-12.6028,-0.5565,2.7385,284.3903,0.7146,0.3152,17.6944,10.6731,10.1644,18.8089,134.0149,-1.7396
4:47:03 PM,42.4720418,-82.8343382,16.1319,7.4643,84.1389,102.4771,-8.8659,-0.6535,2.499,284.3291,0.7166,0.3154,17.6181,10.9798,10.0312,19.5432,133.3109,
4:47:04 PM,42.4720457,-82.8342905,,7.892,83.4685,102.3811,,-0.6046,2.5038,284.2694,0.7187,0.3156,17.4656,11.741,9.8223,21.2127,134.3536,-2.8454
4:47:05 PM,42.4720492,-82.8342417,15.771,8.0475,84.1274,101.591,-16.3809,-0.3427,2.278,284.2186,0.7207,0.316,18.0405,11.3167,10.4568,19.7885,132.3469,-2.7595
4:47:06 PM,42.4720511,-82.8341927,,7.9114,83.7664,100.9319,-23.8889,-0.7126,2.324,284.159,0.7228,0.3162,18.4602,11.6841,10.8566,20.1422,131.4798,-2.7595
4:47:07 PM,42.4720552,-82.8341438,15.082,7.6004,81.9616,,-53.9107,,,284.1018,0.7248,0.3164,18.2595,10.4109,10.6007,18.1354,,-2.8225
4:47:08 PM,42.472059,-82.8340951,,7.4643,81.9444,99.6504,-72.6671,-1.1017,2.8758,284.0355,0.7268,0.3166,18.5966,13.4332,11.1651,22.7642,130.5025,-2.3641
4:47:09 PM,42.472065,-82.8340467,15.6398,7.6393,78.7817,97.9065,-46.413,-0.4356,3.1373,283.9667,0.7287,0.3166,18.6385,13.3268,11.4959,21.9453,129.442,3.6462
4:47:10 PM,42.4720724,-82.8339951,,7.9697,76.8737,97.8541,47.3275,-0.3514,1.7608,283.8926,0.7308,0.3166,18.207,14.3896,11.0659,24.135,125.6089,8.9747
4:47:11 PM,42.4720783,-82.8339455,15.935,7.892,81.3428,98.9913,51.078,-0.4857,1.5901,283.8136,0.733,0.3167,17.8052,12.7666,10.3365,22.374,133.0897,-6.965
4:47:12 PM,42.4720854,-82.833892,,7.717,82.122,100.7792,13.5963,0.0054,1.7292,283.7543,0.735,0.3169,18.0072,11.9702,10.4921,20.8521,130.6173,-2.2839
4:47:13 PM,42.4720894,-82.8338429,15.771,7.8142,83.5716,101.9676,,-0.8034,2.127,283.6974,0.7371,0.3171,17.7219,11.0884,10.1189,19.6836,131.6685,-2.0318
4:47:14 PM,42.4720931,-82.8337936,,7.8726,83.8466,,-8.8797,-0.1249,2.389,283.6394,0.7391,0.3173,17.1898,10.5089,9.5971,19.0676,132.2855,-2.0547
4:47:15 PM,42.4720975,-82.8337447,15.5085,7.7754,82.9586,101.6985,-27.6223,-0.588,2.1395,283.5798,0.7411,0.3175,,,,,133.0353,-2.0318
4:47:16 PM,42.4721019,-82.8336967,,8.3196,83.056,100.7885,-1.3717,-0.6794,2.655,283.5214,0.7431,0.3176,16.9749,11.4004,9.505,20.6713,132.8554,-2.0948
4:47:17 PM,42.4721059,-82.8336488,15.771,7.7948,82.6549,102.1536,73.64,,,283.4626,0.7452,0.3178,16.9535,11.3651,9.4589,20.683,132.7332,-2.0719
4:47:18 PM,42.4721103,-82.8335955,,7.7754,82.6434,101.986,9.8766,-0.3952,2.7838,283.4049,0.7474,0.3181,16.6979,11.9663,9.3325,21.7756,134.6183,-2.5761
4:47:19 PM,42.4721137,-82.8335472,15.7054,8.1058,82.6434,102.5892,2.3858,-0.6347,2.5262,283.3578,0.7492,0.3183,16.7863,12.6993,9.3542,23.2348,136.1257,-2.6334
4:47:20 PM,42.4721168,-82.8334995,,7.581,84.9926,103.6366,32.3836,-0.641,2.1285,283.307,0.7513,0.3186,16.979,12.7394,9.5085,23.1893,136.9161,-2.5303
4:47:21 PM,42.4721212,-82.8334504,15.7054,7.8337,84.7175,103.017,-12.62,-0.559,2.2859,283.25,0.7533,0.3188,16.7827,12.3915,9.3739,22.5936,136.313,-2.6735
4:47:22 PM,42.4721248,-82.8334012,15.771,7.7754,85.2504,,-8.8591,-0.3222,3.1351,283.196,0.7554,0.319,16.6142,11.9579,9.0735,22.2956,136.6343,-1.7224
4:47:23 PM,42.4721279,-82.8333525,,7.4643,84.3738,103.2993,-50.0914,-0.9041,2.5552,283.1454,0.7574,0.3192,17.1564,11.5273,9.6496,20.8115,135.3743,-2.3011
4:47:24 PM,42.4721305,-82.8333045,16.1975,7.1533,84.7691,102.8571,-1.327,-0.4764,2.4589,,,,17.0074,11.6023,9.6181,20.8321,135.0568,-2.2839
4:47:25 PM,42.4721345,-82.8332522,,7.3283,85.1014,101.8583,,-0.9543,2.5612,283.097,0.7595,0.3195,16.9932,12.4104,9.6862,22.1503,135.2965,-3.046
4:47:26 PM,42.4721375,-82.8332039,16.0663,7.7948,84.4425,102.6288,36.1685,-0.2648,2.234,283.0449,0.7615,0.3197,17.1249,13.0177,9.7349,23.3438,136.4441,-2.9657
4:47:27 PM,42.4721403,-82.8331557,,7.9309,84.4769,,-1.3338,-0.461,1.7722,282.9903,0.7637,0.32,17.0095,13.62,9.5432,24.8167,137.8216,-2.8454
4:47:28 PM,42.4721437,-82.8331073,15.8694,7.5615,84.1045,102.3347,2.4099,,,282.942,0.7658,0.3203,17.1818,13.7811,9.597,25.2443,138.197,-3.4184
4:47:29 PM,42.472146,-82.8330592,,8.1253,84.0987,102.262,-20.1039,-0.967,1.9957,282.8917,0.7678,0.3205,17.6558,12.4291,10.0694,22.1721,134.9148,-2.0948
4:47:30 PM,42.4721503,-82.8330114,15.935,7.9114,83.7378,101.2233,-31.3626,-0.6095,2.2263,282.8455,0.7698,0.3208,17.7246,13.1993,10.285,23.1729,134.9031,
4:47:31 PM,42.4721546,-82.8329633,,8.0864,83.3825,,-12.5959,-0.2079,1.4612,282.797,0.7717,0.321,17.8512,12.2873,10.4359,21.3478,131.7969,-2.6735
4:47:32 PM,42.472159,-82.8329142,16.1975,7.717,83.0674,100.5271,-1.3338,-0.9775,2.1702,282.743,0.7737,0.3212,17.105,13.544,9.6892,24.4209,135.454,-2.5933
4:47:33 PM,42.4721627,-82.8328612,,8.1447,83.4628,100.4701,6.1742,0.0651,2.0627,282.6887,0.7757,0.3213,16.7924,12.2412,9.3207,22.4572,133.7271,-3.2178
4:47:34 PM,42.4721676,-82.8328129,15.7054,7.8142,82.8669,99.256,,-0.8096,2.1152,282.6354,0.778,0.3216,16.936,14.1306,9.5479,25.6609,135.3251,-3.1491
4:47:35 PM,42.4721723,-82.8327641,,8.0864,80.9704,98.3571,-72.5708,-0.3467,2.1257,282.5522,0.781,0.3218,16.8336,11.2655,9.1685,21.0189,131.0328,-0.6739
4:47:36 PM,42.4721788,-82.8327156,15.8038,8.0864,81.1938,96.2004,-72.5708,,,,,,16.7416,11.2485,8.9991,21.2778,128.5798,-0.777
4:47:37 PM,42.4721849,-82.8326661,,8.0475,80.9761,95.9383,-5.0913,-0.1128,2.1505,282.4618,0.7841,0.322,16.7517,12.1825,9.1217,22.8016,129.1779,-0.8171
4:47:38 PM,42.4721905,-82.8326168,15.771,7.892,79.6239,95.0276,-27.6223,0.0364,1.6706,282.401,0.7861,0.322,16.5548,14.1537,9.0625,26.5308,131.8961,-0.9203
4:47:39 PM,42.4721977,-82.8325659,,8.0281,79.2,,13.6238,-0.5526,1.256,282.3474,0.788,0.3221,16.719,15.6682,9.3086,29.0166,132.4299,-3.7965
4:47:40 PM,42.4722053,-82.8325158,16.0007,8.0281,80.598,94.5497,,,,282.2817,0.7901,0.3222,16.9163,15.8985,9.6613,28.662,131.6755,-4.8164
4:47:41 PM,42.472213,-82.8324618,,7.7559,79.4005,93.394,-8.8797,-0.815,1.8668,282.2158,0.7922,0.3222,16.838,13.7454,9.317,25.4304,128.6128,-1.1208
4:47:42 PM,42.4722213,-82.8324095,15.4429,7.8726,78.4551,92.8398,-35.1269,-0.5489,2.281,282.1469,0.7944,0.3222,17.0531,10.1918,9.5269,18.4654,119.2865,0.0939
4:47:43 PM,42.472231,-82.8323615,15.5085,7.9309,77.355,91.185,-65.1384,-1.1512,3.0593,282.0755,0.7966,0.3222,16.8996,18.2827,9.7848,32.8069,131.3901,-11.0616
4:47:44 PM,42.4722398,-82.8323112,,7.6004,78.3634,91.5158,39.8297,-0.0765,3.044,282.0029,0.7985,0.322,16.7076,14.5977,9.5464,26.1733,125.7421,-2.2839
4:47:45 PM,42.472248,-82.8322647,15.3117,7.4643,78.7473,92.6176,9.8388,-1.0132,2.6675,281.934,0.8005,0.322,16.7086,16.2073,9.6247,28.9826,131.29,-1.2469
4:47:46 PM,42.4722559,-82.8322158,15.2789,7.9697,81.6408,,32.3423,-0.0968,1.8835,281.8691,0.8025,0.3219,16.6164,16.1658,9.6565,28.626,129.0644,-4.1632
4:47:47 PM,42.472262,-82.8321688,,7.6004,79.0453,94.4248,-20.1383,-1.1021,2.4408,281.8054,0.8045,0.3219,16.8953,13.736,9.6576,24.5445,127.9611,-0.8802
4:47:48 PM,42.472269,-82.8321177,15.2789,7.7365,81.7038,95.3352,-16.3946,-1.1151,1.9814,281.7545,0.8063,0.322,17.4925,13.5657,10.3027,23.4686,128.0659,-2.6735
4:47:49 PM,42.4722752,-82.832071,15.2789,7.581,82.1392,96.5914,39.871,-0.6215,2.1017,281.6935,0.8084,0.322,17.9218,13.9539,10.6768,23.8769,,-2.7423
4:47:50 PM,42.4722805,-82.8320243,,,,97.5791,,,,281.6385,0.8104,0.3221,17.75,13.6158,10.5877,23.2447,129.0872,-3.0288
4:47:51 PM,,,15.3773,7.4838,81.085,97.0196,-27.6154,-0.0016,2.0529,281.5864,0.8123,0.3222,17.9389,15.1181,10.7463,25.8089,128.4267,-4.2549
4:47:52 PM,42.4722868,-82.8319723,,7.5032,81.5663,95.8345,-38.8569,-0.2082,1.8786,281.5332,0.8143,0.3223,,,,,129.9022,
4:47:53 PM,42.4722928,-82.8319254,15.5085,7.5421,81.3543,95.1337,-50.1155,-0.6363,2.0386,281.4793,0.8163,0.3224,18.1144,13.291,10.9308,22.3946,126.6424,-1.35
4:47:54 PM,42.4722996,-82.8318805,,6.7646,77.4868,94.6345,-16.3843,-0.6658,1.1558,281.4236,0.8181,0.3224,18.154,14.5038,11.1615,24.038,127.1276,-3.8023
4:47:55 PM,42.4723067,-82.8318331,15.5085,7.3477,77.8134,,73.6056,-1.3851,2.4409,281.3654,0.8201,0.3224,17.5118,15.9849,10.3642,27.7297,131.7493,-5.4008
4:47:56 PM,42.47231343,-82.83178166,,7.9503,78.8906,96.3308,36.1067,-0.5104,3.3104,281.3124,0.8221,0.3224,17.3448,16.2946,10.2409,28.3725,133.1999,-3.9398
4:47:57 PM,42.47231847,-82.83173543,15.7054,7.5421,81.3027,97.3203,13.6272,-0.6204,2.7499,281.2631,0.824,0.3226,18.1054,14.8078,11.0366,24.7884,130.6868,-3.4069
4:47:58 PM,42.47232404,-82.83168894,,7.6199,82.7523,97.5624,-16.374,-0.6608,2.0133,281.2124,0.826,0.3226,17.8207,15.017,10.666,25.6525,131.0923,-3.4642
4:47:59 PM,42.47232904,-82.83164293,15.8694,7.3477,81.9272,,-27.6257,-0.2622,2.2424,281.1447,0.8289,0.3229,17.705,15.0783,10.617,25.7097,131.37,-4.1632
4:48:00 PM,42.47233347,-82.83159703,15.771,7.406,80.7527,96.48,,,,281.0979,0.8308,0.323,17.6719,14.6042,10.5516,24.979,130.1699,-3.5788
4:48:01 PM,42.47233844,-82.83155139,,8.0669,81.3084,96.9274,92.3723,-0.7844,1.8797,281.0495,0.8327,0.3231,17.6321,14.6575,10.4236,25.3427,130.9799,-3.6017
4:48:02 PM,42.47234327,-82.83150523,16.0007,7.6782,82.695,98.6858,84.878,-0.6211,2.1622,281.0006,0.8349,0.3233,17.7718,14.2536,10.5549,24.4918,131.5155,-3.5788
4:48:03 PM,42.4723478,-82.8314534,,7.6393,82.357,100.1553,21.1146,-1.2317,2.4748,280.9593,0.8367,0.3234,17.7001,14.6145,10.4516,25.2965,132.4355,-3.6017
4:48:04 PM,42.472352,-82.8314059,15.935,7.6587,83.8352,101.223,62.3573,-1.2941,2.555,280.9176,0.8387,0.3236,17.7139,14.226,10.3828,24.7881,134.4523,-3.6189
4:48:05 PM,42.4723551,-82.8313588,,8.1641,84.3337,,-35.1303,-0.7753,2.2094,280.8769,0.8407,0.3239,17.7255,13.5059,10.3804,23.5032,134.28,-3.6017
4:48:06 PM,42.4723585,-82.8313111,15.8038,7.7559,84.3337,100.7282,,,,,,,16.7486,12.8061,9.3251,23.4598,134.9999,-3.6647
4:48:07 PM,42.4723623,-82.831264,,7.2894,84.3337,100.5819,-20.1177,-1.1558,2.4474,280.8152,0.8438,0.3242,16.4975,12.8656,9.1828,23.5801,134.3299,-3.9799
4:48:08 PM,42.4723668,-82.8312153,15.7054,7.7559,84.0529,101.1083,13.665,-0.3653,2.6694,280.7512,0.8469,0.3245,16.3109,13.0974,8.9716,24.3297,134.8998,-3.9111
4:48:09 PM,42.4723698,-82.8311672,15.8694,8.0086,84.2592,102.2888,17.4328,-1.1488,2.7441,280.7144,0.8489,0.3248,16.4813,14.3799,9.1215,26.6625,138.602,-4.4497
4:48:10 PM,42.4723725,-82.8311206,,7.8337,84.3795,101.1954,-61.3191,-0.7751,2.7179,280.676,0.8509,0.325,17.2009,12.8063,9.7544,23.0086,135.8539,-2.8626
4:48:11 PM,42.4723761,-82.8310682,16.0663,7.7948,83.4284,,-38.8397,-0.8424,2.366,,,,17.7788,12.7754,10.4117,22.1848,131.7903,-1.6193
4:48:12 PM,42.4723805,-82.831021,16.1975,7.2894,82.1392,98.8659,,,,280.6134,0.854,0.3253,17.5341,14.663,10.5064,24.9896,132.8903,-7.4463
4:48:13 PM,42.4723853,-82.8309746,16.2959,7.7559,81.0334,98.0235,17.3778,-0.559,2.2219,280.5694,0.8559,0.3255,17.0773,12.5011,9.6929,22.418,128.9448,-1.9115
4:48:14 PM,42.4723906,-82.8309267,,8.2419,80.1969,98.1115,-20.1211,-1.1686,2.5974,280.5238,0.8579,0.3256,17.4657,13.3518,10.2432,23.1886,130.9277,-3.235
4:48:15 PM,42.4723966,-82.8308792,16.1319,7.9309,80.2542,98.8018,-31.3488,-0.1898,1.842,280.4719,0.8599,0.3257,17.458,10.4695,9.8907,18.7077,128.6874,1.658
4:48:16 PM,42.4724015,-82.83083,,7.7754,81.4975,97.6228,-106.3226,-1.1365,1.9557,280.4276,0.8621,0.3258,17.5282,15.251,10.2392,26.7633,134.315,-4.1804
4:48:17 PM,42.472408,-82.8307769,16.4272,7.892,81.7439,,-72.5571,-0.7426,2.3506,280.3478,0.8653,0.3259,17.3033,12.5893,9.8116,22.6055,129.5831,-1.4073
4:48:18 PM,42.4724152,-82.8307282,,7.9114,79.2343,95.5412,,,,,,,17.0061,11.8729,9.4118,21.8236,127.0519,
4:48:19 PM,42.4724229,-82.8306785,16.6896,8.1836,78.4322,93.6108,-50.0605,-0.0064,2.396,280.2664,0.8684,0.326,16.8977,12.0466,9.2358,22.4483,126.57,-1.4531
4:48:20 PM,42.4724304,-82.8306276,,8.0086,77.2863,94.4334,9.9523,-0.5628,2.4166,280.1857,0.8714,0.326,16.9248,13.3766,9.3984,24.6214,128.0725,-1.3901
4:48:21 PM,42.4724381,-82.8305775,16.4928,7.9503,77.2634,95.9106,43.7006,-0.0207,2.4013,,,,16.9457,12.6883,9.3396,23.4858,132.4952,-1.9688
4:48:22 PM,42.4724453,-82.8305252,,7.4449,79.6354,96.5563,43.7006,-0.0934,2.3478,280.1048,0.8746,0.326,16.8267,13.7877,9.416,25.2072,130.8739,-8.0994
4:48:23 PM,42.4724536,-82.8304739,16.2631,7.9503,79.114,,-42.549,-0.7165,2.6201,280.0223,0.8778,0.326,16.8721,12.9494,9.4127,23.683,,-0.651
4:48:24 PM,42.4724604,-82.8304204,,7.7948,80.449,97.8629,,,,279.9742,0.8799,0.3261,16.9741,13.8689,9.5667,25.1695,131.9977,-3.9799
4:48:25 PM,42.4724668,-82.830373,16.6896,7.5615,81.0563,98.5814,51.2224,-0.8271,2.5803,279.926,0.8819,0.3262,17.1217,14.0637,9.7673,25.2119,134.9262,-2.473
4:48:26 PM,42.4724716,-82.8303256,16.7552,7.6976,82.334,100.0703,103.6928,-0.4945,2.2385,279.8842,0.8839,0.3263,16.9921,14.6984,9.7572,26.2233,135.4018,-2.9027
4:48:27 PM,42.4724752,-82.8302825,,7.6587,84.0071,103.2012,73.664,-1.2973,2.0517,279.8492,0.8857,0.3265,16.9653,14.4701,9.7021,25.9086,138.6864,-2.8798
4:48:28 PM,42.4724804,-82.8302358,16.9849,7.095,84.6602,103.5167,6.1501,-1.2258,2.13,279.8066,0.8877,0.3266,17.03,13.9572,9.8152,24.7394,140.0851,-2.8798
4:48:29 PM,42.4724834,-82.8301893,,7.8142,83.5315,,6.157,-0.6182,1.9401,,,,16.9483,13.881,9.8155,24.4717,138.5478,-2.9027
4:48:30 PM,42.4724876,-82.8301429,16.2959,7.4255,83.9154,102.3243,-1.3338,-0.6061,2.2141,279.7536,0.8907,0.3269,17.1942,11.2308,9.7845,20.0141,138.3431,-3.235
4:48:31 PM,42.4724916,-82.8300971,,7.2505,83.3367,103.8241,-23.8167,-1.7687,2.635,279.6971,0.8937,0.3272,,,,,135.1008,-1.2239
4:48:32 PM,42.4724951,-82.8300468,16.624,7.0756,86.0697,103.5101,39.9638,0.5087,2.3968,,,,17.2608,15.8852,10.202,27.5867,141.591,-4.7935
4:48:33 PM,42.4724985,-82.8299995,,7.6199,82.4773,101.8602,,,,279.6422,0.8968,0.3276,17.1671,12.9098,9.8878,22.8234,136.8156,-3.3611
4:48:34 PM,42.4725016,-82.8299531,16.8537,7.7365,84.7118,101.0971,2.4305,-1.2525,2.0079,279.606,0.8989,0.3278,17.3514,12.928,10.0588,22.7014,133.8203,-3.7793
4:48:35 PM,42.4725047,-82.8299064,,7.6393,84.2993,,28.6949,-0.1091,2.4835,279.5726,0.9009,0.328,16.8364,11.614,9.4459,21.0283,132.652,-3.7564
4:48:36 PM,42.4725078,-82.8298597,16.7552,7.8142,83.1763,102.2796,-1.2823,-0.4986,1.8512,279.528,0.9037,0.3284,16.9995,12.4402,9.6459,22.3118,134.0508,-3.1491
4:48:37 PM,42.4725122,-82.8298122,16.8537,7.406,83.268,103.1356,-1.272,-0.4128,1.7286,279.4891,0.9057,0.3285,16.898,12.1717,9.5791,21.8351,135.9347,-4.1174
4:48:38 PM,42.4725158,-82.8297645,16.6896,7.4449,83.268,103.7046,-1.2617,-0.6123,2.3327,279.4537,0.9077,0.3288,17.0612,11.3902,9.5753,20.6026,137.0816,-3.9226
4:48:39 PM,42.4725192,-82.8297177,,7.6004,83.268,102.2356,,,,279.4196,0.9098,0.329,17.2185,11.6661,9.7811,20.8525,135.3563,-3.9111
4:48:40 PM,42.4725238,-82.8296644,16.2959,7.7365,84.4998,101.4951,-65.0284,0.0814,2.8165,279.3786,0.912,0.3292,16.776,11.3193,9.3553,20.6074,134.2811,-4.868
4:48:41 PM,42.472527,-82.8296158,,7.3866,85.5025,101.8151,-38.7778,0.5807,2.4083,279.3447,0.9141,0.3295,16.9084,10.7388,9.4141,19.5523,128.6549,-4.845
4:48:42 PM,42.472531,-82.8295683,15.935,7.6393,85.5025,,-5.0397,-0.5834,1.9406,279.3094,0.9162,0.3297,17.3066,12.4149,10.0441,21.743,132.7193,
4:48:43 PM,42.4725366,-82.8295189,,7.892,85.5025,102.1687,47.465,-1.1353,1.905,279.2692,0.9181,0.3297,17.3755,13.2313,10.1434,23.0835,137.0971,-1.6995
4:48:44 PM,42.4725409,-82.8294698,16.5584,8.3002,82.7236,101.7768,6.2292,-0.8669,2.0548,279.2319,0.9202,0.3299,16.8615,12.7092,9.5127,22.9522,134.8595,-6.0081
4:48:45 PM,42.472545,-82.829421,,7.3672,85.2962,103.1514,,,,279.1945,0.9223,0.3301,17.0606,12.6772,9.632,22.8745,135.841,-3.5387
4:48:46 PM,42.4725482,-82.8293725,16.4928,7.7559,83.0044,103.3439,32.4833,-0.3127,1.991,279.1624,0.9243,0.3304,17.2706,10.0274,9.7815,17.9046,134.126,-3.4642
4:48:47 PM,42.4725527,-82.8293216,16.624,7.4255,85.0212,103.2857,2.4717,-1.4181,2.1668,279.1229,0.9265,0.3306,17.3731,14.9277,10.1601,26.1346,137.3303,-9.8355
4:48:48 PM,42.4725569,-82.8292737,,7.6004,84.7978,,-16.2777,-0.2915,2.1272,279.0875,0.9286,0.3308,17.2165,8.5504,9.5975,15.4685,130.3483,0.9246
4:48:49 PM,42.4725615,-82.8292231,16.4928,7.7365,83.8295,102.0198,-80.0239,-0.917,1.9931,279.049,0.9308,0.331,17.493,8.9195,9.9359,15.8411,129.8552,0.3631
4:48:50 PM,42.4725678,-82.8291726,,8.1836,81.8241,100.2808,-8.7697,-0.3921,2.3407,279.0053,0.9329,0.3311,17.3787,8.9468,9.7288,16.1292,128.1823,0.134
4:48:51 PM,42.472573,-82.829122,17.6739,7.9892,81.8585,100.0145,,,,,,,17.8986,10.5535,10.3044,18.5503,129.9065,-0.1984
4:48:52 PM,42.4725763,-82.8290752,,7.8142,83.0101,101.5088,2.4786,-1.0099,2.4559,278.9456,0.9361,0.3313,18.0718,11.7969,10.6243,20.35,131.4446,-1.5734
4:48:53 PM,42.4725808,-82.8290273,17.477,7.7559,83.5602,101.1278,-8.78,-0.4875,2.4849,278.9144,0.9381,0.3315,17.9026,12.2179,10.5016,21.1479,133.296,-1.9688
4:48:54 PM,42.4725863,-82.8289745,17.4114,8.0281,82.9987,100.5901,2.4649,-0.7121,2.8171,278.858,0.9412,0.3317,17.6752,13.0538,10.3307,22.7333,133.8824,-2.0719
4:48:55 PM,42.4725899,-82.8289256,,7.6976,82.5919,100.6732,-27.5226,-0.385,2.5852,278.8256,0.9433,0.332,17.8531,12.6398,10.3898,22.0865,134.7906,-1.1437
4:48:56 PM,42.4725954,-82.8288775,17.2802,,,100.4464,-1.2617,-0.3615,2.501,,,,18.0524,13.5042,10.5906,23.456,133.2111,-2.5933
4:48:57 PM,42.4726002,-82.8288285,,7.406,83.9612,,,,,278.7676,0.9464,0.3322,17.9605,12.9442,10.4848,22.5642,132.6833,-2.261
4:48:58 PM,42.4726051,-82.8287802,17.1161,7.9697,83.9727,99.5743,13.7338,-0.1633,2.0993,278.7304,0.9485,0.3323,17.8726,14.0689,10.4303,24.6162,134.8711,-4.1804
4:48:59 PM,42.4726103,-82.8287303,,7.6782,82.9987,99.9892,21.2246,0.1108,2.4084,278.6933,0.9506,0.3325,17.1632,10.6552,9.557,19.3934,131.8283,1.5205
4:49:00 PM,42.472616,-82.8286807,16.624,8.1447,83.0732,99.6685,-12.4996,-0.6904,2.1124,278.6543,0.9527,0.3326,16.5172,13.4212,8.9193,25.4568,135.6247,-2.8626
4:49:01 PM,42.4726215,-82.8286309,,7.406,83.0732,100.0847,-34.9859,-0.4747,2.2758,278.6143,0.9548,0.3327,16.7939,12.0327,9.1666,22.4533,135.3911,-0.714
4:49:02 PM,42.4726295,-82.8285749,17.2474,7.4449,80.5407,,-16.2262,-0.5399,2.0113,278.5748,0.9569,0.3328,17.1497,11.9796,9.6466,21.6542,,-2.112
4:49:03 PM,42.4726349,-82.8285264,,8.0086,81.4517,99.4522,,,,278.5282,0.9591,0.3329,16.8191,12.7445,9.411,23.2197,133.4041,-2.0146
4:49:04 PM,42.4726408,-82.8284769,17.7395,7.9114,81.8871,101.3002,2.5164,-0.5185,2.0989,278.4902,0.9612,0.333,16.728,13.7114,9.2858,25.2775,135.0244,-3.7564
4:49:05 PM,,,,7.5032,81.8184,101.1837,-42.4527,-0.7943,1.9566,278.4322,0.9644,0.3332,17.003,13.0652,9.5868,23.6367,138.2376,-0.7369
4:49:06 PM,42.4726457,-82.8284281,17.7723,8.0281,82.3054,101.611,47.5337,-0.5986,1.8229,278.3951,0.9664,0.3333,17.5745,13.3735,10.2058,23.4718,136.3038,
4:49:07 PM,42.4726509,-82.8283802,,8.1641,81.423,,43.7797,-0.9736,2.0353,278.3579,0.9685,0.3334,18.0748,14.7125,10.8335,25.0701,135.6064,-1.4073
4:49:08 PM,42.472656,-82.8283316,18.166,7.5227,83.606,103.2231,96.2878,-1.1855,2.3563,278.3277,0.9706,0.3337,17.8746,14.0434,10.659,24.0118,136.9935,-2.3011
4:49:09 PM,42.4726589,-82.8282829,,7.6393,84.7405,105.7018,,,,278.2969,0.9727,0.3339,17.8356,13.0573,10.5101,22.5441,138.8995,-4.0715
4:49:10 PM,42.4726624,-82.8282352,18.0348,8.1058,84.8092,105.0679,21.2797,-0.541,2.2673,,,,17.9336,12.8276,10.6796,21.8897,139.0738,-3.7965
4:49:11 PM,42.47266603,-82.82818375,,7.581,85.5999,,-169.9691,-0.5986,1.8264,278.254,0.9757,0.3343,17.6491,11.1946,10.3395,19.3533,135.7672,-3.7335
4:49:12 PM,42.47266988,-82.82813731,17.7723,8.2224,82.4715,99.7461,-263.7096,-0.0674,2.0101,278.2235,0.9777,0.3344,,,,,128.196,-1.8084
4:49:13 PM,42.47267593,-82.82808985,,7.5032,82.5689,92.2247,-218.7129,0.0859,2.2615,278.1847,0.9798,0.3345,17.8738,10.7081,10.6618,18.1491,119.5761,-3.5559
4:49:14 PM,42.47268448,-82.82804208,17.8379,7.3866,82.5689,84.3658,-327.4866,-0.0085,2.0612,278.1377,0.9818,0.3345,17.5117,9.6774,10.199,16.7757,113.6258,-8.3401
4:49:15 PM,42.47269817,-82.82799547,,7.5032,82.5689,74.3545,-323.7567,0.3124,1.2296,278.0733,0.9837,0.3341,16.9463,14.0977,9.8156,24.8678,106.1816,-2.3412
4:49:16 PM,42.47271403,-82.827951,17.9692,7.5032,61.9768,67.2954,-312.529,0.4287,2.8686,278.0023,0.9855,0.3335,16.1377,14.0639,9.0482,25.6837,110.4115,-2.6334
4:49:17 PM,42.47273674,-82.82790644,17.9035,7.4643,57.5192,,,,,277.9081,0.9873,0.3326,15.7056,18.7117,8.9445,34.2844,103.171,-3.5559
4:49:18 PM,42.4727661,-82.8278629,,7.5032,49.6353,53.8981,-357.5704,0.783,2.6491,277.8006,0.9888,0.3314,15.378,20.343,8.7686,37.5663,96.9767,-9.4172
4:49:19 PM,42.4727943,-82.8278268,17.7723,7.4643,45.871,41.7811,-215.1204,1.084,1.0685,277.6913,0.9902,0.33,16.0264,21.3252,9.3927,38.3524,83.8914,-1.201
4:49:20 PM,42.4728267,-82.827794,,7.5421,41.5738,28.954,-297.6917,0.3131,1.7044,277.57,0.9914,0.3285,15.8068,31.6866,10.1262,55.0787,82.1959,-1.1208
4:49:21 PM,42.4728593,-82.8277613,17.6083,7.6199,35.1051,23.1731,-263.9811,0.5644,2.6003,277.3725,0.9931,0.3258,15.3357,33.9788,9.965,59.3279,89.3137,-8.1567
4:49:22 PM,42.4728942,-82.8277322,,7.6782,32.1372,7.8027,-245.2901,0.8142,1.8325,277.2567,0.9941,0.3242,15.4794,34.6345,10.1729,59.8598,65.5309,-4.9081
4:49:23 PM,42.4729271,-82.8277081,17.6083,7.8531,25.3362,,-144.1069,-1.0124,1.9403,277.1238,0.9948,0.3223,15.6354,42.4378,11.2064,70.3012,225.7098,-13.1873
4:49:24 PM,42.4729643,-82.8276836,,8.1641,26.717,353.8076,-144.1482,2.3596,2.5473,276.9872,0.9956,0.3203,15.2213,46.3061,11.2849,77.2278,346.4386,6.849
4:49:25 PM,42.4730066,-82.8276598,17.9035,8.2419,21.824,346.5498,-117.9628,-0.4926,2.4728,276.8537,0.9964,0.3183,14.7517,42.9592,10.384,75.4936,49.488,-11.5773
4:49:26 PM,42.473044,-82.8276369,,7.9697,19.7441,340.4407,-245.4654,1.5901,2.8055,276.7148,0.997,0.3163,14.0029,48.7336,10.5622,85.209,44.762,-8.3401
4:49:27 PM,42.4730839,-82.8276192,17.5427,8.3974,14.175,332.926,-238.0021,1.0147,2.2811,276.5737,0.9975,0.3141,13.9306,50.5157,10.7585,87.9523,40.7371,
4:49:28 PM,42.4731237,-82.8276049,,8.3002,10.2502,,,,,276.4339,0.9976,0.3118,13.8619,49.2761,10.528,86.2467,38.0934,-8.2599
4:49:29 PM,42.4731642,-82.8275984,17.3458,8.4557,8.1074,326.3995,-155.5168,0.3399,2.1023,276.2888,0.9975,0.3094,12.7657,50.5123,9.856,91.6195,34.4217,-7.8072
4:49:30 PM,42.4732065,-82.8275961,17.3458,8.5529,5.6436,322.1637,-50.5658,0.7288,2.2816,276.1479,0.9973,0.307,12.1757,49.5279,9.2774,93.2739,12.2122,-7.8072
4:49:31 PM,42.473248,-82.8275941,,8.7667,3.5695,319.0526,5.6585,-0.8931,2.0158,276.0024,0.9972,0.3045,12.3829,52.2449,9.8474,96.171,32.1343,-2.7595
4:49:32 PM,42.4732911,-82.8275906,17.8379,8.8639,6.864,313.0345,-65.6507,-1.285,2.1788,275.8562,0.9971,0.3021,11.2557,51.9755,9.0729,102.2398,324.0289,-11.3596
4:49:33 PM,42.4733376,-82.8275881,17.6083,8.8639,3.283,,,,,275.7161,0.997,0.2997,11.8085,45.8215,8.4969,94.6676,2.2127,-0.8974
4:49:34 PM,42.4733784,-82.8275866,,8.9611,358.895,313.1366,-118.1347,-0.4746,1.8737,275.5721,0.9967,0.2972,11.3875,51.8786,9.1657,102.2013,25.4965,-7.7385
4:49:35 PM,42.4734201,-82.827591,18.2644,8.825,355.6578,306.9539,-125.6153,1.0003,2.3357,275.4426,0.9963,0.295,11.6418,49.4289,8.9382,98.3645,358.4018,-3.172
4:49:36 PM,42.4734579,-82.8275959,,8.6695,355.8698,307.3858,69.384,0.1365,1.6062,275.3069,0.9958,0.2926,11.3695,51.2848,9.0355,100.9421,17.2709,-4.2091
4:49:37 PM,42.473498,-82.8276017,17.9692,9.1166,355.9271,305.0644,61.8416,-1.4984,2.4018,275.1671,0.9954,0.2901,10.5143,55.1031,9.1196,108.9833,38.1452,-4.2091
4:49:38 PM,42.4735398,-82.8276053,,8.8639,358.3221,,-20.678,0.0608,2.3308,275.0252,0.995,0.2877,9.6407,55.475,8.7534,114.8521,28.068,-7.8072
4:49:39 PM,42.4735812,-82.8276078,18.0348,9.1555,356.8438,305.5966,,,,274.8863,0.9947,0.2853,10.1971,55.0742,8.9902,111.5724,27.3563,-5.1544
4:49:40 PM,42.4736219,-82.8276113,18.0348,9.3887,356.3855,305.1586,-31.9023,-0.9741,1.7656,274.7444,0.9943,0.2828,10.0371,55.7981,9.0316,113.1991,,-5.2175
4:49:41 PM,42.4736659,-82.8276146,,9.3499,356.5574,304.0209,16.8381,-0.4984,2.1143,,,,9.951,54.2333,8.7767,113.0788,48.5368,-5.2175
4:49:42 PM,42.4737081,-82.8276185,17.7723,9.4471,355.0046,304.3655,-13.1631,0.7595,1.8629,274.5157,0.9938,0.2788,10.6202,54.9954,9.2698,110.2106,16.7109,-1.0234
4:49:43 PM,42.473753,-82.8276243,,9.1944,355.0562,302.4111,-58.1701,-0.8912,2.5187,274.3716,0.9934,0.2763,10.3876,56.346,9.3215,111.9363,42.7494,-7.0624
4:49:44 PM,42.4737968,-82.8276289,17.8379,9.3693,354.7124,,-28.1792,0.0114,1.6742,274.2327,0.993,0.2739,10.1541,56.4483,9.1892,112.9428,24.8518,-4.7476
4:49:45 PM,42.4738414,-82.8276347,17.9692,9.2332,355.0906,301.7951,-24.4321,-0.9727,1.9065,274.0826,0.9926,0.2713,10.3977,59.3927,9.7754,113.7277,27.1245,-8.2599
4:49:46 PM,42.4738842,-82.8276414,,9.3304,354.4718,301.6965,-88.1851,-0.1511,2.38,273.9287,0.9921,0.2686,10.0518,61.0219,9.8208,116.4423,41.0214,-9.2052
4:49:47 PM,42.4739256,-82.8276472,18.1004,9.0194,353.2571,299.7594,-80.6942,0.2017,2.0589,273.7821,0.9917,0.266,10.5844,57.9642,9.628,111.2628,55.0721,-5.1774
4:49:48 PM,42.4739733,-82.8276527,,9.0583,351.2289,299.341,,-0.7937,2.2963,273.6276,0.9911,0.2633,10.7081,59.3782,9.8955,111.3743,23.3174,-5.4237
4:49:49 PM,42.4740154,-82.8276599,18.166,8.9417,352.2201,,-28.1826,,,273.4781,0.9907,0.2607,10.5163,59.3174,9.7472,111.895,30.8515,-5.4982
4:49:50 PM,42.4740573,-82.827667,,9.0194,351.968,297.9979,69.2947,-0.4207,1.9423,273.3334,0.9903,0.2582,10.713,60.9733,10.1096,112.0919,20.6948,-5.3779
4:49:51 PM,42.4740992,-82.8276755,18.166,8.9028,353.2457,298.97,1.8014,-1.619,2.3069,273.1892,0.9898,0.2557,10.4938,62.6314,10.2362,114.4373,41.7008,
4:49:52 PM,42.4741406,-82.8276829,,9.0777,351.3893,298.7208,-46.9562,-0.3918,1.9273,273.0437,0.9894,0.2531,,,,,33.9525,-6.392
4:49:53 PM,42.4741824,-82.8276907,17.9692,8.9805,351.8133,296.5457,-61.9516,-0.5963,2.4751,272.9159,0.9889,0.2509,10.3067,59.7711,9.7173,113.5909,37.9824,-3.3611
4:49:54 PM,42.4742272,-82.827702,,8.8639,348.8797,297.8825,-28.1723,1.2519,2.213,272.772,0.9884,0.2483,10.0305,58.1434,9.3158,113.8599,33.7869,-3.235
4:49:55 PM,42.4742677,-82.8277127,17.9692,8.6695,349.3553,296.3743,-5.6929,0.3721,2.8571,272.619,0.9878,0.2456,10.6157,62.7109,10.2746,113.3342,49.3215,-6.2316
4:49:56 PM,42.4743075,-82.8277234,,8.689,349.8137,297.3854,69.2981,0.4466,2.0476,272.4803,0.9872,0.2432,9.5863,62.129,9.4849,116.6903,57.1909,-5.756
4:49:57 PM,42.4743479,-82.8277312,17.5427,8.9028,352.2487,,110.5339,-1.3081,2.1358,272.3436,0.9866,0.2407,9.6749,63.2337,9.6509,116.4827,51.6766,-3.235
4:49:58 PM,42.4743885,-82.8277387,,8.825,353.4749,299.2537,,,,272.2013,0.9862,0.2383,9.4546,66.7087,10.0485,120.2068,73.7551,-7.8072
4:49:59 PM,42.4744301,-82.8277461,17.2802,8.7862,353.2342,298.7045,-35.7182,-1.0695,2.4072,272.0605,0.9858,0.2358,9.2738,65.1825,9.7574,120.3831,77.3597,-7.7385
4:50:00 PM,42.4744705,-82.8277548,,8.5723,349.4756,297.8289,-103.208,0.4381,2.1515,271.9168,0.9854,0.2333,8.9161,61.4827,9.0456,119.9922,82.25,-7.2114
4:50:01 PM,42.4745106,-82.827765,16.4928,8.6306,349.5845,295.3536,-106.9449,0.4932,2.7835,271.7072,0.9846,0.2296,9.6273,61.4289,9.378,115.6354,40.6134,-6.5811
4:50:02 PM,42.4745501,-82.8277763,,8.6112,348.5646,294.7217,-1.9561,1.0576,2.158,271.57,0.984,0.2272,9.0664,59.6691,8.8157,117.4189,53.6416,-4.7706
4:50:03 PM,42.4745929,-82.8277891,16.2631,8.6112,346.4447,,-95.7034,1.5769,2.5882,271.4344,0.9835,0.2248,9.1436,60.0324,8.8859,116.9456,58.453,-4.7706
4:50:04 PM,42.4746318,-82.8278009,16.4928,8.689,346.204,293.3193,-1.963,0.3459,1.6292,271.2994,0.9829,0.2224,9.7531,60.0662,9.2135,113.4573,25.3942,-4.5872
4:50:05 PM,42.4746712,-82.8278132,,8.7084,347.4301,293.9274,76.7752,-0.7863,2.3324,271.1622,0.9823,0.22,9.766,61.4976,9.4757,115.0796,45.4184,-4.6789
4:50:06 PM,42.4747103,-82.8278232,16.5584,8.9611,351.0742,292.812,166.7101,-1.6722,1.8008,271.0265,0.9818,0.2176,10.0345,62.1523,9.7371,114.3282,29.9144,-5.2404
4:50:07 PM,42.4747511,-82.8278314,,8.8833,350.7705,295.8628,-58.2767,-0.9509,3.4776,270.8838,0.9814,0.2151,9.1298,61.7257,9.221,119.3104,69.9233,-5.2518
4:50:08 PM,42.4747901,-82.8278397,16.9193,8.7862,350.7648,294.4384,91.726,-0.3222,1.1995,270.7471,0.981,0.2128,9.2214,55.2029,8.3321,114.6578,321.3949,3.3024
4:50:09 PM,42.4748313,-82.8278468,,8.9805,350.9939,297.1708,,,,270.6031,0.9806,0.2103,9.7918,60.831,9.4384,115.0586,44.7085,-7.8072
4:50:10 PM,42.4748725,-82.8278545,16.2959,9,355.8125,,140.4904,-1.3513,2.3013,270.4591,0.9803,0.2078,10.2744,64.6817,10.3142,115.7817,52.2493,-12.6258
4:50:11 PM,42.4749174,-82.8278605,,8.8056,354.5749,298.2364,69.1984,-1.9372,3.048,270.3153,0.98,0.2053,9.3489,55.9775,8.588,115.5445,291.1742,8.5736
4:50:12 PM,42.4749574,-82.8278635,16.8537,,,299.8867,-28.2583,-1.9912,2.5603,270.1753,0.9798,0.203,10.367,61.0212,9.8415,112.8523,39.5524,-10.8439
4:50:13 PM,42.4749965,-82.8278692,,8.8445,356.2709,300.0213,-31.9882,0.8414,2.0371,270.0377,0.9796,0.2006,10.2283,57.4158,9.2271,110.9286,348.4875,2.6492
4:50:14 PM,42.4750352,-82.8278737,16.9193,8.5723,354.5234,300.902,-140.7276,-0.4014,2.652,269.9014,0.9794,0.1983,11.5804,58.4634,10.2368,105.3846,22.5675,-7.9447
4:50:15 PM,,,,8.689,353.4519,297.8729,,0.1299,1.6792,269.7598,0.9792,0.1959,11.4628,61.3229,10.5582,107.7294,14.6575,-6.816
4:50:16 PM,42.4750794,-82.8278797,16.8537,8.7084,351.7961,298.3084,28.0383,,,269.6184,0.9789,0.1934,12.0532,64.0233,11.3665,107.583,29.4038,
4:50:17 PM,42.4751198,-82.8278868,,8.825,352.18,299.1566,80.5086,-2.9304,2.3218,,,,10.6074,61.7034,10.0911,112.2467,32.212,-7.6583
4:50:18 PM,42.475161,-82.8278929,17.2802,8.7862,354.8213,300.0893,9.2682,-0.6833,2.3562,269.4017,0.9785,0.1897,10.5989,60.3295,9.8958,111.468,21.7628,-6.1399
4:50:19 PM,42.47520493,-82.82790018,,9,353.6639,299.8061,-58.2182,-0.9105,2.137,269.2619,0.9782,0.1873,10.494,60.5627,9.8739,112.2429,21.9299,-7.7385
4:50:20 PM,42.47524742,-82.82790786,17.0505,8.7862,353.1483,,-76.9436,0.0813,2.1284,269.1125,0.9779,0.1848,11.6905,60.4629,10.6557,107.3454,25.628,-3.8882
4:50:21 PM,42.47528871,-82.82791559,16.8537,8.7667,351.2174,298.546,31.7579,-1.6504,2.3748,268.8862,0.9776,0.1809,11.8713,60.2708,10.7426,106.3377,10.9115,-4.6159
4:50:22 PM,42.47533207,-82.8279212,,8.9417,353.3774,297.3096,-61.9791,-0.028,2.4449,268.7406,0.9774,0.1784,11.3916,59.1311,10.2428,107.3271,10.9229,-3.0058
4:50:23 PM,42.47537321,-82.82792718,16.6896,8.9805,352.2029,297.2982,-35.701,-0.725,2.3209,268.5925,0.9772,0.1759,10.6042,58.4594,9.6532,110.5731,,-3.1376
4:50:24 PM,42.47541548,-82.82793157,,9.136,351.4007,297.9837,,,,268.4453,0.977,0.1734,10.0132,58.321,9.3019,113.6415,25.707,-3.172
4:50:25 PM,42.4754613,-82.82794,17.1161,9.0194,350.0715,303.9436,-54.4573,-0.7241,1.985,268.2978,0.9766,0.1709,9.9443,57.3472,9.1372,113.6043,24.2393,-3.1949
4:50:26 PM,42.4755029,-82.8279503,,9.0583,349.9855,295.684,-35.701,-0.4909,2.2843,268.1488,0.9761,0.1683,9.785,56.9894,9.0608,115.0964,47.9651,-3.4184
4:50:27 PM,42.475545,-82.8279642,16.9849,9,347.8083,,-110.6783,0.1269,2.4719,268.0061,0.9757,0.1658,9.9242,59.7847,9.5094,115.5996,42.5914,-3.4184
4:50:28 PM,42.475585,-82.8279761,,8.9611,348.6849,293.8879,58.0532,0.5456,2.123,267.8602,0.9753,0.1633,9.5697,58.2725,9.0555,115.9909,39.5891,-3.4871
4:50:29 PM,42.4756257,-82.8279877,16.7552,8.6306,347.9974,294.5188,76.7752,-0.4362,2.6137,267.7169,0.9748,0.1608,10.1044,61.0099,9.6741,113.9911,44.7705,-3.51
4:50:30 PM,42.4756658,-82.827999,,9.0194,349.2522,294.994,106.7592,-1.0001,1.8235,,,,10.1717,60.6343,9.6118,112.7384,30.9889,-3.4642
4:50:31 PM,42.4757056,-82.82801,16.4928,8.7278,350.6273,296.8322,,,,267.5046,0.9742,0.1572,10.1651,63.2755,10.0324,115.1774,31.424,-4.6789
4:50:32 PM,42.4757495,-82.8280189,,8.8056,352.392,298.2531,80.5086,-2.2123,2.2781,267.3628,0.974,0.1547,9.7352,65.1201,10.0338,118.3344,47.4428,-8.1567
4:50:33 PM,42.4757904,-82.8280257,16.2959,8.8445,353.0795,,-43.2194,0.0757,2.5163,267.2177,0.9738,0.1523,10.2958,59.4739,9.5561,111.8636,73.2391,-1.6766
4:50:34 PM,42.4758308,-82.8280337,16.3615,8.6306,350.3923,298.609,-54.4402,0.8876,2.7174,267.0741,0.9736,0.1498,,,,,20.7596,-2.112
4:50:35 PM,42.4758688,-82.8280414,,8.4557,350.6731,297.1737,61.7969,-0.2686,2.6942,266.9382,0.9734,0.1475,11.5355,60.8091,10.4903,106.2629,17.9234,-2.5761
4:50:36 PM,42.4759068,-82.8280494,16.5584,8.4168,351.3205,297.7553,80.5258,-0.5659,2.1161,266.803,0.9731,0.1452,11.327,60.3837,10.2428,105.9759,19.0456,-2.9485
4:50:37 PM,42.4759456,-82.8280549,,8.4751,352.8847,300.0351,46.798,-2.4745,2.2972,266.6652,0.973,0.1429,10.9419,61.6315,10.1355,108.2102,28.5642,-10.1965
4:50:38 PM,42.4759844,-82.8280627,15.8038,8.6112,354.5463,,-185.6555,1.4893,3.085,266.5277,0.9728,0.1405,9.869,66.3282,10.1072,116.5852,62.1573,
4:50:39 PM,42.4760229,-82.8280717,16.1319,8.5529,351.3893,298.3044,,,,266.39,0.9726,0.1382,9.3923,63.9838,9.5812,118.2433,42.3708,-1.2698
4:50:40 PM,42.4760667,-82.8280798,,8.689,351.5784,298.9263,99.3268,-0.7158,1.4036,266.234,0.9724,0.1355,10.363,62.6033,9.9852,112.8634,48.4393,-8.6208
4:50:41 PM,42.4761077,-82.8280856,16.1319,8.9611,352.3404,299.1833,-16.9172,-0.2722,2.1335,266.089,0.9723,0.1331,10.1074,64.0615,10.1092,115.9599,58.4676,-7.9963
4:50:42 PM,42.4761495,-82.8280934,,8.9028,351.756,298.0027,-121.9025,0.2315,2.8494,265.94,0.9721,0.1306,10.0252,61.646,9.7506,115.2022,46.8687,-5.6357
4:50:43 PM,42.476191,-82.8281021,16.3615,8.825,349.636,297.0287,-5.6448,1.0156,2.0892,265.7916,0.9719,0.128,9.7618,56.9477,8.9118,113.3479,26.4094,-5.5211
4:50:44 PM,42.476231,-82.8281141,,8.8056,349.023,,80.5877,-1.1088,2.1633,265.6477,0.9716,0.1256,10.8792,59.9662,10.0057,109.7287,31.565,-4.8164
4:50:45 PM,42.4762712,-82.828125,16.2959,9,350.1861,297.5128,-50.6655,-0.4753,2.8289,265.5189,0.9713,0.1234,10.8149,60.5711,10.0955,111.0877,40.8329,-5.1029
4:50:46 PM,42.476312,-82.8281345,,8.9611,351.4695,297.3469,31.8163,-0.5131,2.1843,265.3732,0.9711,0.1209,10.2726,60.6496,9.7952,113.9183,33.3725,-5.1143
4:50:47 PM,42.4763529,-82.828144,16.9193,9.0389,349.4699,298.2344,-16.9206,-1.2995,2.6651,265.2261,0.9708,0.1184,10.4007,58.7186,9.6093,112.33,36.0258,-5.0857
4:50:48 PM,42.4763974,-82.8281521,,9.0583,352.0253,297.187,,,,265.0649,0.9707,0.1157,10.5055,61.8663,10.1245,113.7891,36.442,-6.8848
4:50:49 PM,42.4764394,-82.8281601,15.8694,8.9028,352.4034,297.2767,65.5544,-0.2561,2.2766,264.92,0.9705,0.1132,10.3643,60.9868,9.8862,113.537,28.522,-6.0769
4:50:50 PM,42.4764822,-82.8281676,,8.825,352.4435,299.6833,110.5442,-1.2336,1.9385,264.7695,0.9705,0.1107,10.7449,60.2878,10.0285,111.4762,34.491,-6.69
4:50:51 PM,42.4765264,-82.8281733,16.1319,9.2916,355.8469,300.2946,84.2764,-2.0837,2.0678,264.6147,0.9704,0.1081,10.6411,60.2709,10.0204,112.755,25.9415,-7.5379
4:50:52 PM,42.4765673,-82.8281768,16.1319,9.3887,355.7495,,,,,264.4556,0.9705,0.1054,9.8789,53.8057,8.6946,113.5156,293.7136,3.2795
4:50:53 PM,42.4766091,-82.8281807,,9.5248,354.4202,302.1753,-50.6758,0.355,2.031,264.3089,0.9705,0.1029,9.9688,50.3126,8.2416,111.4383,40.8509,-8.5578
4:50:54 PM,42.4766514,-82.8281882,15.935,9.1944,356.2938,298.9027,13.0394,-0.6701,2.4221,264.1767,0.9706,0.1007,11.0006,62.7159,10.6952,113.9189,291.3988,2.592
4:50:55 PM,42.4766977,-82.8281926,,9.311,355.039,300.5497,31.806,-2.3804,2.024,264.0115,0.9705,0.0979,11.4549,53.3054,9.4931,104.6408,35.3078,-13.2675
4:50:56 PM,42.4767426,-82.8281973,16.2631,8.9805,355.7552,,1.7979,-1.3232,1.6845,263.8626,0.9707,0.0954,11.2236,59.1529,10.2377,109.7436,17.208,-7.6583
4:50:57 PM,42.4767856,-82.8282042,,9.0972,354.6494,301.0646,-54.4436,-1.9329,2.3618,263.7026,0.9707,0.0927,11.4819,61.4125,10.753,110.345,24.6286,-8.6724
4:50:58 PM,42.476828,-82.8282098,15.771,9.2721,355.3713,300.2518,,,,263.55,0.9707,0.0902,10.9089,57.1465,9.7333,109.6909,12.4173,-4.6159
4:50:59 PM,42.476871,-82.8282168,,9.0972,353.5608,300.8167,-91.9082,-0.451,2.4339,263.3993,0.9707,0.0876,11.5527,61.3145,10.7645,109.6953,30.9783,-10.5861
4:51:00 PM,42.4769141,-82.8282217,16.4272,9.0194,352.094,298.8171,-73.1621,-0.1501,2.3207,263.2472,0.9707,0.085,10.9328,59.5221,10.0501,110.3617,,-3.4184
4:51:01 PM,42.4769546,-82.8282299,,8.7278,350.633,,-46.9149,-0.0747,2.7299,263.0241,0.9707,0.0813,11.5,61.2552,10.6231,108.3519,16.5758,-6.5582
4:51:02 PM,42.476994,-82.8282375,16.2631,8.689,350.7075,296.2593,46.8187,0.3903,2.1739,262.8835,0.9706,0.0789,11.8975,59.0949,10.5351,104.3083,21.6632,
4:51:03 PM,42.477037,-82.8282457,,8.6306,352.8732,297.3862,39.3141,-1.7735,2.3649,262.744,0.9706,0.0765,11.6099,63.8346,11.0179,108.959,19.5312,-8.1968
4:51:04 PM,42.4770773,-82.8282524,16.2631,8.8056,353.3603,298.8201,1.8289,0.1161,2.2673,,,,11.1668,61.9307,10.4508,109.4673,28.3022,-8.2369
4:51:05 PM,42.477118,-82.8282601,,8.7473,351.9164,299.8286,-110.6301,-0.3285,2.496,262.5283,0.9707,0.0729,11.4243,63.0719,10.7817,109.1401,27.8276,-7.6182
4:51:06 PM,42.4771582,-82.8282662,15.935,8.9222,353.6926,298.4272,9.3472,-0.5184,2.4422,262.3828,0.9706,0.0704,11.4758,62.7537,10.7866,108.9415,29.7593,-7.6182
4:51:07 PM,42.4771987,-82.8282744,,8.7667,349.8194,298.8595,,,,262.2394,0.9706,0.068,11.686,63.5834,11.0527,108.755,30.4219,-5.8706
4:51:08 PM,42.4772388,-82.8282815,15.6398,8.6695,352.8618,299.6146,39.3553,-1.7325,2.4398,262.094,0.9706,0.0656,11.0962,61.884,10.3862,109.5606,32.6889,-7.3374
4:51:09 PM,42.477279,-82.8282886,,8.825,353.9905,,84.3486,-0.4067,2.007,261.9505,0.9707,0.0631,11.1813,63.8968,10.7619,111.0933,30.9671,-7.3374
4:51:10 PM,42.4773186,-82.8282974,15.8694,8.7473,352.7873,301.7391,,0.3765,2.8548,261.7918,0.9708,0.0605,10.9267,64.0441,10.6037,112.102,41.1066,-6.2545
4:51:11 PM,42.4773632,-82.8283032,,8.5335,354.4833,302.4096,-58.1185,-0.8286,2.338,261.6653,0.9707,0.0583,11.1128,58.6113,9.9095,106.8025,41.9477,-10.397
4:51:12 PM,42.4774019,-82.8283074,15.5741,8.7862,351.9393,301.9588,-35.6185,-0.8127,2.0125,261.5211,0.9708,0.0559,12.0328,65.8252,11.6222,109.1738,4.3179,2.6492
4:51:13 PM,42.477441,-82.8283154,,8.8445,353.7613,300.4881,50.6002,-1.7045,2.2687,261.3825,0.971,0.0536,11.2907,66.4736,11.2103,112.5636,43.4199,-10.3282
4:51:14 PM,42.4774821,-82.8283224,15.771,9.0194,354.1395,301.6875,-5.6276,-1.3667,2.5405,261.1681,0.971,0.0499,11.3488,67.1424,11.3885,113.327,47.1512,-10.1392
4:51:15 PM,42.4775229,-82.8283278,,9.1166,354.9302,,61.8691,-0.7041,2.048,261.0231,0.9711,0.0475,11.2559,64.5672,11.025,112.7792,42.2384,-9.2052
4:51:16 PM,42.4775664,-82.8283335,16.2631,9.0972,353.7441,302.5788,-103.1187,-0.6587,2.3777,260.8686,0.9713,0.0449,,,,,52.3031,-9.1193
4:51:17 PM,42.4776061,-82.8283399,,8.9611,349.8194,299.3686,-133.1061,0.9502,3.6437,260.7271,0.9714,0.0425,11.2554,63.5235,10.8762,112.1305,43.2378,-7.9906
4:51:18 PM,42.4776463,-82.8283497,16.4928,8.6112,351.0169,297.1294,-1.8736,,,260.5825,0.9714,0.04,11.014,65.1407,10.8909,113.4232,36.5664,-8.2599
4:51:19 PM,42.4776894,-82.8283599,,8.825,350.0658,298.9321,114.3738,0.6863,1.631,260.4419,0.9714,0.0376,11.3356,60.3402,10.3319,107.5602,17.1422,-3.0918
4:51:20 PM,42.4777295,-82.8283668,16.0007,8.9222,353.9848,298.5933,,-2.4768,2.1191,260.299,0.9714,0.0352,12.1427,64.0196,11.455,107.6537,39.8462,-10.4199
4:51:21 PM,42.477771,-82.8283719,,8.6501,352.9248,,16.845,-0.6943,2.4437,260.1521,0.9716,0.0327,11.0579,65.1806,10.9261,113.2792,20.6895,-1.8084
4:51:22 PM,42.4778118,-82.8283777,16.1319,9,352.7816,299.5776,-43.1265,-1.3466,2.4705,260.0072,0.9718,0.0303,11.0105,57.47,9.7688,108.1448,22.8209,-11.9612
4:51:23 PM,42.477853,-82.8283849,,8.9417,351.3606,298.9374,16.8656,0.9998,2.3532,259.8604,0.9719,0.0278,11.1225,63.032,10.6763,111.7956,15.4699,2.1737
4:51:24 PM,42.4778944,-82.8283917,15.771,8.9028,351.0455,299.6492,-28.1105,-2.3094,2.6118,259.713,0.9721,0.0253,11.2679,54.3706,9.4765,104.8845,31.0827,-11.0158
4:51:25 PM,42.4779365,-82.8283987,15.8038,8.9222,352.3347,297.9238,-5.6276,0.6249,2.106,259.5631,0.9722,0.0228,10.2708,61.8508,9.9477,114.4439,2.7864,2.5748
4:51:26 PM,42.4779807,-82.8284086,,8.8056,348.8683,297.7604,-159.3464,0.313,2.782,,,,9.4472,51.4221,7.9657,112.0056,3.0399,
4:51:27 PM,42.4780204,-82.8284194,15.8694,8.689,347.8942,296.3931,16.9,-0.0089,2.1209,259.3471,0.9723,0.0191,9.9193,55.431,8.7451,110.9306,14.2312,-3.6189
4:51:28 PM,42.4780593,-82.8284311,,,,296.853,118.1347,-1.2077,2.0872,259.2048,0.9722,0.0167,10.0517,56.1884,8.8845,109.9429,26.1157,-3.6189
4:51:29 PM,,,15.6398,8.6501,348.8282,298.2599,20.6402,-1.5959,2.3844,259.063,0.9722,0.0143,10.4885,58.6228,9.5052,109.5967,39.4855,-3.8882
4:51:30 PM,42.4780985,-82.8284423,,8.8639,349.3037,,,,,258.9212,0.9722,0.0119,9.8269,60.3008,9.3871,114.5864,45.4523,-3.9627
4:51:31 PM,42.478137,-82.828449,15.2789,8.7667,351.6414,298.2184,31.8748,-1.0093,2.5344,258.7842,0.9723,0.0096,9.4403,58.7405,8.9699,115.8872,46.1662,-4.3294
4:51:32 PM,42.4781774,-82.8284559,,8.7278,350.8278,299.4003,-31.8404,-0.3582,2.4113,258.6402,0.9725,0.0071,9.8636,59.6894,9.3197,113.9802,54.4482,-4.3638
4:51:33 PM,42.4782176,-82.8284648,15.5085,8.8639,350.7877,297.9437,-1.8529,0.8358,2.2054,258.4822,0.9726,0.0044,9.5113,58.8076,9.0048,115.3716,6.682,-1.1781
4:51:34 PM,42.4782572,-82.8284754,,8.9222,348.175,298.164,-73.0865,-1.5702,2.6224,258.3392,0.9726,0.002,10.3941,64.2959,10.3079,114.6897,65.7268,-12.368
4:51:35 PM,42.47830131,-82.82848696,15.8038,9.3887,349.7277,296.7288,84.3829,0.2063,2.1314,258.209,0.9726,-0.0002,9.7065,61.0466,9.4474,115.972,32.6822,-1.8657
4:51:36 PM,42.47834124,-82.82849852,15.935,8.7862,349.1719,,,-0.7447,1.9611,258.0643,0.9726,-0.0027,10.2387,61.7932,9.8538,113.6988,44.8021,-4.9253
4:51:37 PM,42.47838137,-82.82850848,,8.9028,351.0799,298.7359,43.13,-1.7271,2.4389,257.92,0.9727,-0.0051,10.159,62.906,10.0011,115.2686,,-4.9081
4:51:38 PM,42.4784236,-82.82851643,16.0007,8.9611,351.7445,299.9723,46.8737,,,257.7691,0.9729,-0.0077,10.3062,64.6784,10.3741,116.1023,51.4743,-7.3431
4:51:39 PM,42.47846705,-82.82852312,,9.136,353.2571,300.4578,-28.107,-1.1979,1.8161,257.615,0.9732,-0.0103,9.6901,62.2884,9.7706,118.5981,57.4731,-6.9822
4:51:40 PM,42.47851013,-82.82853053,15.4429,9.5637,351.9737,300.4281,13.1666,-0.1485,2.4048,257.4614,0.9734,-0.0129,10.3709,63.5033,10.4066,116.8892,70.591,-6.392
4:51:41 PM,42.4785573,-82.8285394,,9.2527,352.9248,,39.3794,-1.9244,2.1877,257.2937,0.9737,-0.0157,10.2402,63.7518,10.4087,118.0713,59.9124,-8.0192
4:51:42 PM,42.4786014,-82.8285474,15.2789,9.5248,351.5956,300.1989,-99.344,-0.8716,2.3255,257.1365,0.9739,-0.0184,10.0896,63.8956,10.3984,119.3873,68.7098,-7.9447
4:51:43 PM,42.4786458,-82.8285581,,9.6998,352.5696,298.5265,-50.6002,1.2213,2.6354,256.9004,0.9741,-0.0224,9.4395,60.4053,9.5643,120.8855,78.7862,-1.6995
4:51:44 PM,42.4786891,-82.828567,15.935,9.3304,350.123,298.8681,,-0.2052,1.8932,256.7503,0.9743,-0.025,10.563,55.17,9.3063,111.299,29.6884,-0.6968
4:51:45 PM,42.4787309,-82.8285771,,9.3304,349.785,297.2223,-1.8323,-0.2158,2.0264,256.6154,0.9744,-0.0273,10.6737,58.5249,9.8537,112.5049,31.3644,-2.9887
4:51:46 PM,42.4787727,-82.8285867,16.1319,9.2916,350.1345,,106.883,-0.7723,2.3696,256.4675,0.9747,-0.0298,11.2157,60.7192,10.4524,110.6209,29.0869,-3.0689
4:51:47 PM,42.4788145,-82.8285921,,8.9222,351.8018,298.4878,20.6196,,,256.3236,0.975,-0.0323,11.5539,61.8884,10.8024,109.3702,28.5197,-4.5643
4:51:48 PM,42.4788549,-82.8285991,15.4429,8.8833,353.6009,298.4039,20.6059,-1.9143,2.335,256.1668,0.9753,-0.035,11.1423,62.0406,10.5089,110.5257,25.7362,-4.7133
4:51:49 PM,42.478899,-82.828607,,8.8056,353.7613,299.6014,-46.8737,-0.9337,2.1023,256.0251,0.9756,-0.0374,10.7918,60.8411,10.0533,110.3772,25.1287,-1.2698
4:51:50 PM,42.478939,-82.8286139,15.2789,8.6501,352.8217,299.6349,69.3806,-1.0138,1.6953,255.8858,0.9759,-0.0398,11.5173,61.6621,10.6328,107.5644,17.5387,
4:51:51 PM,42.4789788,-82.8286194,,8.8056,353.8645,301.0223,-80.6117,-0.9549,1.4881,255.7435,0.9763,-0.0422,11.1886,64.7731,10.8906,111.662,32.5889,-6.5238
4:51:52 PM,42.4790193,-82.8286257,15.935,8.7862,352.0883,299.0946,,-1.6969,3.0576,255.6025,0.9765,-0.0446,11.1016,65.4451,10.9411,112.645,47.817,-6.5238
4:51:53 PM,42.479059,-82.8286334,,8.7084,354.2369,,35.6151,-0.4363,2.4187,255.4617,0.9768,-0.047,11.1952,57.5279,9.8089,105.6589,10.0188,-4.5414
4:51:54 PM,42.4790989,-82.8286402,15.6398,8.6306,351.6586,299.5314,-13.1184,-1.3886,1.7884,255.3272,0.9772,-0.0493,10.9669,63.666,10.541,111.1833,31.0728,-5.3836
4:51:55 PM,42.4791375,-82.8286444,,8.9028,353.2571,300.8056,73.1243,-2.2369,1.9747,255.202,0.9775,-0.0515,11.8012,60.5299,10.7073,106.3507,4.3868,7.1126
4:51:56 PM,42.4791819,-82.8286515,15.8038,8.9805,355.0734,302.6822,58.1357,-1.5931,2.9368,255.0396,0.9779,-0.0543,10.857,69.2947,11.3679,116.6995,49.3606,-12.5456
4:51:57 PM,42.4792243,-82.828658,,8.8445,353.3431,,-151.8453,,,254.8874,0.9783,-0.0569,10.7735,66.1541,10.8422,114.6545,62.4797,-10.947
4:51:58 PM,42.479267,-82.8286658,15.5085,8.825,353.4806,299.6738,39.3931,0.169,2.0697,254.745,0.9786,-0.0593,11.2882,63.6088,10.7922,110.4555,35.826,-9.2969
4:51:59 PM,42.4793077,-82.8286732,,8.6695,351.9737,301.5008,118.1485,-0.9161,1.8397,254.6025,0.9789,-0.0618,,,,,41.945,-8.7984
4:52:00 PM,42.4793488,-82.8286784,14.9508,8.9417,357.0616,302.8244,121.8681,-1.775,2.6013,254.4575,0.9794,-0.0643,11.3017,65.3314,11.0879,112.1409,39.3249,-8.8214
4:52:01 PM,42.4793908,-82.8286813,,9.1555,359.4909,303.2716,9.3541,-2.5766,2.2223,254.3126,0.9801,-0.0668,11.4252,63.6406,10.9325,110.5428,30.3963,-10.3626
4:52:02 PM,42.4794334,-82.8286815,14.7867,8.9611,358.0528,305.7174,-13.0944,-0.3225,2.2839,254.1753,0.9808,-0.0692,10.7693,61.0654,10.1305,111.51,32.1493,-7.7729
4:52:03 PM,42.4794743,-82.8286819,,9.0194,358.3106,304.486,13.1391,-1.2331,2.2259,254.0408,0.9814,-0.0715,11.959,62.7196,11.1814,108.0874,29.2693,-10.1793
4:52:04 PM,42.4795155,-82.8286836,14.8852,9.1749,357.6976,305.6227,35.6494,-1.0068,2.276,253.9087,0.9819,-0.0738,11.514,56.6705,9.9718,105.2594,11.7965,-4.2721
4:52:05 PM,42.4795565,-82.8286866,,8.825,359.3534,,,0.3955,1.7228,253.7686,0.9825,-0.0763,12.2453,60.2196,10.9939,104.8213,22.7001,-7.0223
4:52:06 PM,42.479598,-82.8286874,15.5741,9.0194,359.8347,307.4331,61.9138,-3.5041,2.1353,253.6283,0.9832,-0.0787,12.3115,56.0871,10.4205,101.3393,24.5191,-13.342
4:52:07 PM,42.4796409,-82.8286843,,9.0389,4.5493,307.6086,159.3671,-0.4298,2.396,253.4873,0.9841,-0.0812,12.2076,63.553,11.5097,108.2623,10.968,0.5522
4:52:08 PM,42.4796816,-82.828681,15.6398,9.0194,2.0569,309.2348,-50.5864,-2.4881,2.5779,253.3532,0.9849,-0.0836,11.9736,52.7803,9.7073,100.8158,25.1808,-12.2878
4:52:09 PM,42.4797238,-82.828677,16.2959,8.9028,4.28,309.3437,13.1356,-0.0235,2.6931,253.2156,0.9858,-0.086,11.8668,59.3016,10.6454,106.5595,359.4637,-2.261
4:52:10 PM,42.4797648,-82.8286744,,8.9028,2.0225,,13.1494,,,253.0808,0.9867,-0.0884,11.8201,53.4968,9.7089,101.8705,357.1978,-3.5272
4:52:11 PM,42.4798053,-82.8286714,16.7552,8.8833,1.971,308.6157,-5.5932,-0.4132,1.7713,252.9482,0.9875,-0.0907,12.219,54.5414,10.1247,100.5725,20.9842,-11.6231
4:52:12 PM,42.4798516,-82.8286678,,9.0777,3.7185,308.4601,,-1.6148,2.1077,,,,12.0205,59.976,10.8177,105.8282,339.1455,
4:52:13 PM,42.4798917,-82.8286636,16.6896,8.9028,0.5157,309.3573,-39.3278,-0.0358,2.5312,252.7435,0.9888,-0.0944,11.8661,48.32,8.9169,96.3357,4.9101,6.6084
4:52:14 PM,42.4799322,-82.8286648,,8.7862,0.4183,308.0534,-50.5658,-0.6323,2.5906,252.6131,0.9896,-0.0967,11.9451,54.9475,9.969,101.217,8.7494,-4.7476
4:52:15 PM,42.4799713,-82.8286654,16.5584,8.5529,359.3591,307.3862,-88.0682,0.0082,3.1661,252.4792,0.9903,-0.0991,11.6772,56.7595,10.0288,103.1334,15.2239,-4.868
4:52:16 PM,42.4800114,-82.8286663,16.5584,8.4751,0.6646,308.0076,69.4322,-1.1663,1.5605,252.3504,0.9909,-0.1013,12.3487,54.8076,10.1983,98.2925,14.5059,-4.9711
4:52:17 PM,42.480052,-82.8286686,,8.7862,358.0356,,-110.5648,-1.5372,2.1338,252.2165,0.9916,-0.1037,11.9957,57.0851,10.2861,101.7624,,-4.9825
4:52:18 PM,42.4800928,-82.828669,16.0007,8.6695,359.4737,306.5532,-9.2888,0.4301,2.3624,252.0795,0.9923,-0.1062,11.364,52.9873,9.2634,101.6032,34.4126,-2.9887
4:52:19 PM,42.4801365,-82.8286724,,8.6306,356.7121,307.093,-46.7946,0.2685,3.2036,251.9437,0.9929,-0.1086,11.9354,62.2557,11.0115,106.4037,3.7109,-11.9383
4:52:20 PM,42.4801754,-82.8286752,16.3615,8.6112,0,306.0285,,,,251.8121,0.9936,-0.1109,11.954,51.9762,9.4905,97.1436,37.9948,3.3024
4:52:21 PM,42.4802132,-82.8286793,,8.8445,356.3396,306.8516,16.9618,-0.1049,1.898,251.6798,0.9941,-0.1132,12.4331,57.7062,10.7135,101.1859,359.0177,0.0538
4:52:22 PM,42.4802544,-82.8286807,16.2631,8.7278,358.6716,,35.6872,-2.5225,3.0811,251.5519,0.9947,-0.1155,11.2481,63.7049,10.7816,110.721,40.2264,-10.9814
4:52:23 PM,42.4802929,-82.8286827,,8.6112,356.2193,305.5646,-80.5636,0.6582,2.4387,251.4166,0.9955,-0.1179,11.6899,54.6709,9.736,101.6016,4.1008,3.3425
4:52:24 PM,42.4803326,-82.8286857,16.0007,8.6695,355.9443,304.5373,-39.3106,-0.5621,2.1811,251.224,0.9964,-0.1214,12.0129,58.7223,10.5501,103.3032,19.089,-1.9287
4:52:25 PM,42.4803718,-82.8286893,,8.7278,356.2193,303.8919,13.1769,-0.6177,2.527,251.0923,0.997,-0.1237,11.6561,60.7352,10.5855,106.1359,26.0098,-2.6334
4:52:26 PM,42.4804114,-82.8286928,15.8038,8.514,355.5719,303.2301,1.9148,0.0374,2.4978,250.9603,0.9976,-0.1261,11.772,60.08,10.5567,104.8729,27.6404,0.2199
4:52:27 PM,42.4804549,-82.8286978,,8.6695,356.7293,303.9035,95.6587,-1.3958,2.1716,250.8281,0.9982,-0.1284,11.704,66.75,11.4874,110.5913,38.6081,-9.5949
4:52:28 PM,42.4804953,-82.828701,16.1319,8.9417,356.735,304.3878,9.4057,-0.8527,2.5004,250.6938,0.9989,-0.1308,11.8059,68.0832,11.7941,111.7739,48.5727,-9.3599
4:52:29 PM,42.480536,-82.8287036,,8.8056,356.5344,,,-0.345,2.6405,250.5592,0.9996,-0.1333,11.2535,64.9101,10.9765,111.7984,46.3493,-8.8214
4:52:30 PM,42.4805765,-82.8287079,16.3615,8.8445,354.8729,303.5281,-148.0844,0.2099,2.7476,250.4242,1.0002,-0.1357,12.0679,59.6786,10.7704,104.7158,30.9131,-2.9887
4:52:31 PM,42.4806189,-82.8287119,,8.9028,354.2827,303.3849,76.9333,-1.4598,2.2034,250.2834,1.0009,-0.1382,11.8628,59.8725,10.6639,105.8143,25.9121,-3.6418
4:52:32 PM,42.4806601,-82.8287158,15.3117,9.0583,356.7407,303.789,95.6553,-2.5139,2.2857,250.1467,1.0016,-0.1407,11.7604,61.205,10.8373,108.0112,25.8432,-3.6647
4:52:33 PM,42.4807035,-82.8287189,,9.2527,357.9783,,20.6643,-3.388,2.0853,250.0038,1.0024,-0.1433,11.9049,60.3156,10.8543,107.6627,27.2981,-3.6934
4:52:34 PM,42.4807521,-82.8287205,15.8038,9.8164,358.0986,306.0224,,-1.6918,2.274,249.8455,1.0033,-0.1461,10.8574,62.8577,10.6749,115.165,34.9097,-10.9929
4:52:35 PM,42.4807953,-82.8287234,,9.5637,355.9099,305.2795,-99.3096,-0.8935,2.635,,,,,,,,359.0271,-8.6724
4:52:36 PM,42.4808392,-82.8287268,16.624,9.5248,354.8786,304.1775,-54.3026,,,249.7038,1.0041,-0.1487,11.3671,56.6313,10.0246,108.7379,35.0279,
4:52:37 PM,42.4808827,-82.828733,,9.3304,354.827,303.1123,-69.2947,0.4423,2.6553,249.5601,1.0048,-0.1513,10.9296,55.0398,9.4865,109.2278,18.6399,5.7203
4:52:38 PM,42.4809267,-82.8287397,16.0663,9.1555,352.604,,-76.7889,0.6306,2.3666,249.4294,1.0054,-0.1537,11.1441,61.902,10.687,113.0928,53.6798,-10.7179
4:52:39 PM,42.4809695,-82.8287474,16.1975,9.0389,351.0627,301.3253,-65.5338,0.4565,2.4971,249.2826,1.0061,-0.1563,11.0919,60.9438,10.4493,111.8898,36.5533,-6.1227
4:52:40 PM,42.4810112,-82.8287552,,9.0389,349.8423,299.3682,-28.0348,0.1823,2.428,249.1389,1.0067,-0.1589,11.3046,61.5107,10.6247,110.7482,38.3968,-6.3462
4:52:41 PM,42.4810523,-82.828764,16.0663,8.9611,350.9997,299.0463,31.9539,-1.0859,2.5406,248.9988,1.0072,-0.1614,11.6517,63.2296,11.0747,110.0606,44.6383,-7.6754
4:52:42 PM,42.4810982,-82.8287733,,9.0194,351.4924,300.3425,76.9333,-1.735,2.0025,248.8599,1.0078,-0.1639,11.3935,65.1964,11.146,111.8899,41.0678,-8.3916
4:52:43 PM,42.4811413,-82.8287813,15.935,,,,65.6747,-2.2338,1.549,248.7054,1.0084,-0.1667,11.5909,66.6668,11.533,112.6576,45.4963,-8.7182
4:52:44 PM,,,,9.3693,353.5608,301.315,-16.8312,-1.4244,2.5636,248.5612,1.009,-0.1693,11.3167,65.7568,11.3217,114.3003,59.417,-8.7182
4:52:45 PM,42.4811849,-82.82879,15.8038,9.3887,353.9332,300.038,,,,248.4149,1.0096,-0.1719,11.2568,66.1784,11.4047,115.452,52.6275,-8.5979
4:52:46 PM,42.4812287,-82.8287974,,9.3304,352.7701,300.3541,1.9251,-0.4931,2.3618,248.2694,1.0102,-0.1746,11.1874,64.0239,11.0042,113.9437,53.7562,-8.1968
4:52:47 PM,42.4812718,-82.828805,17.0505,8.9417,353.3373,,-13.0978,-0.3584,2.4109,248.1261,1.0109,-0.1772,11.1213,64.4861,10.9633,113.7242,42.6501,-7.4062
4:52:48 PM,42.4813135,-82.8288125,16.9193,8.8445,351.4867,299.2069,13.1494,-1.7429,2.6656,247.9874,1.0115,-0.1797,11.6283,66.2615,11.5103,112.3659,55.5256,-11.9383
4:52:49 PM,42.4813584,-82.8288204,,9.0583,353.9504,298.9823,103.129,-1.569,1.8328,247.8526,1.0121,-0.1822,10.4455,58.175,9.5268,111.314,4.2546,4.7291
4:52:50 PM,42.48139976,-82.82882535,16.8537,8.9028,353.0165,300.3734,28.107,-2.611,2.1708,247.7176,1.0129,-0.1846,10.9299,65.817,10.9057,113.8982,48.6506,-10.3053
4:52:51 PM,42.48144114,-82.82883033,,8.9611,357.9497,301.8398,-58.1014,0.301,2.161,247.5826,1.0136,-0.1871,9.7646,61.561,9.581,116.3406,317.2851,12.1088
4:52:52 PM,42.4814819,-82.8288337,16.624,8.8639,355.3713,302.6729,,,,247.4514,1.0144,-0.1895,10.773,58.891,9.7842,109.4872,50.1395,-9.8584
4:52:53 PM,42.4815239,-82.8288363,,9,352.4722,,-106.8039,-0.4554,2.1331,247.2426,1.0155,-0.1934,10.3065,67.5486,10.7609,117.7265,66.3797,-8.9016
4:52:54 PM,42.4815666,-82.8288459,16.9849,8.9028,353.0509,299.8561,31.916,0.3903,2.1569,247.1086,1.0163,-0.1959,10.3171,62.1059,10.0081,114.3416,37.8551,-4.8851
4:52:55 PM,42.4816073,-82.8288525,,8.7862,351.6586,300.7562,-46.8359,-0.8148,2.8529,246.9757,1.0169,-0.1983,10.5215,66.5432,10.7163,115.7515,59.949,-8.1797
4:52:56 PM,42.4816472,-82.8288593,16.9849,8.5723,351.7101,297.6438,13.1459,-0.4266,2.6746,246.8459,1.0176,-0.2007,10.363,66.8108,10.5396,115.3364,37.7322,-6.4837
4:52:57 PM,42.4816897,-82.8288674,16.7881,8.3585,351.4409,299.1737,91.8978,-0.7876,2.2396,246.7191,1.0182,-0.203,10.5593,64.1096,10.2097,111.4971,38.1791,-6.6842
4:52:58 PM,42.4817284,-82.8288741,,8.2224,352.9305,301.2158,9.4091,0.2087,2.639,246.5901,1.0188,-0.2054,10.4252,64.1911,10.1713,112.6718,47.3014,-6.6155
4:52:59 PM,42.4817681,-82.82888,16.7881,8.4168,353.6983,300.0059,-69.3462,-0.1562,2.9818,246.4627,1.0195,-0.2078,10.4925,65.7735,10.4226,113.3587,43.0683,
4:53:00 PM,42.4818069,-82.8288861,,8.4751,352.7243,,-20.5852,-1.0171,2.8848,246.3361,1.0202,-0.2101,10.8017,61.2437,9.9848,108.487,38.8229,-4.3867
4:53:01 PM,42.481846,-82.8288931,16.7881,8.378,350.9653,300.3315,,,,246.2109,1.0208,-0.2124,10.69,65.5168,10.5002,112.1002,,-3.7965
4:53:02 PM,42.4818844,-82.8288992,,8.4557,354.4775,300.4565,88.1473,-0.3878,1.7092,246.0849,1.0216,-0.2148,10.6202,65.9174,10.5086,112.683,35.0475,-5.6357
4:53:03 PM,42.4819277,-82.8289046,16.3615,8.3974,355.2109,302.3543,50.6586,-1.4737,1.8725,245.9462,1.0225,-0.2174,10.6413,67.2081,10.7371,113.9791,42.427,-6.0597
4:53:04 PM,42.4819678,-82.8289091,,8.7084,355.188,301.8966,-35.5807,-1.9426,2.7127,245.8302,1.0232,-0.2195,10.1516,65.5623,10.2477,115.595,53.9691,-10.0647
4:53:05 PM,42.4820086,-82.8289124,16.1319,8.9222,356.1105,,140.676,-1.226,1.4266,245.7071,1.0241,-0.2219,10.7804,62.7708,10.3367,111.9744,19.0398,1.2742
4:53:06 PM,42.482049,-82.8289148,,8.7667,356.3396,305.3943,54.4195,-2.7083,3.0519,245.5732,1.0249,-0.2244,10.8026,69.0409,11.3025,116.8064,60.4019,-7.1541
4:53:07 PM,42.482095,-82.828918,16.4272,8.825,0.7448,304.6028,-20.5955,-0.8789,2.3545,245.4476,1.0258,-0.2268,10.488,56.9379,9.3651,110.1877,59.4127,-0.714
4:53:08 PM,42.4821357,-82.82892,,9.2721,357.5085,305.3628,-204.3156,-0.7279,2.512,245.3253,1.0268,-0.2292,10.6607,59.08,9.7869,110.8544,14.1987,-1.35
4:53:09 PM,42.4821758,-82.8289217,16.5584,8.689,354.4374,302.5705,,,,245.1994,1.0277,-0.2316,10.41,57.8714,9.4394,110.9429,49.0156,-1.8256
4:53:10 PM,42.4822155,-82.828927,,8.7667,354.5635,301.7709,-58.0601,-1.0683,2.3214,245.0712,1.0285,-0.234,10.4369,60.5067,9.8123,112.2075,38.65,-11.2965
4:53:11 PM,42.48226,-82.8289329,16.2959,9.0583,354.5119,,118.1725,-1.4215,1.9677,244.942,1.0293,-0.2364,11.5519,65.0521,11.2451,111.3419,24.9787,-11.2965
4:53:12 PM,42.4823024,-82.8289365,,9.3304,356.6089,304.141,24.4321,-0.8206,2.3831,,,,10.957,66.2185,11.0923,115.3207,58.1953,-9.6636
4:53:13 PM,42.4823454,-82.8289408,16.2959,9.311,358.0642,304.086,-46.8393,-1.4794,2.3102,244.7437,1.0307,-0.2402,10.3225,63.5596,10.3582,116.8345,53.8179,-11.182
4:53:14 PM,42.4823884,-82.8289427,,9.0777,356.0073,302.7286,-114.312,0.2731,2.4489,244.6099,1.0317,-0.2428,10.9187,56.4224,9.617,108.9314,65.1576,-2.4845
4:53:15 PM,42.4824299,-82.828948,16.7881,8.9805,353.5035,301.68,,,,244.4138,1.0331,-0.2465,11.4555,56.5844,9.9319,105.6887,13.5548,-3.7106
4:53:16 PM,42.4824714,-82.8289541,,8.9028,353.9332,301.446,13.1906,-0.5661,1.7541,244.2828,1.0339,-0.249,11.2909,57.782,9.9953,107.12,22.8419,-3.8481
4:53:17 PM,42.4825131,-82.8289597,16.7552,8.9417,355.2166,,106.9105,-0.7682,1.9785,244.152,1.0348,-0.2515,11.582,59.3124,10.4229,107.1391,18.5786,-3.8481
4:53:18 PM,42.4825542,-82.8289648,,8.9805,355.9729,302.6854,-50.5899,-2.3292,2.8277,244.0237,1.0357,-0.254,11.3561,62.9613,10.8013,110.5369,27.0177,-10.6033
4:53:19 PM,42.4825993,-82.8289683,16.7552,8.689,356.9298,299.8991,46.8737,-1.0015,2.0016,243.8976,1.0366,-0.2564,11.2397,53.6761,9.2947,103.0227,13.5417,0.6095
4:53:20 PM,42.4826393,-82.8289721,16.6896,8.5529,355.6636,303.1204,-73.0796,-1.5023,2.2727,243.7751,1.0375,-0.2588,11.1454,58.6584,9.9643,107.1928,355.829,-4.7304
4:53:21 PM,42.4826792,-82.8289763,,8.6695,355.2052,302.0016,1.9148,-1.176,2.1673,243.6518,1.0384,-0.2612,,,,,23.97,-4.5013
4:53:22 PM,42.4827201,-82.8289809,16.4272,8.8056,355.8641,,,,,243.5251,1.0393,-0.2637,11.3763,59.9951,10.3101,107.1496,28.2578,-6.1227
4:53:23 PM,42.4827615,-82.8289854,,9.1166,355.3656,303.599,16.9309,-1.0009,2.0585,243.398,1.0403,-0.2661,10.3482,61.4722,9.8891,113.1644,48.4985,
4:53:24 PM,42.4828031,-82.8289889,16.624,9.1749,354.5921,302.7389,-58.0704,-1.1658,2.3169,243.2714,1.0413,-0.2686,10.2501,61.9124,9.9415,114.5485,50.1712,-5.9623
4:53:25 PM,42.4828458,-82.8289952,,9.3304,351.6414,302.265,-103.0465,-0.0151,1.8834,243.1396,1.0422,-0.2712,10.0191,59.1806,9.5007,115.0905,60.5029,-6.3118
4:53:26 PM,42.4828887,-82.8290042,16.7881,9.5248,352.2258,301.0955,-16.7968,-0.2357,2.3172,,,,10.2383,61.7397,10.1039,116.8082,68.8897,-6.3118
4:53:27 PM,42.4829358,-82.8290124,,9.5831,352.0253,299.9451,-43.0647,-0.3371,2.4232,242.922,1.0435,-0.2753,10.3563,62.4399,10.2737,116.6643,54.147,-6.1743
4:53:28 PM,42.4829798,-82.82902,16.7552,9.4082,351.6872,300.3148,73.1793,-0.7858,1.7476,242.7883,1.0444,-0.2779,10.7349,62.9579,10.565,115.1773,45.0676,-6.2144
4:53:29 PM,42.4830239,-82.8290284,,9.4082,352.1742,,-91.8085,-1.9447,2.753,242.5942,1.0457,-0.2817,10.4618,61.5392,10.196,115.5694,58.4957,-4.868
4:53:30 PM,42.4830672,-82.829037,16.9193,9.2721,353.7556,298.4878,35.646,0.0112,1.7369,242.4441,1.0466,-0.2845,10.8923,67.1084,11.2973,117.3509,66.7983,-11.8237
4:53:31 PM,42.4831104,-82.8290437,17.2474,9.4859,354.2197,299.5379,,,,242.3112,1.0475,-0.2871,10.1905,52.7969,8.7351,111.6887,39.1129,8.1611
4:53:32 PM,42.4831539,-82.8290503,,8.8445,353.4978,299.4889,31.9057,-1.6447,1.7999,242.1772,1.0485,-0.2898,10.687,66.8513,11.1181,117.8916,50.3642,-8.5177
4:53:33 PM,42.4831973,-82.8290563,17.2802,9.2138,353.3832,301.1192,46.9012,-0.2507,2.3034,242.0446,1.0495,-0.2924,10.9885,62.6848,10.6461,113.4989,49.7443,-8.7984
4:53:34 PM,42.4832443,-82.8290645,,9.1555,353.3488,,-46.829,-0.9803,2.5228,241.9121,1.0504,-0.295,11.2517,68.709,11.6713,116.0715,54.4058,-8.4719
4:53:35 PM,42.4832869,-82.8290705,16.9849,9.1166,354.1968,300.5357,35.6769,-0.8826,2.2234,241.7818,1.0514,-0.2975,11.2362,67.9585,11.5198,115.2978,51.9438,-8.2771
4:53:36 PM,42.483329,-82.8290748,16.9193,,,301.0927,103.1565,-1.4618,1.1598,,,,11.615,67.5171,11.6836,113.2817,36.1745,-8.7354
4:53:37 PM,42.4833715,-82.8290795,,9.1944,356.1964,,5.6929,-2.7253,2.1697,241.5925,1.0529,-0.3013,11.3424,65.4435,11.2447,113.4434,54.4901,-5.6357
4:53:38 PM,42.4834154,-82.8290841,16.9849,9.4276,356.4199,303.6005,9.4297,-0.196,2.146,241.4642,1.0539,-0.3038,11.0556,67.9955,11.5129,117.0854,55.9488,-10.5402
4:53:39 PM,42.4834585,-82.8290871,,9.3693,357.3939,304.4358,-61.7901,-1.4799,2.5373,241.3333,1.0551,-0.3065,10.9789,57.0617,9.8615,110.8768,38.5913,2.592
4:53:40 PM,42.4835051,-82.8290921,16.8537,9.5054,354.7239,303.5232,,,,241.2061,1.0561,-0.309,11.5096,67.4915,11.7785,115.4802,59.7491,-10.4371
4:53:41 PM,42.4835479,-82.8290966,,9.5054,355.1823,302.8594,-46.8049,0.6209,2.2135,241.0806,1.0572,-0.3116,11.0028,57.6079,9.9232,110.566,,-1.5964
4:53:42 PM,42.48359,-82.8291022,16.9849,9.311,353.8874,301.0788,-118.0385,-0.3009,2.3901,240.9533,1.0582,-0.3141,10.8681,64.5707,10.8474,115.1978,47.0089,0.1168
4:53:43 PM,42.483632,-82.8291079,,9.1166,353.6811,,39.4481,-0.4203,1.6318,240.8275,1.0593,-0.3166,11.5596,59.0249,10.4251,108.0678,23.4227,-0.9661
4:53:44 PM,42.4836741,-82.829113,16.9849,9.3304,354.8843,301.3235,-1.8151,-1.7667,2.1352,240.7019,1.0603,-0.3192,10.9392,59.2327,10.0829,111.2152,28.3584,-2.2381
4:53:45 PM,,,,9.1944,355.0333,300.8687,13.17,-0.5183,1.7253,240.5772,1.0613,-0.3217,10.2924,57.125,9.3797,112.8422,36.2278,-2.112
4:53:46 PM,42.4837204,-82.8291185,16.9193,9.3304,353.3144,300.169,-24.3324,-2.1471,2.5688,240.3905,1.0629,-0.3255,10.6434,63.1751,10.4774,114.9701,41.2296,-5.1372
4:53:47 PM,42.4837628,-82.8291233,,9.0972,354.7239,,106.9174,-0.9159,2.0058,240.2652,1.064,-0.328,10.11,57.9936,9.3802,113.94,44.5185,1.6237
4:53:48 PM,42.4838048,-82.8291295,16.2631,9.2721,353.4749,300.9743,,,,,,,10.9295,68.3934,11.3878,116.8343,37.4313,
4:53:49 PM,42.48385122,-82.82913439,,9.1166,357.3652,302.6238,129.3968,-1.4692,2.1268,240.0794,1.0656,-0.3318,10.3177,56.5855,9.2538,111.4602,68.0276,-11.4226
4:53:50 PM,42.48389383,-82.82913791,16.9193,9.2721,356.7293,304.6553,-58.0773,-2.9529,2.3815,239.8943,1.0673,-0.3356,10.6499,67.8089,11.1458,117.7812,52.464,-7.9046
4:53:51 PM,42.48393649,-82.82914154,16.9849,9.2138,356.7923,303.6884,-148.0431,-0.0003,2.1517,239.7705,1.0684,-0.3381,9.6636,68.0278,10.6367,122.5918,80.0724,-10.397
4:53:52 PM,42.4839796,-82.82914649,,9.3887,352.9248,,-189.2686,1.1365,2.6993,239.6412,1.0695,-0.3408,10.9303,65.1398,10.9575,115.1655,70.5753,-8.1338
4:53:53 PM,42.48402299,-82.82915432,16.6896,9.0972,347.8484,300.0998,-151.749,1.3446,3.0851,239.5102,1.0704,-0.3434,11.4356,67.2472,11.5545,114.1196,59.941,-6.5009
4:53:54 PM,42.48406498,-82.82916677,,8.9805,348.3354,297.5512,91.9872,0.5985,1.9225,239.3827,1.0712,-0.3459,11.2587,68.5888,11.5866,115.2254,47.6795,-6.69
4:53:55 PM,42.48410556,-82.82917871,16.624,8.7667,346.0207,297.0159,24.4286,-0.9694,2.8353,239.2556,1.0719,-0.3484,10.4581,71.807,11.3639,119.0395,56.1398,-6.9822
4:53:56 PM,42.4841494,-82.8291912,,8.5918,348.8339,297.0527,46.9356,0.1055,2.365,239.124,1.0729,-0.351,10.3186,64.0078,10.1144,113.5094,53.1466,3.8181
4:53:57 PM,42.4841885,-82.8292003,16.5584,8.3391,348.2151,295.974,28.1551,-1.2525,3.0355,239.0093,1.0738,-0.3533,10.112,71.8542,10.9154,118.3183,55.7919,-7.4692
4:53:58 PM,42.484226,-82.8292072,16.6896,8.1641,351.8935,296.6314,148.1188,-0.499,1.6914,238.8969,1.0746,-0.3556,10.3094,69.4711,10.6592,115.074,54.1292,-6.4207
4:53:59 PM,42.4842633,-82.8292147,,8.1836,352.8561,300.1144,80.6392,-2.4872,2.4226,238.7865,1.0755,-0.3578,10.317,73.0373,11.156,117.8024,52.1983,-7.5379
4:54:00 PM,42.4843007,-82.8292215,16.624,8.4557,355.0276,,24.4114,-1.3848,2.7061,238.6849,1.0764,-0.3599,9.9059,72.3332,10.8559,119.6045,65.7119,-7.5609
4:54:01 PM,42.4843404,-82.8292247,,8.378,355.4229,301.0586,-121.7925,0.1744,2.5596,238.5756,1.0775,-0.3622,,,,,66.3479,-7.1369
4:54:02 PM,42.4843786,-82.8292298,16.624,8.3002,353.4749,301.9731,-13.0394,-0.0775,2.5004,238.4618,1.0784,-0.3646,9.671,70.8828,10.5159,119.664,64.5138,-6.392
4:54:03 PM,42.484417,-82.8292376,,8.4557,353.1425,300.5489,,,,,,,10.7664,72.2497,11.4469,116.3919,54.3809,-6.816
4:54:04 PM,42.4844588,-82.8292443,16.4928,8.2419,353.3373,301.7507,99.4231,-1.3422,1.9608,238.2839,1.08,-0.3682,10.8518,69.9191,11.2085,114.5889,51.0773,-9.5032
4:54:05 PM,42.4844984,-82.8292491,,8.5723,357.0043,301.2088,80.6599,-3.2883,2.4397,238.1101,1.0816,-0.3719,11.0505,73.4357,11.8566,116.7044,61.1723,-10.1392
4:54:06 PM,42.4845396,-82.8292538,16.7881,8.5723,355.5146,,-20.5715,-0.8892,2.5323,237.9995,1.0828,-0.3742,9.7152,69.9381,10.5611,120.2218,58.19,-6.4837
4:54:07 PM,42.4845796,-82.8292564,,8.7278,355.3026,302.4627,-24.3221,-1.3521,2.3791,,,,9.8623,66.2768,10.1828,117.5396,59.1011,-9.274
4:54:08 PM,42.4846202,-82.8292616,16.7881,8.825,353.8186,,,,,237.8396,1.0843,-0.3776,10.242,66.5865,10.508,116.5637,48.9501,6.6714
4:54:09 PM,42.4846606,-82.8292693,,8.689,349.573,,,,,237.7216,1.0854,-0.3801,10.4248,55.6136,9.0475,108.0337,22.2253,4.414
4:54:10 PM,42.4847037,-82.8292791,16.624,8.9222,347.9344,,,,,237.607,1.0863,-0.3824,10.4249,55.1042,8.9838,107.8679,45.9627,
4:54:11 PM,42.4847429,-82.8292872,,8.8639,349.785,,,,,237.48,1.0873,-0.3851,10.2398,59.6534,9.5649,112.5005,,0.7585
4:54:12 PM,42.4847835,-82.8292955,16.6896,8.8445,351.7331,,,,,237.3611,1.0883,-0.3875,9.4269,68.1377,10.3067,121.9118,,-9.3599
4:54:13 PM,42.4848235,-82.8293036,16.4928,8.8639,351.2059,298.7939,73.2034,-0.4043,2.3357,237.2442,1.0893,-0.39,9.3119,64.305,9.6788,119.8933,72.5056,-0.651
4:54:14 PM,42.4848635,-82.8293123,,8.689,351.9794,299.7265,16.955,-1.4972,2.9413,237.1269,1.0903,-0.3924,9.7055,68.0543,10.3625,119.6882,69.5661,-1.8657
4:54:15 PM,42.4849024,-82.8293194,16.3615,8.4363,352.8102,298.9048,-20.5577,0.8142,2.9886,237.0142,1.0913,-0.3948,8.8854,70.4615,10.078,123.8092,81.5366,-6.2545
4:54:16 PM,42.4849411,-82.8293277,,8.1253,349.5444,298.278,-73.0281,1.4168,3.1973,236.9011,1.0923,-0.3971,8.91,71.6959,10.0996,123.1147,80.7319,-5.5784
4:54:17 PM,42.4849779,-82.8293377,16.2959,7.9114,350.0829,,88.2091,0.5913,1.8087,236.7908,1.0931,-0.3994,9.6988,71.2035,10.3973,117.9847,60.1058,-6.9306
4:54:18 PM,42.485018,-82.8293455,,8.0669,350.4267,299.3353,61.9516,-0.595,2.725,236.6325,1.0945,-0.4027,9.7508,70.8675,10.3836,117.4773,59.7643,-3.384
4:54:19 PM,42.4850557,-82.8293526,16.1975,8.3002,353.6124,299.9097,,,,236.5249,1.0955,-0.405,9.7178,72.7212,10.6575,119.4632,66.7734,-4.868
4:54:20 PM,42.485094,-82.8293589,,8.2808,353.9619,301.4925,69.4356,-0.5036,2.5908,236.4165,1.0966,-0.4073,9.546,71.5687,10.428,119.7197,69.2783,-4.868
4:54:21 PM,42.4851326,-82.8293631,15.8694,8.4751,354.5004,303.5516,88.192,-0.9175,2.3562,236.31,1.0977,-0.4096,9.7589,70.639,10.5475,119.2018,67.8777,-4.868
4:54:22 PM,42.4851724,-82.8293676,,8.7862,358.2132,303.7014,54.4333,-2.9479,2.6829,236.2007,1.0989,-0.412,10.1464,73.7278,11.3282,120.7067,69.0406,-9.6178
4:54:23 PM,42.4852129,-82.82937,15.771,8.8833,357.2277,303.9942,13.1975,-0.1378,2.0498,236.0916,1.1002,-0.4144,9.4003,59.4274,9.0126,116.101,83.2173,8.0694
4:54:24 PM,42.4852528,-82.8293734,15.7054,8.8639,355.8584,303.9907,-84.2936,-2.0543,3.3684,235.9836,1.1014,-0.4168,10.1627,68.6633,10.7875,118.6562,68.3418,-5.0398
4:54:25 PM,42.4852936,-82.8293758,,8.8639,354.5176,303.2652,-181.7743,1.574,3.3555,235.875,1.1027,-0.4192,10.1159,65.8943,10.4127,117.5297,64.3511,-3.6934
4:54:26 PM,42.4853382,-82.8293836,15.771,8.4363,352.9134,,,,,,,,10.6883,65.9392,10.6943,114.1335,53.9399,-3.1147
4:54:27 PM,42.4853778,-82.82939,,8.4363,352.8675,299.7017,1.963,-0.2039,2.8151,235.7064,1.1043,-0.4228,11.2836,65.2306,10.9236,110.2941,35.7545,-3.1147
4:54:28 PM,42.485417,-82.8293974,15.8038,8.5529,353.3144,301.6814,43.2262,-1.245,2.2458,235.5964,1.1054,-0.4252,10.1716,65.9468,10.2903,115.4942,55.4008,-3.1376
4:54:29 PM,42.4854576,-82.8294021,,8.6306,354.552,301.4278,9.4538,-1.6575,2.9549,235.486,1.1065,-0.4276,8.7809,64.065,9.2955,121.8418,84.6047,4.9755
4:54:30 PM,42.4854971,-82.8294076,16.1319,8.9417,353.8186,302.8368,28.2514,-0.3502,2.4639,235.3751,1.1077,-0.4301,10.9048,67.3562,11.0638,114.5428,48.2308,-13.9665
4:54:31 PM,42.4855377,-82.8294137,,9.0972,356.9412,,95.7103,-1.1595,2.0746,235.2661,1.1089,-0.4324,10.2411,67.3501,10.6316,117.2541,65.1454,-4.4497
4:54:32 PM,42.4855789,-82.8294156,16.2959,9.0194,358.8893,302.8593,151.9415,-2.2154,2.1763,235.1566,1.1101,-0.4349,10.9427,67.9945,11.2397,115.4914,52.9637,-9.8985
4:54:33 PM,42.4856212,-82.8294144,,9.3304,359.5597,304.5818,28.1964,-1.598,1.9454,235.0502,1.1115,-0.4373,10.704,67.5947,11.1197,117.1324,63.7493,-8.0994
4:54:34 PM,42.4856683,-82.8294133,16.2959,9.5054,359.892,306.9906,-76.7683,-2.1876,1.9883,234.9444,1.1131,-0.4398,10.2603,65.5061,10.6287,118.5424,67.9748,-8.7526
4:54:35 PM,42.4857125,-82.8294139,,9.5637,357.7262,306.8196,-162.9904,-0.62,2.8665,234.8356,1.1146,-0.4424,10.6589,65.7473,10.9862,117.8004,73.8788,-8.7354
4:54:36 PM,42.4857562,-82.8294176,16.7881,9.2916,355.5203,304.1804,,,,234.722,1.1161,-0.445,11.4311,64.0619,11.1617,112.9315,50.6497,
4:54:37 PM,42.4858001,-82.8294228,,9.4471,353.1941,302.8675,-106.7386,-0.5155,2.3753,234.6074,1.1174,-0.4476,11.7362,62.3153,11.0926,110.4627,37.4519,-7.389
4:54:38 PM,42.4858446,-82.8294323,16.2959,9.3304,351.9852,302.4654,-5.466,-0.0768,1.7625,234.4882,1.1187,-0.4502,11.9603,67.1783,11.9805,113.051,52.6522,-6.965
4:54:39 PM,42.4858878,-82.8294398,,9.1555,354.4432,,16.979,-1.6314,3.1136,234.3644,1.1199,-0.4529,,,,,51.1817,-10.397
4:54:40 PM,42.4859303,-82.8294455,16.4272,9.1749,351.6872,300.0834,31.9917,0.1643,2.099,234.2491,1.1211,-0.4555,10.4306,57.4583,9.4915,112.1172,41.8652,7.6913
4:54:41 PM,42.4859752,-82.8294526,,9,355.1651,301.2596,91.9632,-1.0246,2.3494,234.1346,1.1224,-0.458,11.4595,65.5972,11.3252,112.8594,66.0964,-12.4998
4:54:42 PM,42.4860176,-82.8294568,16.624,9.0972,355.6578,301.8989,,-1.3954,2.9043,234.0269,1.1236,-0.4605,10.5743,68.5679,11.1525,118.0428,62.3582,-8.2771
4:54:43 PM,42.4860586,-82.8294626,16.7552,,,300.0518,-43.0543,0.7957,2.3995,233.9169,1.125,-0.463,10.7531,68.8355,11.2894,117.3453,64.4265,-8.7755
4:54:44 PM,42.4861,-82.8294696,,8.9417,353.9332,297.7439,-181.7812,,,233.8076,1.1262,-0.4655,9.7344,65.4236,10.1368,119.1547,,6.8089
4:54:45 PM,42.4861402,-82.8294774,16.6896,8.9417,351.6758,,-35.5326,-1.0053,1.81,233.6956,1.1274,-0.468,11.1025,66.0284,11.055,113.4119,39.2482,-10.6663
4:54:46 PM,42.4861812,-82.829485,,8.9611,350.6845,299.5304,-20.513,-0.4111,2.0961,233.5858,1.1285,-0.4704,10.5833,63.099,10.2867,113.4364,43.1751,-2.6964
4:54:47 PM,42.4862228,-82.8294926,16.4928,9,350.7132,297.6175,-1.7911,-0.5052,2.3592,233.475,1.1297,-0.4729,10.6173,64.2195,10.533,114.8141,50.6576,-3.0288
4:54:48 PM,42.4862649,-82.8295005,,8.8445,351.6242,297.6108,155.7024,-0.8451,1.8109,233.353,1.1311,-0.4756,10.1419,62.4733,9.9526,115.3556,43.9743,-3.0288
4:54:49 PM,42.4863107,-82.8295106,16.6896,8.9805,351.9107,300.8324,-148.0053,-0.225,2.8894,233.1925,1.1328,-0.4792,9.931,63.286,9.976,117.2234,53.1652,-3.2178
4:54:50 PM,42.486352,-82.8295198,,9,351.0856,297.1504,-76.7718,1.5496,2.1848,233.0793,1.1339,-0.4817,9.6061,67.1018,10.3303,121.0612,74.04,-0.5249
4:54:51 PM,42.4863918,-82.8295286,16.4928,8.9222,349.5043,297.1604,-5.5245,-0.3211,1.9735,232.9714,1.1351,-0.4842,10.2093,58.2337,9.3667,112.077,16.4605,-2.7423
4:54:52 PM,42.4864324,-82.8295391,,8.9611,348.3813,297.884,,,,232.8591,1.1362,-0.4866,10.18,65.0829,10.3276,116.6252,55.4162,-3.5559
4:54:53 PM,42.4864744,-82.8295477,16.624,9.0389,351.1372,,136.9633,-2.0495,2.2356,232.7463,1.1373,-0.4892,10.1798,68.2198,10.8302,119.2082,63.8902,-4.656
4:54:54 PM,42.4865162,-82.829554,,9.0777,353.3316,298.8057,16.9343,-2.1855,3.0686,232.6368,1.1386,-0.4917,9.7136,68.8788,10.6727,121.8971,74.009,-4.6789
4:54:55 PM,42.4865585,-82.8295591,16.4928,9.0777,354.6208,297.6232,50.6655,-0.4152,1.9126,232.5286,1.14,-0.4942,9.6219,65.3666,10.1234,120.2364,75.0805,-3.9398
4:54:56 PM,42.4866041,-82.8295672,,9.136,352.6498,300.2177,-136.7914,-1.551,2.7783,232.4083,1.1414,-0.497,9.8187,67.3373,10.4983,120.3387,67.419,-6.6842
4:54:57 PM,42.4866459,-82.8295751,16.3615,8.9805,353.0967,297.524,-50.5521,0.4265,1.8747,232.2979,1.1427,-0.4995,9.4119,69.6029,10.5359,123.1435,76.8561,2.7696
4:54:58 PM,42.4866866,-82.829583,,8.825,350.3179,297.2564,73.2034,-1.2135,1.7114,232.1907,1.1439,-0.502,10.2131,63.4832,10.136,115.629,49.055,-8.9761
4:54:59 PM,,,16.4272,9.136,350.7075,299.927,-54.2614,0.7542,2.9443,232.0903,1.145,-0.5042,9.4017,70.9741,10.7034,123.8598,75.1623,
4:55:00 PM,42.4867282,-82.829593,,9.0194,350.5127,295.9496,80.6736,-0.5031,1.4505,231.9805,1.1462,-0.5068,10.1087,67.668,10.672,118.8157,72.519,-8.2599
4:55:01 PM,42.4867696,-82.8296006,16.4928,8.9805,351.4466,297.4604,,,,231.872,1.1475,-0.5093,10.5174,67.0031,10.843,116.7615,50.7895,-5.7675
4:55:02 PM,42.486811,-82.8296086,16.4272,9.0972,352.157,298.4975,9.4366,-1.974,1.5575,231.7616,1.1487,-0.5118,9.7057,64.9307,10.1422,119.9101,61.9977,-5.9852
4:55:03 PM,42.4868532,-82.8296172,,8.9805,351.9909,,-58.0429,-0.8577,2.5037,,,,9.944,65.7411,10.3894,119.2369,72.3363,-5.9852
4:55:04 PM,42.4868951,-82.8296249,16.4928,9.0972,351.7101,298.1388,61.9482,-1.5006,2.3228,231.5865,1.1508,-0.5159,10.0115,64.4146,10.2518,118.2605,62.5558,-6.6842
4:55:05 PM,42.48694137,-82.82963361,,9.0389,352.8217,299.4271,-5.5382,-0.8106,1.8333,231.4778,1.1521,-0.5184,10.1242,65.3307,10.5225,119.0347,68.1561,-5.7159
4:55:06 PM,42.48698452,-82.82964229,16.7552,9.933,353.9504,298.4431,13.1838,-3.9085,2.1583,231.3067,1.1541,-0.5224,9.846,67.482,10.7754,122.4264,70.8437,-12.9925
4:55:07 PM,42.48702908,-82.82964911,,9.4859,354.3343,299.3948,-133.0202,1.6578,2.9173,231.1931,1.1556,-0.5251,8.9857,61.3079,9.4009,123.0206,119.4589,-5.4868
4:55:08 PM,42.48707326,-82.82965717,16.9193,9.2527,348.8797,,-215.4642,1.3151,2.0846,231.0943,1.1567,-0.5274,10.873,61.3394,10.3409,112.6859,47.387,-2.5761
4:55:09 PM,42.48711489,-82.82966695,,8.8639,348.2953,296.3583,92.0113,0.1609,1.8085,230.9891,1.1579,-0.5298,11.1482,63.9812,10.8052,112.0003,36.7702,-3.0918
4:55:10 PM,42.48715393,-82.82967785,16.8537,8.7862,348.0833,295.62,,,,230.8851,1.159,-0.5322,11.2666,70.6797,11.7999,115.706,44.4131,-5.7904
4:55:11 PM,42.4871975,-82.8296869,,8.9028,0,297.2691,155.7059,-2.2601,1.8819,230.772,1.1604,-0.5349,10.3625,71.2621,11.3183,119.8852,56.054,-9.7667
4:55:12 PM,42.4872381,-82.8296928,16.8537,9.1749,0,300.6999,114.4495,-2.0773,2.5249,230.6686,1.1618,-0.5374,10.5354,71.7241,11.5726,120.1797,61.0136,-9.6407
4:55:13 PM,42.4872801,-82.8296979,,9.3887,355.6234,301.294,-80.5017,-1.7903,2.2836,230.5677,1.1632,-0.5398,9.9516,67.608,10.5866,119.6408,69.9495,-9.4172
4:55:14 PM,42.4873205,-82.8297037,16.9193,9.2527,353.7728,,-31.7235,-0.6794,2.4588,230.4638,1.1646,-0.5423,,,,,53.6456,-6.5983
4:55:15 PM,42.4873627,-82.8297103,16.8537,9.1555,354.0879,301.1647,32.0089,-0.7707,1.7795,,,,11.0051,66.1223,11.0685,114.6095,47.6354,-6.9306
4:55:16 PM,42.4874059,-82.8297165,,9.2527,0,300.9861,-1.7395,-0.6174,2.0957,230.3047,1.1667,-0.5462,10.7618,63.4856,10.5922,114.6113,41.0568,-6.3691
4:55:17 PM,42.4874494,-82.8297227,16.7881,9.1749,356.2594,299.9621,69.4734,0.2505,1.6872,230.1974,1.1682,-0.5488,11.4799,66.1949,11.539,114.4614,54.1991,-7.3661
4:55:18 PM,42.487493,-82.8297272,,9.0972,0,302.1236,,,,230.0927,1.1697,-0.5514,10.285,61.2547,10.066,116.3834,18.9185,-6.2889
4:55:19 PM,42.4875403,-82.8297328,16.7881,9.0194,0,301.4884,-20.513,-2.1577,2.6033,229.9887,1.1712,-0.554,11.4478,64.0788,11.2685,113.9776,62.7557,-10.0475
4:55:20 PM,42.4875815,-82.8297395,,8.5529,354.7869,298.5618,-61.7763,-0.4006,2.8512,229.8868,1.1725,-0.5565,10.5197,67.9611,11.12,118.7298,54.3366,-7.6353
4:55:21 PM,42.4876243,-82.8297471,16.9193,8.6306,352.5467,298.9925,-35.5222,0.9525,2.6814,229.7803,1.1739,-0.5591,10.3545,63.894,10.3666,116.2423,22.9971,
4:55:22 PM,42.4876656,-82.8297538,,9.3693,352.0425,,-13.0084,-1.5413,1.6085,229.6786,1.1753,-0.5616,10.9005,59.9118,10.062,110.3877,,-3.871
4:55:23 PM,42.4877066,-82.8297613,16.9193,9.622,351.6185,299.0147,-43.0062,-0.2514,2.6052,229.5267,1.1773,-0.5653,9.8225,59.5369,9.4679,116.5888,52.6669,-4.9825
4:55:24 PM,42.4877484,-82.8297686,,9.3304,352.7415,298.6035,54.4883,-0.1565,1.0736,,,,10.0654,58.3385,9.4745,115.2783,42.2294,-5.0055
4:55:25 PM,42.4877927,-82.8297777,16.9849,9.1555,352.2315,299.0576,-24.2602,-1.0581,2.3537,229.3627,1.1795,-0.5692,10.2469,63.5892,10.3824,117.879,60.708,-5.8305
4:55:26 PM,42.4878353,-82.8297856,,9.2138,352.3977,298.4718,-35.5085,0.1535,2.1761,229.2575,1.1809,-0.5718,9.7546,63.2709,10.1071,120.4582,77.896,-7.9963
4:55:27 PM,42.487882,-82.829795,16.7881,9.0583,351.4466,297.7184,35.7319,-1.8199,2.2982,229.1518,1.1823,-0.5744,10.058,64.1402,10.356,119.0771,70.4416,-7.9046
4:55:28 PM,42.4879227,-82.8298021,,9.1944,351.8018,,,,,229.0523,1.1836,-0.5769,10.109,64.5148,10.3584,118.2415,58.3042,-8.7354
4:55:29 PM,42.487964,-82.8298093,16.6896,8.9805,354.6036,297.8198,95.7137,-1.3771,2.3413,228.9514,1.185,-0.5793,10.5343,65.0938,10.6588,116.3101,51.6118,-8.1797
4:55:30 PM,42.4880062,-82.829814,,9.2138,355.5547,299.4688,31.9642,-1.6025,2.6278,228.8526,1.1865,-0.5819,9.7724,64.2384,10.0298,118.6581,62.2814,-8.5578
4:55:31 PM,42.4880475,-82.8298189,16.7881,8.8445,354.3515,300.2899,-16.7831,-1.3394,2.3636,228.7553,1.188,-0.5843,9.8137,64.5787,10.0462,118.0832,59.5632,-8.4604
4:55:32 PM,42.4880879,-82.8298242,,8.8445,354.976,301.2619,46.9734,-0.208,1.9062,228.6597,1.1894,-0.5868,9.7283,59.6571,9.2683,115.0621,42.337,-3.1949
4:55:33 PM,42.4881288,-82.8298287,16.624,8.9222,355.039,302.2666,-20.4924,-0.4509,2.395,228.5651,1.1909,-0.5892,9.9121,59.7551,9.4096,114.4929,47.2185,-4.633
4:55:34 PM,42.4881728,-82.8298332,,9.0389,354.8385,303.2163,32.0226,-1.935,2.4277,228.4704,1.1924,-0.5917,10.2064,61.0758,9.8265,114.6183,50.3019,-5.693
4:55:35 PM,42.488215,-82.8298376,16.7552,9.6414,356.0474,,5.7514,-1.5442,1.5583,228.3755,1.1939,-0.5941,9.9488,62.9012,10.0167,117.8479,68.7029,-0.5479
4:55:36 PM,42.4882592,-82.8298419,,9.6414,354.2369,303.288,,-3.4516,2.1781,228.2774,1.1954,-0.5967,10.4583,59.388,9.9034,114.6516,48.9353,-2.2037
4:55:37 PM,42.4883044,-82.8298487,16.3615,9.7386,354.1853,301.8818,-61.7247,0.7588,3.165,228.1724,1.197,-0.5994,9.7117,66.9417,10.6721,123.1433,90.8069,-10.7809
4:55:38 PM,42.4883485,-82.8298537,,9.3499,349.7449,299.5533,-192.9814,,,228.0666,1.1986,-0.6021,9.9092,47.4877,7.871,111.8725,276.8732,4.3108
4:55:39 PM,42.4883902,-82.8298622,16.5584,,,296.7077,-117.9388,0.598,2.6912,227.9641,1.2,-0.6047,11.6844,59.1195,10.5385,107.9076,23.2164,-4.5013
4:55:40 PM,42.4884312,-82.8298725,,9.0389,348.7823,295.9237,35.7938,0.513,2.1481,227.8638,1.2014,-0.6072,11.1549,62.6824,10.6689,111.7283,35.4271,-1.9115
4:55:41 PM,42.4884751,-82.8298837,16.2959,8.8833,347.8312,,62.0032,-0.4326,2.1577,227.7629,1.2027,-0.6096,11.2218,63.437,10.7865,111.4809,32.4907,-3.172
4:55:42 PM,42.4885164,-82.829894,,8.8833,348.8568,296.3909,88.2573,-1.3035,2.1007,227.6654,1.204,-0.612,10.6945,65.8897,10.7825,115.1347,49.3471,-3.172
4:55:43 PM,42.4885577,-82.8299026,16.1975,9.0972,349.9913,296.5552,,,,227.5636,1.2053,-0.6146,10.79,71.3779,11.6897,118.9891,60.3527,
4:55:44 PM,42.4885997,-82.8299102,15.8038,9.136,352.1341,296.8736,-16.79,-3.0083,2.1442,227.4658,1.2068,-0.6171,9.5732,58.4949,9.1292,116.6122,42.0303,-2.4845
4:55:45 PM,42.4886408,-82.8299226,,9.0972,347.0348,293.9775,-447.9212,0.9873,2.0853,227.3633,1.2081,-0.6196,9.0547,60.2978,9.105,120.2519,80.5538,-2.112
4:55:46 PM,42.4886793,-82.8299431,16.1975,8.7862,339.2712,287.0455,-391.6144,2.1017,2.3877,227.2562,1.2092,-0.6221,10.0989,63.0857,9.9832,115.5755,45.7897,1.4632
4:55:47 PM,42.4887133,-82.8299687,,8.825,333.513,278.804,-357.866,2.4854,1.9481,227.1453,1.2099,-0.6245,9.0952,68.5514,9.9935,122.1038,57.8234,-2.0318
4:55:48 PM,42.4887425,-82.8299991,16.4272,8.4751,326.0817,,-391.5834,2.5497,2.5944,227.0388,1.2103,-0.6266,8.1691,72.6331,9.8695,127.8167,73.8031,-1.4531
4:55:49 PM,42.4887734,-82.8300372,,7.9309,319.1547,270.7425,-440.3032,3.2553,2.3141,226.9343,1.2103,-0.6285,6.3825,74.8121,9.1064,137.4369,90.585,-1.3042
4:55:50 PM,42.4887982,-82.8300758,16.2631,8.2808,312.3479,261.2918,-455.2642,2.8956,2.2827,226.827,1.2101,-0.6304,5.8596,85.092,9.6948,142.9733,86.8915,0.197
4:55:51 PM,42.4888194,-82.8301178,,8.378,304.8823,252.2921,,,,226.671,1.2095,-0.6328,4.772,95.1216,9.828,151.0785,87.9972,0.5522
4:55:52 PM,42.4888365,-82.8301619,16.5584,8.203,298.511,245.0602,-417.7412,2.4421,2.4603,226.5722,1.2087,-0.6342,3.889,114.9713,10.3652,160.1153,88.5514,0.6783
4:55:53 PM,42.4888488,-82.8302065,,7.9114,290.9308,235.591,-428.9517,2.1937,2.858,226.4834,1.2078,-0.6353,3.1372,135.971,10.3214,167.8043,86.6411,0.6783
4:55:54 PM,42.4888551,-82.8302517,16.624,7.6587,282.8979,,-511.4026,2.0586,2.7875,226.4057,1.2066,-0.636,2.2878,151.1296,9.7556,173.4985,86.1753,0.6783
4:55:55 PM,42.4888554,-82.8302991,16.4928,7.6782,275.5984,225.4865,-410.1266,2.9814,2.8607,226.3372,1.205,-0.6365,2.1498,169.8084,9.752,177.7645,81.5687,1.0908
4:55:56 PM,42.4888502,-82.8303473,,7.5615,267.9265,218.77,-406.3382,1.4714,2.5174,226.2789,1.2033,-0.6366,,,,,81.9435,1.0908
4:55:57 PM,42.4888397,-82.8303988,16.4272,7.5032,259.7733,211.0184,-402.5464,2.669,2.2769,226.2265,1.2012,-0.6364,1.7592,-143.2547,8.9958,-173.2812,,1.1309
4:55:58 PM,42.4888264,-82.8304468,,7.9503,255.8085,207.2301,-162.547,2.4971,2.7304,226.1888,1.1993,-0.636,2.7554,-94.2558,8.3868,-160.8745,88.3161,2.9185
4:55:59 PM,42.4888105,-82.8304941,15.8694,8.0864,249.6606,205.6334,-117.5297,1.9777,2.4823,226.1523,1.1971,-0.6355,2.7778,-95.4284,8.5992,-161.2412,83.5232,3.4972
4:56:00 PM,42.4887935,-82.8305417,,8.3974,248.6923,,,,,226.1176,1.1949,-0.635,4.8717,-95.2136,9.9122,-150.6953,84.478,3.7952
4:56:01 PM,42.4887747,-82.8305899,16.4272,8.6501,246.0739,205.2742,-46.2721,1.9702,2.9338,226.0856,1.1925,-0.6343,5.4881,-96.0257,10.5342,-148.7948,84.5934,2.0018
4:56:02 PM,42.4887551,-82.8306384,,8.7278,245.2317,202.4501,-136.1932,1.7692,2.6335,226.0547,1.1902,-0.6336,6.4383,-92.3729,10.9666,-144.0856,85.7825,10.4415
4:56:03 PM,42.488735,-82.8306864,16.7881,8.5918,242.344,200.8878,-16.1815,2.628,3.1496,226.0254,1.1878,-0.6328,6.0819,-91.7116,10.7776,-145.663,82.2049,1.7669
4:56:04 PM,42.4887152,-82.8307347,,8.7473,241.8913,,6.3186,0.2434,2.1729,225.9949,1.1854,-0.6321,7.3749,-92.1723,11.6683,-140.8322,83.7651,5.0786
4:56:05 PM,42.4886924,-82.8307885,16.6896,8.7862,241.7882,202.6893,-19.9149,,,225.9624,1.1828,-0.6313,7.1091,-81.9675,10.4987,-137.8943,87.2993,13.2604
4:56:06 PM,42.4886725,-82.8308372,16.5584,8.9611,240.2412,203.5461,,1.406,2.4852,225.9313,1.1804,-0.6305,8.3268,-90.4655,12.237,-137.1217,85.9253,0.5064
4:56:07 PM,42.4886529,-82.8308842,,8.9028,242.3554,203.6523,13.861,1.4643,3.0767,225.9021,1.1781,-0.6298,8.9968,-84.855,12.1062,-132.255,90.0526,
4:56:08 PM,42.488633,-82.8309311,16.7881,8.9611,239.8917,202.7165,-72.3543,-0.4604,2.4694,225.8764,1.176,-0.6291,8.2026,-85.4016,11.6804,-135.574,87.8729,8.5908
4:56:09 PM,42.4886114,-82.8309769,,8.9611,238.2129,200.6145,-102.3177,1.3133,2.1287,225.8521,1.1736,-0.6283,9.1296,-80.6143,11.6626,-129.4364,90.6197,4.9755
4:56:10 PM,42.4885902,-82.8310244,16.624,9.0194,238.3848,200.7636,25.2159,2.5219,2.7445,225.8254,1.1713,-0.6275,9.2272,-82.0626,11.9738,-130.2499,88.1672,7.5996
4:56:11 PM,42.4885677,-82.8310708,,9.2721,236.3852,201.8679,-42.2637,0.4636,2.4241,225.8028,1.1688,-0.6266,8.5669,-82.5125,11.7499,-133.7068,86.8094,10.6477
4:56:12 PM,42.4885434,-82.8311231,16.7552,8.9611,238.551,,40.2182,0.8984,2.457,225.7751,1.1662,-0.6256,8.5954,-77.8985,11.1911,-131.3243,89.6024,4.815
4:56:13 PM,42.4885207,-82.8311699,,9.2916,237.6228,203.6487,-27.2407,-1.0474,2.9004,,,,8.5158,-78.4658,11.2765,-132.2746,89.9012,6.6313
4:56:14 PM,,,16.6896,9.1555,237.0613,203.0911,17.8007,0.9272,1.685,225.7396,1.1625,-0.6242,8.912,-73.703,10.8544,-127.9951,92.7475,4.414
4:56:15 PM,42.4884978,-82.8312162,,9.1749,239.3417,204.5415,,,,225.7154,1.16,-0.6233,9.5935,-77.152,11.7481,-127.2355,92.9555,5.6745
4:56:16 PM,42.488476,-82.8312654,16.7881,9.4471,238.9177,206.5618,66.5651,1.9945,1.8697,225.6864,1.1576,-0.6225,8.7593,-73.8403,10.9486,-129.7873,93.8996,6.2245
4:56:17 PM,42.4884524,-82.8313149,,9.7386,237.7087,203.8461,-132.1435,-0.1291,2.1808,225.6623,1.155,-0.6215,8.6348,-75.8796,11.1967,-131.5921,91.6626,6.2016
4:56:18 PM,42.4884283,-82.8313642,16.9193,9.6803,234.7752,203.3038,-60.8584,1.7076,2.0679,225.6392,1.1524,-0.6205,9.0774,-77.0334,11.668,-130.7004,89.7208,8.7169
4:56:19 PM,42.4884035,-82.8314105,16.9849,9.7386,234.546,203.1044,-4.6031,0.7808,1.9443,225.6234,1.1501,-0.6196,8.9497,-74.0101,11.2449,-130.0845,90.0655,7.6454
4:56:20 PM,42.4883784,-82.831457,,9.5831,233.1824,,14.167,-0.1134,1.9813,225.6045,1.1474,-0.6184,8.6014,-71.9453,10.7683,-130.5853,89.6764,4.4942
4:56:21 PM,42.48835032,-82.83150931,16.7552,9.0972,236.729,204.3792,111.6752,1.4279,2.2655,225.584,1.1448,-0.6174,9.3158,-72.223,11.125,-127.1183,93.1709,10.5217
4:56:22 PM,42.48832607,-82.83155977,,9.4665,235.8925,207.5922,92.9292,-1.6581,2.6502,225.557,1.1422,-0.6164,8.118,-71.326,10.3424,-131.9607,92.0809,8.2413
4:56:23 PM,42.48830309,-82.83160946,16.4272,8.9028,235.8925,209.3859,77.9131,0.4322,1.76,225.5276,1.1397,-0.6155,9.3077,-70.1829,10.6374,-124.5957,97.6713,7.7314
4:56:24 PM,42.48828185,-82.8316593,,9.0972,240.0693,210.8202,,,,225.4955,1.1372,-0.6148,8.9668,-70.585,10.428,-125.8084,98.8532,9.0148
4:56:25 PM,42.48826092,-82.83170913,16.4928,9,241.4673,212.4801,89.1889,-0.2812,2.119,225.4621,1.1348,-0.614,8.3268,-73.1136,10.3615,-129.7374,97.7677,9.0148
4:56:26 PM,42.48824084,-82.83175863,,8.7862,241.0032,,-8.2781,-0.4595,2.3485,225.4272,1.1324,-0.6133,8.352,-71.7937,10.1365,-128.4918,99.3864,9.0836
4:56:27 PM,42.4882217,-82.83180708,16.9193,9.1555,240.9803,212.6441,-0.7357,-0.8928,2.2435,225.3931,1.13,-0.6126,7.9498,-68.3014,9.5507,-129.3399,99.6587,1.6007
4:56:28 PM,42.488201,-82.8318606,,8.8445,241.1178,213.4002,115.5289,1.0086,2.2153,225.3559,1.1277,-0.6119,8.2072,-73.8885,10.3222,-130.1932,99.1262,9.3414
4:56:29 PM,42.4881813,-82.8319106,16.624,9.1555,243.444,216.5927,14.2907,-0.6437,1.8661,225.3193,1.1253,-0.6112,8.1368,-73.4117,10.3169,-130.8989,99.9627,8.6137
4:56:30 PM,42.4881622,-82.8319622,,9.6026,243.6847,216.7676,-41.9199,1.2926,2.0961,225.2779,1.1229,-0.6106,8.5992,-74.9553,10.8987,-130.3621,101.0329,
4:56:31 PM,42.4881431,-82.8320121,16.7552,9.4082,243.4841,215.7182,-75.6442,0.6527,2.5854,225.2404,1.1205,-0.6099,8.8737,-76.2888,11.306,-130.3145,100.0479,8.6768
4:56:32 PM,42.4881233,-82.8320642,,9.7581,241.6851,214.3247,,0.8048,2.2548,225.2011,1.118,-0.6092,8.7529,-74.7982,11.0787,-130.3219,99.0175,8.82
4:56:33 PM,42.4881028,-82.832117,16.624,9.2527,242.5846,215.7059,48.1181,,,225.1612,1.1155,-0.6085,8.4901,-75.1218,10.9448,-131.4341,98.74,8.6997
4:56:34 PM,42.4880833,-82.8321693,,9.4665,243.8909,,96.8654,-0.0091,2.2875,225.1194,1.113,-0.6078,8.3719,-73.6089,10.6463,-131.0262,100.7744,8.6538
4:56:35 PM,42.4880628,-82.8322272,16.4272,9.3693,243.6732,218.955,59.3596,-0.0807,2.4503,225.0745,1.1106,-0.6072,8.6809,-74.0082,10.8454,-129.6961,102.8476,6.6943
4:56:36 PM,42.4880436,-82.832279,,9.3887,246.1942,218.9999,-53.1132,-0.4065,2.0751,225.0107,1.107,-0.6063,8.9089,-77.1229,11.3997,-130.3726,102.6158,5.8635
4:56:37 PM,42.4880258,-82.8323313,16.3615,9.3693,244.5269,218.7777,14.4248,0.2019,2.1292,224.9669,1.1046,-0.6056,,,,,,7.0438
4:56:38 PM,42.4880071,-82.8323833,,9.2138,245.2317,219.3103,29.4202,0.6645,2.1592,224.9214,1.1021,-0.605,8.1428,-76.284,10.8417,-133.1432,100.3661,4.265
4:56:39 PM,42.4879885,-82.8324364,16.7552,9.0583,246.601,,,-0.4405,2.6773,224.8723,1.0997,-0.6045,7.8446,-77.8551,10.8087,-134.8038,99.3973,7.2329
4:56:40 PM,42.4879716,-82.8324903,,8.9222,246.4291,221.4951,156.8953,-0.1291,2.5258,,,,7.1952,-79.13,10.5183,-137.7948,98.1794,7.6684
4:56:41 PM,42.4879548,-82.8325409,16.8537,8.8056,247.1855,221.7599,-71.8214,,,224.8018,1.0962,-0.6037,7.0806,-79.8059,10.4251,-138.0509,99.0816,3.9441
4:56:42 PM,42.4879361,-82.8325974,,8.7278,247.5235,221.7037,96.9341,0.8479,2.3605,224.7549,1.0939,-0.6032,7.8434,-79.4888,10.6789,-133.7677,101.9395,9.4216
4:56:43 PM,42.4879199,-82.8326471,16.5584,8.7278,248.6981,223.3677,25.6834,0.4163,1.7385,224.7088,1.0916,-0.6027,7.0682,-80.8921,10.3473,-137.586,99.7621,8.7341
4:56:44 PM,42.4879055,-82.8326986,,,,224.0808,48.1972,-0.7145,2.6633,224.6303,1.0883,-0.6021,6.3469,-84.632,10.3289,-142.2811,97.3917,8.5507
4:56:45 PM,42.4878908,-82.8327495,16.8537,8.6112,249.1335,225.6302,40.7029,0.0728,2.4811,224.5775,1.0861,-0.6017,6.6475,-81.3524,10.104,-139.4264,100.4813,7.5309
4:56:46 PM,42.4878771,-82.8328004,,8.8639,250.669,227.2643,,0.0078,1.9874,224.5215,1.0839,-0.6013,6.9852,-80.5477,10.1908,-137.4579,102.9896,7.5309
4:56:47 PM,42.4878632,-82.8328538,16.7552,9.0194,251.0128,,21.9672,0.4455,2.029,,,,7.3581,-81.2581,10.644,-136.9012,104.2536,7.5137
4:56:48 PM,42.4878494,-82.8329096,,9.1749,250.8982,228.3963,-26.756,1.6628,1.7098,224.4285,1.0805,-0.6009,7.941,-80.3131,11.1455,-135.3861,106.321,7.4965
4:56:49 PM,42.4878352,-82.8329674,16.7552,9.8358,251.6259,226.6567,-150.4633,,,224.3631,1.0781,-0.6006,8.1111,-79.8426,11.4954,-136.0097,105.5191,7.5137
4:56:50 PM,42.4878166,-82.8330308,16.7552,9.933,248.2683,224.0891,-82.9356,2.3614,2.5601,224.3026,1.0755,-0.6001,7.8771,-80.7225,11.718,-138.4379,101.5879,7.8345
4:56:51 PM,42.4877979,-82.833088,,10.2052,246.4979,222.0482,10.8117,0.6027,2.7611,224.2462,1.073,-0.5996,7.1541,-78.0818,11.1087,-140.9405,98.3604,
4:56:52 PM,42.4877786,-82.8331431,16.2959,9.5831,245.2832,222.4358,,-0.1995,3.0704,224.1944,1.0705,-0.5989,7.3485,-77.5079,10.9129,-138.8955,98.6433,7.4965
4:56:53 PM,42.4877608,-82.8331972,,9.3887,247.8444,,172.0214,-0.1876,2.8432,224.1174,1.0668,-0.5981,7.6561,-75.8721,10.5647,-135.3499,102.3171,7.4506
4:56:54 PM,42.487746,-82.8332524,16.5584,9.1166,249.8612,227.0585,123.2398,0.2831,1.2697,224.0531,1.0645,-0.5978,8.0077,-72.4941,10.2139,-131.6093,108.2943,7.4277
4:56:55 PM,42.4877333,-82.8333085,,9.3887,252.703,230.8794,108.2443,-0.0411,1.8163,223.9832,1.0622,-0.5976,7.7041,-77.3485,10.7282,-135.5182,108.1958,7.4506
4:56:56 PM,42.487721,-82.8333662,16.7552,9.7386,255.1782,232.2672,44.5051,,,223.9094,1.0599,-0.5974,7.8397,-78.7453,11.1771,-136.5344,108.9292,7.4105
4:56:57 PM,42.4877099,-82.8334258,16.7552,9.7775,255.459,233.1571,40.7511,1.1947,2.4185,223.8309,1.0576,-0.5973,7.8017,-82.6927,11.735,-138.7437,107.2606,8.5221
4:56:58 PM,42.4876974,-82.8334927,,9.6803,255.9116,232.6401,-34.2262,0.2076,1.7496,223.7503,1.0552,-0.5972,7.0787,-79.3312,11.0567,-141.0128,106.8564,7.3475
4:56:59 PM,42.4876854,-82.8335547,16.8537,9.9913,254.8287,231.8437,-79.2057,1.7451,2.0468,223.6705,1.0528,-0.597,6.8372,-83.4021,11.4444,-143.5966,104.2127,9.2383
4:57:00 PM,42.487673,-82.8336149,,10.0108,251.5858,,,0.3667,2.1219,,,,6.2301,-83.0965,11.175,-146.3954,100.9186,8.27
4:57:01 PM,42.4876607,-82.8336747,16.8537,9.797,253.0984,230.3531,3.2899,1.7673,2.5368,223.555,1.0492,-0.5967,6.3791,-82.5994,11.1263,-145.3502,101.6448,8.27
4:57:02 PM,42.4876492,-82.8337347,,9.6609,254.4104,232.1723,78.2637,-0.8013,2.8783,223.4777,1.0469,-0.5966,5.6263,-81.1921,10.5174,-148.0858,100.6762,7.8574
4:57:03 PM,42.4876395,-82.8337946,17.0505,9.4082,258.6274,233.3459,70.7076,-0.3724,1.6798,223.3951,1.0447,-0.5965,6.3064,-76.5171,10.1436,-142.8016,107.2462,5.6745
4:57:04 PM,42.4876303,-82.8338542,,9.6609,257.6247,,-34.2571,,,223.3102,1.0425,-0.5965,6.8617,-76.2854,10.4722,-140.4652,109.3065,5.6515
4:57:05 PM,42.4876203,-82.8339146,16.6896,9.8941,257.3497,233.1069,-195.4634,2.1469,1.1844,223.2254,1.0402,-0.5965,6.5351,-76.7863,10.5566,-142.9395,106.354,7.2329
4:57:06 PM,42.4876059,-82.8339828,,10.108,254.2558,229.938,-131.6966,1.1602,1.3243,223.1441,1.0378,-0.5963,6.8708,-78.6563,11.0969,-142.6223,103.5908,5.6745
4:57:07 PM,42.4875909,-82.8340452,16.7552,10.3218,250.0159,227.5147,-7.9446,3.2431,2.3734,223.0658,1.0353,-0.596,5.9996,-79.5002,10.8609,-147.1015,98.0448,10.5446
4:57:08 PM,42.4875751,-82.8341055,16.6896,9.933,249.7466,227.3247,7.0268,0.851,2.5634,222.9905,1.0327,-0.5957,7.2261,-74.1414,10.7104,-139.5337,103.8298,5.0557
4:57:09 PM,42.4875593,-82.8341647,,9.9136,249.6664,226.6622,,0.11,1.5354,222.919,1.0303,-0.5953,7.112,-74.2767,10.5314,-139.4552,103.0198,8.6997
4:57:10 PM,42.4875432,-82.8342214,16.7881,9.7581,248.8127,,-71.7183,0.2351,2.6904,222.8497,1.0278,-0.5949,7.7394,-77.9622,11.0887,-136.9526,103.554,8.0351
4:57:11 PM,42.4875269,-82.8342771,,9.5443,248.9788,225.6829,48.2728,-0.5512,2.1375,222.7869,1.0254,-0.5944,7.3955,-75.6274,10.4833,-136.8918,103.3063,3.4113
4:57:12 PM,42.4875094,-82.8343375,16.7552,9.311,249.3169,226.5104,78.2466,,,222.7175,1.0228,-0.5939,7.9579,-75.0929,10.6126,-133.5628,106.8245,4.8781
4:57:13 PM,42.4874952,-82.834394,,9.4082,252.4452,228.9135,138.2249,0.6496,2.1398,222.6477,1.0204,-0.5936,7.2587,-74.2047,10.1267,-136.3916,107.0192,4.815
4:57:14 PM,42.4874821,-82.8344496,16.7881,9.136,252.7202,230.7893,-26.7697,-0.785,2.1556,222.5764,1.0182,-0.5933,7.5401,-75.3359,10.3179,-135.0107,108.9496,
4:57:15 PM,42.48747,-82.834504,,9.2138,253.2645,230.9033,18.2372,-0.4149,2.4044,222.5046,1.016,-0.5931,7.8711,-75.5178,10.4824,-133.3623,110.6516,4.815
4:57:16 PM,42.487458,-82.834558,16.4928,9.3499,254.462,231.249,-34.24,0.1161,2.2263,222.4379,1.0141,-0.5929,7.4154,-74.4462,10.0888,-134.9194,110.2723,4.8551
4:57:17 PM,42.4874465,-82.8346131,,9.136,254.3532,,,-0.2149,2.3463,222.3657,1.0119,-0.5927,,,,,,4.6489
4:57:18 PM,42.4874351,-82.8346682,16.7552,9.0583,254.124,232.392,51.9959,-0.3298,2.1874,222.2886,1.0098,-0.5925,7.5489,-75.5292,10.3357,-134.9922,110.4078,4.8379
4:57:19 PM,42.4874249,-82.8347252,,9.3499,255.2813,232.6941,6.9993,,,222.2096,1.0076,-0.5924,7.6544,-77.0983,10.5572,-135.0298,110.7482,4.8379
4:57:20 PM,42.4874131,-82.8347893,16.8537,9.5248,255.9402,232.7025,14.5073,1.204,2.0679,222.1149,1.0052,-0.5923,7.7613,-78.6998,10.8903,-135.6641,110.3863,5.2677
4:57:21 PM,42.4874007,-82.8348482,,9.6803,252.1243,231.1047,-41.7205,1.8452,2.2102,222.0318,1.003,-0.5921,7.3012,-78.6534,10.8197,-138.5765,108.1275,5.5427
4:57:22 PM,42.4873861,-82.8349068,16.9849,10.1857,250.9211,229.4966,-75.4551,0.8838,2.2646,221.9534,1.0006,-0.5919,7.3207,-78.2602,10.9585,-139.1513,106.0323,5.6515
4:57:23 PM,42.4873703,-82.8349658,,10.1663,251.9983,,29.5096,1.2197,2.1094,221.8784,0.9982,-0.5915,6.9657,-78.7591,10.9818,-141.5284,102.6848,6.1443
4:57:24 PM,42.4873552,-82.835025,16.7881,9.9913,250.9612,228.5805,-34.24,,,221.8011,0.9957,-0.5911,7.1982,-77.7037,10.9673,-140.113,103.1944,5.9438
4:57:25 PM,42.4873398,-82.8350825,,9.7775,250.4513,228.6838,51.9994,1.5305,2.3175,221.7264,0.9934,-0.5907,7.6519,-79.3085,11.3573,-138.5439,104.0088,6.6943
4:57:26 PM,42.4873241,-82.8351405,17.0505,9.7581,251.391,228.8681,,-0.2585,1.9538,221.6514,0.9909,-0.5903,7.5395,-76.709,10.9311,-137.8361,104.7502,4.5457
4:57:27 PM,42.487309,-82.835197,17.1161,9.5248,250.7435,,44.4844,0.3456,2.3645,221.5834,0.9888,-0.59,8.3372,-79.2241,11.5437,-134.8064,106.6312,6.3849
4:57:28 PM,42.4872952,-82.8352605,,9.4276,254.0266,230.7452,104.4731,-0.3713,2.394,221.4985,0.9863,-0.5897,8.2248,-79.9324,11.4841,-135.1574,107.3067,6.1844
4:57:29 PM,,,17.0505,9.3693,256.6163,234.2891,186.9275,-1.4738,1.7474,221.4134,0.984,-0.5895,8.1085,-80.4286,11.3717,-135.322,109.821,4.328
4:57:30 PM,42.4872845,-82.835319,,9.4471,257.4013,235.78,10.6948,-0.7943,1.7955,221.3208,0.9819,-0.5895,8.0152,-79.7887,11.235,-135.4035,112.2031,3.9613
4:57:31 PM,42.4872756,-82.8353783,17.1161,9.6998,258.1232,236.2003,25.704,-0.7913,1.8823,221.226,0.9797,-0.5895,6.9814,-78.2781,10.6533,-140.0841,110.0772,3.9842
4:57:32 PM,42.4872663,-82.8354383,,9.3693,257.9513,,48.2006,,,221.1307,0.9776,-0.5895,6.1005,-80.1229,10.5297,-145.1962,106.4865,3.9842
4:57:33 PM,42.4872576,-82.8354979,16.9849,9.7386,258.3467,236.5313,-90.5227,0.1,1.9457,221.0334,0.9754,-0.5895,5.6151,-76.2164,9.9844,-146.894,106.4577,4.0072
4:57:34 PM,42.4872482,-82.8355585,,10.0885,255.9861,235.2974,-83.0044,1.3568,2.0961,220.938,0.9733,-0.5895,5.4904,-76.5476,10.0002,-147.7259,105.0527,4.1848
4:57:35 PM,42.4872379,-82.8356183,17.1161,10.0302,255.5907,234.1969,10.7292,0.5866,2.0524,220.8377,0.9708,-0.5893,4.9444,-74.5995,9.8496,-151.0554,100.9735,4.1848
4:57:36 PM,42.4872259,-82.8356781,,9.7386,256.0778,235.0269,70.7007,1.2872,2.5743,,,,5.2282,-75.9638,10.0151,-149.5729,102.0936,4.2249
4:57:37 PM,42.48721375,-82.83574409,17.1161,9.9913,257.3898,,,,,220.7075,0.9676,-0.5892,4.9668,-73.5732,9.6272,-150.3401,102.2807,4.2249
4:57:38 PM,42.48720458,-82.83580365,,9.5637,259.1946,235.6278,25.6903,0.0412,2.0138,220.6106,0.9655,-0.5892,5.7893,-80.2294,10.3392,-146.5084,105.3252,
4:57:39 PM,42.48719621,-82.83586253,16.9193,9.8747,260.4036,237.2617,6.9202,-0.173,1.7618,220.5121,0.9634,-0.5892,5.9946,-78.8661,10.3333,-145.3052,107.7664,4.2421
4:57:40 PM,42.48718845,-82.8359221,,9.6803,258.3639,236.7722,-45.5673,0.9759,2.1912,220.4113,0.9613,-0.5893,6.5231,-83.9548,11.085,-144.1836,108.0052,4.2249
4:57:41 PM,42.48718006,-82.83598,16.7881,9.622,257.8081,235.8237,-26.8041,0.1839,2.0059,220.3133,0.9593,-0.5893,5.9379,-84.51,10.8491,-146.9886,104.4197,6.0583
4:57:42 PM,42.4871709,-82.83603809,,9.5637,259.2176,236.8875,115.6424,0.4182,1.9357,220.2177,0.9572,-0.5893,6.1241,-85.3392,11.0094,-146.3288,105.0412,5.8005
4:57:43 PM,42.4871611,-82.8361036,16.6896,10.0302,259.9911,,,,,220.1183,0.9551,-0.5893,5.7817,-83.3905,10.7919,-147.8467,105.6434,5.8234
4:57:44 PM,42.4871528,-82.8361647,,10.0108,258.9998,237.6227,-101.8467,-0.4196,1.7396,220.0132,0.953,-0.5894,6.5459,-82.4066,11.1776,-144.515,108.1952,3.9441
4:57:45 PM,42.4871445,-82.8362262,16.7881,10.1857,259.3436,236.8944,36.8973,0.3576,2.551,219.8538,0.9498,-0.5895,5.5766,-84.3714,10.9437,-149.5278,103.6572,6.7115
4:57:46 PM,42.4871356,-82.8362875,,9.8941,259.2806,236.7381,-11.8602,0.015,2.1083,219.7475,0.9476,-0.5895,6.5859,-80.657,11.0311,-143.9061,108.3882,-1.0692
4:57:47 PM,42.4871262,-82.8363501,16.2959,9.797,258.381,235.8617,14.387,1.5439,2.529,219.6442,0.9455,-0.5895,5.9693,-81.4007,10.6928,-146.4971,105.6175,6.0125
4:57:48 PM,42.4871167,-82.8364094,,9.7386,258.2779,235.8337,-34.3672,-0.6737,2.1074,219.5436,0.9433,-0.5894,5.9633,-77.9442,10.2857,-145.4604,106.6346,2.6149
4:57:49 PM,42.4871069,-82.8364688,16.2959,9.5248,258.7592,236.9585,111.8608,0.79,2.0235,,,,5.8641,-80.9241,10.4263,-146.2624,106.0869,4.4942
4:57:50 PM,42.4870975,-82.8365333,,,,238.0849,6.8274,-0.1925,2.1826,219.3908,0.9402,-0.5894,6.0533,-80.4058,10.4041,-144.9929,108.5414,4.0072
4:57:51 PM,42.4870911,-82.8365913,16.4272,9.4859,261.9219,,-41.8958,0.7418,1.9805,219.286,0.9383,-0.5896,6.1912,-81.3906,10.6005,-144.7274,109.5078,5.3593
4:57:52 PM,42.487084,-82.8366503,,9.6803,260.1859,238.2447,-83.1453,1.0564,1.9756,219.1781,0.9363,-0.5897,6.3313,-81.4133,10.7637,-144.4358,108.7964,4.8895
4:57:53 PM,42.4870763,-82.8367088,16.1975,9.9136,259.9911,236.2196,,,,219.0726,0.9343,-0.5898,6.4041,-82.1076,10.9561,-144.6208,107.4563,4.9067
4:57:54 PM,42.4870662,-82.8367705,,9.797,257.8425,234.7423,-56.8913,2.012,1.987,218.9115,0.931,-0.5897,5.4835,-81.4843,10.5131,-148.9464,102.3038,4.8895
4:57:55 PM,42.4870548,-82.8368307,15.8694,9.6414,254.8172,232.9823,-19.4026,0.2771,2.0644,218.8114,0.9288,-0.5896,6.3835,-84.552,11.0575,-144.922,103.74,7.2501
4:57:56 PM,42.4870429,-82.8368896,,9.6026,254.9605,,18.0894,0.5771,1.9728,218.7137,0.9267,-0.5895,6.4516,-74.256,9.9564,-141.4149,106.8025,-6.2316
4:57:57 PM,42.487031,-82.8369526,15.771,9.4859,255.1782,233.2776,63.0517,0.4065,2.2393,218.6162,0.9245,-0.5893,7.5675,-79.8487,10.9946,-137.35,110.3212,0.8444
4:57:58 PM,42.4870199,-82.837012,,9.6998,257.5445,235.4751,164.2762,0.8246,2.1151,218.5153,0.9224,-0.5892,7.2368,-80.9053,10.9895,-139.4404,110.6988,0.8616
4:57:59 PM,42.4870104,-82.8370709,15.3773,9.7192,259.6702,237.6929,-128.2176,0.2007,1.382,218.4102,0.9204,-0.5892,,,,,,0.8616
4:58:00 PM,42.4870014,-82.8371314,,9.933,257.6076,235.5702,-161.9351,1.46,1.9722,218.301,0.9183,-0.5892,6.9103,-80.6512,11.0804,-142.0215,109.5489,
4:58:01 PM,42.4869905,-82.8371923,15.5741,10.3218,256.2554,233.1251,,,,218.192,0.916,-0.5891,6.3043,-82.5987,11.1686,-145.9603,105.1729,1.9617
4:58:02 PM,42.4869765,-82.8372556,,10.1468,252.9551,230.8424,-124.4017,2.588,1.6406,218.0872,0.9136,-0.5888,6.3868,-82.0142,11.3484,-146.1285,102.7849,5.3593
4:58:03 PM,42.486961,-82.8373188,15.5741,10.5551,251.729,,-71.9039,2.2601,1.5268,217.9856,0.9112,-0.5885,6.1277,-81.5432,11.3292,-147.6566,99.5569,6.0125
4:58:04 PM,42.4869456,-82.8373813,,10.6134,250.8868,229.7115,-0.6807,1.1474,2.0718,217.8827,0.9087,-0.5882,6.9362,-81.7325,11.8151,-144.4819,100.3982,5.9667
4:58:05 PM,42.4869295,-82.8374443,15.5085,10.5356,250.7894,229.2342,6.7895,0.8649,2.0407,217.7801,0.9063,-0.5878,7.6729,-81.7743,12.1168,-141.1909,102.292,6.574
4:58:06 PM,42.4869124,-82.8375136,,10.5551,251.3566,229.0006,25.5493,0.9334,1.9682,217.6782,0.9039,-0.5874,7.9358,-78.0896,11.7144,-138.4819,104.474,6.4823
4:58:07 PM,42.4868969,-82.8375747,15.3117,9.9719,249.7924,229.7326,59.2839,0.4459,1.2832,217.5782,0.9015,-0.5871,7.8874,-79.0294,11.7164,-138.6322,103.8829,6.3849
4:58:08 PM,42.4868812,-82.8376357,,10.1663,252.3707,,33.0196,0.9542,1.6276,217.4784,0.8991,-0.5867,7.9342,-76.0927,11.2734,-136.9085,106.5278,3.4342
4:58:09 PM,42.4868669,-82.8376968,16.0007,10.0108,251.9983,231.1342,,,,217.3746,0.8968,-0.5864,7.64,-76.785,11.1816,-138.3043,106.2512,5.8865
4:58:10 PM,42.4868533,-82.8377565,,9.797,252.7145,231.2506,-15.738,-0.2109,2.3474,217.2718,0.8945,-0.5862,7.5777,-79.2895,11.3228,-138.8842,106.031,5.8005
4:58:11 PM,42.4868402,-82.8378167,15.5741,9.7192,252.09,231.125,10.5092,0.2923,2.4898,217.1661,0.8923,-0.5859,7.5262,-76.6674,10.8745,-137.6669,107.2048,5.9094
4:58:12 PM,42.4868282,-82.8378748,,9.4471,254.4506,,40.4863,-0.3734,2.5359,,,,6.9893,-73.9198,10.1995,-138.8185,107.3558,5.8406
4:58:13 PM,42.4868162,-82.8379378,15.4429,9.4276,255.2355,232.663,-15.7621,-0.5196,1.8385,217.0001,0.8889,-0.5857,6.4111,-71.5076,9.6084,-140.7438,107.6686,5.7375
4:58:14 PM,42.486804,-82.8379954,15.8694,9.4665,253.7745,231.7334,-68.2461,0.3018,2.0243,216.8946,0.8868,-0.5855,6.7258,-75.0337,10.1256,-140.0807,107.267,5.7375
4:58:15 PM,42.4867911,-82.838054,,9.6803,253.1958,231.1355,-23.2357,0.5439,1.9136,216.792,0.8847,-0.5853,6.6571,-75.8768,10.2489,-140.9568,105.3866,5.7375
4:58:16 PM,42.4867782,-82.8381112,15.8038,9.5831,253.826,231.9224,74.2416,-0.0671,2.2869,216.6872,0.8825,-0.5851,6.5164,-77.8629,10.3878,-142.172,104.219,5.7375
4:58:17 PM,42.4867657,-82.8381701,,9.6026,253.8547,231.9551,-27.0104,-0.2015,2.3977,216.5401,0.8795,-0.5848,6.4437,-77.371,10.3052,-142.3995,104.5626,5.5599
4:58:18 PM,42.4867539,-82.8382289,15.3773,9.5054,252.8749,231.8445,-23.2598,0.047,2.1161,216.4308,0.8774,-0.5846,6.8782,-77.3502,10.4711,-140.139,106.2441,5.5828
4:58:19 PM,42.4867417,-82.8382871,,9.6414,252.3192,,-0.7632,0.6203,2.415,216.3237,0.8753,-0.5844,6.8335,-76.6505,10.3538,-140.0464,106.1053,5.5828
4:58:20 PM,42.4867274,-82.8383513,15.6398,9.6026,253.2072,231.4838,-19.5092,0.7555,1.885,216.2063,0.8729,-0.5842,6.8824,-78.2853,10.5775,-140.4234,105.53,5.6974
4:58:21 PM,42.4867147,-82.8384101,,9.6609,253.1041,231.5373,,,,216.0981,0.8708,-0.584,6.4267,-75.1425,10.1158,-142.1155,104.5732,5.6974
4:58:22 PM,42.4867015,-82.8384682,14.9508,9.797,252.7431,231.712,10.4851,1.7727,2.3559,216.0025,0.8688,-0.5837,6.067,-77.4693,10.3246,-144.9965,102.3619,6.5053
4:58:23 PM,42.4866877,-82.838531,,9.8941,252.5426,231.4016,-57.0116,-0.1118,2.0173,215.8854,0.8665,-0.5835,5.475,-80.9875,10.4054,-148.69,98.8178,5.9094
4:58:24 PM,42.4866749,-82.8385867,15.5741,9.4276,253.3333,231.7609,70.4497,0.338,2.8849,215.7929,0.8646,-0.5833,5.6386,-80.2359,10.228,-147.0912,100.4465,6.0583
4:58:25 PM,42.4866629,-82.8386414,,9.2916,253.7687,,25.4496,-1.0102,2.0888,215.6908,0.8626,-0.583,6.9239,-78.596,10.4743,-139.6102,106.3062,4.3452
4:58:26 PM,42.4866515,-82.8386978,15.2133,9.2721,255.2699,232.914,62.9348,0.0859,2.2178,215.5825,0.8606,-0.5829,7.3423,-79.0518,10.6877,-137.5859,108.9767,4.3681
4:58:27 PM,42.4866412,-82.8387541,,9.4471,255.2756,233.8786,-27.0585,-0.1762,1.6228,215.4722,0.8587,-0.5828,7.1931,-79.5987,10.7118,-138.6638,109.1784,
4:58:28 PM,42.4866286,-82.8388164,14.8852,9.2138,254.1985,233.6438,-45.7908,0.6925,2.2634,215.35,0.8565,-0.5826,7.2461,-83.0174,11.0928,-139.5805,107.2894,4.6718
4:58:29 PM,42.4866175,-82.8388715,,9.2332,254.5021,232.455,-30.7953,1.0926,2.0676,215.2427,0.8545,-0.5824,7.4723,-80.9814,10.9857,-137.7958,108.0304,5.7604
4:58:30 PM,42.4866064,-82.8389266,14.8852,9.2527,254.1927,234.1013,104.1844,0.6618,2.5299,215.1343,0.8525,-0.5823,6.9548,-84.1969,11.0251,-141.1285,105.6062,5.6515
4:58:31 PM,42.4865963,-82.8389825,,9.1749,256.6106,,44.1579,0.0056,2.1827,215.0226,0.8506,-0.5822,7.1371,-75.2414,10.0534,-136.6464,111.5132,-3.2178
4:58:32 PM,42.4865866,-82.8390378,15.0164,8.9222,256.6622,235.4151,,0.239,2.4865,214.909,0.8487,-0.5821,7.2498,-78.3616,10.3588,-136.7268,111.8838,1.0908
4:58:33 PM,42.4865774,-82.8390933,,8.7862,257.2351,235.5716,-0.8354,0.0981,2.7093,214.7943,0.8468,-0.582,7.2349,-80.7045,10.4989,-137.1513,111.2134,1.0908
4:58:34 PM,42.4865693,-82.8391467,15.082,8.5529,258.7306,236.3731,126.6225,,,214.6806,0.8451,-0.582,6.8509,-84.6761,10.4808,-139.3947,110.2282,1.7841
4:58:35 PM,42.4865626,-82.8391972,,8.2808,260.4609,237.9037,47.8637,-1.3277,2.8008,214.5724,0.8434,-0.5821,7.4562,-78.9876,10.1031,-133.5794,116.5041,-5.1544
4:58:36 PM,42.4865565,-82.839253,15.3117,8.4168,261.2917,239.5569,100.3513,0.4245,2.5967,,,,7.1586,-86.03,10.68,-138.0352,113.827,4.0874
4:58:37 PM,42.4865514,-82.8393038,,8.378,263.5205,241.3326,47.8431,-0.9015,2.8584,214.4013,0.8411,-0.5823,5.7973,-85.176,9.8482,-144.0851,111.4772,3.9613
4:58:38 PM,,,15.2789,8.3585,265.4743,241.7477,44.0616,-0.862,2.7351,214.2862,0.8396,-0.5824,,,,,,1.6007
4:58:39 PM,42.4865476,-82.8393544,,8.3002,264.483,,47.8156,-2.6511,2.9121,214.1098,0.8374,-0.5828,5.2495,-86.4401,9.6458,-147.1,110.9343,-0.2155
4:58:40 PM,42.4865446,-82.839405,15.3117,8.2808,265.8753,242.2237,,,,213.9889,0.8359,-0.583,5.6142,-81.2905,9.3114,-143.4169,114.14,6.4651
4:58:41 PM,42.4865399,-82.8394576,,8.2613,266.7921,243.6806,51.5387,-0.1054,2.2967,213.8633,0.8346,-0.5834,5.7622,-96.9861,10.6516,-147.5232,109.7829,4.5858
4:58:42 PM,42.4865389,-82.8395085,15.8694,8.203,266.1962,243.0927,-23.4592,-0.873,2.5262,213.7375,0.8332,-0.5838,5.4455,-99.3858,10.6578,-149.7285,108.7192,4.6088
4:58:43 PM,42.4865371,-82.8395597,,8.1641,264.9873,,-23.4626,-0.0784,2.8701,213.6118,0.8319,-0.5841,5.642,-100.0719,10.7602,-148.9186,108.827,4.6088
4:58:44 PM,42.4865352,-82.8396105,15.7054,8.1447,264.1565,241.9527,-57.211,-0.8765,2.5798,213.4875,0.8305,-0.5845,5.2816,-101.0665,10.5451,-150.5578,106.6894,4.5858
4:58:45 PM,42.48653225,-82.83966648,,8.1058,264.0075,240.9508,-83.4685,-0.229,2.6215,213.3692,0.8292,-0.5847,5.3944,-101.4497,10.6265,-150.1629,106.2335,4.6088
4:58:46 PM,42.4865288,-82.83971589,15.771,8.0864,261.5495,239.3868,-53.4638,0.3841,2.6211,213.2512,0.8277,-0.5849,5.7403,-101.6467,10.8602,-148.8231,106.2711,4.8895
4:58:47 PM,42.48652321,-82.83976586,,8.1447,261.6756,237.942,6.5145,-0.4011,2.7709,213.1363,0.8262,-0.585,4.9536,-104.3488,10.5172,-152.8507,101.2983,4.391
4:58:48 PM,42.48651781,-82.83981566,15.771,7.9697,260.9307,238.7223,32.7514,-0.595,2.839,213.0172,0.8247,-0.5851,5.6403,-104.2683,10.9439,-150.0342,102.8054,4.5457
4:58:49 PM,42.48651199,-82.83986653,,8.0475,261.3604,239.2173,-23.5176,,,212.904,0.8232,-0.5852,4.8839,-102.9551,10.3046,-152.4906,101.4188,4.0645
4:58:50 PM,42.4865062,-82.83991566,15.8038,8.1058,262.2371,,40.2182,-0.4734,2.9668,212.7885,0.8218,-0.5854,6.3882,-103.4165,11.3783,-146.8993,105.2682,4.1218
4:58:51 PM,42.4865006,-82.8399703,,8.3391,262.3459,240.0178,,0.1159,2.7321,212.6672,0.8203,-0.5855,6.2306,-102.9643,11.3474,-147.6503,105.443,4.1103
4:58:52 PM,42.4864956,-82.8400219,15.935,8.3391,260.8791,239.712,-102.2764,0.1398,2.7056,212.5436,0.8188,-0.5857,6.4333,-101.817,11.5412,-146.9335,106.1196,
4:58:53 PM,42.4864897,-82.8400745,15.8694,8.9222,258.6446,237.4661,-72.2614,0.6767,2.6726,212.4184,0.8172,-0.5858,6.422,-102.0558,11.6805,-147.4743,104.39,4.5056
4:58:54 PM,42.4864826,-82.840128,,8.825,258.9139,235.6252,-117.2512,0.459,2.902,212.2933,0.8156,-0.5859,6.1056,-100.895,11.4939,-148.5585,102.0807,4.5056
4:58:55 PM,42.4864753,-82.8401819,15.3773,8.6306,257.9112,235.4413,40.2216,0.4834,2.4633,212.1695,0.8139,-0.5859,6.6914,-102.1714,12.0656,-147.172,102.1981,5.5828
4:58:56 PM,42.4864672,-82.8402353,,8.5335,258.9254,,,,,212.0491,0.8122,-0.5859,5.7329,-99.6179,11.196,-149.6781,100.4894,4.8895
4:58:57 PM,42.4864593,-82.8402877,14.8196,8.514,257.3784,235.4931,-16.0405,-0.9524,2.4907,211.9298,0.8106,-0.5859,7.0743,-97.2198,11.7774,-143.4227,105.2003,5.0098
4:58:58 PM,42.4864508,-82.8403388,,8.7667,254.548,233.8229,-139.7925,0.5152,2.2293,211.8147,0.809,-0.5858,6.3255,-95.5169,11.0944,-145.4228,102.7372,5.113
4:58:59 PM,42.4864394,-82.8403954,15.1476,8.8445,252.5884,229.9446,-196.0134,1.0966,2.3561,211.7005,0.8072,-0.5857,6.8324,-93.8667,11.4476,-143.4525,101.5525,5.113
4:59:00 PM,42.4864275,-82.8404473,,,,229.9661,25.2227,2.4956,2.6833,,,,6.7601,-95.0968,11.5827,-144.4557,99.1732,10.4415
4:59:01 PM,42.4864143,-82.8405065,15.3117,9.0583,252.3306,229.1706,-42.2877,1.4522,1.8935,211.5275,0.8044,-0.5853,6.6548,-87.8033,11.0353,-142.9433,101.0882,3.1535
4:59:02 PM,42.4864009,-82.8405636,,9.7775,251.603,228.734,-53.5292,2.3905,2.1363,211.4039,0.8025,-0.5851,6.1901,-89.1692,11.1953,-146.4362,98.021,8.7169
4:59:03 PM,42.4863869,-82.8406206,15.3773,9.5248,249.5231,,-83.5338,0.8218,2.8453,211.2801,0.8005,-0.5848,6.4426,-87.04,11.1587,-144.7887,98.0076,5.9438
4:59:04 PM,42.4863716,-82.8406762,15.3117,9.4082,250.0044,225.5672,-124.7696,0.8958,1.7683,211.1615,0.7984,-0.5844,7.3819,-84.9227,11.4042,-139.8524,100.0385,8.9747
4:59:05 PM,42.4863545,-82.8407288,15.0164,9.2332,247.0995,223.4085,-4.775,,,211.0549,0.7963,-0.5839,8.0786,-85.1455,11.8575,-137.2451,99.6672,7.6913
4:59:06 PM,42.4863351,-82.8407864,,9.3887,246.4578,223.1758,,0.4348,2.6087,210.9498,0.7942,-0.5833,7.3645,-85.0508,11.2839,-139.4417,97.7282,7.6913
4:59:07 PM,42.4863176,-82.8408383,14.8852,9.0194,246.9047,224.4399,55.1896,-1.5099,2.6485,210.8445,0.7922,-0.5828,8.1522,-79.179,10.9457,-132.9842,103.8882,3.9441
4:59:08 PM,42.4863005,-82.8408906,,8.8445,247.9475,226.2857,111.4174,-0.4202,2.3445,210.739,0.7901,-0.5823,8.0439,-80.7536,10.9543,-133.5501,104.4236,4.053
4:59:09 PM,42.4862867,-82.8409427,14.5899,8.6306,249.5174,228.8408,201.3626,-2.3767,2.8325,210.631,0.7881,-0.5818,7.7073,-80.4297,10.5549,-133.942,106.3872,4.053
4:59:10 PM,42.4862749,-82.8409938,15.0164,8.4751,253.4422,231.6786,171.3442,-2.6189,3.227,210.5156,0.7863,-0.5815,7.7833,-81.9588,10.5838,-133.2674,109.4314,4.0301
4:59:11 PM,42.4862652,-82.8410434,,7.9892,255.734,,47.6025,-1.0337,2.4425,210.3986,0.7846,-0.5814,7.7364,-81.3089,10.2557,-131.7817,113.2768,4.0301
4:59:12 PM,42.4862571,-82.841093,14.8852,7.9309,257.0289,234.246,,,,210.2814,0.7831,-0.5813,6.7246,-81.6118,9.6558,-136.4511,111.4704,4.053
4:59:13 PM,42.4862488,-82.8411438,,8.1058,257.6534,234.3639,-61.1128,0.1468,2.0182,210.1582,0.7816,-0.5813,6.2632,-84.9233,9.8471,-140.6873,107.9178,4.0645
4:59:14 PM,42.4862377,-82.8412007,14.7211,8.4363,256.496,,-203.5868,1.0427,2.2541,210.021,0.7798,-0.5812,6.3266,-86.5119,10.2894,-142.1404,105.053,5.4396
4:59:15 PM,42.4862259,-82.8412544,14.5899,8.5723,253.1041,231.7634,-151.0855,1.32,2.4899,209.9093,0.7782,-0.5811,6.0681,-85.7698,10.2848,-143.9561,101.5341,
4:59:16 PM,42.4862124,-82.8413073,,8.8833,251.3165,,,,,209.7856,0.7763,-0.5808,6.0824,-84.2365,10.2412,-143.7784,101.1588,4.3681
4:59:17 PM,42.4861984,-82.8413607,15.3117,8.7667,249.4429,238.4071,,,,209.6653,0.7744,-0.5804,,,,,,5.9208
4:59:18 PM,42.4861838,-82.8414178,15.2133,9.5054,251.6259,,,,,209.5406,0.7725,-0.5801,6.1282,-82.5329,10.319,-143.9251,102.7531,4.4713
4:59:19 PM,42.4861697,-82.841477,,9.622,250.3081,,,,,209.4057,0.7705,-0.5798,6.2004,-81.9986,10.5948,-144.5825,103.1581,6.574
4:59:20 PM,42.4861527,-82.8415346,15.2789,9.8941,246.3489,,,,,209.2698,0.7684,-0.5794,6.6856,-81.2162,11.027,-143.1888,102.5579,6.7459
4:59:21 PM,42.4861305,-82.8415957,,9.9913,241.708,220.6154,-143.4881,1.804,1.7578,209.1343,0.766,-0.5788,7.8837,-83.2079,11.9401,-139.0322,103.5837,9.3185
4:59:22 PM,42.4861103,-82.8416507,15.2789,10.2246,242.8424,220.2223,92.7298,2.2324,2.4758,209.0178,0.7637,-0.578,8.8683,-83.7646,12.6614,-135.8712,96.963,9.2153
4:59:23 PM,42.4860907,-82.8417056,,9.8747,244.7275,221.7762,28.9699,0.9107,1.5743,208.9024,0.7614,-0.5774,8.5359,-77.8389,11.6644,-134.3266,99.3751,8.4762
4:59:24 PM,42.4860735,-82.8417607,15.3117,9.8747,247.1224,225.2603,238.8959,-1.4386,3.0454,208.7814,0.7593,-0.5768,7.9365,-80.0652,11.5641,-137.4671,98.8629,8.4533
4:59:25 PM,42.4860574,-82.8418148,15.3117,9.3304,250.0903,227.052,73.8909,-0.8211,2.7802,208.6548,0.7573,-0.5763,8.4384,-77.6527,11.4001,-133.6901,104.7246,5.6515
4:59:26 PM,42.4860431,-82.8418703,,9.1944,250.7206,228.2303,47.6609,-1.0703,1.9589,208.5434,0.7555,-0.576,8.9397,-75.4675,11.1685,-129.2103,109.8201,5.7604
4:59:27 PM,42.4860287,-82.8419272,15.2789,9.3304,251.5972,,-76.0498,1.0311,1.8922,208.4098,0.7536,-0.5756,9.1376,-77.3449,11.4959,-129.1452,110.6692,5.7833
4:59:28 PM,42.486014,-82.8419819,,9.1555,248.4402,227.3987,-23.5383,0.0859,1.6893,208.2735,0.7516,-0.5753,8.5527,-80.0742,11.5378,-133.0984,106.6944,0.6955
4:59:29 PM,42.4859974,-82.842043,14.6555,9.5443,249.0819,227.459,,,,208.1281,0.7495,-0.5749,8.54,-81.2443,11.7039,-133.8491,105.906,7.7772
4:59:30 PM,42.4859829,-82.8420984,,9.6026,248.8012,227.8538,13.9641,0.5202,1.8089,207.9952,0.7476,-0.5745,8.1666,-81.8203,11.5784,-135.7208,104.3796,7.6684
4:59:31 PM,42.4859681,-82.8421539,15.2789,9.4665,249.2424,227.5318,-1.0451,0.4618,2.4827,207.8598,0.7456,-0.5741,8.1941,-84.6732,11.9458,-136.9236,103.0889,7.6454
4:59:32 PM,42.4859538,-82.8422111,15.2133,9.1944,251.8608,229.5029,100.1897,0.1007,2.2537,207.7239,0.7437,-0.5738,7.8725,-82.7508,11.5115,-137.28,103.6883,7.5309
4:59:33 PM,42.4859412,-82.8422689,,9.5637,254.737,232.7924,111.4071,-0.2321,1.9723,207.5789,0.7418,-0.5735,7.9727,-80.9077,11.3706,-136.1832,106.8831,7.5309
4:59:34 PM,42.4859298,-82.8423263,15.2133,9.5637,255.1668,,28.9149,-1.1991,2.4988,207.3524,0.7391,-0.5732,7.8013,-82.2794,11.452,-137.5428,107.9973,5.6401
4:59:35 PM,42.4859189,-82.8423844,,9.6026,255.6022,232.9166,118.9048,-0.6713,2.7394,207.1989,0.7373,-0.5731,7.1169,-80.7325,10.9169,-139.9536,107.0813,5.6401
4:59:36 PM,42.4859078,-82.8424488,15.082,9.4082,257.4357,234.4425,85.1461,-0.3252,2.0005,207.0401,0.7356,-0.5731,6.7126,-79.7163,10.5497,-141.2394,107.9924,5.7604
4:59:37 PM,42.4858988,-82.8425065,,9.3887,259.6473,235.5994,58.892,-1.2937,2.5132,206.8818,0.7339,-0.573,6.066,-81.388,10.3059,-144.4118,106.3177,5.6974
4:59:38 PM,42.4858914,-82.8425616,15.0164,8.7667,258.7592,236.4094,51.3909,-0.0556,2.905,206.7264,0.7324,-0.5731,6.7854,-84.8503,10.8384,-141.4264,108.8529,6.5282
4:59:39 PM,42.4858851,-82.8426147,,8.6695,260.4494,237.2584,,,,206.5748,0.731,-0.5732,6.1947,-84.9839,10.3377,-143.3489,108.3178,
4:59:40 PM,42.4858802,-82.8426671,15.2133,8.4168,261.538,238.3191,96.3669,0.4061,2.6092,206.422,0.7297,-0.5734,5.6378,-86.8298,9.966,-145.6095,107.8816,6.0412
4:59:41 PM,42.4858753,-82.8427184,15.2133,8.2419,263.0507,,-31.146,-1.6008,2.293,206.2718,0.7284,-0.5735,5.5836,-82.5158,9.3907,-143.8765,110.673,5.6974
4:59:42 PM,42.4858704,-82.8427692,,8.0475,262.6267,238.3098,28.8599,-0.6128,2.9057,206.1225,0.7272,-0.5737,5.3983,-86.0142,9.4573,-145.2898,109.5414,4.8895
4:59:43 PM,42.4858663,-82.8428186,15.2133,7.9309,263.2225,239.9547,62.6048,-1.6498,2.8284,205.9758,0.726,-0.5739,5.5291,-86.5378,9.424,-144.1524,110.8996,4.8895
4:59:44 PM,42.4858629,-82.8428735,,7.9697,264.5461,241.5041,62.5979,-0.5746,2.541,205.8257,0.7248,-0.5742,5.555,-90.2745,9.6897,-145.0203,110.8104,4.8895
4:59:45 PM,42.48586,-82.8429237,14.9508,8.0086,264.8096,,-49.8886,-1.1068,2.7453,205.6736,0.7237,-0.5744,4.494,-92.1866,9.3119,-151.1667,107.1656,4.8895
4:59:46 PM,,,,8.0669,264.5575,241.9077,,,,205.5195,0.7225,-0.5747,4.587,-94.4557,9.5679,-151.4476,106.636,2.7925
4:59:47 PM,42.4858561,-82.8429749,14.8196,8.203,263.4116,240.729,-57.3863,0.1064,2.5075,205.3675,0.7213,-0.5749,4.0362,-101.3568,9.7916,-156.163,101.4812,5.113
4:59:48 PM,42.4858515,-82.843026,,8.3585,263.7153,240.6547,6.3633,0.1434,2.6666,205.2143,0.7201,-0.5751,4.1132,-101.7315,9.9835,-156.2094,101.3475,5.113
4:59:49 PM,42.4858464,-82.8430776,15.0164,8.5918,263.5835,240.1518,-31.1322,0.2691,2.1854,205.0563,0.7188,-0.5753,4.0812,-102.1416,10.133,-156.8118,100.5677,5.0958
4:59:50 PM,42.4858417,-82.8431304,15.082,8.825,261.3203,238.146,-113.6244,0.7883,2.1415,204.8929,0.7175,-0.5754,3.9731,-101.9728,10.2966,-157.8225,98.3907,5.4567
4:59:51 PM,42.485836,-82.8431851,,9,259.7791,,-68.6209,1.3133,2.4227,204.7318,0.7162,-0.5755,4.7684,-98.0544,10.68,-153.7635,99.9344,5.2677
4:59:52 PM,42.48582836,-82.84324524,15.0164,9.1944,258.1118,236.0761,-61.1163,1.0253,2.4229,204.5734,0.7148,-0.5756,,,,,,5.4166
4:59:53 PM,42.48582067,-82.84329904,15.082,9.3693,258.2493,235.1333,13.8782,1.6126,2.139,204.4066,0.7133,-0.5756,5.2674,-95.0875,10.9419,-151.347,100.5082,3.0102
4:59:54 PM,42.48581186,-82.84335691,15.082,9.6803,258.3295,235.791,-49.8611,0.8534,2.1039,204.2324,0.7117,-0.5756,6.2947,-90.2272,11.2884,-146.1087,104.4269,4.0874
4:59:55 PM,42.48580222,-82.84341689,,9.7581,256.559,234.8981,-79.8657,1.9074,2.6337,204.0527,0.71,-0.5756,5.9389,-86.1288,10.9911,-147.3775,104.5273,3.6233
4:59:56 PM,42.48579222,-82.84347826,15.2133,9.9719,254.4047,232.5971,,,,203.8744,0.7083,-0.5755,6.4719,-82.7771,11.0962,-144.646,105.5922,4.328
4:59:57 PM,42.48577989,-82.84353952,,9.6803,255.4418,231.0082,-68.6002,0.9812,2.145,203.7011,0.7065,-0.5753,5.901,-78.0342,10.4073,-146.3111,103.3475,2.4544
4:59:58 PM,42.48576804,-82.84359939,15.6398,9.6803,255.1438,,122.59,1.3471,2.6353,203.5334,0.7049,-0.5751,6.2962,-79.4453,10.6293,-144.3861,103.8302,7.8975
4:59:59 PM,42.4857553,-82.8436624,,9.5443,256.5762,232.6297,-12.4137,-0.6565,1.9512,203.3654,0.7033,-0.575,5.6472,-79.3242,10.2274,-147.1389,102.0212,0.7585
5:00:00 PM,42.485745,-82.8437196,15.2789,9.6026,256.5132,233.0614,-38.6712,0.3654,1.5737,203.1887,0.7017,-0.5749,6.4708,-76.9613,10.2058,-141.8526,107.148,3.1535
5:00:01 PM,42.4857346,-82.8437793,,9.622,256.5476,233.2844,10.0863,0.046,2.2094,203.0134,0.7001,-0.5748,6.4454,-78.6905,10.4454,-142.7658,106.6275,3.1535
5:00:02 PM,42.4857242,-82.8438377,15.4429,9.4859,256.284,233.1666,40.0669,0.167,2.4734,202.8358,0.6985,-0.5748,6.3614,-81.3715,10.6701,-143.8823,105.338,3.3196
5:00:03 PM,42.4857146,-82.8438957,,9.2138,256.7195,233.056,-46.1621,-0.4003,2.5934,202.6667,0.697,-0.5747,6.3693,-80.7828,10.4842,-143.1539,105.8674,3.1764
5:00:04 PM,42.4857049,-82.8439515,15.771,9.0389,256.3986,232.1491,,,,202.4968,0.6955,-0.5747,6.7416,-83.3273,10.8034,-141.6986,106.4177,5.2505
5:00:05 PM,42.4856946,-82.8440071,,9.136,256.5991,233.5753,43.8416,-0.2787,1.877,202.3327,0.6941,-0.5746,6.1097,-82.0736,10.2555,-143.8391,104.9875,
5:00:06 PM,42.4856858,-82.844061,16.0007,9.2138,256.6393,,51.3187,0.0704,2.0576,,,,6.7902,-84.2944,10.8159,-141.3407,106.866,3.6233
5:00:07 PM,42.4856754,-82.8441207,,9.2721,257.6419,234.6447,17.5738,-0.3676,2.0433,202.0817,0.6919,-0.5745,6.4762,-85.3841,10.8453,-143.4726,105.6634,5.4567
5:00:08 PM,42.4856669,-82.8441756,15.5085,,,235.6292,17.5566,0.3727,1.6255,201.9112,0.6906,-0.5745,6.6262,-86.9265,11.1695,-143.6734,106.2578,5.4567
5:00:09 PM,42.4856588,-82.8442309,15.3773,9.4471,258.1862,235.4693,-12.4412,1.0588,2.3486,201.7374,0.6892,-0.5745,6.7427,-88.6882,11.4352,-143.8793,106.2732,5.4396
5:00:10 PM,42.4856507,-82.8442863,,9.3304,257.0403,234.6576,-23.6861,0.142,2.3236,201.5626,0.6878,-0.5746,6.2811,-90.048,11.2243,-145.9718,104.205,5.5026
5:00:11 PM,42.485643,-82.8443405,15.8694,9.2527,258.3524,,2.5542,0.4309,2.1735,201.3898,0.6865,-0.5746,6.4816,-90.638,11.2567,-144.8465,104.811,4.9525
5:00:12 PM,42.4856353,-82.8443951,,9.0389,257.5732,234.5472,58.7958,,,201.2158,0.6852,-0.5746,6.4,-90.0531,11.0496,-144.6052,105.0825,4.9755
5:00:13 PM,42.4856279,-82.8444494,15.3773,9.0389,258.5529,236.1966,,0.3979,2.3137,201.0418,0.6839,-0.5747,6.4051,-90.2275,11.1351,-144.8858,105.7445,4.9755
5:00:14 PM,42.4856206,-82.8445048,,9.3693,260.1286,237.3236,-4.9572,0.6744,1.8181,200.8637,0.6826,-0.5747,6.6384,-88.0793,11.3159,-144.1039,107.7998,4.9869
5:00:15 PM,42.4856126,-82.8445697,15.6398,9.7386,260.4953,236.7591,-57.4482,1.1923,1.6048,200.6534,0.6812,-0.5749,6.6235,-89.1895,11.8162,-145.9104,106.1332,4.9755
5:00:16 PM,42.4856022,-82.844631,15.8038,10.2246,257.5044,234.0657,-113.6485,2.1262,2.0308,200.4573,0.6797,-0.5748,6.244,-89.5809,11.8261,-148.1317,102.4808,4.9755
5:00:17 PM,42.4855916,-82.8446925,,10.2052,255.5449,232.9179,-23.6517,1.8778,2.5396,200.2602,0.6781,-0.5748,5.747,-89.4179,11.5857,-150.2631,99.3731,4.9869
5:00:18 PM,42.4855792,-82.8447536,15.7054,10.0497,255.3157,,85.0808,0.0984,2.3028,200.0853,0.6766,-0.5746,5.4101,-85.5531,10.9574,-150.5114,99.305,4.1619
5:00:19 PM,42.4855694,-82.8448145,,9.9719,257.4242,234.6521,85.0361,0.4521,1.9709,199.8888,0.6752,-0.5746,6.0225,-85.7765,11.1713,-147.4767,103.4865,3.9842
5:00:20 PM,42.4855598,-82.844875,15.4429,9.6414,259.4009,236.3526,85.012,-1.3125,2.2202,199.6913,0.6737,-0.5745,5.5741,-85.2358,10.7956,-149.0331,104.0818,3.48
5:00:21 PM,42.4855525,-82.8449358,,9.622,260.0369,237.4946,84.9983,-0.0223,2.3521,199.4877,0.6724,-0.5746,6.1449,-85.7419,10.9836,-146.0883,107.511,3.5373
5:00:22 PM,42.4855457,-82.8450029,15.7054,9.3887,261.4177,239.0276,,,,199.2664,0.671,-0.5748,5.7432,-84.3826,10.4905,-146.986,108.3011,3.6233
5:00:23 PM,42.485539,-82.8450636,,9.2332,261.9792,238.2393,-79.9826,-0.7633,2.2872,199.0632,0.6698,-0.575,6.079,-81.4434,10.3131,-144.346,110.4894,3.6634
5:00:24 PM,42.4855337,-82.8451206,15.2789,9.2916,260.9364,237.5042,-27.4745,0.9356,2.3714,198.8581,0.6685,-0.5751,4.851,-78.3385,9.5161,-150.0497,105.9385,5.7833
5:00:25 PM,42.485528,-82.8451768,,9.311,261.1771,238.1551,13.7682,0.6413,1.4277,198.6623,0.6674,-0.5753,4.7372,-79.161,9.7343,-151.4471,104.9368,5.7833
5:00:26 PM,42.4855219,-82.8452357,15.1476,9.7192,261.2516,239.4406,28.7636,0.2247,1.6272,198.4631,0.6663,-0.5755,,,,,,5.7833
5:00:27 PM,42.4855147,-82.8452974,,9.9136,261.0396,,10.0107,-0.1477,1.9776,198.2552,0.6651,-0.5757,4.1568,-79.7112,9.9122,-155.6304,102.5071,4.3452
5:00:28 PM,42.4855077,-82.8453589,15.2133,10.0108,261.6068,238.924,,,,198.0621,0.6639,-0.5758,4.4261,-80.3434,10.2327,-154.7599,102.957,4.391
5:00:29 PM,42.4854999,-82.8454201,,9.8553,260.6385,238.6073,88.7386,-0.5514,2.4531,197.8518,0.6627,-0.5759,4.2578,-84.2244,10.3879,-155.9336,101.3749,
5:00:30 PM,42.4854932,-82.8454851,14.8196,9.4276,263.6523,239.891,114.9583,-0.6057,2.279,197.6235,0.6614,-0.5761,4.2859,-83.5183,10.1329,-155.1487,102.1411,4.391
5:00:31 PM,42.4854901,-82.8455434,,9.0777,266.2592,241.4853,122.4044,-1.4899,2.7061,197.313,0.6599,-0.5766,4.1024,-89.01,10.1464,-156.155,102.854,4.391
5:00:32 PM,42.4854881,-82.8456,14.9508,8.8639,266.7119,241.8823,-5.0844,-0.3564,1.6749,197.1091,0.659,-0.5769,4.5293,-88.9827,10.0206,-153.1327,106.9633,4.391
5:00:33 PM,42.4854853,-82.8456561,,8.7862,266.4196,,-50.0639,0.1179,1.7189,196.9063,0.6581,-0.5773,4.56,-95.9527,10.344,-153.9945,105.7361,4.414
5:00:34 PM,42.4854818,-82.8457126,14.5899,8.8445,264.6263,241.7373,-42.549,0.3048,1.9053,196.7034,0.6572,-0.5776,4.5357,-98.3129,10.5171,-154.7392,104.6115,4.391
5:00:35 PM,42.4854783,-82.8457686,14.6555,8.9611,264.6263,241.0882,13.696,0.8172,2.2711,196.5006,0.6563,-0.5779,4.4466,-99.4484,10.6211,-155.6079,102.8377,4.391
5:00:36 PM,42.4854744,-82.8458256,,9.0583,263.3772,241.5113,-16.3018,-0.6716,2.3457,196.2951,0.6553,-0.5782,4.5467,-100.1849,10.776,-155.4629,103.053,5.5427
5:00:37 PM,42.4854709,-82.8458821,15.3773,8.9222,265.6347,241.5171,88.6492,0.4184,2.5059,196.0898,0.6545,-0.5785,4.1289,-94.1039,10.1017,-155.9403,102.898,0.9877
5:00:38 PM,42.485468,-82.8459433,,8.8639,266.4884,243.2155,17.3881,,,195.8863,0.6536,-0.5788,4.6397,-94.133,10.3227,-153.3659,106.1454,2.8727
5:00:39 PM,42.4854661,-82.8459992,15.1476,8.9028,267.8234,,,-1.1325,2.3064,195.6797,0.6528,-0.5792,4.0843,-96.3711,10.1714,-156.4799,104.5949,1.8815
5:00:40 PM,42.4854633,-82.8460559,,9.136,266.729,243.5754,-31.3454,0.3009,1.9669,195.4708,0.652,-0.5796,4.7114,-95.0088,10.5158,-153.4922,107.3252,2.0247
5:00:41 PM,42.4854599,-82.8461135,15.5085,9.1944,265.0675,242.7141,-91.3306,0.9047,1.9904,195.2592,0.6511,-0.5799,4.7752,-96.6232,10.8213,-154.0026,105.9922,2.2424
5:00:42 PM,42.4854555,-82.8461728,15.7054,9.3304,264.7753,240.3271,-61.3432,1.1912,2.2119,195.0418,0.6502,-0.5802,4.7071,-98.3226,11.0197,-154.9978,103.8906,2.7295
5:00:43 PM,42.4854488,-82.8462309,,9.3499,262.4261,239.3285,-76.3317,1.289,2.3105,194.8323,0.6491,-0.5803,4.4328,-98.196,10.9305,-156.3342,101.3274,3.3196
5:00:44 PM,42.4854424,-82.8462887,15.5741,9.2527,261.3719,237.6913,-23.8442,0.7792,2.9291,194.6221,0.6481,-0.5804,4.4109,-98.2012,10.8394,-156.2485,99.9386,3.1993
5:00:45 PM,42.4854361,-82.8463508,,9.0777,262.2428,238.7693,77.3734,-0.1338,2.7398,194.4162,0.6471,-0.5806,4.362,-95.9601,10.5348,-155.6808,100.1645,3.5603
5:00:46 PM,42.4854309,-82.8464063,14.8196,8.8639,263.4231,,141.0679,-1.1855,2.2124,194.212,0.6462,-0.5808,3.9132,-95.7078,10.1487,-157.4385,99.6714,3.2566
5:00:47 PM,42.485428,-82.8464635,15.3773,9.0194,265.7092,241.2813,69.8172,-1.039,2.1307,193.9978,0.6454,-0.5812,4.4712,-91.8086,10.1777,-153.9541,104.912,3.2795
5:00:48 PM,42.4854256,-82.8465215,,9.136,266.8608,243.1036,-42.6556,0.1155,1.9374,193.7794,0.6447,-0.5815,4.603,-94.2807,10.4981,-154.0722,106.2148,3.2795
5:00:49 PM,42.485423,-82.8465789,16.0007,9.2527,265.606,242.5509,-16.4221,-0.2499,2.8497,,,,4.5485,-95.5128,10.6774,-154.9114,105.4032,3.2566
5:00:50 PM,42.48542,-82.8466366,,9.4276,266.1274,242.0291,,,,193.4523,0.6436,-0.5821,4.897,-93.2655,10.8039,-153.094,107.0884,3.3654
5:00:51 PM,42.4854162,-82.8466954,15.5085,9.8164,264.5575,241.7575,-5.1704,0.5437,1.8981,193.2341,0.6428,-0.5824,4.7783,-92.6278,10.8066,-153.7875,105.8679,3.3654
5:00:52 PM,42.4854117,-82.8467618,,9.5443,264.0361,,-53.9176,1.0302,2.349,193.0107,0.6419,-0.5827,4.7321,-93.0644,10.9707,-154.4864,104.8704,3.3654
5:00:53 PM,42.4854067,-82.8468215,15.8038,9.8553,263.3486,240.4012,,,,192.7825,0.6411,-0.583,4.5326,-90.956,10.7963,-155.18,103.6442,3.3654
5:00:54 PM,42.4854021,-82.8468817,15.7054,9.5054,264.0762,240.3321,28.5711,-0.2639,2.3061,192.5589,0.6402,-0.5832,4.2228,-92.1854,10.6638,-156.6902,102.1621,
5:00:55 PM,42.4853987,-82.846941,,9.5248,266.2077,241.1885,103.5277,-0.4206,1.9075,192.3322,0.6394,-0.5835,4.6461,-88.0555,10.3902,-153.4547,105.9107,3.3654
5:00:56 PM,42.4853967,-82.8469991,15.8038,9.1749,267.3708,242.4581,66.0013,-1.0511,2.2543,192.1073,0.6387,-0.5839,4.4651,-88.1384,10.1498,-153.916,106.9889,3.3654
5:00:57 PM,42.4853955,-82.8470558,,9,268.7802,243.496,73.475,-1.105,2.5058,191.8849,0.638,-0.5843,4.6172,-86.7307,9.9217,-152.3155,110.3732,3.3654
5:00:58 PM,42.4853964,-82.8471113,15.771,8.8833,270.6194,,13.4794,0.204,1.9646,191.6664,0.6375,-0.5848,5.0553,-87.5607,10.033,-149.7741,113.2557,3.3425
5:00:59 PM,42.4853977,-82.8471665,15.8038,8.9417,269.5938,245.1732,,,,191.4488,0.6371,-0.5854,4.9013,-89.1817,10.118,-151.0294,112.288,3.3769
5:01:00 PM,42.485396,-82.8472284,15.771,9.2332,266.9697,243.4392,-143.99,0.9482,1.855,191.23,0.6366,-0.5859,5.0236,-89.8951,10.4335,-151.2176,110.3311,3.3941
5:01:01 PM,42.4853916,-82.8472857,,9.311,263.8986,240.739,-151.4602,1.26,2.0565,191.0118,0.636,-0.5863,4.8702,-89.02,10.4338,-152.1798,106.9548,3.3941
5:01:02 PM,,,15.6398,9.4276,263.7267,238.8314,-68.9612,1.2039,1.8468,190.791,0.6352,-0.5865,4.587,-90.2803,10.5401,-154.2029,103.82,3.4342
5:01:03 PM,42.4853854,-82.8473446,,9.5054,261.4292,,-1.4851,1.0846,2.41,190.4532,0.6339,-0.5867,4.5244,-90.7532,10.5636,-154.6424,102.2629,3.4571
5:01:04 PM,42.4853788,-82.8474035,15.5085,9.2138,261.3375,237.8088,-61.4875,-0.1985,2.5186,,,,5.0516,-93.0812,10.8482,-152.2901,102.5709,3.3769
5:01:05 PM,42.4853722,-82.8474619,,9.0583,262.0938,236.656,80.9658,0.6441,2.1774,190.1192,0.6327,-0.587,5.2311,-92.9427,10.7513,-150.9279,103.8407,4.4713
5:01:06 PM,42.4853659,-82.8475182,15.3773,8.9805,262.747,238.159,5.9576,-1.0766,2.5183,189.9038,0.6319,-0.5871,5.2922,-94.5426,10.7761,-150.6884,104.2105,4.0072
5:01:07 PM,42.4853607,-82.8475726,,8.9805,262.598,238.0778,-12.7919,0.0283,1.6538,189.6932,0.6312,-0.5873,5.6559,-94.5557,10.9376,-148.9711,105.6384,4.0301
5:01:08 PM,42.4853554,-82.8476269,15.4429,9.0389,262.0652,,-46.5299,0.4955,1.7193,189.4826,0.6304,-0.5875,,,,,,4.0301
5:01:09 PM,42.48534882,-82.8476869,15.3773,8.9611,261.0911,237.3623,,,,189.2721,0.6297,-0.5876,5.586,-96.8412,11.1129,-150.0609,104.2691,4.0072
5:01:10 PM,42.48534255,-82.84774122,,8.8445,260.9651,236.2612,-1.5298,-0.1065,2.4431,189.0617,0.6289,-0.5877,5.4094,-100.9277,11.3285,-152.0406,101.367,4.0072
5:01:11 PM,42.48533655,-82.84779542,15.3117,8.825,261.5438,236.8317,20.9668,-0.539,2.2832,188.7475,0.6279,-0.5879,5.4692,-99.6218,11.1875,-151.1848,101.827,3.9842
5:01:12 PM,42.48533089,-82.84784925,,8.8445,260.4036,236.1575,-42.769,0.4769,2.4293,188.5403,0.6271,-0.5881,5.8817,-99.5967,11.3892,-149.3895,103.2318,4.0645
5:01:13 PM,42.4853247,-82.84790228,15.2133,8.7862,260.1057,,-24.0402,0.2131,2.2003,188.3325,0.6264,-0.5882,5.4082,-98.3762,10.999,-150.8923,101.7669,4.0645
5:01:14 PM,42.48531832,-82.84795537,,8.9417,259.103,234.9917,-114.0094,0.3796,1.9604,188.1233,0.6258,-0.5883,5.6871,-98.1302,11.1601,-149.7041,102.4457,4.0874
5:01:15 PM,42.48531233,-82.84800866,15.082,8.8056,257.7737,233.4317,5.9851,0.8641,2.6417,187.9165,0.6249,-0.5883,5.5229,-97.5138,11.0413,-150.2703,100.7144,4.0874
5:01:16 PM,42.4853028,-82.8480668,,8.5723,257.47,233.4945,20.9703,,,187.6912,0.624,-0.5883,5.3944,-98.633,10.9597,-150.881,99.1038,3.9613
5:01:17 PM,42.4852938,-82.848119,15.2133,8.378,258.8853,234.0916,,-0.1364,2.6343,187.4827,0.6233,-0.5883,5.4909,-96.7119,10.7271,-149.4454,100.1803,3.9441
5:01:18 PM,42.4852869,-82.8481716,,8.3002,259.0801,235.2181,54.7221,-0.6285,2.5521,187.2955,0.6226,-0.5884,5.4087,-96.2471,10.5269,-149.2866,101.239,
5:01:19 PM,42.4852798,-82.8482244,15.082,8.2808,260.6614,236.6979,43.4566,-0.5153,2.4477,187.0881,0.6219,-0.5884,5.5562,-95.8753,10.4856,-148.1896,102.8152,3.9441
5:01:20 PM,42.4852737,-82.8482769,,8.3391,263.8012,,167.1845,-0.6413,2.7136,186.8811,0.6213,-0.5886,5.5476,-97.9028,10.6706,-149.0054,103.4067,3.9441
5:01:21 PM,42.4852694,-82.8483289,14.9508,8.4557,266.6603,240.9164,155.9224,-0.9382,2.0019,186.6712,0.6209,-0.5889,5.5211,-97.6454,10.6259,-149.0044,106.1718,3.9441
5:01:22 PM,42.4852676,-82.8483815,,8.6501,268.5453,244.228,43.4222,-0.8627,2.4399,186.4493,0.6206,-0.5894,5.3909,-101.2418,10.8901,-150.9525,106.9121,3.9441
5:01:23 PM,42.4852667,-82.848442,14.9508,,,243.449,-69.0575,-0.3838,2.5605,186.2026,0.6202,-0.5899,5.5651,-103.7332,11.3265,-151.4916,108.365,3.9212
5:01:24 PM,42.4852657,-82.8484975,,8.6501,267.9895,241.1931,-106.5358,-0.1075,2.5263,185.9867,0.6199,-0.5903,5.6624,-103.7155,11.4251,-151.218,107.7391,3.9441
5:01:25 PM,42.4852636,-82.8485506,14.9508,8.6112,265.818,239.422,,,,185.7701,0.6194,-0.5906,4.658,-104.4827,10.781,-155.271,103.3426,3.9441
5:01:26 PM,42.4852602,-82.848604,,8.5723,264.1851,,-9.031,-0.0022,2.9354,185.5479,0.6189,-0.5908,4.461,-105.9928,10.6799,-156.3256,100.8746,3.9441
5:01:27 PM,42.485256,-82.8486586,15.082,8.3974,265.1133,239.974,84.682,-0.6465,2.8824,185.3401,0.6186,-0.5911,4.3884,-108.027,10.5914,-156.7964,100.7675,3.9441
5:01:28 PM,42.485254,-82.8487096,,8.2808,266.3738,241.3001,32.1739,-0.6977,2.5129,185.1347,0.6183,-0.5915,4.5925,-104.1391,10.3722,-154.5733,104.0131,3.9441
5:01:29 PM,42.4852522,-82.8487601,15.0164,8.2224,266.7634,240.9859,-76.5586,0.294,2.4965,,,,5.0344,-105.0871,10.7266,-153.0535,104.9685,3.9441
5:01:30 PM,42.4852496,-82.848817,,8.3974,266.0014,239.8821,-117.7841,0.8075,2.1723,184.8194,0.6178,-0.592,4.9447,-104.4968,10.8617,-153.8486,103.8103,3.9441
5:01:31 PM,42.4852459,-82.848872,14.8852,8.7278,264.4888,,-196.5119,1.4706,2.4012,184.5959,0.6173,-0.5922,5.3752,-104.0513,11.3388,-152.621,103.2457,3.9441
5:01:32 PM,42.4852401,-82.8489279,,9,261.836,235.699,-140.2429,1.6577,2.3856,184.3693,0.6168,-0.5924,5.1913,-101.8399,11.2244,-153.0858,99.9938,4.0301
5:01:33 PM,42.4852322,-82.8489833,14.8852,9.0389,258.1862,231.5386,-69.0093,0.3067,2.4323,184.1452,0.6161,-0.5925,4.8583,-100.4585,10.9675,-154.1755,96.5231,4.0072
5:01:34 PM,42.4852226,-82.8490388,,9.0777,256.6679,230.3197,5.9817,-0.0623,2.4808,183.9208,0.6154,-0.5924,5.0323,-97.6744,10.8874,-152.7369,95.9863,4.0072
5:01:35 PM,42.4852132,-82.8490926,14.8196,8.9028,255.1095,230.3092,,,,183.7028,0.6147,-0.5923,6.0445,-92.5226,10.9101,-146.393,100.028,4.0072
5:01:36 PM,42.485203,-82.8491464,,8.7473,256.0663,,28.4645,0.6794,2.4231,183.4846,0.6139,-0.5922,6.5291,-88.9562,10.8245,-142.9097,103.3341,4.0301
5:01:37 PM,42.4851928,-82.8492001,14.7211,8.6501,255.4189,231.1733,-42.7828,0.4823,2.2906,183.1565,0.6128,-0.592,6.1998,-88.363,10.5492,-144.0229,102.5626,4.0072
5:01:38 PM,42.4851802,-82.8492594,,8.7667,254.5995,230.2367,-24.023,0.2651,2.3396,182.9368,0.612,-0.5918,6.4762,-90.4517,11.0068,-143.9592,101.8481,4.0301
5:01:39 PM,42.4851692,-82.8493136,14.7211,8.8445,254.9089,231.1853,24.7174,0.2449,2.2155,,,,6.1341,-87.226,10.5067,-144.3279,102.3941,3.4972
5:01:40 PM,42.4851591,-82.8493678,,8.9222,255.6996,231.6891,54.7049,0.8569,2.1916,182.6058,0.6108,-0.5916,6.643,-89.1865,11.0591,-143.0855,103.7292,3.6233
5:01:41 PM,42.4851492,-82.8494235,14.6555,8.9222,256.8398,,-24.023,-0.124,2.3626,182.3797,0.6102,-0.5916,6.1296,-88.3322,10.6905,-145.0317,103.0866,3.6462
5:01:42 PM,42.4851389,-82.8494797,,8.9222,256.2382,232.0242,13.4691,1.2049,2.2931,182.1509,0.6094,-0.5915,,,,,,5.1989
5:01:43 PM,42.4851292,-82.8495347,14.5243,9,256.3757,231.9358,-5.2666,0.0973,2.0665,181.8048,0.6084,-0.5914,6.7667,-90.7377,11.3047,-143.2356,103.7872,5.1989
5:01:44 PM,42.4851202,-82.8495871,,9.0777,256.4674,231.7818,43.4772,1.0248,2.6281,181.5861,0.6078,-0.5913,6.1719,-88.8783,10.7426,-144.9413,102.7877,
5:01:45 PM,42.4851115,-82.8496408,14.5243,8.7667,256.8971,,,,,181.3656,0.6072,-0.5913,6.7591,-91.9157,11.445,-143.8257,103.0955,5.2218
5:01:46 PM,42.4851026,-82.8496981,,8.7667,257.6305,233.0817,35.9623,-0.2307,2.3639,,,,6.1301,-90.6387,10.8294,-145.5268,102.6249,4.5457
5:01:47 PM,42.485095,-82.84975,14.393,8.7084,258.9196,233.8159,62.1992,-0.2888,2.2836,181.038,0.6065,-0.5913,6.3583,-90.4783,10.8186,-144.006,104.8354,4.5457
5:01:48 PM,42.4850867,-82.8498024,,8.6112,257.9972,233.7525,-42.7793,-0.3407,2.1367,180.8233,0.6059,-0.5913,6.3666,-91.3143,10.8556,-144.1032,105.0017,4.5228
5:01:49 PM,42.4850796,-82.8498558,14.2946,8.6695,258.9712,234.4854,54.7152,0.7715,2.5184,180.4922,0.6052,-0.5914,6.7934,-92.5686,11.2633,-142.9482,105.6527,4.0072
5:01:50 PM,42.485072,-82.8499088,,8.6695,258.5357,,39.7163,-0.3835,2.0646,,,,6.1868,-94.047,10.9927,-145.8471,103.6209,3.9842
5:01:51 PM,42.485065,-82.8499633,14.229,8.7278,260.6729,235.7824,118.451,0.5431,2.2166,180.157,0.6046,-0.5915,6.5075,-94.8452,11.2681,-144.8685,105.1883,3.9842
5:01:52 PM,42.4850584,-82.8500173,,8.5918,261.4005,238.2058,-1.5676,-1.055,2.6254,179.9278,0.6042,-0.5916,6.2452,-97.4354,11.3201,-146.8348,105.1494,3.9842
5:01:53 PM,42.4850527,-82.8500751,14.229,8.5335,263.0277,238.0386,-1.5711,0.3999,2.9436,179.7017,0.6039,-0.5917,6.3239,-95.5749,11.1627,-145.6785,107.3706,3.9441
5:01:54 PM,42.4850482,-82.850128,,8.4557,263.4689,238.1986,-5.3182,0.0672,2.8273,179.4825,0.6036,-0.5919,6.3495,-98.6643,11.366,-146.4774,106.8687,3.9441
5:01:55 PM,42.4850442,-82.8501796,14.2946,8.3585,263.3772,,,,,179.2611,0.6033,-0.5921,6.3659,-98.6094,11.2955,-146.1357,107.3255,3.9613
5:01:56 PM,42.485039,-82.8502329,,8.6695,262.9246,237.2448,-76.5517,0.4554,1.7988,178.9277,0.603,-0.5924,6.32,-97.7934,11.2651,-146.2314,106.8394,3.9441
5:01:57 PM,42.4850316,-82.8502889,14.0322,9.2138,259.9853,237.029,-54.0276,0.6818,1.8457,178.6899,0.6026,-0.5925,5.2046,-98.4619,10.8698,-151.7314,102.4112,3.778
5:01:58 PM,42.4850247,-82.8503464,,9.2332,261.2172,236.9429,62.2026,0.3128,2.0287,178.4455,0.6022,-0.5926,5.3945,-96.9827,11.165,-151.342,102.2757,3.6462
5:01:59 PM,42.4850174,-82.8504039,13.9009,9.3693,260.1973,236.7652,-57.7954,-0.3619,2.1284,178.2016,0.6018,-0.5927,5.0447,-97.6274,11.1875,-153.453,100.3403,3.778
5:02:00 PM,42.4850107,-82.8504611,,9.4665,261.3375,235.2202,-39.0494,0.8779,2.6629,177.9597,0.6015,-0.5928,5.3849,-97.2752,11.3903,-152.0335,100.9954,3.7952
5:02:01 PM,42.4850026,-82.8505221,13.9665,9.1555,259.4811,234.2503,-12.8056,-0.0996,2.444,177.702,0.6011,-0.5929,5.384,-95.71,11.1868,-151.3868,100.7736,3.7952
5:02:02 PM,42.4849959,-82.8505771,,8.9611,260.3005,234.3551,,0.7619,2.6721,177.4926,0.6009,-0.593,5.3802,-94.7587,10.9391,-150.6501,101.2243,3.7035
5:02:03 PM,42.484989,-82.850632,13.9665,8.8639,260.1687,234.9406,47.1796,-0.3388,2.2033,177.2592,0.6006,-0.5931,5.1129,-91.899,10.4087,-150.5973,101.9843,3.7035
5:02:04 PM,42.4849824,-82.8506866,13.9665,8.7473,260.2317,,-42.8137,,,177.0273,0.6003,-0.5932,5.3777,-92.1636,10.4993,-149.2143,103.2091,3.7035
5:02:05 PM,42.4849753,-82.8507402,,8.7667,259.3035,233.9286,-20.2965,0.464,2.3039,,,,5.4409,-91.6324,10.4477,-148.6301,103.1395,3.7035
5:02:06 PM,42.4849669,-82.850794,13.9009,8.7667,258.3352,233.4385,13.4485,0.1573,2.1868,176.7992,0.6,-0.5933,5.2155,-91.7708,10.3274,-149.6833,101.4082,3.6634
5:02:07 PM,42.4849592,-82.8508483,,8.8833,259.3608,234.5376,24.6968,0.0464,2.3841,176.5688,0.5996,-0.5932,5.6181,-90.9974,10.5412,-147.7993,103.4837,3.7952
5:02:08 PM,42.4849518,-82.8509031,13.8025,8.9805,259.4639,234.6326,,-0.2861,2.0294,176.3363,0.5993,-0.5933,5.4512,-88.8878,10.3805,-148.3293,103.7404,
5:02:09 PM,42.4849427,-82.8509627,,9.1555,258.5472,,,,,176.1015,0.599,-0.5934,5.607,-88.4511,10.537,-147.8639,103.7015,3.7952
5:02:10 PM,42.4849335,-82.8510173,13.8025,9.1555,256.7653,234.3212,-76.5414,0.6278,2.1547,175.8458,0.5987,-0.5933,5.534,-87.6477,10.4771,-148.1462,102.6631,4.1103
5:02:11 PM,42.4849237,-82.8510726,,9.1749,256.6335,,,,,175.4929,0.5981,-0.5933,5.5099,-85.8097,10.3563,-147.9531,102.271,4.1218
5:02:12 PM,42.4849148,-82.8511279,13.8353,9.0583,255.8027,,,,,175.2533,0.5978,-0.5932,5.4836,-84.2772,10.146,-147.4679,102.6542,4.1447
5:02:13 PM,42.484906,-82.8511817,,8.7278,257.6935,,,,,175.0194,0.5974,-0.5932,5.3961,-83.3047,9.8568,-147.0635,103.7146,4.053
5:02:14 PM,42.4848985,-82.8512347,13.8353,8.5335,259.2348,,,,,174.8116,0.5971,-0.5932,5.2427,-83.5679,9.5815,-147.0626,,4.3681
5:02:15 PM,42.4848926,-82.8512887,,8.4363,262.0193,237.1895,99.6328,-1.3341,2.5366,174.5863,0.597,-0.5933,5.0756,-86.6594,9.6075,-148.1702,,3.2566
5:02:16 PM,42.4848885,-82.8513408,13.8353,8.3196,264.357,,,,,174.355,0.5969,-0.5934,5.0618,-88.4097,9.6708,-148.4524,105.9276,3.3941
5:02:17 PM,42.4848851,-82.8514,13.8353,8.3974,264.8784,239.0564,62.1441,-1.958,2.3931,,,,5.5066,-90.6467,10.0841,-146.9045,107.2865,3.3941
5:02:18 PM,,,,8.514,264.7409,239.5492,-24.0745,-0.5772,2.3793,173.9918,0.597,-0.5939,,,,,109.223,3.3941
5:02:19 PM,42.4848813,-82.8514528,13.7369,8.5529,263.4173,238.9324,-72.7943,-0.4784,2.5051,173.7663,0.597,-0.5942,5.2529,-93.7249,10.2376,-149.2021,106.8552,3.3941
5:02:20 PM,42.4848778,-82.8515064,,8.5723,263.6637,237.807,-12.7987,0.064,2.5801,173.5377,0.597,-0.5945,5.2292,-96.0784,10.4742,-150.2354,105.2622,3.3769
5:02:21 PM,42.4848725,-82.8515599,13.7369,8.7667,262.959,237.4517,-31.5379,0.992,2.4075,173.3083,0.597,-0.5946,5.2728,-98.5263,10.7077,-150.857,104.5553,3.3941
5:02:22 PM,42.484867,-82.8516146,,8.9611,261.9506,,-72.7805,0.5693,2.0688,173.0737,0.597,-0.5948,4.616,-97.3861,10.338,-153.717,102.1346,3.3941
5:02:23 PM,42.4848609,-82.8516691,13.6713,9.2527,260.415,236.1215,-57.7782,0.8766,2.3178,172.8395,0.5969,-0.5949,4.8068,-97.1953,10.6695,-153.4507,101.543,3.3941
5:02:24 PM,42.4848541,-82.851726,,9.5637,258.3066,234.2891,-129.0083,1.4227,1.9431,172.6192,0.5968,-0.595,4.8553,-95.6745,10.8348,-153.5176,99.9523,4.5228
5:02:25 PM,42.48484479,-82.85178913,13.54,9.7775,255.5793,232.0279,,,,172.3471,0.5966,-0.5951,4.622,-95.2623,10.9528,-155.1518,97.1188,5.3593
5:02:26 PM,42.48483486,-82.85184729,,9.7775,253.1958,,-95.2496,2.4918,2.1938,172.0942,0.5964,-0.595,4.8836,-96.7636,11.3517,-154.7094,95.2649,6.7631
5:02:27 PM,42.48482299,-82.85190715,13.6056,9.9719,251.7462,230.1236,-170.2475,1.4567,2.0035,171.8328,0.5961,-0.5949,4.9409,-94.0796,11.3485,-154.2606,94.0078,9.5362
5:02:28 PM,42.48480928,-82.85196798,,9.9719,251.729,228.4128,58.4967,1.1907,2.8,171.5653,0.5957,-0.5946,6.0354,-96.3424,12.2184,-150.5979,94.9899,9.0377
5:02:29 PM,42.4847959,-82.85202884,13.6056,10.0691,253.9292,227.974,-5.2598,0.2104,2.7515,171.2976,0.5953,-0.5944,6.6938,-92.9854,12.335,-147.1851,96.8361,8.9575
5:02:30 PM,42.4847818,-82.8520945,,9.7775,252.1358,227.6242,-27.7461,0.9747,2.3757,171.0339,0.5949,-0.5942,7.3582,-89.5553,12.3115,-143.2982,100.1319,8.8487
5:02:31 PM,42.4847682,-82.8521532,13.6056,9.8553,252.1587,,-1.5023,1.6418,2.1464,170.7738,0.5945,-0.5939,6.9502,-84.223,11.4508,-142.852,100.695,10.9686
5:02:32 PM,42.4847535,-82.8522125,,,,227.4992,92.2382,-0.291,2.2655,170.5098,0.5941,-0.5936,7.2378,-88.1963,11.9677,-142.8088,100.0082,4.4942
5:02:33 PM,42.4847407,-82.8522712,13.6056,9.6998,252.5254,228.9665,-9.0138,0.4702,2.3315,170.2499,0.5937,-0.5934,7.2506,-82.5487,11.3259,-140.5967,103.3591,
5:02:34 PM,42.4847258,-82.8523369,,9.4859,253.8833,229.1147,,,,169.9828,0.5934,-0.5931,7.1545,-81.8214,11.1046,-140.3775,104.0115,4.5687
5:02:35 PM,42.484712,-82.8523988,13.6713,9.5637,254.3474,230.3282,39.7369,0.292,2.0084,169.7086,0.593,-0.5928,7.4827,-82.3799,11.2984,-138.9719,105.7124,4.5687
5:02:36 PM,42.4846989,-82.8524595,13.6713,9.4665,254.886,230.9794,24.738,-0.5351,1.8753,169.4396,0.5927,-0.5926,7.0545,-81.3339,11.0094,-140.6944,105.6875,4.9067
5:02:37 PM,42.4846877,-82.8525194,,9.6803,256.6794,229.8809,-20.238,-0.2958,2.5022,169.1762,0.5926,-0.5925,7.1768,-84.1898,11.3928,-141.1924,105.4267,4.8895
5:02:38 PM,42.4846754,-82.8525831,13.7369,9.4471,255.8371,,-83.9601,0.1343,1.9377,168.9191,0.5924,-0.5924,7.1455,-82.6261,11.1396,-140.4951,105.191,4.9869
5:02:39 PM,42.4846635,-82.85264,,9.5248,254.7714,228.7171,24.7827,0.9584,2.1177,168.6661,0.5922,-0.5922,6.9127,-84.8295,11.2223,-142.1591,103.1313,5.1989
5:02:40 PM,42.4846515,-82.8526978,13.6056,9.2916,254.1698,229.3646,-38.9634,1.3811,1.6221,168.4106,0.592,-0.592,6.3871,-83.2383,10.8308,-144.1538,102.2211,5.2218
5:02:41 PM,42.4846398,-82.852757,,9.6609,254.3302,229.6582,,1.1,1.8181,168.1512,0.5919,-0.5919,6.5732,-84.5928,11.2888,-144.5717,101.3194,5.2447
5:02:42 PM,42.4846251,-82.8528235,13.6056,9.797,251.9639,227.4178,-128.9396,0.8616,2.2777,167.8848,0.5916,-0.5916,6.204,-85.5941,11.2147,-146.5255,98.2763,5.3364
5:02:43 PM,42.4846105,-82.8528818,,9.8553,251.093,225.8744,-35.175,,,167.4864,0.5912,-0.5912,6.4578,-85.9611,11.3533,-145.4315,97.5723,5.5198
5:02:44 PM,42.484595,-82.8529372,13.7369,9.7192,249.9815,225.9102,43.5597,0.5516,2.7124,167.2346,0.5909,-0.5908,6.019,-86.5223,11.0433,-147.0416,96.0776,5.8406
5:02:45 PM,42.4845814,-82.8529914,,9.4665,251.8264,,62.2817,-0.4141,2.6431,,,,6.0421,-87.6595,10.9125,-146.4112,97.1737,5.8406
5:02:46 PM,42.4845686,-82.8530507,13.9009,9.0194,253.5109,227.7788,174.7544,-1.3145,2.5835,166.8662,0.5905,-0.5904,6.1537,-87.2976,10.708,-144.9674,100.1001,5.8234
5:02:47 PM,42.4845585,-82.8531034,,9.0389,255.86,230.6799,88.5117,-1.6974,2.0609,166.5145,0.5904,-0.5902,6.4344,-86.1992,10.6201,-142.8048,103.8404,5.6515
5:02:48 PM,42.4845493,-82.8531571,13.8025,8.8833,257.1205,231.8999,-27.7186,-0.6418,2.052,166.278,0.5904,-0.5901,6.7443,-88.0659,10.9313,-141.9305,105.1029,6.1042
5:02:49 PM,42.4845402,-82.8532105,,8.825,257.3784,231.5402,-53.9417,2.0168,2.0325,166.0428,0.5905,-0.59,7.4021,-89.0983,11.491,-139.9026,106.584,5.5828
5:02:50 PM,42.4845316,-82.8532651,13.7369,9.0194,255.5793,230.0488,-136.4029,0.907,1.4231,165.8033,0.5906,-0.59,6.1535,-87.2394,10.7457,-145.1114,101.9948,7.9147
5:02:51 PM,42.4845208,-82.8533203,13.7369,9.3887,254.4506,228.4943,,,,,,,6.2486,-90.0133,11.3449,-146.5792,99.1095,7.5538
5:02:52 PM,42.4845085,-82.853378,,9.5054,254.1011,,2.348,1.3389,2.6304,165.4308,0.5905,-0.5898,5.5916,-86.4309,10.7323,-148.6683,97.7857,7.5137
5:02:53 PM,42.4844964,-82.8534356,13.7369,9.4859,253.7057,228.9321,-12.6715,-0.3073,1.7933,165.0442,0.5904,-0.5895,,,,,,7.4965
5:02:54 PM,42.4844834,-82.8535002,,10.1468,253.5338,228.7341,32.3217,0.3778,2.0464,164.7833,0.5904,-0.5894,5.9268,-83.7031,10.7394,-146.7326,99.5329,7.6168
5:02:55 PM,42.4844699,-82.8535581,13.7369,9.6998,252.852,228.6206,-27.6635,-0.3024,2.0005,,,,5.8988,-83.2361,10.8142,-147.2025,99.137,4.0301
5:02:56 PM,42.4844564,-82.8536176,,9.8941,252.9838,228.1352,-42.6624,0.9639,2.1705,164.3902,0.5903,-0.589,5.8871,-80.5355,10.5603,-146.6406,99.9907,4.5858
5:02:57 PM,42.4844422,-82.8536772,13.8025,9.8553,251.9696,227.3922,-27.6532,0.6413,1.2914,164.1232,0.5902,-0.5887,4.8654,-78.3992,10.0018,-151.542,96.2527,4.6088
5:02:58 PM,42.4844273,-82.853738,,9.8358,251.5399,227.0094,,,,163.8535,0.5901,-0.5884,4.9247,-74.5961,9.7527,-150.8685,96.7242,4.6947
5:02:59 PM,42.484412,-82.8537976,13.8025,9.7581,251.03,,-12.6509,0.5118,2.1562,163.4388,0.5899,-0.5879,4.7107,-77.4988,9.9679,-152.5237,94.3885,4.2249
5:03:00 PM,42.4843974,-82.8538553,,9.4276,251.0415,226.9596,-1.4129,0.1324,2.6924,163.1766,0.5898,-0.5875,5.3119,-77.6424,10.0302,-148.8474,97.272,9.1638
5:03:01 PM,42.4843815,-82.8539182,13.8025,9.8358,250.6576,226.2478,-113.896,0.103,1.5474,162.9165,0.5897,-0.5872,6.1194,-77.9158,10.315,-144.5421,99.7047,
5:03:02 PM,42.4843659,-82.8539751,,9.6609,248.6465,223.9971,-83.8913,0.896,1.934,162.6564,0.5896,-0.5868,6.3144,-80.7169,10.7073,-144.4083,98.6152,8.2413
5:03:03 PM,42.4843483,-82.8540312,13.8025,9.6414,247.8845,222.9486,-68.8649,1.088,1.9443,162.3953,0.5894,-0.5863,6.4034,-80.3003,10.7012,-143.8554,97.2107,8.3502
5:03:04 PM,42.4843307,-82.8540867,,9.6803,247.8959,,-12.6268,0.0778,2.4377,162.1338,0.5891,-0.5858,6.1822,-80.5436,10.6667,-145.1309,95.4521,8.3731
5:03:05 PM,42.4843132,-82.8541409,13.9009,9.2916,247.2026,221.8188,-23.8614,-0.1458,2.2978,,,,7.1053,-80.1161,10.7915,-139.5607,98.2618,8.3502
5:03:06 PM,42.4842973,-82.8541932,,9.0194,247.9131,222.2214,137.3689,-0.7338,2.5595,161.754,0.5888,-0.585,7.4846,-82.0067,11.0113,-137.6917,99.2761,7.8975
5:03:07 PM,42.4842845,-82.8542405,13.9665,8.7084,248.9788,225.2367,,,,161.5126,0.5886,-0.5846,7.2279,-82.3266,10.7201,-138.0716,100.1092,7.8804
5:03:08 PM,42.4842736,-82.8542905,13.9009,8.7278,250.7263,227.7898,81.0999,-0.594,2.2132,161.2964,0.5885,-0.5843,7.6523,-82.6561,10.897,-135.8554,105.1983,7.8804
5:03:09 PM,42.484262,-82.8543464,,8.7084,252.2905,228.0128,-8.8831,-0.4385,2.0084,161.048,0.5887,-0.5841,6.9445,-82.7478,10.4384,-138.7034,103.9267,7.7543
5:03:10 PM,42.4842505,-82.8543983,13.8353,9.0583,250.9211,226.8757,-110.0904,0.5102,2.3667,160.7308,0.5889,-0.5839,6.3237,-84.9287,10.3113,-142.3468,101.1544,7.7543
5:03:11 PM,42.4842371,-82.8544523,,8.8833,250.7836,,-38.8225,1.6555,2.1937,160.4864,0.5889,-0.5836,6.2679,-85.6302,10.4625,-143.32,99.2689,7.8116
5:03:12 PM,42.4842214,-82.8545067,13.8025,9.2138,249.5288,225.8175,-91.31,1.8991,1.8078,160.2378,0.5889,-0.5832,5.8227,-81.8739,10.028,-144.9133,97.7435,3.841
5:03:13 PM,42.4842069,-82.8545605,,9.5831,247.1912,224.021,-16.2949,2.0922,2.5582,159.9932,0.5889,-0.5829,5.963,-85.3655,10.66,-146.1137,95.4324,7.2501
5:03:14 PM,42.4841891,-82.854613,13.9009,9.4276,245.8046,222.5686,-125.0205,0.655,2.3648,159.7448,0.5887,-0.5823,5.5704,-81.9931,10.2564,-147.4645,93.6008,7.2501
5:03:15 PM,42.4841709,-82.8546668,,9.5637,246.5724,221.4623,,,,159.4904,0.5885,-0.5817,5.4486,-79.2675,9.9452,-147.4334,92.5007,7.1928
5:03:16 PM,42.4841526,-82.8547189,13.9009,9.3887,246.5437,,96.2157,0.1486,2.5256,159.2398,0.5883,-0.5811,6.1572,-80.0051,10.2287,-143.6426,94.6726,7.0668
5:03:17 PM,42.484133,-82.8547756,,9.2138,247.4261,222.919,77.4524,-0.199,1.7188,158.9698,0.5881,-0.5805,6.9413,-79.8593,10.5021,-139.412,98.7858,7.0897
5:03:18 PM,42.4841182,-82.8548264,13.9009,9.0583,248.572,224.7709,99.9387,0.6423,2.4774,158.7325,0.588,-0.58,6.495,-79.2878,10.0891,-140.7618,98.8312,7.1298
5:03:19 PM,,,,8.7862,249.2767,225.5982,36.1754,0.2527,2.4849,158.49,0.5881,-0.5797,6.8091,-81.4785,10.3418,-139.373,100.898,7.3189
5:03:20 PM,42.484104,-82.8548788,13.8353,8.7084,249.7924,,-72.5502,0.0689,1.9562,158.2565,0.5882,-0.5793,6.776,-81.537,10.2218,-139.0288,101.2594,6.425
5:03:21 PM,42.4840904,-82.8549296,,8.7667,248.6751,225.6537,-68.7859,0.7764,2.2699,158.0376,0.5882,-0.579,6.7721,-83.6788,10.4943,-140.1049,100.1656,7.0668
5:03:22 PM,42.4840756,-82.8549826,13.8353,9.1555,249.8039,225.2018,-16.2743,0.2941,2.221,157.79,0.5882,-0.5785,6.7798,-85.3467,10.8055,-141.2905,98.5881,7.0438
5:03:23 PM,42.4840596,-82.8550363,,8.825,248.0793,224.5895,-20.018,1.0966,2.3145,,,,6.8919,-84.3315,10.7335,-140.2865,98.8216,7.0897
5:03:24 PM,42.484043,-82.8550888,13.8353,9.0194,247.7813,224.2468,32.4764,0.2824,2.498,157.397,0.5882,-0.5778,7.0957,-85.7707,11.0063,-139.9886,98.3252,7.0668
5:03:25 PM,42.4840256,-82.8551414,,8.9222,246.6411,224.956,-42.5077,0.555,1.8831,157.1487,0.5881,-0.5772,7.5703,-83.5325,11.0537,-137.1164,100.7611,7.0438
5:03:26 PM,42.48400764,-82.85519946,13.7369,9.3693,246.5609,225.0341,,0.0148,2.066,156.7803,0.5881,-0.5764,7.6941,-85.5988,11.5132,-138.2163,99.7608,7.0438
5:03:27 PM,42.48399069,-82.85525167,,9.2332,247.0136,,70.0028,0.1518,2.339,156.5314,0.5881,-0.5759,,,,,,7.1928
5:03:28 PM,42.48397378,-82.85530426,13.8353,9.2527,248.8986,225.8052,-34.9825,-0.3798,2.4123,156.2832,0.5882,-0.5755,7.4896,-84.9475,11.3568,-138.935,99.7591,7.1699
5:03:29 PM,42.4839582,-82.855358,,9.1166,248.4574,225.661,85.0052,-0.2734,2.5888,156.0335,0.5883,-0.5751,7.4443,-84.6555,11.2945,-138.986,100.1086,7.1928
5:03:30 PM,42.4839427,-82.8554115,13.9009,9.0389,249.6091,225.907,-8.7388,,,155.7917,0.5884,-0.5747,7.5059,-84.1403,11.1982,-138.1814,101.1058,6.5511
5:03:31 PM,42.4839283,-82.8554638,,8.9805,249.2366,225.6383,-1.2307,0.2516,2.4716,,,,7.8688,-83.1095,11.2434,-135.9885,103.0343,
5:03:32 PM,42.4839115,-82.8555227,13.8353,8.9028,249.5002,225.8426,58.7786,-0.2697,2.3318,155.4234,0.5886,-0.5741,7.4587,-82.2141,10.8442,-137.0419,102.2726,6.5855
5:03:33 PM,42.4838967,-82.8555767,,8.9417,249.0648,226.6333,-57.4585,0.0815,1.797,155.1756,0.5888,-0.5737,7.8586,-82.7329,11.1209,-135.4949,103.6876,6.6542
5:03:34 PM,42.4838799,-82.8556348,13.8025,,,225.762,-8.7044,1.812,2.3059,154.932,0.589,-0.5733,7.6153,-79.3668,10.6627,-135.4178,104.2738,2.7123
5:03:35 PM,42.483865,-82.8556879,,9.0583,248.8814,224.3911,,0.0861,1.8393,154.5619,0.5893,-0.5727,7.6787,-88.0118,11.6493,-138.7946,100.3806,11.4671
5:03:36 PM,42.4838502,-82.8557422,13.8025,9,248.509,,-94.9162,,,154.3037,0.5895,-0.5722,8.0922,-75.9105,10.5758,-132.0857,105.6952,-3.4184
5:03:37 PM,42.4838318,-82.8557971,,9.1555,245.5353,223.7832,-64.915,1.4263,2.0244,154.0616,0.5896,-0.5717,7.1977,-85.258,11.124,-139.8474,97.8408,9.0606
5:03:38 PM,42.4838157,-82.8558494,13.8025,9.2138,246.0796,221.8296,-53.6701,2.0278,2.6383,153.8489,0.5897,-0.5713,8.0129,-83.1118,11.4435,-135.9599,102.0398,4.4942
5:03:39 PM,42.4837976,-82.8559048,,9.0389,243.467,219.4482,-169.8969,1.6316,1.8952,153.6157,0.59,-0.5709,7.5218,-83.9725,11.237,-138.2656,96.934,8.2929
5:03:40 PM,42.4837804,-82.8559587,13.8025,8.9611,241.9142,216.763,-132.3808,0.635,2.5301,153.3511,0.5899,-0.5702,7.4128,-85.6972,11.2595,-138.966,93.6719,6.786
5:03:41 PM,42.4837612,-82.8560074,,8.9222,239.7485,,6.3633,1.0017,2.1702,153.1134,0.5898,-0.5695,7.6317,-83.355,11.0663,-136.7641,93.5328,7.0897
5:03:42 PM,42.4837413,-82.856056,13.8025,8.825,239.4047,216.0663,,0.9944,1.9839,,,,7.8309,-84.5417,11.2609,-136.1914,92.8903,9.7768
5:03:43 PM,42.4837205,-82.8561041,,8.7667,238.1786,215.952,-31.115,2.2053,2.5356,152.7559,0.5896,-0.5683,8.4953,-81.5657,11.3106,-132.0153,95.54,3.9842
5:03:44 PM,42.483701,-82.8561534,13.6056,9.1944,239.2156,217.2088,66.3657,,,152.3945,0.5896,-0.5673,8.2489,-83.9685,11.4998,-134.4927,94.2358,10.4415
5:03:45 PM,42.4836809,-82.8562025,,9.0583,240.2183,,,-0.347,2.4703,152.1524,0.5895,-0.5665,8.1707,-80.0278,11.0396,-133.2022,96.7048,6.8089
5:03:46 PM,42.4836592,-82.8562515,13.7369,8.9028,240.1839,218.2736,17.6081,-0.1122,2.6198,151.9068,0.5894,-0.5657,8.4034,-77.682,10.8676,-130.9352,98.953,6.8318
5:03:47 PM,42.4836384,-82.8563023,,9.311,239.7771,,,,,151.6553,0.5893,-0.5649,8.3601,-75.9549,10.7983,-131.3178,98.7475,7.0266
5:03:48 PM,42.4836142,-82.8563593,13.7369,9.3499,238.8145,218.3738,,,,151.3979,0.5893,-0.5641,7.9844,-75.406,10.6441,-133.4544,96.9278,7.0152
5:03:49 PM,42.4835923,-82.8564116,,9.4276,239.6167,,,,,151.139,0.5892,-0.5633,7.264,-74.1542,10.1269,-136.3667,95.7889,7.0266
5:03:50 PM,42.4835725,-82.8564625,13.8353,9.4082,241.0204,,,,,150.8913,0.5893,-0.5626,7.3591,-73.8859,10.1292,-135.7347,96.8366,7.0152
5:03:51 PM,42.4835518,-82.8565119,,9.136,241.0892,,,,,,,,,,,,,7.273
5:03:52 PM,42.4835307,-82.8565612,13.8025,9.2332,239.7656,218.0267,-4.8266,-0.6127,1.7172,150.5228,0.5893,-0.5614,7.3227,-73.7809,10.0401,-135.5477,96.9192,4.414
5:03:53 PM,42.4835079,-82.856611,,9.1749,239.2672,217.2992,-53.5738,0.6669,1.5097,150.2789,0.5892,-0.5606,7.4573,-72.3143,9.8556,-133.8718,97.5434,6.8318
5:03:54 PM,42.4834859,-82.8566617,13.7369,9.2332,238.8948,217.0726,28.9218,0.932,2.3349,149.8956,0.5891,-0.5593,7.5458,-71.4575,9.8623,-133.4986,97.1775,
5:03:55 PM,42.4834625,-82.8567162,,9.3499,239.8802,,,,,149.649,0.5891,-0.5585,7.6309,-74.4625,10.2841,-134.3653,95.929,6.8318
5:03:56 PM,42.4834391,-82.8567649,13.8025,9.0972,237.9322,217.0251,-19.7945,0.475,2.3923,149.3979,0.589,-0.5576,7.1054,-73.3479,9.9161,-136.646,94.1513,8.0522
5:03:57 PM,42.4834143,-82.8568135,,9.0583,238.8604,216.1296,-19.8049,-0.9733,2.5281,149.1439,0.5888,-0.5566,8.3719,-72.4173,10.3385,-129.4705,98.8201,5.113
5:03:58 PM,42.4833907,-82.8568624,13.8025,8.9417,238.3333,217.7007,55.193,0.4267,2.3562,148.8923,0.5887,-0.5556,9.2801,-74.756,11.0961,-126.2053,101.1254,6.1672
5:03:59 PM,42.4833706,-82.8569111,,9.4276,239.9834,219.3561,55.1827,-1.6796,2.5878,148.6513,0.5888,-0.5549,8.4318,-75.1502,10.5892,-129.6763,99.4068,5.8635
5:04:00 PM,42.4833503,-82.8569567,13.8025,8.6501,240.161,221.416,88.9345,-0.254,2.4131,148.4214,0.5888,-0.5541,9.1448,-78.2956,11.3244,-127.745,101.4037,6.1844
5:04:01 PM,42.483334,-82.8570056,,8.689,241.4903,,223.9279,0.8283,1.7409,,,,8.7644,-77.0909,10.9003,-128.3962,102.3203,6.1443
5:04:02 PM,42.483316,-82.8570612,13.6056,9.1555,246.601,225.6494,-64.8187,0.6512,1.4287,148.0729,0.5893,-0.5533,7.9489,-76.6827,10.5464,-132.8243,103.2073,6.2016
5:04:03 PM,42.4832986,-82.8571151,,9.7581,245.8963,225.7242,-79.8142,1.0246,1.6399,147.8344,0.5897,-0.5528,7.6712,-78.5746,10.9882,-136.8193,101.722,7.0266
5:04:04 PM,42.4832785,-82.8571666,13.7369,9.5248,242.1262,218.6423,-225.9872,1.2532,2.6734,147.5821,0.59,-0.5522,7.2059,-82.4317,11.241,-140.5465,95.7295,6.9751
5:04:05 PM,42.4832572,-82.8572174,,9.4665,237.7947,,,,,147.3341,0.5902,-0.5515,7.9841,-81.5995,11.4878,-136.5635,94.7071,7.5538
5:04:06 PM,42.483235,-82.8572671,13.7369,9.2332,237.4051,215.0487,-8.4706,1.7346,2.5183,147.0834,0.5903,-0.5506,8.519,-82.6559,11.8034,-134.2891,93.8556,7.5767
5:04:07 PM,42.4832124,-82.8573151,,9.1944,237.8978,215.4432,-27.227,-0.0413,2.2789,146.835,0.5903,-0.5498,8.6935,-80.7619,11.6061,-132.3259,94.8184,6.7115
5:04:08 PM,42.4831907,-82.8573631,13.7369,9.1944,237.4795,215.3546,-12.2384,0.4169,2.1241,146.4729,0.5904,-0.5485,9.2605,-79.4698,11.7674,-129.3121,97.0936,7.2157
5:04:09 PM,42.483169,-82.857413,,9.4082,238.5854,216.1609,40.2629,0.7214,2.1118,146.2253,0.5906,-0.5477,9.4305,-80.3974,12.0518,-129.5083,97.3767,7.2329
5:04:10 PM,42.4831424,-82.857468,13.6056,9.4665,237.8749,215.7155,-64.695,0.992,1.6583,145.9678,0.5906,-0.5467,9.4779,-78.962,12.0419,-129.4192,97.2566,7.147
5:04:11 PM,42.4831182,-82.8575196,13.6713,9.5637,235.2049,,47.7984,0.6201,1.7153,145.7075,0.5907,-0.5458,9.1258,-79.6675,12.0243,-131.6997,95.8949,8.8716
5:04:12 PM,42.4830941,-82.8575686,,9.5637,235.9669,216.5436,-0.9557,0.4801,2.1059,145.4525,0.5907,-0.5448,8.9459,-75.2751,11.2687,-129.8433,97.6397,11.4442
5:04:13 PM,42.483071,-82.8576192,13.6056,9.1555,236.9582,215.8938,,,,145.1952,0.5909,-0.5439,8.9346,-78.6918,11.6145,-131.0333,95.8717,8.1783
5:04:14 PM,42.483051,-82.8576675,,9.1166,240.5907,219.4599,212.7656,0.5933,3.6154,144.9575,0.5911,-0.5431,9.0121,-80.0481,11.6684,-130.4716,99.123,9.5591
5:04:15 PM,42.4830297,-82.8577163,13.7369,8.6501,241.8569,220.6347,10.2857,-1.3642,2.2502,144.7109,0.5912,-0.5422,8.6829,-63.9795,9.2238,-122.2265,108.3439,-2.3011
5:04:16 PM,42.4830104,-82.8577632,,8.5529,242.1148,222.0345,107.7837,0.6179,2.5025,,,,9.1823,-76.1921,10.9785,-125.6865,105.3988,
5:04:17 PM,42.4829957,-82.8578104,13.6056,8.4751,245.077,,92.7573,-0.2475,2.3139,144.3683,0.5917,-0.5412,8.957,-79.1507,11.0657,-127.3478,106.0547,7.9491
5:04:18 PM,42.4829777,-82.8578645,,8.6306,244.6071,224.9552,-64.695,0.1954,1.6495,144.0398,0.5925,-0.5406,7.7757,-76.0053,10.0353,-131.2503,104.3808,8.0351
5:04:19 PM,,,13.54,8.7667,245.4608,224.8038,6.5764,0.8291,2.4237,143.8225,0.593,-0.5401,6.9367,-77.6328,9.9093,-136.8606,100.6359,5.7203
5:04:20 PM,42.4829623,-82.857913,,8.9417,245.6958,224.9149,-64.6881,1.3458,2.3622,143.5845,0.5934,-0.5395,,,,,,6.8318
5:04:21 PM,42.4829444,-82.8579648,13.4744,9.5637,243.53,,,,,143.3483,0.5939,-0.5389,6.9102,-77.3521,10.0519,-137.8739,100.0228,7.1928
5:04:22 PM,42.4829253,-82.8580158,,9.5831,241.1579,221.3791,-237.153,0.8601,1.8241,143.0959,0.5943,-0.5382,6.5649,-76.3589,10.0698,-140.687,96.577,7.8345
5:04:23 PM,42.48290183,-82.85807332,13.54,9.4471,236.855,216.6586,-124.6286,2.1884,2.7921,,,,7.0654,-82.2509,11.0094,-140.5137,92.8825,9.1752
5:04:24 PM,42.48287753,-82.85812391,13.54,9.0777,235.9784,214.6269,14.1016,0.4854,2.7203,142.714,0.5947,-0.5368,7.4546,-78.0232,10.6379,-136.7247,92.5266,2.5748
5:04:25 PM,42.4828508,-82.8581757,,8.7473,237.7316,216.1088,89.1064,0.4476,2.7642,142.4446,0.5948,-0.5357,8.6555,-77.799,11.1796,-130.8229,95.1153,7.8116
5:04:26 PM,42.4828298,-82.8582214,13.6056,8.7862,238.5567,217.1549,-8.3984,-0.4952,1.9785,142.2161,0.595,-0.5349,8.7808,-80.0073,11.3492,-130.3629,96.3679,8.5507
5:04:27 PM,42.4828082,-82.8582691,,8.9611,237.5082,,17.8557,-0.0002,2.2243,141.9789,0.5953,-0.534,8.6979,-78.6821,11.0003,-129.1658,98.6204,6.3105
5:04:28 PM,42.4827853,-82.8583155,13.54,8.6112,238.6713,218.0414,55.3374,0.7259,2.3392,141.6371,0.5956,-0.5327,8.7782,-77.9649,11.0309,-128.8957,98.9608,4.2421
5:04:29 PM,42.4827633,-82.8583643,,8.8639,239.7198,219.1839,,,,,,,9.1321,-78.9179,11.2809,-127.3986,100.6207,5.6401
5:04:30 PM,42.4827429,-82.8584127,13.4744,8.689,241.6851,221.1637,107.8421,-0.5621,2.414,141.2881,0.5961,-0.5316,8.3522,-81.0026,11.0918,-131.9492,98.5392,5.5427
5:04:31 PM,42.4827229,-82.8584608,,8.825,241.496,219.7,-72.1342,-0.5163,1.7802,141.0564,0.5965,-0.5308,8.8735,-77.5068,11.0682,-128.4889,102.4515,5.6286
5:04:32 PM,42.4827007,-82.8585139,13.4744,8.9028,239.2901,,-72.1171,0.6735,2.4139,140.8008,0.597,-0.53,9.1877,-80.8786,11.7122,-129.2371,100.3462,7.0266
5:04:33 PM,42.48268,-82.8585608,,8.5918,237.4509,217.4467,-79.5838,0.8987,2.6463,140.5718,0.5974,-0.5292,8.9232,-80.4693,11.485,-129.9846,97.8707,7.0266
5:04:34 PM,42.4826592,-82.8586081,13.54,8.6695,237.3821,217.7473,167.8721,-0.8776,2.5926,140.3396,0.5977,-0.5284,8.5156,-81.0539,11.2506,-131.6086,96.0996,6.4823
5:04:35 PM,42.4826382,-82.8586543,,8.3974,241.0548,221.3753,235.3516,-0.363,3.4067,140.1332,0.598,-0.5277,8.6721,-80.6779,11.175,-130.0239,98.6793,5.2447
5:04:36 PM,42.48262,-82.8587004,13.6056,7.9309,245.902,226.2991,227.7817,-2.4461,3.3539,139.915,0.5985,-0.527,8.2007,-79.5703,10.5939,-130.4206,102.0165,4.0072
5:04:37 PM,42.4826029,-82.8587458,,7.9503,248.3829,,,,,139.7019,0.5989,-0.5264,8.9502,-82.7189,11.2742,-128.0505,107.7232,5.0098
5:04:38 PM,42.4825891,-82.8587925,13.4744,7.9503,252.004,230.2965,104.0434,-1.2566,2.4203,139.4995,0.5996,-0.526,9.0383,-83.6902,11.4037,-128.0219,110.4075,2.7925
5:04:39 PM,42.4825767,-82.858842,,8.2224,251.0243,231.8713,17.811,0.0703,2.1211,139.2943,0.6005,-0.5257,7.6874,-86.6686,10.8218,-134.8332,107.3429,3.8181
5:04:40 PM,42.4825625,-82.8588977,13.4744,8.4557,250.4227,230.3225,-124.6664,-0.9261,2.8898,139.0646,0.6015,-0.5254,7.5448,-90.5768,11.2478,-137.8754,103.9877,4.1218
5:04:41 PM,42.4825502,-82.8589454,,8.5723,247.9761,229.111,-68.3733,0.0544,1.9887,138.8678,0.6023,-0.5251,7.3887,-89.3818,11.1791,-138.6314,102.4094,4.1103
5:04:42 PM,42.4825351,-82.858996,13.3432,8.7084,247.6954,227.495,-34.6319,0.2924,2.4448,138.6526,0.6031,-0.5247,7.2617,-91.7832,11.4991,-140.8617,98.7722,
5:04:43 PM,42.4825184,-82.8590447,,8.8445,246.5151,,-38.3618,0.4104,2.4157,138.327,0.6041,-0.5238,7.3923,-91.7752,11.633,-140.5687,98.082,5.113
5:04:44 PM,42.4825013,-82.8590943,13.4088,8.8833,247.7928,227.1473,14.1016,0.7316,2.6671,138.101,0.6048,-0.5233,7.3042,-93.1581,11.7986,-141.8199,96.8747,5.1359
5:04:45 PM,42.4824844,-82.8591461,,9.1166,247.7412,226.8757,,0.8806,1.9819,137.8792,0.6056,-0.5228,7.2238,-90.5691,11.5483,-141.2812,97.4621,6.425
5:04:46 PM,42.4824682,-82.8591986,13.4088,9.1555,244.3894,225.1907,-60.8859,,,137.684,0.6064,-0.5224,7.9566,-93.3227,12.4606,-140.3967,97.5991,5.4797
5:04:47 PM,42.4824507,-82.859254,,9.3693,243.868,,-158.3289,2.0916,1.9621,,,,7.1476,-92.1632,11.8965,-143.1025,93.2742,9.4216
5:04:48 PM,42.4824316,-82.8593079,13.4744,9.4859,239.1583,221.3272,-98.3264,2.9679,2.2407,137.3207,0.6076,-0.5215,7.4208,-91.919,12.1301,-142.3073,91.0272,12.6416
5:04:49 PM,42.4824082,-82.8593604,13.4088,,,217.3892,-225.7843,1.9621,2.1368,137.0758,0.6083,-0.5207,8.0625,-88.5214,12.2266,-138.7608,91.0386,-0.5249
5:04:50 PM,42.4823859,-82.8594131,,9.5248,238.0983,215.7266,-53.3091,2.8888,1.4049,136.8245,0.6088,-0.5198,7.511,-90.7084,12.3063,-142.3892,86.112,11.1634
5:04:51 PM,42.4823634,-82.8594637,13.4088,9.4665,235.2336,214.954,-113.3116,1.3204,2.1782,136.5745,0.6094,-0.5189,7.4397,-85.8469,11.8399,-141.192,86.498,10.7795
5:04:52 PM,42.4823378,-82.8595121,,9.8553,236.5342,,-27.0688,2.4941,2.2927,136.332,0.6099,-0.518,8.3108,-83.7616,12.0301,-136.6273,88.9886,3.9441
5:04:53 PM,42.4823116,-82.8595588,13.3432,9.7192,233.8355,213.6252,,0.9914,2.0688,136.087,0.6102,-0.5169,7.8552,-79.7302,11.3281,-136.9749,88.1216,7.9147
5:04:54 PM,42.4822855,-82.8596048,,9.5443,233.7152,212.8941,-30.816,,,135.8455,0.6105,-0.5157,,,,,,10.5675
5:04:55 PM,42.4822555,-82.8596558,13.4088,9.7386,231.8875,211.1158,-87.0437,1.4356,1.3281,135.603,0.6107,-0.5145,8.2168,-78.1782,11.3646,-134.9531,88.9316,8.4189
5:04:56 PM,42.4822288,-82.8597002,,9.5637,230.9822,210.7179,51.7003,1.887,2.1107,135.36,0.611,-0.5134,8.3546,-79.6346,11.5544,-134.662,87.974,9.3643
5:04:57 PM,42.4822004,-82.8597439,13.4088,9.6414,229.6644,211.4724,-8.3125,-0.087,1.9029,135.1252,0.6112,-0.5122,8.0939,-76.9733,11.033,-134.3786,87.3043,4.1218
5:04:58 PM,42.482172,-82.8597893,13.4088,9.8941,231.8359,211.6167,-0.8079,2.3683,2.4372,134.8818,0.6114,-0.5109,9.6105,-72.4741,11.3897,-126.4266,94.602,9.5992
5:04:59 PM,42.4821452,-82.8598368,,9.8164,230.2202,,-87.0334,-0.2866,2.9631,134.634,0.6117,-0.5097,9.5405,-76.0052,11.8545,-128.6563,93.0647,9.1008
5:05:00 PM,42.4821177,-82.8598843,13.54,9.7775,228.083,210.3585,70.4704,,,134.3917,0.612,-0.5085,8.0491,-72.8092,10.5523,-133.2217,88.6634,2.3055
5:05:01 PM,42.4820901,-82.8599299,,9.311,229.3092,210.8401,,-0.502,2.1253,134.147,0.6123,-0.5073,9.017,-68.4352,10.356,-125.9277,94.2263,2.592
5:05:02 PM,42.4820619,-82.8599739,13.54,9.3499,231.2458,212.7534,77.9647,-1.3274,2.8702,133.9056,0.6127,-0.5062,9.0819,-69.6482,10.5139,-125.9163,95.1622,2.6149
5:05:03 PM,42.4820322,-82.8600216,13.4744,8.514,230.117,211.4322,-102.0186,-0.6338,1.4522,133.5515,0.613,-0.5043,9.27,-69.9966,10.4965,-123.9139,97.3828,3.3196
5:05:04 PM,42.482007,-82.8600632,,8.8833,230.1686,210.6431,-30.7541,0.5994,2.083,,,,9.7667,-76.5683,11.6838,-125.6047,94.182,8.4189
5:05:05 PM,42.4819807,-82.8601067,13.4088,8.9417,228.4325,,-64.4818,1.6288,1.8663,133.2123,0.6134,-0.5026,9.2584,-76.366,11.3981,-127.872,92.2106,8.4189
5:05:06 PM,42.4819528,-82.8601492,,9.7192,227.3153,208.6646,-101.9464,,,132.8656,0.6139,-0.5008,9.4502,-75.3939,11.5126,-127.4081,91.1254,
5:05:07 PM,42.4819218,-82.8601913,13.4744,9.0777,223.2072,206.5108,-64.4268,1.3554,2.6588,,,,9.0264,-73.1448,11.0516,-128.5869,88.0589,8.4189
5:05:08 PM,42.4818915,-82.8602335,,10.1274,224.376,206.1527,10.5848,2.1134,2.3518,132.4975,0.614,-0.4986,9.1438,-71.537,10.9135,-127.3712,89.6456,8.7799
5:05:09 PM,42.4818588,-82.8602767,13.4088,9.5443,222.7603,206.0479,-15.6658,-0.2879,2.1026,132.1213,0.6142,-0.4964,9.0917,-62.7191,9.7092,-123.6703,92.1199,1.4231
5:05:10 PM,42.4818255,-82.8603231,,9.136,223.1613,205.9227,14.3217,-0.2913,2.8074,131.8782,0.6144,-0.495,8.7423,-68.6974,10.1973,-126.9904,88.458,10.4816
5:05:11 PM,42.4817963,-82.8603658,13.4744,8.9417,223.9979,,36.8286,-0.3051,2.3373,,,,9.3553,-65.8464,10.0101,-121.4862,92.8358,5.9896
5:05:12 PM,42.4817658,-82.8604038,,8.9611,223.8317,206.8118,,0.9638,1.4308,131.5237,0.6147,-0.493,9.8704,-65.6001,10.2017,-118.2231,96.0769,6.9923
5:05:13 PM,42.4817362,-82.8604432,13.4088,9.2721,226.7423,207.9311,14.3217,1.2356,1.7637,131.1755,0.6148,-0.4909,9.8838,-68.4843,10.6999,-120.7547,94.9781,6.9121
5:05:14 PM,42.4817065,-82.860484,,8.4363,224.3187,207.3243,-79.4154,-1.5669,2.6735,130.9395,0.615,-0.4895,8.5719,-68.604,9.9919,-126.988,89.8312,8.7799
5:05:15 PM,42.4816773,-82.8605269,13.54,8.8445,224.2671,,81.8734,,,,,,9.5972,-71.9611,10.9457,-123.5191,91.7071,8.6768
5:05:16 PM,42.4816469,-82.8605637,13.6056,8.8445,224.5765,208.2159,81.8665,-0.3509,2.7101,130.5852,0.6154,-0.4875,9.4499,-68.1161,10.2216,-120.9202,94.9144,8.4762
5:05:17 PM,42.4816182,-82.8606006,,9.2527,226.3126,209.4962,78.1125,0.33,1.9748,130.2506,0.6155,-0.4853,10.0524,-70.1204,10.8829,-119.6985,97.0105,8.1382
5:05:18 PM,42.4815884,-82.8606457,13.4744,8.8639,227.2179,211.3185,-11.8705,0.7313,1.7909,130.0263,0.6158,-0.4841,9.3126,-69.2622,10.3462,-122.6708,96.0081,8.27
5:05:19 PM,42.4815613,-82.8606859,,9.5443,227.2866,210.3759,-75.5857,-0.2338,2.5177,,,,9.4384,-71.4368,10.7787,-123.8914,94.243,8.2528
5:05:20 PM,42.4815322,-82.8607239,13.4744,9.0777,224.9203,208.3298,-0.581,0.8736,2.1663,129.6889,0.6163,-0.4822,9.4055,-70.4349,10.5803,-123.1088,93.3841,8.4189
5:05:21 PM,42.4815019,-82.860762,,9.0777,224.9604,208.5488,29.4168,0.5157,2.3299,129.4634,0.6164,-0.4809,9.3423,-69.4965,10.4661,-123.2721,93.0189,8.396
5:05:22 PM,42.4814716,-82.8608004,13.4088,9.2527,225.1208,,,,,129.119,0.6167,-0.4787,,,,,,8.5221
5:05:23 PM,42.4814421,-82.8608393,,8.9417,224.8745,209.851,14.4248,-0.2963,1.6422,128.8913,0.6168,-0.4773,9.3412,-68.0937,10.3408,-123.0588,93.7998,-7.8072
5:05:24 PM,42.4814122,-82.8608806,13.4744,8.9028,227.2924,210.4504,25.6731,2.1201,2.1395,128.6558,0.6172,-0.4759,9.2658,-59.7171,9.1925,-119.4907,98.4855,9.0148
5:05:25 PM,42.4813843,-82.8609215,,9.0583,227.2924,210.624,-19.3167,0.2547,2.681,128.4286,0.6175,-0.4746,9.3697,-68.8454,10.5761,-124.2861,94.5219,9.1638
5:05:26 PM,42.4813521,-82.8609675,13.6056,8.9417,227.2924,209.1743,10.712,0.0205,2.7245,128.1931,0.6179,-0.4733,9.4379,-69.8627,10.7309,-124.3359,94.3662,9.5133
5:05:27 PM,42.4813244,-82.8610078,13.7369,8.6306,226.0376,209.9483,44.4363,-1.6988,2.987,127.9672,0.6183,-0.472,8.7298,-69.918,10.2248,-126.6898,92.0399,-4.868
5:05:28 PM,42.4812959,-82.8610495,,8.514,226.7022,,14.442,-0.2461,1.5598,127.7363,0.6187,-0.4707,9.8335,-60.4753,9.44,-114.9857,101.8803,
5:05:29 PM,,,13.54,8.5529,227.9226,211.1811,14.4454,0.8236,1.8566,127.5143,0.6191,-0.4695,9.5667,-60.588,9.1877,-114.9006,102.1539,-3.0918
5:05:30 PM,42.4812692,-82.861091,,8.6306,228.9826,212.5375,,,,127.2977,0.6197,-0.4684,9.6993,-66.1104,10.066,-118.2345,100.1523,4.4483
5:05:31 PM,42.4812438,-82.8611334,13.54,9,231.1827,214.199,40.6789,-0.092,1.9229,127.0757,0.6203,-0.4673,8.8484,-69.9211,10.1392,-124.9508,95.939,8.0351
5:05:32 PM,42.4812181,-82.8611781,,9.0972,229.0055,,-53.0341,1.7589,2.474,126.8423,0.621,-0.4661,9.5924,-71.4711,10.9733,-124.0195,97.7496,7.8345
5:05:33 PM,42.4811904,-82.861224,13.6713,9.2721,226.1579,210.835,-165.4931,0.6311,1.7898,126.6139,0.6214,-0.4648,9.0371,-70.2873,10.5676,-126.3843,93.8735,8.5908
5:05:34 PM,42.48115854,-82.8612688,,9.0777,222.8519,207.3678,-135.4747,1.3601,1.6408,126.3745,0.6218,-0.4634,9.4942,-72.2784,11.0094,-124.7699,91.7642,11.1863
5:05:35 PM,42.48112723,-82.8613107,13.6056,9.2721,222.3019,206.4104,-7.9721,1.4846,2.2198,126.1382,0.6223,-0.4621,9.4636,-72.5996,11.1237,-125.7251,89.0568,9.9029
5:05:36 PM,42.48109738,-82.86135384,,9.3304,221.8493,,89.5086,0.9726,2.0453,,,,9.8947,-70.0292,11.0542,-122.7236,90.5516,6.5511
5:05:37 PM,42.48106585,-82.86139651,13.54,9.2527,220.7148,207.2091,,0.4362,2.399,125.7769,0.6229,-0.4598,10.5324,-71.6371,11.6586,-120.9742,92.3218,9.4445
5:05:38 PM,42.4810358,-82.86143836,,9.4665,223.4478,215.4199,-56.7297,,,125.5417,0.6233,-0.4584,10.772,-64.1506,10.739,-115.4836,97.7659,2.8498
5:05:39 PM,42.48100272,-82.86147965,13.6056,9.4859,222.8405,208.2005,-64.2377,1.1819,1.7552,125.2959,0.6237,-0.4568,11.1523,-71.1268,12.077,-119.0982,95.5601,9.2784
5:05:40 PM,42.48097001,-82.86152231,,9,221.9066,206.4111,-90.4609,-0.8535,3.8026,124.9173,0.6243,-0.4545,9.8621,-65.7165,10.4886,-121.0098,93.711,-6.3691
5:05:41 PM,42.4809334,-82.861567,13.54,9.2721,219.2022,,-105.4494,1.8644,2.349,,,,11.2405,-66.4821,11.3007,-114.2091,96.9586,7.2329
5:05:42 PM,42.4808999,-82.8616041,,9.311,217.3687,204.1265,-26.6838,1.4323,2.0656,124.5653,0.6246,-0.4521,10.6036,-67.038,10.9909,-117.3376,93.314,8.0121
5:05:43 PM,42.480867,-82.8616388,13.4088,9.3499,215.816,203.2935,-26.6769,0.8082,2.217,124.3362,0.6248,-0.4505,10.2469,-62.101,10.0828,-116.0832,93.4005,1.5778
5:05:44 PM,42.4808326,-82.8616741,,9.1555,219.2709,203.6871,100.8188,1.2042,2.1336,123.9862,0.6251,-0.448,10.5314,-69.3844,11.3223,-119.473,89.8809,10.7623
5:05:45 PM,42.4808004,-82.8617108,13.6056,8.8056,219.2652,206.1077,18.306,-0.958,2.5154,123.7584,0.6253,-0.4465,9.9744,-68.8283,10.8327,-120.8383,90.9795,10.0289
5:05:46 PM,42.4807691,-82.861747,,8.9417,220.6976,206.1021,,,,123.5273,0.6256,-0.4449,10.7693,-65.9625,10.8991,-115.5241,95.7335,7.5309
5:05:47 PM,42.4807372,-82.8617847,13.54,8.9611,220.5028,,48.3038,0.8299,2.7845,123.3034,0.626,-0.4435,10.6793,-68.3506,11.1645,-117.2434,95.1641,11.1863
5:05:48 PM,42.4807067,-82.861822,,9.1166,221.1101,207.7177,-11.6883,-1.5852,2.6715,123.0799,0.6263,-0.442,9.9992,-65.0407,10.2219,-117.519,95.4137,5.7203
5:05:49 PM,42.4806728,-82.8618618,13.8025,8.3974,220.7606,207.33,-7.924,-0.8296,2.6826,122.8386,0.6268,-0.4404,10.7107,-67.0041,10.8748,-114.9547,97.0936,
5:05:50 PM,42.480643,-82.8618978,,,,207.1429,52.0716,0.6175,2.514,122.6179,0.6271,-0.4389,10.7202,-68.564,11.063,-115.5794,96.3387,7.3876
5:05:51 PM,42.4806126,-82.8619347,13.7369,8.7862,221.6602,209.0743,3.3381,1.4188,2.479,122.4263,0.6275,-0.4377,10.5931,-72.2044,11.5466,-119.1289,94.8552,7.9491
5:05:52 PM,42.480583,-82.8619718,,9.0777,221.6201,207.7503,-97.9002,0.0064,2.355,122.2039,0.6279,-0.4362,10.8625,-63.6539,10.5501,-112.6804,100.6842,9.2153
5:05:53 PM,42.4805526,-82.8620092,13.54,8.5529,222.9608,,,1.1856,1.5048,121.9734,0.6283,-0.4347,,,,,,15.2257
5:05:54 PM,42.4805193,-82.8620468,13.6056,9.2138,220.6403,205.2676,-154.1417,2.029,2.1966,121.7403,0.6286,-0.433,10.3225,-66.1979,10.6731,-117.7622,94.4721,3.6634
5:05:55 PM,42.4804849,-82.8620829,,9.5831,217.6609,203.0691,-86.6003,0.8027,3.0687,121.5075,0.6289,-0.4314,11.1297,-68.3536,11.614,-117.0361,93.5251,12.9224
5:05:56 PM,42.4804506,-82.862117,13.8025,9.3499,215.9363,201.214,-109.1003,0.5624,1.7004,121.2729,0.6291,-0.4296,9.6828,-69.6808,10.919,-123.7361,85.897,-0.1124
5:05:57 PM,42.4804126,-82.8621537,,8.8833,215.5696,203.6589,149.6417,1.4227,2.2892,,,,11.1524,-60.2689,10.3368,-110.4668,96.0035,10.3212
5:05:58 PM,42.4803771,-82.8621882,13.8025,9.3693,216.4119,,70.8829,,,120.8964,0.6294,-0.4268,10.7858,-67.1753,11.1098,-116.5152,91.6876,9.6565
5:05:59 PM,42.4803437,-82.8622239,,8.9805,219.4314,206.1444,78.36,-0.3485,2.2363,120.5742,0.6299,-0.4246,10.3217,-64.7982,10.4235,-116.3659,94.113,8.5393
5:06:00 PM,42.4803121,-82.862261,13.8025,8.9417,218.9501,207.5843,,-0.4635,2.4192,,,,10.6127,-64.9454,10.6091,-115.0121,96.5704,8.1955
5:06:01 PM,42.4802811,-82.8622941,,8.7862,219.4199,208.0367,29.6231,0.3808,1.7969,120.249,0.6304,-0.4223,10.8429,-65.0797,10.7083,-113.3217,98.4348,8.3731
5:06:02 PM,42.4802501,-82.8623285,13.7369,8.8639,220.4054,208.9979,29.6128,0.8139,1.9724,120.0323,0.6308,-0.4207,10.8095,-66.3797,10.8663,-114.2965,98.0555,9.3414
5:06:03 PM,42.48022,-82.8623653,,8.7084,220.6289,210.0192,40.8679,0.2409,2.2948,119.8173,0.6313,-0.4193,10.3904,-68.7167,10.8989,-117.3369,96.3791,9.9029
5:06:04 PM,42.4801861,-82.8624042,13.7369,8.4363,221.6487,208.9958,-67.8714,-0.3336,1.9594,119.5868,0.6319,-0.4178,9.9265,-63.0752,9.7584,-114.9119,99.2782,-1.3042
5:06:05 PM,42.4801543,-82.8624386,,8.6695,219.5345,208.4236,37.1449,0.1888,2.0441,119.3662,0.6323,-0.4162,10.9383,-71.05,11.5209,-116.107,96.5923,10.8024
5:06:06 PM,42.4801244,-82.8624736,13.6713,8.5529,220.9153,208.3151,,,,119.1462,0.6327,-0.4146,10.2404,-70.8103,11.0199,-118.6431,94.5622,10.6707
5:06:07 PM,42.4800934,-82.862506,13.6713,8.5529,218.4459,206.8892,-56.5853,-0.7727,1.9713,118.8326,0.6333,-0.4124,10.2153,-67.4145,10.5355,-116.4603,95.8861,8.7799
5:06:08 PM,42.4800626,-82.8625375,,8.825,217.4547,207.2415,-37.829,1.2669,2.0307,118.6229,0.6336,-0.4109,9.9237,-69.014,10.601,-119.0705,92.6117,9.8399
5:06:09 PM,42.4800308,-82.8625719,13.6713,9.0194,219.3454,,-15.3324,1.5677,1.7193,,,,9.2593,-66.6756,10.0038,-121.7952,90.9616,10.0404
5:06:10 PM,42.4799982,-82.8626078,,9.6414,218.1823,206.157,-86.5625,0.8107,2.4096,118.3124,0.6342,-0.4086,9.1068,-66.1944,10.0012,-123.5816,89.0295,
5:06:11 PM,42.479963,-82.8626433,13.8025,8.8833,215.9306,204.5755,-56.5475,-0.1273,2.9902,118.0889,0.6346,-0.407,9.2458,-65.0224,9.8298,-121.5021,88.7739,9.9201
5:06:12 PM,42.4799246,-82.8626813,,8.5723,215.8447,203.6465,14.7067,0.758,2.1742,117.8352,0.635,-0.4051,10.1114,-64.5207,10.228,-116.8177,91.7437,10.4816
5:06:13 PM,42.4798911,-82.8627138,13.7369,9,215.0253,204.2808,3.4618,1.5391,2.2618,117.602,0.6354,-0.4033,11.1695,-66.2542,11.1881,-113.9618,94.281,8.4419
5:06:14 PM,42.4798578,-82.8627483,,8.6695,216.8874,206.1172,142.1921,-0.4671,3.2066,117.3793,0.6358,-0.4017,10.1288,-64.9337,10.3167,-117.2113,92.8063,11.2322
5:06:15 PM,42.4798237,-82.8627836,13.7369,8.9417,217.0364,207.6686,3.4515,0.511,1.8904,117.0419,0.6365,-0.3992,10.9467,-62.5143,10.446,-111.6207,98.7882,8.9346
5:06:16 PM,42.4797897,-82.8628184,,9.0389,218.5719,209.1467,,,,,,,11.0517,-65.6966,11.0179,-113.9115,98.3055,8.6997
5:06:17 PM,42.479757,-82.8628571,13.8353,9.1166,222.8863,,145.9358,1.7648,2.5633,116.7049,0.6373,-0.3968,10.7778,-68.2375,11.2189,-116.8466,97.7376,13.2833
5:06:18 PM,42.4797247,-82.8628952,,9.1166,220.4111,210.0424,-37.7877,-1.1435,2.6966,116.3861,0.6382,-0.3946,10.9842,-57.7734,9.8467,-109.3227,103.3958,1.7841
5:06:19 PM,42.4796939,-82.8629325,13.8025,9.1749,219.1735,206.7756,-52.7729,2.3934,2.421,,,,11.2153,-70.9686,11.8705,-116.7262,94.3359,14.2287
5:06:20 PM,42.4796586,-82.8629684,13.8353,9.2332,217.363,206.8442,-11.513,0.5421,1.9828,116.0387,0.6391,-0.3921,10.2787,-66.6235,10.6508,-117.6445,93.2433,10.9972
5:06:21 PM,42.479627,-82.8630021,,9.3499,217.363,206.3452,7.2296,1.0462,2.9364,115.8288,0.6396,-0.3905,,,,,,11.851
5:06:22 PM,42.4795944,-82.8630339,13.7369,8.4946,215.816,206.33,-41.5211,0.5439,2.2631,115.5148,0.6403,-0.3882,10.7724,-67.9915,11.1058,-115.9344,94.5315,6.5511
5:06:23 PM,42.4795616,-82.8630676,,8.8639,216.0853,,-56.5062,0.2648,1.932,115.2976,0.6408,-0.3865,11.0872,-66.5192,11.1061,-113.705,96.1571,9.4216
5:06:24 PM,42.4795284,-82.8631008,13.7369,9.0583,213.6674,205.2549,,,,115.0814,0.6413,-0.3849,10.9264,-66.5465,11.0044,-114.3727,94.8579,9.2383
5:06:25 PM,42.4794972,-82.8631348,,8.6695,216.8817,206.994,145.9599,1.1616,2.8911,114.8724,0.6418,-0.3833,11.3251,-69.5675,11.6888,-114.7791,95.2345,9.0377
5:06:26 PM,42.4794646,-82.8631712,13.8353,8.8639,218.1365,208.6656,-19.0142,-0.6834,1.8763,114.6531,0.6425,-0.3818,10.7936,-57.6856,9.5844,-107.8705,102.3094,10.7394
5:06:27 PM,42.4794328,-82.8632043,,8.7473,219.5574,210.0822,85.9746,-0.3494,2.9019,114.4453,0.643,-0.3802,11.1311,-66.3913,11.0531,-112.6651,99.3821,9.0836
5:06:28 PM,42.4793976,-82.8632424,13.8025,8.4557,218.9902,210.32,-79.0063,-0.7364,2.176,114.2323,0.6436,-0.3786,11.0267,-67.5509,11.1126,-113.4983,100.1118,7.147
5:06:29 PM,42.479367,-82.8632749,,8.6306,220.8294,211.1275,138.4656,0.625,2.5525,114.0307,0.6442,-0.3771,11.2833,-65.0313,10.9041,-110.2703,102.8169,7.1699
5:06:30 PM,42.4793387,-82.8633107,13.9009,8.7473,222.5712,212.6226,,0.2324,2.3608,113.8355,0.6449,-0.3758,10.4259,-67.8969,10.7201,-115.6995,99.642,10.4415
5:06:31 PM,42.4793082,-82.8633419,,8.689,221.0185,210.7159,-60.2671,-0.7865,3.0793,113.6372,0.6455,-0.3743,8.7728,-62.8927,9.0172,-119.9999,96.6864,2.9873
5:06:32 PM,42.4792793,-82.8633736,13.9009,8.0281,220.881,,3.4756,,,113.4463,0.6461,-0.3729,11.0689,-67.0733,10.9139,-110.9182,102.9953,11.1233
5:06:33 PM,42.4792511,-82.8634062,,8.203,221.7576,211.4007,89.708,-0.2687,2.8396,,,,10.6282,-70.0174,10.9346,-114.0119,100.3162,
5:06:34 PM,42.4792229,-82.8634382,13.6713,8.1836,221.219,211.1264,-56.5166,0.4674,1.7459,113.1618,0.647,-0.3708,10.6358,-68.3238,10.6979,-112.4979,101.1583,11.3811
5:06:35 PM,42.4791887,-82.8634774,,8.8056,221.1904,210.6672,-30.259,3.1371,2.0946,112.9711,0.6477,-0.3694,11.3173,-70.2443,11.621,-113.5733,100.4538,8.5221
5:06:36 PM,42.4791565,-82.8635142,13.6056,8.9028,221.7805,209.5358,-22.7544,0.8653,2.7124,112.7608,0.6485,-0.3679,9.9478,-71.0408,10.9631,-120.8887,94.3183,11.341
5:06:37 PM,42.4791254,-82.8635488,,8.4363,216.7729,207.3046,-131.4938,-0.7993,3.4033,112.545,0.6492,-0.3663,9.8529,-71.3095,11.058,-122.4321,91.684,11.9541
5:06:38 PM,42.4790953,-82.8635816,13.9665,8.4557,216.0165,204.524,,-0.2576,2.6784,112.3445,0.6499,-0.3648,10.4117,-67.9053,10.7659,-116.3526,94.3631,8.9747
5:06:39 PM,42.4790637,-82.863613,,8.3196,213.8336,,3.5203,0.6299,2.3728,112.1473,0.6505,-0.3633,11.1679,-68.0477,11.2681,-113.1839,95.0561,9.2784
5:06:40 PM,42.4790323,-82.863644,13.8353,8.6306,216.5609,205.541,3.4859,,,111.9469,0.6511,-0.3617,11.5791,-67.6853,11.5188,-111.5722,96.6392,9.3414
5:06:41 PM,42.478999,-82.8636774,,9.0972,213.5013,205.3228,-78.9891,1.7968,2.5007,111.7467,0.6516,-0.3601,10.6031,-65.0796,10.5055,-113.7495,94.8186,11.0431
5:06:42 PM,42.4789653,-82.8637136,13.8353,8.7084,213.3523,205.265,59.7618,0.552,2.9364,111.4424,0.6527,-0.3578,11.2283,-66.7552,11.1892,-112.7744,95.299,13.1344
5:06:43 PM,,,,8.6695,215.1342,,18.5088,2.2381,2.0519,111.238,0.6533,-0.3562,12.3507,-67.7478,12.1609,-109.9537,97.8469,7.2501
5:06:44 PM,42.4789324,-82.8637447,13.9009,9.0194,213.0142,205.3384,-86.4868,-0.2535,2.9586,111.025,0.6538,-0.3545,11.19,-67.902,11.3823,-114.3722,93.7529,10.6019
5:06:45 PM,42.4788981,-82.8637768,,8.8445,211.7366,202.4952,-82.7087,-0.1494,2.3887,110.8212,0.6543,-0.3528,11.7081,-67.283,11.6488,-112.0095,94.2678,11.4671
5:06:46 PM,42.4788647,-82.863806,13.9009,8.7278,211.0777,200.9215,-37.6983,1.5318,2.8754,110.6066,0.6548,-0.351,12.1084,-69.3139,12.1984,-111.7782,92.5729,10.1779
5:06:47 PM,42.4788292,-82.8638349,,8.825,211.3126,200.6225,,,,110.3995,0.6551,-0.3491,12.0106,-67.3091,11.8071,-110.1994,93.5062,10.4014
5:06:48 PM,42.478794,-82.8638596,13.8025,8.8833,208.9462,,71.0445,0.935,2.278,110.1837,0.6554,-0.3472,11.4617,-65.3649,11.16,-111.0048,93.198,10.0289
5:06:49 PM,42.4787574,-82.8638863,,8.7473,212.1835,203.8584,142.2196,-0.8357,3.0397,109.9804,0.6559,-0.3455,12.2582,-67.446,11.9827,-109.1332,97.0908,10.5446
5:06:50 PM,42.47872075,-82.86391809,13.7369,8.689,214.3664,205.6083,82.2343,-1.1923,2.3946,109.7799,0.6566,-0.3439,11.1979,-66.2459,11.0281,-111.6622,95.7966,10.0748
5:06:51 PM,42.47868874,-82.8639499,,8.6501,216.8932,208.8827,104.7241,-0.9633,2.6459,109.5812,0.6572,-0.3422,,,,,,9.6565
5:06:52 PM,42.47865696,-82.86398052,13.8025,8.9028,218.3542,,63.4746,-0.3822,2.2226,,,,12.0756,-66.3364,11.6206,-107.8658,102.3881,8.4419
5:06:53 PM,42.47862425,-82.86401436,13.7369,9.0972,219.1621,211.864,,1.7174,2.2512,109.2788,0.6583,-0.3399,12.022,-66.1114,11.5667,-108.135,104.3017,10.1607
5:06:54 PM,42.47859252,-82.86404861,,9.1555,219.523,211.8469,-30.2831,,,109.0787,0.6591,-0.3383,11.1493,-69.6836,11.545,-115.0888,99.1986,10.1607
5:06:55 PM,42.47856056,-82.86408419,13.8025,8.7473,218.5719,208.7156,-157.7616,-1.1849,1.8716,108.8753,0.66,-0.3367,9.6103,-66.4123,10.1781,-120.0801,95.1339,9.3758
5:06:56 PM,42.47852774,-82.86411837,,8.9222,215.1342,206.3785,-48.9879,0.8809,2.5554,108.6704,0.6608,-0.3351,10.6084,-69.6265,11.2601,-117.9707,94.7939,10.4587
5:06:57 PM,42.4784902,-82.8641546,13.8025,9.2721,213.5929,,,,,108.4618,0.6615,-0.3334,10.599,-67.7045,10.9935,-116.8688,93.3401,8.6309
5:06:58 PM,42.4784546,-82.8641882,13.7369,9.0194,215.9593,206.1569,-26.4741,-0.1886,2.6845,108.2454,0.6622,-0.3316,11.148,-67.5446,11.3526,-114.8345,94.5813,9.4216
5:06:59 PM,42.4784217,-82.8642208,,9.1555,216.9447,208.5558,63.4814,0.1316,2.0421,108.0449,0.663,-0.33,11.3902,-67.852,11.5797,-114.3482,95.7777,11.6619
5:07:00 PM,42.478388,-82.8642548,13.7369,9.0194,214.0284,205.0781,-101.4548,1.6235,2.3769,107.8375,0.6638,-0.3283,11.882,-71.1565,12.4386,-115.3044,95.2686,
5:07:01 PM,42.4783516,-82.8642879,,9.0389,211.2381,203.3756,-30.2144,1.46,2.4206,107.6197,0.6645,-0.3265,11.1531,-61.993,10.5882,-111.5659,96.822,-0.0322
5:07:02 PM,42.4783185,-82.8643202,13.54,9.0777,214.3951,204.4404,33.5112,-0.1697,2.363,107.4187,0.6653,-0.3248,11.1036,-68.9879,11.5472,-116.1504,90.5545,11.4442
5:07:03 PM,42.4782841,-82.8643505,,8.689,213.146,,48.5066,0.8314,2.3476,107.2154,0.666,-0.3231,11.5496,-69.3478,11.8849,-114.5862,92.8433,9.3987
5:07:04 PM,42.4782523,-82.8643812,13.6713,8.7084,214.2633,205.8302,48.5032,-1.3027,3.3149,107.0232,0.6667,-0.3215,10.8696,-66.9651,11.079,-115.4608,92.9101,10.1607
5:07:05 PM,42.4782159,-82.864415,,8.6695,213.5586,206.1681,33.5077,0.6578,2.0078,106.7345,0.6678,-0.319,11.7356,-67.6486,11.6934,-111.8426,96.5872,9.1638
5:07:06 PM,42.478184,-82.8644459,13.4744,8.9417,214.9623,207.1001,41.0054,0.5261,1.7708,106.533,0.6685,-0.3173,11.4591,-68.225,11.5445,-112.8121,96.179,8.8716
5:07:07 PM,42.4781497,-82.8644764,,,,208.323,,,,106.3336,0.6693,-0.3156,10.9676,-67.771,11.1508,-114.4292,95.7398,9.4216
5:07:08 PM,42.4781166,-82.8645085,13.4744,8.7667,216.3947,207.5131,22.2491,0.3812,2.574,106.1345,0.6701,-0.314,11.3761,-69.1956,11.6729,-114.3525,96.4495,11.0202
5:07:09 PM,42.4780829,-82.8645401,,8.6306,214.8019,206.7872,-67.7099,-0.2523,2.4332,,,,10.9022,-63.0082,10.4109,-111.0733,98.7127,2.6492
5:07:10 PM,42.478048,-82.8645715,13.4744,8.7473,215.0139,207.2333,41.0226,0.7918,2.2342,105.8322,0.6712,-0.3114,10.6154,-64.4044,10.4483,-113.6105,96.3399,8.3502
5:07:11 PM,42.4780126,-82.8646024,13.4088,8.8445,213.9138,,26.0306,0.4894,2.244,105.626,0.672,-0.3096,10.1491,-65.3204,10.3236,-116.7099,93.5212,8.3502
5:07:12 PM,42.4779758,-82.8646378,,8.7862,216.5265,207.5585,26.0444,-0.0555,2.3549,105.3126,0.6734,-0.3069,10.3072,-63.3305,10.1123,-114.3784,96.0349,8.396
5:07:13 PM,42.4779435,-82.8646705,13.6056,8.7278,213.6159,208.2895,7.2811,-0.2296,2.5758,,,,10.5915,-63.207,10.18,-111.7639,98.9394,4.626
5:07:14 PM,42.4779113,-82.8646996,,8.4557,218.4688,,,,,105.0487,0.6744,-0.3046,10.2527,-52.9909,8.5095,-105.8193,104.6189,-3.9627
5:07:15 PM,42.4778792,-82.8647309,13.6056,8.5529,218.3542,208.871,14.7651,-1.3267,2.1889,104.8605,0.6753,-0.303,10.0959,-66.9366,10.393,-116.6488,95.7792,13.6271
5:07:16 PM,42.4778456,-82.8647644,,8.7667,217.1682,212.6947,82.2309,-2.4314,2.4122,104.6626,0.6762,-0.3014,10.3246,-58.4949,9.3611,-109.8897,104.4541,-0.7541
5:07:17 PM,42.477815,-82.8648001,13.7369,8.4946,218.7037,212.9785,-11.513,0.0466,2.5718,104.4783,0.6773,-0.2999,9.9642,-66.9272,10.2717,-116.8151,98.505,11.2322
5:07:18 PM,42.4777835,-82.8648339,,8.8056,219.334,213.5788,37.2445,-0.9042,2.9128,104.2916,0.6782,-0.2983,,,,,,9.7024
5:07:19 PM,42.4777538,-82.8648675,13.7369,8.5723,221.2706,215.1058,123.4942,-0.9682,2.9358,104.1141,0.6792,-0.2969,10.0659,-70.154,10.8186,-118.9349,97.392,9.7024
5:07:20 PM,42.4777222,-82.8649053,,8.3196,220.3023,216.3215,-19.0107,-0.8433,2.2906,103.9253,0.6804,-0.2954,9.796,-68.3627,10.2665,-117.5092,99.3214,9.4216
5:07:21 PM,42.4776922,-82.8649404,13.4744,8.689,220.3023,,,,,103.7541,0.6815,-0.294,10.1173,-68.1954,10.4247,-115.6997,101.832,9.4216
5:07:22 PM,42.4776632,-82.8649748,13.4744,8.7278,223.8432,216.8785,7.2502,1.521,2.4791,103.4863,0.6831,-0.2918,10.6762,-70.8751,11.2904,-116.6955,102.0419,9.7654
5:07:23 PM,42.4776343,-82.8650121,,8.825,223.4765,215.3686,-93.9811,0.7458,2.1053,103.3285,0.6842,-0.2906,10.0785,-68.9916,10.7548,-118.9759,100.6719,
5:07:24 PM,42.4776029,-82.8650493,13.6713,8.9028,222.1415,213.1567,-52.7144,-0.8577,3.145,103.1435,0.6854,-0.2891,9.2408,-68.9485,10.2849,-123.0168,95.6841,9.5992
5:07:25 PM,42.4775725,-82.8650849,,8.9611,221.3737,213.0108,-3.9843,0.8892,2.3405,102.9651,0.6865,-0.2876,10.4469,-70.0792,11.1495,-118.247,98.4074,10.6878
5:07:26 PM,42.4775404,-82.8651202,13.8025,8.6112,220.5257,,-45.2339,-0.5155,2.2552,102.7797,0.6876,-0.286,9.9224,-69.1136,10.5956,-118.964,97.1628,10.4186
5:07:27 PM,42.4775092,-82.8651549,,8.8056,220.9039,213.4134,-60.2396,0.9779,1.982,102.5984,0.6887,-0.2845,10.4189,-68.7516,10.8995,-117.0101,99.031,10.6993
5:07:28 PM,42.4774761,-82.8651959,13.6713,8.9805,221.1331,213.5121,-109.0041,1.3352,1.8474,102.4028,0.69,-0.2829,10.4315,-71.7516,11.3807,-119.4835,96.8567,9.6221
5:07:29 PM,42.4774445,-82.865232,,9.136,220.52,210.8914,-150.2364,0.8387,1.911,,,,10.1079,-72.4617,11.3759,-122.0877,93.932,10.3212
5:07:30 PM,42.4774123,-82.8652667,13.6713,9.2527,217.1281,207.1615,-131.4663,1.1493,1.6711,102.1216,0.6917,-0.2805,9.8993,-71.404,11.1977,-123.0816,90.7829,10.2409
5:07:31 PM,42.4773801,-82.8653013,,9.8941,212.934,,,,,101.852,0.6933,-0.2782,9.9087,-70.6422,11.1188,-122.7766,88.2643,10.3785
5:07:32 PM,42.4773486,-82.865335,13.8025,9.0777,213.4669,206.7045,26.0375,0.9115,2.7134,101.6735,0.6944,-0.2766,10.0492,-69.5176,10.9912,-121.0752,88.7237,10.4988
5:07:33 PM,42.477316,-82.8653683,,8.9417,214.4008,206.534,7.2811,-0.252,2.1544,,,,10.9232,-66.444,11.0653,-115.191,93.864,7.2501
5:07:34 PM,42.4772846,-82.8654011,13.7369,8.825,213.994,207.2853,44.7698,0.3217,2.9478,101.4169,0.6958,-0.2743,10.849,-65.2959,10.7915,-114.0315,95.2636,8.2528
5:07:35 PM,42.4772511,-82.8654311,,8.6306,215.9936,210.0262,119.7436,-0.647,3.1532,101.155,0.6973,-0.272,10.8658,-67.5289,11.0132,-114.2585,96.3389,8.2413
5:07:36 PM,42.4772165,-82.8654666,13.8025,8.1058,216.7041,211.6065,37.2274,-1.049,1.8075,100.9632,0.6985,-0.2703,11.0291,-65.9496,10.8218,-111.459,101.1856,7.7543
5:07:37 PM,42.4771873,-82.8654984,,8.5335,218.5089,,-33.9787,1.8597,2.2367,,,,11.8551,-70.8606,12.0997,-112.2364,100.9096,11.0832
5:07:38 PM,42.4771556,-82.8655305,13.7369,8.4363,217.4375,210.8746,-82.7122,1.4909,2.1866,100.711,0.7,-0.2681,11.3675,-68.0129,11.4136,-112.5537,99.8574,6.3506
5:07:39 PM,42.477123,-82.8655632,,8.7278,216.9677,207.9232,-131.4491,0.4192,1.7321,100.5351,0.7011,-0.2665,10.8471,-68.8058,11.2063,-115.5145,95.7949,10.7623
5:07:40 PM,42.4770876,-82.8655966,13.8025,8.9417,212.8366,206.4036,-37.7052,1.6793,2.5582,100.2516,0.7027,-0.2639,11.0484,-65.1695,10.8616,-112.6062,96.5079,7.1928
5:07:41 PM,42.477054,-82.8656275,,8.6112,211.7079,205.4615,,,,100.0694,0.7036,-0.2622,10.6337,-65.0155,10.6136,-114.7506,93.53,-9.2339
5:07:42 PM,42.4770197,-82.8656608,13.6713,9.1166,214.4008,205.1088,-37.7155,0.8834,2.0845,99.8834,0.7047,-0.2604,11.4384,-68.5178,11.6809,-114.3266,93.6512,13.0427
5:07:43 PM,42.4769798,-82.8656936,,9.4859,210.7511,,-15.2017,1.9891,1.9263,99.6894,0.7057,-0.2586,10.2413,-66.2473,10.6216,-118.0528,89.7633,8.5908
5:07:44 PM,42.4769436,-82.8657209,13.7369,9.0972,211.0547,203.2324,-93.9399,1.2694,3.5978,99.4993,0.7065,-0.2567,11.1089,-66.9373,11.2155,-114.3108,91.1808,
5:07:45 PM,42.4769068,-82.8657466,,8.8833,208.2702,199.9061,-108.9388,1.2109,1.7122,99.3075,0.7072,-0.2547,10.9965,-67.862,11.265,-115.2835,87.9435,8.7799
5:07:46 PM,42.4768681,-82.8657708,13.6713,8.9417,206.3851,200.418,-3.9362,0.4509,1.4518,99.1076,0.7079,-0.2527,10.3413,-60.4612,9.7999,-113.3509,89.4797,13.461
5:07:47 PM,42.4768326,-82.8657975,,9.1166,209.8859,202.9797,161.0172,-0.5133,3.7583,98.9226,0.7088,-0.2508,10.5992,-64.4193,10.4755,-114.1289,90.4433,-1.5162
5:07:48 PM,42.4767964,-82.8658227,13.4088,8.5335,207.892,,37.2996,-1.0827,1.4313,98.7362,0.7095,-0.249,11.1088,-57.4279,9.7272,-105.7598,99.1914,12.4697
5:07:49 PM,42.4767628,-82.8658516,,8.4363,213.0429,205.0359,127.3032,,,98.5592,0.7105,-0.2472,11.2599,-68.8792,11.4502,-113.4627,93.7015,3.6462
5:07:50 PM,42.4767266,-82.8658808,13.54,8.5335,211.0891,205.5805,,-0.0955,2.2643,98.3714,0.7115,-0.2454,11.3405,-59.1793,10.1506,-106.3741,100.651,6.8891
5:07:51 PM,42.4766892,-82.865912,,8.5529,210.4188,203.9579,-22.6685,0.8783,2.624,98.1938,0.7124,-0.2436,11.3872,-65.8075,11.1083,-110.7596,95.6305,13.1115
5:07:52 PM,42.4766531,-82.865939,13.3104,9.1555,212.5788,203.8109,-63.8905,0.6327,1.7939,98.0078,0.7133,-0.2418,,,,,,5.3135
5:07:53 PM,42.4766171,-82.8659686,,9.0777,211.3412,,59.8477,3.1355,2.2092,97.8214,0.7143,-0.2399,11.8169,-65.3552,11.3993,-109.5751,96.5091,12.3895
5:07:54 PM,42.4765797,-82.8659952,13.7369,8.825,209.9948,205.1813,-120.1458,-0.9316,3.0119,97.6304,0.7152,-0.238,10.9016,-67.6565,11.2241,-116.0588,91.1148,11.0431
5:07:55 PM,42.4765447,-82.8660228,,8.8056,209.5708,202.4604,-78.8929,1.0711,2.2984,97.4507,0.7161,-0.2362,10.7707,-61.5942,10.1505,-111.0377,95.1152,5.9667
5:07:56 PM,42.4765089,-82.8660519,13.2448,9,209.3072,203.8517,101.0938,,,,,,11.4467,-63.5659,10.8942,-109.8038,94.9065,12.4697
5:07:57 PM,42.4764703,-82.866079,,9.4276,209.3072,203.6092,-131.3838,1.9554,1.8424,97.1752,0.7176,-0.2334,11.164,-65.9304,11.1007,-113.3284,92.074,-5.0398
5:07:58 PM,42.4764371,-82.8661092,13.6713,8.8833,209.3416,202.6838,,0.5672,2.7126,96.9789,0.7185,-0.2313,10.7225,-52.386,8.8362,-106.0043,99.1921,11.7077
5:07:59 PM,42.4763978,-82.8661382,,8.8445,209.989,,41.1017,1.598,3.2834,96.8116,0.7195,-0.2297,11.3032,-68.1411,11.4595,-113.7308,91.1118,10.4816
5:08:00 PM,42.4763635,-82.8661663,13.6713,9.0583,208.3905,203.5535,-56.4031,-0.8311,2.6166,96.6307,0.7204,-0.2278,10.4741,-52.4029,8.6284,-105.8869,98.894,1.6007
5:08:01 PM,,,13.6056,8.8056,208.0352,203.609,18.5948,0.8203,2.2431,96.4563,0.7215,-0.2261,11.7121,-66.5072,11.504,-110.9813,93.8361,10.7795
5:08:02 PM,42.476327,-82.8661927,,8.8056,211.0146,205.2445,41.0604,0.8944,1.943,96.2736,0.7224,-0.2242,10.7832,-61.7473,10.1835,-111.1348,94.7369,13.3693
5:08:03 PM,42.4762917,-82.8662201,13.6713,9.1555,211.3011,205.8634,29.8259,-0.5092,2.5346,96.0965,0.7234,-0.2224,11.3431,-68.7249,11.5839,-114.1501,92.9495,8.757
5:08:04 PM,42.4762557,-82.8662503,13.6713,9.0583,210.9172,204.9375,-37.6708,0.7317,2.2623,95.8326,0.725,-0.2197,11.1805,-57.7662,9.8764,-106.7493,100.251,14.2287
5:08:05 PM,42.4762216,-82.8662778,,8.8639,209.2958,,,,,95.6571,0.7259,-0.2178,11.3112,-64.1108,10.895,-110.9322,95.4543,7.2157
5:08:06 PM,42.4761863,-82.8663032,13.6056,8.9417,211.2495,204.5343,52.3363,1.1171,1.8932,95.4768,0.7268,-0.2159,11.5283,-64.4583,11.1246,-110.7691,95.6096,
5:08:07 PM,42.47615,-82.8663291,,8.8445,211.387,207.2754,172.3102,0.3227,2.7323,,,,10.3851,-62.5862,10.095,-114.0464,94.7067,11.5473
5:08:08 PM,42.47611303,-82.86636111,13.6056,8.7862,214.1774,207.4711,44.8248,0.1743,2.4231,95.2248,0.7285,-0.2133,11.9815,-59.8333,10.7034,-104.5788,104.1254,-8.7354
5:08:09 PM,42.47608161,-82.86639665,13.54,8.6306,213.8737,207.6167,-105.1504,1.0205,1.6842,95.0658,0.7298,-0.2118,11.4144,-63.5547,10.8068,-108.969,100.0445,12.2119
5:08:10 PM,42.4760482,-82.86642675,,8.9417,211.7767,206.5472,-67.6274,0.7319,2.6327,94.8999,0.731,-0.2101,11.2594,-65.8204,11.0243,-111.2952,97.7028,8.4991
5:08:11 PM,42.47601453,-82.86645599,13.4744,8.7667,212.5272,,41.1051,1.2166,1.9908,94.7322,0.7321,-0.2084,11.5095,-64.0233,10.9986,-109.826,97.5899,6.7115
5:08:12 PM,42.47598146,-82.86648387,,8.7278,212.9226,206.0364,,2.2324,2.4597,94.4875,0.7337,-0.2058,11.1166,-64.8424,10.8878,-112.4573,95.9014,7.1699
5:08:13 PM,42.47594735,-82.86651236,13.4744,8.7667,211.9027,206.5113,-48.9054,0.0857,2.4869,94.319,0.7348,-0.2041,9.7348,-63.5841,9.8836,-118.1029,90.5226,9.9029
5:08:14 PM,42.4759093,-82.866544,,8.9417,209.9088,204.4971,-82.6503,,,94.1443,0.7358,-0.2022,10.0825,-63.6485,10.086,-116.3917,90.4777,8.8945
5:08:15 PM,42.4758731,-82.8665682,13.54,8.6695,208.041,203.3676,-7.6559,0.1267,2.6224,,,,10.4481,-62.4511,10.0996,-113.4783,92.221,8.8945
5:08:16 PM,42.4758367,-82.8665928,,8.7667,209.6739,,59.834,-0.2778,2.3601,93.8821,0.7372,-0.1993,,,,,,7.2157
5:08:17 PM,42.4758011,-82.866621,13.4744,8.4168,209.9375,205.4192,123.5561,1.1708,2.487,93.6243,0.7389,-0.1966,10.2821,-54.8481,8.9079,-109.3065,96.5965,13.2604
5:08:18 PM,42.4757655,-82.8666503,,8.7084,210.6422,206.6879,-11.4408,0.8746,2.0271,93.4548,0.7402,-0.1948,10.1024,-60.8123,9.6859,-114.4157,93.3758,4.7749
5:08:19 PM,42.4757307,-82.8666816,13.54,9.0194,207.5769,205.8006,-108.8906,0.7459,2.6976,93.282,0.7413,-0.193,10.4213,-60.3432,9.811,-112.622,94.8731,8.9575
5:08:20 PM,42.4756943,-82.86671,,8.9028,207.8576,203.4663,,0.519,2.2621,93.1073,0.7424,-0.1911,9.883,-60.2072,9.4459,-114.7714,92.4088,-1.5162
5:08:21 PM,42.4756543,-82.8667398,13.4088,8.3974,207.892,203.1565,44.8557,2.7041,1.8245,,,,10.7458,-60.1594,9.9355,-110.256,94.3282,10.1607
5:08:22 PM,42.4756146,-82.8667668,,8.9805,208.1728,,41.0983,,,92.8515,0.7439,-0.1882,10.1404,-61.3122,9.6773,-113.1867,91.732,7.8804
5:08:23 PM,42.4755778,-82.8667925,13.4088,,,203.7671,-142.6493,0.0633,2.0253,92.6774,0.7449,-0.1863,9.809,-58.445,9.1544,-114.066,91.7192,9.9373
5:08:24 PM,42.4755414,-82.8668174,,8.6501,208.528,202.3243,-67.6583,0.6482,1.3587,92.4098,0.7465,-0.1833,10.3107,-59.1617,9.5641,-112.2337,92.5462,9.3185
5:08:25 PM,42.4755027,-82.8668451,13.4744,9.0583,209.4333,203.2823,123.5664,1.9139,2.6296,,,,10.359,-61.8744,10.0604,-114.7577,90.3517,10.9514
5:08:26 PM,42.4754656,-82.866872,,9.0972,209.6854,,-198.9012,-0.5019,2.1391,92.1494,0.7482,-0.1804,10.3733,-62.2981,10.177,-115.5172,90.2071,-2.3011
5:08:27 PM,42.4754286,-82.8668979,13.4744,8.9028,205.2163,201.9196,-11.4374,1.4195,2.7246,91.9763,0.7492,-0.1785,10.6796,-48.3594,8.2077,-103.4934,99.7257,15.1626
5:08:28 PM,42.4753942,-82.866926,,9.1944,206.4482,199.2482,,0.3795,1.6936,91.8154,0.7504,-0.1767,11.9886,-62.9069,11.2324,-108.1577,93.5115,-3.3611
5:08:29 PM,42.4753562,-82.8669475,13.3432,8.9611,203.6292,200.5822,-41.4352,,,91.6392,0.7513,-0.1747,11.4713,-54.6561,9.66,-104.3865,98.0124,9.8399
5:08:30 PM,42.4753192,-82.8669748,,9.0583,205.7262,203.7176,236.0426,0.5533,2.9455,91.4675,0.7524,-0.1728,11.2281,-62.0289,10.6084,-110.8084,92.4703,9.7253
5:08:31 PM,42.4752815,-82.8669981,13.3432,8.9805,205.9898,205.0619,-56.4547,-1.7547,2.1849,91.2273,0.7539,-0.17,10.9088,-56.7176,9.5658,-107.5706,96.9838,
5:08:32 PM,42.4752461,-82.8670249,,8.5529,210.4245,,146.0492,1.6522,2.2714,,,,12.4407,-63.9646,11.6932,-107.0674,98.5363,1.2398
5:08:33 PM,42.4752099,-82.8670502,13.3104,8.8639,208.4592,205.036,52.2984,0.5459,2.1913,90.9823,0.7556,-0.1672,11.6354,-60.4829,10.5828,-106.9113,99.0903,6.6084
5:08:34 PM,42.4751755,-82.8670774,,8.7084,210.4875,206.8381,-15.2017,-0.0837,2.7854,90.8194,0.7567,-0.1654,11.2812,-61.5904,10.4801,-108.7731,98.8904,6.8891
5:08:35 PM,42.4751414,-82.8671043,13.1791,8.7084,210.1151,,-15.2017,0.7452,2.0922,90.6628,0.7579,-0.1636,11.0834,-60.8138,10.23,-108.9383,98.8487,7.4105
5:08:36 PM,42.4751055,-82.8671328,,8.8639,210.9802,206.5218,,0.2794,2.4044,90.5049,0.7591,-0.1618,10.4971,-63.6175,10.3229,-114.3606,93.6452,8.7341
5:08:37 PM,42.4750645,-82.8671639,12.9823,8.9222,209.7255,205.2649,-127.671,1.5175,3.1099,90.3372,0.7603,-0.1599,10.6969,-62.0959,10.2626,-112.9077,93.658,0.8616
5:08:38 PM,42.4750229,-82.8671922,,9.1166,209.0723,202.9917,-52.6766,,,90.1446,0.7616,-0.1577,10.4867,-61.9657,10.1399,-114.0969,90.9712,11.1462
5:08:39 PM,42.4749846,-82.8672174,13.1791,9.136,206.9466,,-30.1628,0.5319,2.572,89.9933,0.7626,-0.1559,11.6452,-62.1156,10.8877,-109.0222,94.3354,10.8827
5:08:40 PM,42.4749478,-82.8672419,,8.9028,206.2419,201.5728,14.8339,0.2806,2.0813,89.8217,0.7637,-0.1539,,,,,,10.8024
5:08:41 PM,42.4749105,-82.8672661,13.3104,8.6112,204.7465,201.9803,-0.1753,0.4152,2.4987,89.655,0.7648,-0.152,12.1042,-63.2279,11.3694,-108.1015,94.7611,10.218
5:08:42 PM,42.4748732,-82.8672913,,8.825,206.4653,202.3702,,0.8384,2.176,89.4893,0.7659,-0.15,12.1715,-61.4267,11.1304,-106.188,96.7129,10.3441
5:08:43 PM,42.4748359,-82.8673172,13.3104,8.8056,206.7633,202.7264,14.8201,-0.7985,2.2408,,,,11.7196,-60.2608,10.6405,-106.9906,96.6499,10.3441
5:08:44 PM,42.4747996,-82.8673429,,8.689,208.3332,,14.7961,1.6686,2.617,89.2399,0.7676,-0.1471,11.8114,-60.1951,10.6763,-106.2652,97.2369,10.4816
5:08:45 PM,42.474758,-82.8673696,13.3104,9,206.1158,202.8568,22.3316,-0.751,2.4798,89.0786,0.7688,-0.1452,11.25,-60.7388,10.3392,-108.332,95.731,-2.6105
5:08:46 PM,42.4747246,-82.8673965,,8.689,208.9004,203.5838,101.0663,0.0831,1.8716,88.8956,0.7701,-0.143,10.3994,-54.6948,8.8787,-107.087,97.6648,12.1317
5:08:47 PM,42.4746903,-82.867424,13.3104,8.378,208.9004,205.2543,63.5433,0.5094,3.2949,88.6727,0.7719,-0.1404,10.6337,-54.9347,9.0282,-105.4101,100.3531,4.6088
5:08:48 PM,42.4746552,-82.8674504,,8.5723,210.0979,207.7105,22.2972,-1.8465,2.6336,88.5186,0.7732,-0.1386,11.055,-61.7147,10.2947,-108.9797,98.6227,3.3425
5:08:49 PM,42.4746215,-82.8674829,13.1791,8.4751,212.1777,209.008,,,,88.3852,0.7743,-0.137,10.1294,-51.19,8.1898,-105.4691,103.1231,13.0026
5:08:50 PM,42.4745882,-82.8675141,,8.2808,212.9398,209.4839,26.0444,1.1751,2.301,88.2397,0.7758,-0.1353,11.2017,-62.1741,10.4419,-108.4288,101.26,10.6707
5:08:51 PM,42.4745509,-82.8675499,13.2448,8.9222,213.5356,,,,,88.0794,0.7776,-0.1335,9.903,-60.9516,9.5435,-114.8878,96.3499,10.5847
5:08:52 PM,42.4745182,-82.8675782,,8.7278,213.0257,208.8602,-15.2086,0.7741,2.7385,87.9377,0.7789,-0.1318,10.8108,-63.1042,10.4005,-112.0254,98.6212,10.8425
5:08:53 PM,42.4744854,-82.8676086,13.3104,8.6501,211.4902,208.7765,-37.688,-0.3717,3.1389,,,,10.2142,-59.751,9.5047,-111.8252,98.2189,8.6768
5:08:54 PM,42.4744531,-82.8676392,,8.6112,214.418,208.3131,48.5444,1.5335,2.4174,87.7255,0.781,-0.1293,10.8717,-63.8018,10.4492,-111.0053,98.9513,
5:08:55 PM,,,13.4088,8.4557,213.2549,209.6966,14.8029,-0.0917,2.8286,87.5876,0.7825,-0.1277,9.6537,-64.9024,9.8259,-117.1628,94.1273,10.6878
5:08:56 PM,42.4744162,-82.8676698,,8.4557,213.5013,207.8237,-90.1962,0.1497,1.6642,87.4439,0.7838,-0.126,10.6258,-51.4101,8.4881,-101.9069,108.0538,-10.5402
5:08:57 PM,42.4743842,-82.8677039,13.2448,8.6695,212.1605,,14.8098,2.0009,2.2635,87.3088,0.7854,-0.1244,10.7211,-68.1768,10.9783,-114.962,94.6391,11.828
5:08:58 PM,42.4743499,-82.8677331,,8.9222,212.8137,209.2661,-45.1995,-0.3155,2.5298,87.1773,0.7866,-0.1228,10.1571,-67.5018,10.6351,-118.0706,92.5865,10.6019
5:08:59 PM,42.4743154,-82.8677623,13.2448,8.6501,212.5272,207.4793,,,,87.0324,0.788,-0.1211,9.6133,-57.5962,8.8715,-113.8108,97.498,5.0786
5:09:00 PM,42.47427717,-82.86779231,,9.1555,207.9722,204.086,-97.6939,1.0836,2.0527,86.8707,0.7895,-0.1191,10.6116,-63.6073,10.317,-112.8759,93.8768,13.3464
5:09:01 PM,42.47424107,-82.86781692,13.2448,9.4859,207.9837,202.7262,-82.695,2.2495,2.5742,86.7186,0.7907,-0.1172,11.5277,-64.4228,11.0849,-110.276,94.7403,5.0328
5:09:02 PM,42.47420517,-82.86784036,,9.0583,207.955,200.1659,-176.4217,2.4716,2.2859,86.4834,0.7924,-0.1142,10.5254,-66.2635,10.7207,-116.0079,88.1974,11.5931
5:09:03 PM,42.47416656,-82.86786267,13.3104,9,207.955,197.527,-142.6631,-0.363,2.9448,86.3285,0.7935,-0.1123,10.6022,-58.8447,9.7043,-110.7798,90.7813,10.0404
5:09:04 PM,42.47412951,-82.86788272,,8.5723,202.6953,196.7618,63.5639,1.8124,3.2927,86.1819,0.7945,-0.1104,11.9845,-63.019,11.1484,-106.6663,91.758,7.9147
5:09:05 PM,42.47409519,-82.86790323,13.2448,8.5723,200.031,,-37.6743,0.1884,1.583,,,,11.7966,-48.2419,8.8316,-94.8637,102.971,3.9842
5:09:06 PM,42.47405812,-82.86792418,13.1135,8.8833,204.6834,197.366,104.7825,3.5162,2.1796,85.9492,0.7961,-0.1074,12.709,-63.6879,11.8229,-105.5118,94.3687,14.6527
5:09:07 PM,42.4740194,-82.8679511,,8.8639,204.1449,201.8825,14.8029,-1.3265,3.623,85.8208,0.7973,-0.1058,10.4361,-60.3967,9.8205,-112.487,89.8513,12.9396
5:09:08 PM,42.4739801,-82.867972,13.3432,8.7862,204.0589,200.0884,,,,85.641,0.7985,-0.1035,12.8107,-52.937,10.2746,-95.7653,104.851,-6.4092
5:09:09 PM,42.4739459,-82.8679974,,8.9028,203.5662,201.1214,3.5443,2.03,1.8352,85.4996,0.7998,-0.1017,,,,,,4.8551
5:09:10 PM,42.4739074,-82.8680191,13.1791,8.9028,206.1617,203.4416,172.2724,1.6137,2.3154,85.3395,0.8009,-0.0996,12.0122,-56.2298,10.212,-102.092,99.1271,13.4266
5:09:11 PM,42.4738701,-82.8680403,,8.8445,207.1185,,11.042,-0.9271,2.7665,85.1009,0.8027,-0.0965,11.5037,-60.2657,10.4737,-107.4975,96.2202,9.9602
5:09:12 PM,42.4738315,-82.868066,13.1791,8.689,206.7404,204.0652,3.5271,-0.2067,1.8563,84.9478,0.804,-0.0946,11.9815,-57.1381,10.3173,-102.7179,101.6422,6.4021
5:09:13 PM,42.4737943,-82.8680915,,8.7667,209.4103,205.8563,112.2734,0.9007,2.9464,84.8019,0.8053,-0.0927,11.6376,-58.9811,10.3537,-105.5766,99.3512,12.1317
5:09:14 PM,42.473758,-82.8681163,13.1791,9.1166,206.9122,205.1347,22.2697,0.1212,1.9294,84.6562,0.8067,-0.0908,10.8958,-61.1937,10.1888,-110.4363,96.1787,14.7788
5:09:15 PM,42.4737186,-82.8681478,,8.7278,210.9745,208.8634,254.7302,-0.0968,1.9439,84.5039,0.8081,-0.0888,11.8925,-58.2833,10.4458,-104.4251,101.5925,
5:09:16 PM,42.4736811,-82.868177,13.1791,9.0194,215.1915,,,,,84.3709,0.8097,-0.0871,10.6611,-58.334,9.6391,-109.7178,98.675,8.5393
5:09:17 PM,42.4736487,-82.8682097,,8.8445,217.787,213.4136,59.7274,-1.0751,2.5713,84.2377,0.8112,-0.0854,10.3877,-62.453,10.0858,-114.0524,99.4035,12.0859
5:09:18 PM,42.4736157,-82.868242,13.3104,8.8833,216.5208,212.6198,-26.5291,0.0071,2.6404,84.1044,0.8129,-0.0837,10.6678,-57.5369,9.5478,-109.4865,104.7604,8.1153
5:09:19 PM,42.4735812,-82.8682739,,8.514,212.4929,211.0612,-139.0122,-1.7876,2.0986,83.9686,0.8145,-0.082,9.0739,-62.7397,9.3575,-120.4588,94.0173,11.5473
5:09:20 PM,42.4735453,-82.8683037,13.1791,9.1944,212.0861,210.1258,29.7399,1.2368,1.9385,,,,9.5652,-52.9659,8.2645,-112.4949,99.2017,-8.3687
5:09:21 PM,42.4735111,-82.8683385,,9.0389,215.0826,,119.7161,-1.9872,2.5462,83.7702,0.817,-0.0794,8.9188,-60.6162,9.0871,-121.2167,90.3008,6.5855
5:09:22 PM,42.4734741,-82.8683763,13.2448,9.2916,214.7446,213.0897,-90.2615,-0.0033,2.0365,83.6389,0.8187,-0.0777,8.9852,-61.3772,9.2508,-121.5063,92.3648,6.5282
5:09:23 PM,42.4734393,-82.8684073,,8.8833,214.3149,210.5765,,,,83.5058,0.8204,-0.0759,9.4855,-63.3275,9.7478,-119.5944,92.9309,9.0606
5:09:24 PM,42.4734048,-82.8684392,13.2448,9,212.4929,209.3362,-19.0039,0.7502,2.7376,83.3734,0.822,-0.0742,9.6313,-63.7933,9.8124,-118.2804,93.2855,8.9747
5:09:25 PM,42.4733719,-82.8684678,,9.136,216.0567,,55.994,1.0983,1.677,83.2475,0.8235,-0.0725,9.8545,-63.6995,9.9755,-117.6735,93.3849,8.8716
5:09:26 PM,42.4733387,-82.8685016,13.1791,9.4082,217.2312,212.2457,-11.5405,0.8994,1.4595,83.1218,0.8252,-0.0709,9.7372,-62.7263,9.8874,-118.9161,94.522,8.9976
5:09:27 PM,42.4733048,-82.8685324,,9.0194,215.054,212.2523,14.7032,-0.5844,2.8104,82.9918,0.8267,-0.0692,9.3767,-62.8136,9.7377,-121.0696,93.3041,9.9029
5:09:28 PM,42.4732638,-82.8685647,13.2448,8.9222,214.0398,211.1647,-34.0406,-0.7219,2.3989,82.8534,0.8284,-0.0673,9.866,-60.7105,9.5598,-115.829,96.905,8.9117
5:09:29 PM,42.4732295,-82.8685958,,8.7862,215.7988,211.9719,85.954,1.2071,2.2225,82.7189,0.83,-0.0655,10.325,-64.0795,10.2917,-115.5361,96.7759,9.6393
5:09:30 PM,42.4731952,-82.8686262,12.9823,,,212.787,-22.806,0.983,1.9172,82.592,0.8316,-0.0638,9.9012,-59.89,9.4864,-115.4595,98.3946,6.1214
5:09:31 PM,42.4731602,-82.8686565,,9.2332,216.6984,,-71.5395,0.0271,2.6239,82.4635,0.8333,-0.062,9.6811,-65.5307,10.2215,-120.4505,92.803,11.616
5:09:32 PM,42.4731255,-82.8686903,13.1135,9.0583,215.6556,210.6599,,,,82.3303,0.8349,-0.0602,9.8931,-53.5583,8.598,-112.2352,98.8739,-4.8164
5:09:33 PM,42.4730899,-82.868723,,9.1944,213.6044,209.1314,18.4435,0.772,2.7543,82.2013,0.8366,-0.0585,9.8264,-65.3595,10.1889,-118.7638,92.3363,11.1233
5:09:34 PM,42.4730547,-82.8687546,13.1135,9.2138,212.6074,211.3908,97.1954,-0.3176,2.1002,82.0713,0.8383,-0.0567,9.5401,-59.9311,9.1859,-115.9995,95.8135,3.0962
5:09:35 PM,42.4730199,-82.8687851,,8.7473,214.6414,212.5321,179.6807,0.1167,2.1343,81.9439,0.84,-0.0549,10.0537,-62.3651,9.8218,-114.9287,98.7741,6.5511
5:09:36 PM,42.4729847,-82.8688223,13.1791,8.8833,216.8989,214.3154,22.1735,-0.6153,2.366,81.7633,0.8426,-0.0525,10.2865,-59.83,9.586,-111.9178,102.8796,2.7467
5:09:37 PM,42.4729541,-82.8688569,,8.6695,218.0334,214.6207,29.6815,2.0405,2.1684,81.6539,0.8443,-0.051,,,,,,13.1802
5:09:38 PM,42.4729207,-82.8688918,13.1135,8.9028,218.0964,,-75.3107,-0.562,2.4189,81.5347,0.8462,-0.0493,11.2622,-68.9907,11.5637,-114.6066,101.0425,2.8154
5:09:39 PM,42.4728883,-82.8689263,,8.8833,218.0334,213.7591,-120.2971,0.5276,2.5863,,,,10.0051,-64.5058,10.1989,-117.6896,98.1623,
5:09:40 PM,42.4728523,-82.8689583,13.1135,9.1555,215.1514,211.3138,,,,81.36,0.8488,-0.0469,10.5543,-68.1716,11.0321,-117.3646,96.9621,10.2639
5:09:41 PM,42.4728181,-82.8689892,,9.0583,214.3722,209.4831,-52.8004,1.1763,2.2372,81.1682,0.8514,-0.0442,10.8332,-67.6304,11.1495,-116.0365,95.7652,9.3643
5:09:42 PM,42.472782,-82.8690214,13.1135,9.0972,214.3034,210.5527,33.4321,1.4168,2.0661,,,,10.48,-67.6232,10.9618,-117.865,93.7679,11.2322
5:09:43 PM,42.4727455,-82.8690543,,9.5831,213.6159,208.5433,-11.568,0.9783,2.3586,80.977,0.854,-0.0415,10.3961,-66.6767,10.8395,-118.2708,93.7027,10.2409
5:09:44 PM,42.4727065,-82.8690879,13.1135,9.3304,212.447,206.531,-97.8005,1.7589,1.6441,80.7843,0.8566,-0.0387,10.8406,-66.3335,11.1055,-116.6134,93.5571,10.2639
5:09:45 PM,42.4726705,-82.8691173,,9.2916,208.6598,,-71.5464,0.0256,1.9839,,,,10.1076,-66.4233,10.6477,-119.5377,88.9546,10.0404
5:09:46 PM,42.4726334,-82.8691446,13.2448,9.1749,207.9092,204.4958,67.1942,0.7157,2.7609,80.5771,0.8592,-0.0357,10.5305,-61.6027,10.1597,-114.2481,92.3878,9.0377
5:09:47 PM,42.4725969,-82.8691734,,9,209.3187,205.0189,,0.8401,1.7502,80.4577,0.8606,-0.034,10.5998,-60.9194,10.0597,-112.9489,93.4139,8.5908
5:09:48 PM,42.4725599,-82.8692016,13.1791,8.7084,209.1239,206.5498,40.9333,1.058,2.3175,80.3276,0.8622,-0.0321,10.6018,-59.6545,9.878,-112.146,94.4578,8.5736
5:09:49 PM,42.4725229,-82.8692322,,9.5443,210.7339,207.6429,59.6552,,,80.1978,0.8638,-0.0302,10.9531,-60.5819,10.2662,-111.6677,96.7098,9.4674
5:09:50 PM,42.4724866,-82.8692594,13.1791,9.0777,209.4161,204.8243,-64.083,-1.0667,2.3093,80.0669,0.8655,-0.0283,10.3399,-57.3946,9.3989,-112.0687,96.3519,7.5996
5:09:51 PM,42.4724508,-82.8692874,,8.825,209.4447,,25.9516,0.4739,2.1219,79.8776,0.8679,-0.0255,11.2185,-58.1775,10.0166,-107.8922,98.5902,9.1179
5:09:52 PM,42.4724111,-82.869317,13.1135,8.689,209.2155,204.9493,78.4253,0.3764,2.2423,79.7494,0.8694,-0.0236,10.9285,-57.6319,9.6908,-107.7303,98.3918,7.5309
5:09:53 PM,42.4723752,-82.8693441,,9,210.1094,206.441,29.6746,0.0823,1.9283,79.6249,0.871,-0.0218,10.5994,-57.8402,9.5139,-109.4112,98.0513,10.6248
5:09:54 PM,42.4723417,-82.869373,13.1791,8.6501,210.9287,206.7426,,-0.947,2.4253,79.5074,0.8726,-0.02,10.805,-52.7873,8.8815,-104.3333,103.4281,4.1848
5:09:55 PM,42.4723058,-82.8694002,,8.0086,208.5223,206.9911,33.4183,-0.0864,2.6716,79.3829,0.8742,-0.0182,10.8239,-62.3254,10.2559,-110.8276,96.894,7.9491
5:09:56 PM,42.4722725,-82.8694258,13.1135,8.5335,208.3217,207.2464,25.9206,0.4815,1.7514,79.2687,0.8757,-0.0164,11.173,-59.7914,10.1331,-107.6585,99.7484,8.9117
5:09:57 PM,42.4722372,-82.8694521,13.0479,8.825,208.3217,,-22.8266,,,,,,11.0724,-63.5496,10.6299,-111.1581,96.6531,9.7024
5:09:58 PM,42.4721994,-82.8694858,,8.8056,213.1861,208.4955,25.9137,0.8644,2.4768,79.0763,0.8782,-0.0135,11.5717,-64.3772,11.1073,-110.0562,99.343,11.2665
5:09:59 PM,42.4721664,-82.8695166,13.1791,9.1166,212.5731,209.0447,-26.5944,-2.0479,3.3994,78.9606,0.8799,-0.0118,12.0856,-55.7616,10.194,-101.4474,107.8276,15.2429