timestamp,LAT,LON,DBS,SOG,COGt,HDGt,ROT,LEE,ROLL,PITCH,BRG,DTG,XTE,HDGmE,HDGmF,MFIT,MFITT,MSOLV,MNOIS,MAGB,MAGBT,MINCL,MCALF,MCALH,AWS,AWA,TWS,TWA,TWD,MROT,VMG,VMC,TGTA,TGTS,TVMG,PSPD,PSR,PVMG,PVMGR,BTA,BTVMG,GBA,GBVMG,VMAX,VMAXA,OWA,TACK,TTS,TTL,TTB,DSL,NLH,STA
2026-08-26 18:55:00,42.456932,-82.8375526,13.1791,8.7278,277.2428,274.0787,612.9056,0.0,2.7685,2.1277,333.0623,1.2167,0.9199,,,7.2141,17.5582,10.0,0.0071,48.092,16.7403,66.4763,0.0,0.0,16.0003,-47.8384,12.0543,-79.706,193.2591,44.7731,3.2172,4.3244,-49.1114,9.9174,6.3672,12.071,0.5645,6.4098,0.5019,-49.1114,6.3672,-140.0,10.8268,17.0512,-120.0,-19.9605,215.1558,,943.3979,,13437.3364,,
2026-08-26 18:55:01,42.4609358,-82.8406423,,8.9417,286.88,287.125,792.8441,0.0,1.2737,3.418,333.8608,0.9406,0.7197,,,,,,,,,,,,14.923,-55.3954,12.289,-91.7992,194.9097,44.7731,2.3786,5.2008,-49.1036,9.7739,6.3667,13.202,0.6036,6.3778,0.3729,-49.1036,6.3667,-140.0,10.825,17.049,-120.0,-28.7083,227.8331,,,,,,
2026-08-26 18:55:02,42.4649046,-82.8466153,13.1135,8.6112,298.4423,301.0248,702.8061,0.0,-1.1605,2.5266,346.1176,0.6244,0.5522,,,,,,,,,,,,14.3486,-64.2364,13.1511,-100.7035,199.5599,44.7731,1.1497,4.9785,-50.0,9.8694,6.4883,14.3193,0.5972,6.3992,0.1797,-50.0,6.4883,-140.854,11.2353,17.505,-120.0,-39.4239,240.5111,,733.1184,,9846.7851,,
2026-08-26 18:55:03,42.4668517,-82.8490326,,7.7559,308.3029,313.2918,687.6628,0.0,-2.1582,1.4319,355.0115,0.4912,0.4646,,,,,,,,,,,,13.1845,-75.3983,13.4603,-108.5814,202.4286,43.8908,-0.4831,5.0188,-142.9771,14.5789,11.7433,16.074,0.5369,11.4479,0.0422,-50.0,6.6384,-142.9771,11.7433,18.0145,-120.0,45.509,160.5261,,677.6677,,8917.6512,,
2026-08-26 18:55:04,42.4686433,-82.851475,12.8182,8.4168,328.7345,326.9912,706.2885,0.0,-3.3584,1.1428,9.7219,0.3876,0.3866,,,7.2141,17.5582,10.0,0.0028,48.092,16.7403,66.6434,0.0,0.0,,,,,,43.7762,-1.496,4.8256,-143.2563,14.7463,11.8101,17.241,0.459,11.8282,0.1265,-50.0,6.6581,-143.2563,11.8101,18.0815,-120.0,32.5417,173.525,,,,,,
2026-08-26 18:55:05,42.468745,-82.8516185,,13.6846,324.8671,335.3507,,0.0,,,10.73,0.3832,0.3826,,,,,,,,,,,,10.3738,-90.5138,14.6055,-134.746,189.3439,43.0714,-4.7676,7.0853,-148.6321,14.8662,13.0961,18.3569,0.5358,12.0946,0.3942,-50.0,7.0382,-148.6321,13.0961,19.3717,-120.0,16.491,176.9841,,587.4751,,7961.6144,,
2026-08-26 18:55:06,42.4688303,-82.8517029,12.6214,16.8142,326.2193,,252.5025,0.0,-3.1707,0.2508,11.3841,0.3793,0.3789,,,,,,,,,,,,8.7621,-101.8094,19.0172,-153.1927,174.3623,41.2781,-10.4021,10.5847,-150.0,16.0687,15.2851,17.983,0.755,13.9159,0.7475,-50.0,7.7271,-150.0,15.2851,21.8497,-120.0,-0.2078,183.5547,,544.47,,7930.1184,,
2026-08-26 18:55:07,42.4688951,-82.8517615,,16.8142,326.2193,339.6135,98.7733,0.0,-0.6108,0.255,12.1439,0.3743,0.3742,,,,,,,,,,,,8.1091,-116.4477,21.5263,-160.2886,168.9973,39.0378,-13.9277,11.696,-150.0,18.24,16.5012,17.486,0.8938,15.7963,0.8817,-50.0,8.1234,-150.0,16.5012,23.2431,-120.0,-8.3838,188.8163,,544.0049,,7905.8401,,
2026-08-26 18:55:08,42.4689599,-82.85182,12.4245,16.8142,326.2193,343.5841,125.0205,0.0,-0.2779,0.1279,12.6612,0.3711,0.371,,,7.2142,17.5582,10.0,0.0067,48.092,16.7403,69.3553,0.0,0.0,7.0231,-127.9534,21.8304,-165.3049,164.5535,36.259,-15.4996,11.5865,-150.0,19.152,16.6874,16.52,0.994,16.5862,0.9345,-50.0,8.2201,-150.0,16.6874,23.4152,-120.0,-13.5806,192.2979,,,,,,
2026-08-26 18:55:09,42.4690246,-82.8518785,,16.8142,326.2193,348.6261,218.7541,0.0,-0.9124,0.0804,13.1875,0.3679,0.3679,,,,,,,,,,,,6.577,-138.5376,22.1734,-168.6735,162.2759,33.9098,-16.1162,11.4741,,19.3203,,15.5068,1.075,16.7319,0.9632,,,,,,,,,,543.0527,,7856.6275,,
2026-08-26 18:55:10,42.4690894,-82.851937,12.3589,16.8142,326.2193,354.9115,237.4761,0.0,-1.3434,-0.0576,13.7232,0.3647,0.3647,,,,,,,,,,,,6.5608,-143.7295,22.4418,-170.0405,162.3535,31.9904,-16.411,11.3587,-150.0,19.4221,16.7937,14.8516,1.1289,16.82,0.9757,-50.0,8.2754,-150.0,16.7937,23.5133,-120.0,-17.2917,197.4015,,542.6142,,7833.0055,,
2026-08-26 18:55:11,42.4691542,-82.8519955,,16.8142,326.2193,2.0276,263.7164,0.0,-1.5325,0.366,14.2683,0.3616,0.3616,,,,,,,,,,,,7.0581,-151.3754,23.2568,-171.6401,121.6256,31.7784,-16.5407,11.2402,-150.0,19.5326,16.8685,14.5701,1.1528,16.9157,0.9778,-50.0,8.3142,-150.0,16.8685,23.5824,-120.0,-19.3073,203.3693,,,,,,
2026-08-26 18:55:12,42.469219,-82.852054,12.687,16.8142,326.2193,8.2282,173.7162,0.0,-2.0366,0.1492,14.8233,0.3585,0.3584,,,7.2143,17.5582,10.0,0.0051,48.092,16.7403,69.2939,0.0,0.0,7.4613,-157.1103,23.8651,-173.0152,167.9814,31.3774,-16.6287,11.1186,-150.0,19.6773,17.0111,14.4162,1.1659,17.0411,0.9758,-50.0,8.3883,-150.0,17.0111,23.7142,-120.0,-21.1765,210.1271,,541.7319,,7785.4333,,
2026-08-26 18:55:13,42.4692902,-82.8521184,,16.8142,326.2193,15.8715,334.9706,0.0,,,15.3876,0.3554,0.3553,,,,,,,,,,,,7.6582,-157.2312,24.0589,-172.9238,166.3051,31.3774,-16.6672,10.9938,-150.0,19.7627,17.0984,14.3713,1.1698,17.115,0.9738,-50.0,8.4337,-150.0,17.0984,23.7948,-120.0,-22.3322,216.6165,,,,,,
2026-08-26 18:55:14,42.469355,-82.8521769,12.7526,16.8142,326.2193,25.1534,,0.0,-2.0052,0.5702,15.9616,0.3523,0.3521,,,,,,,,,,,,8.0178,-161.1997,24.5406,-173.9561,167.4193,30.9591,-16.698,10.8658,-150.0,19.8364,17.1586,14.3203,1.1741,17.1789,0.972,-50.0,8.4649,-150.0,17.1586,23.8504,-120.0,-23.053,224.0074,,540.8586,,7738.5173,,
2026-08-26 18:55:15,42.4694197,-82.8522354,,16.8142,326.2193,32.5388,323.6982,0.0,-1.6839,0.6264,16.5454,0.3493,0.349,,,,,,,,,,,,7.8801,-166.9936,24.5562,-175.8584,167.8536,3.3769,-16.7289,10.7345,-150.0,19.8765,17.2036,14.1624,1.1872,17.2135,0.9718,-50.0,8.4883,-150.0,17.2036,23.892,-120.0,-23.7808,230.5291,,540.4336,,7715.8795,,
2026-08-26 18:55:16,42.4694845,-82.8522939,12.8511,16.8142,326.2193,35.1228,124.9483,0.0,-3.6182,0.5454,17.1395,0.3464,0.3458,,,7.2144,17.5582,10.0,0.0062,48.092,16.7403,68.1651,0.0,0.0,8.0276,-151.4016,24.1698,-170.8522,172.6977,-17.0376,-16.6589,10.5997,-150.0,19.8626,17.2139,14.6545,1.1474,17.2015,0.9685,-50.0,8.4937,-150.0,17.2139,23.9016,-120.0,-23.3859,238.3438,,539.9651,,7692.2575,,
2026-08-26 18:55:17,42.4695493,-82.8523524,12.8511,16.8142,326.2193,,-51.329,0.0,-5.2917,0.1466,17.7438,0.3434,0.3427,,,,,,,,,,,,8.2718,-178.6803,25.0846,-179.5648,167.7915,-17.261,-16.7444,10.4615,-150.0,19.9329,17.2409,14.1521,1.1881,17.2624,0.97,-50.0,8.5077,-150.0,17.2409,23.9264,-120.0,-23.3136,242.826,,539.4348,,7667.6512,,
2026-08-26 18:55:18,42.4755411,-82.8563823,,4.8207,326.2193,35.352,-103.7993,0.0,-1.4165,0.2805,96.5798,0.285,0.0365,,,,,,,,,,,,8.8456,160.7962,18.7148,171.056,188.4626,-16.6079,-12.1183,3.1456,-150.0,19.4723,17.1326,11.9883,1.0111,16.8635,0.7186,-50.0,8.4515,-150.0,17.1326,23.8265,-120.0,-28.8906,244.2647,,,,,,
2026-08-26 18:55:19,42.4755654,-82.856373,12.8511,5.0929,326.2193,34.6129,-137.5305,0.0,,,96.881,0.2848,0.035,,,,,,,,,,,,9.545,151.0155,14.6728,161.6257,173.8588,-16.5391,-7.4927,-2.8118,150.0,17.3342,15.693,11.735,0.6462,15.0119,0.4991,50.0,7.8569,150.0,15.693,22.3207,120.0,23.6139,184.6773,,530.173,,6134.1865,,
2026-08-26 18:55:20,42.4756217,-82.8563419,,4.7624,326.2193,35.4265,4.9263,0.0,-0.61,1.232,97.5918,0.2838,0.0313,,,7.2144,17.5582,10.0,0.0049,48.092,16.7403,67.8266,0.0,0.0,9.2028,147.0804,13.3772,158.0455,170.7124,,-5.426,-3.2505,150.0,15.4923,13.8885,12.0614,0.4687,13.408,0.4047,50.0,7.2829,150.0,13.8885,20.237,120.0,15.8688,184.9442,,,,,,
2026-08-26 18:55:21,42.4756465,-82.8563356,12.8182,4.5097,326.2193,37.3918,102.407,,-0.4519,0.3789,97.8717,0.2837,0.03,,,,,,,,,,,,9.8801,144.3167,13.878,155.4638,170.6769,-16.5162,-4.6811,-3.1135,147.6045,15.1744,12.8503,12.3594,0.4046,12.7573,0.3669,50.0,6.9656,147.6045,12.8503,19.1251,120.0,12.9502,183.7935,,532.6379,,6162.7299,,
2026-08-26 18:55:22,42.4756654,-82.8563317,,4.5486,0.0,43.3276,484.8942,0.0,-2.5767,-0.4867,98.1027,0.2838,0.0288,,,,,,,,,,,,9.8127,144.4332,13.7648,155.5026,183.3219,-16.5391,-4.3296,-1.4237,146.3789,15.0695,12.5571,12.7118,0.3707,12.5353,0.3454,50.0,6.8789,146.3789,12.5571,18.8309,120.0,10.6685,185.9012,,533.4134,,6171.9162,,
2026-08-26 18:55:23,42.4756809,-82.8563198,12.687,4.7818,11.0294,52.5465,492.3953,0.0,-4.2754,0.5482,,,,,,,,,,,,,,,10.1129,144.9131,14.2518,155.9282,192.087,-16.7053,-4.3365,,146.9367,15.1588,12.6905,13.1227,0.3617,12.7247,0.3408,50.0,6.9183,146.9367,12.6905,18.9648,120.0,9.1091,191.4345,,,,,,
2026-08-26 18:55:24,42.4756871,-82.8563046,,5.0345,29.7537,62.006,,0.0,,,98.409,0.2832,0.0273,,,7.2145,17.5582,10.0,0.0064,48.092,16.7403,67.4792,0.0,0.0,9.837,143.8909,14.0755,155.678,204.1336,-16.7053,-4.4225,0.1981,147.1479,15.16,12.7411,13.0759,0.3696,12.7272,0.3475,50.0,6.9333,147.1479,12.7411,19.0155,120.0,9.1547,199.8723,,534.2974,,6182.0868,,
2026-08-26 18:55:25,42.475701,-82.8562801,13.0479,4.5486,41.4707,74.6111,541.0842,0.0,-4.7266,1.8884,98.614,0.2818,0.0261,,,,,,,,,,,,8.5271,140.9432,12.4581,154.4516,213.8594,-17.0147,,2.2835,145.8526,,12.4312,,,,,50.0,6.8417,145.8526,12.4312,18.7046,120.0,9.8791,208.3681,,534.6619,,6186.3519,,
2026-08-26 18:55:26,42.4757062,-82.8562483,,4.4125,51.274,90.4477,863.4004,0.0,-4.0259,0.9756,98.7137,0.2805,0.0255,,,,,,,,,,,,,,,,,-16.9344,-4.2603,2.6851,143.9341,14.8648,11.9722,12.4254,0.3766,12.0916,0.3523,50.0,6.706,143.9341,11.9722,18.2442,120.0,7.4534,219.4417,,,,,,
2026-08-26 18:55:27,42.4757049,-82.85622,12.8182,3.9071,62.5613,,735.7981,0.0,-8.9316,2.0483,98.7285,0.2794,0.0253,,,,,,,,,,,,11.3277,119.6056,14.0035,135.3067,211.9605,-16.9917,-3.7739,3.1398,145.163,14.8567,12.2662,14.1001,0.3164,12.0737,0.3126,50.0,6.7929,145.163,12.2662,18.5391,120.0,-6.0652,231.422,,535.575,,6196.8506,,
2026-08-26 18:55:28,42.4757041,-82.8561931,13.2448,4.9374,77.7848,103.3965,807.0076,0.0,-9.9365,1.0687,98.7742,0.2781,0.025,,,7.2146,17.5582,10.0,0.0031,48.092,16.7403,70.4842,0.0,0.0,11.9109,107.5306,13.7563,124.3468,213.0678,-18.2179,-3.0445,3.3212,143.1569,14.9439,11.7863,16.7126,0.2549,12.2648,0.2482,50.0,6.6511,143.1569,11.7863,18.0577,120.0,-16.5224,242.3534,,535.5856,,6196.8506,,
2026-08-26 18:55:29,42.4756988,-82.8561637,,5.0345,90.2867,115.9615,,0.0,,,,,,,,,,,,,,,,,11.2266,83.6766,11.6855,107.2754,209.1473,-17.0662,-2.4369,,141.7053,14.6052,11.439,17.5406,0.2583,11.5082,0.2118,50.0,6.5484,141.7053,11.439,17.7093,120.0,-28.143,254.1067,,535.8255,,6199.8033,,
2026-08-26 18:55:30,42.4756894,-82.8561382,13.2448,4.2959,92.8593,129.5578,683.1112,0.0,-9.3679,5.0369,98.7628,0.2762,0.0249,,,,,,,,,,,,13.6722,78.2391,13.5403,98.6828,216.2688,-17.9486,-1.6458,5.0246,142.4969,14.6403,11.6284,17.7616,0.2679,11.5885,0.142,50.0,6.6044,142.4969,11.6284,17.8993,120.0,-41.4453,267.9178,,535.7851,,6199.1472,,
2026-08-26 18:55:31,42.4756748,-82.8561147,,5.4233,115.1874,139.0402,503.0936,0.0,-7.6284,0.4073,98.6517,0.2749,0.0253,,,,,,,,,,,,13.968,64.1704,12.6215,84.9495,215.5741,-17.5532,-0.4825,4.6783,143.2601,14.6056,11.811,16.3867,0.298,11.5091,0.0419,50.0,6.6584,143.2601,11.811,18.0824,120.0,-51.2516,278.8458,,535.6506,,6197.8348,,
2026-08-26 18:55:32,42.4756581,-82.8560846,13.2448,5.6177,116.1729,144.4948,251.7187,0.0,-6.9977,3.3174,98.4859,0.2737,0.026,,,7.2147,17.5582,10.0,0.0018,48.092,16.7403,72.3913,0.0,0.0,14.7158,64.0265,13.2686,85.5972,225.1741,-17.7423,-0.0798,5.3044,50.0,14.774,6.6841,16.3206,0.3222,11.8902,0.0067,50.0,6.6841,143.6237,11.8979,18.1697,120.0,34.8206,190.8122,,535.5226,,6196.1944,,
2026-08-26 18:55:33,42.475638,-82.8560533,,6.3369,123.7818,148.5227,251.6671,0.0,-6.8108,-0.9714,98.3206,0.2724,0.0266,,,,,,,,,,,,15.8558,48.5293,12.7366,68.875,216.3703,-17.2267,1.0193,5.0994,,10.349,,15.0068,0.3748,6.6522,0.1532,,,,,,,,,,,,,,
2026-08-26 18:55:34,42.47562,-82.856024,13.4088,6.0065,125.4033,155.3122,300.3353,0.0,-6.1013,2.5199,98.1077,0.2709,0.0275,,,,,,,,,,,,15.8262,43.6819,12.2927,62.7698,215.2713,-17.3584,1.5993,5.5779,50.0,10.1624,6.561,13.9324,0.417,6.5323,0.2448,50.0,6.561,141.8821,11.4813,17.7517,120.0,25.4713,196.0259,,535.3622,,6194.2259,,
2026-08-26 18:55:35,42.475597,-82.8559913,13.3104,6.0842,132.7715,158.8989,172.7743,0.0,-7.3091,4.1686,97.8823,0.2693,0.0284,,,,,,,,,,,,17.325,42.1712,13.411,60.1443,218.7531,-17.6678,2.7711,5.1172,50.0,10.2924,6.5573,12.8087,0.4682,6.6158,0.4189,50.0,6.5573,141.8304,11.4689,17.7393,120.0,15.1447,201.8995,,,,,,
2026-08-26 18:55:36,42.4755756,-82.8559676,,5.9676,135.5561,165.9807,420.1992,0.0,-5.1524,-0.9074,97.6547,0.2679,0.0293,,,7.2147,17.5582,10.0,0.0037,48.092,16.7403,73.0635,0.0,0.0,18.6259,34.3393,14.115,48.1048,213.4366,-16.5735,3.0979,5.1386,50.0,10.4764,6.6906,12.5831,0.4761,6.7341,0.46,50.0,6.6906,143.7153,11.9199,18.1917,120.0,11.5744,206.6357,,535.0599,,6190.9451,,
2026-08-26 18:55:37,42.4755506,-82.8559486,13.2448,5.4622,137.7276,,217.6197,0.0,-5.3927,4.923,97.3894,0.2667,0.0304,,,,,,,,,,,,18.2148,34.813,13.5536,50.1067,220.337,-16.4761,3.9054,4.7547,50.0,10.6098,6.8185,10.7748,0.5717,6.8199,0.5727,50.0,6.8185,145.5246,12.3527,18.6259,120.0,1.4956,211.2171,,534.7783,,6187.6642,,
2026-08-26 18:55:38,42.4755272,-82.8559365,13.54,5.4428,155.8216,170.9196,135.0966,0.0,-5.0073,1.2745,97.1133,0.2657,0.0316,,,,,,,,,,,,19.9856,22.7197,15.31,30.2765,207.4391,-16.2927,,4.418,50.0,,6.8171,,,,,50.0,6.8171,145.5055,12.3481,18.6213,120.0,-0.7678,216.6674,,,,,,
2026-08-26 18:55:39,42.475507,-82.8559228,,4.8985,150.6421,173.4062,,0.0,,,96.8089,0.2651,0.0329,,,,,,,,,,,,18.3829,21.427,13.9995,28.6657,207.0632,-16.7454,,3.0372,50.0,,6.9473,,,,,50.0,6.9473,147.3468,12.7887,19.0632,120.0,-12.5365,221.1403,,533.9451,,6177.8217,,
2026-08-26 18:55:40,42.4754864,-82.8559142,13.6713,4.4708,153.0771,175.6866,168.8277,0.0,-3.737,-2.4824,96.5805,0.2644,0.0338,,,7.2148,17.5582,10.0,0.0043,48.092,16.7403,73.4664,0.0,0.0,19.0033,16.821,14.8299,21.7662,202.3523,-16.4761,,2.6245,50.0,,7.0797,,,,,50.0,7.0797,149.2191,13.2366,19.5126,120.0,-20.7292,223.5953,,533.6803,,6174.869,,
2026-08-26 18:55:41,42.4754668,-82.8559034,,4.432,153.7017,175.4574,52.5769,0.0,-3.0495,1.3405,96.3214,0.2638,0.0349,,,,,,,,,,,,18.6488,16.4317,14.6492,21.1065,201.6783,,,2.3334,50.0,,7.0058,,,,,50.0,7.0058,148.1731,12.9863,19.2615,120.0,-25.2079,224.464,,533.3084,,6170.6039,,
2026-08-26 18:55:42,42.4754479,-82.8558916,13.1791,3.8877,152.0344,175.4459,41.3355,0.0,-3.035,-0.9328,95.9725,0.263,0.0364,,,,,,,,,,,,18.8405,14.6221,14.7902,18.7581,199.3115,-16.436,,2.3114,50.0,,7.0336,,,,,50.0,7.0336,148.5668,13.0805,19.356,120.0,-27.9652,225.1675,,,,,,
2026-08-26 18:55:43,42.4754294,-82.8558801,,3.8488,154.0111,174.7756,-26.1475,0.0,-3.1684,1.1578,95.738,0.2623,0.0374,,,,,,,,,,,,17.6186,13.2757,13.7085,17.1658,197.475,-16.4245,,2.2788,50.0,,6.9935,,,,,50.0,6.9935,148.0002,12.945,19.22,120.0,-30.1471,225.0532,,532.768,,6164.3703,,
2026-08-26 18:55:44,42.4754121,-82.8558686,13.2448,3.6155,152.4526,173.8016,-7.4015,0.0,-3.0672,1.2612,95.5291,0.2618,0.0383,,,7.2149,17.5582,10.0,0.0014,48.092,16.7403,73.688,0.0,0.0,16.3186,13.4998,12.4788,17.7747,197.3943,-16.1151,,1.725,50.0,,6.794,,,,,50.0,6.794,145.1776,12.2697,18.5426,120.0,-31.4224,224.6201,,532.5224,,6161.4175,,
2026-08-26 18:55:45,42.4753956,-82.8558618,,3.5184,155.3862,172.8447,45.1136,0.0,-2.4966,-1.9384,95.3208,0.2613,0.0391,,,,,,,,,,,,16.2744,12.6881,12.8264,16.182,193.9977,-16.3099,,1.8257,50.0,,6.73,,,,,50.0,6.73,144.2726,12.0532,18.3254,120.0,-32.5072,224.1748,,,,,,
2026-08-26 18:55:46,42.4753814,-82.8558511,13.2448,3.4989,153.8277,172.0426,-56.1212,0.0,-2.0127,0.4161,95.1326,0.2608,0.0399,,,,,,,,,,,,17.9255,9.5726,14.425,11.9262,188.2183,-16.2698,,1.7719,50.0,,6.6176,,,,,50.0,6.6176,142.6836,11.673,17.9441,120.0,-33.4014,223.1802,,532.0556,,6156.1682,,
2026-08-26 18:55:47,42.4753682,-82.8558427,,3.2851,152.7391,168.072,-194.8343,0.0,-2.0731,0.3844,94.9595,0.2603,0.0406,,,,,,,,,,,,15.382,11.8879,12.3536,14.8623,189.0251,-16.1151,,1.4477,50.0,,6.8382,,,,,50.0,6.8382,145.8025,12.4192,18.6926,120.0,-36.2292,222.058,,,,,,
2026-08-26 18:55:48,42.4753555,-82.8558326,13.4088,2.9741,147.1413,,-67.3008,0.0,-1.8386,-4.1483,94.8041,0.2598,0.0412,,,7.215,17.5582,10.0,0.0012,48.092,16.7403,73.613,0.0,0.0,,,,,,-16.1323,,1.7581,50.0,,6.6998,,,,,50.0,6.6998,143.846,11.9511,18.223,120.0,-35.6465,218.9247,,531.7777,,6152.8873,,
2026-08-26 18:55:49,42.4753437,-82.8558215,,3.1296,143.7494,165.5968,,0.0,,,94.6613,0.2594,0.0418,,,,,,,,,,,,18.2518,9.6716,15.2077,11.6322,181.6104,-16.2068,,1.9887,50.0,,6.9378,,,,,50.0,6.9378,147.2124,12.7565,19.031,120.0,-36.9825,216.1632,,,,,,
2026-08-26 18:55:50,,,13.4744,,,160.0506,-393.5086,0.0,-2.7854,2.7474,94.5353,0.2587,0.0422,,,,,,,,,,,,15.2273,14.6122,12.2789,18.2311,185.4334,-17.0147,,2.0907,50.0,,6.7142,,,,,50.0,6.7142,144.0491,11.9997,18.2718,120.0,-34.4715,211.3147,,531.6624,,6151.575,,
2026-08-26 18:55:51,42.4753334,-82.8558078,13.6056,3.149,136.4499,157.1571,90.2718,0.0,-3.4528,-3.9245,94.3871,0.258,0.0428,,,,,,,,,,,,17.5528,12.4526,14.503,15.1281,176.9316,-16.9001,,2.3576,50.0,,6.8082,,,,,50.0,6.8082,145.379,12.3179,18.591,120.0,-34.1413,208.8732,,,,,,
2026-08-26 18:55:52,42.4753203,-82.8557902,,3.7127,138.1172,154.235,-247.1156,0.0,-3.3873,1.0617,94.2349,0.257,0.0433,,,7.215,17.5582,10.0,0.0012,48.092,16.7403,74.849,0.0,0.0,15.5869,15.6002,11.9499,20.5345,181.0495,-16.9344,,2.7455,50.0,,6.6068,,,,,50.0,6.6068,142.53,11.6363,17.9072,120.0,-31.2664,205.6983,,531.7557,,6152.5593,,
2026-08-26 18:55:53,42.4753075,-82.8557677,13.4744,4.5097,134.4331,153.7996,109.2,0.0,-6.2331,0.0981,94.042,0.2559,0.044,,,,,,,,,,,,17.3524,16.9084,13.2471,22.3942,180.6709,-17.4215,,3.4316,50.0,,6.5855,,,,,50.0,6.5855,142.2297,11.5645,17.8351,120.0,-28.6736,204.287,,,,,,
2026-08-26 18:55:54,42.4752899,-82.8557448,,5.6371,139.1199,152.9745,,0.0,,,93.8034,0.2548,0.0448,,,,,,,,,,,,15.5551,18.6588,10.6458,27.8699,187.4034,-17.7194,,3.8246,48.2676,,6.3096,,,,,48.2676,6.3096,140.0,10.6329,16.8149,120.0,-23.6364,202.0443,,531.7563,,6152.5593,,
2026-08-26 18:55:55,42.4752707,-82.8557214,13.6056,5.7926,138.2089,152.0865,-81.9696,0.0,-5.5564,0.073,93.5218,0.2538,0.0459,,,,,,,,,,,,16.7739,16.4461,11.35,24.734,182.9769,-17.6678,,4.1658,46.9868,,6.2222,,,,,46.9868,6.2222,140.0,10.3386,16.4563,120.0,-22.27,199.8394,,,,,,
2026-08-26 18:55:56,42.4752478,-82.8556995,,6.3758,141.1023,149.9722,-175.6723,0.0,-5.1933,3.6036,93.2559,0.2525,0.0468,,,7.2151,17.5582,10.0,0.0013,48.092,16.7403,76.2017,0.0,0.0,15.6036,16.5981,9.8206,26.9921,183.6442,-17.5303,,4.3663,46.4813,,6.1877,,,,,46.4813,6.1877,140.0,10.2224,16.3148,120.0,-20.5162,197.583,,536.4026,,6149.9346,,
2026-08-26 18:55:57,42.4752271,-82.8556715,13.6056,6.4147,140.3174,148.6774,45.5708,0.0,-7.5777,-0.101,92.9603,0.2513,0.0478,,,,,,,,,,,,17.7798,17.6906,11.854,27.1155,181.514,-17.3985,,4.1573,47.1552,,6.2337,,,,,47.1552,6.2337,140.0,10.3773,16.5034,120.0,-20.3005,196.963,,,,,,
2026-08-26 18:55:58,42.4752047,-82.855645,13.6713,6.298,135.4415,148.4081,75.5961,0.0,-6.4899,-1.1636,92.6575,0.25,0.0489,,,,,,,,,,,,18.4059,16.3065,12.3653,24.7044,178.8177,-17.1464,,4.6223,,,,,,,,,,,,,,,,,536.277,,6148.2942,,
2026-08-26 18:55:59,42.4751803,-82.8556173,,7.0367,140.1168,,-164.369,0.0,-6.3014,1.5688,92.3561,0.2487,0.0499,,,,,,,,,,,,18.102,17.5831,11.8187,27.561,180.334,-17.7652,,4.8147,49.2569,,6.3772,,,,,49.2569,6.3772,140.0,10.8603,17.0919,120.0,-23.3261,198.5426,,,,,,
2026-08-26 18:56:00,42.47515561468862,-82.85558560196603,13.54,6.8618,139.0626,146.6777,-156.8231,0.0,-6.721,1.2591,92.0418,0.2473,0.051,,,7.2152,17.5582,10.0,0.0044,48.092,16.7403,77.074,0.0,0.0,18.3446,17.7586,11.8898,28.0727,178.5818,-17.8569,,4.6779,50.0,,6.4393,,,,,50.0,6.4393,140.162,11.0698,17.3389,120.0,-23.3711,198.0826,,536.1011,,6146.3257,,
2026-08-26 18:56:01,42.4751325388891,-82.85555482913082,,7.0173,134.9201,144.9245,-29.2312,0.0,-6.4733,0.1349,91.743,0.2459,0.0519,,,,,,,,,,,,18.8155,17.6341,12.2085,27.8319,177.403,-17.5876,,5.1173,50.0,,6.4549,,,,,50.0,6.4549,140.3821,11.1225,17.3917,120.0,-22.4843,196.3851,,536.0578,,6145.9976,,
2026-08-26 18:56:02,42.475109090774815,-82.8555225152016,13.6056,8.0669,136.4213,144.0077,-115.4498,0.0,-6.4022,2.484,91.4116,0.2444,0.053,,,,,,,,,,,,18.0209,19.1491,11.078,32.2499,180.337,-18.0804,,5.7032,50.0,,6.4551,,,,,50.0,6.4551,140.385,11.1231,17.3924,120.0,-22.1284,195.1258,,536.0045,,6145.3414,,
2026-08-26 18:56:03,42.47508551343688,-82.85548798586527,,7.3672,131.3563,144.4604,,0.0,,,91.0862,0.2428,0.054,,,,,,,,,,,,19.7333,17.6751,12.6065,28.3765,177.8957,-17.6678,,5.6212,48.9632,,6.3571,,,,,48.9632,6.3571,140.0,10.7928,17.0097,120.0,-18.912,192.9255,,536.004,,6145.3414,,
2026-08-26 18:56:04,42.475059531468744,-82.855454420313,13.7369,8.3585,138.0141,146.8038,124.5736,0.0,-5.6771,1.8398,90.7138,0.2413,0.0552,,,7.2153,17.5582,10.0,0.0026,48.092,16.7403,76.1908,0.0,0.0,20.0365,18.8136,12.86,30.1625,182.0502,-17.8798,,5.6684,49.7402,,6.4101,,,,,49.7402,6.4101,140.0,10.9713,17.2273,120.0,-20.1546,194.5881,,,,,,
2026-08-26 18:56:05,42.475033739122324,-82.8554219170654,,7.8726,139.5553,150.9176,248.336,0.0,-6.245,0.1059,,,,,,,,,,,,,,,20.1277,19.4248,12.971,31.0686,185.278,-17.5876,,,50.0,,6.6039,,,,,50.0,6.6039,142.4901,11.6268,17.8976,120.0,-20.1836,197.3871,,535.6713,,6141.4044,,
2026-08-26 18:56:06,42.4750032,-82.8553897,13.8025,7.5227,142.6951,155.4325,229.5762,0.0,-5.8269,1.3501,90.129,0.2393,0.0571,,,,,,,,,,,,20.2502,16.7787,13.2216,26.2403,185.1699,-17.6105,,5.0333,50.0,,6.6564,,,,,50.0,6.6564,143.2316,11.8042,18.0756,120.0,-19.8276,200.0537,,560.6503,,6138.4516,,
2026-08-26 18:56:07,42.4749743,-82.8553644,,7.0756,147.3705,161.5574,338.3293,0.0,-4.1849,-0.0096,89.4918,0.2378,0.0593,,,,,,,,,,,,,,,,,,,3.8622,50.0,,6.7319,,,,,50.0,6.7319,144.2993,12.0596,18.3318,120.0,-22.3965,204.5922,,,,,,
2026-08-26 18:56:08,42.474946,-82.8553462,13.8353,6.2592,151.702,166.4792,229.5934,0.0,-2.2557,-1.7939,89.1054,0.237,0.0607,,,7.2153,17.5582,10.0,0.0027,48.092,16.7403,76.0689,0.0,0.0,18.822,17.3217,12.3994,26.8695,191.0525,-16.8084,,2.8892,50.0,,6.7001,,,,,50.0,6.7001,143.8501,11.9521,18.224,120.0,-23.9385,210.0244,,559.7083,,6128.281,,
2026-08-26 18:56:09,42.474921,-82.8553322,,5.0151,158.7723,,-14.1291,0.0,-2.4701,2.7076,88.7557,0.2365,0.0619,,,,,,,,,,,,21.2584,13.4479,15.3794,18.7513,187.817,-16.1552,,1.9531,50.0,,6.8821,,,,,50.0,6.8821,146.4247,12.5681,18.8419,120.0,-27.6638,214.3278,,,,,,
2026-08-26 18:56:10,42.4748993,-82.8553203,14.0322,4.1209,156.2055,167.1266,-119.1007,0.0,-2.1283,0.2506,,,,,,,,,,,,,,,19.7325,14.2212,14.6582,19.312,188.9141,-16.2698,,,50.0,,7.1246,,,,,50.0,7.1246,149.8534,13.3883,19.6648,120.0,-30.4649,215.9348,,558.8256,,6118.4385,,
2026-08-26 18:56:11,42.4748796,-82.8553098,,4.6847,155.0538,165.4937,19.6811,0.0,-2.0549,-3.2621,88.3128,0.2358,0.0635,,,,,,,,,,,,17.8695,15.7066,13.6512,20.7545,190.5906,-16.436,,1.6663,50.0,,6.9867,,,,,50.0,6.9867,147.9028,12.9217,19.1967,120.0,-30.4084,215.8272,,,,,,
2026-08-26 18:56:12,42.4748613,-82.8552986,13.8353,4.1793,155.1054,164.7545,,0.0,,,88.0522,0.2353,0.0644,,,7.2154,17.5582,10.0,0.0015,48.092,16.7403,75.4682,0.0,0.0,20.4185,11.6526,16.1685,14.7776,182.7613,-16.2068,,2.0354,50.0,,7.0931,,,,,50.0,7.0931,149.4078,13.2817,19.5579,120.0,-32.7067,215.0464,,558.2871,,6112.533,,
2026-08-26 18:56:13,42.4748455,-82.8552891,,4.2181,155.3575,164.829,8.4672,0.0,-1.2869,3.1563,87.7922,0.2349,0.0653,,,,,,,,,,,,18.1191,9.5649,14.0394,12.3833,179.7662,-15.8401,,1.4331,50.0,,7.0116,,,,,50.0,7.0116,148.2561,13.0062,19.2815,120.0,-36.1436,214.794,,,,,,
2026-08-26 18:56:14,42.4748128,-82.8552736,13.8353,9.5443,151.0374,161.758,-167.7483,0.0,0.1009,0.5303,87.4996,0.2344,0.0663,,,,,,,,,,,,18.6776,-7.856,10.3454,-14.2865,162.3978,10.2639,,1.0745,-50.0,,6.5667,,,,,-50.0,6.5667,-141.964,11.5009,17.7714,-120.0,49.1382,112.8571,,557.8412,,6107.6117,,
2026-08-26 18:56:15,42.4748011,-82.8552653,,2.7797,150.2868,157.9364,-92.7195,0.0,-0.2557,-4.4013,87.0857,0.234,0.0678,,,,,,,,,,,,19.6364,7.3533,14.5799,9.926,172.9434,-9.5777,,3.7199,50.0,,6.7794,,,,,50.0,6.7794,144.9716,12.2204,18.4932,120.0,-43.5422,210.4127,,557.2838,,6101.7062,,
2026-08-26 18:56:16,42.4748146,-82.855321,13.6056,2.9741,142.0477,153.0261,-351.4305,0.0,-1.1646,0.7443,87.3543,0.2348,0.067,,,7.2155,17.5582,10.0,0.0017,48.092,16.7403,75.6411,0.0,0.0,16.6649,24.2776,13.8447,29.6638,187.3806,-21.8619,,1.5456,50.0,,6.8115,,,,,50.0,6.8115,145.4262,12.3292,18.6023,120.0,-29.0323,206.585,,,,,,
2026-08-26 18:56:17,42.4748116,-82.855279,13.8353,2.8963,136.9598,151.714,139.8544,0.0,-0.688,-2.1879,87.1787,0.2339,0.0674,,,,,,,,,,,,17.3868,22.3731,14.7416,26.6757,181.174,-24.7668,,1.8267,50.0,,6.9152,,,,,50.0,6.9152,146.8918,12.6798,18.954,120.0,-24.8443,203.1944,,557.6079,,6104.9871,,
2026-08-26 18:56:18,42.474796,-82.8552477,,3.2851,136.5874,150.0295,-58.868,0.0,-1.4933,-1.3781,87.0127,0.2327,0.0677,,,,,,,,,,,,15.6906,24.9936,12.8363,31.0955,185.0266,-24.8298,,2.1489,50.0,,6.7778,,,,,50.0,6.7778,144.9486,12.2149,18.4877,120.0,-21.3669,201.7719,,,,,,
2026-08-26 18:56:19,42.474788,-82.8552282,13.8025,3.3823,136.5416,,,0.0,,,86.773,0.2319,0.0684,,,,,,,,,,,,17.0404,24.8002,14.2338,30.1432,183.2526,-27.1216,,2.4625,,,,,,,,,,,,,,,,,557.9008,,6108.2679,,
2026-08-26 18:56:20,42.4747713,-82.8552074,,3.3045,139.011,151.6281,42.4218,0.0,-1.1724,0.4784,86.5137,0.2313,0.0692,,,7.2156,17.5582,10.0,0.0013,48.092,16.7403,76.5099,0.0,0.0,16.1788,25.1202,13.2306,31.2731,186.0714,-26.0387,,2.1211,50.0,,6.8396,,,,,50.0,6.8396,145.8225,12.424,18.6974,120.0,-20.5847,201.2746,,,,,,
2026-08-26 18:56:21,42.4747545,-82.8551922,13.7369,3.3823,141.0737,152.7797,46.193,0.0,-1.5138,-0.5131,86.2697,0.2306,0.07,,,,,,,,,,,,15.7512,24.2954,12.7661,30.5073,186.2628,-24.9673,,1.887,50.0,,6.7741,,,,,50.0,6.7741,144.8961,12.2024,18.4751,120.0,-19.3848,202.009,,557.5933,,6104.9871,,
2026-08-26 18:56:22,42.4747372,-82.8551769,13.8025,3.3045,144.626,155.0716,-13.7991,0.0,-0.7447,0.4658,86.0607,0.2302,0.0707,,,,,,,,,,,,16.4233,13.4329,13.2544,16.7291,173.8997,-12.6888,,1.928,50.0,,6.6992,,,,,50.0,6.6992,143.8372,11.949,18.2209,120.0,-19.8694,203.1888,,,,,,
2026-08-26 18:56:23,42.4747254,-82.8551672,,3.2268,144.4083,154.4413,-77.5074,0.0,-0.6752,-0.0286,85.7049,0.2297,0.0719,,,,,,,,,,,,16.0069,9.9583,12.9094,12.3817,169.0149,-11.2278,,1.4585,50.0,,6.6824,,,,,50.0,6.6824,143.5994,11.8921,18.1639,120.0,-26.9222,204.2069,,557.2263,,6101.0501,,
2026-08-26 18:56:24,42.4747021,-82.8551525,13.7369,3.0713,142.3857,152.201,1.272,0.0,0.0218,0.0442,85.4047,0.2292,0.0728,,,7.2157,17.5582,10.0,0.002,48.092,16.7403,76.6847,0.0,0.0,16.3934,11.0044,13.4265,13.4775,167.9764,-11.7033,,1.6358,50.0,,6.6524,,,,,50.0,6.6524,143.1753,11.7907,18.0621,120.0,-33.5279,204.0707,,,,,,
2026-08-26 18:56:25,42.474682,-82.8551381,,3.2657,142.3571,149.4967,,0.0,-0.7405,1.5403,85.1246,0.2286,0.0737,,,,,,,,,,,,,,,,,-16.5735,,1.5579,50.0,,6.7062,,,,,50.0,6.7062,143.9368,11.9729,18.2448,120.0,-35.5637,202.7225,,556.6871,,6095.1446,,
2026-08-26 18:56:26,42.4746655,-82.855121,13.8353,3.013,133.0752,147.8122,-178.6735,0.0,-0.2875,-1.0173,84.9674,0.2281,0.0741,,,,,,,,,,,,15.5033,18.7683,12.4867,23.5449,175.0776,-28.0842,,2.1585,50.0,,6.6299,,,,,50.0,6.6299,142.8573,11.7146,17.9858,120.0,-31.3048,200.0391,,,,,,
2026-08-26 18:56:27,42.4746532,-82.8551059,,3.4989,136.278,148.7862,57.5823,0.0,,,84.7878,0.2274,0.0746,,,,,,,,,,,,16.2257,25.1222,13.2796,31.2477,181.5543,-20.3665,,2.0907,50.0,,6.6645,,,,,50.0,6.6645,143.3469,11.8317,18.1033,120.0,-24.1442,198.5723,,556.5718,,6093.8322,,
2026-08-26 18:56:28,42.4746441,-82.8550913,13.8353,3.2462,137.8193,149.6113,23.8339,0.0,-0.517,-0.8283,84.6377,0.2268,0.0749,,,7.2157,17.5582,10.0,0.0034,48.092,16.7403,76.3301,0.0,0.0,16.5932,21.8884,13.623,27.0058,178.0738,-24.2167,,1.7175,50.0,,6.6603,,,,,50.0,6.6603,143.2867,11.8173,18.0888,120.0,-21.0684,198.7659,,,,,,
2026-08-26 18:56:29,42.4746348,-82.8550771,13.8353,3.0324,138.3235,151.5192,113.8479,,-0.8847,0.1511,84.4434,0.2262,0.0755,,,,,,,,,,,,15.7725,25.3249,12.8929,31.553,183.1051,-20.2633,,2.0983,50.0,,6.6737,,,,,50.0,6.6737,143.4765,11.8627,18.1344,120.0,-20.2588,199.384,,556.5369,,6093.5041,,
2026-08-26 18:56:30,42.4746228,-82.8550616,,3.3045,140.0767,,192.5998,0.0,-1.4812,1.1741,84.2673,0.2257,0.076,,,,,,,,,,,,15.7366,21.3662,12.6345,26.9865,180.8796,-19.805,,1.858,50.0,,6.6239,,,,,50.0,6.6239,142.7728,11.6944,17.9655,120.0,-21.7044,200.8801,,556.4485,,6092.5199,,
2026-08-26 18:56:31,42.4746109,-82.8550507,13.8353,2.9158,146.3735,154.9512,20.1074,0.0,-0.489,-0.4666,84.0808,0.2253,0.0765,,,,,,,,,,,,15.996,19.0826,12.994,23.7322,180.4222,,,1.5504,50.0,,6.6276,,,,,50.0,6.6276,142.8241,11.7067,17.9778,120.0,-23.507,203.2272,,,,,,
2026-08-26 18:56:32,42.474592,-82.8550364,,3.0518,143.7608,154.7564,-96.0988,0.0,-0.6005,1.3325,83.7798,0.2248,0.0775,,,7.2158,17.5582,10.0,0.0019,48.092,16.7403,77.0882,0.0,0.0,15.9815,10.221,13.0284,12.572,169.3485,-6.8848,,1.5414,50.0,,6.6464,,,,,50.0,6.6464,143.0899,11.7703,18.0416,120.0,-31.5485,204.0869,,556.1742,,6089.5671,,
2026-08-26 18:56:33,42.4745769,-82.8550241,13.8353,2.8963,142.2998,153.1808,,0.0,,,83.5262,0.2244,0.0782,,,,,,,,,,,,15.8915,13.5665,13.0104,16.6498,172.2895,-12.2419,,1.4895,50.0,,6.6224,,,,,50.0,6.6224,142.7509,11.6891,17.9602,120.0,-32.9124,203.731,,,,,,
2026-08-26 18:56:34,42.4745639,-82.8550111,,2.527,141.8529,152.1208,16.4324,0.0,-0.4011,-2.1292,83.3141,0.2239,0.0788,,,,,,,,,,,,16.1012,16.1647,13.281,19.7255,174.2517,-13.0326,,1.651,50.0,,6.6931,,,,,50.0,6.6931,143.7504,11.9283,18.2001,120.0,-32.6604,202.86,,555.8035,,6085.302,,
2026-08-26 18:56:35,42.4745545,-82.854998,14.0322,2.8963,135.4071,149.3936,-189.7877,0.0,-1.1487,2.4177,,,,,,,,,,,,,,,15.4283,20.5414,12.7673,25.0886,177.8962,-15.8401,,,50.0,,6.6125,,,,,50.0,6.6125,142.6114,11.6558,17.9267,120.0,-27.4356,201.0019,,,,,,
2026-08-26 18:56:36,42.4745449,-82.8549847,,3.0518,137.5041,149.1357,23.9955,0.0,-0.8746,1.2452,83.0849,0.2232,0.0794,,,7.2159,17.5582,10.0,0.0021,48.092,16.7403,76.2872,0.0,0.0,15.0958,30.793,12.6985,37.4873,188.8711,-28.2561,,1.5294,50.0,,6.7466,,,,,50.0,6.7466,144.5073,12.1093,18.3817,120.0,-23.1835,199.8155,,555.7878,,6085.302,,
2026-08-26 18:56:37,42.474539,-82.8549726,14.0322,2.6631,134.5534,149.4279,-13.4897,0.0,-0.785,-2.3558,82.9382,0.2227,0.0798,,,,,,,,,,,,17.063,24.9826,14.6256,29.5203,180.484,-22.6067,,1.7757,50.0,,6.8006,,,,,50.0,6.8006,145.2714,12.2921,18.5651,120.0,-18.8616,199.3376,,555.7796,,6084.9739,,
2026-08-26 18:56:38,42.4745312,-82.8549606,,2.9158,135.3269,150.6598,-28.4611,0.0,-1.1117,1.6411,82.8141,0.2222,0.0801,,,,,,,,,,,,15.0841,30.8253,12.7507,37.315,189.8114,-26.6747,,1.6491,50.0,,6.7659,,,,,50.0,6.7659,144.7804,12.1747,18.4473,120.0,-16.7059,200.154,,,,,,
2026-08-26 18:56:39,42.4745241,-82.8549493,14.0322,2.9935,137.6474,151.227,84.022,0.0,-0.9703,-1.6095,82.6766,0.2217,0.0804,,,,,,,,,,,,16.422,24.8967,13.9017,29.8218,182.846,-25.42,,1.7689,50.0,,6.782,,,,,50.0,6.782,145.0082,12.2292,18.502,120.0,-16.8946,200.4777,,555.7656,,6084.9739,,
2026-08-26 18:56:40,42.4745172,-82.8549378,,2.8186,138.4839,,9.0619,0.0,-0.8938,1.3103,82.5624,0.2213,0.0806,,,7.216,17.5582,10.0,0.0013,48.092,16.7403,76.7658,0.0,0.0,15.2658,25.6945,12.849,31.0056,184.7951,-24.5261,,1.7134,50.0,,6.7442,,,,,50.0,6.7442,144.4735,12.1013,18.3736,120.0,-18.9525,201.3427,,,,,,
2026-08-26 18:56:41,42.47451,-82.8549279,13.9665,2.6825,137.8995,152.1323,31.5791,0.0,-0.9231,-1.1096,82.3837,0.2207,0.0811,,,,,,,,,,,,16.0115,19.4443,13.4742,23.302,177.958,-20.5326,,1.5379,50.0,,6.7097,,,,,50.0,6.7097,143.9862,11.9847,18.2567,120.0,-20.947,202.1233,,555.7425,,6084.6459,,
2026-08-26 18:56:42,42.4745001,-82.8549163,14.0978,3.3628,140.5408,153.2954,,0.0,,,,,,,,,,,,,,,,,14.802,22.7681,12.2204,27.9536,184.3975,-22.0796,,,50.0,,6.7308,,,,,50.0,6.7308,144.2843,12.056,18.3282,120.0,-25.3109,203.1267,,555.7244,,6084.6459,,
2026-08-26 18:56:43,42.474491,-82.854907,,2.3909,139.7444,154.5674,9.0825,0.0,-0.7991,2.3621,82.1231,0.22,0.0817,,,,,,,,,,,,,,,,,-7.4062,,1.7612,,,,,,,,,,,,,,,,,555.6229,,6083.3335,,
2026-08-26 18:56:44,42.4744792,-82.8548971,14.1634,2.8574,141.1653,154.6762,20.3549,0.0,-0.3106,-1.9572,81.9832,0.2197,0.0821,,,7.216,17.3993,10.0,0.0038,48.092,16.7453,76.2063,0.0,0.0,16.5325,10.3156,13.9631,12.2408,169.0879,-10.397,,1.2754,50.0,,6.6876,,,,,50.0,6.6876,143.6728,11.9097,18.1815,120.0,-28.9613,204.0145,,555.5363,,6082.3493,,
2026-08-26 18:56:45,42.4744681,-82.8548851,14.0322,2.838,139.4407,153.9658,-35.866,0.0,-0.9771,0.5225,81.7593,0.2193,0.0828,,,,,,,,,,,,15.7763,13.4862,13.1843,16.204,173.4818,-11.1247,,1.4543,50.0,,6.776,,,,,50.0,6.776,144.9231,12.2088,18.4815,120.0,-33.972,204.4768,,,,,,
2026-08-26 18:56:46,42.4744583,-82.8548747,,2.1965,139.6527,154.8195,50.418,0.0,-0.9527,-0.6831,81.5897,0.2189,0.0832,,,,,,,,,,,,15.7802,15.402,13.1768,18.5459,175.1405,-11.9612,,1.5102,50.0,,6.6732,,,,,50.0,6.6732,143.4692,11.861,18.1326,120.0,-32.3445,204.1228,,555.346,,6080.3808,,
2026-08-26 18:56:47,42.4744485,-82.8548654,14.0978,2.216,137.4812,154.3955,-17.0547,0.0,-0.4694,1.4578,81.4315,0.2186,0.0837,,,,,,,,,,,,15.4428,16.3513,12.9384,19.6345,176.8668,-10.9929,,1.1568,50.0,,6.7013,,,,,50.0,6.7013,143.867,11.9562,18.2281,120.0,-31.6728,204.4642,,555.2615,,6079.3965,,
2026-08-26 18:56:48,42.474439,-82.8548552,,2.3715,140.3288,154.7507,27.9592,0.0,-1.1066,-1.1997,81.2672,0.2183,0.0841,,,7.2161,17.3993,10.0,0.0035,48.092,16.7453,76.5378,0.0,0.0,16.1084,16.2563,13.6583,19.2779,176.4371,-13.6571,,1.4839,50.0,,6.6721,,,,,50.0,6.6721,143.4547,11.8575,18.1291,120.0,-30.5197,204.4521,,,,,,
2026-08-26 18:56:49,42.4744305,-82.8548449,14.0322,2.7797,135.1034,153.7251,-17.01,0.0,-0.7891,-0.7144,81.1027,0.2179,0.0846,,,,,,,,,,,,14.8621,18.2754,12.6022,21.7044,178.7213,-14.2358,,0.9715,50.0,,6.7134,,,,,50.0,6.7134,144.0385,11.9972,18.2692,120.0,-30.4168,204.5964,,555.1038,,6077.7561,,
2026-08-26 18:56:50,42.4744215,-82.8548343,,2.4492,138.1688,,,0.0,,,80.9467,0.2176,0.085,,,,,,,,,,,,16.0006,19.018,13.6954,22.378,178.8353,-18.3554,,1.2046,50.0,,6.7204,,,,,50.0,6.7204,144.1373,12.0208,18.2929,120.0,-29.1546,204.0388,,,,,,
2026-08-26 18:56:51,42.4744137,-82.8548237,14.229,2.5076,136.7306,152.6136,-118.2172,0.0,-0.2958,2.1171,80.7888,0.2172,0.0854,,,,,,,,,,,,14.8524,20.263,12.5328,24.2317,179.514,-14.8489,,1.2975,50.0,,6.6194,,,,,50.0,6.6194,142.7093,11.6792,17.9502,120.0,-26.2334,203.1878,,555.0422,,6077.0999,,
2026-08-26 18:56:52,42.4744039,-82.8548086,14.0978,2.6436,135.4415,151.8573,9.2785,0.0,-0.4201,-1.6595,80.6253,0.2167,0.0858,,,7.2162,17.3993,10.0,0.001,48.092,16.7453,76.3307,0.0,0.0,15.3454,18.5349,13.0321,21.9817,176.4794,,,1.354,50.0,,6.7202,,,,,50.0,6.7202,144.1347,12.0202,18.2923,120.0,-28.5963,202.5516,,555.022,,6076.7718,,
2026-08-26 18:56:53,42.4743949,-82.8547977,,2.4881,135.43,151.8974,-24.4389,0.0,-1.1808,1.2747,80.4441,0.2162,0.0862,,,,,,,,,,,,12.7453,23.3638,10.4917,28.7996,183.7652,-18.4986,,1.4905,49.886,,6.4201,,,,,49.886,6.4201,140.0,11.0048,17.2681,120.0,-26.1668,202.0098,,555.032,,6076.7718,,
2026-08-26 18:56:54,42.4743857,-82.8547854,14.229,2.5464,137.1947,152.6422,129.3177,0.0,-0.2084,-2.205,80.28,0.2158,0.0866,,,,,,,,,,,,13.1045,18.1438,10.5701,22.71,178.4744,-19.5872,,1.4265,46.336,,6.1778,,,,,46.336,6.1778,140.0,10.189,16.2741,120.0,-20.4667,198.4756,,554.9824,,6076.4438,,
2026-08-26 18:56:55,42.4743782,-82.8547741,14.229,2.5464,135.2238,153.0834,-73.169,0.0,-0.6022,0.691,80.1287,0.2154,0.0869,,,,,,,,,,,,11.1994,23.5342,8.789,30.5841,187.3871,-20.6701,,1.3751,43.2853,,5.9696,,,,,43.2853,5.9696,140.0,9.4879,15.4199,120.0,-16.9664,196.0655,,554.9368,,6075.7876,,
2026-08-26 18:56:56,42.4743697,-82.8547649,,2.3132,137.9854,154.3611,-20.6437,0.0,-0.5316,-0.7148,79.9928,0.215,0.0873,,,7.2163,17.3993,10.0,0.0024,48.092,16.7453,75.8102,0.0,0.0,13.8809,15.6317,11.4572,19.0537,176.016,-17.1293,,1.4742,44.8823,,6.0786,,,,,44.8823,6.0786,140.0,9.8549,15.867,120.0,-23.4404,198.1732,,,,,,
2026-08-26 18:56:57,42.4743618,-82.8547563,14.0978,2.3909,138.2146,153.7308,,0.0,-0.1358,-1.498,79.8379,0.2147,0.0876,,,,,,,,,,,,13.6714,17.2691,11.2846,21.0786,178.0713,-20.4811,,1.4729,45.7206,,6.1358,,,,,45.7206,6.1358,140.0,10.0476,16.1018,120.0,-22.8933,199.4811,,554.8513,,6074.8033,,
2026-08-26 18:56:58,42.4743543,-82.8547469,,2.4492,139.8934,154.5559,95.6141,0.0,0.0804,-0.0156,79.6977,0.2144,0.088,,,,,,,,,,,,13.5805,15.2013,11.3147,18.3438,175.2908,-17.9887,,1.3002,48.0338,,6.2937,,,,,48.0338,6.2937,140.0,10.5792,16.7495,120.0,-27.8861,202.1192,,,,,,
2026-08-26 18:56:59,42.4743454,-82.8547387,14.0978,2.1965,140.5179,155.3122,43.1506,0.0,,,79.5563,0.2141,0.0884,,,,,,,,,,,,12.9349,14.9709,10.7327,18.1396,176.1922,-15.863,,1.1872,46.8059,,6.2099,,,,,46.8059,6.2099,140.0,10.297,16.4057,120.0,-27.2308,201.5665,,554.7178,,6073.491,,
2026-08-26 18:57:00,42.4743351,-82.8547308,,2.4492,140.5637,155.593,-24.3255,0.0,0.5628,0.7941,79.4066,0.2138,0.0888,,,7.2163,17.3993,10.0,0.0035,48.092,16.7453,75.7287,0.0,0.0,14.3306,8.8327,12.1821,10.4065,168.3837,-9.1365,,1.0808,47.5396,,6.2599,,,,,47.5396,6.2599,140.0,10.4656,16.6111,120.0,-31.5974,202.7143,,554.6194,,6072.5068,,
2026-08-26 18:57:01,42.474324,-82.8547224,14.1634,2.1577,135.7795,,,0.0,,,79.2396,0.2136,0.0892,,,,,,,,,,,,14.0415,11.743,11.9419,13.8455,171.6087,-12.1044,,1.0662,49.0593,,6.3637,,,,,49.0593,6.3637,140.0,10.8149,17.0366,120.0,-35.7797,204.3484,,,,,,
2026-08-26 18:57:02,42.4743159,-82.8547149,,1.5745,134.456,155.0486,1.9389,0.0,0.091,-0.5594,79.0529,0.2134,0.0898,,,,,,,,,,,,13.9638,12.2771,12.0788,14.2306,171.9405,-12.2648,,1.1458,48.7868,,6.3451,,,,,48.7868,6.3451,140.0,10.7522,16.9603,120.0,-33.6867,203.8378,,554.3826,,6069.8821,,
2026-08-26 18:57:03,42.4743079,-82.8547071,14.1634,1.9827,136.8968,155.4554,95.7,0.0,0.4776,-2.4483,78.9053,0.2132,0.0902,,,,,,,,,,,,12.4523,16.0941,10.5469,19.1048,177.6682,-12.5685,,1.1685,48.2284,,6.307,,,,,48.2284,6.307,140.0,10.6239,16.804,120.0,-32.6559,203.5499,,,,,,
2026-08-26 18:57:04,42.4742994,-82.8546989,,1.7883,135.2467,154.4069,-144.2822,0.0,-0.168,1.4287,78.7613,0.2129,0.0906,,,7.2164,17.3993,10.0,0.0017,48.092,16.7453,75.469,0.0,0.0,,,,,,-11.5257,,1.0512,48.3212,,6.3133,,,,,48.3212,6.3133,140.0,10.6452,16.8299,120.0,-31.5729,203.2837,,554.2199,,6067.9136,,
2026-08-26 18:57:05,42.4742922,-82.8546911,14.229,1.905,135.7566,154.8481,54.4711,0.0,-0.399,-1.0078,78.6098,0.2127,0.091,,,,,,,,,,,,14.0227,14.4576,12.2328,16.6302,174.186,-15.4161,,1.0286,48.7878,,6.3451,,,,,48.7878,6.3451,140.0,10.7525,16.9606,120.0,-30.821,203.67,,,,,,
2026-08-26 18:57:06,42.4742858,-82.8546839,,,,154.5387,13.2353,0.0,-0.1997,-0.3745,78.4701,0.2124,0.0913,,,,,,,,,,,,12.9527,16.0188,11.1366,18.7205,176.0919,-13.5826,,1.0101,49.1433,,6.3694,,,,,49.1433,6.3694,140.0,10.8342,17.0601,120.0,-30.1021,203.7444,,554.0938,,6066.6012,,
2026-08-26 18:57:07,,,14.1634,1.8078,135.7967,153.2725,-87.9994,0.0,-1.1802,1.2152,78.3044,0.212,0.0917,,,,,,,,,,,,13.5363,19.3615,11.8343,22.2846,178.653,-15.2098,,1.0729,,,,,,,,,,,,,,,,,554.0834,,6066.6012,,
2026-08-26 18:57:08,42.4742802,-82.8546749,,1.8855,130.1302,153.2094,-1.7326,0.0,-0.1156,-0.7474,78.1756,0.2117,0.092,,,7.2165,17.3993,10.0,0.0036,48.092,16.7453,76.4869,0.0,0.0,14.1785,16.9728,12.4257,19.4568,175.5931,-15.9318,,1.0636,48.8408,,6.3488,,,,,48.8408,6.3488,140.0,10.7646,16.9754,120.0,-27.4212,202.6111,,554.098,,6066.6012,,
2026-08-26 18:57:09,42.4742732,-82.8546645,14.0978,1.7883,130.4797,151.7942,-50.4867,0.0,-1.4001,2.1087,78.0784,0.2113,0.0922,,,,,,,,,,,,12.9602,20.6243,11.2908,23.8485,179.1056,-16.436,,1.1539,49.4855,,6.3928,,,,,49.4855,6.3928,140.0,10.9128,17.1559,120.0,-28.6975,202.8047,,,,,,
2026-08-26 18:57:10,42.4742685,-82.8546558,14.393,1.5356,127.4659,151.8687,,0.0,-0.0464,-0.2029,78.0018,0.211,0.0923,,,,,,,,,,,,15.1025,15.605,13.6344,17.3356,171.7312,-17.6277,,0.7281,48.9351,,6.3552,,,,,48.9351,6.3552,140.0,10.7863,17.0018,120.0,-25.9498,201.4578,,554.1301,,6066.9293,,
2026-08-26 18:57:11,42.4742654,-82.8546482,,1.5551,127.3456,,-9.1994,0.0,,,77.9107,0.2107,0.0924,,,,,,,,,,,,13.9035,25.3383,12.515,28.3882,182.4194,-21.5009,,1.1467,50.0,,6.6029,,,,,50.0,6.6029,142.475,11.6231,17.894,120.0,-29.0903,202.1478,,,,,,
2026-08-26 18:57:12,42.4742606,-82.8546393,14.2946,1.6328,129.4312,150.9692,-72.9731,0.0,-0.2463,0.1046,77.8429,0.2103,0.0925,,,7.2166,17.3993,10.0,0.0027,48.092,16.7453,75.7766,0.0,0.0,14.3877,24.506,12.8794,27.6043,180.8341,-26.6575,,0.6849,50.0,,6.6252,,,,,50.0,6.6252,142.7903,11.6986,17.9697,120.0,-23.9912,201.6129,,554.23,,6068.2417,,
2026-08-26 18:57:13,42.4742567,-82.8546278,,1.905,128.7551,150.2415,-57.9363,0.0,-0.3425,0.5912,77.7489,0.2099,0.0926,,,,,,,,,,,,13.6986,31.5819,12.0251,36.6267,189.1312,-28.0842,,1.1987,50.0,,6.6132,,,,,50.0,6.6132,142.6207,11.658,17.929,120.0,-22.5904,200.829,,,,,,
2026-08-26 18:57:14,42.4742514,-82.8546158,14.229,1.73,127.8441,149.7774,-20.4408,0.0,-1.0943,0.7519,77.6452,0.2095,0.0928,,,,,,,,,,,,14.1602,30.5979,12.4224,35.4658,187.5453,-27.8894,,1.4034,50.0,,6.5122,,,,,50.0,6.5122,141.1925,11.3163,17.5862,120.0,-16.8822,200.1797,,554.4089,,6070.2102,,
2026-08-26 18:57:15,42.4742465,-82.854604,,2.0605,127.0763,150.0238,65.7847,0.0,-0.9714,1.078,77.5353,0.2091,0.093,,,,,,,,,,,,14.1866,28.4665,12.47,32.8376,185.4274,,,1.3986,50.0,,6.4987,,,,,50.0,6.4987,141.0015,11.2706,17.5404,120.0,-15.8138,199.7134,,554.497,,6071.1944,,
2026-08-26 18:57:16,42.4742416,-82.8545941,14.229,2.2549,131.236,149.7889,-12.9672,0.0,-1.6048,1.0389,77.4382,0.2088,0.0931,,,7.2166,17.3993,10.0,0.0015,48.092,16.7453,76.7187,0.0,0.0,13.927,28.1453,12.0143,33.1481,185.5235,-26.1247,,1.2661,50.0,,6.5366,,,,,50.0,6.5366,141.5371,11.3988,17.6689,120.0,-17.5845,200.0835,,,,,,
2026-08-26 18:57:17,42.4742369,-82.8545824,14.2946,1.9244,124.8819,150.1499,84.5136,0.0,-0.7877,-2.3461,77.3363,0.2083,0.0933,,,,,,,,,,,,14.9623,24.1132,13.0824,27.856,180.5861,-26.1247,,1.3004,50.0,,6.468,,,,,50.0,6.468,140.5679,11.1669,17.4363,120.0,-16.5316,199.918,,554.5945,,6072.1787,,
2026-08-26 18:57:18,42.4742318,-82.8545728,,2.4492,132.485,150.7171,,0.0,,,77.2092,0.2079,0.0935,,,,,,,,,,,,13.6744,25.5184,11.6103,30.4901,184.1828,-27.7576,,1.4671,50.0,,6.5513,,,,,50.0,6.5513,141.7456,11.4487,17.719,120.0,-19.7948,200.4855,,,,,,
2026-08-26 18:57:19,42.4742267,-82.8545605,14.2946,2.0799,128.6806,150.7858,-27.9523,0.0,-0.3831,2.1487,77.1121,0.2075,0.0936,,,,,,,,,,,,16.1148,26.1865,14.2304,29.9823,182.9692,-25.7752,,1.272,50.0,,6.4307,,,,,50.0,6.4307,140.0405,11.0407,17.3097,120.0,-19.9306,200.5407,,554.6902,,6073.1629,,
2026-08-26 18:57:20,42.4742214,-82.8545506,14.229,2.352,134.0148,152.8829,88.2745,0.0,-0.7588,0.8036,76.9763,0.2072,0.0939,,,7.2167,17.3993,10.0,0.0007,48.092,16.7453,75.9032,0.0,0.0,13.651,27.8334,11.5134,33.6134,188.2488,-27.6029,,1.2476,50.0,,6.6256,,,,,50.0,6.6256,142.7958,11.6999,17.971,120.0,-19.5523,201.0659,,,,,,
2026-08-26 18:57:21,42.4742137,-82.85454,,2.2549,138.1745,154.1376,170.7941,0.0,-0.4116,-0.3839,76.8347,0.2068,0.0942,,,,,,,,,,,,13.8187,19.8871,11.6891,23.7121,179.2275,-25.7752,,1.1308,49.5305,,6.3958,,,,,49.5305,6.3958,140.0,10.9231,17.1685,120.0,-17.6075,201.8111,,554.6305,,6072.5068,,
2026-08-26 18:57:22,42.474207,-82.8545299,14.229,2.4492,139.8017,,65.8053,0.0,-0.2369,0.973,76.7012,0.2065,0.0945,,,,,,,,,,,,12.9702,21.4832,10.7483,26.2273,183.9742,-20.8248,,1.2127,48.7633,,6.3435,,,,,48.7633,6.3435,140.0,10.7468,16.9537,120.0,-22.0075,202.5705,,554.6036,,6072.1787,,
2026-08-26 18:57:23,42.4742,-82.8545217,,2.1771,141.8128,155.7305,,0.0,,,76.5718,0.2064,0.0949,,,,,,,,,,,,,,,,,-18.4069,,0.8648,47.3703,,6.2484,,,,,47.3703,6.2484,140.0,10.4267,16.5637,120.0,-22.4797,202.6436,,,,,,
2026-08-26 18:57:24,42.4741925,-82.8545153,14.2946,2.1577,141.5721,155.9024,-9.196,0.0,-0.7246,0.991,76.4086,0.2062,0.0953,,,7.2168,17.3993,10.0,0.0008,48.092,16.7453,75.8485,0.0,0.0,13.3864,16.2124,11.2562,19.3925,177.9024,-16.0234,,0.8904,47.0461,,6.2263,,,,,47.0461,6.2263,140.0,10.3522,16.4729,120.0,-24.9173,202.374,,554.4525,,6070.5383,,
2026-08-26 18:57:25,42.4741846,-82.8545081,,2.1382,140.2601,154.9341,73.3203,0.0,0.259,-1.8459,76.2538,0.206,0.0957,,,,,,,,,,,,13.9625,14.0122,11.9061,16.4961,173.6708,-16.8199,,0.9876,48.8497,,6.3494,,,,,48.8497,6.3494,140.0,10.7667,16.9779,120.0,-30.4149,203.9024,,554.4031,,6069.8821,,
2026-08-26 18:57:26,42.4741776,-82.8545008,14.2946,2.0605,135.8139,153.3126,-95.4422,0.0,-1.647,2.9993,76.0989,0.2057,0.096,,,,,,,,,,,,12.3467,19.1832,10.3887,22.987,179.673,-17.4215,,0.9446,46.6454,,6.1989,,,,,46.6454,6.1989,140.0,10.2601,16.3607,120.0,-25.3705,200.6321,,,,,,
2026-08-26 18:57:27,42.4741704,-82.8544923,,1.8272,129.2192,153.2897,114.556,0.0,0.0406,-3.9091,,,,,,,,,,,,,,,14.0331,15.0274,12.218,17.3255,172.9225,-20.1487,,,49.5601,,6.3979,,,,,49.5601,6.3979,140.0,10.93,17.1768,120.0,-30.9289,202.9819,,554.3302,,6069.2259,,
2026-08-26 18:57:28,42.4741651,-82.8544841,14.3274,1.9633,129.3739,151.2958,-200.455,0.0,-1.0596,1.9696,75.9299,0.2053,0.0964,,,7.2169,17.3993,10.0,0.0028,48.092,16.7453,74.5022,0.0,0.0,12.1691,24.2979,10.3183,29.0315,184.8998,-19.2778,,1.2061,46.5565,,6.1928,,,,,46.5565,6.1928,140.0,10.2397,16.3358,120.0,-23.0166,199.1856,,,,,,
2026-08-26 18:57:29,42.4741614,-82.8544755,,1.2246,124.8876,151.3531,-12.9328,0.0,0.1271,-2.5349,75.8435,0.205,0.0965,,,,,,,,,,,,13.5496,19.3024,12.1138,21.6993,175.3572,-25.6434,,0.7929,49.2839,,6.379,,,,,49.2839,6.379,140.0,10.8665,17.0995,120.0,-26.4196,200.8971,,554.4374,,6070.5383,,
2026-08-26 18:57:30,42.4741584,-82.8544656,14.2946,1.905,125.3288,149.2961,,0.0,,,75.7588,0.2046,0.0966,,,,,,,,,,,,12.8577,28.733,11.3018,33.1552,186.5004,-21.627,,1.2401,49.1527,,6.37,,,,,49.1527,6.37,140.0,10.8363,17.0628,120.0,-20.5668,199.5767,,554.4724,,6070.8663,,
2026-08-26 18:57:31,42.4741547,-82.8544564,,1.7689,125.3804,149.766,-76.6858,0.0,-1.448,-0.6182,75.6727,0.2043,0.0967,,,,,,,,,,,,14.65,25.2245,13.063,28.551,180.3116,-28.3879,,1.1743,50.0,,6.5123,,,,,50.0,6.5123,141.1941,11.3167,17.5866,120.0,-20.8417,199.8158,,,,,,
2026-08-26 18:57:32,42.4741486,-82.8544455,14.3274,2.0216,128.1936,,39.596,0.0,0.1446,0.3354,75.5521,0.2039,0.0969,,,7.217,17.3993,10.0,0.0032,48.092,16.7453,75.6355,0.0,0.0,13.0261,28.5341,11.3208,33.3421,185.9577,-25.7122,,1.1896,,,,,,,,,,,,,,,,,554.5875,,6072.1787,,
2026-08-26 18:57:33,42.4741427,-82.8544351,14.3274,2.1188,130.5198,150.2931,65.826,0.0,-0.9712,-1.186,75.4325,0.2036,0.0972,,,,,,,,,,,,14.3079,25.5756,12.443,29.7625,183.1036,-26.5659,,1.5911,49.4759,,6.3921,,,,,49.4759,6.3921,140.0,10.9106,17.1532,120.0,-17.9812,199.5592,,,,,,
2026-08-26 18:57:34,42.4741385,-82.854426,,1.5939,129.6546,151.9146,62.0754,0.0,-0.1463,0.7095,75.2902,0.2032,0.0974,,,,,,,,,,,,14.1254,20.3851,12.3938,23.3905,178.5171,-17.9715,,1.2081,49.9193,,6.4224,,,,,49.9193,6.4224,140.0,11.0125,17.2774,120.0,-18.988,200.6384,,554.5821,,6071.8506,,
2026-08-26 18:57:35,42.4741312,-82.8544178,14.393,1.7689,137.7047,154.0803,88.3192,0.0,-1.1306,-0.3126,75.1926,0.2029,0.0976,,,,,,,,,,,,13.4796,19.4417,11.6872,22.5751,178.9692,-20.355,,0.9348,50.0,,6.4481,,,,,50.0,6.4481,140.2867,11.0996,17.3688,120.0,-23.065,202.2821,,,,,,
2026-08-26 18:57:36,42.4741249,-82.8544115,,2.1188,136.9885,155.5357,58.3076,0.0,-0.5565,-0.4761,75.0473,0.2027,0.0979,,,7.217,17.3993,10.0,0.003,48.092,16.7453,75.6383,0.0,0.0,14.2691,15.6433,12.4389,18.0183,176.0819,-17.4501,,1.0258,49.7505,,6.4108,,,,,49.7505,6.4108,140.0,10.9737,17.2301,120.0,-25.9724,203.6052,,554.4894,,6070.8663,,
2026-08-26 18:57:37,42.4741184,-82.8544056,14.2946,1.6523,137.7161,156.4237,9.5604,0.0,-0.1926,1.0164,74.9317,0.2026,0.0982,,,,,,,,,,,,13.4472,15.3097,11.8284,17.4679,176.1339,,,0.7959,50.0,,6.4625,,,,,50.0,6.4625,140.49,11.1483,17.4176,120.0,-29.4646,205.3536,,554.386,,6069.8821,,
2026-08-26 18:57:38,42.4741123,-82.8544,,1.2829,137.7391,156.3607,,0.0,,,74.8107,0.2024,0.0985,,,,,,,,,,,,14.342,11.8481,12.9353,13.1585,171.417,-15.8229,,0.7727,50.0,,6.4283,,,,,50.0,6.4283,140.0063,11.0325,17.3015,120.0,-31.4422,206.0643,,,,,,
2026-08-26 18:57:39,42.4741043,-82.8543934,14.2946,1.4773,134.5305,155.8451,-1.6639,0.0,0.5799,-1.0458,74.7171,0.2023,0.0987,,,,,,,,,,,,13.1745,17.1325,11.7362,19.3104,177.4774,-14.1613,,0.6129,50.0,,6.5304,,,,,50.0,6.5304,141.4499,11.3779,17.648,120.0,-34.2204,206.1672,,554.2788,,6068.5697,,
2026-08-26 18:57:40,42.4740996,-82.8543877,,1.3801,130.1646,154.7106,-76.6824,0.0,-0.4401,1.6248,74.5679,0.2021,0.0991,,,7.2171,17.3993,10.0,0.0008,48.092,16.7453,75.0755,0.0,0.0,,,,,,-17.261,,0.7653,50.0,,6.4552,,,,,50.0,6.4552,140.3869,11.1236,17.3929,120.0,-32.7129,205.8121,,,,,,
2026-08-26 18:57:41,42.4740934,-82.8543793,14.2946,1.5356,132.0267,153.1178,20.8362,0.0,-0.8934,-1.4115,74.4519,0.2019,0.0994,,,,,,,,,,,,14.7861,16.607,13.4376,18.3299,175.4147,-17.3355,,0.7711,50.0,,6.613,,,,,50.0,6.613,142.6183,11.6574,17.9284,120.0,-31.4063,205.0755,,554.1906,,6067.5855,,
2026-08-26 18:57:42,42.4740885,-82.8543692,,1.6328,126.5205,152.6021,-42.91,0.0,-0.8533,0.4526,74.3308,0.2016,0.0996,,,,,,,,,,,,13.0472,29.8071,11.6854,33.7113,189.5874,-28.1702,,0.9263,50.0,,6.4664,,,,,50.0,6.4664,140.5455,11.1615,17.4309,120.0,-23.4,203.6403,,554.2473,,6068.2417,,
2026-08-26 18:57:43,42.4740837,-82.8543583,14.229,2.5464,128.1993,,-9.141,0.0,-0.6608,0.7711,74.2213,0.2013,0.0998,,,,,,,,,,,,14.3673,26.628,12.93,29.8689,184.829,-28.0842,,0.8821,50.0,,6.5471,,,,,50.0,6.5471,141.6867,11.4346,17.7048,120.0,-20.6376,202.9629,,554.2892,,6068.8978,,
2026-08-26 18:57:44,42.4740799,-82.8543479,,2.0216,129.6546,152.5276,107.1236,,-1.2639,-0.6645,74.0508,0.2007,0.1,,,7.2172,17.3993,10.0,0.0026,48.092,16.7453,75.9779,0.0,0.0,13.4364,29.9381,11.7399,34.8328,190.0699,-28.0842,,1.1613,50.0,,6.4492,,,,,50.0,6.4492,140.3021,11.1033,17.3725,120.0,-17.6068,202.7151,,,,,,
2026-08-26 18:57:45,42.4740731,-82.8543371,14.229,2.041,130.749,154.2179,,0.0,,,,,,,,,,,,,,,,,14.4264,24.971,12.4957,29.1691,184.9683,-27.9753,,,50.0,,6.4634,,,,,50.0,6.4634,140.5031,11.1514,17.4207,120.0,-19.3663,203.5738,,554.3746,,6069.8821,,
2026-08-26 18:57:46,42.4740659,-82.8543299,14.2946,1.7689,135.453,156.0169,35.8729,0.0,-0.371,1.688,73.8362,0.2002,0.1004,,,,,,,,,,,,13.3524,17.9805,11.3499,21.2942,180.0487,-9.1193,,1.1304,49.5479,,6.397,,,,,49.5479,6.397,140.0,10.9271,17.1734,120.0,-26.8147,204.7263,,554.3237,,6069.2259,,
2026-08-26 18:57:47,42.4740604,-82.8543225,,1.9633,138.8105,158.3718,178.3812,0.0,-0.5177,0.3053,73.7006,0.2001,0.1007,,,,,,,,,,,,14.1358,17.0422,12.3056,19.6737,179.3491,-24.0219,,0.8425,49.9384,,6.4237,,,,,49.9384,6.4237,140.0,11.0169,17.2828,120.0,-29.4829,207.0531,,,,,,
2026-08-26 18:57:48,42.4740554,-82.8543161,14.3274,2.0799,142.4258,159.3745,107.1408,0.0,0.1185,0.4037,73.5748,0.1999,0.101,,,7.2173,17.3993,10.0,0.0019,48.092,16.7453,75.9461,0.0,0.0,13.8437,17.1645,11.9806,19.9385,181.3682,-19.106,,0.8199,49.7652,,6.4118,,,,,49.7652,6.4118,140.0,10.9771,17.2342,120.0,-29.3442,207.9996,,554.1601,,6067.2574,,
2026-08-26 18:57:49,42.4740507,-82.8543098,,1.7495,142.4602,161.0017,-1.6089,0.0,1.0106,-1.0848,73.4846,0.1997,0.1012,,,,,,,,,,,,13.1153,16.225,11.277,18.9629,181.4652,-4.4325,,0.7076,49.1745,,6.3715,,,,,49.1745,6.3715,140.0,10.8413,17.0689,120.0,-32.7346,209.0426,,554.1191,,6066.9293,,
2026-08-26 18:57:50,42.4740401,-82.8542952,14.393,6.5313,142.4373,160.5605,-12.84,0.0,-0.2805,1.8729,73.437,0.1993,0.1012,,,,,,,,,,,,13.7469,-10.4007,11.7455,-12.1981,151.9221,7.0266,,0.6053,45.5659,,6.1252,,,,,45.5659,6.1252,140.0,10.012,16.0585,120.0,-45.106,206.0525,,,,,,
2026-08-26 18:57:51,42.4740259,-82.8542936,,0.933,130.5141,158.9276,-87.8516,0.0,1.2053,-2.8711,73.2004,0.199,0.1017,,,,,,,,,,,,13.0086,3.8705,10.3707,4.8571,169.6848,-2.5074,,0.6546,45.4686,,6.1186,,,,,45.4686,6.1186,140.0,9.9897,16.0312,120.0,-42.8761,205.4495,,554.1186,,6066.9293,,
2026-08-26 18:57:52,42.4740127,-82.8542853,14.393,1.6328,134.2497,157.392,-132.8311,0.0,-0.5616,0.8379,72.7429,0.1992,0.1032,,,7.2173,17.3993,10.0,0.0027,48.092,16.7453,74.8948,0.0,0.0,12.6062,1.7473,11.5061,1.9144,163.1244,-6.6384,,0.3672,45.2758,,6.1054,,,,,45.2758,6.1054,140.0,9.9454,15.9772,120.0,-40.5127,204.3268,,553.7921,,6063.3204,,
2026-08-26 18:57:53,42.4740075,-82.8542803,,1.2246,119.6966,,-24.0608,0.0,,,,,,,,,,,,,,,,,11.3914,28.992,10.0029,33.5018,193.5797,-20.1717,,,43.4231,,5.979,,,,,43.4231,5.979,140.0,9.5196,15.4585,120.0,-21.6562,200.8972,,,,,,
2026-08-26 18:57:54,42.4740051,-82.8542767,14.393,1.4384,129.2364,156.418,,0.0,0.1858,-0.5587,72.6032,0.199,0.1035,,,,,,,,,,,,12.9014,31.7729,11.8528,34.9693,193.3505,-20.355,,0.8151,47.0448,,6.2262,,,,,47.0448,6.2262,140.0,10.3519,16.4725,120.0,-16.45,203.0888,,553.603,,6061.3519,,
2026-08-26 18:57:55,42.4740029,-82.8542691,,1.6911,122.0858,153.7824,-162.7911,0.0,-0.8938,1.5012,72.546,0.1989,0.1036,,,,,,,,,,,,14.8155,32.6893,13.5859,36.0834,192.0146,-22.7213,,0.7609,,,,,,,,,,,,,,,,,,,,,
2026-08-26 18:57:56,42.4739996,-82.8542621,14.2946,1.6911,128.0503,152.7339,-46.5471,0.0,-0.0262,-0.5413,72.4823,0.1986,0.1036,,,7.2174,17.3993,10.0,0.0018,48.092,16.7453,76.2851,0.0,0.0,14.5492,27.3686,13.0903,30.727,185.9613,-15.5536,,1.0916,50.0,,6.5832,,,,,50.0,6.5832,142.1961,11.5564,17.8271,120.0,-15.8979,204.1455,,553.7563,,6062.9923,,
2026-08-26 18:57:57,42.4739956,-82.8542532,,,,151.6854,-106.5633,0.0,-0.2035,1.3176,72.392,0.1984,0.1038,,,,,,,,,,,,15.0153,21.6998,13.4896,24.3031,178.7917,-13.2675,,0.9609,50.0,,6.6462,,,,,50.0,6.6462,143.0874,11.7696,18.041,120.0,-17.9038,203.2792,,,,,,
2026-08-26 18:57:58,,,14.3274,1.4968,124.6756,151.3645,-5.3388,0.0,0.1922,-1.2068,72.2984,0.1981,0.1039,,,,,,,,,,,,14.6147,5.2841,12.7413,6.0638,160.872,,,0.9411,50.0,,6.7624,,,,,50.0,6.7624,144.7307,12.1628,18.4354,120.0,-23.3741,202.0723,,553.8544,,6063.9766,,
2026-08-26 18:57:59,42.4739923,-82.8542501,,4.2376,144.1734,149.193,-91.5884,0.0,-0.6972,0.2276,72.0951,0.1988,0.1049,,,,,,,,,,,,13.607,5.6809,5.1284,15.2267,122.0954,4.5687,,2.121,50.0,,6.6082,,,,,50.0,6.6082,142.5506,11.6412,17.9122,120.0,-34.2894,201.197,,531.6256,,6062.9923,,
2026-08-26 18:58:00,42.47394736971067,-82.8542612613269,14.393,4.0432,210.8084,146.185,-117.8253,0.0,0.6412,-0.8332,71.541,0.1994,0.1068,,,7.2175,17.3993,10.0,0.0025,48.092,16.7453,75.345,0.0,0.0,13.8109,9.7194,11.4156,11.7854,148.321,-8.3687,,-2.897,40.0,,5.5361,,,,,40.0,5.5361,138.179,8.2897,13.7534,120.0,-25.7808,189.5272,,,,,,
2026-08-26 18:58:01,42.47394147507606,-82.8542513786679,,1.7883,189.3282,143.5379,-147.8197,0.0,-2.1205,1.8299,71.4378,0.1991,0.107,,,,,,,,,,,,13.8876,32.8282,12.4676,37.1473,175.9222,1.9388,,-0.7004,42.8163,,5.9376,,,,,42.8163,5.9376,140.0,9.3801,15.2886,120.0,-28.9208,190.4553,,530.5979,,6051.5094,,
2026-08-26 18:58:02,42.473941428703746,-82.85424731560755,14.3274,1.2246,146.5225,140.4669,,0.0,,,71.4216,0.1989,0.1069,,,,,,,,,,,,,,,,,-28.8863,,-0.0417,47.8232,,6.2793,,,,,47.8232,6.2793,140.0,10.5308,16.6905,120.0,-22.7408,192.8006,,,,,,
2026-08-26 18:58:03,42.4739493,-82.8542347,,1.9633,111.3945,,69.6763,0.0,-1.3221,-2.1483,71.4781,0.1982,0.1063,,,,,,,,,,,,15.3089,39.5904,13.8924,44.6098,186.5658,-29.064,,1.455,50.0,,6.6175,,,,,50.0,6.6175,142.6821,11.6727,17.9437,120.0,-10.8481,192.2054,,531.1699,,6057.743,,
2026-08-26 18:58:04,42.4739497,-82.8542192,14.2946,2.4687,109.0281,141.9336,32.2014,0.0,-2.8092,1.7149,71.4309,0.1975,0.1062,,,7.2176,17.3993,10.0,0.0018,48.092,16.7453,75.8718,0.0,0.0,14.6714,45.0835,13.2001,51.9122,195.271,-29.8203,1.5456,1.8884,50.0,10.3923,6.6749,9.1943,0.2396,6.68,0.2314,50.0,6.6749,143.4938,11.8669,18.1385,120.0,-3.8612,192.0019,,,,,,
2026-08-26 18:58:05,42.47395,-82.8542003,,2.3132,110.5579,145.8183,260.8975,0.0,-1.449,0.2023,71.3421,0.1967,0.106,,,,,,,,,,,,16.0823,39.0642,14.2828,45.2013,192.1339,-29.7974,1.5884,2.1696,50.0,10.5434,6.8301,9.8807,0.2378,6.7772,0.2344,50.0,6.8301,145.6885,12.3919,18.6652,120.0,-3.1444,194.4299,,531.601,,6062.6642,,
2026-08-26 18:58:06,42.4739499,-82.8541875,14.393,2.3132,120.0003,149.405,110.8845,0.0,-1.0986,0.2154,71.2701,0.1961,0.1058,,,,,,,,,,,,17.1077,32.6166,15.193,37.3689,188.6203,-22.5781,,1.6134,50.0,,7.0427,,,,,50.0,7.0427,148.6954,13.1113,19.3869,120.0,-7.9942,196.9679,,,,,,
2026-08-26 18:58:07,42.4739476,-82.8541722,,2.2937,125.1913,151.8114,80.873,0.0,-1.5019,1.1898,71.1926,0.1956,0.1058,,,,,,,,,,,,17.1556,31.2723,15.2236,35.802,189.5232,-22.1197,,1.4631,50.0,,7.1642,,,,,50.0,7.1642,150.0,13.5153,19.8061,120.0,-12.4461,199.7684,,531.8349,,6065.617,,
2026-08-26 18:58:08,42.4739449,-82.8541589,14.3274,1.8661,125.5522,151.2327,-50.3596,0.0,-0.8242,-1.0196,71.0703,0.1949,0.1058,,,7.2176,17.3993,10.0,0.0014,48.092,16.7453,75.6393,0.0,0.0,16.6507,27.3052,14.9444,30.7375,184.9916,-20.355,,1.0734,50.0,,7.1322,,,,,50.0,7.1322,149.9605,13.414,19.6905,120.0,-15.7917,201.1111,,,,,,
2026-08-26 18:58:09,42.4739416,-82.8541474,,2.1188,126.6008,151.3874,-132.8517,0.0,-1.3126,1.4365,70.9689,0.1945,0.1058,,,,,,,,,,,,15.8605,29.2613,14.1088,33.3314,187.169,-21.6843,,1.1952,50.0,,7.0253,,,,,50.0,7.0253,148.4498,13.0525,19.3279,120.0,-17.1541,201.2967,,532.0739,,6068.2417,,
2026-08-26 18:58:10,42.4739388,-82.8541359,14.393,2.352,127.3456,150.0754,118.4063,0.0,-0.7377,-1.4773,70.8733,0.194,0.1058,,,,,,,,,,,,16.111,24.7503,14.277,28.1931,180.578,-17.897,,0.9579,50.0,,6.9857,,,,,50.0,6.9857,147.8887,12.9183,19.1933,120.0,-19.1798,200.3623,,532.2238,,6069.8821,,
2026-08-26 18:58:11,42.4739356,-82.8541228,,1.8855,127.5519,148.981,-80.3367,0.0,-1.0,1.7769,70.7511,0.1935,0.1059,,,,,,,,,,,,15.7614,30.5714,13.9683,35.0229,187.4515,-26.5716,,1.3615,50.0,,6.9375,,,,,50.0,6.9375,147.2075,12.7553,19.0298,120.0,-18.2177,200.0855,,532.3511,,6071.5225,,
2026-08-26 18:58:12,42.473933,-82.8541102,14.393,1.8466,122.6875,149.4852,,0.0,,,70.658,0.1931,0.1059,,,7.2177,17.3993,10.0,0.0031,48.092,16.7453,74.9062,0.0,0.0,15.9329,25.4764,14.1984,28.8609,180.6801,-21.9994,,1.1485,50.0,,6.888,,,,,50.0,6.888,146.5078,12.5879,18.8619,120.0,-17.7633,199.6309,,,,,,
2026-08-26 18:58:13,42.4739292,-82.8540979,,1.9438,126.7726,148.5112,-69.085,0.0,-0.6004,-0.6922,70.5251,0.1926,0.106,,,,,,,,,,,,14.3564,29.3589,12.5674,34.0608,185.3636,-23.1167,,1.3568,50.0,,6.7331,,,,,50.0,6.7331,144.3166,12.0637,18.336,120.0,-18.0052,198.9143,,532.6183,,6074.4753,,
2026-08-26 18:58:14,42.4739256,-82.8540846,14.4587,2.0216,126.2111,,28.3648,0.0,-1.0101,-0.3732,70.4139,0.1922,0.1061,,,,,,,,,,,,15.1701,23.6542,13.3451,27.1348,178.5566,-11.9841,,1.0956,50.0,,6.7248,,,,,50.0,6.7248,144.2001,12.0358,18.308,120.0,-19.2805,198.9114,,,,,,
2026-08-26 18:58:15,42.4739223,-82.8540743,,1.7106,132.8804,148.8779,13.4038,0.0,0.4718,0.0614,70.1424,0.1921,0.1068,,,,,,,,,,,,14.7984,8.9373,13.0791,10.1238,161.1878,-7.0968,,0.9185,50.0,,6.657,,,,,50.0,6.657,143.2407,11.8063,18.0778,120.0,-30.9324,198.8853,,532.8037,,6076.4438,,
2026-08-26 18:58:16,42.4739072,-82.8540641,14.4587,1.8661,134.8685,148.8722,20.8981,0.0,-0.6355,0.4741,,,,,,7.2178,17.3993,10.0,0.0007,48.092,16.7453,75.3788,0.0,0.0,14.6277,17.5136,12.8608,20.0157,170.8377,-8.7182,,,50.0,,6.6414,,,,,50.0,6.6414,143.0194,11.7534,18.0247,120.0,-31.0652,198.9101,,532.6138,,6074.4753,,
2026-08-26 18:58:17,42.4738986,-82.8540525,,1.8272,132.0954,147.8523,-121.5587,0.0,-0.149,-0.152,69.8717,0.1917,0.1073,,,,,,,,,,,,14.3371,17.9543,12.6157,20.5068,170.2288,-10.7981,,0.791,50.0,,6.5973,,,,,50.0,6.5973,142.3968,11.6044,17.8752,120.0,-30.3276,197.9806,,,,,,
2026-08-26 18:58:18,42.4738929,-82.854042,14.5243,1.8272,124.6527,146.8496,-136.5645,0.0,-1.0904,1.4393,69.7275,0.1913,0.1076,,,,,,,,,,,,13.3753,23.7897,11.6966,27.4696,176.5807,-13.5597,,1.0196,,,,,,,,,,,,,,,,,532.664,,6074.8033,,
2026-08-26 18:58:19,42.4738898,-82.8540309,,1.9438,125.197,145.062,47.1899,0.0,-1.074,-1.305,69.6241,0.1909,0.1076,,,,,,,,,,,,14.6577,22.5096,13.0695,25.4269,172.7474,-14.4593,,0.9772,50.0,,6.4912,,,,,50.0,6.4912,140.8955,11.2453,17.5149,120.0,-26.2924,196.7611,,,,,,
2026-08-26 18:58:20,42.4738869,-82.8540205,14.4587,2.0216,125.1684,145.1078,,0.0,,,69.5268,0.1906,0.1077,,,7.2179,17.3993,10.0,0.0037,48.092,16.7453,75.7755,0.0,0.0,13.4296,24.7597,11.7767,28.5285,176.1432,,,1.0032,50.0,,6.5479,,,,,50.0,6.5479,141.6976,11.4372,17.7074,120.0,-24.4364,195.8375,,532.8904,,6077.428,,
2026-08-26 18:58:21,42.4738851,-82.8540115,,1.8855,125.346,142.6899,-177.7865,0.0,-0.56,1.1732,69.4308,0.1901,0.1077,,,,,,,,,,,,14.5176,26.3023,12.8427,30.0594,175.4907,-12.9696,,1.0567,50.0,,6.4577,,,,,50.0,6.4577,140.422,11.132,17.4013,120.0,-23.1409,195.2431,,,,,,
2026-08-26 18:58:22,42.4738825,-82.8540013,14.5899,1.9633,114.2191,142.9363,58.4761,0.0,-0.7436,-0.8519,69.3355,0.1897,0.1077,,,,,,,,,,,,13.2831,32.6505,11.6231,38.0659,183.7963,-17.1464,,1.3911,50.0,,6.5299,,,,,50.0,6.5299,141.4431,11.3763,17.6463,120.0,-21.4508,193.7113,,533.1195,,6080.0527,,
2026-08-26 18:58:23,42.4738805,-82.8539923,,2.0993,120.556,142.4149,-117.7463,0.0,-0.6103,1.4932,69.2927,0.1893,0.1076,,,,,,,,,,,,14.74,31.982,13.0749,36.6628,181.3099,-19.1289,,1.3137,50.0,,6.4445,,,,,50.0,6.4445,140.2351,11.0873,17.3564,120.0,-16.9809,193.1519,,533.2257,,6081.365,,
2026-08-26 18:58:24,42.4738808,-82.8539826,14.5243,1.4968,104.7711,,99.7497,0.0,-1.8603,-1.2096,69.2149,0.1889,0.1076,,,7.2179,17.3993,10.0,0.0047,48.092,16.7453,75.3819,0.0,0.0,,,,,,-22.4807,,1.504,50.0,,6.5599,,,,,50.0,6.5599,141.8666,11.4776,17.748,120.0,-14.1747,192.7011,,533.3645,,6083.0054,,
2026-08-26 18:58:25,42.4738779,-82.8539718,14.4587,2.0799,114.0014,144.9646,9.7666,0.0,-0.2115,2.1532,69.1515,0.1886,0.1076,,,,,,,,,,,,13.5084,32.7052,11.8816,37.9008,185.3083,-20.3665,,1.5502,50.0,,6.4734,,,,,50.0,6.4734,140.6443,11.1852,17.4546,120.0,-13.0517,194.0678,,533.4357,,6083.6616,,
2026-08-26 18:58:26,42.4738784,-82.8539617,,1.5745,104.8799,145.1078,81.0139,0.0,-1.4637,-1.2151,,,,,,,,,,,,,,,14.2258,28.7219,12.5596,32.9777,181.0134,-13.892,,,50.0,,6.4826,,,,,50.0,6.4826,140.7738,11.2162,17.4857,120.0,-14.379,194.8238,,533.5442,,6084.9739,,
2026-08-26 18:58:27,42.4738761,-82.8539546,14.1634,2.3326,112.2367,146.9184,-8.976,0.0,-0.5441,2.1491,69.0454,0.1881,0.1076,,,,,,,,,,,,14.1328,27.3766,12.6917,30.8005,179.6985,-19.2263,,1.4265,50.0,,6.5592,,,,,50.0,6.5592,141.8566,11.4752,17.7456,120.0,-17.2945,195.757,,,,,,
2026-08-26 18:58:28,42.4738752,-82.8539453,,1.6134,110.1569,146.6777,103.5106,0.0,-0.9863,-1.6502,68.9745,0.1877,0.1076,,,7.218,17.3993,10.0,0.0033,48.092,16.7453,74.6961,0.0,0.0,13.3829,32.4893,11.9484,36.9866,186.6429,-17.7194,,1.2041,50.0,,6.4795,,,,,50.0,6.4795,140.7302,11.2057,17.4752,120.0,-15.0531,196.5637,,533.7294,,6086.9425,,
2026-08-26 18:58:29,42.4738742,-82.8539376,14.2946,1.4384,116.2474,147.5945,,0.0,,,68.929,0.1875,0.1075,,,,,,,,,,,,13.6753,26.9987,12.3714,30.1202,180.0311,-17.5189,,1.0921,50.0,,6.5603,,,,,50.0,6.5603,141.8729,11.4791,17.7495,120.0,-17.7593,197.1014,,,,,,
2026-08-26 18:58:30,42.4738731,-82.8539288,,1.7883,114.4655,147.2679,-98.9624,0.0,-0.1208,0.5196,68.843,0.1871,0.1076,,,,,,,,,,,,14.1285,28.4748,12.7589,31.8672,181.3884,-16.1839,,1.2434,50.0,,6.5461,,,,,50.0,6.5461,141.6714,11.4309,17.7011,120.0,-18.1671,197.1069,,533.9297,,6089.239,,
2026-08-26 18:58:31,42.4738712,-82.8539207,14.1634,1.5162,111.9674,145.0563,-121.4625,0.0,-1.0545,2.1392,68.7772,0.1866,0.1074,,,,,,,,,,,,13.0851,31.174,11.7439,35.2226,184.138,-17.8569,,1.1008,50.0,,6.4689,,,,,50.0,6.4689,140.5804,11.1699,17.4393,120.0,-17.0402,196.7121,,533.9715,,6089.8952,,
2026-08-26 18:58:32,42.4738732,-82.8539117,14.1634,1.2441,99.5801,146.3683,193.5348,0.0,-0.7438,-3.2296,68.7299,0.1863,0.1074,,,7.2181,17.3993,10.0,0.0048,48.092,16.7453,74.7832,0.0,0.0,13.7631,26.3425,12.5538,29.1094,177.2699,-21.9536,,1.0564,50.0,,6.4794,,,,,50.0,6.4794,140.7282,11.2053,17.4748,120.0,-18.4002,195.728,,,,,,
2026-08-26 18:58:33,42.4738699,-82.8539034,,1.6328,119.095,144.6781,-132.7073,0.0,-1.0334,1.4495,68.6477,0.1859,0.1074,,,,,,,,,,,,12.3659,36.5255,11.1681,41.2247,189.2553,-22.2859,,1.0213,48.6809,,6.3378,,,,,48.6809,6.3378,140.0,10.7279,16.9306,120.0,-13.219,194.3787,,534.2539,,6093.176,,
2026-08-26 18:58:34,42.4738693,-82.8538939,14.0322,1.4968,103.8772,145.5433,13.5688,0.0,-0.3643,-0.5067,68.5767,0.1856,0.1074,,,,,,,,,,,,13.8166,33.2357,12.5566,37.0912,184.5764,-24.7897,,1.2287,50.0,,6.442,,,,,50.0,6.442,140.2002,11.0789,17.3481,120.0,-13.1799,195.3792,,,,,,
2026-08-26 18:58:35,42.473866,-82.8538847,,1.8272,116.4479,,,0.0,,,,,,,,,,,,,,,,,12.7987,34.6104,11.4449,39.4332,187.1989,-24.0219,,,49.1974,,6.3731,,,,,49.1974,6.3731,140.0,10.8466,17.0753,120.0,-10.9728,194.4677,,534.484,,6095.8007,,
2026-08-26 18:58:36,42.4738633,-82.8538726,14.229,1.6134,113.2336,145.4688,77.3149,0.0,-1.0874,1.054,68.4161,0.1851,0.1075,,,7.2182,17.3993,10.0,0.0059,48.092,16.7453,75.104,0.0,0.0,13.3013,33.8208,11.8001,38.8592,187.3241,-24.7439,,1.2765,49.3093,,6.3807,,,,,49.3093,6.3807,140.0,10.8723,17.1066,120.0,-9.9261,195.1003,,,,,,
2026-08-26 18:58:37,42.4738608,-82.8538632,,1.8272,115.7833,146.6949,32.3114,0.0,-0.4554,-0.0132,68.3274,0.1847,0.1075,,,,,,,,,,,,13.7185,28.3281,12.1397,32.4274,182.1504,-24.7209,,1.5501,49.7466,,6.4106,,,,,49.7466,6.4106,140.0,10.9728,17.2291,120.0,-13.9031,196.3751,,534.6481,,6097.4411,,
2026-08-26 18:58:38,42.4738551,-82.8538491,14.393,1.9438,124.3834,147.944,129.8093,0.0,-0.1412,-0.8512,68.1664,0.1843,0.1077,,,,,,,,,,,,13.1785,30.1857,11.5244,35.0977,185.3407,-20.6988,,1.2047,49.3716,,6.385,,,,,49.3716,6.385,140.0,10.8866,17.1241,120.0,-14.5644,196.4709,,,,,,
2026-08-26 18:58:39,42.4738521,-82.8538411,,1.4384,116.2073,144.4317,-185.212,0.0,-0.5228,-0.804,68.0623,0.1839,0.1078,,,,,,,,,,,,15.4202,22.1966,13.8211,24.9291,172.1269,-18.195,,1.1202,,,,,,,,,,,,,,,,,534.8337,,6099.7377,,
2026-08-26 18:58:40,42.4738475,-82.8538315,14.2946,2.0216,116.425,139.023,-406.431,0.0,-1.3329,0.0688,67.9474,0.1837,0.1079,,,7.2182,17.3993,10.0,0.0024,48.092,16.7453,74.8738,0.0,0.0,15.4384,32.5386,13.8003,36.9924,178.2388,-27.1388,,1.4357,50.0,,6.616,,,,,50.0,6.616,142.6608,11.6676,17.9386,120.0,-20.6526,194.8262,,,,,,
2026-08-26 18:58:41,42.4738464,-82.8538171,,2.5076,107.5671,133.4653,-173.919,0.0,-2.591,0.4612,67.8261,0.1832,0.108,,,,,,,,,,,,14.8391,36.7875,13.0666,42.8501,178.9437,-31.9975,,1.4907,50.0,,6.7609,,,,,50.0,6.7609,144.7106,12.158,18.4305,120.0,-19.1297,191.3655,,535.2196,,6104.0028,,
2026-08-26 18:58:42,42.473843,-82.8538029,14.4587,2.8963,113.0045,129.2541,-293.8861,0.0,-0.2915,1.051,67.6835,0.1827,0.108,,,,,,,,,,,,,,,,,-31.7053,,1.8145,50.0,,6.7282,,,,,50.0,6.7282,144.2477,12.0472,18.3195,120.0,-11.5558,186.1687,,,,,,
2026-08-26 18:58:43,42.4738407,-82.8537879,,2.8769,111.3429,124.7277,-297.6298,0.0,-2.0139,-0.0162,67.5755,0.1821,0.108,,,,,,,,,,,,14.0254,39.3351,12.0345,47.6223,179.4294,-35.7618,1.9331,1.8468,50.0,10.2142,6.554,8.9607,0.3051,6.5655,0.2944,50.0,6.554,141.7841,11.4579,17.7282,120.0,-6.967,181.9221,,535.7111,,6109.5802,,
2026-08-26 18:58:44,42.4738384,-82.8537735,14.4587,3.4017,108.6156,118.3622,,0.0,,,67.4485,0.1816,0.108,,,7.2183,17.3993,10.0,0.0031,48.092,16.7453,74.911,0.0,0.0,14.8633,41.7351,12.7962,50.6444,178.5422,-35.2462,1.9904,2.2432,50.0,10.1471,6.5747,9.9564,0.3053,6.5224,0.3052,50.0,6.5747,142.0763,11.5278,17.7983,120.0,-3.1576,177.1227,,,,,,
2026-08-26 18:58:45,42.4738377,-82.8537498,,3.8099,107.0572,,-380.0945,0.0,-0.2762,0.4974,67.3124,0.1807,0.1078,,,,,,,,,,,,13.9462,43.381,11.7047,54.9232,176.6945,-38.237,2.0144,2.6429,50.0,10.1314,6.4685,10.9348,0.3131,6.5123,0.3093,50.0,6.4685,140.5739,11.1683,17.4377,120.0,1.2122,171.5339,,536.4918,,6118.4385,,
2026-08-26 18:58:46,42.4738373,-82.853722,14.229,4.6458,107.7275,111.8591,-451.3211,0.0,3.6177,1.2307,67.1695,0.1797,0.1076,,,,,,,,,,,,11.9488,41.7305,9.4464,57.3466,172.6262,-40.2023,2.0418,2.9701,49.2784,9.0386,6.3786,11.125,0.3544,6.2012,0.3293,49.2784,6.3786,140.0,10.8652,17.0979,120.0,7.2787,166.2446,,,,,,
2026-08-26 18:58:47,42.4738355,-82.8536924,14.393,4.9762,107.7676,104.8404,-402.6048,0.0,-4.7733,0.3435,66.9258,0.178,0.1071,,,,,,,,,,,,14.8011,54.6455,12.7749,70.8994,179.6143,,1.7992,4.1172,48.8588,9.3847,6.35,12.2537,0.3708,6.2871,0.2862,48.8588,6.35,140.0,10.7688,16.9805,120.0,14.9471,159.0163,,537.5496,,6130.5776,,
2026-08-26 18:58:48,42.4738394,-82.8536608,,4.8402,107.7676,97.8216,-481.3602,0.0,4.0934,1.3253,66.8298,0.1766,0.1065,,,7.2184,17.3993,10.0,0.0053,48.092,16.7453,68.1261,0.0,0.0,10.5825,43.8288,7.7773,70.4379,170.7025,-38.7756,1.5299,3.9941,44.5698,8.6367,6.0572,12.0784,0.4069,6.0946,0.251,44.5698,6.0572,140.0,9.7831,15.7795,120.0,23.9297,147.9186,,,,,,
2026-08-26 18:58:49,42.4738442,-82.8536279,14.393,5.8315,107.7676,89.4965,-327.631,0.0,1.4981,0.2044,66.7299,0.175,0.1058,,,,,,,,,,,,13.1362,55.0874,11.0122,78.0137,169.6288,-41.3654,1.4283,4.208,45.54,8.6245,6.1235,12.2924,0.4397,6.0912,0.2345,45.54,6.1235,140.0,10.0061,16.0512,120.0,28.2633,143.2191,,538.8849,,6145.9976,,
2026-08-26 18:58:50,42.4738519,-82.8535918,,6.9589,107.7676,81.9278,-601.3547,0.0,1.3599,1.2034,,,,,,,,,,,,,,,13.4868,58.9679,11.5862,85.9041,169.1185,-40.2882,,,45.8108,,6.1419,,,,,45.8108,6.1419,140.0,10.0683,16.127,120.0,31.9383,136.0687,,,,,,
2026-08-26 18:58:51,42.4738642,-82.8535527,14.0978,7.1339,107.7676,72.6057,-301.3632,,1.0863,0.4572,66.6817,0.1724,0.1044,,,,,,,,,,,,14.147,67.6981,13.1674,96.2655,170.3457,-41.3654,0.5886,5.1426,50.0,9.6745,6.4596,14.3543,0.4298,6.3552,0.0926,50.0,6.4596,140.4492,11.1385,17.4078,120.0,38.3945,131.6055,,540.6229,,6165.6826,,
2026-08-26 18:58:52,42.4738825,-82.8535097,,7.3283,58.1266,71.4083,,0.0,2.489,2.4769,66.733,0.1705,0.1031,,,7.2185,17.3993,10.0,0.0076,48.092,16.7453,69.8334,0.0,0.0,12.3847,77.6028,12.8973,110.304,183.2078,-41.3654,-0.3479,5.3372,141.1364,14.4873,11.3029,15.8223,0.4203,11.2357,0.031,50.0,6.5082,141.1364,11.3029,17.5727,120.0,-43.2211,215.7072,,,,,,
2026-08-26 18:58:53,42.4739001,-82.853471,14.229,6.9784,61.4898,76.0951,189.8358,0.0,-2.9419,0.8036,66.8267,0.1685,0.1016,,,,,,,,,,,,14.2055,82.7907,15.1056,111.096,182.3647,-41.2164,-1.6867,7.227,144.7564,14.6352,12.1689,17.2201,0.4098,11.5767,0.1457,50.0,6.7642,144.7564,12.1689,18.4415,120.0,-37.3677,218.7648,,542.7495,,6189.9608,,
2026-08-26 18:58:54,42.4739144,-82.8534301,13.9009,7.1728,65.9704,79.7219,163.5302,0.0,,,66.8993,0.1665,0.1003,,,,,,,,,,,,13.2445,82.7897,14.2051,112.3313,186.7944,-41.4914,-2.3337,7.0083,147.7394,15.1952,12.8826,18.9209,0.3737,12.8009,0.1823,50.0,6.9751,147.7394,12.8826,19.1574,120.0,-37.3897,224.3725,,543.7114,,6200.7876,,
2026-08-26 18:58:55,42.4739293,-82.8533856,,8.1253,66.211,79.2005,111.0427,0.0,-4.1039,-0.196,66.9046,0.1644,0.099,,,,,,,,,,,,12.7017,82.1508,13.7939,114.1895,190.4355,-41.5086,-2.5923,7.2305,146.6806,15.1664,12.6293,18.9284,0.3766,12.7407,0.2035,50.0,6.9002,146.6806,12.6293,18.9034,120.0,-34.4039,225.2355,,544.6601,,6211.6144,,
2026-08-26 18:58:56,42.4739455,-82.8533381,14.2946,8.2808,63.3061,,-136.3582,0.0,0.4321,1.7512,66.9113,0.1622,0.0977,,,7.2186,17.3993,10.0,0.0052,48.092,16.7453,70.9597,0.0,0.0,10.5294,86.3529,12.822,124.9618,198.9709,-41.4914,-3.0775,7.9498,143.9808,14.9442,11.9834,18.4801,0.4067,12.2654,0.2509,50.0,6.7093,143.9808,11.9834,18.2554,120.0,-25.5996,222.6753,,,,,,
2026-08-26 18:58:57,42.4739624,-82.8532931,,7.9114,62.3779,78.0374,-46.4027,0.0,-1.2103,0.7389,66.9744,0.1598,0.0961,,,,,,,,,,,,11.7528,82.6204,13.3318,119.0427,192.6975,-41.48,-4.0474,8.1218,143.3496,14.7383,11.8324,18.0118,0.4392,11.8101,0.3427,50.0,6.6647,143.3496,11.8324,18.1039,120.0,-22.3623,221.8055,,546.7942,,6236.2207,,
2026-08-26 18:58:58,42.4739811,-82.8532501,14.393,7.8531,61.1804,78.9885,,0.0,,,67.0494,0.1577,0.0946,,,,,,,,,,,,11.8662,82.1119,13.3199,118.0625,191.0683,-41.4914,-3.9648,7.8226,144.1629,14.8057,12.027,18.2267,0.4342,11.9608,0.3315,50.0,6.7222,144.1629,12.027,18.2991,120.0,-24.8838,222.8649,,547.8944,,6248.6879,,
2026-08-26 18:58:59,42.4740028,-82.8532076,,8.2419,56.4764,75.8029,-335.1184,0.0,-1.6119,0.0139,67.1923,0.1555,0.093,,,,,,,,,,,,11.4463,83.2783,13.2034,120.5752,190.6999,-41.6232,-3.7953,7.9205,144.1527,14.8428,12.0245,18.3029,0.4307,12.043,0.3151,50.0,6.7215,144.1527,12.0245,18.2967,120.0,-25.1035,221.0488,,,,,,
2026-08-26 18:59:00,42.474029,-82.853163,14.3274,8.2613,54.9295,70.3999,-372.583,0.0,0.8936,0.6436,67.3837,0.1532,0.0912,,,7.2186,17.3993,10.0,0.0057,48.092,16.7453,70.1282,0.0,0.0,10.4595,85.0521,12.8578,125.8605,190.6086,-41.6232,-4.0198,7.9391,143.5569,14.7922,11.882,18.1941,0.4406,11.9307,0.3369,50.0,6.6794,143.5569,11.882,18.1537,120.0,-20.9555,216.3707,,550.4347,,6277.5593,,
2026-08-26 18:59:01,42.4740553,-82.8531248,,8.4946,47.0914,67.7757,-233.808,0.0,2.6122,0.0607,67.6626,0.151,0.0894,,,,,,,,,,,,11.4159,86.2809,13.5238,122.6104,186.0529,-41.6232,-4.5498,8.0582,143.6819,14.7367,11.9119,17.7638,0.4643,11.8067,0.3854,50.0,6.6882,143.6819,11.9119,18.1837,120.0,-20.3447,213.26,,,,,,
2026-08-26 18:59:02,42.4740822,-82.853089,14.5243,7.717,46.1575,66.6584,-80.0411,0.0,-0.9003,0.0304,68.0019,0.1489,0.0874,,,,,,,,,,,,,,,,,-41.7607,-4.3885,7.9351,,14.8954,,18.1795,0.444,12.1589,0.3609,,,,,,,,,,552.9503,,6306.4306,,
2026-08-26 18:59:03,42.4741099,-82.8530574,,7.3477,42.777,63.1348,-320.0233,0.0,-0.4777,-0.2312,68.3693,0.1469,0.0854,,,,,,,,,,,,11.1568,89.7044,13.6062,124.9181,184.706,-41.881,-4.4416,7.1444,145.5181,14.8629,12.3512,17.9776,0.4373,12.0874,0.3675,50.0,6.818,145.5181,12.3512,18.6244,120.0,-22.6606,213.0555,,,,,,
2026-08-26 18:59:04,42.4741365,-82.8530273,14.8852,7.0173,38.2679,60.883,-136.2517,0.0,3.3817,0.2123,68.7701,0.145,0.0835,,,7.2187,17.3993,10.0,0.0053,48.092,16.7453,69.3765,0.0,0.0,8.4894,91.1664,11.4404,132.1065,186.5621,-41.669,-4.8043,6.6045,142.2917,14.287,11.5793,16.2068,0.4631,10.9445,0.439,50.0,6.5899,142.2917,11.5793,17.85,120.0,-15.5879,207.0521,,555.3167,,6333.3335,,
2026-08-26 18:59:05,42.4741649,-82.853003,,6.9784,33.6498,57.3823,-229.9853,0.0,,,69.2137,0.1433,0.0816,,,,,,,,,,,,7.008,96.3299,10.6828,139.3067,190.1525,-39.5606,-5.1165,6.0184,140.0,13.657,10.6249,14.6657,0.4961,10.4619,0.4891,48.2328,6.3073,140.0,10.6249,16.8052,120.0,-7.5682,202.7263,,,,,,
2026-08-26 18:59:06,42.4741934,-82.8529794,14.6555,7.2116,33.9248,,2.513,0.0,2.1943,-0.5377,69.7134,0.1417,0.0797,,,,,,,,,,,,8.0659,102.5474,11.8567,138.3917,186.3376,-39.8241,-5.2283,5.6411,140.0,14.0339,10.5777,14.5907,0.4894,10.7506,0.4863,48.0275,6.2932,140.0,10.5777,16.7477,120.0,-4.2434,199.8451,,557.4153,,6357.2837,,
2026-08-26 18:59:07,,,14.8196,,,57.4338,,0.0,2.0262,0.0946,70.2231,0.1402,0.0778,,,,,,,,,,,,8.2796,112.7743,12.8084,143.4141,190.1005,-39.9158,-5.5315,5.8122,140.0,14.5172,10.868,14.4986,0.49,11.3052,0.4893,49.2907,6.3795,140.0,10.868,17.1014,120.0,-1.8539,197.8796,,558.4815,,6369.4228,,
2026-08-26 18:59:08,42.4742205,-82.8529557,,6.8229,35.34,61.7138,234.9872,0.0,-1.3292,0.0974,70.6757,0.1386,0.076,,,7.2188,17.3993,10.0,0.0094,48.092,16.7453,69.3202,0.0,0.0,9.0258,118.3046,13.7382,144.6594,194.1418,-42.5571,-5.5851,5.566,142.564,14.8108,11.6444,14.8084,0.4679,11.972,0.4665,50.0,6.6092,142.564,11.6444,17.9154,120.0,-0.034,201.3959,,,,,,
2026-08-26 18:59:09,42.4742483,-82.8529271,14.7867,6.8034,39.2877,64.1661,156.2422,0.0,-2.4546,-0.4361,71.1014,0.137,0.0743,,,,,,,,,,,,8.2069,122.7768,13.1822,148.4361,200.5195,-43.9322,-5.7017,5.6863,144.1893,14.7677,12.0333,14.1142,0.4849,11.876,0.4801,50.0,6.7241,144.1893,12.0333,18.3054,120.0,0.8239,206.064,,560.5523,,6393.0448,,
2026-08-26 18:59:10,42.4742733,-82.8528985,,6.9978,42.0838,63.9082,24.9924,0.0,-0.7448,-0.5596,71.5333,0.1353,0.0725,,,,,,,,,,,,7.179,123.4223,12.4392,151.2042,204.2194,-45.8631,-6.0512,5.9913,142.7612,14.6322,11.6916,13.1038,0.5374,11.5699,0.523,50.0,6.6231,142.7612,11.6916,17.9627,120.0,4.5345,206.3987,,,,,,
2026-08-26 18:59:11,42.4742997,-82.8528689,14.7211,7.4449,37.4714,60.1726,-229.9337,0.0,0.7214,0.5247,72.0289,0.1335,0.0706,,,,,,,,,,,,7.1507,129.2232,13.1139,155.0124,205.2679,-45.5823,-6.6266,6.2408,142.4452,14.7617,11.616,12.6796,0.5862,11.8626,0.5586,50.0,6.6008,142.4452,11.616,17.8869,120.0,8.7052,205.0365,,562.7314,,6417.9792,,
2026-08-26 18:59:12,42.4743289,-82.8528408,,7.717,36.7724,59.0095,-83.6885,0.0,,,72.6019,0.1318,0.0685,,,7.2189,17.3993,10.0,0.0061,48.092,16.7453,67.7495,0.0,0.0,8.1898,127.8586,14.2866,153.0898,201.7917,-45.4677,-6.7999,6.2805,144.5368,15.0813,12.1164,13.5732,0.5614,12.5606,0.5414,50.0,6.7487,144.5368,12.1164,18.3888,120.0,8.7862,205.045,,563.899,,6431.1026,,
2026-08-26 18:59:13,42.4743593,-82.8528145,14.7211,7.5227,33.8274,58.4193,-102.4449,0.0,2.2359,1.3299,73.2145,0.1302,0.0665,,,,,,,,,,,,8.6573,124.7528,14.3418,150.2668,197.9672,,-6.4728,5.9454,147.171,15.1533,12.7466,14.342,0.5172,12.7131,0.5091,50.0,6.9349,147.171,12.7466,19.021,120.0,5.4598,206.6125,,565.034,,6444.2259,,
2026-08-26 18:59:14,42.474388,-82.8527901,,6.9978,32.4351,59.3246,32.5555,0.0,1.3203,0.3254,73.7941,0.1288,0.0647,,,,,,,,,,,,9.2663,116.5692,13.9005,143.4003,191.4514,-38.5178,-5.7831,5.2764,146.7285,15.0941,12.6407,15.1214,0.4606,12.5878,0.4594,50.0,6.9036,146.7285,12.6407,18.9148,120.0,1.4602,205.729,,566.0887,,6456.037,,
2026-08-26 18:59:15,42.4744147,-82.8527672,14.5243,6.6479,34.1368,59.5308,47.5715,0.0,-0.6779,-0.4274,74.338,0.1274,0.0629,,,,,,,,,,,,8.2137,117.8419,12.6559,144.9794,193.3714,-40.7122,,4.8038,145.1422,,12.2612,,,,,50.0,6.7915,145.1422,12.2612,18.5341,120.0,0.0478,204.4154,,567.0658,,6467.1918,,
2026-08-26 18:59:16,42.4744399,-82.8527449,,6.4147,34.2113,,-27.3885,0.0,-0.9143,-0.1935,74.8819,0.126,0.0612,,,7.2189,17.3993,10.0,0.0066,48.092,16.7453,68.4415,0.0,0.0,7.7208,122.3955,12.4309,148.3695,196.6262,-40.9013,-5.4307,4.8267,142.41,14.7646,11.6076,14.3179,0.4607,11.8692,0.4575,50.0,6.5983,142.41,11.6076,17.8784,120.0,3.8196,201.9008,,568.0275,,6478.3467,,
2026-08-26 18:59:17,42.47446751689844,-82.85272114385646,14.1634,6.5119,33.4894,58.7459,-31.115,0.0,0.0747,0.2267,75.4443,0.1247,0.0595,,,,,,,,,,,,7.3941,127.3834,12.4835,151.9242,198.75,-43.1186,-5.4795,4.8198,141.6103,14.6129,11.4163,13.4684,0.4837,11.5259,0.4754,50.0,6.5417,141.6103,11.4163,17.6865,120.0,7.4841,200.2782,,568.9817,,6489.1734,,
2026-08-26 18:59:18,42.47449371557891,-82.8526975205001,,6.5313,33.0998,57.6573,,0.0,0.6886,0.3672,76.0309,0.1233,0.0577,,,,,,,,,,,,8.5172,128.5916,13.5798,150.6444,198.3365,-43.5483,-5.6809,4.8219,143.0574,14.5946,11.7625,12.7637,0.5124,11.4838,0.4947,50.0,6.6441,143.0574,11.7625,18.0338,120.0,8.2073,201.636,,569.9745,,6500.3283,,
2026-08-26 18:59:19,42.47451926496259,-82.85267736781444,13.9009,6.3564,31.8851,63.1863,351.3858,0.0,-1.5641,-0.3174,76.6087,0.1221,0.056,,,,,,,,,,,,9.7359,128.0842,14.3366,147.6888,201.4192,-44.9865,-5.6667,4.4841,145.8798,14.8323,12.4377,13.3769,0.4851,12.0198,0.4714,50.0,6.8436,145.8798,12.4377,18.7112,120.0,3.3785,207.403,,570.8673,,6510.4989,,
2026-08-26 18:59:20,42.47454258171162,-82.8526561348832,,5.4428,39.4997,73.5167,598.8177,0.0,,,,,,,,7.219,17.3993,10.0,0.0054,48.092,16.7453,69.6386,0.0,0.0,10.0399,127.0038,14.2543,145.7722,210.1645,-46.3157,-5.2121,,146.4294,15.0705,12.5692,14.5218,0.4197,12.5375,0.4157,50.0,6.8825,146.4294,12.5692,18.8431,120.0,1.8045,215.8019,,,,,,
2026-08-26 18:59:21,42.47456037543498,-82.85262844147877,14.229,5.7343,52.4543,87.3938,865.0471,0.0,-3.8425,0.0608,77.2987,0.1201,0.0538,,,,,,,,,,,,10.2114,125.557,14.4418,144.8842,221.1387,-46.8772,-4.9194,4.699,147.6613,15.139,12.8639,15.0295,0.3892,12.6829,0.3879,50.0,6.9696,147.6613,12.8639,19.1387,120.0,-1.709,228.7483,,572.3199,,6527.2312,,
2026-08-26 18:59:22,42.47457235506477,-82.8525932156326,,6.2397,63.1399,102.8522,940.014,0.0,-5.4755,0.533,77.5083,0.1185,0.0527,,,,,,,,,,,,,,,,,-48.682,-4.9416,5.5805,148.3811,15.2548,13.0361,15.6846,0.382,12.9251,0.3823,50.0,7.0205,148.3811,13.0361,19.3115,120.0,-4.7819,240.0524,,,,,,
2026-08-26 18:59:23,42.4745787,-82.8525516,14.3274,6.5507,65.6495,117.3079,707.3164,0.0,-6.2145,2.1496,77.5664,0.1168,0.0519,,,,,,,,,,,,11.5426,115.0679,15.2358,136.6671,226.7471,-52.4292,-4.7993,5.3277,147.6953,15.3863,12.872,16.9615,0.3652,13.1948,0.3637,50.0,6.972,147.6953,12.872,19.1469,120.0,-12.6223,254.0548,,573.3783,,6539.3703,,
2026-08-26 18:59:24,42.4745762,-82.8525151,,6.0259,96.5434,126.9107,463.4873,0.0,-4.2707,2.1465,77.3269,0.115,0.0515,,,7.2191,17.3993,10.0,0.0073,48.092,16.7453,72.9559,0.0,0.0,12.8009,83.5448,13.5183,109.7927,218.0429,-41.8123,-3.6884,5.5289,144.1305,15.0296,12.0192,18.0984,0.334,12.4499,0.2963,50.0,6.7199,144.1305,12.0192,18.2913,120.0,-30.2316,262.7383,,573.5476,,6541.3388,,
2026-08-26 18:59:25,42.4745704,-82.8524808,14.6555,5.5788,105.5789,129.8958,-31.5551,0.0,-1.4859,0.3439,77.0467,0.1137,0.0514,,,,,,,,,,,,14.2838,60.099,12.4572,83.721,208.4003,-21.3921,-1.2427,5.5063,,14.512,,16.7955,0.3446,11.2931,0.11,,,,,,,,,,573.8066,,6544.2915,,
2026-08-26 18:59:26,42.4745634,-82.8524504,,5.2095,108.3062,,,0.0,-1.6917,-0.6459,76.7009,0.1125,0.0515,,,,,,,,,,,,15.1259,39.4243,11.528,56.435,189.1349,-25.9471,1.4334,4.6877,46.9429,8.9846,6.2192,12.674,0.4293,6.1873,0.2317,46.9429,6.2192,140.0,10.3285,16.444,120.0,37.19,173.1047,,574.0856,,6547.2443,,
2026-08-26 18:59:27,42.4745572,-82.8524206,14.3274,5.0929,102.4735,126.8362,-151.5428,0.0,-2.9705,0.3803,76.3135,0.1113,0.0516,,,,,,,,,,,,15.526,44.9039,12.4182,61.956,191.9723,-31.8886,2.2732,4.4098,47.4986,9.6695,6.2571,12.1917,0.4289,6.3541,0.3578,47.4986,6.2571,140.0,10.4562,16.5996,120.0,18.1656,174.9908,,574.4903,,6551.8375,,
2026-08-26 18:59:28,42.4745524,-82.8523907,,5.3261,104.8284,124.1032,-151.5187,0.0,-2.4614,-0.7205,76.0162,0.11,0.0515,,,7.2192,17.3993,10.0,0.0031,48.092,16.7453,70.9267,0.0,0.0,16.6409,47.9884,13.7469,64.0834,190.7759,-37.2172,2.2351,4.6573,50.0,10.3569,6.4976,13.2595,0.3967,6.6573,0.3357,50.0,6.4976,140.9859,11.2669,17.5366,120.0,14.7578,176.1378,,,,,,
2026-08-26 18:59:29,42.4745471,-82.8523584,14.6555,5.7343,98.2852,123.4271,95.9819,0.0,-3.6311,-1.6872,75.6579,0.1088,0.0515,,,,,,,,,,,,17.7263,61.2659,15.8037,79.5878,202.8537,-38.237,1.6038,4.5691,50.0,10.9133,6.8364,15.6087,0.3506,7.0149,0.2286,50.0,6.8364,145.7776,12.4133,18.6866,120.0,18.4564,174.2074,,575.2731,,6561.0238,,
2026-08-26 18:59:30,42.4745394,-82.8523203,,6.1814,106.0258,124.3496,95.9785,0.0,,,75.0202,0.1066,0.0516,,,,,,,,,,,,17.5196,50.8361,14.5498,69.0036,194.4462,-38.661,1.8042,5.4219,50.0,10.988,7.0955,15.6582,0.3704,7.0629,0.2554,50.0,7.0955,149.4415,13.2898,19.566,120.0,22.5765,174.0217,,575.6335,,6564.9608,,
2026-08-26 18:59:31,42.4745329,-82.8522839,14.6555,5.8704,102.2099,125.8106,32.2082,0.0,-3.1668,3.2137,,,,,,,,,,,,,,,16.7876,59.2336,14.6703,79.507,204.2577,-36.077,1.3577,,50.0,10.9543,7.0438,16.1249,0.3602,7.0413,0.1928,50.0,7.0438,148.7116,13.1152,19.3908,120.0,25.3325,174.5544,,,,,,
2026-08-26 18:59:32,42.4745241,-82.8522507,,5.7926,109.5037,124.7736,-331.5294,0.0,-0.7637,-1.2063,74.3264,0.1045,0.0516,,,7.2192,17.3993,10.0,0.0033,48.092,16.7453,71.2767,0.0,0.0,16.8457,46.703,13.5769,64.5603,192.5293,-30.886,1.8954,4.656,50.0,10.7379,6.9697,14.908,0.3818,6.9022,0.2746,50.0,6.9697,147.6626,12.8642,19.139,120.0,23.0429,175.6321,,576.3191,,6572.8349,,
2026-08-26 18:59:33,42.4745192,-82.8522175,14.9508,4.8402,98.1763,116.5287,-387.7675,0.0,-3.0565,1.7154,73.9299,0.1033,0.0517,,,,,,,,,,,,16.9368,57.6705,14.8079,75.1201,196.8289,-48.3497,1.6327,4.7483,50.0,10.8613,6.9462,15.429,0.3517,6.9815,0.2339,50.0,6.9462,147.33,12.7846,19.0592,120.0,20.5392,174.0118,,576.7974,,6578.4123,,
2026-08-26 18:59:34,42.4745156,-82.8521847,,5.7732,100.1817,110.0027,,0.0,0.8596,-3.7235,73.613,0.102,0.0515,,,,,,,,,,,,17.0495,58.7592,14.9072,77.9224,192.4466,-46.9804,1.4474,4.5285,50.0,10.8867,6.9141,15.8107,0.3586,6.9978,0.2068,50.0,6.9141,146.8767,12.6762,18.9504,120.0,23.4587,168.4308,,577.4317,,6585.6301,,
2026-08-26 18:59:35,42.4745155,-82.852148,14.5899,6.0648,85.703,99.5691,-567.7439,0.0,-1.0841,-0.9634,73.26,0.1006,0.0513,,,,,,,,,,,,16.6359,68.6972,15.4994,90.2326,194.4082,-57.9296,0.6699,5.1609,50.0,11.1166,7.1194,17.2896,0.3474,7.1456,0.0937,50.0,7.1194,149.7797,13.3707,19.6471,120.0,30.3554,161.2499,,578.1285,,6593.5041,,
2026-08-26 18:59:36,42.474517,-82.8521073,,7.0367,83.3654,90.4018,-496.476,0.0,2.8153,-0.8458,73.0118,0.0989,0.0508,,,7.2193,17.3993,10.0,0.0047,48.092,16.7453,67.3054,0.0,0.0,13.9465,74.8947,13.8839,104.1163,197.7018,-57.5457,-0.4904,6.0388,50.0,15.1956,7.0334,17.6342,0.3893,12.8019,0.0383,50.0,7.0334,148.564,13.0798,19.3554,120.0,38.8525,154.4336,,,,,,
2026-08-26 18:59:37,42.4745239,-82.8520625,14.5243,7.6782,71.5853,,-473.9278,0.0,1.2147,0.8324,72.8127,0.097,0.0501,,,,,,,,,,,,15.5986,76.8565,15.7508,105.3356,191.3897,-59.3562,-1.5207,7.047,147.8962,15.4437,12.9201,18.8887,0.4015,13.3107,0.1142,50.0,6.9862,147.8962,12.9201,19.1951,120.0,-49.2269,243.1785,,580.0441,,6615.1577,,
2026-08-26 18:59:38,42.4745373,-82.8520098,,8.5529,67.7179,82.3976,-136.4373,0.0,0.9198,0.5239,72.7911,0.0948,0.049,,,,,,,,,,,,15.3517,77.104,15.7732,108.4268,187.6501,-59.0297,,8.4063,150.0,,13.5497,,,,,50.0,7.1751,150.0,13.5497,19.8458,120.0,-46.1457,237.0254,,581.1559,,6627.953,,
2026-08-26 18:59:39,42.4745545,-82.8519583,14.5243,9.0389,61.8909,79.888,-192.7063,0.0,-1.0389,0.7905,72.9373,0.0921,0.0475,,,,,,,,,,,,13.7578,78.4943,14.8568,114.8495,188.965,,-2.241,8.6447,150.0,15.7906,13.7152,19.5737,0.422,13.6751,0.1639,50.0,7.2278,150.0,13.7152,20.037,120.0,-41.5678,232.2288,,582.3879,,6642.0606,,
2026-08-26 18:59:40,42.4745746,-82.8519056,,9.6026,59.4272,76.7711,-5.2254,0.0,2.2116,0.9982,73.223,0.0896,0.0458,,,7.2194,17.3993,10.0,0.0046,48.092,16.7453,66.8311,0.0,0.0,11.9297,77.0121,13.4219,119.9928,191.4575,-59.0526,-3.1111,8.7176,148.7856,15.6189,13.1329,19.7236,0.4445,13.5264,0.23,50.0,7.0491,148.7856,13.1329,19.4085,120.0,-36.0857,228.1852,,583.7382,,6657.4805,,
2026-08-26 18:59:41,42.4745969,-82.8518502,14.7211,9.136,58.625,76.181,-173.9706,0.0,,,73.5758,0.0869,0.0439,,,,,,,,,,,,13.0949,74.3029,13.8844,114.7749,185.5119,-56.5086,-4.0123,9.3627,145.9433,15.1284,12.4529,18.8918,0.4897,12.6606,0.3169,50.0,6.8481,145.9433,12.4529,18.7264,120.0,-29.1345,223.416,,585.1203,,6673.2286,,
2026-08-26 18:59:42,42.4746214,-82.8517986,,8.9028,55.9321,72.0099,-278.9525,0.0,0.0984,-0.0075,74.0775,0.0842,0.0419,,,,,,,,,,,,13.0692,74.2826,13.7973,114.2432,181.6167,-55.5117,-4.1163,8.8058,146.2627,15.0407,12.5293,18.7098,0.4974,12.4738,0.33,50.0,6.8707,146.2627,12.5293,18.8031,120.0,-30.9444,221.019,,,,,,
2026-08-26 18:59:43,42.4746475,-82.8517544,15.0164,9.1944,50.0135,67.5064,-147.6719,0.0,-0.328,-0.755,74.6803,0.0819,0.04,,,,,,,,,,,,,,,,,-56.5774,-3.8833,8.4304,144.8891,15.0298,12.2007,18.6725,0.4948,12.4505,0.3119,50.0,6.7736,144.8891,12.2007,18.4734,120.0,-28.82,215.6559,,587.9273,,6705.0527,,
2026-08-26 18:59:44,42.4746754,-82.8517131,,8.5723,45.9913,69.7467,339.7869,0.0,2.1017,0.8808,75.4675,0.0796,0.038,,,7.2195,17.3993,10.0,0.0084,48.092,16.7453,67.1166,0.0,0.0,10.4533,79.9919,12.5996,125.2115,185.3775,-56.7665,-4.5412,7.9646,142.6961,14.7632,11.676,18.134,0.5065,11.866,0.3827,50.0,6.6185,142.6961,11.676,17.9471,120.0,-21.072,211.6593,,589.2899,,6720.8007,,
2026-08-26 18:59:45,42.4746991,-82.8516729,15.2789,7.8337,49.9734,77.8369,,0.0,-0.5353,0.4787,76.1461,0.0777,0.0362,,,,,,,,,,,,10.3627,76.6684,11.8372,121.5867,182.1296,-50.3207,-4.507,7.5194,142.3256,14.5616,11.5874,17.5219,0.4903,11.4081,0.3951,50.0,6.5923,142.3256,11.5874,17.8581,120.0,-22.2184,214.3011,,590.4312,,6733.596,,
2026-08-26 18:59:46,42.4747219,-82.8516288,,7.1339,57.6166,82.1283,377.2102,0.0,-6.0166,-0.6634,76.8874,0.0757,0.0344,,,,,,,,,,,,13.1273,82.2402,14.3435,114.9299,183.5881,-55.718,-3.6864,7.0478,144.9413,14.8953,12.2132,18.4075,0.4316,12.1585,0.3032,50.0,6.7773,144.9413,12.2132,18.4859,120.0,-27.6524,222.4317,,591.4975,,6746.0632,,
2026-08-26 18:59:47,42.4747368,-82.8515829,15.3117,8.0281,57.5823,,171.0588,0.0,-5.1649,0.0258,77.3882,0.0735,0.0328,,,,,,,,,,,,10.3136,87.469,12.4763,124.3254,196.4843,-58.0957,-3.7742,6.6414,142.7403,14.7759,11.6866,18.1601,0.4233,11.8943,0.3173,50.0,6.6216,142.7403,11.6866,17.9577,120.0,-20.7917,223.8913,,592.511,,6757.5461,,
2026-08-26 18:59:48,42.4747535,-82.8515345,15.3773,8.514,65.7813,82.9476,43.6147,0.0,,,77.7102,0.0712,0.0315,,,7.2195,17.3993,10.0,0.0048,48.092,16.7453,68.6142,0.0,0.0,9.6916,89.8953,12.5349,129.3611,201.5874,-61.82,-4.5941,7.3735,142.7484,14.6412,11.6886,17.3831,0.4591,11.5905,0.3964,50.0,6.6222,142.7484,11.6886,17.9596,120.0,-15.4573,225.1132,,593.6101,,6770.0133,,
2026-08-26 18:59:49,42.474768,-82.851483,,8.4946,68.0044,86.1848,152.3816,0.0,-1.8987,1.3923,78.1546,0.0688,0.0299,,,,,,,,,,,,10.971,89.8623,13.8535,127.6338,204.2404,-59.7745,-5.1227,8.1412,145.8741,14.8481,12.4363,17.6391,0.4729,12.0546,0.425,50.0,6.8432,145.8741,12.4363,18.7098,120.0,-19.5222,231.157,,,,,,
2026-08-26 18:59:50,42.4747809,-82.8514318,15.4429,8.4751,71.3046,88.024,-80.1373,0.0,-2.6448,0.5494,78.4152,0.0664,0.0286,,,,,,,,,,,,12.5601,84.4811,14.4489,120.0885,201.2454,-59.7974,-4.6546,8.4686,147.0157,15.1282,12.7094,18.6508,0.4514,12.6601,0.3677,50.0,6.9239,147.0157,12.7094,18.9838,120.0,-24.8624,233.9221,,595.8199,,6795.2758,,
2026-08-26 18:59:51,42.4747949,-82.8513826,,8.3196,68.7263,86.5172,-226.3447,0.0,-1.1455,0.6672,78.6786,0.064,0.0273,,,,,,,,,,,,12.3554,81.9255,13.899,118.342,200.1085,-59.8662,-4.2534,8.2604,,15.1131,,18.8506,0.4427,12.628,0.3368,,,,,,,,,,,,,,
2026-08-26 18:59:52,42.4748097,-82.8513343,15.3117,7.8726,65.9933,83.9102,9.9213,0.0,-0.9682,-0.0939,79.0731,0.0618,0.026,,,7.2196,17.3993,10.0,0.0065,48.092,16.7453,67.2819,0.0,0.0,12.1766,77.8805,13.2149,115.7243,195.5915,-57.5228,-3.8977,8.1625,145.8515,14.9377,12.4309,18.5038,0.4491,12.2513,0.3181,50.0,6.8416,145.8515,12.4309,18.7044,120.0,-26.2653,231.9621,,598.111,,6821.1944,,
2026-08-26 18:59:53,42.4748251,-82.8512878,15.082,8.0669,65.6667,83.1138,,0.0,-1.8395,-0.4312,79.8265,0.0584,0.0239,,,,,,,,,,,,13.1525,79.0666,14.1279,113.9276,192.957,-58.1645,-3.5584,8.1084,145.5605,15.0647,12.3613,18.7529,0.4422,12.5251,0.2841,50.0,6.821,145.5605,12.3613,18.6345,120.0,-28.9526,230.2202,,,,,,
2026-08-26 18:59:54,42.4748439,-82.8512362,15.082,7.9114,61.3351,81.1829,-61.3122,0.0,,,80.4758,0.0562,0.0224,,,,,,,,,,,,12.5814,78.6108,13.6133,115.0411,192.4365,-58.1645,-3.4897,7.948,146.2619,15.0387,12.5291,18.6914,0.4448,12.4696,0.2799,50.0,6.8706,146.2619,12.5291,18.8029,120.0,-31.4158,230.0318,,600.3606,,6847.1131,,
2026-08-26 18:59:55,42.474861,-82.8511886,,8.2613,62.5097,80.8391,-46.2961,0.0,-1.4829,-0.3678,81.1799,0.054,0.0209,,,,,,,,,,,,11.1234,80.7712,12.7913,120.868,195.1293,-55.2481,-3.8462,7.8644,145.9165,14.8744,12.4465,18.3615,0.4516,12.1128,0.3175,50.0,6.8462,145.9165,12.4465,18.72,120.0,-30.5858,228.0314,,601.5646,,6860.8926,,
2026-08-26 18:59:56,42.4748785,-82.8511424,15.1476,8.0281,59.9715,80.9938,-1.296,0.0,-0.2237,0.0976,81.981,0.0518,0.0194,,,7.2197,17.3993,10.0,0.0058,48.092,16.7453,67.1133,0.0,0.0,11.8996,79.5856,13.1931,117.4895,192.515,-55.6664,-3.7776,7.7912,143.8476,14.7909,11.9515,18.1735,0.4518,11.9277,0.3167,50.0,6.6999,143.8476,11.9515,18.2234,120.0,-26.1791,225.0624,,,,,,
2026-08-26 18:59:57,42.4748959,-82.8510998,,7.7948,60.9513,,-143.7906,0.0,-0.9465,0.0722,82.8683,0.0498,0.0179,,,,,,,,,,,,10.5716,79.3085,11.9522,119.6417,192.6094,-58.7604,-3.6411,7.2169,143.5657,14.6427,11.8841,17.8363,0.447,11.5938,0.3141,50.0,6.68,143.5657,11.8841,18.1558,120.0,-26.6094,224.5613,,603.8421,,6886.8112,,
2026-08-26 18:59:58,42.4749141,-82.8510573,15.5085,7.6782,61.4039,80.0599,163.7261,0.0,0.3906,-0.4813,83.8958,0.0478,0.0164,,,,,,,,,,,,10.5738,78.7195,11.8495,118.9427,192.9661,-54.7726,-3.8027,6.8461,140.9448,14.403,11.2571,17.2973,0.4531,11.0381,0.3445,50.0,6.4947,140.9448,11.2571,17.5268,120.0,-22.7358,221.3035,,,,,,
2026-08-26 18:59:59,42.474931,-82.8510135,,8.0475,62.2691,82.9706,58.7305,0.0,-3.0644,-0.9504,84.9008,0.0457,0.0149,,,,,,,,,,,,10.7359,79.5146,12.0144,118.5191,194.8736,-57.5228,-3.6551,6.9635,140.0429,14.4114,11.0413,17.3069,0.4498,11.0578,0.3305,50.0,6.4309,140.0429,11.0413,17.3103,120.0,-21.7121,221.6414,,605.9548,,6910.7614,,
2026-08-26 19:00:00,42.4749474,-82.8509697,15.4429,7.8142,62.1315,82.8044,-342.4752,,-2.0618,-0.6167,85.9528,0.0437,0.0135,,,7.2198,17.3993,10.0,0.0023,48.092,16.7453,66.9003,0.0,0.0,9.7422,81.4472,11.5622,123.5694,197.6601,-58.302,,7.3498,140.0,,10.9531,,,,,49.6607,6.4047,140.0,10.9531,17.205,120.0,-20.9478,222.6743,,,,,,
2026-08-26 19:00:01,42.4749685,-82.8509219,,8.0475,57.0379,75.2242,-526.1918,0.0,1.6236,0.5543,87.3201,0.0417,0.0119,,,,,,,,,,,,8.74,81.957,11.02,128.2518,196.9154,-50.9624,-4.0414,7.1479,140.0,14.1358,10.7847,16.9577,0.4635,10.8287,0.3732,48.9282,6.3547,140.0,10.7847,16.9999,120.0,-16.9319,219.3813,,608.268,,6937.3362,,
2026-08-26 19:00:02,42.4749932,-82.8508864,15.7054,7.7948,45.0631,65.7646,-533.638,0.0,1.3884,-0.2948,89.244,0.0401,0.0102,,,,,,,,,,,,9.95,76.2093,11.1356,119.7987,179.8164,,-4.6132,6.5603,140.0,13.7779,10.2271,16.1609,0.4932,10.5545,0.4371,46.5016,6.1891,140.0,10.2271,16.3204,120.0,-15.823,212.0846,,,,,,
2026-08-26 19:00:03,42.4750221,-82.8508564,15.6398,8.1253,35.7067,56.2192,,0.0,,,91.7065,0.0387,0.0082,,,,,,,,,,,,9.8997,82.1626,11.8619,124.2305,174.5675,-53.6324,-4.2185,5.2383,140.0,13.3869,10.366,16.1183,0.491,10.255,0.4114,47.1061,6.2304,140.0,10.366,16.4897,120.0,-18.1716,205.9557,,610.7484,,6965.5514,,
2026-08-26 19:00:04,42.475054,-82.850829,,8.0669,29.238,49.6416,-398.6136,0.0,1.5869,0.2079,94.6498,0.0375,0.0061,,,7.2199,17.3993,10.0,0.008,48.092,16.7453,63.8273,0.0,0.0,,,,,,-53.1339,-4.3055,4.1523,140.0,13.8327,10.6524,16.5008,0.4843,10.5964,0.4063,48.3523,6.3154,140.0,10.6524,16.8386,120.0,-15.5497,197.0219,,,,,,
2026-08-26 19:00:05,42.4750872,-82.8508077,15.7054,7.7365,26.8832,49.0343,-113.6072,0.0,1.9468,0.4159,97.8505,0.0368,0.0039,,,,,,,,,,,,8.7678,85.8513,11.4525,130.2196,172.371,-42.2993,-4.7875,2.8231,140.0,13.8914,10.8336,16.134,0.4967,10.6414,0.4499,49.1407,6.3692,140.0,10.8336,17.0594,120.0,-11.5915,191.4921,,613.1784,,6993.1105,,
2026-08-26 19:00:06,42.4751176,-82.8507853,,7.2505,32.12,56.1103,415.0804,0.0,-0.3252,-0.1074,101.0028,0.0361,0.0019,,,,,,,,,,,,8.5314,105.6543,13.0078,140.836,180.2773,-45.1526,-5.3135,2.3545,141.795,14.4668,11.4605,15.982,0.4909,11.1879,0.4749,50.0,6.5548,141.795,11.4605,17.7308,120.0,-5.6707,193.6253,,614.2631,,7005.5777,,
2026-08-26 19:00:07,42.4751447,-82.8507601,16.0007,6.9784,38.6517,62.0862,298.8055,0.0,-2.6486,0.4337,103.9907,0.0354,-0.0,,,,,,,,,,,,8.2469,119.2463,13.4937,147.7739,190.9876,-47.0033,-5.8037,2.3731,143.5012,14.6933,11.8686,15.1289,0.4966,11.7088,0.4957,50.0,6.6754,143.5012,11.8686,18.1403,120.0,0.366,200.3964,,,,,,
2026-08-26 19:00:08,42.4751697,-82.8507292,,7.2116,45.7507,,370.0769,0.0,-3.03,-0.3465,106.9732,0.0346,-0.0018,,,7.2199,17.3993,10.0,0.0053,48.092,16.7453,66.4155,0.0,0.0,7.9571,122.6374,13.0915,149.2141,198.9934,-51.5468,-5.9087,2.6724,143.3638,14.779,11.8358,14.2819,0.5003,11.9013,0.4965,50.0,6.6657,143.3638,11.8358,18.1073,120.0,4.0585,203.9183,,616.2632,,7028.2154,,
2026-08-26 19:00:09,42.4751974,-82.8506887,15.8694,7.717,51.188,67.6554,,0.0,-4.9177,1.1944,110.2731,0.0335,-0.0037,,,,,,,,,,,,7.5582,124.833,13.0749,151.674,206.8181,-52.4693,-6.1439,3.2657,144.209,14.7387,12.038,13.4738,0.5316,11.8111,0.5202,50.0,6.7255,144.209,12.038,18.3102,120.0,5.5614,210.5301,,617.335,,7040.6826,,
2026-08-26 19:00:10,42.4752226,-82.8506506,,7.9503,49.4806,72.9553,193.858,0.0,-4.6425,1.5002,113.7484,0.0326,-0.0055,,,,,,,,,,,,8.1624,118.0218,13.6238,148.0693,209.1505,-56.7264,-6.4591,3.5305,144.5851,14.9098,12.128,13.9924,0.5382,12.1904,0.5299,50.0,6.7521,144.5851,12.128,18.4004,120.0,4.3859,214.9715,,,,,,
2026-08-26 19:00:11,42.4752485,-82.8506112,16.1975,8.0669,52.1907,70.4514,-121.0878,0.0,,,117.5786,0.0317,-0.0075,,,,,,,,,,,,7.1962,120.7378,13.2141,152.0904,211.8681,-76.3616,-6.7288,2.9465,143.8577,14.8455,11.9539,13.7563,0.5691,12.0489,0.5585,50.0,6.7006,143.8577,11.9539,18.2259,120.0,7.5268,214.3917,,619.7386,,7067.9136,,
2026-08-26 19:00:12,42.4752716,-82.8505685,16.0663,8.0281,55.1644,72.8865,182.6269,0.0,0.0308,2.5553,121.5681,0.0308,-0.0093,,,7.22,17.3993,10.0,0.0083,48.092,16.7453,65.4518,0.0,0.0,7.5628,108.9559,12.7659,145.9237,207.5427,-66.5125,-7.0709,2.8974,143.0946,14.7382,11.7714,12.9385,0.6215,11.8099,0.5987,50.0,6.6467,143.0946,11.7714,18.0427,120.0,3.9679,215.0667,,,,,,
2026-08-26 19:00:13,42.4752915,-82.8505288,,8.1836,55.8577,75.0809,,0.0,,,125.2545,0.03,-0.0109,,,,,,,,,,,,10.4077,90.7489,13.2514,128.248,195.2293,-62.1465,-6.1849,2.7483,,14.7089,,15.2321,0.5278,11.744,0.5266,,,,,,,,,,622.1306,,7095.1446,,
2026-08-26 19:00:14,42.4753158,-82.8504864,15.771,8.6112,55.5024,73.4079,58.8749,0.0,-3.0758,1.3489,129.6146,0.0294,-0.0127,,,,,,,,,,,,9.928,94.4354,13.5159,132.9172,198.7517,-71.2279,-5.5922,2.4412,143.4856,14.8545,11.8649,16.9609,0.4845,12.0688,0.4634,50.0,6.6743,143.4856,11.8649,18.1365,120.0,-8.5597,217.3897,,,,,,
2026-08-26 19:00:15,42.4753393,-82.8504429,,,,73.2704,28.9527,0.0,-4.2507,1.1637,,,,,,,,,,,,,,,8.7043,95.2321,12.9059,137.8071,202.3306,-68.9361,-5.9885,,144.3525,14.8131,12.0723,16.6248,0.517,11.9772,0.5,50.0,6.7356,144.3525,12.0723,18.3446,120.0,-11.2651,218.0256,,624.5425,,7122.7036,,
2026-08-26 19:00:16,42.4753604,-82.8503992,15.935,8.5918,56.2702,73.2532,51.4115,0.0,-2.2818,0.9943,136.6024,0.0287,-0.0155,,,7.2201,17.3993,10.0,0.0091,48.092,16.7453,65.6229,0.0,0.0,8.9575,90.6178,12.635,134.8545,200.2368,-65.4582,-6.3163,1.5448,143.1995,14.6447,11.7965,15.798,0.5535,11.5983,0.5446,50.0,6.6541,143.1995,11.7965,18.0679,120.0,-7.5873,216.7285,,,,,,
2026-08-26 19:00:17,42.4753864,-82.8503528,,8.7278,54.8378,70.5603,-244.7848,0.0,-1.6026,1.1463,141.6852,0.0284,-0.0174,,,,,,,,,,,,9.7787,89.6874,13.0296,131.3671,194.7208,-65.7906,-6.0419,0.7239,142.3568,14.6589,11.5949,16.2628,0.5357,11.6308,0.5195,50.0,6.5945,142.3568,11.5949,17.8656,120.0,-7.0427,215.6592,,626.9796,,7150.5908,,
2026-08-26 19:00:18,42.4754101,-82.8503153,15.771,8.2224,52.1621,,100.1794,0.0,-0.5733,1.0273,145.8963,0.0284,-0.019,,,,,,,,,,,,9.9664,89.5649,12.9435,129.6487,193.2255,-62.9888,-5.7449,-0.6041,142.8297,14.6905,11.708,16.6384,0.5129,11.7024,0.4909,50.0,6.628,142.8297,11.708,17.9791,120.0,-9.8866,214.6564,,628.2122,,7164.6984,,
2026-08-26 19:00:19,42.4754319,-82.8502761,,8.0281,52.46,74.2215,21.4034,0.0,-2.0237,0.4866,150.213,0.0287,-0.0208,,,,,,,,,,,,10.4473,89.4429,13.063,126.8962,193.1435,-62.7424,-5.1675,-1.2118,143.1106,14.7406,11.7752,17.24,0.4723,11.8153,0.4374,50.0,6.6478,143.1106,11.7752,18.0465,120.0,-12.2431,215.6508,,,,,,
2026-08-26 19:00:20,42.4754525,-82.8502377,16.0663,7.6199,54.8435,74.4679,-12.3174,0.0,-1.5726,0.5894,154.4449,0.0291,-0.0224,,,7.2202,17.3993,10.0,0.0071,48.092,16.7453,66.2153,0.0,0.0,9.9053,91.9789,12.7872,129.271,195.5398,-64.3181,-4.895,-1.5365,143.4694,14.7818,11.861,17.4403,0.4528,11.9074,0.4111,50.0,6.6732,143.4694,11.861,18.1326,120.0,-15.0929,217.5799,,630.4147,,7189.6328,,
2026-08-26 19:00:21,42.4754727,-82.8501991,,7.7948,53.9325,73.8319,,0.0,,,158.475,0.0295,-0.0241,,,,,,,,,,,,10.5919,90.8131,13.2112,126.7114,192.7584,-62.1695,-4.7635,-1.7916,143.0021,14.6924,11.7492,17.2729,0.4509,11.7067,0.4069,50.0,6.6401,143.0021,11.7492,18.0205,120.0,-14.4885,216.8811,,631.5471,,7202.7561,,
2026-08-26 19:00:22,42.4754956,-82.85016,16.0663,7.6782,51.8871,70.7952,-241.0376,0.0,-3.3686,0.5315,162.3307,0.0301,-0.0256,,,,,,,,,,,,,,,,,-66.2547,-4.7808,-2.5758,143.5929,14.7891,11.8906,17.5261,0.4477,11.9238,0.4009,50.0,6.6819,143.5929,11.8906,18.1623,120.0,-16.3222,216.2238,,,,,,
2026-08-26 19:00:23,42.4755202,-82.8501206,,8.203,50.7698,68.2112,-113.4938,0.0,-1.4114,-0.2922,166.1874,0.031,-0.0274,,,,,,,,,,,,9.7791,92.8425,12.9333,130.9582,193.5409,-61.585,-5.2262,-3.2543,143.2045,14.7185,11.7977,17.0615,0.4729,11.7655,0.4442,50.0,6.6545,143.2045,11.7977,18.0691,120.0,-13.9043,213.9869,,633.8614,,7229.0029,,
2026-08-26 19:00:24,,,16.2631,8.2613,46.8164,66.2803,-75.9673,0.0,-0.3008,0.9965,171.5134,0.0327,-0.0302,,,7.2202,17.3993,10.0,0.0085,48.092,16.7453,64.4214,0.0,0.0,9.623,93.6687,13.0194,132.471,191.6293,-51.8505,-5.2128,-4.5778,142.9818,14.623,11.7444,16.9198,0.4831,11.5489,0.4514,50.0,6.6387,142.9818,11.7444,18.0156,120.0,-11.9344,211.0879,,635.1232,,7243.4386,,
2026-08-26 19:00:25,42.475549,-82.8500792,,8.3196,47.6758,65.524,-45.9661,0.0,-1.6309,-0.1599,174.7918,0.0341,-0.0322,,,,,,,,,,,,10.2263,84.0091,12.4551,125.2571,183.8519,-58.0614,,-5.1977,142.2632,,11.5725,,,,,50.0,6.5879,142.2632,11.5725,17.8432,120.0,-14.2765,209.0447,,636.3194,,7257.2181,,
2026-08-26 19:00:26,42.4755752,-82.8500397,16.1319,8.3585,46.1689,63.7077,-143.4331,0.0,-0.8666,0.49,177.8755,0.0356,-0.0342,,,,,,,,,,,,9.8908,93.427,13.3399,132.2585,189.5968,-57.0587,-5.2021,-5.5137,143.632,14.708,11.8999,17.2162,0.4827,11.742,0.443,50.0,6.6847,143.632,11.8999,18.1717,120.0,-13.0922,209.0898,,637.5864,,7271.6538,,
2026-08-26 19:00:27,42.4756036,-82.8500004,,8.4946,43.4359,62.8712,-53.4191,0.0,0.2221,0.8195,180.5236,0.0373,-0.0363,,,,,,,,,,,,9.2467,96.5316,13.1908,135.8575,190.765,,-5.5888,-6.1002,143.7938,14.7985,11.9387,17.0146,0.4931,11.9446,0.4679,50.0,6.6961,143.7938,11.9387,18.2105,120.0,-9.9204,207.6093,,,,,,
2026-08-26 19:00:28,42.4756329,-82.849964,15.8694,8.2613,41.253,,-0.9248,0.0,0.1123,0.6536,182.9403,0.0391,-0.0384,,,7.2203,17.3993,10.0,0.0083,48.092,16.7453,64.5954,0.0,0.0,8.8105,98.33,12.9515,137.6939,190.6018,-55.2481,-5.9733,-6.5107,143.3162,14.7716,11.8244,16.2538,0.5141,11.8847,0.5026,50.0,6.6624,143.3162,11.8244,18.0959,120.0,-6.7054,206.6451,,640.1802,,7301.1813,,
2026-08-26 19:00:29,42.4756617,-82.8499273,,7.9697,40.9493,63.4613,160.2746,0.0,-1.3554,0.8999,184.8917,0.0409,-0.0404,,,,,,,,,,,,8.8144,104.3147,13.3354,140.174,193.1009,-54.9387,-6.0254,-6.4774,143.8103,14.7493,11.9426,15.9059,0.516,11.8349,0.5091,50.0,6.6973,143.8103,11.9426,18.2145,120.0,-5.2378,207.5044,,,,,,
2026-08-26 19:00:30,42.4756891,-82.8498938,15.935,7.4643,44.4787,66.1313,,0.0,,,,,,,,,,,,,,,,,8.5199,104.4129,12.7438,139.6453,195.1076,-54.9387,-5.9567,,143.0449,14.791,11.7595,15.7119,0.5027,11.9281,0.4994,50.0,6.6432,143.0449,11.7595,18.0308,120.0,-3.7231,208.7807,,642.5779,,7328.4123,,
2026-08-26 19:00:31,42.4757138,-82.8498591,,7.3477,44.96,68.1768,186.5287,0.0,-2.4943,-0.3354,187.7731,0.0436,-0.0433,,,,,,,,,,,,8.4321,109.1763,12.8924,141.8481,199.1978,-55.5976,-5.7309,-6.0857,143.0451,14.671,11.7595,15.2804,0.4933,11.6582,0.4916,50.0,6.6432,143.0451,11.7595,18.0308,120.0,-3.0351,210.322,,,,,,
2026-08-26 19:00:32,42.47574126710592,-82.84982234295427,16.0007,7.7365,45.2236,66.9392,-98.3333,0.0,-3.0397,1.1893,189.3782,0.0453,-0.0451,,,7.2204,17.3993,10.0,0.0057,48.092,16.7453,64.3987,0.0,0.0,7.9019,120.2506,13.5474,149.7446,206.2217,-64.828,-5.8979,-6.2018,144.2463,14.7818,12.0469,15.3352,0.4964,11.9075,0.4953,50.0,6.7281,144.2463,12.0469,18.3191,120.0,0.7666,211.1018,,644.8308,,7354.3309,,
2026-08-26 19:00:33,42.47576814528347,-82.84978932833242,,7.6587,45.5272,65.9115,-0.8835,0.0,-0.9345,0.7137,190.8121,0.0471,-0.0471,,,,,,,,,,,,7.6687,118.246,13.1876,149.1853,204.6616,-63.218,-6.3856,-6.5801,144.2043,14.8442,12.0369,14.3496,0.5344,12.046,0.5301,50.0,6.7252,144.2043,12.0369,18.309,120.0,3.2649,210.5609,,,,,,
2026-08-26 19:00:34,42.47579151955152,-82.8497560378389,15.5085,7.7559,45.172,66.8111,-57.1113,0.0,-3.094,-0.4933,192.7357,0.0495,-0.0495,,,,,,,,,,,,9.7571,104.9376,13.7955,136.893,194.8097,-52.5323,-6.288,-6.3619,,14.8696,,14.4857,0.5231,12.1021,0.5196,,,,,,,,,,647.0556,,7379.5934,,
2026-08-26 19:00:35,42.47581613746374,-82.84972227819947,15.8694,8.514,44.6621,64.7312,,0.0,,,194.0413,0.0514,-0.0514,,,,,,,,,,,,10.4749,106.8464,14.9821,137.9982,195.113,-54.2054,-5.8586,-6.4052,145.3738,15.0447,12.3166,16.2887,0.4723,12.4824,0.4693,50.0,6.8078,145.3738,12.3166,18.5897,120.0,-4.2115,211.8932,,648.2066,,7392.7168,,
2026-08-26 19:00:36,42.47584388464229,-82.84968494650968,,8.689,44.0318,61.9811,-128.2658,0.0,-3.4054,0.5112,195.3637,0.0535,-0.0535,,,7.2205,17.3993,10.0,0.0051,48.092,16.7453,63.3301,0.0,0.0,8.4857,113.6231,14.585,147.7881,201.1602,-57.1274,-6.3506,-7.6908,147.9855,15.2965,12.9415,16.8991,0.4913,13.0111,0.4881,50.0,6.9925,147.9855,12.9415,19.2165,120.0,-8.9355,213.347,,649.4905,,7407.4806,,
2026-08-26 19:00:37,42.47587535696714,-82.84964552072424,13.0479,9.5248,40.5081,62.2102,-38.1934,0.0,-0.9542,2.0138,196.5274,0.0558,-0.0558,,,,,,,,,,,,8.6254,109.2275,14.8758,146.8053,197.7374,-55.1164,-7.3602,-8.6268,148.4257,15.3358,13.0468,16.0237,0.5611,13.0918,0.5622,50.0,7.0236,148.4257,13.0468,19.3222,120.0,-4.8878,212.218,,,,,,
2026-08-26 19:00:38,42.47590844967302,-82.84960595895433,,9.8164,42.2671,,153.0004,0.0,-2.3768,1.1877,197.6533,0.0583,-0.0582,,,,,,,,,,,,8.8913,104.9766,14.8754,144.731,196.8025,-53.7183,-7.8858,-9.0172,149.1274,15.412,13.2146,16.0501,0.5935,13.2469,0.5953,50.0,7.0732,149.1274,13.2146,19.4906,120.0,-2.9686,211.6037,,652.289,,7439.3047,,
2026-08-26 19:00:39,42.4759463,-82.8495597,13.1791,9.8747,45.4126,64.8688,156.72,0.0,-3.688,1.974,198.9312,0.0612,-0.0609,,,,,,,,,,,,9.1365,107.7436,15.4933,145.8295,200.3633,-54.1137,-8.0334,-9.1403,149.5449,15.4895,13.3145,16.3704,0.5971,13.4024,0.5994,50.0,7.1028,149.5449,13.3145,19.5908,120.0,-4.2329,213.0558,,653.9024,,7457.6774,,
2026-08-26 19:00:40,42.47598,-82.8495133,,10.4384,49.6468,67.9112,302.948,0.0,-3.7382,1.7642,200.176,0.0637,-0.0633,,,7.2205,17.3993,10.0,0.0091,48.092,16.7453,64.6023,0.0,0.0,8.7009,106.29,15.3146,146.9526,204.7565,-56.6691,-8.2721,-8.9407,150.0,15.6629,13.5504,16.4844,0.6075,13.5645,0.6098,50.0,7.1753,150.0,13.5504,19.8466,120.0,-4.5189,215.8456,,655.4217,,7475.0659,,
2026-08-26 19:00:41,42.4760103,-82.8494623,13.3432,10.9049,53.4111,72.2026,,0.0,,,,,,,,,,,,,,,,,8.5538,101.839,15.0032,146.0824,207.0882,-57.8837,-8.5759,,150.0,15.6684,13.5703,16.3815,0.6296,13.5692,0.632,50.0,7.1817,150.0,13.5703,19.8697,120.0,-3.6895,219.3552,,,,,,
2026-08-26 19:00:42,42.47604,-82.8494094,,11.2354,54.7977,73.36,74.2175,0.0,-5.3334,1.2002,202.1475,0.0674,-0.0667,,,,,,,,,,,,,,,,,-62.2841,-8.9777,-8.7676,150.0,15.5569,13.5014,16.2479,0.6636,13.4727,0.6664,50.0,7.1598,150.0,13.5014,19.7901,120.0,-3.8636,221.4525,,658.2747,,7507.5462,,
2026-08-26 19:00:43,42.4760707,-82.8493494,14.1634,11.663,55.7259,72.6954,-53.2301,0.0,-4.3763,2.2435,203.5769,0.0701,-0.0692,,,,,,,,,,,,8.1216,101.8806,15.2574,148.6072,210.3709,-62.2955,-9.5986,-9.6133,150.0,15.6079,13.5131,16.0058,0.7078,13.5169,0.7101,50.0,7.1635,150.0,13.5131,19.8036,120.0,-2.5041,222.5812,,659.9528,,7526.575,,
2026-08-26 19:00:44,42.4761032,-82.8492869,,12.3239,54.9352,71.9333,-53.2026,0.0,-1.7684,1.7395,205.4556,0.0742,-0.0727,,,7.2206,17.3993,10.0,0.0077,48.092,16.7453,63.7169,0.0,0.0,8.6433,94.4636,15.3215,145.7769,207.5843,-62.2955,-9.9206,-10.4416,150.0,15.6489,13.5381,16.3579,0.7292,13.5524,0.732,50.0,7.1714,150.0,13.5381,19.8325,120.0,-2.9273,222.4411,,,,,,
2026-08-26 19:00:45,42.4761354,-82.8492243,14.2946,12.7905,55.1014,72.174,-30.706,0.0,-1.247,1.5513,206.7332,0.0771,-0.0752,,,,,,,,,,,,10.0858,85.4252,15.2894,138.886,201.024,-59.9521,-9.5326,-10.8357,150.0,15.5977,13.5505,17.2738,0.7082,13.508,0.7057,50.0,7.1754,150.0,13.5505,19.8468,120.0,-7.578,222.1338,,663.4655,,7566.6013,,
2026-08-26 19:00:46,42.4761675,-82.8491618,14.5243,12.5961,52.5803,69.3206,-248.1469,0.0,-1.3709,0.787,207.8532,0.0802,-0.0778,,,,,,,,,,,,11.3831,74.4658,14.3674,130.24,192.6456,-59.9521,-8.6435,-11.0983,148.9531,15.2648,13.1729,17.7141,0.6962,12.9458,0.6677,50.0,7.0609,148.9531,13.1729,19.4488,120.0,-12.8869,220.7961,,665.238,,7586.9425,,
2026-08-26 19:00:47,42.4762074,-82.8490955,,12.8293,48.2488,67.3554,44.3813,0.0,-2.0156,0.7548,208.8113,0.0837,-0.0809,,,,,,,,,,,,10.3229,67.6921,12.7678,131.5825,189.7695,-60.0209,-8.4981,-11.8051,145.0369,14.871,12.236,16.9926,0.7341,12.1052,0.702,50.0,6.784,145.0369,12.236,18.5089,120.0,-12.2578,214.7349,,,,,,
2026-08-26 19:00:48,42.4762466,-82.8490356,14.2946,13.3931,49.7213,66.5819,-53.096,0.0,-2.9995,0.608,209.61,0.0871,-0.0839,,,7.2207,17.3993,10.0,0.0059,48.092,16.7453,62.6206,0.0,0.0,9.1096,65.1166,12.1564,137.1719,191.2268,-60.1584,-9.2007,-12.2742,142.4613,14.6389,11.6199,15.8667,0.8091,11.5852,0.7942,50.0,6.6019,142.4613,11.6199,17.8907,120.0,-7.4502,210.6048,,669.1572,,7631.5619,,
2026-08-26 19:00:49,42.4762875,-82.8489734,14.5243,13.6846,46.719,64.313,,0.0,-2.6288,1.4276,,,,,,,,,,,,,,,8.9631,68.9976,13.0894,140.2626,193.5131,-60.9548,-9.9986,,142.9648,14.7274,11.7403,15.5587,0.8538,11.7857,0.8484,50.0,6.6375,142.9648,11.7403,18.0115,120.0,-4.8012,209.8366,,670.9128,,7651.575,,
2026-08-26 19:00:50,42.4763314,-82.8489119,,13.6652,44.4902,,-188.0826,0.0,,,210.6513,0.0925,-0.0886,,,,,,,,,,,,8.5098,68.091,13.0744,142.8528,193.3947,,-10.6752,-13.3222,143.2929,14.7369,11.8188,15.0303,0.9059,11.807,0.9041,50.0,6.6607,143.2929,11.8188,18.0903,120.0,-2.0573,208.1451,,,,,,
2026-08-26 19:00:51,42.476377,-82.8488516,14.2946,13.8401,43.3443,62.4795,-143.0756,0.0,-1.0431,1.0167,211.2031,0.0962,-0.0919,,,,,,,,,,,,9.1777,68.8139,13.5009,140.6659,189.8533,-61.0236,-10.5862,-13.6245,144.1531,14.8733,12.0246,15.5914,0.8764,12.1102,0.8742,50.0,6.7215,144.1531,12.0246,18.2968,120.0,-2.8529,207.6519,,674.9929,,7698.163,,
2026-08-26 19:00:52,42.4764235,-82.8487942,,13.5097,40.4107,61.9925,-86.8409,0.0,0.6994,0.7766,211.7431,0.1014,-0.0965,,,7.2208,17.3993,10.0,0.0031,48.092,16.7453,63.3865,0.0,0.0,10.0807,67.129,13.4164,136.1874,184.7475,-61.1152,-10.0326,-13.2285,144.6972,14.8928,12.1548,16.1998,0.8364,12.153,0.8255,50.0,6.76,144.6972,12.1548,18.4273,120.0,-6.5303,207.2955,,,,,,
2026-08-26 19:00:53,42.4764703,-82.8487408,14.229,13.5874,40.1586,62.8462,-53.0822,0.0,-0.2817,-0.206,,,,,,,,,,,,,,,11.0837,70.6124,14.2633,132.8603,182.3019,-61.0923,-9.4406,,146.3976,15.1493,12.5616,17.4311,0.7729,12.7047,0.7431,50.0,6.8802,146.3976,12.5616,18.8354,120.0,-11.554,209.1073,,678.967,,7743.4386,,
2026-08-26 19:00:54,42.476518,-82.8486878,,13.4514,38.8007,60.8924,-113.0675,0.0,-2.1306,0.4049,212.2001,0.1072,-0.1018,,,,,,,,,,,,10.3581,74.4433,14.5234,136.6014,184.3139,-61.0923,-9.6089,-13.4566,147.7192,15.2093,12.8778,17.3357,0.7713,12.8304,0.7489,50.0,6.9737,147.7192,12.8778,19.1526,120.0,-12.4788,209.3065,,680.9709,,7766.4044,,
2026-08-26 19:00:55,42.4765723,-82.8486307,15.2133,13.5486,38.2965,60.4914,-11.7983,0.0,-2.2986,-0.0088,212.4008,0.111,-0.1053,,,,,,,,,,,,8.6753,73.8296,13.7694,142.7626,187.2182,-61.0923,,-13.3675,146.6102,,12.6124,,,,,50.0,6.8953,146.6102,12.6124,18.8864,120.0,-7.2927,207.5636,,683.1555,,7791.3388,,
2026-08-26 19:00:56,42.4766217,-82.8485785,,13.4125,39.007,60.6231,70.7145,0.0,-2.6325,-0.1117,212.6908,0.1166,-0.1104,,,7.2208,17.3993,10.0,0.0092,48.092,16.7453,63.1689,0.0,0.0,8.1622,74.5867,13.8619,145.4138,189.2075,-61.0694,-10.3208,-13.2874,146.3188,15.0905,12.5427,16.2687,0.8237,12.5802,0.8204,50.0,6.8747,146.3188,12.5427,18.8165,120.0,-3.4772,206.9063,,,,,,
2026-08-26 19:00:57,42.4766703,-82.8485241,14.229,13.4514,39.4138,61.7118,3.1868,0.0,-2.211,0.9113,212.9038,0.1203,-0.1138,,,,,,,,,,,,7.6559,78.7694,14.1961,148.064,192.4104,-61.3215,-10.8804,-13.3795,146.7605,15.0743,12.6484,15.5917,0.8679,12.5456,0.8673,50.0,6.9059,146.7605,12.6484,18.9225,120.0,-0.8242,207.9685,,687.1688,,7836.9425,,
2026-08-26 19:00:58,42.476718,-82.8484701,,13.2376,39.8549,63.1785,,0.0,,,213.1029,0.1241,-0.1172,,,,,,,,,,,,7.8448,72.2403,13.2298,145.6181,190.3215,-61.31,-11.2491,-13.2539,145.5948,15.1215,12.3695,15.1325,0.8918,12.6459,0.8895,50.0,6.8235,145.5948,12.3695,18.6427,120.0,0.7974,207.7941,,,,,,
2026-08-26 19:00:59,42.4767653,-82.8484169,14.2946,13.3542,40.8404,64.0208,108.1962,0.0,-2.4669,-0.9056,213.2919,0.1278,-0.1205,,,,,,,,,,,,8.4344,79.4138,14.3383,144.6737,191.5128,-61.2241,-11.0633,-13.0633,146.3817,14.9718,12.5578,14.7691,0.9019,12.3254,0.8976,50.0,6.8791,146.3817,12.5578,18.8316,120.0,-1.2018,209.4728,,690.9269,,7879.9215,,
2026-08-26 19:01:00,42.4768129,-82.848361,,13.1598,42.7713,,55.719,0.0,-2.9232,0.4372,213.4957,0.1311,-0.1235,,,7.2209,17.3993,10.0,0.006,48.092,16.7453,63.8833,0.0,0.0,8.8617,77.4883,14.4246,143.1476,191.5938,-61.2069,-10.9158,-13.3362,147.451,15.1169,12.8136,15.3892,0.8646,12.6362,0.8639,50.0,6.9547,147.451,12.8136,19.0883,120.0,-2.9853,211.4226,,692.9296,,7902.8874,,
2026-08-26 19:01:01,42.4768593,-82.848303,14.393,14.0928,44.2667,64.5135,74.496,0.0,-3.8047,0.4282,213.7881,0.1352,-0.1271,,,,,,,,,,,,9.184,79.7375,15.2778,143.7352,193.5492,-61.1782,-10.9212,-13.6244,149.466,15.2562,13.2956,15.9694,0.844,12.9279,0.8448,50.0,7.0972,149.466,13.2956,19.5718,120.0,-5.5413,213.656,,694.933,,7925.5252,,
2026-08-26 19:01:02,42.4769106,-82.8482353,,14.2095,43.6135,63.5968,-79.2263,0.0,-3.8173,-0.0585,214.0853,0.1391,-0.1306,,,,,,,,,,,,10.0281,78.8467,15.8341,141.5842,191.7251,-61.1553,-11.176,-13.9266,,15.4818,,16.6307,0.8328,13.387,0.8348,,,,,,,,,,697.2138,,7951.4438,,
2026-08-26 19:01:03,42.4769604,-82.8481746,13.8353,14.0345,40.1815,61.5055,-172.9599,0.0,-2.2139,0.2275,214.2971,0.143,-0.1341,,,,,,,,,,,,,,,,,-62.1695,-11.2663,-13.9464,150.0,15.7795,13.6203,17.2064,0.8251,13.6655,0.8244,50.0,7.1976,150.0,13.6203,19.9274,120.0,-7.2639,213.2536,,699.3643,,7976.0501,,
2026-08-26 19:01:04,42.4770102,-82.8481173,,13.4514,37.397,59.0246,-60.4734,0.0,1.4074,0.8053,214.4491,0.1469,-0.1376,,,7.221,17.3993,10.0,0.0051,48.092,16.7453,62.8781,0.0,0.0,8.8985,81.3595,15.5583,145.5662,192.6391,-61.7054,-11.4453,-13.7822,150.0,15.8578,13.6918,16.979,0.8318,13.7333,0.8334,50.0,7.2203,150.0,13.6918,20.01,120.0,-6.6102,211.8495,,701.4903,,8000.3283,,
2026-08-26 19:01:05,42.4770594,-82.8480672,14.8196,12.7516,36.4115,59.3283,,0.0,,,214.505,0.1506,-0.141,,,,,,,,,,,,8.5367,77.6252,14.4478,144.7505,188.8827,-51.5697,-11.1487,-13.1516,150.0,15.4374,13.502,16.3085,0.8358,13.298,0.8384,50.0,7.1599,150.0,13.502,19.7907,120.0,-4.6823,209.8769,,703.4939,,8023.2942,,
2026-08-26 19:01:06,42.4771065,-82.8480207,,12.3045,37.248,60.4226,22.0256,0.0,-0.4526,-1.9888,214.5416,0.1541,-0.1442,,,,,,,,,,,,10.5135,66.8768,12.9704,131.8014,177.0901,-53.7871,-9.5943,-12.4112,145.3605,14.9318,12.3135,16.2816,0.7942,12.2384,0.784,50.0,6.8069,145.3605,12.3135,18.5865,120.0,-6.0875,205.0009,,705.1899,,8042.6512,,
2026-08-26 19:01:07,42.4771502,-82.8479741,14.5899,11.9352,37.9585,61.0128,67.0533,0.0,-2.7621,-1.6322,214.6201,0.1574,-0.1473,,,,,,,,,,,,9.9463,71.1174,13.1653,134.3704,180.1726,-55.7982,-8.9077,-12.2443,144.4531,14.8671,12.0964,16.5817,0.7569,12.0965,0.7364,50.0,6.7427,144.4531,12.0964,18.3687,120.0,-9.5618,204.731,,,,,,
2026-08-26 19:01:08,42.4771931,-82.8479282,,11.6825,40.405,64.5364,168.2846,0.0,-2.8765,0.0746,214.6997,0.1607,-0.1503,,,7.2211,17.3993,10.0,0.0079,48.092,16.7453,64.9746,0.0,0.0,7.8858,79.5229,13.1283,143.796,188.6737,-56.9384,-9.2719,-11.8127,144.2479,14.8321,12.0473,15.6964,0.7748,12.0193,0.7714,50.0,6.7282,144.2479,12.0473,18.3195,120.0,-5.4968,205.0249,,708.7285,,8083.0055,,
2026-08-26 19:01:09,42.4772372,-82.8478754,15.6398,11.3715,43.5849,68.5529,243.2893,,-0.7301,-0.3968,214.8338,0.1639,-0.1531,,,,,,,,,,,,6.9838,76.3048,12.0493,145.7279,192.1207,-56.9384,-9.373,-11.2866,142.4296,14.6039,11.6123,14.2991,0.8181,11.5051,0.8147,50.0,6.5997,142.4296,11.6123,17.8831,120.0,0.3467,205.5873,,710.5608,,8103.6748,,
2026-08-26 19:01:10,42.477273,-82.8478264,,11.4298,46.6846,,78.2947,0.0,-1.6012,0.6527,215.0239,0.1669,-0.1557,,,,,,,,,,,,7.8077,84.5647,13.0265,143.3678,195.059,-58.0384,-9.0916,-10.7093,142.1277,14.667,11.5401,14.4289,0.7837,11.649,0.7805,50.0,6.5783,142.1277,11.5401,17.8107,120.0,1.7082,208.7491,,712.2098,,8122.7037,,
2026-08-26 19:01:11,42.4773082,-82.8477748,14.393,11.0993,47.0971,69.63,70.8382,0.0,-2.7802,1.2531,215.2459,0.1699,-0.1583,,,,,,,,,,,,8.9637,83.3066,13.4566,138.5792,194.1862,-58.2791,-8.6968,-10.8939,143.3516,14.8028,11.8329,15.3922,0.7292,11.9542,0.7275,50.0,6.6649,143.3516,11.8329,18.1044,120.0,-1.9333,211.9727,,713.8207,,8141.0764,,
2026-08-26 19:01:12,42.4773441,-82.8477225,13.0479,11.7602,49.1827,69.8707,138.3659,0.0,-4.6211,0.1492,215.4604,0.173,-0.1609,,,7.2211,17.3993,10.0,0.0044,48.092,16.7453,64.6858,0.0,0.0,10.0372,85.2485,14.4843,136.3233,193.7734,-59.064,-8.4427,-11.2458,146.0979,15.1156,12.4899,16.7521,0.6783,12.6334,0.6683,50.0,6.859,146.0979,12.4899,18.7635,120.0,-7.2562,215.5659,,,,,,
2026-08-26 19:01:13,42.4773793,-82.847667,,12.0324,49.8359,70.9077,-157.8373,0.0,,,215.7127,0.1762,-0.1636,,,,,,,,,,,,10.8572,83.8205,15.0562,134.1989,193.6686,,-8.3652,-11.3346,148.3273,15.3542,13.0232,17.7368,0.6591,13.1295,0.6371,50.0,7.0167,148.3273,13.0232,19.2986,120.0,-12.504,218.6582,,717.1877,,8179.4622,,
2026-08-26 19:01:14,42.4774168,-82.8476103,14.1634,13.1015,49.9906,68.0143,59.7377,0.0,-4.7024,0.9142,215.9441,0.1795,-0.1664,,,,,,,,,,,,9.8864,85.7921,15.1476,139.3897,196.4596,-61.0694,-9.0383,-12.1496,149.8198,15.5059,13.3803,17.7776,0.6876,13.4285,0.6731,50.0,7.1222,149.8198,13.3803,19.6568,120.0,-12.716,219.1553,,718.9907,,8199.8034,,
2026-08-26 19:01:15,42.4774562,-82.8475485,,13.4708,50.0593,68.106,,0.0,-2.7929,1.2999,216.2031,0.183,-0.1693,,,,,,,,,,,,9.6745,84.5821,15.4215,141.3518,197.6789,-61.5621,-9.841,-12.8261,150.0,15.6982,13.5484,17.6279,0.7304,13.5951,0.7239,50.0,7.1747,150.0,13.5484,19.8443,120.0,-10.444,218.4068,,,,,,
2026-08-26 19:01:16,42.4774966,-82.8474836,14.0322,13.8207,49.3374,66.7423,-64.0212,0.0,-3.5861,0.9563,216.4752,0.1866,-0.1724,,,7.2212,17.3993,10.0,0.0068,48.092,16.7453,63.2373,0.0,0.0,10.4521,82.0453,15.855,139.2404,195.8249,-61.5736,-10.2079,-12.9484,150.0,15.9925,13.7919,17.9498,0.7454,13.8499,0.737,50.0,7.2522,150.0,13.7919,20.1256,120.0,-10.2021,217.6678,,722.643,,8241.4701,,
2026-08-26 19:01:17,42.4775437,-82.8474152,13.3432,13.7429,44.5704,62.7775,-360.238,0.0,-1.5083,1.2376,216.6853,0.1903,-0.1755,,,,,,,,,,,,9.3151,78.1331,14.858,142.1539,195.4338,-61.6309,-10.4752,-13.473,150.0,15.6539,13.6518,17.4055,0.7766,13.5567,0.7727,50.0,7.2076,150.0,13.6518,19.9637,120.0,-9.4156,215.1261,,,,,,
2026-08-26 19:01:18,42.4775891,-82.8473563,,13.6652,43.9516,63.3218,41.0226,0.0,-0.4827,-0.5833,216.8253,0.1941,-0.1788,,,,,,,,,,,,10.3833,73.6807,14.6673,137.203,188.1471,-59.998,-10.3171,-13.5449,149.4754,15.4454,13.2979,17.3922,0.7836,13.3141,0.7749,50.0,7.0978,149.4754,13.2979,19.5741,120.0,-9.7081,213.4215,,726.8783,,8290.0265,,
2026-08-26 19:01:19,42.4776347,-82.8472977,13.2448,13.5291,41.591,61.1445,-180.2411,0.0,-2.3241,0.0692,216.9516,0.1978,-0.1821,,,,,,,,,,,,10.8329,76.7165,15.3946,136.7759,187.4146,-59.975,,-13.7581,150.0,,13.5108,,,,,50.0,7.1628,150.0,13.5108,19.801,120.0,-12.3812,213.0281,,728.9066,,8312.9924,,
2026-08-26 19:01:20,42.4776829,-82.8472429,,13.2764,39.5455,,-67.7236,0.0,0.5736,-0.0706,217.0175,0.2016,-0.1855,,,7.2213,17.3993,10.0,0.0061,48.092,16.7453,62.9123,0.0,0.0,9.5787,75.5232,14.4869,140.193,187.1757,-61.0579,-10.0599,-13.6148,149.8004,15.642,13.3756,17.9507,0.7606,13.5463,0.7426,50.0,7.1208,149.8004,13.3756,19.6521,120.0,-11.322,211.026,,730.925,,8335.9583,,
2026-08-26 19:01:21,42.4777307,-82.8471891,13.54,12.635,37.9012,60.2393,18.5157,0.0,,,,,,,,,,,,,,,,,9.4768,76.7513,14.347,139.9869,186.357,-60.8631,-10.1802,,148.6834,15.4386,13.1084,17.4449,0.776,13.3004,0.7654,50.0,7.0418,148.6834,13.1084,19.384,120.0,-9.0063,209.4394,,732.9178,,8358.9242,,
2026-08-26 19:01:22,42.4777766,-82.8471394,,12.0129,37.798,61.1904,-79.0235,0.0,1.1211,0.4975,217.0772,0.2071,-0.1905,,,,,,,,,,,,9.3412,75.677,13.5809,138.2073,184.52,-58.6859,-10.1081,-13.012,147.3772,15.3209,12.7959,16.9811,0.7795,13.0613,0.7739,50.0,6.9495,147.3772,12.7959,19.0705,120.0,-8.1023,208.4487,,734.8506,,8380.9058,,
2026-08-26 19:01:23,42.4778197,-82.8470928,13.3104,11.4492,37.5688,60.9555,,0.0,0.4816,-0.4786,217.0994,0.2106,-0.1936,,,,,,,,,,,,,,,,,-58.6859,-9.5306,-12.0704,144.8632,15.1365,12.1945,16.6171,0.7588,12.6777,0.7518,50.0,6.7717,144.8632,12.1945,18.4672,120.0,-6.05,205.945,,,,,,
2026-08-26 19:01:24,42.4778612,-82.8470479,,,,62.7431,157.2357,0.0,-0.0669,-0.7765,217.1214,0.2138,-0.1965,,,7.2214,17.3993,10.0,0.0057,48.092,16.7453,64.908,0.0,0.0,8.8447,76.7838,12.9452,138.3068,184.3678,-57.2879,-9.0038,-11.4687,144.2299,14.8825,12.043,16.0023,0.7486,12.1305,0.7422,50.0,6.727,144.2299,12.043,18.3152,120.0,-6.5098,207.0534,,738.1843,,8418.9635,,
2026-08-26 19:01:25,42.477904,-82.846996,12.9823,11.0604,39.5742,66.6965,288.4991,0.0,-3.7772,-1.3034,217.1582,0.217,-0.1994,,,,,,,,,,,,9.5213,78.9672,13.2995,135.3578,184.5924,-57.2936,-8.4854,-11.2313,,14.845,,16.1464,0.7146,12.0478,0.7043,,,,,,,,,,,,,,
2026-08-26 19:01:26,42.4779413,-82.8469419,,11.663,46.3809,69.0743,194.7965,0.0,-5.6299,-0.0114,217.2542,0.2201,-0.2021,,,,,,,,,,,,9.7109,83.3142,14.1219,136.9235,190.6778,-58.6114,-8.2543,-11.3008,145.0196,14.9712,12.2319,16.7299,0.6868,12.324,0.6698,50.0,6.7828,145.0196,12.2319,18.5047,120.0,-9.2337,210.7893,,741.6723,,8458.6617,,
2026-08-26 19:01:27,42.4779768,-82.846884,12.8182,12.1296,50.9818,68.8623,-22.6616,0.0,-5.4684,0.5316,217.4111,0.2234,-0.2049,,,,,,,,,,,,9.03,82.932,13.9458,140.0149,196.3514,-61.0694,-8.6679,-11.4688,146.1144,15.056,12.4938,16.6118,0.7033,12.5067,0.6931,50.0,6.8602,146.1144,12.4938,18.7675,120.0,-8.6349,213.7406,,,,,,
2026-08-26 19:01:28,42.4780127,-82.8468242,,12.1684,53.0616,70.6213,127.3651,0.0,-3.4412,0.8267,217.6075,0.2266,-0.2076,,,7.2215,17.3993,10.0,0.0037,48.092,16.7453,64.3374,0.0,0.0,8.0783,81.5285,13.6062,144.0384,200.5683,-61.0694,-9.3091,-12.2786,145.8471,15.014,12.4299,15.9774,0.752,12.4166,0.7497,50.0,6.8413,145.8471,12.4299,18.7033,120.0,-5.3957,214.3823,,745.218,,8499.016,,
2026-08-26 19:01:29,42.4780482,-82.8467612,12.7526,12.635,52.036,70.6786,41.1189,0.0,-4.2956,0.8579,217.8087,0.23,-0.2103,,,,,,,,,,,,10.0114,81.1575,14.799,138.0524,197.3023,-61.247,-9.5698,-11.9762,146.8998,15.1871,12.6817,16.4728,0.7514,12.7841,0.7486,50.0,6.9157,146.8998,12.6817,18.9559,120.0,-5.7585,216.6688,,747.0001,,8519.3572,,
2026-08-26 19:01:30,42.4780844,-82.8466985,13.3432,12.8488,53.795,67.831,-191.3312,0.0,-3.3882,0.3282,218.035,0.2334,-0.2131,,,,,,,,,,,,10.4138,77.437,14.6262,135.9769,196.0412,-61.31,-9.4419,-12.6813,148.2448,15.3036,13.0035,17.1879,0.7362,13.0258,0.7249,50.0,7.0108,148.2448,13.0035,19.2788,120.0,-9.5257,218.5,,748.8607,,8540.6827,,
2026-08-26 19:01:31,42.4781235,-82.8466348,,13.0043,50.8958,,-78.8069,0.0,-1.686,0.5109,218.2313,0.2368,-0.2159,,,,,,,,,,,,9.6308,72.8917,13.7642,138.0303,195.0048,-61.7226,-9.5394,-12.7091,147.6135,15.1839,12.8525,16.9945,0.7602,12.7774,0.7466,50.0,6.9662,147.6135,12.8525,19.1272,120.0,-10.0781,216.883,,,,,,
2026-08-26 19:01:32,42.4781686,-82.8465681,13.6056,13.4514,47.6243,66.261,,0.0,,,218.3984,0.2405,-0.2189,,,7.2215,17.3993,10.0,0.0076,48.092,16.7453,62.8653,0.0,0.0,9.8333,76.6456,14.6211,139.129,193.8952,-61.5163,-9.8763,-13.0039,147.0855,15.1943,12.7261,16.8728,0.7818,12.7992,0.7716,50.0,6.9289,147.0855,12.7261,19.0005,120.0,-8.7864,214.5707,,752.7523,,8584.974,,
2026-08-26 19:01:33,42.47821,-82.8465076,13.4744,13.3153,48.0196,65.3271,-78.8447,0.0,-1.5451,0.8471,218.5316,0.2441,-0.2219,,,,,,,,,,,,9.8567,70.3849,13.7356,137.4714,190.6303,-62.3184,-9.9776,-13.6712,147.7609,15.199,12.8877,16.9126,0.79,12.809,0.779,50.0,6.9766,147.7609,12.8877,19.1626,120.0,-9.2704,213.9756,,,,,,
2026-08-26 19:01:34,42.4782515,-82.8464477,,13.1404,46.9596,65.9345,-67.6033,0.0,-1.8453,0.832,218.6583,0.2477,-0.225,,,,,,,,,,,,10.3826,74.7905,14.5188,136.3648,190.1706,-62.0148,-9.7776,-12.8343,147.3324,15.2251,12.7852,17.1269,0.7752,12.8633,0.7601,50.0,6.9463,147.3324,12.7852,19.0598,120.0,-9.6085,213.3548,,756.6192,,8628.9373,,
2026-08-26 19:01:35,42.4782932,-82.8463913,12.4245,12.9265,45.5158,63.8833,-153.8495,0.0,-2.0044,-1.436,218.7693,0.2513,-0.228,,,,,,,,,,,,10.6672,70.2292,13.7008,132.8875,185.6595,-61.7226,-9.2922,-13.1397,147.0097,15.1242,12.708,17.2171,0.7583,12.6516,0.7345,50.0,6.9235,147.0097,12.708,18.9823,120.0,-11.1576,211.9975,,,,,,
2026-08-26 19:01:36,42.4783378,-82.8463364,,13.0432,42.3989,61.9868,-71.3161,0.0,-2.6873,0.1244,218.8467,0.2548,-0.2311,,,7.2216,17.3993,10.0,0.0045,48.092,16.7453,63.3996,0.0,0.0,10.3277,77.2956,14.7277,136.8371,187.2402,-61.585,-9.3036,-12.9328,147.3483,15.2387,12.789,17.4971,0.7466,12.8917,0.7217,50.0,6.9474,147.3483,12.789,19.0636,120.0,-12.3646,210.9614,,760.4614,,8672.9005,,
2026-08-26 19:01:37,42.4783829,-82.8462819,11.7684,13.2376,42.1525,62.7603,-0.0653,0.0,-1.4495,0.9896,218.894,0.2584,-0.2343,,,,,,,,,,,,9.9387,77.4506,14.488,137.9633,187.841,-61.4533,-9.5122,-13.3201,147.9922,15.2684,12.943,17.2917,0.751,12.9532,0.7344,50.0,6.993,147.9922,12.943,19.2181,120.0,-11.2034,210.8087,,,,,,
2026-08-26 19:01:38,42.478427,-82.8462323,,12.5961,40.0268,62.9092,18.6567,0.0,-0.3425,0.842,218.9277,0.262,-0.2375,,,,,,,,,,,,9.7085,74.6326,13.692,136.8659,185.4507,,-9.373,-12.5411,147.7037,15.196,12.874,17.0525,0.7463,12.8026,0.7321,50.0,6.9726,147.7037,12.874,19.1489,120.0,-10.2326,210.3562,,764.3087,,8716.8638,,
2026-08-26 19:01:39,42.4784685,-82.8461836,13.3432,11.9935,40.9779,65.8313,149.8754,0.0,-0.3852,0.5073,218.937,0.2654,-0.2405,,,,,,,,,,,,9.2258,72.4523,12.6742,136.0488,185.389,-61.4533,-8.9164,-12.3171,145.0969,14.8598,12.2504,16.2233,0.7499,12.0806,0.7381,50.0,6.7883,145.0969,12.2504,18.5232,120.0,-7.7801,208.2789,,,,,,
2026-08-26 19:01:40,,,13.6713,11.4103,43.9802,68.8222,161.1169,0.0,-1.9247,-0.3269,218.9651,0.2687,-0.2434,,,7.2217,17.3993,10.0,0.0043,48.092,16.7453,65.71,0.0,0.0,9.2689,71.7478,12.2349,133.99,186.4847,-58.663,-8.2485,-11.8658,143.1558,14.6612,11.786,16.0445,0.7252,11.6359,0.7089,50.0,6.651,143.1558,11.786,18.0574,120.0,-7.5938,208.6126,,767.7647,,8756.2339,,
2026-08-26 19:01:41,42.4785082,-82.8461287,,11.2743,46.6445,,,0.0,,,219.055,0.272,-0.2463,,,,,,,,,,,,9.1867,76.7266,12.8142,135.7519,190.7517,-59.0297,-8.0439,-11.2094,141.883,14.6136,11.4815,15.9468,0.7137,11.5275,0.6978,50.0,6.561,141.883,11.4815,17.7519,120.0,-7.1027,209.7318,,,,,,
2026-08-26 19:01:42,42.4785442,-82.8460778,13.3104,11.3326,47.7847,68.9253,-30.0906,0.0,-3.1326,0.8885,219.139,0.2751,-0.2489,,,,,,,,,,,,8.6773,74.583,12.3413,137.3273,192.0519,-59.7229,-8.2435,-11.1807,142.0106,14.5928,11.512,15.6247,0.7284,11.4798,0.7181,50.0,6.57,142.0106,11.512,17.7825,120.0,-5.8127,210.4784,,771.041,,8793.6355,,
2026-08-26 19:01:43,42.4785806,-82.8460263,12.8511,12.149,47.206,68.8623,146.2108,0.0,-3.2077,0.1087,219.2204,0.2783,-0.2516,,,,,,,,,,,,,,,,,-60.3131,,-11.4263,142.8687,,11.7173,,,,,50.0,6.6307,142.8687,11.7173,17.9885,120.0,-6.4152,211.7211,,,,,,
2026-08-26 19:01:44,42.4786181,-82.8459702,,12.771,47.567,67.8825,-157.4901,0.0,-5.7681,0.2553,219.3249,0.2816,-0.2545,,,7.2218,17.0663,10.0,0.0029,48.092,16.8002,63.9698,0.0,0.0,10.6165,78.7518,14.3877,133.6384,190.8986,-61.0006,-8.4559,-12.0798,146.7367,14.8227,12.6427,16.3602,0.7209,11.9985,0.7047,50.0,6.9042,146.7367,12.6427,18.9168,120.0,-12.2659,214.9371,,774.5792,,8833.9898,,
2026-08-26 19:01:45,42.4786581,-82.8459133,13.54,13.1792,45.7163,64.7828,-59.8787,0.0,-5.5259,0.7199,219.4061,0.2851,-0.2574,,,,,,,,,,,,10.7661,77.7906,14.7961,134.6696,190.0558,-63.3555,-8.6578,-12.7292,148.9999,15.171,13.1841,17.4968,0.707,12.7503,0.679,50.0,7.0642,148.9999,13.1841,19.46,120.0,-12.8775,215.0207,,776.475,,8855.6433,,
2026-08-26 19:01:46,42.4787015,-82.8458549,,13.6652,45.1147,63.7515,18.8526,0.0,-4.6303,1.3591,219.4711,0.2888,-0.2606,,,,,,,,,,,,9.9772,80.4951,15.4068,140.3055,192.3279,-63.3154,-9.5209,-13.4965,150.0,15.4312,13.5216,17.7427,0.736,13.2855,0.7166,50.0,7.1662,150.0,13.5216,19.8134,120.0,-10.9169,214.5659,,,,,,
2026-08-26 19:01:47,42.4787468,-82.8457933,13.4744,14.2678,44.3126,63.5796,-44.9176,0.0,-3.3447,1.4247,219.539,0.2923,-0.2636,,,,,,,,,,,,9.693,78.6379,15.2972,141.5943,192.2931,-62.6106,-10.3607,-13.7339,150.0,15.6331,13.5935,17.6206,0.7735,13.5387,0.7653,50.0,7.1891,150.0,13.5935,19.8965,120.0,-9.4195,213.9137,,780.5567,,8902.2313,,
2026-08-26 19:01:48,42.4787939,-82.8457299,13.7369,14.6177,44.4386,62.4566,-142.4258,0.0,-3.0621,-0.4812,219.6176,0.2967,-0.2674,,,7.2218,17.0663,10.0,0.0064,48.092,16.8002,63.2607,0.0,0.0,10.1345,73.8402,15.1327,139.9652,190.2177,-62.3585,-10.9142,-14.6482,150.0,15.6964,13.4395,17.4821,0.8076,13.5935,0.8029,50.0,7.1401,150.0,13.4395,19.7186,120.0,-10.2089,213.2757,,,,,,
2026-08-26 19:01:49,42.47884610608693,-82.84566021110405,13.7369,14.4427,41.442,59.7064,,0.0,,,219.6916,0.3026,-0.2726,,,,,,,,,,,,10.2609,71.5554,14.8229,138.9537,188.1137,-63.4644,-10.9008,-14.3858,,15.4871,,17.4375,0.8213,13.3977,0.8136,,,,,,,,,,784.8294,,8950.7877,,
2026-08-26 19:01:50,42.47889600273746,-82.84560118603918,,13.7818,39.7805,60.5601,-194.9168,0.0,-1.982,2.2584,219.6955,0.3066,-0.2762,,,,,,,,,,,,9.9167,78.7617,15.7921,141.9819,189.0211,-61.585,-11.0639,-14.5574,150.0,15.76,13.593,17.5623,0.8158,13.6486,0.8106,50.0,7.1889,150.0,13.593,19.8958,120.0,-9.7808,211.4366,,,,,,
2026-08-26 19:01:51,42.47894638198209,-82.84554461623554,13.9665,13.7041,39.4252,,-22.4382,0.0,-3.0318,-0.3553,219.689,0.3105,-0.2797,,,,,,,,,,,,9.9482,64.9106,13.082,136.473,182.2622,-61.2069,-10.7861,-13.6069,150.0,15.4842,13.6379,17.268,0.8097,13.392,0.8054,50.0,7.2032,150.0,13.6379,19.9477,120.0,-9.1386,210.5187,,789.0235,,8998.688,,
2026-08-26 19:01:52,42.47899565994059,-82.8454895912585,,13.3347,40.6685,60.4111,-41.1739,0.0,-2.4037,-1.1496,219.6781,0.3143,-0.2831,,,7.2219,17.0663,10.0,0.0056,48.092,16.8002,64.3881,0.0,0.0,10.8306,72.2664,14.5659,134.9093,182.6396,-61.2069,-10.0689,-13.4301,148.6626,15.3472,13.1034,17.4676,0.7853,13.1151,0.7677,50.0,7.0404,148.6626,13.1034,19.379,120.0,-11.1525,209.1784,,791.0599,,9021.9819,,
2026-08-26 19:01:53,42.47904482804199,-82.84543592817326,13.9009,13.6846,39.5742,60.2622,,0.0,,,219.6906,0.318,-0.2864,,,,,,,,,,,,9.9722,76.0457,14.7763,139.0834,186.0542,-61.0694,-9.9144,-13.7615,148.3788,15.3141,13.0355,17.4659,0.7795,13.0474,0.7599,50.0,7.0203,148.3788,13.0355,19.3109,120.0,-11.9394,208.8617,,793.0812,,9044.9478,,
2026-08-26 19:01:54,42.47909205413155,-82.84538155536823,,13.3736,39.0184,58.973,-108.65,0.0,-1.9498,-0.499,,,,,,,,,,,,,,,9.3209,74.1013,14.1116,140.5616,185.6602,-61.0579,-10.1667,,148.6422,15.321,13.0986,17.1782,0.7891,13.0616,0.7784,50.0,7.0389,148.6422,13.0986,19.3741,120.0,-10.4045,208.5731,,795.0838,,9067.9137,,
2026-08-26 19:01:55,42.479139038355775,-82.84533019955794,12.8511,13.2959,37.1735,58.1594,-33.6246,0.0,-2.3801,-0.7054,219.6778,0.3235,-0.2914,,,,,,,,,,,,8.7944,78.1811,14.4779,143.5188,187.2291,-60.7886,-10.3759,-13.3445,147.7243,15.2349,12.879,16.6398,0.809,12.8838,0.8053,50.0,6.974,147.7243,12.879,19.1538,120.0,-7.7344,206.7465,,797.0092,,9089.8953,,
2026-08-26 19:01:56,42.479194,-82.8452745,,13.4902,36.5719,57.0937,-108.6122,0.0,-2.0541,-0.2693,219.63,0.3291,-0.2965,,,7.222,17.0663,10.0,0.0068,48.092,16.8002,63.5838,0.0,0.0,8.8513,73.1367,13.8132,142.1767,184.6887,-60.3131,-10.6326,-13.4153,147.7484,15.2104,12.8847,16.2285,0.8294,12.8328,0.8286,50.0,6.9757,147.7484,12.8847,19.1596,120.0,-5.7172,205.8977,,799.0097,,9112.5331,,
2026-08-26 19:01:57,42.4792435,-82.8452246,13.1791,13.082,36.0906,57.025,-26.0959,0.0,-1.8931,-0.365,,,,,,,,,,,,,,,8.7699,81.3065,14.8971,144.413,186.7828,-60.336,-10.7291,,146.9452,15.1697,12.6926,16.0327,0.8422,12.7475,0.8417,50.0,6.9189,146.9452,12.6926,18.9669,120.0,-4.5555,204.256,,,,,,
2026-08-26 19:01:58,42.4792929,-82.8451758,13.1135,12.9849,36.6865,57.5521,-14.8958,0.0,-2.1201,0.4841,219.5706,0.3346,-0.3017,,,,,,,,,,,,8.5756,75.4978,13.7527,142.8655,185.2311,-60.3475,-10.6957,-13.31,148.3323,15.2713,13.0244,16.1377,0.8248,12.9593,0.8253,50.0,7.017,148.3323,13.0244,19.2998,120.0,-4.814,205.7291,,802.9161,,9157.1525,,
2026-08-26 19:01:59,42.4793455,-82.8451229,,12.7322,35.1796,58.5605,82.6022,0.0,-1.0809,-0.2913,219.5402,0.3382,-0.305,,,,,,,,,,,,8.7187,78.5065,13.915,142.1206,184.788,-58.5942,-10.3959,-12.8273,146.7796,15.0928,12.653,15.7067,0.8266,12.5851,0.8261,50.0,6.9072,146.7796,12.653,18.9271,120.0,-3.5559,204.298,,804.8255,,9178.8061,,
2026-08-26 19:02:00,42.4793926,-82.8450769,12.9823,12.1879,36.2167,60.1877,75.0941,0.0,-1.7431,-0.5458,219.5004,0.3417,-0.3082,,,7.2221,17.0663,10.0,0.0076,48.092,16.8002,65.0317,0.0,0.0,8.598,78.0313,13.5502,141.6301,185.5699,-57.8837,-9.9987,-12.4722,146.6105,15.081,12.6125,15.8299,0.7969,12.5599,0.7961,50.0,6.8953,146.6105,12.6125,18.8865,120.0,-3.9573,205.0746,,806.6597,,9199.8034,,
2026-08-26 19:02:01,42.4794391,-82.8450302,,12.5766,37.8152,,97.6286,0.0,-3.6562,-1.0278,219.4699,0.3451,-0.3114,,,,,,,,,,,,8.164,82.4339,13.9314,144.4855,189.3089,-57.9067,-9.8562,-12.0922,145.7813,15.0199,12.4141,15.6502,0.794,12.4291,0.793,50.0,6.8367,145.7813,12.4141,18.6875,120.0,-3.5669,205.2244,,808.4917,,9220.8008,,
2026-08-26 19:02:02,42.4794838,-82.8449811,13.7369,13.0237,40.4508,61.1503,135.2066,0.0,-4.8008,-1.323,219.4611,0.3504,-0.3162,,,,,,,,,,,,,,,,,,-10.3629,-12.7514,146.189,15.0746,12.5117,15.3994,0.8268,12.5464,0.826,50.0,6.8655,146.189,12.5117,18.7853,120.0,-2.3348,206.7796,,,,,,
2026-08-26 19:02:03,42.4795351,-82.844922,13.8025,13.7041,42.1525,62.1014,-56.0112,0.0,-4.8548,0.9747,219.4771,0.3541,-0.3195,,,,,,,,,,,,7.7456,83.6516,14.4148,147.7208,193.6874,-58.7489,-11.1799,-13.4467,147.8553,15.3255,12.9103,15.4896,0.8553,13.0708,0.8553,50.0,6.9833,147.8553,12.9103,19.1853,120.0,-1.3149,209.3793,,812.2717,,9263.7798,,
2026-08-26 19:02:04,42.4795825,-82.8448652,,14.1706,42.1983,61.0586,-40.9986,0.0,-2.5573,0.3568,219.5084,0.3579,-0.3229,,,7.2221,17.0663,10.0,0.0074,48.092,16.8002,63.4044,0.0,0.0,7.2399,86.7255,15.0694,151.3373,197.7667,-59.3677,-11.7654,-14.102,149.2901,15.4556,13.2536,15.5819,0.8815,13.3345,0.8823,50.0,7.0847,149.2901,13.2536,19.5296,120.0,-0.0203,210.5818,,,,,,
2026-08-26 19:02:05,42.4796311,-82.8448058,13.54,14.1706,41.4248,60.4971,,0.0,,,219.5315,0.3619,-0.3264,,,,,,,,,,,,8.6085,81.4155,15.3807,146.3979,193.2411,-59.4536,-11.6669,-14.2769,150.0,15.6004,13.4848,16.2262,0.8602,13.5103,0.8636,50.0,7.1545,150.0,13.4848,19.771,120.0,-2.6535,210.8077,,816.401,,9311.0239,,
2026-08-26 19:02:06,42.4796807,-82.844748,,13.4125,37.7465,59.5288,-104.7619,0.0,-1.2975,0.6293,219.5365,0.3658,-0.3299,,,,,,,,,,,,8.886,80.2275,15.2763,145.0233,191.5567,-59.5281,,-13.7623,150.0,,13.5036,,,,,50.0,7.1605,150.0,13.5036,19.7926,120.0,-4.1378,209.9586,,818.4961,,9334.646,,
2026-08-26 19:02:07,42.4797296,-82.844696,13.1791,12.7322,37.4543,58.3256,-86.0193,0.0,0.2959,1.2683,,,,,,,,,,,,,,,8.7472,82.1355,14.9781,144.6545,189.2712,-58.8635,-11.3366,,150.0,15.5956,13.4354,16.4108,0.8361,13.5062,0.8394,50.0,7.1388,150.0,13.4354,19.7139,120.0,-4.8367,209.1202,,820.5183,,9357.9399,,
2026-08-26 19:02:08,42.4797773,-82.8446504,13.2448,12.1879,35.3687,58.4402,,0.0,,,219.4873,0.3712,-0.3349,,,7.2222,17.0663,10.0,0.0031,48.092,16.8002,64.666,0.0,0.0,8.6149,80.6134,14.1015,142.9336,186.3172,-58.663,-10.7594,-12.7638,148.4823,15.4677,13.0603,16.3815,0.8027,13.3589,0.8054,50.0,7.0276,148.4823,13.0603,19.3358,120.0,-4.581,207.1454,,822.375,,9378.9373,,
2026-08-26 19:02:09,42.4798237,-82.8446072,,11.6436,33.7816,59.036,-44.7698,0.0,1.3216,0.8698,219.4442,0.3745,-0.3381,,,,,,,,,,,,9.0357,85.5025,14.562,141.7865,185.1728,-58.4109,-10.0704,-11.8592,148.3516,15.3026,13.029,16.2263,0.7726,13.0237,0.7732,50.0,7.0184,148.3516,13.029,19.3044,120.0,-5.8098,207.0425,,824.1734,,9399.6066,,
2026-08-26 19:02:10,42.4798692,-82.844566,13.7369,11.4103,36.2625,60.8752,120.2043,0.0,-0.5614,-0.1375,219.3923,0.3778,-0.3412,,,,,,,,,,,,8.8124,86.5994,14.171,141.6278,185.7103,-58.4109,-9.4922,-11.6943,147.9904,15.2858,12.9426,16.4308,0.7314,12.9892,0.7308,50.0,6.9929,147.9904,12.9426,19.2177,120.0,-6.0163,207.4473,,825.9243,,9419.6197,,
2026-08-26 19:02:11,42.4799165,-82.8445186,,11.7991,39.6258,63.6197,198.9665,0.0,-2.5414,0.5449,219.3651,0.381,-0.3441,,,,,,,,,,,,8.9333,95.0368,15.2406,144.2757,190.858,-58.4109,-9.2642,-11.625,149.7057,15.3083,13.353,16.4849,0.7112,13.0355,0.7107,50.0,7.1141,149.7057,13.353,19.6294,120.0,-6.4516,211.0063,,827.6,,9438.6486,,
2026-08-26 19:02:12,42.479959,-82.8444712,13.7369,11.5075,40.4795,,37.7258,0.0,-3.9571,0.0153,219.359,0.3843,-0.3471,,,7.2223,17.0663,10.0,0.0053,48.092,16.8002,64.9906,0.0,0.0,8.8495,96.7351,15.3861,145.1666,194.2836,-58.4796,-9.3837,-11.799,150.0,15.5646,13.5804,16.7417,0.6945,13.4793,0.6962,50.0,7.1849,150.0,13.5804,19.8813,120.0,-5.4696,213.0391,,,,,,
2026-08-26 19:02:13,42.4799983,-82.8444223,13.6713,11.8574,44.0776,64.1526,123.9961,0.0,-3.9018,-0.6958,219.3717,0.3876,-0.35,,,,,,,,,,,,8.2735,94.9323,14.976,146.6049,196.5599,-59.4365,-9.5562,-11.5054,150.0,15.6954,13.5228,16.6891,0.7009,13.5926,0.703,50.0,7.1666,150.0,13.5228,19.8148,120.0,-4.397,214.3424,,831.0616,,9478.0187,,
2026-08-26 19:02:14,42.4800388,-82.8443699,,12.1101,43.5047,65.6881,-29.7365,0.0,-3.4251,1.6954,219.4109,0.3908,-0.3529,,,,,,,,,,,,8.2804,97.817,15.5742,148.2151,199.889,-59.276,-9.901,-11.8181,,15.6454,,16.3715,0.7279,13.5493,0.7307,,,,,,,,,,832.7997,,9498.0318,,
2026-08-26 19:02:15,42.4800795,-82.8443171,13.6713,12.2656,42.4103,64.227,-82.1965,0.0,-0.2775,1.7098,219.4638,0.3959,-0.3573,,,,,,,,,,,,7.5388,95.4916,14.9675,149.9095,200.3056,-59.637,-10.2459,-12.1539,150.0,15.7322,13.6393,16.1589,0.7496,13.6245,0.752,50.0,7.2036,150.0,13.6393,19.9493,120.0,-2.6996,214.9104,,834.6422,,9519.0292,,
2026-08-26 19:02:16,42.4801231,-82.8442661,,12.4795,41.591,63.3676,109.0522,0.0,0.0985,1.096,,,,,,7.2224,17.0663,10.0,0.0055,48.092,16.8002,63.9431,0.0,0.0,7.7634,90.1317,14.6305,147.952,196.4633,-59.6198,-10.6087,,150.0,15.448,13.45,15.5021,0.7964,13.3194,0.7965,50.0,7.1434,150.0,13.45,19.7307,120.0,-1.1043,214.3134,,,,,,
2026-08-26 19:02:17,42.4801666,-82.8442144,13.8353,12.6155,44.1178,65.012,,0.0,,,219.485,0.4011,-0.3619,,,,,,,,,,,,8.9035,85.7534,14.6962,142.8305,193.2203,-59.4536,-10.4881,-12.471,149.1614,15.3788,13.2228,15.5846,0.7951,13.1795,0.7958,50.0,7.0756,149.1614,13.2228,19.4987,120.0,-0.4793,213.12,,838.3062,,9560.6958,,
2026-08-26 19:02:18,42.4802084,-82.8441588,,12.4795,46.0543,65.5448,105.281,,-2.8533,0.6004,219.5122,0.4046,-0.3649,,,,,,,,,,,,9.1528,89.0596,15.4444,143.6616,195.8962,-60.3876,-10.1789,-12.5748,149.2152,15.495,13.2356,16.5227,0.7563,13.4134,0.7589,50.0,7.0795,149.2152,13.2356,19.5117,120.0,-3.7743,214.0485,,840.139,,9581.6932,,
2026-08-26 19:02:19,42.4802535,-82.8440962,13.6056,12.7127,44.473,64.5307,-85.9505,0.0,-3.5047,0.7986,219.5619,0.4081,-0.368,,,,,,,,,,,,8.2478,88.3775,15.0029,146.6653,197.7355,-61.0006,-10.2737,-12.3994,150.0,15.6268,13.5268,16.6893,0.7569,13.5332,0.7592,50.0,7.1678,150.0,13.5268,19.8194,120.0,-5.8318,215.187,,842.0451,,9603.3468,,
2026-08-26 19:02:20,42.4802961,-82.8440405,,12.8877,41.3905,64.3932,-63.4299,0.0,-0.9141,1.5625,219.6091,0.4116,-0.371,,,7.2224,17.0663,10.0,0.0057,48.092,16.8002,64.0715,0.0,0.0,8.1758,89.5137,15.0963,147.2102,196.9888,-60.9261,-10.6087,-12.8231,150.0,15.4819,13.4537,16.0749,0.7894,13.3873,0.7924,50.0,7.1446,150.0,13.4537,19.7349,120.0,-4.2939,214.7503,,843.9227,,9624.6722,,
2026-08-26 19:02:21,42.4803379,-82.8439877,13.7369,12.2462,43.0119,66.4272,67.7889,0.0,0.5002,1.138,219.6365,0.4152,-0.3741,,,,,,,,,,,,9.8046,84.7607,15.1382,139.837,191.3373,-60.909,-10.4813,-12.4968,150.0,15.5494,13.436,16.2859,0.7751,13.4662,0.7783,50.0,7.1389,150.0,13.436,19.7145,120.0,-2.9186,214.5337,,,,,,
2026-08-26 19:02:22,42.4803779,-82.8439361,13.54,11.9935,43.7912,,64.0108,0.0,-1.5425,-0.3588,219.6687,0.4185,-0.377,,,,,,,,,,,,,,,,,-60.9261,-9.6888,-12.4161,150.0,15.5606,13.4625,17.1477,0.7204,13.4759,0.719,50.0,7.1474,150.0,13.4625,19.7452,120.0,-6.4553,215.7254,,847.5807,,9666.3389,,
2026-08-26 19:02:23,42.4804174,-82.8438844,,11.6436,45.2121,67.5158,82.7534,0.0,-1.6705,1.3983,219.7033,0.4218,-0.3799,,,,,,,,,,,,10.3772,87.8689,15.6195,138.4005,192.3139,-60.9261,-9.2652,-12.1734,150.0,15.7993,13.6397,17.7086,0.683,13.6826,0.6772,50.0,7.2037,150.0,13.6397,19.9497,120.0,-10.0219,216.7074,,849.2973,,9686.0239,,
2026-08-26 19:02:24,42.480454,-82.843833,13.4744,11.6436,47.5612,69.2977,172.7433,0.0,-0.8461,0.1329,219.7421,0.425,-0.3827,,,7.2225,17.0663,10.0,0.0055,48.092,16.8002,65.9956,0.0,0.0,9.5004,87.7884,14.9567,140.6006,194.5421,,-9.091,-11.8726,150.0,15.4177,13.4951,17.1639,0.6899,13.2583,0.6857,50.0,7.1577,150.0,13.4951,19.7828,120.0,-9.768,217.9556,,,,,,
2026-08-26 19:02:25,42.4804897,-82.8437779,,12.1879,51.8355,71.389,,0.0,,,219.8017,0.4282,-0.3853,,,,,,,,,,,,9.6677,85.5714,14.6563,138.8787,195.6347,-60.2902,-8.982,-11.6871,148.8963,15.4177,13.1594,17.3362,0.6853,13.2583,0.6775,50.0,7.0569,148.8963,13.1594,19.4351,120.0,-9.2641,218.7816,,852.676,,9724.7378,,
2026-08-26 19:02:26,42.4805282,-82.8437124,13.1135,12.7516,51.1308,71.3604,37.7636,0.0,-3.7488,1.1224,219.8833,0.4314,-0.3879,,,,,,,,,,,,10.323,85.1408,15.2373,137.542,197.1301,-60.3131,-9.077,-11.8659,149.9786,15.566,13.4183,17.7655,0.686,13.4806,0.6733,50.0,7.1334,149.9786,13.4183,19.6949,120.0,-11.5717,221.0483,,854.4173,,9744.4229,,
2026-08-26 19:02:27,42.4805658,-82.8436507,,13.1792,48.4207,68.5758,-112.1462,0.0,-4.5676,1.5839,219.9824,0.4351,-0.391,,,,,,,,,,,,10.0056,84.8071,15.3347,139.4734,198.0243,-61.247,-9.5735,-12.1196,150.0,15.6865,13.549,17.7003,0.7132,13.5849,0.7047,50.0,7.1749,150.0,13.549,19.845,120.0,-11.4163,220.3806,,856.2621,,9765.4203,,
2026-08-26 19:02:28,42.4806058,-82.8435879,12.7526,13.4708,51.1479,68.8795,75.3382,0.0,-3.7701,0.8339,220.0519,0.4383,-0.3936,,,7.2226,17.0663,10.0,0.0115,48.092,16.8002,64.2319,0.0,0.0,9.5487,82.7366,15.1995,141.4512,197.7108,-63.5102,-10.1284,-12.7834,150.0,15.6044,13.5708,17.3494,0.753,13.5138,0.7495,50.0,7.1818,150.0,13.5708,19.8702,120.0,-9.4692,219.1384,,858.1807,,9787.4019,,
2026-08-26 19:02:29,42.4806466,-82.8435225,,13.5097,49.9734,67.3726,-127.1485,0.0,-3.0203,0.9801,220.1727,0.4439,-0.3982,,,,,,,,,,,,9.5644,80.9475,15.1993,141.5794,198.1693,-63.4873,-10.3824,-13.3259,150.0,15.7034,13.5185,17.4435,0.7673,13.5995,0.7634,50.0,7.1652,150.0,13.5185,19.8098,120.0,-8.8622,218.6088,,860.1453,,9809.7116,,
2026-08-26 19:02:30,42.4806863,-82.843457,12.8182,13.5874,48.4665,67.6419,0.3335,0.0,-2.8549,0.7135,220.2596,0.4476,-0.4012,,,,,,,,,,,,10.4341,78.9206,15.46,138.5225,194.8724,-63.5102,-10.247,-13.4213,150.0,15.7613,13.6585,17.7906,0.7605,13.6497,0.7507,50.0,7.2097,150.0,13.6585,19.9715,120.0,-10.1901,217.8899,,862.187,,9833.0056,,
2026-08-26 19:02:31,42.4807287,-82.843395,,13.4708,47.1945,67.3038,-25.9481,0.0,-1.7923,0.895,220.3167,0.4513,-0.4043,,,,,,,,,,,,10.5188,76.834,15.1838,137.5805,193.0418,-63.43,,-13.2305,150.0,,13.5958,,,,,50.0,7.1898,150.0,13.5958,19.899,120.0,-11.7166,217.5582,,,,,,
2026-08-26 19:02:32,42.4807716,-82.8433346,13.1791,13.1209,47.0628,,,0.0,,,220.3637,0.455,-0.4075,,,7.2227,17.0663,10.0,0.003,48.092,16.8002,64.7006,0.0,0.0,10.3455,73.9485,14.4755,136.6209,191.129,-63.0633,-10.0045,-13.1216,149.4222,15.5874,13.2852,17.8411,0.7569,13.499,0.7411,50.0,7.0941,149.4222,13.2852,19.5613,120.0,-12.1253,216.8741,,866.1167,,9877.9531,,
2026-08-26 19:02:33,42.480812,-82.8432764,,,,67.4528,-25.9619,0.0,-0.1227,1.0232,220.4128,0.4585,-0.4105,,,,,,,,,,,,10.1324,74.222,14.2662,136.8838,191.2059,-62.9487,-9.7663,-12.8023,148.2461,15.3793,13.0038,17.5648,0.7588,13.1805,0.741,50.0,7.0109,148.2461,13.0038,19.2791,120.0,-11.3666,215.9209,,868.0769,,9900.2628,,
2026-08-26 19:02:34,42.480854,-82.8432127,13.6056,12.6544,48.6097,69.5613,-37.248,0.0,-1.0832,0.125,220.4764,0.4623,-0.4136,,,,,,,,,,,,10.9734,74.3828,14.305,132.3721,189.3195,-62.3815,-9.3418,-11.9728,147.657,15.2384,12.8629,17.4242,0.7472,12.8912,0.7247,50.0,6.9693,147.657,12.8629,19.1377,120.0,-13.3664,216.4176,,,,,,
2026-08-26 19:02:35,42.4808984,-82.8431523,13.4088,12.4989,46.2033,68.1805,-127.2035,0.0,-0.6999,0.1781,,,,,,,,,,,,,,,9.843,73.9006,13.5184,135.6081,190.5949,-62.4273,-8.7877,,146.3238,15.1807,12.5439,17.6017,0.7196,12.7706,0.6881,50.0,6.875,146.3238,12.5439,18.8177,120.0,-12.0297,214.8246,,871.3569,,9937.6644,,
2026-08-26 19:02:36,42.4809391,-82.843095,,12.3239,45.6877,67.47,64.0624,0.0,-1.5575,0.6263,220.5138,0.466,-0.4168,,,7.2228,17.0663,10.0,0.0068,48.092,16.8002,64.4047,0.0,0.0,10.0862,77.3131,14.2585,136.3612,190.6303,-62.4216,-8.8315,-12.1707,146.0702,15.0077,12.4833,17.0014,0.7359,12.4028,0.7121,50.0,6.8571,146.0702,12.4833,18.7569,120.0,-10.6907,213.9018,,873.7391,,9964.8953,,
2026-08-26 19:02:37,42.4809804,-82.8430364,13.2448,12.5766,46.1346,67.4184,-10.9389,0.0,-2.4939,0.7903,220.5555,0.4696,-0.4198,,,,,,,,,,,,10.2398,77.6852,14.621,136.8247,191.4713,-62.4216,-9.0775,-12.3685,147.7032,15.1421,12.8739,17.1753,0.7361,12.6895,0.7154,50.0,6.9725,147.7032,12.8739,19.1488,120.0,-11.3685,215.3712,,875.6293,,9986.5489,,
2026-08-26 19:02:38,42.4810235,-82.8429752,,13.1598,47.5555,66.559,-55.9115,0.0,-2.8427,0.7481,220.5991,0.4731,-0.4228,,,,,,,,,,,,10.708,77.3408,15.0419,136.007,190.547,-62.4273,-9.3625,-12.7476,148.9442,15.2958,13.1708,17.4537,0.7391,13.0097,0.7197,50.0,7.0603,148.9442,13.1708,19.4466,120.0,-12.6514,216.2314,,877.5629,,10008.5305,,
2026-08-26 19:02:39,42.4810685,-82.8429139,13.1791,13.4708,45.9168,65.6995,-59.6449,0.0,-3.5922,1.5731,220.644,0.4769,-0.426,,,,,,,,,,,,11.0202,78.3355,15.6956,136.558,189.9685,-62.4273,-9.5825,-13.2392,150.0,15.4914,13.581,17.9891,0.7382,13.4063,0.7148,50.0,7.1851,150.0,13.581,19.882,120.0,-13.7011,216.5174,,879.6067,,10031.8245,,
2026-08-26 19:02:40,,,13.54,13.8207,44.8053,,127.8429,0.0,-4.0231,-1.0384,220.6798,0.4807,-0.4293,,,7.2228,17.0663,10.0,0.0051,48.092,16.8002,63.8684,0.0,0.0,11.0942,72.166,14.8546,134.6865,187.3658,-62.4273,-9.8302,-13.731,150.0,15.7492,13.5608,18.2454,0.7452,13.6392,0.7207,50.0,7.1786,150.0,13.5608,19.8586,120.0,-14.1517,216.3571,,881.6574,,10055.1184,,
2026-08-26 19:02:41,42.4811153,-82.8428531,,14.054,45.9455,67.195,,0.0,,,220.7046,0.4846,-0.4327,,,,,,,,,,,,11.2895,74.7127,15.7259,136.1722,189.887,-62.5304,-9.8794,-13.8266,150.0,15.5839,13.6374,18.2466,0.7625,13.4961,0.732,50.0,7.203,150.0,13.6374,19.9471,120.0,-14.6724,216.7911,,883.9512,,10081.3652,,
2026-08-26 19:02:42,42.4811658,-82.8427822,13.7369,14.5399,46.7075,65.9115,-127.1519,0.0,-5.2704,0.0219,220.7519,0.4889,-0.4363,,,,,,,,,,,,9.766,73.2347,15.0743,141.6605,193.4234,-62.5648,-10.348,-14.3626,150.0,15.8156,13.6492,18.3102,0.7815,13.6967,0.7555,50.0,7.2068,150.0,13.6492,19.9608,120.0,-12.25,215.7859,,886.0938,,10105.6434,,
2026-08-26 19:02:43,42.4812116,-82.8427156,,14.8898,44.3126,63.0697,-149.6417,0.0,-1.5728,0.3163,220.8029,0.4929,-0.4397,,,,,,,,,,,,,,,,,-61.9002,-11.0823,-14.6218,,15.5926,,17.5679,0.829,13.5036,0.8207,,,,,,,,,,,,,,
2026-08-26 19:02:44,42.4812598,-82.8426535,13.3104,14.2678,41.591,63.127,-48.4172,0.0,-0.2609,0.3357,220.8293,0.4989,-0.445,,,7.2229,17.0663,10.0,0.006,48.092,16.8002,64.3244,0.0,0.0,9.4561,70.6731,14.4754,141.9435,190.8549,-61.8601,-11.1836,-14.1558,149.5803,15.3786,13.323,16.9144,0.8517,13.1791,0.8486,50.0,7.1053,149.5803,13.323,19.5993,120.0,-8.7145,213.5216,,890.4027,,10154.856,,
2026-08-26 19:02:45,42.4813086,-82.8425952,,13.5097,40.6972,61.8894,-153.4301,0.0,2.2014,1.3438,,,,,,,,,,,,,,,9.6161,73.6914,14.4859,140.423,188.5508,-61.6825,-10.6809,,148.6077,15.2493,13.0903,16.6375,0.8305,12.9137,0.8271,50.0,7.0365,148.6077,13.0903,19.3658,120.0,-7.8038,211.9054,,892.2158,,10175.5253,,
2026-08-26 19:02:46,42.4813511,-82.8425476,13.8025,12.7905,37.7923,61.2591,-48.4275,0.0,3.2109,0.8062,220.8229,0.5038,-0.4493,,,,,,,,,,,,9.2476,70.6038,13.2507,138.8305,185.0365,-61.0407,-9.7675,-12.9428,146.4681,14.9995,12.5784,16.2668,0.7953,12.3852,0.7886,50.0,6.8852,146.4681,12.5784,18.8523,120.0,-6.26,208.6518,,,,,,
2026-08-26 19:02:47,42.48140688016461,-82.84249411641856,,11.7214,35.0937,62.3134,131.5179,0.0,1.8593,0.7214,220.7807,0.5079,-0.4532,,,,,,,,,,,,9.691,78.0099,13.8334,136.7433,182.5461,,-8.9291,-12.1329,145.8034,14.9761,12.4194,16.4581,0.7351,12.3347,0.7239,50.0,6.8382,145.8034,12.4194,18.6928,120.0,-7.8203,207.4929,,895.8771,,10217.1919,,
2026-08-26 19:02:48,42.48145071434944,-82.84245233503336,13.7369,11.1771,36.4172,66.473,300.215,0.0,-1.7204,1.0186,220.7435,0.5111,-0.4562,,,7.223,17.0663,10.0,0.0084,48.092,16.8002,66.4344,0.0,0.0,8.7913,77.0269,12.615,137.2263,183.2669,-59.9292,-8.3742,-11.1886,144.3638,14.825,12.075,16.0826,0.7074,12.0036,0.6976,50.0,6.7364,144.3638,12.075,18.3473,120.0,-7.0809,206.4805,,,,,,
2026-08-26 19:02:49,42.4814929,-82.8424053,,10.8661,42.9948,69.8936,,0.0,,,220.7302,0.5141,-0.4589,,,,,,,,,,,,9.4604,87.9612,14.1194,137.9634,189.16,-59.9521,-8.1455,-10.9425,145.0611,15.0476,12.2418,16.5568,0.6611,12.4886,0.6522,50.0,6.7857,145.0611,12.2418,18.5147,120.0,-7.6139,209.9247,,899.2128,,10255.2497,,
2026-08-26 19:02:50,42.4815267,-82.8423575,13.3104,10.8466,47.7102,,108.9834,0.0,-4.9172,0.369,220.7556,0.517,-0.4614,,,,,,,,,,,,9.5294,88.9924,14.1708,137.75,193.5662,-60.4792,-8.0597,-10.6074,146.5477,15.1346,12.5975,16.7929,0.6455,12.6737,0.6359,50.0,6.8908,146.5477,12.5975,18.8714,120.0,-8.2839,213.9981,,900.7499,,10272.9662,,
2026-08-26 19:02:51,42.4815612,-82.8423073,,11.6242,48.1686,69.6701,22.8507,0.0,-5.7696,0.4565,220.7914,0.52,-0.4639,,,,,,,,,,,,8.9535,89.4287,14.1651,140.7986,197.62,-61.6767,-8.5412,-10.9262,146.9606,15.1979,12.6963,16.667,0.6713,12.8066,0.6669,50.0,6.92,146.9606,12.6963,18.9706,120.0,-8.3416,216.178,,902.4537,,10292.3232,,
2026-08-26 19:02:52,42.4815988,-82.8422527,13.2448,12.0324,49.1598,69.5727,146.6612,0.0,-4.8411,1.015,220.829,0.5232,-0.4667,,,7.2231,17.0663,10.0,0.0046,48.092,16.8002,64.9791,0.0,0.0,9.4831,90.9555,15.2298,141.4951,198.4529,-62.3184,-9.1748,-11.5434,148.4457,15.4709,13.0516,17.1498,0.6891,13.3652,0.6865,50.0,7.025,148.4457,13.0516,19.327,120.0,-7.7692,217.6421,,904.21,,10312.3363,,
2026-08-26 19:02:53,42.4816359,-82.8421933,13.3104,12.5961,50.4203,70.8791,79.1576,0.0,-4.5822,0.5451,220.8842,0.5266,-0.4695,,,,,,,,,,,,10.1932,87.2115,15.662,139.4543,197.8152,-62.2611,-9.5117,-11.9905,150.0,15.8317,13.5101,17.7246,0.6996,13.7106,0.6937,50.0,7.1625,150.0,13.5101,19.8001,120.0,-9.164,219.8427,,905.9806,,10332.6775,71.167,
2026-08-26 19:02:54,42.4816721,-82.8421306,,13.2376,51.0334,69.4753,-108.3131,0.0,-3.7822,1.3265,220.9558,0.53,-0.4722,,,,,,,,,,,,10.3988,86.6055,16.1732,140.0711,198.8635,-62.244,-9.9373,-12.6632,150.0,16.1045,13.8406,18.0336,0.7201,13.9469,0.7125,50.0,7.2677,150.0,13.8406,20.1818,120.0,-10.219,220.1965,,907.8957,,10354.331,,
2026-08-26 19:02:55,42.4817117,-82.842066,13.54,13.5486,49.876,66.7882,-70.7935,0.0,-1.6189,2.2598,355.6047,0.9109,0.2583,,,,,,,,,,,,10.15,82.2258,15.756,140.3364,197.0403,-63.0117,-10.3909,7.6992,150.0,16.0266,13.9179,17.8458,0.7546,13.8794,0.7487,50.0,7.2923,150.0,13.9179,20.271,120.0,-10.0271,218.8884,,909.9063,,10377.2969,,
2026-08-26 19:02:56,42.481754,-82.8420035,,13.879,45.5043,67.1491,-10.853,0.0,-2.4108,0.1795,355.4173,0.9087,0.2605,,,7.2231,17.0663,10.0,0.0104,48.092,16.8002,64.5381,0.0,0.0,10.1985,79.0326,15.4145,139.4936,193.5807,-63.0461,-10.3054,8.19,150.0,15.8194,13.845,17.823,0.7615,13.7,0.7522,50.0,7.269,150.0,13.845,20.1868,120.0,-9.3916,217.6654,,911.9386,,10400.5909,,
2026-08-26 19:02:57,42.481802,-82.8419352,14.0322,13.7818,46.0142,65.8657,,0.0,,,355.2305,0.9063,0.2626,,,,,,,,,,,,11.0935,73.343,14.9292,134.6109,188.9989,-63.218,-10.0488,8.1679,150.0,15.7056,13.5947,18.1382,0.7613,13.6014,0.7388,50.0,7.1894,150.0,13.5947,19.8978,120.0,-11.9501,217.1579,,913.9563,,10423.5568,,
2026-08-26 19:02:58,42.4818472,-82.8418703,,14.6566,47.1945,63.7744,-25.8037,0.0,-4.022,0.272,355.0379,0.9038,0.2648,,,,,,,,,,,,11.0265,80.0692,16.5234,138.9035,192.5808,-63.8941,-10.5985,8.8664,150.0,16.1887,13.7934,18.461,0.7754,14.0198,0.756,50.0,7.2526,150.0,13.7934,20.1272,120.0,-13.3066,216.0448,,916.1002,,10447.835,,
2026-08-26 19:02:59,42.4818998,-82.8417968,13.8025,14.9287,44.4443,,-198.2892,,-3.2636,1.5108,354.8352,0.9013,0.2671,,,,,,,,,,,,10.2676,75.4252,15.7347,140.836,191.9609,-64.2264,,9.0426,150.0,,14.0668,,,,,50.0,7.3396,150.0,14.0668,20.4429,120.0,-11.0957,214.6931,,918.306,,10473.0974,,
2026-08-26 19:03:00,42.4819498,-82.8417322,13.54,14.987,43.2755,62.7832,-37.0383,0.0,-1.5232,0.9588,354.6354,0.8986,0.2693,,,7.2232,17.0663,10.0,0.0039,48.092,16.8002,64.3436,0.0,0.0,10.3741,75.8811,15.9515,140.8979,190.8259,-64.2035,-11.2066,9.3079,150.0,16.1129,13.954,18.0636,0.8124,13.9542,0.8031,50.0,7.3037,150.0,13.954,20.3127,120.0,-9.6606,213.4156,,920.5088,,10498.3599,,
2026-08-26 19:03:01,42.4819991,-82.8416682,,14.7926,43.7568,63.2015,-48.3519,0.0,-2.3928,-1.2386,354.4358,0.8959,0.2715,,,,,,,,,,,,11.4931,69.9117,15.2526,134.9537,185.4609,-62.5304,-11.4218,9.5636,150.0,16.0642,13.7901,17.8999,0.8279,13.912,0.821,50.0,7.2516,150.0,13.7901,20.1234,120.0,-10.5539,213.1243,,922.6862,,10522.9662,,
2026-08-26 19:03:02,42.4820487,-82.8416068,13.3432,14.5982,41.7629,60.8695,-157.0844,0.0,-2.0108,-0.9952,354.2408,0.8933,0.2736,,,,,,,,,,,,10.5555,73.5715,15.3903,138.8637,187.2126,-62.8971,-10.8439,9.402,150.0,15.847,13.7166,18.144,0.8098,13.7239,0.7901,50.0,7.2282,150.0,13.7166,20.0386,120.0,-12.5262,211.7625,,924.8666,,10547.9006,,
2026-08-26 19:03:03,42.4821,-82.8415499,,13.9762,39.345,60.1304,-97.0923,0.0,-0.6693,0.9785,354.0538,0.8905,0.2755,,,,,,,,,,,,10.2569,77.6974,15.5772,139.9592,186.4359,-59.7974,-10.843,9.9663,150.0,15.8136,13.707,17.9937,0.8071,13.695,0.7917,50.0,7.2252,150.0,13.707,20.0275,120.0,-10.7966,210.899,,926.9606,,10571.8507,,
2026-08-26 19:03:04,42.4821494,-82.8414979,13.6056,13.4514,37.4199,59.8325,7.8999,0.0,0.7922,0.4201,353.8812,0.8877,0.2772,,,7.2233,17.0663,10.0,0.0047,48.092,16.8002,65.4322,0.0,0.0,9.9852,76.1026,14.7785,139.0136,184.1795,-59.7974,-10.736,10.0842,150.0,15.8356,13.6246,17.8221,0.792,13.714,0.7829,50.0,7.199,150.0,13.6246,19.9323,120.0,-10.4608,210.2212,,928.9618,,10594.4885,,
2026-08-26 19:03:05,42.4822036,-82.8414458,,13.3347,36.5776,60.7148,,0.0,,,353.7048,0.8848,0.2789,,,,,,,,,,,,9.4892,80.7783,14.8654,140.9432,185.9701,-59.7974,-10.3143,9.7909,150.0,15.588,13.4705,17.6023,0.7729,13.4996,0.764,50.0,7.1499,150.0,13.4705,19.7544,120.0,-10.6702,210.2734,,930.8836,,10616.4702,,
2026-08-26 19:03:06,42.4822499,-82.8413973,13.6713,12.8099,37.6204,61.4883,26.615,0.0,-0.1204,0.3411,353.5472,0.8821,0.2803,,,,,,,,,,,,9.1308,77.0085,13.9324,140.3133,185.5153,-59.5281,-10.0818,9.2629,148.7987,15.4713,13.136,17.3423,0.7599,13.366,0.7543,50.0,7.05,148.7987,13.136,19.4117,120.0,-8.5418,209.6477,,,,,,
2026-08-26 19:03:07,42.4822945,-82.8413498,,12.7516,37.5574,61.4425,34.1299,0.0,-1.7772,-1.2644,353.3885,0.8796,0.2819,,,,,,,,,,,,8.8129,79.7884,14.1668,142.2492,187.6895,-59.5682,-9.9107,9.1786,147.365,15.2392,12.793,16.6839,0.7725,12.8927,0.7687,50.0,6.9486,147.365,12.793,19.0676,120.0,-6.9726,208.7477,,934.5503,,10658.4649,,
2026-08-26 19:03:08,42.4823404,-82.8413011,13.8025,12.6933,39.4481,62.9035,86.6484,0.0,-3.4319,0.6135,353.2313,0.8772,0.2834,,,7.2234,17.0663,10.0,0.0061,48.092,16.8002,65.604,0.0,0.0,8.7675,86.4308,15.0358,144.4102,191.3742,-60.5595,-9.954,9.1222,148.2151,15.1968,12.9964,16.4145,0.7797,12.8044,0.7774,50.0,7.0087,148.2151,12.9964,19.2716,120.0,-6.1771,209.8452,,,,,,
2026-08-26 19:03:09,42.4823865,-82.8412492,13.8025,12.4795,42.3473,65.2526,176.6246,0.0,-2.5575,-0.1051,353.0827,0.875,0.2848,,,,,,,,,,,,,,,,,-60.5824,-10.2489,8.7591,148.0385,15.3284,12.9541,16.3262,0.7831,13.0767,0.7838,50.0,6.9962,148.0385,12.9541,19.2292,120.0,-3.7837,211.3747,,938.3198,,10701.4439,,
2026-08-26 19:03:10,42.4824304,-82.8411955,,12.4795,42.6624,,41.5967,0.0,-4.0203,0.7122,352.8928,0.8724,0.2867,,,,,,,,,,,,8.6944,85.328,14.7656,144.0645,193.0553,-60.7313,-10.2674,8.1123,148.9618,15.3245,13.175,16.1371,0.7844,13.0688,0.7856,50.0,7.0615,148.9618,13.175,19.4508,120.0,-5.1601,213.3625,,,,,,
2026-08-26 19:03:11,42.482478,-82.8411357,14.0322,12.771,42.6109,64.6568,0.3953,0.0,-0.7635,0.4205,352.7313,0.8703,0.2883,,,,,,,,,,,,9.0475,85.4938,14.9058,142.7641,193.5503,-60.4621,-10.1413,8.0331,149.5182,15.4054,13.3081,16.5112,0.7652,13.2334,0.7663,50.0,7.1009,149.5182,13.3081,19.5844,120.0,-6.4202,214.0376,,942.2902,,10746.7195,,
2026-08-26 19:03:12,42.4825213,-82.8410804,,12.946,42.2728,64.4104,-3.3312,0.0,-0.8426,1.6088,352.5317,0.8678,0.2903,,,7.2234,17.0663,10.0,0.0085,48.092,16.8002,65.3934,0.0,0.0,9.7629,86.9511,15.6602,141.498,192.8772,,-10.1339,8.1955,150.0,15.683,13.8093,17.1269,0.7466,13.5819,0.7461,50.0,7.2577,150.0,13.8093,20.1456,120.0,-8.3154,214.4709,,943.993,,10766.0765,,
2026-08-26 19:03:13,42.4825647,-82.841026,13.7369,12.9849,42.3015,64.525,37.9012,0.0,-2.8466,0.7392,352.3509,0.8655,0.2921,,,,,,,,,,,,10.9342,88.0218,16.5846,138.7833,190.6629,-60.4792,-9.8434,8.335,150.0,16.2291,14.1403,18.0757,0.7069,14.0548,0.7004,50.0,7.363,150.0,14.1403,20.5278,120.0,-10.6063,214.5168,,945.8898,,10787.73,,
2026-08-26 19:03:14,42.4826131,-82.8409654,,13.7818,43.0692,64.9089,169.1853,0.0,-4.5849,-1.0814,352.1683,0.8633,0.294,,,,,,,,,,,,10.8602,82.9822,15.7438,136.7927,188.6125,-60.5423,-9.5761,8.3234,150.0,16.2054,13.9348,18.4039,0.6976,14.0343,0.6823,50.0,7.2976,150.0,13.9348,20.2905,120.0,-12.0394,214.8317,,947.7895,,10809.3835,,
2026-08-26 19:03:15,42.4826561,-82.8409033,13.8025,13.9762,47.1143,65.4646,-7.0474,0.0,,,351.9774,0.861,0.2959,,,,,,,,,,,,10.6591,85.1113,16.4205,139.7015,192.58,-60.6397,-9.9136,8.2983,150.0,16.209,14.1498,18.3814,0.7212,14.0374,0.7062,50.0,7.366,150.0,14.1498,20.5388,120.0,-10.8274,215.2428,,949.7814,,10832.0213,,
2026-08-26 19:03:16,42.4827014,-82.8408386,,14.1512,46.6502,65.5678,,0.0,-4.5583,0.6541,351.7671,0.8589,0.2981,,,7.2235,17.0663,10.0,0.0055,48.092,16.8002,65.2485,0.0,0.0,9.5795,85.3967,16.1953,143.872,196.832,-61.247,-10.6198,7.7981,150.0,16.3595,14.167,18.1007,0.7555,14.1677,0.7496,50.0,7.3715,150.0,14.167,20.5587,120.0,-7.7955,215.3823,,951.8677,,10855.9715,,
2026-08-26 19:03:17,42.482747,-82.8407742,13.9009,14.0345,45.5444,64.7141,-70.7935,0.0,-3.3638,1.5582,351.5506,0.8566,0.3004,,,,,,,,,,,,9.384,83.0489,15.9527,144.2735,196.7844,-61.2699,-11.1923,7.7555,150.0,16.2807,13.9852,17.5888,0.7947,14.0995,0.7938,50.0,7.3136,150.0,13.9852,20.3487,120.0,-6.8427,215.0281,,953.9639,,10879.9216,,
2026-08-26 19:03:18,42.4827939,-82.8407089,,14.5982,44.5303,63.9176,-37.0383,0.0,-2.9706,-0.2746,351.3348,0.8543,0.3026,,,,,,,,,,,,10.9904,76.1032,15.781,137.4646,190.0224,-61.247,-11.0027,8.3962,150.0,16.0861,13.994,17.8448,0.7954,13.931,0.7898,50.0,7.3165,150.0,13.994,20.3589,120.0,-10.1797,214.4872,,956.1234,,10904.5279,,
2026-08-26 19:03:19,42.4828465,-82.8406372,13.9009,14.5788,45.0001,63.6713,-22.0394,0.0,-3.3856,-0.1764,351.1125,0.8519,0.3048,,,,,,,,,,,,11.4346,77.3956,16.3955,137.1084,189.3773,-61.8773,-10.7935,8.4256,150.0,16.3148,14.1866,18.4897,0.7806,14.129,0.7639,50.0,7.3777,150.0,14.1866,20.5812,120.0,-11.8234,213.9742,,958.2692,,10928.8061,,
2026-08-26 19:03:20,42.4828991,-82.8405673,,14.8704,42.1009,,-198.2824,0.0,-3.4662,0.3325,350.8902,0.8495,0.307,,,7.2236,17.0663,10.0,0.0062,48.092,16.8002,64.9158,0.0,0.0,11.3951,79.58,16.8437,138.2897,190.2254,-62.5648,-10.8619,8.5693,,16.5629,,18.7837,0.7763,14.3439,0.7572,,,,,,,,,,960.6373,,10956.0371,,
2026-08-26 19:03:21,42.482951,-82.8405057,13.7369,14.6177,39.5971,61.1789,-104.5109,0.0,-0.9285,0.475,350.6728,0.8471,0.3091,,,,,,,,,,,,10.5817,78.3406,16.3041,140.5331,189.4349,-62.6565,-11.0439,8.7251,150.0,16.531,14.3666,18.644,0.7869,14.3163,0.7714,50.0,7.435,150.0,14.3666,20.7891,120.0,-11.7559,213.1292,,962.8569,,10981.2996,,
2026-08-26 19:03:22,42.4830033,-82.8404467,,14.3261,39.2992,60.3882,56.7091,0.0,-0.8367,-1.0695,350.4575,0.8444,0.3111,,,,,,,,,,,,10.1044,75.0408,15.5521,141.12,187.5849,-62.2038,-11.3328,9.4701,150.0,16.2171,14.2435,18.0211,0.8137,14.0444,0.8069,50.0,7.3958,150.0,14.2435,20.647,120.0,-10.3095,211.2525,,965.0474,,11006.2339,,
2026-08-26 19:03:23,42.4830547,-82.8403901,13.4088,14.5399,39.0986,61.2247,-29.5337,0.0,-3.147,-0.9251,350.2478,0.8418,0.313,,,,,,,,,,,,10.3506,74.0567,15.2839,139.3699,185.9585,-60.2558,-11.0504,9.0969,150.0,15.8879,13.9131,17.8655,0.8124,13.7593,0.8031,50.0,7.2907,150.0,13.9131,20.2655,120.0,-9.6698,211.2163,,,,,,
2026-08-26 19:03:24,42.483107,-82.8403342,,14.3261,40.3362,60.606,-138.2834,0.0,-3.8797,-0.5943,350.0434,0.8391,0.3148,,,7.2237,17.0663,10.0,0.0046,48.092,16.8002,65.1071,0.0,0.0,9.1318,72.1048,14.538,143.2912,188.2374,-60.8631,-11.2751,9.3154,150.0,15.4976,13.6342,17.1693,0.8428,13.4186,0.8403,50.0,7.202,150.0,13.6342,19.9435,120.0,-10.0618,210.9472,,969.3229,,11054.7904,,
2026-08-26 19:03:25,42.4831589,-82.8402791,13.54,14.2872,37.8897,58.6636,,0.0,,,349.8402,0.8365,0.3166,,,,,,,,,,,,7.7084,78.0365,14.7703,149.2998,192.3601,-61.6767,-11.7482,9.3184,149.8653,15.4575,13.3912,16.3494,0.8779,13.3383,0.8808,50.0,7.1254,149.8653,13.3912,19.6677,120.0,-7.6261,210.3443,,,,,,
2026-08-26 19:03:26,42.4832107,-82.8402261,,,,59.6033,64.2102,0.0,-1.0428,0.9875,349.639,0.8339,0.3183,,,,,,,,,,,,7.5377,79.5206,14.8213,149.9939,192.5459,-61.2928,-12.0946,9.6238,149.4865,15.4276,13.3005,15.6591,0.9095,13.2784,0.9108,50.0,7.0986,149.4865,13.3005,19.5768,120.0,-3.2825,208.7988,,973.308,,11100.3941,,
2026-08-26 19:03:27,,,13.4744,14.1317,37.9355,58.4574,,0.0,,,349.4218,0.831,0.3201,,,,,,,,,,,,7.9551,77.295,14.5234,147.7016,189.4969,-61.31,-11.9856,9.4172,148.9647,15.3084,13.1757,15.3252,0.9207,13.0357,0.9194,50.0,7.0617,148.9647,13.1757,19.4515,120.0,-0.533,208.4136,,975.5808,,11126.3127,,
2026-08-26 19:03:28,42.4832633,-82.8401753,,13.8013,35.3343,58.91,-100.7879,0.0,0.2377,1.1477,349.2504,0.8285,0.3214,,,7.2237,17.0663,10.0,0.0034,48.092,16.8002,65.1218,0.0,0.0,8.4959,75.1783,14.2303,144.7488,186.0348,-57.3566,-11.6944,9.5432,148.7336,15.3139,13.1204,15.5012,0.8962,13.0469,0.8963,50.0,7.0454,148.7336,13.1204,19.3961,120.0,-0.629,207.6162,,977.6251,,11149.6067,,
2026-08-26 19:03:29,42.4833206,-82.8401197,13.9009,13.5486,34.9963,61.2419,135.4232,0.0,-1.1492,-1.5182,349.0583,0.8259,0.323,,,,,,,,,,,,10.5603,72.1974,14.5084,136.1302,181.3984,-60.4621,-10.6925,9.619,147.7075,15.1367,12.8749,16.2536,0.8458,12.6781,0.8434,50.0,6.9728,147.7075,12.8749,19.1498,120.0,-1.6369,206.5904,,,,,,
2026-08-26 19:03:30,42.4833709,-82.8400664,,13.8985,39.6258,,-55.7912,0.0,-6.0582,-1.8278,348.7534,0.8221,0.3255,,,,,,,,,,,,8.7563,87.7491,16.1964,147.3018,192.7389,-62.7023,-10.8842,8.8046,148.1272,15.6767,12.9754,17.2781,0.8039,13.5764,0.8017,50.0,7.0025,148.1272,12.9754,19.2505,120.0,-8.3642,208.3438,,981.7229,,11196.5227,,
2026-08-26 19:03:31,42.483422,-82.840012,13.9665,14.1706,38.8007,58.5834,-119.4858,0.0,-3.2588,-0.1583,348.5446,0.8196,0.3273,,,,,,,,,,,,7.9194,78.3428,14.8413,148.4932,191.2508,-61.5736,-11.7352,9.006,150.0,15.6809,13.6922,16.4023,0.8608,13.58,0.8641,50.0,7.2204,150.0,13.6922,20.0104,120.0,-6.2397,209.2102,,,,,,
2026-08-26 19:03:32,42.483473,-82.8399569,,14.6566,36.973,57.5234,-48.2144,0.0,-2.2015,-0.895,348.3345,0.8169,0.3289,,,7.2238,17.0663,10.0,0.002,48.092,16.8002,64.7258,0.0,0.0,,,,,,-61.585,,9.2548,150.0,,13.525,,,,,50.0,7.1673,150.0,13.525,19.8173,120.0,-3.0972,208.3716,,985.9423,,11244.4229,,
2026-08-26 19:03:33,42.4835268,-82.839903,13.6713,14.1512,37.0646,57.1911,-78.2809,0.0,-2.1562,0.2406,348.1271,0.8143,0.3306,,,,,,,,,,,,8.4036,85.5274,16.1153,148.6761,191.3337,-61.608,-12.1145,9.5981,150.0,15.8385,13.8713,16.2771,0.8805,13.7165,0.8832,50.0,7.2774,150.0,13.8713,20.2172,120.0,-1.994,207.5418,,988.0253,,11268.3731,,
2026-08-26 19:03:34,42.4835786,-82.8398505,,13.879,36.5776,57.3114,71.7148,0.0,-1.1012,0.2818,347.9289,0.8119,0.3321,,,,,,,,,,,,8.0961,82.6324,15.2998,148.3454,190.4045,-60.1985,-12.0349,9.2165,150.0,15.9758,13.7168,16.3218,0.8677,13.8354,0.8699,50.0,7.2283,150.0,13.7168,20.0388,120.0,-1.7416,207.2664,,,,,,
2026-08-26 19:03:35,42.4836285,-82.8398009,13.9665,13.4319,35.7984,59.248,86.6759,0.0,-2.3488,-0.3464,347.7344,0.8094,0.3336,,,,,,,,,,,,8.5138,84.4015,15.3053,146.3848,188.9369,-59.5969,-11.7111,8.751,150.0,15.7747,13.6358,16.1519,0.8548,13.6613,0.8572,50.0,7.2025,150.0,13.6358,19.9452,120.0,-2.5675,207.87,,991.971,,11313.3206,,
2026-08-26 19:03:36,42.4836818531019,-82.8397463982074,,13.2376,38.3824,60.2622,139.2012,0.0,-3.0768,-0.5723,347.5369,0.8071,0.3352,,,7.2239,17.0663,10.0,0.0063,48.092,16.8002,66.5412,0.0,0.0,8.6654,81.9166,14.7438,144.4163,188.4515,-59.3391,-11.1181,8.3584,150.0,15.6045,13.4348,16.3611,0.8194,13.5139,0.8227,50.0,7.1386,150.0,13.4348,19.7131,120.0,-4.4913,209.0438,,993.8911,,11335.3022,,
2026-08-26 19:03:37,42.48372950060897,-82.83969494227745,13.7369,13.3736,39.832,61.9868,,0.0,,,347.3307,0.8048,0.3369,,,,,,,,,,,,9.0664,83.7795,15.265,143.8119,190.1654,,-10.9111,8.1411,150.0,15.5304,13.5207,16.4932,0.8082,13.4497,0.8112,50.0,7.1659,150.0,13.5207,19.8123,120.0,-5.5256,210.5022,,,,,,
2026-08-26 19:03:38,42.483776682726145,-82.83964051767755,,13.6069,43.1609,61.7633,0.4882,0.0,-4.7602,0.2043,347.105,0.8027,0.3389,,,,,,,,,,,,8.9737,86.173,15.6966,145.2202,193.1483,-62.1294,-10.9069,7.5979,150.0,15.7999,13.6833,16.8877,0.7953,13.6831,0.7971,50.0,7.2176,150.0,13.6833,20.0001,120.0,-5.1026,211.3855,,997.8754,,11380.5778,,
2026-08-26 19:03:39,42.48382351313443,-82.83958048735681,13.6713,13.8596,42.353,61.2362,-21.9775,0.0,-3.6884,0.4301,346.8753,0.8004,0.3408,,,,,,,,,,,,8.5081,84.2002,15.4764,146.843,194.6616,-62.244,-11.3135,7.8546,150.0,15.7872,13.7228,16.6083,0.8246,13.6722,0.8275,50.0,7.2302,150.0,13.7228,20.0457,120.0,-3.7032,211.3164,,,,,,
2026-08-26 19:03:40,42.4838717,-82.8395207,,14.0345,42.4619,,-48.235,0.0,-2.734,0.5393,346.6395,0.7981,0.3428,,,7.224,17.0663,10.0,0.0046,48.092,16.8002,65.3428,0.0,0.0,8.9172,84.375,15.8259,145.8928,193.9705,-61.3845,-11.6478,7.884,150.0,15.9097,13.8466,16.4736,0.8426,13.7782,0.8454,50.0,7.2696,150.0,13.8466,20.1887,120.0,-3.6003,211.1951,,1002.1022,,11428.8061,,
2026-08-26 19:03:41,42.4839218,-82.8394606,13.8353,14.1512,40.9321,60.4971,38.0455,0.0,-2.7575,-0.8927,346.4102,0.7959,0.3447,,,,,,,,,,,,9.7847,81.1119,15.8623,142.4505,190.1585,-61.4017,-11.4504,8.2132,150.0,16.0319,13.89,16.9967,0.8228,13.884,0.8247,50.0,7.2834,150.0,13.89,20.2388,120.0,-5.9307,210.6214,,,,,,
2026-08-26 19:03:42,42.4839766,-82.8393963,,14.3844,41.7686,60.6632,105.5251,0.0,-4.1869,0.3018,346.1728,0.7936,0.3467,,,,,,,,,,,,10.0941,82.8025,16.4516,142.5022,190.3757,-61.4017,-11.3395,8.0901,150.0,16.1407,14.1341,17.4529,0.8118,13.9783,0.8112,50.0,7.361,150.0,14.1341,20.5206,120.0,-7.0891,210.8987,,1006.3424,,11477.0345,,
2026-08-26 19:03:43,42.484026,-82.8393339,13.8353,14.7343,43.1093,61.8378,-44.5051,0.0,-4.4022,-0.2339,345.9283,0.7914,0.3488,,,,,,,,,,,,10.3867,79.9488,16.3586,141.3034,190.6426,-61.4934,-11.4321,7.5153,150.0,16.4507,14.2308,17.9335,0.8056,14.2467,0.8024,50.0,7.3918,150.0,14.2308,20.6323,120.0,-7.9488,211.3747,,1008.4607,,11501.3127,,
2026-08-26 19:03:44,42.4840748,-82.8392714,13.8025,14.7537,44.3641,61.0013,-6.9855,0.0,-3.5748,0.1122,345.6779,0.7893,0.351,,,7.224,17.0663,10.0,0.0069,48.092,16.8002,65.5712,0.0,0.0,10.0092,80.3506,16.3296,142.8234,191.8976,-62.244,-11.5447,8.0662,150.0,16.4367,14.2241,17.9131,0.8141,14.2346,0.811,50.0,7.3897,150.0,14.2241,20.6246,120.0,-7.4771,211.1893,,1010.6351,,11526.2471,,
2026-08-26 19:03:45,42.484124,-82.8392074,,14.9287,43.5333,60.8867,,0.0,,,345.4214,0.787,0.3531,,,,,,,,,,,,10.034,78.2133,16.161,142.5703,190.8783,-61.585,-11.7997,8.3618,150.0,16.3488,14.1526,17.7137,0.8351,14.1585,0.8334,50.0,7.3669,150.0,14.1526,20.542,120.0,-7.1683,210.8913,,1012.8769,,11551.5096,,
2026-08-26 19:03:46,42.4841761,-82.8391432,14.0978,15.298,39.6945,57.4088,-231.9448,0.0,-4.4942,-0.4283,345.1676,0.7847,0.3552,,,,,,,,,,,,9.1729,74.0645,15.461,145.2156,190.3579,-63.9342,-12.036,8.4292,,16.201,,17.5382,0.8589,14.0305,0.8578,,,,,,,,,,1015.1352,,11577.4282,,
2026-08-26 19:03:47,42.4842307,-82.8390824,14.0322,15.298,37.947,55.7702,-134.4125,0.0,-1.9026,-0.7868,344.9215,0.7821,0.357,,,,,,,,,,,,8.214,82.3178,16.4067,150.2542,192.7428,-64.6332,-12.6356,9.299,150.0,16.1125,13.8961,16.8969,0.903,13.9538,0.9055,50.0,7.2853,150.0,13.8961,20.2458,120.0,-5.8287,208.722,,1017.4093,,11603.3468,,
2026-08-26 19:03:48,42.4842877,-82.8390262,,14.9676,36.0448,56.6869,19.2961,0.0,0.5847,1.1539,344.6811,0.7795,0.3587,,,7.2241,17.0663,10.0,0.0062,48.092,16.8002,65.0504,0.0,0.0,8.4701,72.5839,14.8555,147.0419,187.5916,-59.1099,-12.8389,9.3668,150.0,15.9599,14.0475,16.3093,0.9265,13.8216,0.9289,50.0,7.3335,150.0,14.0475,20.4207,120.0,-2.2524,206.8693,,1019.6315,,11628.6093,,
2026-08-26 19:03:49,42.4843427,-82.8389731,13.9009,14.4039,34.2285,57.6266,-44.4741,,1.28,0.0972,344.4523,0.7769,0.3603,,,,,,,,,,,,9.3795,77.0029,15.2056,143.0555,184.1056,-59.1844,-12.1536,9.168,150.0,15.6317,13.6382,16.3494,0.8942,13.5375,0.8978,50.0,7.2033,150.0,13.6382,19.948,120.0,-2.4333,206.6718,,,,,,
2026-08-26 19:03:50,42.4844008,-82.8389178,,13.2959,34.4978,59.036,82.9941,0.0,-0.2641,-0.6965,344.2169,0.7742,0.3618,,,,,,,,,,,,9.7725,77.6207,14.9882,140.4422,183.1946,-59.4135,-11.237,8.7315,150.0,15.5904,13.5403,16.868,0.831,13.5017,0.8323,50.0,7.1721,150.0,13.5403,19.835,120.0,-5.2142,206.9511,,1023.7552,,11675.8534,,
2026-08-26 19:03:51,42.4844527,-82.8388705,14.0322,12.9849,35.1968,,-89.5086,0.0,-0.2045,0.7507,344.0254,0.7721,0.3631,,,,,,,,,,,,8.5445,82.8297,14.656,144.6589,187.2241,-59.6828,-10.6656,8.2862,150.0,15.5003,13.4733,16.8844,0.7939,13.4237,0.7945,50.0,7.1508,150.0,13.4733,19.7576,120.0,-7.7442,208.2323,,,,,,
2026-08-26 19:03:52,42.4845011,-82.8388235,,12.2656,35.7067,58.9673,214.2301,0.0,0.9273,-0.689,343.8194,0.7699,0.3645,,,7.2242,17.0663,10.0,0.0075,48.092,16.8002,66.635,0.0,0.0,8.1339,72.1967,12.6298,142.1799,184.7884,-55.3398,-10.3686,7.8454,149.1513,15.1174,13.2204,15.6152,0.8208,12.6372,0.8205,50.0,7.0749,149.1513,13.2204,19.4963,120.0,-5.7444,207.8376,,1027.5735,,11719.1605,,
2026-08-26 19:03:53,42.4845468,-82.8387773,14.0978,11.7214,38.01,62.491,,0.0,,,343.6207,0.7679,0.3659,,,,,,,,,,,,9.2773,79.6706,13.7136,138.2762,186.0543,-54.5434,-9.4746,6.9733,145.4786,14.9715,12.3417,15.8239,0.7707,12.3248,0.7687,50.0,6.8153,145.4786,12.3417,18.6149,120.0,-2.2407,205.4068,,1029.3404,,11739.5017,,
2026-08-26 19:03:54,42.4845888,-82.8387311,,11.663,40.3649,63.7458,64.2102,0.0,-2.4752,-0.0865,343.4163,0.7661,0.3675,,,,,,,,,,,,8.4544,86.7036,14.0777,143.1616,192.1805,-59.5969,-9.1544,6.3198,145.5079,15.0068,12.3487,16.0416,0.7409,12.401,0.7382,50.0,6.8173,145.5079,12.3487,18.6219,120.0,-5.4035,207.6286,,,,,,
2026-08-26 19:03:55,42.4846302,-82.8386822,14.229,11.5853,42.9948,65.8313,169.2403,0.0,-2.6101,1.1595,,,,,,,,,,,,,,,,,,,,-59.5281,-9.2985,,146.1749,15.1306,12.5083,16.0771,0.7353,12.6653,0.7342,50.0,6.8645,146.1749,12.5083,18.782,120.0,-4.9171,209.8826,,1032.7771,,11778.5437,,
2026-08-26 19:03:56,42.484669,-82.8386307,,11.9741,46.295,68.0429,60.5181,0.0,-4.8732,-0.0273,343.101,0.7637,0.37,,,7.2243,17.0663,10.0,0.0051,48.092,16.8002,66.5747,0.0,0.0,8.846,86.0712,14.2706,141.7994,193.6783,-59.3562,-9.3433,5.9335,146.9736,15.1738,12.6994,16.3907,0.7348,12.7562,0.7325,50.0,6.921,146.9736,12.6994,18.9737,120.0,-5.192,213.0201,,1034.5078,,11798.2287,,
2026-08-26 19:03:57,42.4847082,-82.8385747,14.3274,13.0043,47.2576,68.3294,105.6591,0.0,-7.0895,0.2732,342.8752,0.7621,0.3719,,,,,,,,,,,,9.501,82.5404,14.4788,139.4094,193.4874,-61.4361,,5.4599,147.9319,,12.9286,,,,,50.0,6.9887,147.9319,12.9286,19.2037,120.0,-7.4839,215.2851,,1036.3851,,11819.8823,,
2026-08-26 19:03:58,42.484755,-82.8385045,,14.3067,49.3202,67.2351,-149.2635,0.0,-8.2395,0.1976,342.5953,0.7604,0.3742,,,,,,,,,,,,10.5264,84.7697,16.2696,139.8867,195.8797,-66.2432,-9.8725,5.6024,150.0,15.5374,13.6705,17.3832,0.7383,13.4558,0.7337,50.0,7.2136,150.0,13.6705,19.9854,120.0,-9.8153,217.9966,,,,,,
2026-08-26 19:03:59,42.4848,-82.8384362,14.1634,15.4147,47.0799,61.4138,-295.4709,0.0,-4.9621,1.6597,342.3198,0.7588,0.3766,,,,,,,,,,,,9.9202,86.2133,17.1106,144.6547,199.5929,-67.3089,-10.7857,5.522,150.0,16.3256,14.3132,18.102,0.7692,14.1384,0.7629,50.0,7.418,150.0,14.3132,20.7275,120.0,-8.2762,216.6798,,1040.7203,,11869.0949,,
2026-08-26 19:04:00,42.4848534,-82.8383675,,15.8034,41.0868,58.5949,-32.9955,0.0,-0.075,-0.9328,342.0244,0.7567,0.379,,,7.2244,17.0663,10.0,0.0043,48.092,16.8002,61.0797,0.0,0.0,8.7434,88.2669,17.5902,150.2092,199.7865,-62.519,-12.0754,7.0649,150.0,17.1031,14.8368,18.2533,0.8168,14.8117,0.8153,50.0,7.5845,150.0,14.8368,21.332,120.0,-4.5183,213.4774,,1043.0409,,11895.6697,,
2026-08-26 19:04:01,42.4849081,-82.8383041,14.2946,15.2591,40.1873,,,0.0,,,341.7435,0.7545,0.3811,,,,,,,,,,,,10.9742,73.0016,16.3583,140.0921,186.527,-65.0973,-12.8016,8.4459,150.0,16.9432,14.5415,17.7611,0.8716,14.6732,0.8724,50.0,7.4906,150.0,14.5415,20.9911,120.0,-5.9968,210.1117,,1045.3585,,11922.2445,,
2026-08-26 19:04:02,42.4849657,-82.8382484,14.229,15.0064,33.2086,52.7965,-445.4839,0.0,1.0261,0.6638,341.4769,0.7521,0.3829,,,,,,,,,,,,9.9671,82.303,17.2616,145.0953,186.97,-56.3941,-12.2186,8.7419,150.0,16.8853,14.6696,18.409,0.8406,14.6231,0.8356,50.0,7.5313,150.0,14.6696,21.1389,120.0,-7.2926,205.5105,,,,,,
2026-08-26 19:04:03,42.485023,-82.8382019,,13.7624,27.9775,49.3645,-74.2141,0.0,5.6054,2.0091,341.1525,0.7483,0.3846,,,,,,,,,,,,9.5774,73.2817,14.9633,142.1932,178.835,-51.2202,-12.1618,9.8299,150.0,16.6815,14.0647,17.8349,0.8425,14.4466,0.8418,50.0,7.3389,150.0,14.0647,20.4405,120.0,-6.3451,201.5082,,1049.7202,,11971.7852,,
2026-08-26 19:04:04,42.4850788,-82.8381649,14.7211,12.6544,27.2843,49.8802,56.9772,0.0,2.785,-0.194,340.9524,0.7457,0.3855,,,7.2244,17.0663,10.0,0.005,48.092,16.8002,66.5385,0.0,0.0,9.8209,68.3973,13.2405,136.3992,171.3338,,-11.006,8.8941,147.9337,15.6016,12.9291,17.261,0.8172,13.5114,0.8146,50.0,6.9888,147.9337,12.9291,19.2041,120.0,-8.5138,198.4855,,1051.6199,,11993.4387,,
2026-08-26 19:04:05,42.4851304,-82.8381278,,12.4795,32.6758,54.269,281.9743,0.0,-1.9868,-3.3013,340.7261,0.7433,0.3867,,,,,,,,,,,,9.4124,71.7294,12.9931,136.5361,174.2099,-52.2115,-9.5331,8.0319,144.9137,15.0092,12.2066,16.6242,0.7827,12.4062,0.7684,50.0,6.7753,144.9137,12.2066,18.4793,120.0,-8.4114,197.8307,,,,,,
2026-08-26 19:04:06,42.4851822,-82.8380795,14.229,12.5572,35.6093,56.5551,-10.4645,0.0,-3.4349,-0.5575,,,,,,,,,,,,,,,8.1593,86.1437,14.3975,145.5675,186.565,-59.2531,-9.4241,,146.0498,14.9354,12.4784,16.2361,0.7785,12.2462,0.7695,50.0,6.8556,146.0498,12.4784,18.7519,120.0,-5.247,201.3203,,1055.1962,,12034.4492,,
2026-08-26 19:04:07,42.485228,-82.8380346,,12.4795,35.2942,56.4291,38.3412,0.0,-1.1521,0.8933,340.4054,0.7403,0.3887,,,,,,,,,,,,6.7694,92.2758,14.5193,152.234,192.9287,-59.9521,-10.2364,7.1097,147.3648,15.1566,12.793,15.5893,0.8048,12.72,0.8047,50.0,6.9486,147.3648,12.793,19.0676,120.0,-0.2571,203.2267,,,,,,
2026-08-26 19:04:08,42.4852753,-82.8379893,13.8025,12.7322,35.8041,57.0937,,0.0,,,340.1866,0.7384,0.3901,,,7.2245,17.0663,10.0,0.004,48.092,16.8002,65.3985,0.0,0.0,7.2801,90.2715,14.5641,150.0092,191.596,-59.9292,-10.8265,7.2318,147.7886,15.203,12.8944,14.8065,0.8506,12.8173,0.8447,50.0,6.9786,147.7886,12.8944,19.1693,120.0,1.9157,204.3364,,1058.8345,,12075.7878,,
2026-08-26 19:04:09,42.4853227,-82.837943,,12.46,36.4745,58.4287,57.0975,0.0,-1.1768,0.9219,339.8518,0.7354,0.3922,,,,,,,,,,,,8.2885,89.5262,14.9527,146.3378,189.3864,-59.0297,-10.7468,6.9641,148.9123,15.3244,13.1632,15.2472,0.8242,13.0685,0.8223,50.0,7.058,148.9123,13.1632,19.439,120.0,-0.9196,206.4076,,,,,,
2026-08-26 19:04:10,42.4853677,-82.8378964,14.229,12.3434,38.1361,59.7924,102.0942,0.0,-1.9373,1.2046,339.6506,0.7338,0.3935,,,,,,,,,,,,8.4055,88.7556,14.7846,145.3619,189.8686,-59.064,-10.4949,6.7925,149.454,15.4342,13.2928,15.8599,0.7875,13.2917,0.7896,50.0,7.0963,149.454,13.2928,19.569,120.0,-2.8087,207.9592,,1062.4838,,12117.4545,,
2026-08-26 19:04:11,42.4854105,-82.8378488,,12.6155,39.4367,61.9467,132.0851,0.0,-2.9204,-0.3792,339.4244,0.7321,0.395,,,,,,,,,,,,8.9651,84.4567,14.5493,142.1712,188.9212,-58.5025,-10.1866,6.3809,148.779,15.3788,13.1313,15.9921,0.771,13.1794,0.7729,50.0,7.0486,148.779,13.1313,19.407,120.0,-4.0089,208.8836,,1064.2406,,12137.4676,,
2026-08-26 19:04:12,42.4854588,-82.8377913,14.1634,12.635,42.0838,,-32.8786,0.0,-4.3646,-0.2174,339.1572,0.7303,0.3969,,,7.2246,17.0663,10.0,0.0085,48.092,16.8002,65.6655,0.0,0.0,8.2534,88.8314,14.9858,146.5896,194.2122,-58.9151,-10.0391,5.8401,149.3276,15.3864,13.2625,16.4078,0.7596,13.195,0.7608,50.0,7.0874,149.3276,13.2625,19.5386,120.0,-5.1515,210.3161,,1066.3065,,12161.0896,,
2026-08-26 19:04:13,42.4855038,-82.8377365,,13.2764,41.1556,60.6862,105.9067,0.0,-2.1236,0.4304,338.9022,0.7287,0.3988,,,,,,,,,,,,8.7527,88.6093,15.5391,145.7291,193.764,-60.336,-10.5367,6.0371,150.0,15.4635,13.4679,16.2103,0.7863,13.3504,0.7892,50.0,7.1491,150.0,13.4679,19.7514,120.0,-3.7523,211.0787,,,,,,
2026-08-26 19:04:14,42.4855507,-82.8376789,14.2946,13.6263,41.5967,61.3737,-100.3031,0.0,-2.874,-0.446,338.634,0.727,0.4007,,,,,,,,,,,,,,,,,-60.1183,-10.7975,6.2525,,15.8399,,16.7587,0.7847,13.7178,0.7871,,,,,,,,,,1070.0841,,12204.0686,,
2026-08-26 19:04:15,42.4855989,-82.8376216,,14.1706,41.1556,59.0647,,0.0,,,338.3634,0.7252,0.4025,,,,,,,,,,,,9.8065,86.7666,16.2712,143.0058,191.1126,-60.9433,-11.0516,6.3051,150.0,16.1938,13.8582,17.2972,0.7872,14.0242,0.788,50.0,7.2733,150.0,13.8582,20.2021,120.0,-5.5615,210.4925,,1072.1665,,12228.0188,,
2026-08-26 19:04:16,42.4856484,-82.8375624,14.4587,14.1706,40.3362,58.4917,-32.7858,0.0,-1.4713,1.0313,338.0838,0.7234,0.4045,,,7.2247,17.0663,10.0,0.0051,48.092,16.8002,64.0094,0.0,0.0,9.3361,88.8226,16.7144,146.0517,193.2983,-60.2902,-11.5515,6.7203,150.0,16.6288,14.1443,17.5014,0.801,14.401,0.8021,50.0,7.3643,150.0,14.1443,20.5324,120.0,-5.2711,209.6405,,1074.2739,,12251.9689,,
2026-08-26 19:04:17,42.4856974,-82.8375054,14.1634,13.8207,38.8809,58.0907,-62.7939,0.0,-1.0503,0.5749,,,,,,,,,,,,,,,9.5552,85.806,16.4912,144.6998,190.7751,-60.2329,-11.4476,,150.0,16.576,14.4156,17.5789,0.7969,14.3552,0.7975,50.0,7.4506,150.0,14.4156,20.8457,120.0,-4.5137,208.6937,,,,,,
2026-08-26 19:04:18,42.4857466,-82.8374516,,13.5486,38.5543,59.46,53.4191,0.0,-1.2739,1.1519,337.6797,0.7207,0.4072,,,,,,,,,,,,9.9457,86.6315,16.5775,143.2076,189.0342,-60.2558,-11.1145,6.6579,150.0,16.492,14.3538,17.6764,0.7786,14.2825,0.7782,50.0,7.4309,150.0,14.3538,20.7743,120.0,-5.551,208.463,,1078.345,,12298.2287,,
2026-08-26 19:04:19,42.4857945,-82.8373978,14.229,13.1209,39.1273,60.8351,45.887,0.0,-1.8641,0.5172,337.4189,0.7189,0.4088,,,,,,,,,,,,9.7958,84.7064,15.882,142.1094,188.3164,-60.1355,-10.611,6.5404,150.0,16.2374,14.2112,17.6934,0.7567,14.062,0.7546,50.0,7.3855,150.0,14.2112,20.6097,120.0,-6.3725,209.094,,,,,,
2026-08-26 19:04:20,42.4858473,-82.8373385,,13.257,40.5024,62.4394,120.9193,0.0,-4.274,-0.7843,337.13,0.717,0.4108,,,7.2247,17.0663,10.0,0.0073,48.092,16.8002,65.7367,0.0,0.0,10.1341,82.2816,15.5253,139.6967,187.4132,-59.1099,-10.3474,6.1604,150.0,16.0006,14.0192,17.7556,0.7517,13.8569,0.7467,50.0,7.3245,150.0,14.0192,20.388,120.0,-7.915,210.2945,,1082.5261,,12346.129,,
2026-08-26 19:04:21,42.4858943,-82.8372819,14.6555,13.6846,44.0203,62.5139,-59.0433,0.0,-6.9024,-0.871,336.886,0.7155,0.4124,,,,,,,,,,,,9.9406,81.3799,15.4085,140.3681,188.8639,-60.1813,,6.0222,150.0,,13.8132,,,,,50.0,7.259,150.0,13.8132,20.1502,120.0,-9.4542,211.7124,,,,,,
2026-08-26 19:04:22,42.4859434,-82.8372215,14.5899,14.7149,42.7942,,-92.6988,0.0,-5.118,-0.7169,336.6031,0.714,0.4144,,,,,,,,,,,,9.1557,83.7539,15.7978,144.8222,193.867,-61.8085,-10.5033,5.5074,150.0,15.9644,13.8573,17.7252,0.7647,13.8256,0.7597,50.0,7.273,150.0,13.8573,20.2011,120.0,-8.9425,212.2128,,1086.4312,,12390.4203,,
2026-08-26 19:04:23,42.4859954,-82.8371602,,15.0648,39.3679,59.6778,,0.0,,,336.3043,0.7122,0.4164,,,,,,,,,,,,8.8729,83.2887,16.3227,147.3253,194.4603,-61.8601,-11.3833,5.7392,150.0,15.9964,13.8927,17.184,0.821,13.8533,0.8217,50.0,7.2842,150.0,13.8927,20.2419,120.0,-5.2205,211.0931,,,,,,
2026-08-26 19:04:24,42.4860498,-82.8371017,14.6555,15.162,38.3194,58.0849,-40.2113,0.0,-3.2298,0.5317,336.0035,0.7104,0.4183,,,7.2248,17.0663,10.0,0.006,48.092,16.8002,63.9726,0.0,0.0,9.905,82.1979,16.8663,144.4207,190.012,-61.9747,-12.2554,6.608,150.0,16.4191,14.2839,17.1806,0.86,14.2194,0.8619,50.0,7.4087,150.0,14.2839,20.6936,120.0,-4.0787,209.1989,,1090.8813,,12441.2734,,
2026-08-26 19:04:25,42.4861033,-82.8370446,14.5899,14.5788,37.6433,56.9963,-111.4896,0.0,-2.784,0.6976,335.7067,0.7084,0.4201,,,,,,,,,,,,10.0958,83.7354,17.125,144.1253,188.7802,-62.0148,-12.1883,6.2375,150.0,16.6336,14.4471,17.664,0.8458,14.4051,0.8461,50.0,7.4606,150.0,14.4471,20.8821,120.0,-5.5647,208.02,,,,,,
2026-08-26 19:04:26,42.4861557,-82.836989,,14.6177,36.0963,56.7786,-25.2503,0.0,-0.5441,0.4258,335.4168,0.7065,0.4219,,,,,,,,,,,,9.5672,80.2741,16.0941,144.133,187.1656,,-12.0263,6.9778,150.0,16.7255,14.4431,17.8397,0.8307,14.4847,0.8303,50.0,7.4593,150.0,14.4431,20.8774,120.0,-5.7657,207.1639,,1095.1954,,12490.486,,
2026-08-26 19:04:27,42.48621,-82.8369351,15.2133,14.7537,35.9932,57.6495,42.2327,0.0,-2.0204,-0.7445,335.1322,0.7047,0.4236,,,,,,,,,,,,10.1511,76.1551,15.6259,140.8941,183.916,-58.153,-11.8536,7.2504,150.0,16.3934,14.1301,17.5884,0.8352,14.1971,0.8349,50.0,7.3598,150.0,14.1301,20.5161,120.0,-6.6277,207.3719,,,,,,
2026-08-26 19:04:28,42.4862622,-82.8368815,,14.4039,37.6662,58.4688,0.9729,0.0,-3.6377,0.9248,334.8422,0.7027,0.4252,,,7.2249,17.0663,10.0,0.006,48.092,16.8002,65.0612,0.0,0.0,9.9163,83.1184,16.6828,143.8343,187.3755,-60.0209,-11.6092,7.1279,150.0,16.2106,14.1279,17.6665,0.8292,14.0388,0.8269,50.0,7.359,150.0,14.1279,20.5134,120.0,-7.4588,207.892,,1099.4169,,12538.7143,,
2026-08-26 19:04:29,42.4863197,-82.8368235,14.0978,14.4233,35.4546,57.3057,-145.2689,0.0,,,334.559,0.7009,0.4269,,,,,,,,,,,,8.9619,78.125,15.3211,145.0811,187.4597,-60.4792,-11.7016,6.7811,150.0,16.3145,14.0439,17.5658,0.8288,14.1288,0.8282,50.0,7.3323,150.0,14.0439,20.4165,120.0,-6.2345,208.0143,,,,,,
2026-08-26 19:04:30,42.4863732,-82.8367727,,14.4622,35.426,57.6839,,0.0,-2.2821,-0.0233,334.1416,0.6981,0.4292,,,,,,,,,,,,9.1114,79.9144,15.5885,144.8678,186.5844,-60.3876,-11.7726,6.8533,150.0,15.9882,13.8416,16.9963,0.8484,13.8462,0.8502,50.0,7.268,150.0,13.8416,20.1829,120.0,-5.0164,207.3656,,1103.5821,,12586.2865,,
2026-08-26 19:04:31,42.4864267,-82.8367204,15.082,14.5399,36.6636,57.4432,34.7247,0.0,-3.4697,-1.3031,333.8554,0.6963,0.4308,,,,,,,,,,,,9.4998,77.4405,15.4021,142.9845,185.4887,-59.1099,-11.6598,6.6533,150.0,15.8284,13.6777,16.9227,0.8488,13.7078,0.8506,50.0,7.2158,150.0,13.6777,19.9937,120.0,-6.0632,207.5428,,,,,,
2026-08-26 19:04:32,42.4864812,-82.8366677,,14.3261,35.5406,,-44.0032,0.0,-4.3152,-0.5178,333.5634,0.6943,0.4324,,,7.225,17.0663,10.0,0.008,48.092,16.8002,64.9436,0.0,0.0,8.6695,85.4054,16.2406,147.8524,189.6195,-60.5824,-11.6869,6.5543,150.0,15.9929,13.9444,17.0926,0.8424,13.8502,0.8438,50.0,7.3007,150.0,13.9444,20.3016,120.0,-4.9909,207.1945,,1107.8142,,12634.5148,,
2026-08-26 19:04:33,42.4865359,-82.8366171,14.1634,14.5594,34.2915,55.8619,-44.0203,0.0,-2.6458,-1.0177,333.2766,0.6924,0.4339,,,,,,,,,,,,7.9555,79.7414,15.1368,148.8574,188.8603,-60.4048,-11.959,6.5967,150.0,15.9371,13.6716,16.6253,0.8636,13.8019,0.8665,50.0,7.2139,150.0,13.6716,19.9866,120.0,-3.244,206.2111,,,,,,
2026-08-26 19:04:34,42.4865914,-82.8365681,,14.365,31.1632,54.9222,-137.7333,0.0,-1.6728,-0.3202,332.9905,0.6904,0.4353,,,,,,,,,,,,,,,,,-60.336,-12.2037,7.0421,150.0,15.7603,13.691,16.1506,0.8915,13.6488,0.8941,50.0,7.2201,150.0,13.691,20.009,120.0,-1.7024,204.6282,,1112.0459,,12682.7432,,
2026-08-26 19:04:35,42.4866484,-82.8365241,15.3773,,,52.3897,-62.7148,0.0,0.7193,0.1169,332.715,0.6883,0.4366,,,,,,,,,,,,7.8764,83.9358,15.647,149.9626,188.4605,-59.6198,-12.3426,7.3538,150.0,15.8113,13.6516,15.8997,0.9006,13.693,0.9014,50.0,7.2075,150.0,13.6516,19.9635,120.0,-0.2229,203.3219,,1114.1256,,12706.3652,,
2026-08-26 19:04:36,42.4867089,-82.8364807,,13.5291,30.5902,52.4986,19.7739,0.0,1.1303,0.0213,,,,,,7.225,17.0663,10.0,0.0034,48.092,16.8002,64.6068,0.0,0.0,7.7469,80.8786,14.9262,149.1727,185.0137,-57.9468,-11.9006,,150.0,15.5759,13.4975,15.7373,0.8808,13.4891,0.8822,50.0,7.1585,150.0,13.4975,19.7856,120.0,-1.2169,202.936,,,,,,
2026-08-26 19:04:37,42.4867621,-82.836443,14.5899,12.9849,28.8542,53.507,-32.7824,0.0,0.3191,-0.4035,332.331,0.6852,0.4381,,,,,,,,,,,,8.4923,87.2224,15.3629,146.4865,183.1075,-56.6691,-11.1528,7.2625,150.0,15.6191,13.4654,16.0894,0.8216,13.5265,0.8245,50.0,7.1483,150.0,13.4654,19.7485,120.0,-3.042,203.3224,,1117.977,,12750.3285,,
2026-08-26 19:04:38,42.486812,-82.8364078,,12.1101,28.9286,53.8049,,0.0,,,332.0873,0.6831,0.439,,,,,,,,,,,,8.3744,84.9847,14.3396,144.425,181.4634,-51.9193,-10.2706,6.8155,,15.3481,,15.9407,0.7814,13.1171,0.783,,,,,,,,,,,,,,
2026-08-26 19:04:39,42.48686,-82.836373,16.0007,11.7797,27.0837,53.3007,-40.2629,0.0,-0.1816,0.0512,331.8582,0.6812,0.4399,,,,,,,,,,,,8.6015,90.3636,14.5819,143.8527,181.334,-48.7909,-9.7164,6.3716,148.4851,15.3405,13.061,16.107,0.7402,13.1014,0.7416,50.0,7.0278,148.4851,13.061,19.3364,120.0,-3.4273,202.0393,,1121.4794,,12790.3547,,
2026-08-26 19:04:40,42.4869062,-82.8363394,,11.3909,27.29,51.8741,-47.7537,0.0,-0.6065,-1.3112,331.6313,0.6794,0.4408,,,7.2251,17.0663,10.0,0.0051,48.092,16.8002,65.4915,0.0,0.0,8.2742,96.9543,14.8295,146.3686,183.5178,-48.7107,-9.4538,6.1236,148.7295,15.3945,13.1195,16.0305,0.7136,13.2113,0.7156,50.0,7.0451,148.7295,13.1195,19.3951,120.0,-4.0259,202.0902,,,,,,
2026-08-26 19:04:41,42.4869538,-82.8363064,15.6398,11.1382,25.8003,52.6877,4.7647,0.0,-0.0576,0.239,331.411,0.6777,0.4417,,,,,,,,,,,,7.4385,108.9238,15.1602,152.3456,188.5422,-47.8742,-9.5887,5.9593,149.3192,15.4974,13.2605,15.4875,0.7148,13.4183,0.7146,50.0,7.0868,149.3192,13.2605,19.5366,120.0,-2.4632,201.7724,,1124.8002,,12828.0844,,
2026-08-26 19:04:42,42.4869989,-82.8362728,,10.6134,26.9863,56.1999,237.2423,0.0,-1.9209,-0.117,331.1869,0.6759,0.4425,,,,,,,,,,,,7.8343,110.6843,15.3136,151.4053,189.4688,-46.4704,-9.4195,6.0008,150.0,15.6499,13.4535,15.364,0.7,13.5532,0.695,50.0,7.1445,150.0,13.4535,19.7348,120.0,0.7925,202.6227,,,,,,
2026-08-26 19:04:43,,,15.5741,10.3995,31.209,59.0647,259.7596,0.0,-4.3068,-0.275,330.9645,0.6743,0.4434,,,,,,,,,,,,8.1564,113.5982,15.6653,151.5021,193.0862,-48.8367,-9.3309,5.4599,150.0,15.8892,13.6064,15.5473,0.6838,13.7605,0.6781,50.0,7.1932,150.0,13.6064,19.9114,120.0,1.1878,204.2977,,1127.9273,,12863.8456,,
2026-08-26 19:04:44,42.4870408,-82.8362362,,10.6328,35.1166,,211.033,0.0,-5.9834,0.8432,330.7362,0.673,0.4446,,,7.2252,17.0663,10.0,0.0098,48.092,16.8002,65.4488,0.0,0.0,8.1389,117.411,16.1921,153.4992,198.7131,-53.1339,,4.5871,150.0,,13.8241,,,,,50.0,7.2624,150.0,13.8241,20.1627,120.0,1.6542,206.8939,,,,,,
2026-08-26 19:04:45,42.4870853,-82.8361908,16.2631,11.216,39.9352,61.3451,53.5463,0.0,-4.794,1.5394,330.4945,0.6718,0.4459,,,,,,,,,,,,7.7031,119.2301,16.282,155.6153,203.6002,-53.6496,-9.6044,4.2544,150.0,16.1579,14.0165,15.4644,0.6984,13.9931,0.6864,50.0,7.3236,150.0,14.0165,20.3848,120.0,3.1472,209.4678,,1131.1998,,12901.2471,,
2026-08-26 19:04:46,42.4871258,-82.8361441,,11.2354,42.2499,61.7003,,0.0,,,330.237,0.6707,0.4474,,,,,,,,,,,,9.006,120.7582,17.7187,154.1015,204.4085,-54.1595,-9.9729,3.5269,150.0,16.3802,14.3503,15.273,0.7239,14.1857,0.703,50.0,7.4298,150.0,14.3503,20.7703,120.0,4.5244,211.0412,,1132.9389,,12920.9322,,
2026-08-26 19:04:47,42.487167,-82.8360939,16.0007,11.7408,41.5795,59.1564,-182.6578,0.0,-1.3756,1.7395,329.8252,0.6691,0.45,,,,,,,,,,,,9.7819,111.3615,17.6075,148.8429,197.6507,-51.9823,-10.21,3.7304,150.0,17.0379,14.8012,16.0035,0.709,14.7553,0.692,50.0,7.5732,150.0,14.8012,21.2909,120.0,3.6467,210.3864,,1134.7574,,12941.6015,,
2026-08-26 19:04:48,42.4872092,-82.8360454,15.935,11.216,36.5146,53.8966,-347.6181,0.0,0.529,1.7731,,,,,,7.2253,17.0663,10.0,0.0054,48.092,16.8002,64.0922,0.0,0.0,9.425,107.0453,16.6032,147.1307,190.626,-44.7286,-9.9773,,150.0,17.1277,14.7949,16.8539,0.6762,14.833,0.6726,50.0,7.5712,150.0,14.7949,21.2837,120.0,0.5515,208.1127,,1136.4166,,12960.6303,,
2026-08-26 19:04:49,42.4872507,-82.8360073,,10.244,29.45,46.7232,-490.0405,0.0,4.1804,0.8258,329.474,0.6672,0.4517,,,,,,,,,,,,8.7682,98.1771,14.2178,142.3789,178.8042,,-9.5292,5.2798,150.0,16.7382,14.2669,16.981,0.6564,14.4957,0.6574,50.0,7.4033,150.0,14.2669,20.674,120.0,-2.2048,203.2215,,,,,,
2026-08-26 19:04:50,42.4872922,-82.8359805,16.4272,9.1749,21.6578,38.1345,-505.0016,0.0,5.3879,-0.026,329.2082,0.6647,0.4522,,,,,,,,,,,,7.8421,92.38,11.9969,139.2236,168.8947,-32.9715,-8.2267,5.3823,148.6318,15.52,13.0961,16.4965,0.6098,13.4407,0.6121,50.0,7.0382,148.6318,13.0961,19.3716,120.0,-4.5489,194.8318,,1139.2635,,12993.1107,,
2026-08-26 19:04:51,42.4873324,-82.8359657,16.1975,8.514,3.5008,32.2044,-295.0102,0.0,3.9719,-0.2214,,,,,,,,,,,,,,,7.1902,113.0896,12.5767,148.2704,166.1886,-24.3313,-7.1107,,143.7798,14.8532,11.9353,15.2796,0.5904,12.066,0.5893,50.0,6.6951,143.7798,11.9353,18.2071,120.0,-1.1916,182.4636,,,,,,
2026-08-26 19:04:52,42.4873663,-82.8359597,,7.6393,0.0,29.4485,-145.0248,0.0,2.6386,-1.2478,329.035,0.6623,0.4521,,,7.2253,17.0663,10.0,0.0036,48.092,16.8002,65.618,0.0,0.0,6.522,143.015,12.6551,161.9379,176.9646,-21.9306,-6.6369,7.3006,142.3571,14.684,11.5949,14.0854,0.5726,11.6876,0.5679,50.0,6.5945,142.3571,11.5949,17.8657,120.0,6.3846,175.7021,,1141.0102,,13013.1238,,
2026-08-26 19:04:53,42.487397689633895,-82.83595614478665,15.7054,7.406,0.0,27.2483,-118.7638,0.0,1.925,-1.5615,328.9508,0.6609,0.4518,,,,,,,,,,,,,,,,,-22.4119,-6.4217,5.5955,141.6739,14.5865,11.4315,11.6366,0.6062,11.4652,0.5601,50.0,6.5462,141.6739,11.4315,17.7017,120.0,17.074,172.5635,,1141.6183,,13020.0135,,
2026-08-26 19:04:54,42.48742420587902,-82.83595697917798,,6.2786,0.0,,-114.9926,0.0,1.6403,-1.5493,328.8827,0.6595,0.4515,,,,,,,,,,,,6.4588,170.422,12.6882,175.1413,189.3803,-38.7985,-6.3648,5.4251,141.7898,14.5619,11.4592,9.2641,0.7062,11.4087,0.5579,50.0,6.5544,141.7898,11.4592,17.7296,120.0,28.6274,169.5915,,,,,,
2026-08-26 19:04:55,42.48745197217257,-82.83595804370084,15.935,6.7257,0.0,24.5039,,0.0,,,328.8116,0.6581,0.4511,,,,,,,,,,,,6.7027,179.1986,13.2453,179.5944,192.6469,-37.2114,-6.5105,5.8534,143.7544,14.6999,11.9292,7.8008,0.8378,11.7237,0.5553,50.0,6.6933,143.7544,11.9292,18.2011,120.0,32.2709,168.9128,,1142.8987,,13034.4492,,
2026-08-26 19:04:56,42.487480348057275,-82.835959823502,,6.9006,0.0,21.4214,-114.972,0.0,2.7454,-0.872,328.7406,0.6566,0.4506,,,7.2254,17.0663,10.0,0.0062,48.092,16.8002,62.792,0.0,0.0,7.8464,173.0085,14.5067,176.2251,188.7117,-27.5055,-6.6778,5.7327,147.4759,15.0566,12.8195,8.1166,0.8245,12.5079,0.5339,50.0,6.9565,147.4759,12.8195,19.0942,120.0,28.8808,169.5663,,,,,,
2026-08-26 19:04:57,42.48750937198733,-82.83596150789904,16.2959,6.6091,0.0,16.8492,-306.1864,0.0,4.428,-0.2447,328.6681,0.655,0.4502,,,,,,,,,,,,8.2387,166.7452,14.8265,172.6803,183.4187,-7.2916,-6.6246,5.8445,148.0489,15.3017,12.9566,8.9151,0.7463,13.0218,0.5087,50.0,6.997,148.0489,12.9566,19.2317,120.0,24.1955,167.0164,,1144.172,,13049.213,,
2026-08-26 19:04:58,42.48753888607973,-82.83596557567107,,6.2203,0.0,11.2514,-283.6657,0.0,5.2311,0.2121,328.6023,0.6534,0.4496,,,,,,,,,,,,8.3674,130.269,13.7022,152.2286,160.2037,43.5183,-6.2961,5.409,145.3825,15.0036,12.3187,11.2636,0.5867,12.3942,0.508,50.0,6.8085,145.3825,12.3187,18.5918,120.0,15.489,159.4212,,,,,,
2026-08-26 19:04:59,42.48756430462098,-82.83596514999333,15.7054,12.8099,0.0,8.5871,-114.9067,0.0,6.4044,1.2963,328.5295,0.6517,0.449,,,,,,,,,,,,7.7904,158.6257,14.9491,169.0513,174.1106,48.2567,-11.9628,4.924,150.0,15.9875,15.2096,12.1108,1.0209,13.8456,0.864,50.0,7.7031,150.0,15.2096,21.7626,120.0,19.1274,161.1574,,1145.7935,,13067.5857,,
2026-08-26 19:05:00,42.4876903,-82.8360409,16.4272,20.5464,323.4232,6.2208,-137.3724,0.0,5.0517,0.723,328.4443,0.6435,0.4441,,,7.2255,17.0663,10.0,0.0068,48.092,16.8002,63.5806,0.0,0.0,6.8468,-155.4264,31.4689,-174.8087,170.3056,48.2567,-20.1477,34.2748,-151.3594,19.7991,17.3292,13.3269,1.5118,17.3273,1.1628,-50.0,8.5578,-151.3594,17.3292,24.0,-120.0,-27.1884,217.0225,,,,,,
2026-08-26 19:05:01,42.4877594,-82.8360749,,13.6846,357.1647,3.6482,-73.6159,,3.8431,0.5496,328.3441,0.6394,0.4421,,,,,,,,,,,,8.7686,-131.2165,22.1747,-162.6953,191.6012,48.2567,-16.243,15.1692,-150.0,19.7581,17.0607,14.7296,1.1162,17.111,0.9493,-50.0,8.4141,-150.0,17.0607,23.76,-120.0,-19.2385,215.7193,,1148.6158,,13099.738,,
2026-08-26 19:05:02,42.4878378,-82.8360619,16.4928,16.2505,8.6803,0.8931,,0.0,,,328.094,0.6361,0.4417,,,,,,,,,,,,10.2423,-123.4144,23.2884,-158.4626,206.4122,48.2567,-15.5926,12.3801,-150.0,19.6461,17.0174,16.6391,0.9794,17.014,0.9165,-50.0,8.3916,-150.0,17.0174,23.72,-120.0,-12.6137,213.0744,,,,,,
2026-08-26 19:05:03,42.4879197,-82.836045,,16.2505,8.6803,,-156.0978,0.0,4.9728,-0.0492,327.8277,0.6326,0.4415,,,,,,,,,,,,10.451,-123.2119,23.632,-158.2844,167.0502,48.3426,-15.2884,12.2918,,19.6928,,17.5338,0.9278,17.0545,0.8964,,,,,,,,,,1152.5472,,13144.6855,,
2026-08-26 19:05:04,42.4879941,-82.8360297,15.2789,16.2505,8.6803,355.8855,-152.3609,0.0,7.9186,0.5852,327.559,0.6292,0.4412,,,7.2256,17.0663,10.0,0.0043,48.092,16.8002,62.2899,0.0,0.0,11.0676,-121.9994,24.0226,-157.0013,202.9261,48.7953,-15.1051,12.2418,-150.0,19.7496,17.0586,17.9847,0.9039,17.1037,0.8832,-50.0,8.413,-150.0,17.0586,23.7581,-120.0,-9.7144,210.3097,,,,,,
2026-08-26 19:05:05,42.4880685,-82.8360143,,16.2505,8.6803,352.4191,,0.0,,,327.2866,0.6258,0.4409,,,,,,,,,,,,11.1667,-123.6977,24.2924,-157.515,204.4097,49.8782,-15.0403,12.1909,-150.0,19.8188,17.1353,18.2027,0.8929,17.1636,0.8763,-50.0,8.4529,-150.0,17.1353,23.8289,-120.0,-8.0043,206.0478,,1156.4927,,13189.633,,
2026-08-26 19:05:06,42.4881429,-82.835999,15.6398,16.2505,8.6803,352.4535,76.3524,0.0,7.6634,1.3416,327.0119,0.6224,0.4407,,,,,,,,,,,,9.9674,-124.7461,23.4106,-159.5223,203.3595,49.9641,-15.1337,12.1392,-150.0,19.7394,17.1533,17.9014,0.9078,17.0948,0.8853,-50.0,8.4622,-150.0,17.1533,23.8456,-120.0,-7.7855,203.3943,,1158.5407,,13212.9269,,
2026-08-26 19:05:07,42.4882248,-82.8359821,15.3773,16.2505,8.6803,355.4157,241.3092,0.0,4.1778,2.6801,326.7339,0.6191,0.4404,,,,,,,,,,,,8.963,-121.7223,22.3066,-160.0145,204.2854,49.9813,,12.0866,-150.0,,17.0786,,,,,-50.0,8.4234,-150.0,17.0786,23.7765,-120.0,-8.8017,203.6517,,,,,,
2026-08-26 19:05:08,42.4882992,-82.8359667,,16.2505,8.6803,355.4157,-62.4226,0.0,1.68,2.0841,326.4532,0.6157,0.4401,,,7.2256,17.0663,10.0,0.0047,48.092,16.8002,60.9734,0.0,0.0,9.1229,-113.6805,21.5961,-157.2405,207.1004,47.105,-15.2177,12.0333,-150.0,19.5786,16.9275,17.4873,0.9293,16.9556,0.8975,-50.0,8.3449,-150.0,16.9275,23.6369,-120.0,-9.4725,205.1381,,1162.8284,,13261.8114,,
2026-08-26 19:05:09,42.4883736,-82.8359514,14.7867,16.2505,8.6803,351.6169,-156.1218,0.0,3.4029,1.6938,326.1691,0.6124,0.4399,,,,,,,,,,,,9.7372,-107.2522,21.2779,-154.0853,209.3121,46.3602,-15.1088,11.979,-150.0,19.4247,16.8008,17.5044,0.9284,16.8223,0.8981,-50.0,8.2791,-150.0,16.8008,23.5199,-120.0,-7.9062,204.5933,,1164.5733,,13281.8246,,
2026-08-26 19:05:10,42.488448,-82.835936,14.8196,16.2505,8.6803,349.5772,-77.3115,0.0,5.5824,1.3127,325.8822,0.6091,0.4396,,,,,,,,,,,,8.2914,-107.2568,20.3167,-157.0619,206.3831,49.7521,-14.8078,11.9238,-150.0,19.3179,16.7188,17.9895,0.9033,16.7298,0.8851,-50.0,8.2364,-150.0,16.7188,23.4441,-120.0,-5.4713,202.3325,,1166.5651,,13304.4624,,
2026-08-26 19:05:11,42.4885224,-82.8359207,,16.2505,8.6803,348.5001,23.9336,0.0,4.8873,2.0425,325.5918,0.6057,0.4393,,,,,,,,,,,,7.9255,-109.9168,20.3627,-158.5348,204.5652,50.3136,-14.8242,11.8677,-150.0,19.1775,16.5871,17.7754,0.9142,16.6082,0.8926,-50.0,8.168,-150.0,16.5871,23.3225,-120.0,-6.1587,200.1751,,1168.5523,,13327.1002,,
2026-08-26 19:05:12,42.4885968,-82.8359053,14.7211,16.2505,8.6803,352.4592,455.1336,0.0,1.9267,2.3288,325.2986,0.6025,0.439,,,7.2257,17.0663,10.0,0.0035,48.092,16.8002,62.2111,0.0,0.0,,,,,,50.4282,-15.0021,11.8108,-150.0,19.1029,16.5345,17.2921,0.9398,16.5436,0.9068,-50.0,8.1407,-150.0,16.5345,23.2739,-120.0,-7.6975,199.363,,,,,,
2026-08-26 19:05:13,42.4886712,-82.83589,,16.2505,8.6803,,,0.0,,,325.0015,0.5992,0.4388,,,,,,,,,,,,8.0078,-109.2784,20.3502,-158.196,205.6672,50.2907,-15.1044,11.7527,-150.0,19.0657,16.5056,17.005,0.9556,16.5114,0.9148,-50.0,8.1257,-150.0,16.5056,23.2472,-120.0,-8.2819,201.3024,,1172.7358,,13374.6723,,
2026-08-26 19:05:14,42.4887531,-82.8358731,14.7211,16.2505,8.6803,355.7136,271.3173,0.0,-0.7182,1.2565,324.7018,0.5959,0.4385,,,,,,,,,,,,8.2647,-105.5678,20.1116,-156.6799,208.1795,46.6524,-15.0241,11.6939,-150.0,19.0401,16.4943,17.1558,0.9472,16.4892,0.9111,-50.0,8.1198,-150.0,16.4943,23.2368,-120.0,-7.3244,204.3628,,,,,,
2026-08-26 19:05:15,42.4888275,-82.8358577,,16.2505,8.6803,356.0402,-21.1628,0.0,1.1834,0.7506,324.246,0.591,0.4381,,,,,,,,,,,,9.3618,-102.7923,20.4717,-153.5158,211.3023,,-14.7629,11.6037,-150.0,19.08,16.5335,17.7779,0.9141,16.5237,0.8934,-50.0,8.1402,-150.0,16.5335,23.273,-120.0,-4.9597,205.3414,,1177.0118,,13423.5569,,
2026-08-26 19:05:16,42.4889019,-82.8358424,14.9508,16.2505,8.6803,355.3297,-111.1183,0.0,3.48,0.5424,323.9376,0.5878,0.4378,,,7.2258,17.0663,10.0,0.0065,48.092,16.8002,64.9419,0.0,0.0,8.7208,-105.9536,20.4459,-155.7887,209.1814,47.8843,-14.7546,11.5423,-150.0,19.0944,16.5286,17.8132,0.9123,16.5362,0.8923,-50.0,8.1376,-150.0,16.5286,23.2685,-120.0,-5.5853,205.5705,,,,,,
2026-08-26 19:05:17,42.4889763,-82.835827,,16.2505,8.6803,350.9007,-324.8396,0.0,4.0344,0.2845,323.6259,0.5846,0.4376,,,,,,,,,,,,7.5217,-109.84,20.0904,-159.3798,205.579,49.8782,-15.0056,11.4799,-150.0,19.0511,16.5003,17.2133,0.9441,16.4988,0.9095,-50.0,8.1229,-150.0,16.5003,23.2423,-120.0,-7.8115,203.3913,,1180.7635,,13466.5359,,
2026-08-26 19:05:18,42.4890508,-82.8358117,14.7867,16.2505,8.6803,347.5432,-212.3118,0.0,6.3455,1.9173,323.3111,0.5814,0.4373,,,,,,,,,,,,8.1491,-115.6841,21.1016,-159.6332,203.5785,49.9183,-15.1655,11.4166,-150.0,19.1425,16.5852,16.97,0.9576,16.5779,0.9148,-50.0,8.167,-150.0,16.5852,23.3207,-120.0,-9.0069,199.9827,,,,,,
2026-08-26 19:05:19,42.4891252,-82.8357963,,16.2505,8.6803,346.0936,-107.3333,0.0,5.9514,1.8194,322.9925,0.5783,0.437,,,,,,,,,,,,7.7986,-115.6458,20.847,-160.2914,202.319,50.4511,-15.2255,11.3521,-150.0,19.1804,16.6208,16.8811,0.9626,16.6107,0.9166,-50.0,8.1855,-150.0,16.6208,23.3536,-120.0,-9.5469,197.687,,1184.7069,,13511.4834,,
2026-08-26 19:05:20,42.4891996,-82.835781,14.8196,16.2505,8.6803,343.0913,,0.0,,,322.6704,0.5751,0.4367,,,7.2259,17.0663,10.0,0.0045,48.092,16.8002,63.2463,0.0,0.0,8.6326,-116.7717,21.5633,-159.058,202.3091,50.5313,-15.197,11.2865,-150.0,19.2674,16.6939,17.0773,0.9516,16.6861,0.9108,-50.0,8.2235,-150.0,16.6939,23.4212,-120.0,-9.1659,195.9186,,,,,,
2026-08-26 19:05:21,42.489274,-82.8357656,,16.2505,8.6803,338.0378,-159.8208,0.0,5.0385,2.4775,322.3448,0.572,0.4365,,,,,,,,,,,,9.6738,-113.6149,21.9912,-156.2304,203.6771,50.5313,-15.0459,11.2199,-150.0,19.343,16.7546,17.5266,0.9272,16.7515,0.8982,-50.0,8.255,-150.0,16.7546,23.4772,-120.0,-7.6144,192.5225,,1188.6047,,13555.7747,,
2026-08-26 19:05:22,42.4893484,-82.8357503,14.1634,16.2505,8.6803,,-313.5053,0.0,5.106,2.4597,322.0159,0.5689,0.4362,,,,,,,,,,,,10.0508,-110.449,21.8912,-154.5202,203.4455,50.5313,-14.8474,11.1522,-150.0,19.3644,16.7714,17.9699,0.9043,16.77,0.8854,-50.0,8.2638,-150.0,16.7714,23.4928,-120.0,-5.6012,187.9179,,,,,,
2026-08-26 19:05:23,42.4894303,-82.8357334,,16.2505,8.6803,332.6005,-369.6918,0.0,5.1183,1.4892,,,,,,,,,,,,,,,10.4945,-102.9326,21.2261,-151.1922,204.6139,50.5313,-14.5207,,-150.0,19.2909,16.6931,18.5084,0.878,16.7064,0.8692,-50.0,8.2231,-150.0,16.6931,23.4205,-120.0,-2.9375,183.766,,1192.6228,,13601.7065,,
2026-08-26 19:05:24,42.4895047,-82.835718,13.6713,16.2505,8.6803,326.7792,46.5505,0.0,7.8637,0.7035,321.5157,0.5642,0.4358,,,7.226,17.0663,10.0,0.006,48.092,16.8002,64.1867,0.0,0.0,11.8099,-92.4993,20.501,-144.864,207.8724,50.5313,-13.9093,11.0486,-150.0,19.1516,16.5592,19.3791,0.8386,16.5858,0.8386,-50.0,8.1536,-150.0,16.5592,23.2968,-120.0,2.1624,178.8143,,1194.5679,,13623.6881,,
2026-08-26 19:05:25,42.4895791,-82.8357027,,16.2505,8.6803,327.1631,233.9524,0.0,7.6636,1.3677,321.1774,0.5612,0.4355,,,,,,,,,,,,11.8724,-84.9821,19.2687,-142.136,211.0207,51.1788,-13.2936,10.9781,-150.0,18.934,16.2933,19.9552,0.8143,16.3973,0.8107,-50.0,8.0479,-150.0,16.2933,23.0139,-120.0,5.6807,178.1909,,1196.6492,,13647.6382,,
2026-08-26 19:05:26,42.4896535,-82.8356873,14.393,16.2505,8.6803,329.8732,1.4267,0.0,4.5216,2.8163,320.8358,0.5581,0.4353,,,,,,,,,,,,10.4719,-83.1719,18.2558,-145.2811,210.641,51.5856,-13.208,10.9064,-150.0,18.2408,15.747,19.3549,0.8396,15.797,0.8361,-50.0,7.8741,-150.0,15.747,22.3831,-120.0,5.5702,179.1926,,,,,,
2026-08-26 19:05:27,42.4897279,-82.835672,13.8353,16.2505,8.6803,329.8617,,0.0,,,320.3157,0.5536,0.4349,,,,,,,,,,,,11.2317,-79.7099,18.0284,-142.1945,213.1722,51.5856,-13.0644,10.7966,,17.8532,,19.1304,0.8495,15.4613,0.845,,,,,,,,,,1200.5303,,13691.9296,,
2026-08-26 19:05:28,42.4898023,-82.8356566,,16.2505,8.6803,329.5294,-39.8366,0.0,4.1331,2.9327,319.9643,0.5506,0.4346,,,7.226,17.0663,10.0,0.0044,48.092,16.8002,60.0851,0.0,0.0,12.6336,-79.1902,18.6193,-138.2039,215.2315,51.6314,-12.5763,10.7219,-150.0,17.9044,15.4313,19.7341,0.8235,15.5056,0.8111,-50.0,7.7737,-150.0,15.4313,22.0185,-120.0,6.943,179.5052,,,,,,
2026-08-26 19:05:29,42.4898767,-82.8356413,13.6713,16.2505,8.6803,331.0478,87.6969,0.0,6.3714,1.9547,319.6091,0.5476,0.4343,,,,,,,,,,,,12.8191,-74.1033,17.7282,-135.9379,217.958,51.809,-12.0389,10.646,-150.0,17.649,15.5219,19.9486,0.8146,15.2845,0.7877,-50.0,7.8025,-150.0,15.5219,22.1231,-120.0,10.2045,179.8699,,1204.6111,,13738.5175,,
2026-08-26 19:05:30,42.4899511,-82.8356259,,16.2505,8.6803,333.2536,155.1902,0.0,6.0213,2.055,319.2503,0.5447,0.434,,,,,,,,,,,,12.2044,-74.9216,17.6023,-137.9737,217.499,51.9465,-12.0254,10.5689,-150.0,17.4146,15.2217,19.7198,0.8241,15.0815,0.7974,-50.0,7.707,-150.0,15.2217,21.7765,-120.0,12.4318,180.6641,,1206.6778,,13761.8115,,
2026-08-26 19:05:31,42.4886367,-82.8367839,14.4587,17.3196,301.3414,333.0417,20.2071,0.0,3.3185,2.5258,328.2703,0.5785,0.4004,,,,,,,,,,,,11.7062,-69.2198,15.9302,-136.6038,202.5701,51.9236,-12.0279,14.6987,-150.0,16.8221,14.9801,19.0879,0.8493,14.5684,0.8256,-50.0,7.6301,-150.0,14.9801,21.4975,-120.0,11.8728,182.3592,,1157.2402,,13198.1632,,
2026-08-26 19:05:32,42.4887233,-82.8369473,,18.0777,314.5997,331.9874,-39.7747,0.0,3.1809,0.357,328.6137,0.5702,0.3923,,,7.2261,17.0663,10.0,0.0091,48.092,16.8002,62.2564,0.0,0.0,12.9272,-65.4985,16.7227,-135.2977,179.4832,51.9236,-12.4309,16.1659,-150.0,16.6721,14.4721,19.0828,0.8914,14.4385,0.861,-50.0,7.4685,-150.0,14.4721,20.911,-120.0,12.1851,182.839,,,,,,
2026-08-26 19:05:33,42.4888093,-82.8370757,14.7211,18.5637,314.9549,,237.7271,0.0,6.4648,0.1483,328.8339,0.5629,0.3856,,,,,,,,,,,,13.349,-67.3689,18.2313,-137.4818,180.5007,52.0898,,18.3645,-150.0,,14.573,,,,,-50.0,7.5006,-150.0,14.573,21.0274,-120.0,13.6715,182.2673,,1156.7882,,13192.9138,,
2026-08-26 19:05:34,42.4888762,-82.8371662,,,,334.7319,151.4499,0.0,3.7841,0.9108,328.96,0.5579,0.3813,,,,,,,,,,,,11.3373,-63.0375,16.8025,-143.0302,171.8823,52.2445,-13.1539,18.0119,-150.0,17.2433,14.9417,19.7156,0.9178,14.9331,0.8809,-50.0,7.6179,-150.0,14.9417,21.4532,-120.0,12.6935,183.1235,,,,,,
2026-08-26 19:05:35,42.488937,-82.8372484,14.8196,18.5637,314.9549,336.4794,,0.0,3.5831,0.3217,329.088,0.5529,0.377,,,,,,,,,,,,11.3822,-61.565,16.5211,-142.7111,171.6099,52.2044,-14.059,18.0018,-150.0,17.0308,14.6787,18.9959,0.9681,14.7491,0.9532,-50.0,7.5343,-150.0,14.6787,21.1495,-120.0,9.0391,185.1814,,1157.2351,,13198.1632,,
2026-08-26 19:05:36,42.4889978,-82.8373307,,18.5637,314.9549,336.9607,95.2359,0.0,3.7256,-1.798,329.2188,0.5479,0.3727,,,7.2262,17.0663,10.0,0.0032,48.092,16.8002,63.4823,0.0,0.0,12.0009,-58.7729,16.0511,-140.257,173.6338,51.809,-14.583,17.9914,-150.0,16.7426,14.4378,18.2909,1.0118,14.4995,1.0058,-50.0,7.4576,-150.0,14.4378,20.8713,-120.0,8.0075,186.1964,,,,,,
2026-08-26 19:05:37,42.4890586,-82.837413,14.229,18.5637,314.9549,338.542,38.9909,0.0,,,329.352,0.5429,0.3683,,,,,,,,,,,,,,,,,52.1184,-14.524,17.9807,-150.0,16.4719,14.1669,18.0985,1.0245,14.2651,1.0182,-50.0,7.3714,-150.0,14.1669,20.5585,-120.0,9.1875,187.4137,,1157.6291,,13202.4282,,
2026-08-26 19:05:38,42.4891194,-82.8374953,,18.5637,314.9549,341.9511,211.4799,0.0,3.0525,-0.943,329.4872,0.5379,0.364,,,,,,,,,,,,10.9245,-59.6649,16.0967,-144.1433,168.0997,51.11,-14.4731,17.9698,-150.0,16.2614,14.234,17.9414,1.0343,14.0827,1.0277,-50.0,7.3928,-150.0,14.234,20.636,-120.0,6.2388,189.8487,,1157.8702,,13205.381,,
2026-08-26 19:05:39,,,13.9665,18.5637,314.9549,341.8537,-96.0472,0.0,-1.1704,-1.1417,329.6391,0.5324,0.3593,,,,,,,,,,,,8.9385,-63.0238,16.5519,-151.2317,159.9301,49.9985,-15.6365,17.9573,-150.0,16.4957,14.1636,16.9977,1.092,14.2857,1.0946,-50.0,7.3704,-150.0,14.1636,20.5547,-120.0,2.0899,191.2493,,1158.0565,,13207.3495,,
2026-08-26 19:05:40,42.4891863,-82.8375857,,18.5637,314.9549,343.9336,192.727,0.0,1.0855,-2.2321,329.7662,0.5279,0.3554,,,7.2263,17.0663,10.0,0.0037,48.092,16.8002,66.0283,0.0,0.0,10.8767,-62.3132,16.5916,-144.5146,167.9511,50.4683,-15.5368,17.9469,-150.0,16.3172,14.3822,16.9282,1.0966,14.1311,1.0995,-50.0,7.4399,-150.0,14.3822,20.8071,-120.0,3.8483,192.0658,,1158.2399,,13209.6461,,
2026-08-26 19:05:41,42.4892471,-82.837668,13.9009,18.5637,314.9549,341.5214,-320.9996,0.0,1.3681,-2.4594,329.9092,0.5229,0.351,,,,,,,,,,,,10.0898,-74.1408,18.5484,-148.4484,167.0213,,-15.5128,17.935,-150.0,17.1985,15.1103,17.8444,1.0403,14.8944,1.0415,-50.0,7.6715,-150.0,15.1103,21.6479,-120.0,2.2404,192.8641,,1158.4074,,13211.2865,,
2026-08-26 19:05:42,42.4893079,-82.8377503,,18.5637,314.9549,341.5443,-5.9886,0.0,5.6334,-2.4317,330.0555,0.5179,0.3467,,,,,,,,,,,,9.5401,-77.5966,18.9616,-150.5684,165.4842,50.4053,-15.9658,17.9227,-150.0,17.7347,15.5695,17.8676,1.039,15.3587,1.0395,-50.0,7.8176,-150.0,15.5695,22.1781,-120.0,0.0489,191.9492,,,,,,
2026-08-26 19:05:43,42.4893687,-82.8378326,13.8353,18.5637,314.9549,,,0.0,4.1487,0.3769,330.2046,0.5129,0.3424,,,,,,,,,,,,8.4641,-83.8012,19.553,-154.5101,161.9349,50.9439,-16.3515,17.91,-150.0,18.3039,15.9771,17.868,1.0389,15.8516,1.0315,-50.0,7.9473,-150.0,15.9771,22.6487,-120.0,-3.3185,192.0214,,1158.7382,,13215.2235,,
2026-08-26 19:05:44,42.4894295,-82.8379148,,18.5637,314.9549,342.4725,-24.7587,0.0,,,330.3561,0.508,0.3381,,,7.2263,17.0663,10.0,0.0059,48.092,16.8002,64.363,0.0,0.0,6.6344,-89.4941,19.6583,-160.2772,155.722,51.2991,-16.9887,17.897,-150.0,18.5656,16.0926,17.0084,1.0914,16.0783,1.0566,-50.0,7.984,-150.0,16.0926,22.7821,-120.0,-7.6361,192.3246,,1158.8958,,13216.8639,,
2026-08-26 19:05:45,42.4894903,-82.8379971,13.9665,18.5637,314.9549,342.6788,8.9691,0.0,1.2234,1.431,330.5112,0.503,0.3337,,,,,,,,,,,,6.6208,-83.308,18.9684,-159.7166,155.1941,51.0699,-17.3026,17.8836,-150.0,18.4966,15.9454,16.3067,1.1384,16.0185,1.0802,-50.0,7.9372,-150.0,15.9454,22.6122,-120.0,-8.906,192.4472,,1159.0751,,13219.1605,,
2026-08-26 19:05:46,42.4895511,-82.8380794,,18.5637,314.9549,341.9454,-54.7599,0.0,0.1442,0.1144,330.685,0.4975,0.329,,,,,,,,,,,,7.6275,-80.0703,18.8137,-156.4625,158.4944,51.047,-17.2286,17.8684,-150.0,18.2809,15.8079,16.2464,1.1426,15.8317,1.0882,-50.0,7.8935,-150.0,15.8079,22.4534,-120.0,-7.3909,192.0036,,1159.2471,,13221.129,,
2026-08-26 19:05:47,42.489618030483385,-82.83816990461196,14.6555,18.5637,314.9549,341.0573,-137.2245,0.0,1.6144,-0.8409,330.8467,0.4926,0.3247,,,,,,,,,,,,8.325,-81.6667,19.2125,-154.6126,161.295,50.9209,-16.9889,17.8542,-150.0,18.2966,15.9905,16.7392,1.109,15.8453,1.0722,-50.0,7.9515,-150.0,15.9905,22.6642,-120.0,-5.6018,191.4605,,,,,,
2026-08-26 19:05:48,42.489678832853095,-82.838252173277,,18.5637,314.9549,340.5474,-39.7129,0.0,3.4946,0.394,331.0111,0.4876,0.3203,,,7.2264,17.0663,10.0,0.0033,48.092,16.8002,64.5229,0.0,0.0,8.3895,-87.1109,19.9823,-155.2088,161.8087,50.9209,-16.8373,17.8395,-150.0,18.7476,16.2907,17.4741,1.0624,16.2359,1.037,-50.0,8.047,-150.0,16.2907,23.0109,-120.0,-5.1528,190.8362,,1159.5505,,13224.4099,,
2026-08-26 19:05:49,42.4897396352228,-82.83833444194204,14.2946,18.5637,314.9549,339.1895,-92.2107,0.0,3.1524,0.0764,,,,,,,,,,,,,,,8.0537,-86.3054,19.7536,-155.9923,160.6292,50.9439,-16.8915,,-150.0,18.8245,16.308,17.4508,1.0638,16.3025,1.0361,-50.0,8.0525,-150.0,16.308,23.0308,-120.0,-5.6624,190.0699,,1159.6894,,13226.0503,,
2026-08-26 19:05:50,42.48980043759251,-82.83841671060708,,18.5637,314.9549,337.9576,-215.9249,0.0,3.4143,1.4259,331.2476,0.4807,0.3143,,,,,,,,,,,,8.1263,-89.5707,20.2086,-156.2899,160.9033,50.9439,-16.9518,17.8182,-150.0,18.9437,16.44,17.457,1.0634,16.4058,1.0333,-50.0,8.0945,-150.0,16.44,23.1832,-120.0,-6.0551,188.9678,,,,,,
2026-08-26 19:05:51,42.48986123996222,-82.8384989792721,14.6555,18.5637,314.9549,333.7063,,0.0,,,331.4205,0.4757,0.3099,,,,,,,,,,,,8.2227,-86.4196,19.8282,-155.5506,161.2337,51.0928,-16.9685,17.8024,-150.0,18.9335,16.3988,17.415,1.066,16.3969,1.0349,-50.0,8.0814,-150.0,16.3988,23.1357,-120.0,-5.8381,186.2686,,1159.9302,,13228.675,,
2026-08-26 19:05:52,42.48992204233192,-82.83858124793714,14.5243,18.5637,314.9549,332.8755,-275.9204,0.0,2.8652,1.3538,331.5973,0.4708,0.3056,,,7.2265,17.0663,10.0,0.0068,48.092,16.8002,64.6435,0.0,0.0,9.6283,-89.3279,20.8115,-152.4444,165.4955,51.0699,-16.7641,17.7861,-150.0,19.0556,16.52,17.9275,1.0355,16.5027,1.0158,-50.0,8.1332,-150.0,16.52,23.2605,-120.0,-3.9992,184.4298,,,,,,
2026-08-26 19:05:53,42.48998284470163,-82.83866351660217,,18.5637,314.9549,,76.5517,0.0,4.0535,1.8808,331.7775,0.4658,0.3013,,,,,,,,,,,,9.704,-83.2169,19.9054,-151.0468,166.2446,51.1559,-16.5147,17.7693,-150.0,19.0611,16.4852,18.3632,1.0109,16.5074,1.0004,-50.0,8.1151,-150.0,16.4852,23.2284,-120.0,-2.3818,183.308,,1160.2133,,13231.9558,,
2026-08-26 19:05:54,42.4900497,-82.838754,14.0978,18.5637,314.9549,332.0046,-103.4624,0.0,4.3025,0.5736,332.0749,0.4579,0.2944,,,,,,,,,,,,9.9052,-80.9472,19.6178,-150.0913,167.005,51.2991,-16.3112,17.7411,,18.9187,,18.5482,1.0008,16.384,0.9956,,,,,,,,,,,,,,
2026-08-26 19:05:55,42.4901105,-82.8388362,14.0978,18.5637,314.9549,331.8442,87.7863,0.0,5.2315,0.3497,332.2653,0.453,0.2901,,,,,,,,,,,,9.8747,-77.7349,19.085,-149.629,167.0542,51.4653,-16.1019,17.7229,-150.0,18.6469,16.3197,18.6078,0.9976,16.1487,0.9971,-50.0,8.0562,-150.0,16.3197,23.0443,-120.0,-1.0242,182.2934,,1160.5576,,13235.8928,,
2026-08-26 19:05:56,42.4901713,-82.8389185,,18.5637,314.9549,333.4141,140.2532,0.0,5.464,1.267,332.4604,0.4481,0.2857,,,7.2266,17.0663,10.0,0.0047,48.092,16.8002,62.0361,0.0,0.0,9.9992,-76.0615,18.8459,-149.0057,167.5462,51.5741,-16.0104,17.704,-150.0,18.4557,16.0887,18.5364,1.0015,15.9831,1.0017,-50.0,7.9828,-150.0,16.0887,22.7776,-120.0,-0.0076,182.4018,,1160.7644,,13238.1894,,
2026-08-26 19:05:57,42.4902321,-82.8390008,14.5899,18.5637,314.9549,334.0443,12.7609,0.0,5.5068,1.2568,332.6599,0.4432,0.2814,,,,,,,,,,,,10.4064,-68.874,17.7102,-146.7632,168.8014,51.9236,-15.9172,17.6844,-150.0,18.1107,15.9018,18.3023,1.0143,15.6844,1.0148,-50.0,7.9233,-150.0,15.9018,22.5619,-120.0,0.589,183.3493,,,,,,
2026-08-26 19:05:58,42.4902929,-82.839083,14.1634,18.5637,314.9549,335.3908,196.5016,0.0,5.8682,1.9678,332.8633,0.4382,0.2771,,,,,,,,,,,,,,,,,52.7773,-15.5932,17.6643,-150.0,17.7624,15.4805,18.3245,1.0131,15.3826,1.0137,-50.0,7.7893,-150.0,15.4805,22.0754,-120.0,1.607,183.8376,,1161.1435,,13242.7826,,
2026-08-26 19:05:59,42.4903537,-82.8391653,,18.5637,314.9549,336.0726,-50.9715,0.0,3.0595,2.1416,333.0714,0.4333,0.2727,,,,,,,,,,,,10.1356,-72.4896,18.2789,-148.0754,167.8776,52.7544,-15.7375,17.6434,-150.0,17.6921,15.3925,18.0908,1.0261,15.3218,1.0271,-50.0,7.7613,-150.0,15.3925,21.9737,-120.0,2.7218,185.1605,,,,,,
2026-08-26 19:06:00,42.4904145,-82.8392476,14.0978,18.5637,314.9549,335.5913,72.753,0.0,2.6375,1.7239,333.2847,0.4284,0.2684,,,7.2266,17.0663,10.0,0.0054,48.092,16.8002,63.0967,0.0,0.0,10.0165,-67.5369,17.4025,-147.8655,166.8773,52.7544,-15.6458,17.6218,-150.0,17.3098,15.1607,17.8096,1.0423,14.9907,1.0437,-50.0,7.6876,-150.0,15.1607,21.7061,-120.0,2.0884,185.6414,,1161.4728,,13246.3915,,
2026-08-26 19:06:01,42.4904753,-82.8393298,,18.5637,314.9549,334.8522,,0.0,,,,,,,,,,,,,,,,,10.529,-66.1097,17.2382,-146.0505,168.8206,52.3763,-15.372,,-150.0,16.9359,14.9324,17.7316,1.0469,14.6669,1.0481,-50.0,7.6149,-150.0,14.9324,21.4424,-120.0,2.8901,185.6437,,,,,,
2026-08-26 19:06:02,42.4905361,-82.8394121,14.229,18.5637,314.9549,334.7491,-163.482,0.0,3.0829,-2.322,333.5911,0.4216,0.2624,,,,,,,,,,,,11.3976,-60.6452,16.3424,-142.5639,171.8039,52.3992,,17.5903,-150.0,,14.5366,,,,,-50.0,7.489,-150.0,14.5366,20.9854,-120.0,5.096,185.1477,,1161.7811,,13250.0004,,
2026-08-26 19:06:03,42.490603,-82.8395026,,18.5637,314.9549,,132.7589,,5.5765,-1.0508,333.8391,0.4162,0.2576,,,,,,,,,,,,11.4329,-67.3128,17.6523,-143.3047,172.8389,52.5195,-14.9225,17.5645,-150.0,16.9706,14.7783,18.2329,1.0181,14.6969,1.0153,-50.0,7.5659,-150.0,14.7783,21.2645,-120.0,6.6192,184.8641,,,,,,
2026-08-26 19:06:04,42.4906333,-82.8395437,13.9009,0.0,314.9549,336.6341,-43.4806,0.0,3.8474,1.4095,333.9313,0.4143,0.2559,,,7.2267,17.0663,10.0,0.0047,48.092,16.8002,63.6031,0.0,0.0,9.9652,-73.4459,11.5908,-124.5016,214.6782,52.5195,-12.3248,0.0,-150.0,17.0327,13.843,18.163,0.8368,14.7507,0.8355,-50.0,7.2684,-150.0,13.843,20.1845,-120.0,8.142,185.9138,,1162.0343,,13252.6251,,
2026-08-26 19:06:05,42.4906333,-82.8395437,13.8025,0.0,314.9549,335.7346,-88.4532,0.0,4.031,0.8531,333.9313,0.4143,0.2559,,,,,,,,,,,,9.6832,-76.7066,9.5025,-82.6183,255.1496,52.5195,-2.7521,0.0,-140.0,13.7416,9.8071,16.3262,0.3059,10.5267,0.2614,-44.6742,6.0644,-140.0,9.8071,15.8088,-120.0,25.5835,195.8433,,,,,,
2026-08-26 19:06:06,42.4906333,-82.8395437,,0.0,314.9549,335.1215,20.2896,0.0,5.1727,-0.7162,333.9313,0.4143,0.2559,,,,,,,,,,,,10.3616,-74.2877,10.3387,-74.7461,260.702,52.5195,-0.1958,0.0,-140.0,12.1035,9.2925,13.1904,0.1382,9.2718,0.0211,-42.4349,5.9115,-140.0,9.2925,15.1818,-120.0,49.4296,195.5013,,1161.9975,,13252.297,,
2026-08-26 19:06:07,42.4906333,-82.8395437,14.393,0.0,314.9549,335.3736,,0.0,,,333.9313,0.4143,0.2559,,,,,,,,,,,,10.2903,-74.6403,10.2872,-74.7016,260.2812,52.5195,0.109,0.0,-43.6002,8.2166,5.9911,12.3263,0.0602,5.9744,0.0182,-43.6002,5.9911,-140.0,9.5603,15.5081,-120.0,-35.9296,291.6014,,,,,,
2026-08-26 19:06:08,42.4906333,-82.8395437,,0.0,314.9549,335.0585,-50.968,0.0,4.832,1.1632,,,,,,7.2268,17.0663,10.0,0.0058,48.092,16.8002,63.798,0.0,0.0,10.0263,-75.3301,10.026,-75.3369,260.0585,52.5195,0.0517,,-43.4784,8.2199,5.9828,12.053,0.0202,5.9753,0.0086,-43.4784,5.9828,-140.0,9.5323,15.474,-120.0,-33.7172,291.8017,,1161.9979,,13252.297,,
2026-08-26 19:06:09,42.4906333,-82.8395437,14.2946,0.0,314.9549,334.1933,-20.9256,0.0,7.1554,-1.3326,333.9313,0.4143,0.2559,,,,,,,,,,,,11.0436,-69.967,11.0436,-69.9675,264.1605,,0.0223,0.0,-45.0728,8.5401,6.0916,12.1427,0.0066,6.0678,0.0037,-45.0728,6.0916,-140.0,9.8987,15.9204,-120.0,-28.1307,289.4644,,,,,,
2026-08-26 19:06:10,42.4906333,-82.8395437,,0.0,314.9549,335.6085,151.5393,0.0,5.2497,0.3234,333.9313,0.4143,0.2559,,,,,,,,,,,,9.7973,-70.2988,9.7973,-70.2989,264.6518,52.5195,0.0091,0.0,-43.9461,8.5019,6.0147,11.9519,0.0025,6.057,0.0015,-43.9461,6.0147,-140.0,9.6398,15.6049,-120.0,-27.6133,290.8398,,1162.0244,,13252.6251,,
2026-08-26 19:06:11,42.4906333,-82.8395437,14.229,0.0,314.9549,335.4423,20.2793,0.0,4.185,-0.6681,333.9313,0.4143,0.2559,,,,,,,,,,,,9.8456,-66.3229,9.8456,-66.3229,269.071,52.5195,0.0035,0.0,-42.6877,8.0744,5.9288,11.3358,0.0009,5.9314,0.0006,-42.6877,5.9288,-140.0,9.3506,15.2525,-120.0,-26.1848,292.5531,,,,,,
2026-08-26 19:06:12,42.4906333,-82.8395437,,0.0,314.9549,335.7288,-5.9576,0.0,5.4657,-0.3495,333.9313,0.4143,0.2559,,,7.2269,17.0663,10.0,0.0032,48.092,16.8002,64.1293,0.0,0.0,10.4333,-68.9798,10.4333,-68.9798,266.6208,52.5195,0.0013,0.0,-43.6987,8.2399,5.9978,11.4039,0.0003,5.9813,0.0002,-43.6987,5.9978,-140.0,9.5829,15.5356,-120.0,-24.772,291.7759,,1162.0243,,13252.6251,,
2026-08-26 19:06:13,42.4906333,-82.8395437,14.229,0.0,314.9549,,125.2852,0.0,6.6519,-0.4888,333.9313,0.4143,0.2559,,,,,,,,,,,,10.793,-67.2726,10.793,-67.2726,268.5337,52.508,0.0005,0.0,-45.2333,8.5848,6.1025,11.6549,0.0001,6.0802,0.0001,-45.2333,6.1025,-140.0,9.9356,15.9653,-120.0,-21.5773,290.4391,,1162.024,,13252.6251,,
2026-08-26 19:06:14,42.4906333,-82.8395437,,0.0,314.9549,336.7487,,0.0,,,333.9313,0.4143,0.2559,,,,,,,,,,,,9.4748,-70.9963,9.4748,-70.9963,265.8948,52.5539,0.0002,0.0,-43.8928,8.5161,6.011,11.6949,0.0,6.061,0.0,-43.8928,6.011,-140.0,9.6275,15.59,-120.0,-25.6742,292.5584,,1162.0504,,13252.9532,,
2026-08-26 19:06:15,42.4906333,-82.8395437,14.3274,0.0,314.9549,336.4622,-92.2107,0.0,3.8827,0.4777,333.9313,0.4143,0.2559,,,,,,,,,,,,10.3969,-65.3567,10.3969,-65.3567,270.4421,52.5539,0.0001,0.0,-43.2309,8.1059,5.9659,11.3145,0.0,5.9411,0.0,-43.2309,5.9659,-140.0,9.4754,15.4047,-120.0,-24.8117,292.8575,,,,,,
2026-08-26 19:06:16,42.4906333,-82.8395437,,0.0,314.9549,334.898,-80.9417,0.0,5.6245,-1.7572,333.9313,0.4143,0.2559,,,7.2269,17.0663,10.0,0.0069,48.092,16.8002,65.0641,0.0,0.0,10.5371,-74.47,10.5371,-74.47,261.0375,52.5539,0.0,0.0,-44.6321,8.4975,6.0615,11.6378,0.0,6.0558,0.0,-44.6321,6.0615,-140.0,9.7974,15.797,-120.0,-24.4547,290.9582,,1162.0076,,13252.6251,,
2026-08-26 19:06:17,42.4906333,-82.8395437,14.3274,0.0,314.9549,336.0554,144.045,0.0,6.384,1.1179,333.9313,0.4143,0.2559,,,,,,,,,,,,10.0108,-67.8204,10.0108,-67.8204,268.0848,52.5539,0.0,0.0,-43.7682,8.3877,6.0025,11.8391,0.0,6.0245,0.0,-43.7682,6.0025,-140.0,9.5989,15.5551,-120.0,-27.9367,292.0508,,1162.0241,,13252.6251,,
2026-08-26 19:06:18,42.4906333,-82.8395437,,0.0,314.9549,335.4309,-84.7267,0.0,5.2822,-1.5869,333.9313,0.4143,0.2559,,,,,,,,,,,,,,,,,52.5539,0.0,0.0,-44.5499,8.4275,6.0559,11.6279,0.0,6.0359,0.0,-44.5499,6.0559,-140.0,9.7785,15.774,-120.0,-24.0842,291.0005,,,,,,
2026-08-26 19:06:19,42.4906333,-82.8395437,14.4587,0.0,314.9549,335.6715,5.2701,0.0,8.2765,-0.6091,333.9313,0.4143,0.2559,,,,,,,,,,,,10.8501,-69.8877,10.8501,-69.8877,265.3445,52.5539,0.0,0.0,-45.8348,8.7954,6.1436,12.0927,0.0,6.1376,0.0,-45.8348,6.1436,-140.0,10.0738,16.1337,-120.0,-24.2942,289.7346,,1162.0244,,13252.6251,,
2026-08-26 19:06:20,42.4906333,-82.8395437,,0.0,314.9549,336.2961,12.7403,0.0,8.6263,-1.8654,333.9313,0.4143,0.2559,,,7.227,17.0663,10.0,0.0046,48.092,16.8002,63.6144,0.0,0.0,10.8236,-67.3005,10.8236,-67.3005,268.4843,52.7773,0.0,0.0,,8.7988,,11.9506,0.0,6.1385,0.0,,,,,,,,,,,,,,
2026-08-26 19:06:21,42.4906333,-82.8395437,14.5243,0.0,314.9549,338.3415,136.4682,0.0,7.4964,0.1157,333.9313,0.4143,0.2559,,,,,,,,,,,,10.3072,-68.7834,10.3072,-68.7834,267.6765,52.8117,0.0,0.0,-45.5067,8.4139,6.1212,11.6024,0.0,6.032,0.0,-45.5067,6.1212,-140.0,9.9984,16.0419,-120.0,-23.0397,290.6204,,1162.0773,,13253.2813,,
2026-08-26 19:06:22,42.4906333,-82.8395437,,0.0,314.9549,338.7197,-9.7666,0.0,5.0466,0.2905,333.9313,0.4143,0.2559,,,,,,,,,,,,9.28,-66.8094,9.28,-66.8094,271.4837,52.8117,0.0,0.0,-43.732,7.9487,6.0001,11.0446,0.0,5.8925,0.0,-43.732,6.0001,-140.0,9.5906,15.5449,-120.0,-24.8183,293.4396,,,,,,
2026-08-26 19:06:23,42.4906333,-82.8395437,14.5899,0.0,314.9549,,-17.2437,0.0,5.0496,0.4942,333.9313,0.4143,0.2559,,,,,,,,,,,,9.5135,-63.0911,9.5135,-63.0911,275.5071,52.8117,0.0,0.0,-42.0051,7.9632,5.8822,10.9157,0.0,5.8971,0.0,-42.0051,5.8822,-140.0,9.1937,15.0614,-120.0,-24.8097,296.3002,,1162.0769,,13253.2813,,
2026-08-26 19:06:24,42.4906333,-82.8395437,,0.0,314.9549,338.0951,20.2896,0.0,4.2464,-0.7858,333.9313,0.4143,0.2559,,,7.2271,17.0663,10.0,0.0035,48.092,16.8002,65.2139,0.0,0.0,9.8738,-65.771,9.8738,-65.771,272.2801,52.7773,,0.0,-42.3039,,5.9026,,,,,-42.3039,5.9026,-140.0,9.2624,15.1451,-120.0,-22.9229,295.9357,,1162.0605,,13252.9532,,
2026-08-26 19:06:25,42.4906333,-82.8395437,14.8196,0.0,314.9549,337.5909,,0.0,,,333.9313,0.4143,0.2559,,,,,,,,,,,,9.9178,-62.6516,9.9178,-62.6516,275.0128,52.657,0.0,0.0,-42.864,8.0961,5.9408,11.0043,0.0,5.9381,0.0,-42.864,5.9408,-140.0,9.3911,15.3019,-120.0,-21.5541,294.9689,,1162.0606,,13252.9532,,
2026-08-26 19:06:26,42.4906333,-82.8395437,,0.0,314.9549,337.356,1.5367,0.0,3.1419,-1.2458,,,,,,,,,,,,,,,9.8836,-60.1387,9.8836,-60.1387,277.33,52.5997,0.0,,-42.7915,8.0873,5.9359,10.9093,0.0,5.9354,0.0,-42.7915,5.9359,-140.0,9.3744,15.2816,-120.0,-20.5,294.8776,,,,,,
2026-08-26 19:06:27,42.4906333,-82.8395437,15.4429,0.0,314.9549,337.8602,189.0245,0.0,3.4522,-0.5202,333.9313,0.4143,0.2559,,,,,,,,,,,,9.9875,-64.5792,9.9875,-64.5792,272.9468,52.3361,0.0,0.0,-42.9897,8.1321,5.9494,10.8686,0.0,5.949,0.0,-42.9897,5.9494,-140.0,9.42,15.3371,-120.0,-19.4784,294.3506,,1162.077,,13253.2813,,
2026-08-26 19:06:28,42.4906333,-82.8395437,,0.0,314.9549,338.2212,-17.2231,0.0,3.246,-1.1614,333.9313,0.4143,0.2559,,,7.2272,17.0663,10.0,0.0074,48.092,16.8002,65.4038,0.0,0.0,9.496,-64.7579,9.496,-64.7579,273.3765,52.3591,0.0,0.0,-43.3532,8.2159,5.9742,10.9858,0.0,5.9742,0.0,-43.3532,5.9742,-140.0,9.5035,15.4389,-120.0,-19.4963,294.499,,,,,,
2026-08-26 19:06:29,42.4906333,-82.8395437,14.8196,0.0,314.9549,338.0378,12.7953,0.0,3.647,-0.0658,333.9313,0.4143,0.2559,,,,,,,,,,,,9.005,-66.7876,9.005,-66.7876,271.314,52.3361,0.0,0.0,-41.7495,7.8616,5.8647,10.7763,0.0,5.865,0.0,-41.7495,5.8647,-140.0,9.135,14.9899,-120.0,-22.7248,296.286,,1162.0771,,13253.2813,,
2026-08-26 19:06:30,42.4906333,-82.8395437,,0.0,314.9549,337.6597,-77.2084,0.0,3.7194,1.4103,333.9313,0.4143,0.2559,,,,,,,,,,,,8.7748,-70.7016,8.7748,-70.7016,267.2858,52.3591,0.0,0.0,-40.3821,7.5982,5.7714,10.6389,0.0,5.7787,0.0,-40.3821,5.7714,-140.0,8.8207,14.607,-120.0,-26.6088,297.6745,,,,,,
2026-08-26 19:06:31,42.4906333,-82.8395437,14.5243,0.0,314.9549,336.7831,-95.9647,0.0,3.8219,-1.0316,333.9313,0.4143,0.2559,,,,,,,,,,,,9.1241,-66.0555,9.1241,-66.0555,271.3222,52.3591,0.0,0.0,-40.0,7.486,5.735,10.599,0.0,5.7346,0.0,-40.0,5.735,-139.9103,8.7111,14.4632,-120.0,-28.4173,297.7127,,1162.0504,,13252.9532,,
2026-08-26 19:06:32,42.4906333,-82.8395437,,0.0,314.9549,337.4592,50.2805,0.0,6.2276,-0.156,333.9313,0.4143,0.2559,,,7.2273,17.0663,10.0,0.0039,48.092,16.8002,64.1359,0.0,0.0,10.2022,-71.0726,10.2022,-71.0726,265.932,52.8346,0.0,0.0,-41.2141,7.6967,5.8282,10.7421,0.0,5.8115,0.0,-41.2141,5.8282,-140.0,9.0119,14.8399,-120.0,-25.2968,295.9263,,,,,,
2026-08-26 19:06:33,42.4906333,-82.8395437,14.1634,0.0,314.9549,,,0.0,,,333.9313,0.4143,0.2559,,,,,,,,,,,,9.4824,-74.5663,9.4824,-74.5663,263.7545,52.8346,0.0,0.0,-42.5435,8.0432,5.9189,11.2733,0.0,5.9219,0.0,-42.5435,5.9189,-140.0,9.3174,15.2122,-120.0,-27.8558,295.0774,,1162.0866,,13253.2813,,
2026-08-26 19:06:34,42.4906333,-82.8395437,,0.0,314.9549,338.8916,57.7404,0.0,3.0165,1.1209,333.9313,0.4143,0.2559,,,,,,,,,,,,9.8121,-72.9075,9.8121,-72.9075,265.6843,,0.0,0.0,-42.0589,7.9311,5.8859,11.3371,0.0,5.887,0.0,-42.0589,5.8859,-140.0,9.2061,15.0765,-120.0,-30.0146,296.2238,,,,,,
2026-08-26 19:06:35,42.4906333,-82.8395437,14.4587,0.0,314.9549,337.7113,1.4954,0.0,1.7613,1.6803,333.9313,0.4143,0.2559,,,,,,,,,,,,10.6677,-68.1248,10.6677,-68.1248,269.5551,52.7544,0.0,0.0,-43.285,8.1102,5.9695,11.5449,0.0,5.9424,0.0,-43.285,5.9695,-140.0,9.4878,15.4198,-120.0,-28.7688,294.7041,,1162.0606,,13252.9532,,
2026-08-26 19:06:36,42.4906333,-82.8395437,,0.0,314.9549,337.1326,-28.5024,0.0,1.5986,-1.2289,333.9313,0.4143,0.2559,,,7.2273,17.0663,10.0,0.0045,48.092,16.8002,66.0961,0.0,0.0,10.8001,-68.2747,10.8001,-68.2747,268.6919,52.4393,0.0,0.0,-45.127,8.5678,6.0953,11.792,0.0,6.0755,0.0,-45.127,6.0953,-140.0,9.9112,15.9356,-120.0,-23.6744,292.2906,,1162.0508,,13252.9532,,
2026-08-26 19:06:37,42.4906333,-82.8395437,14.7867,0.0,314.9549,337.081,65.2519,0.0,4.7337,-1.3876,333.9313,0.4143,0.2559,,,,,,,,,,,,9.9224,-71.1199,9.9224,-71.1199,266.2721,51.9465,0.0,0.0,-45.0865,8.6888,6.0925,11.8797,0.0,6.1089,0.0,-45.0865,6.0925,-140.0,9.9018,15.9242,-120.0,-23.9634,292.1211,,1162.0606,,13252.9532,,
2026-08-26 19:06:38,42.4906333,-82.8395437,,0.0,314.9549,337.6139,-47.2587,0.0,4.7239,1.2861,333.9313,0.4143,0.2559,,,,,,,,,,,,,,,,,52.3075,0.0,0.0,-42.8974,8.2242,5.9431,11.5792,0.0,5.9766,0.0,-42.8974,5.9431,-140.0,9.3988,15.3113,-120.0,-28.9719,294.5844,,1162.0604,,13252.9532,,
2026-08-26 19:06:39,42.4906333,-82.8395437,15.5741,0.0,314.9549,337.4191,,0.0,,,333.9313,0.4143,0.2559,,,,,,,,,,,,9.076,-75.3397,9.076,-75.3397,262.2949,52.3075,0.0,0.0,-41.3046,7.8192,5.8344,11.2511,0.0,5.8514,0.0,-41.3046,5.8344,-140.0,9.0327,14.8653,-120.0,-31.5219,296.2032,,,,,,
2026-08-26 19:06:40,42.4906333,-82.8395437,,,,338.267,-47.2553,0.0,4.1193,0.2381,333.9313,0.4143,0.2559,,,7.2274,17.0663,10.0,0.0091,48.092,16.8002,64.4685,0.0,0.0,9.2597,-68.6335,9.2597,-68.6335,268.8439,52.3075,0.0,0.0,-41.6007,7.8172,5.8546,11.0482,0.0,5.8507,0.0,-41.6007,5.8546,-140.0,9.1008,14.9482,-120.0,-27.4814,296.1211,,1162.0768,,13253.2813,,
2026-08-26 19:06:41,42.4906333,-82.8395437,15.5085,0.0,314.9549,339.2869,117.7119,0.0,3.2441,0.3886,333.9313,0.4143,0.2559,,,,,,,,,,,,9.0094,-67.8955,9.0094,-67.8955,270.861,52.3075,0.0,0.0,-40.1634,7.6033,5.7565,10.7508,0.0,5.7804,0.0,-40.1634,5.7565,-140.0,8.7705,14.5457,-120.0,-28.6881,298.5762,,1162.103,,13253.6093,,
2026-08-26 19:06:42,42.4906333,-82.8395437,,0.0,314.9549,338.5879,-43.5253,0.0,1.7201,0.5197,333.9313,0.4143,0.2559,,,,,,,,,,,,9.3478,-68.3387,9.3478,-68.3387,270.5649,52.3075,0.0,0.0,-41.2919,7.6271,5.8335,10.79,0.0,5.7884,0.0,-41.2919,5.8335,-140.0,9.0298,14.8617,-120.0,-27.2125,297.4025,,,,,,
2026-08-26 19:06:43,42.4906333,-82.8395437,15.5085,0.0,314.9549,,-73.5265,0.0,2.086,0.897,333.9313,0.4143,0.2559,,,,,,,,,,,,10.2746,-71.0689,10.2746,-71.0689,267.3402,52.3075,0.0,0.0,-43.1636,8.1129,5.9613,11.373,0.0,5.9432,0.0,-43.1636,5.9613,-140.0,9.4599,15.3858,-120.0,-27.2615,295.2477,,1162.0771,,13253.2813,,
2026-08-26 19:06:44,42.4906333,-82.8395437,,0.0,314.9549,337.9863,57.7129,0.0,2.1626,0.1626,333.9313,0.4143,0.2559,,,7.2275,17.0898,10.0,0.0044,48.092,16.7725,65.3979,0.0,0.0,10.3132,-74.098,10.3132,-74.098,263.8394,52.3075,0.0,0.0,-44.2527,8.3524,6.0356,11.8166,0.0,6.0143,0.0,-44.2527,6.0356,-140.0,9.7102,15.6907,-120.0,-27.9706,293.692,,,,,,
2026-08-26 19:06:45,42.4906333,-82.8395437,15.935,0.0,314.9549,337.6482,-2.2861,0.0,4.7496,-0.6191,333.9313,0.4143,0.2559,,,,,,,,,,,,11.0672,-70.0387,11.0672,-70.0387,267.5946,52.3075,0.0,0.0,-46.1037,8.8473,6.1619,12.2412,0.0,6.1514,0.0,-46.1037,6.1619,-140.0,10.1356,16.209,-120.0,-25.2941,291.6998,,1162.0604,,13252.9532,,
2026-08-26 19:06:46,42.4906333,-82.8395437,,0.0,314.9549,338.0665,-21.0459,0.0,5.4663,-0.7071,333.9313,0.4143,0.2559,,,,,,,,,,,,10.9607,-74.5994,10.9607,-74.5994,263.3088,52.2846,0.0,0.0,,8.9134,,12.4579,0.0,6.1688,0.0,,,,,,,,,,1162.0769,,13253.2813,,
2026-08-26 19:06:47,42.4906333,-82.8395437,15.6398,0.0,314.9549,338.691,,0.0,,,,,,,,,,,,,,,,,10.2738,-72.8982,10.2738,-72.8982,265.5224,52.7773,0.0,,-45.987,8.6081,6.154,12.1355,0.0,6.0867,0.0,-45.987,6.154,-140.0,10.1088,16.1764,-120.0,-27.0979,292.0228,,,,,,
2026-08-26 19:06:48,42.4906333,-82.8395437,,0.0,314.9549,340.4443,185.188,0.0,5.4682,0.3983,333.9313,0.4143,0.2559,,,7.2276,17.0898,10.0,0.0096,48.092,16.7725,63.984,0.0,0.0,8.9057,-80.5858,8.9057,-80.5858,259.5051,52.9893,0.0,0.0,-44.7197,7.8241,6.0675,11.4733,0.0,5.8529,0.0,-44.7197,6.0675,-140.0,9.8176,15.8215,-120.0,-28.5583,294.1026,,1162.1293,,13253.9374,,
2026-08-26 19:06:49,42.4906333,-82.8395437,14.6555,0.0,314.9549,340.5016,61.3775,0.0,0.5916,2.931,333.9313,0.4143,0.2559,,,,,,,,,,,,8.4554,-75.7322,8.4554,-75.7322,264.722,52.3075,0.0,0.0,-41.1386,7.3875,5.8231,10.8529,0.0,5.6591,0.0,-41.1386,5.8231,-140.0,8.9946,14.8188,-120.0,-35.9302,298.7304,,1162.129,,13253.9374,,
2026-08-26 19:06:50,42.4906333,-82.8395437,,0.0,314.9549,338.1868,-208.6162,0.0,1.3242,-1.3135,333.9313,0.4143,0.2559,,,,,,,,,,,,10.4947,-70.3082,10.4947,-70.3082,268.5656,51.9637,,0.0,-40.0,,5.6748,,,,,-40.0,5.6748,-139.3859,8.5835,14.2482,-120.0,-36.9914,300.0186,,1162.0769,,13253.2813,,
2026-08-26 19:06:51,42.4906333,-82.8395437,15.082,0.0,314.9549,338.3988,20.128,0.0,5.0212,-0.5391,333.9313,0.4143,0.2559,,,,,,,,,,,,9.8288,-79.1741,9.8288,-79.1741,259.0964,52.2273,0.0,0.0,-42.5962,7.9596,5.9225,11.4234,0.0,5.8959,0.0,-42.5962,5.9225,-140.0,9.3296,15.2269,-120.0,-30.2413,296.3838,,,,,,
2026-08-26 19:06:52,42.4906333,-82.8395437,,0.0,314.9549,338.1352,61.3603,0.0,4.5907,0.3349,333.9313,0.4143,0.2559,,,7.2276,17.0898,10.0,0.0046,48.092,16.7725,64.9309,0.0,0.0,8.3775,-72.8574,8.3775,-72.8574,265.4408,52.2273,0.0,0.0,-42.9323,8.1723,5.9455,11.8292,0.0,5.9611,0.0,-42.9323,5.9455,-140.0,9.4068,15.3211,-120.0,-32.8615,295.5766,,1162.0765,,13253.2813,,
2026-08-26 19:06:53,42.4906333,-82.8395437,14.7211,0.0,314.9549,,-36.1376,0.0,6.0834,-2.9157,,,,,,,,,,,,,,,9.0721,-69.8864,9.0721,-69.8864,268.0113,52.4164,0.0,,-40.0,7.5134,5.7288,11.0433,0.0,5.7499,0.0,-40.0,5.7288,-139.8558,8.6978,14.4409,-120.0,-36.1539,298.4098,,1162.0771,,13253.2813,,
2026-08-26 19:06:54,42.4906333,-82.8395437,,0.0,314.9549,339.2124,125.0859,0.0,4.9648,0.2742,333.9313,0.4143,0.2559,,,,,,,,,,,,7.312,-79.591,7.312,-79.591,260.6178,52.4622,0.0,0.0,-40.0,7.4725,5.7287,10.7638,0.0,5.7242,0.0,-40.0,5.7287,-139.8549,8.6976,14.4405,-120.0,-32.0642,298.3492,,1162.129,,13253.9374,,
2026-08-26 19:06:55,42.4906333,-82.8395437,15.1476,0.0,314.9549,340.8224,65.0731,0.0,2.1016,1.2304,333.9313,0.4143,0.2559,,,,,,,,,,,,,,,,,52.4164,0.0,0.0,-40.0,7.0588,5.3804,10.0808,0.0,5.4073,0.0,-40.0,5.3804,-136.8237,7.9599,13.1977,-120.0,-35.3695,299.8399,,,,,,
2026-08-26 19:06:56,42.4906333,-82.8395437,14.9508,0.0,314.9549,339.8026,,0.0,,,333.9313,0.4143,0.2559,,,7.2277,17.0898,10.0,0.0087,48.092,16.7725,65.3743,0.0,0.0,7.6502,-72.1396,7.6502,-72.1396,268.2706,52.3992,0.0,0.0,-40.0,6.8891,5.2774,9.7414,0.0,5.2774,0.0,-40.0,5.2774,-135.9281,7.742,12.8305,-120.0,-34.7508,300.0959,,1162.1029,,13253.6093,,
2026-08-26 19:06:57,,,,0.0,314.9549,339.3843,-6.1742,0.0,0.877,0.5045,333.9313,0.4143,0.2559,,,,,,,,,,,,8.4199,-72.0299,8.4199,-72.0299,267.4272,52.2846,0.0,0.0,-40.0,7.0786,5.4322,10.0406,0.0,5.4225,0.0,-40.0,5.4322,-137.2751,8.0698,13.3828,-120.0,-32.705,299.6138,,1162.1129,,13253.6093,,
2026-08-26 19:06:58,42.4906333,-82.8395437,15.082,0.0,314.9549,339.4015,-122.4147,0.0,3.6849,-1.4981,333.9313,0.4143,0.2559,,,,,,,,,,,,9.7741,-72.782,9.7741,-72.782,266.9571,52.3075,0.0,0.0,-40.1835,7.4795,5.7579,10.8193,0.0,5.7296,0.0,-40.1835,5.7579,-140.0,8.7751,14.5514,-120.0,-32.9634,299.5436,,1162.1032,,13253.6093,,
2026-08-26 19:06:59,42.4906333,-82.8395437,,0.0,314.9549,339.5734,57.5823,0.0,5.4861,1.0286,333.9313,0.4143,0.2559,,,,,,,,,,,,9.8659,-78.8107,9.8659,-78.8107,260.5004,,0.0,0.0,-42.0951,7.9068,5.8883,11.422,0.0,5.8793,0.0,-42.0951,5.8883,-140.0,9.2144,15.0866,-120.0,-33.0709,297.3281,,1162.1027,,13253.6093,,
2026-08-26 19:07:00,42.4906333,-82.8395437,15.5741,0.0,314.9549,339.8026,-73.6881,0.0,2.8423,-0.3653,333.9313,0.4143,0.2559,,,7.2278,17.0898,10.0,0.0071,48.092,16.7725,64.4968,0.0,0.0,9.3777,-80.9305,9.3777,-80.9305,259.0445,52.3075,0.0,0.0,-41.5768,7.943,5.853,11.7891,0.0,5.8907,0.0,-41.5768,5.853,-140.0,9.0953,14.9415,-120.0,-37.5474,298.2602,,1162.1129,,13253.6093,,
2026-08-26 19:07:01,42.4906333,-82.8395437,,0.0,314.9549,339.9744,,0.0,,,333.9313,0.4143,0.2559,,,,,,,,,,,,9.0628,-78.9393,9.0628,-78.9393,260.6954,52.3075,0.0,0.0,-40.015,7.4992,5.7464,11.0629,0.0,5.7447,0.0,-40.015,5.7464,-140.0,8.7364,14.5042,-120.0,-37.4345,299.684,,1162.1126,,13253.6093,,
2026-08-26 19:07:02,42.4906333,-82.8395437,15.5085,0.0,314.9549,340.238,57.5444,0.0,4.2072,-0.2002,,,,,,,,,,,,,,,9.502,-75.5476,9.502,-75.5476,264.5404,52.2846,0.0,,-40.8267,7.6273,5.8018,11.2774,0.0,5.7885,0.0,-40.8267,5.8018,-140.0,8.9229,14.7315,-120.0,-36.6314,299.1146,,1162.1295,,13253.9374,,
2026-08-26 19:07:03,42.4906333,-82.8395437,,0.0,314.9549,340.8912,132.532,0.0,4.3354,1.0964,333.9313,0.4143,0.2559,,,,,,,,,,,,8.9632,-81.1048,8.9632,-81.1048,259.6482,52.7544,0.0,0.0,-40.7086,7.7,5.7937,11.3214,0.0,5.8126,0.0,-40.7086,5.7937,-140.0,8.8958,14.6984,-120.0,-36.9116,299.731,,1162.1384,,13253.9374,,
2026-08-26 19:07:04,42.4906333,-82.8395437,16.0007,0.0,314.9549,,-62.4501,0.0,2.4933,-0.6337,333.9313,0.4143,0.2559,,,7.2279,17.0898,10.0,0.0044,48.092,16.7725,65.3198,0.0,0.0,8.6989,-71.3859,8.6989,-71.3859,269.3626,52.3992,0.0,0.0,-40.0,7.4212,5.683,10.953,0.0,5.685,0.0,-40.0,5.683,-139.4573,8.6008,14.2775,-120.0,-36.808,300.5805,,,,,,
2026-08-26 19:07:05,42.49063337221742,-82.83954371698202,,0.0,314.9549,340.4844,151.2918,0.0,2.9721,-0.0809,333.9313,0.4143,0.2559,,,,,,,,,,,,8.9224,-76.9854,8.9224,-76.9854,263.6422,52.4164,0.0,0.0,-40.1088,7.5397,5.7528,10.8908,0.0,5.7589,0.0,-40.1088,5.7528,-140.0,8.7579,14.5305,-120.0,-33.1376,300.5937,,1162.1386,,13253.9374,,
2026-08-26 19:07:06,42.49063337221742,-82.83954371698202,15.3773,0.0,314.9549,340.8912,-21.2143,0.0,0.4766,0.8531,333.9313,0.4143,0.2559,,,,,,,,,,,,8.2822,-77.0009,8.2822,-77.0009,263.7742,52.3992,0.0,0.0,-40.0,7.3217,5.5852,10.6604,0.0,5.6087,0.0,-40.0,5.5852,-138.6068,8.3939,13.9288,-120.0,-36.4887,300.7614,,1162.1289,,13253.9374,,
2026-08-26 19:07:07,42.49063337221742,-82.83954371698202,,0.0,314.9549,339.9802,-69.9547,0.0,2.2163,-0.6286,333.9313,0.4143,0.2559,,,,,,,,,,,,9.3832,-73.4712,9.3832,-73.4712,266.569,52.2617,0.0,0.0,-40.0,7.3692,5.6965,10.7013,0.0,5.6451,0.0,-40.0,5.6965,-139.575,8.6295,14.3257,-120.0,-34.8602,300.2931,,1162.1129,,13253.6093,,
2026-08-26 19:07:08,42.49063337221742,-82.83954371698202,15.2789,0.0,314.9549,339.5619,-28.6914,0.0,4.861,0.0837,,,,,,7.2279,17.0898,10.0,0.0054,48.092,16.7725,64.8942,0.0,0.0,9.9974,-79.2288,9.9974,-79.2288,260.3804,52.2617,0.0,,-41.6972,7.8141,5.8612,11.4409,0.0,5.8497,0.0,-41.6972,5.8612,-140.0,9.1229,14.9752,-120.0,-34.9111,298.0985,,1162.1026,,13253.6093,,
2026-08-26 19:07:09,42.49063337221742,-82.83954371698202,15.3773,0.0,314.9549,339.602,,0.0,,,333.9313,0.4143,0.2559,,,,,,,,,,,,9.5743,-77.0895,9.5743,-77.0895,262.5258,52.2846,0.0,0.0,-42.085,7.9376,5.8876,11.6736,0.0,5.889,0.0,-42.085,5.8876,-140.0,9.2121,15.0838,-120.0,-35.3561,297.6144,,1162.1026,,13253.6093,,
2026-08-26 19:07:10,42.49063337221742,-82.83954371698202,,0.0,314.9549,340.2667,-36.1995,0.0,4.828,-0.6374,333.9313,0.4143,0.2559,,,,,,,,,,,,8.8053,-79.5329,8.8053,-79.5329,260.5527,52.2846,0.0,0.0,-40.7436,7.6804,5.7961,11.3467,0.0,5.8061,0.0,-40.7436,5.7961,-140.0,8.9038,14.7082,-120.0,-37.2359,299.1981,,1162.1294,,13253.9374,,
2026-08-26 19:07:11,42.49063337221742,-82.83954371698202,14.8196,0.0,314.9549,340.6276,31.2835,0.0,3.5121,0.5837,333.9313,0.4143,0.2559,,,,,,,,,,,,8.4904,-80.3162,8.4904,-80.3162,260.2872,52.2617,0.0,0.0,-40.0,7.4171,5.6693,10.9768,0.0,5.6818,0.0,-40.0,5.6693,-139.3386,8.5719,14.2288,-120.0,-39.1266,300.3936,,,,,,
2026-08-26 19:07:12,42.49063337221742,-82.83954371698202,,0.0,314.9549,340.5188,-17.4878,0.0,2.0372,0.9056,333.9313,0.4143,0.2559,,,7.228,17.0898,10.0,0.0076,48.092,16.7725,63.8446,0.0,0.0,8.693,-82.0627,8.693,-82.0627,258.5141,52.2617,0.0,0.0,-40.0,7.3227,5.6144,10.8398,0.0,5.6095,0.0,-40.0,5.6144,-138.8601,8.4555,14.0326,-120.0,-40.5073,300.4989,,1162.1289,,13253.9374,,
2026-08-26 19:07:13,42.49063337221742,-82.83954371698202,15.082,0.0,314.9549,340.8511,-58.7477,0.0,2.463,-0.6588,333.9313,0.4143,0.2559,,,,,,,,,,,,9.5297,-77.5717,9.5297,-77.5717,262.9533,52.3591,0.0,0.0,-40.4122,7.5547,5.7735,11.1588,0.0,5.764,0.0,-40.4122,5.7735,-140.0,8.8276,14.6154,-120.0,-36.9823,300.0782,,1162.1287,,13253.9374,,
2026-08-26 19:07:14,42.4906333,-82.8395437,,0.0,314.9549,,12.5065,,3.7638,0.6021,333.9313,0.4143,0.2559,,,,,,,,,,,,9.0832,-78.6982,9.0832,-78.6982,262.6663,52.3763,0.0,0.0,-40.79,7.6598,5.7993,11.3788,0.0,5.7993,0.0,-40.79,5.7993,-140.0,8.9144,14.7212,-120.0,-38.1449,300.2855,,,,,,
2026-08-26 19:07:15,42.4906333,-82.8395437,15.5085,0.0,314.9549,341.3839,31.2594,0.0,2.7565,-1.0631,,,,,,,,,,,,,,,,,,,,52.3763,0.0,,,7.5889,,11.1321,0.0,5.7755,0.0,,,,,,,,,,1162.1554,,13254.2655,,
2026-08-26 19:07:16,42.4906333,-82.8395437,,0.0,314.9549,341.7506,8.7491,0.0,2.5038,0.4923,333.9313,0.4143,0.2559,,,7.2281,17.0898,10.0,0.0061,48.092,16.7725,64.6917,0.0,0.0,9.1842,-74.8511,9.1842,-74.8511,266.5876,52.0038,0.0,0.0,-40.4585,7.542,5.7766,11.0972,0.0,5.7597,0.0,-40.4585,5.7766,-140.0,8.8383,14.6284,-120.0,-35.6087,300.852,,1162.1547,,13254.2655,,
2026-08-26 19:07:17,42.4906333,-82.8395437,15.2789,0.0,314.9549,341.5272,-9.9935,0.0,4.2701,-2.2933,333.9313,0.4143,0.2559,,,,,,,,,,,,9.2209,-74.7195,9.2209,-74.7195,266.928,52.0038,0.0,0.0,-40.2598,7.8366,5.7631,11.338,0.0,5.857,0.0,-40.2598,5.7631,-140.0,8.7926,14.5727,-120.0,-36.3039,301.3085,,1162.155,,13254.2655,,
2026-08-26 19:07:18,42.4906333,-82.8395437,,0.0,314.9549,342.5585,109.9907,0.0,4.2885,-0.2363,333.9313,0.4143,0.2559,,,,,,,,,,,,9.9807,-74.5645,9.9807,-74.5645,267.2226,52.1585,,0.0,-41.9213,,5.8765,,,,,-41.9213,5.8765,-140.0,9.1745,15.038,-120.0,-32.2273,299.7612,,,,,,
2026-08-26 19:07:19,42.4906333,-82.8395437,15.5085,0.0,314.9549,343.1773,23.7308,0.0,1.8497,1.1135,333.9313,0.4143,0.2559,,,,,,,,,,,,8.6953,-81.9419,8.6953,-81.9419,260.8274,52.1585,0.0,0.0,-41.1113,7.7736,5.8212,11.4113,0.0,5.8367,0.0,-41.1113,5.8212,-140.0,8.9883,14.8112,-120.0,-35.9623,301.3075,,1162.1799,,13254.5936,,
2026-08-26 19:07:20,42.4906333,-82.8395437,,0.0,314.9549,342.8049,19.9561,0.0,0.4239,1.6533,,,,,,7.2282,17.0898,10.0,0.0093,48.092,16.7725,64.9693,0.0,0.0,8.3967,-78.9625,8.3967,-78.9625,264.0465,52.1356,0.0,,-40.0,7.384,5.6431,10.9413,0.0,5.6565,0.0,-40.0,5.6431,-139.1099,8.5163,14.1351,-120.0,-39.6799,302.851,,,,,,
2026-08-26 19:07:21,42.4906333,-82.8395437,15.5085,0.0,314.9549,342.6387,,0.0,,,333.9313,0.4143,0.2559,,,,,,,,,,,,8.7423,-82.0675,8.7423,-82.0675,260.7035,52.1356,0.0,0.0,-40.0,7.2641,5.5664,10.6863,0.0,5.5646,0.0,-40.0,5.5664,-138.4425,8.3539,13.8614,-120.0,-39.9546,302.8295,,1162.1807,,13254.5936,,
2026-08-26 19:07:22,42.4906333,-82.8395437,,0.0,314.9549,,-55.0211,0.0,1.3288,-0.7738,333.9311,0.4143,0.2559,,,,,,,,,,,,9.2579,-73.8118,9.2579,-73.8118,268.8243,,0.0,0.0,-40.0,7.4259,5.7026,11.0181,0.0,5.6886,0.0,-40.0,5.7026,-139.6282,8.6424,14.3476,-120.0,-39.0981,302.7009,,,,,,
2026-08-26 19:07:23,42.4906333,-82.8395437,15.7054,0.0,314.9549,342.7246,-103.7649,0.0,2.6291,0.4875,333.9313,0.4143,0.2559,,,,,,,,,,,,8.3236,-85.5813,8.3236,-85.5813,257.0124,52.1356,0.0,0.0,-40.0,7.39,5.6449,10.8601,0.0,5.6611,0.0,-40.0,5.6449,-139.1262,8.5203,14.1417,-120.0,-38.188,302.6511,,1162.1542,,13254.2655,,
2026-08-26 19:07:24,42.4906333,-82.8395437,,0.0,314.9549,340.7651,-167.4767,0.0,4.735,-0.6165,333.9313,0.4143,0.2559,,,7.2282,17.0898,10.0,0.006,48.092,16.7725,65.2766,0.0,0.0,8.543,-82.2811,8.543,-82.2811,258.5882,52.1356,0.0,0.0,-40.0,7.2527,5.5572,10.7909,0.0,5.5559,0.0,-40.0,5.5572,-138.363,8.3345,13.8288,-120.0,-42.3577,301.486,,,,,,
2026-08-26 19:07:25,42.4906333,-82.8395437,15.771,0.0,314.9549,340.1062,-21.2831,0.0,6.2951,0.1957,333.9313,0.4143,0.2559,,,,,,,,,,,,8.6744,-85.9688,8.6744,-85.9688,254.1743,52.1356,0.0,0.0,-40.0,7.3496,5.6327,11.0595,0.0,5.6301,0.0,-40.0,5.6327,-139.0202,8.4945,14.0983,-120.0,-43.6587,300.7213,,1162.1125,,13253.6093,,
2026-08-26 19:07:26,42.4906333,-82.8395437,,0.0,314.9549,340.4214,16.1918,0.0,5.8563,0.3265,,,,,,,,,,,,,,,9.1714,-83.5066,9.1714,-83.5066,256.8848,52.3591,0.0,,-40.0,7.4041,5.6812,11.2284,0.0,5.6719,0.0,-40.0,5.6812,-139.4421,8.5971,14.2713,-120.0,-44.0932,300.3897,,,,,,
2026-08-26 19:07:27,42.4906333,-82.8395437,15.5741,0.0,314.9549,340.7479,23.6792,0.0,3.8005,2.2534,333.9313,0.4143,0.2559,,,,,,,,,,,,9.6613,-84.6473,9.6613,-84.6473,256.032,52.6398,0.0,0.0,-40.7964,7.6367,5.7997,11.6467,0.0,5.7916,0.0,-40.7964,5.7997,-140.0,8.9159,14.723,-120.0,-43.0619,299.7971,,1162.139,,13253.9374,,
2026-08-26 19:07:28,42.4906333,-82.8395437,,0.0,314.9549,340.0948,19.9286,0.0,2.927,0.442,333.9313,0.4143,0.2559,,,7.2283,17.0898,10.0,0.0095,48.092,16.7725,63.686,0.0,0.0,10.1686,-80.016,10.1686,-80.016,260.3721,52.6398,0.0,0.0,-42.1156,7.9122,5.8897,12.0894,0.0,5.881,0.0,-42.1156,5.8897,-140.0,9.2191,15.0924,-120.0,-41.8722,298.3946,,,,,,
2026-08-26 19:07:29,42.4906333,-82.8395437,15.5085,0.0,314.9549,340.6505,,0.0,,,333.9313,0.4143,0.2559,,,,,,,,,,,,10.5785,-77.1633,10.5785,-77.1633,263.2575,52.6169,0.0,0.0,-43.7645,8.2759,6.0023,12.2753,0.0,5.9919,0.0,-43.7645,6.0023,-140.0,9.598,15.5541,-120.0,-35.765,296.5387,,1162.1288,,13253.9374,,
2026-08-26 19:07:30,42.4906333,-82.8395437,,0.0,314.9549,341.8308,113.6485,0.0,3.3065,0.7184,333.9313,0.4143,0.2559,,,,,,,,,,,,10.6203,-79.4774,10.6203,-79.4774,261.6096,52.5997,0.0,0.0,-45.057,8.5927,6.0905,12.6012,0.0,6.0824,0.0,-45.057,6.0905,-140.0,9.8951,15.916,-120.0,-34.123,295.7654,,,,,,
2026-08-26 19:07:31,42.4906333,-82.8395437,15.7054,0.0,314.9549,341.9282,19.8942,0.0,2.7231,-0.0157,333.9313,0.4143,0.2559,,,,,,,,,,,,9.0523,-77.6723,9.0523,-77.6723,264.3214,52.5997,0.0,0.0,-43.0257,8.2714,5.9519,12.1693,0.0,5.9906,0.0,-43.0257,5.9519,-140.0,9.4283,15.3472,-120.0,-35.1866,298.6339,,1162.1542,,13254.2655,,
2026-08-26 19:07:32,42.4906333,-82.8395437,,0.0,314.9549,342.2605,109.8876,0.0,1.4649,1.1099,333.9313,0.4143,0.2559,,,7.2284,17.0898,10.0,0.0073,48.092,16.7725,64.9317,0.0,0.0,8.8156,-79.7632,8.8156,-79.7632,262.5356,52.5997,0.0,0.0,-41.0729,7.7554,5.8186,11.526,0.0,5.8307,0.0,-41.0729,5.8186,-140.0,8.9795,14.8004,-120.0,-38.1901,300.9959,,,,,,
2026-08-26 19:07:33,42.4906333,-82.8395437,15.8694,0.0,314.9549,,-62.6151,0.0,0.9769,-0.791,333.9313,0.4143,0.2559,,,,,,,,,,,,9.8082,-76.8995,9.8082,-76.8995,265.0705,52.4622,0.0,0.0,-40.8429,7.62,5.8029,11.2877,0.0,5.786,0.0,-40.8429,5.8029,-140.0,8.9266,14.736,-120.0,-37.1053,301.1596,,1162.1545,,13254.2655,,
2026-08-26 19:07:34,42.4906333,-82.8395437,,0.0,314.9549,341.848,12.4068,0.0,3.7286,-0.6811,333.9313,0.4143,0.2559,,,,,,,,,,,,10.1812,-81.187,10.1812,-81.187,260.8538,52.4393,0.0,0.0,-42.5408,7.9634,5.9188,11.7525,0.0,5.8971,0.0,-42.5408,5.9188,-140.0,9.3168,15.2114,-120.0,-36.1322,299.3291,,,,,,
2026-08-26 19:07:35,42.4906333,-82.8395437,15.8038,0.0,314.9549,342.7934,72.3852,0.0,3.7664,-1.4469,333.9313,0.4143,0.2559,,,,,,,,,,,,,,,,,52.4164,0.0,0.0,-42.6757,8.0996,5.928,12.0459,0.0,5.9391,0.0,-42.6757,5.928,-140.0,9.3478,15.2492,-120.0,-37.1961,300.022,,1162.1897,,13254.5936,,
2026-08-26 19:07:36,42.4906333,-82.8395437,,0.0,314.9549,343.6872,,0.0,,,,,,,,7.2285,17.0898,10.0,0.0085,48.092,16.7725,64.0805,0.0,0.0,9.5396,-79.2077,9.5396,-79.2077,264.1685,52.4393,0.0,,-40.9993,7.7841,5.8135,11.6741,0.0,5.8401,0.0,-40.9993,5.8135,-140.0,8.9626,14.7798,-120.0,-40.8213,302.445,,,,,,
2026-08-26 19:07:37,42.4906333,-82.8395437,15.6398,0.0,314.9549,344.73,57.3794,0.0,3.3101,1.2633,333.9313,0.4143,0.2559,,,,,,,,,,,,8.8122,-86.4473,8.8122,-86.4473,257.5122,52.1815,0.0,0.0,,7.5001,,11.3999,0.0,5.7454,0.0,,,,,,,,,,1162.2319,,13254.9217,,
2026-08-26 19:07:38,42.4906333,-82.8395437,,0.0,314.9549,344.3518,-92.6232,0.0,1.8109,-1.288,333.9313,0.4143,0.2559,,,,,,,,,,,,8.4776,-78.2701,8.4776,-78.2701,266.294,52.1815,0.0,0.0,-40.0,7.3487,5.6977,10.9204,0.0,5.6294,0.0,-40.0,5.6977,-139.5851,8.6319,14.3299,-120.0,-42.4219,304.2777,,,,,,
2026-08-26 19:07:39,42.4906333,-82.8395437,15.7054,0.0,314.9549,345.6582,151.1062,0.0,1.1982,0.7583,333.9313,0.4143,0.2559,,,,,,,,,,,,8.7193,-86.5355,8.7193,-86.5355,258.0118,52.1184,0.0,0.0,-40.0,7.252,5.6283,10.8707,0.0,5.5553,0.0,-40.0,5.6283,-138.9815,8.4851,14.0824,-120.0,-41.3334,304.355,,1162.2409,,13255.2498,,
2026-08-26 19:07:40,42.4906333,-82.8395437,,0.0,314.9549,346.1738,19.8255,0.0,-0.9609,-1.3655,333.9313,0.4143,0.2559,,,7.2285,17.0898,10.0,0.0089,48.092,16.7725,66.4169,0.0,0.0,8.0408,-81.3142,8.0408,-81.3142,264.6436,51.385,0.0,0.0,-40.0,7.1168,5.5079,10.4966,0.0,5.4518,0.0,-40.0,5.5079,-137.9337,8.2301,13.6528,-120.0,-44.1201,305.1541,,,,,,
2026-08-26 19:07:41,42.4906333,-82.8395437,15.8694,0.0,314.9549,346.2311,8.615,0.0,0.3378,-0.1693,333.9311,0.4143,0.2559,,,,,,,,,,,,8.8109,-84.5265,8.8109,-84.5265,261.5377,51.385,0.0,0.0,-40.0,7.2934,5.4773,10.9565,0.0,5.5871,0.0,-40.0,5.4773,-137.667,8.1652,13.5435,-120.0,-42.0661,305.8562,,1162.2571,,13255.2498,,
2026-08-26 19:07:42,42.4906333,-82.8395437,,0.0,314.9549,346.0822,-17.6356,0.0,0.758,0.0956,333.9311,0.4143,0.2559,,,,,,,,,,,,8.8102,-89.0943,8.8102,-89.0943,257.1507,51.385,0.0,0.0,-40.0,7.3341,5.6176,11.2355,0.0,5.6182,0.0,-40.0,5.6176,-138.8884,8.4624,14.0442,-120.0,-45.4043,306.0961,,,,,,
2026-08-26 19:07:43,42.4906333,-82.8395437,15.8694,0.0,314.9549,,,0.0,,,333.9311,0.4143,0.2559,,,,,,,,,,,,8.3078,-93.0392,8.3078,-93.0392,252.9652,51.3621,-0.0,0.0,-40.0,11.1025,5.5901,11.1052,0.0,8.256,0.0,-40.0,5.5901,-138.6487,8.4041,13.946,-120.0,-48.6439,306.0677,,1162.2311,,13254.9217,,
2026-08-26 19:07:44,42.4906333,-82.8395437,,0.0,314.9549,345.6181,49.8783,0.0,1.8552,-0.6435,333.9311,0.4143,0.2559,,,7.2286,17.0898,10.0,0.004,48.092,16.7725,65.7663,0.0,0.0,8.1443,-89.5944,8.1443,-89.5944,256.1768,51.385,-0.0,0.0,-137.7538,11.0181,8.1863,10.8879,0.0,8.1221,0.0,-40.0,5.4872,-137.7538,8.1863,13.5791,-120.0,47.097,208.0435,,,,,,
2026-08-26 19:07:45,42.4906333,-82.8395437,15.8694,0.0,314.9549,346.6208,34.8725,0.0,3.0476,0.0627,333.9313,0.4143,0.2559,,,,,,,,,,,,7.9808,-100.7423,7.9808,-100.7423,245.9155,,-0.0,0.0,-137.2978,10.9004,8.0753,11.0072,0.0,7.9367,0.0,-40.0,5.4348,-137.2978,8.0753,13.3921,-120.0,45.229,208.8679,,1162.265,,13255.5779,,
2026-08-26 19:07:46,42.4906333,-82.8395437,,0.0,314.9549,347.6349,87.3497,0.0,1.5753,0.3104,333.9313,0.4143,0.2559,,,,,,,,,,,,7.2783,-104.6882,7.2783,-104.6882,242.9278,51.3621,,0.0,-136.0083,,7.7615,,,,,-40.0,5.2867,-136.0083,7.7615,12.8634,-120.0,36.9071,211.0001,,,,,,
2026-08-26 19:07:47,42.4906333,-82.8395437,16.0663,0.0,314.9549,348.1735,19.8461,0.0,1.005,-0.028,,,,,,,,,,,,,,,7.5416,-104.4984,7.5416,-104.4984,243.6957,51.3621,-0.0,,-134.6044,10.6334,7.4198,10.7419,0.0,7.5223,0.0,-40.0,5.1253,-134.6044,7.4198,12.2878,-120.0,32.38,213.1465,,1162.2902,,13255.5779,,
2026-08-26 19:07:48,42.4906333,-82.8395437,,0.0,314.9549,349.2735,49.8405,0.0,1.71,-0.4781,333.9313,0.4143,0.2559,,,7.2287,17.0898,10.0,0.0073,48.092,16.7725,65.5971,0.0,0.0,8.044,-103.8996,8.044,-103.8996,245.3731,50.4912,-0.0,0.0,-135.4682,10.6089,7.6301,10.8917,0.0,7.4846,0.0,-40.0,5.2246,-135.4682,7.6301,12.642,-120.0,31.8106,213.059,,,,,,
2026-08-26 19:07:49,42.4906333,-82.8395437,15.8694,,,350.8721,12.3449,0.0,0.39,-0.9418,333.9311,0.4143,0.2559,,,,,,,,,,,,7.9531,-105.1878,7.9531,-105.1878,245.2861,50.4683,-0.0,0.0,-136.3206,10.8011,7.8375,11.4788,0.0,7.7816,0.0,-40.0,5.3225,-136.3206,7.8375,12.9914,-120.0,32.7201,213.1845,,1162.3391,,13256.234,,
2026-08-26 19:07:50,42.4906333,-82.8395437,,0.0,314.9549,351.2216,,0.0,,,333.9313,0.4143,0.2559,,,,,,,,,,,,8.8098,-111.0733,8.8098,-111.0733,240.1468,50.5944,-0.0,0.0,-137.0508,10.8586,8.0152,11.7262,0.0,7.8712,0.0,-40.0,5.4065,-137.0508,8.0152,13.2908,-120.0,30.843,213.6217,,,,,,
2026-08-26 19:07:51,42.4906333,-82.8395437,15.771,0.0,314.9549,351.0669,-111.4071,0.0,0.4047,0.3338,333.9313,0.4143,0.2559,,,,,,,,,,,,9.3081,-111.4056,9.3081,-111.4056,239.4439,50.5944,-0.0,0.0,-138.9663,11.094,8.4813,12.825,0.0,8.2424,0.0,-40.0,5.6266,-138.9663,8.4813,14.0762,-120.0,29.8963,211.7256,,1162.3298,,13256.234,,
2026-08-26 19:07:52,42.4906333,-82.8395437,,0.0,314.9549,352.9863,229.8134,0.0,1.1478,0.5055,333.9313,0.4143,0.2559,,,7.2288,17.0898,10.0,0.0068,48.092,16.7725,66.2635,0.0,0.0,8.8748,-112.2186,8.8748,-112.2186,240.5029,50.5944,-0.0,0.0,-140.0,11.3831,8.7377,13.8558,0.0,8.7057,0.0,-40.0209,5.7468,-140.0,8.7377,14.5059,-120.0,29.1898,211.5047,,1162.378,,13256.5621,,
2026-08-26 19:07:53,42.4906333,-82.8395437,15.8694,0.0,314.9549,,-145.1967,0.0,0.4803,-0.0671,333.9313,0.4143,0.2559,,,,,,,,,,,,,,,,,50.5944,-0.0,0.0,-139.8067,11.3711,8.6859,13.9165,0.0,8.6862,0.0,-40.0,5.7231,-139.8067,8.6859,14.4207,-120.0,27.8478,212.4585,,1162.3637,,13256.5621,,
2026-08-26 19:07:54,42.4906333,-82.8395437,,0.0,314.9549,351.8347,19.8049,0.0,1.5562,0.0514,,,,,,,,,,,,,,,9.1466,-113.635,9.1466,-113.635,238.4349,50.5944,-0.0,,-140.0,11.4559,8.8425,14.1196,0.0,8.7757,0.0,-40.4769,5.7779,-140.0,8.8425,14.6335,-120.0,26.8153,212.0673,,,,,,
2026-08-26 19:07:55,42.4906333,-82.8395437,15.771,0.0,314.9549,352.316,-32.6827,0.0,1.395,0.261,333.9313,0.4143,0.2559,,,,,,,,,,,,9.3349,-115.5165,9.3349,-115.5165,236.6159,50.6173,-0.0,0.0,-140.0,11.6054,8.874,14.3645,0.0,8.8903,0.0,-40.6139,5.7872,-140.0,8.874,14.6719,-120.0,24.5237,212.1604,,1162.3635,,13256.5621,,
2026-08-26 19:07:56,42.4906333,-82.8395437,,0.0,314.9549,351.5081,27.3095,0.0,1.6986,0.172,333.9313,0.4143,0.2559,,,7.2289,17.0898,10.0,0.0086,48.092,16.7725,65.8995,0.0,0.0,9.0216,-118.8649,9.0216,-118.8649,233.1769,50.5944,-0.0,0.0,-140.0,11.5636,9.068,14.4827,0.0,8.8582,0.0,-41.4581,5.8449,-140.0,9.068,14.9083,-120.0,21.9116,211.8348,,1162.3543,,13256.5621,,
2026-08-26 19:07:57,,,13.2448,0.0,314.9549,352.3274,,0.0,,,333.9313,0.4143,0.2559,,,,,,,,,,,,10.4146,-119.3033,10.4146,-119.3033,232.5502,50.9897,-0.0,0.0,-140.0,12.2125,9.507,15.1931,0.0,9.3553,0.0,-43.3685,5.9753,-140.0,9.507,15.4432,-120.0,20.7419,212.464,,,,,,
2026-08-26 19:07:58,42.4906333,-82.8395437,14.7211,0.0,314.9549,354.7739,162.3029,0.0,1.2048,0.1898,333.9313,0.4143,0.2559,,,,,,,,,,,,10.0703,-123.2334,10.0703,-123.2334,230.149,51.259,-0.0,0.0,-140.0,12.4162,9.4828,15.3615,0.0,9.5114,0.0,-43.263,5.968,-140.0,9.4828,15.4136,-120.0,17.7187,213.8547,,1162.4257,,13257.2183,,
2026-08-26 19:07:59,42.4906333,-82.8395437,,0.0,314.9549,357.0142,124.7799,0.0,-0.1847,0.4387,333.9311,0.4143,0.2559,,,,,,,,,,,,9.98,-124.4484,9.98,-124.4484,231.5335,51.047,-0.0,0.0,,12.38,,15.0339,0.0,9.4836,0.0,,,,,,,,,,,,,,
2026-08-26 19:08:00,42.49063337221742,-82.83954371698202,15.6398,0.0,314.9549,358.905,46.028,0.0,0.2469,-0.3147,333.9313,0.4143,0.2559,,,7.2289,17.0898,10.0,0.0062,48.092,16.7725,65.3115,0.0,0.0,10.2575,-123.327,10.2575,-123.327,234.1356,50.9897,-0.0,0.0,-140.0,12.5001,9.4916,15.1233,0.0,9.5756,0.0,-43.3012,5.9707,-140.0,9.4916,15.4243,-120.0,16.4096,215.9343,,1162.4977,,13258.2025,,
2026-08-26 19:08:01,42.49063337221742,-82.83954371698202,,0.0,314.9549,358.0054,-92.7057,0.0,0.8657,-0.5944,333.9313,0.4143,0.2559,,,,,,,,,,,,10.256,-125.5799,10.256,-125.5799,233.0349,50.9668,-0.0,0.0,-140.0,12.6061,9.6085,15.1206,0.0,9.6568,0.0,-43.8099,6.0054,-140.0,9.6085,15.5668,-120.0,16.1977,217.7985,,,,,,
2026-08-26 19:08:02,42.49063337221742,-82.83954371698202,15.771,0.0,314.9549,357.6903,-36.4504,0.0,2.1472,-0.4452,333.9313,0.4143,0.2559,,,,,,,,,,,,10.715,-127.1765,10.715,-127.1765,230.7374,50.9897,-0.0,0.0,-140.0,12.8888,9.7672,15.2319,0.0,9.8734,0.0,-44.5007,6.0525,-140.0,9.7672,15.7602,-120.0,14.7552,217.9808,,1162.4737,,13257.8744,,
2026-08-26 19:08:03,42.4906333,-82.8395437,,0.0,314.9549,,57.2935,,1.3472,0.423,333.9313,0.4143,0.2559,,,,,,,,,,,,9.9962,-130.1185,9.9962,-130.1185,227.5781,50.9897,-0.0,0.0,-140.0,12.6839,9.8741,14.7993,0.0,9.7164,0.0,-44.9657,6.0843,-140.0,9.8741,15.8904,-120.0,13.1933,217.8532,,,,,,
2026-08-26 19:08:04,42.4906333,-82.8395437,15.771,0.0,314.9549,358.1659,,0.0,,,333.9313,0.4143,0.2559,,,7.229,17.0898,10.0,0.0108,48.092,16.7725,64.6448,0.0,0.0,9.7317,-131.0623,9.7317,-131.0623,227.5662,50.9897,-0.0,0.0,-140.0,12.4092,9.651,14.3102,0.0,9.506,0.0,-43.995,6.018,-140.0,9.651,15.6186,-120.0,10.8978,217.8892,,1162.4965,,13258.2025,,
2026-08-26 19:08:05,42.4906333,-82.8395437,,0.0,314.9549,0.2743,132.2742,0.0,0.1905,0.1971,333.9313,0.4143,0.2559,,,,,,,,,,,,9.7262,-132.7728,9.7262,-132.7728,332.82,50.9897,-0.0,0.0,-140.0,12.1923,9.3918,13.7764,0.0,9.3398,0.0,-42.867,5.941,-140.0,9.3918,15.3028,-120.0,9.4718,218.7099,,,,,,
2026-08-26 19:08:06,42.4906333,-82.8395437,15.771,0.0,314.9549,0.0566,-40.2354,0.0,0.5161,0.6221,333.9313,0.4143,0.2559,,,,,,,,,,,,9.8808,-132.4491,9.8808,-132.4491,39.5519,50.9897,-0.0,0.0,-140.0,12.2392,9.3584,13.7204,0.0,9.3758,0.0,-42.7217,5.9311,-140.0,9.3584,15.2621,-120.0,8.0282,219.7767,,1162.5049,,13258.2025,,
2026-08-26 19:08:07,42.4906333,-82.8395437,15.5741,0.0,314.9549,359.4264,-36.4848,0.0,1.386,0.3297,333.9313,0.4143,0.2559,,,,,,,,,,,,9.8331,-132.2547,9.8331,-132.2547,211.3399,50.9897,-0.0,0.0,-140.0,12.2701,9.407,13.7554,0.0,9.3994,0.0,-42.9334,5.9456,-140.0,9.407,15.3214,-120.0,7.7323,219.732,,1162.4963,,13258.2025,,
2026-08-26 19:08:08,42.4906333,-82.8395437,,0.0,314.9549,359.2545,-6.4973,0.0,0.9906,-0.1455,333.9313,0.4143,0.2559,,,7.2291,17.0898,10.0,0.0084,48.092,16.7725,65.5714,0.0,0.0,9.4591,-134.5358,9.4591,-134.5358,223.5374,50.9897,,0.0,-140.0,,9.3345,,,,,-42.6176,5.924,-140.0,9.3345,15.2329,-120.0,7.5382,219.3782,,1162.4964,,13258.2025,,
2026-08-26 19:08:09,42.4906333,-82.8395437,15.5741,0.0,314.9549,1.3171,128.4927,0.0,0.3146,0.4634,333.9313,0.4143,0.2559,,,,,,,,,,,,8.6303,-137.7418,8.6303,-137.7418,278.9363,,-0.0,0.0,-140.0,12.0201,9.0954,13.2743,0.0,9.2079,0.0,-41.5773,5.853,-140.0,9.0954,14.9416,-120.0,5.9805,219.5983,,1162.5271,,13258.5306,,
2026-08-26 19:08:10,42.4906333,-82.8395437,,0.0,314.9549,4.2842,143.4812,0.0,0.2308,0.1317,333.9313,0.4143,0.2559,,,,,,,,,,,,8.4103,-137.405,8.4103,-137.405,230.6998,50.9668,-0.0,0.0,-139.7191,11.4633,8.6646,12.2843,0.0,8.7814,0.0,-40.0,5.7131,-139.7191,8.6646,14.3848,-120.0,3.6052,221.395,,,,,,
2026-08-26 19:08:11,42.4906333,-82.8395437,15.7054,,,12.4832,537.1926,0.0,-0.8656,-0.0935,333.9313,0.4143,0.2559,,,,,,,,,,,,8.1106,-141.1683,8.1106,-141.1683,229.3024,50.9439,-0.0,0.0,-138.6319,11.2345,8.4,11.6308,0.0,8.4667,0.0,-40.0,5.5881,-138.6319,8.4,13.9391,-120.0,1.2734,225.7068,,1162.6559,,13259.8429,,
2026-08-26 19:08:12,42.4906333,-82.8395437,,0.0,314.9549,,537.1582,0.0,-2.1652,-0.2837,333.9313,0.4143,0.2559,,,7.2292,17.0898,10.0,0.0082,48.092,16.7725,66.0855,0.0,0.0,,,,,,48.8812,-0.0,0.0,-137.7817,11.1045,8.1931,10.9404,0.0,8.2592,0.0,-40.0,5.4904,-137.7817,8.1931,13.5905,-120.0,-1.6105,231.34,,1162.7688,,13261.1553,,
2026-08-26 19:08:13,42.4906333,-82.8395437,15.771,0.0,314.9549,21.4729,,0.0,,,333.9313,0.4143,0.2559,,,,,,,,,,,,8.7001,-141.2559,8.7001,-141.2559,237.5743,44.0684,-0.0,0.0,-139.2655,11.1212,8.5542,10.7821,0.0,8.2858,0.0,-40.0,5.6609,-139.2655,8.5542,14.1989,-120.0,-1.3758,237.8019,,,,,,
2026-08-26 19:08:14,42.4906333,-82.8395437,,0.0,314.9549,28.5604,282.1324,0.0,-1.687,0.7714,333.9313,0.4143,0.2559,,,,,,,,,,,,10.6404,-140.7647,10.6404,-140.7647,245.7811,-2.2037,-0.0,0.0,-140.0,11.9893,9.3007,11.5227,0.0,9.1843,0.0,-42.4708,5.914,-140.0,9.3007,15.1918,-120.0,5.9891,244.5691,,1162.8496,,13262.1395,,
2026-08-26 19:08:15,42.4906333,-82.8395437,15.8038,0.0,314.9549,33.7514,259.6496,0.0,-3.4328,0.6687,333.9313,0.4143,0.2559,,,,,,,,,,,,9.5775,-119.6969,9.5775,-119.6969,272.4819,-56.6003,-0.0,0.0,-140.0,11.8945,9.074,14.7391,0.0,9.1118,0.0,-41.4843,5.8466,-140.0,9.074,14.9156,-120.0,14.6791,250.6019,,,,,,
2026-08-26 19:08:16,42.4968586,-82.8438883,,0.0,314.9549,42.3,473.3365,0.0,-4.4451,1.6694,333.9313,0.4143,0.2559,,,7.2292,17.0898,10.0,0.0065,48.092,16.7725,66.6618,0.0,0.0,10.6994,-176.514,10.6994,-176.514,223.0716,-67.6928,-0.0,0.0,-140.0,11.6792,8.9691,10.4727,0.0,8.9468,0.0,-41.0278,5.8155,-140.0,8.9691,14.7878,-120.0,-18.3292,258.1822,,1162.8638,,13262.1395,,
2026-08-26 19:08:17,42.4968949,-82.8438726,15.8694,5.5594,34.9619,53.7419,713.2328,0.0,-5.4367,2.0466,110.2257,0.0104,-0.0103,,,,,,,,,,,,10.9418,153.1647,17.708,163.8033,202.2532,-66.3234,-4.3493,2.269,145.5088,14.1742,12.3489,6.5186,0.6675,10.8581,0.4006,50.0,6.8174,145.5088,12.3489,18.6221,120.0,25.9564,193.8107,,1245.0514,,14199.4755,,
2026-08-26 19:08:18,42.4969279,-82.8438312,,5.1512,0.0,66.6335,705.6525,0.0,-4.5083,1.9115,124.7254,0.0098,-0.009,,,,,,,,,,,,10.9804,134.6532,15.4075,149.5376,191.5285,-64.6504,-4.8834,-2.9565,147.9264,15.2403,12.9273,11.5208,0.4419,12.895,0.3787,50.0,6.9883,147.9264,12.9273,19.2023,120.0,8.7899,208.2395,,1246.3869,,14214.8955,,
2026-08-26 19:08:19,42.4969428,-82.8438047,15.935,5.1512,0.0,79.674,705.4944,0.0,-5.75,1.7683,133.2131,0.0095,-0.0081,,,,,,,,,,,,11.294,117.7626,14.6587,137.0176,187.0412,-64.6504,-4.5774,-3.7933,147.5475,15.2434,12.8367,14.9209,0.3568,12.9015,0.3548,50.0,6.9615,147.5475,12.8367,19.1114,120.0,-4.1007,220.513,,1247.0194,,14222.1133,,
2026-08-26 19:08:20,42.4969496,-82.8437605,,5.6955,25.9149,93.2531,,0.0,,,144.8094,0.0086,-0.0063,,,7.2293,17.0898,10.0,0.0035,48.092,16.7725,70.2195,0.0,0.0,11.1421,99.2678,13.2815,124.1094,183.4594,-64.6504,-4.0242,-3.8885,,15.0331,,16.8029,0.3305,12.4575,0.323,,,,,,,,,,1247.603,,14228.675,,
2026-08-26 19:08:21,42.4969479,-82.8437301,15.7054,5.9676,77.1087,102.6611,795.4224,0.0,-6.4637,2.4521,152.4999,0.0079,-0.005,,,,,,,,,,,,12.1648,83.9311,13.0033,111.5225,200.8565,-62.4273,-3.3532,1.6365,144.6615,14.7966,12.1462,17.8095,0.332,11.9406,0.2808,50.0,6.7575,144.6615,12.1462,18.4188,120.0,-14.2676,227.4835,,1247.8655,,14231.6278,,
2026-08-26 19:08:22,42.496945,-82.8436932,,5.987,77.6587,,195.2984,0.0,-7.181,2.7714,163.5203,0.0072,-0.0034,,,,,,,,,,,,12.9486,68.63,12.1498,97.0346,196.2816,-67.4006,-2.2302,0.4259,143.2499,14.595,11.8085,17.6702,0.3445,11.4849,0.1942,50.0,6.6577,143.2499,11.8085,18.08,120.0,-24.6581,238.2986,,,,,,
2026-08-26 19:08:23,42.4969435,-82.8436495,15.4429,7.0173,77.6644,106.0472,274.0022,0.0,-2.0236,2.353,179.0255,0.0068,-0.0015,,,,,,,,,,,,16.5892,56.479,13.9907,81.311,187.0775,-57.5686,-0.7177,-1.3938,140.417,14.4796,11.1308,16.1183,0.4155,11.2179,0.064,50.0,6.4574,140.417,11.1308,17.4001,120.0,-36.0761,242.2411,,1248.8798,,14243.1107,,
2026-08-26 19:08:24,42.4969441,-82.8436036,,7.3672,92.4811,108.1271,-123.5561,0.0,-5.4299,1.6667,195.6116,0.0071,0.0004,,,7.2294,17.0898,10.0,0.0064,48.092,16.7725,69.8665,0.0,0.0,16.3022,60.9804,14.2659,87.8208,193.7525,-65.3666,0.3476,-2.248,50.0,10.6277,6.6735,16.4923,0.4325,6.8313,0.0509,50.0,6.6735,143.4741,11.8622,18.1338,120.0,39.7244,156.0312,,1249.6397,,14251.969,,
2026-08-26 19:08:25,42.4969407,-82.8435504,15.3117,7.9309,93.9479,107.2676,112.6446,0.0,-3.9943,1.89,,,,,,,,,,,,,,,14.3488,58.6159,12.2573,92.0422,198.4904,-65.4582,0.0988,,50.0,10.5351,6.8433,16.4861,0.4585,6.7718,0.0146,50.0,6.8433,145.8748,12.4365,18.71,120.0,38.1241,156.7521,,,,,,
2026-08-26 19:08:26,42.4969384,-82.843499,,8.3002,95.6668,110.098,30.0803,0.0,-4.844,3.747,218.1952,0.0083,0.0037,,,,,,,,,,,,15.8772,60.3407,13.8025,91.6079,200.1916,-62.1294,-0.1288,-4.5531,142.9088,14.7512,11.7269,16.2697,0.4955,11.8391,0.0109,50.0,6.6335,142.9088,11.7269,17.9981,120.0,-52.4785,250.7821,,1250.9957,,14267.3889,,
2026-08-26 19:08:27,42.4969345,-82.8434473,15.3117,8.0475,95.0136,110.9174,187.4878,0.0,-3.6355,0.9595,229.0798,0.0098,0.0059,,,,,,,,,,,,16.2821,54.6064,13.3295,84.7221,195.5334,-64.5702,0.0282,-5.7551,144.9359,10.5482,12.2119,16.575,0.4897,6.7803,0.0042,50.0,6.7769,144.9359,12.2119,18.4846,120.0,-53.9667,254.4563,,1251.6834,,14275.2629,,
2026-08-26 19:08:28,42.4969274,-82.8433972,,8.2808,100.0327,113.9483,,0.0,,,241.2738,0.0123,0.0093,,,7.2295,17.0898,10.0,0.0061,48.092,16.7725,70.9925,0.0,0.0,17.3705,57.7148,14.7203,86.0335,199.2342,-64.3811,0.466,-6.6037,50.0,10.6634,6.7576,16.5306,0.498,6.8543,0.068,50.0,6.7576,144.6626,12.1465,18.419,120.0,37.1904,161.5962,,1252.249,,14281.8246,,
2026-08-26 19:08:29,42.4969185,-82.8433458,15.3117,7.9892,100.7833,116.6183,37.4096,0.0,-4.376,2.415,247.5076,0.0141,0.0116,,,,,,,,,,,,,,,,,-66.6443,0.8388,-6.8412,50.0,10.8068,6.9359,16.6075,0.4965,6.9465,0.1208,50.0,6.9359,147.1848,12.7499,19.0243,120.0,35.6804,163.5613,,,,,,
2026-08-26 19:08:30,42.496908,-82.8432938,,8.378,104.0835,119.2883,142.3502,0.0,-4.2,1.6676,252.5658,0.0161,0.014,,,,,,,,,,,,17.7886,53.3665,14.4562,80.913,197.537,,0.8846,-7.6212,50.0,10.9599,6.9973,16.9587,0.497,7.0449,0.1256,50.0,6.9973,148.0531,12.9576,19.2327,120.0,33.3344,166.5358,,1253.3058,,14293.6356,,
2026-08-26 19:08:31,42.4968973,-82.8432421,15.6398,8.378,105.4586,117.0709,-75.2145,0.0,-5.9352,0.57,256.7869,0.0181,0.0164,,,,,,,,,,,,18.322,54.8254,15.1155,82.2213,201.1913,-68.9991,1.0263,-7.3097,50.0,11.0686,7.1053,17.1286,0.495,7.1148,0.1443,50.0,7.1053,149.5807,13.3231,19.5994,120.0,33.2035,168.0962,,1253.8605,,14300.1973,,
2026-08-26 19:08:32,,,,9.311,103.9918,115.6042,37.2858,0.0,-4.9667,-0.4463,260.5685,0.0207,0.0193,,,7.2295,17.0898,10.0,0.0034,48.092,16.7725,70.3983,0.0,0.0,17.564,53.3594,14.199,83.0036,199.8814,-71.3884,,-8.4624,50.0,,6.9918,,,,,50.0,6.9918,147.9754,12.939,19.2141,120.0,32.7046,166.7369,,,,,,
2026-08-26 19:08:33,42.4968854,-82.8431833,15.5085,9.3304,107.0457,,67.2664,0.0,-5.4144,1.2613,,,,,,,,,,,,,,,17.1241,48.6968,13.02,81.1258,197.0281,-72.1733,1.2158,,50.0,10.7339,6.785,16.2333,0.5549,6.8996,0.1762,50.0,6.785,145.0502,12.2392,18.512,120.0,31.6927,165.558,,1255.3255,,14316.6015,,
2026-08-26 19:08:34,42.4968767,-82.8431182,,9.6026,102.061,113.5129,,0.0,,,263.6247,0.0242,0.023,,,,,,,,,,,,17.7751,47.3201,13.2967,79.3442,193.8525,-72.1504,1.4558,-9.2981,50.0,10.4501,6.6694,15.4172,0.6077,6.7172,0.2167,50.0,6.6694,143.4159,11.8482,18.1198,120.0,29.4401,164.3393,,1256.0323,,14324.8036,,
2026-08-26 19:08:35,42.4968653,-82.8430553,15.7054,10.1663,105.2409,114.3838,93.4964,0.0,-6.2455,1.3486,265.7556,0.0269,0.0258,,,,,,,,,,,,17.2558,45.225,12.4431,79.8798,194.6071,-72.3624,1.8077,-9.9505,50.0,10.3043,6.5956,14.8692,0.6554,6.6235,0.2729,50.0,6.5956,142.3728,11.5987,17.8695,120.0,29.3482,164.7858,,1256.7313,,14332.6776,,
2026-08-26 19:08:36,42.4968542,-82.8429909,,10.3218,104.6622,117.2371,160.9725,0.0,-6.0251,1.3155,267.4325,0.0298,0.0288,,,7.2296,17.0898,10.0,0.0041,48.092,16.7725,70.4901,0.0,0.0,18.7705,43.939,13.4428,75.6717,193.2319,-72.328,1.9633,-9.6975,50.0,10.3012,6.718,14.79,0.6759,6.6215,0.2965,50.0,6.718,144.1026,12.0125,18.2846,120.0,26.7413,167.1258,,,,,,
2026-08-26 19:08:37,42.4968412,-82.8429262,15.7054,10.4773,108.713,121.265,190.9256,0.0,-7.3397,2.0747,269.0923,0.0326,0.0318,,,,,,,,,,,,18.4097,44.2421,13.1441,77.7389,198.86,-72.3108,2.5109,-9.9956,50.0,10.4957,6.6959,14.9505,0.6907,6.7465,0.3722,50.0,6.6959,143.7911,11.938,18.2099,120.0,26.76,169.5184,,1257.914,,14346.1291,,
2026-08-26 19:08:38,42.4968247,-82.8428635,,10.4384,112.0075,123.5053,44.6254,0.0,-5.7861,0.4171,270.7882,0.0354,0.0347,,,,,,,,,,,,19.0905,39.1341,12.8188,70.0391,195.0504,-71.9957,2.5427,-9.9898,50.0,10.3721,6.6258,14.6486,0.7126,6.6671,0.3814,50.0,6.6258,142.7999,11.7009,17.972,120.0,23.7914,171.9632,,1258.4605,,14352.3627,,
2026-08-26 19:08:39,42.4968081,-82.8428002,15.935,10.419,109.624,121.1733,-112.9025,0.0,-6.4115,0.8674,272.2081,0.0382,0.0376,,,,,,,,,,,,19.163,40.2891,13.0871,71.2377,194.7288,-71.8009,2.9334,-9.8429,50.0,10.2965,6.634,14.2053,0.7309,6.6185,0.4432,50.0,6.634,142.9156,11.7286,17.9997,120.0,22.0553,171.2807,,1259.1142,,14359.9086,,
2026-08-26 19:08:40,42.4967923,-82.8427377,15.935,10.6911,107.2577,120.692,160.8762,0.0,-6.0257,1.9914,273.3914,0.041,0.0405,,,7.2297,17.0898,10.0,0.0042,48.092,16.7725,71.0829,0.0,0.0,19.0142,38.6817,12.5891,70.7288,192.9865,-71.4686,3.3827,-10.1325,50.0,10.2743,6.5995,13.8793,0.7549,6.6042,0.5122,50.0,6.5995,142.4271,11.6117,17.8825,120.0,20.9805,170.7543,,,,,,
2026-08-26 19:08:41,42.4967762,-82.842672,,10.7689,112.3628,124.3418,265.8135,0.0,-8.4917,0.7191,274.4086,0.044,0.0436,,,,,,,,,,,,19.9368,39.4185,13.491,69.779,193.6969,-71.6233,3.3365,-10.296,50.0,10.3089,6.6957,14.0236,0.7583,6.6264,0.5035,50.0,6.6957,143.7876,11.9372,18.209,120.0,20.8987,172.0671,,1260.3303,,14373.6881,,
2026-08-26 19:08:42,42.49675776118632,-82.84260106221232,13.3104,10.9244,116.2245,129.1489,262.0251,0.0,-5.4972,3.2639,275.3836,0.0469,0.0466,,,,,,,,,,,,18.5147,36.6565,11.7315,70.4262,199.1252,-70.0247,3.6701,-10.2995,50.0,10.3915,6.5099,14.0347,0.7676,6.6796,0.5494,50.0,6.5099,141.1602,11.3086,17.5784,120.0,19.7266,175.86,,,,,,
2026-08-26 19:08:43,42.49673488125522,-82.84253592160152,,10.4773,118.5049,130.1573,-30.5272,0.0,-4.8546,1.3491,276.6445,0.0499,0.0497,,,,,,,,,,,,20.4451,32.84,12.869,59.4912,192.7411,-71.1363,4.0986,-10.2927,,10.0318,,12.8862,0.8352,6.4483,0.6356,,,,,,,,,,1261.0189,,14381.5621,,
2026-08-26 19:08:44,42.49670978062469,-82.84247661589141,15.2789,10.7883,116.8261,,,0.0,,,277.9414,0.0527,0.0526,,,7.2298,17.0898,10.0,0.0015,48.092,16.7725,72.1416,0.0,0.0,20.918,34.3269,13.588,60.2409,193.226,-70.6664,4.8905,-9.8097,50.0,10.1791,6.5195,12.5552,0.8393,6.543,0.7474,50.0,6.5195,141.2954,11.3409,17.6109,120.0,13.5432,178.8625,,1261.4287,,14386.4834,,
2026-08-26 19:08:45,42.496687246832714,-82.84241776604527,,10.8078,113.2279,126.393,-390.5246,0.0,-6.3236,1.8705,278.951,0.0555,0.0554,,,,,,,,,,,,21.159,33.7831,13.7665,58.7205,187.0062,-71.4457,5.0353,-10.2675,50.0,10.3977,6.6622,12.8534,0.8125,6.6835,0.7534,50.0,6.6622,143.3135,11.8237,18.0952,120.0,10.8722,178.9706,,1262.0159,,14393.0451,,
2026-08-26 19:08:46,42.496667666276046,-82.84235557923762,15.935,10.3024,106.828,121.7348,-191.7747,0.0,-6.2404,0.6278,279.9735,0.0598,0.0598,,,,,,,,,,,,19.264,33.8983,11.9559,63.9781,186.8895,-71.566,5.2367,-10.7131,50.0,10.4629,6.7515,12.8834,0.8234,6.7254,0.7786,50.0,6.7515,144.5763,12.1259,18.3983,120.0,10.2233,175.5274,,1262.6704,,14400.591,,
2026-08-26 19:08:47,42.49665073610166,-82.8422925139171,16.0007,11.0021,101.5167,116.5725,-83.0147,0.0,-5.7974,0.2797,280.2843,0.0628,0.0628,,,,,,,,,,,,19.3761,35.4144,12.212,66.844,185.536,-71.2508,5.0395,-10.1152,50.0,10.117,6.563,12.4353,0.8755,6.5031,0.7749,50.0,6.563,141.9111,11.4883,17.7587,120.0,11.8833,171.0854,,,,,,
2026-08-26 19:08:48,42.49663882292822,-82.84222660666242,,11.4103,103.2871,114.1317,22.0119,0.0,-7.7247,-0.8762,280.4906,0.0659,0.0659,,,7.2298,17.0898,10.0,0.0037,48.092,16.7725,70.7287,0.0,0.0,19.6101,34.5931,12.1046,66.8935,184.055,-71.9384,4.6083,-11.3091,50.0,10.1524,6.5124,12.8782,0.8584,6.5258,0.7062,50.0,6.5124,141.1952,11.317,17.5869,120.0,14.8947,167.1689,,1264.2106,,14417.9795,,
2026-08-26 19:08:49,42.4966235,-82.8421497,15.935,12.4795,100.9552,111.2955,-334.204,0.0,-6.8953,0.4851,280.6104,0.0695,0.0695,,,,,,,,,,,,19.0261,35.4416,11.5887,72.1798,185.2986,,4.3633,-11.9873,50.0,9.9444,6.4558,12.7946,0.9021,6.4158,0.6801,50.0,6.4558,140.3947,11.1255,17.3947,120.0,16.5772,164.7894,,,,,,
2026-08-26 19:08:50,42.4966132,-82.8420754,,12.7905,95.9704,105.7206,-199.1693,0.0,-7.085,-0.1931,280.5174,0.0729,0.0729,,,,,,,,,,,,,,,,,-72.3395,3.9735,-12.1622,49.2467,9.7515,6.3765,12.987,0.9288,6.3728,0.6235,49.2467,6.3765,140.0,10.8579,17.0891,120.0,20.7925,161.084,,1266.2439,,14441.2734,,
2026-08-26 19:08:51,42.4966072,-82.8419967,16.1975,13.3153,92.7332,101.7558,-52.8829,0.0,,,,,,,,,,,,,,,,,19.1979,37.0066,11.902,76.1378,183.459,-72.4197,3.2949,,49.0078,9.5611,6.3602,13.2359,0.9478,6.329,0.5206,49.0078,6.3602,140.0,10.803,17.0222,120.0,24.4059,156.1084,,,,,,
2026-08-26 19:08:52,42.4966049,-82.8419194,,13.4902,90.0919,99.5556,,0.0,-4.9714,-0.4918,280.0148,0.0781,0.078,,,7.2299,17.0898,10.0,0.0055,48.092,16.7725,68.3237,0.0,0.0,18.9434,36.2947,11.4333,78.7419,181.9709,-72.4884,2.7786,-13.2079,48.3519,9.5476,6.3154,13.5166,0.9631,6.3258,0.4392,48.3519,6.3154,140.0,10.6523,16.8385,120.0,28.3777,151.7386,,1268.7184,,14469.4887,,
2026-08-26 19:08:53,42.4966055,-82.8418286,16.1319,13.3153,85.6572,95.2871,-274.1053,0.0,-5.347,0.0737,279.5573,0.0817,0.0816,,,,,,,,,,,,18.8931,38.8909,11.9402,83.4306,183.2544,-72.6374,2.0195,-13.3066,49.0418,9.8603,6.3625,14.2017,0.9367,6.3972,0.3157,49.0418,6.3625,140.0,10.8108,17.0317,120.0,31.4172,150.1535,,1270.1422,,14485.8929,,
2026-08-26 19:08:54,42.4966095,-82.8417459,,13.7429,84.517,94.5308,-82.86,,-3.3245,-0.2609,278.9984,0.0852,0.0851,,,,,,,,,,,,18.8444,37.9422,11.6641,83.3974,180.0769,-72.8723,1.6054,-12.956,49.354,9.7693,6.3838,14.3164,0.9483,6.3768,0.2518,49.354,6.3838,140.0,10.8826,17.1191,120.0,33.0162,146.8074,,,,,,
2026-08-26 19:08:55,42.4966177,-82.841662,16.1319,13.8013,83.8982,,10.8702,0.0,-2.4665,0.1539,278.3173,0.0888,0.0886,,,,,,,,,,,,18.5342,40.6632,12.0799,88.7661,182.9012,-72.8723,0.8793,-13.3462,49.6028,9.8982,6.4008,14.7868,0.9263,6.4056,0.1373,49.6028,6.4008,140.0,10.9397,17.1888,120.0,36.1025,145.2507,,1273.1466,,14520.0136,,
2026-08-26 19:08:56,42.4966256,-82.8415681,16.0007,12.9849,83.6175,96.095,-135.4025,0.0,-2.8367,-0.4063,277.7167,0.0925,0.0923,,,7.23,17.0898,10.0,0.004,48.092,16.7725,68.0779,0.0,0.0,18.4973,40.6555,12.0574,88.1526,183.0534,-73.3364,0.6803,-13.4018,50.0,10.1075,6.4293,15.2384,0.8837,6.497,0.1047,50.0,6.4293,140.0196,11.0357,17.3047,120.0,37.1522,145.7803,,1274.6463,,14537.074,,
2026-08-26 19:08:57,42.4966348,-82.8414874,15.8694,12.8293,80.3172,94.6798,-75.4207,0.0,-2.5101,-1.1681,276.7918,0.0977,0.0973,,,,,,,,,,,,19.283,43.3689,13.2691,86.3018,180.9464,-75.2787,0.8091,-12.545,50.0,10.3055,6.6008,15.6431,0.8391,6.6242,0.1221,50.0,6.6008,142.4453,11.616,17.8869,120.0,36.5954,145.1751,,1276.1493,,14554.1343,,
2026-08-26 19:08:58,42.4966472,-82.8414097,,12.2268,74.8799,91.9238,-330.4122,0.0,,,276.0938,0.101,0.1005,,,,,,,,,,,,18.5792,45.884,13.3416,88.7953,181.8314,-76.3444,0.2662,-12.045,50.0,10.3506,6.6643,16.0015,0.7998,6.6533,0.04,50.0,6.6643,143.3443,11.8311,18.1026,120.0,38.015,143.0899,,,,,,
2026-08-26 19:08:59,42.4966627,-82.8413339,15.935,12.6544,73.3615,88.5491,18.3541,0.0,-2.0531,-0.9413,275.4294,0.1043,0.1036,,,,,,,,,,,,15.7463,45.1249,11.2452,97.1139,183.9688,-77.2383,-0.8658,-11.4946,140.3458,14.2824,11.1138,15.5553,0.8099,10.9409,0.0791,50.0,6.4523,140.3458,11.1138,17.383,120.0,-47.5834,231.1355,,1279.3357,,14590.5516,,
2026-08-26 19:09:00,42.4966777,-82.8412571,,12.0324,73.5621,90.0904,-37.9115,0.0,-0.0108,-0.3592,274.7121,0.1077,0.1068,,,7.2301,17.0898,10.0,0.0052,48.092,16.7725,68.0784,0.0,0.0,15.9717,49.8489,12.3996,100.0868,185.8661,-76.5851,-1.6942,-11.4764,140.1714,14.5419,11.072,16.4447,0.7549,11.3625,0.1491,50.0,6.44,140.1714,11.072,17.3411,120.0,-42.7633,230.1901,,1280.9441,,14608.9244,,
2026-08-26 19:09:01,42.496694,-82.8411805,15.6398,12.4017,75.4356,90.9326,59.6071,0.0,-5.5877,-0.9511,273.9691,0.1114,0.1103,,,,,,,,,,,,17.4504,51.8377,13.7965,96.0129,183.5811,-76.6882,-1.4145,-11.4575,143.5057,14.7526,11.8697,16.8419,0.7305,11.8423,0.1194,50.0,6.6758,143.5057,11.8697,18.1414,120.0,-46.5623,233.7657,,,,,,
2026-08-26 19:09:02,42.496715,-82.8410909,,11.9935,72.6969,90.1477,,0.0,-5.7075,-1.5551,273.3314,0.1147,0.1134,,,,,,,,,,,,15.8233,50.7648,12.4898,101.1034,187.6645,-76.8085,-1.8682,-11.4981,142.5738,14.6394,11.6468,16.7761,0.7341,11.5863,0.1612,50.0,6.6099,142.5738,11.6468,17.9177,120.0,-44.8685,233.282,,1284.2049,,14645.9978,,
2026-08-26 19:09:03,42.4967368,-82.841003,16.0007,12.4211,72.7656,89.5461,-82.8531,0.0,-5.2707,-0.6328,272.6438,0.1182,0.1166,,,,,,,,,,,,15.2159,49.772,11.8955,102.4217,187.8048,-76.9976,-2.3877,-11.947,141.1117,14.4681,11.297,16.5725,0.7474,11.191,0.2134,50.0,6.5065,141.1117,11.297,17.5668,120.0,-40.5328,231.3075,,1285.9532,,14666.011,,
2026-08-26 19:09:04,42.4967561,-82.8409304,16.0663,11.7991,70.5598,87.4548,-109.0935,0.0,-1.5849,0.8581,271.9608,0.1217,0.1198,,,7.2302,17.0898,10.0,0.0037,48.092,16.7725,68.5644,0.0,0.0,14.402,50.5663,11.4916,104.5406,188.2028,-76.9976,,-11.1835,140.0,,10.8653,,,,,49.2788,6.3787,140.0,10.8653,17.0981,120.0,-36.6268,229.1325,,1287.5868,,14684.7118,,
2026-08-26 19:09:05,42.4967754,-82.8408598,,11.5464,66.9788,,-7.8415,0.0,0.6095,-0.2886,271.3721,0.1247,0.1225,,,,,,,,,,,,14.8655,49.2667,11.4729,100.9384,184.1285,-76.5622,-2.7923,-10.9383,140.0,14.0549,10.7026,16.2019,0.7447,10.7667,0.2593,48.5708,6.3303,140.0,10.7026,16.8998,120.0,-37.6117,228.0306,,1289.1619,,14702.7564,,
2026-08-26 19:09:06,42.4967954,-82.8407928,15.5741,11.041,69.5628,87.5464,-49.0945,0.0,-3.14,-0.1464,270.815,0.1276,0.1252,,,,,,,,,,,,15.7572,54.5916,13.0273,99.6551,183.0425,-76.6882,-2.4395,-10.3747,141.5694,14.1544,11.4065,16.184,0.7291,10.8429,0.225,50.0,6.5388,141.5694,11.4065,17.6766,120.0,-40.9406,229.3105,,,,,,
2026-08-26 19:09:07,42.4968137,-82.8407257,,10.6717,70.8921,88.0277,14.6861,0.0,-2.8619,-0.8634,,,,,,,,,,,,,,,14.3361,53.4566,11.8266,103.1249,186.0843,-75.6741,-2.0921,,140.4167,14.5567,11.1307,16.7457,0.6821,11.3968,0.1836,50.0,6.4573,140.4167,11.1307,17.4,120.0,-38.9486,228.3361,,1292.157,,14736.8771,,
2026-08-26 19:09:08,42.496831,-82.8406602,15.7054,10.8272,67.3111,87.8616,-60.2912,0.0,-2.6161,-0.0673,270.3224,0.1306,0.1279,,,7.2302,17.0898,10.0,0.0061,48.092,16.7725,68.3685,0.0,0.0,13.93,54.581,11.7091,104.1845,186.7675,-75.1412,-2.3393,-10.3616,140.0,14.4136,10.9315,16.518,0.679,11.0632,0.2115,49.567,6.3983,140.0,10.9315,17.1788,120.0,-36.5567,227.773,,1293.6133,,14753.2813,,
2026-08-26 19:09:09,42.4968518,-82.840598,,,,86.6182,-22.7544,0.0,-1.9034,0.0166,269.8489,0.1334,0.1304,,,,,,,,,,,,13.7305,56.1557,11.7674,104.278,185.2964,-75.7085,-2.5847,-10.4449,140.0,14.3031,10.9116,16.5146,0.6638,10.9568,0.2359,49.4804,6.3924,140.0,10.9116,17.1545,120.0,-35.89,227.161,,1295.0969,,14770.3417,,
2026-08-26 19:09:10,42.4968712,-82.8405393,15.935,10.419,66.3027,86.899,,0.0,,,269.3316,0.1362,0.1328,,,,,,,,,,,,13.0933,58.1814,11.6867,107.8252,188.246,-75.8173,-2.583,-10.2311,140.0,14.194,10.8071,16.431,0.6449,10.8733,0.2376,49.0255,6.3614,140.0,10.8071,17.0272,120.0,-34.3569,226.9367,,,,,,
2026-08-26 19:09:11,42.4968896,-82.8404804,,10.1857,67.1163,87.8444,-30.2522,0.0,0.1097,1.0071,268.8683,0.1388,0.1351,,,,,,,,,,,,13.8558,59.9625,12.374,104.219,186.3926,-76.035,-2.8943,-9.9428,,14.1309,,16.541,0.6316,10.8249,0.2674,,,,,,,,,,1297.807,,14801.1816,,
2026-08-26 19:09:12,42.496908,-82.8404177,15.5741,9.5443,67.9585,89.1965,44.7216,0.0,-0.6269,-0.307,268.4509,0.1414,0.1374,,,7.2303,17.0898,10.0,0.0086,48.092,16.7725,68.5852,0.0,0.0,14.2853,60.0507,12.6682,102.2926,186.4013,,-2.6268,-9.282,140.1755,14.4273,11.073,16.8317,0.5966,11.0952,0.2368,50.0,6.4403,140.1755,11.073,17.3421,120.0,-34.7573,227.6489,,1299.0719,,14815.6173,,
2026-08-26 19:09:13,42.4969241,-82.8403632,,9.7581,68.2966,90.2393,25.9825,0.0,-2.5433,-0.1962,268.0864,0.1439,0.1397,,,,,,,,,,,,13.5184,61.6163,12.282,104.4522,188.9166,-75.8861,-2.262,-9.2699,140.8631,14.5169,11.2375,16.8809,0.5854,11.3047,0.2001,50.0,6.4889,140.8631,11.2375,17.5071,120.0,-37.3588,229.4192,,,,,,
2026-08-26 19:09:14,42.4969388,-82.8403091,15.6398,9.3887,69.3565,89.8096,18.5157,0.0,-4.1608,-0.7968,267.7419,0.1464,0.1418,,,,,,,,,,,,11.7331,61.973,11.1157,111.2905,194.12,-76.4075,-2.3026,-9.0438,141.141,14.4985,11.304,16.8945,0.5672,11.2617,0.2045,50.0,6.5085,141.141,11.304,17.5738,120.0,-37.3252,230.7577,,1301.4933,,14843.1763,,
2026-08-26 19:09:15,42.4969532,-82.8402513,,9.6609,68.881,,26.0719,0.0,-1.8467,1.0063,267.4366,0.1488,0.144,,,,,,,,,,,,12.0052,61.6104,11.2658,110.3683,193.6862,-77.0377,-2.8268,-9.1605,140.0,14.0074,10.8083,16.4983,0.5818,10.7303,0.2634,49.031,6.3617,140.0,10.8083,17.0287,120.0,-33.8742,229.7994,,1302.7528,,14857.612,,
2026-08-26 19:09:16,42.4969672,-82.840193,15.771,9.622,72.2041,89.9987,56.0593,0.0,-0.7644,1.1039,267.16,0.1514,0.1463,,,7.2304,17.0898,10.0,0.0054,48.092,16.7725,68.1226,0.0,0.0,,,,,,-75.9319,-3.1598,-9.1007,140.0,13.8153,10.5819,16.4797,0.5832,10.5831,0.2986,48.0457,6.2945,140.0,10.5819,16.7528,120.0,-30.8497,229.8965,,,,,,
2026-08-26 19:09:17,42.4969821,-82.840138,,9.0777,70.8921,90.2107,-63.9283,0.0,-1.1435,0.5902,266.895,0.154,0.1486,,,,,,,,,,,,13.0071,59.4808,11.539,103.8163,189.2802,-73.8979,-2.5928,-9.1433,140.0,13.8622,10.6199,16.2364,0.5758,10.619,0.2442,48.2108,6.3058,140.0,10.6199,16.799,120.0,-33.5882,230.2246,,1305.2174,,14885.8272,,
2026-08-26 19:09:18,42.4969965,-82.8400851,15.5085,8.9222,71.2015,89.5575,153.5848,0.0,-2.3748,0.2876,266.618,0.1565,0.1508,,,,,,,,,,,,13.3084,60.8921,11.8825,101.8886,187.1397,-75.9548,-2.144,-8.6206,140.0,14.1077,10.7839,16.2842,0.5597,10.8071,0.1984,48.9246,6.3545,140.0,10.7839,16.9989,120.0,-36.286,229.7648,,,,,,
2026-08-26 19:09:19,42.4970105,-82.8400239,,9.0583,72.0609,92.1587,78.6006,0.0,-4.6328,-0.6179,266.3589,0.1589,0.1529,,,,,,,,,,,,14.0848,64.8709,13.1178,103.5687,189.9887,-76.035,-2.1737,-8.8848,141.3698,14.5567,11.3587,17.0178,0.5399,11.3968,0.1907,50.0,6.5247,141.3698,11.3587,17.6288,120.0,-37.6478,232.2133,,1307.5165,,14912.074,,
2026-08-26 19:09:20,42.4970242,-82.8399608,15.3773,9.6609,74.1465,92.2275,,0.0,,,266.1471,0.1614,0.1552,,,7.2305,17.0898,10.0,0.0043,48.092,16.7725,68.0277,0.0,0.0,13.577,63.3828,12.5734,105.12,192.7489,-76.2585,-2.3376,-9.3169,141.8634,14.6019,11.4768,17.1945,0.5443,11.5006,0.2033,50.0,6.5596,141.8634,11.4768,17.7472,120.0,-37.7237,233.761,,,,,,
2026-08-26 19:09:21,42.4970365,-82.8399051,,9.622,74.2782,89.8211,-153.846,0.0,-3.1615,0.4239,265.9451,0.164,0.1575,,,,,,,,,,,,12.284,61.391,11.3767,108.5723,194.4797,-76.9346,-2.7549,-9.27,140.0439,14.1963,11.0415,16.6858,0.5697,10.875,0.2533,50.0,6.431,140.0439,11.0415,17.3105,120.0,-33.9039,231.1573,,1309.9069,,14939.3049,,
2026-08-26 19:09:22,42.4970498,-82.839846,15.2133,9.9719,73.8829,88.9616,-48.7954,0.0,-1.3092,0.5282,265.7517,0.1665,0.1598,,,,,,,,,,,,12.417,61.0497,11.5213,109.4261,193.9145,-76.9117,-3.064,-9.3841,140.0,14.2106,10.7237,16.8293,0.5819,10.8859,0.2815,48.6625,6.3366,140.0,10.7237,16.9255,120.0,-31.4841,230.1491,,1311.1684,,14953.7406,,
2026-08-26 19:09:23,42.4970647,-82.8397882,15.2789,9.7192,72.2442,87.873,-56.2862,0.0,-2.8826,0.7528,265.5476,0.1692,0.1622,,,,,,,,,,,,14.0597,62.4817,12.9332,105.3957,189.8331,-76.9117,-2.8148,-9.837,141.3204,14.5673,11.3469,17.2857,0.5741,11.4211,0.2465,50.0,6.5212,141.3204,11.3469,17.6169,120.0,-34.1481,230.3964,,1312.4387,,14968.1763,,
2026-08-26 19:09:24,42.4970802,-82.8397278,15.2789,10.1468,71.064,,-48.7541,0.0,-2.2024,0.3285,265.3165,0.1718,0.1645,,,7.2305,17.0898,10.0,0.0084,48.092,16.7725,66.5996,0.0,0.0,13.7771,60.4102,12.4328,105.5063,188.9208,-76.9117,-2.7606,-9.7733,141.6203,14.5619,11.4187,17.2108,0.5905,11.4087,0.242,50.0,6.5424,141.6203,11.4187,17.6889,120.0,-35.787,229.7058,,1313.7622,,14983.2682,,
2026-08-26 19:09:25,42.4970964,-82.8396677,,10.5939,70.6801,86.8073,-123.7211,0.0,-1.8269,0.6493,265.0837,0.1745,0.1669,,,,,,,,,,,,13.7651,61.5463,12.6973,107.6096,190.0725,-76.7054,-2.9528,-9.79,141.8588,14.5987,11.4757,17.3726,0.5943,11.4934,0.2569,50.0,6.5593,141.8588,11.4757,17.7461,120.0,-35.5142,229.1078,,1315.1159,,14998.6881,,
2026-08-26 19:09:26,,,15.3117,10.244,70.067,85.415,-52.4703,0.0,-1.234,0.2677,264.8442,0.1773,0.1693,,,,,,,,,,,,14.0683,60.8373,12.7531,105.572,186.8045,-76.6424,-2.8966,-9.8679,142.1343,14.6037,11.5416,17.356,0.595,11.5048,0.2518,50.0,6.5788,142.1343,11.5416,17.8122,120.0,-35.9628,228.1995,,1316.4868,,15014.4362,,
2026-08-26 19:09:27,42.4971144,-82.8396077,,10.244,68.8695,85.7302,-104.9613,0.0,-1.4508,0.6683,264.4603,0.1818,0.1732,,,,,,,,,,,,13.6028,60.9094,12.4866,107.8299,188.1014,-75.8632,-3.0573,-9.9787,141.7578,14.5996,11.4516,17.4239,0.5937,11.4953,0.266,50.0,6.5522,141.7578,11.4516,17.7219,120.0,-34.6028,227.4631,,1317.987,,15031.4965,,
2026-08-26 19:09:28,42.4971325,-82.83954,15.3117,9.9913,66.4287,83.8566,,0.0,,,264.2233,0.1844,0.1755,,,7.2306,17.0898,10.0,0.0065,48.092,16.7725,66.0634,0.0,0.0,13.8382,61.8658,12.7204,106.3952,186.4442,-76.0752,-2.8342,-9.359,142.2026,14.618,11.558,17.3989,0.5771,11.5374,0.2457,50.0,6.5836,142.2026,11.558,17.8286,120.0,-35.4813,227.2433,,1319.1892,,15044.948,,
2026-08-26 19:09:29,42.4971493,-82.8394837,,9.7386,67.2366,82.3783,-116.2062,0.0,-0.3692,0.2761,263.9616,0.1869,0.1777,,,,,,,,,,,,13.0102,60.7059,11.8618,106.9507,185.1491,-69.6408,-2.7094,-9.2959,140.9394,14.4479,11.2558,16.9639,0.5766,11.1436,0.2431,50.0,6.4943,140.9394,11.2558,17.5255,120.0,-34.6447,224.4236,,,,,,
2026-08-26 19:09:30,42.497168,-82.8394297,15.1476,9.3887,64.6468,81.3298,-112.4315,0.0,-0.1675,0.0922,263.7103,0.1893,0.1797,,,,,,,,,,,,14.1875,58.7161,12.2955,99.5595,178.3361,-66.163,,-8.9473,140.3252,,11.1088,,,,,50.0,6.4509,140.3252,11.1088,17.3781,120.0,-37.3694,222.6731,,1321.744,,15074.1475,,
2026-08-26 19:09:31,42.4971867,-82.8393795,,8.9805,64.6468,80.7855,11.348,0.0,-2.1625,-0.2064,263.4193,0.1917,0.1816,,,,,,,,,,,,13.0252,56.8678,11.1278,101.4218,178.7414,-62.2038,-1.983,-8.8341,140.0,14.4439,10.8442,16.5917,0.5741,11.1342,0.1781,49.1871,6.3724,140.0,10.8442,17.0724,120.0,-38.9214,221.3633,,,,,,
2026-08-26 19:09:32,42.4972073,-82.8393288,15.3117,9.4082,64.6468,80.0063,-33.6315,0.0,-1.6303,-0.1672,263.1598,0.1938,0.1834,,,7.2307,17.0898,10.0,0.0044,48.092,16.7725,66.0182,0.0,0.0,11.9398,57.7819,10.5138,106.1025,181.9548,-56.2394,-1.8255,-8.9766,140.0,14.0087,10.2716,15.9465,0.5876,10.7313,0.1701,46.6956,6.2023,140.0,10.2716,16.3748,120.0,-36.7448,220.8374,,1324.361,,15104.0031,,
2026-08-26 19:09:33,42.4972291,-82.8392783,15.3773,9.5443,61.7247,,,0.0,,,262.8586,0.1962,0.1853,,,,,,,,,,,,10.7285,64.6063,10.8412,116.6204,189.1239,-56.1649,-2.2321,-8.6954,140.0,13.2448,9.867,15.3054,0.6089,10.1461,0.22,44.935,6.0822,140.0,9.867,15.8818,120.0,-31.1824,220.2889,,,,,,
2026-08-26 19:09:34,42.4972509,-82.8392271,,9.0389,59.3183,80.3673,15.1467,0.0,-0.3865,1.3285,262.5269,0.1988,0.1873,,,,,,,,,,,,11.8355,72.0558,12.5355,116.0732,189.3832,,-3.4007,-8.6423,140.0,13.1691,10.8459,15.8823,0.5924,10.0881,0.3371,49.1945,6.3729,140.0,10.8459,17.0745,120.0,-25.3643,220.4245,,1327.071,,15134.843,,
2026-08-26 19:09:35,42.49727400412288,-82.83917413774012,15.2789,9.0,61.5127,81.2668,172.6265,0.0,-0.9532,-0.0347,262.2503,0.2011,0.1892,,,,,,,,,,,,11.6865,75.2086,12.874,118.6364,193.0632,-56.1935,-3.883,-8.2288,140.9054,14.2877,11.2476,17.135,0.5375,10.945,0.3548,50.0,6.4919,140.9054,11.2476,17.5173,120.0,-25.014,222.3163,,1328.312,,15149.2787,,
2026-08-26 19:09:36,42.49729435955215,-82.83912467897765,,8.8056,63.5582,84.0342,116.3884,,-2.0861,1.1589,,,,,,7.2308,17.0898,10.0,0.0053,48.092,16.7725,66.6343,0.0,0.0,,,,,,-56.1935,-4.1202,,,14.5553,,17.6305,0.5201,11.3934,0.3616,,,,,,,,,,,,,,
2026-08-26 19:09:37,42.497312543951054,-82.83907461676716,15.082,8.9028,67.6663,85.988,86.4009,0.0,-3.8709,-0.8553,261.9069,0.2046,0.1921,,,,,,,,,,,,12.6733,77.7672,13.8878,116.896,194.5375,-56.4456,-4.1423,-8.7205,143.6152,14.8149,11.8959,18.2279,0.4926,11.9812,0.3457,50.0,6.6835,143.6152,11.8959,18.1677,120.0,-25.9021,227.1152,,1330.5746,,15174.8693,,
2026-08-26 19:09:38,42.49732912313704,-82.83902240183234,,8.8445,66.3829,84.5212,-202.2908,0.0,-3.2542,0.0259,261.7236,0.207,0.1941,,,,,,,,,,,,12.3589,74.6373,13.195,115.4222,195.1063,-56.2394,-3.9616,-8.8851,143.9735,14.8414,11.9817,18.2741,0.491,12.0399,0.329,50.0,6.7088,143.9735,11.9817,18.2537,120.0,-27.5816,229.1711,,,,,,
2026-08-26 19:09:39,42.497347451977134,-82.83897319076395,15.2133,9.6998,63.9535,80.3042,,0.0,,,261.5168,0.2094,0.196,,,,,,,,,,,,11.179,74.6336,12.4699,120.1821,196.7622,-56.331,-4.3261,-9.3874,143.557,14.7309,11.882,18.0459,0.5091,11.7936,0.3668,50.0,6.6794,143.557,11.882,18.1537,120.0,-25.9223,227.6587,,1333.1409,,15204.0687,,
2026-08-26 19:09:40,42.4973661,-82.8389192,,9.7192,62.3607,80.6595,3.9981,0.0,-0.586,1.3418,261.3153,0.2119,0.1981,,,7.2308,17.0898,10.0,0.0059,48.092,16.7725,65.943,0.0,0.0,10.8502,76.5434,12.6151,123.2293,196.3536,-56.331,-4.8548,-8.9187,142.6081,14.6395,11.655,17.7446,0.528,11.5865,0.419,50.0,6.6123,142.6081,11.655,17.9259,120.0,-21.9688,224.1674,,,,,,
2026-08-26 19:09:41,42.4973847,-82.8388676,15.082,9.5248,59.7194,79.5537,-7.2399,0.0,-1.1227,1.0473,261.1103,0.2143,0.2001,,,,,,,,,,,,12.2181,76.283,13.6405,119.5209,193.3193,-56.2852,-4.8413,-9.2034,142.7549,14.7738,11.6901,18.1105,0.5256,11.8897,0.4072,50.0,6.6227,142.7549,11.6901,17.9612,120.0,-21.7353,223.8316,,1335.6432,,15232.612,,
2026-08-26 19:09:42,42.4974061,-82.8388122,15.1476,9.3499,61.4841,80.9116,41.5211,0.0,-1.4055,0.1324,260.9003,0.2167,0.2021,,,,,,,,,,,,12.452,74.214,13.3993,116.5881,190.0715,-56.3081,-4.4663,-8.8814,144.575,14.8684,12.1255,18.3549,0.5132,12.0995,0.3691,50.0,6.7514,144.575,12.1255,18.398,120.0,-25.5946,224.8001,,,,,,
2026-08-26 19:09:43,42.4974269,-82.8387612,,8.9805,63.0655,,138.9915,0.0,-0.4124,0.2978,260.6685,0.2191,0.204,,,,,,,,,,,,11.8921,75.7048,13.1511,118.8041,192.6158,-56.3081,-4.4708,-8.9288,144.3341,14.8362,12.0679,18.2881,0.5083,12.0284,0.3717,50.0,6.7343,144.3341,12.0679,18.3402,120.0,-25.6357,224.9909,,1338.2497,,15262.4677,,
2026-08-26 19:09:44,42.4974442,-82.8387115,15.0164,9.3499,66.4631,84.2347,157.7444,0.0,-1.179,0.7542,260.4859,0.2215,0.206,,,7.2309,17.0898,10.0,0.0056,48.092,16.7725,66.8839,0.0,0.0,12.2909,75.9232,13.2837,116.1718,193.6032,-56.2623,-4.0994,-8.7557,143.7686,14.8229,11.9326,18.2429,0.4918,11.9989,0.3416,50.0,6.6943,143.7686,11.9326,18.2045,120.0,-26.0018,226.03,,,,,,
2026-08-26 19:09:45,42.4974584,-82.8386608,14.8196,8.8833,68.2908,86.2859,101.5132,0.0,-4.0033,-0.1717,260.3619,0.2238,0.208,,,,,,,,,,,,13.0896,74.2277,13.6661,112.8163,193.4228,-56.2164,-3.7986,-8.3863,144.5153,14.8983,12.1113,18.3898,0.485,12.1651,0.3123,50.0,6.7471,144.5153,12.1113,18.3837,120.0,-28.2204,229.2884,,1340.3874,,15286.7459,,
2026-08-26 19:09:46,42.4974749,-82.8386106,,8.8833,66.9788,87.5923,-33.4493,0.0,-3.6175,0.1314,260.2049,0.2262,0.2099,,,,,,,,,,,,13.0744,75.2779,13.8504,114.0792,195.6496,-56.331,-3.6798,-8.7642,145.8799,15.0231,12.4377,18.6519,0.4806,12.4361,0.2959,50.0,6.8436,145.8799,12.4377,18.7112,120.0,-31.5861,232.3153,,,,,,
2026-08-26 19:09:47,42.4974946,-82.8385614,14.7867,9.2332,67.7866,85.4551,116.5912,0.0,-1.4676,0.9906,260.0104,0.2285,0.2118,,,,,,,,,,,,11.8614,73.4946,12.7072,116.4952,196.1208,-56.692,-3.7897,-8.9321,144.5559,14.7999,12.121,18.1678,0.4973,11.9479,0.3172,50.0,6.75,144.5559,12.121,18.3934,120.0,-30.2223,231.1489,,1342.8666,,15315.2892,,
2026-08-26 19:09:48,42.4975123,-82.8385094,,9.5054,68.4799,87.5121,,0.0,,,259.8456,0.231,0.2138,,,7.231,17.0898,10.0,0.006,48.092,16.7725,66.4879,0.0,0.0,12.7306,73.2182,13.5148,115.5974,196.5888,-56.2394,-4.1166,-9.0387,142.9852,14.775,11.7452,18.1249,0.5164,11.8923,0.3462,50.0,6.6389,142.9852,11.7452,18.0164,120.0,-26.8697,229.216,,1344.1047,,15329.3968,,
2026-08-26 19:09:49,42.4975288,-82.8384535,14.7211,9.5054,68.2737,86.8531,-14.6448,0.0,-2.6491,1.1356,259.714,0.2336,0.216,,,,,,,,,,,,13.6838,71.2256,13.8972,111.2112,193.2198,-56.7436,-3.775,-9.4332,145.4793,15.0124,12.3419,18.6235,0.504,12.413,0.3041,50.0,6.8153,145.4793,12.3419,18.615,120.0,-30.8617,232.595,,1345.3535,,15343.5044,,
2026-08-26 19:09:50,42.4975466,-82.8383925,,9.933,69.729,86.3088,-14.6311,0.0,-3.05,0.747,259.5751,0.2364,0.2184,,,,,,,,,,,,13.2932,72.6813,13.864,113.7433,195.093,-56.7149,-3.585,-9.2791,146.2995,15.084,12.5381,18.7624,0.5055,12.5664,0.2853,50.0,6.8733,146.2995,12.5381,18.8119,120.0,-33.8191,233.2396,,1346.7093,,15358.9244,,
2026-08-26 19:09:51,42.4975611,-82.838336,14.9508,9.7386,70.1128,87.2886,,0.0,,,259.4402,0.24,0.2215,,,,,,,,,,,,13.653,69.8545,13.7805,111.5442,193.5603,-56.5201,-3.6864,-9.8039,145.9925,15.0353,12.4647,18.6598,0.5182,12.4622,0.2958,50.0,6.8516,145.9925,12.4647,18.7382,120.0,-33.2021,232.8546,,1347.9365,,15373.032,,
2026-08-26 19:09:52,42.4975763,-82.83828,,9.9913,70.2102,,4.1356,0.0,-2.5634,0.7547,259.3371,0.2428,0.2239,,,7.2311,17.0898,10.0,0.005,48.092,16.7725,66.2286,0.0,0.0,13.6905,69.5515,13.7243,110.8234,192.4659,-56.7894,-3.5387,-9.4905,145.8277,15.0168,12.4252,18.6111,0.5186,12.4226,0.2849,50.0,6.8399,145.8277,12.4252,18.6986,120.0,-34.0875,232.7056,,1349.2407,,15387.7958,,
2026-08-26 19:09:53,42.497591,-82.8382199,14.9508,10.108,69.8493,86.0567,,0.0,,,259.2626,0.2455,0.2263,,,,,,,,,,,,13.7293,68.5143,13.767,111.8808,193.6502,-56.0617,-3.6214,-9.6593,145.7711,15.0129,12.4117,18.6009,0.5348,12.414,0.2917,50.0,6.8359,145.7711,12.4117,18.6851,120.0,-34.4925,232.2327,,1350.5121,,15402.2315,,
2026-08-26 19:09:54,42.4976055,-82.8381595,,10.3801,70.5426,87.2084,,0.0,,,259.1332,0.2482,0.2286,,,,,,,,,,,,13.7207,68.4316,13.6763,111.0924,193.2321,,-3.6491,-9.8398,145.8126,15.0114,12.4216,18.5988,0.5362,12.4108,0.294,50.0,6.8389,145.8126,12.4216,18.695,120.0,-34.2949,232.7014,,1351.8131,,15417.3233,,
2026-08-26 19:09:55,42.4976229,-82.8381018,14.9508,,,86.0567,,0.0,,,259.0278,0.2509,0.2309,,,,,,,,,,,,13.7419,67.4125,13.6101,111.2144,192.0541,-56.9384,-3.7104,-9.7156,145.6761,14.9939,12.389,18.5609,0.5466,12.3731,0.2999,50.0,6.8292,145.6761,12.389,18.6623,120.0,-34.2277,232.0806,,,,,,
2026-08-26 19:09:56,42.4976399,-82.8380423,,10.4384,69.3966,83.9998,,0.0,,,258.9184,0.2538,0.2333,,,,,,,,,,,,,,,,,-56.7149,-3.7925,-10.6571,145.484,14.9684,12.343,18.507,0.5571,12.3181,0.3079,50.0,6.8156,145.484,12.343,18.6162,120.0,-33.9293,230.3501,,1354.427,,15446.8509,,
2026-08-26 19:09:57,42.4976605,-82.8379775,15.082,10.3218,66.2397,83.5243,,0.0,,,258.8202,0.2568,0.2359,,,,,,,,,,,,13.6759,66.7861,13.5115,111.5309,190.5033,-56.5373,,-9.6448,145.0344,,12.2355,,,,,50.0,6.7838,145.0344,12.2355,18.5083,120.0,-33.8582,228.9886,,,,,,
2026-08-26 19:09:58,42.4976749,-82.837919,,9.6998,68.2164,84.1889,-33.2464,0.0,-0.0398,0.1046,258.7369,0.2596,0.2383,,,,,,,,,,,,13.6425,66.6961,13.3453,110.1367,188.5073,-56.6003,-3.6142,-9.9097,144.6981,14.9171,12.155,18.3889,0.5487,12.2062,0.2961,50.0,6.7601,144.6981,12.155,18.4275,120.0,-33.6792,228.5524,,1357.1276,,15477.6908,,
2026-08-26 19:09:59,42.49769,-82.8378604,15.0164,10.0497,67.2652,86.4521,98.0067,0.0,-0.8781,1.426,258.6293,0.2622,0.2405,,,,,,,,,,,,13.6937,68.704,13.7203,111.5791,190.4438,-56.5373,-3.6361,-9.766,145.4915,14.9185,12.3448,18.3939,0.5473,12.2095,0.2978,50.0,6.8162,145.4915,12.3448,18.618,120.0,-34.9186,230.6861,,1358.3668,,15491.7984,,
2026-08-26 19:10:00,42.497706,-82.8378045,,9.7775,67.5288,88.4288,56.7366,0.0,-0.403,0.2983,258.5402,0.2646,0.2426,,,7.2312,17.0898,10.0,0.0083,48.092,16.7725,66.5161,0.0,0.0,12.885,65.1769,12.5132,110.8401,190.6616,-56.9498,-3.4411,-9.602,142.6853,14.9062,11.6735,18.3584,0.5396,12.1825,0.2825,50.0,6.6177,142.6853,11.6735,17.9445,120.0,-32.0544,229.5401,,1359.598,,15505.906,,
2026-08-26 19:10:01,42.4977202,-82.8377481,15.082,9.2332,70.3191,91.1503,116.7356,0.0,-1.5276,1.1187,258.4578,0.2673,0.2449,,,,,,,,,,,,13.0489,67.3815,12.8291,110.1313,192.7427,-56.3081,-3.3775,-9.1441,143.4948,14.6564,11.8671,17.8021,0.5389,11.6251,0.2905,50.0,6.675,143.4948,11.8671,18.1388,120.0,-33.8218,232.0828,,1360.7681,,15519.3575,,
2026-08-26 19:10:02,42.4977327,-82.837692,,8.6501,70.9895,91.8608,94.2424,,-3.8795,-0.0594,258.3827,0.2698,0.247,,,,,,,,,,,,13.8512,66.3629,13.1571,105.3266,191.5198,-56.6118,-2.9385,-8.5795,143.5425,14.79,11.8785,17.979,0.5134,11.9257,0.2464,50.0,6.6784,143.5425,11.8785,18.1502,120.0,-36.3144,234.3905,,1361.9254,,15532.4808,,
2026-08-26 19:10:03,42.4977463,-82.8376358,15.1476,9.3304,73.6308,,11.7846,0.0,-3.624,0.2251,258.3201,0.2723,0.2492,,,,,,,,,,,,13.4892,66.1866,12.9384,107.4809,194.0015,-56.6118,-2.7346,-9.308,142.58,14.7575,11.6483,17.7818,0.5237,11.8533,0.2307,50.0,6.6103,142.58,11.6483,17.9192,120.0,-34.8352,233.8325,,1363.0263,,15544.948,,
2026-08-26 19:10:04,42.4977621,-82.837574,,9.5831,74.2725,90.967,-63.1789,0.0,-2.6156,0.9564,258.2667,0.2752,0.2518,,,7.2313,17.0898,10.0,0.0057,48.092,16.7725,66.4774,0.0,0.0,13.1059,64.2748,12.4416,108.3799,194.5777,-56.6118,-2.9228,-9.4711,141.941,14.6141,11.4954,17.5142,0.5446,11.5287,0.2535,50.0,6.5651,141.941,11.4954,17.7658,120.0,-33.7616,232.5784,,1364.3802,,15560.368,,
2026-08-26 19:10:05,42.4977754,-82.8375148,15.5085,10.0691,71.9807,89.5575,-134.4021,0.0,,,258.2132,0.278,0.2542,,,,,,,,,,,,12.8924,63.0642,12.1428,108.8174,193.5728,-56.6118,-3.076,-10.0096,141.4046,14.5642,11.3671,17.4577,0.554,11.4139,0.2695,50.0,6.5272,141.4046,11.3671,17.6371,120.0,-33.0424,230.8682,,,,,,
2026-08-26 19:10:06,42.4977904,-82.8374562,,9.9719,70.2618,87.2256,,0.0,0.0848,1.6842,258.1428,0.2807,0.2566,,,,,,,,,,,,13.3986,64.9286,12.8232,108.8392,191.8663,-56.6003,-3.0943,-9.8777,,14.5922,,17.5202,0.5563,11.4783,0.2696,,,,,,,,,,1366.9577,,15589.8955,,
2026-08-26 19:10:07,42.4978064,-82.8374004,15.2789,9.4082,71.3046,87.8157,45.5983,0.0,-0.267,1.0487,258.0554,0.2833,0.2588,,,,,,,,,,,,14.7732,65.1964,13.8325,104.192,188.1655,-56.5373,-2.8738,-9.8225,142.4459,14.7357,11.6162,17.7493,0.5448,11.8043,0.2435,50.0,6.6008,142.4459,11.6162,17.887,120.0,-34.3447,230.5241,,,,,,
2026-08-26 19:10:08,42.4978198,-82.8373424,15.2789,9.2916,70.8978,89.1622,128.0836,0.0,-2.8983,0.2927,258.0044,0.286,0.2611,,,7.2314,17.0898,10.0,0.0057,48.092,16.7725,66.5858,0.0,0.0,13.995,64.9974,13.2379,106.641,190.7576,-56.5774,-2.5465,-9.2983,144.6762,14.9189,12.1497,18.0024,0.5377,12.2102,0.2086,50.0,6.7585,144.6762,12.1497,18.4223,120.0,-38.9185,232.7683,,1369.4185,,15618.1107,,
2026-08-26 19:10:09,42.4978316,-82.8372825,,10.1663,70.8978,88.3887,,0.0,,,257.9788,0.2887,0.2636,,,,,,,,,,,,13.3313,63.437,12.5398,108.0291,191.496,-56.6118,-2.8067,-9.8573,144.098,14.7394,12.0114,17.7073,0.5521,11.8126,0.2376,50.0,6.7176,144.098,12.0114,18.2835,120.0,-38.1267,232.7401,,1370.6444,,15631.8903,,
2026-08-26 19:10:10,42.4978436,-82.8372235,15.3773,9.622,70.8978,88.4746,-51.8997,0.0,-3.3325,0.4968,257.9469,0.2914,0.266,,,,,,,,,,,,12.3276,61.592,11.5215,109.7598,192.5113,-56.3998,-3.0363,-9.8579,142.6523,14.4876,11.6656,17.2328,0.569,11.2364,0.2702,50.0,6.6154,142.6523,11.6656,17.9366,120.0,-35.4549,231.1706,,,,,,
2026-08-26 19:10:11,42.4978577,-82.837168,,9.5248,70.5941,87.6324,-33.1433,0.0,-1.4517,0.8718,257.8817,0.294,0.2682,,,,,,,,,,,,12.7056,61.2181,11.6599,107.2418,190.1108,-56.4456,-3.0559,-9.5737,140.0552,14.3337,11.0442,16.9866,0.5685,10.9803,0.2783,50.0,6.4318,140.0552,11.0442,17.3133,120.0,-31.4441,228.5446,,1372.9582,,15658.4651,,
2026-08-26 19:10:12,42.4978761,-82.8371071,15.4429,9.2527,69.3451,85.7015,-89.378,0.0,-1.0255,0.3827,257.7894,0.2966,0.2704,,,7.2314,17.0898,10.0,0.0054,48.092,16.7725,66.3099,0.0,0.0,12.6877,62.6325,11.836,107.8279,189.4966,-56.4456,-2.8618,-9.5178,140.0,14.2018,10.9035,16.7525,0.5679,10.8792,0.2631,49.4451,6.39,140.0,10.9035,17.1446,120.0,-32.0977,227.9184,,1374.3805,,15674.5412,,
2026-08-26 19:10:13,42.497893,-82.8370478,,9.8941,67.4028,,-10.602,0.0,-0.4392,1.1638,257.7059,0.2994,0.2727,,,,,,,,,,,,13.7159,64.1462,12.8326,105.8778,187.2,-56.5373,-2.8451,-9.3435,140.0,14.468,10.9409,17.1294,0.5555,11.1907,0.2542,49.6079,6.4011,140.0,10.9409,17.1902,120.0,-32.333,226.8604,,,,,,
2026-08-26 19:10:14,42.4979089,-82.836992,15.5741,9.4471,67.546,85.6843,-3.1008,0.0,-1.7127,1.1385,257.6288,0.302,0.2749,,,,,,,,,,,,14.0827,66.0565,13.3879,105.9759,187.4669,-56.6118,-2.7104,-9.3012,141.4629,14.6817,11.381,17.5704,0.5383,11.6824,0.232,50.0,6.5313,141.4629,11.381,17.6511,120.0,-34.4988,227.556,,1376.9363,,15703.7407,,
2026-08-26 19:10:15,42.4979234,-82.8369367,,9.3499,67.546,88.3257,188.1135,0.0,-2.7795,1.2793,257.5675,0.3046,0.2771,,,,,,,,,,,,13.9444,65.7144,13.1925,105.5376,189.8753,-56.6118,-2.6134,-8.9967,143.1678,14.7631,11.7889,17.7246,0.5274,11.8656,0.2203,50.0,6.6519,143.1678,11.7889,18.0603,120.0,-36.7356,230.0431,,1378.0938,,15716.864,,
2026-08-26 19:10:16,42.4979365,-82.8368824,15.5085,9.311,74.7939,91.6545,101.857,0.0,-4.4974,0.4143,257.5208,0.3071,0.2793,,,7.2315,17.0898,10.0,0.0053,48.092,16.7725,67.7071,0.0,0.0,14.1837,64.5207,13.1705,103.5447,191.0972,-56.7665,-2.2937,-9.1574,143.6589,14.7832,11.9064,17.6194,0.5236,11.9107,0.1926,50.0,6.6866,143.6589,11.9064,18.1781,120.0,-38.037,233.1834,,1379.2159,,15729.6593,,
2026-08-26 19:10:17,42.4979503,-82.8368246,,9.1166,73.7167,91.3852,-63.0964,0.0,,,257.4735,0.3098,0.2817,,,,,,,,,,,,13.6887,63.2751,12.6614,105.0618,191.9227,-57.0873,-2.3153,-9.3193,143.7892,14.7711,11.9376,17.5859,0.5317,11.8836,0.1948,50.0,6.6958,143.7892,11.9376,18.2094,120.0,-39.6425,234.6793,,1380.4723,,15744.095,,
2026-08-26 19:10:18,42.4979646,-82.8367607,15.7054,9.311,78.1113,91.517,41.9439,0.0,-3.6038,-0.0048,257.4324,0.3127,0.2842,,,,,,,,,,,,,,,,,,-2.6961,-9.7545,142.6922,14.6046,11.6751,17.3272,0.5669,11.5069,0.2343,50.0,6.6182,142.6922,11.6751,17.9461,120.0,-38.0509,233.7797,,,,,,
2026-08-26 19:10:19,42.4979754,-82.8366984,,10.3607,77.0456,90.6003,-153.0519,0.0,-3.0963,1.1974,257.4265,0.3156,0.2868,,,,,,,,,,,,13.9689,63.4987,13.1017,107.4156,194.7893,-56.7436,-2.6415,-10.4072,143.0068,14.8829,11.7504,17.9157,0.5625,12.1313,0.2177,50.0,6.6405,143.0068,11.7504,18.0216,120.0,-36.6749,234.2061,,1383.0919,,15773.9506,,
2026-08-26 19:10:20,42.4979911,-82.8366303,15.6398,11.0021,71.6999,88.0163,-18.0275,0.0,-3.7171,0.6207,257.385,0.3184,0.2893,,,7.2316,17.0898,10.0,0.0066,48.092,16.7725,66.111,0.0,0.0,15.3899,62.1362,13.9272,102.3364,189.39,-56.7665,-2.4931,-10.147,145.172,14.9755,12.2684,18.0169,0.5796,12.3333,0.2021,50.0,6.7936,145.172,12.2684,18.5413,120.0,-40.951,235.5472,,1384.4754,,15789.6987,,
2026-08-26 19:10:21,42.4980073,-82.8365645,,10.73,70.4967,87.4834,-51.7793,0.0,-1.6878,0.9566,257.3279,0.3215,0.2919,,,,,,,,,,,,14.5394,60.9857,13.251,106.3567,190.1236,-57.1962,,-10.3844,144.9883,,12.2244,,,,,50.0,6.7806,144.9883,12.2244,18.4972,120.0,-40.391,233.7251,,,,,,
2026-08-26 19:10:22,42.4980228,-82.836499,15.7054,9.9136,70.9264,87.9074,,0.0,-2.329,1.1594,257.2808,0.3245,0.2946,,,,,,,,,,,,14.9876,63.1302,13.9492,106.5767,189.9225,-57.0644,-2.8221,-10.3698,145.612,14.9487,12.3736,18.0632,0.5973,12.2753,0.2299,50.0,6.8247,145.612,12.3736,18.6469,120.0,-40.0309,233.5616,,1387.2581,,15821.5228,,
2026-08-26 19:10:23,42.4980387,-82.8364351,,10.4579,74.6278,,41.9646,0.0,-2.4014,0.3922,257.2257,0.3275,0.2972,,,,,,,,,,,,15.5863,61.277,13.982,102.157,186.238,-57.0644,-2.7031,-10.6197,146.196,15.0432,12.5133,18.2556,0.5758,12.4792,0.2166,50.0,6.866,146.196,12.5133,18.787,120.0,-42.1388,234.1794,,,,,,
2026-08-26 19:10:24,42.4980525,-82.8363709,15.5741,10.419,68.8008,88.6923,90.7221,0.0,-3.06,0.9293,257.1934,0.3304,0.2998,,,7.2317,17.0898,10.0,0.0047,48.092,16.7725,66.6776,0.0,0.0,14.9921,61.21,13.529,103.7931,188.4529,-56.7436,-2.4353,-10.4307,145.725,15.0271,12.4007,18.1067,0.5779,12.4447,0.1957,50.0,6.8327,145.725,12.4007,18.674,120.0,-42.1992,234.1487,,1389.9565,,15852.0346,,
2026-08-26 19:10:25,42.4980678,-82.8363082,,10.6134,72.2442,87.9933,-96.7691,0.0,-2.5527,0.0434,257.1482,0.3334,0.3023,,,,,,,,,,,,15.5512,61.6597,13.9974,102.0837,186.8942,-56.8066,-2.3805,-10.002,146.0909,15.0605,12.4882,18.1647,0.5726,12.5163,0.1902,50.0,6.8585,146.0909,12.4882,18.7618,120.0,-43.2473,234.3372,,1391.3315,,15867.7827,,
2026-08-26 19:10:26,42.4980825,-82.836246,15.8038,9.5248,73.7683,87.1797,-85.5174,0.0,,,257.1063,0.3362,0.3048,,,,,,,,,,,,14.1962,59.4878,12.6508,104.8146,187.9391,-56.8066,-2.3291,-10.3362,143.609,14.902,11.8944,17.7742,0.5873,12.1733,0.1913,50.0,6.6831,143.609,11.8944,18.1662,120.0,-39.4981,231.103,,,,,,
2026-08-26 19:10:27,42.4981,-82.8361793,,10.244,71.3218,86.9907,113.2325,0.0,-1.2632,0.8716,257.0435,0.3394,0.3075,,,,,,,,,,,,13.0895,59.8542,11.8705,107.5317,189.0856,-56.7894,-2.8082,-10.0319,141.1341,14.6061,11.3023,17.3295,0.5909,11.5103,0.244,50.0,6.5081,141.1341,11.3023,17.5722,120.0,-34.842,228.3412,,1393.9708,,15897.9664,,
2026-08-26 19:10:28,42.4981142,-82.8361188,15.771,10.6717,71.7802,89.9414,109.4579,0.0,-2.5342,0.8782,257.0048,0.3422,0.3099,,,7.2318,17.0898,10.0,0.0052,48.092,16.7725,67.1305,0.0,0.0,14.0576,63.6188,13.1702,107.0175,190.9144,-56.7894,-2.9477,-9.9779,142.2331,14.5226,11.5653,17.2038,0.5942,11.3179,0.2604,50.0,6.5858,142.2331,11.5653,17.8359,120.0,-35.4829,230.613,,1395.2298,,15912.4021,,
2026-08-26 19:10:29,42.4981271,-82.8360574,,10.2246,74.1522,89.7523,-14.2151,0.0,-5.234,-0.3376,256.9801,0.345,0.3124,,,,,,,,,,,,14.0134,61.0911,12.7455,105.7458,191.2419,-57.0873,-2.8056,-10.3114,142.8535,14.7241,11.7137,17.6091,0.5803,11.7782,0.2382,50.0,6.6296,142.8535,11.7137,17.9848,120.0,-36.9172,232.3311,,1396.5113,,15926.8378,,
2026-08-26 19:10:30,42.498141,-82.8359945,16.1319,10.6911,70.9494,88.1079,-70.4601,0.0,-3.3497,1.0676,256.9511,0.3479,0.3149,,,,,,,,,,,,12.919,61.3139,12.1,110.504,194.0818,-57.0873,-3.0975,-10.4165,141.3135,14.6132,11.3453,17.4744,0.5926,11.5266,0.2687,50.0,6.5208,141.3135,11.3453,17.6152,120.0,-32.8481,230.1734,,,,,,
2026-08-26 19:10:31,42.4981558,-82.8359317,,10.9049,72.1182,87.8043,,0.0,-0.1831,1.501,256.9128,0.3508,0.3175,,,,,,,,,,,,13.2773,60.0401,12.111,108.2307,191.3688,-56.7894,-3.5051,-9.9535,140.5488,14.4486,11.1623,17.2761,0.6058,11.1453,0.3145,50.0,6.4667,140.5488,11.1623,17.4317,120.0,-31.5787,228.689,,1399.188,,15957.3496,,
2026-08-26 19:10:32,42.4981719,-82.8358708,16.0007,10.2246,70.7832,89.4085,23.2839,0.0,-1.2888,0.5673,256.8592,0.3536,0.3199,,,7.2318,17.0898,10.0,0.0035,48.092,16.7725,66.523,0.0,0.0,15.5612,60.2239,13.7711,101.2457,185.6298,-56.6519,-2.8638,-10.2184,143.136,14.6166,11.7813,17.357,0.6006,11.5344,0.2483,50.0,6.6496,143.136,11.7813,18.0526,120.0,-38.5016,231.4997,,,,,,
2026-08-26 19:10:33,42.4981847,-82.8358089,,10.2635,72.8459,90.4857,120.768,0.0,-3.9507,-0.0703,256.8354,0.3565,0.3224,,,,,,,,,,,,16.1943,61.7734,14.4941,100.1206,186.6786,-56.7149,-2.2443,-10.7892,146.0721,14.9599,12.4837,17.8784,0.5793,12.2995,0.1825,50.0,6.8572,146.0721,12.4837,18.7573,120.0,-44.2935,235.6667,,1401.7551,,15986.8772,,
2026-08-26 19:10:34,42.4982018,-82.835741,15.8038,10.6328,71.4135,,87.0369,0.0,,,256.788,0.3593,0.3249,,,,,,,,,,,,15.1225,60.2227,13.3941,101.4879,188.9865,-56.6519,-2.0321,-10.3585,145.509,15.0185,12.349,17.9295,0.5711,12.4262,0.1635,50.0,6.8174,145.509,12.349,18.6222,120.0,-43.9763,236.0921,,1403.0864,,16001.969,,
2026-08-26 19:10:35,42.4982144,-82.835679,,10.244,71.2874,91.1618,-160.4431,0.0,-6.3128,0.5137,256.7738,0.3622,0.3274,,,,,,,,,,,,14.6423,60.3637,13.0738,103.2297,189.4193,-56.8352,-2.1665,-10.1532,144.2435,14.9531,12.0462,17.8405,0.5728,12.2847,0.1764,50.0,6.7279,144.2435,12.0462,18.3184,120.0,-41.6444,234.5086,,1404.3852,,16016.7328,,
2026-08-26 19:10:36,42.498226,-82.835615,15.771,10.5939,73.797,89.569,-179.1479,0.0,-4.3017,-0.1476,256.7721,0.3651,0.33,,,7.2319,17.0898,10.0,0.0055,48.092,16.7725,67.0749,0.0,0.0,13.7379,59.1092,12.3192,106.8684,191.6695,-56.6118,-2.4883,-10.7011,141.655,14.658,11.427,17.266,0.6075,11.6287,0.214,50.0,6.5449,141.655,11.427,17.6972,120.0,-36.9697,231.1782,,,,,,
2026-08-26 19:10:37,42.4982428,-82.8355527,,10.7494,69.8894,86.5896,-77.9372,0.0,-1.0917,1.5504,256.7178,0.368,0.3325,,,,,,,,,,,,13.5443,58.1989,12.0446,107.117,188.8342,-56.6691,-3.062,-11.0197,140.2279,14.4423,11.0856,17.0121,0.6237,11.1306,0.2751,50.0,6.444,140.2279,11.0856,17.3547,120.0,-33.3415,227.4892,,1407.113,,16047.9008,,
2026-08-26 19:10:38,42.4982582,-82.8354941,15.771,10.4773,68.2049,85.8562,,0.0,1.6418,0.6512,256.6721,0.3708,0.3349,,,,,,,,,,,,13.9476,58.3537,12.2991,105.113,186.9729,-56.3998,-3.0178,-10.2583,,14.2266,,16.6981,0.6323,10.8982,0.2769,,,,,,,,,,,,,,
2026-08-26 19:10:39,42.4982747,-82.8354356,,9.8747,67.4429,87.4376,49.5311,0.0,-1.5431,0.5814,256.6135,0.3735,0.3372,,,,,,,,,,,,14.7634,60.3897,13.1549,102.655,185.8675,-56.4456,-2.7185,-10.5122,140.2391,14.6324,11.0882,17.3351,0.5962,11.5704,0.235,50.0,6.4448,140.2391,11.0882,17.3574,120.0,-33.9789,226.8942,,1409.6754,,16077.1003,,
2026-08-26 19:10:40,42.4982899,-82.8353783,15.4429,9.8553,71.2473,88.7095,23.2598,0.0,-3.0238,0.5842,256.5673,0.3762,0.3395,,,7.232,17.0898,10.0,0.0042,48.092,16.7725,66.8247,0.0,0.0,15.0853,63.5876,13.9384,104.2322,188.2891,-56.3539,-2.4253,-10.2927,142.672,14.7993,11.6703,17.6018,0.5807,11.9466,0.203,50.0,6.6168,142.672,11.6703,17.9413,120.0,-38.1321,229.9215,,1410.9158,,16091.2079,,
2026-08-26 19:10:41,,,,9.5054,69.1789,88.1423,-70.4944,0.0,-2.2647,-0.4093,256.5237,0.3787,0.3417,,,,,,,,,,,,14.1678,60.1239,12.573,102.2885,186.5247,-56.3711,-2.3604,-9.9109,144.5199,14.8027,12.1124,17.6144,0.5624,11.954,0.1975,50.0,6.7475,144.5199,12.1124,18.3848,120.0,-40.6552,232.6157,,1412.1254,,16104.9874,,
2026-08-26 19:10:42,42.4983045,-82.835325,15.6398,9.7775,71.0697,86.9563,-149.2223,0.0,-0.4316,1.6577,256.4776,0.3814,0.3439,,,,,,,,,,,,13.2765,64.123,12.6205,108.8276,190.7777,-55.6091,-2.6672,-10.0671,143.4305,14.6717,11.8517,17.4613,0.5666,11.6599,0.2287,50.0,6.6704,143.4305,11.8517,18.1233,120.0,-39.9479,231.5523,,,,,,
2026-08-26 19:10:43,42.498321,-82.8352619,,9.9913,68.818,91.4826,300.7444,0.0,-3.1008,0.7592,256.445,0.3841,0.3463,,,,,,,,,,,,14.8116,65.1981,13.9273,105.1156,190.7268,-56.0617,-2.6579,-10.016,142.519,14.7916,11.6337,17.7349,0.5587,11.9294,0.2228,50.0,6.606,142.519,11.6337,17.9046,120.0,-36.2997,229.9618,,1414.5668,,16132.8745,,
2026-08-26 19:10:44,42.4983348,-82.835204,15.5085,9.4276,75.3726,,-29.2483,0.0,-3.9743,0.517,256.4267,0.3867,0.3486,,,7.2321,17.0898,10.0,0.0028,48.092,16.7725,67.475,0.0,0.0,,,,,,,,-9.3446,144.2689,,12.0523,,,,,50.0,6.7297,144.2689,12.0523,18.3245,120.0,-38.7842,233.4888,,1415.7206,,16145.9979,,
2026-08-26 19:10:45,42.4983464,-82.8351471,,9.4082,76.7821,91.7634,27.0001,0.0,,,,,,,,,,,,,,,,,14.6384,64.247,13.5742,103.7633,191.0681,-56.2852,-2.4863,,145.0664,14.9328,12.2431,18.0016,0.5391,12.2405,0.2031,50.0,6.7861,145.0664,12.2431,18.5159,120.0,-40.4057,236.1333,,1416.8149,,16158.4651,,
2026-08-26 19:10:46,42.4983558,-82.8350915,15.5085,9.5054,75.8252,92.3879,27.0035,0.0,-0.7614,0.4318,256.4255,0.3906,0.3521,,,,,,,,,,,,13.3952,60.9761,12.1328,105.1165,192.9332,-55.5976,-2.4165,-9.408,142.8617,14.7423,11.7157,17.5284,0.5521,11.8192,0.2045,50.0,6.6302,142.8617,11.7157,17.9868,120.0,-38.3118,234.5442,,,,,,
2026-08-26 19:10:47,42.4983658,-82.8350348,,10.2246,77.4754,93.0468,-96.7141,0.0,-3.2406,-0.2545,256.4318,0.3932,0.3544,,,,,,,,,,,,15.9869,63.0012,14.4656,100.0289,189.9306,-55.9873,-2.1634,-9.5048,145.3304,14.893,12.3063,17.7524,0.5466,12.1536,0.178,50.0,6.8048,145.3304,12.3063,18.5793,120.0,-42.9716,237.8667,,1419.13,,16185.0399,,
2026-08-26 19:10:48,42.4983777,-82.834976,15.2133,10.3607,77.7446,90.904,8.3159,0.0,-5.4082,0.7858,256.4121,0.3959,0.3568,,,7.2321,17.0898,10.0,0.0037,48.092,16.7725,66.866,0.0,0.0,16.1428,65.3495,15.0263,102.4716,191.5029,-56.6003,-1.9099,-10.2228,148.2342,15.2472,13.0009,18.4253,0.5369,12.9093,0.1479,50.0,7.0101,148.2342,13.0009,19.2762,120.0,-46.92,240.5763,,,,,,
2026-08-26 19:10:49,42.4983902,-82.8349144,,10.108,71.9349,89.8726,,0.0,-1.2656,0.2778,256.4046,0.3987,0.3594,,,,,,,,,,,,13.7998,57.9617,12.0754,104.363,191.3001,-54.7325,-2.1922,-10.3578,144.8491,15.0165,12.1911,18.0054,0.5637,12.4218,0.1765,50.0,6.7707,144.8491,12.1911,18.4638,120.0,-42.0499,235.9129,,1421.7985,,16215.2236,,
2026-08-26 19:10:50,42.4984051,-82.8348507,14.9508,10.3412,70.5827,85.8963,-239.1812,0.0,-3.0676,0.0583,256.3662,0.4017,0.3619,,,,,,,,,,,,15.6384,59.0687,13.617,99.8971,185.9363,-54.9273,-2.3034,-10.0778,144.1065,14.8131,12.0135,17.5631,0.5891,11.9771,0.1923,50.0,6.7182,144.1065,12.0135,18.2856,120.0,-41.5425,233.3156,,,,,,
2026-08-26 19:10:51,42.49842543702887,-82.83478230091069,,10.3801,65.8214,83.9024,-104.1603,0.0,0.3442,0.9914,256.3013,0.4046,0.3643,,,,,,,,,,,,14.923,59.1291,13.056,101.1676,183.4702,-55.2825,-1.915,-9.8681,144.0335,14.8337,11.996,17.445,0.5847,12.0228,0.1593,50.0,6.7131,144.0335,11.996,18.268,120.0,-43.1769,230.921,,1424.6839,,16248.3601,,
2026-08-26 19:10:52,42.4984444129268,-82.83472360664985,15.771,10.2052,71.0353,82.3268,-100.4097,0.0,-0.151,-0.0397,256.2337,0.4074,0.3666,,,7.2322,17.0898,10.0,0.0056,48.092,16.7725,66.4409,0.0,0.0,15.0058,61.5608,13.5122,102.4401,183.0997,-53.4949,-2.2478,-9.7438,144.3433,14.8361,12.0701,17.6138,0.5753,12.0282,0.1869,50.0,6.735,144.3433,12.0701,18.3424,120.0,-41.5642,229.3122,,1426.0913,,16264.4362,,
2026-08-26 19:10:53,42.49846343395584,-82.83466349065907,,9.7581,71.0353,83.2435,57.0907,0.0,-0.2332,0.4543,256.1637,0.4102,0.369,,,,,,,,,,,,15.244,65.4962,14.3564,104.9417,184.6851,-54.3601,-2.2273,-10.3773,146.0686,15.0257,12.4829,18.0553,0.5551,12.4417,0.179,50.0,6.857,146.0686,12.4829,18.7565,120.0,-43.0207,229.2239,,,,,,
2026-08-26 19:10:54,42.498482413793695,-82.8346109365797,15.6398,9.622,69.0643,,207.083,0.0,,,256.0897,0.4128,0.371,,,,,,,,,,,,13.9919,65.6601,13.3908,107.8209,187.5446,-53.9762,-2.6458,-9.5652,145.593,15.0075,12.3691,18.2202,0.5443,12.4024,0.2133,50.0,6.8233,145.593,12.3691,18.6423,120.0,-39.9034,229.4005,,1428.6285,,16293.3076,,
2026-08-26 19:10:55,42.498501274004695,-82.83455708283428,,9.6609,69.2706,86.8933,27.0757,0.0,-1.9421,0.39,256.0185,0.4154,0.3731,,,,,,,,,,,,13.7977,66.0984,13.2976,108.4459,189.9495,-53.7298,-2.9308,-9.8495,144.8269,14.9136,12.1858,18.1575,0.5417,12.1986,0.2403,50.0,6.7692,144.8269,12.1858,18.4585,120.0,-37.4142,230.3382,,,,,,
2026-08-26 19:10:56,42.49851819021706,-82.83450014358624,16.1975,10.0302,69.4941,86.7042,-89.0961,0.0,-4.0854,-0.446,255.9665,0.4181,0.3754,,,7.2323,17.0898,10.0,0.0038,48.092,16.7725,67.5408,0.0,0.0,12.8454,64.9108,12.4819,111.2475,192.5341,-54.6064,-3.1825,-9.9405,143.3769,14.7511,11.8389,17.9057,0.5532,11.8389,0.2688,50.0,6.6666,143.3769,11.8389,18.1105,120.0,-34.6347,229.6912,,1431.2327,,16322.8352,,
2026-08-26 19:10:57,42.49853444071961,-82.83444023323457,,10.5551,67.0418,84.7848,,0.0,-2.5237,0.4091,255.9251,0.4209,0.3778,,,,,,,,,,,,12.1226,65.833,12.2956,115.9054,194.9766,-55.2481,-3.8191,-10.276,141.6338,14.5676,11.4219,17.6125,0.5778,11.4219,0.3344,50.0,6.5434,141.6338,11.4219,17.6921,120.0,-29.5906,226.9665,,,,,,
2026-08-26 19:10:58,42.4985541,-82.8343722,15.4429,10.6134,67.4257,83.0373,-111.5961,0.0,0.2682,0.2412,255.8682,0.4241,0.3805,,,,,,,,,,,,12.7115,63.1765,12.2398,112.0598,190.2813,-54.9387,-4.0724,-10.2458,141.5056,14.5543,11.3912,17.5944,0.5849,11.3912,0.3575,50.0,6.5343,141.5056,11.3912,17.6613,120.0,-28.196,225.4489,,1434.0351,,16354.9874,,
2026-08-26 19:10:59,42.4985729,-82.834312,15.2133,10.8078,71.5624,84.7905,124.6493,0.0,-2.712,0.5859,255.8089,0.427,0.3828,,,,,,,,,,,,14.2135,66.9574,14.0167,111.0708,190.1665,-55.0705,-3.8783,-10.5121,143.2281,14.7353,11.8033,17.9915,0.5835,11.8033,0.3286,50.0,6.6561,143.2281,11.8033,18.0747,120.0,-31.5489,227.3877,,1435.4121,,16370.7354,,
2026-08-26 19:11:00,42.4985909,-82.8342505,,10.4773,71.6369,85.7817,64.6434,0.0,-4.8293,0.2504,255.7632,0.4296,0.385,,,7.2324,17.0898,10.0,0.0059,48.092,16.7725,67.0097,0.0,0.0,14.5713,67.285,14.3074,110.0404,190.7755,-55.1679,-3.7073,-10.1756,146.3108,15.072,12.5408,18.7208,0.5623,12.5408,0.2956,50.0,6.8741,146.3108,12.5408,18.8146,120.0,-35.6901,231.4972,,,,,,
2026-08-26 19:11:01,42.4986075,-82.8341881,15.5741,10.6717,69.4138,86.6297,53.3951,0.0,-1.3376,-0.3501,255.7253,0.4325,0.3875,,,,,,,,,,,,13.1375,62.2838,12.471,111.1599,192.2724,-54.5262,-3.773,-10.6731,144.8788,14.9134,12.1982,18.3802,0.5747,12.1982,0.3093,50.0,6.7728,144.8788,12.1982,18.4709,120.0,-33.9508,230.6789,,1438.1859,,16402.2315,,
2026-08-26 19:11:02,42.4986226,-82.8341211,,10.108,70.7775,87.9647,87.1331,0.0,,,255.7059,0.4356,0.3902,,,,,,,,,,,,13.5995,65.7593,13.324,111.4586,193.5961,-54.1595,-3.8119,-10.5541,143.8896,14.8061,11.9616,18.1463,0.5789,11.9616,0.3187,50.0,6.7029,143.8896,11.9616,18.2335,120.0,-32.6135,230.9247,,1439.6167,,16418.6357,,
2026-08-26 19:11:03,42.4986397,-82.8340552,16.2959,,,86.1771,-156.6272,0.0,-1.8559,0.5663,255.6701,0.4387,0.3929,,,,,,,,,,,,13.1829,61.1273,12.1516,108.1914,190.0745,-53.3516,-3.5087,-10.4082,142.6393,14.6729,11.6625,17.8308,0.5762,11.6625,0.3009,50.0,6.6145,142.6393,11.6625,17.9334,120.0,-32.6708,229.4182,,1441.0844,,16435.368,,
2026-08-26 19:11:04,42.4986586,-82.8339926,,9.797,68.3138,87.5407,57.1147,0.0,1.2007,0.4503,255.6165,0.4416,0.3953,,,7.2324,17.0898,10.0,0.0048,48.092,16.7725,67.1163,0.0,0.0,13.6632,62.3609,12.62,106.4396,188.2891,-53.0881,-3.2603,-9.7284,141.4495,14.5485,11.3778,17.4559,0.5753,11.3778,0.2865,50.0,6.5304,141.4495,11.3778,17.6479,120.0,-32.5055,228.1384,,,,,,
2026-08-26 19:11:05,42.4986817,-82.8339276,16.1975,9.7192,66.423,,94.5999,0.0,-2.9563,-0.1079,255.5356,0.4448,0.3979,,,,,,,,,,,,15.0178,66.5945,14.2733,105.0759,189.3136,-53.9533,-2.7554,-9.77,144.7269,14.8968,12.1619,18.0345,0.5451,12.1619,0.2266,50.0,6.7621,144.7269,12.1619,18.4345,120.0,-38.4511,232.6617,,1443.8934,,16467.1921,,
2026-08-26 19:11:06,42.4987015,-82.8338695,,9.3693,68.8466,88.847,-2.8877,0.0,-4.2369,-0.1769,255.4705,0.4475,0.4001,,,,,,,,,,,,13.1149,62.9208,12.2418,107.4684,191.4121,-52.8761,-2.6364,-9.9493,144.7217,14.8962,12.1606,17.9955,0.5378,12.1606,0.2168,50.0,6.7617,144.7217,12.1606,18.4332,120.0,-38.9132,232.9126,,1445.1748,,16481.9559,,
2026-08-26 19:11:07,42.4987155,-82.8338111,16.3615,9.8164,72.9547,88.3428,-100.3685,0.0,0.3546,0.07,255.4495,0.4503,0.4025,,,,,,,,,,,,,,,,,,-2.4582,-9.3867,140.0,14.3717,11.0094,16.6962,0.5777,11.0094,0.2233,49.9056,6.4214,140.0,11.0094,17.2736,120.0,-35.235,228.2697,,1446.5369,,16497.3759,,
2026-08-26 19:11:08,42.4987338,-82.8337521,,9.5054,66.9558,87.8616,,0.0,-2.4403,0.5838,255.398,0.4531,0.4048,,,7.2325,17.0898,10.0,0.0042,48.092,16.7725,67.3774,0.0,0.0,13.6609,54.7584,11.269,98.0751,183.0193,-42.3107,-2.1014,-9.2966,141.9301,14.5985,11.4928,17.0784,0.5384,11.4928,0.1828,50.0,6.5643,141.9301,11.4928,17.7632,120.0,-38.7189,230.0198,,1447.7258,,16511.1554,,
2026-08-26 19:11:09,42.4987481,-82.8337016,16.624,8.4168,68.6805,88.635,15.8652,0.0,-0.8394,-0.6555,255.3644,0.4554,0.4068,,,,,,,,,,,,14.2318,67.0588,13.516,104.145,187.8462,-53.7871,-2.0126,-8.1789,141.7943,14.5843,11.4603,17.0219,0.5274,11.4603,0.1756,50.0,6.5547,141.7943,11.4603,17.7306,120.0,-38.8393,230.4504,,1448.873,,16524.2787,,
2026-08-26 19:11:10,42.4987636,-82.8336494,,8.9028,68.5945,88.996,30.8916,,-3.1486,0.9335,255.3249,0.4579,0.4089,,,,,,,,,,,,13.9246,60.3572,12.2603,99.2119,184.2691,-46.5048,-2.1503,-8.5519,143.9785,14.8156,11.9828,17.663,0.503,11.9828,0.1794,50.0,6.7092,143.9785,11.9828,18.2549,120.0,-39.973,232.7857,,,,,,
2026-08-26 19:11:11,42.498781,-82.8335972,16.2959,8.2419,70.915,86.5839,-152.8457,0.0,,,255.272,0.4604,0.4109,,,,,,,,,,,,14.1514,69.8354,13.8789,106.8366,191.0502,-51.4953,,-8.4699,,,,,,,,,,,,,,,,,1451.3583,,16552.494,,
2026-08-26 19:11:12,42.4987961,-82.8335363,,8.6695,70.9666,86.0338,38.4134,0.0,-0.3837,0.5253,255.2517,0.463,0.4132,,,7.2326,17.0898,10.0,0.0077,48.092,16.7725,67.3525,0.0,0.0,12.4388,68.7423,12.3379,110.0189,192.1558,-52.2115,-2.431,-8.3739,144.8811,14.9137,12.1988,18.061,0.4845,12.1988,0.1993,50.0,6.773,144.8811,12.1988,18.4715,120.0,-38.751,232.362,,1452.5069,,16565.6173,,
2026-08-26 19:11:13,42.4988111,-82.8334867,16.3615,8.3391,70.9666,87.6324,83.4169,0.0,0.5035,1.5575,255.2138,0.4654,0.4151,,,,,,,,,,,,13.1685,67.2029,12.643,106.2183,188.8955,-48.3726,-2.57,-8.6263,141.9489,14.6004,11.4973,17.4249,0.4993,11.4973,0.2235,50.0,6.5657,141.9489,11.4973,17.7677,120.0,-34.7693,228.5902,,,,,,
2026-08-26 19:11:14,42.4988251,-82.8334359,,8.2613,70.1071,89.8383,173.4034,0.0,-1.8147,0.3133,255.1827,0.4678,0.4172,,,,,,,,,,,,14.1652,70.5938,13.8532,105.3293,189.3845,-54.1481,-2.2715,-8.1,143.8748,14.8045,11.958,17.7638,0.477,11.958,0.19,50.0,6.7018,143.8748,11.958,18.23,120.0,-38.3265,230.8861,,1454.7001,,16590.5517,,
2026-08-26 19:11:15,42.498837,-82.833385,16.2959,8.3391,72.737,,180.908,0.0,-1.3255,0.3401,255.1685,0.4701,0.4192,,,,,,,,,,,,12.4019,70.6485,12.4357,109.7899,194.4666,-51.2775,-2.4596,-8.2629,143.6055,14.7756,11.8936,17.8237,0.4698,11.8936,0.2068,50.0,6.6828,143.6055,11.8936,18.1653,120.0,-36.5239,232.2054,,1455.7151,,16602.0347,,
2026-08-26 19:11:16,42.4988477,-82.8333345,16.4272,8.3391,72.4677,92.1473,19.6502,0.0,-3.9017,-0.4648,255.1606,0.4725,0.4213,,,7.2327,17.0898,10.0,0.0079,48.092,16.7725,67.9133,0.0,0.0,12.9774,71.6675,13.0132,108.8021,195.2869,-51.3119,-2.6036,-8.2372,142.8156,14.6915,11.7046,17.7304,0.4682,11.7046,0.2224,50.0,6.627,142.8156,11.7046,17.9757,120.0,-34.5384,233.3798,,,,,,
2026-08-26 19:11:17,42.4988571,-82.8332835,,8.0864,75.2064,92.6801,-306.537,0.0,-0.8149,1.0226,255.166,0.4748,0.4233,,,,,,,,,,,,12.7499,66.4143,12.0835,104.7598,193.4085,-51.1286,-2.3762,-8.1056,142.1335,14.6197,11.5414,17.434,0.4728,11.5414,0.2059,50.0,6.5787,142.1335,11.5414,17.812,120.0,-35.377,234.2234,,1457.7892,,16625.6567,,
2026-08-26 19:11:18,42.4988671,-82.8332327,16.9849,8.2808,71.4536,88.4517,-2.7949,0.0,2.0162,1.3542,255.1656,0.4771,0.4254,,,,,,,,,,,,12.3394,69.6151,12.2156,108.76,194.0543,-52.3375,-2.4884,-8.2374,140.6681,14.4681,11.1909,17.1471,0.4801,11.1909,0.2224,50.0,6.4751,140.6681,11.1909,17.4603,120.0,-33.0728,231.8925,,,,,,
2026-08-26 19:11:19,42.4988797,-82.8331817,,8.2808,70.6973,87.9876,,0.0,,,255.1491,0.4795,0.4275,,,,,,,,,,,,13.5816,69.9837,13.249,105.5957,190.118,-52.0625,-2.4464,-8.5824,141.5116,14.555,11.3927,17.3281,0.4747,11.3927,0.2147,50.0,6.5348,141.5116,11.3927,17.6628,120.0,-34.2095,230.437,,1460.0834,,16651.9034,,
2026-08-26 19:11:20,42.4988985,-82.8331277,16.8537,7.7365,68.8466,87.8214,-70.2916,0.0,0.988,0.8596,255.1064,0.4818,0.4294,,,7.2327,17.0898,10.0,0.0056,48.092,16.7725,66.7856,0.0,0.0,14.7416,69.3179,14.0494,100.9936,185.7401,-52.4005,-2.0452,-7.7695,144.345,14.8553,12.0705,17.8148,0.4513,12.0705,0.1694,50.0,6.7351,144.345,12.0705,18.3428,120.0,-39.6086,232.5259,,,,,,
2026-08-26 19:11:21,42.4989112,-82.8330833,,7.5227,69.2362,89.483,147.1906,0.0,-0.777,0.4738,255.0706,0.484,0.4312,,,,,,,,,,,,14.1505,70.9678,13.6944,102.3603,187.4889,-51.8161,-1.6918,-7.5207,145.7505,15.0095,12.4068,18.0034,0.429,12.4068,0.1364,50.0,6.8345,145.7505,12.4068,18.6801,120.0,-43.0975,233.9023,,1462.1253,,16675.1974,,
2026-08-26 19:11:22,42.4989227,-82.8330346,16.624,8.2808,71.6713,90.9784,135.9629,0.0,-2.9957,0.2204,255.0505,0.4862,0.4331,,,,,,,,,,,,13.2218,69.7973,12.8824,105.5919,191.5688,-45.525,-1.7868,-7.7283,144.9361,14.9197,12.2119,17.834,0.4411,12.2119,0.1463,50.0,6.7769,144.9361,12.2119,18.4847,120.0,-41.8087,234.0158,,1463.1363,,16686.6803,,
2026-08-26 19:11:23,42.4989336,-82.832982,,8.4946,73.0636,88.8871,-104.0022,0.0,-3.8506,0.7605,255.0425,0.4885,0.4351,,,,,,,,,,,,13.1925,70.7917,13.0422,107.213,193.5674,-49.805,-1.8783,-7.9667,144.4734,14.8692,12.1012,17.7484,0.4527,12.1012,0.1552,50.0,6.7442,144.4734,12.1012,18.3736,120.0,-40.9533,234.5524,,1464.2732,,16699.8037,,
2026-08-26 19:11:24,42.4989434,-82.832929,16.624,8.5723,76.3294,89.8325,132.2501,0.0,-1.3016,1.2737,255.0457,0.4909,0.4373,,,7.2328,17.0898,10.0,0.0041,48.092,16.7725,67.2538,0.0,0.0,12.6721,66.3957,12.1187,106.6285,192.1283,-47.9888,-2.2128,-8.3956,142.3616,14.6436,11.596,17.3907,0.4734,11.596,0.1908,50.0,6.5949,142.3616,11.596,17.8668,120.0,-36.7714,231.6444,,,,,,
2026-08-26 19:11:25,42.4989557,-82.8328744,,9.0583,72.6682,,-242.7531,0.0,-5.7221,0.612,255.0412,0.4935,0.4395,,,,,,,,,,,,15.2683,66.662,14.3154,101.6778,188.4562,-47.6851,-2.3578,-8.8788,143.4807,14.7622,11.8637,17.676,0.4938,11.8637,0.1987,50.0,6.674,143.4807,11.8637,18.1354,120.0,-37.8082,233.1464,,1466.5256,,16725.3942,,
2026-08-26 19:11:26,42.4989702,-82.8328212,16.5584,8.7473,69.1675,87.8272,,0.0,,,255.022,0.496,0.4417,,,,,,,,,,,,13.3083,66.1431,12.7143,106.8067,189.9212,-48.2581,-2.1251,-9.2166,145.4187,14.9727,12.3274,18.0116,0.4938,12.3274,0.1724,50.0,6.811,145.4187,12.3274,18.6005,120.0,-41.5941,234.0298,,1467.7615,,16739.5018,,
2026-08-26 19:11:27,42.4989858,-82.8327637,,9.8941,73.075,86.5724,-6.4767,0.0,-1.6663,1.2242,255.0042,0.4987,0.444,,,,,,,,,,,,12.8026,64.6439,12.3224,110.1355,192.2714,-47.0205,-2.7807,-9.5236,141.9411,14.5996,11.4954,17.4259,0.5392,11.4954,0.2419,50.0,6.5651,141.9411,11.4954,17.7659,120.0,-34.7275,229.1692,,1469.0719,,16754.5937,,
2026-08-26 19:11:28,42.499004,-82.8327024,15.8694,9.5831,69.9983,86.4005,12.2796,0.0,-0.5119,1.9476,254.9628,0.5014,0.4462,,,7.2329,17.0898,10.0,0.0054,48.092,16.7725,67.0128,0.0,0.0,14.4497,65.6416,13.6675,105.6095,188.0876,-47.6679,-2.8658,-9.6449,143.2741,14.7402,11.8143,17.7733,0.5376,11.8143,0.2426,50.0,6.6594,143.2741,11.8143,18.0858,120.0,-35.8202,229.962,,,,,,
2026-08-26 19:11:29,42.4990218,-82.8326449,,9.9719,71.8432,86.4349,,0.0,,,254.9281,0.504,0.4485,,,,,,,,,,,,14.6717,63.4314,13.5186,103.9063,186.7128,-48.1148,-2.4625,-9.714,145.5249,14.9845,12.3528,18.1046,0.5373,12.3528,0.1993,50.0,6.8185,145.5249,12.3528,18.626,120.0,-40.8624,232.0644,,1471.6632,,16784.1213,,
2026-08-26 19:11:30,42.4990367,-82.832587,15.4429,9.8164,71.3619,85.8562,,0.0,,,254.8879,0.5068,0.4507,,,,,,,,,,,,13.593,62.79,12.6857,107.6473,189.2169,-48.1606,-2.5649,-9.7803,144.033,14.8215,11.9959,17.769,0.553,11.9959,0.2138,50.0,6.713,144.033,11.9959,18.2679,120.0,-38.9023,230.0913,,1472.9371,,16798.557,,
2026-08-26 19:11:31,42.4990527,-82.8325255,,10.3607,70.2905,85.4036,,0.0,,,254.8599,0.5096,0.4531,,,,,,,,,,,,13.5489,62.1376,12.686,109.2291,190.0116,-48.3383,-2.9872,-10.2537,142.8698,14.6972,11.7176,17.6404,0.5774,11.7176,0.2549,50.0,6.6308,142.8698,11.7176,17.9888,120.0,-35.8171,228.511,,1474.308,,16814.305,,
2026-08-26 19:11:32,42.4990694,-82.8324586,15.5741,10.8855,70.3248,84.9738,,0.0,,,254.8377,0.5126,0.4557,,,,,,,,,,,,14.087,61.941,13.1578,109.1287,189.5801,-48.3726,-3.4419,-10.9786,142.714,14.6808,11.6803,17.7526,0.6006,11.6803,0.2947,50.0,6.6198,142.714,11.6803,17.9514,120.0,-33.8817,228.0611,,,,,,
2026-08-26 19:11:33,42.4990874,-82.8323913,,11.2743,69.1675,84.3837,,0.0,,,254.8141,0.5157,0.4584,,,,,,,,,,,,14.5268,62.8606,13.7089,109.4392,189.5179,,-3.6828,-11.0004,143.7059,14.7863,11.9176,18.0627,0.6056,11.9176,0.309,50.0,6.6899,143.7059,11.9176,18.1894,120.0,-34.0297,228.4478,,1477.2585,,16847.7696,,
2026-08-26 19:11:34,42.4991054,-82.8323235,16.3615,11.5075,68.52,84.7332,-13.9126,0.0,-0.4595,0.7539,254.7832,0.5189,0.4611,,,,,,,,,,,,15.436,62.8821,14.4016,107.4452,187.6517,-48.1606,-3.713,-11.2814,145.284,14.9579,12.2952,18.4131,0.6099,12.2952,0.302,50.0,6.8015,145.284,12.2952,18.5682,120.0,-35.9769,229.8041,,1478.7588,,16864.8299,,
2026-08-26 19:11:35,42.4991228,-82.8322581,16.0663,11.0799,68.944,84.2405,-36.4161,0.0,-2.7465,0.0307,254.75,0.5221,0.4638,,,,,,,,,,,,,,,,,-48.2065,-3.3929,-11.2686,146.9596,15.1452,12.696,18.6908,0.599,12.696,0.2672,50.0,6.92,146.9596,12.696,18.9703,120.0,-39.319,231.5027,,1480.1964,,16881.2341,,
2026-08-26 19:11:36,42.4991429,-82.8321856,,11.3326,68.2106,,57.3279,0.0,-2.3413,0.4865,254.7246,0.5251,0.4664,,,7.2331,17.0898,10.0,0.008,48.092,16.7725,66.7833,0.0,0.0,15.0393,64.1784,14.2787,108.5402,188.3099,-52.2516,-3.749,-11.1204,146.8481,15.1326,12.6694,18.8007,0.5992,12.6694,0.2959,50.0,6.9121,146.8481,12.6694,18.9435,120.0,-37.4093,231.3232,,1481.6588,,16897.9664,,
2026-08-26 19:11:37,42.499162,-82.8321176,16.2631,11.3131,68.2393,85.3234,-13.9401,0.0,-2.2032,-0.0953,254.6943,0.5282,0.469,,,,,,,,,,,,13.7219,64.1021,13.4156,113.0577,192.1112,-52.0568,-4.0916,-11.1695,146.05,15.0428,12.4784,18.6661,0.6004,12.4784,0.3279,50.0,6.8557,146.05,12.4784,18.752,120.0,-34.6362,231.0844,,,,,,
2026-08-26 19:11:38,42.4991795,-82.8320512,,11.1771,71.9005,85.69,68.5452,0.0,-1.7484,0.104,254.6624,0.5315,0.4717,,,,,,,,,,,,14.3745,64.8124,13.9429,111.1034,191.147,-52.773,-4.1404,-11.1238,146.1162,15.0502,12.4943,18.6852,0.5984,12.4943,0.3314,50.0,6.8603,146.1162,12.4943,18.7679,120.0,-34.3816,231.7434,,1484.6056,,16931.7591,,
2026-08-26 19:11:39,42.4991969,-82.8319849,16.1319,10.9438,69.9581,86.624,4.806,0.0,-2.6219,-0.0752,254.6412,0.5346,0.4744,,,,,,,,,,,,13.8366,65.2953,13.6859,113.2947,194.1623,-53.4032,-4.1864,-11.2004,146.2981,15.0706,12.5378,18.7346,0.5887,12.5378,0.3339,50.0,6.8732,146.2981,12.5378,18.8116,120.0,-33.9909,232.5575,,,,,,
2026-08-26 19:11:40,42.4992147,-82.831916,,11.2937,71.19,86.6927,,0.0,,,254.6198,0.5377,0.4771,,,7.2331,17.0898,10.0,0.0034,48.092,16.7725,67.765,0.0,0.0,14.3509,64.2183,13.7501,109.9817,191.7132,-53.1683,-4.0981,-10.725,145.6226,14.9953,12.3762,18.5648,0.6013,12.3762,0.3311,50.0,6.8254,145.6226,12.3762,18.6494,120.0,-34.0828,232.1655,,1487.5634,,16965.2236,,
2026-08-26 19:11:41,42.4992333,-82.8318498,15.1476,11.3909,70.8634,86.7042,4.83,0.0,-2.1083,0.3473,254.593,0.5409,0.4798,,,,,,,,,,,,14.2092,63.5912,13.6272,110.9489,192.6697,-52.6469,-4.1061,-11.3732,145.756,15.0101,12.4081,18.5959,0.6039,12.4081,0.3309,50.0,6.8349,145.756,12.4081,18.6814,120.0,-34.3086,232.4295,,1489.0434,,16982.284,,
2026-08-26 19:11:42,42.4992521,-82.8317828,15.5741,11.663,68.9326,85.3348,-100.1622,0.0,-2.4248,0.2195,254.5608,0.544,0.4825,,,,,,,,,,,,14.3784,61.9245,13.4212,109.0451,190.404,-52.6469,-3.9001,-11.3672,145.1579,14.944,12.265,18.4385,0.6167,12.265,0.318,50.0,6.7926,145.1579,12.265,18.5379,120.0,-35.0991,231.1028,,,,,,
2026-08-26 19:11:43,42.4992729,-82.8317056,15.2789,11.6242,69.9009,85.3062,-13.8885,0.0,-2.4545,0.2303,254.5254,0.5476,0.4855,,,,,,,,,,,,14.3979,62.1724,13.6335,110.9418,191.2818,-52.6641,-4.0974,-11.7604,145.4175,14.9726,12.3271,18.5073,0.626,12.3271,0.3324,50.0,6.8109,145.4175,12.3271,18.6002,120.0,-34.7067,231.1046,,1492.1254,,17017.389,,
2026-08-26 19:11:44,42.4992913,-82.8316356,,11.7214,70.6915,85.3577,61.1094,0.0,-1.8316,0.0114,254.4997,0.5509,0.4883,,,7.2332,17.0569,10.0,0.0049,48.092,16.8734,66.9105,0.0,0.0,14.1844,61.2629,13.3504,111.3131,191.1563,-52.1542,-4.22,-11.7035,144.8406,14.9092,12.1891,18.3717,0.641,12.1891,0.3462,50.0,6.7701,144.8406,12.1891,18.4617,120.0,-33.842,230.1296,,,,,,
2026-08-26 19:11:45,42.4993119,-82.831568,14.6555,12.0907,67.5231,84.1717,,0.0,,,254.4688,0.5542,0.4911,,,,,,,,,,,,14.9829,62.4901,14.2264,110.9178,190.956,-52.3031,,-12.0167,,,,,,,,,,,,,,,,,1495.2362,,17052.8221,,
2026-08-26 19:11:46,42.4993328,-82.8314954,,12.4795,70.2389,,-115.1301,0.0,-5.1367,0.4204,254.4241,0.5574,0.4937,,,,,,,,,,,,14.893,62.4798,14.1721,111.2576,189.8558,-52.3547,-4.2905,-11.8698,146.4716,15.0901,12.5793,18.7638,0.6364,12.5793,0.3411,50.0,6.8855,146.4716,12.5793,18.8532,120.0,-35.4147,231.3089,,,,,,
2026-08-26 19:11:47,42.4993528,-82.8314213,15.3773,12.3434,69.1159,84.4353,-40.1185,0.0,-1.7016,0.3882,254.393,0.561,0.4967,,,,,,,,,,,,13.5781,57.6438,12.6277,114.7257,192.4195,-52.1885,-4.4087,-12.7086,145.494,14.9811,12.3454,18.5303,0.6586,12.3454,0.3571,50.0,6.8163,145.494,12.3454,18.6186,120.0,-34.3158,230.0216,,1498.5128,,17090.2236,,
2026-08-26 19:11:48,42.4993739,-82.8313512,,12.5378,66.6522,83.4842,-2.6333,0.0,-0.3212,0.892,254.365,0.5641,0.4994,,,7.2333,17.0569,10.0,0.0056,48.092,16.8734,66.9035,0.0,0.0,13.6248,58.5877,12.8669,115.3501,192.2217,-54.8356,-4.906,-12.6685,143.4032,14.7539,11.8452,18.0483,0.6914,11.8452,0.4142,50.0,6.6685,143.4032,11.8452,18.1168,120.0,-30.2513,227.7343,,,,,,
2026-08-26 19:11:49,42.4993928,-82.8312864,15.2789,12.1101,67.1965,84.2233,,0.0,,,254.3263,0.5674,0.5021,,,,,,,,,,,,13.8764,60.3141,13.2421,114.4447,191.9909,-57.4082,-5.1701,-12.4664,143.5076,14.7651,11.8702,18.0867,0.6896,11.8702,0.4356,50.0,6.6759,143.5076,11.8702,18.1418,120.0,-29.0183,227.1289,,1501.5393,,17124.6725,,
2026-08-26 19:11:50,42.499413,-82.8312167,,12.0324,68.818,87.9475,169.8281,0.0,-3.4003,-0.3973,254.3016,0.5704,0.5047,,,,,,,,,,,,15.7685,63.3339,14.9497,109.5104,191.4228,-57.7921,-4.8966,-12.297,145.0417,14.9312,12.2372,18.4457,0.6639,12.2372,0.4001,50.0,6.7844,145.0417,12.2372,18.51,120.0,-31.4732,230.4288,,1503.0957,,17142.389,,
2026-08-26 19:11:51,42.4994345,-82.8311433,15.2789,11.5658,66.1537,86.0109,-163.9049,0.0,-7.0876,-0.4376,254.2607,0.574,0.5076,,,,,,,,,,,,14.7433,60.5334,13.5571,108.7698,189.4972,-58.2504,-4.2331,-11.7379,147.7642,15.2372,12.8885,19.07,0.6291,12.8885,0.3284,50.0,6.9769,147.7642,12.8885,19.1634,120.0,-37.1027,234.4366,,,,,,
2026-08-26 19:11:52,42.4994532,-82.8310738,,12.0324,69.6201,85.7932,53.646,0.0,-3.4819,-0.0696,254.2285,0.5772,0.5103,,,7.2334,17.0569,10.0,0.0034,48.092,16.8734,67.7044,0.0,0.0,12.8,56.6871,11.8095,115.0722,193.4474,-57.4712,-4.0231,-11.7885,145.353,14.9655,12.3117,18.479,0.6388,12.3117,0.3268,50.0,6.8064,145.353,12.3117,18.5847,120.0,-35.4251,231.5103,,1506.1681,,17177.494,,
2026-08-26 19:11:53,42.4994742,-82.8309998,16.2631,12.4795,67.271,85.8791,-2.5852,0.0,-1.2815,1.3282,254.2058,0.5806,0.5132,,,,,,,,,,,,14.894,59.1901,13.7223,111.2178,191.0164,-57.5858,-4.6639,-12.3241,142.1885,14.6255,11.5546,17.7508,0.6849,11.5546,0.4036,50.0,6.5826,142.1885,11.5546,17.8252,120.0,-29.6287,228.0783,,1507.8182,,17196.5229,,
2026-08-26 19:11:54,42.4994942,-82.8309284,,12.4211,70.3134,85.5353,57.4035,0.0,-4.1817,-0.5459,254.1737,0.584,0.5161,,,,,,,,,,,,16.4165,57.978,14.3874,104.6657,185.7866,-57.7233,-4.4327,-12.3054,145.1528,14.9435,12.2638,18.4464,0.6714,12.2638,0.3614,50.0,6.7922,145.1528,12.2638,18.5367,120.0,-34.1794,230.8743,,,,,,
2026-08-26 19:11:55,42.4995134,-82.8308544,16.1975,12.771,69.8149,86.1541,19.9286,0.0,-3.335,0.3162,254.1517,0.5874,0.519,,,,,,,,,,,,15.5975,58.6333,14.0235,108.2516,189.3851,-57.3853,-3.6656,-12.4997,146.7048,15.1164,12.6351,18.5962,0.6659,12.6351,0.2901,50.0,6.9019,146.7048,12.6351,18.9091,120.0,-39.4852,232.3675,,1511.0297,,17232.9402,,
2026-08-26 19:11:56,42.4995319,-82.8307829,16.1975,12.7322,70.6743,,27.447,0.0,-4.3567,-0.648,254.1285,0.5909,0.5219,,,7.2334,17.0569,10.0,0.0048,48.092,16.8734,67.2568,0.0,0.0,16.1758,57.4241,14.1791,105.982,187.4616,-57.2936,-3.7269,-12.4091,146.7937,15.1264,12.6563,18.6332,0.6682,12.6563,0.2945,50.0,6.9082,146.7937,12.6563,18.9305,120.0,-39.376,232.7847,,,,,,
2026-08-26 19:11:57,,,,13.1015,71.4822,86.137,19.9492,0.0,-5.2082,-0.2063,254.1095,0.5943,0.5248,,,,,,,,,,,,16.0423,55.7832,13.8544,106.7639,188.3811,-51.9937,-3.7032,-12.6995,147.0447,15.1549,12.7164,18.6598,0.6804,12.7164,0.2912,50.0,6.926,147.0447,12.7164,18.9907,120.0,-40.0866,233.1662,,1514.1447,,17268.3733,,
2026-08-26 19:11:58,42.4995497,-82.83071,16.4928,12.8877,68.0559,86.3088,-216.2824,0.0,-5.1726,-0.218,254.0953,0.5973,0.5275,,,,,,,,,,,,15.6005,42.2529,10.5865,97.7475,178.3819,-39.4517,-3.641,-12.9623,145.5043,14.9822,12.3479,18.2378,0.7065,12.3479,0.2949,50.0,6.8171,145.5043,12.3479,18.621,120.0,-39.0904,231.8169,,,,,,
2026-08-26 19:11:59,42.4995705,-82.8306374,,13.0432,67.4199,83.9769,19.9561,0.0,-2.262,-0.0799,,,,,,,,,,,,,,,,,,,,,-2.681,,140.0,13.9412,10.6796,15.9278,0.8173,10.6796,0.251,48.4706,6.3235,140.0,10.6796,16.8718,120.0,-38.1144,224.9581,,1517.4645,,17306.431,,
2026-08-26 19:12:00,42.4995945,-82.8305571,16.3615,13.4902,68.0044,84.1316,8.7009,0.0,-1.4666,0.4573,254.04,0.6028,0.532,,,7.2335,17.0569,10.0,0.005,48.092,16.8734,67.0214,0.0,0.0,14.2872,39.5219,9.3516,103.5329,181.6443,-39.3543,-2.9093,-12.9591,140.0,12.6664,9.703,14.5123,0.91,9.703,0.2998,44.2214,6.0335,140.0,9.703,15.682,120.0,-37.2739,224.415,,,,,,
2026-08-26 19:12:01,42.4996155,-82.8304846,,13.0043,68.9956,85.4036,-85.0774,0.0,-4.8325,-0.1111,254.0087,0.6062,0.5349,,,,,,,,,,,,14.6694,43.899,10.5229,104.8461,183.1901,-39.2798,-3.1397,-13.1691,140.0,12.9292,9.9043,14.9346,0.8804,9.9043,0.317,45.0973,6.0932,140.0,9.9043,15.9272,120.0,-36.1842,224.7011,,1520.7064,,17343.5045,,
2026-08-26 19:12:02,42.4996371,-82.8304143,15.6398,12.6933,67.8382,83.742,,0.0,,,253.9733,0.6096,0.5377,,,,,,,,,,,,15.8363,47.8963,11.9924,101.5517,182.0228,-39.2913,-2.6881,-12.8096,140.0,13.8178,10.5851,15.7928,0.8189,10.5851,0.254,48.0594,6.2954,140.0,10.5851,16.7566,120.0,-38.0027,224.7383,,1522.3441,,17362.2053,,
2026-08-26 19:12:03,42.4996579,-82.8303434,15.6398,13.1209,66.9788,82.7737,-13.7751,0.0,-3.6087,-0.8703,253.9415,0.6129,0.5405,,,,,,,,,,,,14.7916,46.498,11.0879,104.6149,182.8056,-39.4689,-2.9617,-12.8965,140.0,13.6986,10.4937,15.758,0.8299,10.4937,0.2822,47.662,6.2683,140.0,10.4937,16.6453,120.0,-36.9106,223.7742,,,,,,
2026-08-26 19:12:04,42.4996812,-82.8302666,,13.082,66.1594,83.0258,-51.2534,0.0,-1.6722,0.47,253.9043,0.6166,0.5435,,,7.2336,17.0569,10.0,0.0074,48.092,16.8734,66.6833,0.0,0.0,14.4405,49.6247,11.6792,109.6214,186.2439,-39.3715,-3.9244,-12.9871,140.0,14.0322,10.7493,16.5359,0.8013,10.7493,0.3651,48.7742,6.3442,140.0,10.7493,16.9568,120.0,-32.7708,223.0408,,1525.7796,,17401.2473,,
2026-08-26 19:12:05,42.4997031,-82.8301935,16.2631,13.1015,66.8069,83.2034,-21.2865,0.0,-3.834,-0.4934,253.8664,0.6204,0.5467,,,,,,,,,,,,16.0988,53.7727,13.506,105.9421,183.5903,-39.2626,-3.7994,-13.5862,142.8543,14.6956,11.7139,17.6095,0.7495,11.7139,0.3243,50.0,6.6297,142.8543,11.7139,17.985,120.0,-36.1234,225.8992,,,,,,
2026-08-26 19:12:06,42.499727602331866,-82.83011149230646,,13.4514,67.1105,,68.7102,0.0,-3.7593,-0.4825,253.8377,0.6236,0.5493,,,,,,,,,,,,15.4782,55.4048,13.4882,109.1555,186.5973,-39.2798,-4.0834,-12.9649,144.0734,14.8259,12.0055,18.0104,0.7354,12.0055,0.3401,50.0,6.7159,144.0734,12.0055,18.2776,120.0,-36.1168,227.4476,,1529.3671,,17442.2578,,
2026-08-26 19:12:07,42.49974979990806,-82.83003460423032,15.5741,13.5874,64.7901,83.8279,-156.2593,0.0,-3.9857,-0.2456,253.8077,0.6272,0.5524,,,,,,,,,,,,14.2413,55.6244,12.8863,114.197,190.4964,-39.2798,-4.8223,-13.2755,143.3527,14.7485,11.8331,18.0174,0.7375,11.8331,0.4075,50.0,6.6649,143.3527,11.8331,18.1046,120.0,-32.0738,226.6829,,,,,,
2026-08-26 19:12:08,42.499773966072866,-82.8299588322012,,13.5097,68.0617,82.8195,151.2299,0.0,-2.4951,0.5126,253.7669,0.6308,0.5553,,,7.2337,17.0569,10.0,0.0044,48.092,16.8734,67.3437,0.0,0.0,13.6688,54.7352,12.3902,115.7437,190.7454,-39.2913,-5.3763,-13.1638,142.1472,14.6212,11.5447,17.7536,0.7495,11.5447,0.4657,50.0,6.5797,142.1472,11.5447,17.8153,120.0,-28.3174,225.2566,,1532.676,,17479.9874,,
2026-08-26 19:12:09,42.4997954645846,-82.82988132593641,15.8038,12.635,68.5086,85.9421,-36.3232,0.0,-4.3242,-0.8169,253.7386,0.6345,0.5584,,,,,,,,,,,,14.0888,55.3217,12.696,114.1369,191.668,-39.3543,-5.5176,-13.3843,142.129,14.6193,11.5404,17.7585,0.7419,11.5404,0.4781,50.0,6.5784,142.129,11.5404,17.811,120.0,-27.3708,226.9225,,1534.3007,,17498.3601,,
2026-08-26 19:12:10,42.49981597135724,-82.82980770775174,,12.9071,67.609,85.9078,-17.5119,0.0,-4.2888,-0.0935,253.7146,0.638,0.5614,,,,,,,,,,,,14.7936,54.5586,12.7886,109.5341,189.0281,-39.4517,-4.7623,-13.056,142.3507,14.6425,11.5934,17.7803,0.7273,11.5934,0.4108,50.0,6.5941,142.3507,11.5934,17.8642,120.0,-30.7414,227.9517,,,,,,
2026-08-26 19:12:11,42.499838528152054,-82.82973578203072,15.6398,12.9071,64.9333,85.203,,0.0,,,253.6792,0.6414,0.5642,,,,,,,,,,,,13.6497,55.7889,12.4552,115.0036,192.3556,-39.4517,-5.0461,-12.5848,141.932,14.5987,11.4932,17.6932,0.7314,11.4932,0.4391,50.0,6.5645,141.932,11.4932,17.7637,120.0,-28.981,227.1479,,1537.7027,,17537.0741,,
2026-08-26 19:12:12,42.4998637,-82.8296538,,12.4989,62.5212,82.6534,-186.2262,0.0,-1.2986,0.4373,253.6496,0.645,0.5672,,,7.2337,17.0569,10.0,0.0056,48.092,16.8734,65.5601,0.0,0.0,13.6284,53.5255,11.9006,112.9462,187.7887,-39.4517,-5.0778,-12.782,140.4754,14.4484,11.1448,17.3478,0.7378,11.1448,0.4556,50.0,6.4615,140.4754,11.1448,17.4141,120.0,-27.1029,224.1223,,1539.669,,17559.7118,,
2026-08-26 19:12:13,42.4998891,-82.8295799,16.4928,12.5378,64.6182,83.169,46.2583,0.0,0.8592,0.9291,253.6036,0.6486,0.5701,,,,,,,,,,,,13.2081,55.148,12.0239,115.6504,189.5483,-39.4059,-5.2258,-12.63,140.2048,14.4208,11.08,17.2913,0.7369,11.08,0.4716,50.0,6.4424,140.2048,11.08,17.3492,120.0,-25.9928,223.4841,,,,,,
2026-08-26 19:12:14,42.499914,-82.8295044,,11.9935,64.7099,84.7046,12.4687,0.0,1.0636,1.4319,253.5586,0.6522,0.573,,,,,,,,,,,,14.305,57.4554,12.9207,111.0471,187.8143,-39.2397,-4.9711,-12.7978,141.6402,14.5683,11.4234,17.6287,0.707,11.4234,0.4352,50.0,6.5439,141.6402,11.4234,17.6937,120.0,-28.1333,225.6983,,1542.9211,,17596.7853,,
2026-08-26 19:12:15,42.4999374,-82.8294361,16.5584,11.5853,67.1965,86.2515,139.9438,0.0,-1.1297,0.9268,253.5149,0.6556,0.5757,,,,,,,,,,,,14.8726,58.5714,13.3326,107.8522,186.3387,-39.2397,-4.1521,-11.8964,143.3261,14.7457,11.8268,18.0007,0.6666,11.8268,0.3511,50.0,6.6631,143.3261,11.8268,18.0983,120.0,-33.0808,228.4191,,1544.5184,,17614.83,,
2026-08-26 19:12:16,42.4999599,-82.8293681,,11.2354,66.6465,86.75,-43.8072,0.0,-4.1165,0.7738,253.4737,0.6588,0.5784,,,7.2338,17.0569,10.0,0.0033,48.092,16.8734,67.7532,0.0,0.0,14.7037,59.6753,13.3268,107.7573,187.6906,-39.1881,-3.6823,-11.7402,144.2284,14.8426,12.0426,18.0924,0.6415,12.0426,0.3058,50.0,6.7269,144.2284,12.0426,18.3148,120.0,-35.7298,230.3232,,,,,,
2026-08-26 19:12:17,42.4999806,-82.8293027,15.935,11.5075,69.6602,,16.2021,0.0,-2.182,-0.4093,253.4384,0.662,0.581,,,,,,,,,,,,12.7166,54.8237,11.1375,111.0489,191.0462,-38.7985,,-11.3217,,,,,,,,,,,,,,,,,1547.4953,,17648.9507,,
2026-08-26 19:12:18,42.4999985,-82.8292373,,,,87.9475,57.4619,0.0,-5.678,-0.1624,253.4191,0.6651,0.5835,,,,,,,,,,,,15.171,59.004,13.5036,105.623,188.6824,-38.2542,-3.7956,-11.2614,140.4666,14.4475,11.1427,17.2598,0.6616,11.1427,0.3406,50.0,6.4609,140.4666,11.1427,17.412,120.0,-31.0525,227.6251,,,,,,
2026-08-26 19:12:19,42.5000159,-82.8291718,16.2959,11.4687,69.941,89.2538,,0.0,,,253.4038,0.6681,0.5862,,,,,,,,,,,,15.3124,57.1528,13.246,103.7888,187.4723,-38.7985,-3.4764,-11.6545,142.4315,14.651,11.6127,17.5864,0.6508,11.6127,0.2994,50.0,6.5998,142.4315,11.6127,17.8835,120.0,-34.7475,230.6612,,1550.3651,,17681.7591,,
2026-08-26 19:12:20,42.500036,-82.8290984,,11.7214,70.5827,88.0564,20.0283,0.0,-6.8317,-1.514,253.3856,0.6712,0.5887,,,7.2339,17.0569,10.0,0.0054,48.092,16.8734,67.1054,0.0,0.0,14.1773,59.6346,13.2939,113.0509,194.1474,-38.9418,-2.981,-11.2521,144.4401,14.8656,12.0933,17.8652,0.642,12.0933,0.2465,50.0,6.7418,144.4401,12.0933,18.3656,120.0,-39.3759,232.915,,,,,,
2026-08-26 19:12:21,42.5000554,-82.8290271,16.7881,12.7516,70.5426,87.3803,-36.1513,0.0,-6.8032,0.9028,253.3668,0.6745,0.5915,,,,,,,,,,,,14.0682,56.6556,12.8304,113.6553,193.4249,-39.0105,-3.8781,-12.1677,143.8495,14.8018,11.952,18.0084,0.6753,11.952,0.3245,50.0,6.7001,143.8495,11.952,18.2239,120.0,-35.2528,231.9331,,1553.7084,,17719.8168,,
2026-08-26 19:12:22,42.5000752,-82.828954,,12.5183,68.9497,85.1171,-114.9136,0.0,-4.7991,-0.0822,253.3532,0.6779,0.5945,,,,,,,,,,,,,,,,,,-4.8228,-13.5866,143.5752,14.7723,11.8864,18.0823,0.6991,11.8864,0.4057,50.0,6.6807,143.5752,11.8864,18.1581,120.0,-31.1462,230.5584,,1555.1618,,17736.221,,
2026-08-26 19:12:23,42.5000949,-82.8288818,16.7881,13.1209,69.1445,85.5182,-36.1926,0.0,-2.672,0.8462,253.3331,0.6813,0.5973,,,,,,,,,,,,14.3408,57.4959,13.1349,112.9594,191.8922,-38.9819,-4.9243,-12.896,143.4401,14.7579,11.854,18.0521,0.7085,11.854,0.4154,50.0,6.6711,143.4401,11.854,18.1256,120.0,-30.7941,229.4553,,,,,,
2026-08-26 19:12:24,42.5001174,-82.8288098,,13.0237,68.3481,85.627,-99.9525,0.0,-4.9903,-1.013,253.3052,0.6847,0.6002,,,7.234,17.0569,10.0,0.0061,48.092,16.8734,66.3905,0.0,0.0,14.4701,56.6719,13.1394,113.0504,191.6978,-38.535,-5.0887,-12.9505,143.6402,14.7793,11.9019,18.1042,0.7177,11.9019,0.4276,50.0,6.6853,143.6402,11.9019,18.1737,120.0,-30.5848,229.1521,,1558.4712,,17773.9507,,
2026-08-26 19:12:25,42.5001398,-82.8287378,16.0007,12.7516,66.5376,84.2347,,0.0,,,253.2764,0.6882,0.603,,,,,,,,,,,,16.0503,56.4176,13.9995,107.2279,186.8662,-38.3688,-4.3762,-12.8761,145.3092,14.9607,12.3012,18.4512,0.7032,12.3012,0.3558,50.0,6.8033,145.3092,12.3012,18.5742,120.0,-35.599,230.5349,,1560.2054,,17793.9638,,
2026-08-26 19:12:26,42.5001633,-82.8286631,,13.1209,68.0101,83.8337,-51.1846,,-3.9031,-0.5637,253.242,0.6917,0.6059,,,,,,,,,,,,15.2413,56.585,13.5316,109.9202,187.8568,-38.5865,-4.3872,-12.8511,145.2131,14.9501,12.2782,18.426,0.7069,12.2782,0.3573,50.0,6.7965,145.2131,12.2782,18.5511,120.0,-35.5288,229.5678,,1562.0119,,17814.305,,
2026-08-26 19:12:27,42.5001882,-82.828584,16.1975,13.9179,63.69,,-167.432,0.0,-5.004,0.5154,253.2103,0.6955,0.609,,,,,,,,,,,,15.2641,58.7793,14.1872,113.0606,190.1571,-38.0537,-4.8928,-13.3785,145.4615,14.9775,12.3376,18.5263,0.7188,12.3376,0.3966,50.0,6.814,145.4615,12.3376,18.6108,120.0,-33.9045,229.375,,1563.8569,,17835.6305,,
2026-08-26 19:12:28,42.5002161,-82.8284991,,13.4514,65.8787,82.682,140.0641,0.0,-5.3741,-1.4354,253.1724,0.6992,0.612,,,7.234,17.0569,10.0,0.0042,48.092,16.8734,66.6401,0.0,0.0,15.6351,56.8794,13.9822,110.5232,186.6566,-38.2026,-4.8707,-13.0863,146.418,15.0841,12.5664,18.754,0.7127,12.5664,0.3876,50.0,6.8817,146.418,12.5664,18.8403,120.0,-35.0468,229.588,,1565.8762,,17858.5964,,
2026-08-26 19:12:29,42.5002417,-82.8284175,16.7881,13.8401,66.3886,83.3638,-9.9351,0.0,-6.6938,0.2661,253.1337,0.7034,0.6155,,,,,,,,,,,,15.2462,58.5134,14.2143,113.8417,190.2112,-38.237,-5.178,-13.2572,146.4981,15.0931,12.5856,18.7824,0.727,12.5856,0.4114,50.0,6.8873,146.4981,12.5856,18.8596,120.0,-34.2145,229.8021,,,,,,
2026-08-26 19:12:30,42.5002674,-82.8283342,,13.9179,66.8241,82.7221,91.2791,0.0,-4.9657,-0.1967,253.0991,0.7074,0.6188,,,,,,,,,,,,14.6761,56.5827,13.5593,115.3871,191.1011,-38.2542,-5.6512,-13.8436,146.0782,15.046,12.4852,18.7002,0.7389,12.4852,0.4526,50.0,6.8576,146.0782,12.4852,18.7588,120.0,-31.9364,229.151,,1569.6871,,17901.9035,,
2026-08-26 19:12:31,42.5002918,-82.8282521,16.2959,13.9762,67.3626,84.2691,,0.0,,,253.0685,0.7113,0.622,,,,,,,,,,,,14.5452,56.9099,13.5537,115.9596,191.9338,-38.2026,-5.881,-13.7099,145.33,14.963,12.3062,18.5305,0.7473,12.3062,0.4779,50.0,6.8047,145.33,12.3062,18.5792,120.0,-30.1983,228.8457,,,,,,
2026-08-26 19:12:32,42.5003164,-82.8281701,,13.8985,67.6549,85.0311,27.5192,0.0,-5.1988,-0.9478,253.0389,0.7152,0.6253,,,7.2341,17.0569,10.0,0.0051,48.092,16.8734,67.2899,0.0,0.0,15.1049,55.0448,13.3766,112.2568,190.1234,-38.2026,-5.5767,-13.9025,144.9175,14.9176,12.2075,18.4193,0.7469,12.2075,0.4568,50.0,6.7756,144.9175,12.2075,18.4802,120.0,-31.0041,229.2782,,1573.2279,,17942.2578,,
2026-08-26 19:12:33,42.5003421,-82.8280901,16.9849,13.6652,65.0135,83.2206,-118.7226,0.0,-6.962,-0.1825,253.0089,0.7191,0.6285,,,,,,,,,,,,15.2181,57.7009,13.9838,113.0919,190.2713,-38.2542,-5.3662,-13.2959,145.7117,15.0052,12.3975,18.6029,0.7321,12.3975,0.4328,50.0,6.8317,145.7117,12.3975,18.6708,120.0,-32.5055,230.1139,,1575.1121,,17963.9113,,
2026-08-26 19:12:34,42.5003667,-82.8280088,,13.7041,68.9555,84.9681,200.0253,0.0,-4.865,-0.7269,252.9756,0.7229,0.6316,,,,,,,,,,,,14.5485,54.8014,13.0141,114.0062,191.0911,-37.9964,-5.4838,-13.3252,144.5614,14.8788,12.1223,18.3305,0.7479,12.1223,0.4524,50.0,6.7504,144.5614,12.1223,18.3947,120.0,-30.983,228.8661,,1576.9713,,17984.9087,,
2026-08-26 19:12:35,42.5003924,-82.8279282,16.7881,13.5486,65.0937,83.9425,-178.7285,0.0,-6.7392,0.6061,252.9512,0.7265,0.6345,,,,,,,,,,,,15.2991,59.5429,14.4208,113.8641,191.0052,-38.1453,-5.5235,-14.0242,146.2879,15.0695,12.5353,18.7485,0.7259,12.5353,0.4406,50.0,6.8725,146.2879,12.5353,18.8091,120.0,-32.3433,230.5332,,,,,,
2026-08-26 19:12:36,42.5004198,-82.8278416,,14.0734,68.7492,84.0514,5.026,0.0,-4.353,-1.9058,252.9175,0.7302,0.6376,,,7.2342,17.0569,10.0,0.0066,48.092,16.8734,67.5423,0.0,0.0,14.97,53.4352,12.9213,111.4821,188.8086,-38.2943,-5.2267,-13.2928,144.8513,14.9104,12.1916,18.389,0.7438,12.1916,0.4287,50.0,6.7709,144.8513,12.1916,18.4643,120.0,-32.3846,228.9416,,1580.8201,,18028.872,,
2026-08-26 19:12:37,42.5004442,-82.8277629,16.4928,13.9179,68.4226,,113.7963,0.0,-4.7416,1.123,252.8837,0.7344,0.641,,,,,,,,,,,,14.6696,59.9158,14.193,116.5753,193.7368,-38.0365,-5.715,-13.8878,145.2579,14.955,12.2889,18.5088,0.7393,12.2889,0.4651,50.0,6.7996,145.2579,12.2889,18.5619,120.0,-30.5698,230.0038,,1582.5874,,18049.2132,,
2026-08-26 19:12:38,42.5004688,-82.827687,,12.9265,66.4516,85.3234,-73.7465,0.0,-6.4383,-0.5185,252.8553,0.7381,0.6441,,,,,,,,,,,,15.6692,57.5075,14.0251,109.552,188.2086,-38.237,-5.1743,-13.5283,146.4587,15.0886,12.5762,18.7796,0.7065,12.5762,0.4114,50.0,6.8845,146.4587,12.5762,18.8501,120.0,-33.5032,231.243,,,,,,
2026-08-26 19:12:39,42.5004921,-82.8276095,16.1319,13.2959,67.2652,84.1774,23.7858,0.0,-4.0305,-0.3997,252.8221,0.7417,0.647,,,,,,,,,,,,14.587,54.719,12.8453,112.0265,189.2681,-38.2771,-4.8941,-12.8882,144.4456,14.8662,12.0946,18.2838,0.7245,12.0946,0.4047,50.0,6.7422,144.4456,12.0946,18.3669,120.0,-32.7624,228.82,,1586.1529,,18089.8956,,
2026-08-26 19:12:40,42.5005159,-82.8275331,,13.082,66.4345,84.441,34.9894,0.0,-4.3187,-0.2456,252.796,0.7454,0.6501,,,7.2343,17.0569,10.0,0.0051,48.092,16.8734,66.8083,0.0,0.0,14.6682,57.2202,13.3916,112.9412,190.0549,-38.1797,-5.1722,-13.3464,144.4367,14.8652,12.0924,18.296,0.72,12.0924,0.4277,50.0,6.7416,144.4367,12.0924,18.3648,120.0,-31.3166,228.9284,,,,,,
2026-08-26 19:12:41,42.50054,-82.8274581,16.4272,12.8682,67.9986,85.3806,,0.0,,,252.7675,0.749,0.6531,,,,,,,,,,,,15.0627,55.6458,13.2313,109.9758,188.6519,-38.1797,-4.6954,-12.6907,144.2222,14.842,12.0411,18.2242,0.716,12.0411,0.3899,50.0,6.7264,144.2222,12.0411,18.3133,120.0,-33.131,229.2534,,1589.447,,18127.2972,,
2026-08-26 19:12:42,42.5005625,-82.827383,,12.9849,67.9356,86.2515,50.0055,0.0,-4.4619,-0.7146,252.7419,0.7526,0.6561,,,,,,,,,,,,15.6326,58.9214,14.2797,110.3475,189.9748,-38.1568,-4.6085,-12.886,145.7531,15.0098,12.4074,18.5872,0.7031,12.4074,0.3714,50.0,6.8347,145.7531,12.4074,18.6808,120.0,-35.1046,231.5027,,1591.1695,,18146.9822,,
2026-08-26 19:12:43,42.5005891,-82.8272963,16.2959,13.1987,68.9497,86.2515,-21.204,0.0,-6.6636,-0.8587,252.7168,0.7562,0.659,,,,,,,,,,,,16.0551,56.2802,14.1351,109.1362,188.7006,-38.2771,-4.5595,-12.9227,146.6578,15.1111,12.6238,18.792,0.712,12.6238,0.3612,50.0,6.8986,146.6578,12.6238,18.8979,120.0,-36.7344,232.7214,,1593.1765,,18169.9481,,
2026-08-26 19:12:44,42.5006138,-82.8272172,,13.9956,68.9383,86.5438,12.6028,0.0,-9.2442,-1.6853,252.6929,0.7601,0.6622,,,7.2343,17.0569,10.0,0.008,48.092,16.8734,66.8327,0.0,0.0,15.9895,58.8256,14.8572,112.9558,192.8247,,-5.011,-13.7311,148.161,15.283,12.9834,19.1696,0.7261,12.9834,0.386,50.0,7.0049,148.161,12.9834,19.2586,120.0,-37.0607,234.5776,,1595.0192,,18190.9455,,
2026-08-26 19:12:45,42.500637,-82.8271369,16.8537,14.3844,72.2099,84.6587,-114.8792,0.0,-10.0706,-0.1086,252.6676,0.7639,0.6654,,,,,,,,,,,,14.3617,52.9846,12.836,116.6985,194.3564,-38.2943,-5.7138,-14.3034,146.7666,15.1234,12.6499,18.8608,0.7544,12.6499,0.4517,50.0,6.9063,146.7666,12.6499,18.924,120.0,-33.0895,232.457,,1596.8753,,18211.9428,,
2026-08-26 19:12:46,42.5006632,-82.827051,,14.6954,67.9012,84.1259,-32.3733,0.0,-5.9767,-0.6535,252.6444,0.7677,0.6686,,,,,,,,,,,,15.8694,52.5326,13.5651,111.7945,189.2985,-38.2943,,-14.4448,,,,,,,,,,,,,,,,,,,,,
2026-08-26 19:12:47,42.5006908,-82.8269651,17.2474,14.5594,68.5716,83.8222,-24.879,0.0,-6.6984,-1.7861,252.6152,0.7719,0.672,,,,,,,,,,,,,,,,,-38.2943,-5.8781,-14.733,145.0631,14.9336,12.2423,18.4532,0.7891,12.2423,0.4801,50.0,6.7859,145.0631,12.2423,18.5152,120.0,-31.2566,229.6244,,1600.8799,,18257.8746,,
2026-08-26 19:12:48,42.5007177,-82.8268786,,15.0064,67.0189,,-167.3701,0.0,-8.4239,-1.2207,252.5811,0.776,0.6753,,,7.2344,17.0569,10.0,0.0046,48.092,16.8734,66.2127,0.0,0.0,16.797,51.976,13.9511,108.4776,186.437,-38.2771,-5.2441,-14.8395,145.8182,15.017,12.423,18.6055,0.7895,12.423,0.4221,50.0,6.8393,145.8182,12.423,18.6964,120.0,-34.9024,229.8946,,1602.9177,,18280.8405,,
2026-08-26 19:12:49,42.5007468,-82.826792,17.2802,14.9287,64.5953,81.7023,83.8879,0.0,-5.9055,-2.0215,252.5502,0.7802,0.6788,,,,,,,,,,,,16.5928,53.8355,14.3744,111.2633,188.1157,-38.2943,-5.1069,-14.8715,147.3077,15.1848,12.7793,18.9542,0.7863,12.7793,0.3996,50.0,6.9446,147.3077,12.7793,19.0539,120.0,-37.2688,230.8852,,1604.7776,,18302.1659,,
2026-08-26 19:12:50,42.5007752,-82.8267034,,14.9481,66.3199,82.5961,-216.1449,0.0,-6.9685,-1.1983,252.5103,0.7843,0.6821,,,,,,,,,,,,16.0741,50.7139,13.3736,111.5212,186.567,-38.4204,-5.2695,-14.5194,146.0173,15.0392,12.4706,18.6498,0.8043,12.4706,0.4226,50.0,6.8533,146.0173,12.4706,18.7442,120.0,-35.4494,228.3921,,,,,,
2026-08-26 19:12:51,42.5008076,-82.8266107,16.9193,14.987,64.3202,80.923,,0.0,,,252.4783,0.7886,0.6856,,,,,,,,,,,,16.5701,53.3932,14.2964,111.4995,186.9318,-38.4204,-5.6077,-15.5036,146.7384,15.1202,12.6431,18.8346,0.804,12.6431,0.4435,50.0,6.9043,146.7384,12.6431,18.9172,120.0,-35.0041,228.9085,,,,,,
2026-08-26 19:12:52,42.5008385,-82.8265289,,14.7343,64.1541,81.6278,20.0902,0.0,-5.9404,-1.1861,252.4345,0.7927,0.6889,,,7.2345,17.0569,10.0,0.0064,48.092,16.8734,65.9521,0.0,0.0,16.0126,52.3885,13.7005,112.2018,186.2597,-38.3287,-5.5256,-14.837,146.4784,15.0908,12.5809,18.7707,0.8001,12.5809,0.4392,50.0,6.8859,146.4784,12.5809,18.8548,120.0,-34.89,227.9326,,1609.0995,,18351.3785,,
2026-08-26 19:12:53,42.5008673,-82.8264467,16.9193,14.6371,65.4662,82.407,20.0386,0.0,-5.5705,-1.4116,252.3866,0.7966,0.692,,,,,,,,,,,,15.553,52.4362,13.38,112.8669,187.0258,-38.3287,-5.528,-14.5825,145.8047,15.0155,12.4197,18.6124,0.7953,12.4197,0.4451,50.0,6.8383,145.8047,12.4197,18.6931,120.0,-33.8758,227.5695,,1611.0909,,18374.3444,,
2026-08-26 19:12:54,42.5008965,-82.8263647,16.6896,14.2872,64.0338,83.4383,46.2893,0.0,-6.225,-0.4129,252.3463,0.8006,0.6952,,,,,,,,,,,,15.2377,55.0477,13.7486,114.7144,188.9412,-38.3058,-5.729,-14.5317,145.113,14.9391,12.2543,18.4581,0.7913,12.2543,0.4675,50.0,6.7894,145.113,12.2543,18.5271,120.0,-32.0179,227.3696,,1613.058,,18396.6541,,
2026-08-26 19:12:55,42.5009247,-82.8262842,,14.1123,66.1136,84.8593,76.2458,0.0,-5.9997,-0.974,252.3075,0.8046,0.6983,,,,,,,,,,,,15.3406,53.6798,13.3565,112.2693,187.7639,-38.3058,-5.7099,-14.1385,145.3825,14.9687,12.3187,18.5262,0.7747,12.3187,0.4635,50.0,6.8085,145.3825,12.3187,18.5918,120.0,-31.9385,228.5984,,1615.009,,18418.9638,,
2026-08-26 19:12:56,42.5009509,-82.8262046,16.9193,13.6263,65.7469,86.114,20.0042,0.0,-5.4913,-0.5777,252.2727,0.8085,0.7015,,,7.2346,17.0569,10.0,0.0069,48.092,16.8734,67.7011,0.0,0.0,14.9285,53.4855,13.0246,112.8995,189.7792,-38.3287,-5.5441,-14.0308,144.205,14.8401,12.037,18.2406,0.7734,12.037,0.4606,50.0,6.7252,144.205,12.037,18.3092,120.0,-31.0628,228.4263,,1616.9023,,18440.6174,,
2026-08-26 19:12:57,42.5009776,-82.8261256,,13.6846,66.4001,87.9876,143.7872,0.0,-6.473,-0.8644,252.2407,0.8123,0.7045,,,,,,,,,,,,15.521,55.0229,13.5772,110.4967,188.3995,-38.3287,-5.1968,-13.5389,144.4036,14.8616,12.0845,18.2781,0.755,12.0845,0.43,50.0,6.7392,144.4036,12.0845,18.3569,120.0,-32.2821,229.898,,1618.7626,,18461.6148,,
2026-08-26 19:12:58,42.501002,-82.8260439,17.2474,14.3261,69.855,,147.5962,0.0,-6.6864,-0.5694,252.2116,0.8161,0.7077,,,,,,,,,,,,15.3181,53.2533,13.0792,110.2057,189.7073,-38.3287,-4.8772,-13.6143,144.4016,14.8614,12.0841,18.2648,0.7507,12.0841,0.4036,50.0,6.7391,144.4016,12.0841,18.3564,120.0,-33.5661,231.4619,,,,,,
2026-08-26 19:12:59,42.5010264,-82.8259522,,14.0928,71.4536,89.3054,,0.0,,,252.196,0.8205,0.7113,,,,,,,,,,,,16.395,57.6648,14.8795,111.4102,193.522,-38.3287,-5.0924,-14.3141,146.4812,15.0912,12.5816,18.7677,0.7495,12.5816,0.4047,50.0,6.8861,146.4812,12.5816,18.8555,120.0,-35.2566,234.9302,,1622.2588,,18501.641,,
2026-08-26 19:13:00,42.5010507,-82.8258756,16.7552,13.2764,68.119,86.9219,-219.9642,0.0,-4.7984,-0.455,252.1828,0.8243,0.7146,,,7.2347,17.0569,10.0,0.0045,48.092,16.8734,64.388,0.0,0.0,15.7705,53.1202,13.2939,108.3935,189.2452,-38.4719,-4.9174,-14.0917,145.6439,14.9977,12.3813,18.563,0.7444,12.3813,0.3972,50.0,6.8269,145.6439,12.3813,18.6545,120.0,-34.7972,233.6128,,1624.2958,,18524.935,,
2026-08-26 19:13:01,42.5010743,-82.8257987,,13.9179,69.918,87.3803,110.001,0.0,-2.4001,-1.191,252.1581,0.828,0.7176,,,,,,,,,,,,15.3922,51.7746,12.8094,109.2685,189.2754,-38.5636,-4.584,-13.3991,143.9405,14.8115,11.9737,18.1023,0.7597,11.9737,0.3828,50.0,6.7065,143.9405,11.9737,18.2457,120.0,-34.4694,231.2783,,,,,,
2026-08-26 19:13:02,42.5010963,-82.8257177,16.6896,13.7041,70.7546,89.3111,27.4573,0.0,-4.582,-0.1527,252.1334,0.8332,0.7219,,,,,,,,,,,,16.5491,57.0831,14.6298,108.2694,190.8934,-38.5521,-4.5629,-13.5868,145.8367,15.0191,12.4274,18.5623,0.7361,12.4274,0.3672,50.0,6.8406,145.8367,12.4274,18.7008,120.0,-36.3286,234.1822,,1627.8281,,18564.9612,,
2026-08-26 19:13:03,42.5011191,-82.8256378,,13.4902,68.3711,88.7382,-133.7593,0.0,-7.9256,-1.5642,252.1218,0.837,0.7251,,,,,,,,,,,,17.4709,56.0279,14.97,104.5658,188.0617,-38.6381,-4.0475,-13.4474,147.9477,15.2583,12.9324,18.9104,0.7181,12.9324,0.313,50.0,6.9898,147.9477,12.9324,19.2074,120.0,-40.607,236.8391,,,,,,
2026-08-26 19:13:04,42.5011438,-82.8255602,17.1818,13.2181,67.9986,86.8818,,0.0,,,252.0971,0.8407,0.7282,,,7.2347,17.0569,10.0,0.0034,48.092,16.8734,66.0108,0.0,0.0,15.6456,54.7117,13.5056,108.9863,189.199,-38.6381,-3.9871,-13.2644,147.6795,15.2274,12.8683,18.8344,0.7157,12.8683,0.3098,50.0,6.9709,147.6795,12.8683,19.1431,120.0,-40.4751,235.4126,,1631.4286,,18606.2998,,
2026-08-26 19:13:05,42.5011662,-82.8254808,,13.3931,69.5055,86.1885,-2.4889,0.0,-5.269,-0.8496,252.0836,0.8445,0.7313,,,,,,,,,,,,14.0852,52.1138,12.1491,113.7935,192.5303,,-4.3441,-13.772,145.4328,14.9743,12.3307,18.4021,0.7357,12.3307,0.3523,50.0,6.812,145.4328,12.3307,18.6039,120.0,-36.7181,232.2583,,1633.2504,,18626.9691,,
2026-08-26 19:13:06,42.5011913,-82.8253977,16.7552,13.1404,67.4486,86.6985,16.2399,0.0,-4.5782,-0.8693,252.0637,0.8485,0.7346,,,,,,,,,,,,15.8635,53.4465,13.3037,106.6911,187.1723,-37.5724,-4.5463,-13.3843,143.4012,14.7537,11.8447,18.0067,0.7423,11.8447,0.3838,50.0,6.6684,143.4012,11.8447,18.1163,120.0,-33.5168,230.1926,,1635.0406,,18647.3103,,
2026-08-26 19:13:07,42.5012133,-82.8253211,,13.3153,67.5976,86.7156,-36.2201,0.0,-9.5537,-1.1918,252.0492,0.8521,0.7377,,,,,,,,,,,,16.394,56.0087,14.2081,106.9265,187.7869,-38.3287,-3.7205,-13.27,145.7202,15.0061,12.3995,18.2779,0.7276,12.3995,0.3,50.0,6.8323,145.7202,12.3995,18.6729,120.0,-39.4747,232.5809,,,,,,
2026-08-26 19:13:08,42.501237,-82.8252443,17.4114,13.0043,68.2049,,,0.0,,,252.0309,0.8554,0.7404,,,7.2348,17.0569,10.0,0.0087,48.092,16.8734,66.4707,0.0,0.0,14.2677,54.4527,12.5868,112.7368,191.2831,-38.4376,-4.3331,-13.0125,144.5479,14.8773,12.1191,18.2237,0.7244,12.1191,0.3575,50.0,6.7494,144.5479,12.1191,18.3915,120.0,-35.3857,230.9944,,1638.4909,,18686.6804,,
2026-08-26 19:13:09,42.5012613,-82.8251648,,13.8013,68.1361,85.8218,27.5398,0.0,-6.6326,-0.9673,252.0097,0.8592,0.7435,,,,,,,,,,,,14.4252,53.6658,12.6586,113.3641,191.6537,-38.4605,-5.1471,-13.0076,142.1461,14.621,11.5445,17.74,0.7584,11.5445,0.4458,50.0,6.5796,142.1461,11.5445,17.8151,120.0,-29.6529,228.1334,,,,,,
2026-08-26 19:13:10,42.5012857,-82.8250869,17.4114,13.7429,67.5002,85.6442,31.3041,0.0,-4.233,-0.5685,251.9901,0.8629,0.7466,,,,,,,,,,,,16.4989,56.1686,14.3691,107.4843,187.3362,-38.4719,-4.8071,-13.7207,144.5476,14.8773,12.119,18.3,0.7377,12.119,0.3967,50.0,6.7494,144.5476,12.119,18.3914,120.0,-33.6871,230.3813,,1642.1062,,18728.019,,
2026-08-26 19:13:11,,,17.2474,13.4125,66.4516,85.3978,20.0249,0.0,-7.0155,-1.5166,251.9694,0.8666,0.7496,,,,,,,,,,,,,,,,,-38.4605,-4.2815,-13.1044,146.6602,15.1113,12.6244,18.6877,0.7199,12.6244,0.3391,50.0,6.8988,146.6602,12.6244,18.8984,120.0,-38.1042,232.1821,,1643.9073,,18748.3602,,
2026-08-26 19:13:12,42.5013098,-82.82501,,13.0043,68.3252,85.2603,110.001,0.0,-6.4659,-0.9191,251.946,0.8704,0.7527,,,7.2349,17.0569,10.0,0.0056,48.092,16.8734,66.678,0.0,0.0,15.8937,56.7742,14.0938,109.3783,188.2857,-38.4605,,-13.2315,,,,,,,,,,,,,,,,,1645.6827,,18768.7014,,
2026-08-26 19:13:13,42.5013342,-82.8249325,17.3458,12.9265,65.5063,85.9994,-144.9973,0.0,-4.8052,-0.7671,251.9298,0.8744,0.7561,,,,,,,,,,,,14.4956,54.7744,12.7989,112.3051,190.7104,-38.4719,-4.6422,-13.3879,145.0575,14.933,12.241,18.4182,0.7216,12.241,0.3792,50.0,6.7855,145.0575,12.241,18.5138,120.0,-34.6153,230.7463,,,,,,
2026-08-26 19:13:14,42.5013596,-82.8248477,,13.1987,69.5284,86.4177,,0.0,,,251.9121,0.8781,0.7591,,,,,,,,,,,,14.2461,55.7811,12.7742,112.7538,190.5694,-38.5521,-4.9475,-12.376,143.4234,14.7561,11.85,18.0421,0.7305,11.85,0.4175,50.0,6.6699,143.4234,11.85,18.1216,120.0,-31.3769,229.1362,,1649.2502,,18809.3838,,
2026-08-26 19:13:15,42.501382,-82.8247691,16.7881,12.9265,68.2221,87.2141,113.7447,0.0,-4.131,-1.8901,251.8999,0.8817,0.7621,,,,,,,,,,,,15.3919,53.9238,13.1362,108.734,189.075,-38.2026,-4.8826,-13.4803,143.1736,14.7295,11.7903,17.9791,0.7332,11.7903,0.4141,50.0,6.6523,143.1736,11.7903,18.0617,120.0,-31.4348,229.338,,1650.9778,,18829.0688,,
2026-08-26 19:13:16,42.5014036,-82.824695,,13.1404,67.9528,86.6526,-92.5201,0.0,-8.06,-0.9775,251.8826,0.8853,0.7651,,,7.235,17.0569,10.0,0.0045,48.092,16.8734,66.741,0.0,0.0,17.0454,58.8642,15.1811,106.0422,187.6431,-38.4605,-4.2462,-12.6753,145.0998,14.9376,12.2511,18.3333,0.7163,12.2511,0.3466,50.0,6.7885,145.0998,12.2511,18.524,120.0,-36.2352,231.9535,,1652.6609,,18848.4258,,
2026-08-26 19:13:17,42.5014264,-82.8246195,17.4114,13.3542,69.6545,86.1713,68.7618,0.0,-7.5758,-1.8727,251.8683,0.8889,0.7681,,,,,,,,,,,,16.3012,55.9452,14.0566,106.0959,187.2,-38.5636,-3.764,-13.07,147.4425,15.2002,12.8115,18.7449,0.6952,12.8115,0.2938,50.0,6.9541,147.4425,12.8115,19.0862,120.0,-40.6546,234.1714,,,,,,
2026-08-26 19:13:18,42.5014483,-82.8245426,,13.2764,69.7805,,-39.981,0.0,-5.865,-0.7275,251.8568,0.8926,0.7712,,,,,,,,,,,,15.5614,57.4224,13.9752,110.2309,190.3768,-38.5521,-4.0769,-13.2102,146.4394,15.0865,12.5716,18.5954,0.7074,12.5716,0.3243,50.0,6.8832,146.4394,12.5716,18.8455,120.0,-38.3857,232.9333,,1656.127,,18887.7959,,
2026-08-26 19:13:19,42.5014707,-82.8244638,16.8537,,,86.1541,121.2734,0.0,-5.7974,-1.7286,,,,,,,,,,,,,,,16.3598,56.2562,14.2655,107.5213,188.1982,-38.4719,-4.3635,,146.3717,15.0789,12.5554,18.6669,0.711,12.5554,0.3475,50.0,6.8784,146.3717,12.5554,18.8292,120.0,-37.1775,232.4236,,,,,,
2026-08-26 19:13:20,42.5014933,-82.8243838,,13.257,67.2079,84.9681,-118.7123,0.0,-8.5259,-1.0989,251.8386,0.8982,0.7759,,,7.235,17.0569,10.0,0.0036,48.092,16.8734,66.0321,0.0,0.0,16.5467,58.6152,14.9344,108.9412,188.4312,-38.4948,-4.27,-13.6583,148.2693,15.2956,13.0094,19.0796,0.7027,13.0094,0.3282,50.0,7.0126,148.2693,13.0094,19.2846,120.0,-39.6992,234.0243,,1659.6977,,18928.4783,,
2026-08-26 19:13:21,42.501519,-82.8243063,17.1161,13.4125,65.7526,84.1373,12.5512,0.0,-7.2244,-0.9215,251.813,0.902,0.779,,,,,,,,,,,,15.29,56.1234,13.6376,111.4338,188.6723,-38.4719,-4.3942,-13.2612,147.7348,15.2338,12.8815,18.987,0.7084,12.8815,0.3411,50.0,6.9748,147.7348,12.8815,19.1563,120.0,-38.6655,232.6844,,1661.5399,,18949.4757,,
2026-08-26 19:13:22,42.50154776803186,-82.82422281237844,,13.4708,64.4005,82.3325,,0.0,,,251.7851,0.9057,0.7819,,,,,,,,,,,,14.5184,57.4957,13.4875,114.7951,189.5316,-38.4719,-4.9297,-13.6109,145.9932,15.0365,12.4648,18.6526,0.7236,12.4648,0.3955,50.0,6.8516,145.9932,12.4648,18.7384,120.0,-34.5706,229.9336,,,,,,
2026-08-26 19:13:23,42.50157641786411,-82.82414706721023,17.1161,13.4902,62.7331,82.4471,-137.4446,0.0,-4.2057,0.6332,251.7481,0.9094,0.7848,,,,,,,,,,,,15.1449,55.4007,13.3943,111.4519,186.1677,-38.4719,-5.4099,-13.4875,145.5036,14.9821,12.3477,18.5572,0.7272,12.3477,0.4381,50.0,6.817,145.5036,12.3477,18.6209,120.0,-31.8696,228.2324,,1665.2603,,18992.1266,,
2026-08-26 19:13:24,42.50160459398758,-82.82407079412921,,13.5291,65.1911,83.9253,91.2481,0.0,-3.8973,-0.6727,251.714,0.9131,0.7878,,,7.2351,17.0569,10.0,0.0043,48.092,16.8734,67.7125,0.0,0.0,15.369,55.9088,13.5965,110.5917,187.2679,-38.4605,-5.0017,-13.0254,145.5274,14.9848,12.3534,18.5448,0.7255,12.3534,0.4049,50.0,6.8187,145.5274,12.3534,18.6266,120.0,-33.7021,228.5912,,1667.1266,,19013.124,,
2026-08-26 19:13:25,42.5016283218383,-82.82399295066546,15.8694,13.257,66.8699,85.014,72.4883,0.0,-4.7776,-0.097,251.6968,0.9168,0.7909,,,,,,,,,,,,15.848,58.8224,14.4548,110.2765,188.421,-38.3917,-4.8268,-13.0469,145.823,15.0175,12.4241,18.6094,0.7175,12.4241,0.3885,50.0,6.8396,145.823,12.4241,18.6975,120.0,-34.6311,229.477,,1668.8906,,19033.4652,,
2026-08-26 19:13:26,42.50165087756626,-82.82391576185141,,12.9654,69.1159,86.1255,61.216,0.0,-8.7407,-1.9667,251.6838,0.9205,0.7939,,,,,,,,,,,,16.8076,58.6639,14.9827,106.6313,186.9901,-38.5178,-4.2588,-12.9054,148.2525,15.2936,13.0053,19.1003,0.6881,13.0053,0.3275,50.0,7.0114,148.2525,13.0053,19.2806,120.0,-39.3445,233.0226,,,,,,
2026-08-26 19:13:27,42.50167402368284,-82.82383985552063,16.2959,12.7905,68.2679,86.3661,46.2927,0.0,-9.6986,-0.6514,251.6673,0.9241,0.7969,,,,,,,,,,,,15.843,58.762,14.3663,109.4552,189.4867,,-4.015,-13.1648,149.1725,15.4014,13.2254,19.2557,0.676,13.2254,0.3036,50.0,7.0764,149.1725,13.2254,19.5014,120.0,-41.2058,234.7321,,1672.372,,19073.1633,,
2026-08-26 19:13:28,42.50169477494648,-82.82376230982042,,13.3542,70.13,,-36.196,0.0,-8.2922,-0.5932,251.6533,0.9296,0.8015,,,7.2352,17.0569,10.0,0.007,48.092,16.8734,67.704,0.0,0.0,15.1683,57.8962,13.9095,112.5202,191.9573,-38.5636,-4.4125,-13.3872,147.4776,15.2043,12.82,18.9595,0.6961,12.82,0.3442,50.0,6.9566,147.4776,12.82,19.0946,120.0,-37.946,233.5132,,,,,,
2026-08-26 19:13:29,42.5017204,-82.8236776,16.8537,13.4319,67.3684,85.7817,42.5284,0.0,-6.0264,-0.6812,251.6372,0.9332,0.8045,,,,,,,,,,,,15.0732,55.5242,13.3586,111.5385,190.6937,-38.5521,-4.7572,-13.2433,146.2713,15.0676,12.5313,18.7151,0.7094,12.5313,0.3796,50.0,6.8713,146.2713,12.5313,18.8051,120.0,-35.2747,232.1386,,1675.8224,,19112.5334,,
2026-08-26 19:13:30,42.501742,-82.823601,,13.3931,70.3077,85.8505,-148.6963,0.0,-3.311,0.4758,251.6279,0.9369,0.8076,,,,,,,,,,,,14.6348,56.6461,13.3863,114.0491,192.6885,-38.5521,-5.0116,-13.3895,144.7575,14.9001,12.1692,18.3606,0.7323,12.1692,0.4118,50.0,6.7643,144.7575,12.1692,18.4418,120.0,-32.8719,230.5811,,,,,,
2026-08-26 19:13:31,42.501765,-82.8235232,16.9193,13.257,69.1388,84.0285,87.5388,0.0,-3.878,0.7828,251.6142,0.9407,0.8107,,,,,,,,,,,,15.3485,56.3632,13.6571,110.6622,188.4004,-38.535,-5.0256,-13.2446,144.6578,14.8893,12.1454,18.3388,0.7286,12.1454,0.4138,50.0,6.7572,144.6578,12.1454,18.4179,120.0,-32.5639,229.3726,,1679.3371,,19152.5597,,
2026-08-26 19:13:32,42.5017888,-82.8234458,,13.0237,66.9444,84.4639,,0.0,,,251.5997,0.9443,0.8138,,,7.2353,17.0569,10.0,0.0055,48.092,16.8734,66.6203,0.0,0.0,15.2553,56.5143,13.4842,109.34,187.3087,-38.3688,-4.7409,-12.9808,145.9016,15.0263,12.4429,18.6277,0.7061,12.4429,0.381,50.0,6.8452,145.9016,12.4429,18.7164,120.0,-34.773,230.2065,,1681.137,,19172.9009,,
2026-08-26 19:13:33,42.5018118,-82.8233711,17.1161,12.6155,64.7671,83.5472,-73.7362,0.0,-5.7871,-0.122,251.5755,0.9479,0.8166,,,,,,,,,,,,15.1014,55.127,13.0353,108.1107,185.6555,-38.3287,-4.3623,-12.5266,144.4632,14.8681,12.0988,18.2629,0.7018,12.0988,0.3606,50.0,6.7435,144.4632,12.0988,18.3712,120.0,-34.5654,228.4196,,1682.875,,19192.914,,
2026-08-26 19:13:34,42.5018366,-82.8232979,17.2474,12.946,66.91,85.8218,158.793,0.0,-7.4159,-1.2588,251.5507,0.9513,0.8194,,,,,,,,,,,,14.4645,57.6401,13.2101,112.3439,190.2509,-38.3459,-4.4333,-12.9035,143.8621,14.8031,11.955,18.1291,0.7075,11.955,0.3708,50.0,6.701,143.8621,11.955,18.2269,120.0,-33.6404,228.6254,,,,,,
2026-08-26 19:13:35,42.5018612,-82.8232262,,12.946,67.2996,87.237,158.8101,0.0,-7.894,0.0237,251.5372,0.9548,0.8222,,,,,,,,,,,,,,,,,-38.3688,-4.85,-12.9106,143.711,14.7869,11.9188,18.1116,0.712,11.9188,0.4069,50.0,6.6903,143.711,11.9188,18.1906,120.0,-31.6188,229.8789,,1686.2757,,19231.6279,,
2026-08-26 19:13:36,42.5018814,-82.8231525,17.2474,13.1792,70.4108,88.2626,72.5846,0.0,-7.0277,-0.0533,251.5396,0.9584,0.8253,,,7.2353,17.0569,10.0,0.0051,48.092,16.8734,68.2911,0.0,0.0,14.3416,56.0145,12.914,112.9508,192.2209,-38.3917,-4.8054,-13.1767,144.3288,14.8535,12.0666,18.2536,0.7192,12.0666,0.3982,50.0,6.734,144.3288,12.0666,18.3389,120.0,-32.8564,231.7646,,1687.8961,,19250.0006,,
2026-08-26 19:13:37,42.5019007,-82.823065,,13.7041,71.7572,88.7439,91.365,0.0,-7.4664,-0.409,251.5417,0.9621,0.8286,,,,,,,,,,,,15.8354,57.0655,14.1127,109.6538,191.7958,-38.4032,-4.5743,-13.7039,146.1862,15.0581,12.511,18.6725,0.7217,12.511,0.3656,50.0,6.8653,146.1862,12.511,18.7847,120.0,-36.3426,234.0489,,1689.538,,19268.7014,,
2026-08-26 19:13:38,42.5019207,-82.8229833,16.4928,13.6846,69.5628,86.9792,-99.87,0.0,-10.71,-0.0319,251.556,0.9661,0.8321,,,,,,,,,,,,17.2815,57.0071,15.1017,106.3005,189.6752,-38.4032,-4.2288,-13.5484,148.6522,15.3402,13.101,19.133,0.7142,13.101,0.3228,50.0,7.0396,148.6522,13.101,19.3765,120.0,-40.626,236.492,,,,,,
2026-08-26 19:13:39,42.5019375,-82.822896,,13.9762,72.9776,,-9.8354,0.0,-8.6642,-0.6451,251.5491,0.9699,0.8353,,,,,,,,,,,,16.7376,55.2559,14.3989,107.2216,189.1572,-38.4719,-4.3591,-14.0734,147.2913,15.183,12.7754,18.8146,0.7416,12.7754,0.3412,50.0,6.9434,147.2913,12.7754,19.0499,120.0,-39.0851,234.6401,,1693.0631,,19309.0557,,
2026-08-26 19:13:40,42.501959,-82.8228131,16.9849,14.5594,72.2271,86.8646,-28.5849,0.0,-6.9017,-0.2051,251.5548,0.9739,0.8388,,,7.2354,17.0569,10.0,0.0033,48.092,16.8734,66.9013,0.0,0.0,15.6515,52.9373,13.4073,111.3221,192.4944,-38.3688,-4.9378,-14.394,145.5189,14.9838,12.3513,18.5268,0.771,12.3513,0.3998,50.0,6.8181,145.5189,12.3513,18.6245,120.0,-35.2951,232.5313,,1694.8461,,19329.3969,,
2026-08-26 19:13:41,42.5019807,-82.8227268,,14.365,70.1931,86.1656,,,-9.4566,-0.8414,251.546,0.9779,0.8422,,,,,,,,,,,,16.4745,52.3837,13.8061,109.0534,189.8004,-38.4204,-4.7962,-14.6878,146.0699,15.0451,12.4832,18.6078,0.7771,12.4832,0.3842,50.0,6.8571,146.0699,12.4832,18.7568,120.0,-36.6992,232.359,,,,,,
2026-08-26 19:13:42,42.5020049,-82.8226413,16.8537,14.7343,70.3936,85.6729,20.1452,0.0,-8.5442,-0.4616,251.5391,0.9819,0.8456,,,,,,,,,,,,16.7531,52.0949,13.8913,107.9024,187.818,-38.6094,-4.7666,-14.3818,145.6661,15.0001,12.3866,18.4833,0.7911,12.3866,0.3848,50.0,6.8285,145.6661,12.3866,18.6599,120.0,-36.6397,231.4878,,1698.6419,,19372.704,,
2026-08-26 19:13:43,42.5020286,-82.8225554,,14.9481,67.8898,83.9884,-107.3505,0.0,,,251.5302,0.9861,0.8491,,,,,,,,,,,,15.8832,51.4507,13.3647,111.6505,189.9254,-38.6266,-5.1684,-15.0072,145.2556,14.9548,12.2884,18.4659,0.8011,12.2884,0.4206,50.0,6.7995,145.2556,12.2884,18.5614,120.0,-34.8054,230.0059,,1700.5333,,19394.3576,,
2026-08-26 19:13:44,42.5020572,-82.8224583,17.0505,15.0648,67.3684,84.0858,38.9153,0.0,-7.3972,0.3021,,,,,,7.2355,17.0569,10.0,0.0046,48.092,16.8734,66.1039,0.0,0.0,15.6351,50.8687,13.1564,112.803,189.3723,-38.6094,-5.5238,,144.5693,14.8796,12.1242,18.3123,0.8205,12.1242,0.4556,50.0,6.751,144.5693,12.1242,18.3966,120.0,-33.0004,228.8752,,1702.5522,,19417.3235,,
2026-08-26 19:13:45,42.5020825,-82.8223675,16.9849,15.3369,70.3077,85.077,5.1566,0.0,-6.3617,-1.0464,251.5098,0.9924,0.8544,,,,,,,,,,,,16.0675,50.6873,13.4193,112.1216,189.9148,-38.5178,,-15.0324,,,,,,,,,,,,,,,,,1704.5564,,19440.2893,,
2026-08-26 19:13:46,42.5021073,-82.8222797,,14.987,69.4769,84.7676,-28.6811,0.0,-8.5723,-0.9437,251.5006,0.9966,0.8579,,,,,,,,,,,,16.9702,52.8114,14.3509,109.601,188.5538,-38.4605,-5.6028,-15.2703,145.1728,14.9456,12.2686,18.4587,0.8199,12.2686,0.4567,50.0,6.7936,145.1728,12.2686,18.5415,120.0,-33.4455,230.0398,,,,,,
2026-08-26 19:13:47,42.5021311,-82.8221932,16.7881,15.0453,68.3424,84.3493,-69.8894,0.0,-7.2814,-0.9649,251.4927,1.0007,0.8614,,,,,,,,,,,,16.2508,51.1577,13.4523,109.7959,188.3958,-38.4948,-5.1917,-14.4629,146.3765,15.0794,12.5565,18.7335,0.7984,12.5565,0.4135,50.0,6.8787,146.3765,12.5565,18.8304,120.0,-36.0667,231.2307,,1708.48,,19484.9088,,
2026-08-26 19:13:48,42.5021576,-82.8220973,,14.8898,69.3795,85.4322,20.1211,0.0,-6.1453,-0.7529,251.4824,1.0048,0.8648,,,7.2356,17.0569,10.0,0.0054,48.092,16.8734,66.7948,0.0,0.0,15.8072,51.0818,13.2286,111.6111,189.4872,-38.4948,-5.2172,-14.638,145.0622,14.9335,12.2421,18.4213,0.8036,12.2421,0.4262,50.0,6.7858,145.0622,12.2421,18.5149,120.0,-34.4254,229.7073,,1710.4079,,19506.8904,,
2026-08-26 19:13:49,42.5021832,-82.8220094,16.624,14.8509,67.5059,,,0.0,-6.3952,0.6396,251.4748,1.009,0.8683,,,,,,,,,,,,15.2334,53.2794,13.4756,115.0255,192.247,-38.4948,-5.4759,-14.7657,144.4726,14.8691,12.101,18.2894,0.8132,12.101,0.4525,50.0,6.7441,144.4726,12.101,18.3734,120.0,-32.8701,229.4752,,1712.3482,,19528.872,,
2026-08-26 19:13:50,42.5022087,-82.821924,,14.6371,68.308,84.2347,83.8432,0.0,-6.1952,-0.4997,251.4575,1.0131,0.8717,,,,,,,,,,,,15.1635,51.9069,12.9981,113.3471,190.6067,,-5.8394,-14.4036,144.654,14.8889,12.1444,18.3521,0.7976,12.1444,0.4808,50.0,6.7569,144.654,12.1444,18.417,120.0,-31.1421,229.1861,,1714.3457,,19551.8379,,
2026-08-26 19:13:51,42.502234,-82.8218405,16.9849,14.3261,66.6522,85.3291,-99.8975,0.0,,,251.4461,1.0171,0.8751,,,,,,,,,,,,15.2393,52.1105,13.0081,112.398,189.9681,-38.4719,-5.7377,-14.4543,143.93,14.8104,11.9712,18.1763,0.7977,11.9712,0.4793,50.0,6.7058,143.93,11.9712,18.2432,120.0,-30.6192,229.0949,,1716.2677,,19573.8195,,
2026-08-26 19:13:52,42.5022622,-82.8217512,,13.7429,69.2076,86.1312,5.1016,0.0,-7.8503,-0.6164,251.4272,1.0215,0.8786,,,7.2356,17.0569,10.0,0.0079,48.092,16.8734,66.4236,0.0,0.0,15.5835,53.2901,13.3025,110.0924,188.8423,-38.3287,-5.3902,-13.984,144.2169,14.8414,12.0399,18.2346,0.7805,12.0399,0.4477,50.0,6.726,144.2169,12.0399,18.312,120.0,-31.9628,229.8814,,1718.154,,19595.145,,
2026-08-26 19:13:53,42.5022855,-82.8216702,17.1818,14.1706,70.216,87.1282,57.6269,0.0,-6.6038,-0.2557,251.4147,1.0253,0.8819,,,,,,,,,,,,14.7108,53.7189,13.0466,114.6393,193.4025,-38.4719,-5.1024,-13.5395,143.9685,14.8146,11.9804,18.1647,0.7757,11.9804,0.4259,50.0,6.7085,143.9685,11.9804,18.2524,120.0,-32.7392,230.2697,,1720.0212,,19616.4704,,
2026-08-26 19:13:54,42.5023096,-82.8215882,16.8537,14.2483,69.7003,86.3489,1.406,0.0,-6.2721,-0.1219,251.4049,1.0292,0.8851,,,,,,,,,,,,15.2742,52.7926,13.2046,112.8858,191.7715,-38.4948,-5.5474,-14.1848,143.7218,14.788,11.9214,18.1226,0.7856,11.9214,0.4653,50.0,6.691,143.7218,11.9214,18.1932,120.0,-30.7897,230.2901,,1721.856,,19637.4678,,
2026-08-26 19:13:55,42.5023345,-82.821506,,14.0345,68.4054,85.7072,-73.5953,0.0,-7.0988,0.4286,251.3915,1.0332,0.8884,,,,,,,,,,,,15.2742,54.4155,13.5672,113.7118,191.7497,-38.4948,-5.5747,-14.4691,144.1314,14.8321,12.0194,18.2205,0.7864,12.0194,0.4638,50.0,6.72,144.1314,12.0194,18.2915,120.0,-31.2342,230.5076,,,,,,
2026-08-26 19:13:56,42.5023597,-82.8214216,17.1818,13.8207,68.5372,84.5613,-133.6321,0.0,-3.6237,-0.3658,251.3755,1.0371,0.8916,,,7.2357,17.0569,10.0,0.0067,48.092,16.8734,66.2775,0.0,0.0,14.4598,50.0161,12.1033,113.7355,190.4014,-38.4948,-5.6912,-14.0246,144.4543,14.8671,12.0967,18.3037,0.7808,12.0967,0.4705,50.0,6.7428,144.4543,12.0967,18.369,120.0,-30.9861,230.3244,,1725.6272,,19680.4468,,
2026-08-26 19:13:57,42.502385,-82.8213395,,13.9762,66.0506,85.0254,76.3489,0.0,-2.9142,1.0551,251.3618,1.0411,0.8949,,,,,,,,,,,,14.6069,54.8514,13.1172,114.4229,190.9398,-38.4719,-5.7006,-14.3526,142.0862,14.6148,11.5301,17.7387,0.7965,11.5301,0.4944,50.0,6.5754,142.0862,11.5301,17.8007,120.0,-28.2893,227.0276,,1727.5677,,19702.4285,,
2026-08-26 19:13:58,42.5024099,-82.8212626,16.9849,13.0626,66.8584,86.1255,-6.1742,0.0,-4.6728,0.0309,251.3429,1.0449,0.898,,,,,,,,,,,,,,,,,-38.2026,-5.5464,-13.4911,143.1414,14.726,11.7826,17.993,0.7605,11.7826,0.4707,50.0,6.65,143.1414,11.7826,18.0539,120.0,-29.2297,228.5034,,1729.4274,,19723.7539,,
2026-08-26 19:13:59,42.5024331,-82.8211872,,12.7516,64.939,,,0.0,,,251.328,1.0485,0.901,,,,,,,,,,,,15.5217,55.1855,13.4208,108.2814,187.5314,-38.3287,-4.6594,-13.0066,144.2194,14.8417,12.0405,18.2189,0.726,12.0405,0.387,50.0,6.7262,144.2194,12.0405,18.3127,120.0,-33.5929,230.0804,,1731.1786,,19743.767,,
2026-08-26 19:14:00,42.5024576,-82.8211064,17.4114,12.8682,70.2045,86.9907,162.5917,0.0,-6.7737,0.2968,251.314,1.0521,0.9039,,,7.2358,17.0569,10.0,0.005,48.092,16.8734,67.8824,0.0,0.0,15.6747,57.0833,13.849,108.1714,187.7299,-38.3287,-4.213,-12.6972,145.3696,14.9673,12.3156,18.4137,0.7009,12.3156,0.3421,50.0,6.8075,145.3696,12.3156,18.5887,120.0,-36.3156,231.9635,,1732.9027,,19763.4521,,
2026-08-26 19:14:01,42.5024778,-82.8210295,17.3458,13.1015,69.3852,89.5976,35.0925,0.0,-6.2082,0.2783,251.307,1.0574,0.9084,,,,,,,,,,,,15.2157,56.0304,13.3388,108.9105,191.1209,-38.3287,-4.1579,-12.9457,144.9544,14.9217,12.2163,18.2936,0.705,12.2163,0.3404,50.0,6.7782,144.9544,12.2163,18.4891,120.0,-36.1465,233.3987,,1734.5257,,19781.8248,,
2026-08-26 19:14:02,42.5024965,-82.8209551,,13.082,70.1988,88.8413,23.8786,0.0,-6.4284,-0.652,251.3066,1.0609,0.9114,,,,,,,,,,,,15.4906,56.4233,13.5512,107.752,190.4101,-38.4376,-4.0668,-12.6317,144.9942,14.926,12.2258,18.2856,0.6977,12.2258,0.3326,50.0,6.781,144.9942,12.2258,18.4986,120.0,-36.4063,233.7404,,1736.2171,,19801.1817,,
2026-08-26 19:14:03,42.5025153,-82.8208772,17.0505,12.8682,71.8833,88.5491,-24.8618,0.0,-6.6112,0.7341,251.3086,1.0645,0.9146,,,,,,,,,,,,15.0076,56.9106,13.4039,110.2717,192.4304,-38.4376,-4.2549,-12.9839,144.7154,14.8956,12.1591,18.2768,0.7037,12.1591,0.3499,50.0,6.7613,144.7154,12.1591,18.4317,120.0,-35.3964,233.3429,,1737.8344,,19819.5544,,
2026-08-26 19:14:04,42.502536,-82.8208029,,12.5961,68.033,87.9246,-88.5667,0.0,-7.3551,0.1359,251.302,1.068,0.9175,,,7.2359,17.0569,10.0,0.0045,48.092,16.8734,66.7679,0.0,0.0,15.2361,56.8518,13.537,109.5504,191.7544,-38.3287,-4.2874,-12.6874,145.2017,14.9488,12.2755,18.4128,0.6958,12.2755,0.3493,50.0,6.7957,145.2017,12.2755,18.5484,120.0,-35.6495,233.5042,,,,,,
2026-08-26 19:14:05,42.5025589,-82.8207309,17.2802,12.6933,68.9211,86.7901,,0.0,,,,,,,,,,,,,,,,,15.0958,56.3241,13.2666,108.751,189.3444,-38.3917,-4.1038,,144.7474,14.899,12.1668,18.2507,0.6942,12.1668,0.3373,50.0,6.7636,144.7474,12.1668,18.4394,120.0,-35.8492,232.1471,,1741.1959,,19857.9403,,
2026-08-26 19:14:06,42.5025825,-82.8206607,,12.5961,67.4772,85.1056,-69.8172,0.0,-5.045,1.2606,251.2832,1.0733,0.9218,,,,,,,,,,,,14.1088,56.2003,12.7192,112.8127,191.6991,-38.4376,-4.4698,-12.8178,143.3739,14.7508,11.8382,18.0151,0.7071,11.8382,0.3776,50.0,6.6664,143.3739,11.8382,18.1097,120.0,-32.8327,229.5973,,1742.8731,,19877.2972,,
2026-08-26 19:14:07,42.5026045,-82.8205872,17.3458,12.4017,66.36,84.8249,-13.5688,0.0,-2.444,1.3529,251.262,1.0766,0.9245,,,,,,,,,,,,14.5696,54.8032,12.6292,109.4845,187.8796,-38.4605,-4.4521,-12.7187,142.3667,14.6442,11.5972,17.7747,0.7097,11.5972,0.3839,50.0,6.5952,142.3667,11.5972,17.868,120.0,-31.6989,227.6117,,,,,,
2026-08-26 19:14:08,42.5026288,-82.8205089,,11.9741,67.1392,86.4693,102.6305,0.0,-3.6528,0.6722,251.2492,1.0801,0.9274,,,7.2359,17.0569,10.0,0.0045,48.092,16.8734,66.5092,0.0,0.0,15.7888,57.1927,13.7627,105.37,185.1972,-38.4376,-3.8499,-12.5257,143.749,14.791,11.9279,17.9511,0.6867,11.9279,0.3228,50.0,6.693,143.749,11.9279,18.1998,120.0,-35.5508,229.1042,,1746.2547,,19915.6831,,
2026-08-26 19:14:09,42.5026484,-82.8204413,17.1818,11.5075,67.7465,87.6725,-6.1158,0.0,-3.4164,0.4934,251.2392,1.0835,0.9302,,,,,,,,,,,,14.9843,56.8944,13.0466,105.829,186.8948,-38.4204,-3.3626,-11.9434,144.2874,14.849,12.0567,17.9344,0.6648,12.0567,0.2789,50.0,6.731,144.2874,12.0567,18.329,120.0,-37.905,230.8932,,,,,,
2026-08-26 19:14:10,42.5026658,-82.8203746,,11.4298,71.5281,,248.8722,0.0,-4.8496,0.5862,251.232,1.0866,0.9328,,,,,,,,,,,,15.0516,57.9524,13.2243,105.2631,188.1635,-38.4376,-3.1793,-11.4862,143.8604,14.8029,11.9546,17.7886,0.6527,11.9546,0.266,50.0,6.7008,143.8604,11.9546,18.2265,120.0,-37.9671,232.1499,,1749.3462,,19951.1161,,
2026-08-26 19:14:11,42.5026821,-82.8203094,16.8537,11.1382,71.0181,91.1675,,0.0,,,251.2339,1.0898,0.9355,,,,,,,,,,,,15.4203,59.2437,13.6829,104.4272,190.3075,-38.3287,-3.0085,-11.4296,144.6921,14.893,12.1536,17.9483,0.6347,12.1536,0.2475,50.0,6.7596,144.6921,12.1536,18.4261,120.0,-39.3789,234.894,,,,,,
2026-08-26 19:14:12,42.5026957,-82.8202421,,11.7214,76.4841,91.8608,-2.3445,0.0,-7.5749,0.1438,251.2346,1.0928,0.9381,,,7.236,17.0569,10.0,0.0021,48.092,16.8734,67.0111,0.0,0.0,15.1398,55.1707,12.7159,102.2225,189.7913,,-2.6206,-11.1381,144.0482,14.8232,11.9995,17.6249,0.6451,11.9995,0.2184,50.0,6.7141,144.0482,11.9995,18.2716,120.0,-40.7231,235.6952,,1752.1267,,19982.6122,,
2026-08-26 19:14:13,42.5027064,-82.8201735,17.2802,12.0518,75.0747,94.25,57.6957,0.0,-6.535,-1.2696,251.2502,1.0959,0.941,,,,,,,,,,,,15.353,59.3539,13.802,106.861,194.884,-38.5636,-2.9106,-11.6725,144.1102,14.8298,12.0143,17.7289,0.6599,12.0143,0.2423,50.0,6.7185,144.1102,12.0143,18.2864,120.0,-39.7045,236.969,,,,,,
2026-08-26 19:14:14,42.5027222,-82.8200948,,12.7322,70.9207,90.818,-129.7096,0.0,-7.2547,-0.9645,251.2659,1.0991,0.9438,,,,,,,,,,,,15.3429,54.9947,13.0328,105.3585,190.8244,-38.3287,,-12.0252,,,,,,,,,,,,,,,,,1754.8252,,20013.4521,,
2026-08-26 19:14:15,42.5027376,-82.8200202,17.477,13.1598,74.3814,90.6118,95.339,0.0,-8.2845,-0.5722,251.2754,1.1024,0.9467,,,,,,,,,,,,14.9762,55.6023,13.0982,109.3616,193.7784,-38.5865,-3.2344,-12.1672,143.9723,14.815,11.9814,17.7813,0.6821,11.9814,0.27,50.0,6.7087,143.9723,11.9814,18.2534,120.0,-38.5062,235.4225,,,,,,
2026-08-26 19:14:16,42.5027516,-82.8199407,,13.6458,73.9574,89.9357,-170.8938,0.0,-7.1591,0.1589,251.2883,1.1058,0.9498,,,7.2361,17.0569,10.0,0.0058,48.092,16.8734,66.5267,0.0,0.0,15.6826,53.5944,13.2925,108.2759,192.7007,-38.6094,-3.7157,-12.8278,143.8229,14.7989,11.9456,17.8822,0.705,11.9456,0.3111,50.0,6.6982,143.8229,11.9456,18.2175,120.0,-36.6801,234.8414,,1757.859,,20047.9009,,
2026-08-26 19:14:17,42.502772,-82.81986,16.2631,13.4708,68.0044,86.813,-212.1296,0.0,-7.234,-0.0607,251.3026,1.1095,0.9531,,,,,,,,,,,,,,,,,-38.6094,-4.0976,-13.5891,144.4017,14.8614,12.0841,18.1058,0.7267,12.0841,0.3391,50.0,6.7391,144.4017,12.0841,18.3564,120.0,-36.2569,234.7188,,,,,,
2026-08-26 19:14:18,42.5027948,-82.8197802,,14.2289,71.7515,87.2256,54.1067,0.0,-5.6729,-0.6716,251.297,1.1133,0.9563,,,,,,,,,,,,17.0433,54.6325,14.3685,104.7018,186.7149,-38.6094,-3.7752,-13.5301,146.3231,15.0734,12.5438,18.4363,0.7268,12.5438,0.301,50.0,6.875,146.3231,12.5438,18.8175,120.0,-39.9593,234.4512,,1761.2837,,20087.271,,
2026-08-26 19:14:19,42.502815,-82.819699,15.3117,13.7818,71.4421,85.4723,,0.0,,,251.2932,1.1171,0.9595,,,,,,,,,,,,16.6049,52.7113,13.7227,105.6999,187.4059,-38.6381,-3.6267,-13.5475,146.44,15.0865,12.5717,18.3884,0.7442,12.5717,0.2885,50.0,6.8832,146.44,12.5717,18.8456,120.0,-41.0714,233.8231,,,,,,
2026-08-26 19:14:20,,,,13.7818,66.3084,,-208.3928,0.0,-4.4916,1.1832,251.2911,1.1208,0.9628,,,7.2362,17.0569,10.0,0.0041,48.092,16.8734,66.6087,0.0,0.0,16.46,55.6626,14.3476,108.6836,189.6584,-38.5636,-4.2385,-14.0899,146.6794,15.1135,12.629,18.6416,0.74,12.629,0.3356,50.0,6.9002,146.6794,12.629,18.903,120.0,-38.7862,232.8713,,1764.8358,,20127.6253,,
2026-08-26 19:14:21,42.5028388,-82.8196208,16.7552,13.4708,65.7526,82.5674,-234.609,0.0,-4.3673,0.2195,251.2605,1.1263,0.9672,,,,,,,,,,,,15.3036,53.2555,13.0229,109.6704,187.074,-38.5636,-4.1472,-12.9319,146.2894,15.0696,12.5357,18.5312,0.7362,12.5357,0.3308,50.0,6.8726,146.2894,12.5357,18.8094,120.0,-38.5923,230.8546,,,,,,
2026-08-26 19:14:22,42.5028653,-82.8195467,,13.9373,68.8753,82.1606,222.876,0.0,-3.4721,0.375,251.245,1.1301,0.9702,,,,,,,,,,,,14.4514,54.1733,12.7498,113.2195,187.9958,-38.5636,-4.6768,-13.5341,143.6705,14.7825,11.9092,18.0835,0.747,11.9092,0.3927,50.0,6.6874,143.6705,11.9092,18.1809,120.0,-33.4134,226.3096,,1768.4876,,20169.292,,
2026-08-26 19:14:23,42.5028921,-82.8194604,17.0505,13.0432,67.5173,84.6014,-28.3958,0.0,-4.3277,-0.2549,251.2356,1.1338,0.9733,,,,,,,,,,,,15.2513,54.4902,13.2594,110.5603,188.4178,-38.237,-5.2401,-13.3346,142.8306,14.6931,11.7082,17.9072,0.7556,11.7082,0.4476,50.0,6.628,142.8306,11.7082,17.9793,120.0,-30.0446,226.5619,,1770.2494,,20189.3051,,
2026-08-26 19:14:24,42.5029151,-82.8193836,17.1161,13.1792,67.397,84.59,31.6066,0.0,-6.7112,-1.2877,251.2236,1.1375,0.9764,,,7.2363,17.0569,10.0,0.0049,48.092,16.8734,66.4562,0.0,0.0,16.2955,54.4889,13.7541,105.3324,184.6763,-38.3917,-4.4138,-12.949,144.2915,14.8495,12.0577,18.1855,0.7287,12.0577,0.3661,50.0,6.7313,144.2915,12.0577,18.33,120.0,-34.8374,228.6099,,,,,,
2026-08-26 19:14:25,42.5029386,-82.8193051,,12.9265,68.1476,84.0858,27.8904,0.0,-5.2328,-0.3681,251.2091,1.1416,0.9798,,,,,,,,,,,,14.9791,54.3406,12.9502,109.9833,187.7837,-38.4204,-4.0785,-13.1911,144.1802,14.8374,12.0311,18.039,0.7321,12.0311,0.339,50.0,6.7234,144.1802,12.0311,18.3032,120.0,-36.192,228.518,,1773.8051,,20229.9875,,
2026-08-26 19:14:26,42.5029656,-82.8192189,17.5427,13.1987,70.3764,85.8333,99.1274,0.0,-4.3803,-1.4915,251.1962,1.1454,0.9829,,,,,,,,,,,,15.115,54.2261,13.007,109.4703,187.8439,-38.4376,-4.3713,-13.2153,143.7838,14.7947,11.9363,18.0561,0.73,11.9363,0.3662,50.0,6.6954,143.7838,11.9363,18.2081,120.0,-34.4151,228.5071,,1775.793,,20252.6253,,
2026-08-26 19:14:27,42.5029889,-82.8191404,17.2802,,,86.1198,54.1411,0.0,-4.2445,-0.3381,251.1887,1.1491,0.986,,,,,,,,,,,,14.9172,53.3749,12.7391,109.9867,189.5125,-38.4032,-4.2914,-13.2941,142.829,14.6929,11.7078,17.7906,0.7427,11.7078,0.3665,50.0,6.6279,142.829,11.7078,17.979,120.0,-33.8768,228.3392,,,,,,
2026-08-26 19:14:28,42.5030109,-82.8190619,,13.0432,71.5338,89.3512,95.3287,0.0,-8.3839,-0.6453,251.1884,1.1527,0.989,,,7.2363,17.0569,10.0,0.0041,48.092,16.8734,67.2071,0.0,0.0,16.2073,56.9213,14.2514,107.6519,189.7908,-38.4032,-4.4507,-12.9067,144.4365,14.8652,12.0924,18.2379,0.725,12.0924,0.3681,50.0,6.7416,144.4365,12.0924,18.3648,120.0,-34.7672,230.733,,1779.3046,,20292.6516,,
2026-08-26 19:14:29,42.5030294,-82.818986,17.2474,13.0626,73.4818,88.8413,,0.0,-9.9529,-1.5841,251.1945,1.1561,0.9921,,,,,,,,,,,,16.313,54.8755,13.7942,104.7029,188.9133,-38.4376,-3.7468,-12.8293,146.4602,15.0888,12.5765,18.5025,0.7013,12.5765,0.2979,50.0,6.8847,146.4602,12.5765,18.8504,120.0,-39.6764,234.7776,,,,,,
2026-08-26 19:14:30,42.5030465,-82.8189104,,13.1209,72.4219,89.0189,31.6307,0.0,-6.803,-0.9454,,,,,,,,,,,,,,,15.0033,50.684,12.1919,107.8107,190.939,-38.5636,-3.5794,,143.8012,14.7966,11.9404,17.7694,0.7381,11.9404,0.2998,50.0,6.6966,143.8012,11.9404,18.2123,120.0,-37.9629,232.5564,,1782.5032,,20329.0689,,
2026-08-26 19:14:31,42.503064932335015,-82.81882055782425,17.477,13.6846,73.9746,,-43.3534,0.0,,,251.2081,1.1617,0.997,,,,,,,,,,,,14.6378,53.1304,12.5839,111.4761,193.8493,-38.5521,-4.3252,-13.1561,142.3091,14.6381,11.5835,17.6663,0.7531,11.5835,0.3734,50.0,6.5911,142.3091,11.5835,17.8542,120.0,-33.3389,231.0379,,,,,,
2026-08-26 19:14:32,42.50308197835303,-82.81874064765397,,13.3542,73.0407,87.6438,-65.8294,0.0,-5.6321,-0.5769,251.2158,1.1654,1.0002,,,7.2364,17.0569,10.0,0.0071,48.092,16.8734,66.0891,0.0,0.0,15.3496,50.0076,12.2933,106.9424,188.9114,-38.5636,-4.3747,-13.624,141.1998,14.5227,11.3181,17.4043,0.7703,11.3181,0.3865,50.0,6.5127,141.1998,11.3181,17.588,120.0,-32.1554,229.1207,,1785.839,,20367.1266,,
2026-08-26 19:14:33,42.50310224223449,-82.81865957751096,17.5427,13.8985,71.0811,86.263,-107.0446,0.0,-4.8271,-0.2153,251.2149,1.1711,1.0052,,,,,,,,,,,,14.4955,51.4832,12.2417,112.1082,191.6458,-38.5636,-4.527,-13.8784,141.0572,14.508,11.284,17.4094,0.7791,11.284,0.4012,50.0,6.5026,141.0572,11.284,17.5537,120.0,-31.5616,227.5807,,,,,,
2026-08-26 19:14:34,42.50312362746072,-82.818577865865,,13.8985,70.4394,83.8509,-140.7964,0.0,-3.7137,0.5006,251.2044,1.1748,1.0082,,,,,,,,,,,,15.0328,52.2848,12.6499,109.9356,187.7652,-38.5521,-4.717,-13.8942,141.4213,14.5456,11.3711,17.545,0.7717,11.3711,0.4148,50.0,6.5284,141.4213,11.3711,17.6411,120.0,-31.0315,225.8663,,1789.4359,,20408.1371,,
2026-08-26 19:14:35,42.50314801552039,-82.81850180097916,17.3458,13.257,65.9761,82.5388,24.1845,0.0,-3.0958,-0.5791,251.1871,1.1785,1.0112,,,,,,,,,,,,15.3738,50.92,12.4096,105.9108,183.2328,,-4.3116,-13.3901,141.3962,14.543,11.3651,17.448,0.759,11.3651,0.3794,50.0,6.5266,141.3962,11.3651,17.6351,120.0,-32.3952,224.8108,,,,,,
2026-08-26 19:14:36,42.50317306239283,-82.81842569972056,17.3458,13.1987,67.609,83.4727,125.4365,0.0,-3.6177,-0.8468,,,,,,7.2365,17.0569,10.0,0.004,48.092,16.8734,66.4824,0.0,0.0,15.5999,54.0256,13.2167,107.214,185.5564,-38.5521,-3.8153,,141.6359,14.5679,11.4224,17.3227,0.7582,11.4224,0.334,50.0,6.5435,141.6359,11.4224,17.6926,120.0,-34.7478,225.1164,,1793.0368,,20449.1476,,
2026-08-26 19:14:37,42.50319632597198,-82.8183496958481,,13.0237,68.9096,85.0483,,0.0,-6.3956,-1.1865,251.1698,1.184,1.0157,,,,,,,,,,,,16.1945,53.6585,13.4577,104.2328,184.1555,-38.0651,-3.6542,-12.9369,143.81,14.7975,11.9425,17.8133,0.729,11.9425,0.306,50.0,6.6973,143.81,11.9425,18.2144,120.0,-37.4651,228.2747,,,,,,
2026-08-26 19:14:38,42.5032214,-82.818267,17.4114,12.9849,68.6805,84.4295,-20.8121,0.0,,,251.1591,1.1876,1.0187,,,,,,,,,,,,14.8067,51.1928,12.1012,107.545,186.284,-38.088,-3.5463,-12.9332,142.8444,14.6945,11.7115,17.5374,0.7379,11.7115,0.3028,50.0,6.629,142.8444,11.7115,17.9827,120.0,-36.9395,227.3724,,1796.4796,,20488.5177,,
2026-08-26 19:14:39,42.5032439,-82.8181894,,13.082,69.5513,83.8107,-17.034,0.0,-3.1974,-0.6269,251.1511,1.1913,1.0217,,,,,,,,,,,,,,,,,-38.088,,-12.7473,,,,,,,,,,,,,,,,,1798.2357,,20508.5308,,
2026-08-26 19:14:40,42.5032689,-82.8181137,17.5427,12.5572,66.3141,82.98,-122.0297,0.0,-3.4974,0.1063,251.1261,1.1967,1.0262,,,7.2366,17.0569,10.0,0.0064,48.092,16.8734,66.1924,0.0,0.0,14.9516,53.4635,12.6632,108.4356,186.48,-37.5896,-3.9869,-12.5846,141.7099,14.5755,11.4401,17.4348,0.7411,11.4401,0.3485,50.0,6.5488,141.7099,11.4401,17.7104,120.0,-33.738,226.0571,,,,,,
2026-08-26 19:14:41,42.5032943,-82.8180404,,12.635,64.389,,,0.0,-4.4812,0.005,251.1037,1.2003,1.0289,,,,,,,,,,,,15.5,54.527,13.1634,106.4737,183.6877,-37.6411,-3.8421,-12.5171,142.5327,14.6616,11.637,17.5956,0.7261,11.637,0.3302,50.0,6.607,142.5327,11.637,17.9079,120.0,-35.0314,225.9402,,1801.8026,,20549.2133,,
2026-08-26 19:14:42,42.503321,-82.8179693,17.6739,12.3628,63.2374,83.318,9.2407,,-4.8197,0.5739,,,,,,,,,,,,,,,14.2619,56.2238,12.7413,111.4995,187.0976,-37.6411,-3.9743,,143.0505,14.7164,11.7608,17.7885,0.712,11.7608,0.3379,50.0,6.6436,143.0505,11.7608,18.0321,120.0,-34.7621,226.3696,,1803.5535,,20569.2264,,
2026-08-26 19:14:43,42.5033459,-82.8178992,,12.4795,65.6896,84.9567,136.7123,0.0,-4.4076,0.1105,251.073,1.2054,1.033,,,,,,,,,,,,13.4363,54.9628,11.9236,112.6823,188.5364,-37.6641,-4.4033,-12.3506,141.6648,14.5709,11.4293,17.607,0.7059,11.4293,0.3853,50.0,6.5456,141.6648,11.4293,17.6995,120.0,-30.9165,225.7204,,,,,,
2026-08-26 19:14:44,42.5033695,-82.8178188,17.7395,12.5766,69.0701,87.7355,196.6666,0.0,-4.6072,0.3393,251.0643,1.2092,1.0362,,,7.2366,17.0569,10.0,0.0071,48.092,16.8734,68.0019,0.0,0.0,13.1858,56.7376,12.1761,115.1084,192.7431,-37.6641,-4.8463,-12.7348,140.7497,14.4764,11.2104,17.4096,0.7134,11.2104,0.4323,50.0,6.4809,140.7497,11.2104,17.4799,120.0,-27.783,226.0849,,1806.8583,,20606.956,,
2026-08-26 19:14:45,42.503387,-82.8177462,,12.3239,70.8004,89.7294,-5.8235,0.0,-7.3123,-0.019,251.066,1.2139,1.0403,,,,,,,,,,,,15.78,57.7078,13.9189,106.5913,190.0526,-37.6297,-4.3502,-12.3238,143.1602,14.728,11.7871,17.9635,0.6913,11.7871,0.3691,50.0,6.6513,143.1602,11.7871,18.0584,120.0,-32.6537,230.99,,,,,,
2026-08-26 19:14:46,42.503407,-82.8176662,17.7395,12.2656,72.3417,91.0128,102.9708,0.0,-7.7647,-0.706,,,,,,,,,,,,,,,16.1728,55.5847,13.7075,103.2615,188.293,-37.6641,-3.4536,,145.1329,14.9413,12.259,18.1356,0.6792,12.259,0.2817,50.0,6.7908,145.1329,12.259,18.5319,120.0,-38.8491,234.5013,,1809.9497,,20642.061,,
2026-08-26 19:14:47,42.503422,-82.8175922,,12.771,73.2297,90.5774,-95.7481,0.0,-5.9847,0.6971,251.0758,1.219,1.0447,,,,,,,,,,,,14.712,55.2386,12.7725,108.8644,193.4097,-37.6411,-3.4697,-12.5511,144.1054,14.8293,12.0132,17.874,0.696,12.0132,0.2888,50.0,6.7182,144.1054,12.0132,18.2853,120.0,-37.9115,234.6627,,,,,,
2026-08-26 19:14:48,42.5034366,-82.8175179,17.8379,12.6738,73.5792,90.0273,,0.0,,,251.0906,1.2241,1.0492,,,7.2367,17.0569,10.0,0.0067,48.092,16.8734,66.861,0.0,0.0,14.3512,52.5743,12.0806,109.369,193.0107,-37.6812,-4.0043,-12.7614,142.2564,14.6326,11.5709,17.6107,0.7177,11.5709,0.3461,50.0,6.5874,142.2564,11.5709,17.8415,120.0,-33.7868,232.4714,,1812.9665,,20676.5098,,
2026-08-26 19:14:49,42.5034539,-82.817442,17.7395,13.1015,71.9921,90.1018,5.5004,0.0,-5.3513,-0.0186,,,,,,,,,,,,,,,15.103,53.2179,12.7287,108.1364,191.9885,-37.6641,-4.0667,,141.6907,14.5736,11.4355,17.4672,0.7376,11.4355,0.3556,50.0,6.5474,141.6907,11.4355,17.7058,120.0,-33.2907,231.8118,,,,,,
2026-08-26 19:14:50,42.5034712,-82.8173651,,13.2959,73.1553,89.3742,-24.4802,0.0,-7.6392,-0.231,251.0976,1.2295,1.0539,,,,,,,,,,,,15.7091,54.5052,13.4235,107.675,191.6382,-37.8703,-3.9801,-13.1786,143.4165,14.7554,11.8484,17.8319,0.7326,11.8484,0.3359,50.0,6.6694,143.4165,11.8484,18.12,120.0,-35.6777,233.4473,,1816.1589,,20712.9272,,
2026-08-26 19:14:51,42.5034868,-82.8172782,17.9692,13.7041,73.8714,,-73.2068,0.0,-7.2633,-0.0269,251.1177,1.2349,1.0588,,,,,,,,,,,,15.0674,53.488,12.9883,111.1896,194.1274,-37.8703,-4.3547,-13.8353,143.796,14.796,11.9392,18.019,0.7467,11.9392,0.3647,50.0,6.6963,143.796,11.9392,18.211,120.0,-34.9123,233.1527,,1817.7845,,20731.628,,
2026-08-26 19:14:52,42.5035092,-82.8171875,,13.8596,71.253,87.7813,-211.944,0.0,-4.37,-0.2508,251.1168,1.2391,1.0624,,,7.2368,17.0569,10.0,0.0034,48.092,16.8734,66.0218,0.0,0.0,15.2844,51.0975,12.62,109.5205,190.8332,-37.8703,-4.8264,-13.8179,142.9037,14.7008,11.7257,17.9033,0.7647,11.7257,0.4116,50.0,6.6332,142.9037,11.7257,17.9969,120.0,-32.2608,231.2789,,1819.4622,,20750.6568,,
2026-08-26 19:14:53,42.5035322,-82.8171061,17.6083,13.5097,68.6461,84.5269,-114.4632,0.0,-3.6523,0.2184,251.1088,1.243,1.0656,,,,,,,,,,,,15.6808,52.4292,13.0354,107.5511,186.9385,-37.8302,-4.3973,-13.5021,143.3365,14.7468,11.8293,17.9075,0.7588,11.8293,0.3717,50.0,6.6638,143.3365,11.8293,18.1008,120.0,-34.4561,229.2914,,,,,,
2026-08-26 19:14:54,42.5035559,-82.817026,,13.2764,68.9154,84.2519,46.7568,0.0,-2.8939,-0.3625,251.1011,1.2464,1.0685,,,,,,,,,,,,15.9845,52.3008,13.1835,106.3954,185.4554,-37.7958,-4.0529,-13.1861,143.462,14.7602,11.8593,17.8186,0.7587,11.8593,0.3418,50.0,6.6727,143.462,11.8593,18.1309,120.0,-36.017,228.2655,,1823.1553,,20792.6516,,
2026-08-26 19:14:55,42.5035794,-82.8169472,17.2802,12.946,68.2393,85.6843,-151.9862,0.0,-4.6959,0.3902,251.0911,1.2502,1.0716,,,,,,,,,,,,16.3811,55.3776,14.0525,106.4083,186.5226,-37.7385,-3.867,-13.4209,144.9317,14.9192,12.2109,18.1266,0.7384,12.2109,0.3167,50.0,6.7766,144.9317,12.2109,18.4836,120.0,-38.1394,230.1611,,,,,,
2026-08-26 19:14:56,42.5036029,-82.8168691,,13.1987,66.6522,83.6102,,0.0,,,251.0813,1.2539,1.0747,,,7.2369,17.0569,10.0,0.0045,48.092,16.8734,66.221,0.0,0.0,15.7335,53.9361,13.2881,106.8385,185.1585,-37.7385,-3.6345,-13.0928,145.8497,15.0205,12.4305,18.2891,0.7219,12.4305,0.2924,50.0,6.8415,145.8497,12.4305,18.7039,120.0,-39.8702,230.4295,,1826.7384,,20833.6621,,
2026-08-26 19:14:57,42.5036292,-82.8167942,17.7723,12.6544,65.1109,82.9341,-73.2343,0.0,-4.5604,-0.0044,251.0618,1.2575,1.0775,,,,,,,,,,,,14.3038,53.343,12.274,110.7903,186.823,-37.7156,-4.1384,-12.9046,143.5565,14.7703,11.8819,17.926,0.7291,11.8819,0.3483,50.0,6.6793,143.5565,11.8819,18.1536,120.0,-35.0956,227.0378,,,,,,
2026-08-26 19:14:58,42.5036521,-82.8167195,,13.082,68.1934,85.3348,121.7512,0.0,-2.492,-0.0009,251.0525,1.2611,1.0805,,,,,,,,,,,,14.485,53.7387,12.4093,109.7455,187.9116,-37.1656,-4.3122,-12.7425,142.0978,14.616,11.5329,17.6651,0.7294,11.5329,0.3739,50.0,6.5762,142.0978,11.5329,17.8035,120.0,-32.5453,226.4224,,1830.3402,,20874.6726,,
2026-08-26 19:14:59,42.5036743,-82.8166468,17.6739,12.1296,64.1598,84.7332,20.4993,0.0,-2.8469,-0.1035,251.0416,1.2646,1.0834,,,,,,,,,,,,15.4666,55.4998,13.2369,105.6468,184.5924,,-4.0349,-12.2504,142.061,14.6121,11.5241,17.5934,0.7109,11.5241,0.3501,50.0,6.5736,142.061,11.5241,17.7946,120.0,-33.2393,226.8204,,,,,,
2026-08-26 19:15:00,42.5037022,-82.8165688,,12.4989,64.6984,83.6389,-88.2091,0.0,-4.2203,0.1973,251.0207,1.2684,1.0864,,,7.2369,17.0569,10.0,0.0046,48.092,16.8734,66.1641,0.0,0.0,,,,,,-37.3317,-3.6822,-12.0944,142.8634,14.6965,11.7161,17.6708,0.6956,11.7161,0.3143,50.0,6.6303,142.8634,11.7161,17.9872,120.0,-35.4318,227.2309,,1833.6942,,20913.0584,,
2026-08-26 19:15:01,42.5037254,-82.8165003,18.0348,12.3239,66.1079,,283.0366,0.0,-0.5237,1.5177,,,,,,,,,,,,,,,13.9857,55.7979,12.3189,110.1212,186.6071,-37.4463,-4.2628,,140.5544,14.4564,11.1637,17.3374,0.7041,11.1637,0.3818,50.0,6.4671,140.5544,11.1637,17.433,120.0,-30.1154,224.2371,,1835.5931,,20934.712,,
2026-08-26 19:15:02,42.5037466,-82.8164348,17.5427,11.216,70.1472,85.1572,129.2043,0.0,-5.8896,0.8366,251.0012,1.2734,1.0904,,,,,,,,,,,,12.4379,54.7721,11.3663,116.6348,192.0114,-36.7416,-4.3086,-12.3564,142.1611,14.6226,11.5481,17.7301,0.6737,11.5481,0.3731,50.0,6.5807,142.1611,11.5481,17.8187,120.0,-31.0158,228.5736,,,,,,
2026-08-26 19:15:03,42.5037658,-82.8163682,,11.4103,68.5773,89.3971,,0.0,,,250.9954,1.2764,1.093,,,,,,,,,,,,15.2803,60.0793,13.8545,107.0757,189.2464,-38.8214,,-11.4087,,,,,,,,,,,,,,,,,1838.4553,,20967.1923,,
2026-08-26 19:15:04,42.5037845,-82.8162994,17.6083,11.7991,70.4623,89.0361,20.5474,0.0,-5.4442,-0.4141,250.9901,1.2793,1.0954,,,7.237,17.0569,10.0,0.0054,48.092,16.8734,67.0605,0.0,0.0,14.3626,58.6211,12.914,108.2846,191.2423,-39.8757,-3.5691,-11.4881,143.3467,14.7479,11.8317,17.8237,0.6534,11.8317,0.3017,50.0,6.6645,143.3467,11.8317,18.1032,120.0,-35.5014,231.689,,,,,,
2026-08-26 19:15:05,42.5038022,-82.8162297,,11.6436,71.7229,88.0564,39.29,0.0,-2.7548,0.9465,250.9877,1.2826,1.0981,,,,,,,,,,,,13.4302,60.0621,12.691,113.5021,195.0072,-40.1507,-4.1035,-11.2151,143.0849,14.72,11.7691,17.946,0.6509,11.7691,0.3487,50.0,6.646,143.0849,11.7691,18.0404,120.0,-32.519,231.4461,,1841.5171,,21002.2973,,
2026-08-26 19:15:06,42.5038199,-82.8161615,17.477,11.5853,73.075,90.0445,84.2729,0.0,-4.6432,1.0501,250.9879,1.2858,1.1009,,,,,,,,,,,,14.9703,61.0067,13.862,109.1588,192.5655,-40.4143,-4.2213,-11.6614,143.1846,14.7306,11.7929,17.9742,0.6556,11.7929,0.358,50.0,6.6531,143.1846,11.7929,18.0643,120.0,-32.1935,231.9463,,,,,,
2026-08-26 19:15:07,42.5038354,-82.8160854,,11.7214,77.0857,95.1267,324.2483,0.0,-6.641,-0.3232,250.992,1.2893,1.104,,,,,,,,,,,,15.7267,60.6487,14.2627,106.0333,193.2429,-42.5227,-3.7143,-11.8306,145.733,15.0075,12.4026,18.4613,0.6327,12.4026,0.2995,50.0,6.8332,145.733,12.4026,18.6759,120.0,-37.1924,235.9965,,1844.4251,,21035.4337,,
2026-08-26 19:15:08,42.5038401,-82.8160127,17.7395,12.1101,86.8088,104.231,582.8803,0.0,-9.5005,0.5567,251.0079,1.2925,1.1069,,,7.2371,17.0569,10.0,0.0046,48.092,16.8734,70.3268,0.0,0.0,15.7867,62.7772,14.7339,107.6792,200.6228,-43.3192,-3.4492,-11.4044,147.4685,15.2032,12.8178,18.7836,0.6204,12.8178,0.2691,50.0,6.956,147.4685,12.8178,19.0924,120.0,-40.2511,241.9616,,1845.882,,21051.8379,,
2026-08-26 19:15:09,42.5038374,-82.8159418,,10.9438,95.3115,115.9995,511.4267,0.0,-10.7838,1.6294,251.0548,1.2955,1.11,,,,,,,,,,,,16.1733,59.8513,14.428,104.2275,206.5877,-43.5025,-3.3978,-10.7085,147.6206,15.2207,12.8542,18.7972,0.6218,12.8542,0.2643,50.0,6.9667,147.6206,12.8542,19.1289,120.0,-40.7206,250.3714,,,,,,
2026-08-26 19:15:10,42.5038233,-82.8158763,17.8379,10.4967,106.2092,128.7306,,0.0,,,251.1595,1.2994,1.1146,,,,,,,,,,,,17.8503,55.4345,14.7251,93.3914,208.9532,-43.4739,-2.5735,-9.0201,149.3754,15.4255,13.274,18.9535,0.6022,13.274,0.1939,50.0,7.0908,149.3754,13.274,19.5501,120.0,-46.3448,259.9103,,1847.4916,,21070.2106,,
2026-08-26 19:15:11,42.5038024,-82.8158191,,9.5443,118.1038,143.639,694.9818,0.0,-10.5911,1.6178,251.2478,1.3014,1.1173,,,,,,,,,,,,17.6819,45.5961,12.7596,81.9016,212.3596,-41.9612,-0.8768,-7.7045,146.6731,15.1128,12.6275,17.4976,0.6214,12.6275,0.0694,50.0,6.8997,146.6731,12.6275,18.9016,120.0,-52.0475,268.9616,,1847.8892,,21074.8038,,
2026-08-26 19:15:12,42.5037738,-82.81578,17.7723,7.5227,121.616,,882.3286,0.0,-9.1933,2.1581,251.3438,1.3025,1.1193,,,7.2372,17.0569,10.0,0.0045,48.092,16.8734,75.3892,0.0,0.0,19.8737,30.4702,12.7664,52.1291,204.1777,-31.2928,1.8823,-5.8765,50.0,10.2816,6.6089,14.8017,0.6789,6.6089,0.2848,50.0,6.6089,142.5603,11.6435,17.9145,120.0,29.2043,186.0265,,,,,,
2026-08-26 19:15:13,42.5037455,-82.815752,,6.5119,127.3628,156.5707,668.487,0.0,-9.212,0.4185,251.4244,1.3031,1.1208,,,,,,,,,,,,21.3385,3.0615,13.9671,4.6803,178.6883,-2.0948,5.3434,-4.6793,50.0,10.0541,6.4626,10.2969,0.8289,6.4626,0.8268,50.0,6.4626,140.4917,11.1487,17.418,120.0,1.2427,199.4605,,1847.5439,,21070.8668,,
2026-08-26 19:15:14,42.5037158,-82.8157254,17.8379,6.3564,145.5256,166.6662,570.996,0.0,-5.9117,-4.3398,251.5163,1.3036,1.1223,,,,,,,,,,,,21.8826,-18.7667,16.0507,-26.0152,150.6234,12.1317,,-1.6467,49.6677,,6.4052,,,,,49.6677,6.4052,140.0,10.9547,17.207,120.0,-43.5538,210.2006,,,,,,
2026-08-26 19:15:15,42.5036946,-82.8157076,,5.1512,151.0431,167.3193,-40.2491,0.0,-9.862,2.2023,251.5838,1.304,1.1234,,,,,,,,,,,,18.418,-8.0735,13.0869,-11.3999,164.3168,9.9831,,-1.3562,-50.0,,6.4529,,,,,-50.0,6.4529,-140.3534,11.1156,17.3848,-120.0,37.4312,115.1834,,1846.7029,,21061.3524,,
2026-08-26 19:15:16,42.503673,-82.8156855,17.7723,4.9179,139.0397,166.1333,-10.2101,0.0,-6.8732,-4.2729,251.6463,1.3044,1.1245,,,7.2372,17.0569,10.0,0.0034,48.092,16.8734,70.3523,0.0,0.0,17.927,-3.2112,12.8747,-4.4736,169.1555,-6.7129,,-1.2337,-50.0,,6.7816,,,,,-50.0,6.7816,-145.0031,12.228,18.5008,-120.0,40.7101,115.8319,,1846.4568,,21058.3996,,
2026-08-26 19:15:17,42.5036567,-82.8156639,,5.2484,137.8651,161.8304,-317.6925,0.0,0.6385,-1.0798,251.7056,1.3051,1.1258,,,,,,,,,,,,18.7963,30.5508,14.6752,40.6204,207.1388,-26.9841,,-1.9926,50.0,,6.5487,,,,,50.0,6.5487,141.7084,11.4397,17.71,120.0,-38.4532,213.282,,1846.39,,21057.7435,,
2026-08-26 19:15:18,42.5036371,-82.8156363,17.8379,5.7926,136.3525,158.576,-77.6587,0.0,-6.7196,-2.1702,251.7686,1.3058,1.1272,,,,,,,,,,,,16.2457,31.9844,11.9408,46.1085,210.6872,-26.4169,,-2.2778,50.0,,6.5803,,,,,50.0,6.5803,142.1562,11.5469,17.8175,120.0,-16.3966,211.2238,,1846.3886,,21057.7435,,
2026-08-26 19:15:19,42.5036195,-82.8156122,,5.6955,135.0863,153.1444,-197.6189,0.0,-4.9948,-2.2163,251.8236,1.3065,1.1283,,,,,,,,,,,,17.4507,27.4314,12.744,39.1115,198.4524,-26.457,,-2.6752,50.0,,6.5453,,,,,50.0,6.5453,141.6601,11.4282,17.6984,120.0,-10.4561,206.5474,,,,,,
2026-08-26 19:15:20,,,17.9692,6.2786,132.1699,149.0936,-130.0671,0.0,-5.704,-0.3752,251.8877,1.3074,1.1298,,,7.2373,17.0569,10.0,0.0036,48.092,16.8734,70.3845,0.0,0.0,16.5784,27.8734,11.5339,42.2215,197.6175,,,-3.1389,49.7335,,6.4097,,,,,49.7335,6.4097,140.0,10.9698,17.2254,120.0,-8.6266,201.9112,,1846.5125,,21059.0558,,
2026-08-26 19:15:21,42.5036016,-82.8155839,,6.7257,131.7803,145.5584,-227.541,0.0,-7.2782,0.4627,251.9567,1.3083,1.1314,,,,,,,,,,,,16.4469,27.8604,11.0866,43.8891,195.4785,-26.8695,,-3.2958,48.1172,,6.2994,,,,,48.1172,6.2994,140.0,10.5983,16.7728,120.0,-5.1445,197.6215,,,,,,
2026-08-26 19:15:22,42.5035819,-82.8155527,18.0348,7.1145,131.362,,,0.0,,,252.0333,1.3094,1.1333,,,,,,,,,,,,,,,,,-26.9154,,-3.6279,48.4968,,6.3253,,,,,48.4968,6.3253,140.0,10.6856,16.8791,120.0,-7.1214,195.7206,,1846.6937,,21061.3524,,
2026-08-26 19:15:23,42.5035573,-82.8155132,,7.6587,127.9587,145.7016,-77.5143,0.0,-7.7027,0.6855,252.1214,1.3105,1.1352,,,,,,,,,,,,17.7183,25.4312,11.7538,40.3411,191.8058,-27.3795,,-3.9604,48.6605,,6.3364,,,,,48.6605,6.3364,140.0,10.7232,16.9249,120.0,-6.7689,193.8872,,,,,,
2026-08-26 19:15:24,42.5035309,-82.8154749,17.9692,7.9503,129.8723,143.5645,23.7583,0.0,-7.583,-2.2598,252.2054,1.3117,1.1372,,,7.2374,17.0569,10.0,0.0025,48.092,16.8734,71.837,0.0,0.0,18.9458,24.4793,12.5159,38.8467,188.8153,-27.4024,,-4.3615,50.0,,6.4436,,,,,50.0,6.4436,140.2223,11.0842,17.3533,120.0,-9.5421,193.7702,,1846.7318,,21061.6805,,
2026-08-26 19:15:25,42.5035062,-82.8154358,,8.3585,126.2226,141.2039,-137.4549,0.0,-7.4774,1.1958,252.2925,1.313,1.1393,,,,,,,,,,,,17.8118,25.5814,11.2032,43.3537,191.7532,-27.3795,,-4.8012,,,,,,,,,,,,,,,,,1846.7861,,21062.3366,,
2026-08-26 19:15:26,42.5034811,-82.8153937,18.1004,9.0,128.7665,140.3388,31.3247,0.0,-9.1755,-0.1342,252.3806,1.3143,1.1415,,,,,,,,,,,,19.0545,24.0933,11.8754,40.9205,187.5794,-27.3394,,-4.9064,48.6989,,6.3391,,,,,48.6989,6.3391,140.0,10.732,16.9357,120.0,-7.1706,190.4005,,1846.8897,,21063.3209,,
2026-08-26 19:15:27,42.5034553,-82.8153515,,,,139.0954,-84.9192,0.0,-7.5773,0.9462,252.4693,1.3156,1.1437,,,,,,,,,,,,17.9425,22.9469,10.4519,42.0128,188.0105,-26.9669,,-5.0892,47.6959,,6.2706,,,,,47.6959,6.2706,140.0,10.5015,16.6549,120.0,-5.9535,188.2751,,,,,,
2026-08-26 19:15:28,42.5034301,-82.8153078,18.2644,9.0583,125.3689,139.9549,207.5952,0.0,-8.8597,0.1753,252.5609,1.3171,1.1459,,,7.2375,17.0569,10.0,0.0036,48.092,16.8734,72.2709,0.0,0.0,18.9638,23.3391,11.3862,41.2869,186.2054,-27.6946,,-5.086,46.7984,,6.2094,,,,,46.7984,6.2094,140.0,10.2953,16.4036,120.0,-5.7626,186.3293,,1847.049,,21065.2894,,
2026-08-26 19:15:29,42.5034031,-82.8152631,,9.1944,129.9755,141.4618,91.3444,0.0,-9.988,1.334,252.6628,1.3186,1.1484,,,,,,,,,,,,18.7899,24.1346,11.06,43.9995,190.0798,-26.9497,,-5.0746,46.8449,,6.2125,,,,,46.8449,6.2125,140.0,10.306,16.4166,120.0,-5.1641,187.039,,1847.0536,,21065.2894,,
2026-08-26 19:15:30,42.5033763,-82.8152189,18.3301,9.0194,129.4369,144.825,,0.0,-9.3732,-1.1596,252.7523,1.3197,1.1504,,,,,,,,,,,,18.243,21.799,10.4612,40.3605,188.4913,-27.1388,,-4.8353,45.859,,6.1452,,,,,45.859,6.1452,140.0,10.0794,16.1405,120.0,-2.9424,187.1277,,1847.0881,,21065.6175,,
2026-08-26 19:15:31,42.50334289377836,-82.81517303178548,,9.0,135.0519,145.2146,155.0596,0.0,,,252.8502,1.3208,1.1524,,,,,,,,,,,,19.7558,22.1267,11.784,39.1581,189.4022,-27.4196,,-4.6298,47.2616,,6.241,,,,,47.2616,6.241,140.0,10.4017,16.5332,120.0,-7.9446,190.4697,,,,,,
2026-08-26 19:15:32,42.50331308622109,-82.81513531341095,18.2644,8.4168,130.5141,,113.8169,0.0,-9.4108,1.1844,252.9452,1.3217,1.1543,,,7.2376,17.0569,10.0,0.0022,48.092,16.8734,73.1665,0.0,0.0,20.6029,19.6012,12.5421,33.4411,186.7546,-26.9841,,-4.9555,48.7153,,6.3402,,,,,48.7153,6.3402,140.0,10.7358,16.9403,120.0,-10.1569,193.4537,,1846.7994,,21062.3366,,
2026-08-26 19:15:33,42.50328280776446,-82.81510061397546,,8.6501,134.2555,145.6329,-197.4332,,-8.5818,1.9976,253.033,1.3227,1.1562,,,,,,,,,,,,19.659,18.7937,12.0419,31.7318,183.5003,-27.1617,,-4.2417,49.7033,,6.4076,,,,,49.7033,6.4076,140.0,10.9628,17.2169,120.0,-14.2068,195.0813,,1846.5989,,21060.04,,
2026-08-26 19:15:34,42.503254321590724,-82.81506536420423,18.166,8.9028,137.7104,146.4981,-62.426,0.0,-11.6772,1.7869,253.124,1.3238,1.1581,,,,,,,,,,,,19.7847,21.8696,12.007,37.8637,188.7624,-27.4024,,-4.0332,50.0,,6.5904,,,,,50.0,6.5904,142.2979,11.5808,17.8515,120.0,-16.2088,195.807,,1846.4644,,21058.7277,,
2026-08-26 19:15:35,42.5032271,-82.8150293,,8.5529,134.5706,146.5267,218.8366,0.0,-10.0717,-0.6755,253.2147,1.3247,1.16,,,,,,,,,,,,20.4227,17.1104,12.4995,28.7317,181.8266,-26.8695,,-3.935,50.0,,6.5416,,,,,50.0,6.5416,141.6077,11.4157,17.6859,120.0,-15.1093,195.8958,,1846.3922,,21057.7435,,
2026-08-26 19:15:36,42.5031968,-82.8149963,18.1004,9.1749,141.1768,150.0389,-62.3985,0.0,-10.5673,3.8026,253.3111,1.3254,1.1617,,,7.2376,17.0569,10.0,0.0047,48.092,16.8734,74.773,0.0,0.0,20.605,18.7788,12.5285,31.9673,186.5133,-26.7893,,-3.4327,50.0,,6.6045,,,,,50.0,6.6045,142.4984,11.6287,17.8996,120.0,-19.7668,198.2356,,,,,,
2026-08-26 19:15:37,42.5031638,-82.8149624,,7.7754,135.2925,150.8411,,0.0,,,253.3952,1.3263,1.1633,,,,,,,,,,,,21.8906,15.8529,14.1527,24.9937,181.9479,-27.7576,,-3.7415,50.0,,6.7126,,,,,50.0,6.7126,144.0269,11.9944,18.2665,120.0,-20.1404,199.2767,,1845.8443,,21051.5099,,
2026-08-26 19:15:38,42.5031344,-82.8149335,18.166,8.3391,143.7666,153.1214,155.1146,0.0,-8.9748,2.3155,253.4785,1.327,1.1649,,,,,,,,,,,,20.9064,16.9384,13.7136,26.3692,184.2671,-27.8378,,-2.7835,50.0,,6.6146,,,,,50.0,6.6146,142.641,11.6629,17.9339,120.0,-21.3359,201.6275,,1845.5347,,21047.9009,,
2026-08-26 19:15:39,42.5031084,-82.8149058,,7.3088,145.9209,152.7318,72.6224,0.0,-8.52,1.3964,253.5577,1.3277,1.1664,,,,,,,,,,,,18.5286,16.2926,11.8055,26.1237,184.5642,-26.6976,,-2.3872,50.0,,6.6786,,,,,50.0,6.6786,143.5467,11.8795,18.1512,120.0,-23.3853,202.9988,,,,,,
2026-08-26 19:15:40,42.5030845,-82.8148783,18.3301,6.9589,138.8792,153.1444,188.8595,0.0,-8.4701,-3.2107,253.6318,1.3285,1.1679,,,7.2377,17.0569,10.0,0.0058,48.092,16.8734,74.0087,0.0,0.0,21.0985,16.2475,14.5082,24.009,181.3932,-27.3795,,-2.7059,50.0,,6.8299,,,,,50.0,6.8299,145.6864,12.3914,18.6647,120.0,-25.4678,202.8655,,1845.2041,,21044.292,,
2026-08-26 19:15:41,42.5030607,-82.8148517,,6.7257,137.3838,152.2792,72.6362,0.0,-9.7937,-1.2293,253.7014,1.3293,1.1694,,,,,,,,,,,,21.5211,17.6851,15.2112,25.455,182.0287,,,-3.0192,50.0,,6.8601,,,,,50.0,6.8601,146.1126,12.4934,18.767,120.0,-24.1328,201.9567,,,,,,
2026-08-26 19:15:42,42.5030378,-82.8148252,18.2644,6.8812,144.0874,154.0038,95.1775,0.0,-7.9332,-0.478,,,,,,,,,,,,,,,19.9214,16.1137,13.445,24.2825,182.4617,-28.1873,,,50.0,,6.9138,,,,,50.0,6.9138,146.8724,12.6752,18.9494,120.0,-25.1866,202.7544,,1844.9499,,21041.3393,,
2026-08-26 19:15:43,42.5030112,-82.8147993,,6.8229,144.4942,,,0.0,-7.6579,-0.2341,253.8197,1.3302,1.1715,,,,,,,,,,,,19.9193,15.5148,13.263,23.6866,182.768,-28.153,,-2.4435,50.0,,6.7968,,,,,50.0,6.7968,145.2174,12.2792,18.5522,120.0,-25.6068,203.7377,,,,,,
2026-08-26 19:15:44,42.50298,-82.8147717,17.9035,7.1339,145.1589,154.8747,-6.0298,0.0,,,253.9041,1.3308,1.173,,,7.2378,17.0569,10.0,0.0068,48.092,16.8734,74.3188,0.0,0.0,,,,,,-27.4024,,-2.3266,50.0,,6.7638,,,,,50.0,6.7638,144.7503,12.1675,18.4401,120.0,-26.0393,204.3951,,1844.3719,,21034.7776,,
2026-08-26 19:15:45,42.5029525,-82.8147451,,6.9589,144.9469,154.1127,-39.7644,0.0,-7.7343,1.2343,253.9864,1.3315,1.1745,,,,,,,,,,,,19.2415,15.9765,12.5982,24.8589,183.9205,-27.5055,,-2.4644,50.0,,6.7535,,,,,50.0,6.7535,144.6053,12.1328,18.4053,120.0,-27.1885,204.5818,,1844.1164,,21031.8248,,
2026-08-26 19:15:46,42.5029251,-82.8147194,18.0348,6.8812,143.6692,155.1554,-28.4989,0.0,-7.1033,0.7113,254.1067,1.3325,1.1766,,,,,,,,,,,,20.0689,14.3452,13.3362,21.8912,180.9883,-27.6946,,-2.4028,,,,,,,,,,,,,,,,,1843.8211,,21028.544,,
2026-08-26 19:15:47,42.5028985,-82.8146957,,6.9395,147.846,155.7055,-24.7346,0.0,-7.0854,-0.2292,,,,,,,,,,,,,,,20.2835,14.019,13.6684,21.0685,181.1221,-27.7576,,,50.0,,6.7191,,,,,50.0,6.7191,144.1194,12.0165,18.2886,120.0,-26.9613,205.1616,,,,,,
2026-08-26 19:15:48,42.5028727,-82.8146719,18.1004,6.7451,145.5256,155.3503,129.0805,0.0,-7.132,-0.6608,254.2228,1.3333,1.1786,,,7.2379,17.0569,10.0,0.0025,48.092,16.8734,74.2093,0.0,0.0,19.9856,14.1091,13.5135,21.1321,179.977,-26.9669,,-2.1844,50.0,,6.6985,,,,,50.0,6.6985,143.828,11.9468,18.2187,120.0,-27.6344,205.2196,,1843.3335,,21022.9666,,
2026-08-26 19:15:49,42.5028463,-82.8146478,,6.8229,146.4366,153.5741,-223.402,0.0,-7.0156,1.7922,254.3371,1.3342,1.1807,,,,,,,,,,,,19.1102,7.6928,12.2469,12.0567,171.6101,-19.1518,,-2.0971,50.0,,6.7334,,,,,50.0,6.7334,144.3206,12.0647,18.3369,120.0,-31.0591,205.3747,,1843.0676,,21019.6857,,
2026-08-26 19:15:50,42.5028216,-82.8146241,18.0348,6.7062,145.9152,153.8892,-24.6349,0.0,-6.9453,-3.2313,254.4127,1.3349,1.1821,,,,,,,,,,,,18.9586,6.5484,12.3855,10.0534,168.3444,-20.0456,,-2.1276,49.2321,,6.3755,,,,,49.2321,6.3755,140.0,10.8546,17.085,120.0,-34.0571,203.5819,,1842.8909,,21017.7172,,
2026-08-26 19:15:51,42.5027963,-82.8145986,,6.8812,144.8552,152.3881,,0.0,-7.2259,-0.379,254.4886,1.3356,1.1835,,,,,,,,,,,,18.1693,9.5639,11.6523,15.015,171.9096,-20.1201,,-2.3121,49.9111,,6.4218,,,,,49.9111,6.4218,140.0,11.0106,17.2751,120.0,-37.5011,203.7281,,1842.6805,,21015.4206,,
2026-08-26 19:15:52,42.5027683,-82.8145705,18.2316,6.6868,145.0042,151.775,144.1516,0.0,-7.0081,1.4911,254.5646,1.3362,1.1849,,,7.2379,17.0569,10.0,0.0041,48.092,16.8734,74.8788,0.0,0.0,20.6735,8.8071,14.0947,12.9777,169.8818,-20.1717,,-2.2983,50.0,,6.6162,,,,,50.0,6.6162,142.6639,11.6683,17.9393,120.0,-36.8124,202.9713,,1842.5046,,21013.4521,,
2026-08-26 19:15:53,42.5027428,-82.8145454,18.1004,6.8034,144.9755,,-54.5811,0.0,-6.7314,-1.4398,254.636,1.337,1.1863,,,,,,,,,,,,19.3924,9.9631,12.7218,15.2917,171.0932,-20.2232,,-2.3658,50.0,,6.6224,,,,,50.0,6.6224,142.7518,11.6894,17.9604,120.0,-36.3135,202.6643,,,,,,
2026-08-26 19:15:54,42.5027191,-82.814519,,6.473,143.6978,151.5687,-13.2938,0.0,-6.8212,0.6002,254.7099,1.3376,1.1877,,,,,,,,,,,,19.0624,9.8942,12.3679,15.3574,170.7564,-19.9024,,-2.6087,50.0,,6.6665,,,,,50.0,6.6665,143.3753,11.8385,18.1101,120.0,-35.9024,201.8899,,1842.1204,,21009.187,,
2026-08-26 19:15:55,42.5026938,-82.8144941,18.2316,6.9978,144.8495,150.6577,5.4729,0.0,,,,,,,,,,,,,,,,,20.1392,10.1994,13.3402,15.505,169.1298,-20.2404,,,50.0,,6.5839,,,,,50.0,6.5839,142.2061,11.5588,17.8295,120.0,-35.2275,201.2955,,1841.9394,,21006.8904,,
2026-08-26 19:15:56,42.5026706,-82.8144662,,6.5896,137.0859,147.0882,-77.0021,0.0,-7.8716,2.5765,254.8214,1.3388,1.1899,,,7.238,17.0569,10.0,0.0006,48.092,16.8734,74.4213,0.0,0.0,19.317,11.7517,12.6803,18.0754,169.3495,-20.4581,,-2.675,50.0,,6.536,,,,,50.0,6.536,141.5295,11.3969,17.6671,120.0,-33.7185,199.4581,,1841.8279,,21005.5781,,
2026-08-26 19:15:57,42.5026466,-82.8144395,18.2316,7.0367,140.7242,146.8189,-275.7245,0.0,-8.1714,-2.1765,254.8937,1.3395,1.1914,,,,,,,,,,,,18.7701,12.8682,12.0713,20.2611,169.319,-20.6014,,-2.8493,50.0,,6.7037,,,,,50.0,6.7037,143.9015,11.9644,18.2363,120.0,-32.9876,197.7384,,,,,,
2026-08-26 19:15:58,42.5026252,-82.8144088,18.2644,7.6393,133.9747,142.367,185.5764,0.0,-8.788,0.274,254.9621,1.3405,1.193,,,,,,,,,,,,20.6898,12.3996,13.7719,18.8196,166.2082,-21.1056,,-3.5775,50.0,,6.4717,,,,,50.0,6.4717,140.6196,11.1793,17.4487,120.0,-30.5764,195.32,,1841.7227,,21004.5938,,
2026-08-26 19:15:59,42.5025994,-82.8143791,,7.9309,138.2318,142.4816,,0.0,-7.9311,1.9952,255.0395,1.3414,1.1946,,,,,,,,,,,,17.203,16.1518,9.9563,28.7284,175.1374,-21.0082,,-3.359,50.0,,6.5485,,,,,50.0,6.5485,141.7058,11.4391,17.7094,120.0,-30.5524,194.1235,,,,,,
2026-08-26 19:16:00,42.5025707,-82.8143412,18.4613,7.1533,135.0691,142.0118,-301.9064,0.0,-8.3621,-3.6451,255.1157,1.3425,1.1964,,,7.2381,17.0569,10.0,0.0041,48.092,16.8734,73.8839,0.0,0.0,20.4296,13.3432,13.2651,20.8197,165.5442,-21.1342,,-3.5939,48.482,,6.3243,,,,,48.482,6.3243,140.0,10.6822,16.875,120.0,-25.2241,190.6478,,1841.5708,,21002.6253,,
2026-08-26 19:16:01,42.5025435,-82.8143079,,7.892,129.9984,140.8258,-181.8706,0.0,-9.3236,0.2898,255.2025,1.3435,1.1982,,,,,,,,,,,,19.5072,17.1993,12.4218,27.6688,172.6898,-21.352,,-3.5896,49.5974,,6.4004,,,,,49.5974,6.4004,140.0,10.9385,17.1873,120.0,-25.4388,191.0512,,1841.4289,,21001.313,,
2026-08-26 19:16:02,42.5025162,-82.8142723,18.4613,8.203,136.7421,141.393,114.3945,0.0,-9.4663,0.7354,255.2844,1.3445,1.2,,,,,,,,,,,,18.5192,17.2273,11.0321,29.8122,174.6306,-21.3233,,-4.1092,50.0,,6.4869,,,,,50.0,6.4869,140.8349,11.2308,17.5004,120.0,-23.7701,191.4731,,1841.3701,,21000.3288,,
2026-08-26 19:16:03,42.5024883,-82.8142359,,8.4363,138.8449,,88.1679,0.0,-8.8308,0.4329,255.37,1.3457,1.2019,,,,,,,,,,,,18.6173,16.6519,10.8674,29.4006,175.5608,-21.352,,-4.3271,49.3827,,6.3857,,,,,49.3827,6.3857,140.0,10.8892,17.1272,120.0,-21.4347,191.2985,,1841.2806,,20999.3445,,
2026-08-26 19:16:04,42.5024567,-82.8141945,18.3301,8.3974,133.5565,142.4071,-65.5544,0.0,,,255.4612,1.3468,1.2039,,,7.2382,17.0569,10.0,0.0035,48.092,16.8734,74.9838,0.0,0.0,,,,,,,,-3.8742,47.8884,,6.2838,,,,,47.8884,6.2838,140.0,10.5458,16.7088,120.0,-18.8368,190.1666,,1841.1039,,20997.376,,
2026-08-26 19:16:05,42.5024282,-82.8141589,,8.3974,131.786,142.6306,-166.7857,0.0,-10.2437,0.1906,255.551,1.348,1.2059,,,,,,,,,,,,19.7586,17.7453,12.1053,29.8336,177.1507,-21.3749,,-4.1065,47.4696,,6.2552,,,,,47.4696,6.2552,140.0,10.4495,16.5915,120.0,-17.0189,189.5388,,,,,,
2026-08-26 19:16:06,42.5023997,-82.8141206,18.2316,9.0583,139.6986,142.9343,-65.496,0.0,-10.3994,-1.3161,255.6348,1.3492,1.2078,,,,,,,,,,,,19.4764,16.7638,11.7371,28.5949,175.1471,-21.3921,,-4.7639,48.7488,,6.3425,,,,,48.7488,6.3425,140.0,10.7435,16.9497,120.0,-19.5177,191.3847,,1840.9449,,20995.7356,,
2026-08-26 19:16:07,42.5023711,-82.8140761,,8.1836,129.0931,140.843,,0.0,-7.983,2.8652,255.7322,1.3505,1.2101,,,,,,,,,,,,17.596,16.1852,9.638,30.5906,176.9162,-21.4035,,-3.8797,46.3753,,6.1805,,,,,46.3753,6.1805,140.0,10.198,16.2851,120.0,-17.1156,188.089,,,,,,
2026-08-26 19:16:08,42.502345,-82.814035,18.2644,8.3974,128.7207,141.5763,152.0068,0.0,-8.4475,1.2437,255.8555,1.3527,1.2133,,,7.2382,17.0569,10.0,0.0027,48.092,16.8734,74.7924,0.0,0.0,20.1575,15.4835,12.2064,26.1583,172.3832,-21.4264,,-4.3079,47.0337,,6.2254,,,,,47.0337,6.2254,140.0,10.3494,16.4694,120.0,-18.0735,188.4496,,1840.8444,,20994.4232,,
2026-08-26 19:16:09,42.5023183,-82.8139921,,8.4363,132.2387,141.2383,39.5169,0.0,-9.3242,-0.9918,255.9418,1.3541,1.2154,,,,,,,,,,,,18.8977,18.2172,11.3071,31.4991,177.5738,-21.4264,,-4.9711,48.3284,,6.3138,,,,,48.3284,6.3138,140.0,10.6469,16.832,120.0,-17.9445,189.4399,,,,,,
2026-08-26 19:16:10,42.5022877,-82.813951,18.3957,9.6803,141.406,143.2035,17.0581,0.0,-10.2339,-0.9898,256.0394,1.3554,1.2176,,,,,,,,,,,,19.0977,18.4664,11.3492,32.2085,179.0229,-21.4264,,-4.5173,48.1604,,6.3023,,,,,48.1604,6.3023,140.0,10.6083,16.7849,120.0,-16.4533,190.3658,,1840.9268,,20995.4075,,
2026-08-26 19:16:11,42.5022602,-82.8139129,,8.4168,129.5629,142.3441,-31.6788,0.0,-9.823,2.9122,256.1121,1.3565,1.2194,,,,,,,,,,,,18.4728,18.8845,10.2135,35.8308,181.9818,-21.4264,,-4.5486,46.7984,,6.2094,,,,,46.7984,6.2094,140.0,10.2953,16.4035,120.0,-13.4149,189.2171,,1840.716,,20993.1109,,
2026-08-26 19:16:12,42.5022308,-82.8138747,18.5269,8.7278,139.7215,144.55,189.5814,0.0,-8.792,0.5058,256.2032,1.3577,1.2214,,,7.2383,17.0569,10.0,0.0033,48.092,16.8734,75.8013,0.0,0.0,21.1052,15.5006,12.942,25.8372,175.1149,-21.478,,-4.0686,,,,,,,,,,,,,,,,,1840.7163,,20993.1109,,
2026-08-26 19:16:13,42.5022027,-82.8138352,,8.3391,136.851,144.911,9.5948,0.0,-9.1517,-1.7577,256.2897,1.359,1.2235,,,,,,,,,,,,19.232,17.7319,11.3335,31.119,179.3926,-21.4665,,-4.0721,48.5434,,6.3285,,,,,48.5434,6.3285,140.0,10.6963,16.8921,120.0,-19.0003,192.4036,,1840.5733,,20991.4705,,
2026-08-26 19:16:14,42.5021692,-82.8137934,18.3957,8.9028,136.851,,-20.3927,0.0,,,,,,,,,,,,,,,,,19.4493,16.5519,11.4255,29.0094,178.7811,-21.5009,,,49.9029,,6.4212,,,,,49.9029,6.4212,140.0,11.0087,17.2728,120.0,-20.7793,194.1613,,,,,,
2026-08-26 19:16:15,42.5021418,-82.8137552,,8.8833,136.851,144.8594,69.6384,0.0,-9.0129,0.9555,256.433,1.361,1.2267,,,,,,,,,,,,20.0621,15.8877,11.9783,27.2905,176.6875,-21.5009,,-4.2415,48.9248,,6.3545,,,,,48.9248,6.3545,140.0,10.7839,16.9989,120.0,-19.9252,193.6487,,1840.3605,,20988.8458,,
2026-08-26 19:16:16,42.5021141,-82.8137266,18.2316,8.203,136.851,145.8334,-27.8492,0.0,-8.9761,-1.0702,256.5212,1.3621,1.2286,,,7.2384,17.0569,10.0,0.0036,48.092,16.8734,75.6444,0.0,0.0,19.5126,16.1349,11.5364,28.0367,178.8649,-21.478,,-4.2145,49.9457,,6.4242,,,,,49.9457,6.4242,140.0,11.0186,17.2848,120.0,-22.0974,194.9216,,,,,,
2026-08-26 19:16:17,42.5020849,-82.8136927,,8.5335,136.851,146.3949,,0.0,-8.1295,-0.2279,256.5984,1.363,1.2302,,,,,,,,,,,,20.509,14.4715,12.4648,24.2784,176.1242,-21.478,,-4.2148,49.0633,,6.3639,,,,,49.0633,6.3639,140.0,10.8158,17.0377,120.0,-21.1194,194.6928,,1840.0418,,20985.2369,,
2026-08-26 19:16:18,42.5020558,-82.8136577,18.2644,8.5335,138.0485,147.2257,114.6592,0.0,-7.4658,-1.1779,256.6866,1.3641,1.2321,,,,,,,,,,,,19.4142,16.7202,11.3778,29.4001,181.9844,-21.4665,,-4.5356,50.0,,6.4565,,,,,50.0,6.4565,140.4054,11.128,17.3973,120.0,-24.1806,196.5189,,,,,,
2026-08-26 19:16:19,42.5020284,-82.8136226,,8.3196,135.9973,146.2173,-9.0894,0.0,-6.467,0.8146,256.7714,1.3651,1.234,,,,,,,,,,,,19.0604,14.0172,10.9203,25.009,176.2542,-21.2087,,-4.095,49.2946,,6.3797,,,,,49.2946,6.3797,140.0,10.8689,17.1025,120.0,-22.801,195.9754,,1839.6955,,20981.2999,,
2026-08-26 19:16:20,42.5020039,-82.8135841,18.3301,8.7862,140.8731,146.6757,58.4314,0.0,-7.4349,0.403,256.8508,1.3663,1.2358,,,7.2385,17.0569,10.0,0.0019,48.092,16.8734,75.015,0.0,0.0,19.0093,15.7334,10.9813,27.9952,179.2477,-21.1743,,-4.7094,48.7784,,6.3445,,,,,48.7784,6.3445,140.0,10.7503,16.958,120.0,-23.5969,195.1254,,,,,,
2026-08-26 19:16:21,42.5019789,-82.8135484,,7.6393,134.3815,144.7563,167.2051,0.0,-7.5147,-2.7801,,,,,,,,,,,,,,,20.6061,14.5368,12.9229,23.5926,173.8508,-21.0082,,,47.2238,,6.2384,,,,,47.2238,6.2384,140.0,10.393,16.5227,120.0,-20.3635,193.1494,,1839.6365,,20980.6437,,
2026-08-26 19:16:22,42.5019491,-82.8135045,18.166,8.1058,134.2211,144.1776,-177.7865,0.0,-6.1843,2.2902,256.9535,1.3681,1.2385,,,,,,,,,,,,18.3244,15.0403,10.4467,27.0766,177.8721,-20.9853,,-4.7039,49.5859,,6.3996,,,,,49.5859,6.3996,140.0,10.9359,17.1841,120.0,-24.7137,195.0094,,,,,,
2026-08-26 19:16:23,42.5019224,-82.8134665,,8.2613,139.5324,144.4068,,0.0,,,257.0448,1.3696,1.2408,,,,,,,,,,,,,,,,,-20.9623,,-4.4541,48.9013,,6.3529,,,,,48.9013,6.3529,140.0,10.7785,16.9924,120.0,-23.641,193.5714,,1839.6451,,20980.6437,,
2026-08-26 19:16:24,42.501896,-82.8134263,18.0348,7.2505,126.3945,,-57.7748,0.0,-6.7443,1.8099,257.1259,1.3709,1.2428,,,7.2385,17.0569,10.0,0.0032,48.092,16.8734,74.7173,0.0,0.0,19.6462,15.5947,11.9157,26.3105,175.5216,-20.6472,,-4.3901,47.497,,6.257,,,,,47.497,6.257,140.0,10.4558,16.5992,120.0,-20.3505,191.3725,,,,,,
2026-08-26 19:16:25,42.5018696,-82.8133908,,8.0281,133.8315,143.0832,144.7463,0.0,-7.6767,-3.6735,257.207,1.3723,1.2448,,,,,,,,,,,,20.7319,16.7606,13.589,26.101,174.4697,-20.6472,,-4.296,50.0,,6.5506,,,,,50.0,6.5506,141.736,11.4463,17.7166,120.0,-23.8259,193.5116,,1839.6146,,20980.3156,,
2026-08-26 19:16:26,42.5018452,-82.8133498,18.166,8.9222,132.4105,143.0431,-42.7381,0.0,-8.2244,-0.4734,257.286,1.3735,1.2467,,,,,,,,,,,,19.1904,18.9472,11.9129,31.5371,178.4819,,,-3.7649,50.0,,6.4969,,,,,50.0,6.4969,140.9757,11.2645,17.5342,120.0,-21.4293,193.1647,,1839.5284,,20979.3314,,
2026-08-26 19:16:27,42.5018151,-82.8133133,,,,143.788,99.8425,0.0,-8.4312,-0.089,257.3622,1.3749,1.2488,,,,,,,,,,,,20.3804,16.2883,12.8279,26.4616,174.8215,-20.7389,,-4.4988,50.0,,6.5368,,,,,50.0,6.5368,141.5406,11.3996,17.6698,120.0,-22.4088,193.528,,,,,,
2026-08-26 19:16:28,,,18.2316,8.9222,135.9342,142.2467,-147.6547,0.0,-7.6254,-0.0141,257.4504,1.3761,1.2508,,,7.2386,17.0569,10.0,0.0025,48.092,16.8734,75.0616,0.0,0.0,18.1646,18.9548,10.5722,33.924,182.1593,-20.7389,,-4.3718,49.2675,,6.3779,,,,,49.2675,6.3779,140.0,10.8627,17.0949,120.0,-19.356,192.1739,,1839.4326,,20978.3471,,
2026-08-26 19:16:29,42.50179,-82.8132745,,8.1447,128.8525,143.8281,-102.6374,0.0,-6.3602,3.3121,257.5271,1.3775,1.2527,,,,,,,,,,,,21.5354,13.9531,13.7254,22.2306,171.6743,-20.8248,,-5.2161,50.0,,6.44,,,,,50.0,6.44,140.1714,11.072,17.3411,120.0,-23.3428,193.2593,,1839.4601,,20978.6752,,
2026-08-26 19:16:30,42.5017591,-82.8132391,18.1004,8.1836,132.084,142.4301,,0.0,,,257.6165,1.3786,1.2547,,,,,,,,,,,,19.7339,18.3106,12.1172,30.7738,178.6114,-20.5785,,-3.9823,50.0,,6.4964,,,,,50.0,6.4964,140.9684,11.2627,17.5324,120.0,-21.68,192.7613,,1839.2658,,20976.3786,,
2026-08-26 19:16:31,42.501732,-82.8131972,18.2316,8.4168,133.3387,142.7853,66.1216,0.0,-6.0745,-1.8284,257.6912,1.3799,1.2566,,,,,,,,,,,,19.3622,15.7508,11.5323,27.1138,175.6402,-20.716,,-4.9459,49.1524,,6.37,,,,,49.1524,6.37,140.0,10.8363,17.0627,120.0,-21.3878,191.7574,,,,,,
2026-08-26 19:16:32,42.5017023,-82.8131599,,8.5918,135.5733,138.6142,-203.8309,0.0,-7.2719,2.7054,257.7777,1.3812,1.2586,,,7.2387,17.0569,10.0,0.0025,48.092,16.8734,75.4897,0.0,0.0,18.1741,17.9704,10.4352,32.5024,178.8207,-20.6988,,-4.654,,,,,,,,,,,,,,,,,1839.1676,,20975.3944,,
2026-08-26 19:16:33,42.5016783,-82.8131217,18.2316,8.4363,129.3796,138.385,99.9456,0.0,-8.4125,-1.7289,257.8513,1.3825,1.2606,,,,,,,,,,,,20.2194,16.7038,12.3161,28.1552,172.8926,-20.8134,,-5.3981,48.984,,6.3585,,,,,48.984,6.3585,140.0,10.7976,17.0155,120.0,-19.185,189.2785,,1839.2574,,20976.3786,,
2026-08-26 19:16:34,42.5016548,-82.8130804,,8.825,127.6435,136.4255,-128.7814,0.0,-8.0867,0.4767,257.9242,1.384,1.2626,,,,,,,,,,,,19.4794,17.332,11.4205,30.5391,173.7953,-20.8248,,-5.1999,48.1982,,6.3049,,,,,48.1982,6.3049,140.0,10.617,16.7955,120.0,-18.2132,187.6566,,,,,,
2026-08-26 19:16:35,42.5016339,-82.8130369,18.166,9.3499,127.2195,,47.5887,0.0,-9.204,0.2675,257.9917,1.3856,1.2648,,,,,,,,,,,,20.5271,17.6001,11.8991,31.4409,174.0055,-21.0311,,-6.1661,48.0137,,6.2923,,,,,48.0137,6.2923,140.0,10.5746,16.7438,120.0,-17.5536,185.7473,,1839.5965,,20980.3156,,
2026-08-26 19:16:36,42.5016094,-82.8129915,,9.4082,127.3628,136.3223,21.3209,0.0,-8.6985,-0.8444,258.0679,1.3872,1.267,,,7.2388,17.0569,10.0,0.0043,48.092,16.8734,74.9727,0.0,0.0,20.7343,18.0108,12.1079,31.9707,173.7523,-21.0655,,-6.2342,49.0137,,6.3606,,,,,49.0137,6.3606,140.0,10.8044,17.0238,120.0,-17.1279,186.0979,,,,,,
2026-08-26 19:16:37,42.5015844,-82.8129443,18.5269,10.2052,131.2016,137.199,,0.0,,,258.1456,1.389,1.2694,,,,,,,,,,,,19.7121,18.6973,10.9605,35.2068,175.8648,-21.0827,,-6.4208,50.0,,6.449,,,,,50.0,6.449,140.2984,11.1024,17.3716,120.0,-18.8485,186.6635,,1839.8419,,20982.9403,,
2026-08-26 19:16:38,42.5015587,-82.8128957,,9.4276,116.6026,131.9392,-424.9055,0.0,-8.8972,5.9848,258.2279,1.3907,1.2718,,,,,,,,,,,,20.6371,16.6065,11.5083,30.8305,170.7984,-21.0655,,-5.8565,47.6703,,6.2689,,,,,47.6703,6.2689,140.0,10.4956,16.6477,120.0,-15.3904,183.4293,,,,,,
2026-08-26 19:16:39,42.50153002863546,-82.81283731291877,17.7723,10.1857,132.084,132.6096,36.3404,0.0,-8.5898,1.4495,258.3076,1.3928,1.2745,,,,,,,,,,,,20.3603,21.6373,12.2328,37.8583,173.7269,-21.0082,,-8.0944,47.6817,,6.2696,,,,,47.6817,6.2696,140.0,10.4983,16.6509,120.0,-15.4528,181.482,,1840.2979,,20988.1896,,
2026-08-26 19:16:40,42.50150884617565,-82.81278853442846,,9.1555,120.6649,132.3804,171.3339,0.0,-15.0385,0.2703,258.3827,1.3946,1.2769,,,7.2388,17.0569,10.0,0.0054,48.092,16.8734,74.326,0.0,0.0,21.0664,20.848,12.5636,36.6374,173.8458,-21.3233,,-7.1167,50.0,,6.4297,,,,,50.0,6.4297,140.0265,11.0374,17.3064,120.0,-14.8833,181.741,,,,,,
2026-08-26 19:16:41,42.50148377482863,-82.81273661907967,17.9035,9.6998,123.1859,133.2169,17.6081,0.0,-12.2878,2.3194,258.4589,1.3965,1.2794,,,,,,,,,,,,,,,,,-21.3233,,-6.9402,50.0,,6.5238,,,,,50.0,6.5238,141.3563,11.3555,17.6255,120.0,-13.2438,182.6732,,1840.7416,,20993.439,,
2026-08-26 19:16:42,42.501459186532045,-82.81268685529443,,9.6803,123.1974,134.3284,88.8726,,-11.7366,-0.8628,258.5366,1.3984,1.2818,,,,,,,,,,,,20.4076,20.2855,11.9325,36.3662,174.734,-21.3233,,-6.6183,50.0,,6.4419,,,,,50.0,6.4419,140.1985,11.0785,17.3476,120.0,-12.5968,183.2444,,1840.9208,,20995.4075,,
2026-08-26 19:16:43,42.501433510861204,-82.81263509392214,18.166,9.797,123.6271,135.0217,2.6368,0.0,-11.7109,0.9176,258.6166,1.4004,1.2844,,,,,,,,,,,,19.8527,21.5114,11.2199,40.4528,180.0406,-21.3233,,-6.9357,48.4291,,6.3207,,,,,48.4291,6.3207,140.0,10.67,16.8602,120.0,-10.19,182.1315,,,,,,
2026-08-26 19:16:44,42.5014071315793,-82.81258290023048,18.3301,10.5356,129.1848,135.8582,21.4378,0.0,-10.7767,0.5768,258.6974,1.4023,1.287,,,7.2389,17.5473,10.0,0.0032,48.092,16.8119,77.1555,0.0,0.0,20.8061,19.5083,11.7609,36.2119,176.3711,-21.3233,,-7.1243,48.4315,,6.3208,,,,,48.4315,6.3208,140.0,10.6706,16.8608,120.0,-10.9335,183.311,,1841.2487,,20999.0164,,
2026-08-26 19:16:45,42.5013749,-82.8125271,,10.3607,125.1053,,-94.8268,0.0,-8.4024,0.7874,258.7857,1.4041,1.2895,,,,,,,,,,,,19.508,20.2894,10.3246,40.9343,182.919,-21.3233,,-7.1161,45.9848,,6.1538,,,,,45.9848,6.1538,140.0,10.1083,16.1757,120.0,-7.3529,181.0718,,,,,,
2026-08-26 19:16:46,42.5013461,-82.8124755,18.3957,11.0799,131.9923,135.6119,-226.0594,0.0,-7.5749,2.1966,258.918,1.407,1.2935,,,,,,,,,,,,20.9725,17.0826,11.3503,32.8729,174.4589,-21.3004,,-6.7798,46.3214,,6.1768,,,,,46.3214,6.1768,140.0,10.1856,16.27,120.0,-10.6791,181.8231,,1841.4726,,21001.6411,,
2026-08-26 19:16:47,42.5013169,-82.8124219,,10.2829,124.349,133.1997,,0.0,,,259.0039,1.409,1.2961,,,,,,,,,,,,20.2316,20.1278,10.8534,39.9007,179.1451,-21.3348,,-7.5841,47.3044,,6.2439,,,,,47.3044,6.2439,140.0,10.4116,16.5452,120.0,-9.7893,181.7083,,,,,,
2026-08-26 19:16:48,42.5012894,-82.8123655,18.3957,10.73,121.8166,133.9216,-1.0554,0.0,-8.677,-0.7397,259.09,1.4112,1.2989,,,7.239,17.5473,10.0,0.0017,48.092,16.8119,74.4067,0.0,0.0,21.7834,19.0134,12.052,36.0753,176.0842,-21.352,,-7.9059,49.3595,,6.3842,,,,,49.3595,6.3842,140.0,10.8839,17.1207,120.0,-12.6198,183.4629,,1841.842,,21005.9062,,
2026-08-26 19:16:49,42.5012617,-82.812309,,10.9633,123.6615,133.595,-8.5497,0.0,-9.7929,-0.7193,259.176,1.4134,1.3018,,,,,,,,,,,,21.8258,20.027,12.1446,37.9856,177.3099,,,-7.7734,49.9602,,6.4252,,,,,49.9602,6.4252,140.0,11.0219,17.2888,120.0,-12.3965,183.8109,,,,,,
2026-08-26 19:16:50,42.5012346,-82.8122507,18.4613,11.0021,123.249,132.6497,-76.0258,0.0,-8.9939,0.5173,259.2599,1.4156,1.3046,,,,,,,,,,,,21.2194,18.9328,11.3503,37.3427,176.2591,-21.352,,-8.1243,48.9165,,6.3539,,,,,48.9165,6.3539,140.0,10.782,16.9966,120.0,-11.267,181.8402,,1842.3562,,21011.8117,,
2026-08-26 19:16:51,42.5012054,-82.812192,,11.1965,121.2665,130.4495,-237.2698,0.0,-8.7069,1.7998,259.348,1.4178,1.3075,,,,,,,,,,,,20.6034,18.8094,10.6581,38.5558,176.4376,-21.352,,-8.1118,47.7443,,6.2739,,,,,47.7443,6.2739,140.0,10.5127,16.6684,120.0,-10.0475,179.5679,,1842.5785,,21014.1083,,
2026-08-26 19:16:52,42.5011764,-82.8121262,18.4613,11.2937,121.5988,131.0397,-64.7568,0.0,-7.4513,-0.1871,259.4314,1.4201,1.3105,,,7.2391,17.5473,10.0,0.0048,48.092,16.8119,74.4103,0.0,0.0,21.3723,17.4595,11.2828,34.6341,172.5112,-21.352,,-8.1001,48.3624,,6.3161,,,,,48.3624,6.3161,140.0,10.6547,16.8415,120.0,-12.7738,179.7582,,,,,,
2026-08-26 19:16:53,42.5011485,-82.8120643,,11.4298,119.1752,127.6993,-353.5069,0.0,-9.1913,1.8859,259.5174,1.4225,1.3135,,,,,,,,,,,,20.8723,20.7552,11.0508,42.0154,178.2545,-21.352,,-8.4142,48.0523,,6.2949,,,,,48.0523,6.2949,140.0,10.5834,16.7546,120.0,-10.1192,178.7416,,1843.1944,,21021.3261,,
2026-08-26 19:16:54,42.5011255,-82.8120001,18.4613,11.1576,116.5912,128.7994,29.0043,0.0,-10.5536,-1.0429,259.5928,1.4251,1.3166,,,,,,,,,,,,22.258,20.2392,12.3426,38.5976,173.6752,-21.3749,,-8.5286,49.6004,,6.4006,,,,,49.6004,6.4006,140.0,10.9392,17.1881,120.0,-10.6411,178.6958,,1843.7267,,21027.2316,,
2026-08-26 19:16:55,42.5010995,-82.8119323,,11.2937,117.3532,,,0.0,,,259.676,1.4278,1.3198,,,,,,,,,,,,21.0229,21.7299,11.2071,43.9874,179.2936,-21.4665,,-8.9126,48.264,,6.3094,,,,,48.264,6.3094,140.0,10.6321,16.8139,120.0,-6.9584,177.3404,,1844.1121,,21031.8248,,
2026-08-26 19:16:56,42.5010728,-82.8118676,18.5269,11.4881,119.4961,129.8193,36.5226,0.0,-11.162,-0.3568,259.7605,1.4303,1.323,,,7.2392,17.5473,10.0,0.0033,48.092,16.8119,74.5328,0.0,0.0,21.3478,21.2125,11.2106,43.552,180.2317,-21.478,,-9.0279,47.6625,,6.2683,,,,,47.6625,6.2683,140.0,10.4939,16.6455,120.0,-5.1261,177.6194,,,,,,
2026-08-26 19:16:57,42.5010462,-82.8118008,18.6581,11.6242,114.3853,129.7219,-124.7146,0.0,-10.4624,0.6422,259.8438,1.4329,1.3262,,,,,,,,,,,,21.4604,18.7308,10.8713,39.3393,177.4715,-21.5009,,-9.1026,46.3541,,6.179,,,,,46.3541,6.179,140.0,10.1932,16.2791,120.0,-4.6313,176.4402,,1844.8776,,21040.355,,
2026-08-26 19:16:58,42.5010192,-82.8117321,,12.0324,123.4266,131.0626,-49.7029,0.0,-10.6158,0.5276,259.9305,1.4356,1.3295,,,,,,,,,,,,20.733,21.9242,10.4221,47.9684,183.845,-21.5181,,-9.2466,,,,,,,,,,,,,,,,,1845.3133,,21045.6043,,
2026-08-26 19:16:59,42.5009951,-82.8116636,18.8878,12.2268,116.9063,128.9369,145.3032,0.0,-14.0979,-0.5019,260.0073,1.4384,1.3328,,,,,,,,,,,,,,,,,-21.5697,8.6195,-9.6882,45.2367,9.1702,6.1028,8.6449,1.4116,6.2345,1.3826,45.2367,6.1028,140.0,9.9364,15.9663,120.0,-1.7924,174.841,,,,,,
2026-08-26 19:17:00,42.5009684,-82.8115851,,12.5378,119.9487,133.2856,,0.0,-14.7045,-1.4436,260.0972,1.4417,1.3367,,,7.2392,17.5473,10.0,0.003,48.092,16.8119,74.1573,0.0,0.0,21.5376,21.2435,11.0278,45.0435,181.8848,-21.6843,,-10.0513,47.099,,6.2299,,,,,47.099,6.2299,140.0,10.3644,16.4877,120.0,-1.9711,176.7345,,1846.36,,21057.4154,,
2026-08-26 19:17:01,42.500935,-82.8115168,19.019,12.3434,122.0228,134.7009,190.3205,0.0,-12.5226,1.2331,260.1948,1.4442,1.3399,,,,,,,,,,,,23.5099,20.987,12.6304,41.8103,182.6715,-21.6843,,-8.6318,48.3996,,6.3186,,,,,48.3996,6.3186,140.0,10.6632,16.8519,120.0,-4.7997,181.0329,,1846.5604,,21059.712,,
2026-08-26 19:17:02,42.5009036,-82.8114516,,12.3434,125.9075,135.9155,190.3205,0.0,,,,,,,,,,,,,,,,,22.6913,18.9523,11.6916,39.0754,182.7164,-21.6843,,,49.006,,6.36,,,,,49.006,6.36,140.0,10.8026,17.0217,120.0,-6.9514,183.5067,,,,,,
2026-08-26 19:17:03,42.5008713,-82.8113881,18.7566,12.4211,127.4888,135.4113,-45.9283,0.0,-9.3777,0.0151,260.3253,1.4476,1.3444,,,,,,,,,,,,23.0502,16.0826,11.7196,33.0146,177.0466,-21.6613,,-8.6389,49.3364,,6.3826,,,,,49.3364,6.3826,140.0,10.8785,17.1142,120.0,-12.2073,184.6515,,1847.039,,21065.2894,,
2026-08-26 19:17:04,42.5008419,-82.8113247,,11.8185,120.5446,137.0557,-83.4376,0.0,-10.445,0.7687,260.4197,1.4501,1.3475,,,7.2393,17.5473,10.0,0.0015,48.092,16.8119,75.0725,0.0,0.0,21.9233,19.0861,11.2873,39.4281,182.0801,-21.5697,,-8.4602,49.1571,,6.3703,,,,,49.1571,6.3703,140.0,10.8373,17.064,120.0,-11.7073,184.4806,,1847.2747,,21067.9141,,
2026-08-26 19:17:05,42.5008102,-82.8112626,18.5925,11.4298,121.7593,137.0443,107.8215,0.0,-10.0414,0.8722,260.5055,1.4526,1.3506,,,,,,,,,,,,21.648,17.7099,10.8848,37.2286,182.2885,-21.5926,,-9.0483,48.9032,,6.353,,,,,48.9032,6.353,140.0,10.779,16.9929,120.0,-11.8078,185.0089,,,,,,
2026-08-26 19:17:06,42.5007817,-82.811205,,11.7991,126.87,,224.0551,0.0,-10.668,-0.9918,260.5896,1.4549,1.3536,,,,,,,,,,,,22.1833,18.1669,11.8421,35.7362,181.4426,-21.627,,-8.4091,46.9703,,6.2211,,,,,46.9703,6.2211,140.0,10.3348,16.4517,120.0,-7.8199,184.0091,,1847.731,,21073.1634,,
2026-08-26 19:17:07,42.50075,-82.8111475,18.3957,11.0021,125.1168,139.9033,-117.1997,0.0,-10.5462,2.104,260.6804,1.4571,1.3565,,,,,,,,,,,,21.0757,19.7668,10.9502,40.611,187.9547,-21.6155,,-7.9831,47.1947,,6.2364,,,,,47.1947,6.2364,140.0,10.3863,16.5145,120.0,-9.3639,185.9846,,1847.8073,,21073.8196,,
2026-08-26 19:17:08,42.5007127,-82.8110896,,11.7797,129.1561,140.5164,92.7985,0.0,-9.9956,-0.4879,260.7706,1.4592,1.3592,,,7.2394,17.5473,10.0,0.0038,48.092,16.8119,75.8508,0.0,0.0,22.8448,16.9728,12.4558,32.3711,180.7849,-21.6155,,-7.7797,49.3838,,6.3858,,,,,49.3838,6.3858,140.0,10.8894,17.1275,120.0,-13.2801,189.2206,,,,,,
2026-08-26 19:17:09,42.5006799,-82.8110345,18.5269,10.6911,125.7929,139.7486,134.0412,0.0,-9.8804,-1.5972,260.8743,1.4614,1.3623,,,,,,,,,,,,20.9973,18.5649,11.0453,37.2463,185.2721,-21.627,,-7.481,48.5515,,6.329,,,,,48.5515,6.329,140.0,10.6982,16.8944,120.0,-12.4172,188.6363,,1847.8955,,21074.8038,,
2026-08-26 19:17:10,42.5006476,-82.810983,18.7566,10.9633,130.0729,141.5534,-64.7053,0.0,-8.4246,1.559,260.9611,1.4635,1.365,,,,,,,,,,,,21.5397,16.8135,11.4413,32.9948,181.4647,-21.6155,,-8.026,50.0,,6.4395,,,,,50.0,6.4395,140.1642,11.0703,17.3394,120.0,-16.7781,190.6422,,1847.9863,,21075.7881,,
2026-08-26 19:17:11,42.5006172,-82.8109328,,10.5939,131.3563,141.5477,,0.0,,,261.0507,1.4654,1.3676,,,,,,,,,,,,22.3609,17.444,12.5875,32.1766,181.2477,-21.6155,,-6.818,50.0,,6.4361,,,,,50.0,6.4361,140.1159,11.0588,17.3278,120.0,-16.7809,191.2011,,,,,,
2026-08-26 19:17:12,42.5005872,-82.8108813,18.5269,10.2246,127.6435,139.8861,-150.9515,0.0,-8.1136,1.4861,261.1271,1.4671,1.3699,,,7.2395,17.5473,10.0,0.0035,48.092,16.8119,74.6419,0.0,0.0,22.2836,17.276,12.884,30.9063,178.7406,-21.5926,,-6.9413,50.0,,6.4696,,,,,50.0,6.4696,140.5896,11.1721,17.4415,120.0,-17.2572,190.2582,,1848.0704,,21076.7723,,
2026-08-26 19:17:13,42.5005553,-82.8108275,,10.3801,122.3379,137.9266,-34.6903,0.0,-7.4455,0.7323,261.2092,1.469,1.3725,,,,,,,,,,,,20.8841,19.3823,11.6524,36.4983,182.4265,-21.3348,,-7.4333,50.0,,6.4657,,,,,50.0,6.4657,140.5343,11.1589,17.4282,120.0,-17.9909,189.9799,,1848.1354,,21077.7566,,
2026-08-26 19:17:14,42.5005298,-82.8107721,18.8878,10.6717,130.8349,138.8548,186.5665,0.0,-9.7155,-2.4721,261.3288,1.4723,1.3767,,,,,,,,,,,,22.6273,16.9489,13.2065,29.965,174.733,-21.5181,,-7.6595,50.0,,6.6309,,,,,50.0,6.6309,142.8713,11.7179,17.9891,120.0,-16.5791,188.3599,,1848.4182,,21080.7093,,
2026-08-26 19:17:15,42.5005004,-82.8107214,,10.7494,125.6038,139.2845,-64.6743,0.0,-9.0517,1.7403,261.4109,1.4743,1.3792,,,,,,,,,,,,20.4946,19.4289,11.3463,36.93,182.9026,,,-7.1407,50.0,,6.4824,,,,,50.0,6.4824,140.7706,11.2154,17.4849,120.0,-16.6123,188.5691,,,,,,
2026-08-26 19:17:16,42.5004711,-82.8106737,18.6581,9.9525,124.7558,,-38.4203,0.0,-7.6238,0.8912,261.4898,1.4761,1.3817,,,7.2395,17.5473,10.0,0.002,48.092,16.8119,74.9938,0.0,0.0,20.6847,17.1541,11.4062,32.3347,178.7308,-21.5009,,-6.773,50.0,,6.4896,,,,,50.0,6.4896,140.8736,11.24,17.5097,120.0,-16.7141,189.0544,,1848.6152,,21083.0059,,
2026-08-26 19:17:17,42.5004427,-82.8106245,,10.244,128.9613,138.872,,0.0,,,,,,,,,,,,,,,,,21.6026,17.1419,12.2245,31.3894,177.3331,-21.5009,,,50.0,,6.4411,,,,,50.0,6.4411,140.1864,11.0756,17.3447,120.0,-17.613,189.0766,,,,,,
2026-08-26 19:17:18,42.5004141,-82.810575,18.4613,9.9525,123.3693,138.5339,-0.9179,0.0,-7.7073,-0.2227,261.6083,1.479,1.3854,,,,,,,,,,,,20.2148,17.5736,11.1207,33.2875,178.764,-21.478,,-6.8705,48.4648,,6.3231,,,,,48.4648,6.3231,140.0,10.6782,16.8701,120.0,-15.1264,186.8153,,1848.7423,,21084.6463,,
2026-08-26 19:17:19,42.5003843,-82.8105296,,10.2246,127.6149,138.8834,130.3387,0.0,-8.1238,-1.8906,261.7145,1.4817,1.3889,,,,,,,,,,,,19.02,17.3841,9.8301,35.3169,180.5618,-21.5009,,-7.1831,46.9952,,6.2228,,,,,46.9952,6.2228,140.0,10.3405,16.4587,120.0,-13.6348,185.367,,,,,,
2026-08-26 19:17:20,42.5003548,-82.8104813,18.5269,9.9525,126.1825,137.8922,-8.4053,0.0,-7.3327,0.3225,261.7953,1.4835,1.3913,,,7.2396,17.5473,10.0,0.004,48.092,16.8119,74.3037,0.0,0.0,,,,,,-21.478,,-7.4723,45.4976,,6.1206,,,,,45.4976,6.1206,140.0,9.9963,16.0393,120.0,-10.2502,183.1632,,1848.8547,,21085.9587,,
2026-08-26 19:17:21,42.5003252,-82.8104298,,10.419,129.7921,137.6459,122.8651,0.0,-8.7524,-2.3044,261.8712,1.4854,1.3938,,,,,,,,,,,,19.9666,18.4314,10.9331,35.2681,179.2946,-21.478,,-7.3746,46.7266,,6.2045,,,,,46.7266,6.2045,140.0,10.2788,16.3834,120.0,-12.1141,184.2807,,,,,,
2026-08-26 19:17:22,42.5002933,-82.8103722,18.4613,10.2829,128.3082,136.4942,-45.8733,0.0,-8.4092,0.1996,261.9652,1.4876,1.3967,,,,,,,,,,,,19.3084,17.9947,10.0385,36.4561,179.9709,-21.5181,,-7.2623,45.965,,6.1525,,,,,45.965,6.1525,140.0,10.1037,16.1702,120.0,-10.3036,182.8301,,1849.0322,,21087.9272,,
2026-08-26 19:17:23,42.5002645,-82.81032,,10.5939,127.1623,135.7608,-27.0654,0.0,-7.9301,-0.3488,262.043,1.4896,1.3993,,,,,,,,,,,,20.2405,17.9442,10.9459,34.7295,177.4398,-21.5009,,-7.4219,,,,,,,,,,,,,,,,,,,,,
2026-08-26 19:17:24,42.5002365,-82.8102659,18.3301,10.244,121.9197,133.7669,-214.5601,0.0,-7.235,1.3027,,,,,,7.2397,17.5473,10.0,0.003,48.092,16.8119,74.3977,0.0,0.0,19.5554,16.909,9.9477,34.8734,177.267,-21.5009,,,45.5093,,6.1214,,,,,45.5093,6.1214,140.0,9.999,16.0426,120.0,-10.8897,181.6523,,1849.304,,21090.8799,,
2026-08-26 19:17:25,42.5002096,-82.8102079,,10.9049,123.0427,132.197,-98.2989,0.0,-8.459,0.9717,262.1566,1.4928,1.4033,,,,,,,,,,,,20.9561,18.048,11.5575,34.1773,174.5946,-21.5009,,-7.7555,44.7452,,6.0692,,,,,44.7452,6.0692,140.0,9.8234,15.8287,120.0,-9.3276,179.5111,,,,,,
2026-08-26 19:17:26,42.5001849,-82.8101491,18.4613,11.0021,123.5412,130.1802,,0.0,,,262.2322,1.4952,1.4062,,,,,,,,,,,,19.2215,20.6299,10.0269,42.4863,180.2316,-21.5009,,-7.8837,45.5675,,6.1253,,,,,45.5675,6.1253,140.0,10.0124,16.0589,120.0,-9.2505,178.5389,,1849.8607,,21097.4416,,
2026-08-26 19:17:27,42.5001593,-82.8100879,,,,,156.7166,0.0,-8.7617,-2.9503,262.302,1.4976,1.4091,,,,,,,,,,,,21.493,17.8849,11.6837,34.3985,170.7938,-21.627,,-8.1983,46.8216,,6.2109,,,,,46.8216,6.2109,140.0,10.3006,16.4101,120.0,-9.1689,178.0007,,,,,,
2026-08-26 19:17:28,42.5001357,-82.8100264,18.7566,10.8855,117.7944,128.1577,-225.774,0.0,-10.1086,2.6914,262.3724,1.5001,1.4121,,,7.2398,17.5473,10.0,0.0023,48.092,16.8119,73.6298,0.0,0.0,20.3732,21.4811,11.0092,42.6617,177.1217,-21.627,,-9.1154,45.7213,,6.1358,,,,,45.7213,6.1358,140.0,10.0477,16.102,120.0,-5.3953,175.6297,,1850.6718,,21106.628,,
2026-08-26 19:17:29,42.5001062,-82.8099555,,11.5075,120.0289,130.4037,183.005,0.0,-10.5217,-1.685,262.4346,1.5024,1.4147,,,,,,,,,,,,21.8358,19.81,11.7576,39.0057,174.6291,-21.627,,-8.7618,48.5294,,6.3275,,,,,48.5294,6.3275,140.0,10.6931,16.8882,120.0,-9.3139,178.1226,,,,,,
2026-08-26 19:17:30,42.5000798,-82.8098902,18.7566,11.0216,119.5018,129.5385,74.2588,0.0,-11.0998,-1.0315,262.5541,1.5066,1.4198,,,,,,,,,,,,22.3817,21.1742,12.5225,40.2098,175.4367,-21.627,,-8.8083,48.3768,,6.3171,,,,,48.3768,6.3171,140.0,10.658,16.8455,120.0,-7.0183,177.9974,,1851.4392,,21115.1582,,
2026-08-26 19:17:31,42.5000513,-82.8098263,,11.6825,119.4674,130.8964,51.7484,0.0,-10.7812,0.4326,262.6313,1.5092,1.423,,,,,,,,,,,,21.6257,20.6177,11.5607,41.2011,177.9581,-21.627,,-9.3501,49.7016,,6.4075,,,,,49.7016,6.4075,140.0,10.9625,17.2164,120.0,-9.5827,179.7748,,,,,,
2026-08-26 19:17:32,42.5000228,-82.8097613,18.8222,11.4881,119.4789,130.8334,36.7667,0.0,-9.6732,0.03,262.7096,1.5119,1.4261,,,7.2398,17.5473,10.0,0.0028,48.092,16.8119,74.6456,0.0,0.0,21.7913,19.2422,11.4877,38.6937,176.2016,-21.6442,,-9.2026,49.3667,,6.3847,,,,,49.3667,6.3847,140.0,10.8855,17.1227,120.0,-9.0549,180.1952,,1852.0473,,21122.376,,
2026-08-26 19:17:33,42.4999936,-82.8096943,18.5925,11.9741,123.2375,131.0683,-101.9739,0.0,-11.4762,0.5702,262.7901,1.5145,1.4294,,,,,,,,,,,,22.1016,22.1091,11.9265,44.2244,181.1604,-21.6442,,-9.1123,49.1037,,6.3667,,,,,49.1037,6.3667,140.0,10.8251,17.049,120.0,-8.2896,180.3517,,,,,,
2026-08-26 19:17:34,42.4999637,-82.8096211,,11.6242,117.5079,130.0484,74.2863,0.0,-10.6986,-1.1194,,,,,,,,,,,,,,,22.2571,20.9532,12.0287,41.4288,177.3339,-21.6442,,,48.8394,,6.3487,,,,,48.8394,6.3487,140.0,10.7643,16.975,120.0,-5.6521,179.103,,1852.7769,,21130.5781,,
2026-08-26 19:17:35,,,18.8222,12.3434,122.1088,130.461,-101.9739,0.0,-10.7799,1.2277,262.9037,1.5186,1.4342,,,,,,,,,,,,21.5025,21.4146,11.0756,45.1411,182.2324,-21.6442,,-9.3901,48.9853,,6.3586,,,,,48.9853,6.3586,140.0,10.7978,17.0159,120.0,-7.3656,179.5907,,,,,,
2026-08-26 19:17:36,42.4999355,-82.8095536,,12.2462,121.003,131.5897,,0.0,,,262.9804,1.5214,1.4375,,,7.2399,17.5473,10.0,0.004,48.092,16.8119,74.1843,0.0,0.0,22.4349,20.1426,11.7632,41.0534,178.6049,-21.6613,,-9.7238,48.1785,,6.3036,,,,,48.1785,6.3036,140.0,10.6124,16.79,120.0,-5.1755,178.6994,,1853.5338,,21139.1083,,
2026-08-26 19:17:37,42.4999069,-82.8094853,18.8878,12.2073,121.2551,,36.7839,0.0,-10.1714,-0.8451,263.0981,1.5255,1.4424,,,,,,,,,,,,21.6713,20.1011,10.7797,43.7033,181.9836,-21.6843,,-9.5989,47.5979,,6.2639,,,,,47.5979,6.2639,140.0,10.479,16.6274,120.0,-5.8675,178.9007,,,,,,
2026-08-26 19:17:38,42.4998743,-82.8094126,,12.2851,119.0205,131.1141,-146.9671,0.0,-10.8464,0.861,263.1772,1.5283,1.4457,,,,,,,,,,,,22.4072,20.6274,11.7286,42.3024,179.8156,-21.6843,,-10.0736,47.3741,,6.2486,,,,,47.3741,6.2486,140.0,10.4276,16.5647,120.0,-4.0817,178.4012,,1854.2589,,21147.6385,,
2026-08-26 19:17:39,42.4998455,-82.809345,19.019,12.4406,121.4499,132.8559,108.0278,0.0,-9.7368,-0.4443,,,,,,,,,,,,,,,21.9411,19.6192,11.0518,41.8051,182.2304,-21.6843,,,47.419,,6.2517,,,,,47.419,6.2517,140.0,10.4379,16.5773,120.0,-5.8759,180.0491,,,,,,
2026-08-26 19:17:40,42.4998143,-82.8092786,,12.46,122.3093,133.4117,-34.4806,0.0,-10.5242,-0.0739,263.2987,1.5323,1.4506,,,7.24,17.5473,10.0,0.0055,48.092,16.8119,74.4057,0.0,0.0,22.5648,19.6378,11.6946,40.4253,181.2636,-21.6843,,-9.3895,47.3013,,6.2437,,,,,47.3013,6.2437,140.0,10.4108,16.5444,120.0,-5.7895,180.5289,,1854.795,,21153.544,,
2026-08-26 19:17:41,42.4997844,-82.8092145,18.8878,12.3628,120.069,133.5492,70.5219,0.0,-8.8293,0.4059,263.3777,1.5349,1.4537,,,,,,,,,,,,,,,,,,,-9.4597,46.6368,,6.1983,,,,,46.6368,6.1983,140.0,10.2581,16.3583,120.0,-6.6021,180.3654,,,,,,
2026-08-26 19:17:42,42.4997555,-82.809153,,12.4017,127.1451,137.4568,-45.7358,0.0,-9.8734,1.5567,263.4536,1.5374,1.4567,,,,,,,,,,,,22.2166,17.2851,11.3295,35.6373,179.233,-21.6843,,-9.5642,46.7426,,6.2055,,,,,46.7426,6.2055,140.0,10.2824,16.3879,120.0,-7.6898,182.6337,,1855.2988,,21159.4495,,
2026-08-26 19:17:43,42.4997237,-82.8090933,18.7566,11.4881,123.0083,136.9927,254.2661,0.0,-10.1461,-1.5411,263.5355,1.5398,1.4597,,,,,,,,,,,,21.0896,17.9778,10.2797,39.2876,183.6146,-21.6613,,-9.1868,48.2532,,6.3087,,,,,48.2532,6.3087,140.0,10.6296,16.8109,120.0,-11.0381,184.7408,,,,,,
2026-08-26 19:17:44,42.4996937,-82.809035,18.7238,11.527,123.7818,137.0786,96.7691,0.0,-10.1246,0.8206,263.6128,1.5422,1.4626,,,7.2401,17.5473,10.0,0.0023,48.092,16.8119,74.2657,0.0,0.0,21.9781,18.7093,11.331,38.475,183.8282,-21.6843,,-8.5034,,,,,,,,,,,,,,,,,1855.6536,,21163.3865,,
2026-08-26 19:17:45,42.499663711656176,-82.80897240385761,,11.5853,129.5458,142.3384,123.0129,0.0,-9.7066,1.6428,263.6825,1.5445,1.4654,,,,,,,,,,,,22.6766,18.6344,12.3059,36.0725,183.3509,-21.6843,,-8.7857,48.0036,,6.2916,,,,,48.0036,6.2916,140.0,10.5722,16.741,120.0,-10.3557,185.2779,,,,,,
2026-08-26 19:17:46,42.49963078390744,-82.80892018223987,18.6581,11.1382,127.082,143.5989,,0.0,,,263.765,1.5466,1.4681,,,,,,,,,,,,21.6331,18.0719,11.4512,35.8764,186.7297,-21.6613,,-8.0169,48.1355,,6.3006,,,,,48.1355,6.3006,140.0,10.6025,16.7779,120.0,-12.4109,187.8915,,1855.7908,,21165.0269,,
2026-08-26 19:17:47,42.499597374608946,-82.8088686447842,,10.73,130.5885,,-38.2484,0.0,-8.8471,1.303,263.8476,1.5487,1.4708,,,,,,,,,,,,21.6274,15.2634,11.5377,29.5692,181.6378,-21.6613,,-7.7785,48.6846,,6.3381,,,,,48.6846,6.3381,140.0,10.7287,16.9317,120.0,-13.7429,190.8167,,,,,,
2026-08-26 19:17:48,42.49956435174696,-82.80881809564873,18.3957,10.2635,130.6516,144.2692,-0.7426,0.0,-9.2848,-0.2401,263.9675,1.5517,1.4747,,,7.2401,17.5473,10.0,0.0048,48.092,16.8119,75.5074,0.0,0.0,20.7994,18.8605,11.3507,36.325,186.6441,-21.6613,,-7.0098,49.9872,,6.427,,,,,49.9872,6.427,140.0,11.0281,17.2964,120.0,-18.7036,193.4471,,1855.7569,,21164.6988,,
2026-08-26 19:17:49,42.499539119365814,-82.80876597253184,,9.8553,124.8017,140.5794,201.7648,,-9.5306,-1.4492,264.0328,1.5538,1.4772,,,,,,,,,,,,21.0272,16.2931,11.861,29.8255,180.5162,-21.6613,,-7.8179,47.3047,,6.2439,,,,,47.3047,6.2439,140.0,10.4116,16.5453,120.0,-12.6353,188.9825,,,,,,
2026-08-26 19:17:50,42.49950674852313,-82.808719056681,18.166,9.9525,126.6237,141.7253,-64.4715,0.0,-7.9296,2.6458,264.1083,1.5557,1.4796,,,,,,,,,,,,19.8911,18.5769,11.058,34.9635,184.0028,-21.7186,,-6.7144,47.1925,,6.2363,,,,,47.1925,6.2363,140.0,10.3858,16.5139,120.0,-14.5173,189.1736,,1855.971,,21166.9954,,
2026-08-26 19:17:51,42.49947963940147,-82.80867148708946,,9.5248,130.6,141.1638,-53.206,0.0,-7.0624,-0.5985,264.1747,1.5576,1.482,,,,,,,,,,,,20.1291,17.8428,11.2436,33.2675,181.5511,-21.7186,,-7.0517,48.4688,,6.3234,,,,,48.4688,6.3234,140.0,10.6791,16.8713,120.0,-15.5378,190.2852,,1856.0688,,21167.9797,,
2026-08-26 19:17:52,42.4994496,-82.8086201,18.3957,9.622,126.8357,139.0439,-86.9337,0.0,-7.8299,2.1493,,,,,,7.2402,17.5473,10.0,0.003,48.092,16.8119,74.8003,0.0,0.0,20.0154,19.1347,11.3654,35.2585,181.6729,-21.7186,,,48.0491,,6.2947,,,,,48.0491,6.2947,140.0,10.5827,16.7537,120.0,-14.9146,188.8228,,,,,,
2026-08-26 19:17:53,42.4994251,-82.8085703,,9.5831,128.566,139.7429,115.5702,0.0,-8.4265,-1.4367,264.2722,1.5606,1.4856,,,,,,,,,,,,20.3411,18.287,11.5875,33.423,180.1675,-21.7358,,-6.9631,48.17,,6.303,,,,,48.17,6.303,140.0,10.6105,16.7876,120.0,-13.7638,188.093,,1856.3917,,21171.9167,,
2026-08-26 19:17:54,42.4993994,-82.8085234,18.5925,9.933,131.9636,140.419,,0.0,,,264.335,1.5625,1.488,,,,,,,,,,,,19.9574,19.6045,11.2855,36.3946,183.3641,-21.7358,,-7.0737,47.3055,,6.244,,,,,47.3055,6.244,140.0,10.4118,16.5455,120.0,-12.5371,187.2425,,1856.495,,21172.9009,,
2026-08-26 19:17:55,42.4993743,-82.8084776,,9.622,124.6183,140.1669,-221.9031,0.0,-8.0214,2.253,264.3992,1.5643,1.4903,,,,,,,,,,,,22.0543,21.5433,13.4024,37.175,182.5445,-21.7358,,-6.7638,47.1573,,6.2338,,,,,47.1573,6.2338,140.0,10.3777,16.504,120.0,-11.3294,186.7537,,,,,,
2026-08-26 19:17:56,42.4993456,-82.8084286,18.3301,9.7386,126.9789,137.6,78.0953,0.0,-10.7614,-0.3391,264.4677,1.5664,1.4928,,,7.2403,17.5473,10.0,0.0057,48.092,16.8119,76.7022,0.0,0.0,20.2158,20.4215,11.6913,37.1093,182.3814,-21.7358,,-7.6744,50.0,,6.428,,,,,50.0,6.428,140.0022,11.0316,17.3005,120.0,-13.6298,189.7657,,1856.6974,,21175.1975,,
2026-08-26 19:17:57,42.4993215,-82.8083807,,9.5054,129.9182,139.1585,138.1149,0.0,-10.2961,-1.8323,264.5658,1.5692,1.4963,,,,,,,,,,,,20.4285,18.2894,11.3662,34.3347,179.0532,-21.7186,,-7.437,50.0,,6.4497,,,,,50.0,6.4497,140.3084,11.1048,17.374,120.0,-13.8593,188.9083,,1856.8959,,21177.4941,,
2026-08-26 19:17:58,42.4992903,-82.8083342,18.3957,9.797,125.9132,,-86.8787,0.0,-8.2684,1.8564,264.6335,1.5711,1.4987,,,,,,,,,,,,21.431,18.7929,12.5599,33.3454,178.805,-21.7358,,-7.0113,48.8269,,6.3478,,,,,48.8269,6.3478,140.0,10.7614,16.9715,120.0,-13.5937,187.7084,,1856.8667,,21177.166,,
2026-08-26 19:17:59,42.4992648,-82.8082866,,9.6609,127.2654,138.8376,-19.3786,0.0,-8.2173,2.6088,264.6996,1.573,1.5011,,,,,,,,,,,,,,,,,-21.7186,,-7.2711,49.779,,6.4128,,,,,49.779,6.4128,140.0,10.9802,17.2381,120.0,-14.7886,188.4237,,,,,,
2026-08-26 19:18:00,42.4992379,-82.8082335,18.5925,10.0302,130.0729,137.6459,138.1252,0.0,-8.5614,0.548,264.7628,1.575,1.5035,,,7.2404,17.5473,10.0,0.0033,48.092,16.8119,75.2133,0.0,0.0,20.206,19.4989,11.728,35.1051,179.4239,-21.7358,,-7.8108,50.0,,6.4634,,,,,50.0,6.4634,140.5026,11.1513,17.4206,120.0,-15.1677,187.8653,,1857.2353,,21181.4311,,
2026-08-26 19:18:01,42.4992104,-82.8081862,18.3957,9.5054,123.6042,136.7864,-53.1097,0.0,-11.2572,-1.3644,264.8251,1.577,1.5058,,,,,,,,,,,,19.8775,21.7696,11.4805,39.9514,183.1837,-21.6155,,-7.5625,50.0,,6.4454,,,,,50.0,6.4454,140.2475,11.0903,17.3594,120.0,-13.0192,187.4872,,,,,,
2026-08-26 19:18:02,42.4991827,-82.8081403,,9.797,130.2791,139.2731,-135.5916,0.0,-9.1884,1.9985,264.8928,1.5788,1.5081,,,,,,,,,,,,21.4919,19.523,12.7431,34.3066,179.0626,-21.6613,,-7.0957,50.0,,6.464,,,,,50.0,6.464,140.5114,11.1534,17.4227,120.0,-13.7569,188.4987,,1857.3125,,21182.4154,,
2026-08-26 19:18:03,42.4991579,-82.8080943,18.6581,10.3218,130.3479,139.9835,14.4076,0.0,,,264.9582,1.5808,1.5106,,,,,,,,,,,,21.1694,19.881,12.6283,34.7551,180.9575,-21.6613,,-7.9545,50.0,,6.5129,,,,,50.0,6.5129,141.2021,11.3186,17.5885,120.0,-14.7701,189.023,,1857.4131,,21183.3996,,
2026-08-26 19:18:04,42.4991264,-82.8080467,,9.7386,124.0053,137.6058,,0.0,-7.7584,1.3427,265.028,1.5827,1.513,,,7.2405,17.5473,10.0,0.0015,48.092,16.8119,73.6636,0.0,0.0,19.7243,18.6364,10.6995,36.0936,181.6189,-21.6613,,-7.429,48.4481,,6.322,,,,,48.4481,6.322,140.0,10.6744,16.8655,120.0,-12.145,187.0823,,1857.4016,,21183.3996,,
2026-08-26 19:18:05,42.4990997,-82.8079969,18.8878,10.419,131.5511,138.786,93.1767,0.0,-8.1925,-3.0411,265.0963,1.5848,1.5155,,,,,,,,,,,,22.0791,17.8699,12.8924,31.7027,177.0757,-21.5353,,-7.5714,49.7868,,6.4133,,,,,49.7868,6.4133,140.0,10.9821,17.2403,120.0,-15.2607,188.5069,,,,,,
2026-08-26 19:18:06,42.4990707,-82.8079482,,9.6803,120.5904,137.113,-285.5633,0.0,-8.4163,2.6362,265.1624,1.5869,1.518,,,,,,,,,,,,19.8474,21.3144,11.1363,40.3771,183.9341,-21.5697,,-8.131,49.0202,,6.361,,,,,49.0202,6.361,140.0,10.8059,17.0257,120.0,-12.0936,186.6386,,1857.6125,,21185.6962,,
2026-08-26 19:18:07,42.4990426,-82.8078976,18.5925,10.1468,129.0186,139.3475,108.1996,0.0,-7.7026,0.3099,265.2306,1.5889,1.5205,,,,,,,,,,,,20.8645,18.2533,11.682,34.0157,178.8543,,,-7.4256,48.7781,,6.3445,,,,,48.7781,6.3445,140.0,10.7502,16.9579,120.0,-13.0241,187.4333,,,,,,
2026-08-26 19:18:08,42.4990104,-82.8078434,,10.2246,128.503,,10.6467,0.0,-7.0953,0.4223,265.2977,1.591,1.5231,,,7.2405,17.5473,10.0,0.0019,48.092,16.8119,74.2449,0.0,0.0,20.5568,18.6697,11.4214,35.1806,180.742,-21.5926,,-7.6114,,,,,,,,,,,,,,,,,1857.819,,21187.9928,,
2026-08-26 19:18:09,42.4989831,-82.8077922,18.7566,10.244,130.6573,138.511,74.4169,0.0,-8.0997,-1.7475,265.3639,1.5931,1.5256,,,,,,,,,,,,21.6763,18.5021,12.4237,33.6197,178.5117,-21.5926,,-7.6884,48.145,,6.3013,,,,,48.145,6.3013,140.0,10.6047,16.7806,120.0,-12.8896,186.9961,,,,,,
2026-08-26 19:18:10,42.4989567,-82.807742,,9.797,118.7799,137.2161,,0.0,,,265.4281,1.5952,1.5281,,,,,,,,,,,,19.2787,22.256,10.7973,42.5518,185.87,-21.5926,,-7.2757,49.4378,,6.3895,,,,,49.4378,6.3895,140.0,10.9018,17.1426,120.0,-14.6941,188.2238,,1858.1074,,21191.2736,,
2026-08-26 19:18:11,42.4989304,-82.8076893,18.6581,10.8661,134.9602,136.7291,-368.0761,0.0,-9.3157,3.7039,265.4951,1.5974,1.5308,,,,,,,,,,,,22.9186,16.4835,13.4399,28.9372,171.1553,-21.6613,,-7.9519,46.6208,,6.1972,,,,,46.6208,6.1972,140.0,10.2545,16.3538,120.0,-6.766,183.104,,1858.4326,,21195.2107,,
2026-08-26 19:18:12,42.498901,-82.8076366,,9.6803,122.6588,136.2536,-68.0571,0.0,-9.3075,0.6761,265.5628,1.5997,1.5336,,,7.2406,17.5473,10.0,0.0025,48.092,16.8119,74.0127,0.0,0.0,21.8156,20.1441,12.8961,35.6318,178.3984,-21.6442,,-7.8393,47.9166,,6.2857,,,,,47.9166,6.2857,140.0,10.5522,16.7167,120.0,-10.9928,184.6362,,1858.415,,21194.8826,,
2026-08-26 19:18:13,42.498872,-82.807582,18.9534,10.3218,128.9843,138.5798,134.4503,0.0,-8.7429,-0.6444,265.6296,1.6017,1.536,,,,,,,,,,,,20.5986,20.103,11.4599,38.1556,181.9621,-21.7186,,-7.272,50.0,,6.5516,,,,,50.0,6.5516,141.7495,11.4496,17.7199,120.0,-14.8985,187.2274,,,,,,
2026-08-26 19:18:14,42.4988418,-82.8075264,18.8222,10.2246,128.6691,138.0928,29.4409,0.0,-8.3553,-1.0177,265.6954,1.6039,1.5386,,,,,,,,,,,,22.5729,18.5017,13.2149,32.8231,177.0684,-21.7186,,-7.5371,49.8125,,6.4151,,,,,49.8125,6.4151,140.0,10.9879,17.2475,120.0,-13.6216,187.425,,1858.7096,,21198.1634,,
2026-08-26 19:18:15,42.498812,-82.8074776,,9.933,120.3498,135.0675,-323.0416,0.0,-9.7642,3.1954,265.7649,1.606,1.5411,,,,,,,,,,,,20.1608,22.4293,11.5081,41.9454,184.4295,-21.7186,,-7.4014,50.0,,6.4972,,,,,50.0,6.4972,140.9804,11.2656,17.5353,120.0,-14.6443,187.8923,,,,,,
2026-08-26 19:18:16,42.4987855,-82.807423,18.7566,10.8466,130.4797,137.3938,183.2182,0.0,-10.3173,-1.5916,265.8278,1.6083,1.5438,,,7.2407,17.5473,10.0,0.0055,48.092,16.8119,75.7915,0.0,0.0,20.5026,18.8615,11.1611,36.4313,178.6918,-21.6957,,-7.7604,50.0,,6.4955,,,,,50.0,6.4955,140.9567,11.2599,17.5296,120.0,-11.5616,186.3307,,1859.1022,,21202.7566,,
2026-08-26 19:18:17,42.4987561,-82.8073699,,10.1663,126.744,137.8693,100.726,0.0,-9.6748,-0.6729,265.8966,1.6105,1.5465,,,,,,,,,,,,21.5466,18.8366,12.2469,34.6139,178.0147,-21.7186,,-7.7263,49.1822,,6.3721,,,,,49.1822,6.3721,140.0,10.8431,17.071,120.0,-12.0371,186.0355,,1859.1031,,21202.7566,,
2026-08-26 19:18:18,42.4987259,-82.8073196,18.6581,10.3607,123.4667,,-214.2576,0.0,-9.674,1.6314,,,,,,,,,,,,,,,,,,,,-21.7186,,,49.6383,,6.4032,,,,,49.6383,6.4032,140.0,10.9479,17.1987,120.0,-13.3651,187.0043,,1859.2142,,21204.0689,,
2026-08-26 19:18:19,42.4987008,-82.8072661,18.8222,10.5162,129.4999,135.3655,,0.0,,,265.991,1.6135,1.5501,,,,,,,,,,,,20.5206,19.8851,11.4236,37.6613,179.9424,-21.7186,,-7.8256,48.7205,,6.3405,,,,,48.7205,6.3405,140.0,10.737,16.9417,120.0,-11.8255,185.001,,1859.3864,,21206.0374,,
2026-08-26 19:18:20,42.4986697,-82.8072142,,10.3607,123.8219,136.7177,-60.5078,0.0,-8.6618,-0.3221,266.0764,1.6163,1.5535,,,7.2408,17.5473,10.0,0.0035,48.092,16.8119,75.0677,0.0,0.0,20.4385,17.3693,10.8576,34.1914,175.2757,-21.7186,,-7.6421,48.5253,,6.3272,,,,,48.5253,6.3272,140.0,10.6921,16.8871,120.0,-13.8294,184.8334,,1859.542,,21207.6778,,
2026-08-26 19:18:21,42.4986517,-82.8071769,18.8222,10.3218,123.4266,133.4805,-60.5043,0.0,-7.8229,-1.2732,266.1336,1.6183,1.5559,,,,,,,,,,,,21.5914,17.9959,12.2785,32.9072,172.6121,-21.7186,,-8.0014,49.2083,,6.3738,,,,,49.2083,6.3738,140.0,10.8491,17.0783,120.0,-15.1134,183.6352,,1859.777,,21210.3025,,
2026-08-26 19:18:22,42.4986158,-82.807094,,10.4967,122.6875,131.8361,-19.2136,0.0,-8.3053,0.1401,266.2181,1.6218,1.5599,,,,,,,,,,,,20.0696,19.9772,10.8714,39.1028,177.1386,-21.6957,,-8.2563,48.2568,,6.3089,,,,,48.2568,6.3089,140.0,10.6304,16.8119,120.0,-12.0774,181.278,,1860.2651,,21215.8799,,
2026-08-26 19:18:23,42.4985908,-82.8070352,18.6581,10.2635,120.5331,130.3922,-49.1942,0.0,-8.5626,0.405,266.2775,1.6243,1.5628,,,,,,,,,,,,20.0077,20.3059,10.7794,40.1003,177.3236,-21.6957,,-8.5908,47.2299,,6.2388,,,,,47.2299,6.2388,140.0,10.3944,16.5244,120.0,-9.0766,179.1963,,1860.6055,,21219.817,,
2026-08-26 19:18:24,42.4985646,-82.8069764,,10.8661,119.3127,129.1088,-150.422,0.0,-8.4817,-0.4897,266.3387,1.6268,1.5656,,,7.2408,17.5473,10.0,0.0038,48.092,16.8119,74.4124,0.0,0.0,20.4432,19.4329,10.8255,38.9241,174.9391,-21.7186,,-8.7972,46.1255,,6.1634,,,,,46.1255,6.1634,140.0,10.1406,16.2152,120.0,-7.2759,176.9189,,1860.907,,21223.4259,,
2026-08-26 19:18:25,42.4985384,-82.8069144,18.5925,11.3326,118.0637,,,0.0,,,266.3999,1.6294,1.5686,,,,,,,,,,,,21.0517,23.2496,11.5704,45.9065,179.3034,-21.7186,,-9.2351,47.581,,6.2628,,,,,47.581,6.2628,140.0,10.4751,16.6227,120.0,-7.7362,177.3898,,,,,,
2026-08-26 19:18:26,42.4985181,-82.8068478,,12.0907,118.3158,126.1752,-367.9077,0.0,-11.362,2.1571,266.4497,1.6323,1.5718,,,,,,,,,,,,22.8175,21.5727,13.018,40.1251,172.9089,-21.7759,,-9.7472,49.1134,,6.3674,,,,,49.1134,6.3674,140.0,10.8273,17.0518,120.0,-6.5794,176.6866,,1861.9146,,21234.9088,,
2026-08-26 19:18:27,42.4984872,-82.8067751,18.8222,11.6436,118.9632,128.8108,220.8477,0.0,-12.0929,-1.5393,266.5076,1.6348,1.5746,,,,,,,,,,,,20.1683,20.1576,9.9352,44.3903,178.517,-21.8103,,-9.9089,47.4789,,6.2558,,,,,47.4789,6.2558,140.0,10.4517,16.5941,120.0,-5.6413,175.6304,,1862.1344,,21237.2054,,
2026-08-26 19:18:28,42.4984592,-82.8067079,,11.5075,117.9434,128.5416,-26.6838,0.0,-10.0657,0.9125,266.5798,1.638,1.5783,,,7.2409,17.5473,10.0,0.006,48.092,16.8119,74.3794,0.0,0.0,21.1072,17.6148,10.5321,37.3344,171.2574,-21.8103,,-9.9329,45.799,,6.1411,,,,,45.799,6.1411,140.0,10.0656,16.1237,120.0,-4.6657,174.0694,,1862.5827,,21242.4547,,
2026-08-26 19:18:29,42.4984326,-82.8066418,18.8878,11.7602,117.6741,126.8972,-19.1826,0.0,-8.2504,-0.0453,266.6416,1.6408,1.5814,,,,,,,,,,,,20.8294,20.7044,10.6066,43.9714,176.2458,-21.8103,,-9.8045,45.6811,,6.1331,,,,,45.6811,6.1331,140.0,10.0385,16.0907,120.0,-4.9236,173.025,,1863.0107,,21247.376,,
2026-08-26 19:18:30,42.4984052,-82.8065679,,11.9935,116.2761,125.7856,-112.9437,0.0,-8.6177,0.5027,266.7003,1.6437,1.5847,,,,,,,,,,,,21.7631,20.846,11.4697,42.471,174.7527,,,-10.1015,46.6933,,6.2022,,,,,46.6933,6.2022,140.0,10.2711,16.3741,120.0,-4.4574,173.23,,1863.4735,,21252.6254,,
2026-08-26 19:18:31,42.4983801,-82.8064982,18.7566,11.9741,114.2077,126.5992,-45.447,0.0,-9.5287,0.3959,266.7599,1.6467,1.588,,,,,,,,,,,,21.132,19.8805,10.6803,42.2868,176.2569,-21.8103,,-10.3968,46.2485,,6.1718,,,,,46.2485,6.1718,140.0,10.1689,16.2496,120.0,-3.2511,173.0836,,,,,,
2026-08-26 19:18:32,42.498354,-82.8064302,,11.7991,116.9808,128.0202,74.5372,0.0,-9.8941,-0.4591,266.8184,1.6496,1.5913,,,7.241,17.5473,10.0,0.0036,48.092,16.8119,73.8974,0.0,0.0,20.4936,21.4379,10.3647,46.2755,179.9063,-21.8103,,-10.3606,46.2683,,6.1732,,,,,46.2683,6.1732,140.0,10.1734,16.2551,120.0,-2.5173,173.7745,,1864.3566,,21262.796,,
2026-08-26 19:18:33,42.4983292,-82.8063624,18.7238,12.0324,120.6305,129.762,108.2753,0.0,-9.2546,-0.2182,266.8756,1.6525,1.5945,,,,,,,,,,,,21.8611,20.161,11.4535,41.1356,176.583,-21.7874,,-10.5774,46.5937,,6.1954,,,,,46.5937,6.1954,140.0,10.2482,16.3462,120.0,-3.2666,174.7347,,1864.814,,21267.7172,,
2026-08-26 19:18:34,42.4983033,-82.8062957,,11.2548,115.3708,129.0515,-120.4758,0.0,-9.8928,1.7614,266.937,1.6554,1.5978,,,,,,,,,,,,,,,,,-21.8103,,-10.2885,45.8291,,6.1432,,,,,45.8291,6.1432,140.0,10.0725,16.1322,120.0,-0.9147,174.7701,,1865.194,,21272.3104,,
2026-08-26 19:18:35,42.4982761,-82.8062267,18.4613,12.2851,119.668,,168.2674,0.0,-10.6749,-2.2498,266.9955,1.6584,1.6011,,,,,,,,,,,,21.053,22.3934,11.1837,45.8199,181.6428,-21.7874,8.3322,-10.3271,,8.8516,,8.5464,1.3793,6.1526,1.3543,,,,,,,,,,1865.6337,,21277.2317,,
2026-08-26 19:18:36,42.4982492,-82.8061591,,12.1101,118.3788,131.0454,-157.992,0.0,-10.7461,1.6008,267.0591,1.6613,1.6043,,,7.2411,17.5473,10.0,0.0029,48.092,16.8119,74.0629,0.0,0.0,21.6206,20.7482,11.1372,43.45,181.0944,-21.8275,8.4909,-10.5724,47.6248,8.8605,6.2658,8.5631,1.4045,6.1549,1.3795,47.6248,6.2658,140.0,10.4852,16.6349,120.0,-4.2824,177.7676,,,,,190.4514,
2026-08-26 19:18:37,42.4982208,-82.8060922,18.8878,12.3628,119.4101,130.736,-105.4976,0.0,-11.567,1.7039,305.4082,0.5632,0.457,,,,,,,,,,,,22.2376,21.6722,11.9466,43.4256,180.4832,-21.8275,,-12.1387,46.0504,,6.1583,,,,,46.0504,6.1583,140.0,10.1234,16.1941,120.0,-0.6151,175.9182,,,,,,
2026-08-26 19:18:38,42.4981919,-82.8060192,18.7566,12.0712,124.9506,129.1661,,0.0,,,305.3579,0.5669,0.4596,,,,,,,,,,,,21.7253,21.8302,11.4758,44.7473,181.6647,-21.8103,,-11.6505,47.9538,,6.2882,,,,,47.9538,6.2882,140.0,10.5608,16.7271,120.0,-3.9187,178.3475,,,,,,
2026-08-26 19:18:39,42.4981639,-82.8059548,,11.4103,118.4246,131.6069,108.2306,0.0,-11.8787,-0.8364,305.3376,0.5702,0.4622,,,,,,,,,,,,23.2432,19.8255,12.5244,39.0073,176.3951,-21.8848,,-12.3013,50.0,,6.4999,,,,,50.0,6.4999,141.0189,11.2748,17.5445,120.0,-7.9746,180.7232,,,,,,
2026-08-26 19:18:40,42.4981368,-82.8058895,18.7238,11.6047,116.9636,131.1542,-98.0136,0.0,-10.252,-0.0019,305.2993,0.5735,0.4646,,,7.2411,17.5473,10.0,0.0045,48.092,16.8119,74.5248,0.0,0.0,22.6138,19.6401,12.209,38.5031,176.5678,-21.8619,,-11.3915,49.7635,,6.4117,,,,,49.7635,6.4117,140.0,10.9767,17.2338,120.0,-8.9911,180.5528,,,,,,
2026-08-26 19:18:41,42.4981113,-82.8058208,,,,130.2547,-161.7597,,-10.3613,0.6217,305.2501,0.5768,0.4671,,,,,,,,,,,,21.2184,20.2901,10.8675,42.6147,179.3135,-21.8619,,-11.5592,49.3563,,6.3839,,,,,49.3563,6.3839,140.0,10.8831,17.1198,120.0,-9.5287,179.9411,,,,,,
2026-08-26 19:18:42,42.4980897,-82.8057575,18.7238,12.0324,120.2065,129.2921,-83.0113,0.0,-11.058,2.4376,305.2008,0.58,0.4693,,,,,,,,,,,,21.6004,21.8338,11.4018,44.7955,181.2982,-21.8619,,-12.0592,49.6961,,6.4071,,,,,49.6961,6.4071,140.0,10.9612,17.2149,120.0,-8.2954,179.8563,,,,,,
2026-08-26 19:18:43,,,,11.6825,115.8979,133.4002,198.2239,0.0,-9.0536,-0.8268,305.1669,0.5832,0.4717,,,,,,,,,,,,22.4824,18.6447,12.0064,36.7729,176.5675,-21.8848,,-11.7616,49.0884,,6.3657,,,,,49.0884,6.3657,140.0,10.8215,17.0447,120.0,-7.6649,179.8528,,,,,,
2026-08-26 19:18:44,42.4980616,-82.8056931,18.8222,11.5464,118.6939,133.532,36.9558,0.0,-8.5095,0.3211,203.1874,2.4195,-0.5329,,,7.2412,17.5473,10.0,0.0039,48.092,16.8119,74.1464,0.0,0.0,21.0085,20.257,10.9279,41.7297,181.7202,-21.8848,,1.5426,47.4807,,6.2559,,,,,47.4807,6.2559,140.0,10.4521,16.5946,120.0,-7.2925,179.5833,,1869.0518,,21316.2736,309.7325,
2026-08-26 19:18:45,42.4980329,-82.8056289,,11.9157,120.556,131.0511,-146.7952,0.0,-7.8657,1.654,203.2641,2.4191,-0.536,,,,,,,,,,,,21.0702,21.4757,11.0305,44.3729,184.253,-21.8504,,1.3215,47.9589,,6.2886,,,,,47.9589,6.2886,140.0,10.562,16.7285,120.0,-7.1688,180.8045,,1869.4038,,21320.2107,,
2026-08-26 19:18:46,42.4980043,-82.8055592,19.019,11.3715,118.0923,,194.4561,0.0,-10.0725,-2.1025,203.3383,2.4187,-0.539,,,,,,,,,,,,22.1487,21.6601,12.2847,41.7182,179.8688,-21.8619,,1.1147,47.4825,,6.256,,,,,47.4825,6.256,140.0,10.4525,16.5951,120.0,-5.4793,179.411,,1869.756,,21324.1477,,
2026-08-26 19:18:47,42.4979769,-82.8054959,,12.0712,118.2986,132.3174,-49.311,0.0,-10.2441,0.2533,203.4149,2.4184,-0.5421,,,,,,,,,,,,20.4903,23.1612,10.7437,48.6023,187.1713,-21.8619,,1.1291,48.0108,,6.2921,,,,,48.0108,6.2921,140.0,10.5739,16.743,120.0,-5.0257,180.0441,,1870.1719,,21329.0689,,
2026-08-26 19:18:48,42.4979516,-82.8054334,19.019,11.6047,121.2207,131.6986,,0.0,,,203.4922,2.4181,-0.5452,,,7.2413,17.5473,10.0,0.003,48.092,16.8119,73.6477,0.0,0.0,21.8256,18.8053,11.2082,38.8819,178.6488,-21.8848,,1.1715,47.8459,,6.2808,,,,,47.8459,6.2808,140.0,10.536,16.6968,120.0,-4.7912,179.6019,,,,,,
2026-08-26 19:18:49,42.4979247,-82.8053663,18.8222,12.0129,117.7944,130.8277,-86.81,0.0,-9.8835,0.67,203.5732,2.4178,-0.5484,,,,,,,,,,,,21.423,22.761,11.3359,46.9835,184.5651,-21.8619,,1.0899,46.919,,6.2176,,,,,46.919,6.2176,140.0,10.323,16.4373,120.0,-3.4029,178.4821,,1870.9779,,21338.2553,,
2026-08-26 19:18:50,42.4978983,-82.8052985,,12.2656,119.8857,131.4063,29.4099,0.0,-10.9855,-0.8021,203.6523,2.4175,-0.5516,,,,,,,,,,,,22.2614,21.2523,11.8496,42.9195,181.5907,-21.8848,,0.7527,48.1817,,6.3038,,,,,48.1817,6.3038,140.0,10.6132,16.7909,120.0,-4.1457,179.3628,,1871.348,,21342.5204,,
2026-08-26 19:18:51,42.4978698,-82.8052321,18.9534,12.5183,123.1687,132.7184,156.9263,0.0,-11.6108,-0.3223,203.7355,2.4171,-0.5549,,,,,,,,,,,,21.1075,20.6368,10.4491,45.3932,185.1201,-21.8619,8.7028,1.5255,47.5708,9.097,6.2621,8.6114,1.4293,6.2161,1.4,47.5708,6.2621,140.0,10.4728,16.6198,120.0,-3.043,179.7343,,,,,,
2026-08-26 19:18:52,42.4978404,-82.8051638,19.0846,12.1879,121.4441,133.9159,21.9122,0.0,-11.3577,-0.4049,203.8141,2.4167,-0.5581,,,7.2414,17.5473,10.0,0.0047,48.092,16.8119,73.8877,0.0,0.0,21.9122,18.1998,10.9128,38.8399,180.6501,,,1.6675,47.3703,,6.2484,,,,,47.3703,6.2484,140.0,10.4267,16.5637,120.0,-4.0424,180.3046,,1871.9673,,21349.4101,,
2026-08-26 19:18:53,42.4978106,-82.805099,,12.5378,121.6905,134.0133,-19.3442,0.0,-8.8523,0.4492,203.8943,2.4162,-0.5612,,,,,,,,,,,,21.8672,19.7865,10.9468,42.5486,183.4812,-21.8848,,1.8658,45.6333,,6.1298,,,,,45.6333,6.1298,140.0,10.0275,16.0773,120.0,-4.2343,179.1334,,1872.2757,,21353.0191,,
2026-08-26 19:18:54,42.49777655160179,-82.80502732852055,18.9534,12.7516,123.1,131.8991,-98.1305,0.0,-9.8191,1.8307,203.9729,2.4157,-0.5643,,,,,,,,,,,,20.9752,19.8979,10.3952,43.3728,183.7689,-21.8848,,2.0227,45.4839,,6.1196,,,,,45.4839,6.1196,140.0,9.9932,16.0355,120.0,-2.7062,178.9769,,,,,,
2026-08-26 19:18:55,42.49774945617017,-82.8049641422411,,11.7019,119.645,133.9732,201.8576,0.0,-9.4881,-1.6635,204.0466,2.4153,-0.5673,,,,,,,,,,,,21.659,18.6319,10.8168,39.7713,181.1262,-21.8619,,1.1416,46.9209,,6.2177,,,,,46.9209,6.2177,140.0,10.3234,16.4379,120.0,-6.9365,180.1374,,1872.8769,,21359.9088,,
2026-08-26 19:18:56,42.49772117551886,-82.8049028178264,18.4613,12.1684,121.4842,132.621,6.8342,0.0,-10.2207,-0.2516,204.1224,2.4149,-0.5703,,,7.2414,17.5473,10.0,0.0035,48.092,16.8119,74.0223,0.0,0.0,22.2452,19.2931,11.8203,38.4475,178.3736,-21.8848,,1.5592,46.2462,,6.1717,,,,,46.2462,6.1717,140.0,10.1684,16.2489,120.0,-5.9952,179.1377,,1873.1905,,21363.5177,,
2026-08-26 19:18:57,42.497694032246955,-82.80484227239602,,11.5464,119.8513,,,0.0,,,204.1982,2.4145,-0.5733,,,,,,,,,,,,,,,,,-21.8848,,1.1374,47.2897,,6.2429,,,,,47.2897,6.2429,140.0,10.4082,16.5411,120.0,-8.7806,179.6738,,1873.4794,,21366.7986,,
2026-08-26 19:18:58,42.49766667760069,-82.80478001733749,18.1004,11.5658,122.2807,131.2459,-41.9164,0.0,-7.9668,0.1379,204.2727,2.4141,-0.5763,,,,,,,,,,,,21.1948,17.3094,10.614,36.4507,176.1953,-21.8848,,1.6112,47.1149,,6.231,,,,,47.1149,6.231,140.0,10.368,16.4922,120.0,-9.77,178.7467,,1873.8127,,21370.4075,,
2026-08-26 19:18:59,42.49764074196171,-82.80471700944372,,11.7214,117.9262,129.5901,-165.6719,0.0,-10.4521,0.5733,204.3637,2.4141,-0.58,,,,,,,,,,,,21.2528,20.4866,10.9252,42.9085,181.486,-21.8619,,0.1217,44.5588,,6.0565,,,,,44.5588,6.0565,140.0,9.7806,15.7765,120.0,-2.2641,174.3115,,1874.3985,,21377.2973,,
2026-08-26 19:19:00,42.49761876402216,-82.8046524677855,18.7566,11.9546,119.1638,130.3349,179.3335,0.0,-13.0085,-1.9871,204.4387,2.414,-0.583,,,7.2415,17.5473,10.0,0.0036,48.092,16.8119,76.0341,0.0,0.0,20.6525,22.4741,10.934,46.223,181.8059,-21.9192,8.4072,1.2965,44.2964,8.4374,6.0386,8.4343,1.4118,6.0387,1.3922,44.2964,6.0386,140.0,9.7203,15.703,120.0,0.7962,174.4302,,1874.784,,21381.5624,,
2026-08-26 19:19:01,42.4975928,-82.8045811,,11.8574,119.6279,129.0057,-150.6627,0.0,-13.7773,0.7266,204.5183,2.4138,-0.5862,,,,,,,,,,,,19.908,23.1385,10.0644,51.013,187.2479,-21.9192,8.1726,0.0326,,8.6684,,8.8655,1.3508,6.1033,1.339,,,,,,,,,,1875.2836,,21387.1398,,
2026-08-26 19:19:02,42.4975659,-82.8045138,19.1503,12.0907,119.4903,129.3552,-68.143,0.0,-13.485,0.7251,204.597,2.4136,-0.5894,,,,,,,,,,,,21.5498,20.8007,11.1024,43.574,180.3291,-21.9192,8.4613,1.0314,45.4265,8.7849,6.1157,8.5474,1.4029,6.1348,1.3792,45.4265,6.1157,140.0,9.98,16.0194,120.0,1.2303,175.1207,,1875.6782,,21391.733,,
2026-08-26 19:19:03,42.4975416,-82.8044466,,12.4795,120.0461,130.1287,25.6043,0.0,-12.6652,-0.5647,204.6772,2.4135,-0.5926,,,,,,,,,,,,22.1386,19.4796,11.432,40.2241,177.4396,-21.9306,,1.1677,45.7672,,6.139,,,,,45.7672,6.139,140.0,10.0583,16.1148,120.0,-0.9775,174.9693,,1876.1077,,21396.6542,,
2026-08-26 19:19:04,42.4975159,-82.8043791,19.0846,12.0324,115.7776,128.7421,66.847,0.0,-11.4783,-1.1186,204.7543,2.4135,-0.5958,,,7.2416,17.5473,10.0,0.0042,48.092,16.8119,74.7464,0.0,0.0,21.3184,20.2442,10.7972,43.094,179.274,-21.9192,,0.2149,46.9405,,6.2191,,,,,46.9405,6.2191,140.0,10.3279,16.4433,120.0,-5.1185,176.1745,,,,,,
2026-08-26 19:19:05,42.4974919,-82.8043128,19.0846,12.5766,120.6535,131.2574,,0.0,-10.8855,0.8589,204.8354,2.4133,-0.599,,,,,,,,,,,,22.3433,16.572,11.2044,34.6646,172.7325,-21.9306,,1.2749,47.557,,6.2611,,,,,47.557,6.2611,140.0,10.4696,16.616,120.0,-7.6086,176.9045,,1876.992,,21406.8248,,
2026-08-26 19:19:06,42.4974653,-82.8042449,,11.663,117.3761,129.6588,-154.4133,0.0,,,204.9128,2.4131,-0.6021,,,,,,,,,,,,20.9477,18.9518,10.2139,41.7648,179.3213,-21.9192,,0.5013,46.4553,,6.1859,,,,,46.4553,6.1859,140.0,10.2164,16.3075,120.0,-6.843,176.6777,,,,,,
2026-08-26 19:19:07,42.4974393,-82.8041807,19.1503,11.838,116.6026,127.4071,96.8173,0.0,-8.6392,-2.1536,204.9908,2.4129,-0.6053,,,,,,,,,,,,22.5678,18.0036,11.845,36.0771,172.7574,-21.9192,,0.333,47.549,,6.2606,,,,,47.549,6.2606,140.0,10.4678,16.6137,120.0,-9.9829,177.3528,,1877.804,,21416.0112,,
2026-08-26 19:19:08,42.4974146,-82.8041075,,11.3131,113.5488,,-131.9304,0.0,-10.5253,0.6995,205.0686,2.4129,-0.6084,,,7.2417,17.5473,10.0,0.0027,48.092,16.8119,73.5496,0.0,0.0,22.4035,20.5035,12.2472,39.8463,175.0342,-21.9192,,-0.3001,48.4687,,6.3234,,,,,48.4687,6.3234,140.0,10.6791,16.8712,120.0,-8.844,176.9762,,,,,,
2026-08-26 19:19:09,42.4973864,-82.8040339,19.0846,12.3045,115.0499,129.2692,-45.6602,0.0,-10.8073,0.1184,205.1473,2.4128,-0.6116,,,,,,,,,,,,21.5152,20.2281,11.1189,41.9935,177.7277,-21.9306,,0.4973,49.4324,,6.3891,,,,,49.4324,6.3891,140.0,10.9006,17.1411,120.0,-10.2279,178.1072,,1878.8479,,21427.8222,,
2026-08-26 19:19:10,42.497362,-82.8039668,,11.7991,115.8864,128.404,-45.667,0.0,-11.1752,0.2783,205.2256,2.4128,-0.6148,,,,,,,,,,,,21.4974,20.1089,11.0434,42.0103,177.1661,-21.9306,,0.5806,48.6002,,6.3323,,,,,48.6002,6.3323,140.0,10.7094,16.9081,120.0,-7.5172,176.9108,,1879.3094,,21433.0716,,
2026-08-26 19:19:11,42.4973387,-82.8039002,19.1503,12.149,116.7974,128.1863,93.0839,0.0,-9.9054,-0.8027,205.3049,2.4127,-0.618,,,,,,,,,,,,22.1515,19.3346,11.579,39.3007,174.8217,-21.9306,,0.5297,47.8554,,6.2815,,,,,47.8554,6.2815,140.0,10.5382,16.6995,120.0,-7.4643,175.8009,,,,,,
2026-08-26 19:19:12,42.4973139,-82.8038316,,12.1879,116.1099,127.6936,29.3412,0.0,-11.7606,-0.6336,205.3836,2.4127,-0.6212,,,7.2417,17.5473,10.0,0.0046,48.092,16.8119,73.8172,0.0,0.0,22.0225,21.7596,11.7496,44.0138,178.5539,-21.9306,,0.035,47.5409,,6.26,,,,,47.5409,6.26,140.0,10.4659,16.6115,120.0,-5.827,175.5179,,1880.1897,,21443.2422,,
2026-08-26 19:19:13,42.4972891,-82.803764,19.0846,12.1101,113.7951,126.9946,-8.1509,0.0,-13.0555,-0.4481,205.4637,2.4127,-0.6245,,,,,,,,,,,,21.9759,22.1655,11.6126,45.5593,179.3714,-21.9306,,-0.0967,48.0117,,6.2922,,,,,48.0117,6.2922,140.0,10.5741,16.7433,120.0,-4.1779,175.6372,,1880.7369,,21449.4758,,
2026-08-26 19:19:14,42.497266,-82.8036938,,12.5572,116.4766,128.6504,89.3505,0.0,-13.4517,0.0447,205.5459,2.4127,-0.6278,,,,,,,,,,,,21.9996,21.2152,11.331,44.6352,179.555,-21.9536,,0.0655,47.7202,,6.2723,,,,,47.7202,6.2723,140.0,10.5071,16.6617,120.0,-3.4567,175.0288,,1881.2162,,21455.0532,,
2026-08-26 19:19:15,42.4972393,-82.8036253,19.1503,12.0129,115.388,129.3609,,0.0,,,205.6276,2.4127,-0.6311,,,,,,,,,,,,21.9396,18.7008,10.9509,39.9679,176.9043,-21.9536,,0.0632,46.2096,,6.1692,,,,,46.2096,6.1692,140.0,10.1599,16.2387,120.0,-1.7845,174.3042,,1881.7026,,21460.3025,,
2026-08-26 19:19:16,42.4972133,-82.8035485,,12.46,119.0778,130.862,153.0863,0.0,-12.2112,-1.7115,,,,,,7.2418,17.5473,10.0,0.0045,48.092,16.8119,74.7654,0.0,0.0,23.1462,19.1514,12.2082,38.4622,176.1662,-21.9536,,,48.6163,,6.3334,,,,,48.6163,6.3334,140.0,10.713,16.9126,120.0,-7.9761,178.2141,,1882.1515,,21465.5519,,
2026-08-26 19:19:17,42.4971856,-82.803479,19.019,12.149,121.1061,133.0622,70.5976,0.0,-11.151,0.1815,205.7556,2.4125,-0.6363,,,,,,,,,,,,23.6594,20.1667,12.8245,39.4956,178.3056,,,0.4997,50.0,,6.4793,,,,,50.0,6.4793,140.7268,11.2049,17.4744,120.0,-10.129,181.1157,,1882.5181,,21469.817,,
2026-08-26 19:19:18,42.4971555,-82.8034108,,12.1101,119.1638,,138.0599,0.0,-11.9197,-0.977,205.8391,2.4122,-0.6396,,,,,,,,,,,,22.6281,20.1177,12.0672,40.1631,179.7839,-21.9306,,1.2251,50.0,,6.5487,,,,,50.0,6.5487,141.7088,11.4398,17.7101,120.0,-10.4137,181.8418,,,,,,
2026-08-26 19:19:19,42.4971267,-82.803346,19.2159,12.3628,122.6072,132.8044,63.0448,0.0,-11.5369,-0.8129,205.9199,2.4119,-0.6428,,,,,,,,,,,,,,,,,-21.9306,,1.0654,50.0,,6.5628,,,,,50.0,6.5628,141.908,11.4875,17.7579,120.0,-12.5884,182.8398,,1883.1377,,21476.7067,,
2026-08-26 19:19:20,42.4970969,-82.8032811,,11.8574,121.2551,132.5523,-120.6993,0.0,-9.8136,1.2885,206.0003,2.4116,-0.6459,,,7.2419,17.5473,10.0,0.0056,48.092,16.8119,74.1528,0.0,0.0,22.7254,17.7323,11.6934,36.2929,177.2211,-21.9536,,1.081,50.0,,6.4548,,,,,50.0,6.4548,140.3802,11.122,17.3912,120.0,-12.3742,182.6804,,1883.4662,,21480.6437,,
2026-08-26 19:19:21,42.4970682,-82.8032155,18.8878,11.5464,120.4014,132.2314,-83.2107,0.0,-9.6342,0.2838,206.0718,2.4113,-0.6488,,,,,,,,,,,,22.0759,18.5451,11.3481,38.2224,178.5166,-21.9536,,1.1251,48.1224,,6.2997,,,,,48.1224,6.2997,140.0,10.5995,16.7743,120.0,-10.4815,180.5384,,1883.7926,,21484.2527,,
2026-08-26 19:19:22,42.497036,-82.8031479,,11.8574,120.0977,133.3487,-53.2232,0.0,-9.31,-0.054,,,,,,,,,,,,,,,22.076,18.2794,11.6323,36.5308,176.9494,-21.9536,,,46.9752,,6.2214,,,,,46.9752,6.2214,140.0,10.3359,16.4531,120.0,-9.2541,179.5746,,1884.041,,21487.2054,,
2026-08-26 19:19:23,42.4970057,-82.8030791,18.8222,11.7408,120.9399,132.4778,149.2773,0.0,-9.6543,-2.0265,206.1884,2.4108,-0.6533,,,,,,,,,,,,21.0543,18.6133,10.7557,38.6672,178.8329,-21.9536,,1.3827,,,,,,,,,,,,,,,,,1884.3842,,21491.1424,,
2026-08-26 19:19:24,42.4969779,-82.8030163,,10.9049,116.2016,131.1714,-90.7256,0.0,-10.524,1.1531,206.2725,2.4105,-0.6567,,,7.242,17.5473,10.0,0.0009,48.092,16.8119,74.3941,0.0,0.0,21.7784,19.3795,11.3234,39.6579,180.0727,-21.9536,,1.1648,48.1978,,6.3049,,,,,48.1978,6.3049,140.0,10.6169,16.7954,120.0,-11.0382,180.8787,,,,,,
2026-08-26 19:19:25,42.4969501,-82.8029557,19.0846,12.0324,120.8196,133.2284,,0.0,,,206.3485,2.4103,-0.6597,,,,,,,,,,,,22.6269,19.0747,12.4543,36.4221,174.6628,-21.9306,,0.4719,47.3128,,6.2445,,,,,47.3128,6.2445,140.0,10.4135,16.5476,120.0,-7.5815,179.2073,,1884.9971,,21498.0322,,
2026-08-26 19:19:26,42.4969235,-82.8028935,,10.8466,120.4529,131.8017,25.539,0.0,-10.3449,1.2629,206.4243,2.4099,-0.6627,,,,,,,,,,,,20.4586,19.763,10.3533,41.9254,181.9562,-21.9306,,1.3732,48.3752,,6.317,,,,,48.3752,6.317,140.0,10.6576,16.8451,120.0,-10.486,180.8523,,,,,,
2026-08-26 19:19:27,42.4968975,-82.8028336,19.019,11.4881,120.6133,131.2803,-19.468,0.0,-9.1828,-0.6587,206.4991,2.4097,-0.6656,,,,,,,,,,,,21.7482,17.5977,11.4142,35.1734,174.7762,-21.9306,,0.4015,48.1086,,6.2988,,,,,48.1086,6.2988,140.0,10.5964,16.7704,120.0,-9.4366,180.1467,,1885.674,,21505.9062,,
2026-08-26 19:19:28,42.4968705,-82.8027724,,11.5853,119.0835,,-98.1992,0.0,-7.7133,0.4163,206.5723,2.4095,-0.6685,,,7.2421,17.5473,10.0,0.0045,48.092,16.8119,74.5562,0.0,0.0,21.0404,18.1348,10.6683,37.8694,175.4074,-21.9192,,0.9299,47.6561,,6.2679,,,,,47.6561,6.2679,140.0,10.4924,16.6437,120.0,-11.3493,179.1297,,,,,,
2026-08-26 19:19:29,42.4968467,-82.802709,18.6581,11.5464,113.3769,128.7765,-105.7004,0.0,-9.9846,0.1929,206.6474,2.4093,-0.6715,,,,,,,,,,,,20.04,20.7703,10.0817,44.8222,179.353,-21.9306,,0.914,46.7354,,6.2051,,,,,46.7354,6.2051,140.0,10.2808,16.3859,120.0,-8.8689,177.0357,,1886.4265,,21514.4364,,
2026-08-26 19:19:30,42.4968223,-82.8026461,,12.2268,118.6424,126.6623,-113.1947,0.0,-9.4105,0.5555,206.722,2.4093,-0.6745,,,,,,,,,,,,18.3318,20.7381,8.6252,48.8149,183.2374,-21.9306,,-0.1361,42.7685,,5.9343,,,,,42.7685,5.9343,140.0,9.3691,15.2752,120.0,0.0583,170.8614,,,,,,
2026-08-26 19:19:31,42.4967956,-82.8025713,18.7566,11.6436,113.5201,127.4472,-251.949,0.0,-9.4647,1.8853,206.7898,2.4092,-0.6772,,,,,,,,,,,,19.0667,22.0192,9.1866,51.0899,184.1258,-21.9536,8.3439,-0.1158,40.4931,7.5901,5.779,8.1476,1.4512,5.776,1.4446,40.4931,5.779,140.0,8.8462,14.6381,120.0,4.2586,168.3934,,1887.3727,,21525.2632,,
2026-08-26 19:19:32,42.4967698,-82.8024978,,11.9546,115.3307,126.0263,-68.1911,0.0,-8.9464,0.3673,206.8846,2.4094,-0.6811,,,7.2421,17.5473,10.0,0.0036,48.092,16.8119,73.4854,0.0,0.0,20.831,20.5049,10.6143,43.4288,176.2583,-21.9536,8.0685,-0.3553,41.8549,7.9715,5.8719,8.527,1.38,5.8996,1.3676,41.8549,5.8719,140.0,9.1592,15.0194,120.0,5.1826,168.4367,,,,,,
2026-08-26 19:19:33,42.4967458,-82.8024318,18.8222,12.3434,116.3276,124.2616,-23.1979,0.0,-6.3788,-0.789,206.9551,2.4094,-0.6839,,,,,,,,,,,,19.6975,18.9181,9.2984,43.3786,175.8107,-21.9536,8.2713,-0.2992,42.1381,7.9163,5.8913,8.3166,1.4178,5.8823,1.4061,42.1381,5.8913,140.0,9.2243,15.0987,120.0,3.4013,167.8818,,1888.3622,,21536.418,,
2026-08-26 19:19:34,42.4967239,-82.8023629,18.5925,12.2462,110.3001,122.7203,,0.0,,,207.0486,2.4095,-0.6877,,,,,,,,,,,,20.5878,22.927,10.5785,49.3014,178.5507,-21.9536,8.4427,-0.494,42.1111,8.2201,5.8894,8.4183,1.4284,5.9754,1.4129,42.1111,5.8894,140.0,9.2181,15.0911,120.0,1.4546,166.8053,,1888.896,,21542.6516,,
2026-08-26 19:19:35,42.4967051,-82.8022918,,12.5183,112.3341,122.9151,-173.2281,0.0,-9.3234,0.1658,207.1273,2.4097,-0.691,,,,,,,,,,,,22.1261,23.4743,12.0118,47.2019,175.543,-21.9536,8.2303,-0.9653,44.9411,9.0933,6.0826,9.0873,1.3341,6.2151,1.3242,44.9411,6.0826,140.0,9.8684,15.8835,120.0,2.1855,167.978,,1889.5729,,21550.1975,,
2026-08-26 19:19:36,42.4966864,-82.8022206,18.7566,,,,160.5737,,-12.1608,-2.4372,207.2066,2.4102,-0.6943,,,7.2422,17.5473,10.0,0.0055,48.092,16.8119,73.4103,0.0,0.0,20.6204,23.1137,10.4665,50.6595,179.9071,-21.9536,,-1.8653,47.8642,,6.2821,,,,,47.8642,6.2821,140.0,10.5402,16.702,120.0,-0.3167,170.8627,,1890.2378,,21557.7435,,
2026-08-26 19:19:37,,,18.9534,12.4795,111.7039,123.4365,-4.4347,0.0,-10.2195,-0.2667,207.2857,2.4106,-0.6976,,,,,,,,,,,,21.3174,20.5793,10.5424,45.2967,175.9223,-21.9536,8.1146,-0.8915,45.6263,9.0004,6.1294,9.3041,1.3184,6.1914,1.3106,45.6263,6.1294,140.0,10.0259,16.0754,120.0,3.0121,169.0576,,1890.8123,,21564.3052,,
2026-08-26 19:19:38,42.496664,-82.8021492,,11.8574,116.9579,123.0526,-229.4421,0.0,-9.0764,1.1724,207.3669,2.4108,-0.7009,,,,,,,,,,,,21.5437,22.7369,11.2565,47.7072,176.7589,-21.9536,8.3607,-0.3359,44.2095,8.6641,6.0327,8.9678,1.381,6.1021,1.3701,44.2095,6.0327,140.0,9.7003,15.6787,120.0,3.4898,167.3918,,1891.3503,,21570.5387,,
2026-08-26 19:19:39,42.4966431,-82.8020786,18.8878,12.6155,112.2654,122.8865,-49.452,0.0,-9.716,0.5628,207.4466,2.4112,-0.7042,,,,,,,,,,,,,,,,,,8.2917,-2.1719,45.6848,8.5806,6.1333,8.9759,1.3751,6.0791,1.364,45.6848,6.1333,140.0,10.0394,16.0918,120.0,2.18,168.4428,,1892.0966,,21579.0689,,
2026-08-26 19:19:40,42.4966215,-82.8019978,,12.1296,109.9449,122.9781,18.0482,0.0,-10.0785,-0.8463,207.5282,2.4117,-0.7077,,,7.2423,17.5473,10.0,0.0028,48.092,16.8119,73.6472,0.0,0.0,20.6827,22.9295,10.5792,49.6122,178.2771,-21.9536,8.1442,-1.4751,46.0497,8.7364,6.1583,9.1698,1.3406,6.1218,1.3304,46.0497,6.1583,140.0,10.1232,16.1939,120.0,2.4655,168.8769,,1892.6967,,21585.9587,,
2026-08-26 19:19:41,42.4965993,-82.8019255,19.0846,12.2851,111.1939,120.7436,-8.2197,0.0,-9.7092,-0.3096,207.6103,2.412,-0.711,,,,,,,,,,,,21.1602,22.6361,10.8395,48.7062,177.8837,-21.9536,8.2048,-0.8625,45.3061,8.878,6.1075,9.2059,1.3409,6.1595,1.3321,45.3061,6.1075,140.0,9.9523,15.9857,120.0,3.8064,167.492,,,,,,
2026-08-26 19:19:42,42.4965794,-82.8018524,,12.46,113.0961,120.6118,,0.0,,,207.6918,2.4124,-0.7144,,,,,,,,,,,,21.0777,22.4575,10.6345,49.2115,176.631,-21.9536,8.1395,-1.7184,45.4252,8.683,6.1156,9.2647,1.3452,6.1073,1.3328,45.4252,6.1156,140.0,9.9797,16.0191,120.0,3.2988,166.7828,,1894.0294,,21601.0506,,
2026-08-26 19:19:43,42.496557656324384,-82.80177203107183,18.8878,12.5572,105.3669,119.7065,-169.4706,0.0,-9.8107,0.8604,207.7729,2.4129,-0.7178,,,,,,,,,,,,20.4697,23.1292,10.3661,50.8653,177.4133,-21.9536,8.0398,-1.7376,45.0802,8.6222,6.0921,9.2734,1.334,6.0906,1.32,45.0802,6.0921,140.0,9.9004,15.9224,120.0,4.6804,165.1599,,1894.7599,,21609.2527,,
2026-08-26 19:19:44,42.496539242394945,-82.80169938502495,,12.3045,110.197,120.0446,89.2714,0.0,-9.9216,-1.3522,207.8527,2.4134,-0.7212,,,7.2424,17.5473,10.0,0.0028,48.092,16.8119,73.879,0.0,0.0,21.361,22.3058,10.9064,48.0195,174.4017,-21.9765,8.1206,-1.7232,45.653,8.7809,6.1312,9.2932,1.3348,6.1337,1.3239,45.653,6.1312,140.0,10.032,16.0828,120.0,3.6548,165.8699,,1895.4622,,21617.4548,,
2026-08-26 19:19:45,42.496520905236665,-82.80162539738757,18.8222,12.3045,106.954,118.7325,-150.7418,0.0,-9.6719,0.8763,207.9337,2.414,-0.7246,,,,,,,,,,,,20.301,23.6163,10.2286,52.6653,178.3363,-21.9536,7.8859,-1.8909,44.8908,8.6334,6.0792,9.4688,1.3126,6.0937,1.2941,44.8908,6.0792,140.0,9.8569,15.8694,120.0,5.6682,164.3749,,1896.2397,,21626.313,,
2026-08-26 19:19:46,42.4965016,-82.8015432,,12.4406,108.3463,,48.0116,0.0,-9.5746,-1.0036,208.0148,2.4146,-0.7281,,,,,,,,,,,,21.2383,22.1707,10.739,48.2718,173.5483,-21.9306,8.1398,-2.4247,45.3625,8.6904,6.1113,9.283,1.345,6.1093,1.3324,45.3625,6.1113,140.0,9.9653,16.0015,120.0,4.6408,164.4117,,1896.9682,,21634.5151,,
2026-08-26 19:19:47,42.4964823,-82.8014608,18.9534,12.3628,106.9655,118.4861,,0.0,,,208.0962,2.4152,-0.7315,,,,,,,,,,,,20.7451,24.9731,10.8083,54.1296,178.2781,-21.9536,7.7384,-2.3589,,8.7355,,9.7067,1.2859,6.1215,1.2641,,,,,,,,,,1897.7337,,21643.3734,,
2026-08-26 19:19:48,42.4964682,-82.8013863,,12.6155,105.407,117.2486,-68.2668,0.0,-10.3839,0.3658,208.2152,2.4163,-0.7366,,,7.2424,17.5473,10.0,0.0055,48.092,16.8119,72.2339,0.0,0.0,20.7853,24.9649,10.7448,54.7319,178.45,-21.9536,7.485,-3.4973,45.8904,8.8404,6.1474,10.0428,1.247,6.1496,1.2171,45.8904,6.1474,140.0,10.0866,16.1493,120.0,6.8763,164.141,,,,,,
2026-08-26 19:19:49,42.4964498,-82.8013109,18.9534,12.8877,104.1007,117.7069,,0.0,,,208.298,2.4169,-0.7402,,,,,,,,,,,,20.7997,25.9881,10.8979,56.753,179.6956,-21.9306,7.2993,-2.6853,45.9015,8.8743,6.1481,10.3182,1.2263,6.1586,1.1852,45.9015,6.1481,140.0,10.0891,16.1524,120.0,8.1061,164.0074,,1899.3313,,21661.418,,
2026-08-26 19:19:50,42.4964329,-82.8012342,,12.6933,105.9571,118.6351,,0.0,,,208.3795,2.4177,-0.7437,,,,,,,,,,,,20.7672,25.8271,10.8922,56.1629,180.0755,-21.9536,7.0509,-2.7803,46.1188,8.8999,6.163,10.5714,1.197,6.1653,1.1436,46.1188,6.163,140.0,10.1391,16.2133,120.0,9.709,164.154,,1900.1338,,21670.6044,,
2026-08-26 19:19:51,42.4964189,-82.8011567,19.2487,12.9265,107.3436,122.0671,,0.0,,,208.4595,2.4185,-0.7471,,,,,,,,,,,,20.7866,24.9829,10.68,55.2869,182.8782,-21.9536,7.1101,-2.929,46.1876,8.8622,6.1677,10.5374,1.2088,6.1554,1.1551,46.1876,6.1677,140.0,10.1549,16.2325,120.0,9.9403,165.2337,,1900.8407,,21678.8065,,
2026-08-26 19:19:52,42.4963973,-82.8010754,,13.082,106.7363,121.7921,,0.0,,,208.5424,2.419,-0.7506,,,,,,,,,,,,21.2498,24.1521,10.8437,53.3031,181.4396,-21.9765,7.3501,-2.413,45.7769,8.762,6.1396,10.303,1.2457,6.1287,1.1993,45.7769,6.1396,140.0,10.0605,16.1175,120.0,9.9202,166.4908,,,,,,
2026-08-26 19:19:53,42.4963762,-82.8009997,18.8222,12.8877,110.0881,121.2879,-53.2026,0.0,-12.5104,-0.3094,208.6271,2.4196,-0.7542,,,,,,,,,,,,22.6916,25.3419,12.2905,52.2077,179.2713,-21.9765,7.7983,-1.8318,46.6798,9.3104,6.2013,10.2201,1.2647,6.2691,1.2439,46.6798,6.2013,140.0,10.268,16.3703,120.0,7.0558,168.0619,,1902.2764,,21695.2107,,
2026-08-26 19:19:54,42.4963577,-82.800914,,13.6069,106.4326,121.4942,141.8277,0.0,-14.3505,-2.3902,208.7101,2.4203,-0.7577,,,,,,,,,,,,23.3627,24.964,12.683,51.0262,178.434,-21.9765,8.0914,-2.9853,49.1889,9.9972,6.3725,10.3521,1.2656,6.4273,1.2589,49.1889,6.3725,140.0,10.8446,17.0729,120.0,3.0271,170.1383,,1903.0868,,21704.397,,
2026-08-26 19:19:55,42.4963392,-82.8008362,18.9534,13.3153,108.3807,125.0752,,0.0,,,208.7945,2.421,-0.7613,,,,,,,,,,,,22.3689,27.0516,12.0113,57.8833,187.2011,-22.0051,8.0227,-2.307,49.9317,9.7099,6.4232,10.4296,1.2772,6.3633,1.2608,49.9317,6.4232,140.0,11.0154,17.2809,120.0,2.2004,171.527,,1903.8045,,21712.5991,,
2026-08-26 19:19:56,42.4963167,-82.8007575,,13.7429,112.9987,125.1267,160.5875,0.0,-16.0183,-1.6321,208.8821,2.4215,-0.765,,,7.2426,17.5473,10.0,0.0019,48.092,16.8119,76.5334,0.0,0.0,,,,,,-22.0051,7.7285,-1.648,48.4563,9.2351,6.3225,10.5848,1.2773,6.2506,1.2364,48.4563,6.3225,140.0,10.6763,16.8678,120.0,6.4418,172.7264,,,,,,
2026-08-26 19:19:57,42.4962923,-82.8006785,19.2159,13.5291,111.0507,,-218.1766,0.0,-5.9466,-0.3289,208.9716,2.4219,-0.7687,,,,,,,,,,,,20.1105,17.0954,8.1204,46.72,181.807,-22.0051,,-2.0144,42.1273,,5.8905,,,,,42.1273,5.8905,140.0,9.2218,15.0956,120.0,9.306,166.3699,,1905.1444,,21727.691,,
2026-08-26 19:19:58,42.4962715,-82.8005986,,13.1987,106.828,121.8551,-131.9304,0.0,-7.7173,0.8323,209.0586,2.4225,-0.7724,,,,,,,,,,,,21.1956,21.6387,9.8953,52.1727,181.5967,-22.0051,8.7454,-2.0048,42.3197,7.8381,5.9037,8.924,1.5267,5.8574,1.493,42.3197,5.9037,140.0,9.266,15.1495,120.0,9.3226,164.3617,,1905.9728,,21737.2054,,
2026-08-26 19:19:59,42.4962539,-82.8005179,19.3143,13.5097,108.6328,119.9357,78.0575,0.0,-9.8981,-2.4689,209.145,2.4234,-0.7761,,,,,,,,,,,,21.8988,23.6686,11.0153,52.9479,179.852,-21.9994,8.0851,-2.8847,45.4356,8.186,6.1163,9.6105,1.3985,5.9652,1.3554,45.4356,6.1163,140.0,9.9821,16.022,120.0,7.3658,166.4043,,,,,,
2026-08-26 19:20:00,42.4962345,-82.8004378,,13.7429,105.218,119.2367,-56.9325,0.0,-11.1971,-0.2421,209.2316,2.4241,-0.7798,,,7.2427,17.5473,10.0,0.0066,48.092,16.8119,71.9666,0.0,0.0,21.6164,24.1913,10.8773,54.5244,180.7981,-22.0051,8.2203,-2.809,46.3129,8.9031,6.1762,9.9279,1.3583,6.1661,1.3331,46.3129,6.1762,140.0,10.1837,16.2676,120.0,7.469,166.3699,,1907.6316,,21756.2343,,
2026-08-26 19:20:01,42.4962168,-82.8003555,19.3143,13.9179,102.8803,117.77,14.3148,0.0,,,209.3188,2.425,-0.7836,,,,,,,,,,,,21.1316,23.4549,10.2706,54.978,179.9619,,7.7896,-3.0389,45.563,8.9178,6.125,10.3382,1.3053,6.17,1.2625,45.563,6.125,140.0,10.0113,16.0576,120.0,8.9486,164.3337,,,,,,
2026-08-26 19:20:02,42.4961976,-82.800263,,13.9373,105.98,118.8471,-49.4417,0.0,-9.3597,-1.9718,209.4167,2.4259,-0.7878,,,,,,,,,,,,21.5332,23.2618,10.4293,54.6281,179.7118,-22.0051,8.0181,-2.9341,44.9302,8.7604,6.0818,10.1086,1.3475,6.1282,1.3084,44.9302,6.0818,140.0,9.8659,15.8805,120.0,9.7937,163.6808,,1909.3888,,21776.2474,,
2026-08-26 19:20:03,42.4961808,-82.8001804,19.2159,13.6263,106.2378,118.5434,,0.0,-9.5306,-0.2879,209.5038,2.4269,-0.7916,,,,,,,,,,,,21.6738,24.5307,10.8765,55.8264,180.2714,-21.9994,7.6461,-3.2732,45.5374,8.5678,6.1233,10.3294,1.3206,6.0755,1.2585,45.5374,6.1233,140.0,10.0055,16.0505,120.0,10.5468,164.1279,,1910.3061,,21786.7461,,
2026-08-26 19:20:04,42.4961641,-82.8000982,,13.4708,100.1186,116.7501,51.7656,0.0,-10.3845,-0.0053,209.5896,2.4278,-0.7954,,,7.2427,17.5473,10.0,0.0028,48.092,16.8119,73.1371,0.0,0.0,21.0441,26.5511,10.8449,60.1555,182.8079,-22.0051,7.6399,-3.3336,46.4783,8.8284,6.1875,10.4656,1.2978,6.1464,1.243,46.4783,6.1875,140.0,10.2217,16.3139,120.0,10.869,164.187,,,,,,
2026-08-26 19:20:05,42.496148,-82.8000195,19.3799,13.4319,105.7623,119.4602,205.5085,0.0,-13.1752,-2.0948,209.6726,2.4287,-0.799,,,,,,,,,,,,22.2168,26.6392,11.7703,57.8133,181.7848,-21.9994,7.3286,-3.4217,,9.2697,,11.0022,1.2346,6.2592,1.1709,,,,,,,,,,1912.0005,,21806.1031,,
2026-08-26 19:20:06,42.4961314,-82.7999372,,13.7041,106.1347,119.7925,-68.2496,0.0,-10.8056,-1.3504,209.7593,2.4296,-0.8027,,,,,,,,,,,,21.3108,23.6159,10.3606,55.4878,182.0026,-22.0051,7.1534,-3.6058,47.8388,9.2237,6.2804,11.1389,1.2207,6.2478,1.1449,47.8388,6.2804,140.0,10.5344,16.6949,120.0,9.9412,166.4991,,,,,,
2026-08-26 19:20:07,42.4961119,-82.7998547,19.2487,13.7429,110.111,,21.7472,0.0,-11.7023,0.6232,209.8391,2.4303,-0.8062,,,,,,,,,,,,20.7798,26.9982,10.5689,63.1951,187.7713,-21.9994,7.4414,-2.9997,46.1983,8.8691,6.1684,10.6898,1.2755,6.1572,1.2086,46.1983,6.1684,140.0,10.1574,16.2355,120.0,11.1636,165.6904,,1913.6854,,21825.1319,,
2026-08-26 19:20:08,42.4960943,-82.7997736,,13.2764,103.0178,119.3399,51.7415,0.0,-13.5399,-1.9261,,,,,,7.2428,17.5473,10.0,0.0048,48.092,16.8119,74.3564,0.0,0.0,22.327,26.5319,11.9167,56.8167,182.523,-22.0051,6.6857,,45.6979,8.9116,6.1342,11.2832,1.1965,6.1684,1.0839,45.6979,6.1342,140.0,10.0424,16.0954,120.0,13.6442,165.4586,,,,,,
2026-08-26 19:20:09,42.4960767,-82.799685,19.4455,13.6458,106.4384,119.8154,179.2785,0.0,-11.2197,-1.5912,209.9752,2.4317,-0.8121,,,,,,,,,,,,21.0538,23.143,10.1053,54.9699,181.8514,-21.9994,7.2473,-3.8722,47.4112,8.9961,6.2512,10.8351,1.2385,6.1903,1.1708,47.4112,6.2512,140.0,10.4361,16.5751,120.0,10.9668,167.2768,,1915.4256,,21845.1451,,
2026-08-26 19:20:10,42.4960578,-82.7996029,,13.2764,102.8517,119.9472,,0.0,,,210.105,2.4331,-0.8177,,,,,,,,,,,,20.373,24.4881,9.8562,58.9584,183.479,-22.0051,7.0491,-2.4495,44.7818,8.348,6.0717,10.641,1.2729,6.013,1.1723,44.7818,6.0717,140.0,9.8318,15.8389,120.0,12.2413,164.7423,,,,,,
2026-08-26 19:20:11,42.496041,-82.7995218,19.2487,12.9071,107.0285,118.2913,-90.7393,0.0,-10.5635,-0.691,210.1901,2.434,-0.8214,,,,,,,,,,,,20.3016,24.4559,9.8884,58.2068,181.5244,-21.9994,7.241,-3.7532,43.6532,8.328,5.9947,10.4201,1.2893,6.0072,1.2054,43.6532,5.9947,140.0,9.5725,15.5229,120.0,15.0752,162.5737,,1917.1582,,21864.8301,,
2026-08-26 19:20:12,42.4960249,-82.7994448,,13.3153,102.9433,116.3605,-225.7396,0.0,-9.3291,0.9676,210.2709,2.4349,-0.825,,,7.2429,17.5473,10.0,0.0043,48.092,16.8119,72.3552,0.0,0.0,21.634,25.4969,11.288,55.5886,178.7177,-21.9994,7.0808,-4.5538,43.2857,8.2534,5.9696,10.3991,1.2697,5.9853,1.183,43.2857,5.9696,140.0,9.488,15.42,120.0,14.0294,161.0986,,1918.0004,,21874.3445,,
2026-08-26 19:20:13,42.4960086,-82.799366,19.5768,13.257,102.4506,117.5121,70.4979,0.0,-12.1403,-1.4517,210.3534,2.4358,-0.8286,,,,,,,,,,,,,,,,,-21.9994,7.0306,-3.1879,45.2858,8.6805,6.1061,10.6906,1.2277,6.1066,1.1513,45.2858,6.1061,140.0,9.9476,15.98,120.0,11.5764,163.0306,,,,,,
2026-08-26 19:20:14,42.4959961,-82.7992872,,13.3153,102.3188,115.9021,-68.2221,0.0,-11.0917,-1.0097,210.4332,2.4369,-0.8321,,,,,,,,,,,,20.226,27.1902,10.4743,61.9288,184.2112,-22.0681,6.7568,-4.1518,44.9028,8.4956,6.08,10.8091,1.2148,6.0552,1.1159,44.9028,6.08,140.0,9.8596,15.8728,120.0,14.4277,162.1187,,1919.7838,,21894.6857,,
2026-08-26 19:20:15,42.4959839,-82.7992034,19.6424,13.3153,102.1011,112.8597,-53.2129,0.0,-8.6431,-0.0768,210.5088,2.4381,-0.8355,,,,,,,,,,,,20.3003,22.9521,9.6276,55.3109,177.7937,-22.0051,6.802,-4.3623,43.1033,8.0911,5.9571,10.5114,1.2556,5.9365,1.1458,43.1033,5.9571,140.0,9.4461,15.3689,120.0,14.6348,158.3876,,,,,,
2026-08-26 19:20:16,42.4959734,-82.7991161,,13.0432,97.271,112.069,-56.9772,0.0,-10.531,-1.7869,210.5954,2.4394,-0.8395,,,7.243,17.5473,10.0,0.0046,48.092,16.8119,71.6775,0.0,0.0,19.3164,28.4861,9.9209,68.2228,185.2559,-22.028,6.1816,-5.1878,44.1023,8.5602,6.0253,11.1497,1.1651,6.0734,1.0178,44.1023,6.0253,140.0,9.6757,15.6486,120.0,18.0404,157.1259,,1921.9059,,21918.964,,
2026-08-26 19:20:17,42.495964,-82.7990364,19.5112,12.9849,100.3077,,40.5345,0.0,-11.4416,-0.07,210.6729,2.4408,-0.843,,,,,,,,,,,,21.2433,26.2504,11.2414,56.7016,174.4803,-22.028,6.4697,-4.7528,46.0249,8.8864,6.1566,11.2739,1.1617,6.1618,1.05,46.0249,6.1566,140.0,10.1175,16.187,120.0,13.4291,159.0047,,1922.8909,,21930.1188,,
2026-08-26 19:20:18,42.495955,-82.7989566,,13.0237,97.3742,113.6676,,0.0,,,210.751,2.4421,-0.8466,,,,,,,,,,,,19.9605,30.0427,10.8267,67.369,184.408,-22.028,5.782,-5.0239,45.9924,8.8406,6.1543,11.5277,1.1243,6.1497,0.9402,45.9924,6.1543,140.0,10.11,16.1779,120.0,17.6999,159.2164,,,,,,
2026-08-26 19:20:19,42.4959427,-82.7988773,19.7408,12.4795,100.2447,114.2176,141.7624,0.0,-11.224,-2.2788,,,,,,,,,,,,,,,21.0136,28.2363,11.3876,60.8126,179.4639,-22.028,,,46.113,,6.1626,,,,,46.113,6.1626,140.0,10.1377,16.2116,120.0,16.5927,160.0021,,1924.8542,,21952.7566,,
2026-08-26 19:20:20,42.4959339,-82.7987983,,12.8682,101.7745,113.467,-113.2428,0.0,-9.992,0.5944,210.8691,2.444,-0.852,,,7.243,17.5473,10.0,0.0041,48.092,16.8119,72.6356,0.0,0.0,19.737,29.6826,10.6778,66.2517,183.7293,-22.028,5.7481,-4.2507,46.1436,8.7927,6.1647,11.4932,1.1219,6.1369,0.9366,46.1436,6.1647,140.0,10.1448,16.2202,120.0,18.283,159.9857,,1925.9008,,21964.5676,,
2026-08-26 19:20:21,42.4959247,-82.7987213,19.6424,12.5572,93.4551,113.0144,-270.7397,0.0,-10.2786,0.9336,210.9464,2.4452,-0.8555,,,,,,,,,,,,20.079,30.3817,11.1791,65.2857,182.4582,-21.9994,5.66,-4.555,46.3309,8.9672,6.1774,11.6493,1.1001,6.1828,0.9154,46.3309,6.1774,140.0,10.1878,16.2727,120.0,18.8277,158.7593,,,,,,
2026-08-26 19:20:22,42.4959205,-82.7986456,,12.2462,93.3692,110.0522,-90.7462,0.0,-10.0768,-1.492,211.0188,2.4467,-0.8589,,,,,,,,,,,,20.1066,29.6829,11.1891,62.8568,177.7673,,5.2028,-5.7449,46.4255,8.9561,6.1839,11.811,1.0658,6.1799,0.8419,46.4255,6.1839,140.0,10.2096,16.2991,120.0,17.3842,157.3072,,1928.0352,,21988.8458,,
2026-08-26 19:20:23,42.4959177,-82.7985705,19.872,11.7991,95.4433,108.0812,96.7588,0.0,-8.449,-0.2823,211.0879,2.4482,-0.8622,,,,,,,,,,,,18.8426,29.0131,10.1284,64.4623,177.0428,-22.0051,5.4805,-5.591,,8.8808,,11.5553,1.0621,6.1603,0.8897,,,,,,,,,,1929.1852,,22001.9692,,
2026-08-26 19:20:24,42.4959152,-82.7984905,,11.6436,91.7707,106.6832,-83.2382,0.0,-9.4384,-0.0653,211.157,2.4497,-0.8655,,,7.2431,17.5473,10.0,0.0027,48.092,16.8119,72.4322,0.0,0.0,18.2343,32.5912,10.4425,70.1448,180.6726,-22.0051,5.0784,-5.3389,45.3792,8.7237,6.1125,11.5833,1.0432,6.1183,0.83,45.3792,6.1125,140.0,9.9691,16.0062,120.0,19.2465,154.3651,,,,,,
2026-08-26 19:20:25,42.4959162,-82.7984201,19.6424,11.1771,91.0315,107.9265,,0.0,,,211.2507,2.4522,-0.8701,,,,,,,,,,,,17.535,31.6048,9.7968,69.7168,179.9239,-22.0051,4.3253,-5.7503,45.0321,8.5655,6.0888,11.7319,1.0053,6.0749,0.712,45.0321,6.0888,140.0,9.8893,15.909,120.0,23.2173,152.6938,,1931.3821,,22026.9036,,
2026-08-26 19:20:26,42.4959141,-82.79835,,11.6436,94.8532,108.9865,29.2655,0.0,-8.6047,-0.2681,211.314,2.4537,-0.8732,,,,,,,,,,,,17.094,33.3635,9.8153,73.2904,183.6712,-22.0051,3.8624,-5.7387,43.5948,8.208,5.9907,11.5316,1.0037,5.9718,0.6468,43.5948,5.9907,140.0,9.559,15.5065,120.0,26.1962,151.3403,,1932.4485,,22039.3708,,
2026-08-26 19:20:27,42.4959117,-82.7982807,19.4455,11.0604,87.7829,107.2046,18.0069,0.0,-9.3272,-0.9315,211.3777,2.4551,-0.8763,,,,,,,,,,,,17.294,37.7292,10.8596,77.0335,186.353,-22.0051,3.5386,-4.9589,43.6031,8.3467,5.9913,11.7845,0.9701,6.0126,0.5885,43.6031,5.9913,140.0,9.561,15.5089,120.0,28.0698,152.0331,,,,,,
2026-08-26 19:20:28,42.4959137,-82.7982142,,10.9438,93.3291,,-72.0002,0.0,-10.9464,-0.0067,211.4349,2.4568,-0.8791,,,7.2432,17.5473,10.0,0.0044,48.092,16.8119,72.3938,0.0,0.0,17.6518,34.734,10.6124,71.3879,181.0494,-21.9994,3.0224,-6.091,45.6743,8.8002,6.1326,12.4561,0.9023,6.1389,0.4923,45.6743,6.1326,140.0,10.0369,16.0888,120.0,28.9622,153.4146,,1934.5672,,22063.3209,,
2026-08-26 19:20:29,42.4959086,-82.7981426,19.6424,11.0993,93.1744,108.6828,40.5585,0.0,-9.781,0.0783,211.5015,2.4582,-0.8823,,,,,,,,,,,,16.733,36.7257,10.2559,77.3274,187.0667,-21.9994,3.2958,-4.9084,45.4954,8.7087,6.1204,12.2349,0.9153,6.1143,0.539,45.4954,6.1204,140.0,9.9958,16.0387,120.0,27.3833,153.6653,,1935.5521,,22074.4758,,
2026-08-26 19:20:30,42.4959069,-82.7980756,,10.5162,92.2806,107.8807,-161.9626,0.0,-7.4277,-0.5378,,,,,,,,,,,,,,,17.1721,33.9893,10.1699,70.725,180.5065,-21.9994,2.8784,,44.4054,8.4322,6.046,12.097,0.9132,6.0373,0.4768,44.4054,6.046,140.0,9.7453,15.7335,120.0,30.6766,152.3747,,,,,,
2026-08-26 19:20:31,42.4959059,-82.7980099,19.4455,10.5356,91.8337,106.6832,-53.1854,0.0,-7.1005,1.4308,211.5928,2.4604,-0.8867,,,,,,,,,,,,16.518,37.8876,10.4092,77.0372,184.995,-22.0051,3.2128,-5.2702,44.4016,8.4663,6.0458,11.9813,0.9112,6.047,0.5313,44.4016,6.0458,140.0,9.7445,15.7325,120.0,28.1125,151.5094,,1937.6032,,22098.0978,,
2026-08-26 19:20:32,,,,,,107.0957,,,,,211.6505,2.4619,-0.8896,,,7.2433,17.5473,10.0,0.0051,48.092,16.8119,72.0838,0.0,0.0,18.0024,38.8945,11.8574,72.4176,182.0491,-21.8504,2.853,-4.7604,45.9386,8.9368,6.1507,12.6142,0.8516,6.1749,0.462,45.9386,6.1507,140.0,10.0977,16.1628,120.0,28.9006,152.8835,,1938.7226,,22110.8931,,
2026-08-26 19:20:33,42.495907,-82.7979401,19.2159,9.9913,91.3295,107.6802,59.3046,0.0,-10.8012,-0.5724,211.7048,2.4634,-0.8923,,,,,,,,,,,,15.0897,39.1748,9.6843,79.8244,188.115,-21.7874,2.2814,-5.5732,46.3984,8.8027,6.1821,12.7019,0.8153,6.1396,0.3716,46.3984,6.1821,140.0,10.2034,16.2916,120.0,29.5892,153.9866,,1939.7099,,22122.048,,
2026-08-26 19:20:34,42.4959077,-82.797879,,10.3801,94.538,110.31,123.037,0.0,-10.5376,-0.4825,211.758,2.4648,-0.895,,,,,,,,,,,,,,,,,-21.7874,2.1513,-5.1724,42.592,7.9494,5.9222,11.7121,0.8723,5.8927,0.3651,42.592,5.9222,140.0,9.3286,15.2258,120.0,35.1901,151.4009,,1940.5585,,22131.5624,,
2026-08-26 19:20:35,42.4959047,-82.7978152,19.5112,9.8553,98.5029,112.8712,145.5164,0.0,-8.8931,0.9072,211.816,2.4661,-0.8978,,,,,,,,,,,,15.0672,37.2535,9.3151,78.2778,189.3126,-21.7874,2.1285,-5.0164,42.9979,8.2117,5.95,12.0263,0.8187,5.9729,0.3564,42.9979,5.95,140.0,9.4219,15.3394,120.0,34.6293,154.0564,,1941.2388,,22139.4364,,
2026-08-26 19:20:36,42.4959,-82.7977559,,9.4665,94.7328,118.5492,261.7535,0.0,-7.7882,0.904,211.8703,2.4673,-0.9004,,,7.2434,17.5473,10.0,0.0051,48.092,16.8119,72.0887,0.0,0.0,15.6712,39.6169,10.2917,76.1571,189.9036,-21.7874,,-4.6987,44.133,,6.0274,,,,,44.133,6.0274,140.0,9.6827,15.6572,120.0,30.3739,158.701,,1941.9239,,22147.3104,,
2026-08-26 19:20:37,42.4958922,-82.7977,19.4455,9.6026,101.6599,131.5324,752.9387,0.0,-9.9632,2.7916,211.9253,2.4681,-0.9029,,,,,,,,,,,,16.376,37.3819,10.654,68.9381,189.8527,-21.352,2.7097,-3.4053,45.3965,8.4663,6.1137,12.0142,0.7856,6.0469,0.4481,45.3965,6.1137,140.0,9.9731,16.011,120.0,26.8317,165.5523,,1942.2543,,22150.9193,,
2026-08-26 19:20:38,42.49588,-82.7976489,,7.9114,101.9177,,644.079,0.0,-11.0769,3.5456,212.0022,2.4689,-0.9062,,,,,,,,,,,,17.01,39.3385,11.8307,65.7014,199.1438,-21.352,2.7543,-2.7636,47.3242,8.8805,6.2452,12.3307,0.7224,6.1602,0.4471,47.3242,6.2452,140.0,10.4161,16.5508,120.0,20.6353,179.1658,,1942.3942,,22152.5598,,
2026-08-26 19:20:39,42.4958684,-82.797604,19.6424,6.5313,101.9177,144.974,,0.0,,,212.0425,2.4689,-0.9078,,,,,,,,,,,,16.4599,34.0315,11.3467,54.2762,203.7589,-21.3348,3.0353,-2.1603,47.9036,9.1784,6.2848,12.124,0.6402,6.2366,0.4867,47.9036,6.2848,140.0,10.5492,16.713,120.0,9.8642,194.1358,,1942.2543,,22150.9193,,
2026-08-26 19:20:40,42.495847746102044,-82.79757313175486,,6.0453,101.9177,161.5382,887.7809,0.0,-8.4541,0.9215,212.0671,2.4683,-0.9086,,,7.2434,17.5473,10.0,0.0022,48.092,16.8119,74.3516,0.0,0.0,16.0815,30.9746,11.3799,46.6599,212.2495,-19.9482,3.8889,-1.8816,,9.3994,,10.5624,0.6345,6.2907,0.6182,,,,,,,,,,1941.6958,,22144.6857,,
2026-08-26 19:20:41,42.495830498539355,-82.79756313594217,19.4455,4.5291,148.27,178.0852,891.4146,0.0,-7.0941,1.0507,212.0899,2.4676,-0.9093,,,,,,,,,,,,18.5442,24.8886,14.4458,32.7012,215.4394,-19.1518,3.81,2.134,48.5739,10.0182,6.3305,8.9358,0.6063,6.4396,0.5917,48.5739,6.3305,140.0,10.7033,16.9007,120.0,0.0686,210.0767,,1941.17,,22138.7802,,
2026-08-26 19:20:42,42.495812497704605,-82.79755735187211,,4.5486,166.2666,191.4867,775.1088,0.0,-4.7678,0.4387,212.1063,2.4667,-0.9096,,,,,,,,,,,,15.2375,19.889,11.2694,27.3865,224.9809,-0.5937,,3.1638,50.0,,6.7019,,,,,50.0,6.7019,143.8756,11.9582,18.2301,120.0,-13.6829,227.1201,,1940.573,,22131.8905,,
2026-08-26 19:20:43,42.49579654622554,-82.79755740862709,19.3799,2.8186,173.0161,204.1834,568.8268,0.0,-2.0207,-5.461,212.1087,2.466,-0.9094,,,,,,,,,,,,16.6062,-23.3724,14.2974,-27.4366,181.4213,,,1.6557,50.0,,6.558,,,,,50.0,6.558,141.8401,11.4713,17.7416,120.0,-25.2448,241.0105,,1940.1361,,22126.9692,,
2026-08-26 19:20:44,42.49578581341745,-82.79756423613726,,3.5572,177.1929,212.2736,535.1815,0.0,-3.5822,-2.4427,,,,,,7.2435,17.5473,10.0,0.0043,48.092,16.8119,67.0519,0.0,0.0,12.8761,-34.9073,10.9828,-42.1362,177.2877,34.139,,,-49.9454,,6.4241,,,,,-49.9454,6.4241,-140.0,11.0185,17.2847,-120.0,39.1503,152.4963,,,,,,
2026-08-26 19:20:45,42.495775156519564,-82.79758262239038,18.9534,1.9633,183.2606,221.7904,347.8931,0.0,-1.9324,-1.4502,212.1035,2.4647,-0.9087,,,,,,,,,,,,14.0541,-36.9282,12.2822,-43.4317,182.2735,34.013,,2.1006,-47.263,,6.2411,,,,,-47.263,6.2411,-140.0,10.402,16.5336,-120.0,16.6133,164.9277,,1939.0369,,22114.502,,
2026-08-26 19:20:46,42.4957651,-82.797603,,2.527,210.8256,227.2622,,0.0,3.2386,2.2978,212.0929,2.4638,-0.908,,,,,,,,,,,,13.3567,-39.4545,11.4467,-47.8589,179.8943,34.013,,2.5704,-49.5103,,6.3945,,,,,-49.5103,6.3945,-140.0,10.9185,17.1629,-120.0,10.8491,169.039,,,,,,
2026-08-26 19:20:47,42.4957554,-82.7976231,19.2159,3.4989,229.9681,228.6889,295.4262,0.0,2.7671,0.0686,212.0826,2.4628,-0.9072,,,,,,,,,,,,,,,,,34.5229,,2.643,-48.7165,,6.3403,,,,,-48.7165,6.3403,-140.0,10.7361,16.9406,-120.0,4.3635,176.1887,,1937.95,,22102.0348,,
2026-08-26 19:20:48,42.4957425,-82.7976403,,3.0518,224.9031,230.0582,85.5105,0.0,,,212.0771,2.4617,-0.9066,,,7.2436,17.5473,10.0,0.0023,48.092,16.8119,72.1137,0.0,0.0,13.7516,-33.0488,11.3287,-41.452,187.4448,36.0584,,2.7676,-46.6267,,6.1976,,,,,-46.6267,6.1976,-140.0,10.2558,16.3555,-120.0,2.7215,180.9683,,1937.3499,,22095.1451,,
2026-08-26 19:20:49,42.4957268,-82.7976594,19.3143,4.1987,224.5192,,-94.4521,0.0,3.3567,-0.479,212.0721,2.4605,-0.9059,,,,,,,,,,,,14.6361,-34.1391,11.7864,-44.1782,186.1028,36.0756,2.5659,3.396,-47.8866,9.2408,6.2836,8.7196,0.4184,6.252,0.4104,-47.8866,6.2836,-140.0,10.5453,16.7082,-120.0,3.3928,180.7584,,,,,,
2026-08-26 19:20:50,42.4957107,-82.7976858,,4.1209,227.5559,228.706,261.8325,0.0,3.527,5.983,212.0609,2.459,-0.905,,,,,,,,,,,,12.0279,-42.4794,9.5122,-58.6418,170.6638,35.9782,2.5832,3.7067,-44.3712,8.5291,6.0437,9.4153,0.4326,6.0647,0.4259,-44.3712,6.0437,-140.0,9.7375,15.7239,-120.0,-6.8544,184.8552,,1935.8611,,22078.0847,,
2026-08-26 19:20:51,42.4956973,-82.79771,19.5112,4.4708,223.9921,229.3821,-86.8753,0.0,3.4823,-2.2306,212.0497,2.4578,-0.9041,,,,,,,,,,,,15.71,-31.1961,12.1754,-41.9388,188.8497,36.4595,,4.1992,-48.2599,,6.3091,,,,,-48.2599,6.3091,-140.0,10.6311,16.8128,-120.0,0.7868,180.6579,,1935.1164,,22069.5545,,
2026-08-26 19:20:52,42.4956815,-82.7977365,,5.2484,226.5876,228.156,224.3508,0.0,3.9174,4.3736,212.0382,2.4564,-0.9031,,,7.2437,17.5473,10.0,0.0043,48.092,16.8119,71.2562,0.0,0.0,13.9106,-42.5344,10.7924,-60.6167,168.3705,35.7261,2.9425,4.2654,-46.6834,9.4854,6.2015,9.5544,0.4676,6.3112,0.4662,-46.6834,6.2015,-140.0,10.2689,16.3714,-120.0,-7.9394,181.9981,,,,,,
2026-08-26 19:20:53,42.4956659,-82.797763,19.5768,5.2289,225.6652,228.855,10.6295,0.0,3.8429,-2.6261,212.0266,2.455,-0.9021,,,,,,,,,,,,15.278,-33.8415,11.3278,-48.6855,181.1101,36.9293,2.8519,4.8613,-47.2129,9.0492,6.2376,10.4184,0.4746,6.2039,0.4597,-47.2129,6.2376,-140.0,10.3905,16.5196,-120.0,-4.9351,181.3378,,1933.6002,,22052.4941,,
2026-08-26 19:20:54,42.4956494,-82.7977953,,5.987,225.9975,229.0326,243.1484,0.0,4.8937,3.2364,212.0105,2.4534,-0.9009,,,,,,,,,,,,13.8089,-45.2241,10.5675,-68.0644,161.2316,35.6631,3.3079,5.5862,-45.9401,9.1167,6.1508,10.15,0.5423,6.2211,0.5317,-45.9401,6.1508,-140.0,10.098,16.1632,-120.0,-14.8618,182.9994,,1932.7852,,22042.9797,,
2026-08-26 19:20:55,42.4956363,-82.7978288,19.6424,6.2592,229.8592,228.5972,,0.0,,,211.9909,2.4519,-0.8995,,,,,,,,,,,,16.6075,-36.0503,12.1516,-53.5418,176.2182,37.9434,2.7883,5.4007,,8.8931,,11.3611,0.5108,6.1635,0.4524,,,,,,,,,,1931.8602,,22032.481,,
2026-08-26 19:20:56,42.4956201,-82.7978637,,6.5313,229.1258,228.8607,14.4282,0.0,6.5124,1.7126,211.9723,2.4503,-0.8982,,,7.2437,17.5473,10.0,0.0038,48.092,16.8119,71.7946,0.0,0.0,14.6874,-51.5313,11.8224,-76.5775,152.2152,36.0985,3.3131,6.1431,-49.7815,10.0318,6.413,11.4878,0.5373,6.4483,0.5138,-49.7815,6.413,-140.0,10.9808,17.2388,-120.0,-7.2578,179.1209,,1930.9139,,22021.6542,,
2026-08-26 19:20:57,42.4956027,-82.7978999,19.872,6.8618,225.4474,224.4776,-289.2864,0.0,5.3378,-4.0395,211.9534,2.4485,-0.8968,,,,,,,,,,,,18.29,-36.8113,13.5395,-54.0384,172.5903,37.0955,2.7098,6.2688,-48.9815,9.7327,6.3584,12.3494,0.524,6.3685,0.4255,-48.9815,6.3584,-140.0,10.797,17.0148,-120.0,-16.8374,179.6889,,1929.9501,,22010.8275,,
2026-08-26 19:20:58,42.4955835,-82.7979308,,6.9201,224.7026,220.6961,-176.7518,0.0,4.5572,4.5982,211.9404,2.4468,-0.8957,,,,,,,,,,,,15.7276,-47.0113,12.1443,-71.3196,151.4351,35.7891,3.1761,6.8349,-50.0,10.2429,6.5754,12.5378,0.5255,6.584,0.4824,-50.0,6.5754,-142.086,11.5301,17.8006,-120.0,-10.3218,176.7825,,,,,,
2026-08-26 19:20:59,42.4955638,-82.7979577,19.5768,6.8229,218.274,221.1315,130.7753,0.0,5.1338,0.538,211.9318,2.4454,-0.8948,,,,,,,,,,,,16.4034,-43.5156,12.5055,-64.5778,156.0392,36.0985,3.0518,6.5526,-50.0,10.2961,6.5915,12.8847,0.5218,6.6182,0.4611,-50.0,6.5915,-142.3148,11.5848,17.8555,-120.0,-14.2407,173.5743,,1899.0489,,21991.4705,,
2026-08-26 19:21:00,42.495545,-82.7979821,19.3143,7.095,221.5685,,119.5476,0.0,4.9174,-2.0804,211.9246,2.4438,-0.894,,,7.2438,17.5473,10.0,0.0028,48.092,16.8119,72.0652,0.0,0.0,17.9801,-38.7037,13.3572,-57.3211,165.3241,36.8434,2.956,6.7849,-50.0,10.242,6.5889,12.8708,0.5198,6.5834,0.449,-50.0,6.5889,-142.2772,11.5758,17.8465,-120.0,-13.1659,171.5023,,1877.0144,,21980.6437,,
2026-08-26 19:21:01,42.4955249,-82.7980109,,6.9395,224.7484,223.7958,,0.0,,,211.9145,2.4422,-0.893,,,,,,,,,,,,16.9602,-41.0471,12.4838,-63.145,161.1441,36.8434,3.3167,6.8231,-50.0,10.2931,6.6347,12.6192,0.5424,6.6163,0.5013,-50.0,6.6347,-142.9246,11.7307,18.0019,-120.0,-11.0212,172.509,,,,,,
2026-08-26 19:21:02,42.4955013,-82.7980466,19.0846,7.3088,229.0571,226.4486,198.3099,0.0,5.4582,0.9747,211.901,2.4401,-0.8917,,,,,,,,,,,,16.6241,-39.1048,11.813,-62.5756,164.0518,36.9923,3.2303,7.0768,-50.0,10.1923,6.5783,12.6863,0.564,6.5515,0.4931,-50.0,6.5783,-142.1274,11.54,17.8106,-120.0,-12.4041,174.5619,,1750.1517,,21957.3498,,
2026-08-26 19:21:03,42.4954808,-82.7980845,,7.6199,230.9478,227.5773,22.0635,0.0,5.4999,-0.1557,211.8829,2.4382,-0.8903,,,,,,,,,,,,15.6683,-42.0682,11.1537,-70.2561,156.9312,37.0955,3.2832,7.1585,-50.0,9.8522,6.4364,12.2722,0.6078,6.3954,0.5134,-50.0,6.4364,-140.1199,11.0597,17.3288,-120.0,-13.4176,176.6235,,,,,,
2026-08-26 19:21:04,42.4954595,-82.7981247,19.2487,8.0864,231.051,226.907,-64.1621,0.0,7.0264,0.2904,211.8443,2.4352,-0.8876,,,7.2439,17.5473,10.0,0.0028,48.092,16.8119,71.8858,0.0,0.0,,,,,,37.0955,3.0227,7.7027,-48.2816,9.4594,6.3106,12.3985,0.6368,6.305,0.4794,-48.2816,6.3106,-140.0,10.6361,16.8188,-120.0,-18.8276,178.9274,,1599.6358,,21931.7592,,
2026-08-26 19:21:05,42.4954406,-82.798173,,8.5529,232.2198,226.6606,-67.8921,0.0,7.6061,-0.3209,,,,,,,,,,,,,,,15.4989,-43.1896,11.054,-73.6622,152.7046,37.6455,2.8888,,-47.4537,9.3373,6.2541,12.5265,0.6626,6.2757,0.4603,-47.4537,6.2541,-140.0,10.4459,16.587,-120.0,-22.5741,179.6469,,,,,,
2026-08-26 19:21:06,42.4954199,-82.7982198,19.3799,8.4751,231.3604,225.7954,52.1162,0.0,7.184,3.1049,211.8088,2.4319,-0.885,,,,,,,,,,,,17.2586,-39.8918,12.0368,-66.8635,158.6374,,3.0026,8.0551,-48.6924,9.6969,6.3386,12.7902,0.666,6.3604,0.4721,-48.6924,6.3386,-140.0,10.7305,16.9339,-120.0,-20.3636,177.7782,,1512.7506,,21903.544,,
2026-08-26 19:21:07,42.495397,-82.7982667,,8.6695,228.9711,223.4463,,0.0,,,211.7841,2.4297,-0.8833,,,,,,,,,,,,17.102,-40.7985,11.9392,-69.3823,154.9595,37.5424,3.2841,8.2356,-49.7809,9.9402,6.4129,12.7919,0.6792,6.4148,0.512,-49.7809,6.4129,-140.0,10.9807,17.2387,-120.0,-18.4308,175.1966,,1498.7005,,21888.4521,,
2026-08-26 19:21:08,42.4953748,-82.7983159,19.3799,8.8056,228.5357,222.1686,82.1484,0.0,7.4129,1.8676,211.757,2.4274,-0.8814,,,7.244,17.5473,10.0,0.0035,48.092,16.8119,72.0588,0.0,0.0,17.5263,-40.7718,12.2768,-68.7948,153.5812,37.3533,3.4776,8.4383,-50.0,10.0968,6.4767,12.9305,0.682,6.4901,0.5358,-50.0,6.4767,-140.6898,11.1961,17.4656,-120.0,-17.6357,173.713,,1470.2114,,21873.6884,,
2026-08-26 19:21:09,42.4953477,-82.7983596,,8.8833,229.4696,221.3149,-30.3312,0.0,7.2963,1.3756,211.7401,2.4253,-0.8799,,,,,,,,,,,,17.5514,-39.579,12.0938,-67.6181,153.0867,37.5653,,8.4603,-50.0,,6.462,,,,,-50.0,6.462,-140.483,11.1466,17.4159,-120.0,-17.4179,172.5767,,,,,,
2026-08-26 19:21:10,42.4953159,-82.7984087,19.3143,9.3499,228.2664,,-22.8198,0.0,8.0235,-0.6515,211.7221,2.4225,-0.8782,,,,,,,,,,,,18.211,-38.8515,12.4932,-66.1218,153.4272,37.5653,3.3967,8.6994,-50.0,10.0582,6.5052,12.9735,0.694,6.4653,0.5254,-50.0,6.5052,-141.0938,11.2927,17.5625,-120.0,-16.6226,171.7193,,1419.0883,,21842.5204,,
2026-08-26 19:21:11,42.495286,-82.7984515,,9.3693,227.1606,221.2175,-60.3084,0.0,7.0031,-0.7089,211.7023,2.4201,-0.8765,,,,,,,,,,,,17.4273,-39.5404,11.897,-68.8366,150.8809,37.5424,3.6151,8.9702,-50.0,10.1053,6.5078,12.9339,0.7052,6.4956,0.5565,-50.0,6.5078,-141.1311,11.3016,17.5715,-120.0,-16.7337,171.3398,,,,,,
2026-08-26 19:21:12,42.4952615,-82.7984957,19.4455,9.2138,230.329,220.2664,243.4406,0.0,7.6194,3.2542,211.6732,2.4165,-0.8741,,,7.244,17.5473,10.0,0.0036,48.092,16.8119,72.2898,0.0,0.0,18.5456,-38.5314,12.7291,-65.1754,153.5384,38.3617,3.8592,8.6841,-50.0,10.2167,6.5458,12.9954,0.7073,6.5672,0.5876,-50.0,6.5458,-141.6674,11.43,17.7002,-120.0,-16.0922,170.9306,,1451.8174,,21812.3367,,
2026-08-26 19:21:13,42.4952363,-82.7985405,,9.136,229.1086,221.6873,,0.0,,,211.6525,2.4142,-0.8724,,,,,,,,,,,,20.144,-38.2671,14.1352,-61.9577,157.2851,39.1066,3.511,9.0252,-50.0,10.2221,6.7205,13.3032,0.6893,6.5707,0.5343,-50.0,6.7205,-144.1379,12.021,18.2931,-120.0,-15.3075,171.3342,,,,,,
2026-08-26 19:21:14,42.4952113,-82.7985866,19.5768,9.7386,234.5403,223.4005,138.4449,0.0,8.5647,1.8105,211.6284,2.4118,-0.8706,,,,,,,,,,,,18.1454,-40.5452,12.5836,-69.6132,151.1067,38.2357,3.7633,8.6695,,10.4132,,13.5346,0.6832,6.6935,0.5622,,,,,,,,,,1347.2129,,21782.1529,,
2026-08-26 19:21:15,42.4951843,-82.7986342,,9.5443,231.3031,221.4581,-127.7948,0.0,7.7467,-2.0099,211.6065,2.4093,-0.8689,,,,,,,,,,,,18.3398,-38.7065,12.3676,-68.0179,152.0195,39.1524,3.9355,9.1021,-50.0,10.3338,6.64,13.3231,0.7183,6.6425,0.5925,-50.0,6.64,-143.0002,11.7488,18.02,-120.0,-16.941,172.4341,,1401.558,,21766.4049,,
2026-08-26 19:21:16,42.4951584,-82.7986871,19.5768,9.0194,234.059,222.753,22.225,0.0,8.8462,0.6001,211.581,2.407,-0.8671,,,7.2441,17.5473,10.0,0.0007,48.092,16.8119,71.5121,0.0,0.0,19.5871,-37.5431,13.4705,-62.3813,157.842,37.3017,3.2501,7.8457,-50.0,10.1226,6.5275,13.3525,0.7016,6.5067,0.4995,-50.0,6.5275,-141.4094,11.3682,17.6383,-120.0,-17.9653,172.4679,,,,,,
2026-08-26 19:21:17,42.495133,-82.7987341,,8.9805,234.907,223.9448,277.2302,0.0,6.016,3.3536,211.5568,2.4046,-0.8653,,,,,,,,,,,,17.224,-39.645,11.7107,-69.786,151.3898,37.6627,4.0977,8.7505,-50.0,10.2851,6.629,12.9738,0.717,6.6111,0.6198,-50.0,6.629,-142.8443,11.7115,17.9826,-120.0,-14.7867,172.5364,,1432.6311,,21735.8931,,
2026-08-26 19:21:18,42.4951078,-82.7987857,19.5112,9.311,234.6262,225.6006,138.4862,0.0,8.2914,-0.3659,211.5289,2.4022,-0.8633,,,,,,,,,,,,19.1713,-39.9843,13.4554,-66.2835,156.4242,38.6425,3.6481,8.7054,-50.0,10.0838,6.4635,12.9089,0.7184,6.4818,0.5628,-50.0,6.4635,-140.5032,11.1514,17.4208,-120.0,-16.3608,173.073,,1451.6423,,21720.1451,,
2026-08-26 19:21:19,42.4950849,-82.7988423,,10.0302,236.0414,225.5662,-187.7594,0.0,9.2032,-0.9331,211.4953,2.3996,-0.8611,,,,,,,,,,,,19.5743,-39.8947,13.6671,-66.7222,157.3244,38.5336,3.6359,8.6793,-50.0,10.309,6.6228,13.4538,0.6954,6.6265,0.5487,-50.0,6.6228,-142.7562,11.6904,17.9615,-120.0,-16.3934,174.7587,,1364.5449,,21703.7409,,
2026-08-26 19:21:20,42.4950617,-82.7988971,19.5112,9.622,239.8688,226.7236,,0.0,,,211.4621,2.3972,-0.8589,,,7.2442,17.5473,10.0,0.0041,48.092,16.8119,72.1235,0.0,0.0,,,,,,38.6654,3.6745,9.1448,-50.0,10.4449,6.7008,13.8588,0.7032,6.7139,0.5473,-50.0,6.7008,-143.8599,11.9545,18.2264,-120.0,-18.1375,175.5685,,,,,,
2026-08-26 19:21:21,42.4950404,-82.7989565,,10.0691,234.1908,,153.4816,0.0,8.2958,1.9526,211.4259,2.3947,-0.8566,,,,,,,,,,,,17.4943,-43.2527,12.3812,-75.5113,149.6839,39.5878,3.2595,8.7734,-50.0,10.3407,6.6255,13.9247,0.6901,6.6469,0.4904,-50.0,6.6255,-142.7954,11.6998,17.9709,-120.0,-20.9352,176.0857,,1265.2529,,21670.9325,,
2026-08-26 19:21:22,42.4950141,-82.7990129,19.708,9.4665,243.0602,223.7958,89.7218,0.0,7.8864,3.6781,211.3927,2.3921,-0.8544,,,,,,,,,,,,19.0854,-39.1516,12.917,-68.8889,154.1873,37.0554,3.0216,9.1247,-50.0,10.2192,6.5968,13.8749,0.716,6.5687,0.46,-50.0,6.5968,-142.3897,11.6028,17.8735,-120.0,-20.4315,174.8949,,,,,,
2026-08-26 19:21:23,42.4949895,-82.7990701,,10.3412,234.9643,225.8183,,0.0,,,211.3601,2.3895,-0.8522,,,,,,,,,,,,19.8575,-39.7087,13.9278,-65.6284,157.6794,39.6337,3.4253,9.1764,-50.0,10.4551,6.6918,14.1312,0.6978,6.7204,0.5097,-50.0,6.6918,-143.7331,11.9241,18.1959,-120.0,-20.8993,175.5467,,1305.7565,,21636.4836,,
2026-08-26 19:21:24,42.4949635,-82.7991361,19.6424,10.5939,236.5284,226.0189,-45.2751,0.0,8.752,-2.9704,211.3225,2.3869,-0.8498,,,7.2443,17.5473,10.0,0.0041,48.092,16.8119,71.5599,0.0,0.0,20.2165,-38.7525,13.8718,-65.8197,157.7239,39.2498,3.7942,9.0341,-50.0,10.5204,6.774,14.0623,0.7225,6.7624,0.5611,-50.0,6.774,-144.8946,12.202,18.4747,-120.0,-17.7018,175.7896,,1252.9842,,21619.7513,,
2026-08-26 19:21:25,42.4949379,-82.7991965,,10.5551,237.7488,224.2599,,0.0,,,211.2865,2.3842,-0.8474,,,,,,,,,,,,19.4737,-39.3666,13.161,-69.8029,152.9149,39.2326,3.727,9.5446,-50.0,10.4582,6.7297,14.0528,0.7416,6.7224,0.5544,-50.0,6.7297,-144.269,12.0523,18.3246,-120.0,-18.9488,174.9228,,1264.1612,,21601.7067,,
2026-08-26 19:21:26,42.494912,-82.7992561,19.872,11.1771,233.7611,224.2312,,0.0,,,211.2521,2.3815,-0.8451,,,,,,,,,,,,19.4681,-39.1033,13.1443,-69.0942,153.7135,39.2498,3.7582,9.3985,-50.0,10.4158,6.7032,13.9837,0.7591,6.6952,0.5613,-50.0,6.7032,-143.8938,11.9626,18.2345,-120.0,-19.1879,174.8189,,,,,,
2026-08-26 19:21:27,42.4948865,-82.7993155,,10.108,245.478,227.5028,,0.0,,,211.2159,2.3788,-0.8428,,,,,,,,,,,,19.5585,-38.2257,12.8916,-69.8426,152.525,38.6998,3.7175,9.6029,-50.0,10.3735,6.667,13.9029,0.76,6.668,0.5575,-50.0,6.667,-143.3816,11.84,18.1116,-120.0,-19.5345,175.5276,,1385.4445,,21566.6017,,
2026-08-26 19:21:28,42.4948637,-82.799374,20.1345,11.4298,236.4769,226.6892,,0.0,,,211.1802,2.3763,-0.8405,,,,,,,,,,,,18.5709,-40.5331,12.5555,-73.9983,151.8258,38.5966,3.4452,9.65,-50.0,10.2774,6.6319,13.9262,0.7803,6.6062,0.5215,-50.0,6.6319,-142.8852,11.7213,17.9925,-120.0,-20.2701,176.5679,,1157.3173,,21549.8695,,
2026-08-26 19:21:29,42.4948352,-82.7994344,,10.6717,239.7313,227.3768,,0.0,,,211.1462,2.3734,-0.8382,,,,,,,,,,,,18.6215,-40.2202,12.4825,-74.4303,151.037,38.4419,3.0795,9.3551,-50.0,10.2065,6.5671,13.9772,0.7747,6.5606,0.4694,-50.0,6.5671,-141.9689,11.5021,17.7725,-120.0,-23.3187,176.833,,1259.8678,,21531.1687,,
2026-08-26 19:21:30,42.4948115,-82.7994959,19.3799,11.2937,238.3963,226.1449,33.463,0.0,9.575,-0.4964,211.1078,2.3708,-0.8357,,,,,,,,,,,,18.9437,-39.3161,12.5911,-72.4139,153.0315,38.9519,3.1675,9.5088,-50.0,10.184,6.5551,13.89,0.7881,6.5461,0.4839,-50.0,6.5551,-141.7996,11.4616,17.7319,-120.0,-23.1785,176.9511,,,,,,
2026-08-26 19:21:31,42.4947853,-82.799558,,11.3715,239.2213,,78.4219,0.0,8.2378,1.0002,211.0702,2.368,-0.8333,,,,,,,,,,,,18.3674,-40.8967,12.2932,-78.0113,147.7874,,,10.1345,-50.0,,6.4819,,,,,-50.0,6.4819,-140.764,11.2138,17.4834,-120.0,-25.9487,176.9213,,1176.9394,,21495.7356,,
2026-08-26 19:21:32,42.4947555,-82.7996272,19.5768,11.4881,239.8401,227.4856,-41.5795,0.0,9.9459,0.5697,211.0325,2.3652,-0.8309,,,7.2444,17.5473,10.0,0.0047,48.092,16.8119,71.2451,0.0,0.0,18.7706,-40.9051,12.6145,-76.9992,149.2283,38.9347,2.6631,9.9691,-50.0,10.0992,6.543,14.0332,0.8013,6.4916,0.4102,-50.0,6.543,-141.628,11.4205,17.6907,-120.0,-26.8742,177.1351,,,,,,
2026-08-26 19:21:33,42.4947249,-82.7996893,,12.0324,233.9902,225.9387,-161.581,0.0,9.3881,-0.4136,210.9983,2.3622,-0.8285,,,,,,,,,,,,19.0294,-39.2961,12.4334,-75.7702,147.8851,38.9519,2.5835,10.315,-50.0,10.1668,6.5326,14.2584,0.7966,6.5351,0.3953,-50.0,6.5326,-141.481,11.3854,17.6554,-120.0,-26.2793,175.7837,,1130.7326,,21457.6779,,
2026-08-26 19:21:34,42.4946933,-82.79975,19.5768,11.3131,239.8058,224.8214,48.4035,0.0,9.4505,1.5925,210.9661,2.3592,-0.8262,,,,,,,,,,,,19.1532,-39.6811,12.6681,-74.8813,149.102,38.9347,2.738,10.374,,10.1569,,14.1773,0.8178,6.5287,0.4194,,,,,,,,,,1189.4247,,21437.9928,,
2026-08-26 19:21:35,42.4946615,-82.799815,,11.2743,236.8665,225.0964,,0.0,9.5797,0.537,210.9299,2.3561,-0.8237,,,,,,,,,,,,18.1372,-40.7168,12.0276,-79.6343,145.0306,39.2326,2.613,10.7351,-50.0,10.1656,6.5137,14.2562,0.8062,6.5343,0.3999,-50.0,6.5137,-141.2145,11.3216,17.5915,-120.0,-27.5804,175.4392,,1169.6523,,21417.6516,,
2026-08-26 19:21:36,42.4946299,-82.7998795,19.7408,11.527,235.8925,225.3657,100.9013,0.0,10.2627,-1.6756,210.894,2.353,-0.8213,,,7.2445,17.5473,10.0,0.0034,48.092,16.8119,71.5583,0.0,0.0,,,,,,38.7685,2.6286,9.559,-50.0,10.1138,6.5144,14.1195,0.8129,6.501,0.4043,-50.0,6.5144,-141.2232,11.3237,17.5936,-120.0,-26.1292,175.3811,,,,,,
2026-08-26 19:21:37,42.4946014,-82.7999367,,10.8466,239.8631,224.3573,-37.8462,0.0,9.1819,1.9683,,,,,,,,,,,,,,,19.8698,-37.8512,12.8985,-70.9538,151.557,39.3988,3.0897,,-50.0,10.1897,6.558,14.0363,0.8168,6.5498,0.4717,-50.0,6.558,-141.8406,11.4714,17.7417,-120.0,-24.72,174.9403,,1222.3333,,21379.2658,,
2026-08-26 19:21:38,42.4945726,-82.7999926,19.708,12.0712,231.5609,223.9734,-41.6002,0.0,,,210.8452,2.3488,-0.8179,,,,,,,,,,,,18.289,-39.7961,12.0579,-76.1243,147.1288,39.4389,2.8836,9.485,-50.0,10.1334,6.4951,13.9884,0.8045,6.5136,0.4427,-50.0,6.4951,-140.9505,11.2584,17.5281,-120.0,-25.5705,174.4752,,,,,,
2026-08-26 19:21:39,42.4945426,-82.8000479,,11.0799,234.7866,225.7553,-22.8541,0.0,8.2145,2.6264,210.8151,2.3461,-0.8158,,,,,,,,,,,,17.6314,-39.3349,11.3462,-80.0537,143.7065,37.5997,2.8901,11.2886,-50.0,10.007,6.4394,13.6928,0.8282,6.4324,0.4493,-50.0,6.4394,-140.163,11.07,17.3391,-120.0,-24.6283,174.786,,1220.5647,,21343.8327,,
2026-08-26 19:21:40,42.4945158,-82.800115,19.708,11.0993,239.4161,225.8355,48.3725,0.0,9.0453,-1.8415,210.7872,2.3432,-0.8138,,,7.2446,17.5473,10.0,0.0068,48.092,16.8119,72.1366,0.0,0.0,19.5695,-36.8206,12.5641,-68.9829,154.3248,39.1295,3.469,10.122,-50.0,10.1302,6.5116,13.631,0.8239,6.5116,0.5327,-50.0,6.5116,-141.184,11.3143,17.5842,-120.0,-22.032,175.3177,,1236.0878,,21324.1477,,
2026-08-26 19:21:41,42.4944873,-82.8001718,,11.1771,236.4368,225.2396,,0.0,10.7043,0.2091,210.747,2.3407,-0.8113,,,,,,,,,,,,19.0884,-40.6307,12.9052,-74.4029,149.916,39.0493,3.1269,9.4029,-50.0,10.2253,6.5701,14.0349,0.7887,6.5727,0.4757,-50.0,6.5701,-142.0114,11.5122,17.7827,-120.0,-23.6335,175.5948,,,,,,
2026-08-26 19:21:42,42.4944599,-82.8002309,19.708,10.8661,240.9345,,-94.153,0.0,10.7033,-1.7034,210.6986,2.3365,-0.808,,,,,,,,,,,,19.4493,-37.9494,12.6149,-71.4666,151.9762,39.0664,3.4445,10.3496,-50.0,10.2211,6.5824,13.8637,0.8107,6.57,0.5243,-50.0,6.5824,-142.1856,11.5539,17.8245,-120.0,-22.0136,175.4847,,1170.1826,,21290.355,,
2026-08-26 19:21:43,42.4944309,-82.8002905,,11.7602,235.9555,227.4341,205.8351,0.0,9.9341,-0.8142,210.6644,2.3337,-0.8058,,,,,,,,,,,,18.8601,-38.737,12.3436,-72.9577,151.9297,38.969,3.0967,9.7314,-50.0,10.1306,6.5104,13.8436,0.8072,6.5118,0.4756,-50.0,6.5104,-141.1673,11.3103,17.5802,-120.0,-24.2946,176.4292,,1123.8357,,21271.6542,,
2026-08-26 19:21:44,42.4944038,-82.800355,19.4455,11.2548,242.0174,226.2767,-109.1725,0.0,10.2924,2.3013,210.6249,2.3308,-0.8033,,,7.2446,17.3887,10.0,0.0033,48.092,17.2367,71.9888,0.0,0.0,18.969,-38.3978,12.2338,-74.3808,150.5795,38.992,3.2545,10.1717,-50.0,10.1008,6.4936,13.7236,0.8337,6.4927,0.5013,-50.0,6.4936,-140.9297,11.2534,17.5231,-120.0,-23.04,176.4915,,,,,,
2026-08-26 19:21:45,42.4943776,-82.8004163,,11.4881,236.3623,228.4883,97.0648,0.0,10.3653,-3.1559,210.5866,2.3281,-0.8009,,,,,,,,,,,,18.962,-38.2351,12.3317,-72.1092,154.1057,39.5248,3.146,9.3563,-50.0,10.1559,6.5081,13.882,0.808,6.5281,0.4819,-50.0,6.5081,-141.135,11.3026,17.5724,-120.0,-24.3542,177.4458,,1140.9417,,21234.9088,,
2026-08-26 19:21:46,42.494352,-82.8004774,19.5112,10.9633,239.5479,227.8294,164.5512,0.0,9.9661,0.7816,,,,,,,,,,,,,,,18.0621,-40.2059,11.936,-77.6483,148.7453,38.8029,3.1372,,-50.0,10.1099,6.5057,13.7672,0.8105,6.4985,0.4827,-50.0,6.5057,-141.1007,11.2944,17.5642,-120.0,-23.3798,177.5238,,1235.6805,,21216.5361,,
2026-08-26 19:21:47,,,,,,226.9184,-37.9355,,,,210.5278,2.3237,-0.7971,,,,,,,,,,,,19.0264,-37.3431,12.1842,-71.3025,153.9246,38.992,3.3247,9.6932,-50.0,10.098,6.4948,13.6341,0.8213,6.4909,0.5122,-50.0,6.4948,-140.9465,11.2575,17.5272,-120.0,-22.7678,177.278,,,,,,
2026-08-26 19:21:48,42.4943245,-82.8005427,19.4455,11.2548,240.1667,228.5857,33.2946,0.0,10.2244,0.1068,210.4888,2.3212,-0.7948,,,7.2447,17.3887,10.0,0.0024,48.092,17.2367,71.4997,0.0,0.0,18.8541,-40.1774,12.6063,-74.7749,152.0996,38.992,3.1317,9.6161,-50.0,10.1557,6.5312,13.8799,0.8038,6.528,0.4797,-50.0,6.5312,-141.4619,11.3808,17.6508,-120.0,-23.6471,177.9709,,1199.7594,,21179.4626,,
2026-08-26 19:21:49,42.4942966,-82.8006026,,11.2743,239.8287,227.5086,-49.2285,0.0,9.8055,-0.6013,210.4343,2.3175,-0.7914,,,,,,,,,,,,19.376,-38.7642,12.7058,-72.7091,153.38,38.992,3.2432,10.0992,-50.0,10.1861,6.5511,13.9173,0.8147,6.5475,0.4953,-50.0,6.5511,-141.7425,11.4479,17.7182,-120.0,-23.209,177.7886,,,,,,
2026-08-26 19:21:50,42.494275,-82.8006644,19.3799,11.4103,239.3588,227.0903,22.0153,0.0,10.0497,1.1947,210.3937,2.3147,-0.789,,,,,,,,,,,,18.7697,-39.4617,12.306,-75.7868,150.361,38.992,,10.1406,-50.0,,6.5175,,,,,-50.0,6.5175,-141.2673,11.3342,17.6042,-120.0,-25.7063,177.4586,,1138.7764,,21145.9981,,
2026-08-26 19:21:51,42.4942489,-82.8007274,19.3143,11.1771,236.9524,229.5368,3.2521,0.0,8.6751,1.3002,210.3549,2.3119,-0.7865,,,,,,,,,,,,18.318,-39.3564,11.9734,-75.9685,151.6295,38.7857,2.8496,9.6113,-50.0,10.1422,6.4803,14.051,0.8114,6.5193,0.4371,-50.0,6.4803,-140.7415,11.2084,17.478,-120.0,-25.5634,178.2938,,,,,,
2026-08-26 19:21:52,42.4942222,-82.8007904,,11.5658,238.9062,,,0.0,9.5729,-0.6139,210.3146,2.3092,-0.7841,,,7.2448,17.3887,10.0,0.0033,48.092,17.2367,71.5648,0.0,0.0,19.6749,-40.2253,13.1641,-74.8401,152.6899,38.8716,2.8951,10.458,-50.0,10.1057,6.6003,13.9266,0.8136,6.4958,0.4457,-50.0,6.6003,-142.4382,11.6143,17.8852,-120.0,-24.0754,178.6854,,1154.6758,,21109.5807,,
2026-08-26 19:21:53,42.4941977,-82.800853,19.3143,11.2548,242.7851,229.5196,111.9846,0.0,10.2744,0.4215,210.2729,2.3065,-0.7816,,,,,,,,,,,,20.2446,-38.9718,13.4376,-71.3573,155.6305,38.992,3.0671,9.7626,,10.3116,,14.3407,0.7988,6.6282,0.4627,,,,,,,,,,1146.4662,,21090.8799,,
2026-08-26 19:21:54,42.4941714,-82.8009167,,11.7602,237.4051,227.0387,-236.7679,0.0,10.4336,2.1553,210.2323,2.3033,-0.779,,,,,,,,,,,,19.2096,-41.4952,12.9724,-78.8482,147.1706,,3.2793,10.7473,-50.0,10.4836,6.7229,14.6415,0.7878,6.7387,0.4866,-50.0,6.7229,-144.1731,12.0294,18.3015,-120.0,-23.994,178.9286,,,,,,
2026-08-26 19:21:55,42.49413913245164,-82.80098500994215,19.3799,11.5853,237.6228,227.4283,134.4743,0.0,,,210.1941,2.3005,-0.7766,,,,,,,,,,,,,,,,,39.0149,3.0302,9.8958,-50.0,10.4638,6.7445,14.7685,0.7933,6.726,0.4505,-50.0,6.7445,-144.4776,12.1022,18.3746,-120.0,-24.0989,177.4276,,1127.7556,,21051.1818,,
2026-08-26 19:21:56,42.494111225516725,-82.80104687192632,,12.3239,234.9872,228.0872,-15.5489,0.0,9.6876,-1.4496,210.155,2.2976,-0.7741,,,7.2449,17.3887,10.0,0.0054,48.092,17.2367,71.9177,0.0,0.0,20.4567,-37.2145,13.2575,-68.9436,156.7489,39.3529,3.4551,10.9585,-50.0,10.4349,6.7201,14.4515,0.8103,6.7074,0.5151,-50.0,6.7201,-144.1324,12.0197,18.2918,-120.0,-23.9434,177.8287,,1103.3387,,21032.481,,
2026-08-26 19:21:57,42.49408401843641,-82.80111041294154,19.2159,11.4298,242.533,230.9119,-75.5548,0.0,6.9311,2.3016,,,,,,,,,,,,,,,18.0931,-36.6935,11.1308,-76.2385,151.3899,38.7857,3.2673,,-50.0,10.1446,6.5519,13.8636,0.8442,6.5208,0.5011,-50.0,6.5519,-141.7545,11.4508,17.7211,-120.0,-23.1304,178.4495,,,,,,
2026-08-26 19:21:58,42.494059809009,-82.80117374337303,,11.7214,243.9883,228.8665,-285.5564,0.0,8.3035,0.0228,210.0908,2.2936,-0.7704,,,,,,,,,,,,20.2825,-38.1022,13.2592,-70.7205,157.6221,39.3185,3.6501,9.8397,-50.0,10.3376,6.6276,14.0946,0.8265,6.6449,0.5493,-50.0,6.6276,-142.825,11.7069,17.978,-120.0,-22.0604,179.8672,,1055.3273,,20998.0322,,
2026-08-26 19:21:59,42.49403391066988,-82.80124042297575,19.3143,11.8185,235.2851,227.1476,,0.0,9.024,1.0754,210.0523,2.291,-0.768,,,,,,,,,,,,20.1912,-38.7813,13.2027,-73.3129,152.6346,39.2956,3.6101,10.9729,-50.0,10.3991,6.6966,14.3054,0.8303,6.6844,0.5401,-50.0,6.6966,-143.8004,11.9402,18.2121,-120.0,-21.8665,178.4433,,,,,,
2026-08-26 19:22:00,42.494005953996364,-82.80130780550886,,11.9546,237.4051,226.6892,25.7109,0.0,7.4067,-0.5922,210.0087,2.288,-0.7654,,,7.245,17.3887,10.0,0.0026,48.092,17.2367,69.9441,0.0,0.0,20.191,-36.3497,12.7007,-70.4366,154.4189,39.3185,3.5736,10.7163,-50.0,10.2838,6.6189,14.0678,0.8513,6.6103,0.5406,-50.0,6.6189,-142.7014,11.6773,17.9483,-120.0,-23.2664,177.4417,,1045.2699,,20957.6778,,
2026-08-26 19:22:01,42.493975794939146,-82.80137706404952,19.1503,11.838,238.4249,226.7809,141.9583,0.0,7.2518,1.497,209.9414,2.2834,-0.7613,,,,,,,,,,,,19.762,-38.6121,12.7996,-74.4709,151.391,39.2956,3.6263,10.4193,-50.0,10.3097,6.6324,14.0981,0.8488,6.6269,0.5472,-50.0,6.6324,-142.8921,11.7229,17.9941,-120.0,-21.9046,177.2879,,,,,,
2026-08-26 19:22:02,42.4939439,-82.8014495,,11.7991,234.9815,228.5342,66.9604,0.0,7.0933,1.5921,209.8951,2.2803,-0.7586,,,,,,,,,,,,21.0502,-36.5916,13.5408,-67.9253,156.5874,39.1696,4.0432,10.7263,-50.0,10.4309,6.707,14.1252,0.8392,6.7049,0.603,-50.0,6.707,-143.9472,11.9754,18.2473,-120.0,-20.2343,177.0069,,1136.9857,,20916.6673,,
2026-08-26 19:22:03,42.4939183,-82.8015149,19.2159,11.7408,239.3474,,-68.0433,0.0,,,209.8606,2.2774,-0.7563,,,,,,,,,,,,21.2565,-36.131,13.6743,-66.4299,158.7782,39.0493,4.209,10.3082,-50.0,10.469,6.7099,14.0687,0.834,6.7294,0.6255,-50.0,6.7099,-143.9888,11.9853,18.2573,-120.0,-19.529,177.663,,1064.4521,,20897.6385,,
2026-08-26 19:22:04,42.493886,-82.8015749,,11.7797,238.6942,228.0701,168.1883,0.0,7.34,0.9299,209.8219,2.2745,-0.7539,,,7.245,17.3887,10.0,0.0029,48.092,17.2367,69.7926,0.0,0.0,20.0931,-37.6998,12.9339,-71.8074,154.6132,39.0378,4.0421,10.063,-50.0,10.434,6.7042,14.1241,0.8362,6.7069,0.6027,-50.0,6.7042,-143.9081,11.966,18.238,-120.0,-19.4621,177.962,,1141.8237,,20878.6096,,
2026-08-26 19:22:05,42.4938585,-82.8016379,19.2159,11.5075,243.0372,230.7859,-188.0654,0.0,8.0792,-0.1183,209.7808,2.2717,-0.7514,,,,,,,,,,,,21.4478,-38.0303,14.136,-69.1866,158.7593,39.2498,4.1864,10.18,-50.0,10.5433,6.7481,14.2849,0.8287,6.7771,0.6177,-50.0,6.7481,-144.5289,12.1145,18.3869,-120.0,-19.4928,179.2055,,,,,,
2026-08-26 19:22:06,42.49383,-82.8017016,,11.8963,241.2095,229.1931,,0.0,10.056,1.5966,209.7457,2.2687,-0.7491,,,,,,,,,,,,20.1809,-39.7974,13.4877,-73.2765,154.2975,38.6195,3.6314,9.5336,-50.0,10.5552,6.7872,14.6372,0.8009,6.7847,0.5352,-50.0,6.7872,-145.0818,12.2468,18.5196,-120.0,-21.0574,179.2902,,1123.4274,,20842.5204,,
2026-08-26 19:22:07,42.4937992,-82.8017609,19.5112,11.7991,238.2244,226.8267,-139.3181,0.0,10.892,-1.7435,209.7063,2.2661,-0.7468,,,,,,,,,,,,20.8696,-37.2134,13.5229,-68.9636,156.0437,39.2326,4.0145,10.3075,-50.0,10.5771,6.8123,14.4687,0.8129,6.7988,0.5905,-50.0,6.8123,-145.4373,12.3318,18.6049,-120.0,-20.741,178.1901,,1092.4688,,20824.4757,,
2026-08-26 19:22:08,42.4937735,-82.8018218,,11.7991,239.9948,226.9012,51.9031,0.0,10.5483,-0.1744,209.6708,2.2631,-0.7445,,,7.2451,17.3887,10.0,0.0025,48.092,17.2367,70.8399,0.0,0.0,20.1805,-38.5334,13.1541,-72.8887,152.2888,39.2498,3.6998,10.5957,-50.0,10.442,6.7196,14.3554,0.8273,6.712,0.5512,-50.0,6.7196,-144.126,12.0181,18.2902,-120.0,-21.4663,177.3935,,1073.8126,,20805.1188,,
2026-08-26 19:22:09,42.4937383,-82.8018889,19.4455,11.8963,238.1155,226.1678,-30.6028,0.0,10.8355,0.2409,209.6359,2.2598,-0.7421,,,,,,,,,,,,19.9657,-38.702,12.9243,-75.0008,149.9793,39.2498,,10.7591,-50.0,,6.6908,,,,,-50.0,6.6908,-143.7183,11.9206,18.1924,-120.0,-22.4283,176.8266,,1031.4259,,20782.1529,,
2026-08-26 19:22:10,42.4937025,-82.8019525,,12.0907,238.6312,226.6319,100.6263,0.0,,,209.6003,2.2567,-0.7397,,,,,,,,,,,,20.607,-37.2696,13.1541,-71.5626,153.2687,39.2498,3.5826,10.4306,-50.0,10.399,6.6354,14.3619,0.8439,6.6843,0.536,-50.0,6.6354,-142.9349,11.7332,18.0044,-120.0,-24.2301,176.8291,,,,,,
2026-08-26 19:22:11,42.4936674,-82.8020154,19.4455,12.149,237.7718,226.7121,44.3572,0.0,10.6552,-0.9771,209.562,2.2534,-0.7373,,,,,,,,,,,,,,,,,39.3185,3.4038,11.226,-50.0,10.3473,6.6125,14.3559,0.8521,6.6511,0.5118,-50.0,6.6125,-142.6116,11.6558,17.9268,-120.0,-23.4249,176.7426,,1025.4009,,20740.8143,,
2026-08-26 19:22:12,42.4936332,-82.8020812,,12.149,237.0212,227.6919,175.5967,0.0,11.0248,-0.5911,209.5265,2.2502,-0.7349,,,7.2452,17.3887,10.0,0.0028,48.092,17.2367,70.97,0.0,0.0,20.2192,-37.619,12.8636,-73.6279,151.4679,39.3185,3.4816,11.0801,-50.0,10.298,6.6172,14.2121,0.8685,6.6194,0.526,-50.0,6.6172,-142.6781,11.6717,17.9427,-120.0,-23.8883,176.6472,,1036.3794,,20719.8169,,
2026-08-26 19:22:13,42.4935988,-82.8021448,19.6424,12.3045,237.1759,,,0.0,9.7625,0.6674,209.4881,2.247,-0.7324,,,,,,,,,,,,19.4798,-37.7146,12.3381,-74.9752,150.6612,39.3357,3.309,11.0586,-50.0,10.2408,6.5756,14.1604,0.8678,6.5826,0.5027,-50.0,6.5756,-142.0891,11.5308,17.8014,-120.0,-22.8576,176.5127,,990.483,,20698.4915,,
2026-08-26 19:22:14,42.4935636,-82.8022096,,12.4211,237.5827,225.7152,21.8366,0.0,9.6433,1.4593,209.4505,2.2438,-0.73,,,,,,,,,,,,19.9024,-36.9066,12.438,-73.9249,150.4214,39.1696,3.7139,10.7292,-50.0,10.2088,6.5366,13.8811,0.8932,6.5621,0.566,-50.0,6.5366,-141.537,11.3987,17.6689,-120.0,-24.0769,176.6161,,1067.3612,,20677.4941,,
2026-08-26 19:22:15,42.493529,-82.802275,19.3143,12.5183,235.2278,227.2163,-49.421,0.0,10.7314,-0.7796,209.4098,2.2406,-0.7274,,,,,,,,,,,,21.3287,-36.326,13.5517,-68.8015,156.0468,38.9519,3.5809,11.2954,-50.0,10.2639,6.6061,14.075,0.8765,6.5975,0.5428,-50.0,6.6061,-142.5206,11.6341,17.9049,-120.0,-22.5311,177.4745,,1058.3966,,20656.4967,,
2026-08-26 19:22:16,42.4934979,-82.8023422,,11.9935,240.5334,229.6228,44.3194,0.0,9.7311,-0.1045,209.3669,2.2375,-0.7249,,,7.2453,17.3887,10.0,0.0021,48.092,17.2367,70.6065,0.0,0.0,19.7827,-37.742,12.5834,-74.2189,152.9538,39.542,3.5171,10.5031,-50.0,10.259,6.5947,14.0884,0.8712,6.5944,0.5333,-50.0,6.5947,-142.3599,11.5956,17.8664,-120.0,-22.615,179.0533,,1038.7355,,20638.4521,,
2026-08-26 19:22:17,42.4934631,-82.8024163,19.3799,12.5766,239.6396,229.703,-120.6993,0.0,10.7585,0.3439,,,,,,,,,,,,,,,20.7221,-36.5572,13.0544,-70.9917,157.0497,39.1066,3.7506,,,10.2542,,13.9603,0.8841,6.5913,0.569,,,,,,,,,,1035.5051,,20616.1424,,
2026-08-26 19:22:18,42.4934367,-82.8024858,,11.6436,244.4811,230.8203,-180.712,0.0,10.8556,-1.0137,209.2954,2.2331,-0.7208,,,,,,,,,,,,19.37,-39.1276,12.562,-76.6674,152.8938,39.9946,3.1544,10.5952,-50.0,10.2388,6.6138,14.2353,0.8611,6.5814,0.4793,-50.0,6.6138,-142.6295,11.6601,17.9311,-120.0,-23.3683,179.7692,,1034.8858,,20596.7854,,
2026-08-26 19:22:19,42.4934075,-82.8025529,19.3799,11.9741,241.8226,229.8978,168.0199,0.0,,,209.2508,2.2302,-0.7182,,,,,,,,,,,,20.2241,-36.738,12.7405,-71.7152,155.5776,,3.6658,11.0316,-50.0,10.3243,6.6438,14.1596,0.8654,6.6364,0.5524,-50.0,6.6438,-143.0531,11.7615,18.0327,-120.0,-23.599,179.7314,,1082.3981,,20578.0846,,
2026-08-26 19:22:20,42.4933858,-82.8026235,,12.5378,237.7316,229.5597,,0.0,9.565,0.953,209.197,2.2275,-0.7154,,,7.2453,17.3887,10.0,0.0017,48.092,17.2367,70.1469,0.0,0.0,20.596,-36.0161,12.8963,-69.898,158.0788,39.6566,3.6202,10.4051,-50.0,10.2743,6.5922,14.0599,0.8692,6.6042,0.5482,-50.0,6.5922,-142.3236,11.5869,17.8577,-120.0,-23.2143,180.0257,,,,,,
2026-08-26 19:22:21,42.4933593,-82.8026906,19.5112,12.0712,241.2553,228.3279,111.7715,0.0,8.4649,1.1873,209.1502,2.2247,-0.7127,,,,,,,,,,,,20.248,-36.9105,12.8151,-71.6046,156.3122,39.3988,3.6918,10.0661,-50.0,10.2141,6.5713,13.8673,0.8772,6.5655,0.5623,-50.0,6.5713,-142.0287,11.5164,17.7869,-120.0,-21.9666,180.0631,,1040.9869,,20539.6988,,
2026-08-26 19:22:22,42.4933326,-82.8027553,,11.7991,242.5961,227.6117,51.7656,0.0,9.2359,1.8048,209.1057,2.2219,-0.7102,,,,,,,,,,,,19.3413,-38.3454,12.4121,-75.1834,152.1203,39.3758,3.5782,10.6228,-50.0,10.2707,6.6391,14.0496,0.8591,6.6019,0.542,-50.0,6.6391,-142.9878,11.7458,18.0171,-120.0,-21.9264,179.1856,,1078.3114,,20521.3261,,
2026-08-26 19:22:23,42.493307,-82.8028203,19.6424,11.5853,237.6342,227.4054,-60.7484,0.0,9.4835,-0.6882,209.0601,2.2191,-0.7077,,,,,,,,,,,,20.3002,-36.4101,12.8529,-69.6335,154.7695,39.903,3.9287,10.2857,-50.0,10.3638,6.6626,14.0514,0.8505,6.6617,0.5897,-50.0,6.6626,-143.3204,11.8254,18.0969,-120.0,-21.5458,178.0826,,1082.8989,,20502.2972,,
2026-08-26 19:22:24,42.4932751,-82.8028897,,12.1684,236.3795,,-135.7566,0.0,9.5699,-0.3643,208.9986,2.2148,-0.704,,,7.2454,17.3887,10.0,0.0034,48.092,17.2367,69.7118,0.0,0.0,20.4248,-36.8241,12.9976,-70.3647,153.5168,39.0378,3.8578,10.8557,-50.0,10.2862,6.5784,13.9103,0.8601,6.6118,0.5835,-50.0,6.5784,-142.1285,11.5403,17.8108,-120.0,-21.6016,177.1172,,1006.5047,,20482.2841,,
2026-08-26 19:22:25,42.4932448,-82.8029582,19.3799,9.5831,238.0812,225.6063,-120.768,0.0,9.7925,-0.6434,208.9605,2.2117,-0.7016,,,,,,,,,,,,20.5047,-37.0523,13.1503,-69.971,154.3522,39.3357,3.8281,9.906,-50.0,10.2818,6.5901,13.9058,0.856,6.609,0.5792,-50.0,6.5901,-142.2948,11.58,17.8508,-120.0,-21.3123,175.9985,,,,,,
2026-08-26 19:22:26,42.4932113,-82.8030156,,11.4492,240.7397,224.2943,,0.0,,,208.9196,2.2088,-0.6992,,,,,,,,,,,,19.2811,-36.1684,12.1199,-69.8613,152.4305,39.2326,3.7618,9.884,-50.0,10.1681,6.5879,13.6152,0.8511,6.5359,0.5756,-50.0,6.5879,-142.263,11.5724,17.8431,-120.0,-20.7951,175.0112,,1146.056,,20442.914,,
2026-08-26 19:22:27,42.4931967,-82.8030642,19.4455,9.0583,233.6751,222.9478,-128.2761,0.0,9.3563,-0.8456,208.8813,2.2071,-0.6973,,,,,,,,,,,,18.3797,-35.6696,12.0096,-63.1773,157.6886,39.4389,4.1468,3.1764,-50.0,10.1867,6.5762,12.9324,0.7644,6.5479,0.6333,-50.0,6.5762,-142.0984,11.533,17.8036,-120.0,-18.4547,174.0446,,,,,,
2026-08-26 19:22:28,42.4931704,-82.8031258,,11.1188,236.3508,223.1713,47.9669,0.0,7.4983,0.0914,208.8412,2.2041,-0.6949,,,7.2455,17.3887,10.0,0.005,48.092,17.2367,70.6207,0.0,0.0,19.9186,-36.1941,12.4682,-70.6294,150.7258,39.3357,4.5347,10.923,-50.0,10.1387,6.502,12.9608,0.8693,6.517,0.6958,-50.0,6.502,-141.0489,11.282,17.5517,-120.0,-15.7238,173.3645,,846.5727,,20411.7461,,
2026-08-26 19:22:29,42.4931331,-82.8031946,19.2159,12.8877,235.6805,225.4688,29.214,0.0,8.5346,1.1643,208.7972,2.2007,-0.6922,,,,,,,,,,,,20.4902,-37.5722,12.9784,-74.2988,149.779,39.2956,3.636,11.38,-50.0,10.1618,6.5124,13.8037,0.8949,6.5319,0.5567,-50.0,6.5124,-141.1951,11.317,17.5868,-120.0,-20.4623,174.3108,,1015.3996,,20389.1083,,
2026-08-26 19:22:30,42.493106,-82.803264,,13.9956,253.8146,223.9562,-214.5532,0.0,10.5182,-1.0546,208.7475,2.1977,-0.6895,,,,,,,,,,,,,,,,,39.7368,,12.0894,-50.0,,6.658,,,,,-50.0,6.658,-143.2544,11.8096,18.0811,-120.0,-21.4567,174.6964,,,,,,
2026-08-26 19:22:31,42.4930656,-82.8033395,19.7408,13.6263,218.6178,223.1254,-158.3151,0.0,9.224,-1.7537,208.7115,2.1943,-0.6871,,,,,,,,,,,,19.1895,-37.9901,12.017,-79.3902,144.7882,40.1321,3.6508,11.0358,-50.0,10.2634,6.5545,14.091,0.9005,6.5972,0.5534,-50.0,6.5545,-141.7902,11.4593,17.7296,-120.0,-23.9402,174.5311,,916.3727,,20346.4573,,
2026-08-26 19:22:32,42.4930179,-82.8034389,,20.0021,237.5311,226.2824,197.918,0.0,8.6348,1.0942,208.635,2.1893,-0.6828,,,7.2456,17.3887,10.0,0.0037,48.092,17.2367,70.1541,0.0,0.0,20.7261,-33.8887,11.9722,-74.8569,147.9599,38.8716,3.9502,19.6081,-48.9533,10.1676,6.3564,13.8134,0.9695,6.5356,0.6044,-48.9533,6.3564,-140.0,10.7905,17.0069,-120.0,-37.1414,175.3687,,,,,,
2026-08-26 19:22:33,42.4929806,-82.8035245,19.6424,11.527,236.8149,225.6464,,0.0,,,208.5829,2.186,-0.6798,,,,,,,,,,,,20.7373,-35.6979,12.1529,-95.3255,133.2725,39.903,-0.6253,14.1768,-49.9762,14.1282,6.4262,15.1879,1.1411,10.8229,0.0578,-49.9762,6.4262,-140.0,11.0256,17.2933,-120.0,-38.972,175.3367,,990.6495,,20291.0111,,
2026-08-26 19:22:34,42.492963,-82.8035869,,12.4211,242.4929,,2.9152,0.0,9.7831,1.1366,,,,,,,,,,,,,,,19.8702,-39.0392,12.7434,-79.1431,145.8712,39.3758,0.9799,,-50.0,10.0479,6.5682,14.9866,0.9629,6.4587,0.1517,-50.0,6.5682,-141.9845,11.5058,17.7763,-120.0,-31.6445,175.6679,,1000.6922,,20274.935,,
2026-08-26 19:22:35,42.4929393,-82.8036424,19.7408,11.9935,236.4081,224.7526,-180.8358,0.0,10.3147,-0.9587,208.5143,2.1825,-0.6763,,,,,,,,,,,,20.7226,-35.9885,13.3622,-65.6871,157.3967,39.542,2.7595,9.5653,-50.0,10.2862,6.6106,14.5698,0.8449,6.6118,0.4174,-50.0,6.6106,-142.5838,11.6492,17.9201,-120.0,-22.852,174.5862,,,,,,
2026-08-26 19:22:36,42.4929035,-82.8037001,,13.6652,209.9031,222.7014,-12.0837,0.0,10.383,1.3216,208.471,2.18,-0.6739,,,7.2456,17.3887,10.0,0.0037,48.092,17.2367,70.8491,0.0,0.0,19.9169,-37.423,12.5555,-74.5785,147.061,39.5248,3.5757,11.1708,-50.0,10.2597,6.5648,14.0851,0.8837,6.5948,0.5422,-50.0,6.5648,-141.9364,11.4943,17.7647,-120.0,-22.128,173.4598,,767.8436,,20237.2054,,
2026-08-26 19:22:37,42.4928239,-82.8037203,19.708,21.3239,184.2231,222.4551,-68.3321,0.0,9.3653,-1.1432,208.5311,2.1728,-0.6739,,,,,,,,,,,,20.709,-34.8414,11.8824,-84.6763,153.421,39.5248,3.9218,18.0703,-49.8869,10.1192,6.4202,13.8394,1.0356,6.5045,0.6029,-49.8869,6.4202,-140.0,11.005,17.2683,-120.0,-33.6703,172.9129,,651.4085,,20210.9587,,
2026-08-26 19:22:38,42.4927432,-82.8037726,,16.9503,225.9115,223.4119,51.6556,0.0,9.8541,-0.1315,,,,,,,,,,,,,,,20.1855,-36.3259,12.7122,-109.8424,104.0832,40.0519,-1.6035,,,14.3088,,15.679,1.2048,10.9612,0.1463,,,,,,,,,,673.4709,,20179.7907,,
2026-08-26 19:22:39,42.4926946,-82.8038751,19.6424,17.514,241.1465,223.9562,141.6489,0.0,8.2815,1.5498,208.4653,2.1653,-0.6692,,,,,,,,,,,,19.5881,-35.8402,11.6857,-101.0421,126.7545,39.4217,-2.4703,15.4839,-140.3434,14.4086,11.1132,16.1023,1.13,11.0513,0.2235,-50.0,6.4522,-140.3434,11.1132,17.3824,-120.0,42.9804,82.5131,,742.8265,,20150.9193,,
2026-08-26 19:22:40,42.4926633,-82.8039697,,15.9978,247.535,223.6697,-19.6158,0.0,8.1539,1.2107,208.4005,2.1618,-0.6658,,,7.2457,17.3887,10.0,0.0041,48.092,17.2367,71.0402,0.0,0.0,19.7352,-35.6337,11.5203,-93.5828,134.6464,38.9519,-1.603,13.8354,-140.019,14.3635,11.0356,15.7893,1.0941,11.0031,0.1457,-50.0,6.4292,-140.019,11.0356,17.3046,-120.0,42.5554,83.1596,,,,,,
2026-08-26 19:22:41,42.4926383,-82.8040465,19.3799,10.0885,231.7901,223.5265,231.6216,0.0,9.2002,2.1576,208.3381,2.1585,-0.6625,,,,,,,,,,,,20.5818,-36.8932,12.8834,-73.5447,147.8096,,0.3532,12.9487,-140.0,10.0244,10.929,15.2064,0.9657,6.4436,0.0548,-49.5558,6.3976,-140.0,10.929,17.1756,-120.0,46.6875,83.1955,,1280.0876,,20106.2999,,
2026-08-26 19:22:42,42.4926178,-82.8040958,19.3799,10.2246,245.3348,222.0998,,0.0,,,208.2981,2.1565,-0.6605,,,,,,,,,,,,20.8976,-35.7104,14.5751,-56.8127,162.5892,39.0149,3.5478,6.5305,-50.0,10.3055,6.4875,13.866,0.7623,6.6243,0.5356,-50.0,6.4875,-140.8429,11.2327,17.5023,-120.0,-29.8885,173.3822,,1210.1408,,20091.8642,,
2026-08-26 19:22:43,42.4926208,-82.8041632,,11.0021,274.3723,224.0651,-94.6274,0.0,9.1839,-0.4389,208.2327,2.1548,-0.6576,,,,,,,,,,,,20.2779,-35.3894,13.1014,-63.6833,160.1483,39.4217,4.7368,8.0462,-50.0,10.4829,6.7153,13.4215,0.8062,6.7383,0.703,-50.0,6.7153,-144.0647,12.0035,18.2755,-120.0,-15.3132,172.8908,,,,,,
2026-08-26 19:22:44,42.4926039,-82.8042076,19.3143,7.4255,245.3348,223.5036,40.3488,0.0,8.4756,0.9007,208.178,2.153,-0.6551,,,7.2458,17.3887,10.0,0.0025,48.092,17.2367,70.8889,0.0,0.0,19.3133,-36.0905,13.4778,-57.5762,163.0048,39.6566,4.2278,6.6895,-50.0,10.4811,6.7265,13.3315,0.7086,6.7372,0.6275,-50.0,6.7265,-144.2237,12.0415,18.3137,-120.0,-14.7009,173.5673,,1717.0394,,20068.5702,,
2026-08-26 19:22:45,42.4925875,-82.8042587,,8.7862,245.3348,,134.0893,0.0,8.5022,1.029,208.1496,2.1513,-0.6536,,,,,,,,,,,,19.5929,-36.0103,13.4519,-58.9068,161.1884,39.0836,4.4844,7.4179,-50.0,10.5423,6.7836,13.0524,0.6974,6.7764,0.6618,-50.0,6.7836,-145.0304,12.2345,18.5073,-120.0,-10.9171,173.6601,,1503.7876,,20054.7907,,
2026-08-26 19:22:46,42.4925802,-82.8043297,19.1503,10.7106,260.6958,222.8733,44.0754,0.0,8.257,2.4079,208.0868,2.1493,-0.6507,,,,,,,,,,,,19.2751,-37.1731,12.5728,-67.8683,153.9833,39.7826,4.9065,7.2106,-50.0,10.5253,6.8392,13.0978,0.7741,6.7655,0.7252,-50.0,6.8392,-145.8179,12.4229,18.6963,-120.0,-9.2395,173.655,,,,,,
2026-08-26 19:22:47,42.4925477,-82.8044056,,14.365,239.6052,223.0395,-102.1698,0.0,9.7528,-1.8705,,,,,,,,,,,,,,,21.1426,-35.5417,12.7368,-74.7801,146.4417,38.8258,4.4768,,-50.0,10.2936,6.6274,13.7057,0.9251,6.6166,0.6766,-50.0,6.6274,-142.8222,11.7062,17.9773,-120.0,-16.2483,173.089,,869.5828,,20019.0295,,
2026-08-26 19:22:48,42.4925144,-82.8044593,19.3143,5.851,221.9352,223.813,,0.0,,,208.0007,2.1448,-0.6463,,,7.2459,17.3887,10.0,0.003,48.092,17.2367,71.0244,0.0,0.0,19.6996,-38.8379,13.9176,-62.5801,160.5928,39.3529,3.1951,12.0344,-50.0,10.3058,6.5905,14.0922,0.7493,6.6245,0.4823,-50.0,6.5905,-142.2994,11.5811,17.8518,-120.0,-22.4387,172.6476,,1753.6689,,20000.3287,,
2026-08-26 19:22:49,42.4924929,-82.8045052,,11.2743,232.6438,224.724,-60.9306,0.0,10.5502,0.2283,207.9768,2.1424,-0.6447,,,,,,,,,,,,,,,,,39.2727,,9.4697,-50.0,,6.7704,,,,,-50.0,6.7704,-144.8445,12.19,18.4627,-120.0,-16.2895,173.753,,,,,,
2026-08-26 19:22:50,42.4924702,-82.8045623,19.5112,9.5443,247.2943,223.3546,-188.447,0.0,8.9691,-0.8059,207.9426,2.14,-0.6428,,,,,,,,,,,,19.759,-35.5464,12.9236,-62.7284,159.0125,39.2727,4.3669,7.3358,-50.0,10.4889,6.7254,13.5014,0.752,6.7421,0.6477,-50.0,6.7254,-144.2084,12.0378,18.31,-120.0,-14.1455,173.6401,,1378.9393,,19969.8169,,
2026-08-26 19:22:51,42.4924366,-82.804647,,22.8207,267.8692,224.1396,-12.2006,0.0,9.9254,-1.1398,207.8978,2.1378,-0.6405,,,,,,,,,,,,19.4838,-37.7764,13.1728,-64.9673,155.9714,39.479,4.1774,8.0447,-50.0,10.3879,6.7258,13.389,0.7472,6.6772,0.6256,-50.0,6.7258,-144.2129,12.0389,18.3111,-120.0,-15.3515,173.9537,,,,,,
2026-08-26 19:22:52,42.4924078,-82.8047609,19.4455,16.5226,243.7764,223.5895,77.7859,0.0,10.1351,-0.5407,207.8295,2.1343,-0.6371,,,7.2459,17.3887,10.0,0.0029,48.092,17.2367,70.504,0.0,0.0,19.6065,-36.634,11.7252,-93.8177,140.0597,38.7227,4.9343,9.3819,-50.0,10.3059,6.4444,13.7234,1.0144,6.6245,0.7449,-50.0,6.4444,-140.2332,11.0868,17.356,-120.0,-34.0195,174.334,,772.8079,,19917.6516,,
2026-08-26 19:22:53,42.4924105,-82.8048406,,10.0108,273.9655,225.7037,246.5311,0.0,8.8105,2.3152,207.7373,2.1304,-0.6326,,,,,,,,,,,,20.9891,-35.8886,12.4033,-82.7477,144.3108,38.7227,0.9988,13.0618,-50.0,10.0612,6.4398,15.057,1.0741,6.4672,0.1544,-50.0,6.4398,-140.1688,11.0714,17.3405,-120.0,-36.3068,174.4703,,1745.2254,,19903.872,,
2026-08-26 19:22:54,42.4923499,-82.804887,19.3143,21.5377,213.2033,,295.2818,0.0,9.2231,2.5399,207.6523,2.1291,-0.6292,,,,,,,,,,,,21.0981,-37.008,13.1246,-75.3783,152.8109,39.903,1.3959,1.1474,-50.0,10.0645,6.5086,14.8066,0.9169,6.4693,0.2158,-50.0,6.5086,-141.1423,11.3043,17.5741,-120.0,-32.7919,175.655,,,,,,
2026-08-26 19:22:55,42.4923064,-82.8049409,19.5112,8.2419,203.7037,228.5685,,0.0,,,207.6534,2.1245,-0.6279,,,,,,,,,,,,20.7873,-37.4401,12.6398,-88.8476,142.5297,40.0061,0.5411,16.5579,-50.0,10.0816,6.6288,15.2901,1.0926,6.4803,0.0835,-50.0,6.6288,-142.8422,11.711,17.9821,-120.0,-36.8895,176.8404,,1224.1167,,19858.9245,,
2026-08-26 19:22:56,42.4922891,-82.8049813,,11.1576,253.6713,227.308,-19.7155,0.0,13.0233,0.7452,207.6304,2.1214,-0.6262,,,7.246,17.3887,10.0,0.0057,48.092,17.2367,72.7378,0.0,0.0,19.2388,-40.4644,13.7869,-64.9051,162.5771,39.0378,1.7842,11.0835,-50.0,10.4508,6.779,15.4499,0.7682,6.7177,0.2656,-50.0,6.779,-144.9663,12.2192,18.4919,-120.0,-23.0937,177.2144,,,,,,
2026-08-26 19:22:57,42.4922773,-82.8050339,19.6424,7.5615,245.3348,226.3053,-42.2293,0.0,12.7606,-0.425,207.5945,2.1197,-0.6244,,,,,,,,,,,,19.6178,-38.951,13.6283,-64.8156,159.1845,39.1925,3.5772,7.7474,,10.6389,,14.7033,0.74,6.8385,0.5231,,,,,,,,,,1634.123,,19833.9901,,
2026-08-26 19:22:58,42.4922673,-82.8050809,19.5112,8.5529,245.3348,225.7496,-72.2374,0.0,11.8545,-0.1281,207.5498,2.1181,-0.6223,,,,,,,,,,,,20.0718,-38.6014,14.7846,-57.8886,165.09,39.4389,3.741,4.9742,-50.0,10.7213,6.8291,14.0577,0.6271,6.8915,0.5428,-50.0,6.8291,-145.6739,12.3884,18.6617,-120.0,-17.1281,177.0497,,1503.2971,,19823.1634,,
2026-08-26 19:22:59,,,,,,228.2821,92.7401,,9.1877,0.9282,207.5061,2.1166,-0.6204,,,,,,,,,,,,19.6724,-37.5457,13.1486,-65.7484,159.6916,39.8056,4.1814,6.126,-50.0,10.6386,6.8933,13.4313,0.6582,6.8384,0.6115,-50.0,6.8933,-146.5828,12.6059,18.8799,-120.0,-11.7918,176.7203,,1326.7601,,19809.7119,,
2026-08-26 19:23:00,42.4922621,-82.8051577,19.3143,13.1209,268.9292,227.5659,-106.0064,0.0,10.8832,1.0257,207.4333,2.1149,-0.6173,,,7.2461,17.3887,10.0,0.0047,48.092,17.2367,72.1617,0.0,0.0,20.9094,-38.2704,13.4312,-74.6276,154.6514,38.1726,4.6118,6.1084,-50.0,10.5885,6.8202,13.9672,0.8213,6.8061,0.6776,-50.0,6.8202,-145.5487,12.3585,18.6317,-120.0,-14.1717,177.1187,,1325.7737,,19794.9481,,
2026-08-26 19:23:01,42.492261,-82.8052398,,13.1209,268.9292,225.1995,,0.0,,,207.3466,2.1131,-0.6137,,,,,,,,,,,,20.6601,-38.2624,13.1718,-76.2454,152.9882,39.8228,3.4081,6.2441,-50.0,10.4491,6.744,14.6362,0.8531,6.7166,0.5074,-50.0,6.744,-144.4702,12.1005,18.3729,-120.0,-20.8831,177.3605,,1324.663,,19778.5439,,
2026-08-26 19:23:02,42.492259785917874,-82.80533027798315,19.1503,13.1209,268.9292,224.7813,-102.2833,0.0,10.2113,-0.3222,207.2161,2.1105,-0.6084,,,,,,,,,,,,19.7579,-41.8817,13.286,-83.1178,148.1016,39.3988,2.9475,6.2178,-50.0,10.424,6.6908,14.8767,0.8678,6.7004,0.4399,-50.0,6.6908,-143.719,11.9208,18.1926,-120.0,-25.7971,176.1611,,1323.6643,,19763.4521,,
2026-08-26 19:23:03,42.492258651480434,-82.80541245388386,,13.1209,268.9292,222.7988,-102.3005,0.0,11.4984,-0.0383,207.129,2.1088,-0.6048,,,,,,,,,,,,20.0943,-38.728,12.8286,-78.5101,149.7831,,2.3989,6.2003,-50.0,10.4351,6.6912,15.1998,0.8582,6.7075,0.3576,-50.0,6.6912,-143.7248,11.9221,18.1939,-120.0,-29.6334,175.1809,,,,,,
2026-08-26 19:23:04,42.49225751704299,-82.80549462978459,19.5768,13.1209,268.9292,,32.6895,0.0,9.8951,1.8384,207.0417,2.1071,-0.6012,,,7.2462,17.3887,10.0,0.0042,48.092,17.2367,71.5878,0.0,0.0,20.2445,-36.9966,12.558,-75.9541,150.7374,39.3758,2.4247,6.1826,-50.0,10.2544,6.6441,14.749,0.8879,6.5914,0.3679,-50.0,6.6441,-143.0575,11.7625,18.0338,-120.0,-28.745,173.7585,,1321.6533,,19733.5964,,
2026-08-26 19:23:05,42.49225638260554,-82.8055768056853,,13.1209,268.9292,221.7618,160.1921,0.0,9.468,1.0447,206.9544,2.1054,-0.5977,,,,,,,,,,,,,,,,,39.3758,2.7146,6.165,-50.0,10.2088,6.5694,14.4945,0.9046,6.5621,0.4137,-50.0,6.5694,-142.0018,11.5099,17.7804,-120.0,-28.049,172.7426,,1320.7548,,19720.145,,
2026-08-26 19:23:06,42.4922552481681,-82.80565898158603,19.3799,13.1209,268.9292,225.5204,-76.0601,0.0,9.3583,-0.5953,206.8669,2.1037,-0.5941,,,,,,,,,,,,19.3937,-39.9819,12.5822,-82.0535,148.2953,39.3529,2.5552,6.1473,-50.0,10.2397,6.5694,14.65,0.8954,6.5819,0.3882,-50.0,6.5694,-142.0016,11.5099,17.7804,-120.0,-29.6561,173.9586,,1319.742,,19705.0531,,
2026-08-26 19:23:07,42.49225411373065,-82.80574115748675,,13.1209,268.9292,224.9474,167.6658,0.0,9.3368,2.3543,206.7791,2.102,-0.5905,,,,,,,,,,,,20.4733,-36.2229,12.5657,-74.3232,153.4027,39.3529,2.8394,6.1295,-50.0,10.2291,6.5811,14.4823,0.9059,6.5751,0.4318,-50.0,6.5811,-142.1675,11.5496,17.8202,-120.0,-26.9744,174.6814,,1318.761,,19690.2893,,
2026-08-26 19:23:08,42.4922528,-82.8058315,19.1503,13.1209,268.9292,226.9012,,0.0,9.9691,-0.57,206.6913,2.1003,-0.587,,,7.2462,17.3887,10.0,0.0024,48.092,17.2367,70.7864,0.0,0.0,19.3253,-39.1362,12.3398,-81.2897,150.3575,39.3529,2.9351,6.1117,-50.0,10.2622,6.568,14.5147,0.9039,6.5964,0.445,-50.0,6.568,-141.9814,11.5051,17.7755,-120.0,-28.5425,176.126,,1317.6532,,19673.8851,,
2026-08-26 19:23:09,42.4922517,-82.8059137,,13.1209,268.9292,227.3596,51.4081,0.0,,,206.6034,2.0986,-0.5834,,,,,,,,,,,,19.7349,-37.6154,12.3044,-78.2219,152.6993,38.9117,3.0509,6.0939,-50.0,10.2979,6.5567,14.5428,0.9022,6.6193,0.4609,-50.0,6.5567,-141.8214,11.4668,17.7371,-120.0,-27.1377,176.9199,,,,,,
2026-08-26 19:23:10,42.4922505,-82.8059959,19.2487,13.1209,268.9292,227.9096,100.1519,0.0,11.7853,0.8169,206.5153,2.0969,-0.5799,,,,,,,,,,,,20.2319,-39.1415,13.0273,-78.6189,152.1904,39.2326,2.6499,6.076,-50.0,10.2488,6.6016,14.6252,0.8971,6.5878,0.4022,-50.0,6.6016,-142.4574,11.6189,17.8898,-120.0,-27.7958,177.098,,1315.6516,,19644.0295,,
2026-08-26 19:23:11,42.4922494,-82.806078,,13.1209,268.9292,227.096,-121.1015,0.0,11.3059,-0.8585,206.427,2.0952,-0.5763,,,,,,,,,,,,21.0662,-36.1691,13.0257,-72.6452,156.3008,40.0749,,6.0581,-50.0,,6.6194,,,,,-50.0,6.6194,-142.7092,11.6792,17.9502,-120.0,-25.5276,177.257,,1314.6452,,19628.9376,,
2026-08-26 19:23:12,42.4922483,-82.8061602,19.4455,13.1209,268.9292,227.1189,-68.6071,0.0,10.4874,2.8872,206.3386,2.0935,-0.5727,,,7.2463,17.3887,10.0,0.0028,48.092,17.2367,71.7712,0.0,0.0,19.8335,-38.3693,12.5486,-78.8386,153.1066,39.1295,3.1723,6.0402,-50.0,10.2285,6.5913,14.3136,0.9167,6.5748,0.4825,-50.0,6.5913,-142.3109,11.5839,17.8546,-120.0,-27.2197,177.7289,,1313.6495,,19613.8458,,
2026-08-26 19:23:13,42.4922471,-82.8062424,,13.1209,268.9292,228.3451,77.6209,0.0,10.8468,0.2351,206.2501,2.0919,-0.5692,,,,,,,,,,,,20.0674,-37.1427,12.4533,-76.6499,154.0059,39.605,3.142,6.0222,-50.0,10.2911,6.5918,14.4803,0.9061,6.615,0.475,-50.0,6.5918,-142.3187,11.5858,17.8565,-120.0,-26.3473,177.7076,,1312.7376,,19600.3943,,
2026-08-26 19:23:14,42.492246,-82.8063245,19.3799,13.1209,268.9292,227.6518,-98.6324,0.0,10.7564,-0.4701,206.1614,2.0902,-0.5656,,,,,,,,,,,,20.4105,-37.2834,12.7511,-75.843,154.8087,39.605,2.8595,6.0041,-50.0,10.2603,6.5957,14.548,0.9019,6.5952,0.4336,-50.0,6.5957,-142.3728,11.5987,17.8695,-120.0,-26.4331,177.8327,,,,,,
2026-08-26 19:23:15,42.4922448,-82.8064149,,13.1209,268.9292,,47.599,0.0,10.8107,1.6604,206.0726,2.0885,-0.562,,,,,,,,,,,,20.0043,-38.7844,12.7722,-78.8375,153.042,39.5878,3.1716,5.986,-50.0,10.2583,6.5918,14.386,0.9121,6.5939,0.481,-50.0,6.5918,-142.3185,11.5857,17.8564,-120.0,-27.0552,178.0437,,1310.7447,,19570.5387,,
2026-08-26 19:23:16,42.4922436,-82.8064971,19.3799,13.1209,268.9292,228.1789,-139.93,0.0,10.313,-1.2921,205.9837,2.0869,-0.5585,,,7.2464,17.3887,10.0,0.0032,48.092,17.2367,70.9902,0.0,0.0,20.8038,-36.3789,12.8617,-73.6134,156.0687,39.605,2.8456,5.9679,-50.0,10.2475,6.603,14.5241,0.9034,6.587,0.432,-50.0,6.603,-142.4761,11.6234,17.8943,-120.0,-25.7593,177.4763,,,,,,
2026-08-26 19:23:17,42.4922425,-82.8065793,,13.1209,268.9292,226.1908,,0.0,,,205.8946,2.0852,-0.5549,,,,,,,,,,,,19.2688,-38.2069,12.0878,-80.3794,151.3529,38.7685,3.3575,5.9497,-50.0,10.2585,6.529,14.2923,0.918,6.594,0.5092,-50.0,6.529,-141.4303,11.3732,17.6433,-120.0,-27.1204,177.1951,,1308.6303,,19539.0426,,
2026-08-26 19:23:18,42.4922414,-82.8066615,19.4455,13.1209,268.9292,227.1132,193.803,0.0,10.2981,2.2469,205.8054,2.0836,-0.5513,,,,,,,,,,,,21.405,-35.2652,13.1037,-70.5838,156.9763,40.0519,2.8954,5.9315,,10.2135,,14.4163,0.9101,6.5651,0.441,,,,,,,,,,1307.6402,,19524.2788,,
2026-08-26 19:23:19,42.4922402,-82.8067436,,13.1209,268.9292,225.8355,36.2923,0.0,9.4611,0.963,205.7159,2.0819,-0.5478,,,,,,,,,,,,20.384,-36.9341,12.6529,-75.4787,153.6232,39.2326,3.5931,5.9132,-50.0,10.2345,6.5992,14.1147,0.9296,6.5786,0.5462,-50.0,6.5992,-142.4224,11.6106,17.8814,-120.0,-24.2547,176.8345,,,,,,
2026-08-26 19:23:20,42.4922391,-82.8068258,19.3143,13.1209,268.9292,226.7809,-16.2159,0.0,8.3083,-0.1345,205.6265,2.0803,-0.5442,,,7.2465,17.3887,10.0,0.004,48.092,17.2367,70.5777,0.0,0.0,20.7371,-35.0782,12.5238,-72.0982,156.0883,39.2956,3.3453,5.8949,-50.0,10.1478,6.542,14.0316,0.9351,6.5229,0.5128,-50.0,6.542,-141.614,11.4172,17.6874,-120.0,-25.0901,176.5328,,1305.6319,,19494.4232,,
2026-08-26 19:23:21,42.492238,-82.806908,,13.1209,268.9292,227.9325,118.7776,0.0,9.4153,1.3101,205.5368,2.0787,-0.5406,,,,,,,,,,,,20.819,-37.8546,13.1994,-75.4449,154.9248,39.2956,3.4312,5.8766,-50.0,10.1534,6.5222,14.0017,0.9371,6.5264,0.5257,-50.0,6.5222,-141.3345,11.3503,17.6203,-120.0,-24.0977,176.9867,,1304.6246,,19479.3313,,
2026-08-26 19:23:22,42.4922368,-82.8069902,19.2159,13.1209,268.9292,227.5659,-72.478,0.0,10.1037,0.7764,205.447,2.077,-0.5371,,,,,,,,,,,,,,,,,39.2956,3.305,5.8582,-50.0,10.2827,6.6022,14.3773,0.9126,6.6096,0.5,-50.0,6.6022,-142.4655,11.6209,17.8917,-120.0,-25.4612,177.7389,,1303.7358,,19465.8799,,
2026-08-26 19:23:23,42.4922356,-82.8070805,,13.1209,268.9292,227.5659,17.5256,0.0,10.9708,0.1563,205.3481,2.0753,-0.5332,,,,,,,,,,,,20.1733,-37.5983,12.6367,-76.9072,153.8981,39.542,3.2748,5.8379,-50.0,10.3049,6.6035,14.4462,0.9083,6.6238,0.4944,-50.0,6.6035,-142.4842,11.6253,17.8962,-120.0,-25.7715,177.6432,,,,,,
2026-08-26 19:23:24,42.4922344,-82.8071627,19.3143,13.1209,268.9292,226.6835,,0.0,,,205.2579,2.0736,-0.5296,,,7.2466,17.3887,10.0,0.0036,48.092,17.2367,70.1914,0.0,0.0,20.1776,-38.7811,12.9045,-78.3384,152.7774,39.7368,2.9818,5.8194,-50.0,10.3131,6.6224,14.6147,0.8978,6.6291,0.4498,-50.0,6.6224,-142.7507,11.6891,17.9602,-120.0,-26.5178,177.6995,,1301.6283,,19434.3838,,
2026-08-26 19:23:25,42.4922333,-82.8072449,,13.1209,268.9292,,-173.7334,0.0,11.5548,-0.4256,205.1768,2.0722,-0.5264,,,,,,,,,,,,21.0505,-37.371,13.2769,-74.2297,155.3225,,3.1274,5.8027,-50.0,10.3474,6.6811,14.6238,0.8972,6.6512,0.4702,-50.0,6.6811,-143.5817,11.8879,18.1596,-120.0,-25.7005,177.3819,,1300.6245,,19419.62,,
2026-08-26 19:23:26,42.4922322,-82.8073271,19.5112,13.1209,268.9292,226.2824,-177.4874,0.0,10.3904,-0.0612,205.0864,2.0706,-0.5228,,,,,,,,,,,,20.3004,-36.6458,12.5237,-75.3523,154.1529,39.3357,3.2318,5.7842,-50.0,10.2454,6.5913,14.3243,0.916,6.5856,0.4907,-50.0,6.5913,-142.3111,11.5839,17.8547,-120.0,-26.7081,176.5966,,,,,,
2026-08-26 19:23:27,42.492231,-82.8074092,,13.1209,268.9292,224.7297,-57.4963,0.0,9.3605,0.7801,,,,,,,,,,,,,,,20.3111,-35.9123,12.3699,-74.3863,153.484,39.3357,3.3634,,-50.0,10.1661,6.5512,14.0666,0.9328,6.5346,0.5147,-50.0,6.5512,-141.7437,11.4482,17.7185,-120.0,-25.1166,175.2722,,1298.6032,,19389.4363,,
2026-08-26 19:23:28,42.4922299,-82.8074914,19.3143,13.1209,268.9292,223.5036,-57.4929,0.0,9.3186,-0.6944,204.9415,2.068,-0.5171,,,7.2466,17.3887,10.0,0.0056,48.092,17.2367,70.6128,0.0,0.0,20.5134,-35.7197,12.4866,-73.5613,153.4549,39.3529,3.5208,5.7544,-50.0,10.1919,6.543,14.0491,0.9339,6.5512,0.5374,-50.0,6.543,-141.6279,11.4205,17.6907,-120.0,-24.5565,174.2469,,1297.6034,,19374.3445,,
2026-08-26 19:23:29,42.4922287,-82.8075818,,13.1209,268.9292,226.122,-76.2664,0.0,9.2984,-0.4076,204.8509,2.0664,-0.5135,,,,,,,,,,,,19.5187,-37.475,12.1096,-78.7161,150.8001,39.3529,2.906,5.7357,-50.0,10.2289,6.5247,14.2964,0.8313,6.575,0.442,-50.0,6.5247,-141.3691,11.3586,17.6286,-120.0,-26.2289,174.9106,,,,,,
2026-08-26 19:23:30,42.4922282,-82.8076064,19.2159,0.0,268.9292,224.2771,96.226,0.0,8.9033,2.7043,204.7874,2.0653,-0.5111,,,,,,,,,,,,20.1346,-38.9613,16.3422,-50.7791,173.3574,39.903,,5.7226,-50.0,,6.934,,,,,-50.0,6.934,-147.1575,12.7434,19.0178,-120.0,-13.4104,174.5911,,1697.6108,,19360.893,,
2026-08-26 19:23:31,42.4922282,-82.8076064,,0.0,268.9292,223.7156,174.9641,0.0,9.5117,1.9516,204.7874,2.0653,-0.5111,,,,,,,,,,,,20.9754,-38.3756,20.62,-39.1619,184.5299,40.092,2.1969,0.0,-50.0,11.1554,7.5802,12.9629,0.303,7.1705,0.3064,-50.0,7.5802,-150.0,14.8232,21.3164,-120.0,2.4648,174.0994,,1697.6132,,19360.893,,
2026-08-26 19:23:32,42.4922282,-82.8076064,19.4455,0.0,268.9292,224.2255,,0.0,,,204.7874,2.0653,-0.5111,,,7.2467,17.3887,10.0,0.0052,48.092,17.2367,70.1566,0.0,0.0,20.3786,-38.9959,20.3483,-39.0649,186.3067,38.9117,,0.0,-50.0,,7.8872,,,,,-50.0,7.8872,-150.0,15.7884,22.4309,-120.0,7.7067,174.7792,,,,,,
2026-08-26 19:23:33,42.4922282,-82.8076064,,0.0,268.9292,222.9364,-147.5378,0.0,9.8027,-0.7907,204.7872,2.0653,-0.511,,,,,,,,,,,,18.9406,-40.8355,18.9374,-40.8437,182.8121,39.3357,,0.0,-50.0,,7.9724,,,,,-50.0,7.9724,-150.0,16.0562,22.7401,-120.0,9.4369,174.0226,,1697.6184,,19360.893,,
2026-08-26 19:23:34,42.4922282,-82.8076064,19.6424,0.0,268.9292,221.7733,-53.7801,0.0,9.8484,-0.1333,204.7872,2.0653,-0.511,,,,,,,,,,,,19.8827,-37.0023,19.8824,-37.0029,185.1155,39.2498,,0.0,-50.0,,8.0363,,,,,-50.0,8.0363,-150.0,16.2569,22.9718,-120.0,10.9184,172.7255,,1697.6066,,19360.893,,
2026-08-26 19:23:35,42.4922282,-82.8076064,,0.0,268.9292,222.0139,58.6995,0.0,7.7859,2.038,204.7872,2.0653,-0.511,,,,,,,,,,,,18.5347,-38.5564,18.5347,-38.5565,183.7879,38.6998,,0.0,-50.0,,7.9544,,,,,-50.0,7.9544,-150.0,15.9997,22.6748,-120.0,11.6586,172.495,,,,,,
2026-08-26 19:23:36,42.4922282,-82.8076064,19.1503,0.0,268.9292,,99.9594,0.0,10.021,2.7487,204.7874,2.0653,-0.5111,,,7.2468,17.3887,10.0,0.0044,48.092,17.2367,72.4503,0.0,0.0,19.0274,-40.377,19.0274,-40.377,182.4694,38.7227,,0.0,-50.0,,8.0049,,,,,-50.0,8.0049,-150.0,16.1583,22.858,-120.0,10.5509,173.0332,,1697.606,,19360.893,,
2026-08-26 19:23:37,42.4922282,-82.8076064,,0.0,268.9292,223.2973,-166.2872,0.0,11.575,0.5769,,,,,,,,,,,,,,,19.2219,-39.037,19.2219,-39.037,183.1425,40.0061,,,-50.0,,8.019,,,,,-50.0,8.019,-150.0,16.2027,22.9093,-120.0,10.7026,172.1446,,,,,,
2026-08-26 19:23:38,42.4922282,-82.8076064,19.2159,0.0,268.9292,219.8481,-117.54,0.0,11.0498,1.0962,204.7874,2.0653,-0.5111,,,,,,,,,,,,18.8135,-38.9445,18.8135,-38.9445,180.2429,39.7826,,0.0,,,,,,,,,,,,,,,,,1697.6236,,19361.2211,,
2026-08-26 19:23:39,42.4922282,-82.8076064,19.1503,0.0,268.9292,217.5391,6.1983,0.0,9.5384,1.4721,204.7874,2.0653,-0.5111,,,,,,,,,,,,19.2186,-37.6925,19.2186,-37.6925,179.7699,39.7826,,0.0,-50.0,,7.931,,,,,-50.0,7.931,-150.0,15.9259,22.5896,-120.0,10.82,169.73,,,,,,
2026-08-26 19:23:40,42.4922282,-82.8076064,,0.0,268.9292,217.8084,62.4364,0.0,9.3121,0.7157,204.7874,2.0653,-0.5111,,,7.2469,17.3887,10.0,0.0052,48.092,17.2367,72.1974,0.0,0.0,19.6607,-37.1836,19.6607,-37.1836,180.7719,39.3988,,0.0,-50.0,,7.9587,,,,,-50.0,7.9587,-150.0,16.013,22.6902,-120.0,11.8573,168.3492,,1697.6242,,19361.2211,,
2026-08-26 19:23:41,42.4922282,-82.8076064,19.019,0.0,268.9292,219.3267,,0.0,,,204.7874,2.0653,-0.5111,,,,,,,,,,,,,,,,,39.3988,,0.0,-50.0,,8.0303,,,,,-50.0,8.0303,-150.0,16.238,22.95,-120.0,12.4653,168.3277,,,,,,
2026-08-26 19:23:42,42.4922282,-82.8076064,,0.0,268.9292,219.4528,21.1765,0.0,10.9005,1.1523,204.7874,2.0653,-0.5111,,,,,,,,,,,,20.2359,-37.8777,20.2359,-37.8777,181.2105,39.3988,,0.0,-50.0,,8.0832,,,,,-50.0,8.0832,-150.0,16.4045,23.1422,-120.0,12.325,168.9984,,1697.627,,19361.2211,,
2026-08-26 19:23:43,42.4922282,-82.8076064,19.5112,0.0,268.9292,217.3099,-113.8238,0.0,9.7151,0.2087,204.7872,2.0653,-0.511,,,,,,,,,,,,20.1119,-35.3753,20.1119,-35.3753,183.7414,39.3988,,0.0,-50.0,,8.1078,,,,,-50.0,8.1078,-150.0,16.4711,23.2154,-120.0,12.9997,168.7942,,1697.6137,,19360.893,,
2026-08-26 19:23:44,42.4922282,-82.8076064,19.3799,0.0,268.9292,216.9604,-113.8341,0.0,8.9674,-0.1642,204.7874,2.0653,-0.5111,,,7.2469,17.3887,10.0,0.0033,48.092,17.2367,71.3453,0.0,0.0,19.4267,-35.5357,19.4267,-35.5357,182.2051,39.3988,,0.0,-50.0,,8.0856,,,,,-50.0,8.0856,-150.0,16.412,23.151,-120.0,13.9379,168.0805,,1697.6104,,19360.893,,
2026-08-26 19:23:45,42.4922282,-82.8076064,,0.0,268.9292,216.3244,-113.8341,0.0,9.7625,0.3601,204.7874,2.0653,-0.5111,,,,,,,,,,,,19.6939,-35.609,19.6939,-35.609,181.7815,39.2727,,0.0,-50.0,,8.0897,,,,,-50.0,8.0897,-150.0,16.4248,23.1657,-120.0,14.6126,167.606,,,,,,
2026-08-26 19:23:46,42.4922282,-82.8076064,19.019,0.0,268.9292,,-8.8419,0.0,11.0901,0.9229,204.7874,2.0653,-0.5111,,,,,,,,,,,,20.3869,-35.3067,20.3869,-35.3067,181.27,39.2727,,0.0,-50.0,,8.1114,,,,,-50.0,8.1114,-150.0,16.4781,23.2218,-120.0,14.502,166.9807,,1697.6258,,19361.2211,,
2026-08-26 19:23:47,42.4922282,-82.8076064,,0.0,268.9292,216.4505,,0.0,,,204.7874,2.0653,-0.5111,,,,,,,,,,,,20.3595,-36.4143,20.3595,-36.4143,179.8523,,,0.0,-50.0,,8.1382,,,,,-50.0,8.1382,-150.0,16.5297,23.2695,-120.0,14.1693,166.447,,1697.6193,,19360.893,,
2026-08-26 19:23:48,42.4922282,-82.8076064,19.1503,0.0,268.9292,216.0322,21.149,0.0,10.1949,0.8531,204.7874,2.0653,-0.5111,,,7.247,17.3887,10.0,0.004,48.092,17.2367,71.7832,0.0,0.0,19.8868,-34.9366,19.8868,-34.9366,180.8161,39.542,,0.0,-50.0,,8.1509,,,,,-50.0,8.1509,-150.0,16.5542,23.2921,-120.0,15.0212,166.3115,,1697.6198,,19360.893,,
2026-08-26 19:23:49,42.4922282,-82.8076064,,0.0,268.9292,217.1151,-50.1086,0.0,10.185,0.7263,204.7874,2.0653,-0.5111,,,,,,,,,,,,20.6059,-35.1644,20.6059,-35.1644,181.9469,40.2868,,0.0,-50.0,,8.1623,,,,,-50.0,8.1623,-150.0,16.576,23.3123,-120.0,15.2872,167.0583,,1697.6227,,19361.2211,,
2026-08-26 19:23:50,42.4922282,-82.8076064,19.2159,0.0,268.9292,215.8374,-106.3604,0.0,11.4603,0.0013,204.7874,2.0653,-0.5111,,,,,,,,,,,,22.0513,-34.9587,22.0513,-34.9587,181.6454,39.6165,,0.0,-50.0,,8.1912,,,,,-50.0,8.1912,-150.0,16.6317,23.3637,-120.0,15.0602,166.6351,,1697.6326,,19361.2211,,
2026-08-26 19:23:51,42.4922282,-82.8076064,,0.0,268.9292,215.253,-177.6146,0.0,10.8853,-0.7687,204.7874,2.0653,-0.5111,,,,,,,,,,,,21.2624,-34.303,21.2624,-34.303,182.0706,38.6195,,0.0,-50.0,,8.1788,,,,,-50.0,8.1788,-150.0,16.6079,23.3417,-120.0,15.2108,166.233,,,,,,
2026-08-26 19:23:52,42.4922282,-82.8076064,19.3799,0.0,268.9292,215.5567,-117.6259,0.0,9.8501,-0.6282,,,,,,7.2471,17.3887,10.0,0.0035,48.092,17.2367,72.0436,0.0,0.0,20.5138,-34.3853,20.5138,-34.3853,180.73,39.2326,,,-50.0,,8.1629,,,,,-50.0,8.1629,-150.0,16.5772,23.3134,-120.0,15.4717,165.501,,1697.6157,,19360.893,,
2026-08-26 19:23:53,42.4922282,-82.8076064,,0.0,268.9292,217.0693,,0.0,,,204.7874,2.0653,-0.5111,,,,,,,,,,,,19.4186,-34.2862,19.4186,-34.2862,181.1981,39.542,,0.0,-50.0,,8.1282,,,,,-50.0,8.1282,-150.0,16.5104,23.2516,-120.0,15.8563,165.8286,,1697.6114,,19360.893,,
2026-08-26 19:23:54,42.4922282,-82.8076064,19.3143,0.0,268.9292,214.9608,-136.3789,0.0,10.7462,-0.1822,204.7874,2.0653,-0.5111,,,,,,,,,,,,21.0132,-35.0103,21.0132,-35.0103,180.6297,39.9488,,0.0,-50.0,,8.1609,,,,,-50.0,8.1609,-150.0,16.5733,23.3098,-120.0,15.3588,165.5671,,1697.6169,,19360.893,,
2026-08-26 19:23:55,42.4922282,-82.8076064,,0.0,268.9292,217.2469,21.1112,0.0,11.1466,0.9292,204.7874,2.0653,-0.5111,,,,,,,,,,,,19.9128,-35.0731,19.9128,-35.0731,180.3946,38.8258,,0.0,-50.0,,8.1441,,,,,-50.0,8.1441,-150.0,16.5411,23.28,-120.0,14.6454,165.4486,,,,,,
2026-08-26 19:23:56,42.4922282,-82.8076064,19.3799,0.0,268.9292,216.4161,-98.8971,0.0,10.3567,-0.5061,204.7874,2.0653,-0.5111,,,7.2472,17.3887,10.0,0.0041,48.092,17.2367,72.2222,0.0,0.0,21.0835,-34.9288,21.0835,-34.9288,181.3397,39.2956,,0.0,-50.0,,8.1663,,,,,-50.0,8.1663,-150.0,16.5837,23.3194,-120.0,15.3977,166.1664,,1697.6264,,19361.2211,,
2026-08-26 19:23:57,42.4922282,-82.8076064,,0.0,268.9292,214.8577,39.8435,0.0,11.1914,3.4374,204.7874,2.0653,-0.5111,,,,,,,,,,,,21.1795,-35.1213,21.1795,-35.1213,180.9346,38.6998,,0.0,-50.0,,8.1541,,,,,-50.0,8.1541,-150.0,16.5603,23.2977,-120.0,14.4217,166.212,,,,,,
2026-08-26 19:23:58,42.4922282,-82.8076064,19.5112,0.0,268.9292,,-65.1625,0.0,9.6909,0.6402,204.7874,2.0653,-0.5111,,,,,,,,,,,,20.1249,-34.3116,20.1249,-34.3116,180.0407,39.8858,,0.0,,,,,,,,,,,,,,,,,1697.6336,,19361.2211,,
2026-08-26 19:23:59,42.4922282,-82.8076064,,0.0,268.9292,213.6602,144.8254,0.0,9.5125,2.0235,204.7874,2.0653,-0.5111,,,,,,,,,,,,19.9672,-34.5368,19.9672,-34.5368,180.184,39.3185,,0.0,-50.0,,8.1457,,,,,-50.0,8.1457,-150.0,16.5442,23.2829,-120.0,15.4823,164.9621,,,,,,
2026-08-26 19:24:00,42.4922282,-82.8076064,19.2159,0.0,268.9292,215.0926,-57.6751,0.0,8.6292,-0.1897,204.7874,2.0653,-0.5111,,,7.2472,17.3887,10.0,0.0022,48.092,17.2367,72.5714,0.0,0.0,20.2107,-33.3128,20.2107,-33.3128,181.318,39.2727,,0.0,-50.0,,8.1209,,,,,-50.0,8.1209,-150.0,16.4964,23.2387,-120.0,15.2464,164.6911,,1697.6376,,19361.2211,,
2026-08-26 19:24:01,42.4922282,-82.8076064,,0.0,268.9292,214.8175,193.5417,0.0,8.9688,2.211,204.7874,2.0653,-0.5111,,,,,,,,,,,,,,,,,39.2727,,0.0,-50.0,,8.1291,,,,,-50.0,8.1291,-150.0,16.5122,23.2533,-120.0,16.1334,164.6295,,,,,,
2026-08-26 19:24:02,42.4922282,-82.8076064,19.3143,0.0,268.9292,217.3328,,0.0,,,204.7874,2.0653,-0.5111,,,,,,,,,,,,18.988,-35.9945,18.988,-35.9945,180.0693,39.2956,,0.0,-50.0,,8.0649,,,,,-50.0,8.0649,-150.0,16.347,23.0759,-120.0,15.2195,165.9515,,1697.6291,,19361.2211,,
2026-08-26 19:24:03,42.4922282,-82.8076064,,0.0,268.9292,217.1896,-42.7071,0.0,8.8934,0.3892,204.7874,2.0653,-0.5111,,,,,,,,,,,,19.3988,-33.4131,19.3988,-33.4131,183.125,39.2727,,0.0,-50.0,,8.006,,,,,-50.0,8.006,-150.0,16.1617,22.8619,-120.0,15.7259,166.3924,,1697.6172,,19360.893,,
2026-08-26 19:24:04,42.4922282,-82.8076064,19.3143,0.0,268.9292,216.9833,62.2782,0.0,8.9054,0.7482,204.7874,2.0653,-0.5111,,,7.2473,17.3887,10.0,0.0064,48.092,17.2367,71.3512,0.0,0.0,18.8155,-35.271,18.8155,-35.271,182.3023,39.3185,,0.0,-50.0,,7.9125,,,,,-50.0,7.9125,-150.0,15.8677,22.5224,-120.0,15.2556,167.1188,,1697.6336,,19361.2211,,
2026-08-26 19:24:05,42.4922282,-82.8076064,,0.0,268.9292,218.5933,122.2738,0.0,8.4892,2.3194,204.7874,2.0653,-0.5111,,,,,,,,,,,,20.1981,-35.3304,20.1981,-35.3304,181.7608,39.2097,,0.0,-50.0,,8.0854,,,,,-50.0,8.0854,-150.0,16.4114,23.1502,-120.0,15.5981,167.0978,,1697.6263,,19361.2211,,
2026-08-26 19:24:06,42.4922282,-82.8076064,19.3799,0.0,268.9292,219.321,-5.2185,0.0,8.6922,-0.6351,,,,,,,,,,,,,,,21.3335,-33.8195,21.3335,-33.8195,184.453,39.479,,,-50.0,,8.1389,,,,,-50.0,8.1389,-150.0,16.531,23.2707,-120.0,15.2524,168.0403,,1697.6077,,19360.893,,
2026-08-26 19:24:07,42.4922282,-82.8076064,,0.0,268.9292,220.6503,-42.7174,0.0,8.6945,0.0586,204.7874,2.0653,-0.5111,,,,,,,,,,,,20.447,-34.313,20.447,-34.313,184.7106,39.4618,,0.0,-50.0,,8.1415,,,,,-50.0,8.1415,-150.0,16.536,23.2753,-120.0,15.7272,168.7068,,,,,,
2026-08-26 19:24:08,42.4922282,-82.8076064,19.1503,0.0,268.9292,219.4814,-188.9626,0.0,11.246,-1.0153,204.7874,2.0653,-0.5111,,,7.2474,17.3887,10.0,0.0008,48.092,17.2367,70.9339,0.0,0.0,20.2737,-36.8895,20.2737,-36.8895,184.029,40.029,,0.0,-50.0,,8.1229,,,,,-50.0,8.1229,-150.0,16.5002,23.2423,-120.0,14.2077,169.9951,,1697.6192,,19360.893,,
2026-08-26 19:24:09,42.4922282,-82.8076064,19.2487,0.0,268.9292,,-1.4576,0.0,10.3088,1.3185,204.7874,2.0653,-0.5111,,,,,,,,,,,,19.8755,-35.3835,19.8755,-35.3835,184.2321,39.4389,,0.0,-50.0,,8.136,,,,,-50.0,8.136,-150.0,16.5255,23.2656,-120.0,14.3647,169.871,,1697.6237,,19361.2211,,
2026-08-26 19:24:10,42.4922282,-82.8076064,,0.0,268.9292,217.7282,,0.0,10.1823,1.3114,204.7874,2.0653,-0.5111,,,,,,,,,,,,20.2711,-35.2886,20.2711,-35.2886,183.0026,39.4217,,0.0,-50.0,,8.1143,,,,,-50.0,8.1143,-150.0,16.4837,23.227,-120.0,14.2021,168.5473,,,,,,
2026-08-26 19:24:11,42.4922282,-82.8076064,19.3143,0.0,268.9292,219.1606,159.7933,0.0,9.1775,-0.8075,204.7874,2.0653,-0.5111,,,,,,,,,,,,19.4554,-35.1424,19.4554,-35.1424,183.5454,39.4389,,0.0,-50.0,,8.06,,,,,-50.0,8.06,-150.0,16.3314,23.0579,-120.0,14.5192,168.6267,,1697.6164,,19360.893,,
2026-08-26 19:24:12,42.4922282,-82.8076064,19.4455,0.0,268.9292,218.3699,-20.2036,0.0,9.132,2.2526,204.7874,2.0653,-0.5111,,,7.2475,17.3887,10.0,0.0051,48.092,17.2367,72.2986,0.0,0.0,18.9221,-35.4366,18.9221,-35.4366,182.6751,39.1524,,0.0,-50.0,,8.0189,,,,,-50.0,8.0189,-150.0,16.2022,22.9087,-120.0,15.2959,168.5841,,,,,,
2026-08-26 19:24:13,42.4922282,-82.8076064,,0.0,268.9292,218.7079,-143.9522,0.0,7.8176,0.5734,204.7874,2.0653,-0.5111,,,,,,,,,,,,20.4962,-32.6065,20.4962,-32.6065,186.5455,,,0.0,-50.0,,8.0801,,,,,-50.0,8.0801,-150.0,16.3946,23.1309,-120.0,15.8434,168.8961,,1697.6251,,19361.2211,,
2026-08-26 19:24:14,,,19.3143,,,219.046,28.5402,,8.8658,0.6144,204.7874,2.0653,-0.5111,,,,,,,,,,,,19.7435,-34.7227,19.7435,-34.7227,184.2784,39.479,,0.0,-50.0,,8.0442,,,,,-50.0,8.0442,-150.0,16.2818,23.0006,-120.0,15.8079,168.9718,,,,,,
2026-08-26 19:24:15,42.4922282,-82.8076064,,0.0,268.9292,219.6017,92.2897,0.0,,,204.7874,2.0653,-0.5111,,,,,,,,,,,,19.9493,-34.234,19.9493,-34.234,185.3577,39.3758,,0.0,-50.0,,8.0778,,,,,-50.0,8.0778,-150.0,16.3874,23.1225,-120.0,15.6013,169.386,,1697.6293,,19361.2211,,
2026-08-26 19:24:16,42.4922282807529,-82.8076064866036,19.1503,0.0,268.9292,219.6762,36.0482,0.0,10.1547,-0.2912,204.7874,2.0653,-0.5111,,,7.2475,17.3887,10.0,0.0047,48.092,17.2367,71.9092,0.0,0.0,19.5897,-35.7692,19.5897,-35.7692,183.3663,39.3758,,0.0,-50.0,,8.072,,,,,-50.0,8.072,-150.0,16.3693,23.1016,-120.0,15.0442,169.2944,,,,,,
2026-08-26 19:24:17,42.4922282807529,-82.8076064866036,19.3799,0.0,268.9292,218.0318,-140.2016,0.0,10.2055,-0.7717,204.7874,2.0653,-0.5111,,,,,,,,,,,,20.3903,-34.0702,20.3903,-34.0702,184.2358,39.3758,,0.0,-50.0,,8.1128,,,,,-50.0,8.1128,-150.0,16.4808,23.2243,-120.0,15.5567,168.5433,,1697.6208,,19360.893,,
2026-08-26 19:24:18,42.4922282807529,-82.8076064866036,,0.0,268.9292,,77.3046,0.0,9.6666,0.939,204.7874,2.0653,-0.5111,,,,,,,,,,,,19.8543,-34.7578,19.8543,-34.7578,183.9842,39.4618,,0.0,-50.0,,8.0758,,,,,-50.0,8.0758,-150.0,16.3811,23.1153,-120.0,15.4011,168.9177,,1697.6106,,19360.893,,
2026-08-26 19:24:19,42.4922282807529,-82.8076064866036,19.2487,0.0,268.9292,220.1976,107.2955,0.0,9.2989,0.1027,204.7874,2.0653,-0.5111,,,,,,,,,,,,19.9285,-33.9596,19.9285,-33.9596,185.5343,39.479,,0.0,,,,,,,,,,,,,,,,,,,,,
2026-08-26 19:24:20,42.4922282807529,-82.8076064866036,,0.0,268.9292,219.5903,,0.0,,,204.7874,2.0653,-0.5111,,,7.2476,17.3887,10.0,0.0019,48.092,17.2367,71.4088,0.0,0.0,20.5219,-34.4053,20.5219,-34.4053,184.6239,39.2326,,0.0,-50.0,,8.1015,,,,,-50.0,8.1015,-150.0,16.459,23.2042,-120.0,15.8208,169.2815,,1697.6264,,19361.2211,,
2026-08-26 19:24:21,42.4922282807529,-82.8076064866036,19.1503,0.0,268.9292,218.4673,-35.2025,0.0,9.6402,-0.2061,204.7874,2.0653,-0.5111,,,,,,,,,,,,19.5557,-33.084,19.5557,-33.084,185.7664,39.2326,,0.0,-50.0,,8.1021,,,,,-50.0,8.1021,-150.0,16.4603,23.2053,-120.0,15.5486,169.1691,,1697.6308,,19361.2211,,
2026-08-26 19:24:22,42.4922282807529,-82.8076064866036,,0.0,268.9292,219.7794,43.5391,0.0,8.3768,0.4079,,,,,,,,,,,,,,,19.9918,-33.4866,19.9918,-33.4866,186.4647,39.2097,,,-50.0,,8.0616,,,,,-50.0,8.0616,-150.0,16.3365,23.0638,-120.0,16.3156,168.8794,,1697.6206,,19360.893,,
2026-08-26 19:24:23,42.4922282,-82.8076064,19.0846,0.0,268.9292,220.7075,-31.4726,0.0,8.1447,0.4621,204.7874,2.0653,-0.5111,,,,,,,,,,,,19.7073,-34.3061,19.7073,-34.3061,186.46,39.2326,,0.0,-50.0,,8.0775,,,,,-50.0,8.0775,-150.0,16.3866,23.1216,-120.0,16.2817,169.8235,,,,,,
2026-08-26 19:24:24,42.4922282,-82.8076064,,0.0,268.9292,220.8107,-27.7151,0.0,9.2705,-0.3123,204.7874,2.0653,-0.5111,,,7.2477,17.3887,10.0,0.0022,48.092,17.2367,71.1367,0.0,0.0,,,,,,39.2326,,0.0,-50.0,,8.0717,,,,,-50.0,8.0717,-150.0,16.3682,23.1003,-120.0,16.0233,170.5528,,1697.6268,,19361.2211,,
2026-08-26 19:24:25,42.4922282,-82.8076064,19.019,0.0,268.9292,220.3523,-83.967,0.0,9.3386,-0.7676,204.7874,2.0653,-0.5111,,,,,,,,,,,,20.0987,-35.0079,20.0987,-35.0079,186.002,39.2326,,0.0,-50.0,,8.0956,,,,,-50.0,8.0956,-150.0,16.4434,23.1872,-120.0,15.4991,170.9158,,,,,,
2026-08-26 19:24:26,42.4922282,-82.8076064,,0.0,268.9292,221.6186,9.7838,0.0,9.202,0.1371,204.7874,2.0653,-0.5111,,,,,,,,,,,,20.4089,-34.5383,20.4089,-34.5383,186.1229,39.2326,,0.0,-50.0,,8.1136,,,,,-50.0,8.1136,-150.0,16.4824,23.2258,-120.0,15.5681,170.7782,,1697.605,,19360.893,,
2026-08-26 19:24:27,42.4922282,-82.8076064,19.3143,0.0,268.9292,224.2771,,0.0,,,204.7874,2.0653,-0.5111,,,,,,,,,,,,20.9236,-33.8787,20.9236,-33.8787,187.7937,40.0519,,0.0,-50.0,,8.1143,,,,,-50.0,8.1143,-150.0,16.4837,23.227,-120.0,15.4249,171.3035,,,,,,
2026-08-26 19:24:28,42.4922282,-82.8076064,,0.0,268.9292,,204.7763,0.0,8.9947,1.5116,204.7874,2.0653,-0.5111,,,7.2478,17.3887,10.0,0.0021,48.092,17.2367,70.9427,0.0,0.0,19.7038,-35.0985,19.7038,-35.0985,188.0698,40.115,,0.0,-50.0,,8.081,,,,,-50.0,8.081,-150.0,16.3975,23.1342,-120.0,15.0373,172.6577,,1697.6112,,19360.893,,
2026-08-26 19:24:29,42.4922282,-82.8076064,19.2487,0.0,268.9292,222.541,54.7736,0.0,9.1296,1.9474,204.7874,2.0653,-0.5111,,,,,,,,,,,,19.4255,-35.5437,19.4255,-35.5437,187.0236,39.2097,,0.0,-50.0,,8.0988,,,,,-50.0,8.0988,-150.0,16.4536,23.199,-120.0,14.8518,172.517,,1697.6227,,19361.2211,,
2026-08-26 19:24:30,42.4922282,-82.8076064,,0.0,268.9292,220.6445,21.039,0.0,9.8999,-0.5246,204.7874,2.0653,-0.5111,,,,,,,,,,,,20.8506,-34.9304,20.8506,-34.9304,186.2315,39.5649,,0.0,-50.0,,8.1287,,,,,-50.0,8.1287,-150.0,16.5113,23.2525,-120.0,14.5379,171.6745,,1697.6085,,19360.893,,
2026-08-26 19:24:31,42.4922282,-82.8076064,19.3143,0.0,268.9292,222.1972,107.2886,0.0,8.7113,0.3729,204.7874,2.0653,-0.5111,,,,,,,,,,,,20.0162,-35.2959,20.0162,-35.2959,186.6586,39.542,,0.0,-50.0,,8.1015,,,,,-50.0,8.1015,-150.0,16.459,23.2041,-120.0,14.6306,171.8534,,1697.6284,,19361.2211,,
2026-08-26 19:24:32,42.4922282,-82.8076064,,0.0,268.9292,224.8214,174.775,0.0,8.6506,2.2721,204.7874,2.0653,-0.5111,,,7.2479,17.3887,10.0,0.0041,48.092,17.2367,71.7787,0.0,0.0,20.0061,-35.6227,20.0061,-35.6227,188.0009,39.0664,,0.0,-50.0,,8.0976,,,,,-50.0,8.0976,-150.0,16.4498,23.1946,-120.0,14.995,173.4163,,,,,,
2026-08-26 19:24:33,42.4922282,-82.8076064,19.3143,0.0,268.9292,225.973,-61.4738,0.0,9.7558,0.421,204.7874,2.0653,-0.5111,,,,,,,,,,,,20.9624,-36.3283,20.9624,-36.3283,189.8326,40.115,,0.0,-50.0,,8.1137,,,,,-50.0,8.1137,-150.0,16.4825,23.2259,-120.0,13.8596,175.3436,,1697.6231,,19361.2211,,
2026-08-26 19:24:34,42.4922282,-82.8076064,,0.0,268.9292,226.1678,,0.0,,,204.7874,2.0653,-0.5111,,,,,,,,,,,,19.6214,-39.0704,19.6214,-39.0704,187.3141,40.0519,,0.0,-50.0,,8.1025,,,,,-50.0,8.1025,-150.0,16.4609,23.206,-120.0,12.6178,175.9806,,,,,,
2026-08-26 19:24:35,42.4922282,-82.8076064,19.2159,0.0,268.9292,226.0361,-5.2185,0.0,11.436,-0.1251,204.7874,2.0653,-0.5111,,,,,,,,,,,,19.8391,-38.4271,19.8391,-38.4271,187.8684,39.8858,,0.0,-50.0,,8.1159,,,,,-50.0,8.1159,-150.0,16.4868,23.2298,-120.0,12.0207,176.1206,,1697.6248,,19361.2211,,
2026-08-26 19:24:36,42.4922282,-82.8076064,,0.0,268.9292,226.5403,-76.4727,0.0,11.6773,-0.3752,204.7874,2.0653,-0.5111,,,7.2479,17.3887,10.0,0.0027,48.092,17.2367,71.7803,0.0,0.0,20.4686,-37.9898,20.4686,-37.9898,187.8433,39.8629,,0.0,-50.0,,8.1302,,,,,-50.0,8.1302,-150.0,16.5143,23.2553,-120.0,11.9758,175.8729,,,,,,
2026-08-26 19:24:37,42.4922282,-82.8076064,19.2159,0.0,268.9292,226.5574,-16.4702,0.0,11.1279,-0.058,204.7874,2.0653,-0.5111,,,,,,,,,,,,20.253,-38.0056,20.253,-38.0056,187.8936,39.8457,,0.0,-50.0,,8.1033,,,,,-50.0,8.1033,-150.0,16.4625,23.2074,-120.0,12.0044,175.9199,,1697.6303,,19361.2211,,
2026-08-26 19:24:38,42.4922282,-82.8076064,,0.0,268.9292,,152.2716,0.0,9.7779,2.2095,204.7874,2.0653,-0.5111,,,,,,,,,,,,20.3858,-37.5377,20.3858,-37.5377,189.4828,,,0.0,-50.0,,8.0487,,,,,-50.0,8.0487,-150.0,16.2958,23.0168,-120.0,11.8298,176.5393,,1697.6276,,19361.2211,,
2026-08-26 19:24:39,42.4922282,-82.8076064,18.9534,0.0,268.9292,225.4516,-53.9761,0.0,10.3427,0.4631,204.7874,2.0653,-0.5111,,,,,,,,,,,,19.0907,-39.8982,19.0907,-39.8982,185.4972,40.3957,,0.0,-50.0,,8.0403,,,,,-50.0,8.0403,-150.0,16.2697,22.9866,-120.0,11.5828,175.7701,,,,,,
2026-08-26 19:24:40,42.4922282,-82.8076064,,0.0,268.9292,223.2228,-263.9536,0.0,12.7461,-0.6174,204.7874,2.0653,-0.5111,,,7.248,17.3887,10.0,0.0053,48.092,17.2367,71.7897,0.0,0.0,20.5999,-38.2386,20.5999,-38.2386,183.9142,38.8888,,0.0,-50.0,,8.126,,,,,-50.0,8.126,-150.0,16.5063,23.2478,-120.0,11.2187,173.4134,,1697.6261,,19361.2211,,
2026-08-26 19:24:41,42.4922282,-82.8076064,19.2159,0.0,268.9292,222.3462,-42.7106,0.0,10.6248,-0.0133,204.7874,2.0653,-0.5111,,,,,,,,,,,,20.3697,-36.5814,20.3697,-36.5814,185.3716,39.4389,,0.0,,,,,,,,,,,,,,,,,1697.606,,19360.893,,
2026-08-26 19:24:42,42.4922282,-82.8076064,,0.0,268.9292,221.63,43.5322,0.0,10.0386,2.2514,,,,,,,,,,,,,,,19.3206,-37.9248,19.3206,-37.9248,184.3153,39.3529,,,-50.0,,8.1095,,,,,-50.0,8.1095,-150.0,16.4745,23.2185,-120.0,12.4065,172.4534,,1697.6158,,19360.893,,
2026-08-26 19:24:43,42.4922282,-82.8076064,19.2487,0.0,268.9292,222.5754,-38.9703,0.0,10.7149,-0.359,204.7874,2.0653,-0.5111,,,,,,,,,,,,20.451,-36.9028,20.451,-36.9028,185.5649,39.3529,,0.0,-50.0,,8.075,,,,,-50.0,8.075,-150.0,16.3785,23.1123,-120.0,12.7727,172.2244,,1697.6126,,19360.893,,
2026-08-26 19:24:44,42.4922282,-82.8076064,,0.0,268.9292,223.3202,-20.2243,0.0,11.9911,0.1872,204.7874,2.0653,-0.5111,,,7.2481,17.3887,10.0,0.0046,48.092,17.2367,72.243,0.0,0.0,,,,,,39.7826,,0.0,-50.0,,8.1255,,,,,-50.0,8.1255,-150.0,16.5053,23.2469,-120.0,13.0832,172.4948,,1697.619,,19360.893,,
2026-08-26 19:24:45,42.4922282,-82.8076064,19.2159,0.0,268.9292,224.8157,,0.0,,,204.7874,2.0653,-0.5111,,,,,,,,,,,,20.5769,-37.702,20.5769,-37.702,185.3525,39.7196,,0.0,-50.0,,8.1303,,,,,-50.0,8.1303,-150.0,16.5144,23.2554,-120.0,12.5945,173.044,,,,,,
2026-08-26 19:24:46,42.4922282,-82.8076064,,0.0,268.9292,222.7358,-267.7386,0.0,12.035,-1.7515,204.7874,2.0653,-0.5111,,,,,,,,,,,,21.2232,-35.9667,21.2232,-35.9667,187.8967,40.2525,,0.0,-50.0,,8.1416,,,,,-50.0,8.1416,-150.0,16.5363,23.2756,-120.0,13.2985,173.6579,,1697.6164,,19360.893,,
2026-08-26 19:24:47,42.4922282,-82.8076064,19.0846,0.0,268.9292,226.907,171.0004,0.0,11.6383,1.1795,204.7874,2.0653,-0.5111,,,,,,,,,,,,20.5824,-36.5654,20.5824,-36.5654,186.3357,39.7826,,0.0,-50.0,,8.1266,,,,,-50.0,8.1266,-150.0,16.5074,23.2489,-120.0,13.6493,173.0132,,,,,,
2026-08-26 19:24:48,42.4922282,-82.8076064,,0.0,268.9292,226.821,-102.7439,0.0,11.4299,-0.6681,204.7874,2.0653,-0.5111,,,7.2482,17.3887,10.0,0.003,48.092,17.2367,71.9378,0.0,0.0,21.3492,-34.0855,21.3492,-34.0855,191.6622,40.178,,0.0,-50.0,,8.1537,,,,,-50.0,8.1537,-150.0,16.5595,23.297,-120.0,14.419,174.9252,,1697.6224,,19361.2211,,
2026-08-26 19:24:49,42.4922282,-82.8076064,18.4613,0.0,268.9292,,-241.4914,0.0,11.915,0.5547,204.7874,2.0653,-0.5111,,,,,,,,,,,,19.346,-38.9937,19.346,-38.9937,187.1835,39.605,,0.0,-50.0,,8.1189,,,,,-50.0,8.1189,-150.0,16.4925,23.2351,-120.0,12.7661,175.9437,,1697.6285,,19361.2211,,
2026-08-26 19:24:50,42.4922282,-82.8076064,18.5925,0.0,268.9292,222.9192,65.9944,0.0,11.6412,2.2819,,,,,,,,,,,,,,,22.0206,-36.447,22.0206,-36.447,187.6661,39.2498,,,-50.0,,8.2083,,,,,-50.0,8.2083,-150.0,16.6645,23.394,-120.0,12.9056,174.2823,,1697.6254,,19361.2211,,
2026-08-26 19:24:51,42.4922282,-82.8076064,,0.0,268.9292,223.538,-50.2495,0.0,11.6053,-1.3883,204.7874,2.0653,-0.5111,,,,,,,,,,,,21.1527,-37.189,21.1527,-37.189,186.2995,40.178,,0.0,-50.0,,8.174,,,,,-50.0,8.174,-150.0,16.5986,23.3331,-120.0,12.2517,173.6145,,,,,,
2026-08-26 19:24:52,42.4922282,-82.8076064,19.2487,0.0,268.9292,223.9906,5.9886,0.0,11.2538,0.462,204.7874,2.0653,-0.5111,,,7.2482,17.3887,10.0,0.0032,48.092,17.2367,72.6637,0.0,0.0,19.9887,-37.585,19.9887,-37.585,186.004,40.0519,,0.0,-50.0,,8.1518,,,,,-50.0,8.1518,-150.0,16.5558,23.2936,-120.0,12.7731,173.6742,,1697.6273,,19361.2211,,
2026-08-26 19:24:53,42.4922282,-82.8076064,,0.0,268.9292,224.1224,215.9627,0.0,6.9818,1.479,204.7874,2.0653,-0.5111,,,,,,,,,,,,20.7882,-38.0989,20.7882,-38.0989,185.8327,40.0519,,0.0,-50.0,,8.1612,,,,,-50.0,8.1612,-150.0,16.574,23.3104,-120.0,12.2332,173.814,,,,,,
2026-08-26 19:24:54,42.4922282,-82.8076064,19.3143,0.0,268.9292,223.2973,,0.0,,,204.7874,2.0653,-0.5111,,,,,,,,,,,,20.5699,-35.5104,20.5699,-35.5104,188.8921,40.2066,,0.0,-50.0,,8.1203,,,,,-50.0,8.1203,-150.0,16.4952,23.2376,-120.0,14.0083,174.4502,,1697.6073,,19360.893,,
2026-08-26 19:24:55,42.4922282,-82.8076064,,0.0,268.9292,223.0223,-61.5185,0.0,11.5422,0.4149,204.7874,2.0653,-0.5111,,,,,,,,,,,,19.0788,-39.7311,19.0788,-39.7311,182.8367,39.1696,,0.0,-50.0,,8.1059,,,,,-50.0,8.1059,-150.0,16.4676,23.2121,-120.0,12.0167,173.1189,,,,,,
2026-08-26 19:24:56,42.4922282,-82.8076064,19.872,0.0,268.9292,221.9967,-136.5232,0.0,10.91,-2.1864,204.7874,2.0653,-0.5111,,,7.2483,17.3887,10.0,0.001,48.092,17.2367,72.0628,0.0,0.0,21.3118,-34.5367,21.3118,-34.5367,187.5204,40.029,,0.0,-50.0,,8.1495,,,,,-50.0,8.1495,-150.0,16.5514,23.2895,-120.0,13.2856,172.5252,,1697.6089,,19360.893,,
2026-08-26 19:24:57,42.4922282,-82.8076064,,0.0,268.9292,223.6583,193.4592,0.0,10.4338,1.8429,204.7874,2.0653,-0.5111,,,,,,,,,,,,21.3983,-37.5929,21.3983,-37.5929,186.7279,40.2868,,0.0,-50.0,,8.1381,,,,,-50.0,8.1381,-150.0,16.5294,23.2692,-120.0,12.7275,173.6472,,,,,,
2026-08-26 19:24:58,42.4922282,-82.8076064,19.4455,0.0,268.9292,222.2202,-20.2965,0.0,10.722,0.2979,204.7874,2.0653,-0.5111,,,,,,,,,,,,20.7973,-37.7987,20.7973,-37.7987,184.5162,40.1321,,0.0,-50.0,,8.1885,,,,,-50.0,8.1885,-150.0,16.6264,23.3588,-120.0,13.12,172.7351,,1697.6111,,19360.893,,
2026-08-26 19:24:59,42.4922282,-82.8076064,,0.0,268.9292,,-219.0395,0.0,10.574,-2.0871,204.7874,2.0653,-0.5111,,,,,,,,,,,,21.0492,-34.8735,21.0492,-34.8735,186.831,40.178,,0.0,-50.0,,8.1768,,,,,-50.0,8.1768,-150.0,16.604,23.3382,-120.0,12.9928,172.1349,,1697.6244,,19361.2211,,
2026-08-26 19:25:00,42.4922282,-82.8076064,19.5112,0.0,268.9292,220.2893,,0.0,,,204.7874,2.0653,-0.5111,,,7.2484,17.3887,10.0,0.0032,48.092,17.2367,72.7155,0.0,0.0,19.7128,-39.4766,19.7128,-39.4766,182.7139,,,0.0,-50.0,,8.158,,,,,-50.0,8.158,-150.0,16.5678,23.3046,-120.0,12.691,171.943,,1697.6213,,19360.893,,
2026-08-26 19:25:01,42.4922282,-82.8076064,,0.0,268.9292,223.1999,182.1937,0.0,10.8389,2.531,204.7874,2.0653,-0.5111,,,,,,,,,,,,19.9338,-36.1683,19.9338,-36.1683,185.9149,39.2498,,0.0,,,,,,,,,,,,,,,,,,,,,
2026-08-26 19:25:02,42.4922282,-82.8076064,19.2159,0.0,268.9292,222.9879,137.1936,0.0,9.5974,1.0197,204.7874,2.0653,-0.5111,,,,,,,,,,,,,,,,,40.2066,,0.0,-50.0,,8.1369,,,,,-50.0,8.1369,-150.0,16.5273,23.2672,-120.0,12.7968,172.144,,1697.6283,,19361.2211,,
2026-08-26 19:25:03,42.4922282,-82.8076064,19.2159,0.0,268.9292,221.1774,-121.5519,0.0,10.766,0.0237,204.7874,2.0653,-0.5111,,,,,,,,,,,,20.1007,-36.8003,20.1007,-36.8003,185.1612,39.8457,,0.0,-50.0,,8.1008,,,,,-50.0,8.1008,-150.0,16.4577,23.2029,-120.0,13.2505,172.1114,,,,,,
2026-08-26 19:25:04,42.4922282,-82.8076064,,0.0,268.9292,220.8909,-219.067,0.0,10.531,-1.5225,204.7874,2.0653,-0.5111,,,7.2485,17.3887,10.0,0.0021,48.092,17.2367,70.9495,0.0,0.0,19.3914,-36.3497,19.3914,-36.3497,185.7728,39.8457,,0.0,-50.0,,8.0042,,,,,-50.0,8.0042,-150.0,16.1561,22.8555,-120.0,13.2443,172.0094,,1697.6186,,19360.893,,
2026-08-26 19:25:05,42.4922282,-82.8076064,19.4455,0.0,268.9292,220.3351,28.4233,0.0,9.0115,0.6877,204.7874,2.0653,-0.5111,,,,,,,,,,,,18.8594,-36.6075,18.8594,-36.6075,184.2986,39.3988,,0.0,-50.0,,8.0375,,,,,-50.0,8.0375,-150.0,16.2607,22.9762,-120.0,13.7423,171.2581,,,,,,
2026-08-26 19:25:06,42.4922282,-82.8076064,,0.0,268.9292,220.381,47.1693,0.0,8.4887,0.2214,204.7874,2.0653,-0.5111,,,,,,,,,,,,19.6309,-34.8969,19.6309,-34.8969,184.8583,39.7024,,0.0,-50.0,,8.0526,,,,,-50.0,8.0526,-150.0,16.3081,23.031,-120.0,14.389,170.3099,,1697.6185,,19360.893,,
2026-08-26 19:25:07,42.4922282,-82.8076064,18.9534,0.0,268.9292,221.3665,47.1693,0.0,9.031,0.2608,204.7874,2.0653,-0.5111,,,,,,,,,,,,19.7327,-36.1003,19.7327,-36.1003,184.293,39.7024,,0.0,-50.0,,8.0376,,,,,-50.0,8.0376,-150.0,16.261,22.9765,-120.0,14.4924,170.3649,,1697.6282,,19361.2211,,
2026-08-26 19:25:08,42.4922282,-82.8076064,,0.0,268.9292,221.8019,152.1581,0.0,9.066,1.4512,204.7874,2.0653,-0.5111,,,7.2485,17.3887,10.0,0.0046,48.092,17.2367,72.0612,0.0,0.0,20.0967,-34.9483,20.0967,-34.9483,186.0708,39.7024,,0.0,-50.0,,8.0576,,,,,-50.0,8.0576,-150.0,16.3239,23.0492,-120.0,14.4885,170.8065,,,,,,
2026-08-26 19:25:09,42.4922282,-82.8076064,19.1503,0.0,268.9292,221.9852,-16.5871,0.0,10.7167,0.6117,204.7874,2.0653,-0.5111,,,,,,,,,,,,20.6933,-35.7866,20.6933,-35.7866,185.9796,39.8457,,0.0,-50.0,,8.0662,,,,,-50.0,8.0662,-150.0,16.351,23.0805,-120.0,14.4218,171.351,,1697.6277,,19361.2211,,
2026-08-26 19:25:10,42.4922282,-82.8076064,,0.0,268.9292,,,0.0,,,204.7874,2.0653,-0.5111,,,,,,,,,,,,20.6661,-35.0912,20.6661,-35.0912,186.887,39.605,,0.0,-50.0,,8.1403,,,,,-50.0,8.1403,-150.0,16.5338,23.2732,-120.0,14.4252,171.7096,,1697.6176,,19360.893,,
2026-08-26 19:25:11,42.4922282,-82.8076064,19.2487,0.0,268.9292,220.1919,-76.5896,0.0,11.6777,-0.1942,204.7874,2.0653,-0.5111,,,,,,,,,,,,21.0209,-35.2013,21.0209,-35.2013,185.2822,39.7368,,0.0,-50.0,,8.1944,,,,,-50.0,8.1944,-150.0,16.6379,23.3695,-120.0,14.6462,170.8374,,1697.6178,,19360.893,,
2026-08-26 19:25:12,42.4922282,-82.8076064,,0.0,268.9292,220.2606,20.9015,0.0,10.7343,0.0841,204.7874,2.0653,-0.5111,,,7.2486,17.3887,10.0,0.0028,48.092,17.2367,72.2426,0.0,0.0,21.4533,-33.6799,21.4533,-33.6799,186.34,39.7368,,0.0,-50.0,,8.1923,,,,,-50.0,8.1923,-150.0,16.6338,23.3657,-120.0,15.1484,170.321,,,,,,
2026-08-26 19:25:13,42.4922282,-82.8076064,19.1503,0.0,268.9292,219.808,50.889,0.0,9.6,0.844,204.7874,2.0653,-0.5111,,,,,,,,,,,,20.6711,-34.1576,20.6711,-34.1576,185.4233,39.7196,,0.0,-50.0,,8.1888,,,,,-50.0,8.1888,-150.0,16.627,23.3594,-120.0,15.8505,169.8076,,1697.615,,19360.893,,
2026-08-26 19:25:14,42.4922282,-82.8076064,,0.0,268.9292,219.5846,-16.6043,0.0,10.3231,0.2899,204.7874,2.0653,-0.5111,,,,,,,,,,,,21.1678,-34.1614,21.1678,-34.1614,185.5444,39.7368,,0.0,-50.0,,8.2039,,,,,-50.0,8.2039,-150.0,16.6562,23.3863,-120.0,15.7554,169.7992,,,,,,
2026-08-26 19:25:15,42.4922282,-82.8076064,18.9534,0.0,268.9292,219.0689,-1.6089,0.0,10.7471,0.5349,204.7874,2.0653,-0.5111,,,,,,,,,,,,21.4158,-34.1648,21.4158,-34.1648,185.0777,39.7368,,0.0,-50.0,,8.2184,,,,,-50.0,8.2184,-150.0,16.6841,23.4121,-120.0,15.9221,169.4584,,1697.6109,,19360.893,,
2026-08-26 19:25:16,42.4922282,-82.8076064,,0.0,268.9292,220.5242,-76.6171,0.0,10.0131,-1.492,204.7874,2.0653,-0.5111,,,7.2487,17.3887,10.0,0.0039,48.092,17.2367,70.8079,0.0,0.0,21.7971,-32.4706,21.7971,-32.4706,188.0933,39.9946,,0.0,-50.0,,8.1958,,,,,-50.0,8.1958,-150.0,16.6406,23.3719,-120.0,16.5006,170.2391,,1697.6169,,19360.893,,
2026-08-26 19:25:17,42.4922282,-82.8076064,19.019,0.0,268.9292,221.5842,,0.0,,,204.7874,2.0653,-0.5111,,,,,,,,,,,,20.2851,-34.7064,20.2851,-34.7064,186.473,39.605,,0.0,-50.0,,8.1745,,,,,-50.0,8.1745,-150.0,16.5995,23.3339,-120.0,16.3336,170.7944,,1697.6047,,19360.893,,
2026-08-26 19:25:18,42.4922282,-82.8076064,,0.0,268.9292,220.8565,-91.6091,0.0,10.6635,-0.4391,204.7874,2.0653,-0.5111,,,,,,,,,,,,20.9243,-34.7715,20.9243,-34.7715,185.7944,40.1837,,0.0,-50.0,,8.2284,,,,,-50.0,8.2284,-150.0,16.7032,23.4298,-120.0,16.0664,170.463,,1697.6231,,19361.2211,,
2026-08-26 19:25:19,42.4922282,-82.8076064,19.1503,0.0,268.9292,218.96,47.1281,0.0,10.1779,0.7187,204.7874,2.0653,-0.5111,,,,,,,,,,,,22.2323,-35.7654,22.2323,-35.7654,184.0094,40.1837,,0.0,-50.0,,8.237,,,,,-50.0,8.237,-150.0,16.7198,23.4451,-120.0,15.0659,170.1238,,,,,,
2026-08-26 19:25:20,42.4922282,-82.8076064,,,,,-50.363,,11.7635,-0.2557,204.7874,2.0653,-0.5111,,,7.2488,17.3887,10.0,0.0042,48.092,17.2367,72.2303,0.0,0.0,,,,,,,,0.0,-50.0,,8.262,,,,,-50.0,8.262,-150.0,16.7681,23.4897,-120.0,14.8858,169.3889,,1697.6286,,19361.2211,,
2026-08-26 19:25:21,42.4922282,-82.8076064,19.1503,0.0,268.9292,218.0605,-121.6275,0.0,10.8651,-0.5899,204.7874,2.0653,-0.5111,,,,,,,,,,,,22.0156,-34.0558,22.0156,-34.0558,185.0137,40.1837,,0.0,-50.0,,8.2678,,,,,-50.0,8.2678,-150.0,16.7791,23.4999,-120.0,15.7178,168.8835,,1697.6067,,19360.893,,
2026-08-26 19:25:22,42.4922282,-82.8076064,,0.0,268.9292,219.109,110.8708,0.0,9.1532,0.8386,204.7874,2.0653,-0.5111,,,,,,,,,,,,21.6185,-33.5457,21.6185,-33.5457,185.2756,39.6165,,0.0,,,,,,,,,,,,,,,,,1697.6087,,19360.893,,
2026-08-26 19:25:23,,,18.8222,0.0,268.9292,220.7648,20.8809,0.0,10.168,0.1517,204.7874,2.0653,-0.5111,,,,,,,,,,,,21.0195,-33.8697,21.0195,-33.8697,185.8472,39.0493,,0.0,-50.0,,8.2576,,,,,-50.0,8.2576,-150.0,16.7595,23.4818,-120.0,16.4155,169.3661,,,,,,
2026-08-26 19:25:24,42.4922282807529,-82.8076064866036,18.8878,0.0,268.9292,219.0288,-24.1158,0.0,9.9859,-0.0895,204.7874,2.0653,-0.5111,,,7.2488,17.3887,10.0,0.0059,48.092,17.2367,72.148,0.0,0.0,22.0784,-32.5564,22.0784,-32.5564,187.0936,39.9717,,0.0,-50.0,,8.2773,,,,,-50.0,8.2773,-150.0,16.7974,23.5167,-120.0,16.6001,169.7937,,1697.608,,19360.893,,
2026-08-26 19:25:25,42.4922282807529,-82.8076064866036,,0.0,268.9292,220.02,-80.3676,0.0,10.5219,-1.0442,204.7874,2.0653,-0.5111,,,,,,,,,,,,21.304,-34.5747,21.304,-34.5747,184.6748,39.9488,,0.0,-50.0,,8.2696,,,,,-50.0,8.2696,-150.0,16.7826,23.5031,-120.0,16.703,169.3685,,,,,,
2026-08-26 19:25:26,42.4922282,-82.8076064,18.8222,0.0,268.9292,219.6991,-61.6216,0.0,10.3854,-0.4024,204.7874,2.0653,-0.5111,,,,,,,,,,,,21.123,-33.9419,21.123,-33.9419,185.6172,39.8629,,0.0,-50.0,,8.2467,,,,,-50.0,8.2467,-150.0,16.7385,23.4624,-120.0,16.2634,169.6246,,1697.609,,19360.893,,
2026-08-26 19:25:27,42.4922282,-82.8076064,18.8222,0.0,268.9292,219.0345,,0.0,,,204.7874,2.0653,-0.5111,,,,,,,,,,,,20.9136,-34.1565,20.9136,-34.1565,185.3324,39.6337,,0.0,-50.0,,8.2036,,,,,-50.0,8.2036,-150.0,16.6556,23.3858,-120.0,15.9438,169.5815,,1697.6306,,19361.2211,,
2026-08-26 19:25:28,42.4922282,-82.8076064,,0.0,268.9292,218.3298,-87.8585,0.0,10.616,-0.2467,204.7874,2.0653,-0.5111,,,7.2489,17.3887,10.0,0.0052,48.092,17.2367,72.4322,0.0,0.0,21.3371,-33.4489,21.3371,-33.4489,184.8522,39.7196,,0.0,-50.0,,8.1702,,,,,-50.0,8.1702,-150.0,16.5912,23.3263,-120.0,15.706,169.0623,,,,,,
2026-08-26 19:25:29,42.4922282,-82.8076064,19.019,0.0,268.9292,218.1464,39.6372,0.0,9.3323,0.5859,204.7874,2.0653,-0.5111,,,,,,,,,,,,20.4872,-33.735,20.4872,-33.735,184.698,39.5248,,0.0,-50.0,,8.1542,,,,,-50.0,8.1542,-150.0,16.5604,23.2979,-120.0,16.2122,168.5139,,1697.6219,,19361.2211,,
2026-08-26 19:25:30,42.4922282,-82.8076064,,0.0,268.9292,,189.6399,0.0,9.2236,2.9468,,,,,,,,,,,,,,,19.8359,-35.4143,19.8359,-35.4143,183.0952,39.5019,,,-50.0,,8.1593,,,,,-50.0,8.1593,-150.0,16.5704,23.3071,-120.0,16.2928,168.4676,,1697.622,,19361.2211,,
2026-08-26 19:25:31,42.4922282,-82.8076064,18.8222,0.0,268.9292,219.7736,-144.1,0.0,9.898,0.8916,204.7874,2.0653,-0.5111,,,,,,,,,,,,21.6751,-33.727,21.6751,-33.727,185.4777,40.0519,,0.0,-50.0,,8.1338,,,,,-50.0,8.1338,-150.0,16.5213,23.2617,-120.0,15.625,169.4128,,1697.6209,,19360.893,,
2026-08-26 19:25:32,42.4922282,-82.8076064,,0.0,268.9292,218.4043,-57.8504,0.0,10.6405,-1.1297,204.7874,2.0653,-0.5111,,,7.249,17.3887,10.0,0.0031,48.092,17.2367,72.5412,0.0,0.0,20.3029,-35.1616,20.3029,-35.1616,183.0907,39.9488,,0.0,-50.0,,8.1259,,,,,-50.0,8.1259,-150.0,16.506,23.2476,-120.0,15.2157,168.5989,,,,,,
2026-08-26 19:25:33,42.4922282,-82.8076064,18.6581,0.0,268.9292,219.1147,110.8914,0.0,10.325,0.9327,204.7874,2.0653,-0.5111,,,,,,,,,,,,19.8987,-35.79,19.8987,-35.79,183.4556,39.2326,,0.0,-50.0,,8.1629,,,,,-50.0,8.1629,-150.0,16.5772,23.3134,-120.0,15.35,168.4713,,,,,,
2026-08-26 19:25:34,42.4922282,-82.8076064,,0.0,268.9292,217.8657,69.6316,0.0,9.7679,1.9087,204.7874,2.0653,-0.5111,,,,,,,,,,,,20.7918,-34.3538,20.7918,-34.3538,184.0918,39.2956,,0.0,-50.0,,8.1643,,,,,-50.0,8.1643,-150.0,16.5799,23.3159,-120.0,15.0657,168.8729,,1697.6097,,19360.893,,
2026-08-26 19:25:35,42.4922282,-82.8076064,19.1503,0.0,268.9292,217.7396,,0.0,,,204.7874,2.0653,-0.5111,,,,,,,,,,,,21.12,-35.0807,21.12,-35.0807,182.9802,39.5878,,0.0,-50.0,,8.1215,,,,,-50.0,8.1215,-150.0,16.4975,23.2397,-120.0,14.7793,168.4733,,1697.625,,19361.2211,,
2026-08-26 19:25:36,42.4922282,-82.8076064,,0.0,268.9292,216.227,-166.607,0.0,10.6775,-0.8312,204.7874,2.0653,-0.5111,,,7.2491,17.3887,10.0,0.005,48.092,17.2367,72.5515,0.0,0.0,20.1504,-35.3747,20.1504,-35.3747,180.9686,39.5878,,0.0,-50.0,,8.1644,,,,,-50.0,8.1644,-150.0,16.5801,23.316,-120.0,15.1595,167.1086,,1697.6271,,19361.2211,,
2026-08-26 19:25:37,42.4922282,-82.8076064,19.2487,0.0,268.9292,213.9638,-80.347,0.0,10.0539,-0.3254,204.7874,2.0653,-0.5111,,,,,,,,,,,,20.868,-34.1208,20.868,-34.1208,180.3741,39.6566,,0.0,-50.0,,8.1384,,,,,-50.0,8.1384,-150.0,16.53,23.2698,-120.0,15.0889,165.7553,,1697.6179,,19360.893,,
2026-08-26 19:25:38,42.4922282,-82.8076064,,0.0,268.9292,213.5227,107.1477,0.0,9.0087,1.6825,204.7874,2.0653,-0.5111,,,,,,,,,,,,21.3241,-34.2838,21.3241,-34.2838,180.2183,39.542,,0.0,-50.0,,8.131,,,,,-50.0,8.131,-150.0,16.5159,23.2567,-120.0,15.4195,164.8986,,,,,,
2026-08-26 19:25:39,42.4922282,-82.8076064,19.1503,0.0,268.9292,212.3481,80.9074,0.0,9.3174,0.6835,204.7874,2.0653,-0.5111,,,,,,,,,,,,21.455,-33.0834,21.455,-33.0834,180.3826,39.7368,,0.0,-50.0,,8.1429,,,,,-50.0,8.1429,-150.0,16.5387,23.2778,-120.0,15.5636,164.2546,,1697.6295,,19361.2211,,
2026-08-26 19:25:40,42.4922282,-82.8076064,,0.0,268.9292,212.2736,50.8993,0.0,9.0766,1.1351,204.7874,2.0653,-0.5111,,,7.2491,17.3887,10.0,0.0036,48.092,17.2367,72.5281,0.0,0.0,20.2867,-33.3768,20.2867,-33.3768,179.5739,39.0149,,0.0,-50.0,,8.1438,,,,,-50.0,8.1438,-150.0,16.5405,23.2794,-120.0,16.1021,163.2789,,1697.644,,19361.2211,,
2026-08-26 19:25:41,42.4922282,-82.8076064,18.9534,0.0,268.9292,,-99.1034,0.0,9.3111,-0.7354,204.7874,2.0653,-0.5111,,,,,,,,,,,,20.8351,-32.2658,20.8351,-32.2658,179.6739,,,0.0,-50.0,,8.1582,,,,,-50.0,8.1582,-150.0,16.5681,23.3049,-120.0,16.6255,162.5889,,1697.6433,,19361.2211,,
2026-08-26 19:25:42,42.4922282,-82.8076064,,0.0,268.9292,211.4829,,0.0,,,204.7874,2.0653,-0.5111,,,,,,,,,,,,20.5646,-33.1845,20.5646,-33.1845,179.3463,39.0664,,0.0,-50.0,,8.1535,,,,,-50.0,8.1535,-150.0,16.5592,23.2967,-120.0,16.9166,162.1251,,,,,,
2026-08-26 19:25:43,42.4922282,-82.8076064,18.9534,0.0,268.9292,212.4684,-46.609,0.0,9.3303,0.1424,204.7874,2.0653,-0.5111,,,,,,,,,,,,,,,,,39.0836,,0.0,-50.0,,8.1654,,,,,-50.0,8.1654,-150.0,16.5821,23.3179,-120.0,16.994,162.4262,,1697.6222,,19361.2211,,
2026-08-26 19:25:44,42.4922282,-82.8076064,,0.0,268.9292,212.3023,-72.863,0.0,8.9499,0.3532,204.7874,2.0653,-0.5111,,,7.2492,17.3887,10.0,0.0041,48.092,17.2367,72.3367,0.0,0.0,20.8075,-32.4056,20.8075,-32.4056,180.0195,39.0836,,0.0,-50.0,,8.1455,,,,,-50.0,8.1455,-150.0,16.5438,23.2825,-120.0,17.1345,162.4215,,1697.6428,,19361.2211,,
2026-08-26 19:25:45,42.4922282,-82.8076064,19.019,0.0,268.9292,211.4428,-121.6137,0.0,9.0154,-1.287,204.7874,2.0653,-0.5111,,,,,,,,,,,,20.7865,-32.2816,20.7865,-32.2816,180.157,39.5019,,0.0,-50.0,,8.1692,,,,,-50.0,8.1692,-150.0,16.5894,23.3246,-120.0,17.5877,162.0067,,,,,,
2026-08-26 19:25:46,42.4922282,-82.8076064,,0.0,268.9292,212.0215,103.3799,0.0,8.6918,1.4005,204.7874,2.0653,-0.5111,,,,,,,,,,,,19.7397,-33.942,19.7397,-33.942,178.2987,38.7685,,0.0,-50.0,,8.158,,,,,-50.0,8.158,-150.0,16.5677,23.3046,-120.0,17.2068,162.2524,,1697.6216,,19360.893,,
2026-08-26 19:25:47,42.4922282,-82.8076064,18.8878,0.0,268.9292,212.0788,65.8775,0.0,8.2937,1.9598,204.7874,2.0653,-0.5111,,,,,,,,,,,,20.6125,-31.6716,20.6125,-31.6716,179.8056,39.1696,,0.0,-50.0,,8.1392,,,,,-50.0,8.1392,-150.0,16.5316,23.2713,-120.0,17.2634,161.7882,,1697.6324,,19361.2211,,
2026-08-26 19:25:48,,,,,,211.0303,-125.3677,,8.7712,-0.9526,204.7874,2.0653,-0.5111,,,7.2493,17.3887,10.0,0.0026,48.092,17.2367,72.2608,0.0,0.0,20.9043,-32.8214,20.9043,-32.8214,179.2866,39.1524,,0.0,-50.0,,8.1775,,,,,-50.0,8.1775,-150.0,16.6053,23.3393,-120.0,17.3734,161.6574,,,,,,
2026-08-26 19:25:49,42.4922282807529,-82.8076064866036,18.7238,0.0,268.9292,211.4657,32.1292,0.0,8.016,0.4404,204.7874,2.0653,-0.5111,,,,,,,,,,,,20.0818,-33.331,20.0818,-33.331,177.9946,39.1524,,0.0,-50.0,,8.1421,,,,,-50.0,8.1421,-150.0,16.5373,23.2765,-120.0,17.1488,161.5009,,1697.6335,,19361.2211,,
2026-08-26 19:25:50,42.4922282807529,-82.8076064866036,,0.0,268.9292,214.342,230.8653,0.0,8.0423,1.2849,204.7874,2.0653,-0.5111,,,,,,,,,,,,21.0512,-32.1843,21.0512,-32.1843,179.4404,39.1696,,0.0,-50.0,,8.1442,,,,,-50.0,8.1442,-150.0,16.5413,23.2802,-120.0,17.1783,162.4015,,,,,,
2026-08-26 19:25:51,42.4922282,-82.8076064,19.0846,0.0,268.9292,,125.8628,0.0,8.3746,0.4278,204.7874,2.0653,-0.5111,,,,,,,,,,,,20.8644,-32.5597,20.8644,-32.5597,181.405,39.1524,,0.0,-50.0,,8.1517,,,,,-50.0,8.1517,-150.0,16.5557,23.2935,-120.0,17.1284,164.0842,,1697.6368,,19361.2211,,
2026-08-26 19:25:52,42.4922282,-82.8076064,,0.0,268.9292,215.8718,167.0986,0.0,8.6771,1.122,204.7874,2.0653,-0.5111,,,7.2494,17.3887,10.0,0.0049,48.092,17.2367,72.4715,0.0,0.0,20.7606,-33.9763,20.7606,-33.9763,181.3731,39.1524,,0.0,,,,,,,,,,,,,,,,,,,,,
2026-08-26 19:25:53,42.4922282,-82.8076064,19.0846,0.0,268.9292,218.0089,-46.6537,0.0,8.9032,0.8782,204.7874,2.0653,-0.5111,,,,,,,,,,,,21.2281,-32.5802,21.2281,-32.5802,184.9272,39.4389,,0.0,-50.0,,8.1448,,,,,-50.0,8.1448,-150.0,16.5423,23.2811,-120.0,16.5116,166.045,,1697.6203,,19360.893,,
2026-08-26 19:25:54,42.4922282,-82.8076064,18.8878,0.0,268.9292,218.135,-84.1526,0.0,9.1011,-0.7378,204.7874,2.0653,-0.5111,,,,,,,,,,,,19.141,-34.3364,19.141,-34.3364,183.4198,39.4389,,0.0,-50.0,,8.1489,,,,,-50.0,8.1489,-150.0,16.5503,23.2885,-120.0,16.8532,167.0246,,,,,,
2026-08-26 19:25:55,42.4922282,-82.8076064,18.8222,0.0,268.9292,218.261,,0.0,,,204.7874,2.0653,-0.5111,,,,,,,,,,,,18.5966,-33.8888,18.5966,-33.8888,184.052,39.0493,,0.0,-50.0,,8.1009,,,,,-50.0,8.1009,-150.0,16.4578,23.2031,-120.0,16.6487,167.5257,,1697.6159,,19360.893,,
2026-08-26 19:25:56,42.4922282,-82.8076064,,0.0,268.9292,218.0777,193.3389,0.0,7.9651,2.5125,204.7874,2.0653,-0.5111,,,7.2495,17.3887,10.0,0.0046,48.092,17.2367,72.4529,0.0,0.0,18.6395,-34.1783,18.6395,-34.1783,184.1897,39.2326,,0.0,-50.0,,7.9508,,,,,-50.0,7.9508,-150.0,15.9883,22.6617,-120.0,16.3885,168.2954,,,,,,
2026-08-26 19:25:57,42.4922282,-82.8076064,18.8878,0.0,268.9292,216.0322,,0.0,,,204.7874,2.0653,-0.5111,,,,,,,,,,,,18.6268,-34.531,18.6268,-34.531,182.1668,39.2326,,0.0,-50.0,,7.8733,,,,,-50.0,7.8733,-150.0,15.7444,22.3801,-120.0,15.9428,168.0146,,1697.6152,,19360.893,,
2026-08-26 19:25:58,42.4922282,-82.8076064,18.7566,0.0,268.9292,218.41,,0.0,,,204.7874,2.0653,-0.5111,,,,,,,,,,,,18.6344,-34.4124,18.6344,-34.4124,183.4253,39.2326,,0.0,-50.0,,7.8495,,,,,-50.0,7.8495,-150.0,15.6699,22.294,-120.0,15.7056,167.213,,1697.631,,19361.2211,,
2026-08-26 19:25:59,42.4922282,-82.8076064,,0.0,268.9292,219.0231,,0.0,,,204.7874,2.0653,-0.5111,,,,,,,,,,,,18.7054,-34.5708,18.7054,-34.5708,184.0247,39.2956,,0.0,-50.0,,7.8421,,,,,-50.0,7.8421,-150.0,15.6464,22.2669,-120.0,15.6288,167.8636,,1697.6216,,19360.893,,
2026-08-26 19:26:00,42.4922282,-82.8076064,19.019,0.0,268.9292,217.7339,,0.0,,,204.7874,2.0653,-0.5111,,,,,,,,,,,,20.0115,-33.9204,20.0115,-33.9204,184.339,39.3758,,0.0,-50.0,,7.8539,,,,,-50.0,7.8539,-150.0,15.6837,22.31,-120.0,15.4889,168.3812,,1697.6227,,19361.2211,,
2026-08-26 19:26:01,42.4922282,-82.8076064,18.9534,0.0,268.9292,,,0.0,,,204.7874,2.0653,-0.5111,,,,,,,,,,,,20.8561,-33.8768,20.8561,-33.8768,182.7744,39.3758,,0.0,-50.0,,8.0269,,,,,-50.0,8.0269,-150.0,16.2273,22.9377,-120.0,15.7607,167.7545,,,,,,
2026-08-26 19:26:02,42.4922282,-82.8076064,,0.0,268.9292,216.9375,43.3397,0.0,9.3132,1.1075,204.7874,2.0653,-0.5111,,,,,,,,,,,,21.1932,-33.4834,21.1932,-33.4834,183.4765,39.3758,,0.0,-50.0,,8.1376,,,,,-50.0,8.1376,-150.0,16.5286,23.2685,-120.0,15.9795,167.0938,,1697.6101,,19360.893,,
2026-08-26 19:26:03,42.4922282,-82.8076064,18.8222,0.0,268.9292,217.2641,20.8431,0.0,8.9925,0.4775,204.7874,2.0653,-0.5111,,,,,,,,,,,,19.7509,-33.891,19.7509,-33.891,184.0407,39.3758,,0.0,-50.0,,8.1785,,,,,-50.0,8.1785,-150.0,16.6073,23.3412,-120.0,16.3422,167.1123,,,,,,
2026-08-26 19:26:04,42.4922282,-82.8076064,,0.0,268.9292,218.9772,62.0891,0.0,8.5072,0.9362,204.7874,2.0653,-0.5111,,,7.2496,17.3887,10.0,0.0012,48.092,17.2367,72.2104,0.0,0.0,19.6712,-32.7427,19.6712,-32.7427,186.1694,,,0.0,-50.0,,8.1158,,,,,-50.0,8.1158,-150.0,16.4866,23.2297,-120.0,16.3183,168.1166,,1697.627,,19361.2211,,
2026-08-26 19:26:05,42.4922282,-82.8076064,18.7566,0.0,268.9292,219.0059,133.3364,0.0,8.3324,0.617,204.7874,2.0653,-0.5111,,,,,,,,,,,,19.3766,-35.0677,19.3766,-35.0677,184.2788,39.3758,,0.0,-50.0,,8.0638,,,,,-50.0,8.0638,-150.0,16.3436,23.0719,-120.0,16.6543,168.663,,1697.6268,,19361.2211,,
2026-08-26 19:26:06,42.4922282,-82.8076064,,0.0,268.9292,217.5219,-159.1574,0.0,9.577,-0.3805,204.7874,2.0653,-0.5111,,,,,,,,,,,,,,,,,39.2498,,0.0,-50.0,,8.0597,,,,,-50.0,8.0597,-150.0,16.3305,23.0568,-120.0,15.7253,168.8755,,1697.6085,,19360.893,,
2026-08-26 19:26:07,42.4922282,-82.8076064,18.8878,0.0,268.9292,216.863,43.3465,0.0,8.8268,1.5502,204.7874,2.0653,-0.5111,,,,,,,,,,,,19.8089,-34.2738,19.8089,-34.2738,183.0146,39.2727,,0.0,-50.0,,8.0423,,,,,-50.0,8.0423,-150.0,16.2759,22.9938,-120.0,15.6578,167.6157,,1697.6091,,19360.893,,
2026-08-26 19:26:08,42.4922282,-82.8076064,,0.0,268.9292,217.6823,,0.0,10.305,0.7722,204.7874,2.0653,-0.5111,,,7.2497,17.3887,10.0,0.0043,48.092,17.2367,72.6737,0.0,0.0,20.899,-33.4693,20.899,-33.4693,183.4554,39.2727,,0.0,-50.0,,8.1488,,,,,-50.0,8.1488,-150.0,16.5502,23.2884,-120.0,16.1044,167.1087,,1697.6337,,19361.2211,,
2026-08-26 19:26:09,42.4922282,-82.8076064,19.0846,0.0,268.9292,218.536,275.8276,0.0,9.729,-1.5953,204.7874,2.0653,-0.5111,,,,,,,,,,,,20.2416,-35.1799,20.2416,-35.1799,182.8846,39.2727,,0.0,-50.0,,8.1497,,,,,-50.0,8.1497,-150.0,16.5519,23.29,-120.0,15.6012,168.6651,,1697.6305,,19361.2211,,
2026-08-26 19:26:10,42.4922282,-82.8076064,,0.0,268.9292,218.8855,-80.4123,0.0,9.1405,3.5793,204.7874,2.0653,-0.5111,,,,,,,,,,,,21.1189,-33.1863,21.1189,-33.1863,185.2826,39.8457,,0.0,-50.0,,8.1506,,,,,-50.0,8.1506,-150.0,16.5536,23.2915,-120.0,16.0924,168.3655,,1697.6186,,19360.893,,
2026-08-26 19:26:11,42.4922282,-82.8076064,19.019,0.0,268.9292,216.3531,-170.4091,0.0,,,204.7874,2.0653,-0.5111,,,,,,,,,,,,21.3684,-33.2891,21.3684,-33.2891,185.1939,39.6566,,0.0,-50.0,,8.1646,,,,,-50.0,8.1646,-150.0,16.5806,23.3165,-120.0,16.0719,168.1974,,1697.623,,19361.2211,,
2026-08-26 19:26:12,42.4922282,-82.8076064,18.8222,0.0,268.9292,,122.095,0.0,8.8827,1.1175,204.7874,2.0653,-0.5111,,,7.2498,17.3887,10.0,0.0033,48.092,17.2367,72.1133,0.0,0.0,19.5364,-35.5354,19.5364,-35.5354,181.2775,39.3758,,0.0,-50.0,,8.1194,,,,,-50.0,8.1194,-150.0,16.4936,23.2361,-120.0,15.6702,167.2471,,,,,,
2026-08-26 19:26:13,42.4922282,-82.8076064,,0.0,268.9292,215.6884,,0.0,9.6595,-1.3581,204.7874,2.0653,-0.5111,,,,,,,,,,,,21.4612,-33.4198,21.4612,-33.4198,182.3218,39.3529,,0.0,-50.0,,8.176,,,,,-50.0,8.176,-150.0,16.6024,23.3367,-120.0,15.9192,166.0984,,1697.6238,,19361.2211,,
2026-08-26 19:26:14,,,18.7566,,,216.1411,-35.3882,,10.2196,0.0239,204.7874,2.0653,-0.5111,,,,,,,,,,,,21.2589,-33.9351,21.2589,-33.9351,181.9568,39.3758,,0.0,-50.0,,8.1563,,,,,-50.0,8.1563,-150.0,16.5645,23.3017,-120.0,15.713,165.8664,,1697.6255,,19361.2211,,
2026-08-26 19:26:15,42.4922282807529,-82.8076064866036,18.8878,0.0,268.9292,213.7576,-24.1399,0.0,9.8475,0.9142,204.7874,2.0653,-0.5111,,,,,,,,,,,,20.9206,-32.9129,20.9206,-32.9129,181.5571,39.3529,,0.0,-50.0,,8.1495,,,,,-50.0,8.1495,-150.0,16.5514,23.2895,-120.0,16.1197,164.6633,,1697.6376,,19361.2211,,
2026-08-26 19:26:16,42.4922282807529,-82.8076064866036,,0.0,268.9292,212.9554,-84.1285,0.0,10.1368,-0.1994,204.7874,2.0653,-0.5111,,,7.2498,17.3887,10.0,0.0024,48.092,17.2367,71.7802,0.0,0.0,21.0226,-34.2184,21.0226,-34.2184,179.3776,39.3758,,0.0,-50.0,,8.159,,,,,-50.0,8.159,-150.0,16.5696,23.3064,-120.0,16.1284,163.7002,,,,,,
2026-08-26 19:26:17,42.4922282807529,-82.8076064866036,18.5925,0.0,268.9292,211.4887,,0.0,,,,,,,,,,,,,,,,,21.1472,-32.6463,21.1472,-32.6463,179.7283,39.3758,,,,,,,,,,,,,,,,,,,1697.6436,,19361.2211,,
2026-08-26 19:26:18,42.4922282,-82.8076064,,0.0,268.9292,211.0761,-39.1456,0.0,9.5554,1.3966,204.7874,2.0653,-0.5111,,,,,,,,,,,,20.9786,-32.4728,20.9786,-32.4728,178.8801,39.3185,,0.0,-50.0,,8.1792,,,,,-50.0,8.1792,-150.0,16.6085,23.3423,-120.0,16.9712,162.3077,,1697.6336,,19361.2211,,
2026-08-26 19:26:19,42.4922282,-82.8076064,19.019,0.0,268.9292,211.8955,-54.1445,0.0,8.9062,-0.7316,204.7874,2.0653,-0.5111,,,,,,,,,,,,20.6334,-31.8494,20.6334,-31.8494,179.4535,39.2498,,0.0,-50.0,,8.1964,,,,,-50.0,8.1964,-150.0,16.6416,23.3729,-120.0,17.5004,161.4962,,,,,,
2026-08-26 19:26:20,42.4922282,-82.8076064,,0.0,268.9292,211.6376,-57.8985,0.0,9.0161,-0.2503,204.7874,2.0653,-0.5111,,,7.2499,17.3887,10.0,0.0039,48.092,17.2367,72.7706,0.0,0.0,20.5595,-31.3993,20.5595,-31.3993,180.202,39.2498,,0.0,-50.0,,8.1887,,,,,-50.0,8.1887,-150.0,16.6268,23.3592,-120.0,17.9688,161.5461,,1697.6386,,19361.2211,,
2026-08-26 19:26:21,42.4922282,-82.8076064,18.6581,0.0,268.9292,,-39.1559,0.0,9.3786,0.1574,204.7874,2.0653,-0.5111,,,,,,,,,,,,,,,,,,,0.0,-50.0,,8.1783,,,,,-50.0,8.1783,-150.0,16.6068,23.3407,-120.0,18.3168,161.6001,,1697.6365,,19361.2211,,
2026-08-26 19:26:22,,,,,,,-117.9147,,9.8056,-0.7509,,,,,,,,,,,,,,,,,,,,,,,,,,,,,,,,,,,,,,,1697.6365,,19361.2211,,
2026-08-26 19:26:23,,,,,,,62.0651,,9.2548,0.949,,,,,,,,,,,,,,,,,,,,,,,,,,,,,,,,,,,,,,,,,,,
2026-08-26 19:26:24,,,,,,,13.3247,,10.1154,1.7211,,,,,,7.25,17.3887,10.0,0.0032,48.092,17.2367,73.5429,0.0,0.0,,,,,,,,,,,,,,,,,,,,,,,,,,,,,
2026-08-26 19:26:26,,,,,,,-129.1802,,9.5977,-1.6211,,,,,,,,,,,,,,,,,,,,,,,,,,,,,,,,,,,,,,,,,,,
2026-08-26 19:26:27,,,,,,,107.0583,,9.8051,1.6813,,,,,,,,,,,,,,,,,,,,,,,,,,,,,,,,,,,,,,,,,,,
2026-08-26 19:26:28,,,,,,,159.5561,,8.4444,2.9122,,,,,,7.2501,17.3887,10.0,0.003,48.092,17.2367,73.0008,0.0,0.0,,,,,,,,,,,,,,,,,,,,,,,,,,,,,
2026-08-26 19:26:29,,,,,,,110.8055,,9.6645,-0.6763,,,,,,,,,,,,,,,,,,,,,,,,,,,,,,,,,,,,,,,,,,,
2026-08-26 19:26:30,,,,,,,99.5537,,9.7868,-0.8075,,,,,,,,,,,,,,,,,,,,,,,,,,,,,,,,,,,,,,,,,,,
2026-08-26 19:26:31,,,,,,,,,11.1111,2.6787,,,,,,,,,,,,,,,,,,,,,,,,,,,,,,,,,,,,,,,,,,,
2026-08-26 19:26:32,,,,,,,-294.1989,,10.2439,3.2786,,,,,,7.2501,17.3887,10.0,0.0057,48.092,17.2367,72.828,0.0,0.0,,,,,,,,,,,,,,,,,,,,,,,,,,,,,
2026-08-26 19:26:33,,,,,,,20.7881,,9.7719,-1.4074,,,,,,,,,,,,,,,,,,,,,,,,,,,,,,,,,,,,,,,,,,,
2026-08-26 19:26:34,,,,,,,-95.48,,9.227,2.8718,,,,,,,,,,,,,,,,,,,,,,,,,,,,,,,,,,,,,,,,,,,
2026-08-26 19:26:35,,,,,,,-65.4822,,9.8083,-1.0662,,,,,,,,,,,,,,,,,,,,39.542,,,,,,,,,,,,,,,,,,,,,,,
2026-08-26 19:26:36,,,,,,222.1135,-12.9809,,,,,,,229.8003,,7.2502,17.3887,10.0,0.004,48.092,17.2367,73.5363,0.0,0.0,,,,,,39.542,,,,,,,,,,,,,,,,,,,,,,,
2026-08-26 19:26:37,,,,,,211.9161,-27.9936,,8.8806,3.2548,,,,,,,,,,,,,,,,,,,,39.5649,,,,,,,,,,,,,,,,,,,,,,,
2026-08-26 19:26:38,42.4922282807529,-82.8076064866036,,0.0,137.7333,211.5345,80.7527,0.0,8.6458,2.403,,,,,,,,,,,,,,,,,,,,38.6195,,,,,,,,,,,,,,,,,,,,,,,
2026-08-26 19:26:39,42.4922282,-82.8076064,,0.0,137.7333,213.6831,,0.0,9.2635,-2.436,204.7874,2.0653,-0.5111,,,,,,,,,,,,,,,,,40.2868,,0.0,,,,,,,,,,,,,,,,,1697.6236,,19361.2211,,
2026-08-26 19:26:40,42.4922282,-82.8076064,,0.0,137.7333,,65.7469,0.0,9.1442,-0.2171,204.7874,2.0653,-0.5111,,,7.2503,17.3887,10.0,0.0013,48.092,17.2367,72.2602,0.0,0.0,,,,,,38.6826,,0.0,,,,,,,,,,,,,,,,,,,,,
2026-08-26 19:26:41,42.4922282,-82.8076064,19.8064,0.0,137.7333,209.7526,-42.989,0.0,8.0285,3.4922,204.7874,2.0653,-0.5111,,,,,,,,,,,,,,,,,38.3846,,0.0,,,,,,,,,,,,,,,,,1697.6278,,19361.2211,,
2026-08-26 19:26:42,42.4922282,-82.8076064,,0.0,137.7333,211.1162,-132.9789,0.0,,,204.7874,2.0653,-0.5111,,,,,,,,,,,,,,,,,39.479,,0.0,,,,,,,,,,,,,,,,,,,,,
2026-08-26 19:26:43,42.4922282,-82.8076064,18.8878,0.0,137.7333,216.9719,5.7548,0.0,8.1924,1.9634,204.7874,2.0653,-0.5111,,,,,,,,,,,,,,,,,38.9347,,0.0,,,,,,,,,,,,,,,,,1697.6105,,19360.893,,
2026-08-26 19:26:44,42.4922282,-82.8076064,,0.0,137.7333,214.6514,28.248,0.0,8.6169,-0.6217,204.7874,2.0653,-0.5111,,,7.2504,17.1802,10.0,0.0013,48.092,17.3124,73.0061,0.0,0.0,,,,,,38.9347,,0.0,,,,,,,,,,,,,,,,,,,,,
2026-08-26 19:26:45,42.4922282,-82.8076064,18.5925,0.0,137.7333,215.7285,193.2461,0.0,8.1659,-0.4742,,,,,,,,,,,,,,,,,,,,39.2097,,,,,,,,,,,,,,,,,,,1697.6299,,19361.2211,,
2026-08-26 19:26:46,42.4922282,-82.8076064,,0.0,137.7333,216.5421,,0.0,8.28,2.5859,204.7874,2.0653,-0.5111,,,,,,,,,,,,,,,,,39.7024,,0.0,,,,,,,,,,,,,,,,,1697.6288,,19361.2211,,
2026-08-26 19:26:47,42.4922282,-82.8076064,18.7238,0.0,137.7333,214.2331,-61.7351,0.0,8.4569,2.9044,204.7874,2.0653,-0.5111,,,,,,,,,,,,,,,,,39.3988,,0.0,,,,,,,,,,,,,,,,,,,,,
2026-08-26 19:26:48,42.4922282,-82.8076064,,0.0,137.7333,,-121.7375,0.0,9.2427,1.1504,204.7874,2.0653,-0.5111,,,7.2504,17.1802,10.0,0.0039,48.092,17.3124,73.1055,0.0,0.0,,,,,,39.0149,,0.0,,,,,,,,,,,,,,,,,1697.624,,19361.2211,,
2026-08-26 19:26:49,42.4922282,-82.8076064,18.166,0.0,137.7333,218.8454,-106.7524,0.0,9.4394,0.3906,204.7874,2.0653,-0.5111,,,,,,,,,,,,,,,,,39.4217,,0.0,,,,,,,,,,,,,,,,,,,,,
2026-08-26 19:26:50,42.4922282,-82.8076064,,0.0,137.7333,218.0548,-114.257,0.0,8.9568,1.3688,204.7874,2.0653,-0.5111,,,,,,,,,,,,,,,,,39.3988,,0.0,,,,,,,,,,,,,,,,,1697.621,,19360.893,,
2026-08-26 19:26:51,42.4922282,-82.8076064,18.7238,0.0,137.7333,216.9719,-88.0029,0.0,8.4337,-0.4167,204.7874,2.0653,-0.5111,,,,,,,,,,,,,,,,,,,0.0,,,,,,,,,,,,,,,,,,,,,
2026-08-26 19:26:52,42.4922282,-82.8076064,,,,218.6105,58.232,,,,204.7874,2.0653,-0.5111,,,7.2505,17.1802,10.0,0.0043,48.092,17.3124,72.9029,0.0,0.0,,,,,,39.3758,,0.0,,,,,,,,,,,,,,,,,1697.6197,,19360.893,,
2026-08-26 19:26:53,,,18.7238,0.0,137.7333,217.3729,20.7399,0.0,8.2709,-0.2469,204.7874,2.0653,-0.5111,,,,,,,,,,,,,,,,,39.0664,,0.0,,,,,,,,,,,,,,,,,,,,,
2026-08-26 19:26:54,42.4922282,-82.8076064,,0.0,137.7333,216.313,,0.0,8.4612,2.8944,204.7874,2.0653,-0.5111,,,,,,,,,,,,,,,,,39.1524,,0.0,,,,,,,,,,,,,,,,,1697.6234,,19361.2211,,
2026-08-26 19:26:55,42.4922282,-82.8076064,18.9534,0.0,137.7333,,-65.5063,0.0,8.657,2.7271,204.7874,2.0653,-0.5111,,,,,,,,,,,,,,,,,39.479,,0.0,,,,,,,,,,,,,,,,,,,,,
2026-08-26 19:26:56,42.4922282,-82.8076064,,0.0,137.7333,214.7431,-208.0009,0.0,9.2747,1.7275,204.7874,2.0653,-0.5111,,,7.2506,17.1802,10.0,0.0047,48.092,17.3124,72.6987,0.0,0.0,,,,,,39.7024,,0.0,,,,,,,,,,,,,,,,,1697.6367,,19361.2211,,
2026-08-26 19:26:57,42.4922282,-82.8076064,19.1503,0.0,137.7333,212.7606,-144.2513,0.0,10.0986,0.1513,204.7874,2.0653,-0.5111,,,,,,,,,,,,,,,,,39.0664,,0.0,,,,,,,,,,,,,,,,,1697.6421,,19361.2211,,
2026-08-26 19:26:58,42.4922282,-82.8076064,,0.0,137.7333,211.248,50.7515,0.0,,,,,,,,,,,,,,,,,,,,,,39.0664,,,,,,,,,,,,,,,,,,,1697.634,,19361.2211,,
2026-08-26 19:26:59,42.4922282,-82.8076064,18.7238,0.0,137.7333,211.6262,-76.7511,0.0,8.9922,0.2997,204.7874,2.0653,-0.5111,,,,,,,,,,,,,,,,,39.2326,,0.0,,,,,,,,,,,,,,,,,,,,,
2026-08-26 19:27:00,42.4922282,-82.8076064,,0.0,137.7333,211.9528,20.7399,0.0,8.5497,1.0953,204.7874,2.0653,-0.5111,,,7.2507,17.1802,10.0,0.0035,48.092,17.3124,72.8621,0.0,0.0,,,,,,39.2326,,0.0,,,,,,,,,,,,,,,,,1697.6396,,19361.2211,,
2026-08-26 19:27:01,42.4922282,-82.8076064,18.7566,0.0,137.7333,212.0158,-69.25,0.0,8.0125,2.1927,204.7874,2.0653,-0.5111,,,,,,,,,,,,,,,,,39.1066,,0.0,,,,,,,,,,,,,,,,,,,,,
2026-08-26 19:27:02,42.4922282,-82.8076064,,0.0,137.7333,,,0.0,8.161,0.263,204.7874,2.0653,-0.5111,,,,,,,,,,,,,,,,,38.7456,,0.0,,,,,,,,,,,,,,,,,1697.6219,,19361.2211,,
2026-08-26 19:27:03,42.4922282,-82.8076064,18.5925,0.0,137.7333,213.7576,61.9894,0.0,8.7904,-0.411,204.7874,2.0653,-0.5111,,,,,,,,,,,,,,,,,39.2727,,0.0,,,,,,,,,,,,,,,,,,,,,
2026-08-26 19:27:04,42.4922282,-82.8076064,,0.0,137.7333,210.5375,-76.7546,0.0,8.5292,2.4021,204.7874,2.0653,-0.5111,,,7.2508,17.1802,10.0,0.003,48.092,17.3124,72.3976,0.0,0.0,,,,,,39.2727,,0.0,,,,,,,,,,,,,,,,,1697.6501,,19361.2211,,
2026-08-26 19:27:05,42.4922282,-82.8076064,18.7566,0.0,137.7333,210.2282,20.764,0.0,8.2941,0.0618,204.7874,2.0653,-0.5111,,,,,,,,,,,,,,,,,39.2498,,0.0,,,,,,,,,,,,,,,,,,,,,
2026-08-26 19:27:06,42.4922282,-82.8076064,,0.0,137.7333,210.8756,80.7492,0.0,7.4827,3.2378,204.7874,2.0653,-0.5111,,,,,,,,,,,,,,,,,38.9117,,0.0,,,,,,,,,,,,,,,,,1697.6306,,19361.2211,,
2026-08-26 19:27:07,42.4922282,-82.8076064,18.6581,0.0,137.7333,209.9589,-114.2398,0.0,8.0371,1.0117,204.7874,2.0653,-0.5111,,,,,,,,,,,,,,,,,39.6795,,0.0,,,,,,,,,,,,,,,,,1697.6451,,19361.2211,,
2026-08-26 19:27:08,42.4922282807529,-82.8076064866036,,0.0,137.7333,211.6434,69.5078,0.0,8.0875,0.9406,204.7874,2.0653,-0.5111,,,7.2508,17.1802,10.0,0.0017,48.092,17.3124,72.3499,0.0,0.0,,,,,,38.8487,,0.0,,,,,,,,,,,,,,,,,1697.6311,,19361.2211,,
2026-08-26 19:27:09,42.4922282807529,-82.8076064866036,18.4613,0.0,137.7333,,-110.4892,0.0,,,204.7874,2.0653,-0.5111,,,,,,,,,,,,,,,,,38.7227,,0.0,,,,,,,,,,,,,,,,,,,,,
2026-08-26 19:27:10,42.4922282807529,-82.8076064866036,18.5925,0.0,137.7333,211.9528,2.0111,0.0,7.3521,3.4512,204.7874,2.0653,-0.5111,,,,,,,,,,,,,,,,,39.2097,,0.0,,,,,,,,,,,,,,,,,1697.6383,,19361.2211,,
2026-08-26 19:27:11,42.4922282,-82.8076064,,0.0,137.7333,210.4745,92.0079,0.0,7.8158,-1.6721,204.7874,2.0653,-0.5111,,,,,,,,,,,,,,,,,39.0836,,0.0,,,,,,,,,,,,,,,,,,,,,
2026-08-26 19:27:12,42.4922282,-82.8076064,18.4613,0.0,137.7333,210.8756,,0.0,7.2992,1.7051,204.7874,2.0653,-0.5111,,,7.2509,17.1802,10.0,0.0048,48.092,17.3124,72.0914,0.0,0.0,,,,,,39.3988,,0.0,,,,,,,,,,,,,,,,,1697.6306,,19361.2211,,
2026-08-26 19:27:13,42.4922282,-82.8076064,18.7238,0.0,137.7333,212.2965,9.5088,0.0,7.1341,3.5068,204.7874,2.0653,-0.5111,,,,,,,,,,,,,,,,,39.1524,,0.0,,,,,,,,,,,,,,,,,1697.6388,,19361.2211,,
2026-08-26 19:27:14,42.4922282,-82.8076064,,0.0,137.7333,214.193,-50.4936,0.0,8.5405,0.8092,204.7874,2.0653,-0.5111,,,,,,,,,,,,,,,,,38.0294,,0.0,,,,,,,,,,,,,,,,,1697.6461,,19361.2211,,
2026-08-26 19:27:15,42.4922282,-82.8076064,18.3957,0.0,137.7333,213.7919,283.2428,0.0,9.8875,-2.3156,204.7874,2.0653,-0.5111,,,,,,,,,,,,,,,,,40.602,,0.0,,,,,,,,,,,,,,,,,1697.616,,19360.893,,
2026-08-26 19:27:16,42.4922282,-82.8076064,,0.0,137.7333,,95.7447,0.0,9.7181,1.0426,204.7874,2.0653,-0.5111,,,7.251,17.1802,10.0,0.0033,48.092,17.3124,72.5624,0.0,0.0,,,,,,39.5248,,0.0,,,,,,,,,,,,,,,,,,,,,
2026-08-26 19:27:17,42.4922282,-82.8076064,18.4613,0.0,137.7333,212.5372,-159.2399,0.0,,,204.7874,2.0653,-0.5111,,,,,,,,,,,,,,,,,,,0.0,,,,,,,,,,,,,,,,,1697.6409,,19361.2211,,
2026-08-26 19:27:18,42.4922282,-82.8076064,,0.0,137.7333,211.7579,-9.2338,0.0,8.6998,1.5223,204.7874,2.0653,-0.5111,,,,,,,,,,,,,,,,,39.1696,,0.0,,,,,,,,,,,,,,,,,1697.6386,,19361.2211,,
2026-08-26 19:27:19,42.4922282,-82.8076064,,0.0,137.7333,211.6892,39.51,0.0,8.8207,-1.067,204.7874,2.0653,-0.5111,,,,,,,,,,,,,,,,,39.1925,,0.0,,,,,,,,,,,,,,,,,,,,,
2026-08-26 19:27:20,42.4922282,-82.8076064,18.5269,0.0,137.7333,212.7492,-57.9948,0.0,9.1481,1.7548,204.7874,2.0653,-0.5111,,,7.2511,17.1802,10.0,0.0032,48.092,17.3124,72.3452,0.0,0.0,,,,,,39.0664,,0.0,,,,,,,,,,,,,,,,,1697.622,,19361.2211,,
2026-08-26 19:27:21,42.4922282,-82.8076064,18.4613,0.0,137.7333,214.4566,5.7548,0.0,9.1945,2.32,204.7874,2.0653,-0.5111,,,,,,,,,,,,,,,,,39.3185,,0.0,,,,,,,,,,,,,,,,,,,,,
2026-08-26 19:27:22,42.4922282,-82.8076064,18.1004,0.0,137.7333,212.6346,-136.7467,0.0,8.8658,-1.6787,204.7874,2.0653,-0.5111,,,,,,,,,,,,,,,,,40.029,,0.0,,,,,,,,,,,,,,,,,1697.6222,,19361.2211,,
2026-08-26 19:27:23,42.4922282,-82.8076064,,0.0,137.7333,,-106.7455,0.0,8.251,-0.0679,204.7874,2.0653,-0.5111,,,,,,,,,,,,,,,,,38.6195,,0.0,,,,,,,,,,,,,,,,,,,,,
2026-08-26 19:27:24,,,17.6083,,,211.5631,43.2469,,8.3232,1.229,204.7874,2.0653,-0.5111,,,7.2511,17.1802,10.0,0.0046,48.092,17.3124,72.349,0.0,0.0,,,,,,38.8716,,0.0,,,,,,,,,,,,,,,,,1697.6401,,19361.2211,,
2026-08-26 19:27:25,42.4922282,-82.8076064,,0.0,137.7333,210.8871,20.7502,0.0,8.4976,1.7411,204.7874,2.0653,-0.5111,,,,,,,,,,,,,,,,,38.992,,0.0,,,,,,,,,,,,,,,,,1697.6305,,19361.2211,,
2026-08-26 19:27:26,42.4922282,-82.8076064,17.3458,0.0,137.7333,211.6491,,0.0,,,204.7874,2.0653,-0.5111,,,,,,,,,,,,,,,,,38.7685,,0.0,,,,,,,,,,,,,,,,,1697.6376,,19361.2211,,
2026-08-26 19:27:27,42.4922282,-82.8076064,,0.0,137.7333,210.3886,-39.2556,0.0,7.5347,0.6187,204.7874,2.0653,-0.5111,,,,,,,,,,,,,,,,,39.0664,,0.0,,,,,,,,,,,,,,,,,1697.6521,,19361.5492,,
2026-08-26 19:27:28,42.4922282,-82.8076064,18.4613,0.0,137.7333,212.6288,125.7459,0.0,7.6769,2.7847,204.7874,2.0653,-0.5111,,,7.2512,17.1802,10.0,0.0078,48.092,17.3124,72.461,0.0,0.0,,,,,,38.8029,,0.0,,,,,,,,,,,,,,,,,,,,,
2026-08-26 19:27:29,42.4922282,-82.8076064,,0.0,137.7333,,-162.987,0.0,8.4657,-0.4883,204.7874,2.0653,-0.5111,,,,,,,,,,,,,,,,,38.9347,,0.0,,,,,,,,,,,,,,,,,1697.6376,,19361.2211,,
2026-08-26 19:27:30,42.4922282,-82.8076064,18.5925,0.0,137.7333,211.7694,17.0134,0.0,9.4735,1.4186,204.7874,2.0653,-0.5111,,,,,,,,,,,,,,,,,38.8487,,0.0,,,,,,,,,,,,,,,,,1697.6354,,19361.2211,,
2026-08-26 19:27:31,42.4922282,-82.8076064,,0.0,137.7333,210.635,46.994,0.0,9.0527,2.0554,204.7874,2.0653,-0.5111,,,,,,,,,,,,,,,,,38.8487,,0.0,,,,,,,,,,,,,,,,,1697.6337,,19361.2211,,
2026-08-26 19:27:32,42.4922282,-82.8076064,18.5269,0.0,137.7333,211.6032,,0.0,,,204.7874,2.0653,-0.5111,,,7.2513,17.1802,10.0,0.0025,48.092,17.3124,72.2674,0.0,0.0,,,,,,38.9347,,0.0,,,,,,,,,,,,,,,,,1697.6372,,19361.2211,,
2026-08-26 19:27:33,42.4922282,-82.8076064,,0.0,137.7333,211.4084,-99.2581,0.0,7.9395,-0.2657,204.7874,2.0653,-0.5111,,,,,,,,,,,,,,,,,38.8888,,0.0,,,,,,,,,,,,,,,,,,,,,
2026-08-26 19:27:34,42.4922282,-82.8076064,18.4613,0.0,137.7333,211.9871,28.2342,0.0,8.5008,1.6434,204.7874,2.0653,-0.5111,,,,,,,,,,,,,,,,,38.8888,,0.0,,,,,,,,,,,,,,,,,1697.6383,,19361.2211,,
2026-08-26 19:27:35,42.4922282,-82.8076064,,0.0,137.7333,211.9699,-50.5074,0.0,8.5419,-0.5472,204.7874,2.0653,-0.5111,,,,,,,,,,,,,,,,,39.0836,,0.0,,,,,,,,,,,,,,,,,1697.6353,,19361.2211,,
2026-08-26 19:27:36,42.4922282,-82.8076064,18.7238,0.0,137.7333,,-65.5063,0.0,8.0669,1.7244,204.7874,2.0653,-0.5111,,,7.2514,17.1802,10.0,0.0054,48.092,17.3124,72.2623,0.0,0.0,,,,,,39.2956,,0.0,,,,,,,,,,,,,,,,,1697.6222,,19361.2211,,
2026-08-26 19:27:37,42.4922282,-82.8076064,,0.0,137.7333,211.9298,73.2378,0.0,7.2548,2.6304,204.7874,2.0653,-0.5111,,,,,,,,,,,,,,,,,38.4763,,0.0,,,,,,,,,,,,,,,,,1697.6416,,19361.2211,,
2026-08-26 19:27:38,42.4922282,-82.8076064,18.5269,0.0,137.7333,212.7377,,0.0,8.1788,-1.2572,204.7874,2.0653,-0.5111,,,,,,,,,,,,,,,,,39.2326,,0.0,,,,,,,,,,,,,,,,,1697.6424,,19361.2211,,
2026-08-26 19:27:39,42.4922282,-82.8076064,,0.0,137.7333,214.2675,20.7434,0.0,8.1266,-0.7723,204.7874,2.0653,-0.5111,,,,,,,,,,,,,,,,,39.5019,,0.0,,,,,,,,,,,,,,,,,1697.6361,,19361.2211,,
2026-08-26 19:27:40,42.4922282,-82.8076064,18.5269,0.0,137.7333,214.0784,-121.7616,0.0,,,204.7874,2.0653,-0.5111,,,7.2514,17.1802,10.0,0.0037,48.092,17.3124,72.1281,0.0,0.0,,,,,,,,0.0,,,,,,,,,,,,,,,,,1697.6291,,19361.2211,,
2026-08-26 19:27:41,42.4922282807529,-82.8076064866036,,0.0,137.7333,214.4165,-73.0109,0.0,7.0167,0.2125,204.7874,2.0653,-0.5111,,,,,,,,,,,,,,,,,38.6826,,0.0,,,,,,,,,,,,,,,,,,,,,
2026-08-26 19:27:42,42.4922282,-82.8076064,18.3957,0.0,137.7333,,-39.2659,0.0,8.0328,1.4837,204.7874,2.0653,-0.5111,,,,,,,,,,,,,,,,,38.6654,,0.0,,,,,,,,,,,,,,,,,1697.616,,19360.893,,
2026-08-26 19:27:43,42.4922282,-82.8076064,,0.0,137.7333,213.8951,-16.7796,0.0,8.3829,-0.1214,204.7874,2.0653,-0.5111,,,,,,,,,,,,,,,,,38.6826,,0.0,,,,,,,,,,,,,,,,,1697.6351,,19361.2211,,
2026-08-26 19:27:44,42.4922282,-82.8076064,18.3301,0.0,137.7333,215.6541,-166.7892,0.0,7.2001,-0.1353,204.7874,2.0653,-0.5111,,,7.2515,17.1802,10.0,0.0015,48.092,17.3124,71.6585,0.0,0.0,,,,,,38.6826,,0.0,,,,,,,,,,,,,,,,,1697.6152,,19360.893,,
2026-08-26 19:27:45,42.4922282,-82.8076064,,0.0,137.7333,215.2988,58.2045,0.0,7.6036,3.0657,204.7874,2.0653,-0.5111,,,,,,,,,,,,,,,,,38.5794,,0.0,,,,,,,,,,,,,,,,,1697.6201,,19360.893,,
2026-08-26 19:27:46,42.4922282,-82.8076064,18.5269,0.0,137.7333,211.9642,,0.0,,,204.7874,2.0653,-0.5111,,,,,,,,,,,,,,,,,39.2097,,0.0,,,,,,,,,,,,,,,,,,,,,
2026-08-26 19:27:47,42.4922282,-82.8076064,,0.0,137.7333,211.821,-95.5315,0.0,8.1197,1.3106,204.7874,2.0653,-0.5111,,,,,,,,,,,,,,,,,39.1295,,0.0,,,,,,,,,,,,,,,,,1697.6426,,19361.2211,,
2026-08-26 19:27:48,42.4922282,-82.8076064,18.3957,0.0,137.7333,212.4856,24.4768,0.0,8.0815,0.5005,204.7874,2.0653,-0.5111,,,7.2516,17.1802,10.0,0.0041,48.092,17.3124,72.2753,0.0,0.0,,,,,,39.3758,,0.0,,,,,,,,,,,,,,,,,1697.6378,,19361.2211,,
2026-08-26 19:27:49,42.4922282,-82.8076064,,0.0,137.7333,,181.9599,0.0,7.5315,0.7296,204.7874,2.0653,-0.5111,,,,,,,,,,,,,,,,,39.1524,,0.0,,,,,,,,,,,,,,,,,1697.6362,,19361.2211,,
2026-08-26 19:27:50,42.4922282,-82.8076064,18.4613,0.0,137.7333,212.9898,31.9607,0.0,7.2962,-0.4627,204.7874,2.0653,-0.5111,,,,,,,,,,,,,,,,,39.2326,,0.0,,,,,,,,,,,,,,,,,1697.6457,,19361.2211,,
2026-08-26 19:27:51,42.4922282,-82.8076064,18.6581,0.0,137.7333,214.1701,-193.0123,0.0,9.2579,-1.4041,204.7874,2.0653,-0.5111,,,,,,,,,,,,,,,,,39.1295,,0.0,,,,,,,,,,,,,,,,,1697.623,,19361.2211,,
2026-08-26 19:27:52,42.4922282,-82.8076064,,,,211.2251,,,,,204.7874,2.0653,-0.5111,,,7.2517,17.1802,10.0,0.0045,48.092,17.3124,72.867,0.0,0.0,,,,,,39.2498,,0.0,,,,,,,,,,,,,,,,,1697.6338,,19361.2211,,
2026-08-26 19:27:53,42.4922282,-82.8076064,18.8222,0.0,137.7333,212.3538,133.2333,0.0,7.7463,2.2141,204.7874,2.0653,-0.5111,,,,,,,,,,,,,,,,,39.1295,,0.0,,,,,,,,,,,,,,,,,,,,,
2026-08-26 19:27:54,42.4922282,-82.8076064,,0.0,137.7333,212.3653,76.978,0.0,7.3308,1.6674,204.7874,2.0653,-0.5111,,,,,,,,,,,,,,,,,39.1295,,0.0,,,,,,,,,,,,,,,,,1697.6246,,19361.2211,,
2026-08-26 19:27:55,,,18.3957,0.0,137.7333,,-73.0109,0.0,8.1016,-0.1729,204.7874,2.0653,-0.5111,,,,,,,,,,,,,,,,,39.1295,,0.0,,,,,,,,,,,,,,,,,1697.6421,,19361.2211,,
2026-08-26 19:27:56,42.4922282,-82.8076064,,0.0,137.7333,212.9841,5.7376,0.0,8.5682,-1.0596,204.7874,2.0653,-0.5111,,,7.2517,17.1802,10.0,0.0027,48.092,17.3124,71.8141,0.0,0.0,,,,,,39.3357,,0.0,,,,,,,,,,,,,,,,,1697.621,,19360.893,,
2026-08-26 19:27:57,42.4922282,-82.8076064,18.3301,0.0,137.7333,214.3706,264.4796,0.0,8.8215,2.5628,204.7874,2.0653,-0.5111,,,,,,,,,,,,,,,,,39.479,,0.0,,,,,,,,,,,,,,,,,1697.6225,,19361.2211,,
2026-08-26 19:27:58,42.4922282,-82.8076064,,0.0,137.7333,214.3936,-65.5131,0.0,9.1864,1.2801,204.7874,2.0653,-0.5111,,,,,,,,,,,,,,,,,39.0836,,0.0,,,,,,,,,,,,,,,,,,,,,
2026-08-26 19:27:59,42.4922282,-82.8076064,18.4613,0.0,137.7333,214.067,91.9975,0.0,10.5055,1.775,204.7874,2.0653,-0.5111,,,,,,,,,,,,,,,,,39.2727,,0.0,,,,,,,,,,,,,,,,,1697.6342,,19361.2211,,
2026-08-26 19:28:00,42.4922282,-82.8076064,,0.0,137.7333,213.855,-136.7604,0.0,10.4551,-1.3869,204.7874,2.0653,-0.5111,,,7.2518,17.1802,10.0,0.0045,48.092,17.3124,72.4344,0.0,0.0,,,,,,39.5878,,0.0,,,,,,,,,,,,,,,,,1697.6163,,19360.893,,
2026-08-26 19:28:01,42.4922282,-82.8076064,18.7566,0.0,137.7333,217.2985,,0.0,,,204.7874,2.0653,-0.5111,,,,,,,,,,,,,,,,,,,0.0,,,,,,,,,,,,,,,,,,,,,
2026-08-26 19:28:02,42.4922282,-82.8076064,,0.0,137.7333,,189.4852,0.0,9.6522,3.4406,204.7874,2.0653,-0.5111,,,,,,,,,,,,,,,,,38.4648,,0.0,,,,,,,,,,,,,,,,,1697.6241,,19361.2211,,
2026-08-26 19:28:03,42.4922282,-82.8076064,18.8222,0.0,137.7333,216.7026,50.7308,0.0,9.2332,0.9333,204.7874,2.0653,-0.5111,,,,,,,,,,,,,,,,,38.5966,,0.0,,,,,,,,,,,,,,,,,,,,,
2026-08-26 19:28:04,42.4922282,-82.8076064,18.5269,0.0,137.7333,216.8917,13.2422,0.0,10.736,-0.339,204.7874,2.0653,-0.5111,,,7.2519,17.1802,10.0,0.0019,48.092,17.3124,72.3098,0.0,0.0,,,,,,39.0378,,0.0,,,,,,,,,,,,,,,,,1697.6112,,19360.893,,
2026-08-26 19:28:05,42.4922282,-82.8076064,,0.0,137.7333,216.4562,-54.2683,0.0,10.0002,0.8439,204.7874,2.0653,-0.5111,,,,,,,,,,,,,,,,,39.0378,,0.0,,,,,,,,,,,,,,,,,,,,,
2026-08-26 19:28:06,42.4922282,-82.8076064,18.4613,0.0,137.7333,216.4333,-50.5211,0.0,10.3095,-0.7156,204.7874,2.0653,-0.5111,,,,,,,,,,,,,,,,,39.0149,,0.0,,,,,,,,,,,,,,,,,1697.6322,,19361.2211,,
2026-08-26 19:28:07,42.4922282,-82.8076064,,0.0,137.7333,217.2182,54.4677,0.0,10.4654,1.4232,204.7874,2.0653,-0.5111,,,,,,,,,,,,,,,,,39.0493,,0.0,,,,,,,,,,,,,,,,,1697.6171,,19360.893,,
2026-08-26 19:28:08,42.4922282,-82.8076064,18.5925,0.0,137.7333,218.4272,-43.0234,0.0,10.6733,-0.7271,204.7874,2.0653,-0.5111,,,7.252,17.1802,10.0,0.0017,48.092,17.3124,72.2419,0.0,0.0,,,,,,39.4217,,0.0,,,,,,,,,,,,,,,,,1697.6141,,19360.893,,
2026-08-26 19:28:09,42.4922282,-82.8076064,,0.0,137.7333,,-133.0236,0.0,11.0507,-0.2157,204.7874,2.0653,-0.5111,,,,,,,,,,,,,,,,,39.5649,,0.0,,,,,,,,,,,,,,,,,1697.6155,,19360.893,,
2026-08-26 19:28:10,42.4922282,-82.8076064,18.7566,0.0,137.7333,216.6338,,0.0,,,,,,,,,,,,,,,,,,,,,,39.5649,,,,,,,,,,,,,,,,,,,1697.6278,,19361.2211,,
2026-08-26 19:28:11,42.4922282807529,-82.8076064866036,,0.0,137.7333,214.0441,-46.774,0.0,11.2046,0.4143,204.7874,2.0653,-0.5111,,,,,,,,,,,,,,,,,39.5649,,0.0,,,,,,,,,,,,,,,,,1697.6247,,19361.2211,,
2026-08-26 19:28:12,42.4922282,-82.8076064,18.6581,0.0,137.7333,214.5311,9.4847,0.0,10.7818,0.114,204.7874,2.0653,-0.5111,,,7.252,17.1802,10.0,0.0025,48.092,17.3124,72.5437,0.0,0.0,,,,,,38.8487,,0.0,,,,,,,,,,,,,,,,,1697.6386,,19361.2211,,
2026-08-26 19:28:13,42.4922282,-82.8076064,,0.0,137.7333,213.7404,-200.5238,0.0,10.3252,-2.6934,204.7874,2.0653,-0.5111,,,,,,,,,,,,,,,,,40.3098,,0.0,,,,,,,,,,,,,,,,,1697.6312,,19361.2211,,
2026-08-26 19:28:14,42.4922282,-82.8076064,18.8878,0.0,137.7333,213.2935,88.2332,0.0,10.8369,1.4888,204.7874,2.0653,-0.5111,,,,,,,,,,,,,,,,,39.2498,,0.0,,,,,,,,,,,,,,,,,,,,,
2026-08-26 19:28:15,42.4922282,-82.8076064,,0.0,137.7333,215.1957,140.7414,0.0,9.9851,1.7542,204.7874,2.0653,-0.5111,,,,,,,,,,,,,,,,,39.1295,,0.0,,,,,,,,,,,,,,,,,1697.6282,,19361.2211,,
2026-08-26 19:28:16,42.4922282,-82.8076064,18.3301,0.0,137.7333,,-102.9983,0.0,9.3193,-1.3012,204.7874,2.0653,-0.5111,,,7.2521,17.1802,10.0,0.0021,48.092,17.3124,71.9536,0.0,0.0,,,,,,39.4618,,0.0,,,,,,,,,,,,,,,,,,,,,
2026-08-26 19:28:17,42.4922282,-82.8076064,18.2644,0.0,137.7333,214.193,,0.0,,,204.7874,2.0653,-0.5111,,,,,,,,,,,,,,,,,39.4618,,0.0,,,,,,,,,,,,,,,,,1697.6355,,19361.2211,,
2026-08-26 19:28:18,42.4922282,-82.8076064,,0.0,137.7333,216.376,140.731,0.0,9.0471,1.3715,,,,,,,,,,,,,,,,,,,,39.479,,,,,,,,,,,,,,,,,,,,,,,
2026-08-26 19:28:19,42.4922282,-82.8076064,18.2316,0.0,137.7333,215.4421,-133.0167,0.0,10.3625,-0.5767,204.7874,2.0653,-0.5111,,,,,,,,,,,,,,,,,39.0149,,0.0,,,,,,,,,,,,,,,,,1697.6215,,19360.893,,
2026-08-26 19:28:20,42.4922282,-82.8076064,,0.0,137.7333,213.8664,-148.0053,0.0,11.1007,-1.1048,204.7874,2.0653,-0.5111,,,7.2522,17.1802,10.0,0.004,48.092,17.3124,71.9435,0.0,0.0,,,,,,39.4618,,0.0,,,,,,,,,,,,,,,,,1697.6143,,19360.893,,
2026-08-26 19:28:21,42.4922282,-82.8076064,18.5925,0.0,137.7333,213.4768,80.732,0.0,11.2621,0.8203,204.7874,2.0653,-0.5111,,,,,,,,,,,,,,,,,39.5878,,0.0,,,,,,,,,,,,,,,,,1697.6349,,19361.2211,,
2026-08-26 19:28:22,42.4922282,-82.8076064,18.3301,0.0,137.7333,,-1.7704,0.0,10.2869,0.1306,204.7874,2.0653,-0.5111,,,,,,,,,,,,,,,,,39.5878,,0.0,,,,,,,,,,,,,,,,,1697.6457,,19361.2211,,
2026-08-26 19:28:23,42.4922282,-82.8076064,,0.0,137.7333,212.3767,,0.0,,,204.7874,2.0653,-0.5111,,,,,,,,,,,,,,,,,39.5649,,0.0,,,,,,,,,,,,,,,,,,,,,
2026-08-26 19:28:24,42.4922282,-82.8076064,18.3957,,,212.6059,80.7183,,9.2809,0.5864,204.7874,2.0653,-0.5111,,,7.2523,17.1802,10.0,0.0035,48.092,17.3124,71.6809,0.0,0.0,,,,,,39.5878,,0.0,,,,,,,,,,,,,,,,,1697.642,,19361.2211,,
2026-08-26 19:28:25,42.4922282,-82.8076064,,0.0,137.7333,212.9096,28.2239,0.0,9.3917,0.2877,204.7874,2.0653,-0.5111,,,,,,,,,,,,,,,,,,,0.0,,,,,,,,,,,,,,,,,1697.6235,,19361.2211,,
2026-08-26 19:28:26,42.4922282,-82.8076064,18.3957,0.0,137.7333,212.7893,-46.7809,0.0,9.3407,-0.8357,204.7874,2.0653,-0.5111,,,,,,,,,,,,,,,,,39.5878,,0.0,,,,,,,,,,,,,,,,,1697.6223,,19361.2211,,
2026-08-26 19:28:27,,,,0.0,137.7333,213.368,54.4677,0.0,9.6362,0.4204,204.7874,2.0653,-0.5111,,,,,,,,,,,,,,,,,39.5649,,0.0,,,,,,,,,,,,,,,,,1697.6297,,19361.2211,,
2026-08-26 19:28:28,42.4922282,-82.8076064,18.3301,0.0,137.7333,214.3076,-9.2647,0.0,8.6666,-0.7847,204.7874,2.0653,-0.5111,,,7.2524,17.1802,10.0,0.0046,48.092,17.3124,71.6111,0.0,0.0,,,,,,39.5649,,0.0,,,,,,,,,,,,,,,,,1697.6323,,19361.2211,,
2026-08-26 19:28:29,42.4922282,-82.8076064,,0.0,137.7333,,16.9756,0.0,10.0548,-0.0076,204.7874,2.0653,-0.5111,,,,,,,,,,,,,,,,,39.4618,,0.0,,,,,,,,,,,,,,,,,1697.6382,,19361.2211,,
2026-08-26 19:28:30,42.4922282,-82.8076064,18.2316,0.0,137.7333,214.9722,-129.2833,0.0,10.5341,-1.5109,204.7874,2.0653,-0.5111,,,,,,,,,,,,,,,,,39.4618,,0.0,,,,,,,,,,,,,,,,,1697.6155,,19360.893,,
2026-08-26 19:28:31,42.4922282,-82.8076064,,0.0,137.7333,214.7144,,0.0,,,204.7874,2.0653,-0.5111,,,,,,,,,,,,,,,,,39.4618,,0.0,,,,,,,,,,,,,,,,,1697.6171,,19360.893,,
2026-08-26 19:28:32,42.4922282,-82.8076064,18.2644,0.0,137.7333,211.546,-166.7754,0.0,11.5374,-0.3411,204.7874,2.0653,-0.5111,,,7.2524,17.1802,10.0,0.005,48.092,17.3124,71.9194,0.0,0.0,,,,,,39.3988,,0.0,,,,,,,,,,,,,,,,,1697.6367,,19361.2211,,
2026-08-26 19:28:33,42.4922282,-82.8076064,,0.0,137.7333,210.5834,54.4711,0.0,9.7048,1.6032,204.7874,2.0653,-0.5111,,,,,,,,,,,,,,,,,39.3758,,0.0,,,,,,,,,,,,,,,,,,,,,
2026-08-26 19:28:34,42.4922282,-82.8076064,17.0505,0.0,137.7333,211.5689,1.987,0.0,9.964,0.1391,204.7874,2.0653,-0.5111,,,,,,,,,,,,,,,,,39.3758,,0.0,,,,,,,,,,,,,,,,,1697.6299,,19361.2211,,
2026-08-26 19:28:35,42.4922282,-82.8076064,,0.0,137.7333,,-69.2568,0.0,9.2949,-1.0638,204.7874,2.0653,-0.5111,,,,,,,,,,,,,,,,,39.3758,,0.0,,,,,,,,,,,,,,,,,1697.6542,,19361.5492,,
2026-08-26 19:28:36,42.4922282,-82.8076064,15.771,0.0,137.7333,210.9042,170.7323,0.0,8.6372,2.1994,204.7874,2.0653,-0.5111,,,7.2525,17.1802,10.0,0.005,48.092,17.3124,72.0815,0.0,0.0,,,,,,39.2727,,0.0,,,,,,,,,,,,,,,,,,,,,
2026-08-26 19:28:37,42.4922282,-82.8076064,,0.0,137.7333,211.6777,-43.0131,0.0,9.0177,-0.1946,,,,,,,,,,,,,,,,,,,,39.2498,,,,,,,,,,,,,,,,,,,1697.6352,,19361.2211,,
2026-08-26 19:28:38,42.4922282,-82.8076064,14.8196,0.0,137.7333,212.2163,-31.7613,0.0,9.9974,-1.2025,204.7874,2.0653,-0.5111,,,,,,,,,,,,,,,,,39.1066,,0.0,,,,,,,,,,,,,,,,,,,,,
2026-08-26 19:28:39,42.4922282,-82.8076064,,0.0,137.7333,212.8752,91.9666,0.0,9.042,0.3058,204.7874,2.0653,-0.5111,,,,,,,,,,,,,,,,,39.2498,,0.0,,,,,,,,,,,,,,,,,1697.6231,,19361.2211,,
2026-08-26 19:28:40,42.4922282,-82.8076064,16.1975,0.0,137.7333,214.0383,133.2024,0.0,10.5402,2.2415,204.7874,2.0653,-0.5111,,,7.2526,17.1802,10.0,0.0041,48.092,17.3124,72.1605,0.0,0.0,,,,,,39.2498,,0.0,,,,,,,,,,,,,,,,,1697.6254,,19361.2211,,
2026-08-26 19:28:41,42.4922282,-82.8076064,,0.0,137.7333,211.9757,-140.5454,0.0,10.1482,-1.9597,204.7874,2.0653,-0.5111,,,,,,,,,,,,,,,,,39.6337,,0.0,,,,,,,,,,,,,,,,,,,,,
2026-08-26 19:28:42,42.4922282,-82.8076064,17.2474,0.0,137.7333,,,0.0,,,204.7874,2.0653,-0.5111,,,,,,,,,,,,,,,,,38.6826,,0.0,,,,,,,,,,,,,,,,,1697.6322,,19361.2211,,
2026-08-26 19:28:43,42.4922282,-82.8076064,,0.0,137.7333,212.7893,-110.5373,0.0,10.2998,-0.5495,204.7874,2.0653,-0.5111,,,,,,,,,,,,,,,,,39.4217,,0.0,,,,,,,,,,,,,,,,,1697.6441,,19361.2211,,
2026-08-26 19:28:44,42.4922282807529,-82.8076064866036,17.4114,0.0,137.7333,212.2679,-28.0555,0.0,9.7468,-0.0449,204.7874,2.0653,-0.5111,,,7.2527,17.1802,10.0,0.0054,48.092,17.3124,72.1038,0.0,0.0,,,,,,39.4217,,0.0,,,,,,,,,,,,,,,,,1697.6219,,19361.2211,,
2026-08-26 19:28:45,42.4922282807529,-82.8076064866036,,0.0,137.7333,213.4539,46.9149,0.0,9.0502,-0.7502,204.7874,2.0653,-0.5111,,,,,,,,,,,,,,,,,39.4217,,0.0,,,,,,,,,,,,,,,,,1697.6285,,19361.2211,,
2026-08-26 19:28:46,42.4922282807529,-82.8076064866036,17.6739,0.0,137.7333,213.5513,31.9126,0.0,9.2756,0.5223,,,,,,,,,,,,,,,,,,,,,,,,,,,,,,,,,,,,,,,,,,,
2026-08-26 19:28:47,42.4922282,-82.8076064,,0.0,137.7333,215.2587,31.9229,0.0,9.4929,0.1698,204.7874,2.0653,-0.5111,,,,,,,,,,,,,,,,,39.3988,,0.0,,,,,,,,,,,,,,,,,1697.6386,,19361.2211,,
2026-08-26 19:28:48,42.4922282,-82.8076064,18.0348,0.0,137.7333,,-155.5855,0.0,9.2006,-2.1841,204.7874,2.0653,-0.5111,,,7.2527,17.1802,10.0,0.0029,48.092,17.3124,71.3524,0.0,0.0,,,,,,39.4217,,0.0,,,,,,,,,,,,,,,,,1697.6345,,19361.2211,,
2026-08-26 19:28:49,42.4922282,-82.8076064,,0.0,137.7333,213.7748,103.1599,0.0,9.8883,1.2488,204.7874,2.0653,-0.5111,,,,,,,,,,,,,,,,,38.9117,,0.0,,,,,,,,,,,,,,,,,,,,,
2026-08-26 19:28:50,42.4922282,-82.8076064,18.2644,0.0,137.7333,213.4367,-43.0956,0.0,9.42,0.446,204.7874,2.0653,-0.5111,,,,,,,,,,,,,,,,,39.8228,,0.0,,,,,,,,,,,,,,,,,1697.6278,,19361.2211,,
2026-08-26 19:28:51,42.4922282,-82.8076064,,0.0,137.7333,213.2591,-5.5829,0.0,10.143,-1.2399,204.7874,2.0653,-0.5111,,,,,,,,,,,,,,,,,39.5649,,0.0,,,,,,,,,,,,,,,,,1697.6231,,19361.2211,,
2026-08-26 19:28:52,42.4922282,-82.8076064,18.4613,0.0,137.7333,214.1185,,0.0,,,,,,,,7.2528,17.1802,10.0,0.0028,48.092,17.3124,71.7794,0.0,0.0,,,,,,39.542,,,,,,,,,,,,,,,,,,,1697.6347,,19361.2211,,
2026-08-26 19:28:53,42.4922282,-82.8076064,,0.0,137.7333,215.0467,46.9149,0.0,9.5016,-0.1357,204.7874,2.0653,-0.5111,,,,,,,,,,,,,,,,,39.5248,,0.0,,,,,,,,,,,,,,,,,,,,,
2026-08-26 19:28:54,42.4922282,-82.8076064,18.5925,0.0,137.7333,216.8974,-16.8415,0.0,10.3572,-0.1753,204.7874,2.0653,-0.5111,,,,,,,,,,,,,,,,,39.5248,,0.0,,,,,,,,,,,,,,,,,1697.6252,,19361.2211,,
2026-08-26 19:28:55,42.4922282,-82.8076064,,0.0,137.7333,214.2389,-181.8534,0.0,11.4365,-1.5886,204.7874,2.0653,-0.5111,,,,,,,,,,,,,,,,,39.605,,0.0,,,,,,,,,,,,,,,,,,,,,
2026-08-26 19:28:56,42.4922282,-82.8076064,18.4613,0.0,137.7333,,80.6461,0.0,12.4531,2.2935,204.7874,2.0653,-0.5111,,,7.2529,17.1802,10.0,0.0038,48.092,17.3124,72.4276,0.0,0.0,,,,,,39.479,,0.0,,,,,,,,,,,,,,,,,1697.6156,,19360.893,,
2026-08-26 19:28:57,42.4922282,-82.8076064,,,,214.491,-193.0982,,11.2169,-2.7572,204.7874,2.0653,-0.5111,,,,,,,,,,,,,,,,,39.542,,0.0,,,,,,,,,,,,,,,,,1697.6234,,19361.2211,,
2026-08-26 19:28:58,42.4922282,-82.8076064,18.8878,0.0,137.7333,213.3565,-54.3405,0.0,10.9764,0.0026,204.7874,2.0653,-0.5111,,,,,,,,,,,,,,,,,39.2498,,0.0,,,,,,,,,,,,,,,,,1697.6275,,19361.2211,,
2026-08-26 19:28:59,42.4922282,-82.8076064,,0.0,137.7333,212.2335,,0.0,,,204.7874,2.0653,-0.5111,,,,,,,,,,,,,,,,,39.3988,,0.0,,,,,,,,,,,,,,,,,,,,,
2026-08-26 19:29:00,,,18.7238,0.0,137.7333,211.248,84.407,0.0,9.7364,1.308,204.7874,2.0653,-0.5111,,,7.253,17.1802,10.0,0.003,48.092,17.3124,72.1369,0.0,0.0,,,,,,39.3988,,0.0,,,,,,,,,,,,,,,,,1697.6399,,19361.2211,,
2026-08-26 19:29:01,42.4922282,-82.8076064,,0.0,137.7333,211.7522,95.6587,0.0,8.8647,1.7299,204.7874,2.0653,-0.5111,,,,,,,,,,,,,,,,,39.1925,,0.0,,,,,,,,,,,,,,,,,1697.6459,,19361.2211,,
2026-08-26 19:29:02,42.4922282,-82.8076064,18.6581,0.0,137.7333,,-110.582,0.0,8.9669,-1.2702,204.7874,2.0653,-0.5111,,,,,,,,,,,,,,,,,39.1925,,0.0,,,,,,,,,,,,,,,,,1697.6528,,19361.5492,,
2026-08-26 19:29:03,42.4922282,-82.8076064,,0.0,137.7333,210.9845,-16.8381,0.0,9.1783,0.1624,,,,,,,,,,,,,,,,,,,,39.1925,,,,,,,,,,,,,,,,,,,1697.648,,19361.2211,,
2026-08-26 19:29:04,42.4922282,-82.8076064,18.7566,0.0,137.7333,210.6407,155.6509,0.0,8.9542,1.8242,204.7874,2.0653,-0.5111,,,7.253,17.1802,10.0,0.004,48.092,17.3124,72.4017,0.0,0.0,,,,,,38.8716,,0.0,,,,,,,,,,,,,,,,,,,,,
2026-08-26 19:29:05,42.4922282,-82.8076064,,0.0,137.7333,209.6838,20.6505,0.0,9.5584,0.9227,204.7874,2.0653,-0.5111,,,,,,,,,,,,,,,,,38.9519,,0.0,,,,,,,,,,,,,,,,,1697.6457,,19361.2211,,
2026-08-26 19:29:06,42.4922282,-82.8076064,18.6581,0.0,137.7333,209.1739,-16.8518,0.0,9.5457,0.2083,204.7874,2.0653,-0.5111,,,,,,,,,,,,,,,,,38.9519,,0.0,,,,,,,,,,,,,,,,,,,,,
2026-08-26 19:29:07,42.4922282,-82.8076064,,0.0,137.7333,208.0337,,0.0,,,204.7874,2.0653,-0.5111,,,,,,,,,,,,,,,,,38.9519,,0.0,,,,,,,,,,,,,,,,,1697.6544,,19361.5492,,
2026-08-26 19:29:08,42.4922282,-82.8076064,18.0348,0.0,137.7333,208.4806,80.6461,0.0,8.3417,1.3228,204.7874,2.0653,-0.5111,,,7.2531,17.1802,10.0,0.0034,48.092,17.3124,72.4117,0.0,0.0,,,,,,,,0.0,,,,,,,,,,,,,,,,,1697.64,,19361.2211,,
2026-08-26 19:29:09,42.4922282,-82.8076064,,0.0,137.7333,,-13.1013,0.0,9.1268,-0.0486,204.7874,2.0653,-0.5111,,,,,,,,,,,,,,,,,38.969,,0.0,,,,,,,,,,,,,,,,,1697.6459,,19361.2211,,
2026-08-26 19:29:10,42.4922282,-82.8076064,18.3301,0.0,137.7333,209.426,-43.1025,0.0,9.2913,-1.3599,204.7874,2.0653,-0.5111,,,,,,,,,,,,,,,,,38.969,,0.0,,,,,,,,,,,,,,,,,1697.642,,19361.2211,,
2026-08-26 19:29:11,42.4922282,-82.8076064,,0.0,137.7333,210.1136,-58.1082,0.0,8.6891,-1.6073,204.7874,2.0653,-0.5111,,,,,,,,,,,,,,,,,38.6998,,0.0,,,,,,,,,,,,,,,,,1697.6462,,19361.2211,,
2026-08-26 19:29:12,42.4922282,-82.8076064,18.2644,0.0,137.7333,213.0758,283.1363,0.0,8.788,1.7619,204.7874,2.0653,-0.5111,,,7.2532,17.1802,10.0,0.0083,48.092,17.3124,72.4652,0.0,0.0,,,,,,38.7857,,0.0,,,,,,,,,,,,,,,,,,,,,
2026-08-26 19:29:13,42.4922282,-82.8076064,,0.0,137.7333,212.1246,69.3909,0.0,9.4195,2.3577,204.7874,2.0653,-0.5111,,,,,,,,,,,,,,,,,39.8457,,0.0,,,,,,,,,,,,,,,,,1697.642,,19361.2211,,
2026-08-26 19:29:14,42.4922282,-82.8076064,17.7723,0.0,137.7333,210.423,-84.352,0.0,10.3532,-1.627,204.7874,2.0653,-0.5111,,,,,,,,,,,,,,,,,38.2185,,0.0,,,,,,,,,,,,,,,,,1697.6294,,19361.2211,,
2026-08-26 19:29:15,42.4922282,-82.8076064,,0.0,137.7333,,,0.0,,,204.7874,2.0653,-0.5111,,,,,,,,,,,,,,,,,39.0493,,0.0,,,,,,,,,,,,,,,,,,,,,
2026-08-26 19:29:16,42.4922282,-82.8076064,17.4114,0.0,137.7333,210.6579,144.3682,0.0,9.6793,1.106,204.7874,2.0653,-0.5111,,,7.2533,17.1802,10.0,0.0031,48.092,17.3124,72.9466,0.0,0.0,,,,,,39.0493,,0.0,,,,,,,,,,,,,,,,,1697.6527,,19361.5492,,
2026-08-26 19:29:17,42.4922282,-82.8076064,,0.0,137.7333,211.3683,99.3612,0.0,8.6782,0.9119,204.7874,2.0653,-0.5111,,,,,,,,,,,,,,,,,39.1524,,0.0,,,,,,,,,,,,,,,,,,,,,
2026-08-26 19:29:18,42.4922282807529,-82.8076064866036,18.0348,0.0,137.7333,211.9298,1.8564,0.0,10.5803,-0.197,204.7874,2.0653,-0.5111,,,,,,,,,,,,,,,,,39.1295,,0.0,,,,,,,,,,,,,,,,,1697.6223,,19361.2211,,
2026-08-26 19:29:19,42.4922282807529,-82.8076064866036,,0.0,137.7333,213.2763,-65.661,0.0,10.2312,-1.1657,204.7874,2.0653,-0.5111,,,,,,,,,,,,,,,,,39.1524,,0.0,,,,,,,,,,,,,,,,,,,,,
2026-08-26 19:29:20,42.4922282,-82.8076064,17.9035,0.0,137.7333,210.1193,-178.1509,0.0,10.374,0.8355,204.7874,2.0653,-0.5111,,,7.2533,17.1802,10.0,0.0033,48.092,17.3124,72.6772,0.0,0.0,,,,,,39.1696,,0.0,,,,,,,,,,,,,,,,,1697.6345,,19361.2211,,
2026-08-26 19:29:21,42.4922282,-82.8076064,18.1004,0.0,137.7333,209.2713,20.5921,0.0,9.7826,-0.637,204.7874,2.0653,-0.5111,,,,,,,,,,,,,,,,,39.1696,,0.0,,,,,,,,,,,,,,,,,,,,,
2026-08-26 19:29:22,42.4922282,-82.8076064,,0.0,137.7333,,46.8324,0.0,9.0849,1.2536,204.7874,2.0653,-0.5111,,,,,,,,,,,,,,,,,39.0149,,0.0,,,,,,,,,,,,,,,,,1697.6622,,19361.5492,,
2026-08-26 19:29:23,42.4922282,-82.8076064,18.2316,0.0,137.7333,209.5062,-103.1737,0.0,8.9019,-0.75,204.7874,2.0653,-0.5111,,,,,,,,,,,,,,,,,39.0149,,0.0,,,,,,,,,,,,,,,,,,,,,
2026-08-26 19:29:24,42.4922282,-82.8076064,,0.0,137.7333,209.6151,,0.0,,,204.7874,2.0653,-0.5111,,,7.2534,17.1802,10.0,0.0039,48.092,17.3124,72.4284,0.0,0.0,,,,,,39.0149,,0.0,,,,,,,,,,,,,,,,,1697.6478,,19361.2211,,
2026-08-26 19:29:25,42.4922282,-82.8076064,17.9035,0.0,137.7333,208.9734,-114.422,0.0,8.956,-2.2414,204.7874,2.0653,-0.5111,,,,,,,,,,,,,,,,,38.3617,,0.0,,,,,,,,,,,,,,,,,,,,,
2026-08-26 19:29:26,42.4922282,-82.8076064,,0.0,137.7333,210.1594,99.3199,0.0,8.0813,2.0484,204.7874,2.0653,-0.5111,,,,,,,,,,,,,,,,,39.2326,,0.0,,,,,,,,,,,,,,,,,1697.6499,,19361.2211,,
2026-08-26 19:29:27,42.4922282,-82.8076064,18.166,0.0,137.7333,211.1277,106.8177,0.0,8.9906,0.7338,204.7874,2.0653,-0.5111,,,,,,,,,,,,,,,,,38.8487,,0.0,,,,,,,,,,,,,,,,,,,,,
2026-08-26 19:29:28,42.4922282,-82.8076064,,0.0,137.7333,,-106.9311,0.0,8.532,0.2201,204.7874,2.0653,-0.5111,,,7.2535,17.1802,10.0,0.0037,48.092,17.3124,72.4793,0.0,0.0,,,,,,38.8888,,0.0,,,,,,,,,,,,,,,,,1697.6504,,19361.2211,,
2026-08-26 19:29:29,42.4922282,-82.8076064,17.7723,0.0,137.7333,211.3454,-46.939,0.0,9.1772,-1.2008,204.7874,2.0653,-0.5111,,,,,,,,,,,,,,,,,38.9347,,0.0,,,,,,,,,,,,,,,,,1697.6323,,19361.2211,,
2026-08-26 19:29:30,42.4922282,-82.8076064,,0.0,137.7333,210.9787,20.544,0.0,9.3676,0.3866,204.7874,2.0653,-0.5111,,,,,,,,,,,,,,,,,,,0.0,,,,,,,,,,,,,,,,,1697.6331,,19361.2211,,
2026-08-26 19:29:31,42.4922282,-82.8076064,17.9692,0.0,137.7333,211.2079,,0.0,,,204.7874,2.0653,-0.5111,,,,,,,,,,,,,,,,,38.9519,,0.0,,,,,,,,,,,,,,,,,1697.6339,,19361.2211,,
2026-08-26 19:29:32,42.4922282,-82.8076064,18.166,,,210.8011,-43.2194,,8.6849,-0.6396,204.7874,2.0653,-0.5111,,,7.2536,17.1802,10.0,0.0026,48.092,17.3124,72.2659,0.0,0.0,,,,,,38.9519,,0.0,,,,,,,,,,,,,,,,,1697.6299,,19361.2211,,
2026-08-26 19:29:33,42.4922282,-82.8076064,,0.0,137.7333,212.159,31.7785,0.0,8.2921,-1.0208,204.7874,2.0653,-0.5111,,,,,,,,,,,,,,,,,38.9347,,0.0,,,,,,,,,,,,,,,,,1697.6345,,19361.2211,,
2026-08-26 19:29:34,42.4922282,-82.8076064,18.0348,0.0,137.7333,213.0643,28.0176,0.0,7.6533,1.2274,204.7874,2.0653,-0.5111,,,,,,,,,,,,,,,,,38.9347,,0.0,,,,,,,,,,,,,,,,,1697.6294,,19361.2211,,
2026-08-26 19:29:35,42.4922282,-82.8076064,18.0348,0.0,137.7333,,-114.4804,0.0,8.6199,1.5955,204.7874,2.0653,-0.5111,,,,,,,,,,,,,,,,,38.992,,0.0,,,,,,,,,,,,,,,,,,,,,
2026-08-26 19:29:36,42.4922282,-82.8076064,,0.0,137.7333,209.6953,121.765,0.0,9.209,-0.6555,,,,,,7.2536,17.1802,10.0,0.0038,48.092,17.3124,72.3119,0.0,0.0,,,,,,38.992,,,,,,,,,,,,,,,,,,,1697.6294,,19361.2211,,
2026-08-26 19:29:37,42.4922282,-82.8076064,17.9035,0.0,137.7333,211.4543,,0.0,7.9982,-1.8015,204.7874,2.0653,-0.5111,,,,,,,,,,,,,,,,,38.992,,0.0,,,,,,,,,,,,,,,,,1697.6533,,19361.5492,,
2026-08-26 19:29:38,42.4922282,-82.8076064,,0.0,137.7333,212.0559,-13.2216,0.0,8.5739,0.9274,204.7874,2.0653,-0.5111,,,,,,,,,,,,,,,,,38.5794,,0.0,,,,,,,,,,,,,,,,,1697.6219,,19361.2211,,
2026-08-26 19:29:39,42.4922282,-82.8076064,17.7723,0.0,137.7333,211.609,-103.2218,0.0,,,,,,,,,,,,,,,,,,,,,,39.1696,,,,,,,,,,,,,,,,,,,,,,,
2026-08-26 19:29:40,,,,0.0,137.7333,212.646,91.7672,0.0,7.9249,1.2106,204.7874,2.0653,-0.5111,,,7.2537,17.1802,10.0,0.0021,48.092,17.3124,72.2677,0.0,0.0,,,,,,38.992,,0.0,,,,,,,,,,,,,,,,,1697.621,,19360.893,,
2026-08-26 19:29:41,42.4922282,-82.8076064,17.9692,0.0,137.7333,214.3477,73.0212,0.0,8.9893,-0.3947,204.7874,2.0653,-0.5111,,,,,,,,,,,,,,,,,39.2097,,0.0,,,,,,,,,,,,,,,,,,,,,
2026-08-26 19:29:42,42.4922282,-82.8076064,,0.0,137.7333,213.1044,-133.223,0.0,10.6607,-1.4892,204.7874,2.0653,-0.5111,,,,,,,,,,,,,,,,,39.3185,,0.0,,,,,,,,,,,,,,,,,1697.6212,,19360.893,,
2026-08-26 19:29:43,42.4922282,-82.8076064,17.7395,0.0,137.7333,212.4627,-106.9689,0.0,9.4932,-1.1881,204.7874,2.0653,-0.5111,,,,,,,,,,,,,,,,,39.903,,0.0,,,,,,,,,,,,,,,,,,,,,
2026-08-26 19:29:44,42.4922282,-82.8076064,,0.0,137.7333,,196.7766,0.0,8.4104,1.5189,,,,,,7.2538,17.1802,10.0,0.0027,48.092,17.3124,72.5874,0.0,0.0,,,,,,38.0466,,,,,,,,,,,,,,,,,,,1697.6348,,19361.2211,,
2026-08-26 19:29:45,42.4922282,-82.8076064,18.1004,0.0,137.7333,213.5628,31.782,0.0,9.1913,-0.3905,204.7874,2.0653,-0.5111,,,,,,,,,,,,,,,,,39.3357,,0.0,,,,,,,,,,,,,,,,,,,,,
2026-08-26 19:29:46,42.4922282,-82.8076064,,0.0,137.7333,215.253,-88.2298,0.0,8.7432,-2.0642,204.7874,2.0653,-0.5111,,,,,,,,,,,,,,,,,39.3357,,0.0,,,,,,,,,,,,,,,,,1697.6171,,19360.893,,
2026-08-26 19:29:47,42.4922282,-82.8076064,17.8379,0.0,137.7333,214.9894,,0.0,,,204.7874,2.0653,-0.5111,,,,,,,,,,,,,,,,,39.3357,,0.0,,,,,,,,,,,,,,,,,,,,,
2026-08-26 19:29:48,42.4922282,-82.8076064,,0.0,137.7333,217.3844,95.5178,0.0,8.9466,0.1345,204.7874,2.0653,-0.5111,,,7.2539,17.1802,10.0,0.0059,48.092,17.3124,72.0524,0.0,0.0,,,,,,39.3357,,0.0,,,,,,,,,,,,,,,,,1697.6145,,19360.893,,
2026-08-26 19:29:49,42.4922282,-82.8076064,17.7723,0.0,137.7333,217.7053,-50.7411,0.0,9.4894,-0.8676,204.7874,2.0653,-0.5111,,,,,,,,,,,,,,,,,38.9117,,0.0,,,,,,,,,,,,,,,,,,,,,
2026-08-26 19:29:50,42.4922282,-82.8076064,,0.0,137.7333,217.9803,1.7533,0.0,9.7837,0.1116,204.7874,2.0653,-0.5111,,,,,,,,,,,,,,,,,39.4618,,0.0,,,,,,,,,,,,,,,,,1697.6203,,19360.893,,
2026-08-26 19:29:51,42.4922282,-82.8076064,17.6083,0.0,137.7333,216.8917,50.5039,0.0,9.4941,1.2541,204.7874,2.0653,-0.5111,,,,,,,,,,,,,,,,,,,0.0,,,,,,,,,,,,,,,,,1697.6245,,19361.2211,,
2026-08-26 19:29:52,42.4922282,-82.8076064,,0.0,137.7333,218.5647,-13.2319,0.0,9.438,-0.4326,204.7874,2.0653,-0.5111,,,7.254,17.1802,10.0,0.0044,48.092,17.3124,72.6662,0.0,0.0,,,,,,39.4217,,0.0,,,,,,,,,,,,,,,,,1697.62,,19360.893,,
2026-08-26 19:29:53,42.4922282,-82.8076064,17.9035,0.0,137.7333,,-211.9818,0.0,9.1979,-2.2647,204.7874,2.0653,-0.5111,,,,,,,,,,,,,,,,,38.6195,,0.0,,,,,,,,,,,,,,,,,1697.6322,,19361.2211,,
2026-08-26 19:29:54,42.4922282,-82.8076064,,0.0,137.7333,215.7858,76.7614,0.0,9.7868,1.6411,204.7874,2.0653,-0.5111,,,,,,,,,,,,,,,,,39.605,,0.0,,,,,,,,,,,,,,,,,1697.6097,,19360.893,,
2026-08-26 19:29:55,42.4922282,-82.8076064,17.7395,0.0,137.7333,215.5509,,0.0,,,204.7874,2.0653,-0.5111,,,,,,,,,,,,,,,,,39.3185,,0.0,,,,,,,,,,,,,,,,,1697.6169,,19360.893,,
2026-08-26 19:29:56,42.4922282807529,-82.8076064866036,,0.0,137.7333,215.4593,54.2717,0.0,9.5902,1.8364,204.7874,2.0653,-0.5111,,,7.254,17.1802,10.0,0.0033,48.092,17.3124,72.877,0.0,0.0,,,,,,39.3357,,0.0,,,,,,,,,,,,,,,,,1697.6185,,19360.893,,
2026-08-26 19:29:57,42.4922282807529,-82.8076064866036,17.5427,0.0,137.7333,215.4191,-24.4596,0.0,9.9811,-0.3596,204.7874,2.0653,-0.5111,,,,,,,,,,,,,,,,,39.3357,,0.0,,,,,,,,,,,,,,,,,1697.6263,,19361.2211,,
2026-08-26 19:29:58,42.4922282807529,-82.8076064866036,,0.0,137.7333,214.1701,-95.7103,0.0,9.5124,-0.4336,204.7874,2.0653,-0.5111,,,,,,,,,,,,,,,,,39.1524,,0.0,,,,,,,,,,,,,,,,,1697.6352,,19361.2211,,
2026-08-26 19:29:59,42.4922282,-82.8076064,17.6739,0.0,137.7333,215.8947,144.2822,0.0,9.881,2.4785,204.7874,2.0653,-0.5111,,,,,,,,,,,,,,,,,39.1696,,0.0,,,,,,,,,,,,,,,,,,,,,
2026-08-26 19:30:00,42.4922282,-82.8076064,,0.0,137.7333,214.0039,-114.4598,0.0,9.8592,-1.5179,,,,,,7.2541,17.1802,10.0,0.0027,48.092,17.3124,72.7017,0.0,0.0,,,,,,39.5649,,,,,,,,,,,,,,,,,,,1697.6307,,19361.2211,,
2026-08-26 19:30:01,42.4922282,-82.8076064,17.3458,0.0,137.7333,213.5971,20.5405,0.0,10.354,0.6217,204.7874,2.0653,-0.5111,,,,,,,,,,,,,,,,,38.8029,,0.0,,,,,,,,,,,,,,,,,,,,,
2026-08-26 19:30:02,42.4922282,-82.8076064,,0.0,137.7333,213.6544,76.7924,0.0,8.5179,1.4844,204.7874,2.0653,-0.5111,,,,,,,,,,,,,,,,,38.6654,,0.0,,,,,,,,,,,,,,,,,1697.635,,19361.2211,,
2026-08-26 19:30:03,42.4922282,-82.8076064,17.2474,0.0,137.7333,,-20.7055,0.0,8.4168,0.4536,204.7874,2.0653,-0.5111,,,,,,,,,,,,,,,,,38.8716,,0.0,,,,,,,,,,,,,,,,,1697.6277,,19361.2211,,
2026-08-26 19:30:04,42.4922282,-82.8076064,,0.0,137.7333,212.6403,-65.6988,0.0,9.2796,-0.3373,204.7874,2.0653,-0.5111,,,7.2542,17.1802,10.0,0.0057,48.092,17.3124,72.7236,0.0,0.0,,,,,,38.8487,,0.0,,,,,,,,,,,,,,,,,1697.6393,,19361.2211,,
2026-08-26 19:30:05,42.4922282,-82.8076064,17.1818,,,212.6518,-58.2045,,8.8002,-0.6362,204.7874,2.0653,-0.5111,,,,,,,,,,,,,,,,,38.8487,,0.0,,,,,,,,,,,,,,,,,1697.6269,,19361.2211,,
2026-08-26 19:30:06,42.4922282,-82.8076064,,0.0,137.7333,212.2278,,0.0,,,204.7874,2.0653,-0.5111,,,,,,,,,,,,,,,,,38.6654,,0.0,,,,,,,,,,,,,,,,,1697.6256,,19361.2211,,
2026-08-26 19:30:07,42.4922282,-82.8076064,16.4928,0.0,137.7333,211.5861,20.5371,0.0,7.9556,1.3954,204.7874,2.0653,-0.5111,,,,,,,,,,,,,,,,,38.6425,,0.0,,,,,,,,,,,,,,,,,,,,,
2026-08-26 19:30:08,42.4922282,-82.8076064,,0.0,137.7333,214.2274,24.298,0.0,8.6192,-0.972,204.7874,2.0653,-0.5111,,,7.2543,17.1802,10.0,0.0038,48.092,17.3124,72.4442,0.0,0.0,,,,,,38.6654,,0.0,,,,,,,,,,,,,,,,,1697.6357,,19361.2211,,
2026-08-26 19:30:09,42.4922282,-82.8076064,15.8694,0.0,137.7333,213.7805,-76.9608,0.0,8.5782,-1.8763,204.7874,2.0653,-0.5111,,,,,,,,,,,,,,,,,39.1925,,0.0,,,,,,,,,,,,,,,,,,,,,
2026-08-26 19:30:10,42.4922282,-82.8076064,,0.0,137.7333,213.1961,129.2937,0.0,8.9868,2.22,204.7874,2.0653,-0.5111,,,,,,,,,,,,,,,,,38.9347,,0.0,,,,,,,,,,,,,,,,,1697.6297,,19361.2211,,
2026-08-26 19:30:11,42.4922282,-82.8076064,16.4272,0.0,137.7333,213.4711,106.7902,0.0,7.4487,0.3134,204.7874,2.0653,-0.5111,,,,,,,,,,,,,,,,,38.7857,,0.0,,,,,,,,,,,,,,,,,1697.6324,,19361.2211,,
2026-08-26 19:30:12,42.4922282,-82.8076064,16.2631,0.0,137.7333,,91.7947,0.0,7.7403,2.2165,204.7874,2.0653,-0.5111,,,7.2543,17.1802,10.0,0.0062,48.092,17.3124,72.3262,0.0,0.0,,,,,,38.0466,,0.0,,,,,,,,,,,,,,,,,,,,,
2026-08-26 19:30:13,42.4922282,-82.8076064,,0.0,137.7333,216.0322,-106.9586,0.0,9.1947,-1.7512,,,,,,,,,,,,,,,,,,,,39.3758,,,,,,,,,,,,,,,,,,,1697.6387,,19361.2211,,
2026-08-26 19:30:14,42.4922282,-82.8076064,16.4272,0.0,137.7333,215.0181,-46.9562,0.0,9.6387,-0.5541,204.7874,2.0653,-0.5111,,,,,,,,,,,,,,,,,,,0.0,,,,,,,,,,,,,,,,,,,,,
2026-08-26 19:30:15,42.4922282,-82.8076064,,0.0,137.7333,214.3477,,0.0,,,204.7874,2.0653,-0.5111,,,,,,,,,,,,,,,,,39.1696,,0.0,,,,,,,,,,,,,,,,,1697.6382,,19361.2211,,
2026-08-26 19:30:16,,,16.2631,0.0,137.7333,215.6082,114.2776,0.0,8.3785,1.5376,204.7874,2.0653,-0.5111,,,7.2544,17.1802,10.0,0.0034,48.092,17.3124,71.6103,0.0,0.0,,,,,,39.1696,,0.0,,,,,,,,,,,,,,,,,,,,,
2026-08-26 19:30:17,42.4922282,-82.8076064,,0.0,137.7333,215.5223,58.0292,0.0,8.7328,0.3693,204.7874,2.0653,-0.5111,,,,,,,,,,,,,,,,,39.1696,,0.0,,,,,,,,,,,,,,,,,1697.6223,,19361.2211,,
2026-08-26 19:30:18,42.4922282,-82.8076064,16.0663,0.0,137.7333,213.7003,-118.2069,0.0,8.0091,-0.8958,204.7874,2.0653,-0.5111,,,,,,,,,,,,,,,,,38.969,,0.0,,,,,,,,,,,,,,,,,1697.6308,,19361.2211,,
2026-08-26 19:30:19,42.4922282,-82.8076064,,0.0,137.7333,213.4482,-54.4677,0.0,7.804,0.3945,204.7874,2.0653,-0.5111,,,,,,,,,,,,,,,,,38.969,,0.0,,,,,,,,,,,,,,,,,,,,,
2026-08-26 19:30:20,42.4922282,-82.8076064,16.7552,0.0,137.7333,211.2308,-91.9597,0.0,9.5557,0.0136,204.7874,2.0653,-0.5111,,,7.2545,17.1802,10.0,0.0024,48.092,17.3124,72.4963,0.0,0.0,,,,,,38.969,,0.0,,,,,,,,,,,,,,,,,1697.6414,,19361.2211,,
2026-08-26 19:30:21,42.4922282,-82.8076064,,0.0,137.7333,210.2282,-31.9539,0.0,9.1739,-0.4666,204.7874,2.0653,-0.5111,,,,,,,,,,,,,,,,,38.969,,0.0,,,,,,,,,,,,,,,,,1697.6469,,19361.2211,,
2026-08-26 19:30:22,42.4922282,-82.8076064,16.3615,0.0,137.7333,,20.5405,0.0,8.3266,0.1504,204.7874,2.0653,-0.5111,,,,,,,,,,,,,,,,,38.9519,,0.0,,,,,,,,,,,,,,,,,1697.6347,,19361.2211,,
2026-08-26 19:30:23,42.4922282,-82.8076064,,0.0,137.7333,211.0418,118.0316,0.0,8.4694,1.4605,204.7874,2.0653,-0.5111,,,,,,,,,,,,,,,,,38.969,,0.0,,,,,,,,,,,,,,,,,,,,,
2026-08-26 19:30:24,42.4922282,-82.8076064,15.8694,0.0,137.7333,211.7007,,0.0,,,204.7874,2.0653,-0.5111,,,7.2546,17.1802,10.0,0.0041,48.092,17.3124,72.9909,0.0,0.0,,,,,,38.969,,0.0,,,,,,,,,,,,,,,,,1697.6516,,19361.5492,,
2026-08-26 19:30:25,42.4922282,-82.8076064,15.5085,0.0,137.7333,209.913,-13.2216,0.0,9.0666,0.1899,204.7874,2.0653,-0.5111,,,,,,,,,,,,,,,,,38.969,,0.0,,,,,,,,,,,,,,,,,,,,,
2026-08-26 19:30:26,42.4922282,-82.8076064,,0.0,137.7333,208.9848,13.0222,0.0,9.8368,0.2934,204.7874,2.0653,-0.5111,,,,,,,,,,,,,,,,,38.969,,0.0,,,,,,,,,,,,,,,,,1697.6413,,19361.2211,,
2026-08-26 19:30:27,42.4922282,-82.8076064,16.0007,0.0,137.7333,208.5838,24.2739,0.0,8.7813,0.8626,204.7874,2.0653,-0.5111,,,,,,,,,,,,,,,,,38.969,,0.0,,,,,,,,,,,,,,,,,1697.6617,,19361.5492,,
2026-08-26 19:30:28,42.4922282,-82.8076064,,0.0,137.7333,208.7041,9.2819,0.0,8.9994,1.0984,204.7874,2.0653,-0.5111,,,7.2546,17.1802,10.0,0.0007,48.092,17.3124,73.2761,0.0,0.0,,,,,,38.969,,0.0,,,,,,,,,,,,,,,,,,,,,
2026-08-26 19:30:29,42.4922282,-82.8076064,15.5085,0.0,137.7333,207.816,-65.7091,0.0,9.2275,-0.8521,204.7874,2.0653,-0.5111,,,,,,,,,,,,,,,,,38.969,,0.0,,,,,,,,,,,,,,,,,1697.6551,,19361.5492,,
2026-08-26 19:30:30,42.4922282,-82.8076064,,0.0,137.7333,208.2171,-24.4596,0.0,8.05,0.6105,204.7874,2.0653,-0.5111,,,,,,,,,,,,,,,,,38.969,,0.0,,,,,,,,,,,,,,,,,,,,,
2026-08-26 19:30:31,42.4922282,-82.8076064,15.0164,0.0,137.7333,210.0104,28.0211,0.0,7.4773,-0.5459,204.7874,2.0653,-0.5111,,,,,,,,,,,,,,,,,38.969,,0.0,,,,,,,,,,,,,,,,,1697.6422,,19361.2211,,
2026-08-26 19:30:32,42.4922282,-82.8076064,,0.0,137.7333,,110.5132,0.0,7.175,0.7301,204.7874,2.0653,-0.5111,,,7.2547,17.1802,10.0,0.0033,48.092,17.3124,72.489,0.0,0.0,,,,,,38.969,,0.0,,,,,,,,,,,,,,,,,,,,,
2026-08-26 19:30:33,42.4922282,-82.8076064,15.1476,0.0,137.7333,211.2194,148.0087,0.0,7.9169,1.9291,204.7874,2.0653,-0.5111,,,,,,,,,,,,,,,,,38.8888,,0.0,,,,,,,,,,,,,,,,,1697.6417,,19361.2211,,
2026-08-26 19:30:34,42.4922282,-82.8076064,,0.0,137.7333,213.8722,,0.0,,,204.7874,2.0653,-0.5111,,,,,,,,,,,,,,,,,39.0664,,0.0,,,,,,,,,,,,,,,,,1697.6259,,19361.2211,,
2026-08-26 19:30:35,42.4922282,-82.8076064,15.5741,0.0,137.7333,213.8091,-73.2378,0.0,9.119,-1.5246,204.7874,2.0653,-0.5111,,,,,,,,,,,,,,,,,38.8029,,0.0,,,,,,,,,,,,,,,,,1697.6193,,19360.893,,
2026-08-26 19:30:36,42.4922282807529,-82.8076064866036,,0.0,137.7333,214.9952,-16.9859,0.0,8.3829,0.0174,204.7874,2.0653,-0.5111,,,7.2548,17.1802,10.0,0.0043,48.092,17.3124,72.4726,0.0,0.0,,,,,,,,0.0,,,,,,,,,,,,,,,,,1697.6178,,19360.893,,
2026-08-26 19:30:37,42.4922282807529,-82.8076064866036,16.2631,0.0,137.7333,214.3248,5.5141,0.0,8.1441,0.6407,204.7874,2.0653,-0.5111,,,,,,,,,,,,,,,,,38.8258,,0.0,,,,,,,,,,,,,,,,,1697.6366,,19361.2211,,
2026-08-26 19:30:38,42.4922282807529,-82.8076064866036,16.3615,0.0,137.7333,216.1239,200.5135,0.0,7.7391,1.4624,204.7874,2.0653,-0.5111,,,,,,,,,,,,,,,,,38.8258,,0.0,,,,,,,,,,,,,,,,,1697.628,,19361.2211,,
2026-08-26 19:30:39,42.4922282,-82.8076064,15.5085,0.0,137.7333,216.439,5.5279,0.0,8.1761,1.0689,204.7874,2.0653,-0.5111,,,,,,,,,,,,,,,,,38.8258,,0.0,,,,,,,,,,,,,,,,,1697.631,,19361.2211,,
2026-08-26 19:30:40,42.4922282,-82.8076064,,0.0,137.7333,214.9149,-133.2127,0.0,9.0,-1.5237,204.7874,2.0653,-0.5111,,,7.2549,17.1802,10.0,0.0029,48.092,17.3124,72.2952,0.0,0.0,,,,,,38.7857,,0.0,,,,,,,,,,,,,,,,,1697.6167,,19360.893,,
2026-08-26 19:30:41,42.4922282,-82.8076064,15.771,0.0,137.7333,213.7518,-200.6991,0.0,9.6385,-0.9705,,,,,,,,,,,,,,,,,,,,38.4763,,,,,,,,,,,,,,,,,,,1697.6143,,19360.893,,
2026-08-26 19:30:42,42.4922282,-82.8076064,,,,,,,,,204.7874,2.0653,-0.5111,,,,,,,,,,,,,,,,,39.2727,,0.0,,,,,,,,,,,,,,,,,1697.6369,,19361.2211,,
2026-08-26 19:30:43,42.4922282,-82.8076064,15.771,0.0,137.7333,214.3248,20.5474,0.0,9.7695,0.7974,204.7874,2.0653,-0.5111,,,,,,,,,,,,,,,,,39.1696,,0.0,,,,,,,,,,,,,,,,,1697.6306,,19361.2211,,
2026-08-26 19:30:44,42.4922282,-82.8076064,,0.0,137.7333,213.6659,5.5382,0.0,9.1926,0.3181,204.7874,2.0653,-0.5111,,,7.2549,17.1802,10.0,0.0029,48.092,17.3124,73.358,0.0,0.0,,,,,,39.1524,,0.0,,,,,,,,,,,,,,,,,1697.6337,,19361.2211,,
2026-08-26 19:30:45,42.4922282,-82.8076064,16.3615,0.0,137.7333,215.3619,-76.9608,0.0,9.8185,-0.1392,204.7874,2.0653,-0.5111,,,,,,,,,,,,,,,,,39.1524,,0.0,,,,,,,,,,,,,,,,,1697.6199,,19360.893,,
2026-08-26 19:30:46,42.4922282,-82.8076064,,0.0,137.7333,214.0326,-28.2239,0.0,9.9559,0.0003,204.7874,2.0653,-0.5111,,,,,,,,,,,,,,,,,39.2956,,0.0,,,,,,,,,,,,,,,,,1697.6186,,19360.893,,
2026-08-26 19:30:47,42.4922282,-82.8076064,16.2631,0.0,137.7333,216.0208,20.5268,0.0,10.5271,-0.0535,,,,,,,,,,,,,,,,,,,,39.2498,,,,,,,,,,,,,,,,,,,,,,,
2026-08-26 19:30:48,42.4922282,-82.8076064,,0.0,137.7333,216.0895,140.5213,0.0,9.4292,2.349,204.7874,2.0653,-0.5111,,,7.255,17.1802,10.0,0.0018,48.092,17.3124,73.1936,0.0,0.0,,,,,,39.2727,,0.0,,,,,,,,,,,,,,,,,1697.6277,,19361.2211,,
2026-08-26 19:30:49,42.4922282,-82.8076064,15.5085,0.0,137.7333,215.041,-125.7218,0.0,11.3114,-2.3375,204.7874,2.0653,-0.5111,,,,,,,,,,,,,,,,,39.2326,,0.0,,,,,,,,,,,,,,,,,1697.6226,,19361.2211,,
2026-08-26 19:30:50,42.4922282,-82.8076064,,0.0,137.7333,216.2843,,0.0,,,204.7874,2.0653,-0.5111,,,,,,,,,,,,,,,,,39.0836,,0.0,,,,,,,,,,,,,,,,,1697.6306,,19361.2211,,
2026-08-26 19:30:51,42.4922282,-82.8076064,15.771,0.0,137.7333,216.1583,-61.9757,0.0,10.2161,-0.7089,204.7874,2.0653,-0.5111,,,,,,,,,,,,,,,,,39.7024,,0.0,,,,,,,,,,,,,,,,,1697.6178,,19360.893,,
2026-08-26 19:30:52,42.4922282,-82.8076064,,0.0,137.7333,,208.0181,0.0,9.9154,2.5937,204.7872,2.0653,-0.511,,,7.2551,17.1802,10.0,0.0019,48.092,17.3124,73.4341,0.0,0.0,,,,,,38.7685,,0.0,,,,,,,,,,,,,,,,,1697.6238,,19361.2211,,
2026-08-26 19:30:53,42.4922282,-82.8076064,15.6398,0.0,137.7333,214.8233,-65.7263,0.0,9.8522,-0.6775,204.7874,2.0653,-0.5111,,,,,,,,,,,,,,,,,38.7857,,0.0,,,,,,,,,,,,,,,,,,,,,
2026-08-26 19:30:54,42.4922282,-82.8076064,,0.0,137.7333,213.5398,-103.239,0.0,9.6736,-0.6886,204.7874,2.0653,-0.5111,,,,,,,,,,,,,,,,,39.0149,,0.0,,,,,,,,,,,,,,,,,1697.6256,,19361.2211,,
2026-08-26 19:30:55,42.4922282,-82.8076064,16.0007,0.0,137.7333,213.643,-28.248,0.0,9.3822,-0.4452,204.7874,2.0653,-0.5111,,,,,,,,,,,,,,,,,39.479,,0.0,,,,,,,,,,,,,,,,,1697.6464,,19361.2211,,
2026-08-26 19:30:56,,,,0.0,137.7333,213.7748,144.2375,0.0,9.1865,3.1699,204.7874,2.0653,-0.5111,,,7.2552,17.1802,10.0,0.0035,48.092,17.3124,73.1407,0.0,0.0,,,,,,39.3357,,0.0,,,,,,,,,,,,,,,,,,,,,
2026-08-26 19:30:57,42.4922282,-82.8076064,16.2631,0.0,137.7333,212.0043,-35.7732,0.0,9.4155,0.4625,204.7874,2.0653,-0.5111,,,,,,,,,,,,,,,,,38.7685,,0.0,,,,,,,,,,,,,,,,,1697.6409,,19361.2211,,
2026-08-26 19:30:58,42.4922282,-82.8076064,,0.0,137.7333,211.4314,54.2201,0.0,9.7197,0.233,204.7874,2.0653,-0.5111,,,,,,,,,,,,,,,,,38.8716,,0.0,,,,,,,,,,,,,,,,,1697.6356,,19361.2211,,
2026-08-26 19:30:59,42.4922282,-82.8076064,16.3615,0.0,137.7333,211.1506,,0.0,9.2682,-0.5998,204.7872,2.0653,-0.511,,,,,,,,,,,,,,,,,,,0.0,,,,,,,,,,,,,,,,,1697.6319,,19361.2211,,
2026-08-26 19:31:00,42.4922282,-82.8076064,,0.0,137.7333,212.9039,80.4605,0.0,,,204.7872,2.0653,-0.511,,,7.2553,17.1802,10.0,0.0045,48.092,17.3124,72.5662,0.0,0.0,,,,,,39.0836,,0.0,,,,,,,,,,,,,,,,,1697.6298,,19361.2211,,
2026-08-26 19:31:01,42.4922282,-82.8076064,16.1319,0.0,137.7333,,-152.0515,0.0,10.8995,-0.7081,204.7874,2.0653,-0.5111,,,,,,,,,,,,,,,,,39.0378,,0.0,,,,,,,,,,,,,,,,,1697.6417,,19361.2211,,
2026-08-26 19:31:02,42.4922282,-82.8076064,,0.0,137.7333,212.9669,61.6904,0.0,10.5491,1.7656,,,,,,,,,,,,,,,,,,,,38.992,,,,,,,,,,,,,,,,,,,,,,,
2026-08-26 19:31:03,42.4922282,-82.8076064,16.2631,0.0,137.7333,211.7809,,0.0,,,204.7874,2.0653,-0.5111,,,,,,,,,,,,,,,,,39.0149,,0.0,,,,,,,,,,,,,,,,,1697.6428,,19361.2211,,
2026-08-26 19:31:04,42.4922282,-82.8076064,,0.0,137.7333,210.6693,,0.0,,,204.7874,2.0653,-0.5111,,,,,,,,,,,,,,,,,39.0149,,0.0,,,,,,,,,,,,,,,,,1697.6302,,19361.2211,,
2026-08-26 19:31:05,42.4922282,-82.8076064,15.5085,0.0,137.7333,212.795,,0.0,,,204.7874,2.0653,-0.5111,,,,,,,,,,,,,,,,,38.9519,,0.0,,,,,,,,,,,,,,,,,,,,,
2026-08-26 19:31:06,42.4922282,-82.8076064,,0.0,137.7333,213.345,,0.0,,,204.7874,2.0653,-0.5111,,,,,,,,,,,,,,,,,38.6654,,0.0,,,,,,,,,,,,,,,,,1697.6336,,19361.2211,,
2026-08-26 19:31:07,42.4922282,-82.8076064,16.1319,0.0,137.7333,212.5257,,0.0,,,204.7874,2.0653,-0.5111,,,,,,,,,,,,,,,,,39.2326,,0.0,,,,,,,,,,,,,,,,,1697.6456,,19361.2211,,
2026-08-26 19:31:08,42.4922282,-82.8076064,,0.0,137.7333,212.6002,-43.3294,0.0,8.6916,0.505,204.7874,2.0653,-0.5111,,,,,,,,,,,,,,,,,38.6826,,0.0,,,,,,,,,,,,,,,,,,,,,
2026-08-26 19:31:09,42.4922282,-82.8076064,16.624,0.0,137.7333,211.9642,65.41,0.0,9.0115,1.974,204.7874,2.0653,-0.5111,,,,,,,,,,,,,,,,,38.6826,,0.0,,,,,,,,,,,,,,,,,1697.623,,19361.2211,,
2026-08-26 19:31:10,42.4922282,-82.8076064,,0.0,137.7333,211.0876,-28.3339,0.0,9.6716,1.2146,204.7874,2.0653,-0.5111,,,,,,,,,,,,,,,,,38.7227,,0.0,,,,,,,,,,,,,,,,,1697.6502,,19361.2211,,
2026-08-26 19:31:11,42.4922282807529,-82.8076064866036,15.8694,0.0,137.7333,,-189.5883,0.0,9.133,-2.8218,204.7874,2.0653,-0.5111,,,,,,,,,,,,,,,,,39.0836,,0.0,,,,,,,,,,,,,,,,,,,,,
2026-08-26 19:31:12,42.4922282807529,-82.8076064866036,,0.0,137.7333,209.7583,57.9088,0.0,8.6604,3.0302,204.7872,2.0653,-0.511,,,7.2555,17.1802,10.0,0.0027,48.092,17.3124,73.0765,0.0,0.0,,,,,,38.1153,,0.0,,,,,,,,,,,,,,,,,1697.6531,,19361.5492,,
2026-08-26 19:31:13,42.4922282,-82.8076064,15.8694,,,209.5864,,,,,204.7874,2.0653,-0.5111,,,,,,,,,,,,,,,,,39.2956,,0.0,,,,,,,,,,,,,,,,,1697.6586,,19361.5492,,
2026-08-26 19:31:14,42.4922282,-82.8076064,15.7054,0.0,137.7333,209.214,9.1547,0.0,7.3655,2.2324,204.7874,2.0653,-0.5111,,,,,,,,,,,,,,,,,38.1497,,0.0,,,,,,,,,,,,,,,,,1697.645,,19361.2211,,
2026-08-26 19:31:15,42.4922282,-82.8076064,,0.0,137.7333,207.753,-230.8447,0.0,8.3628,-2.951,204.7872,2.0653,-0.511,,,,,,,,,,,,,,,,,38.8487,,0.0,,,,,,,,,,,,,,,,,1697.6564,,19361.5492,,
2026-08-26 19:31:16,42.4922282,-82.8076064,16.2631,0.0,137.7333,210.5261,181.6334,0.0,7.9977,4.0965,204.7872,2.0653,-0.511,,,7.2556,17.1802,10.0,0.0018,48.092,17.3124,72.1232,0.0,0.0,,,,,,39.5649,,0.0,,,,,,,,,,,,,,,,,,,,,
2026-08-26 19:31:17,42.4922282,-82.8076064,,0.0,137.7333,211.0246,16.6284,0.0,7.9934,0.958,,,,,,,,,,,,,,,,,,,,38.1325,,,,,,,,,,,,,,,,,,,1697.632,,19361.2211,,
2026-08-26 19:31:18,42.4922282,-82.8076064,15.6398,0.0,137.7333,211.2194,-140.872,0.0,7.6706,-2.0216,204.7874,2.0653,-0.5111,,,,,,,,,,,,,,,,,38.8487,,0.0,,,,,,,,,,,,,,,,,1697.6337,,19361.2211,,
2026-08-26 19:31:19,42.4922282,-82.8076064,,0.0,137.7333,211.46,-88.381,0.0,9.0722,-0.3905,204.7874,2.0653,-0.5111,,,,,,,,,,,,,,,,,39.0836,,0.0,,,,,,,,,,,,,,,,,,,,,
2026-08-26 19:31:20,42.4922282,-82.8076064,16.1975,0.0,137.7333,211.8955,117.8597,0.0,8.8317,1.7139,204.7874,2.0653,-0.5111,,,7.2556,17.1802,10.0,0.0031,48.092,17.3124,72.3041,0.0,0.0,,,,,,,,0.0,,,,,,,,,,,,,,,,,1697.6388,,19361.2211,,
2026-08-26 19:31:21,42.4922282,-82.8076064,,0.0,137.7333,,,0.0,,,204.7874,2.0653,-0.5111,,,,,,,,,,,,,,,,,39.0664,,0.0,,,,,,,,,,,,,,,,,1697.6416,,19361.2211,,
2026-08-26 19:31:22,42.4922282,-82.8076064,16.2631,0.0,137.7333,209.8672,-50.8855,0.0,9.4568,0.9486,204.7874,2.0653,-0.5111,,,,,,,,,,,,,,,,,38.6195,,0.0,,,,,,,,,,,,,,,,,1697.6517,,19361.5492,,
2026-08-26 19:31:23,42.4922282,-82.8076064,,0.0,137.7333,208.876,-54.6395,0.0,8.3582,-1.1661,204.7874,2.0653,-0.5111,,,,,,,,,,,,,,,,,39.5649,,0.0,,,,,,,,,,,,,,,,,1697.6305,,19361.2211,,
2026-08-26 19:31:24,42.4922282,-82.8076064,15.2789,0.0,137.7333,210.9443,-152.134,0.0,9.1438,-1.4715,204.7874,2.0653,-0.5111,,,7.2557,17.1802,10.0,0.0052,48.092,17.3124,71.9828,0.0,0.0,,,,,,38.2586,,0.0,,,,,,,,,,,,,,,,,1697.6503,,19361.2211,,
2026-08-26 19:31:25,42.4922282,-82.8076064,,0.0,137.7333,212.9153,162.8564,0.0,8.8996,0.9768,204.7874,2.0653,-0.5111,,,,,,,,,,,,,,,,,38.3388,,0.0,,,,,,,,,,,,,,,,,1697.6264,,19361.2211,,
2026-08-26 19:31:26,42.4922282,-82.8076064,16.0663,0.0,137.7333,211.3053,91.5988,0.0,8.0599,3.5772,204.7874,2.0653,-0.5111,,,,,,,,,,,,,,,,,39.479,,0.0,,,,,,,,,,,,,,,,,,,,,
2026-08-26 19:31:27,42.4922282,-82.8076064,,0.0,137.7333,209.7354,,0.0,,,204.7874,2.0653,-0.5111,,,,,,,,,,,,,,,,,38.7685,,0.0,,,,,,,,,,,,,,,,,1697.6461,,19361.2211,,
2026-08-26 19:31:28,42.4922282,-82.8076064,16.9193,0.0,137.7333,212.1246,-39.6372,0.0,9.1146,-0.1124,204.7874,2.0653,-0.5111,,,7.2558,17.1802,10.0,0.0031,48.092,17.3124,72.4278,0.0,0.0,,,,,,39.2498,,0.0,,,,,,,,,,,,,,,,,,,,,
2026-08-26 19:31:29,42.4922282,-82.8076064,16.7881,0.0,137.7333,210.8469,-110.8776,0.0,8.8459,-2.3205,204.7874,2.0653,-0.5111,,,,,,,,,,,,,,,,,39.5248,,0.0,,,,,,,,,,,,,,,,,1697.6548,,19361.5492,,
2026-08-26 19:31:30,,,,0.0,137.7333,210.7782,114.1126,0.0,8.9116,3.3716,204.7874,2.0653,-0.5111,,,,,,,,,,,,,,,,,38.4018,,0.0,,,,,,,,,,,,,,,,,,,,,
2026-08-26 19:31:31,42.4922282,-82.8076064,16.2959,0.0,137.7333,,-133.3846,0.0,9.0711,-0.6563,204.7874,2.0653,-0.5111,,,,,,,,,,,,,,,,,39.4389,,0.0,,,,,,,,,,,,,,,,,1697.6479,,19361.2211,,
2026-08-26 19:31:32,42.4922282,-82.8076064,,0.0,137.7333,209.6953,16.6215,0.0,8.3676,-0.0799,204.7874,2.0653,-0.5111,,,7.2559,17.1802,10.0,0.001,48.092,17.3124,72.7619,0.0,0.0,,,,,,38.5336,,0.0,,,,,,,,,,,,,,,,,1697.6421,,19361.2211,,
2026-08-26 19:31:33,42.4922282,-82.8076064,16.0663,0.0,137.7333,210.1766,-69.635,0.0,8.473,-0.7032,204.7874,2.0653,-0.5111,,,,,,,,,,,,,,,,,38.7456,,0.0,,,,,,,,,,,,,,,,,1697.6629,,19361.5492,,
2026-08-26 19:31:34,42.4922282,-82.8076064,,0.0,137.7333,210.3313,,0.0,,,204.7874,2.0653,-0.5111,,,,,,,,,,,,,,,,,38.0294,,0.0,,,,,,,,,,,,,,,,,1697.6536,,19361.5492,,
2026-08-26 19:31:35,42.4922282,-82.8076064,15.7054,0.0,137.7333,209.7239,-88.3948,0.0,8.876,-1.4302,204.7874,2.0653,-0.5111,,,,,,,,,,,,,,,,,38.6998,,0.0,,,,,,,,,,,,,,,,,,,,,
2026-08-26 19:31:36,42.4922282,-82.8076064,,0.0,137.7333,210.1193,-13.4072,0.0,8.1193,0.346,204.7874,2.0653,-0.5111,,,7.2559,17.1802,10.0,0.0014,48.092,17.3124,72.6528,0.0,0.0,,,,,,38.7227,,0.0,,,,,,,,,,,,,,,,,1697.6544,,19361.5492,,
2026-08-26 19:31:37,42.4922282,-82.8076064,15.935,0.0,137.7333,210.6579,-114.6764,0.0,7.4884,-0.5216,204.7874,2.0653,-0.5111,,,,,,,,,,,,,,,,,38.6998,,0.0,,,,,,,,,,,,,,,,,,,,,
2026-08-26 19:31:38,42.4922282,-82.8076064,,0.0,137.7333,211.0647,-9.6704,0.0,8.5089,0.4463,204.7874,2.0653,-0.5111,,,,,,,,,,,,,,,,,38.6998,,0.0,,,,,,,,,,,,,,,,,1697.6323,,19361.2211,,
2026-08-26 19:31:39,42.4922282,-82.8076064,15.7054,0.0,137.7333,209.976,-110.9292,0.0,8.9757,-1.0041,204.7874,2.0653,-0.5111,,,,,,,,,,,,,,,,,39.0493,,0.0,,,,,,,,,,,,,,,,,,,,,
2026-08-26 19:31:40,42.4922282,-82.8076064,,0.0,137.7333,209.5291,-118.4338,0.0,8.8926,-0.7603,204.7874,2.0653,-0.5111,,,7.256,17.1802,10.0,0.0052,48.092,17.3124,72.0568,0.0,0.0,,,,,,39.1925,,0.0,,,,,,,,,,,,,,,,,1697.6525,,19361.5492,,
2026-08-26 19:31:41,42.4922282,-82.8076064,16.2631,0.0,137.7333,,,0.0,,,204.7874,2.0653,-0.5111,,,,,,,,,,,,,,,,,38.5966,,0.0,,,,,,,,,,,,,,,,,1697.6446,,19361.2211,,
2026-08-26 19:31:42,42.4922282,-82.8076064,16.5584,0.0,137.7333,209.5521,16.5699,0.0,8.2848,0.9433,204.7874,2.0653,-0.5111,,,,,,,,,,,,,,,,,38.6195,,0.0,,,,,,,,,,,,,,,,,1697.641,,19361.2211,,
2026-08-26 19:31:43,42.4922282,-82.8076064,,,,208.5207,-28.4233,,8.1159,-1.2146,,,,,,,,,,,,,,,,,,,,,,,,,,,,,,,,,,,,,,,1697.6298,,19361.2211,,
2026-08-26 19:31:44,42.4922282807529,-82.8076064866036,16.7552,0.0,137.7333,212.3481,185.3152,0.0,8.0355,1.9701,204.7874,2.0653,-0.5111,,,7.2561,17.4427,10.0,0.0024,48.092,17.2958,72.1211,0.0,0.0,,,,,,38.4763,,0.0,,,,,,,,,,,,,,,,,1697.6522,,19361.5492,,
2026-08-26 19:31:45,42.4922282807529,-82.8076064866036,,0.0,137.7333,211.1334,-47.1831,0.0,8.7681,1.4966,204.7874,2.0653,-0.5111,,,,,,,,,,,,,,,,,39.3185,,0.0,,,,,,,,,,,,,,,,,,,,,
2026-08-26 19:31:46,42.4922282,-82.8076064,16.1319,0.0,137.7333,209.9073,-223.4295,0.0,8.1282,-3.4353,,,,,,,,,,,,,,,,,,,,38.7857,,,,,,,,,,,,,,,,,,,1697.6433,,19361.2211,,
2026-08-26 19:31:47,42.4922282,-82.8076064,,0.0,137.7333,211.4428,162.8082,0.0,8.2348,2.5015,204.7874,2.0653,-0.5111,,,,,,,,,,,,,,,,,38.2357,,0.0,,,,,,,,,,,,,,,,,,,,,
2026-08-26 19:31:48,42.4922282,-82.8076064,16.0663,0.0,137.7333,209.1281,-107.1958,0.0,8.4395,-1.5134,204.7874,2.0653,-0.5111,,,7.2562,17.4427,10.0,0.0042,48.092,17.2958,73.0318,0.0,0.0,,,,,,39.1925,,0.0,,,,,,,,,,,,,,,,,1697.6408,,19361.2211,,
2026-08-26 19:31:49,42.4922282,-82.8076064,,0.0,137.7333,209.5692,-103.4487,0.0,8.9839,-1.8021,,,,,,,,,,,,,,,,,,,,38.1956,,,,,,,,,,,,,,,,,,,,,,,
2026-08-26 19:31:50,42.4922282,-82.8076064,15.6398,0.0,137.7333,207.9707,,0.0,,,204.7874,2.0653,-0.5111,,,,,,,,,,,,,,,,,38.7227,,0.0,,,,,,,,,,,,,,,,,1697.6557,,19361.5492,,
2026-08-26 19:31:51,42.4922282,-82.8076064,,0.0,137.7333,,20.2793,0.0,8.6235,2.2714,204.7874,2.0653,-0.5111,,,,,,,,,,,,,,,,,38.5966,,0.0,,,,,,,,,,,,,,,,,1697.643,,19361.2211,,
2026-08-26 19:31:52,42.4922282,-82.8076064,15.5085,0.0,137.7333,208.2973,-193.4833,0.0,8.3573,-2.5227,204.7874,2.0653,-0.5111,,,7.2562,17.4427,10.0,0.003,48.092,17.2958,73.4889,0.0,0.0,,,,,,39.0149,,0.0,,,,,,,,,,,,,,,,,1697.6562,,19361.5492,,
2026-08-26 19:31:53,42.4922282,-82.8076064,,0.0,137.7333,209.4776,136.5026,0.0,8.28,2.0915,,,,,,,,,,,,,,,,,,,,38.419,,,,,,,,,,,,,,,,,,,,,,,
2026-08-26 19:31:54,42.4922282,-82.8076064,15.4429,0.0,137.7333,209.6094,-43.5184,0.0,9.2611,-1.1801,204.7874,2.0653,-0.5111,,,,,,,,,,,,,,,,,38.4419,,0.0,,,,,,,,,,,,,,,,,1697.6295,,19361.2211,,
2026-08-26 19:31:55,42.4922282,-82.8076064,,0.0,137.7333,210.1651,-141.0232,0.0,8.7435,0.0386,204.7874,2.0653,-0.5111,,,,,,,,,,,,,,,,,38.4419,,0.0,,,,,,,,,,,,,,,,,1697.6629,,19361.5492,,
2026-08-26 19:31:56,42.4922282,-82.8076064,14.9508,0.0,137.7333,208.2916,68.9646,0.0,8.4385,3.7089,204.7874,2.0653,-0.5111,,,7.2563,17.4427,10.0,0.0019,48.092,17.2958,73.7245,0.0,0.0,,,,,,38.2987,,0.0,,,,,,,,,,,,,,,,,1697.6616,,19361.5492,,
2026-08-26 19:31:57,42.4922282,-82.8076064,,0.0,137.7333,206.6185,-137.2727,0.0,8.0164,-1.1055,,,,,,,,,,,,,,,,,,,,38.7227,,,,,,,,,,,,,,,,,,,,,,,
2026-08-26 19:31:58,,,14.9508,0.0,137.7333,207.8389,155.2074,0.0,8.0413,2.4473,204.7874,2.0653,-0.5111,,,,,,,,,,,,,,,,,38.6998,,0.0,,,,,,,,,,,,,,,,,1697.6553,,19361.5492,,
2026-08-26 19:31:59,42.4922282,-82.8076064,,0.0,137.7333,208.1139,-96.0403,0.0,7.1408,-0.7482,204.7874,2.0653,-0.5111,,,,,,,,,,,,,,,,,38.6998,,0.0,,,,,,,,,,,,,,,,,1697.6576,,19361.5492,,
2026-08-26 19:32:00,42.4922282,-82.8076064,14.8196,0.0,137.7333,210.188,,0.0,,,204.7874,2.0653,-0.5111,,,7.2564,17.4427,10.0,0.0032,48.092,17.2958,72.5919,0.0,0.0,,,,,,38.6826,,0.0,,,,,,,,,,,,,,,,,1697.6491,,19361.2211,,
2026-08-26 19:32:01,42.4922282,-82.8076064,,0.0,137.7333,,-66.0391,0.0,8.492,-0.5519,204.7874,2.0653,-0.5111,,,,,,,,,,,,,,,,,38.6654,,0.0,,,,,,,,,,,,,,,,,,,,,
2026-08-26 19:32:02,42.4922282,-82.8076064,14.8852,0.0,137.7333,210.1136,117.6947,0.0,7.5999,1.6012,204.7874,2.0653,-0.5111,,,,,,,,,,,,,,,,,38.6654,,0.0,,,,,,,,,,,,,,,,,1697.6316,,19361.2211,,
2026-08-26 19:32:03,42.4922282,-82.8076064,,0.0,137.7333,211.6949,-28.5642,0.0,8.8164,0.6407,204.7874,2.0653,-0.5111,,,,,,,,,,,,,,,,,38.6654,,0.0,,,,,,,,,,,,,,,,,1697.6323,,19361.2211,,
2026-08-26 19:32:04,42.4922282,-82.8076064,15.2789,0.0,137.7333,210.8584,128.9327,0.0,7.7427,2.2976,204.7874,2.0653,-0.5111,,,7.2565,17.4427,10.0,0.0014,48.092,17.2958,73.286,0.0,0.0,,,,,,38.6826,,0.0,,,,,,,,,,,,,,,,,,,,,
2026-08-26 19:32:05,42.4922282,-82.8076064,,0.0,137.7333,210.4058,5.1944,0.0,7.7623,2.7299,204.7874,2.0653,-0.5111,,,,,,,,,,,,,,,,,38.5565,,0.0,,,,,,,,,,,,,,,,,1697.6308,,19361.2211,,
2026-08-26 19:32:06,42.4922282,-82.8076064,15.1476,0.0,137.7333,211.5173,-92.2966,0.0,8.7407,-0.6864,204.7874,2.0653,-0.5111,,,,,,,,,,,,,,,,,,,0.0,,,,,,,,,,,,,,,,,,,,,
2026-08-26 19:32:07,42.4922282,-82.8076064,,0.0,137.7333,211.672,,0.0,,,204.7874,2.0653,-0.5111,,,,,,,,,,,,,,,,,38.6998,,0.0,,,,,,,,,,,,,,,,,1697.6378,,19361.2211,,
2026-08-26 19:32:08,42.4922282,-82.8076064,14.7867,0.0,137.7333,211.6319,-66.0426,0.0,8.3856,0.302,204.7874,2.0653,-0.5111,,,7.2565,17.4427,10.0,0.0028,48.092,17.2958,73.004,0.0,0.0,,,,,,38.7227,,0.0,,,,,,,,,,,,,,,,,1697.6375,,19361.2211,,
2026-08-26 19:32:09,42.4922282,-82.8076064,,0.0,137.7333,211.1162,-21.039,0.0,7.5881,0.9049,204.7874,2.0653,-0.5111,,,,,,,,,,,,,,,,,38.6998,,0.0,,,,,,,,,,,,,,,,,,,,,
2026-08-26 19:32:10,42.4922282,-82.8076064,14.6555,,,212.7835,68.9612,,8.2665,1.4659,204.7874,2.0653,-0.5111,,,,,,,,,,,,,,,,,38.7227,,0.0,,,,,,,,,,,,,,,,,1697.6415,,19361.2211,,
2026-08-26 19:32:11,42.4922282,-82.8076064,,0.0,137.7333,,-96.0369,0.0,8.4539,-0.8605,204.7874,2.0653,-0.5111,,,,,,,,,,,,,,,,,38.7227,,0.0,,,,,,,,,,,,,,,,,,,,,
2026-08-26 19:32:12,42.4922282,-82.8076064,14.5899,0.0,137.7333,212.9039,20.2105,0.0,8.3612,0.6712,204.7874,2.0653,-0.5111,,,7.2566,17.4427,10.0,0.0019,48.092,17.2958,72.0995,0.0,0.0,,,,,,38.6998,,0.0,,,,,,,,,,,,,,,,,1697.6323,,19361.2211,,
2026-08-26 19:32:13,42.4922282807529,-82.8076064866036,,0.0,137.7333,213.4367,,0.0,,,204.7874,2.0653,-0.5111,,,,,,,,,,,,,,,,,38.6998,,0.0,,,,,,,,,,,,,,,,,1697.6237,,19361.2211,,
2026-08-26 19:32:14,42.4922282807529,-82.8076064866036,15.0164,0.0,137.7333,213.4883,-47.2862,0.0,9.0246,0.8853,204.7874,2.0653,-0.5111,,,,,,,,,,,,,,,,,38.6998,,0.0,,,,,,,,,,,,,,,,,1697.6237,,19361.2211,,
2026-08-26 19:32:15,42.4922282,-82.8076064,,0.0,137.7333,211.2079,-144.7841,0.0,8.8686,-0.4625,204.7874,2.0653,-0.5111,,,,,,,,,,,,,,,,,38.6998,,0.0,,,,,,,,,,,,,,,,,,,,,
2026-08-26 19:32:16,42.4922282,-82.8076064,15.3773,0.0,137.7333,211.4486,80.2198,0.0,8.4007,2.3308,204.7874,2.0653,-0.5111,,,7.2567,17.4427,10.0,0.0014,48.092,17.2958,72.3274,0.0,0.0,,,,,,38.6998,,0.0,,,,,,,,,,,,,,,,,1697.6311,,19361.2211,,
2026-08-26 19:32:17,42.4922282,-82.8076064,,0.0,137.7333,211.099,68.9784,0.0,7.6371,1.8545,204.7874,2.0653,-0.5111,,,,,,,,,,,,,,,,,38.6998,,0.0,,,,,,,,,,,,,,,,,,,,,
2026-08-26 19:32:18,42.4922282,-82.8076064,15.082,0.0,137.7333,210.9959,-6.0057,0.0,8.2024,-0.4714,204.7874,2.0653,-0.5111,,,,,,,,,,,,,,,,,38.6998,,0.0,,,,,,,,,,,,,,,,,1697.6317,,19361.2211,,
2026-08-26 19:32:19,42.4922282,-82.8076064,,0.0,137.7333,212.4627,,0.0,,,,,,,,,,,,,,,,,,,,,,38.6998,,,,,,,,,,,,,,,,,,,,,,,
2026-08-26 19:32:20,42.4922282,-82.8076064,15.3117,0.0,137.7333,213.282,-51.0058,0.0,8.6211,0.0261,204.7874,2.0653,-0.5111,,,7.2568,17.4427,10.0,0.001,48.092,17.2958,72.3527,0.0,0.0,,,,,,38.6998,,0.0,,,,,,,,,,,,,,,,,1697.6226,,19361.2211,,
2026-08-26 19:32:21,42.4922282,-82.8076064,,0.0,137.7333,,,0.0,,,204.7874,2.0653,-0.5111,,,,,,,,,,,,,,,,,38.6998,,0.0,,,,,,,,,,,,,,,,,,,,,
2026-08-26 19:32:22,42.4922282,-82.8076064,15.3117,0.0,137.7333,212.5544,,0.0,,,204.7874,2.0653,-0.5111,,,,,,,,,,,,,,,,,38.0466,,0.0,,,,,,,,,,,,,,,,,1697.636,,19361.2211,,
2026-08-26 19:32:23,42.4922282,-82.8076064,,0.0,137.7333,214.1758,,0.0,,,204.7874,2.0653,-0.5111,,,,,,,,,,,,,,,,,39.3988,,0.0,,,,,,,,,,,,,,,,,1697.6418,,19361.2211,,
2026-08-26 19:32:24,42.4922282,-82.8076064,16.0007,0.0,137.7333,213.2648,,0.0,,,204.7874,2.0653,-0.5111,,,,,,,,,,,,,,,,,38.9117,,0.0,,,,,,,,,,,,,,,,,1697.6234,,19361.2211,,
2026-08-26 19:32:25,42.4922282,-82.8076064,,0.0,137.7333,211.5746,,0.0,,,204.7874,2.0653,-0.5111,,,,,,,,,,,,,,,,,38.7857,,0.0,,,,,,,,,,,,,,,,,1697.6407,,19361.2211,,
2026-08-26 19:32:26,42.4922282,-82.8076064,15.935,0.0,137.7333,212.0272,-99.7428,0.0,8.6156,0.1619,204.7874,2.0653,-0.5111,,,,,,,,,,,,,,,,,38.8029,,0.0,,,,,,,,,,,,,,,,,1697.6337,,19361.2211,,
2026-08-26 19:32:27,,,,0.0,137.7333,212.732,200.2487,0.0,8.5503,3.2786,204.7874,2.0653,-0.5111,,,,,,,,,,,,,,,,,38.8029,,0.0,,,,,,,,,,,,,,,,,1697.6218,,19361.2211,,
2026-08-26 19:32:28,42.4922282,-82.8076064,15.5741,0.0,137.7333,211.397,-62.2438,0.0,7.8829,0.5579,204.7874,2.0653,-0.5111,,,7.2569,17.4427,10.0,0.0053,48.092,17.2958,72.8035,0.0,0.0,,,,,,,,0.0,,,,,,,,,,,,,,,,,,,,,
2026-08-26 19:32:29,42.4922282,-82.8076064,15.5741,0.0,137.7333,212.8408,,0.0,,,204.7874,2.0653,-0.5111,,,,,,,,,,,,,,,,,38.5336,,0.0,,,,,,,,,,,,,,,,,1697.6228,,19361.2211,,
2026-08-26 19:32:30,42.4922282,-82.8076064,,0.0,137.7333,213.9696,-129.744,0.0,9.3986,-2.46,204.7874,2.0653,-0.5111,,,,,,,,,,,,,,,,,39.1524,,0.0,,,,,,,,,,,,,,,,,,,,,
2026-08-26 19:32:31,42.4922282,-82.8076064,15.6398,0.0,137.7333,,166.5004,0.0,9.2145,4.0203,204.7874,2.0653,-0.5111,,,,,,,,,,,,,,,,,38.6826,,0.0,,,,,,,,,,,,,,,,,1697.6233,,19361.2211,,
2026-08-26 19:32:32,42.4922282,-82.8076064,15.7054,0.0,137.7333,213.6831,46.5127,0.0,10.601,0.1102,204.7874,2.0653,-0.5111,,,7.257,17.4427,10.0,0.0031,48.092,17.2958,73.2415,0.0,0.0,,,,,,39.4618,,0.0,,,,,,,,,,,,,,,,,1697.6231,,19361.2211,,
2026-08-26 19:32:33,42.4922282,-82.8076064,15.7054,0.0,137.7333,214.2102,-167.2429,0.0,9.9272,-2.1001,204.7874,2.0653,-0.5111,,,,,,,,,,,,,,,,,39.2956,,0.0,,,,,,,,,,,,,,,,,1697.6324,,19361.2211,,
2026-08-26 19:32:34,42.4922282,-82.8076064,,0.0,137.7333,214.2446,84.0013,0.0,8.7656,2.2524,204.7874,2.0653,-0.5111,,,,,,,,,,,,,,,,,38.6998,,0.0,,,,,,,,,,,,,,,,,,,,,
2026-08-26 19:32:35,42.4922282,-82.8076064,16.0663,0.0,137.7333,211.9184,245.242,0.0,8.6916,4.5246,204.7874,2.0653,-0.5111,,,,,,,,,,,,,,,,,39.5649,,0.0,,,,,,,,,,,,,,,,,1697.6267,,19361.2211,,
2026-08-26 19:32:36,42.4922282,-82.8076064,,0.0,137.7333,212.4627,-118.4991,0.0,9.3735,-2.2893,204.7874,2.0653,-0.5111,,,7.2571,17.4427,10.0,0.0022,48.092,17.2958,72.1689,0.0,0.0,,,,,,39.3529,,0.0,,,,,,,,,,,,,,,,,,,,,
2026-08-26 19:32:37,42.4922282,-82.8076064,16.2959,,,213.4424,,,,,204.7874,2.0653,-0.5111,,,,,,,,,,,,,,,,,38.6998,,0.0,,,,,,,,,,,,,,,,,1697.6284,,19361.2211,,
2026-08-26 19:32:38,42.4922282,-82.8076064,16.1319,0.0,137.7333,211.9241,155.2486,0.0,9.9868,2.7446,204.7874,2.0653,-0.5111,,,,,,,,,,,,,,,,,39.3988,,0.0,,,,,,,,,,,,,,,,,,,,,
2026-08-26 19:32:39,42.4922282,-82.8076064,,0.0,137.7333,210.4,-13.5,0.0,9.5118,0.9978,204.7874,2.0653,-0.5111,,,,,,,,,,,,,,,,,39.2956,,0.0,,,,,,,,,,,,,,,,,1697.6521,,19361.5492,,
2026-08-26 19:32:40,42.4922282,-82.8076064,15.8038,0.0,137.7333,209.8958,143.9935,0.0,8.8134,2.9388,204.7874,2.0653,-0.5111,,,7.2572,17.4427,10.0,0.0011,48.092,17.2958,72.7557,0.0,0.0,,,,,,38.5966,,0.0,,,,,,,,,,,,,,,,,,,,,
2026-08-26 19:32:41,42.4922282,-82.8076064,15.3117,0.0,137.7333,,-50.999,0.0,7.6696,-0.8824,204.7874,2.0653,-0.5111,,,,,,,,,,,,,,,,,39.0493,,0.0,,,,,,,,,,,,,,,,,1697.6642,,19361.5492,,
2026-08-26 19:32:42,42.4922282,-82.8076064,,0.0,137.7333,208.727,-39.7335,0.0,8.1852,0.3207,204.7874,2.0653,-0.5111,,,,,,,,,,,,,,,,,38.2586,,0.0,,,,,,,,,,,,,,,,,1697.6575,,19361.5492,,
2026-08-26 19:32:43,42.4922282,-82.8076064,15.8038,0.0,137.7333,207.879,,0.0,7.4272,0.6528,204.7874,2.0653,-0.5111,,,,,,,,,,,,,,,,,38.2987,,0.0,,,,,,,,,,,,,,,,,,,,,
2026-08-26 19:32:44,42.4922282807529,-82.8076064866036,15.7054,0.0,137.7333,209.1739,114.0094,0.0,7.6304,-1.4801,204.7874,2.0653,-0.5111,,,7.2572,17.4427,10.0,0.0036,48.092,17.2958,72.2248,0.0,0.0,,,,,,38.2987,,0.0,,,,,,,,,,,,,,,,,1697.6591,,19361.5492,,
2026-08-26 19:32:45,42.4922282807529,-82.8076064866036,,0.0,137.7333,209.3401,-35.9863,0.0,6.923,2.2447,204.7874,2.0653,-0.5111,,,,,,,,,,,,,,,,,38.5565,,0.0,,,,,,,,,,,,,,,,,1697.648,,19361.2211,,
2026-08-26 19:32:46,42.4922282807529,-82.8076064866036,14.8852,0.0,137.7333,208.4463,-174.7372,0.0,,,204.7874,2.0653,-0.5111,,,,,,,,,,,,,,,,,38.7685,,0.0,,,,,,,,,,,,,,,,,1697.6637,,19361.5492,,
2026-08-26 19:32:47,42.4922282807529,-82.8076064866036,,0.0,137.7333,210.824,177.7556,0.0,7.6777,3.3878,,,,,,,,,,,,,,,,,,,,38.1956,,,,,,,,,,,,,,,,,,,1697.6302,,19361.2211,,
2026-08-26 19:32:48,42.4922282,-82.8076064,15.7054,0.0,137.7333,209.8557,54.007,0.0,8.1374,-3.1356,204.7874,2.0653,-0.5111,,,7.2573,17.4427,10.0,0.0034,48.092,17.2958,72.4485,0.0,0.0,,,,,,38.1325,,0.0,,,,,,,,,,,,,,,,,1697.6472,,19361.2211,,
2026-08-26 19:32:49,42.4922282,-82.8076064,,0.0,137.7333,209.1567,-129.7302,0.0,7.5738,3.0461,204.7874,2.0653,-0.5111,,,,,,,,,,,,,,,,,38.9347,,0.0,,,,,,,,,,,,,,,,,1697.641,,19361.2211,,
2026-08-26 19:32:50,42.4922282,-82.8076064,15.3117,0.0,137.7333,209.0994,-24.7243,0.0,8.1296,1.1602,204.7874,2.0653,-0.5111,,,,,,,,,,,,,,,,,38.4419,,0.0,,,,,,,,,,,,,,,,,,,,,
2026-08-26 19:32:51,42.4922282,-82.8076064,,0.0,137.7333,,-103.4934,0.0,7.8229,-0.3552,204.7874,2.0653,-0.5111,,,,,,,,,,,,,,,,,38.4419,,0.0,,,,,,,,,,,,,,,,,1697.6501,,19361.2211,,
2026-08-26 19:32:52,42.4922282,-82.8076064,15.2133,0.0,137.7333,207.3061,,0.0,7.0791,3.7756,204.7874,2.0653,-0.5111,,,7.2574,17.4427,10.0,0.0027,48.092,17.2958,73.452,0.0,0.0,,,,,,38.1956,,0.0,,,,,,,,,,,,,,,,,1697.6602,,19361.5492,,
2026-08-26 19:32:53,42.4922282,-82.8076064,,0.0,137.7333,207.3118,-88.4979,0.0,6.8459,2.3029,204.7874,2.0653,-0.5111,,,,,,,,,,,,,,,,,38.2987,,0.0,,,,,,,,,,,,,,,,,,,,,
2026-08-26 19:32:54,42.4922282,-82.8076064,14.9508,0.0,137.7333,206.7503,-20.9978,0.0,6.9967,-1.4761,204.7874,2.0653,-0.5111,,,,,,,,,,,,,,,,,38.2758,,0.0,,,,,,,,,,,,,,,,,1697.6614,,19361.5492,,
2026-08-26 19:32:55,42.4922282,-82.8076064,14.8852,0.0,137.7333,204.9856,151.5015,0.0,,,204.7874,2.0653,-0.5111,,,,,,,,,,,,,,,,,38.2758,,0.0,,,,,,,,,,,,,,,,,1697.6616,,19361.5492,,
2026-08-26 19:32:56,42.4922282,-82.8076064,,0.0,137.7333,206.2862,39.0047,0.0,6.3217,0.6836,204.7874,2.0653,-0.5111,,,7.2575,17.4427,10.0,0.0054,48.092,17.2958,72.5965,0.0,0.0,,,,,,,,0.0,,,,,,,,,,,,,,,,,1697.6677,,19361.5492,,
2026-08-26 19:32:57,42.4922282,-82.8076064,15.1476,0.0,137.7333,208.8531,,0.0,7.3183,1.0104,204.7874,2.0653,-0.5111,,,,,,,,,,,,,,,,,38.2758,,0.0,,,,,,,,,,,,,,,,,1697.6641,,19361.5492,,
2026-08-26 19:32:58,42.4922282,-82.8076064,15.2133,0.0,137.7333,209.5463,113.9888,0.0,6.7995,-2.7308,204.7874,2.0653,-0.5111,,,,,,,,,,,,,,,,,38.2758,,0.0,,,,,,,,,,,,,,,,,1697.6445,,19361.2211,,
2026-08-26 19:32:59,42.4922282,-82.8076064,,0.0,137.7333,211.2652,241.4639,0.0,6.7042,1.8834,204.7874,2.0653,-0.5111,,,,,,,,,,,,,,,,,37.8518,,0.0,,,,,,,,,,,,,,,,,,,,,
2026-08-26 19:33:00,42.4922282,-82.8076064,15.2789,0.0,137.7333,,-88.5289,0.0,7.3362,3.3599,204.7874,2.0653,-0.5111,,,7.2575,17.4427,10.0,0.0043,48.092,17.2958,71.9914,0.0,0.0,,,,,,39.479,,0.0,,,,,,,,,,,,,,,,,1697.6345,,19361.2211,,
2026-08-26 19:33:01,42.4922282,-82.8076064,,0.0,137.7333,212.0387,46.4611,0.0,,,204.7874,2.0653,-0.5111,,,,,,,,,,,,,,,,,38.419,,0.0,,,,,,,,,,,,,,,,,1697.6325,,19361.2211,,
2026-08-26 19:33:02,42.4922282,-82.8076064,15.6398,0.0,137.7333,210.8813,203.9581,0.0,7.1925,-1.5112,204.7874,2.0653,-0.5111,,,,,,,,,,,,,,,,,37.8518,,0.0,,,,,,,,,,,,,,,,,1697.6466,,19361.2211,,
2026-08-26 19:33:03,42.4922282,-82.8076064,15.3117,0.0,137.7333,210.4172,-171.0348,0.0,8.078,-2.4191,204.7874,2.0653,-0.5111,,,,,,,,,,,,,,,,,39.4389,,0.0,,,,,,,,,,,,,,,,,1697.6461,,19361.2211,,
2026-08-26 19:33:04,,,14.8852,0.0,137.7333,208.8874,-163.5371,0.0,7.7644,-0.2484,204.7874,2.0653,-0.5111,,,7.2576,17.4427,10.0,0.0018,48.092,17.2958,71.5672,0.0,0.0,,,,,,38.1153,,0.0,,,,,,,,,,,,,,,,,1697.6552,,19361.5492,,
2026-08-26 19:33:05,42.4922282,-82.8076064,,0.0,137.7333,207.2946,,0.0,7.4552,0.9208,204.7874,2.0653,-0.5111,,,,,,,,,,,,,,,,,38.4648,,0.0,,,,,,,,,,,,,,,,,1697.6496,,19361.2211,,
2026-08-26 19:33:06,42.4922282,-82.8076064,14.393,0.0,137.7333,207.1227,-47.2896,0.0,7.1133,-0.255,204.7874,2.0653,-0.5111,,,,,,,,,,,,,,,,,38.4648,,0.0,,,,,,,,,,,,,,,,,,,,,
2026-08-26 19:33:07,42.4922282,-82.8076064,,0.0,137.7333,207.5983,95.205,0.0,7.191,-0.6741,204.7874,2.0653,-0.5111,,,,,,,,,,,,,,,,,38.4419,,0.0,,,,,,,,,,,,,,,,,1697.6532,,19361.5492,,
2026-08-26 19:33:08,42.4922282,-82.8076064,14.8196,0.0,137.7333,209.1682,-39.7988,0.0,7.4801,2.5615,204.7874,2.0653,-0.5111,,,7.2577,17.4427,10.0,0.0048,48.092,17.2958,72.5261,0.0,0.0,,,,,,38.4419,,0.0,,,,,,,,,,,,,,,,,,,,,
2026-08-26 19:33:09,42.4922282,-82.8076064,15.3117,,,208.028,211.4317,,8.6503,-2.6063,204.7874,2.0653,-0.5111,,,,,,,,,,,,,,,,,38.8258,,0.0,,,,,,,,,,,,,,,,,1697.6597,,19361.5492,,
2026-08-26 19:33:10,42.4922282,-82.8076064,,0.0,137.7333,,98.9487,0.0,8.9267,1.4285,204.7874,2.0653,-0.5111,,,,,,,,,,,,,,,,,37.3934,,0.0,,,,,,,,,,,,,,,,,1697.6637,,19361.5492,,
2026-08-26 19:33:11,42.4922282,-82.8076064,15.0164,0.0,137.7333,207.9249,-234.7947,0.0,7.2102,0.8636,204.7874,2.0653,-0.5111,,,,,,,,,,,,,,,,,39.1295,,0.0,,,,,,,,,,,,,,,,,1697.6645,,19361.5492,,
2026-08-26 19:33:12,42.4922282,-82.8076064,,0.0,137.7333,205.3294,65.19,0.0,,,204.7874,2.0653,-0.5111,,,7.2578,17.4427,10.0,0.0048,48.092,17.2958,72.7116,0.0,0.0,,,,,,38.3846,,0.0,,,,,,,,,,,,,,,,,1697.6655,,19361.5492,,
2026-08-26 19:33:13,42.4922282,-82.8076064,14.9508,0.0,137.7333,205.3236,,0.0,7.7458,-0.1747,204.7874,2.0653,-0.5111,,,,,,,,,,,,,,,,,38.4018,,0.0,,,,,,,,,,,,,,,,,1697.6859,,19361.8773,,
2026-08-26 19:33:14,42.4922282,-82.8076064,,0.0,137.7333,207.2831,121.4247,0.0,7.4771,2.8693,204.7874,2.0653,-0.5111,,,,,,,,,,,,,,,,,38.4018,,0.0,,,,,,,,,,,,,,,,,1697.6512,,19361.5492,,
2026-08-26 19:33:15,42.4922282,-82.8076064,15.1476,0.0,137.7333,207.6556,-92.3207,0.0,9.0747,-1.0337,204.7874,2.0653,-0.5111,,,,,,,,,,,,,,,,,38.419,,0.0,,,,,,,,,,,,,,,,,1697.6393,,19361.2211,,
2026-08-26 19:33:16,42.4922282,-82.8076064,,0.0,137.7333,208.2629,-107.3299,0.0,9.9621,-1.2111,204.7874,2.0653,-0.5111,,,7.2578,17.4427,10.0,0.0036,48.092,17.2958,72.5292,0.0,0.0,,,,,,38.8888,,0.0,,,,,,,,,,,,,,,,,,,,,
2026-08-26 19:33:17,42.4922282,-82.8076064,14.9508,0.0,137.7333,206.4237,-182.345,0.0,9.1959,0.345,,,,,,,,,,,,,,,,,,,,38.8716,,,,,,,,,,,,,,,,,,,1697.6689,,19361.5492,,
2026-08-26 19:33:18,42.4922282,-82.8076064,,0.0,137.7333,203.4501,-144.8391,0.0,8.0899,0.65,204.7874,2.0653,-0.5111,,,,,,,,,,,,,,,,,38.8487,,0.0,,,,,,,,,,,,,,,,,1697.6958,,19361.8773,,
2026-08-26 19:33:19,42.4922282,-82.8076064,15.2133,0.0,137.7333,202.287,,0.0,7.2957,-0.5973,204.7874,2.0653,-0.5111,,,,,,,,,,,,,,,,,38.5565,,0.0,,,,,,,,,,,,,,,,,1697.6884,,19361.8773,,
2026-08-26 19:33:20,42.4922282,-82.8076064,,0.0,137.7333,,-81.0827,0.0,6.4132,0.4158,204.7874,2.0653,-0.5111,,,7.2579,17.4427,10.0,0.0031,48.092,17.2958,72.9667,0.0,0.0,,,,,,37.9434,,0.0,,,,,,,,,,,,,,,,,1697.6955,,19361.8773,,
2026-08-26 19:33:21,42.4922282,-82.8076064,15.0164,0.0,137.7333,202.8026,-118.5782,0.0,,,204.7874,2.0653,-0.5111,,,,,,,,,,,,,,,,,37.9033,,0.0,,,,,,,,,,,,,,,,,1697.6905,,19361.8773,,
2026-08-26 19:33:22,42.4922282,-82.8076064,,0.0,137.7333,203.4615,16.4152,0.0,6.1658,2.7927,204.7874,2.0653,-0.5111,,,,,,,,,,,,,,,,,37.9434,,0.0,,,,,,,,,,,,,,,,,1697.69,,19361.8773,,
2026-08-26 19:33:23,42.4922282,-82.8076064,15.3773,0.0,137.7333,202.6766,95.1568,0.0,6.2586,0.5675,204.7874,2.0653,-0.5111,,,,,,,,,,,,,,,,,,,0.0,,,,,,,,,,,,,,,,,1697.6776,,19361.5492,,
2026-08-26 19:33:24,42.4922282,-82.8076064,15.4429,0.0,137.7333,203.5188,-122.3425,0.0,7.4481,-1.5136,204.7874,2.0653,-0.5111,,,7.258,17.4427,10.0,0.0015,48.092,17.2958,72.5397,0.0,0.0,,,,,,37.9434,,0.0,,,,,,,,,,,,,,,,,1697.6958,,19361.8773,,
2026-08-26 19:33:25,42.4922282807529,-82.8076064866036,,0.0,137.7333,205.2377,125.1512,0.0,7.0095,1.7286,204.7874,2.0653,-0.5111,,,,,,,,,,,,,,,,,37.9033,,0.0,,,,,,,,,,,,,,,,,1697.684,,19361.8773,,
2026-08-26 19:33:26,42.4922282807529,-82.8076064866036,16.0007,0.0,137.7333,206.1659,110.1454,0.0,8.1084,0.2096,204.7874,2.0653,-0.5111,,,,,,,,,,,,,,,,,37.869,,0.0,,,,,,,,,,,,,,,,,,,,,
2026-08-26 19:33:27,42.4922282807529,-82.8076064866036,15.5085,0.0,137.7333,206.7847,20.1314,0.0,8.0443,0.6943,204.7874,2.0653,-0.5111,,,,,,,,,,,,,,,,,37.9263,,0.0,,,,,,,,,,,,,,,,,1697.6719,,19361.5492,,
2026-08-26 19:33:28,42.4922282807529,-82.8076064866036,,0.0,137.7333,206.3721,-137.4033,0.0,7.375,0.1028,,,,,,7.2581,17.4427,10.0,0.0022,48.092,17.2958,72.3418,0.0,0.0,,,,,,37.9033,,,,,,,,,,,,,,,,,,,1697.6685,,19361.5492,,
2026-08-26 19:33:29,42.4922282,-82.8076064,14.7211,0.0,137.7333,205.57,,0.0,8.993,3.0355,204.7874,2.0653,-0.5111,,,,,,,,,,,,,,,,,37.9263,,0.0,,,,,,,,,,,,,,,,,1697.6857,,19361.8773,,
2026-08-26 19:33:30,42.4922282,-82.8076064,,0.0,137.7333,,68.8478,0.0,8.6519,-0.3084,204.7874,2.0653,-0.5111,,,,,,,,,,,,,,,,,37.8804,,0.0,,,,,,,,,,,,,,,,,1697.6979,,19361.8773,,
2026-08-26 19:33:31,42.4922282,-82.8076064,13.9665,0.0,137.7333,203.1922,-81.148,0.0,,,204.7874,2.0653,-0.5111,,,,,,,,,,,,,,,,,38.0695,,0.0,,,,,,,,,,,,,,,,,,,,,
2026-08-26 19:33:32,42.4922282,-82.8076064,,0.0,137.7333,203.8511,68.8306,0.0,7.866,0.7391,204.7874,2.0653,-0.5111,,,7.2582,17.4427,10.0,0.0037,48.092,17.2958,72.5753,0.0,0.0,,,,,,38.0695,,0.0,,,,,,,,,,,,,,,,,1697.6742,,19361.5492,,
2026-08-26 19:33:33,42.4922282,-82.8076064,13.9665,0.0,137.7333,206.0112,192.5723,0.0,8.0225,1.5918,204.7874,2.0653,-0.5111,,,,,,,,,,,,,,,,,38.0695,,0.0,,,,,,,,,,,,,,,,,1697.6844,,19361.8773,,
2026-08-26 19:33:34,42.4922282,-82.8076064,15.082,0.0,137.7333,207.18,87.5766,0.0,9.1558,1.7269,,,,,,,,,,,,,,,,,,,,38.419,,,,,,,,,,,,,,,,,,,,,,,
2026-08-26 19:33:35,42.4922282,-82.8076064,,0.0,137.7333,208.1483,-182.4343,0.0,9.4254,-2.4088,204.7874,2.0653,-0.5111,,,,,,,,,,,,,,,,,39.4618,,0.0,,,,,,,,,,,,,,,,,1697.664,,19361.5492,,
2026-08-26 19:33:36,42.4922282,-82.8076064,15.082,0.0,137.7333,212.3767,357.5566,0.0,9.4994,3.7523,204.7874,2.0653,-0.5111,,,7.2582,17.4427,10.0,0.0044,48.092,17.2958,71.7452,0.0,0.0,,,,,,38.0065,,0.0,,,,,,,,,,,,,,,,,1697.6443,,19361.2211,,
2026-08-26 19:33:37,42.4922282,-82.8076064,,0.0,137.7333,211.3569,91.3066,0.0,8.3302,2.5817,204.7874,2.0653,-0.5111,,,,,,,,,,,,,,,,,38.4648,,0.0,,,,,,,,,,,,,,,,,1697.635,,19361.2211,,
2026-08-26 19:33:38,42.4922282,-82.8076064,15.2133,0.0,137.7333,210.125,-133.6802,0.0,8.2128,-1.6359,204.7874,2.0653,-0.5111,,,,,,,,,,,,,,,,,38.7456,,0.0,,,,,,,,,,,,,,,,,1697.6496,,19361.2211,,
2026-08-26 19:33:39,42.4922282,-82.8076064,,0.0,137.7333,210.7152,-73.6744,0.0,9.4232,-0.4874,,,,,,,,,,,,,,,,,,,,38.5794,,,,,,,,,,,,,,,,,,,1697.6341,,19361.2211,,
2026-08-26 19:33:40,42.4922282,-82.8076064,15.771,0.0,137.7333,,,0.0,,,204.7874,2.0653,-0.5111,,,7.2583,17.4427,10.0,0.0027,48.092,17.2958,72.3464,0.0,0.0,,,,,,38.6998,,0.0,,,,,,,,,,,,,,,,,,,,,
2026-08-26 19:33:41,42.4922282,-82.8076064,,0.0,137.7333,211.7522,5.0741,0.0,9.8492,0.2183,204.7874,2.0653,-0.5111,,,,,,,,,,,,,,,,,38.6998,,0.0,,,,,,,,,,,,,,,,,1697.6363,,19361.2211,,
2026-08-26 19:33:42,42.4922282,-82.8076064,15.2789,0.0,137.7333,212.646,106.3123,0.0,9.3125,1.0879,204.7874,2.0653,-0.5111,,,,,,,,,,,,,,,,,38.6998,,0.0,,,,,,,,,,,,,,,,,1697.6384,,19361.2211,,
2026-08-26 19:33:43,42.4922282,-82.8076064,,0.0,137.7333,213.5112,226.3137,0.0,9.511,2.6315,204.7874,2.0653,-0.5111,,,,,,,,,,,,,,,,,38.6998,,0.0,,,,,,,,,,,,,,,,,,,,,
2026-08-26 19:33:44,,,15.2789,0.0,137.7333,213.431,110.0698,0.0,9.2248,2.1578,204.7874,2.0653,-0.5111,,,7.2584,17.4427,10.0,0.0073,48.092,17.2958,72.5841,0.0,0.0,,,,,,38.6654,,0.0,,,,,,,,,,,,,,,,,1697.6378,,19361.2211,,
2026-08-26 19:33:45,42.4922282,-82.8076064,,0.0,137.7333,215.9692,-92.4135,0.0,11.1832,-1.1538,204.7874,2.0653,-0.5111,,,,,,,,,,,,,,,,,39.4618,,0.0,,,,,,,,,,,,,,,,,,,,,
2026-08-26 19:33:46,42.4922282,-82.8076064,15.771,0.0,137.7333,216.9604,20.0902,0.0,12.2631,1.4471,204.7874,2.0653,-0.5111,,,,,,,,,,,,,,,,,39.3758,,0.0,,,,,,,,,,,,,,,,,1697.6104,,19360.893,,
2026-08-26 19:33:47,42.4922282,-82.8076064,,,,213.1044,,0.0,,,204.7874,2.0653,-0.5111,,,,,,,,,,,,,,,,,39.3758,,0.0,,,,,,,,,,,,,,,,,,,,,
2026-08-26 19:33:48,42.4922282,-82.8076064,15.3117,0.0,137.7333,201.8057,-546.1548,,12.0368,1.352,204.7874,2.0653,-0.5111,,,7.2585,17.4427,10.0,0.0023,48.092,17.2958,73.2438,0.0,0.0,,,,,,38.2987,,0.0,,,,,,,,,,,,,,,,,1697.7084,,19362.2053,,
2026-08-26 19:33:49,42.4922282,-82.8076064,,0.0,137.7333,185.9462,-763.5648,0.0,9.9389,0.3537,204.7874,2.0653,-0.5111,,,,,,,,,,,,,,,,,,,0.0,,,,,,,,,,,,,,,,,,,,,
2026-08-26 19:33:50,42.4922282,-82.8076064,14.8852,0.0,137.7333,,-857.2331,0.0,5.775,-0.6341,204.7874,2.0653,-0.5111,,,,,,,,,,,,,,,,,37.3934,,0.0,,,,,,,,,,,,,,,,,1698.0922,,19366.4704,,
2026-08-26 19:33:51,42.4922282,-82.8076064,,0.0,137.7333,169.6857,-827.2353,0.0,2.7638,-2.8569,204.7874,2.0653,-0.5111,,,,,,,,,,,,,,,,,33.1306,,0.0,,,,,,,,,,,,,,,,,,,,,
2026-08-26 19:33:52,42.4922282,-82.8076064,14.229,0.0,137.7333,155.4591,-789.7604,0.0,4.0947,-1.9137,204.7874,2.0653,-0.5111,,,7.2585,17.4427,10.0,0.0051,48.092,17.2958,72.5591,0.0,0.0,,,,,,23.419,,0.0,,,,,,,,,,,,,,,,,1698.6423,,19372.704,,
2026-08-26 19:33:53,42.4922282,-82.8076064,,0.0,137.7333,141.7654,,0.0,,,204.7874,2.0653,-0.5111,,,,,,,,,,,,,,,,,22.5194,,0.0,,,,,,,,,,,,,,,,,,,,,
2026-08-26 19:33:54,42.4922282,-82.8076064,14.2946,0.0,137.7333,129.3208,-729.7924,0.0,-0.8697,-0.1389,204.7874,2.0653,-0.5111,,,,,,,,,,,,,,,,,-18.6762,,0.0,,,,,,,,,,,,,,,,,1699.1652,,19378.6095,,
2026-08-26 19:33:55,42.4922282,-82.8076064,,0.0,137.7333,125.3043,-28.578,0.0,-6.282,-3.6735,,,,,,,,,,,,,,,,,,,,-19.5872,,,,,,,,,,,,,,,,,,,1699.2276,,19379.2657,,
2026-08-26 19:33:56,42.4922282,-82.8076064,14.4587,0.0,137.7333,123.6256,,0.0,,,204.7874,2.0653,-0.5111,,,7.2586,17.4427,10.0,0.0041,48.092,17.2958,76.3885,0.0,0.0,,,,,,-19.6102,,0.0,,,,,,,,,,,,,,,,,,,,,
2026-08-26 19:33:57,42.4922282,-82.8076064,,0.0,137.7333,124.4506,-122.2566,0.0,-7.6134,2.5387,204.7874,2.0653,-0.5111,,,,,,,,,,,,,,,,,-19.805,,0.0,,,,,,,,,,,,,,,,,1699.2299,,19379.2657,,
2026-08-26 19:33:58,42.4922282,-82.8076064,15.0164,0.0,137.7333,121.626,-111.0633,0.0,-8.79,4.3748,,,,,,,,,,,,,,,,,,,,-19.8565,,,,,,,,,,,,,,,,,,,,,,,
2026-08-26 19:33:59,42.4922282,-82.8076064,,0.0,137.7333,124.8345,83.8879,0.0,-9.2041,-0.688,204.7874,2.0653,-0.5111,,,,,,,,,,,,,,,,,-20.2118,,0.0,,,,,,,,,,,,,,,,,1699.228,,19379.2657,,
2026-08-26 19:34:00,42.4922282,-82.8076064,15.082,0.0,137.7333,,-388.6476,0.0,-10.0486,5.1813,204.7874,2.0653,-0.5111,,,7.2587,17.4427,10.0,0.0023,48.092,17.2958,76.1568,0.0,0.0,,,,,,-20.1888,,0.0,,,,,,,,,,,,,,,,,979.5469,,12069.8823,,
2026-08-26 19:34:01,42.4718203,-82.8336156,,6.3564,0.0,124.2329,181.2965,0.0,-10.7993,0.5217,156.2219,0.7102,0.3994,,,,,,,,,,,,,,,,,-20.5097,,0.0,,,,,,,,,,,,,,,,,980.152,,12076.1159,,
2026-08-26 19:34:02,42.471826,-82.8335766,15.082,9.3693,0.0,127.5561,-17.5325,0.0,-9.4262,2.3562,156.3622,0.7099,0.3978,,,,,,,,,,,,,,,,,-20.355,,-8.3161,,,,,,,,,,,,,,,,,,,,,
2026-08-26 19:34:03,42.4717898,-82.8335197,,9.0777,0.0,129.55,-47.5819,0.0,-10.3385,2.1713,156.3245,0.7105,0.3985,,,,,,,,,,,,,,,,,-20.3321,,-8.3137,,,,,,,,,,,,,,,,,980.3087,,12079.3967,,
2026-08-26 19:34:04,42.4718177,-82.8335656,15.1476,10.8078,129.1504,130.8334,94.8681,0.0,-13.4887,0.2558,,,,,,7.2588,17.4427,10.0,0.002,48.092,17.2958,76.1364,0.0,0.0,,,,,,-20.355,,,,,,,,,,,,,,,,,,,981.5725,,12100.3941,,
2026-08-26 19:34:05,42.4717826,-82.8335088,,8.7862,0.0,129.8536,-193.8924,0.0,-12.972,2.2487,156.4983,0.7063,0.3944,,,,,,,,,,,,,,,,,-20.4811,,8.1791,,,,,,,,,,,,,,,,,982.6495,,12115.486,,
2026-08-26 19:34:06,42.4717661,-82.833455,15.2133,8.8639,0.0,132.3804,-107.6462,0.0,-12.2304,3.787,156.6882,0.7037,0.391,,,,,,,,,,,,,,,,,-20.9623,,-8.1403,,,,,,,,,,,,,,,,,,,,,
2026-08-26 19:34:07,42.4717372,-82.8333937,,10.3801,124.8876,133.4976,,0.0,,,156.8241,0.7011,0.3882,,,,,,,,,,,,,,,,,-20.8936,,8.6075,,,,,,,,,,,,,,,,,984.8867,,12151.2471,,
2026-08-26 19:34:08,42.4717106,-82.8333453,15.935,9.0583,0.0,133.5378,218.5685,0.0,-11.5776,-0.3341,,,,,,7.2588,17.4427,10.0,0.0019,48.092,17.2958,77.0042,0.0,0.0,,,,,,-20.6014,,,,,,,,,,,,,,,,,,,,,,,
2026-08-26 19:34:09,42.4716739,-82.8332881,,10.9827,130.8177,137.2448,-111.4724,0.0,-8.5093,1.6989,157.0013,0.6976,0.3845,,,,,,,,,,,,,,,,,-20.9394,,8.0956,,,,,,,,,,,,,,,,,987.0378,,12186.3521,,
2026-08-26 19:34:10,42.4716435,-82.8332362,15.771,9.2721,122.6932,,-66.4757,0.0,-9.9143,3.2464,157.1086,0.6948,0.3818,,,,,,,,,,,,,,,,,-20.9623,,7.7955,,,,,,,,,,,,,,,,,988.1622,,12204.3967,,
2026-08-26 19:34:11,42.4716132,-82.8331862,,9.622,131.9063,138.6944,210.9814,0.0,-11.1504,-0.7702,157.2353,0.6917,0.3789,,,,,,,,,,,,,,,,,-21.0311,,8.455,,,,,,,,,,,,,,,,,989.1688,,12221.4571,,
2026-08-26 19:34:12,42.4715849,-82.8331377,15.0164,10.0885,132.9663,142.0233,60.965,0.0,-10.338,0.0592,157.3249,0.6894,0.3767,,,7.2589,17.4427,10.0,0.0026,48.092,17.2958,75.8852,0.0,0.0,,,,,,,,8.6326,,,,,,,,,,,,,,,,,,,,,
2026-08-26 19:34:13,42.4715552,-82.8330923,,9.6414,135.4701,145.7761,,0.0,,,157.4223,0.6872,0.3745,,,,,,,,,,,,,,,,,-21.0311,,8.9876,,,,,,,,,,,,,,,,,991.1363,,12254.2655,,
2026-08-26 19:34:14,42.4715239,-82.8330472,15.3773,10.4967,135.5217,145.5928,15.9477,0.0,-9.3948,1.4459,157.5706,0.6835,0.371,,,,,,,,,,,,,,,,,-21.0311,,9.5834,,,,,,,,,,,,,,,,,992.1117,,12270.6697,,
2026-08-26 19:34:15,42.4714892,-82.8330008,,8.825,134.3643,145.3808,-149.0779,0.0,-8.3461,1.8243,157.6645,0.6808,0.3686,,,,,,,,,,,,,,,,,-21.0311,,8.5055,,,,,,,,,,,,,,,,,993.1703,,12288.3862,,
2026-08-26 19:34:16,42.471453,-82.8329518,15.1476,9.6026,134.3013,143.9713,-141.5561,0.0,-8.0409,0.4773,157.7641,0.678,0.3661,,,7.259,17.4427,10.0,0.0034,48.092,17.2958,75.6105,0.0,0.0,,,,,,-21.0311,,8.7916,,,,,,,,,,,,,,,,,,,,,
2026-08-26 19:34:17,42.4714206,-82.8329011,,9.3693,130.3937,142.1608,,0.0,,,157.8789,0.6754,0.3635,,,,,,,,,,,,,,,,,-21.0426,,8.715,,,,,,,,,,,,,,,,,995.3966,,12325.1316,,
2026-08-26 19:34:18,42.4713929,-82.8328515,15.1476,9.6803,127.0763,141.267,-265.3219,0.0,-8.9677,2.2148,157.9995,0.673,0.3611,,,,,,,,,,,,,,,,,-21.0426,,8.4553,,,,,,,,,,,,,,,,,,,,,
2026-08-26 19:34:19,42.4713653,-82.8328032,,8.7862,126.893,139.1527,68.4249,0.0,-9.0473,-0.1478,158.1171,0.6707,0.3587,,,,,,,,,,,,,,,,,-21.1056,,7.8723,,,,,,,,,,,,,,,,,997.4682,,12357.6119,,
2026-08-26 19:34:20,42.4713329,-82.8327466,16.1975,10.3801,131.0125,142.642,150.9343,0.0,-9.8226,-1.6222,158.2425,0.6682,0.3561,,,7.2591,17.4427,10.0,0.0036,48.092,17.2958,75.315,0.0,0.0,,,,,,-21.0827,,9.3708,,,,,,,,,,,,,,,,,,,,,
2026-08-26 19:34:21,42.4713077,-82.8327007,,8.4751,124.647,,-175.3216,0.0,-8.7637,3.3301,158.3567,0.666,0.3538,,,,,,,,,,,,,,,,,-21.1858,,7.4848,,,,,,,,,,,,,,,,,999.6863,,12393.3731,,
2026-08-26 19:34:22,42.4712771,-82.8326506,15.8038,8.9805,128.3655,139.4106,214.6563,0.0,-10.1228,-2.817,158.4763,0.6635,0.3513,,,,,,,,,,,,,,,,,-21.3233,,8.9921,,,,,,,,,,,,,,,,,1000.7272,,12410.4335,,
2026-08-26 19:34:23,42.4712481,-82.8326006,,10.2052,128.1363,140.3789,-100.3341,0.0,-10.6655,0.8197,158.5995,0.6611,0.3488,,,,,,,,,,,,,,,,,-21.3233,,8.1856,,,,,,,,,,,,,,,,,,,,,
2026-08-26 19:34:24,42.4712194,-82.8325523,15.0164,9.5637,129.5171,141.9087,27.1788,0.0,-9.9836,0.456,,,,,,7.2591,17.4427,10.0,0.002,48.092,17.2958,75.584,0.0,0.0,,,,,,-21.4665,,,,,,,,,,,,,,,,,,,1002.8697,,12444.8823,,
2026-08-26 19:34:25,42.4711892,-82.8325021,,10.3801,129.2134,140.9576,,0.0,,,158.7776,0.6575,0.3452,,,,,,,,,,,,,,,,,-21.4665,,8.3607,,,,,,,,,,,,,,,,,1003.979,,12462.9269,,
2026-08-26 19:34:26,42.4711552,-82.8324462,15.3773,9.6803,130.6401,141.8857,102.1973,0.0,-9.463,-1.8645,158.9144,0.6547,0.3424,,,,,,,,,,,,,,,,,-21.4665,,9.621,,,,,,,,,,,,,,,,,1005.066,,12480.6434,,
2026-08-26 19:34:27,42.4711247,-82.8323942,,9.9719,128.8066,141.1237,-111.5446,0.0,-8.9363,0.8102,159.0423,0.6521,0.3398,,,,,,,,,,,,,,,,,-21.4665,,8.8037,,,,,,,,,,,,,,,,,1006.1997,,12499.0161,,
2026-08-26 19:34:28,42.4710947,-82.8323417,14.8196,9.8747,126.1367,138.2475,8.4672,0.0,-8.749,-0.9904,159.1608,0.6498,0.3374,,,7.2592,17.4427,10.0,0.0018,48.092,17.2958,75.005,0.0,0.0,,,,,,-21.4665,,8.9826,,,,,,,,,,,,,,,,,,,,,
2026-08-26 19:34:29,42.4710637,-82.8322861,,10.5745,127.4602,137.4453,-171.5092,0.0,-9.4234,-0.4148,159.3042,0.6473,0.3348,,,,,,,,,,,,,,,,,-21.5353,,8.7874,,,,,,,,,,,,,,,,,1008.5828,,12536.7458,,
2026-08-26 19:34:30,42.4710506,-82.8322431,15.4429,10.6134,123.2891,136.3624,-107.7321,0.0,-10.5907,1.6703,159.4492,0.6448,0.332,,,,,,,,,,,,,,,,,-21.5468,,9.0027,,,,,,,,,,,,,,,,,,,,,
2026-08-26 19:34:31,42.4710355,-82.8321997,,10.5551,125.3173,,199.764,0.0,-11.0469,-1.8938,159.5875,0.6433,0.3299,,,,,,,,,,,,,,,,,-21.5926,,8.9872,,,,,,,,,,,,,,,,,1010.3998,,12563.3206,,
2026-08-26 19:34:32,42.4710142,-82.8321503,15.5741,11.0216,124.6985,137.8407,-17.7456,0.0,-11.6126,0.5429,159.7195,0.6418,0.3279,,,7.2593,17.4427,10.0,0.0039,48.092,17.2958,74.6765,0.0,0.0,,,,,,-21.5926,,8.8142,,,,,,,,,,,,,,,,,,,,,
2026-08-26 19:34:33,42.4709872,-82.8321004,,11.3909,129.4655,138.6543,166.1257,0.0,-12.9052,0.1952,159.8629,0.6398,0.3255,,,,,,,,,,,,,,,,,-21.6613,,8.9592,,,,,,,,,,,,,,,,,1012.5011,,12596.129,,
2026-08-26 19:34:34,42.4709558,-82.8320405,15.6398,10.9633,124.6813,138.2131,-58.8886,0.0,-13.6682,0.2388,160.013,0.6372,0.3228,,,,,,,,,,,,,,,,,-21.6957,,9.7538,,,,,,,,,,,,,,,,,1013.6944,,12614.5017,,
2026-08-26 19:34:35,42.4709289,-82.8319857,,11.041,124.8704,138.3792,,0.0,,,160.1664,0.6349,0.3201,,,,,,,,,,,,,,,,,-21.7588,,9.0482,,,,,,,,,,,,,,,,,,,,,
2026-08-26 19:34:36,42.4708982,-82.8319289,16.0007,11.7019,126.3372,139.5481,-36.3714,0.0,-13.1524,1.1378,160.3257,0.6325,0.3174,,,7.2594,17.4427,10.0,0.0042,48.092,17.2958,76.7524,0.0,0.0,,,,,,-21.7588,,9.157,,,,,,,,,,,,,,,,,1016.0681,,12652.2314,,
2026-08-26 19:34:37,42.4708679,-82.8318723,,11.3715,127.2425,139.3991,-115.1267,0.0,-12.3639,1.5671,160.5633,0.6287,0.3132,,,,,,,,,,,,,,,,,,,9.314,,,,,,,,,,,,,,,,,,,,,
2026-08-26 19:34:38,42.4708372,-82.8318157,15.2789,11.2937,126.194,139.4278,-88.8726,0.0,-11.1698,0.7752,,,,,,,,,,,,,,,,,,,,-21.7588,,,,,,,,,,,,,,,,,,,1018.5198,,12690.9453,,
2026-08-26 19:34:39,42.4708058,-82.8317592,,11.1771,126.6466,138.7173,-58.8749,0.0,-11.6411,0.9069,160.7863,0.625,0.3093,,,,,,,,,,,,,,,,,-21.7358,,9.2971,,,,,,,,,,,,,,,,,1019.7464,,12710.6303,,
2026-08-26 19:34:40,,,15.8038,11.7408,127.1966,138.9694,38.6334,0.0,-12.1411,-0.8084,160.9503,0.6225,0.3065,,,7.2594,17.4427,10.0,0.0035,48.092,17.2958,75.5072,0.0,0.0,,,,,,-21.7588,,9.233,,,,,,,,,,,,,,,,,,,,,
2026-08-26 19:34:41,42.4707752,-82.8317013,15.771,11.3715,127.0706,,-167.5833,0.0,-11.442,1.4799,161.1176,0.6198,0.3036,,,,,,,,,,,,,,,,,-21.7759,,9.7426,,,,,,,,,,,,,,,,,1022.2662,,12750.0004,,
2026-08-26 19:34:42,42.470745,-82.8316427,,12.0712,129.2535,137.5198,,0.0,,,161.3096,0.6171,0.3005,,,,,,,,,,,,,,,,,-21.7759,,9.4008,,,,,,,,,,,,,,,,,1023.4908,,12769.6854,,
2026-08-26 19:34:43,42.4707107716764,-82.83157886265873,15.8038,11.8185,127.6263,139.7314,121.1806,0.0,-10.5636,-1.3846,161.4793,0.6144,0.2976,,,,,,,,,,,,,,,,,-21.8275,,10.2117,,,,,,,,,,,,,,,,,1024.7922,,12790.0267,,
2026-08-26 19:34:44,42.470678620720115,-82.8315195429647,,11.7991,126.1481,137.6802,-167.573,0.0,-10.0981,1.2057,161.6572,0.6118,0.2946,,,7.2595,17.4427,10.0,0.0029,48.092,17.2958,74.1907,0.0,0.0,,,,,,-21.8504,,9.7945,,,,,,,,,,,,,,,,,1026.0403,,12810.0398,,
2026-08-26 19:34:45,42.47064726088574,-82.83146094824104,15.4429,11.6242,126.3544,138.0756,12.4378,0.0,-9.8918,-0.3516,161.8335,0.6092,0.2917,,,,,,,,,,,,,,,,,-21.8275,,9.5836,,,,,,,,,,,,,,,,,,,,,
2026-08-26 19:34:46,42.470614710391196,-82.83140108741891,,11.8769,126.7383,138.0412,-17.5806,0.0,-11.3984,-0.3502,162.1043,0.6052,0.2873,,,,,,,,,,,,,,,,,-21.8275,,9.9239,,,,,,,,,,,,,,,,,1028.6146,,12850.7222,,
2026-08-26 19:34:47,42.470581991449066,-82.83134129442251,14.6555,12.149,126.9102,138.8262,1.1998,0.0,-11.2776,-0.1023,,,,,,,,,,,,,,,,,,,,-21.8275,,,,,,,,,,,,,,,,,,,1029.9155,,12871.3915,,
2026-08-26 19:34:48,42.470548761803975,-82.83128088449824,,11.8574,127.7925,139.8174,-28.7877,0.0,-11.4069,-0.0698,162.3602,0.6013,0.2831,,,7.2596,17.4427,10.0,0.0016,48.092,17.2958,75.9419,0.0,0.0,,,,,,-21.8504,,9.9202,,,,,,,,,,,,,,,,,,,,,
2026-08-26 19:34:49,42.47050868073725,-82.83121554668473,14.7867,12.1101,130.4396,140.27,31.1872,0.0,-11.0907,-0.1095,162.5536,0.5982,0.2798,,,,,,,,,,,,,,,,,-21.8504,,9.965,,,,,,,,,,,,,,,,,1032.6467,,12916.339,,
2026-08-26 19:34:50,42.4704672,-82.831149,,12.0324,127.5576,,-62.5292,0.0,-10.0265,0.4446,162.8483,0.5935,0.2749,,,,,,,,,,,,,,,,,-21.8504,,9.4266,,,,,,,,,,,,,,,,,,,,,
2026-08-26 19:34:51,42.4704315,-82.8310885,14.5899,11.8185,125.5637,138.6428,-55.0211,0.0,-11.3868,0.3498,163.0394,0.5905,0.2718,,,,,,,,,,,,,,,,,-21.8504,,10.2302,,,,,,,,,,,,,,,,,1035.3082,,12959.318,,
2026-08-26 19:34:52,42.4703946,-82.8310259,,11.5075,127.6493,138.3563,199.9944,0.0,-12.0154,-1.7805,163.2361,0.5875,0.2686,,,7.2597,17.4427,10.0,0.0027,48.092,17.2958,74.9668,0.0,0.0,,,,,,-21.8275,,9.383,,,,,,,,,,,,,,,,,,,,,
2026-08-26 19:34:53,42.4703569,-82.8309633,15.1476,11.8574,129.0014,140.2356,,0.0,,,163.4261,0.5846,0.2656,,,,,,,,,,,,,,,,,-21.8504,,9.4532,,,,,,,,,,,,,,,,,1037.9946,,13002.9532,,
2026-08-26 19:34:54,42.4703198,-82.8309027,,11.7991,130.6344,141.8055,177.5149,0.0,-12.4818,-1.2871,,,,,,,,,,,,,,,,,,,,-21.8848,,,,,,,,,,,,,,,,,,,,,,,
2026-08-26 19:34:55,42.4702852,-82.8308449,15.3117,,,144.2005,222.5357,,-12.0891,-1.3004,163.6824,0.5809,0.2616,,,,,,,,,,,,,,,,,-21.8848,,9.7403,,,,,,,,,,,,,,,,,1040.3942,,13042.3233,,
2026-08-26 19:34:56,42.4702509,-82.8307902,,11.2548,129.3338,145.3063,125.0377,0.0,-12.2892,-0.9586,163.855,0.5782,0.2588,,,7.2598,17.4427,10.0,0.0025,48.092,17.2958,75.5851,0.0,0.0,,,,,,-21.8619,,9.7486,,,,,,,,,,,,,,,,,,,,,
2026-08-26 19:34:57,42.4702159,-82.8307373,14.8196,11.0021,132.2616,145.4209,-36.1892,0.0,-10.0625,0.4363,164.0197,0.5755,0.2561,,,,,,,,,,,,,,,,,-21.8504,,9.5638,,,,,,,,,,,,,,,,,1042.6693,,13080.0529,,
2026-08-26 19:34:58,42.4701773,-82.8306806,,11.0993,131.1901,144.2807,-43.6731,0.0,-9.4571,0.0346,164.1976,0.5726,0.2532,,,,,,,,,,,,,,,,,-21.8504,,9.4173,,,,,,,,,,,,,,,,,,,,,
2026-08-26 19:34:59,42.4701435,-82.830629,14.7211,11.0216,132.7142,142.7165,-47.3928,0.0,-9.527,0.4821,164.3639,0.57,0.2506,,,,,,,,,,,,,,,,,-21.8504,,9.5609,,,,,,,,,,,,,,,,,1045.0017,,13118.1107,,
2026-08-26 19:35:00,42.470111,-82.8305752,,11.0021,130.3193,,72.6362,0.0,-10.102,-1.4418,164.5428,0.5675,0.2479,,,7.2598,17.4427,10.0,0.0029,48.092,17.2958,75.0619,0.0,0.0,,,,,,,,9.0225,,,,,,,,,,,,,,,,,1046.1642,,13136.8114,,
2026-08-26 19:35:01,42.4700777,-82.8305228,15.5085,11.216,132.8116,142.2123,-253.5888,0.0,,,164.7151,0.565,0.2453,,,,,,,,,,,,,,,,,-21.8619,,9.3426,,,,,,,,,,,,,,,,,,,,,
2026-08-26 19:35:02,42.4700464,-82.8304695,,10.8661,125.7413,138.4938,113.9166,0.0,-7.6892,2.5084,164.8982,0.5626,0.2426,,,,,,,,,,,,,,,,,-21.8619,,8.3164,,,,,,,,,,,,,,,,,1048.5334,,13174.8692,,
2026-08-26 19:35:03,42.4700159,-82.8304144,15.7054,10.7689,125.1454,137.9839,,0.0,-8.4157,0.9641,165.0913,0.5602,0.2399,,,,,,,,,,,,,,,,,-21.8848,,8.4278,,,,,,,,,,,,,,,,,1049.715,,13193.8981,,
2026-08-26 19:35:04,42.4699848,-82.8303597,,10.8078,127.2826,138.3621,76.428,0.0,-8.7705,0.8777,165.2823,0.5578,0.2372,,,7.2599,17.4427,10.0,0.0022,48.092,17.2958,74.0295,0.0,0.0,,,,,,-21.8504,,8.9733,,,,,,,,,,,,,,,,,1050.8932,,13212.5988,,
2026-08-26 19:35:05,42.4699548,-82.8303056,15.2133,10.9827,128.5946,140.7685,215.1892,0.0,-8.8278,-0.298,165.454,0.5556,0.2348,,,,,,,,,,,,,,,,,-21.8504,,8.6387,,,,,,,,,,,,,,,,,1052.0044,,13230.6435,,
2026-08-26 19:35:06,42.4699196,-82.8302472,,11.1188,131.2474,144.3667,181.4236,0.0,-9.7747,-0.2934,165.6584,0.5529,0.2318,,,,,,,,,,,,,,,,,-21.8504,,8.6493,,,,,,,,,,,,,,,,,,,,,
2026-08-26 19:35:07,42.469885,-82.8301965,15.7054,10.6134,132.2329,147.134,121.4075,0.0,,,165.9158,0.5491,0.228,,,,,,,,,,,,,,,,,-21.8275,,9.441,,,,,,,,,,,,,,,,,1054.1398,,13266.7327,,
2026-08-26 19:35:08,42.4698501,-82.8301485,,10.6717,137.1661,148.4461,102.6236,0.0,-9.4385,0.0905,166.0695,0.5466,0.2256,,,7.26,17.4427,10.0,0.0028,48.092,17.2958,75.429,0.0,0.0,,,,,,-21.8504,,9.3392,,,,,,,,,,,,,,,,,,,,,
2026-08-26 19:35:09,42.4698158,-82.8301024,15.5741,10.6911,136.4785,148.343,-39.8916,0.0,-9.9694,-0.1882,166.2272,0.5441,0.2232,,,,,,,,,,,,,,,,,-21.8275,,9.1739,,,,,,,,,,,,,,,,,1056.143,,13301.1815,,
2026-08-26 19:35:10,42.4697816,-82.8300576,,10.5162,135.3326,148.0508,-62.3745,0.0,-8.1182,-1.5159,166.3681,0.5417,0.221,,,,,,,,,,,,,,,,,-21.8504,,8.954,,,,,,,,,,,,,,,,,,,,,
2026-08-26 19:35:11,42.4697485,-82.8300147,14.8852,10.2829,133.883,,,0.0,-8.8995,-0.7139,166.5203,0.5394,0.2187,,,,,,,,,,,,,,,,,-21.8504,,8.6944,,,,,,,,,,,,,,,,,1058.0643,,13333.9899,,
2026-08-26 19:35:12,42.4697168,-82.8299722,,9.7581,135.5274,148.0221,8.8797,0.0,-7.6802,0.9187,166.6631,0.5371,0.2166,,,7.2601,17.4427,10.0,0.0026,48.092,17.2958,74.949,0.0,0.0,,,,,,-21.8275,,8.1876,,,,,,,,,,,,,,,,,1058.9473,,13349.4099,,
2026-08-26 19:35:13,42.4696846,-82.8299321,15.3773,9.5637,137.6588,149.5175,125.1512,0.0,-8.4857,2.8298,166.801,0.5349,0.2145,,,,,,,,,,,,,,,,,-21.8103,,8.1366,,,,,,,,,,,,,,,,,,,,,
2026-08-26 19:35:14,42.4696525,-82.8298882,,9.3693,134.9373,147.4377,188.9111,0.0,-7.88,-3.1897,,,,,,,,,,,,,,,,,,,,-21.8103,,,,,,,,,,,,,,,,,,,1060.7037,,13379.2655,,
2026-08-26 19:35:15,42.4696221,-82.8298508,15.082,9.0583,136.5931,147.9133,-73.5747,0.0,-7.3718,0.003,167.0035,0.5316,0.2115,,,,,,,,,,,,,,,,,-21.4665,,7.7847,,,,,,,,,,,,,,,,,1061.5773,,13394.0293,,
2026-08-26 19:35:16,42.4695912,-82.829811,,8.8056,138.0198,150.1077,162.6982,0.0,-8.0364,2.0941,167.1381,0.5296,0.2095,,,7.2601,17.4427,10.0,0.004,48.092,17.2958,75.6785,0.0,0.0,,,,,,-21.6613,,6.8357,,,,,,,,,,,,,,,,,1062.3033,,13407.1527,,
2026-08-26 19:35:17,42.4695621,-82.8297745,14.8852,8.7084,134.3471,149.7123,83.967,0.0,,,167.2636,0.5276,0.2077,,,,,,,,,,,,,,,,,-21.6613,,7.409,,,,,,,,,,,,,,,,,1063.1029,,13420.9322,,
2026-08-26 19:35:18,42.469532,-82.8297402,14.8852,8.6112,140.4778,149.7353,-39.7232,0.0,-7.9892,-1.7974,167.3815,0.5255,0.2059,,,,,,,,,,,,,,,,,-21.6843,,7.3781,,,,,,,,,,,,,,,,,,,,,
2026-08-26 19:35:19,42.4695023,-82.8297053,,8.7473,136.9827,149.105,,0.0,-6.8303,0.8341,167.5079,0.5234,0.204,,,,,,,,,,,,,,,,,-21.6613,,7.5957,,,,,,,,,,,,,,,,,1064.6782,,13448.4912,,
2026-08-26 19:35:20,42.4694734,-82.8296691,15.2133,8.2613,136.2895,147.7929,57.8263,0.0,-7.7423,-0.9819,167.6319,0.5214,0.2022,,,7.2602,17.4427,10.0,0.0029,48.092,17.2958,75.0153,0.0,0.0,,,,,,-21.6613,,7.4104,,,,,,,,,,,,,,,,,1065.5238,,13462.9269,,
2026-08-26 19:35:21,42.469442,-82.829629,,8.3196,137.7391,,166.5932,0.0,-7.5917,-2.5345,167.7788,0.519,0.2,,,,,,,,,,,,,,,,,-21.6613,,8.4846,,,,,,,,,,,,,,,,,1066.3985,,13478.0188,,
2026-08-26 19:35:22,42.4694117,-82.8295907,15.3117,8.6306,135.6821,146.9793,1.6226,0.0,-7.7352,-0.9383,167.9724,0.5162,0.1973,,,,,,,,,,,,,,,,,-21.6613,,7.2959,,,,,,,,,,,,,,,,,,,,,
2026-08-26 19:35:23,42.469383,-82.8295551,,8.9805,137.6302,148.3086,-133.3605,0.0,-6.8474,2.4495,,,,,,,,,,,,,,,,,,,,,,,,,,,,,,,,,,,,,,,1067.9619,,13505.2498,,
2026-08-26 19:35:24,42.4693545,-82.8295191,15.082,8.4363,137.6703,148.7498,61.656,0.0,-6.8621,-1.0366,168.1708,0.5132,0.1945,,,7.2603,17.4427,10.0,0.0032,48.092,17.2958,75.5661,0.0,0.0,,,,,,-21.5926,,7.4179,,,,,,,,,,,,,,,,,,,,,
2026-08-26 19:35:25,42.4693252,-82.8294828,,8.5723,137.8021,148.0851,110.4273,0.0,-7.0583,-0.6143,168.3751,0.5101,0.1917,,,,,,,,,,,,,,,,,-21.5926,,7.3806,,,,,,,,,,,,,,,,,1069.5033,,13532.1527,,
2026-08-26 19:35:26,42.4692937,-82.829446,14.9508,8.9028,139.1313,149.9014,54.1961,0.0,-7.5377,0.5568,168.5119,0.5079,0.1897,,,,,,,,,,,,,,,,,-21.5926,,7.7577,,,,,,,,,,,,,,,,,1070.3273,,13546.5884,,
2026-08-26 19:35:27,42.4692619,-82.8294112,,8.7473,139.8074,150.44,,0.0,,,168.6389,0.5058,0.1879,,,,,,,,,,,,,,,,,-21.5926,,7.663,,,,,,,,,,,,,,,,,,,,,
2026-08-26 19:35:28,42.4692278,-82.8293724,15.6398,8.7278,140.6038,149.38,46.7121,0.0,-6.8725,-1.2084,168.7727,0.5036,0.186,,,7.2604,17.4427,10.0,0.0032,48.092,17.2958,75.4188,0.0,0.0,,,,,,-21.5926,,7.7081,,,,,,,,,,,,,,,,,1071.8967,,13574.8036,,
2026-08-26 19:35:29,42.469197,-82.8293366,,8.5918,140.3918,150.4629,69.2362,0.0,-6.9637,-1.3287,168.9077,0.5015,0.1841,,,,,,,,,,,,,,,,,-21.6155,,7.705,,,,,,,,,,,,,,,,,,,,,
2026-08-26 19:35:30,42.4691661,-82.8293021,15.4429,8.5918,138.524,148.8701,-159.508,0.0,-5.6327,2.0552,169.0405,0.4994,0.1823,,,,,,,,,,,,,,,,,-21.6155,,7.5365,,,,,,,,,,,,,,,,,1073.4861,,13602.6907,,
2026-08-26 19:35:31,42.4691364,-82.8292667,15.5741,8.5335,138.4553,,31.7545,0.0,-6.3261,-0.6341,169.1784,0.4974,0.1804,,,,,,,,,,,,,,,,,-21.627,,7.3002,,,,,,,,,,,,,,,,,1074.3018,,13616.7983,,
2026-08-26 19:35:32,42.4691084,-82.8292292,15.5085,8.6112,135.241,146.8647,-121.985,0.0,-6.2146,1.0333,169.3315,0.4954,0.1785,,,7.2604,17.4427,10.0,0.0015,48.092,17.2958,74.3016,0.0,0.0,,,,,,-21.6155,,7.1117,,,,,,,,,,,,,,,,,1075.1388,,13630.9059,,
2026-08-26 19:35:33,42.4690788,-82.8291919,,9.136,137.762,146.7903,-110.6336,0.0,-7.3367,1.7059,169.4833,0.4933,0.1765,,,,,,,,,,,,,,,,,-21.6155,,7.4039,,,,,,,,,,,,,,,,,1075.9784,,13645.3416,,
2026-08-26 19:35:34,42.4690495,-82.8291536,15.6398,9.1749,136.2723,145.9939,39.3656,0.0,-7.0518,0.7423,169.6396,0.4913,0.1745,,,,,,,,,,,,,,,,,-21.6155,,7.2471,,,,,,,,,,,,,,,,,,,,,
2026-08-26 19:35:35,42.4690185,-82.8291159,,9.1944,138.398,147.2773,,0.0,,,169.7923,0.4892,0.1725,,,,,,,,,,,,,,,,,-21.6155,,7.8678,,,,,,,,,,,,,,,,,1077.6353,,13674.213,,
2026-08-26 19:35:36,42.4689844,-82.8290743,15.8694,9.1749,137.0572,146.9965,-5.6276,0.0,-6.5784,1.3699,,,,,,7.2605,17.4427,10.0,0.0012,48.092,17.2958,75.6745,0.0,0.0,,,,,,-21.6155,,,,,,,,,,,,,,,,,,,,,,,
2026-08-26 19:35:37,42.4689535,-82.829036,,9.1944,138.8792,147.6783,80.6117,0.0,-5.6212,0.0885,170.0241,0.486,0.1696,,,,,,,,,,,,,,,,,-21.627,,7.6598,,,,,,,,,,,,,,,,,1079.3401,,13703.7406,,
2026-08-26 19:35:38,42.4689239,-82.8289991,16.1975,8.9028,136.6275,146.7616,-31.8851,0.0,-6.6834,0.9599,170.1878,0.4839,0.1675,,,,,,,,,,,,,,,,,-21.6155,,7.5596,,,,,,,,,,,,,,,,,1080.1519,,13717.8482,,
2026-08-26 19:35:39,42.4688945,-82.828962,,8.3974,138.6214,147.157,106.8692,0.0,-7.0925,-2.1721,170.3385,0.4818,0.1656,,,,,,,,,,,,,,,,,-21.6613,,7.3733,,,,,,,,,,,,,,,,,,,,,
2026-08-26 19:35:40,42.4688672,-82.8289226,16.624,8.4363,132.21,143.9312,-421.87,0.0,-7.6408,2.273,170.5038,0.4799,0.1637,,,7.2606,17.4427,10.0,0.003,48.092,17.2958,74.8327,0.0,0.0,,,,,,-21.5697,,6.8449,,,,,,,,,,,,,,,,,1081.8923,,13747.0477,,
2026-08-26 19:35:41,42.4688406,-82.8288858,,8.1641,135.3899,,-31.8679,0.0,-6.1427,0.8852,170.671,0.478,0.1617,,,,,,,,,,,,,,,,,-21.4665,,6.712,,,,,,,,,,,,,,,,,1082.6984,,13760.4991,,
2026-08-26 19:35:42,42.468814,-82.8288466,16.624,8.8639,133.8601,143.2838,80.6392,0.0,-6.6164,-1.5818,170.8408,0.4762,0.1598,,,,,,,,,,,,,,,,,-21.4665,,7.0819,,,,,,,,,,,,,,,,,,,,,
2026-08-26 19:35:43,42.4687867,-82.8288079,,8.7473,135.3384,144.1718,-43.0922,0.0,-5.7495,0.705,171.0143,0.4743,0.1578,,,,,,,,,,,,,,,,,-21.4665,,7.0528,,,,,,,,,,,,,,,,,1084.4086,,13789.0424,,
2026-08-26 19:35:44,42.4687558,-82.8287644,15.771,9.0194,134.33,143.3353,,0.0,,,171.1934,0.4724,0.1558,,,7.2607,17.4427,10.0,0.0029,48.092,17.2958,74.5558,0.0,0.0,,,,,,-21.5181,,6.9855,,,,,,,,,,,,,,,,,1085.2646,,13803.4781,,
2026-08-26 19:35:45,42.468729,-82.8287236,,8.8056,130.2791,141.8915,-31.7923,0.0,-7.7537,1.5924,171.3739,0.4705,0.1537,,,,,,,,,,,,,,,,,-21.6442,,7.2866,,,,,,,,,,,,,,,,,1086.1671,,13818.2419,,
2026-08-26 19:35:46,42.4687027,-82.8286819,16.0007,8.5723,130.4682,142.6535,144.4713,0.0,-7.8618,-2.2135,171.5647,0.4686,0.1516,,,,,,,,,,,,,,,,,,,7.2352,,,,,,,,,,,,,,,,,1087.1179,,13833.6619,,
2026-08-26 19:35:47,42.4686751,-82.8286406,,9.136,133.0408,142.7624,39.4619,0.0,-7.7466,-0.4521,171.7594,0.4668,0.1496,,,,,,,,,,,,,,,,,-21.627,,6.4516,,,,,,,,,,,,,,,,,,,,,
2026-08-26 19:35:48,42.4686494,-82.8285983,15.935,8.4363,128.7665,141.6508,-185.5283,0.0,-7.4485,1.7407,171.9571,0.465,0.1475,,,7.2607,17.4427,10.0,0.0025,48.092,17.2958,74.8934,0.0,0.0,,,,,,-21.5353,,6.7946,,,,,,,,,,,,,,,,,1088.9209,,13863.1894,,
2026-08-26 19:35:49,,,,9.3499,131.3678,142.2123,140.731,0.0,-6.7794,-0.9384,172.1575,0.4631,0.1453,,,,,,,,,,,,,,,,,-21.8103,,7.06,,,,,,,,,,,,,,,,,,,,,
2026-08-26 19:35:50,42.4686205,-82.8285548,15.6398,9.3304,133.1382,144.2521,,0.0,,,172.3687,0.4612,0.1431,,,,,,,,,,,,,,,,,-21.5353,,6.825,,,,,,,,,,,,,,,,,1090.7534,,13894.0293,,
2026-08-26 19:35:51,42.4685927,-82.8285126,,9.4276,131.8319,,219.5139,0.0,-7.9323,-1.3714,172.5709,0.4591,0.1409,,,,,,,,,,,,,,,,,-21.6613,,7.9498,,,,,,,,,,,,,,,,,,,,,
2026-08-26 19:35:52,42.468564,-82.8284698,16.0663,9.622,134.6222,142.8369,-256.7378,0.0,-7.4901,2.7004,172.8034,0.4571,0.1385,,,7.2608,17.4427,10.0,0.0024,48.092,17.2958,74.007,0.0,0.0,,,,,,-21.6843,,6.6458,,,,,,,,,,,,,,,,,1092.6097,,13924.8692,,
2026-08-26 19:35:53,42.4685317437098,-82.82842261415507,,9.0777,133.2872,144.8307,-140.4766,0.0,-8.2978,2.9076,172.9883,0.4553,0.1366,,,,,,,,,,,,,,,,,-21.5926,,7.4766,,,,,,,,,,,,,,,,,,,,,
2026-08-26 19:35:54,42.46850221919659,-82.82838044605724,16.0007,9.3693,136.6905,146.3949,114.4976,0.0,-11.6983,-0.5249,173.1913,0.4532,0.1344,,,,,,,,,,,,,,,,,-21.8275,,7.4913,,,,,,,,,,,,,,,,,1094.4421,,13956.0372,,
2026-08-26 19:35:55,42.46847098564976,-82.82833889423821,,9.4276,139.5725,147.6268,99.5125,0.0,-9.2271,-0.2437,173.3943,0.4512,0.1323,,,,,,,,,,,,,,,,,-21.8103,,7.64,,,,,,,,,,,,,,,,,,,,,
2026-08-26 19:35:56,42.468438310407215,-82.8282990935637,15.771,9.2721,136.2952,148.2513,-35.4947,0.0,-7.9698,2.3718,173.5867,0.449,0.1302,,,7.2609,17.4427,10.0,0.0042,48.092,17.2958,76.6667,0.0,0.0,,,,,,-21.8103,,7.7984,,,,,,,,,,,,,,,,,1096.1785,,13986.549,,
2026-08-26 19:35:57,42.46840670415786,-82.82826017055496,,8.6306,139.0683,149.3227,88.2641,0.0,-7.3773,-1.0552,173.7779,0.4469,0.1282,,,,,,,,,,,,,,,,,-21.7874,,7.2655,,,,,,,,,,,,,,,,,,,,,
2026-08-26 19:35:58,42.4683733,-82.8282194,15.771,8.4751,137.6703,147.2143,65.7641,0.0,-8.4785,-2.2205,173.9905,0.4447,0.126,,,,,,,,,,,,,,,,,-21.352,,7.0696,,,,,,,,,,,,,,,,,1097.9621,,14017.3889,,
2026-08-26 19:35:59,42.4683424,-82.8281806,16.1319,8.2613,133.757,145.0714,-230.4769,0.0,-8.1172,0.602,174.1717,0.4428,0.1241,,,,,,,,,,,,,,,,,-21.2316,,6.5879,,,,,,,,,,,,,,,,,1098.705,,14029.8561,,
2026-08-26 19:36:00,42.4683153,-82.8281442,,8.1641,130.3823,144.2177,,0.0,,,174.3679,0.441,0.1222,,,7.261,17.4427,10.0,0.0052,48.092,17.2958,75.9416,0.0,0.0,,,,,,-21.5353,,6.423,,,,,,,,,,,,,,,,,1099.5752,,14043.9637,,
2026-08-26 19:36:01,42.46829,-82.828105,16.1319,8.7667,133.419,144.0744,-346.7071,0.0,-8.0848,1.5418,174.553,0.4396,0.1204,,,,,,,,,,,,,,,,,-21.8504,,5.7616,,,,,,,,,,,,,,,,,1100.4437,,14058.3994,,
2026-08-26 19:36:02,42.4682638,-82.828065,,8.9028,129.9869,,69.5525,0.0,-8.9729,-0.2706,174.7659,0.4378,0.1183,,,,,,,,,,,,,,,,,-21.7759,,6.5814,,,,,,,,,,,,,,,,,,,,,
2026-08-26 19:36:03,42.4682378,-82.8280235,15.771,9.3887,134.0148,144.3495,223.3332,0.0,-9.6996,-2.2262,174.9867,0.4361,0.1162,,,,,,,,,,,,,,,,,-21.8619,,6.2952,,,,,,,,,,,,,,,,,1102.209,,14087.5989,,
2026-08-26 19:36:04,42.46821,-82.8279829,,9.136,137.4755,145.9996,-20.3996,0.0,-9.4037,0.8573,175.2026,0.4342,0.1142,,,7.2611,17.4427,10.0,0.0039,48.092,17.2958,75.4399,0.0,0.0,,,,,,-21.8848,,7.0656,,,,,,,,,,,,,,,,,1103.0588,,14102.3627,,
2026-08-26 19:36:05,42.4681787,-82.8279428,16.3615,9.3304,139.1543,149.0534,-1.6467,0.0,-8.2894,2.0791,175.4161,0.4322,0.1121,,,,,,,,,,,,,,,,,-21.7358,,7.2051,,,,,,,,,,,,,,,,,1103.8603,,14116.7984,,
2026-08-26 19:36:06,42.4681431,-82.8279015,16.2631,9.1166,137.6359,150.6749,-31.6273,0.0,-7.8288,2.4285,175.7387,0.4289,0.1089,,,,,,,,,,,,,,,,,-21.7358,,7.0259,,,,,,,,,,,,,,,,,1104.8112,,14133.5306,,
2026-08-26 19:36:07,42.4681112,-82.8278634,,9.0389,139.5038,152.2792,137.118,0.0,-9.4025,-0.3367,175.9293,0.4269,0.107,,,,,,,,,,,,,,,,,-21.7588,,7.1704,,,,,,,,,,,,,,,,,1105.5606,,14146.9821,,
2026-08-26 19:36:08,42.4680805,-82.8278282,16.4272,8.2419,143.4228,152.6001,215.8699,0.0,-8.1295,-1.2328,,,,,,7.2611,17.4427,10.0,0.0021,48.092,17.2958,75.932,0.0,0.0,,,,,,-21.7588,,,,,,,,,,,,,,,,,,,1106.2327,,14159.1212,,
2026-08-26 19:36:09,42.4680488,-82.827795,,8.6501,141.2914,153.3163,,0.0,,,176.2183,0.4239,0.1042,,,,,,,,,,,,,,,,,,,6.9282,,,,,,,,,,,,,,,,,,,,,
2026-08-26 19:36:10,42.4680168,-82.8277593,16.5584,8.3002,144.5057,155.5393,13.3797,0.0,-7.1699,1.2156,176.4052,0.4219,0.1024,,,,,,,,,,,,,,,,,-21.5181,,7.0759,,,,,,,,,,,,,,,,,1107.7043,,14186.3522,,
2026-08-26 19:36:11,42.467985,-82.8277282,,,,153.5168,54.6292,,-7.034,0.986,176.5542,0.4201,0.1009,,,,,,,,,,,,,,,,,-21.5353,,7.0352,,,,,,,,,,,,,,,,,1108.4997,,14200.1317,,
2026-08-26 19:36:12,42.4679535,-82.8276948,16.1319,8.4751,140.6669,,144.6501,0.0,-6.9053,-2.0757,176.7397,0.4182,0.0991,,,7.2612,17.4427,10.0,0.0016,48.092,17.2958,75.3956,0.0,0.0,,,,,,-21.5181,,6.8502,,,,,,,,,,,,,,,,,1109.1724,,14212.927,,
2026-08-26 19:36:13,42.4679223,-82.8276641,,7.8531,144.1619,153.5512,-222.8313,0.0,-4.1555,1.6416,176.9145,0.4162,0.0974,,,,,,,,,,,,,,,,,-21.5181,,6.6947,,,,,,,,,,,,,,,,,1109.9896,,14227.0346,,
2026-08-26 19:36:14,42.4678885,-82.8276276,15.8038,8.2224,140.9362,152.4625,-54.062,0.0,-8.0007,1.3035,,,,,,,,,,,,,,,,,,,,-21.5353,,,,,,,,,,,,,,,,,,,,,,,
2026-08-26 19:36:15,42.467861,-82.8275974,15.935,7.3477,140.2773,149.5978,-31.5345,0.0,-6.0684,-2.5455,177.2039,0.4132,0.0947,,,,,,,,,,,,,,,,,-21.4035,,6.1853,,,,,,,,,,,,,,,,,1111.5239,,14253.9375,,
2026-08-26 19:36:16,42.4678339,-82.8275647,,7.7754,139.2001,149.0019,,0.0,,,177.3997,0.4115,0.0929,,,7.2613,17.4427,10.0,0.0026,48.092,17.2958,74.7575,0.0,0.0,,,,,,-21.6613,,6.354,,,,,,,,,,,,,,,,,,,,,
2026-08-26 19:36:17,42.4678089,-82.8275302,16.2959,7.6587,132.9377,144.4641,-429.0136,0.0,-5.4596,3.12,177.5832,0.41,0.0913,,,,,,,,,,,,,,,,,-21.6442,,5.4333,,,,,,,,,,,,,,,,,1112.9724,,14278.5438,,
2026-08-26 19:36:18,42.4677836,-82.8274963,,7.1339,132.8689,140.7513,9.7529,0.0,-12.3815,-1.6159,177.7912,0.4083,0.0895,,,,,,,,,,,,,,,,,-21.6613,,6.0563,,,,,,,,,,,,,,,,,,,,,
2026-08-26 19:36:19,42.467759,-82.8274582,16.2631,8.6112,131.5511,140.9003,73.5678,0.0,-11.894,-3.3915,178.008,0.4069,0.0876,,,,,,,,,,,,,,,,,-21.8619,,5.6364,,,,,,,,,,,,,,,,,1114.6648,,14305.7747,,
2026-08-26 19:36:20,42.4677352,-82.8274179,,8.7084,128.3254,144.1718,129.854,0.0,-13.3462,-0.14,178.2486,0.4054,0.0857,,,7.2614,17.4427,10.0,0.006,48.092,17.2958,77.4937,0.0,0.0,,,,,,-21.9077,,5.7138,,,,,,,,,,,,,,,,,,,,,
2026-08-26 19:36:21,42.4677072,-82.8273782,16.1319,9.5248,135.516,,129.8987,0.0,-11.7818,-0.2695,178.4945,0.4038,0.0836,,,,,,,,,,,,,,,,,-21.8848,,5.8195,,,,,,,,,,,,,,,,,1116.3177,,14334.318,,
2026-08-26 19:36:22,42.4676725,-82.8273372,,9.0583,139.0053,147.707,-31.3385,0.0,-10.2918,2.1061,178.8465,0.4009,0.0806,,,,,,,,,,,,,,,,,-21.8619,,6.953,,,,,,,,,,,,,,,,,,,,,
2026-08-26 19:36:23,42.4676406,-82.8272991,16.3615,9.2332,138.7074,148.6524,-80.0754,0.0,-9.406,2.0648,179.0833,0.3989,0.0786,,,,,,,,,,,,,,,,,-21.8504,,6.8379,,,,,,,,,,,,,,,,,1117.2097,,14350.0661,,
2026-08-26 19:36:24,42.4676087,-82.8272612,,9.2332,139.3319,149.0764,152.4297,0.0,-9.3696,-0.5375,179.3211,0.397,0.0766,,,7.2614,17.4427,10.0,0.0045,48.092,17.2958,76.8734,0.0,0.0,,,,,,-21.8275,,7.0133,,,,,,,,,,,,,,,,,,,,,
2026-08-26 19:36:25,42.4675787,-82.8272242,16.1975,8.9805,136.1348,147.919,51.1949,0.0,-9.8461,-1.1177,179.5556,0.3952,0.0747,,,,,,,,,,,,,,,,,-21.8619,,6.2622,,,,,,,,,,,,,,,,,1118.8618,,14378.9375,,
2026-08-26 19:36:26,42.4675475,-82.8271878,,8.689,140.9935,150.2738,-1.2788,0.0,-8.3251,1.276,179.7883,0.3933,0.0727,,,,,,,,,,,,,,,,,-21.8619,,6.5944,,,,,,,,,,,,,,,,,1119.6746,,14393.3732,,
2026-08-26 19:36:27,42.4675156,-82.827152,15.4429,8.6306,141.5779,150.8067,,0.0,-7.2415,0.2681,,,,,,,,,,,,,,,,,,,,-21.8848,,,,,,,,,,,,,,,,,,,,,,,
2026-08-26 19:36:28,42.4674839,-82.8271155,,8.825,140.1397,151.0473,-38.7537,0.0,-7.69,0.6234,180.1339,0.3904,0.0699,,,7.2615,17.4427,10.0,0.0048,48.092,17.2958,75.7811,0.0,0.0,,,,,,-21.8619,,6.8524,,,,,,,,,,,,,,,,,1121.1732,,14420.2761,,
2026-08-26 19:36:29,42.4674478,-82.8270751,16.0663,8.9028,140.3116,151.8839,6.2429,0.0,,,180.3691,0.3885,0.068,,,,,,,,,,,,,,,,,-21.8848,,6.9022,,,,,,,,,,,,,,,,,,,,,
2026-08-26 19:36:30,42.4674153,-82.8270405,,8.689,141.8644,149.3399,-109.9976,0.0,-8.0087,-0.5481,180.6145,0.3866,0.066,,,,,,,,,,,,,,,,,-21.8619,,7.086,,,,,,,,,,,,,,,,,1122.8725,,14450.4598,,
2026-08-26 19:36:31,42.4673839,-82.8270051,16.8537,8.7473,139.7845,,107.5293,0.0,-8.2211,-0.683,180.8525,0.3847,0.0641,,,,,,,,,,,,,,,,,,,6.6463,,,,,,,,,,,,,,,,,,,,,
2026-08-26 19:36:32,42.4673521,-82.8269696,,8.7667,139.8475,149.529,-184.9714,0.0,-6.3802,1.8825,181.0848,0.3828,0.0623,,,7.2616,17.4427,10.0,0.0047,48.092,17.2958,75.4359,0.0,0.0,,,,,,-21.8619,,6.6606,,,,,,,,,,,,,,,,,1124.4669,,14479.0031,,
2026-08-26 19:36:33,42.4673215,-82.8269328,16.5584,8.9222,140.1684,148.5321,-42.463,0.0,-6.3339,-0.3954,181.3366,0.3809,0.0603,,,,,,,,,,,,,,,,,-21.8504,,6.437,,,,,,,,,,,,,,,,,,,,,
2026-08-26 19:36:34,42.4672911,-82.8268963,,8.8056,136.9541,146.6642,-128.7196,0.0,-6.8267,-0.6732,181.5847,0.3791,0.0584,,,,,,,,,,,,,,,,,-21.8504,,6.8881,,,,,,,,,,,,,,,,,1126.1567,,14508.2026,,
2026-08-26 19:36:35,42.4672625,-82.8268604,16.4272,8.7473,138.7646,147.0309,,0.0,,,181.8449,0.3774,0.0565,,,,,,,,,,,,,,,,,-21.8504,,6.0586,,,,,,,,,,,,,,,,,1127.012,,14522.6383,,
2026-08-26 19:36:36,42.4672342,-82.8268217,16.6896,8.9611,132.3475,144.0114,-286.1959,0.0,-6.1002,3.1531,182.0923,0.3757,0.0546,,,7.2617,17.4427,10.0,0.0025,48.092,17.2958,74.351,0.0,0.0,,,,,,-21.6155,,6.4329,,,,,,,,,,,,,,,,,1127.7927,,14536.0897,,
2026-08-26 19:36:37,42.4672032,-82.826781,,8.8833,136.4785,144.2463,77.5556,0.0,-7.5809,-1.153,182.3643,0.3741,0.0526,,,,,,,,,,,,,,,,,-21.6957,,5.6283,,,,,,,,,,,,,,,,,,,,,
2026-08-26 19:36:38,42.4671763,-82.8267398,16.624,8.7667,131.087,143.4442,-271.1901,0.0,-5.9755,-0.2584,182.6334,0.3725,0.0507,,,,,,,,,,,,,,,,,-21.6957,,6.1013,,,,,,,,,,,,,,,,,1129.5247,,14565.2892,,
2026-08-26 19:36:39,42.4671499,-82.826698,,9.2332,129.6489,142.9858,-121.1771,0.0,-10.8377,2.5927,182.9279,0.371,0.0486,,,,,,,,,,,,,,,,,-21.6843,,6.2375,,,,,,,,,,,,,,,,,,,,,
2026-08-26 19:36:40,42.4671219,-82.8266583,16.9193,9.0777,135.9056,146.0511,182.5856,0.0,-9.9253,-0.97,183.2285,0.3695,0.0464,,,7.2617,17.4427,10.0,0.0052,48.092,17.2958,76.1672,0.0,0.0,,,,,,-21.8504,,5.1768,,,,,,,,,,,,,,,,,1131.3531,,14595.1448,,
2026-08-26 19:36:41,42.4670923,-82.8266188,,9.1749,136.5817,,51.3737,0.0,-9.2316,1.4714,183.5143,0.3679,0.0444,,,,,,,,,,,,,,,,,-21.8504,,6.1218,,,,,,,,,,,,,,,,,1132.157,,14609.2524,,
2026-08-26 19:36:42,42.4670611,-82.8265799,16.4928,9.2527,138.0083,148.0393,88.8829,0.0,-8.4448,0.661,183.8034,0.3662,0.0424,,,,,,,,,,,,,,,,,-21.8619,,6.3218,,,,,,,,,,,,,,,,,,,,,
2026-08-26 19:36:43,42.4670276,-82.8265428,,9.3499,139.3433,150.3254,-83.6163,0.0,-7.8277,0.8,184.0888,0.3644,0.0404,,,,,,,,,,,,,,,,,-21.8504,,6.5137,,,,,,,,,,,,,,,,,1133.8136,,14638.4519,,
2026-08-26 19:36:44,42.4669946,-82.8265045,16.9849,9.3499,140.2429,150.4285,40.1288,0.0,-8.0657,0.5318,184.3699,0.3626,0.0384,,,7.2618,17.4419,10.0,0.0039,48.092,17.2547,75.7667,0.0,0.0,,,,,,-21.8504,,6.5644,,,,,,,,,,,,,,,,,1134.6414,,14653.2157,,
2026-08-26 19:36:45,42.4669586,-82.8264633,,9.4082,142.5576,151.2364,,0.0,,,184.6592,0.3607,0.0364,,,,,,,,,,,,,,,,,-21.8504,,6.8508,,,,,,,,,,,,,,,,,1135.3937,,14666.6671,,
2026-08-26 19:36:46,42.4669247,-82.8264272,16.5584,9.0,142.4373,152.2964,55.1208,0.0,-7.3121,0.5903,184.9464,0.3589,0.0344,,,,,,,,,,,,,,,,,-21.8504,,6.9488,,,,,,,,,,,,,,,,,1136.271,,14682.4152,,
2026-08-26 19:36:47,42.4668909,-82.8263924,,9.0777,143.8697,152.9782,43.8553,0.0,-6.3369,0.5848,185.3717,0.356,0.0315,,,,,,,,,,,,,,,,,-21.8504,,6.669,,,,,,,,,,,,,,,,,1137.0727,,14696.8509,,
2026-08-26 19:36:48,42.4668577,-82.826358,16.3615,8.8445,142.8785,152.3823,-27.3954,0.0,-5.2489,0.3582,185.6481,0.3542,0.0296,,,7.2619,17.4419,10.0,0.005,48.092,17.2547,75.1878,0.0,0.0,,,,,,-21.8504,,6.4963,,,,,,,,,,,,,,,,,,,,,
2026-08-26 19:36:49,42.466825,-82.8263227,,8.6306,141.3888,150.5259,-76.1495,0.0,-5.6299,0.5331,185.9309,0.3524,0.0278,,,,,,,,,,,,,,,,,-21.8504,,6.5366,,,,,,,,,,,,,,,,,1138.6488,,14725.3942,,
2026-08-26 19:36:50,42.4667928,-82.8262864,16.4272,8.7862,140.0996,,-68.6346,0.0,-6.6551,0.1327,186.2241,0.3506,0.0258,,,,,,,,,,,,,,,,,-21.8504,,5.9954,,,,,,,,,,,,,,,,,1139.4725,,14740.158,,
2026-08-26 19:36:51,42.4667624,-82.8262519,,8.6112,139.16,149.4087,-57.3794,0.0,-6.8805,0.0473,186.504,0.349,0.024,,,,,,,,,,,,,,,,,-21.8504,,6.1067,,,,,,,,,,,,,,,,,1140.2958,,14754.5936,,
2026-08-26 19:36:52,42.4667314,-82.8262157,16.1319,9.2138,137.4468,147.6669,6.3873,0.0,-8.0849,-0.6683,186.7971,0.3473,0.0221,,,7.262,17.4419,10.0,0.0037,48.092,17.2547,75.256,0.0,0.0,,,,,,-21.8275,,5.8977,,,,,,,,,,,,,,,,,1141.0932,,14768.3732,,
2026-08-26 19:36:53,42.4666963,-82.8261748,,9.1166,137.6703,147.0366,,0.0,,,187.0997,0.3456,0.0202,,,,,,,,,,,,,,,,,-21.8504,,5.9275,,,,,,,,,,,,,,,,,1141.9151,,14782.8089,,
2026-08-26 19:36:54,42.4666661,-82.8261376,16.4272,8.825,136.4213,146.7673,47.6403,0.0,-8.2855,-0.109,187.4133,0.344,0.0182,,,,,,,,,,,,,,,,,,,6.0447,,,,,,,,,,,,,,,,,,,,,
2026-08-26 19:36:55,42.4666347,-82.8261004,,9.0,138.6443,147.9419,36.3851,0.0,-7.8761,0.2517,187.7296,0.3423,0.0162,,,,,,,,,,,,,,,,,-21.8504,,5.932,,,,,,,,,,,,,,,,,1143.582,,14812.0083,,
2026-08-26 19:36:56,42.4666028,-82.8260622,16.7552,9.2916,139.4522,148.3086,-113.6072,0.0,-6.8048,1.5293,,,,,,7.262,17.4419,10.0,0.0015,48.092,17.2547,75.1815,0.0,0.0,,,,,,-21.8504,,,,,,,,,,,,,,,,,,,1144.4024,,14826.444,,
2026-08-26 19:36:57,42.4665739,-82.8260231,,8.2224,129.351,147.0653,-151.113,0.0,-8.1356,3.163,188.215,0.3399,0.0132,,,,,,,,,,,,,,,,,-21.8504,,6.21,,,,,,,,,,,,,,,,,1145.247,,14841.2078,,
2026-08-26 19:36:58,42.4665423,-82.8259871,16.7881,9.1944,139.16,148.2685,201.3832,0.0,-8.4043,-1.3742,188.5473,0.3384,0.0112,,,,,,,,,,,,,,,,,-21.8504,,4.6037,,,,,,,,,,,,,,,,,,,,,
2026-08-26 19:36:59,42.4665101,-82.8259531,,8.9611,143.9041,150.9499,220.1121,0.0,-7.2279,-1.46,188.8646,0.3368,0.0093,,,,,,,,,,,,,,,,,-21.6613,,6.2747,,,,,,,,,,,,,,,,,1146.9094,,14870.0792,,
2026-08-26 19:37:00,42.4664756,-82.8259137,16.9193,8.3196,139.6986,,-23.6586,0.0,-6.9587,1.31,189.2008,0.3349,0.0073,,,7.2621,17.4419,10.0,0.0022,48.092,17.2547,75.2767,0.0,0.0,,,,,,-21.6613,,6.2902,,,,,,,,,,,,,,,,,1147.6286,,14883.5307,,
2026-08-26 19:37:01,42.4664413,-82.8258773,,9.4082,143.8869,151.3395,-1.131,0.0,-7.2464,2.0702,189.5195,0.3333,0.0054,,,,,,,,,,,,,,,,,-21.6613,,5.6068,,,,,,,,,,,,,,,,,,,,,
2026-08-26 19:37:02,42.4664103,-82.8258427,16.7552,8.2224,138.2719,150.4687,,0.0,,,189.8542,0.3316,0.0034,,,,,,,,,,,,,,,,,-21.6613,,6.2645,,,,,,,,,,,,,,,,,1149.2383,,14912.4021,,
2026-08-26 19:37:03,42.4663806,-82.8258081,,8.3974,137.951,151.2823,148.8476,0.0,-7.796,-2.1135,190.1398,0.3302,0.0018,,,,,,,,,,,,,,,,,-21.6613,,4.8229,,,,,,,,,,,,,,,,,1150.0052,,14926.1816,,
2026-08-26 19:37:04,,,16.6896,8.8056,142.0821,149.5175,-83.6541,0.0,-7.8158,1.397,190.4575,0.3287,-0.0001,,,7.2622,17.4419,10.0,0.0052,48.092,17.2547,75.8475,0.0,0.0,,,,,,-21.6613,,5.7625,,,,,,,,,,,,,,,,,,,,,
2026-08-26 19:37:05,42.4663493,-82.825774,,8.514,140.1455,149.7181,51.3462,0.0,-7.7538,0.6618,190.95,0.3264,-0.0029,,,,,,,,,,,,,,,,,-21.6843,,5.44,,,,,,,,,,,,,,,,,1151.5869,,14954.0687,,
2026-08-26 19:37:06,42.4663186,-82.825738,15.771,8.7667,141.5263,149.8098,-8.6562,0.0,-6.6406,0.5168,,,,,,,,,,,,,,,,,,,,-21.6613,,,,,,,,,,,,,,,,,,,,,,,
2026-08-26 19:37:07,42.466284117234004,-82.82570006507258,,8.4168,135.6879,147.1913,-91.1725,0.0,-7.3909,0.8392,191.4759,0.3239,-0.0058,,,,,,,,,,,,,,,,,-21.6613,,5.5688,,,,,,,,,,,,,,,,,1153.1416,,14981.6278,,
2026-08-26 19:37:08,42.46625598339349,-82.82566361460955,15.6398,8.9222,138.9423,145.0657,,0.0,,,191.8166,0.3226,-0.0077,,,7.2623,17.4419,10.0,0.0013,48.092,17.2547,75.1804,0.0,0.0,,,,,,-21.6957,,5.5979,,,,,,,,,,,,,,,,,,,,,
2026-08-26 19:37:09,42.46622715184043,-82.82562677429848,,9.1166,130.7203,142.241,51.3221,0.0,-8.3894,-2.0919,192.1647,0.3212,-0.0096,,,,,,,,,,,,,,,,,-21.7186,,4.5976,,,,,,,,,,,,,,,,,1154.8435,,15010.1711,,
2026-08-26 19:37:10,42.4662018,-82.8255864,16.6896,9.4665,134.0549,,,0.0,,,192.5342,0.3201,-0.0116,,,,,,,,,,,,,,,,,-21.9077,,3.5574,,,,,,,,,,,,,,,,,,,,,
2026-08-26 19:37:11,42.4661728,-82.8255462,,9.3693,134.3701,143.9312,,0.0,,,192.9147,0.3188,-0.0137,,,,,,,,,,,,,,,,,-21.9077,,4.8896,,,,,,,,,,,,,,,,,1156.6183,,15039.6986,,
2026-08-26 19:37:12,42.4661436,-82.8255061,16.1319,9.797,138.2891,146.5496,,0.0,,,193.2581,0.3177,-0.0156,,,,,,,,,,,,,,,,,-21.7874,,4.8191,,,,,,,,,,,,,,,,,,,,,
2026-08-26 19:37:13,42.4661103,-82.8254673,,9.4859,141.2169,147.9476,,0.0,,,193.6449,0.3161,-0.0176,,,,,,,,,,,,,,,,,-21.8103,,5.8814,,,,,,,,,,,,,,,,,1158.2906,,15069.2262,,
2026-08-26 19:37:14,42.4660748,-82.8254243,16.5584,9.0,139.3032,150.3598,,0.0,,,194.076,0.3145,-0.0199,,,,,,,,,,,,,,,,,-21.7874,,4.927,,,,,,,,,,,,,,,,,1159.1506,,15083.99,,
2026-08-26 19:37:15,42.466041,-82.8253876,,9.0,135.0175,149.4946,10.0692,0.0,-7.5382,-0.0835,194.4553,0.313,-0.0219,,,,,,,,,,,,,,,,,-21.7874,,5.5894,,,,,,,,,,,,,,,,,1159.96,,15098.7538,,
2026-08-26 19:37:16,42.4660087,-82.8253488,16.2959,9.7192,143.5603,147.1111,-334.9294,0.0,-7.4833,2.0855,194.8487,0.3115,-0.0239,,,7.2624,17.4419,10.0,0.0017,48.092,17.2547,75.2024,0.0,0.0,,,,,,,,5.4848,,,,,,,,,,,,,,,,,,,,,
2026-08-26 19:37:17,42.4659766,-82.8253111,,9.3304,136.1233,144.8995,-177.429,0.0,-7.8986,1.978,195.2371,0.3101,-0.0259,,,,,,,,,,,,,,,,,-21.7759,,5.585,,,,,,,,,,,,,,,,,1161.7022,,15128.9375,,
2026-08-26 19:37:18,42.4659474,-82.8252713,16.1319,,,145.0943,-38.6918,,-8.5459,0.0175,195.6389,0.3088,-0.0279,,,,,,,,,,,,,,,,,-21.6843,,4.1594,,,,,,,,,,,,,,,,,,,,,
2026-08-26 19:37:19,42.4659176,-82.8252313,,9.4665,137.8422,144.7505,77.5796,0.0,-8.68,0.2697,196.0034,0.3078,-0.0298,,,,,,,,,,,,,,,,,-21.6957,,4.2934,,,,,,,,,,,,,,,,,1163.4933,,15159.1212,,
2026-08-26 19:37:20,42.4658836,-82.8251853,16.7552,9.5054,133.1726,148.4461,88.8176,0.0,-10.01,-0.0128,196.4707,0.3064,-0.0321,,,7.2625,17.4419,10.0,0.0049,48.092,17.2547,75.4914,0.0,0.0,,,,,,-21.7186,,4.5444,,,,,,,,,,,,,,,,,,,,,
2026-08-26 19:37:21,42.4658464,-82.8251418,,9.5637,140.6611,,-57.4447,0.0,-8.309,3.0855,197.1094,0.3043,-0.0353,,,,,,,,,,,,,,,,,-21.6957,,5.2857,,,,,,,,,,,,,,,,,1165.2306,,15189.633,,
2026-08-26 19:37:22,42.465815,-82.8251023,16.2959,9.3887,136.6791,148.6466,145.0454,0.0,-7.7949,-0.6478,197.5306,0.3029,-0.0373,,,,,,,,,,,,,,,,,-21.7186,,4.573,,,,,,,,,,,,,,,,,,,,,
2026-08-26 19:37:23,42.4657836,-82.825065,,8.9222,138.398,148.1367,186.2881,0.0,-7.696,-2.3346,197.9502,0.3017,-0.0394,,,,,,,,,,,,,,,,,-21.5353,,4.5214,,,,,,,,,,,,,,,,,1166.9411,,15219.4887,,
2026-08-26 19:37:24,42.4657528,-82.8250282,15.4429,8.5529,139.6241,149.3342,-271.2073,0.0,-7.7487,4.6215,198.3377,0.3005,-0.0412,,,7.2626,17.4419,10.0,0.0017,48.092,17.2547,75.7993,0.0,0.0,,,,,,-21.7588,,4.4417,,,,,,,,,,,,,,,,,,,,,
2026-08-26 19:37:25,42.4657265,-82.8249909,,7.9309,131.1329,148.1768,,0.0,,,,,,,,,,,,,,,,,,,,,,-21.7358,,,,,,,,,,,,,,,,,,,1168.652,,15248.6882,,
2026-08-26 19:37:26,42.4656956,-82.8249535,16.0007,8.6695,140.1799,149.0477,,0.0,,,198.9454,0.2988,-0.0441,,,,,,,,,,,,,,,,,-21.4035,,3.9101,,,,,,,,,,,,,,,,,1169.4072,,15262.1396,,
2026-08-26 19:37:27,42.4656684,-82.8249177,,8.5918,137.9339,152.3995,,0.0,,,199.3421,0.2978,-0.046,,,,,,,,,,,,,,,,,-21.7874,,3.4499,,,,,,,,,,,,,,,,,1170.2379,,15276.2472,,
2026-08-26 19:37:28,42.4656389,-82.824883,15.7054,8.4946,139.1944,154.1356,310.0366,0.0,-7.3929,-3.2146,199.733,0.2967,-0.0479,,,,,,,,,,,,,,,,,-21.7759,,4.3542,,,,,,,,,,,,,,,,,1170.9672,,15289.3706,,
2026-08-26 19:37:29,42.4656048,-82.8248476,,8.1447,144.4885,153.4996,,0.0,,,200.1266,0.2954,-0.0497,,,,,,,,,,,,,,,,,-21.5468,,4.384,,,,,,,,,,,,,,,,,,,,,
2026-08-26 19:37:30,42.4655742,-82.8248143,16.2959,8.3585,140.982,154.9377,,0.0,,,200.5097,0.2942,-0.0514,,,,,,,,,,,,,,,,,-21.7588,,4.3381,,,,,,,,,,,,,,,,,1172.3993,,15315.6173,,
2026-08-26 19:37:31,42.4655441,-82.8247835,,8.0086,143.3483,,,0.0,,,200.8819,0.293,-0.053,,,,,,,,,,,,,,,,,-21.5009,,4.4515,,,,,,,,,,,,,,,,,1173.0771,,15328.0845,,
2026-08-26 19:37:32,42.4655134,-82.8247516,16.0663,8.2808,143.5145,153.0183,145.0145,0.0,-5.8505,-2.4217,201.2764,0.2918,-0.0548,,,,,,,,,,,,,,,,,-21.6155,,3.8658,,,,,,,,,,,,,,,,,1173.8799,,15341.864,,
2026-08-26 19:37:33,42.4654844,-82.8247191,,7.9892,138.6329,150.9958,-38.7434,0.0,-6.629,-1.1362,201.6605,0.2906,-0.0565,,,,,,,,,,,,,,,,,-21.6155,,4.2716,,,,,,,,,,,,,,,,,1174.5569,,15354.6593,,
2026-08-26 19:37:34,42.4654557,-82.8246861,16.0663,7.7948,141.045,150.3082,-128.7436,0.0,-5.8041,0.1739,202.0588,0.2896,-0.0583,,,,,,,,,,,,,,,,,-21.6442,,3.8046,,,,,,,,,,,,,,,,,1175.3343,,15368.1107,,
2026-08-26 19:37:35,42.4654279,-82.8246518,,8.1836,139.0683,149.1852,,0.0,,,202.4673,0.2886,-0.0601,,,,,,,,,,,,,,,,,-21.6442,,3.6441,,,,,,,,,,,,,,,,,,,,,
2026-08-26 19:37:36,42.4653975,-82.8246135,16.0007,8.5335,135.917,148.068,-222.4978,0.0,-6.5482,1.211,202.871,0.2877,-0.0619,,,7.2628,17.4419,10.0,0.0029,48.092,17.2547,74.7549,0.0,0.0,,,,,,-21.6613,,3.3022,,,,,,,,,,,,,,,,,1176.9139,,15395.0136,,
2026-08-26 19:37:37,42.4653726,-82.8245775,,8.4557,131.4594,145.9136,-278.7463,0.0,-7.2609,2.73,203.4886,0.2864,-0.0646,,,,,,,,,,,,,,,,,-21.8275,,2.6584,,,,,,,,,,,,,,,,,1177.7631,,15409.4493,,
2026-08-26 19:37:38,42.4653453,-82.8245421,17.0505,8.7084,131.5798,148.4977,126.2581,0.0,-7.7295,-0.338,203.9082,0.2856,-0.0665,,,,,,,,,,,,,,,,,-21.8504,,2.6376,,,,,,,,,,,,,,,,,1178.4926,,15421.5884,,
2026-08-26 19:37:39,42.4653155,-82.8245061,,8.9028,136.2035,152.0214,145.0076,0.0,-7.4634,-0.9449,204.3477,0.2846,-0.0684,,,,,,,,,,,,,,,,,-21.8275,,3.3483,,,,,,,,,,,,,,,,,,,,,
2026-08-26 19:37:40,42.4652839,-82.8244725,16.9193,9.0777,141.7669,152.4396,-42.5009,0.0,-6.6846,3.5673,204.7798,0.2835,-0.0702,,,7.2629,17.4419,10.0,0.0012,48.092,17.2547,75.2573,0.0,0.0,,,,,,,,4.0135,,,,,,,,,,,,,,,,,1179.9656,,15448.1632,,
2026-08-26 19:37:41,42.4652523,-82.8244397,,8.4946,143.2967,,126.2409,0.0,-5.616,1.0021,205.2088,0.2824,-0.0719,,,,,,,,,,,,,,,,,-21.8275,,4.0127,,,,,,,,,,,,,,,,,1180.7376,,15461.9428,,
2026-08-26 19:37:42,42.4652221,-82.8244064,17.1818,8.1836,140.6955,153.0069,62.4879,0.0,,,,,,,,,,,,,,,,,,,,,,-21.4436,,,,,,,,,,,,,,,,,,,,,,,
2026-08-26 19:37:43,42.4651918,-82.8243713,,7.8337,142.042,152.0271,,0.0,-5.6946,-2.7155,205.8393,0.2809,-0.0745,,,,,,,,,,,,,,,,,-21.5181,,3.432,,,,,,,,,,,,,,,,,1182.2547,,15489.5018,,
2026-08-26 19:37:44,42.4651642,-82.8243364,16.5584,8.0281,137.401,147.6039,-207.499,0.0,-7.0969,-0.0447,206.2619,0.2801,-0.0763,,,7.263,17.4419,10.0,0.0028,48.092,17.2547,75.3474,0.0,0.0,,,,,,-21.627,,3.1763,,,,,,,,,,,,,,,,,1183.105,,15503.2813,,
2026-08-26 19:37:45,42.4651355,-82.8243018,,8.514,136.7421,146.922,-109.9873,0.0,-7.0406,0.6633,206.694,0.2793,-0.0781,,,,,,,,,,,,,,,,,-21.6843,,2.9793,,,,,,,,,,,,,,,,,1183.7806,,15515.0924,,
2026-08-26 19:37:46,42.4651072,-82.8242649,16.2959,8.378,134.5706,146.0683,-113.7241,0.0,-7.7703,0.9829,207.1394,0.2785,-0.08,,,,,,,,,,,,,,,,,-21.6957,,2.9708,,,,,,,,,,,,,,,,,,,,,
2026-08-26 19:37:47,42.4650761,-82.8242273,,9.2527,138.7188,147.4778,126.2994,0.0,-8.7952,-0.1397,207.6067,0.2777,-0.0819,,,,,,,,,,,,,,,,,-21.8504,,2.5359,,,,,,,,,,,,,,,,,1185.3986,,15542.9795,,
2026-08-26 19:37:48,42.4650469,-82.8241888,16.7881,8.689,134.5821,148.3487,6.2739,0.0,-7.8231,-0.6585,208.0998,0.2768,-0.0839,,,7.263,17.4419,10.0,0.0038,48.092,17.2547,74.9147,0.0,0.0,,,,,,-21.8619,,3.3905,,,,,,,,,,,,,,,,,,,,,
2026-08-26 19:37:49,42.4650145,-82.8241524,,9.311,140.9476,149.4144,-19.9699,0.0,-5.7318,1.21,208.5816,0.276,-0.0859,,,,,,,,,,,,,,,,,-21.8619,,2.5268,,,,,,,,,,,,,,,,,1187.0356,,15571.8509,,
2026-08-26 19:37:50,42.4649818,-82.8241149,16.624,9.0777,140.4148,150.9385,107.5362,0.0,-8.4587,-0.1783,209.0744,0.2751,-0.0879,,,,,,,,,,,,,,,,,-21.8619,,3.2295,,,,,,,,,,,,,,,,,,,,,
2026-08-26 19:37:51,42.4649454,-82.8240738,,9.2138,139.6585,,,0.0,,,209.5703,0.2742,-0.0898,,,,,,,,,,,,,,,,,-21.8504,,3.3287,,,,,,,,,,,,,,,,,1188.7393,,15602.3627,,
2026-08-26 19:37:52,42.4649131,-82.8240375,16.3615,9.0194,139.8189,150.8067,85.0361,0.0,-8.7665,-0.964,210.075,0.2733,-0.0918,,,7.2631,17.4419,10.0,0.001,48.092,17.2547,75.9354,0.0,0.0,,,,,,-21.8504,,3.0945,,,,,,,,,,,,,,,,,,,,,
2026-08-26 19:37:53,42.4648809,-82.8240021,,8.7473,142.5863,151.3739,133.7937,0.0,-7.8543,-0.8172,210.5736,0.2724,-0.0937,,,,,,,,,,,,,,,,,-21.8275,,2.9889,,,,,,,,,,,,,,,,,1190.2976,,15629.9218,,
2026-08-26 19:37:54,42.4648486,-82.823966,16.2631,8.8445,140.7414,150.2567,21.2968,0.0,-7.8377,-1.0349,211.0663,0.2716,-0.0956,,,,,,,,,,,,,,,,,-21.8103,,3.1423,,,,,,,,,,,,,,,,,1191.1127,,15644.3575,,
2026-08-26 19:37:55,42.4648155,-82.82393,,9.2332,140.3403,150.0848,-38.7056,0.0,-7.5613,0.7711,211.5615,0.2707,-0.0975,,,,,,,,,,,,,,,,,-21.7874,,2.8837,,,,,,,,,,,,,,,,,1191.9018,,15658.7932,,
2026-08-26 19:37:56,42.4647836,-82.8238957,16.9193,8.7473,140.7127,150.801,6.298,0.0,-6.8455,0.1935,212.071,0.2699,-0.0994,,,7.2632,17.4419,10.0,0.0038,48.092,17.2547,75.6776,0.0,0.0,,,,,,-21.7874,,2.762,,,,,,,,,,,,,,,,,,,,,
2026-08-26 19:37:57,42.4647516,-82.8238611,,8.8445,141.9216,151.5401,,0.0,,,212.5639,0.2691,-0.1013,,,,,,,,,,,,,,,,,-21.7874,,2.7863,,,,,,,,,,,,,,,,,1193.4782,,15687.0084,,
2026-08-26 19:37:58,42.4647206,-82.8238267,17.5427,8.3974,138.0141,148.9389,40.0566,0.0,-6.6429,-0.0243,213.0559,0.2683,-0.1031,,,,,,,,,,,,,,,,,-21.7874,,2.8767,,,,,,,,,,,,,,,,,,,,,
2026-08-26 19:37:59,42.4646874,-82.8237889,,8.1447,141.0221,149.0592,130.0637,0.0,-7.6116,-1.6821,213.5518,0.2676,-0.105,,,,,,,,,,,,,,,,,-21.6957,,2.0634,,,,,,,,,,,,,,,,,1195.127,,15716.2079,,
2026-08-26 19:38:00,42.4646565,-82.8237544,17.6083,8.5529,139.9278,,21.3175,0.0,-6.933,0.8133,214.0365,0.2669,-0.1068,,,7.2633,17.4419,10.0,0.0031,48.092,17.2547,75.1609,0.0,0.0,,,,,,-21.7186,,2.3793,,,,,,,,,,,,,,,,,,,,,
2026-08-26 19:38:01,42.4646252,-82.8237195,,8.6501,141.1883,150.8984,-87.4288,0.0,-6.6803,-0.0526,214.7857,0.2659,-0.1096,,,,,,,,,,,,,,,,,-21.6957,,2.5732,,,,,,,,,,,,,,,,,1196.5564,,15741.7984,,
2026-08-26 19:38:11,42.46461881821245,-82.82371257998895,17.2474,8.9611,141.4518,151.0989,145.066,0.0,-6.9673,-1.4067,215.4739,0.265,-0.1121,,,7.2633,17.4419,10.0,0.0047,48.092,17.2547,75.4415,0.0,0.0,,,,,,-21.5181,,2.3428,,,,,,,,,,,,,,,,,1197.3432,,15755.906,,
2026-08-26 19:38:12,42.464299,-82.8233686,17.7395,7.6976,141.618,152.113,,0.0,,,220.1833,0.2597,-0.1288,,,,,,,,,,,,,,,,,-21.5353,,1.2619,,,,,,,,,,,,,,,,,1205.0737,,15895.0136,,
2026-08-26 19:38:13,42.4642735,-82.8233378,,7.8531,137.3609,,205.0616,0.0,-7.4858,-2.2193,,,,,,,,,,,,,,,,,,,,-21.5181,,,,,,,,,,,,,,,,,,,1205.7627,,15907.1527,,
2026-08-26 19:38:14,42.4642427,-82.8233062,17.7395,6.9978,143.652,150.9671,220.0674,0.0,-7.5029,-2.492,220.925,0.2592,-0.1315,,,,,,,,,,,,,,,,,,,0.9155,,,,,,,,,,,,,,,,,1206.3718,,15918.6357,,
2026-08-26 19:38:15,42.4642153,-82.8232772,,7.2311,143.7551,153.0527,-106.1851,0.0,-6.6573,4.2983,221.3605,0.2588,-0.1329,,,,,,,,,,,,,,,,,-20.8248,,1.4902,,,,,,,,,,,,,,,,,1207.0332,,15930.4467,,
2026-08-26 19:38:16,42.4641867,-82.8232515,17.9692,7.1922,143.4916,155.9347,160.0581,0.0,-6.7952,-1.7016,221.813,0.2583,-0.1344,,,7.2636,17.4419,10.0,0.0052,48.092,17.2547,76.2321,0.0,0.0,,,,,,-21.5468,,1.3878,,,,,,,,,,,,,,,,,,,,,
2026-08-26 19:38:17,42.4641604,-82.8232242,,7.4643,145.6745,154.571,58.8267,0.0,-6.5164,-0.8043,222.2522,0.2579,-0.1359,,,,,,,,,,,,,,,,,-21.5181,,1.5792,,,,,,,,,,,,,,,,,1208.2044,,15952.4283,,
2026-08-26 19:38:18,42.4641316,-82.8231987,17.8379,,,157.0577,126.3819,,-6.1959,1.718,222.6957,0.2575,-0.1374,,,,,,,,,,,,,,,,,-21.5353,,1.707,,,,,,,,,,,,,,,,,1208.7374,,15962.927,,
2026-08-26 19:38:19,,,,7.6976,149.4732,157.7739,,0.0,,,223.1367,0.257,-0.1388,,,,,,,,,,,,,,,,,-21.4436,,2.1543,,,,,,,,,,,,,,,,,1209.3196,,15974.0819,,
2026-08-26 19:38:20,42.4641027,-82.823174,17.477,7.3477,150.0061,157.5733,148.8579,0.0,-5.9559,-1.8406,223.5769,0.2564,-0.1401,,,7.2636,17.4419,10.0,0.0032,48.092,17.2547,76.482,0.0,0.0,,,,,,-21.4035,,1.8089,,,,,,,,,,,,,,,,,,,,,
2026-08-26 19:38:21,42.4640743,-82.8231505,,6.8618,145.0672,157.1322,40.1048,0.0,-5.7346,-0.9446,223.9561,0.256,-0.1413,,,,,,,,,,,,,,,,,-21.3004,,1.3652,,,,,,,,,,,,,,,,,1210.3143,,15993.7669,,
2026-08-26 19:38:22,42.4640457,-82.8231281,17.3458,6.7646,147.5137,156.2326,-72.3886,0.0,-5.5415,-0.1209,224.4262,0.2554,-0.1428,,,,,,,,,,,,,,,,,-21.3004,,1.9165,,,,,,,,,,,,,,,,,,,,,
2026-08-26 19:38:23,42.464014752502514,-82.82310277518502,,7.3088,150.1436,,-87.3806,0.0,-5.927,-0.2871,224.8639,0.2549,-0.1441,,,,,,,,,,,,,,,,,-21.2775,,2.0613,,,,,,,,,,,,,,,,,1211.5268,,16016.7328,,
2026-08-26 19:38:24,42.46398730111311,-82.82307814880788,17.4114,7.1145,145.0901,153.5225,-23.6001,0.0,-5.6094,-1.4095,225.3001,0.2545,-0.1455,,,7.2637,17.4419,10.0,0.0043,48.092,17.2547,75.6561,0.0,0.0,,,,,,-21.3004,,1.1953,,,,,,,,,,,,,,,,,,,,,
2026-08-26 19:38:25,42.46395931569464,-82.82305158886726,,7.3866,144.7521,151.8323,-147.3521,0.0,-5.3316,0.5852,225.7623,0.2542,-0.1469,,,,,,,,,,,,,,,,,-21.3004,,1.0573,,,,,,,,,,,,,,,,,1212.819,,16040.0268,,
2026-08-26 19:38:26,42.463932382716685,-82.82302346243357,17.9035,7.6976,145.3078,150.2624,,0.0,,,226.2223,0.254,-0.1485,,,,,,,,,,,,,,,,,-21.3004,,1.0652,,,,,,,,,,,,,,,,,1213.4747,,16051.8378,,
2026-08-26 19:38:27,42.46390483907777,-82.8229938492599,,7.5032,137.2635,149.8098,-192.3522,0.0,-6.226,2.6058,226.6965,0.2539,-0.1501,,,,,,,,,,,,,,,,,-21.352,,0.5748,,,,,,,,,,,,,,,,,,,,,
2026-08-26 19:38:28,42.463876103340965,-82.82296471379499,17.9692,8.2808,140.1226,152.9496,250.1442,0.0,-5.7359,-1.0419,227.1876,0.2535,-0.1516,,,7.2638,17.4419,10.0,0.0033,48.092,17.2547,76.0214,0.0,0.0,,,,,,-21.352,,0.4296,,,,,,,,,,,,,,,,,1214.7565,,16075.7879,,
2026-08-26 19:38:29,42.4638442,-82.8229329,,7.4643,142.5634,155.8201,81.3852,0.0,-5.8795,-0.5375,227.9196,0.2531,-0.154,,,,,,,,,,,,,,,,,-21.352,,0.9195,,,,,,,,,,,,,,,,,1215.3319,,16086.9428,,
2026-08-26 19:38:30,42.4638121,-82.8229071,18.0348,7.6393,151.3754,155.9576,-46.1071,0.0,-4.9322,3.9894,228.3897,0.2527,-0.1554,,,,,,,,,,,,,,,,,-21.1056,,1.3659,,,,,,,,,,,,,,,,,,,,,
2026-08-26 19:38:31,42.463784,-82.822882,17.7723,7.0561,146.8434,157.6364,148.8957,0.0,-3.8875,-1.4249,,,,,,,,,,,,,,,,,,,,-21.2488,,,,,,,,,,,,,,,,,,,1216.4086,,16108.2682,,
2026-08-26 19:38:32,42.4637539,-82.8228599,,6.9395,147.8689,156.2154,17.646,0.0,-4.6618,-2.0575,229.0589,0.2522,-0.1573,,,7.2639,17.4419,10.0,0.0034,48.092,17.2547,74.6174,0.0,0.0,,,,,,-21.4665,,1.6904,,,,,,,,,,,,,,,,,,,,,
2026-08-26 19:38:33,42.4637288,-82.8228358,17.7395,7.0561,146.024,,,0.0,,,229.4827,0.2519,-0.1586,,,,,,,,,,,,,,,,,-20.9853,,0.3928,,,,,,,,,,,,,,,,,1217.4975,,16128.9375,,
2026-08-26 19:38:34,42.4637037,-82.8228139,,5.8121,141.7555,154.6226,-248.6041,0.0,-3.9344,2.7995,229.8738,0.2518,-0.1599,,,,,,,,,,,,,,,,,-21.2087,,0.602,,,,,,,,,,,,,,,,,,,,,
2026-08-26 19:38:35,42.4636777,-82.8227926,17.8379,6.7062,150.0806,155.7341,-79.852,0.0,-5.2477,0.9388,230.4945,0.2514,-0.1617,,,,,,,,,,,,,,,,,,,0.8399,,,,,,,,,,,,,,,,,1218.5133,,16148.2945,,
2026-08-26 19:38:36,42.463652,-82.8227703,,7.2894,151.2036,157.4702,190.1486,0.0,-5.35,-2.174,230.9282,0.251,-0.163,,,7.2639,17.4419,10.0,0.0048,48.092,17.2547,76.0387,0.0,0.0,,,,,,-21.1858,,1.2551,,,,,,,,,,,,,,,,,1218.9657,,16157.4808,,
2026-08-26 19:38:37,42.4636229,-82.8227464,17.6083,5.7732,145.7777,158.0661,111.3899,0.0,-5.7142,-1.3115,231.3434,0.2508,-0.1642,,,,,,,,,,,,,,,,,-21.1858,,0.572,,,,,,,,,,,,,,,,,,,,,
2026-08-26 19:38:38,42.4635942,-82.8227268,,6.9784,154.2402,160.3923,-57.3622,0.0,-6.0398,2.225,,,,,,,,,,,,,,,,,,,,-21.0426,,,,,,,,,,,,,,,,,,,1219.8971,,16176.5097,,
2026-08-26 19:38:39,42.4635691,-82.8227061,17.477,6.3175,152.0114,163.7326,171.3854,0.0,-4.0037,-0.0352,231.9566,0.2503,-0.1659,,,,,,,,,,,,,,,,,-20.9394,,0.6346,,,,,,,,,,,,,,,,,1220.2755,,16184.7118,,
2026-08-26 19:38:40,42.4635415,-82.8226893,17.5427,6.2786,159.2651,165.7208,13.8851,0.0,-3.6847,1.0799,232.5505,0.2497,-0.1674,,,7.264,17.4419,10.0,0.0025,48.092,17.2547,75.6445,0.0,0.0,,,,,,-20.9623,,1.843,,,,,,,,,,,,,,,,,1220.6033,,16192.5858,,
2026-08-26 19:38:41,42.4635159,-82.8226744,,5.7343,157.105,164.0592,,0.0,,,232.8881,0.2493,-0.1683,,,,,,,,,,,,,,,,,-20.8649,,1.367,,,,,,,,,,,,,,,,,,,,,
2026-08-26 19:38:42,42.4634931,-82.822661,17.7395,5.6566,159.838,161.0741,47.63,0.0,-2.908,-3.8974,233.2063,0.249,-0.169,,,,,,,,,,,,,,,,,-20.8248,,1.7554,,,,,,,,,,,,,,,,,1221.3221,,16207.6777,,
2026-08-26 19:38:43,42.4634716,-82.822647,,5.054,148.8716,,-188.6154,0.0,-4.0022,2.7234,233.5512,0.2489,-0.17,,,,,,,,,,,,,,,,,-20.716,,0.4386,,,,,,,,,,,,,,,,,,,,,
2026-08-26 19:38:44,42.4634479,-82.8226288,17.7723,5.2678,155.919,161.1027,182.6509,0.0,-3.8321,-4.3681,233.8796,0.2486,-0.1709,,,7.2641,17.4419,10.0,0.0042,48.092,17.2547,74.9368,0.0,0.0,,,,,,-20.716,,1.0988,,,,,,,,,,,,,,,,,1222.0515,,16221.7853,,
2026-08-26 19:38:45,42.4634282,-82.8226139,,4.7818,151.1749,163.7269,122.621,0.0,-4.6148,2.335,234.1327,0.2485,-0.1716,,,,,,,,,,,,,,,,,-20.3321,,0.5863,,,,,,,,,,,,,,,,,1222.2398,,16227.0346,,
2026-08-26 19:38:46,42.4634098,-82.8226034,17.7723,4.1015,163.6826,174.8194,767.5904,0.0,-1.5498,2.9863,234.4168,0.2481,-0.1722,,,,,,,,,,,,,,,,,-19.444,,1.3533,,,,,,,,,,,,,,,,,1222.2012,,16229.3312,,
2026-08-26 19:38:47,42.4633952,-82.8225997,,2.5659,168.5699,187.1895,418.8344,0.0,0.8424,-4.6965,234.5534,0.2476,-0.1723,,,,,,,,,,,,,,,,,31.4003,,1.0443,,,,,,,,,,,,,,,,,,,,,
2026-08-26 19:38:48,42.4633836,-82.8226004,17.6739,1.7495,168.7934,196.2824,388.8263,0.0,-1.142,2.5879,234.5929,0.2472,-0.1721,,,7.2642,17.4419,10.0,0.0012,48.092,17.2547,73.7149,0.0,0.0,,,,,,31.4003,,0.7172,,,,,,,,,,,,,,,,,1221.7472,,16225.7223,,
2026-08-26 19:38:49,42.463379,-82.8226087,,1.4968,197.4756,202.7912,,0.0,,,234.6029,0.2465,-0.1717,,,,,,,,,,,,,,,,,32.7467,,1.1934,,,,,,,,,,,,,,,,,,,,,
2026-08-26 19:38:50,42.4633731,-82.8226209,17.7395,1.108,210.7912,209.2255,381.3561,0.0,0.7515,-0.5065,234.5969,0.2459,-0.1713,,,,,,,,,,,,,,,,,33.2968,,1.0137,,,,,,,,,,,,,,,,,1221.1079,,16218.8325,,
2026-08-26 19:38:51,42.4633677,-82.8226334,,1.7883,217.151,214.5483,317.6375,0.0,2.1717,1.0335,234.589,0.2452,-0.1707,,,,,,,,,,,,,,,,,33.8067,,1.7061,,,,,,,,,,,,,,,,,1220.7509,,16215.2236,,
2026-08-26 19:38:52,42.4633594,-82.8226544,17.2802,1.9244,241.1006,217.1151,257.6385,0.0,3.9142,0.8592,234.5642,0.2444,-0.1701,,,7.2643,17.4419,10.0,0.0025,48.092,17.2547,72.7557,0.0,0.0,,,,,,34.7521,,1.9119,,,,,,,,,,,,,,,,,1220.418,,16211.6147,,
2026-08-26 19:38:53,42.4633532,-82.8226678,,2.3909,238.0754,,62.6908,0.0,5.4648,0.9158,234.554,0.2435,-0.1695,,,,,,,,,,,,,,,,,34.9297,,2.3466,,,,,,,,,,,,,,,,,,,,,
2026-08-26 19:38:54,42.4633433,-82.8226903,17.9035,2.8574,239.462,217.6594,25.1987,0.0,6.3137,0.1781,,,,,,,,,,,,,,,,,,,,35.2792,,,,,,,,,,,,,,,,,,,1219.6652,,16204.3968,,
2026-08-26 19:38:55,42.4633333,-82.8227102,,4.0043,233.9788,217.3386,88.9483,0.0,5.5626,2.5931,234.5335,0.242,-0.1683,,,,,,,,,,,,,,,,,35.1761,,3.5081,,,,,,,,,,,,,,,,,,,,,
2026-08-26 19:38:56,42.4633207,-82.8227328,18.166,3.9849,234.397,217.4589,,0.0,,,234.5471,0.24,-0.167,,,7.2643,17.4419,10.0,0.005,48.092,17.2547,73.2799,0.0,0.0,,,,,,,,3.9653,,,,,,,,,,,,,,,,,1218.8722,,16197.5071,,
2026-08-26 19:38:57,42.4633069,-82.8227533,,4.5486,227.8768,216.4849,10.2342,0.0,7.304,0.2017,234.5993,0.2386,-0.1662,,,,,,,,,,,,,,,,,35.6402,,4.4398,,,,,,,,,,,,,,,,,,,,,
2026-08-26 19:38:58,42.4632894,-82.8227806,17.7723,5.1512,229.0972,216.9604,-16.013,0.0,6.7363,0.1817,234.6248,0.2371,-0.1652,,,,,,,,,,,,,,,,,35.6402,,5.0725,,,,,,,,,,,,,,,,,1217.9399,,16189.9611,,
2026-08-26 19:38:59,42.4632706,-82.8228126,,6.162,229.5956,217.7511,51.5009,0.0,7.0026,2.5397,234.6606,0.2354,-0.1641,,,,,,,,,,,,,,,,,35.6402,,6.1789,,,,,,,,,,,,,,,,,1217.3822,,16185.368,,
2026-08-26 19:39:00,42.4632507,-82.8228406,18.5269,6.4341,229.0972,216.6338,14.0191,0.0,8.3026,1.0612,,,,,,7.2644,17.4419,10.0,0.0063,48.092,17.2547,74.2349,0.0,0.0,,,,,,36.4194,,,,,,,,,,,,,,,,,,,1216.846,,16181.1029,,
2026-08-26 19:39:01,42.4632296,-82.8228704,,6.5313,226.3928,215.5853,-207.1999,0.0,9.1088,-1.7008,234.7585,0.2325,-0.1624,,,,,,,,,,,,,,,,,36.4022,,6.6916,,,,,,,,,,,,,,,,,,,,,
2026-08-26 19:39:02,42.4632069,-82.8229018,18.4613,7.27,227.0059,217.0406,,0.0,,,234.8357,0.2306,-0.1613,,,,,,,,,,,,,,,,,36.1501,,6.7461,,,,,,,,,,,,,,,,,1173.1871,,16172.5727,,
2026-08-26 19:39:03,42.4631831,-82.8229338,,7.406,227.0632,215.4936,6.5523,0.0,7.7889,1.4516,234.9017,0.2288,-0.1603,,,,,,,,,,,,,,,,,37.3361,,7.1114,,,,,,,,,,,,,,,,,,,,,
2026-08-26 19:39:04,42.4631586,-82.8229668,18.5269,7.8531,226.3756,,111.5721,0.0,7.2925,2.5986,235.0076,0.2268,-0.1591,,,7.2645,17.4419,10.0,0.0022,48.092,17.2547,72.7363,0.0,0.0,,,,,,36.9694,,7.5633,,,,,,,,,,,,,,,,,1106.9171,,16164.0425,,
2026-08-26 19:39:05,42.4631323,-82.8229997,,7.9503,228.3065,215.3504,-30.9053,0.0,7.2774,-0.3537,235.1016,0.2247,-0.1579,,,,,,,,,,,,,,,,,37.1356,,7.8334,,,,,,,,,,,,,,,,,1096.1198,,16159.4493,,
2026-08-26 19:39:06,42.4631079,-82.8230389,18.5269,8.2613,225.3959,217.3386,-169.6287,0.0,8.5599,-0.7226,235.1914,0.2225,-0.1566,,,,,,,,,,,,,,,,,37.5424,,8.065,,,,,,,,,,,,,,,,,1062.0288,,16153.8719,,
2026-08-26 19:39:07,42.4630784,-82.8230806,,8.6112,228.3351,217.4016,25.3843,0.0,8.889,0.9064,235.2728,0.2202,-0.1552,,,,,,,,,,,,,,,,,37.4392,,8.331,,,,,,,,,,,,,,,,,1038.1044,,16147.6383,,
2026-08-26 19:39:08,42.4630504,-82.8231221,18.3957,8.9611,228.6617,218.7538,62.8833,0.0,8.4508,0.2145,235.3722,0.2175,-0.1536,,,7.2646,17.4419,10.0,0.0046,48.092,17.2547,73.0384,0.0,0.0,,,,,,37.4392,,8.2782,,,,,,,,,,,,,,,,,,,,,
2026-08-26 19:39:09,42.4630216,-82.8231655,18.1004,9.2138,229.6071,220.2148,,0.0,,,235.4649,0.215,-0.1521,,,,,,,,,,,,,,,,,37.4392,,8.9066,,,,,,,,,,,,,,,,,1004.6673,,16134.515,,
2026-08-26 19:39:10,42.4629955,-82.8232107,,9.4859,232.1969,221.3034,104.1397,0.0,9.4116,1.1356,235.533,0.2111,-0.1495,,,,,,,,,,,,,,,,,37.5825,,9.305,,,,,,,,,,,,,,,,,982.6387,,16126.6409,,
2026-08-26 19:39:11,42.4629659,-82.8232573,17.8379,9.5637,229.4467,219.0288,-150.8277,0.0,9.6251,-0.287,235.616,0.2084,-0.1478,,,,,,,,,,,,,,,,,37.6856,,9.6007,,,,,,,,,,,,,,,,,995.503,,16120.4073,,
2026-08-26 19:39:12,42.4629387,-82.8233058,18.0348,9.3304,226.6449,217.5563,-60.8069,0.0,11.2775,1.2576,,,,,,7.2646,17.4419,10.0,0.0046,48.092,17.2547,72.71,0.0,0.0,,,,,,38.1325,,,,,,,,,,,,,,,,,,,,,,,
2026-08-26 19:39:13,42.4629074,-82.8233507,,9.8941,225.1724,214.2446,-72.0449,0.0,10.3027,1.4272,235.6592,0.206,-0.1462,,,,,,,,,,,,,,,,,37.5424,,9.7131,,,,,,,,,,,,,,,,,973.3323,,16107.284,,
2026-08-26 19:39:14,42.4628713,-82.8233991,18.1004,9.797,225.9001,,14.2185,0.0,8.9428,2.5619,235.7873,0.2033,-0.1446,,,,,,,,,,,,,,,,,37.3533,,9.8882,,,,,,,,,,,,,,,,,,,,,
2026-08-26 19:39:15,42.4628395,-82.8234405,,9.5054,227.6075,213.1216,141.7245,0.0,8.099,1.7721,235.9502,0.2003,-0.1429,,,,,,,,,,,,,,,,,37.3533,,9.6424,,,,,,,,,,,,,,,,,994.0676,,16096.4572,,
2026-08-26 19:39:16,42.4628107,-82.823484,17.6083,9.4665,228.1747,215.253,,0.0,,,236.1111,0.1977,-0.1414,,,7.2647,17.4419,10.0,0.0054,48.092,17.2547,72.7216,0.0,0.0,,,,,,37.3762,,9.1032,,,,,,,,,,,,,,,,,,,,,
2026-08-26 19:39:17,42.4627829,-82.8235321,,9.6609,229.3722,216.2213,14.2254,0.0,8.5999,-0.4674,236.2112,0.1952,-0.1398,,,,,,,,,,,,,,,,,37.4163,,9.398,,,,,,,,,,,,,,,,,986.5679,,16081.0373,,
2026-08-26 19:39:18,42.4627545,-82.8235803,18.166,9.9136,230.8504,217.648,-0.7666,0.0,8.8945,0.1413,236.2707,0.1925,-0.138,,,,,,,,,,,,,,,,,37.5424,,9.6004,,,,,,,,,,,,,,,,,,,,,
2026-08-26 19:39:19,42.4627272,-82.8236314,,10.1274,233.9673,218.7423,-23.2529,0.0,8.967,0.5701,236.3372,0.1897,-0.1362,,,,,,,,,,,,,,,,,,,9.5646,,,,,,,,,,,,,,,,,968.8253,,16063.9769,,
2026-08-26 19:39:20,42.462699,-82.8236825,18.166,11.216,232.5063,220.1575,25.5081,0.0,9.2037,0.9003,236.367,0.1869,-0.1343,,,7.2648,17.4419,10.0,0.0051,48.092,17.2547,71.8859,0.0,0.0,,,,,,37.5424,,9.8825,,,,,,,,,,,,,,,,,,,,,
2026-08-26 19:39:21,42.4626694,-82.8237347,18.166,10.5745,231.3775,219.9455,-86.9784,0.0,9.5313,-0.3654,236.4173,0.1841,-0.1323,,,,,,,,,,,,,,,,,37.5653,,10.1553,,,,,,,,,,,,,,,,,942.2075,,16046.5884,,
2026-08-26 19:39:22,42.4626419,-82.8237886,18.5269,10.3801,230.0483,219.5158,-113.2188,0.0,10.8487,-0.2608,236.4801,0.1812,-0.1304,,,,,,,,,,,,,,,,,37.7085,,10.3038,,,,,,,,,,,,,,,,,948.7741,,16037.7302,,
2026-08-26 19:39:23,42.4626077,-82.8238472,,10.108,232.3,219.046,48.0288,0.0,9.5968,1.8088,236.4946,0.1786,-0.1285,,,,,,,,,,,,,,,,,38.0924,,10.0078,,,,,,,,,,,,,,,,,951.184,,16029.2,,
2026-08-26 19:39:24,42.4625781,-82.8239001,18.4613,10.6717,231.4005,,55.5437,0.0,,,236.5818,0.1753,-0.1264,,,7.2649,17.4419,10.0,0.0061,48.092,17.2547,72.2231,0.0,0.0,,,,,,38.0924,,10.6531,,,,,,,,,,,,,,,,,944.8415,,16020.3417,,
2026-08-26 19:39:25,42.4625499,-82.8239559,,10.7689,229.4753,221.2633,-94.4555,0.0,9.5817,2.4451,236.6443,0.1723,-0.1244,,,,,,,,,,,,,,,,,37.9263,,10.4499,,,,,,,,,,,,,,,,,940.8044,,16010.1711,,
2026-08-26 19:39:26,42.4625201,-82.8240127,18.3957,10.3995,231.8359,220.507,-71.9486,0.0,10.4103,0.4153,236.6672,0.1693,-0.1222,,,,,,,,,,,,,,,,,38.5164,,10.4456,,,,,,,,,,,,,,,,,,,,,
2026-08-26 19:39:27,42.4624885,-82.8240667,,10.7689,228.8909,218.5819,,0.0,10.3262,0.2552,236.7041,0.1662,-0.1201,,,,,,,,,,,,,,,,,38.1325,,10.8287,,,,,,,,,,,,,,,,,923.9866,,15992.7827,,
2026-08-26 19:39:28,42.4624563,-82.8241193,18.5269,10.4579,227.3898,215.528,-169.4328,0.0,10.889,0.9066,236.844,0.1617,-0.1171,,,7.2649,17.4419,10.0,0.004,48.092,17.2547,72.5417,0.0,0.0,,,,,,38.0695,,10.6731,,,,,,,,,,,,,,,,,917.3554,,15985.2367,,
2026-08-26 19:39:29,42.4624225,-82.8241686,,10.419,225.2354,213.2247,-113.1706,0.0,9.75,0.3866,237.011,0.1587,-0.1152,,,,,,,,,,,,,,,,,37.9434,,10.5316,,,,,,,,,,,,,,,,,922.3,,15979.0031,,
2026-08-26 19:39:30,42.4623874,-82.8242206,18.5269,10.3607,224.5078,213.58,10.5951,0.0,8.7092,1.5116,237.1767,0.1559,-0.1135,,,,,,,,,,,,,,,,,37.5653,,10.3316,,,,,,,,,,,,,,,,,,,,,
2026-08-26 19:39:31,42.4623545,-82.8242663,,9.6414,224.3531,212.2392,-158.1467,0.0,9.2265,0.3751,,,,,,,,,,,,,,,,,,,,37.4965,,,,,,,,,,,,,,,,,,,956.3523,,15965.5517,,
2026-08-26 19:39:32,42.4623211,-82.8243089,18.2644,9.8553,222.3477,210.3943,-23.1429,0.0,9.265,-0.9296,237.5259,0.1514,-0.1109,,,7.265,17.4419,10.0,0.0036,48.092,17.2547,72.4406,0.0,0.0,,,,,,37.4622,,9.9536,,,,,,,,,,,,,,,,,954.8388,,15960.3023,,
2026-08-26 19:39:33,42.4622898,-82.8243517,,9.4471,224.2213,210.9501,85.6068,0.0,,,237.7643,0.149,-0.1096,,,,,,,,,,,,,,,,,37.5825,,9.9517,,,,,,,,,,,,,,,,,982.9243,,15954.3968,,
2026-08-26 19:39:34,42.4622591,-82.8243901,17.7723,8.7084,224.8917,,-8.1337,0.0,8.1153,2.7885,237.9905,0.1464,-0.108,,,,,,,,,,,,,,,,,38.1325,,9.5409,,,,,,,,,,,,,,,,,,,,,
2026-08-26 19:39:35,,,,,,211.0933,-38.1487,,7.8852,2.304,238.2537,0.144,-0.1067,,,,,,,,,,,,,,,,,36.6658,,8.7634,,,,,,,,,,,,,,,,,1038.259,,15942.2577,,
2026-08-26 19:39:36,42.4622326,-82.824432,17.4114,8.1836,227.2637,212.3767,,0.0,7.3452,-2.4571,238.406,0.1416,-0.1052,,,7.2651,17.4419,10.0,0.0032,48.092,17.2547,71.6498,0.0,0.0,,,,,,37.8117,,8.5424,,,,,,,,,,,,,,,,,,,,,
2026-08-26 19:39:37,42.4622035,-82.8244739,,8.9417,227.8825,213.5971,96.8448,0.0,8.4466,1.6288,238.6185,0.1391,-0.1036,,,,,,,,,,,,,,,,,37.7658,,8.559,,,,,,,,,,,,,,,,,1024.4898,,15930.7748,,
2026-08-26 19:39:38,42.4621767,-82.8245134,17.5427,9.0194,227.2866,213.4253,-38.1831,0.0,8.7887,-0.2039,238.8322,0.1365,-0.1021,,,,,,,,,,,,,,,,,37.8804,,8.5422,,,,,,,,,,,,,,,,,992.3776,,15923.885,,
2026-08-26 19:39:39,42.462143762514565,-82.82456028493071,,9.311,226.6965,214.5024,81.7874,0.0,8.4926,-0.2098,239.078,0.134,-0.1005,,,,,,,,,,,,,,,,,37.8804,,9.0763,,,,,,,,,,,,,,,,,995.8207,,15916.6672,,
2026-08-26 19:39:40,42.46211522799865,-82.82460549294679,18.0348,9.3887,229.0857,215.0811,100.5335,0.0,8.2069,0.8634,239.268,0.1314,-0.0989,,,7.2652,17.4419,10.0,0.0058,48.092,17.2547,71.0819,0.0,0.0,,,,,,37.8804,,9.2075,,,,,,,,,,,,,,,,,,,,,
2026-08-26 19:39:41,42.46208532945738,-82.82465189400247,,10.3412,226.3298,215.1613,-11.9599,0.0,7.981,0.6736,239.4873,0.1287,-0.0972,,,,,,,,,,,,,,,,,37.8804,,9.3867,,,,,,,,,,,,,,,,,956.2366,,15903.5438,,
2026-08-26 19:39:42,42.46205295684254,-82.82469968887747,18.166,10.0691,227.7335,217.2985,171.7842,0.0,8.387,1.3742,239.7602,0.1259,-0.0955,,,,,,,,,,,,,,,,,,,9.7908,,,,,,,,,,,,,,,,,,,,,
2026-08-26 19:39:43,42.46202355768693,-82.82474763725563,,9.7192,229.8477,217.7969,,0.0,,,239.972,0.1232,-0.0937,,,,,,,,,,,,,,,,,37.8804,,9.8666,,,,,,,,,,,,,,,,,951.6156,,15888.1239,,
2026-08-26 19:39:44,42.4619938665334,-82.82479498242564,17.2802,9.7581,233.274,217.4417,261.7913,0.0,8.2905,3.2596,240.1903,0.1207,-0.0921,,,7.2652,17.4419,10.0,0.0029,48.092,17.2547,71.07,0.0,0.0,,,,,,37.4392,,9.658,,,,,,,,,,,,,,,,,,,,,
2026-08-26 19:39:45,42.4619637,-82.824847,,10.1857,231.326,,-90.7084,0.0,8.9998,0.2227,240.4803,0.1165,-0.0893,,,,,,,,,,,,,,,,,38.3159,,9.8524,,,,,,,,,,,,,,,,,958.6692,,15872.0478,,
2026-08-26 19:39:46,42.4619355,-82.8248946,17.9692,9.8941,229.3034,216.863,70.5494,0.0,9.2983,1.5942,240.7156,0.1138,-0.0875,,,,,,,,,,,,,,,,,38.2357,,9.9402,,,,,,,,,,,,,,,,,938.7464,,15864.8299,,
2026-08-26 19:39:47,42.4619057,-82.8249426,,10.3024,228.3752,216.0666,44.3022,0.0,9.6295,1.1184,240.9895,0.1111,-0.0858,,,,,,,,,,,,,,,,,38.2357,,10.0412,,,,,,,,,,,,,,,,,950.5159,,15858.2682,,
2026-08-26 19:39:48,42.4618761,-82.8249907,17.8379,10.1274,228.1174,215.4593,44.3332,0.0,8.441,0.4529,241.2562,0.1086,-0.0842,,,7.2653,17.4419,10.0,0.0023,48.092,17.2547,72.16,0.0,0.0,,,,,,38.2357,,9.735,,,,,,,,,,,,,,,,,935.6813,,15851.0504,,
2026-08-26 19:39:49,42.4618447,-82.825038,,10.0302,228.169,216.1411,201.8095,0.0,8.7764,3.4015,241.6066,0.1059,-0.0825,,,,,,,,,,,,,,,,,38.2185,,9.9213,,,,,,,,,,,,,,,,,,,,,
2026-08-26 19:39:50,42.4618167,-82.8250855,17.9692,9.9136,233.2225,218.7137,-135.6844,0.0,,,241.8069,0.1033,-0.0807,,,,,,,,,,,,,,,,,37.3533,,9.8009,,,,,,,,,,,,,,,,,959.2349,,15835.3023,,
2026-08-26 19:39:51,42.4617894,-82.8251322,,10.0108,231.4177,220.1174,,0.0,10.0739,-0.3155,242.0703,0.1006,-0.0789,,,,,,,,,,,,,,,,,37.3533,,9.8185,,,,,,,,,,,,,,,,,995.6658,,15826.4441,,
2026-08-26 19:39:52,42.4617611,-82.8251872,17.6739,9.5443,232.0422,219.1949,36.8114,0.0,11.089,-0.5773,,,,,,7.2654,17.4419,10.0,0.0054,48.092,17.2547,71.4874,0.0,0.0,,,,,,39.0664,,,,,,,,,,,,,,,,,,,,,,,
2026-08-26 19:39:53,42.4617311,-82.8252396,,10.0885,230.0999,218.9371,-116.9487,0.0,11.2019,0.5977,242.4801,0.0962,-0.0758,,,,,,,,,,,,,,,,,38.2586,,10.0947,,,,,,,,,,,,,,,,,954.8844,,15809.0556,,
2026-08-26 19:39:54,42.4617025,-82.8252909,17.3458,10.2635,230.8332,217.075,-109.451,0.0,11.2983,-1.1816,242.7794,0.0933,-0.0739,,,,,,,,,,,,,,,,,38.2987,,10.0894,,,,,,,,,,,,,,,,,,,,,
2026-08-26 19:39:55,42.4616705,-82.8253423,,10.6911,230.3118,,239.2809,0.0,10.2001,3.0107,243.1875,0.0905,-0.072,,,,,,,,,,,,,,,,,38.3159,,10.1714,,,,,,,,,,,,,,,,,951.4861,,15791.9953,,
2026-08-26 19:39:56,42.4616423,-82.8253954,17.6083,10.5551,229.0571,219.0059,96.7863,0.0,8.835,0.4724,243.4777,0.0876,-0.07,,,7.2655,17.4419,10.0,0.0054,48.092,17.2547,71.0573,0.0,0.0,,,,,,38.7227,,9.9969,,,,,,,,,,,,,,,,,923.3521,,15784.1212,,
2026-08-26 19:39:57,42.4616124,-82.8254491,,10.4773,231.9104,219.5444,250.5292,0.0,9.2863,1.9307,243.8661,0.0847,-0.068,,,,,,,,,,,,,,,,,38.0065,,10.5281,,,,,,,,,,,,,,,,,926.6626,,15774.6068,,
2026-08-26 19:39:58,42.4615858,-82.8255033,17.8379,10.1857,237.3879,223.0567,,0.0,,,244.1642,0.0818,-0.066,,,,,,,,,,,,,,,,,38.5966,,10.3892,,,,,,,,,,,,,,,,,,,,,
2026-08-26 19:39:59,42.4615569,-82.8255566,,10.8855,235.7263,224.088,36.7908,0.0,10.8145,1.3774,244.5197,0.079,-0.064,,,,,,,,,,,,,,,,,38.0065,,10.1726,,,,,,,,,,,,,,,,,968.6725,,15753.9375,,
2026-08-26 19:40:00,42.461531,-82.8256186,17.7395,11.2937,233.8241,224.1682,-79.4566,0.0,11.906,-0.0388,244.6613,0.0761,-0.0617,,,7.2656,17.4419,10.0,0.0066,48.092,17.2547,72.2249,0.0,0.0,,,,,,38.7227,,10.563,,,,,,,,,,,,,,,,,912.3118,,15743.1107,,
2026-08-26 19:40:01,42.4615041,-82.8256761,,10.8661,237.7718,224.85,14.2838,0.0,12.8792,1.5399,244.9696,0.0731,-0.0596,,,,,,,,,,,,,,,,,38.6195,,11.0355,,,,,,,,,,,,,,,,,931.9356,,15732.6121,,
2026-08-26 19:40:02,42.4614794,-82.8257314,17.3458,10.7689,232.151,221.2347,-281.9571,0.0,12.6468,-0.9987,245.1903,0.0703,-0.0574,,,,,,,,,,,,,,,,,38.4992,,10.6514,,,,,,,,,,,,,,,,,,,,,
2026-08-26 19:40:03,42.4614532,-82.8257867,17.1818,10.4384,237.1071,219.1319,-188.1857,0.0,14.2416,-0.7596,245.5722,0.0674,-0.0553,,,,,,,,,,,,,,,,,39.0378,,10.6552,,,,,,,,,,,,,,,,,913.7909,,15715.2236,,
2026-08-26 19:40:04,42.461425,-82.825838,,10.9827,232.7756,219.046,141.7933,0.0,13.1463,0.3036,246.0461,0.0646,-0.0533,,,7.2656,17.4419,10.0,0.0027,48.092,17.2547,73.1528,0.0,0.0,,,,,,,,10.2103,,,,,,,,,,,,,,,,,,,,,
2026-08-26 19:40:05,42.4613976,-82.8258922,17.4114,10.4967,234.2481,,138.0393,0.0,11.9306,1.5201,246.5712,0.0617,-0.0512,,,,,,,,,,,,,,,,,38.7857,,10.8707,,,,,,,,,,,,,,,,,928.4884,,15696.8509,,
2026-08-26 19:40:06,42.461368,-82.8259478,,9.6609,235.033,219.8825,,0.0,11.5037,2.1551,247.1746,0.0587,-0.0491,,,,,,,,,,,,,,,,,38.5336,,10.3778,,,,,,,,,,,,,,,,,,,,,
2026-08-26 19:40:07,42.4613438,-82.8260003,17.6083,9.6026,242.3611,222.7358,363.0295,0.0,,,247.7138,0.0561,-0.0472,,,,,,,,,,,,,,,,,36.8033,,8.7008,,,,,,,,,,,,,,,,,981.0941,,15677.1659,,
2026-08-26 19:40:08,42.461321,-82.8260564,,10.9049,235.2622,223.3145,-34.4668,0.0,11.722,-1.2826,248.1724,0.0533,-0.0451,,,7.2657,17.4419,10.0,0.0037,48.092,17.2547,72.7913,0.0,0.0,,,,,,39.2956,,8.7822,,,,,,,,,,,,,,,,,940.5694,,15666.9953,,
2026-08-26 19:40:09,42.4613001,-82.8261058,17.1818,10.3607,239.2271,223.9619,63.0173,0.0,12.774,0.222,248.6598,0.0496,-0.0422,,,,,,,,,,,,,,,,,38.3617,,9.9343,,,,,,,,,,,,,,,,,,,,,
2026-08-26 19:40:10,42.4612789,-82.8261576,,10.9438,237.0326,224.3401,6.7139,0.0,11.667,-0.2223,249.1123,0.047,-0.0402,,,,,,,,,,,,,,,,,38.3846,,10.2565,,,,,,,,,,,,,,,,,920.5782,,15647.3102,,
2026-08-26 19:40:11,42.4612549,-82.8262112,17.9035,11.216,237.6285,224.7755,6.6933,0.0,10.9956,0.301,249.755,0.0443,-0.0381,,,,,,,,,,,,,,,,,38.3617,,10.7615,,,,,,,,,,,,,,,,,,,,,
2026-08-26 19:40:12,42.4612324,-82.8262667,,11.1965,238.8833,226.9757,92.936,0.0,11.1485,-0.0969,250.3261,0.0415,-0.0359,,,7.2658,17.4419,10.0,0.0023,48.092,17.2547,70.8389,0.0,0.0,,,,,,38.3846,,10.8395,,,,,,,,,,,,,,,,,896.94,,15626.969,,
2026-08-26 19:40:13,42.4612104,-82.8263267,17.7723,11.838,238.0181,227.5601,-23.3389,0.0,11.1959,-0.0429,,,,,,,,,,,,,,,,,,,,38.3846,,,,,,,,,,,,,,,,,,,,,,,
2026-08-26 19:40:14,42.4611851,-82.8263943,,11.5464,239.0609,230.0983,152.9075,0.0,10.8757,0.7466,251.4078,0.037,-0.0323,,,,,,,,,,,,,,,,,38.4419,,11.2374,,,,,,,,,,,,,,,,,895.9783,,15602.0346,,
2026-08-26 19:40:15,42.4611611,-82.8264579,16.2631,11.7019,240.4074,,,0.0,,,251.9622,0.0339,-0.0298,,,,,,,,,,,,,,,,,38.6195,,11.9353,,,,,,,,,,,,,,,,,886.5388,,15588.5832,,
2026-08-26 19:40:16,42.4611351,-82.8265244,16.7881,12.0129,242.6075,230.8203,62.9142,0.0,10.5783,0.3961,253.4666,0.0291,-0.026,,,7.2659,17.4419,10.0,0.0026,48.092,17.2547,70.5204,0.0,0.0,,,,,,38.6195,,11.7791,,,,,,,,,,,,,,,,,885.5854,,15575.1317,,
2026-08-26 19:40:17,42.4611085,-82.8265912,,12.46,243.6217,231.9261,74.1591,0.0,9.6541,0.1927,254.9937,0.0259,-0.0233,,,,,,,,,,,,,,,,,38.5966,,12.3578,,,,,,,,,,,,,,,,,,,,,
2026-08-26 19:40:18,42.461082,-82.82666,16.9849,12.4406,242.3153,232.4245,21.6681,0.0,9.113,1.5383,256.8972,0.0225,-0.0206,,,,,,,,,,,,,,,,,38.5966,,11.6428,,,,,,,,,,,,,,,,,891.9656,,15548.885,,
2026-08-26 19:40:19,42.4610545,-82.8267275,,12.4989,240.4933,231.0953,-38.324,0.0,7.4388,0.4413,,,,,,,,,,,,,,,,,,,,38.3388,,,,,,,,,,,,,,,,,,,878.8426,,15536.4178,,
2026-08-26 19:40:20,42.461028,-82.8267969,17.2474,12.4795,242.0632,232.6251,66.6717,0.0,7.7694,0.5872,261.3987,0.0176,-0.0167,,,7.2659,17.4419,10.0,0.005,48.092,17.2547,70.3766,0.0,0.0,,,,,,38.2987,,11.6761,,,,,,,,,,,,,,,,,890.6466,,15522.6383,,
2026-08-26 19:40:21,42.4610015,-82.8268653,,12.4017,241.9085,231.8,,0.0,,,265.6896,0.0144,-0.0139,,,,,,,,,,,,,,,,,38.2987,,11.4334,,,,,,,,,,,,,,,,,891.6152,,15510.4992,,
2026-08-26 19:40:22,42.460973,-82.8269431,17.1161,12.4795,240.3844,234.4585,-147.0737,0.0,8.5925,-0.6605,272.6773,0.0113,-0.0112,,,,,,,,,,,,,,,,,38.5164,,10.656,,,,,,,,,,,,,,,,,875.9509,,15496.0635,,
2026-08-26 19:40:23,42.4609484,-82.8270147,,12.46,246.2401,237.0884,167.9305,0.0,9.5145,0.0054,283.7762,0.0084,-0.0084,,,,,,,,,,,,,,,,,38.6425,,9.0685,,,,,,,,,,,,,,,,,,,,,
2026-08-26 19:40:24,42.4609261,-82.8270876,17.3458,12.7127,249.6033,239.1453,70.4188,0.0,9.6701,0.8935,304.8114,0.006,-0.0055,,,7.266,17.4419,10.0,0.0044,48.092,17.2547,70.3546,0.0,0.0,,,,,,38.6425,,6.4937,,,,,,,,,,,,,,,,,909.3747,,15464.2393,,
2026-08-26 19:40:25,42.4609031,-82.8271602,,13.2376,249.0476,,96.6729,0.0,10.3523,0.5279,340.7576,0.0051,-0.0025,,,,,,,,,,,,,,,,,,,-0.0322,,,,,,,,,,,,,,,,,868.9525,,15448.4913,,
2026-08-26 19:40:26,42.4608809,-82.8272381,17.6739,15.3369,242.0689,243.0644,306.6504,0.0,9.5544,0.7073,14.3463,0.0063,0.0004,,,,,,,,,,,,,,,,,38.6425,,-6.8312,,,,,,,,,,,,,,,,,1068.2773,,15429.7905,,
2026-08-26 19:40:27,42.4608705,-82.8273183,,13.4319,260.2088,249.5331,167.9064,0.0,6.2385,0.1758,34.9374,0.0087,0.0036,,,,,,,,,,,,,,,,,38.6826,,-15.3783,,,,,,,,,,,,,,,,,,,,,
2026-08-26 19:40:28,42.4608603,-82.8274015,17.1818,13.5874,267.3937,254.9532,242.9077,0.0,5.7838,0.5524,47.8825,0.0117,0.0071,,,7.2661,17.4419,10.0,0.0032,48.092,17.2547,67.7203,0.0,0.0,,,,,,38.6195,,-11.3146,,,,,,,,,,,,,,,,,963.9879,,15389.4362,,
2026-08-26 19:40:29,42.4608602,-82.8274724,,10.8855,267.1129,264.0289,235.4031,0.0,6.2837,-0.0215,56.4959,0.0148,0.0107,,,,,,,,,,,,,,,,,38.3846,,-11.7324,,,,,,,,,,,,,,,,,1042.009,,15372.7039,,
2026-08-26 19:40:30,42.4608532,-82.8275473,17.6083,14.3455,261.4922,272.1133,377.8978,0.0,4.4613,1.4282,61.4744,0.0174,0.0135,,,,,,,,,,,,,,,,,39.1066,,-9.3857,,,,,,,,,,,,,,,,,856.1565,,15353.0189,,
2026-08-26 19:40:31,42.4608568,-82.8276691,,18.8358,275.3807,279.4701,,0.0,,,65.7444,0.0211,0.0173,,,,,,,,,,,,,,,,,39.2326,,-13.2731,,,,,,,,,,,,,,,,,702.689,,15319.5543,,
2026-08-26 19:40:32,42.4608671,-82.8277847,17.2802,18.6025,277.5006,287.4972,471.6245,0.0,0.7677,1.9089,73.5446,0.028,0.025,,,7.2662,17.4419,10.0,0.0046,48.092,17.2547,66.6367,0.0,0.0,,,,,,39.2326,,-17.195,,,,,,,,,,,,,,,,,721.5198,,15288.3863,,
2026-08-26 19:40:33,42.4608795,-82.8279117,,18.6025,277.5006,295.6733,516.5833,0.0,0.9454,2.5604,77.5181,0.0333,0.0307,,,,,,,,,,,,,,,,,39.2326,,-17.4826,,,,,,,,,,,,,,,,,,,,,
2026-08-26 19:40:34,42.4608907,-82.8280272,16.624,18.6025,277.5006,299.7986,254.0495,0.0,-0.8446,1.2387,,,,,,,,,,,,,,,,,,,,39.2097,,,,,,,,,,,,,,,,,,,718.5364,,15226.0504,,
2026-08-26 19:40:35,42.460902,-82.8281426,,18.6025,277.5006,,29.0215,0.0,-0.65,0.1997,81.2552,0.0406,0.0384,,,,,,,,,,,,,,,,,39.2326,,-17.8598,,,,,,,,,,,,,,,,,717.0181,,15194.8824,,
2026-08-26 19:40:36,42.4609132,-82.828258,16.6896,18.6025,277.5006,301.7983,171.4817,0.0,1.0558,-0.3541,83.074,0.0456,0.0435,,,7.2662,17.4419,10.0,0.0033,48.092,17.2547,68.3262,0.0,0.0,,,,,,38.8888,,-18.016,,,,,,,,,,,,,,,,,715.5034,,15163.3863,,
2026-08-26 19:40:37,42.4609245,-82.8283735,,18.6025,277.5006,305.0641,-42.2362,0.0,1.5712,-0.8954,84.5279,0.0506,0.0487,,,,,,,,,,,,,,,,,38.8716,,-18.1278,,,,,,,,,,,,,,,,,,,,,
2026-08-26 19:40:38,42.4609357,-82.8284889,15.771,18.6025,277.5006,306.2444,,0.0,,,85.6108,0.0552,0.0533,,,,,,,,,,,,,,,,,38.8716,,-18.2034,,,,,,,,,,,,,,,,,712.465,,15101.0504,,
2026-08-26 19:40:39,42.4609481,-82.8286159,,18.6025,277.5006,306.4335,14.0157,0.0,1.482,-0.0066,86.7172,0.0607,0.059,,,,,,,,,,,,,,,,,38.8716,,-18.2741,,,,,,,,,,,,,,,,,710.94,,15070.2105,,
2026-08-26 19:40:40,42.4609594,-82.8287313,16.0007,18.6025,277.5006,302.9786,-293.4564,0.0,1.3466,-0.7987,87.5622,0.0658,0.0641,,,7.2663,17.4419,10.0,0.0053,48.092,17.2547,70.0962,0.0,0.0,,,,,,38.8716,,-18.3234,,,,,,,,,,,,,,,,,709.3796,,15038.7144,,
2026-08-26 19:40:41,42.4609706,-82.8288468,,18.6025,277.5006,297.8907,-300.9335,0.0,4.6951,-0.9223,88.281,0.0709,0.0693,,,,,,,,,,,,,,,,,40.7452,,-18.3622,,,,,,,,,,,,,,,,,707.8323,,15007.2183,,
2026-08-26 19:40:42,42.4609819,-82.8289622,16.0663,18.6025,277.5006,296.4297,-87.1881,0.0,5.8209,-1.4898,89.1889,0.0785,0.077,,,,,,,,,,,,,,,,,40.9056,,-18.4072,,,,,,,,,,,,,,,,,706.2927,,14976.0503,,
2026-08-26 19:40:43,42.4609931,-82.8290776,,18.6025,277.5006,298.5267,66.5238,0.0,5.3786,-0.6408,,,,,,,,,,,,,,,,,,,,42.5959,,,,,,,,,,,,,,,,,,,,,,,
2026-08-26 19:40:44,42.4610044,-82.8291931,15.8038,18.6025,277.5006,298.309,-109.726,0.0,1.386,-0.1118,89.9355,0.0862,0.0847,,,7.2664,17.4419,10.0,0.006,48.092,17.2547,68.5488,0.0,0.0,,,,,,42.6589,,-18.4406,,,,,,,,,,,,,,,,,703.2534,,14913.7144,,
2026-08-26 19:40:45,42.4610157,-82.8293085,,18.6025,277.5006,296.9797,-12.2349,0.0,5.9584,-0.6739,90.361,0.0913,0.0899,,,,,,,,,,,,,,,,,42.636,,-18.4583,,,,,,,,,,,,,,,,,701.7125,,14882.2183,,
2026-08-26 19:40:46,,,16.0663,,,,,,,,90.745,0.0964,0.095,,,,,,,,,,,,,,,,,,,-18.4734,,,,,,,,,,,,,,,,,,,,,
2026-08-26 19:40:47,42.46102808152513,-82.82943553681882,,18.6025,277.5006,298.435,25.2503,0.0,5.3973,-0.2256,91.0902,0.1015,0.1002,,,,,,,,,,,,,,,,,42.6589,,-18.4862,,,,,,,,,,,,,,,,,698.6717,,14819.8824,,
2026-08-26 19:40:48,42.46103933573619,-82.82955097257269,16.1319,18.6025,277.5006,297.9308,-72.2511,0.0,2.7462,0.4036,91.399,0.1067,0.1053,,,7.2665,17.4419,10.0,0.0062,48.092,17.2547,67.748,0.0,0.0,,,,,,42.4584,,-18.4972,,,,,,,,,,,,,,,,,697.1334,,14788.3863,,
2026-08-26 19:40:49,42.46105058994726,-82.82966640832657,,18.6025,277.5006,298.0397,21.4894,0.0,3.668,-0.6,91.6825,0.1118,0.1105,,,,,,,,,,,,,,,,,42.2406,,-18.5067,,,,,,,,,,,,,,,,,695.6121,,14757.5464,,
2026-08-26 19:40:50,42.46106184415833,-82.82978184408046,16.2631,18.6025,277.5006,298.8418,100.2206,0.0,4.4089,0.3042,91.9383,0.1169,0.1156,,,,,,,,,,,,,,,,,42.2406,,-18.515,,,,,,,,,,,,,,,,,,,,,
2026-08-26 19:40:51,42.4610730983694,-82.82989727983433,,18.6025,277.5006,300.6352,-16.0165,0.0,2.565,0.6997,92.1753,0.1221,0.1208,,,,,,,,,,,,,,,,,42.2406,,-18.5223,,,,,,,,,,,,,,,,,692.5738,,14694.8824,,
2026-08-26 19:40:52,42.461084352580464,-82.8300127155882,16.0007,18.6025,277.5006,297.0656,-304.7391,0.0,4.4561,-0.0521,92.3905,0.1272,0.1259,,,7.2665,17.4419,10.0,0.0066,48.092,17.2547,68.3554,0.0,0.0,,,,,,41.9943,,-18.5286,,,,,,,,,,,,,,,,,691.0246,,14663.7144,,
2026-08-26 19:40:53,42.4610967,-82.8301396,15.8038,18.6025,277.5006,294.1894,,0.0,,,92.5916,0.1323,0.1311,,,,,,,,,,,,,,,,,41.8166,,-18.5343,,,,,,,,,,,,,,,,,,,,,
2026-08-26 19:40:54,42.4611079,-82.8302551,,18.6025,277.5006,296.0343,130.2459,0.0,6.9099,-0.4856,92.7751,0.1375,0.1362,,,,,,,,,,,,,,,,,41.8396,,-18.5393,,,,,,,,,,,,,,,,,687.9653,,14601.3784,,
2026-08-26 19:40:55,42.4611192,-82.8303705,16.3615,18.6025,277.5006,296.3666,85.2355,0.0,4.2599,0.7776,92.9478,0.1426,0.1414,,,,,,,,,,,,,,,,,41.8396,,-18.5438,,,,,,,,,,,,,,,,,686.4448,,14570.2104,,
2026-08-26 19:40:56,42.4611304,-82.830486,,18.6025,277.5006,,-23.497,0.0,5.2172,-0.1509,93.1061,0.1478,0.1466,,,7.2666,17.4419,10.0,0.0058,48.092,17.2547,67.9631,0.0,0.0,,,,,,41.8625,,-18.5479,,,,,,,,,,,,,,,,,,,,,
2026-08-26 19:40:57,42.4611417,-82.8306014,16.2959,18.6025,277.5006,295.5072,-4.775,0.0,7.0404,-0.5096,93.2561,0.1529,0.1517,,,,,,,,,,,,,,,,,41.8396,,-18.5515,,,,,,,,,,,,,,,,,683.3834,,14507.5464,,
2026-08-26 19:40:58,42.461153,-82.8307168,,18.6025,277.5006,296.126,32.7239,0.0,6.1839,0.9292,93.3964,0.158,0.1568,,,,,,,,,,,,,,,,,41.8625,,-18.5548,,,,,,,,,,,,,,,,,,,,,
2026-08-26 19:40:59,42.4611642,-82.8308323,16.3615,18.6025,277.5006,296.4698,-31.0085,0.0,6.3133,-0.1777,93.5256,0.1632,0.162,,,,,,,,,,,,,,,,,41.8396,,-18.5578,,,,,,,,,,,,,,,,,680.3391,,14445.2104,,
2026-08-26 19:41:00,42.4611766,-82.8309592,16.4272,18.6025,277.5006,296.55,28.9458,0.0,6.5529,0.0943,93.649,0.1683,0.1672,,,7.2667,17.4419,10.0,0.0036,48.092,17.2547,66.8956,0.0,0.0,,,,,,41.8625,,-18.5605,,,,,,,,,,,,,,,,,,,,,
2026-08-26 19:41:01,42.4611878,-82.8310747,,18.6025,277.5006,297.5469,,0.0,,,93.7631,0.1735,0.1723,,,,,,,,,,,,,,,,,41.8625,,-18.563,,,,,,,,,,,,,,,,,677.2825,,14382.5464,,
2026-08-26 19:41:02,42.4611991,-82.8311901,16.6896,18.6025,277.5006,297.7876,-27.2785,0.0,6.2643,0.8247,93.8725,0.1786,0.1775,,,,,,,,,,,,,,,,,41.8396,,-18.5653,,,,,,,,,,,,,,,,,,,,,
2026-08-26 19:41:03,42.4612013,-82.8312131,15.771,0.0,277.5006,298.4235,73.97,0.0,3.2237,1.2591,93.9025,0.1802,0.179,,,,,,,,,,,,,,,,,41.8625,,0.0,,,,,,,,,,,,,,,,,1051.4845,,14363.8456,,
2026-08-26 19:41:04,42.4612013,-82.8312131,,0.0,277.5006,300.4747,152.6978,0.0,2.843,2.031,93.9025,0.1802,0.179,,,7.2668,17.4419,10.0,0.0057,48.092,17.2547,67.2038,0.0,0.0,,,,,,41.8625,,0.0,,,,,,,,,,,,,,,,,1051.5151,,14364.1737,,
2026-08-26 19:41:05,42.4612013,-82.8312131,16.0007,0.0,277.5006,297.5698,-252.2894,0.0,2.3722,-0.2349,93.9025,0.1802,0.179,,,,,,,,,,,,,,,,,41.8396,,0.0,,,,,,,,,,,,,,,,,,,,,
2026-08-26 19:41:06,42.4612013,-82.8312131,,0.0,277.5006,,-166.0329,0.0,8.9234,-1.0138,93.9025,0.1802,0.179,,,,,,,,,,,,,,,,,41.8396,,0.0,,,,,,,,,,,,,,,,,1051.4451,,14363.8456,,
2026-08-26 19:41:07,42.4612013,-82.8312131,16.5584,0.0,277.5006,293.1753,,0.0,,,93.9025,0.1802,0.179,,,,,,,,,,,,,,,,,41.9312,,0.0,,,,,,,,,,,,,,,,,,,,,
2026-08-26 19:41:08,42.4612013,-82.8312131,16.4272,0.0,277.5006,294.5503,137.6439,0.0,7.9961,1.1245,93.9025,0.1802,0.179,,,7.2668,17.4419,10.0,0.0039,48.092,17.2547,66.6981,0.0,0.0,,,,,,,,0.0,,,,,,,,,,,,,,,,,1051.4766,,14364.1737,,
2026-08-26 19:41:09,42.4612013,-82.8312131,,0.0,277.5006,297.0083,156.3831,0.0,2.6524,1.6414,93.9025,0.1802,0.179,,,,,,,,,,,,,,,,,41.9312,,0.0,,,,,,,,,,,,,,,,,,,,,
2026-08-26 19:41:10,42.4612013,-82.8312131,16.7552,0.0,277.5006,296.5843,-49.868,0.0,2.8455,1.9652,93.9025,0.1802,0.179,,,,,,,,,,,,,,,,,41.9312,,0.0,,,,,,,,,,,,,,,,,1051.4796,,14363.8456,,
2026-08-26 19:41:11,42.4612013,-82.8312131,,0.0,277.5006,296.1661,-68.6071,0.0,5.3207,0.4758,93.9025,0.1802,0.179,,,,,,,,,,,,,,,,,41.9312,,0.0,,,,,,,,,,,,,,,,,,,,,
2026-08-26 19:41:12,42.4612013,-82.8312131,16.3615,0.0,277.5006,295.7192,-98.6083,0.0,5.7802,-0.9497,93.9025,0.1802,0.179,,,7.2669,17.4419,10.0,0.0066,48.092,17.2547,67.0011,0.0,0.0,,,,,,41.9312,,0.0,,,,,,,,,,,,,,,,,1051.4761,,14364.1737,,
2026-08-26 19:41:13,42.4612013,-82.8312131,16.1975,0.0,277.5006,293.9258,,0.0,,,93.9025,0.1802,0.179,,,,,,,,,,,,,,,,,41.9083,,0.0,,,,,,,,,,,,,,,,,1051.4465,,14363.8456,,
2026-08-26 19:41:14,42.4612013,-82.8312131,,0.0,277.5006,291.4105,-143.6016,0.0,6.0418,-0.3732,93.9025,0.1802,0.179,,,,,,,,,,,,,,,,,41.5817,,0.0,,,,,,,,,,,,,,,,,,,,,
2026-08-26 19:41:15,42.4612013,-82.8312131,16.624,0.0,277.5006,290.786,-109.8841,0.0,6.5466,-0.621,93.9025,0.1802,0.179,,,,,,,,,,,,,,,,,41.5817,,0.0,,,,,,,,,,,,,,,,,1051.4369,,14364.1737,,
2026-08-26 19:41:16,42.4612013,-82.8312131,,0.0,277.5006,292.6539,145.1039,0.0,6.3316,1.3325,93.9025,0.1802,0.179,,,7.267,17.4419,10.0,0.0027,48.092,17.2547,66.3946,0.0,0.0,,,,,,41.6161,,0.0,,,,,,,,,,,,,,,,,1051.4423,,14363.8456,,
2026-08-26 19:41:17,42.4612013,-82.8312131,16.4272,0.0,277.5006,,40.1288,0.0,4.0085,0.928,93.9025,0.1802,0.179,,,,,,,,,,,,,,,,,41.7021,,0.0,,,,,,,,,,,,,,,,,1051.4479,,14363.8456,,
2026-08-26 19:41:18,42.4612013,-82.8312131,,0.0,277.5006,296.0114,403.8287,0.0,5.0898,1.8362,93.9025,0.1802,0.179,,,,,,,,,,,,,,,,,41.6791,,0.0,,,,,,,,,,,,,,,,,1051.5142,,14364.1737,,
2026-08-26 19:41:19,42.4612013,-82.8312131,15.8038,0.0,277.5006,300.6524,70.106,0.0,2.2467,0.9218,93.9025,0.1802,0.179,,,,,,,,,,,,,,,,,41.6791,,0.0,,,,,,,,,,,,,,,,,,,,,
2026-08-26 19:41:20,42.4612013,-82.8312131,,0.0,277.5006,303.3567,272.5308,0.0,1.8379,1.6769,93.9025,0.1802,0.179,,,7.2671,17.4419,10.0,0.0055,48.092,17.2547,66.0383,0.0,0.0,,,,,,41.6619,,0.0,,,,,,,,,,,,,,,,,1051.5547,,14364.1737,,
2026-08-26 19:41:21,42.4612013,-82.8312131,16.4928,0.0,277.5006,306.5767,-98.6771,0.0,0.8574,0.1054,93.9025,0.1802,0.179,,,,,,,,,,,,,,,,,41.6619,,0.0,,,,,,,,,,,,,,,,,,,,,
2026-08-26 19:41:22,42.4612013,-82.8312131,,0.0,277.5006,304.1359,-226.1453,0.0,5.1153,-0.2177,93.9025,0.1802,0.179,,,,,,,,,,,,,,,,,41.1979,,0.0,,,,,,,,,,,,,,,,,1051.5481,,14364.1737,,
2026-08-26 19:41:23,42.4612013,-82.8312131,15.5085,0.0,277.5006,301.2769,,0.0,,,93.9025,0.1802,0.179,,,,,,,,,,,,,,,,,41.1979,,0.0,,,,,,,,,,,,,,,,,,,,,
2026-08-26 19:41:24,42.4612013,-82.8312131,,0.0,277.5006,301.9759,-34.9206,0.0,6.8007,-0.6439,93.9025,0.1802,0.179,,,7.2672,17.4419,10.0,0.0041,48.092,17.2547,66.695,0.0,0.0,,,,,,41.1979,,0.0,,,,,,,,,,,,,,,,,1051.5195,,14364.1737,,
2026-08-26 19:41:25,42.4612013,-82.8312131,16.1975,0.0,277.5006,304.5026,137.5374,0.0,3.7998,0.2312,,,,,,,,,,,,,,,,,,,,41.1979,,,,,,,,,,,,,,,,,,,,,,,
2026-08-26 19:41:26,42.4612013,-82.8312131,,0.0,277.5006,301.4029,-188.6979,0.0,2.9044,1.0524,93.9025,0.1802,0.179,,,,,,,,,,,,,,,,,41.2093,,0.0,,,,,,,,,,,,,,,,,1051.5206,,14364.1737,,
2026-08-26 19:41:27,42.4612013,-82.8312131,16.3615,0.0,277.5006,,-117.4472,0.0,5.839,-0.0185,93.9025,0.1802,0.179,,,,,,,,,,,,,,,,,41.2093,,0.0,,,,,,,,,,,,,,,,,1051.5175,,14364.1737,,
2026-08-26 19:41:28,42.4612013,-82.8312131,,0.0,277.5006,302.354,163.7949,0.0,8.2055,0.6771,93.9025,0.1802,0.179,,,7.2672,17.4419,10.0,0.0065,48.092,17.2547,65.8889,0.0,0.0,,,,,,41.8739,,0.0,,,,,,,,,,,,,,,,,1051.5509,,14364.1737,,
2026-08-26 19:41:29,42.4612013,-82.8312131,15.8694,0.0,277.5006,304.9667,216.2618,0.0,3.0103,1.9703,93.9025,0.1802,0.179,,,,,,,,,,,,,,,,,41.8625,,0.0,,,,,,,,,,,,,,,,,1051.5811,,14364.5018,,
2026-08-26 19:41:30,42.4612013,-82.8312131,15.8694,0.0,277.5006,307.8888,302.4805,0.0,2.9915,0.7796,93.9025,0.1802,0.179,,,,,,,,,,,,,,,,,41.8625,,0.0,,,,,,,,,,,,,,,,,1051.6146,,14364.5018,,
2026-08-26 19:41:31,42.4612013,-82.8312131,,0.0,277.5006,312.1459,306.2001,0.0,2.331,0.4989,93.9025,0.1802,0.179,,,,,,,,,,,,,,,,,41.8625,,0.0,,,,,,,,,,,,,,,,,,,,,
2026-08-26 19:41:32,42.4612013,-82.8312131,16.1319,0.0,277.5006,317.2567,,0.0,,,93.9025,0.1802,0.179,,,7.2673,17.4419,10.0,0.0052,48.092,17.2547,65.0311,0.0,0.0,,,,,,41.5588,,0.0,,,,,,,,,,,,,,,,,1051.735,,14365.486,,
2026-08-26 19:41:33,42.4612013,-82.8312131,,0.0,277.5006,320.4251,234.9425,0.0,0.8673,1.3353,93.9025,0.1802,0.179,,,,,,,,,,,,,,,,,,,0.0,,,,,,,,,,,,,,,,,,,,,
2026-08-26 19:41:34,42.4612013,-82.8312131,15.5741,0.0,277.5006,321.6513,13.6822,0.0,0.6662,0.3823,93.9025,0.1802,0.179,,,,,,,,,,,,,,,,,41.3927,,0.0,,,,,,,,,,,,,,,,,1051.7684,,14365.8141,,
2026-08-26 19:41:35,42.4612013,-82.8312131,,0.0,277.5006,320.9809,-102.5445,0.0,1.2462,0.424,93.9025,0.1802,0.179,,,,,,,,,,,,,,,,,41.3927,,0.0,,,,,,,,,,,,,,,,,1051.7668,,14365.8141,,
2026-08-26 19:41:36,42.4612013,-82.8312131,15.3773,0.0,277.5006,318.0416,-282.5243,0.0,3.5426,-1.5177,93.9025,0.1802,0.179,,,7.2674,17.4419,10.0,0.0058,48.092,17.2547,67.649,0.0,0.0,,,,,,41.2551,,0.0,,,,,,,,,,,,,,,,,1051.737,,14365.486,,
2026-08-26 19:41:37,42.4612013,-82.8312131,15.3773,0.0,277.5006,,156.1803,0.0,6.1615,-0.1832,93.9025,0.1802,0.179,,,,,,,,,,,,,,,,,41.2322,,0.0,,,,,,,,,,,,,,,,,1051.7366,,14365.486,,
2026-08-26 19:41:38,42.4612013,-82.8312131,,0.0,277.5006,319.5428,,0.0,,,93.9025,0.1802,0.179,,,,,,,,,,,,,,,,,41.2093,,0.0,,,,,,,,,,,,,,,,,1051.7947,,14365.8141,,
2026-08-26 19:41:39,42.4612013,-82.8312131,15.7054,0.0,277.5006,322.5565,47.3928,0.0,2.6338,1.4574,93.9025,0.1802,0.179,,,,,,,,,,,,,,,,,41.2093,,0.0,,,,,,,,,,,,,,,,,1051.7967,,14365.8141,,
2026-08-26 19:41:40,42.4612013,-82.8312131,,0.0,277.5006,324.8713,208.6093,0.0,1.2817,1.1366,93.9025,0.1802,0.179,,,7.2675,17.4419,10.0,0.0067,48.092,17.2547,65.6496,0.0,0.0,,,,,,41.1749,,0.0,,,,,,,,,,,,,,,,,1051.879,,14366.7984,,
2026-08-26 19:41:41,42.4612013,-82.8312131,16.3615,0.0,277.5006,328.3892,111.108,0.0,1.6336,1.3063,93.9025,0.1802,0.179,,,,,,,,,,,,,,,,,41.1749,,0.0,,,,,,,,,,,,,,,,,1051.8817,,14366.7984,,
2026-08-26 19:41:42,42.4612013,-82.8312131,,0.0,277.5006,328.2002,-65.135,0.0,1.6197,0.8989,93.9025,0.1802,0.179,,,,,,,,,,,,,,,,,40.8197,,0.0,,,,,,,,,,,,,,,,,1051.8814,,14366.7984,,
2026-08-26 19:41:43,42.4612013,-82.8312131,16.5584,0.0,277.5006,327.6501,-140.1191,0.0,4.4917,0.8304,93.9025,0.1802,0.179,,,,,,,,,,,,,,,,,40.8197,,0.0,,,,,,,,,,,,,,,,,,,,,
2026-08-26 19:41:44,42.4612013,-82.8312131,,0.0,277.5006,325.6963,-158.8617,0.0,6.1001,0.9662,93.9025,0.1802,0.179,,,7.2675,17.2714,10.0,0.01,48.092,17.431,65.9506,0.0,0.0,,,,,,40.8197,,0.0,,,,,,,,,,,,,,,,,1051.8513,,14366.4703,,
2026-08-26 19:41:45,42.4612013,-82.8312131,16.4928,0.0,277.5006,323.8571,,0.0,,,93.9025,0.1802,0.179,,,,,,,,,,,,,,,,,40.8197,,0.0,,,,,,,,,,,,,,,,,,,,,
2026-08-26 19:41:46,42.4612013,-82.8312131,,0.0,277.5006,322.1096,-102.6064,0.0,5.9537,1.3384,93.9025,0.1802,0.179,,,,,,,,,,,,,,,,,40.7968,,0.0,,,,,,,,,,,,,,,,,1051.794,,14365.8141,,
2026-08-26 19:41:47,42.4612013,-82.8312131,16.1975,0.0,277.5006,,-200.0906,0.0,5.9484,0.6782,93.9025,0.1802,0.179,,,,,,,,,,,,,,,,,40.8197,,0.0,,,,,,,,,,,,,,,,,1051.7376,,14365.486,,
2026-08-26 19:41:48,42.4612013,-82.8312131,,0.0,277.5006,318.4713,-162.5814,0.0,7.9128,0.5531,,,,,,7.2676,17.2714,10.0,0.0081,48.092,17.431,65.9014,0.0,0.0,,,,,,40.8197,,,,,,,,,,,,,,,,,,,1051.7382,,14365.486,,
2026-08-26 19:41:49,42.4612013,-82.8312131,16.3615,0.0,277.5006,320.6257,343.5925,0.0,6.4398,0.286,93.9025,0.1802,0.179,,,,,,,,,,,,,,,,,40.8197,,0.0,,,,,,,,,,,,,,,,,1051.7961,,14365.8141,,
2026-08-26 19:41:50,42.4612013,-82.8312131,,0.0,277.5006,323.7483,99.8287,0.0,3.9328,0.1648,93.9025,0.1802,0.179,,,,,,,,,,,,,,,,,40.8197,,0.0,,,,,,,,,,,,,,,,,,,,,
2026-08-26 19:41:51,42.4612013,-82.8312131,16.6896,0.0,277.5006,324.8025,-158.903,0.0,4.1859,1.0381,93.9025,0.1802,0.179,,,,,,,,,,,,,,,,,40.7968,,0.0,,,,,,,,,,,,,,,,,1051.7964,,14365.8141,,
2026-08-26 19:41:52,42.4612013,-82.8312131,,0.0,277.5006,321.3361,-106.3604,0.0,6.5423,0.85,93.9025,0.1802,0.179,,,7.2677,17.2714,10.0,0.0127,48.092,17.431,64.7058,0.0,0.0,,,,,,40.8197,,0.0,,,,,,,,,,,,,,,,,,,,,
2026-08-26 19:41:53,42.4612013,-82.8312131,15.2789,0.0,277.5006,321.7716,,0.0,,,93.9025,0.1802,0.179,,,,,,,,,,,,,,,,,40.8197,,0.0,,,,,,,,,,,,,,,,,1051.7945,,14365.8141,,
2026-08-26 19:41:54,42.4612013,-82.8312131,,0.0,277.5006,324.8197,242.3199,0.0,4.1523,0.7045,93.9025,0.1802,0.179,,,,,,,,,,,,,,,,,40.8197,,0.0,,,,,,,,,,,,,,,,,1051.8248,,14366.1422,,
2026-08-26 19:41:55,42.4612013,-82.8312131,15.6398,0.0,277.5006,326.1318,96.0506,0.0,3.3445,1.3797,93.9025,0.1802,0.179,,,,,,,,,,,,,,,,,40.8197,,0.0,,,,,,,,,,,,,,,,,1051.8523,,14366.4703,,
2026-08-26 19:41:56,42.4612013,-82.8312131,,0.0,277.5006,326.1662,54.8011,0.0,2.3844,1.3388,93.9025,0.1802,0.179,,,7.2678,17.2714,10.0,0.0082,48.092,17.431,64.5038,0.0,0.0,,,,,,40.8197,,0.0,,,,,,,,,,,,,,,,,1051.8524,,14366.4703,,
2026-08-26 19:41:57,42.4612013,-82.8312131,15.8694,0.0,277.5006,,-76.4452,0.0,4.5532,0.6041,93.9025,0.1802,0.179,,,,,,,,,,,,,,,,,40.8197,,0.0,,,,,,,,,,,,,,,,,,,,,
2026-08-26 19:41:58,42.4612013,-82.8312131,,0.0,277.5006,325.2723,-42.6899,0.0,5.531,0.4405,93.9025,0.1802,0.179,,,,,,,,,,,,,,,,,,,0.0,,,,,,,,,,,,,,,,,1051.8242,,14366.1422,,
2026-08-26 19:41:59,42.4612013,-82.8312131,16.1319,0.0,277.5006,324.4072,-20.2002,0.0,6.727,0.1934,,,,,,,,,,,,,,,,,,,,40.8197,,,,,,,,,,,,,,,,,,,1051.8239,,14366.1422,,
2026-08-26 19:42:00,42.4612013,-82.8312131,,0.0,277.5006,323.8686,-106.443,0.0,5.426,2.1406,93.9025,0.1802,0.179,,,7.2678,17.2714,10.0,0.0045,48.092,17.431,65.1532,0.0,0.0,,,,,,40.8827,,0.0,,,,,,,,,,,,,,,,,1051.7965,,14365.8141,,
2026-08-26 19:42:01,42.4612013,-82.8312131,15.935,0.0,277.5006,322.3904,-61.4222,0.0,5.3095,1.124,93.9025,0.1802,0.179,,,,,,,,,,,,,,,,,40.8827,,0.0,,,,,,,,,,,,,,,,,1051.7936,,14365.8141,,
2026-08-26 19:42:02,42.4612013,-82.8312131,,0.0,277.5006,321.1069,-65.1762,0.0,6.5695,0.7542,93.9025,0.1802,0.179,,,,,,,,,,,,,,,,,40.8827,,0.0,,,,,,,,,,,,,,,,,,,,,
2026-08-26 19:42:03,42.4612013,-82.8312131,16.3615,0.0,277.5006,320.8548,21.0356,0.0,7.53,1.3849,93.9025,0.1802,0.179,,,,,,,,,,,,,,,,,40.8827,,0.0,,,,,,,,,,,,,,,,,1051.7668,,14365.8141,,
2026-08-26 19:42:04,42.4612013,-82.8312131,,0.0,277.5006,320.1043,,0.0,,,93.9025,0.1802,0.179,,,7.2679,17.2714,10.0,0.0091,48.092,17.431,64.494,0.0,0.0,,,,,,40.9056,,0.0,,,,,,,,,,,,,,,,,,,,,
2026-08-26 19:42:05,,,16.2631,,,320.5741,21.0287,,7.1691,1.0389,93.9025,0.1802,0.179,,,,,,,,,,,,,,,,,41.0489,,0.0,,,,,,,,,,,,,,,,,1051.7658,,14365.8141,,
2026-08-26 19:42:06,42.46120132505894,-82.83121319487691,,0.0,277.5006,320.2933,13.5172,0.0,6.5637,2.1521,93.9025,0.1802,0.179,,,,,,,,,,,,,,,,,41.089,,0.0,,,,,,,,,,,,,,,,,1051.7651,,14365.8141,,
2026-08-26 19:42:07,42.46120132505894,-82.83121319487691,15.8694,0.0,277.5006,,21.0287,0.0,6.4576,0.6676,93.9025,0.1802,0.179,,,,,,,,,,,,,,,,,41.3697,,0.0,,,,,,,,,,,,,,,,,1051.7653,,14365.8141,,
2026-08-26 19:42:08,42.46120132505894,-82.83121319487691,15.6398,0.0,277.5006,320.9408,133.4911,0.0,5.5813,0.7077,93.9025,0.1802,0.179,,,7.268,17.2714,10.0,0.0058,48.092,17.431,63.933,0.0,0.0,,,,,,41.3697,,0.0,,,,,,,,,,,,,,,,,1051.7935,,14365.8141,,
2026-08-26 19:42:09,42.46120132505894,-82.83121319487691,,0.0,277.5006,322.906,159.7177,0.0,5.9912,1.5302,93.9025,0.1802,0.179,,,,,,,,,,,,,,,,,41.3697,,0.0,,,,,,,,,,,,,,,,,1051.8242,,14366.1422,,
2026-08-26 19:42:10,42.46120132505894,-82.83121319487691,16.0663,0.0,277.5006,324.6364,189.7224,0.0,5.234,-0.1092,93.9025,0.1802,0.179,,,,,,,,,,,,,,,,,41.4328,,0.0,,,,,,,,,,,,,,,,,,,,,
2026-08-26 19:42:11,42.46120132505894,-82.83121319487691,,0.0,277.5006,327.3235,140.9682,0.0,4.9603,0.674,93.9025,0.1802,0.179,,,,,,,,,,,,,,,,,41.4328,,0.0,,,,,,,,,,,,,,,,,1051.881,,14366.7984,,
2026-08-26 19:42:12,42.46120132505894,-82.83121319487691,16.4272,0.0,277.5006,328.9507,,0.0,,,93.9025,0.1802,0.179,,,7.2681,17.2714,10.0,0.0031,48.092,17.431,64.0966,0.0,0.0,,,,,,41.4328,,0.0,,,,,,,,,,,,,,,,,1051.9085,,14367.1264,,
2026-08-26 19:42:13,42.4612013,-82.8312131,,0.0,277.5006,329.3976,-8.9966,0.0,5.9487,1.1281,93.9025,0.1802,0.179,,,,,,,,,,,,,,,,,41.4328,,0.0,,,,,,,,,,,,,,,,,1051.9085,,14367.1264,,
2026-08-26 19:42:14,42.4612013,-82.8312131,16.0007,0.0,277.5006,331.6035,133.5393,0.0,7.2703,-3.3978,93.9025,0.1802,0.179,,,,,,,,,,,,,,,,,41.4328,,0.0,,,,,,,,,,,,,,,,,1051.964,,14367.4545,,
2026-08-26 19:42:15,42.4612013,-82.8312131,,0.0,277.5006,335.4595,283.5007,0.0,5.08,1.5243,93.9025,0.1802,0.179,,,,,,,,,,,,,,,,,41.4328,,0.0,,,,,,,,,,,,,,,,,,,,,
2026-08-26 19:42:16,42.4612013,-82.8312131,15.8038,0.0,277.5006,335.746,,0.0,,,,,,,,7.2681,17.2714,10.0,0.0046,48.092,17.431,65.9237,0.0,0.0,,,,,,41.2093,,,,,,,,,,,,,,,,,,,1052.0191,,14368.1107,,
2026-08-26 19:42:17,42.4612013,-82.8312131,,0.0,277.5006,331.4832,-237.7718,0.0,0.0215,-0.509,93.9025,0.1802,0.179,,,,,,,,,,,,,,,,,40.6822,,0.0,,,,,,,,,,,,,,,,,,,,,
2026-08-26 19:42:18,42.4612013,-82.8312131,15.6398,0.0,277.5006,,-305.2513,0.0,5.5011,-3.7987,93.9025,0.1802,0.179,,,,,,,,,,,,,,,,,40.6822,,0.0,,,,,,,,,,,,,,,,,1051.9094,,14366.7984,,
2026-08-26 19:42:19,42.4612013,-82.8312131,,0.0,277.5006,329.6383,-69.03,0.0,8.0446,0.3998,93.9025,0.1802,0.179,,,,,,,,,,,,,,,,,40.7051,,0.0,,,,,,,,,,,,,,,,,1051.9081,,14367.1264,,
2026-08-26 19:42:20,42.4612013,-82.8312131,15.8694,0.0,277.5006,329.1685,2.183,0.0,5.7392,1.5528,,,,,,7.2682,17.2714,10.0,0.0061,48.092,17.431,66.0405,0.0,0.0,,,,,,40.7051,,,,,,,,,,,,,,,,,,,,,,,
2026-08-26 19:42:21,42.4612013,-82.8312131,,0.0,277.5006,327.7418,-159.068,0.0,5.0916,0.7767,93.9025,0.1802,0.179,,,,,,,,,,,,,,,,,40.7051,,0.0,,,,,,,,,,,,,,,,,,,,,
2026-08-26 19:42:22,42.4612013,-82.8312131,15.3773,0.0,277.5006,326.6245,-35.3538,0.0,8.1361,0.2809,93.9025,0.1802,0.179,,,,,,,,,,,,,,,,,,,0.0,,,,,,,,,,,,,,,,,1051.8536,,14366.4703,,
2026-08-26 19:42:23,42.4612013,-82.8312131,,0.0,277.5006,326.8537,9.6223,0.0,9.8052,-1.1804,93.9025,0.1802,0.179,,,,,,,,,,,,,,,,,40.6822,,0.0,,,,,,,,,,,,,,,,,1051.8537,,14366.4703,,
2026-08-26 19:42:24,42.4612013,-82.8312131,16.6896,0.0,277.5006,329.8961,118.3204,0.0,7.2131,0.9813,93.9025,0.1802,0.179,,,7.2683,17.2714,10.0,0.0079,48.092,17.431,64.3124,0.0,0.0,,,,,,40.7051,,0.0,,,,,,,,,,,,,,,,,1051.8789,,14366.7984,,
2026-08-26 19:42:25,42.4612013,-82.8312131,,0.0,277.5006,331.3514,,0.0,,,,,,,,,,,,,,,,,,,,,,40.7051,,,,,,,,,,,,,,,,,,,1051.9349,,14367.1264,,
2026-08-26 19:42:26,42.4612013,-82.8312131,16.8537,0.0,277.5006,331.5692,185.8205,0.0,4.7915,1.296,93.9025,0.1802,0.179,,,,,,,,,,,,,,,,,40.7051,,0.0,,,,,,,,,,,,,,,,,1051.937,,14367.1264,,
2026-08-26 19:42:27,42.4612013,-82.8312131,,0.0,277.5006,330.1941,-136.6161,0.0,4.3407,-1.3739,93.9025,0.1802,0.179,,,,,,,,,,,,,,,,,40.7051,,0.0,,,,,,,,,,,,,,,,,1051.9375,,14367.1264,,
2026-08-26 19:42:28,42.4612013,-82.8312131,15.5741,0.0,277.5006,,-84.077,0.0,7.4066,1.4257,93.9025,0.1802,0.179,,,7.2684,17.2714,10.0,0.0071,48.092,17.431,65.6434,0.0,0.0,,,,,,40.7051,,0.0,,,,,,,,,,,,,,,,,1051.9346,,14367.1264,,
2026-08-26 19:42:29,42.4612013,-82.8312131,,0.0,277.5006,329.5581,62.1751,0.0,6.2506,-1.7951,93.9025,0.1802,0.179,,,,,,,,,,,,,,,,,40.7051,,0.0,,,,,,,,,,,,,,,,,,,,,
2026-08-26 19:42:30,42.4612013,-82.8312131,16.4272,0.0,277.5006,330.068,-196.5979,0.0,5.9995,-0.5492,93.9025,0.1802,0.179,,,,,,,,,,,,,,,,,40.7051,,0.0,,,,,,,,,,,,,,,,,1051.9097,,14366.7984,,
2026-08-26 19:42:31,42.4612013,-82.8312131,,0.0,277.5006,328.9164,193.3801,0.0,6.9454,-1.5694,93.9025,0.1802,0.179,,,,,,,,,,,,,,,,,40.9056,,0.0,,,,,,,,,,,,,,,,,1051.9089,,14367.1264,,
2026-08-26 19:42:32,42.4612013,-82.8312131,15.7054,0.0,277.5006,332.5432,,0.0,,,93.9025,0.1802,0.179,,,7.2684,17.2714,10.0,0.0071,48.092,17.431,64.0343,0.0,0.0,,,,,,41.026,,0.0,,,,,,,,,,,,,,,,,,,,,
2026-08-26 19:42:33,42.4612013,-82.8312131,15.4429,0.0,277.5006,333.9297,95.7997,0.0,3.3183,2.1681,93.9025,0.1802,0.179,,,,,,,,,,,,,,,,,41.0088,,0.0,,,,,,,,,,,,,,,,,1051.9906,,14367.7826,,
2026-08-26 19:42:34,42.4612013,-82.8312131,,0.0,277.5006,334.0902,2.0695,0.0,3.7666,-0.3405,93.9025,0.1802,0.179,,,,,,,,,,,,,,,,,41.026,,0.0,,,,,,,,,,,,,,,,,1051.9913,,14367.7826,,
2026-08-26 19:42:35,42.4612013,-82.8312131,16.0663,0.0,277.5006,333.4886,-76.648,0.0,6.4293,0.8472,93.9025,0.1802,0.179,,,,,,,,,,,,,,,,,41.026,,0.0,,,,,,,,,,,,,,,,,1051.9914,,14367.7826,,
2026-08-26 19:42:36,42.4612013,-82.8312131,,0.0,277.5006,332.9844,-144.0932,0.0,8.617,-2.4052,,,,,,7.2685,17.2714,10.0,0.008,48.092,17.431,65.9954,0.0,0.0,,,,,,41.0088,,,,,,,,,,,,,,,,,,,,,,,
2026-08-26 19:42:37,42.4612013,-82.8312131,15.1476,0.0,277.5006,334.2678,118.3926,0.0,7.9677,0.7179,93.9025,0.1802,0.179,,,,,,,,,,,,,,,,,41.026,,0.0,,,,,,,,,,,,,,,,,1051.9648,,14367.4545,,
2026-08-26 19:42:38,42.4612013,-82.8312131,,0.0,277.5006,,77.119,0.0,2.5192,-1.6957,93.9025,0.1802,0.179,,,,,,,,,,,,,,,,,41.026,,0.0,,,,,,,,,,,,,,,,,,,,,
2026-08-26 19:42:39,42.4612013,-82.8312131,15.1476,0.0,277.5006,334.8522,-69.1228,0.0,2.9269,-0.3584,93.9025,0.1802,0.179,,,,,,,,,,,,,,,,,40.728,,0.0,,,,,,,,,,,,,,,,,1052.0177,,14368.1107,,
2026-08-26 19:42:40,42.4612013,-82.8312131,,0.0,277.5006,334.136,-35.3744,0.0,5.5602,-0.3036,93.9025,0.1802,0.179,,,7.2686,17.2714,10.0,0.0086,48.092,17.431,65.9564,0.0,0.0,,,,,,40.7051,,0.0,,,,,,,,,,,,,,,,,1051.9914,,14367.7826,,
2026-08-26 19:42:41,42.4612013,-82.8312131,14.8852,0.0,277.5006,334.7548,,0.0,,,,,,,,,,,,,,,,,,,,,,40.728,,,,,,,,,,,,,,,,,,,,,,,
2026-08-26 19:42:42,42.4612013,-82.8312131,,0.0,277.5006,336.2044,58.3282,0.0,5.8105,-1.4875,93.9025,0.1802,0.179,,,,,,,,,,,,,,,,,40.728,,0.0,,,,,,,,,,,,,,,,,1052.0188,,14368.1107,,
2026-08-26 19:42:43,42.4612013,-82.8312131,15.0164,0.0,277.5006,337.8488,65.8363,0.0,5.8299,0.431,93.9025,0.1802,0.179,,,,,,,,,,,,,,,,,40.728,,0.0,,,,,,,,,,,,,,,,,1052.0457,,14368.4388,,
2026-08-26 19:42:44,42.4612013,-82.8312131,,0.0,277.5006,337.5451,2.0902,0.0,3.6659,1.2768,93.9025,0.1802,0.179,,,7.2687,17.2714,10.0,0.0046,48.092,17.431,64.6941,0.0,0.0,,,,,,40.728,,0.0,,,,,,,,,,,,,,,,,1052.0721,,14368.7669,,
2026-08-26 19:42:45,42.4612013,-82.8312131,15.2789,0.0,277.5006,334.9725,-260.3578,0.0,6.5532,-2.6302,,,,,,,,,,,,,,,,,,,,40.728,,,,,,,,,,,,,,,,,,,1052.0458,,14368.4388,,
2026-08-26 19:42:46,42.4612013,-82.8312131,,0.0,277.5006,333.4771,-200.3828,0.0,9.5709,-0.3869,93.9025,0.1802,0.179,,,,,,,,,,,,,,,,,,,0.0,,,,,,,,,,,,,,,,,,,,,
2026-08-26 19:42:47,42.4612013,-82.8312131,15.3117,0.0,277.5006,331.7869,-136.647,0.0,10.7941,-2.2157,93.9025,0.1802,0.179,,,,,,,,,,,,,,,,,40.7051,,0.0,,,,,,,,,,,,,,,,,1051.9903,,14367.7826,,
2026-08-26 19:42:48,42.4612013,-82.8312131,,0.0,277.5006,,95.8306,0.0,9.6567,2.4482,93.9025,0.1802,0.179,,,7.2688,17.2714,10.0,0.0024,48.092,17.431,65.1301,0.0,0.0,,,,,,41.7135,,0.0,,,,,,,,,,,,,,,,,1051.9624,,14367.4545,,
2026-08-26 19:42:49,42.4612013,-82.8312131,16.4272,0.0,277.5006,331.8556,-16.6662,0.0,7.7411,0.3058,93.9025,0.1802,0.179,,,,,,,,,,,,,,,,,41.9083,,0.0,,,,,,,,,,,,,,,,,1051.963,,14367.4545,,
2026-08-26 19:42:50,42.4612013,-82.8312131,,0.0,277.5006,329.8617,,0.0,,,93.9025,0.1802,0.179,,,,,,,,,,,,,,,,,41.9083,,0.0,,,,,,,,,,,,,,,,,1051.9349,,14367.1264,,
2026-08-26 19:42:51,42.4612013,-82.8312131,15.2789,0.0,277.5006,327.759,-226.6644,0.0,10.2425,-1.2664,93.9025,0.1802,0.179,,,,,,,,,,,,,,,,,42.0115,,0.0,,,,,,,,,,,,,,,,,,,,,
2026-08-26 19:42:52,42.4612013,-82.8312131,,0.0,277.5006,327.5241,-20.4237,0.0,11.1408,-0.0564,93.9025,0.1802,0.179,,,7.2688,17.2714,10.0,0.0041,48.092,17.431,65.2589,0.0,0.0,,,,,,42.0115,,0.0,,,,,,,,,,,,,,,,,1051.8805,,14366.7984,,
2026-08-26 19:42:53,42.4612013,-82.8312131,15.2789,0.0,277.5006,328.8763,167.047,0.0,9.4268,-1.463,93.9025,0.1802,0.179,,,,,,,,,,,,,,,,,42.1432,,0.0,,,,,,,,,,,,,,,,,1051.8804,,14366.7984,,
2026-08-26 19:42:54,42.4612013,-82.8312131,,0.0,277.5006,328.2116,-84.2248,0.0,8.4008,1.7239,93.9025,0.1802,0.179,,,,,,,,,,,,,,,,,42.4813,,0.0,,,,,,,,,,,,,,,,,,,,,
2026-08-26 19:42:55,42.4612013,-82.8312131,15.5741,0.0,277.5006,327.6559,2.0489,0.0,8.8829,-1.1768,93.9025,0.1802,0.179,,,,,,,,,,,,,,,,,42.4813,,0.0,,,,,,,,,,,,,,,,,1051.8809,,14366.7984,,
2026-08-26 19:42:56,42.4612013,-82.8312131,,0.0,277.5006,328.0054,-5.4798,0.0,8.9305,0.5724,93.9025,0.1802,0.179,,,7.2689,17.2714,10.0,0.0049,48.092,17.431,63.7051,0.0,0.0,,,,,,42.5042,,0.0,,,,,,,,,,,,,,,,,,,,,
2026-08-26 19:42:57,42.4612013,-82.8312131,15.3117,0.0,277.5006,327.5814,-39.1662,0.0,9.7979,-1.6562,93.9025,0.1802,0.179,,,,,,,,,,,,,,,,,42.4813,,0.0,,,,,,,,,,,,,,,,,1051.881,,14366.7984,,
2026-08-26 19:42:58,42.4612013,-82.8312131,15.2789,0.0,277.5006,,-42.8962,0.0,9.028,0.3394,93.9025,0.1802,0.179,,,,,,,,,,,,,,,,,42.4813,,0.0,,,,,,,,,,,,,,,,,1051.88,,14366.7984,,
2026-08-26 19:42:59,42.4612013,-82.8312131,,0.0,277.5006,326.3151,-69.1365,0.0,8.4731,-0.8225,93.9025,0.1802,0.179,,,,,,,,,,,,,,,,,42.5042,,0.0,,,,,,,,,,,,,,,,,,,,,
2026-08-26 19:43:00,42.4612013,-82.8312131,15.0164,0.0,277.5006,324.7338,17.0925,0.0,9.7051,-0.1586,,,,,,7.269,17.2714,10.0,0.005,48.092,17.431,65.3208,0.0,0.0,,,,,,42.5042,,,,,,,,,,,,,,,,,,,1051.8254,,14366.1422,,
2026-08-26 19:43:01,42.4612013,-82.8312131,,0.0,277.5006,324.1895,,0.0,,,93.9025,0.1802,0.179,,,,,,,,,,,,,,,,,42.4813,,0.0,,,,,,,,,,,,,,,,,1051.8234,,14366.1422,,
2026-08-26 19:43:02,,,15.2133,,,323.8056,62.0754,,8.9576,0.002,93.9025,0.1802,0.179,,,,,,,,,,,,,,,,,42.5042,,0.0,,,,,,,,,,,,,,,,,,,,,
2026-08-26 19:43:03,42.46120132505894,-82.83121319487691,,0.0,277.5006,323.8972,24.573,0.0,8.8097,-0.0778,93.9025,0.1802,0.179,,,,,,,,,,,,,,,,,42.5042,,0.0,,,,,,,,,,,,,,,,,1051.8225,,14366.1422,,
2026-08-26 19:43:04,42.46120132505894,-82.83121319487691,15.0164,0.0,277.5006,322.5107,-117.9044,0.0,7.314,0.5001,93.9025,0.1802,0.179,,,7.2691,17.2714,10.0,0.0032,48.092,17.431,65.3537,0.0,0.0,,,,,,42.4813,,0.0,,,,,,,,,,,,,,,,,1051.7973,,14365.8141,,
2026-08-26 19:43:05,42.46120132505894,-82.83121319487691,,0.0,277.5006,321.382,-16.6456,0.0,9.3402,-1.9108,93.9025,0.1802,0.179,,,,,,,,,,,,,,,,,42.4813,,0.0,,,,,,,,,,,,,,,,,,,,,
2026-08-26 19:43:06,42.46120132505894,-82.83121319487691,15.1476,0.0,277.5006,322.356,95.8306,0.0,9.437,1.3958,93.9025,0.1802,0.179,,,,,,,,,,,,,,,,,42.5729,,0.0,,,,,,,,,,,,,,,,,1051.7681,,14365.8141,,
2026-08-26 19:43:07,42.46120132505894,-82.83121319487691,,0.0,277.5006,320.0699,-170.4057,0.0,8.3287,-1.5384,93.9025,0.1802,0.179,,,,,,,,,,,,,,,,,42.5959,,0.0,,,,,,,,,,,,,,,,,1051.7946,,14365.8141,,
2026-08-26 19:43:08,42.4612013,-82.8312131,15.5085,0.0,277.5006,,189.5505,0.0,9.8329,-0.5959,93.9025,0.1802,0.179,,,7.2691,17.2714,10.0,0.0036,48.092,17.431,65.6082,0.0,0.0,,,,,,,,0.0,,,,,,,,,,,,,,,,,,,,,
2026-08-26 19:43:09,42.4612013,-82.8312131,,0.0,277.5006,322.0008,,0.0,,,93.9025,0.1802,0.179,,,,,,,,,,,,,,,,,42.5959,,0.0,,,,,,,,,,,,,,,,,1051.7683,,14365.8141,,
2026-08-26 19:43:10,42.4612013,-82.8312131,15.7054,0.0,277.5006,322.0294,-24.2121,0.0,8.5056,-0.0634,93.9025,0.1802,0.179,,,,,,,,,,,,,,,,,42.5959,,0.0,,,,,,,,,,,,,,,,,,,,,
2026-08-26 19:43:11,42.4612013,-82.8312131,,0.0,277.5006,321.9263,95.8409,0.0,10.606,-0.643,93.9025,0.1802,0.179,,,,,,,,,,,,,,,,,42.5959,,0.0,,,,,,,,,,,,,,,,,1051.7932,,14366.1422,,
2026-08-26 19:43:12,42.4612013,-82.8312131,15.3117,0.0,277.5006,323.5306,189.5711,0.0,9.3988,-1.3842,93.9025,0.1802,0.179,,,7.2692,17.2714,10.0,0.0079,48.092,17.431,65.0606,0.0,0.0,,,,,,42.5959,,0.0,,,,,,,,,,,,,,,,,1051.7949,,14365.8141,,
2026-08-26 19:43:13,42.4612013,-82.8312131,15.082,0.0,277.5006,326.2406,264.5931,0.0,4.757,-0.5018,93.9025,0.1802,0.179,,,,,,,,,,,,,,,,,42.5959,,0.0,,,,,,,,,,,,,,,,,,,,,
2026-08-26 19:43:14,42.4612013,-82.8312131,,0.0,277.5006,327.7533,65.8432,0.0,1.4243,-0.9161,93.9025,0.1802,0.179,,,,,,,,,,,,,,,,,42.5729,,0.0,,,,,,,,,,,,,,,,,1051.8789,,14366.7984,,
2026-08-26 19:43:15,42.4612013,-82.8312131,15.3773,0.0,277.5006,327.6157,,0.0,3.1359,-2.26,93.9025,0.1802,0.179,,,,,,,,,,,,,,,,,42.3266,,0.0,,,,,,,,,,,,,,,,,,,,,
2026-08-26 19:43:16,42.4612013,-82.8312131,15.2789,0.0,277.5006,328.7617,-31.6445,0.0,,,93.9025,0.1802,0.179,,,7.2693,17.2714,10.0,0.0092,48.092,17.431,67.038,0.0,0.0,,,,,,41.152,,0.0,,,,,,,,,,,,,,,,,1051.8801,,14366.7984,,
2026-08-26 19:43:17,42.4612013,-82.8312131,,0.0,277.5006,329.1971,-24.1639,0.0,6.9906,-0.932,93.9025,0.1802,0.179,,,,,,,,,,,,,,,,,41.301,,0.0,,,,,,,,,,,,,,,,,1051.9071,,14367.1264,,
2026-08-26 19:43:18,42.4612013,-82.8312131,14.9508,0.0,277.5006,,-189.1826,0.0,7.7725,0.0649,93.9025,0.1802,0.179,,,,,,,,,,,,,,,,,41.3182,,0.0,,,,,,,,,,,,,,,,,1051.908,,14367.1264,,
2026-08-26 19:43:19,42.4612013,-82.8312131,,0.0,277.5006,328.1601,-162.9079,0.0,8.8296,0.2447,93.9025,0.1802,0.179,,,,,,,,,,,,,,,,,41.3296,,0.0,,,,,,,,,,,,,,,,,,,,,
2026-08-26 19:43:20,42.4612013,-82.8312131,14.7211,0.0,277.5006,325.9656,-35.4225,0.0,8.9356,-0.3647,93.9025,0.1802,0.179,,,7.2694,17.2714,10.0,0.003,48.092,17.431,65.6376,0.0,0.0,,,,,,41.4729,,0.0,,,,,,,,,,,,,,,,,1051.8531,,14366.4703,,
2026-08-26 19:43:21,42.4612013,-82.8312131,,0.0,277.5006,325.4729,-125.4228,0.0,8.1604,0.8015,93.9025,0.1802,0.179,,,,,,,,,,,,,,,,,41.4729,,0.0,,,,,,,,,,,,,,,,,1051.8518,,14366.4703,,
2026-08-26 19:43:22,42.4612013,-82.8312131,14.8852,0.0,277.5006,324.2124,-24.2499,0.0,9.7682,0.3319,93.9025,0.1802,0.179,,,,,,,,,,,,,,,,,41.639,,0.0,,,,,,,,,,,,,,,,,,,,,
2026-08-26 19:43:23,42.4612013,-82.8312131,14.8852,0.0,277.5006,324.8713,28.2239,0.0,10.702,-0.352,93.9025,0.1802,0.179,,,,,,,,,,,,,,,,,42.1432,,0.0,,,,,,,,,,,,,,,,,1051.8236,,14366.1422,,
2026-08-26 19:43:24,42.4612013,-82.8312131,,0.0,277.5006,326.0802,144.4644,0.0,8.6517,1.6309,93.9025,0.1802,0.179,,,7.2694,17.2714,10.0,0.0044,48.092,17.431,63.8802,0.0,0.0,,,,,,42.3266,,0.0,,,,,,,,,,,,,,,,,1051.8253,,14366.1422,,
2026-08-26 19:43:25,42.4612013,-82.8312131,14.7867,0.0,277.5006,326.4985,,0.0,,,,,,,,,,,,,,,,,,,,,,42.3266,,,,,,,,,,,,,,,,,,,1051.8534,,14366.4703,,
2026-08-26 19:43:26,42.4612013,-82.8312131,,0.0,277.5006,325.4958,-12.9637,0.0,6.6352,0.397,93.9025,0.1802,0.179,,,,,,,,,,,,,,,,,42.3438,,0.0,,,,,,,,,,,,,,,,,1051.8525,,14366.4703,,
2026-08-26 19:43:27,42.4612013,-82.8312131,14.6555,0.0,277.5006,324.4129,-80.4536,0.0,8.0556,-1.3037,93.9025,0.1802,0.179,,,,,,,,,,,,,,,,,42.3438,,0.0,,,,,,,,,,,,,,,,,1051.8509,,14366.4703,,
2026-08-26 19:43:28,42.4612013,-82.8312131,,0.0,277.5006,,110.7814,0.0,9.3121,1.7034,93.9025,0.1802,0.179,,,7.2695,17.2714,10.0,0.0077,48.092,17.431,65.1776,0.0,0.0,,,,,,42.3438,,0.0,,,,,,,,,,,,,,,,,,,,,
2026-08-26 19:43:29,42.4612013,-82.8312131,15.0164,0.0,277.5006,324.3671,99.5296,0.0,9.5085,-1.6428,93.9025,0.1802,0.179,,,,,,,,,,,,,,,,,42.4354,,0.0,,,,,,,,,,,,,,,,,1051.8238,,14366.1422,,
2026-08-26 19:43:30,42.4612013,-82.8312131,,0.0,277.5006,325.0833,-65.4478,0.0,9.408,0.4206,93.9025,0.1802,0.179,,,,,,,,,,,,,,,,,42.4183,,0.0,,,,,,,,,,,,,,,,,1051.8256,,14366.1422,,
2026-08-26 19:43:31,,,14.5243,,,323.6623,,,,,93.9025,0.1802,0.179,,,,,,,,,,,,,,,,,42.4354,,0.0,,,,,,,,,,,,,,,,,1051.8233,,14366.1422,,
2026-08-26 19:43:32,42.4612013,-82.8312131,,0.0,277.5006,323.9603,24.5489,0.0,10.1599,0.2345,93.9025,0.1802,0.179,,,7.2696,17.2714,10.0,0.0034,48.092,17.431,65.4846,0.0,0.0,,,,,,42.4354,,0.0,,,,,,,,,,,,,,,,,1051.822,,14366.1422,,
2026-08-26 19:43:33,42.46120132505894,-82.83121319487691,14.7211,0.0,277.5006,322.9862,-69.1847,0.0,11.389,-2.4936,93.9025,0.1802,0.179,,,,,,,,,,,,,,,,,42.5615,,0.0,,,,,,,,,,,,,,,,,,,,,
2026-08-26 19:43:34,42.4612013,-82.8312131,14.8196,0.0,277.5006,324.3785,32.002,0.0,9.8535,0.4523,93.9025,0.1802,0.179,,,,,,,,,,,,,,,,,42.5729,,0.0,,,,,,,,,,,,,,,,,1051.8241,,14366.1422,,
2026-08-26 19:43:35,42.4612013,-82.8312131,,0.0,277.5006,322.1956,,0.0,,,,,,,,,,,,,,,,,,,,,,,,,,,,,,,,,,,,,,,,,,,,,
2026-08-26 19:43:36,42.4612013,-82.8312131,14.8852,0.0,277.5006,322.3388,-129.1665,0.0,12.6611,-2.0088,93.9025,0.1802,0.179,,,7.2697,17.2714,10.0,0.0057,48.092,17.431,65.8583,0.0,0.0,,,,,,42.5729,,0.0,,,,,,,,,,,,,,,,,1051.7931,,14366.1422,,
2026-08-26 19:43:37,42.4612013,-82.8312131,,0.0,277.5006,324.9687,227.0322,0.0,10.0439,-0.7878,93.9025,0.1802,0.179,,,,,,,,,,,,,,,,,43.186,,0.0,,,,,,,,,,,,,,,,,1051.7945,,14365.8141,,
2026-08-26 19:43:38,42.4612013,-82.8312131,14.6555,0.0,277.5006,,50.7686,0.0,4.4995,1.3031,93.9025,0.1802,0.179,,,,,,,,,,,,,,,,,43.5584,,0.0,,,,,,,,,,,,,,,,,1051.8252,,14366.1422,,
2026-08-26 19:43:39,42.4612013,-82.8312131,,0.0,277.5006,323.9889,-72.9387,0.0,7.1513,-0.7605,93.9025,0.1802,0.179,,,,,,,,,,,,,,,,,43.5584,,0.0,,,,,,,,,,,,,,,,,,,,,
2026-08-26 19:43:40,42.4612013,-82.8312131,14.6555,0.0,277.5006,322.9748,5.8098,0.0,9.0413,-0.286,93.9025,0.1802,0.179,,,7.2697,17.2714,10.0,0.0058,48.092,17.431,65.5827,0.0,0.0,,,,,,43.5584,,0.0,,,,,,,,,,,,,,,,,1051.7971,,14365.8141,,
2026-08-26 19:43:41,42.4612013,-82.8312131,,0.0,277.5006,322.5737,-106.6733,0.0,8.3481,0.14,93.9025,0.1802,0.179,,,,,,,,,,,,,,,,,43.5584,,0.0,,,,,,,,,,,,,,,,,,,,,
2026-08-26 19:43:42,42.4612013,-82.8312131,15.082,0.0,277.5006,321.2674,,0.0,,,93.9025,0.1802,0.179,,,,,,,,,,,,,,,,,43.5584,,0.0,,,,,,,,,,,,,,,,,1051.7689,,14365.486,,
2026-08-26 19:43:43,42.4612013,-82.8312131,,0.0,277.5006,321.7372,5.7995,0.0,11.0455,-1.1987,93.9025,0.1802,0.179,,,,,,,,,,,,,,,,,43.5584,,0.0,,,,,,,,,,,,,,,,,1051.7679,,14365.8141,,
2026-08-26 19:43:44,42.4612013,-82.8312131,15.2789,0.0,277.5006,321.7257,-91.726,0.0,13.5804,-2.7547,93.9025,0.1802,0.179,,,7.2698,17.2714,10.0,0.0059,48.092,17.431,65.554,0.0,0.0,,,,,,43.5814,,0.0,,,,,,,,,,,,,,,,,,,,,
2026-08-26 19:43:45,42.4612013,-82.8312131,,0.0,277.5006,324.6306,99.4712,0.0,13.4513,-2.3227,93.9025,0.1802,0.179,,,,,,,,,,,,,,,,,44.3606,,0.0,,,,,,,,,,,,,,,,,1051.7952,,14365.8141,,
2026-08-26 19:43:46,42.4612013,-82.8312131,15.082,0.0,277.5006,327.1402,174.4416,0.0,10.8601,-0.7422,93.9025,0.1802,0.179,,,,,,,,,,,,,,,,,44.7559,,0.0,,,,,,,,,,,,,,,,,,,,,
2026-08-26 19:43:47,42.4612013,-82.8312131,,0.0,277.5006,328.2345,65.7297,0.0,9.5093,-0.5929,,,,,,,,,,,,,,,,,,,,44.7559,,,,,,,,,,,,,,,,,,,1051.8791,,14366.7984,,
2026-08-26 19:43:48,42.4612013,-82.8312131,15.2789,0.0,277.5006,,-12.9741,0.0,10.2077,-0.4703,93.9025,0.1802,0.179,,,7.2699,17.2714,10.0,0.0066,48.092,17.431,64.5197,0.0,0.0,,,,,,44.7559,,0.0,,,,,,,,,,,,,,,,,1051.8815,,14366.7984,,
2026-08-26 19:43:49,42.4612013,-82.8312131,15.0164,0.0,277.5006,328.5497,,0.0,,,93.9025,0.1802,0.179,,,,,,,,,,,,,,,,,44.7559,,0.0,,,,,,,,,,,,,,,,,,,,,
2026-08-26 19:43:50,42.4612013,-82.8312131,,0.0,277.5006,327.7704,-204.2022,0.0,8.5559,1.3357,93.9025,0.1802,0.179,,,,,,,,,,,,,,,,,44.733,,0.0,,,,,,,,,,,,,,,,,1051.8818,,14366.7984,,
2026-08-26 19:43:51,42.4612013,-82.8312131,14.7211,0.0,277.5006,325.3411,-84.1595,0.0,10.9602,-2.9291,93.9025,0.1802,0.179,,,,,,,,,,,,,,,,,44.7559,,0.0,,,,,,,,,,,,,,,,,,,,,
2026-08-26 19:43:52,42.4612013,-82.8312131,,0.0,277.5006,325.6161,-76.6996,0.0,12.0867,-2.4156,93.9025,0.1802,0.179,,,7.27,17.2714,10.0,0.0078,48.092,17.431,65.6486,0.0,0.0,,,,,,44.733,,0.0,,,,,,,,,,,,,,,,,1051.8505,,14366.4703,,
2026-08-26 19:43:53,42.4612013,-82.8312131,14.6555,0.0,277.5006,325.7422,,0.0,,,93.9025,0.1802,0.179,,,,,,,,,,,,,,,,,44.733,,0.0,,,,,,,,,,,,,,,,,1051.8525,,14366.4703,,
2026-08-26 19:43:54,42.4612013,-82.8312131,,0.0,277.5006,325.4958,,0.0,,,93.9025,0.1802,0.179,,,,,,,,,,,,,,,,,44.7559,,0.0,,,,,,,,,,,,,,,,,,,,,
2026-08-26 19:43:55,42.4612013,-82.8312131,14.7867,0.0,277.5006,325.6047,,0.0,,,93.9025,0.1802,0.179,,,,,,,,,,,,,,,,,44.733,,0.0,,,,,,,,,,,,,,,,,1051.8262,,14366.1422,,
2026-08-26 19:43:56,42.4612013,-82.8312131,,0.0,277.5006,327.1975,,0.0,,,93.9025,0.1802,0.179,,,,,,,,,,,,,,,,,44.733,,0.0,,,,,,,,,,,,,,,,,,,,,
2026-08-26 19:43:57,42.4612013,-82.8312131,14.5899,0.0,277.5006,327.2892,,0.0,,,93.9025,0.1802,0.179,,,,,,,,,,,,,,,,,44.733,,0.0,,,,,,,,,,,,,,,,,1051.8792,,14366.7984,,
2026-08-26 19:43:58,42.4612013,-82.8312131,,0.0,277.5006,,-16.7212,0.0,7.0912,-0.5067,93.9025,0.1802,0.179,,,,,,,,,,,,,,,,,44.733,,0.0,,,,,,,,,,,,,,,,,,,,,
2026-08-26 19:43:59,42.4612013,-82.8312131,15.0164,0.0,277.5006,327.1345,-31.7132,0.0,7.0604,0.2263,,,,,,,,,,,,,,,,,,,,44.733,,,,,,,,,,,,,,,,,,,1051.8793,,14366.7984,,
2026-08-26 19:44:00,42.4612013,-82.8312131,,0.0,277.5006,325.9026,-147.9091,0.0,9.9354,-1.5833,93.9025,0.1802,0.179,,,7.2701,17.2714,10.0,0.0068,48.092,17.431,66.7473,0.0,0.0,,,,,,,,0.0,,,,,,,,,,,,,,,,,,,,,
2026-08-26 19:44:01,42.4612013,-82.8312131,15.935,0.0,277.5006,324.9916,-95.4697,0.0,10.8115,-1.0147,93.9025,0.1802,0.179,,,,,,,,,,,,,,,,,44.733,,0.0,,,,,,,,,,,,,,,,,1051.8509,,14366.4703,,
2026-08-26 19:44:02,42.4612013,-82.8312131,,,,326.1891,13.1838,0.0,12.1011,-1.1512,93.9025,0.1802,0.179,,,,,,,,,,,,,,,,,44.733,,0.0,,,,,,,,,,,,,,,,,,,,,
2026-08-26 19:44:03,42.4612013,-82.8312131,15.5741,0.0,277.5006,327.8965,226.8982,0.0,12.3272,-1.3224,93.9025,0.1802,0.179,,,,,,,,,,,,,,,,,44.7559,,0.0,,,,,,,,,,,,,,,,,1051.8541,,14366.4703,,
2026-08-26 19:44:04,42.4612013,-82.8312131,,0.0,277.5006,330.1826,-13.0875,0.0,8.4511,0.107,,,,,,7.2702,17.2714,10.0,0.0025,48.092,17.431,63.6742,0.0,0.0,,,,,,44.733,,,,,,,,,,,,,,,,,,,,,,,
2026-08-26 19:44:05,42.4612013,-82.8312131,15.082,0.0,277.5006,329.0309,,0.0,8.0571,-0.0272,93.9025,0.1802,0.179,,,,,,,,,,,,,,,,,44.7559,,0.0,,,,,,,,,,,,,,,,,1051.9099,,14366.7984,,
2026-08-26 19:44:06,42.4612013,-82.8312131,,0.0,277.5006,327.8048,-140.4629,,,,93.9025,0.1802,0.179,,,,,,,,,,,,,,,,,44.7559,,0.0,,,,,,,,,,,,,,,,,1051.8815,,14366.7984,,
2026-08-26 19:44:07,42.4612013,-82.8312131,14.8196,0.0,277.5006,327.7074,69.5319,0.0,9.666,-2.5833,93.9025,0.1802,0.179,,,,,,,,,,,,,,,,,44.733,,0.0,,,,,,,,,,,,,,,,,1051.8805,,14366.7984,,
2026-08-26 19:44:08,42.4612013,-82.8312131,,0.0,277.5006,,-12.9603,0.0,10.0601,-0.9421,93.9025,0.1802,0.179,,,7.2703,17.2714,10.0,0.0064,48.092,17.431,66.4572,0.0,0.0,,,,,,44.733,,0.0,,,,,,,,,,,,,,,,,,,,,
2026-08-26 19:44:09,,,14.9508,0.0,277.5006,327.7876,95.7481,0.0,9.0531,-1.0301,93.9025,0.1802,0.179,,,,,,,,,,,,,,,,,44.733,,0.0,,,,,,,,,,,,,,,,,1051.88,,14366.7984,,
2026-08-26 19:44:10,42.46120132505894,-82.83121319487691,,0.0,277.5006,328.607,76.9987,0.0,8.2984,-0.9999,93.9025,0.1802,0.179,,,,,,,,,,,,,,,,,44.7559,,0.0,,,,,,,,,,,,,,,,,,,,,
2026-08-26 19:44:11,42.46120132505894,-82.83121319487691,14.7211,0.0,277.5006,329.2945,-9.251,0.0,6.677,-0.0779,93.9025,0.1802,0.179,,,,,,,,,,,,,,,,,44.733,,0.0,,,,,,,,,,,,,,,,,1051.9083,,14367.1264,,
2026-08-26 19:44:12,42.46120132505894,-82.83121319487691,,0.0,277.5006,328.8934,,0.0,8.5146,-0.2705,93.9025,0.1802,0.179,,,7.2704,17.2714,10.0,0.0038,48.092,17.431,65.8197,0.0,0.0,,,,,,44.733,,0.0,,,,,,,,,,,,,,,,,1051.908,,14367.1264,,
2026-08-26 19:44:13,42.4612013,-82.8312131,14.8852,0.0,277.5006,327.8965,-147.9881,0.0,,,93.9025,0.1802,0.179,,,,,,,,,,,,,,,,,44.733,,0.0,,,,,,,,,,,,,,,,,1051.9069,,14367.1264,,
2026-08-26 19:44:14,42.4612013,-82.8312131,,0.0,277.5006,328.9622,35.7423,0.0,12.0695,-2.6549,93.9025,0.1802,0.179,,,,,,,,,,,,,,,,,44.733,,0.0,,,,,,,,,,,,,,,,,,,,,
2026-08-26 19:44:15,42.4612013,-82.8312131,15.3773,0.0,277.5006,329.9763,58.1598,0.0,10.8842,0.5956,93.9025,0.1802,0.179,,,,,,,,,,,,,,,,,44.733,,0.0,,,,,,,,,,,,,,,,,1051.9082,,14367.1264,,
2026-08-26 19:44:16,42.4612013,-82.8312131,,0.0,277.5006,329.4034,-20.5921,0.0,8.8692,1.3119,93.9025,0.1802,0.179,,,7.2704,17.2714,10.0,0.0067,48.092,17.431,64.6977,0.0,0.0,,,,,,44.7559,,0.0,,,,,,,,,,,,,,,,,1051.9348,,14367.1264,,
2026-08-26 19:44:17,42.4612013,-82.8312131,14.7211,0.0,277.5006,330.0451,76.9402,0.0,10.1713,-2.2075,93.9025,0.1802,0.179,,,,,,,,,,,,,,,,,44.733,,0.0,,,,,,,,,,,,,,,,,1051.9085,,14367.1264,,
2026-08-26 19:44:18,42.4612013,-82.8312131,14.7867,0.0,277.5006,,35.7044,0.0,11.0406,-0.9158,93.9025,0.1802,0.179,,,,,,,,,,,,,,,,,44.7559,,0.0,,,,,,,,,,,,,,,,,1051.9098,,14366.7984,,
2026-08-26 19:44:19,42.4612013,-82.8312131,,0.0,277.5006,331.4259,95.6553,0.0,7.9426,-0.5257,93.9025,0.1802,0.179,,,,,,,,,,,,,,,,,44.733,,0.0,,,,,,,,,,,,,,,,,1051.9372,,14367.1264,,
2026-08-26 19:44:20,42.4612013,-82.8312131,15.082,0.0,277.5006,331.8728,-58.0979,0.0,7.414,-1.0505,,,,,,7.2705,17.2714,10.0,0.0077,48.092,17.431,64.8596,0.0,0.0,,,,,,44.7559,,,,,,,,,,,,,,,,,,,1051.9628,,14367.4545,,
2026-08-26 19:44:21,42.4612013,-82.8312131,,0.0,277.5006,331.9702,106.9552,0.0,8.5215,-2.495,93.9025,0.1802,0.179,,,,,,,,,,,,,,,,,44.733,,0.0,,,,,,,,,,,,,,,,,,,,,
2026-08-26 19:44:22,42.4612013,-82.8312131,14.7867,0.0,277.5006,332.9786,,0.0,,,93.9025,0.1802,0.179,,,,,,,,,,,,,,,,,44.733,,0.0,,,,,,,,,,,,,,,,,1051.9626,,14367.4545,,
2026-08-26 19:44:23,42.4612013,-82.8312131,,0.0,277.5006,332.5432,-80.543,0.0,7.1811,-0.0637,93.9025,0.1802,0.179,,,,,,,,,,,,,,,,,,,0.0,,,,,,,,,,,,,,,,,,,,,
2026-08-26 19:44:24,42.4612013,-82.8312131,14.5243,0.0,277.5006,332.6979,39.4585,0.0,6.3651,-1.5381,93.9025,0.1802,0.179,,,7.2706,17.2714,10.0,0.009,48.092,17.431,66.1706,0.0,0.0,,,,,,44.7559,,0.0,,,,,,,,,,,,,,,,,1051.9642,,14367.4545,,
2026-08-26 19:44:25,42.4612013,-82.8312131,,0.0,277.5006,330.8071,-155.5099,0.0,5.5281,-0.4628,93.9025,0.1802,0.179,,,,,,,,,,,,,,,,,44.733,,0.0,,,,,,,,,,,,,,,,,,,,,
2026-08-26 19:44:26,42.4612013,-82.8312131,14.3274,0.0,277.5006,330.1826,-50.5143,0.0,6.8215,-0.9513,93.9025,0.1802,0.179,,,,,,,,,,,,,,,,,44.733,,0.0,,,,,,,,,,,,,,,,,1051.9351,,14367.1264,,
2026-08-26 19:44:27,42.4612013,-82.8312131,,0.0,277.5006,329.7128,-31.7888,0.0,7.3118,-1.0344,93.9025,0.1802,0.179,,,,,,,,,,,,,,,,,44.733,,0.0,,,,,,,,,,,,,,,,,1051.9101,,14366.7984,,
2026-08-26 19:44:28,42.4612013,-82.8312131,14.4587,0.0,277.5006,,-24.2877,0.0,7.4012,0.2948,,,,,,7.2707,17.2714,10.0,0.0057,48.092,17.431,65.9832,0.0,0.0,,,,,,44.733,,,,,,,,,,,,,,,,,,,1051.9091,,14366.7984,,
2026-08-26 19:44:29,42.4612013,-82.8312131,,0.0,277.5006,329.4377,43.1747,0.0,5.1498,1.0161,93.9025,0.1802,0.179,,,,,,,,,,,,,,,,,44.733,,0.0,,,,,,,,,,,,,,,,,1051.9086,,14367.1264,,
2026-08-26 19:44:30,42.4612013,-82.8312131,14.5899,0.0,277.5006,329.1398,,0.0,,,93.9025,0.1802,0.179,,,,,,,,,,,,,,,,,44.733,,0.0,,,,,,,,,,,,,,,,,1051.9086,,14367.1264,,
2026-08-26 19:44:31,42.4612013,-82.8312131,,0.0,277.5006,327.186,-163.0558,0.0,7.1324,-2.5994,93.9025,0.1802,0.179,,,,,,,,,,,,,,,,,44.733,,0.0,,,,,,,,,,,,,,,,,,,,,
2026-08-26 19:44:32,42.4612013,-82.8312131,14.3274,0.0,277.5006,327.0542,-80.5533,0.0,11.5353,-0.4698,93.9025,0.1802,0.179,,,7.2707,17.2714,10.0,0.0053,48.092,17.431,66.3025,0.0,0.0,,,,,,44.733,,0.0,,,,,,,,,,,,,,,,,1051.8538,,14366.4703,,
2026-08-26 19:44:33,42.4612013,-82.8312131,14.5899,0.0,277.5006,327.6845,91.8807,0.0,9.579,-0.7132,,,,,,,,,,,,,,,,,,,,44.733,,,,,,,,,,,,,,,,,,,1051.8792,,14366.7984,,
2026-08-26 19:44:34,42.4612013,-82.8312131,,0.0,277.5006,326.848,-43.1403,0.0,7.3603,0.6057,93.9025,0.1802,0.179,,,,,,,,,,,,,,,,,44.7101,,0.0,,,,,,,,,,,,,,,,,1051.8811,,14366.7984,,
2026-08-26 19:44:35,42.4612013,-82.8312131,14.7211,0.0,277.5006,325.725,-24.3633,0.0,7.8436,0.7554,93.9025,0.1802,0.179,,,,,,,,,,,,,,,,,44.733,,0.0,,,,,,,,,,,,,,,,,1051.8532,,14366.4703,,
2026-08-26 19:44:36,42.4612013,-82.8312131,,0.0,277.5006,325.5187,73.1243,0.0,8.7598,-0.9883,93.9025,0.1802,0.179,,,7.2708,17.2714,10.0,0.004,48.092,17.431,65.2862,0.0,0.0,,,,,,44.733,,0.0,,,,,,,,,,,,,,,,,1051.8514,,14366.4703,,
2026-08-26 19:44:37,42.4612013,-82.8312131,14.1634,0.0,277.5006,325.6276,35.6151,0.0,11.1605,-1.5121,93.9029,0.1802,0.179,,,,,,,,,,,,,,,,,44.7903,,0.0,,,,,,,,,,,,,,,,,1051.8509,,14366.4703,,
2026-08-26 19:44:38,42.4612013,-82.8312131,,0.0,277.5006,,-69.3944,0.0,7.6681,2.9869,93.9029,0.1802,0.179,,,,,,,,,,,,,,,,,44.8247,,0.0,,,,,,,,,,,,,,,,,1051.8512,,14366.4703,,
2026-08-26 19:44:39,42.4612013,-82.8312131,14.393,0.0,277.5006,324.7624,-163.1073,0.0,6.6476,-2.0943,93.9029,0.1802,0.179,,,,,,,,,,,,,,,,,44.7903,,0.0,,,,,,,,,,,,,,,,,,,,,
2026-08-26 19:44:40,42.4612013,-82.8312131,,0.0,277.5006,322.1211,,0.0,11.3945,-1.4369,93.9025,0.1802,0.179,,,7.2709,17.2714,10.0,0.006,48.092,17.431,65.9189,0.0,0.0,,,,,,44.7101,,0.0,,,,,,,,,,,,,,,,,1051.7947,,14365.8141,,
2026-08-26 19:44:41,42.4612013,-82.8312131,14.229,0.0,277.5006,322.144,58.1289,0.0,,,93.9025,0.1802,0.179,,,,,,,,,,,,,,,,,44.7101,,0.0,,,,,,,,,,,,,,,,,,,,,
2026-08-26 19:44:42,42.4612013,-82.8312131,,,,323.4904,69.2775,0.0,8.821,0.4379,93.9029,0.1802,0.179,,,,,,,,,,,,,,,,,44.7101,,0.0,,,,,,,,,,,,,,,,,1051.7971,,14365.8141,,
2026-08-26 19:44:43,42.4612013,-82.8312131,14.8196,0.0,277.5006,323.0092,13.06,0.0,7.5826,-0.0656,93.9025,0.1802,0.179,,,,,,,,,,,,,,,,,44.7101,,0.0,,,,,,,,,,,,,,,,,,,,,
2026-08-26 19:44:44,42.4612013,-82.8312131,,0.0,277.5006,321.8804,-103.1462,0.0,7.4602,-0.1596,93.9025,0.1802,0.179,,,7.271,17.2714,10.0,0.0088,48.092,17.431,65.2395,0.0,0.0,,,,,,44.7101,,0.0,,,,,,,,,,,,,,,,,1051.7954,,14365.8141,,
2026-08-26 19:44:45,42.4612013,-82.8312131,14.5899,0.0,277.5006,321.2158,-13.1528,,8.2701,0.899,93.9025,0.1802,0.179,,,,,,,,,,,,,,,,,44.7101,,0.0,,,,,,,,,,,,,,,,,1051.7679,,14365.8141,,
2026-08-26 19:44:46,,,,0.0,277.5006,320.0756,5.6001,0.0,9.1232,-3.0367,93.9025,0.1802,0.179,,,,,,,,,,,,,,,,,44.7101,,0.0,,,,,,,,,,,,,,,,,1051.7666,,14365.8141,,
2026-08-26 19:44:47,42.46120132505894,-82.83121319487691,14.8196,0.0,277.5006,320.4423,,0.0,9.7382,0.8187,93.9025,0.1802,0.179,,,,,,,,,,,,,,,,,44.7101,,0.0,,,,,,,,,,,,,,,,,1051.7646,,14365.8141,,
2026-08-26 19:44:48,42.46120132505894,-82.83121319487691,,0.0,277.5006,,-1.9079,0.0,,,,,,,,7.271,17.2714,10.0,0.0029,48.092,17.431,65.6116,0.0,0.0,,,,,,,,,,,,,,,,,,,,,,,,,1051.7655,,14365.8141,,
2026-08-26 19:44:49,42.46120132505894,-82.83121319487691,14.7867,0.0,277.5006,321.2616,136.812,0.0,8.6783,-1.6155,93.9025,0.1802,0.179,,,,,,,,,,,,,,,,,44.7101,,0.0,,,,,,,,,,,,,,,,,,,,,
2026-08-26 19:44:50,42.4612013,-82.8312131,,0.0,277.5006,322.8717,54.3095,0.0,6.7357,0.6798,93.9029,0.1802,0.179,,,,,,,,,,,,,,,,,44.7101,,0.0,,,,,,,,,,,,,,,,,1051.7954,,14365.8141,,
2026-08-26 19:44:51,42.4612013,-82.8312131,15.1476,0.0,277.5006,322.5451,31.8301,0.0,6.5415,0.0372,93.9025,0.1802,0.179,,,,,,,,,,,,,,,,,44.7101,,0.0,,,,,,,,,,,,,,,,,1051.7948,,14365.8141,,
2026-08-26 19:44:52,42.4612013,-82.8312131,,0.0,277.5006,323.0894,-58.1564,0.0,7.2008,-0.5114,93.9025,0.1802,0.179,,,7.2711,17.2714,10.0,0.0038,48.092,17.431,65.4589,0.0,0.0,,,,,,44.7101,,0.0,,,,,,,,,,,,,,,,,1051.796,,14365.8141,,
2026-08-26 19:44:53,42.4612013,-82.8312131,15.0164,0.0,277.5006,322.2013,-61.9138,0.0,8.7008,-1.341,93.9025,0.1802,0.179,,,,,,,,,,,,,,,,,44.7101,,0.0,,,,,,,,,,,,,,,,,,,,,
2026-08-26 19:44:54,42.4612013,-82.8312131,,0.0,277.5006,321.8919,20.568,0.0,9.336,-1.039,93.9025,0.1802,0.179,,,,,,,,,,,,,,,,,44.6413,,0.0,,,,,,,,,,,,,,,,,1051.7942,,14365.8141,,
2026-08-26 19:44:55,42.4612013,-82.8312131,14.8852,0.0,277.5006,322.6081,,0.0,8.1292,-0.4485,93.9025,0.1802,0.179,,,,,,,,,,,,,,,,,42.9282,,0.0,,,,,,,,,,,,,,,,,,,,,
2026-08-26 19:44:56,42.4612013,-82.8312131,,0.0,277.5006,323.2899,-28.193,0.0,9.3484,-0.6763,93.9025,0.1802,0.179,,,7.2712,17.2714,10.0,0.0054,48.092,17.431,64.9885,0.0,0.0,,,,,,40.7968,,0.0,,,,,,,,,,,,,,,,,1051.7948,,14365.8141,,
2026-08-26 19:44:57,42.4612013,-82.8312131,14.7211,0.0,277.5006,324.8426,133.0099,0.0,,,93.9025,0.1802,0.179,,,,,,,,,,,,,,,,,42.0516,,0.0,,,,,,,,,,,,,,,,,1051.7968,,14365.8141,,
2026-08-26 19:44:58,42.4612013,-82.8312131,,0.0,277.5006,,80.5223,0.0,7.557,1.0652,93.9025,0.1802,0.179,,,,,,,,,,,,,,,,,42.1891,,0.0,,,,,,,,,,,,,,,,,,,,,
2026-08-26 19:44:59,42.4612013,-82.8312131,14.6555,0.0,277.5006,324.3671,-24.4321,0.0,5.6936,0.0058,93.9025,0.1802,0.179,,,,,,,,,,,,,,,,,42.1891,,0.0,,,,,,,,,,,,,,,,,1051.8238,,14366.1422,,
2026-08-26 19:45:00,42.4612013,-82.8312131,,0.0,277.5006,323.3873,-65.6678,0.0,6.3457,-0.5278,93.9025,0.1802,0.179,,,7.2713,17.2714,10.0,0.0052,48.092,17.431,66.1282,0.0,0.0,,,,,,42.1891,,0.0,,,,,,,,,,,,,,,,,1051.8221,,14366.1422,,
2026-08-26 19:45:01,42.4612013,-82.8312131,15.2133,0.0,277.5006,322.3102,-50.638,0.0,7.8464,-0.4386,,,,,,,,,,,,,,,,,,,,42.1891,,,,,,,,,,,,,,,,,,,,,,,
2026-08-26 19:45:02,42.4612013,-82.8312131,,0.0,277.5006,321.382,,0.0,7.6713,-1.6986,93.9029,0.1802,0.179,,,,,,,,,,,,,,,,,42.7907,,0.0,,,,,,,,,,,,,,,,,1051.7936,,14365.8141,,
2026-08-26 19:45:03,42.4612013,-82.8312131,14.8196,0.0,277.5006,323.8228,196.8557,0.0,1.8158,0.7331,93.9025,0.1802,0.179,,,,,,,,,,,,,,,,,43.2662,,0.0,,,,,,,,,,,,,,,,,,,,,
2026-08-26 19:45:04,42.4612013,-82.8312131,,0.0,277.5006,328.8304,474.2612,0.0,-1.6239,-0.6326,93.9025,0.1802,0.179,,,7.2713,17.2714,10.0,0.005,48.092,17.431,63.9374,0.0,0.0,,,,,,42.0115,,0.0,,,,,,,,,,,,,,,,,1051.8537,,14366.4703,,
2026-08-26 19:45:05,42.4612013,-82.8312131,14.9508,0.0,277.5006,330.005,-24.4939,0.0,,,93.9025,0.1802,0.179,,,,,,,,,,,,,,,,,40.8827,,0.0,,,,,,,,,,,,,,,,,1051.9081,,14367.1264,,
2026-08-26 19:45:06,42.4612013,-82.8312131,,0.0,277.5006,333.6662,204.2572,0.0,3.1116,-2.4799,93.9025,0.1802,0.179,,,,,,,,,,,,,,,,,40.8827,,0.0,,,,,,,,,,,,,,,,,1051.936,,14367.1264,,
2026-08-26 19:45:07,42.4612013,-82.8312131,14.7211,0.0,277.5006,336.4221,215.4848,0.0,0.6604,0.1214,93.9025,0.1802,0.179,,,,,,,,,,,,,,,,,40.8827,,0.0,,,,,,,,,,,,,,,,,1051.9907,,14367.7826,,
2026-08-26 19:45:08,42.4612013,-82.8312131,,0.0,277.5006,,31.672,0.0,-1.8806,0.8605,93.9025,0.1802,0.179,,,7.2714,17.2714,10.0,0.0088,48.092,17.431,65.9857,0.0,0.0,,,,,,40.7567,,0.0,,,,,,,,,,,,,,,,,,,,,
2026-08-26 19:45:09,42.4612013,-82.8312131,14.5243,0.0,277.5006,336.9435,-163.3102,0.0,0.0551,-0.0132,93.9025,0.1802,0.179,,,,,,,,,,,,,,,,,40.728,,0.0,,,,,,,,,,,,,,,,,1052.0458,,14368.4388,,
2026-08-26 19:45:10,42.4612013,-82.8312131,,0.0,277.5006,335.5684,,0.0,,,93.9025,0.1802,0.179,,,,,,,,,,,,,,,,,,,0.0,,,,,,,,,,,,,,,,,1052.0198,,14368.1107,,
2026-08-26 19:45:11,42.4612013,-82.8312131,14.393,0.0,277.5006,334.497,-118.2963,0.0,1.3675,-2.4933,,,,,,,,,,,,,,,,,,,,40.728,,,,,,,,,,,,,,,,,,,1052.0171,,14368.1107,,
2026-08-26 19:45:12,42.4612013,-82.8312131,,0.0,277.5006,334.9038,1.712,0.0,3.1453,0.0701,93.9025,0.1802,0.179,,,7.2715,17.2714,10.0,0.0069,48.092,17.431,67.0317,0.0,0.0,,,,,,40.728,,0.0,,,,,,,,,,,,,,,,,1051.9922,,14367.7826,,
2026-08-26 19:45:13,42.4612013,-82.8312131,14.1634,0.0,277.5006,335.6085,27.9592,0.0,2.1289,0.5507,93.9025,0.1802,0.179,,,,,,,,,,,,,,,,,40.7452,,0.0,,,,,,,,,,,,,,,,,,,,,
2026-08-26 19:45:14,42.4612013,-82.8312131,,0.0,277.5006,336.2101,-24.5455,0.0,1.1628,-0.1667,,,,,,,,,,,,,,,,,,,,40.7051,,,,,,,,,,,,,,,,,,,1052.0195,,14368.1107,,
2026-08-26 19:45:15,42.4612013,-82.8312131,13.6713,0.0,277.5006,335.683,-129.5205,0.0,2.2832,-0.8158,93.9025,0.1802,0.179,,,,,,,,,,,,,,,,,40.728,,0.0,,,,,,,,,,,,,,,,,1052.0443,,14368.4388,,
2026-08-26 19:45:16,42.4612013,-82.8312131,,0.0,277.5006,334.9267,,0.0,,,93.9025,0.1802,0.179,,,7.2716,17.2714,10.0,0.0037,48.092,17.431,66.0817,0.0,0.0,,,,,,40.5389,,0.0,,,,,,,,,,,,,,,,,,,,,
2026-08-26 19:45:17,42.4612013,-82.8312131,13.8353,0.0,277.5006,334.7147,-35.7766,0.0,2.8567,-0.7054,93.9025,0.1802,0.179,,,,,,,,,,,,,,,,,40.5218,,0.0,,,,,,,,,,,,,,,,,1052.0173,,14368.1107,,
2026-08-26 19:45:18,42.4612013,-82.8312131,,0.0,277.5006,,-65.7916,0.0,2.4085,-0.5434,93.9025,0.1802,0.179,,,,,,,,,,,,,,,,,40.5218,,0.0,,,,,,,,,,,,,,,,,1052.0171,,14368.1107,,
2026-08-26 19:45:19,42.4612013,-82.8312131,13.4088,0.0,277.5006,333.7006,-88.2848,0.0,3.2244,-0.6297,,,,,,,,,,,,,,,,,,,,40.4988,,,,,,,,,,,,,,,,,,,,,,,
2026-08-26 19:45:20,42.4612013,-82.8312131,13.4744,0.0,277.5006,332.2624,9.2097,0.0,2.9471,0.2408,93.9025,0.1802,0.179,,,7.2717,17.2714,10.0,0.0077,48.092,17.431,65.7257,0.0,0.0,,,,,,40.4988,,0.0,,,,,,,,,,,,,,,,,1051.9638,,14367.4545,,
2026-08-26 19:45:21,42.4612013,-82.8312131,,,,332.039,1.7017,0.0,1.7288,0.2897,93.9025,0.1802,0.179,,,,,,,,,,,,,,,,,40.5218,,0.0,,,,,,,,,,,,,,,,,,,,,
2026-08-26 19:45:22,42.4612013,-82.8312131,14.3274,0.0,277.5006,331.4832,-28.3098,0.0,0.7685,0.8769,93.9025,0.1802,0.179,,,,,,,,,,,,,,,,,40.4988,,0.0,,,,,,,,,,,,,,,,,1051.9624,,14367.4545,,
2026-08-26 19:45:23,42.4612013,-82.8312131,,0.0,277.5006,330.5206,-39.5478,0.0,1.476,0.0142,93.9025,0.1802,0.179,,,,,,,,,,,,,,,,,40.4988,,0.0,,,,,,,,,,,,,,,,,1051.9359,,14367.1264,,
2026-08-26 19:45:24,42.4612013,-82.8312131,13.9009,0.0,277.5006,328.9908,,0.0,,,93.9025,0.1802,0.179,,,7.2717,17.2714,10.0,0.0075,48.092,17.431,66.678,0.0,0.0,,,,,,40.4988,,0.0,,,,,,,,,,,,,,,,,,,,,
2026-08-26 19:45:25,,,,0.0,277.5006,324.8713,-118.2791,,1.0094,0.5068,93.9025,0.1802,0.179,,,,,,,,,,,,,,,,,40.4759,,0.0,,,,,,,,,,,,,,,,,1051.8821,,14366.7984,,
2026-08-26 19:45:26,42.46120132505894,-82.83121319487691,13.9665,0.0,277.5006,317.3827,-482.0065,0.0,3.4026,0.0586,93.9025,0.1802,0.179,,,,,,,,,,,,,,,,,40.4759,,0.0,,,,,,,,,,,,,,,,,1051.825,,14366.1422,,
2026-08-26 19:45:27,42.46120132505894,-82.83121319487691,13.6056,0.0,277.5006,,-463.2329,0.0,6.2043,0.0331,93.9025,0.1802,0.179,,,,,,,,,,,,,,,,,40.4988,,0.0,,,,,,,,,,,,,,,,,1051.7088,,14365.1579,,
2026-08-26 19:45:28,42.46120132505894,-82.83121319487691,,0.0,277.5006,309.2295,-474.4881,0.0,6.7557,0.2271,93.9025,0.1802,0.179,,,7.2718,17.2714,10.0,0.0041,48.092,17.431,66.6228,0.0,0.0,,,,,,43.2261,,0.0,,,,,,,,,,,,,,,,,,,,,
2026-08-26 19:45:29,42.46120132505894,-82.83121319487691,13.7369,0.0,277.5006,301.6894,,0.0,,,93.9025,0.1802,0.179,,,,,,,,,,,,,,,,,43.673,,0.0,,,,,,,,,,,,,,,,,1051.5484,,14364.1737,,
2026-08-26 19:45:30,42.4612013,-82.8312131,,0.0,277.5006,294.917,,0.0,,,93.9025,0.1802,0.179,,,,,,,,,,,,,,,,,43.6959,,0.0,,,,,,,,,,,,,,,,,1051.4791,,14364.1737,,
2026-08-26 19:45:31,42.4612013,-82.8312131,13.4744,0.0,277.5006,292.4132,,0.0,,,93.9025,0.1802,0.179,,,,,,,,,,,,,,,,,43.673,,0.0,,,,,,,,,,,,,,,,,1051.442,,14363.8456,,
2026-08-26 19:45:32,42.4612013,-82.8312131,13.9009,0.0,277.5006,296.7104,,0.0,,,93.9025,0.1802,0.179,,,,,,,,,,,,,,,,,,,0.0,,,,,,,,,,,,,,,,,1051.4731,,14364.1737,,
2026-08-26 19:45:33,42.4612013,-82.8312131,,0.0,277.5006,295.3067,,0.0,,,93.9025,0.1802,0.179,,,,,,,,,,,,,,,,,44.2001,,0.0,,,,,,,,,,,,,,,,,1051.4782,,14364.1737,,
2026-08-26 19:45:34,42.4612013,-82.8312131,13.3432,0.0,277.5006,291.995,-84.5101,0.0,3.5882,2.1542,93.9025,0.1802,0.179,,,,,,,,,,,,,,,,,43.9652,,0.0,,,,,,,,,,,,,,,,,1051.4474,,14363.8456,,
2026-08-26 19:45:35,42.4612013,-82.8312131,,0.0,277.5006,291.4736,20.4649,0.0,5.7193,0.9528,93.9025,0.1802,0.179,,,,,,,,,,,,,,,,,43.8105,,0.0,,,,,,,,,,,,,,,,,,,,,
2026-08-26 19:45:36,42.4612013,-82.8312131,12.6214,0.0,277.5006,292.5622,84.2076,0.0,6.2779,0.8232,93.9025,0.1802,0.179,,,7.272,17.2714,10.0,0.0049,48.092,17.431,65.5915,0.0,0.0,,,,,,43.8105,,0.0,,,,,,,,,,,,,,,,,1051.4389,,14363.8456,,
2026-08-26 19:45:37,42.4612013,-82.8312131,12.687,0.0,277.5006,294.3842,24.1674,0.0,5.968,0.7903,93.9025,0.1802,0.179,,,,,,,,,,,,,,,,,47.1853,,0.0,,,,,,,,,,,,,,,,,,,,,
2026-08-26 19:45:38,42.4612013,-82.8312131,,0.0,277.5006,,260.3749,0.0,4.1514,0.8209,93.9025,0.1802,0.179,,,,,,,,,,,,,,,,,49.4828,,0.0,,,,,,,,,,,,,,,,,1051.4479,,14363.8456,,
2026-08-26 19:45:39,42.4612013,-82.8312131,12.9823,0.0,277.5006,297.7589,-148.3353,0.0,3.9708,1.0181,93.9025,0.1802,0.179,,,,,,,,,,,,,,,,,50.4912,,0.0,,,,,,,,,,,,,,,,,1051.4825,,14363.8456,,
2026-08-26 19:45:40,42.4736368,-82.8456464,,12.3434,290.6959,295.3639,-9.5672,0.0,,,132.9174,1.1304,0.9536,,,7.272,17.2714,10.0,0.0062,48.092,17.431,64.0589,0.0,0.0,,,,,,50.5141,,-11.3157,,,,,,,,,,,,,,,,,657.844,,7502.6249,,
2026-08-26 19:45:41,42.4738345,-82.8459045,13.54,12.7905,288.9369,294.7623,76.6996,0.0,4.9347,0.1526,132.3773,1.1354,0.9635,,,,,,,,,,,,,,,,,50.5141,,-11.6232,,,,,,,,,,,,,,,,,,,,,
2026-08-26 19:45:42,42.4737603,-82.8461525,,13.082,289.7562,295.5015,,0.0,3.5102,0.8621,132.8351,1.1367,0.9597,,,,,,,,,,,,,,,,,50.5485,,-11.6378,,,,,,,,,,,,,,,,,652.9294,,7446.5225,,
2026-08-26 19:45:43,42.4738868,-82.8460336,12.9167,12.7127,290.8448,295.9541,69.1778,0.0,2.181,0.9066,,,,,,,,,,,,,,,,,,,,50.5485,,,,,,,,,,,,,,,,,,,657.825,,7502.2968,,
2026-08-26 19:45:44,42.4738358,-82.8460901,,12.6738,292.0309,294.8941,9.1719,0.0,1.468,0.4707,132.601,1.1381,0.9634,,,7.2721,17.2714,10.0,0.0066,48.092,17.431,65.187,0.0,0.0,,,,,,49.4255,,-11.8809,,,,,,,,,,,,,,,,,655.7037,,7478.0186,,
2026-08-26 19:45:45,42.4737579,-82.8462628,12.9823,12.0129,291.7959,293.8685,-2.0902,0.0,4.0334,-0.3157,132.1663,1.1406,0.9701,,,,,,,,,,,,,,,,,49.4026,,-11.9291,,,,,,,,,,,,,,,,,651.0904,,7425.5252,,
2026-08-26 19:45:46,42.4737607,-82.8463718,,12.2462,292.1455,292.4247,-62.0788,0.0,5.3301,0.0972,132.0098,1.1443,0.9749,,,,,,,,,,,,,,,,,50.0672,,-11.9772,,,,,,,,,,,,,,,,,649.4305,,7406.4963,,
2026-08-26 19:45:47,42.4737693,-82.8464564,14.1634,12.2268,289.8765,291.8231,-13.311,0.0,5.2384,0.1992,131.9001,1.1478,0.979,,,,,,,,,,,,,,,,,50.6517,,-11.4655,,,,,,,,,,,,,,,,,,,,,
2026-08-26 19:45:48,42.4737644,-82.8465669,,12.0324,290.2661,,24.188,0.0,,,131.8234,1.1506,0.9822,,,7.2722,17.2714,10.0,0.0053,48.092,17.431,66.3477,0.0,0.0,,,,,,50.7204,,-11.2028,,,,,,,,,,,,,,,,,647.4289,,7383.8585,,
2026-08-26 19:45:49,42.4737699,-82.8466607,13.4088,12.3823,291.9105,293.1008,-65.8294,0.0,4.5876,0.6769,131.6807,1.1538,0.9864,,,,,,,,,,,,,,,,,51.0699,,-11.2017,,,,,,,,,,,,,,,,,,,,,
2026-08-26 19:45:50,42.4737704,-82.846739,,12.1296,291.5496,292.3445,65.4341,0.0,5.9052,-0.5181,131.5563,1.1571,0.9906,,,,,,,,,,,,,,,,,51.0928,,-11.6615,,,,,,,,,,,,,,,,,644.5984,,7351.3782,,
2026-08-26 19:45:51,42.4737792,-82.8468089,13.54,12.5961,289.2749,292.8028,,0.0,6.5874,0.5496,131.4423,1.1598,0.994,,,,,,,,,,,,,,,,,51.0928,,-11.4058,,,,,,,,,,,,,,,,,643.3616,,7337.2706,,
2026-08-26 19:45:52,42.473792,-82.8468894,,12.2656,294.2883,293.4331,9.1891,0.0,4.718,0.2674,131.3574,1.1624,0.9972,,,7.2723,17.2714,10.0,0.0042,48.092,17.431,65.6744,0.0,0.0,,,,,,50.4683,,-11.6721,,,,,,,,,,,,,,,,,,,,,
2026-08-26 19:45:53,42.4738172,-82.8469626,14.4587,13.3153,298.2073,294.7452,61.6319,0.0,5.3081,-0.9724,131.2795,1.1656,1.0008,,,,,,,,,,,,,,,,,,,-11.7302,,,,,,,,,,,,,,,,,641.6401,,7317.9136,,
2026-08-26 19:45:54,42.4738331,-82.8470306,,12.6933,294.5347,293.5878,-50.8546,0.0,6.1441,0.6119,131.2306,1.1691,1.0043,,,,,,,,,,,,,,,,,51.385,,-12.9728,,,,,,,,,,,,,,,,,,,,,
2026-08-26 19:45:55,42.4738466,-82.8471135,13.8353,12.8293,293.4231,294.9915,106.6527,0.0,,,131.158,1.1723,1.0078,,,,,,,,,,,,,,,,,51.3621,,-12.1628,,,,,,,,,,,,,,,,,640.3609,,7303.1498,,
2026-08-26 19:45:56,42.4738666,-82.8472055,,12.4795,293.9044,295.341,-5.8407,0.0,3.646,0.7686,131.0767,1.1753,1.0112,,,7.2723,17.2714,10.0,0.0046,48.092,17.431,65.6435,0.0,0.0,,,,,,51.3621,,-12.2252,,,,,,,,,,,,,,,,,639.4377,,7292.6512,,
2026-08-26 19:45:57,42.4738894,-82.8472792,13.6056,12.0907,295.7551,293.6279,-24.5868,0.0,3.284,-0.1909,130.9966,1.1788,1.015,,,,,,,,,,,,,,,,,51.385,,-12.2457,,,,,,,,,,,,,,,,,638.5549,,7282.4805,,
2026-08-26 19:45:58,42.4739144,-82.8473499,14.2946,11.7797,297.3078,,,0.0,6.1677,-0.1691,130.9451,1.1821,1.0184,,,,,,,,,,,,,,,,,50.4511,,-11.7446,,,,,,,,,,,,,,,,,,,,,
2026-08-26 19:45:59,42.4739417,-82.8474207,,12.0129,296.8494,293.9659,-152.0962,0.0,5.9627,0.1429,130.9023,1.1854,1.0218,,,,,,,,,,,,,,,,,50.9095,,-11.4234,,,,,,,,,,,,,,,,,637.4646,,7270.0134,,
2026-08-26 19:46:00,42.4739685,-82.8474914,14.229,11.7214,293.171,293.3242,-5.8339,0.0,3.5478,0.9975,130.8597,1.1889,1.0252,,,7.2724,17.2714,10.0,0.0033,48.092,17.431,66.5987,0.0,0.0,,,,,,50.9095,,-11.5763,,,,,,,,,,,,,,,,,,,,,
2026-08-26 19:46:01,42.473991,-82.8475537,,11.216,291.498,292.7341,-189.5608,0.0,,,130.8051,1.1937,1.0299,,,,,,,,,,,,,,,,,50.9668,,-10.8273,,,,,,,,,,,,,,,,,636.4766,,7258.8585,,
2026-08-26 19:46:02,42.474015,-82.8476173,12.9823,11.3326,288.7535,291.3762,20.4305,0.0,5.1356,0.1392,130.7692,1.1968,1.0329,,,,,,,,,,,,,,,,,50.8006,,-10.3595,,,,,,,,,,,,,,,,,635.997,,7253.2811,,
2026-08-26 19:46:03,42.4740354,-82.8476929,,11.352,292.4663,292.0121,84.1389,0.0,6.8902,-0.4479,130.709,1.2001,1.0364,,,,,,,,,,,,,,,,,50.9439,,-10.4811,,,,,,,,,,,,,,,,,,,,,
2026-08-26 19:46:04,42.4740517,-82.847764,13.1791,11.7797,293.2054,293.3701,12.8916,0.0,6.2424,-0.7901,130.6465,1.2031,1.0397,,,7.2725,17.2714,10.0,0.0053,48.092,17.431,65.8736,0.0,0.0,,,,,,50.9897,,-10.939,,,,,,,,,,,,,,,,,634.9812,,7241.7981,,
2026-08-26 19:46:05,42.4740712,-82.847839,13.9009,11.352,290.3005,293.8685,-32.1086,0.0,5.3679,0.7632,,,,,,,,,,,,,,,,,,,,50.9668,,,,,,,,,,,,,,,,,,,,,,,
2026-08-26 19:46:06,42.4740852,-82.8479121,,11.6047,290.1974,294.304,-13.3522,0.0,3.3831,0.4622,130.5664,1.2076,1.0444,,,,,,,,,,,,,,,,,50.9439,,-10.7512,,,,,,,,,,,,,,,,,633.5726,,7225.722,,
2026-08-26 19:46:07,42.4740995,-82.8479774,13.7369,11.2354,292.0652,294.006,,0.0,3.0169,-0.1132,130.4963,1.2106,1.0477,,,,,,,,,,,,,,,,,50.4511,,-10.9692,,,,,,,,,,,,,,,,,632.7828,,7216.8637,,
2026-08-26 19:46:08,42.474119,-82.8480336,13.6056,11.041,293.6523,,-39.6097,0.0,5.8728,0.657,130.4408,1.2133,1.0507,,,7.2726,17.2714,10.0,0.0043,48.092,17.431,65.9847,0.0,0.0,,,,,,48.8182,,-11.0111,,,,,,,,,,,,,,,,,632.1251,,7209.3178,,
2026-08-26 19:46:09,42.4741488,-82.8480899,,10.419,294.867,294.2123,136.6401,0.0,,,130.4083,1.216,1.0533,,,,,,,,,,,,,,,,,50.4683,,-10.3148,,,,,,,,,,,,,,,,,,,,,
2026-08-26 19:46:10,42.4741785,-82.848149,13.6713,10.7106,293.1424,295.9656,-47.1006,0.0,4.6137,0.6627,130.3949,1.2193,1.0563,,,,,,,,,,,,,,,,,50.4683,,-10.2099,,,,,,,,,,,,,,,,,631.655,,7204.0685,,
2026-08-26 19:46:11,42.4742064,-82.8482014,,10.6522,291.773,293.731,-290.8128,0.0,2.6562,0.148,130.3793,1.2221,1.059,,,,,,,,,,,,,,,,,48.8182,,-10.6961,,,,,,,,,,,,,,,,,631.4381,,7201.4438,,
2026-08-26 19:46:12,42.4742308,-82.8482541,13.3104,9.9913,292.5007,290.0526,87.9169,0.0,6.7204,-0.0621,130.3675,1.2249,1.0615,,,7.2726,17.2714,10.0,0.0062,48.092,17.431,67.0619,0.0,0.0,,,,,,49.649,,-9.0167,,,,,,,,,,,,,,,,,631.1525,,7198.163,,
2026-08-26 19:46:13,42.4742459,-82.8483078,,10.419,287.281,291.2558,-163.3411,0.0,7.6855,0.086,130.3497,1.2277,1.0641,,,,,,,,,,,,,,,,,51.1559,,-9.7183,,,,,,,,,,,,,,,,,630.9331,,7195.5383,,
2026-08-26 19:46:14,42.474257,-82.8483681,12.687,10.4384,289.0572,289.9438,211.6139,0.0,4.9446,1.629,130.2795,1.2309,1.0677,,,,,,,,,,,,,,,,,,,-9.614,,,,,,,,,,,,,,,,,,,,,
2026-08-26 19:46:15,42.474277,-82.8484237,,10.108,291.0396,292.2986,-9.6429,0.0,3.3599,0.5231,,,,,,,,,,,,,,,,,,,,50.2678,,,,,,,,,,,,,,,,,,,629.7996,,7182.743,,
2026-08-26 19:46:16,42.4742974,-82.8484779,12.3589,9.8747,291.4464,292.5335,,0.0,,,130.2259,1.2349,1.0717,,,7.2727,17.2714,10.0,0.0065,48.092,17.431,65.7411,0.0,0.0,,,,,,50.2678,,-9.5887,,,,,,,,,,,,,,,,,629.4283,,7178.4779,,
2026-08-26 19:46:17,42.4743179,-82.8485318,,9.6609,292.4377,293.8571,84.0907,0.0,2.5347,0.5755,130.1983,1.2375,1.0743,,,,,,,,,,,,,,,,,50.2506,,-9.6561,,,,,,,,,,,,,,,,,,,,,
2026-08-26 19:46:18,42.4743353,-82.8485877,12.5558,9.8941,291.9678,293.4789,57.847,0.0,2.7122,0.5605,130.1673,1.2404,1.0771,,,,,,,,,,,,,,,,,50.2678,,-9.5512,,,,,,,,,,,,,,,,,628.7821,,7171.2601,,
2026-08-26 19:46:19,42.4743502,-82.8486391,,9.4082,291.9678,,-20.8912,0.0,2.4635,0.1555,130.1346,1.2427,1.0794,,,,,,,,,,,,,,,,,50.2506,,-8.8653,,,,,,,,,,,,,,,,,628.3589,,7166.3388,,
2026-08-26 19:46:20,42.4743756,-82.8486897,12.8511,9.0194,291.9678,293.5706,80.3505,0.0,2.8429,0.3908,130.099,1.245,1.0818,,,7.2728,17.2714,10.0,0.0048,48.092,17.431,66.3067,0.0,0.0,,,,,,49.6089,,-8.7378,,,,,,,,,,,,,,,,,,,,,
2026-08-26 19:46:21,42.4744019,-82.8487378,,,,294.7681,-39.6303,0.0,3.0483,0.6272,130.0961,1.2491,1.0854,,,,,,,,,,,,,,,,,49.6089,,-8.6456,,,,,,,,,,,,,,,,,627.7873,,7159.7771,,
2026-08-26 19:46:22,42.4744287,-82.8487882,12.8511,9.0777,293.3086,293.9659,-77.1224,0.0,3.4597,0.1012,130.0869,1.2519,1.0879,,,,,,,,,,,,,,,,,49.6089,,-8.6524,,,,,,,,,,,,,,,,,627.6607,,7158.4648,,
2026-08-26 19:46:23,42.4744529,-82.8488371,,8.9222,292.9132,293.095,,0.0,,,130.0756,1.2542,1.0901,,,,,,,,,,,,,,,,,49.5057,,-8.398,,,,,,,,,,,,,,,,,,,,,
2026-08-26 19:46:24,42.4744723,-82.8488905,13.3104,8.9222,294.6435,294.2295,46.6124,0.0,6.0044,0.3097,130.0485,1.2568,1.0926,,,7.2729,17.2714,10.0,0.0041,48.092,17.431,66.2814,0.0,0.0,,,,,,49.7521,,-8.5379,,,,,,,,,,,,,,,,,627.3129,,7154.5278,,
2026-08-26 19:46:25,42.4744903,-82.8489454,,9.2138,292.0767,293.4789,-73.3718,0.0,3.8545,1.0207,130.0162,1.2593,1.0952,,,,,,,,,,,,,,,,,49.8151,,-8.1939,,,,,,,,,,,,,,,,,626.9463,,7150.2627,,
2026-08-26 19:46:26,42.4745082,-82.8489976,12.687,9.0194,291.0969,294.1149,99.0931,0.0,1.389,0.7294,129.9844,1.2618,1.0977,,,,,,,,,,,,,,,,,49.8151,,-8.4047,,,,,,,,,,,,,,,,,626.504,,7145.0134,,
2026-08-26 19:46:27,42.4745286,-82.8490463,,8.7473,292.4434,294.705,5.3491,0.0,2.2854,-0.2652,129.9635,1.2643,1.1,,,,,,,,,,,,,,,,,49.8151,,-8.2344,,,,,,,,,,,,,,,,,626.1964,,7141.7325,,
2026-08-26 19:46:28,42.4745468,-82.8490943,12.8182,9.0194,293.2513,293.6623,-54.6499,0.0,5.1817,-0.0007,129.9396,1.2666,1.1023,,,7.273,17.2714,10.0,0.0059,48.092,17.431,66.7786,0.0,0.0,,,,,,46.6123,,-8.6954,,,,,,,,,,,,,,,,,,,,,
2026-08-26 19:46:29,42.4745648,-82.8491416,,8.5335,293.2513,,117.8185,,3.8996,0.3918,129.9159,1.2689,1.1045,,,,,,,,,,,,,,,,,47.1853,,-8.1937,,,,,,,,,,,,,,,,,625.5877,,7134.8427,,
2026-08-26 19:46:30,,,12.9167,9.2138,293.2513,296.3494,,0.0,,,129.8863,1.271,1.1067,,,,,,,,,,,,,,,,,47.8728,,-8.1949,,,,,,,,,,,,,,,,,625.3501,,7131.89,,
2026-08-26 19:46:31,42.4745795,-82.8491883,,9.4276,295.8811,299.2142,144.0553,0.0,0.3202,1.2966,129.8582,1.2735,1.1092,,,,,,,,,,,,,,,,,47.8843,,-8.6989,,,,,,,,,,,,,,,,,,,,,
2026-08-26 19:46:32,42.4745983,-82.8492388,13.4744,8.8445,299.6054,300.6925,91.5266,0.0,0.4752,1.2236,,,,,,7.273,17.2714,10.0,0.0031,48.092,17.431,65.8498,0.0,0.0,,,,,,47.8728,,,,,,,,,,,,,,,,,,,624.7513,,7125.3283,,
2026-08-26 19:46:33,42.4746182,-82.849288,,8.4557,300.4361,301.2941,-2.2208,0.0,1.2552,1.0026,129.8272,1.2771,1.1127,,,,,,,,,,,,,,,,,47.8728,,-8.7895,,,,,,,,,,,,,,,,,,,,,
2026-08-26 19:46:34,42.4746414,-82.8493448,13.54,8.7084,300.8487,301.9243,-17.1956,0.0,1.7206,0.9021,129.7912,1.2812,1.1166,,,,,,,,,,,,,,,,,47.8843,,-8.6025,,,,,,,,,,,,,,,,,624.195,,7118.7666,,
2026-08-26 19:46:35,42.474663161212334,-82.84939823292791,,8.4557,299.508,300.8472,-24.7002,0.0,2.311,0.5162,129.7778,1.2838,1.1191,,,,,,,,,,,,,,,,,,,-8.3202,,,,,,,,,,,,,,,,,,,,,
2026-08-26 19:46:36,42.47468744033833,-82.84944829965374,14.1634,8.4363,299.7371,300.9617,-24.6933,0.0,3.3716,0.6175,129.7574,1.2862,1.1214,,,7.2731,17.2714,10.0,0.0048,48.092,17.431,66.8035,0.0,0.0,,,,,,47.8728,,-8.3076,,,,,,,,,,,,,,,,,623.6716,,7112.8611,,
2026-08-26 19:46:37,42.47470697301013,-82.84949583807816,,8.5529,299.2902,300.6294,-107.1752,0.0,4.0116,0.8731,,,,,,,,,,,,,,,,,,,,48.0963,,,,,,,,,,,,,,,,,,,,,,,
2026-08-26 19:46:38,42.47472695459486,-82.8495413145134,15.5741,8.8639,295.5431,300.0507,24.0642,0.0,3.058,0.6101,129.7313,1.2896,1.1247,,,,,,,,,,,,,,,,,50.1073,,-8.4051,,,,,,,,,,,,,,,,,623.1514,,7106.9556,,
2026-08-26 19:46:39,42.474747408927634,-82.84959172668047,,8.9028,295.9728,,,0.0,,,129.7101,1.2921,1.1271,,,,,,,,,,,,,,,,,49.6261,,-8.6727,,,,,,,,,,,,,,,,,622.8356,,7103.3467,,
2026-08-26 19:46:40,42.47476568816821,-82.84963898450988,14.5243,8.6306,296.4254,301.5061,99.0312,0.0,2.0546,0.1862,129.6882,1.2945,1.1293,,,7.2732,17.2714,10.0,0.007,48.092,17.431,66.3041,0.0,0.0,,,,,,49.6089,,-8.526,,,,,,,,,,,,,,,,,,,,,
2026-08-26 19:46:41,42.4747902,-82.8496942,,9.1749,297.1875,302.6462,-9.6979,0.0,1.8053,0.4699,129.6718,1.297,1.1318,,,,,,,,,,,,,,,,,49.6089,,-8.5527,,,,,,,,,,,,,,,,,622.361,,7097.7693,,
2026-08-26 19:46:42,42.474816,-82.8497447,15.5085,9.2332,300.6138,304.0042,204.0337,0.0,2.6586,0.0474,129.6553,1.3012,1.1356,,,,,,,,,,,,,,,,,49.6089,,-9.1122,,,,,,,,,,,,,,,,,622.1952,,7096.1288,,
2026-08-26 19:46:43,42.4748406,-82.8497967,,9.6414,299.8689,306.8747,69.03,0.0,2.4525,-0.1805,129.6308,1.3036,1.138,,,,,,,,,,,,,,,,,49.6089,,-9.407,,,,,,,,,,,,,,,,,622.0604,,7094.4884,,
2026-08-26 19:46:44,42.4748599,-82.8498473,15.2133,9.6026,301.9258,308.7712,181.5062,0.0,1.678,0.6822,129.6051,1.3059,1.1403,,,7.2733,17.1532,10.0,0.004,48.092,17.5372,65.3598,0.0,0.0,,,,,,47.7124,,-9.8217,,,,,,,,,,,,,,,,,,,,,
2026-08-26 19:46:45,42.4748779,-82.8498953,,9.6026,305.6902,310.5531,-9.7563,0.0,1.5619,-0.3262,129.5806,1.3082,1.1425,,,,,,,,,,,,,,,,,47.7124,,-9.5532,,,,,,,,,,,,,,,,,621.4901,,7087.9267,,
2026-08-26 19:46:46,42.4748955,-82.849942,15.6398,9.7386,307.22,311.212,-2.2586,0.0,1.5921,-0.3366,129.5671,1.3108,1.1449,,,,,,,,,,,,,,,,,47.7124,,-9.6351,,,,,,,,,,,,,,,,,,,,,
2026-08-26 19:46:47,42.4749191,-82.8499908,,9.7775,307.6268,,,0.0,,,129.5578,1.3133,1.1472,,,,,,,,,,,,,,,,,47.6895,,-9.4996,,,,,,,,,,,,,,,,,621.0134,,7082.6774,,
2026-08-26 19:46:48,42.4749428,-82.8500378,16.1319,9.6026,307.2085,310.8453,-43.4875,0.0,1.4076,-0.1177,129.5446,1.3156,1.1494,,,7.2733,17.1532,10.0,0.0027,48.092,17.5372,66.5186,0.0,0.0,,,,,,47.7124,,-9.4543,,,,,,,,,,,,,,,,,,,,,
2026-08-26 19:46:49,42.4749657,-82.8500873,,9.0389,305.8678,309.8369,-47.2209,0.0,1.5975,0.0953,129.5322,1.3178,1.1515,,,,,,,,,,,,,,,,,47.0248,,-8.8274,,,,,,,,,,,,,,,,,620.6277,,7078.0842,,
2026-08-26 19:46:50,42.4749847,-82.8501287,15.935,8.9222,305.9881,310.3583,80.2679,0.0,1.8869,-0.7006,,,,,,,,,,,,,,,,,,,,46.9618,,,,,,,,,,,,,,,,,,,,,,,
2026-08-26 19:46:51,42.4750015,-82.8501704,,9.0972,308.6237,311.7391,50.2599,0.0,1.7136,0.142,129.5113,1.3211,1.1546,,,,,,,,,,,,,,,,,46.9618,,-8.9522,,,,,,,,,,,,,,,,,620.2168,,7073.491,,
2026-08-26 19:46:52,42.475021,-82.8502089,16.0007,8.6695,308.8873,311.974,-80.9864,0.0,2.218,0.3325,129.5026,1.3241,1.1573,,,7.2734,17.1532,10.0,0.0033,48.092,17.5372,66.2947,0.0,0.0,,,,,,46.9618,,-8.7077,,,,,,,,,,,,,,,,,,,,,
2026-08-26 19:46:53,42.4750423,-82.8502458,,8.6695,306.9392,310.5416,-204.7178,0.0,3.7854,-0.2176,,,,,,,,,,,,,,,,,,,,46.9618,,,,,,,,,,,,,,,,,,,620.0273,,7071.1945,,
2026-08-26 19:46:54,42.475063,-82.8502907,16.0007,8.0864,304.4755,308.5306,-163.4649,0.0,3.9715,-0.1239,129.4887,1.3276,1.1605,,,,,,,,,,,,,,,,,46.9618,,-8.9876,,,,,,,,,,,,,,,,,,,,,
2026-08-26 19:46:55,42.4750789,-82.8503376,,8.8056,304.8021,306.4393,,0.0,,,129.4639,1.3298,1.1627,,,,,,,,,,,,,,,,,46.9618,,-8.9702,,,,,,,,,,,,,,,,,619.4037,,7064.3047,,
2026-08-26 19:46:56,42.4750991,-82.850394,15.8694,8.203,304.8021,302.6292,-185.9512,0.0,3.7789,0.599,129.4382,1.3323,1.1652,,,7.2735,17.1532,10.0,0.0023,48.092,17.5372,67.2198,0.0,0.0,,,,,,46.9847,,-9.2999,,,,,,,,,,,,,,,,,618.9781,,7059.3834,,
2026-08-26 19:46:57,42.4751197,-82.8504435,,8.7862,292.9361,,-313.4228,0.0,4.2503,0.219,129.4213,1.3348,1.1675,,,,,,,,,,,,,,,,,46.9847,,-8.8932,,,,,,,,,,,,,,,,,,,,,
2026-08-26 19:46:58,42.4751382,-82.8504893,15.935,8.514,291.2688,297.1861,-80.9417,0.0,5.1845,-0.0892,129.3919,1.3381,1.1708,,,,,,,,,,,,,,,,,,,-8.3171,,,,,,,,,,,,,,,,,618.2713,,7051.1813,,
2026-08-26 19:46:59,42.4751534,-82.8505383,16.1319,8.9028,290.3636,294.7682,-95.9681,0.0,4.7754,0.7397,129.359,1.3405,1.1732,,,,,,,,,,,,,,,,,47.1738,,-8.3562,,,,,,,,,,,,,,,,,617.8166,,7045.932,,
2026-08-26 19:47:00,42.475167,-82.8505914,,9.0972,288.4556,293.3931,5.2804,0.0,2.6389,1.539,129.3337,1.3429,1.1756,,,7.2736,17.1532,10.0,0.0049,48.092,17.5372,66.6766,0.0,0.0,,,,,,49.1906,,-9.0831,,,,,,,,,,,,,,,,,,,,,
2026-08-26 19:47:01,42.4751844,-82.8506419,15.8038,9.4082,287.2524,293.0207,-58.4829,0.0,2.452,0.197,129.2947,1.3447,1.1777,,,,,,,,,,,,,,,,,49.3797,,-8.2327,,,,,,,,,,,,,,,,,616.9429,,7036.0895,,
2026-08-26 19:47:02,42.4751923,-82.8506884,15.8038,9.3304,286.37,291.8576,158.9855,0.0,4.3394,0.6038,129.25,1.3469,1.1801,,,,,,,,,,,,,,,,,49.3568,,-8.6139,,,,,,,,,,,,,,,,,616.3847,,7029.8559,,
2026-08-26 19:47:03,42.4752047,-82.8507413,,9.3693,291.2344,294.8599,,0.0,,,,,,,,,,,,,,,,,,,,,,47.2311,,,,,,,,,,,,,,,,,,,615.8358,,7023.6223,,
2026-08-26 19:47:04,42.4752204,-82.8507919,16.1319,9.6026,288.5817,293.4332,196.4879,0.0,7.0855,1.0173,129.2015,1.3507,1.184,,,7.2736,17.1532,10.0,0.0062,48.092,17.5372,65.2871,0.0,0.0,,,,,,51.11,,-8.9046,,,,,,,,,,,,,,,,,615.47,,7019.3572,,
2026-08-26 19:47:05,42.4752266,-82.8508441,,10.0108,289.0114,292.717,-21.0046,0.0,2.5359,1.9351,129.1404,1.3535,1.1872,,,,,,,,,,,,,,,,,51.11,,-9.1769,,,,,,,,,,,,,,,,,,,,,
2026-08-26 19:47:06,42.475234,-82.8508897,15.8038,9.7192,289.1202,290.7861,-54.7667,0.0,1.3466,1.3581,,,,,,,,,,,,,,,,,,,,51.0699,,,,,,,,,,,,,,,,,,,614.293,,7005.9057,,
2026-08-26 19:47:07,42.4752439,-82.8509408,,9.2138,286.7883,,-182.259,0.0,2.3867,0.2194,129.0807,1.3566,1.1905,,,,,,,,,,,,,,,,,50.2334,,-9.0433,,,,,,,,,,,,,,,,,613.691,,6999.016,,
2026-08-26 19:47:08,42.4752508,-82.8509889,15.5741,9.2721,284.8803,286.8499,-137.2452,0.0,4.3308,0.6355,129.0394,1.3586,1.1928,,,7.2737,17.1532,10.0,0.0045,48.092,17.5372,67.2735,0.0,0.0,,,,,,49.775,,-8.4569,,,,,,,,,,,,,,,,,,,,,
2026-08-26 19:47:09,42.4752587,-82.8510386,,9.8164,284.5767,284.6039,-9.7735,0.0,5.3643,0.7721,128.9917,1.3605,1.195,,,,,,,,,,,,,,,,,50.1245,,-8.4145,,,,,,,,,,,,,,,,,612.3581,,6983.9241,,
2026-08-26 19:47:10,42.4752717,-82.8510943,15.8038,9.622,285.6882,283.4637,,0.0,,,128.9492,1.3626,1.1973,,,,,,,,,,,,,,,,,50.1245,,-8.4313,,,,,,,,,,,,,,,,,611.7456,,6976.7063,,
2026-08-26 19:47:11,42.4752787,-82.8511541,,10.1857,277.959,282.0256,-182.2865,0.0,6.4779,0.4756,128.8735,1.3662,1.2013,,,,,,,,,,,,,,,,,51.4824,,-8.8188,,,,,,,,,,,,,,,,,611.1544,,6970.1446,,
2026-08-26 19:47:12,42.4752805,-82.8512045,15.6398,10.5551,277.3861,278.7712,-174.7716,0.0,5.2863,1.911,128.8246,1.3677,1.2032,,,7.2738,17.1532,10.0,0.0035,48.092,17.5372,66.8812,0.0,0.0,,,,,,51.4824,,-8.7656,,,,,,,,,,,,,,,,,,,,,
2026-08-26 19:47:13,42.475283,-82.8512606,,10.7689,274.2405,278.7597,23.9611,0.0,5.6391,1.1573,128.7638,1.3697,1.2057,,,,,,,,,,,,,,,,,51.4653,,-8.8984,,,,,,,,,,,,,,,,,609.4958,,6951.1157,,
2026-08-26 19:47:14,42.4752903,-82.8513224,15.3117,10.9633,275.312,279.4416,20.1864,0.0,4.967,1.0976,128.7067,1.3722,1.2084,,,,,,,,,,,,,,,,,51.4824,,-9.1374,,,,,,,,,,,,,,,,,608.7016,,6942.2574,,
2026-08-26 19:47:15,42.4752995,-82.8513865,15.2789,11.3131,276.4407,281.8652,173.919,0.0,3.8387,1.2035,128.6574,1.3745,1.211,,,,,,,,,,,,,,,,,51.4653,,-9.4664,,,,,,,,,,,,,,,,,607.9219,,6933.3992,,
2026-08-26 19:47:16,42.4753061,-82.8514451,,11.2354,282.4281,283.6413,72.6602,0.0,2.5849,0.2533,128.6028,1.3767,1.2136,,,7.2739,17.1532,10.0,0.0035,48.092,17.5372,65.9242,0.0,0.0,,,,,,51.1329,,-9.7396,,,,,,,,,,,,,,,,,,,,,
2026-08-26 19:47:17,42.4753132,-82.8515056,14.8196,11.1188,284.2845,286.466,151.3571,0.0,2.998,0.3022,128.5471,1.3791,1.2164,,,,,,,,,,,,,,,,,51.0699,,-10.3548,,,,,,,,,,,,,,,,,606.6453,,6918.6354,,
2026-08-26 19:47:18,42.4753244,-82.8515719,,11.7214,287.7738,,-9.8526,0.0,,,128.493,1.3818,1.2194,,,,,,,,,,,,,,,,,51.2991,,-10.3912,,,,,,,,,,,,,,,,,605.9251,,6910.4333,,
2026-08-26 19:47:19,42.4753375,-82.8516456,14.393,11.3715,286.3414,286.9015,68.8993,0.0,2.3006,1.5389,128.4394,1.3846,1.2224,,,,,,,,,,,,,,,,,51.2991,,-10.3717,,,,,,,,,,,,,,,,,605.1471,,6901.575,,
2026-08-26 19:47:20,42.4753502,-82.851709,,11.3909,287.791,287.4343,,0.0,4.2025,0.2239,128.3913,1.3872,1.2253,,,7.2739,17.1532,10.0,0.0006,48.092,17.5372,66.0974,0.0,0.0,,,,,,51.6085,,-10.7487,,,,,,,,,,,,,,,,,604.3952,,6893.0448,,
2026-08-26 19:47:21,42.4753628,-82.8517798,15.0164,12.2462,290.4151,291.9206,196.3675,0.0,5.7464,0.1346,128.3354,1.3901,1.2285,,,,,,,,,,,,,,,,,51.7059,,-11.4067,,,,,,,,,,,,,,,,,,,,,
2026-08-26 19:47:22,42.4753783,-82.8518542,,12.6155,296.8322,295.9829,233.8493,0.0,3.8135,0.7924,128.2801,1.3933,1.2319,,,,,,,,,,,,,,,,,,,-11.6949,,,,,,,,,,,,,,,,,603.1224,,6878.6091,,
2026-08-26 19:47:23,42.4753989,-82.8519213,14.8196,12.7516,303.2723,301.2254,301.2944,0.0,1.0248,0.2833,,,,,,,,,,,,,,,,,,,,51.7059,,,,,,,,,,,,,,,,,,,,,,,
2026-08-26 19:47:24,42.475422,-82.8519933,,12.0712,307.6669,306.3763,252.5094,0.0,-0.0199,0.9672,128.2367,1.3981,1.2367,,,7.274,17.1532,10.0,0.0054,48.092,17.5372,64.1064,0.0,0.0,,,,,,51.6314,,-12.5817,,,,,,,,,,,,,,,,,602.132,,6867.1262,,
2026-08-26 19:47:25,42.4754452,-82.8520617,15.2789,12.1684,307.1741,307.6483,-32.4626,0.0,,,128.2045,1.4014,1.24,,,,,,,,,,,,,,,,,51.385,,-12.2267,,,,,,,,,,,,,,,,,,,,,
2026-08-26 19:47:26,42.4754711,-82.8521267,,12.0518,307.1971,309.1208,31.3213,0.0,2.3016,-0.4776,128.1722,1.405,1.2435,,,,,,,,,,,,,,,,,51.2361,,-11.9539,,,,,,,,,,,,,,,,,601.1792,,6856.2994,,
2026-08-26 19:47:27,42.4755016,-82.8521921,15.1476,11.4103,308.7555,313.1143,,0.0,2.3515,-0.5717,128.1492,1.4082,1.2466,,,,,,,,,,,,,,,,,51.2361,,-11.5172,,,,,,,,,,,,,,,,,600.847,,6852.6905,,
2026-08-26 19:47:28,42.4755349,-82.852239,,10.8078,314.3705,,260.0174,0.0,-1.358,0.5786,128.1389,1.4112,1.2494,,,7.2741,17.1532,10.0,0.0061,48.092,17.5372,66.1829,0.0,0.0,,,,,,49.2995,,-11.7893,,,,,,,,,,,,,,,,,,,,,
2026-08-26 19:47:29,42.4755773,-82.8522739,15.2789,13.082,316.5592,314.6212,49.9711,0.0,-0.7701,0.3529,128.1534,1.414,1.2517,,,,,,,,,,,,,,,,,47.9473,,-10.8897,,,,,,,,,,,,,,,,,600.7794,,6851.7063,,
2026-08-26 19:47:30,42.4756725,-82.8523435,,28.866,332.6765,314.4894,-47.5234,0.0,0.7155,-0.6413,128.2697,1.4201,1.2558,,,,,,,,,,,,,,,,,46.5665,,-19.9002,,,,,,,,,,,,,,,,,,,,,
2026-08-26 19:47:31,42.475818,-82.8524331,15.1476,35.5334,337.7987,314.2316,-66.2591,0.0,0.9194,-1.0285,,,,,,,,,,,,,,,,,,,,46.5321,,,,,,,,,,,,,,,,,,,602.7543,,6874.3441,,
2026-08-26 19:47:32,42.4759799,-82.8525186,,,,313.3148,-96.2466,,1.5191,-0.369,128.5292,1.4327,1.2638,,,7.2742,17.1532,10.0,0.0057,48.092,17.5372,68.0154,0.0,0.0,,,,,,46.5206,,-31.2323,,,,,,,,,,,,,,,,,,,,,
2026-08-26 19:47:33,,,14.8852,33.5312,339.1738,310.3297,-216.2205,0.0,,,128.8057,1.4446,1.271,,,,,,,,,,,,,,,,,46.4977,,-28.6096,,,,,,,,,,,,,,,,,607.2693,,6925.8532,,
2026-08-26 19:47:34,42.4761181,-82.8525909,,31.2569,338.6983,307.1956,-189.9664,0.0,1.9449,-0.1426,,,,,,,,,,,,,,,,,,,,46.2055,,,,,,,,,,,,,,,,,,,609.5697,,6952.1,,
2026-08-26 19:47:35,42.47626654417831,-82.85266904643832,14.7211,31.2569,338.6983,301.9302,-377.4577,0.0,2.9941,-1.032,129.0788,1.4566,1.2783,,,,,,,,,,,,,,,,,46.2055,,-27.1725,,,,,,,,,,,,,,,,,611.6436,,6975.722,,
2026-08-26 19:47:36,42.47640142185179,-82.85274007747188,,31.2569,338.6983,297.1689,-253.7091,0.0,4.5237,0.0592,129.247,1.4642,1.2829,,,7.2742,17.1532,10.0,0.005,48.092,17.5372,67.9492,0.0,0.0,,,,,,46.1826,,-27.2178,,,,,,,,,,,,,,,,,613.6227,,6998.3598,,
2026-08-26 19:47:37,42.4765362,-82.8528111,14.7211,31.2569,338.6983,293.9488,-223.7251,0.0,4.2755,-0.0025,129.4136,1.4717,1.2874,,,,,,,,,,,,,,,,,46.1826,,-27.2623,,,,,,,,,,,,,,,,,,,,,
2026-08-26 19:47:38,42.4766711,-82.8528821,,31.2569,338.6983,,-171.2239,0.0,4.0634,1.0114,129.5786,1.4793,1.292,,,,,,,,,,,,,,,,,47.128,,-27.3062,,,,,,,,,,,,,,,,,617.7302,,7044.9477,,
2026-08-26 19:47:39,42.476806,-82.8529531,14.5899,31.2569,338.6983,290.3048,-163.7296,0.0,3.4216,0.2133,129.7419,1.4869,1.2965,,,,,,,,,,,,,,,,,47.5233,,-27.3495,,,,,,,,,,,,,,,,,619.7664,,7068.2417,,
2026-08-26 19:47:40,42.4769409,-82.8530242,,31.2569,338.6983,286.9358,-6.2429,0.0,5.5808,0.9481,129.9035,1.4945,1.3011,,,7.2743,17.1532,10.0,0.0054,48.092,17.5372,66.8651,0.0,0.0,,,,,,50.4683,,-27.392,,,,,,,,,,,,,,,,,,,,,
2026-08-26 19:47:41,42.47583328249154,-82.85275073900068,14.8196,8.689,314.9492,286.3342,-148.7479,0.0,3.994,1.9396,128.1473,1.4419,1.2765,,,,,,,,,,,,,,,,,50.6173,,-13.3783,,,,,,,,,,,,,,,,,599.2635,,6834.6459,,
2026-08-26 19:47:42,42.4758363,-82.8528515,,9.2721,314.9492,283.6757,-156.2456,0.0,5.2938,1.4206,128.0434,1.4456,1.2809,,,,,,,,,,,,,,,,,50.6173,,-8.5294,,,,,,,,,,,,,,,,,,,,,
2026-08-26 19:47:43,42.4758433,-82.8528474,14.7867,9.4082,314.9492,281.0172,,0.0,,,128.0602,1.4457,1.2808,,,,,,,,,,,,,,,,,50.6402,,-8.9736,,,,,,,,,,,,,,,,,597.8918,,6818.8979,,
2026-08-26 19:47:44,42.4758712,-82.8529236,,9.8164,278.6981,281.785,42.4871,0.0,7.0735,0.6354,128.0231,1.4525,1.2873,,,7.2744,17.1532,10.0,0.004,48.092,17.5372,66.5932,0.0,0.0,,,,,,50.7204,,-8.5585,,,,,,,,,,,,,,,,,597.3344,,6812.3362,,
2026-08-26 19:47:45,42.4759053,-82.8530125,14.7867,9.797,278.4231,284.2487,169.9416,0.0,4.0469,1.1508,127.9628,1.4541,1.2894,,,,,,,,,,,,,,,,,50.7204,,-8.5235,,,,,,,,,,,,,,,,,596.8865,,6807.4149,,
2026-08-26 19:47:46,42.4759014,-82.8530611,,10.1274,282.4338,283.6986,23.6826,0.0,3.2475,1.2316,127.875,1.4567,1.2928,,,,,,,,,,,,,,,,,,,-9.1453,,,,,,,,,,,,,,,,,,,,,
2026-08-26 19:47:47,42.4758996,-82.8531402,14.7211,10.1468,279.3227,280.1463,-205.0135,0.0,4.6608,0.9882,127.815,1.4581,1.2947,,,,,,,,,,,,,,,,,50.7204,,-9.2233,,,,,,,,,,,,,,,,,594.7775,,6783.4648,,
2026-08-26 19:47:48,42.4758926,-82.8531848,14.8852,10.5745,280.8696,,-6.2739,0.0,5.1525,0.894,,,,,,7.2745,17.1532,10.0,0.0051,48.092,17.5372,67.0491,0.0,0.0,,,,,,50.7376,,,,,,,,,,,,,,,,,,,,,,,
2026-08-26 19:47:49,42.4759001,-82.8532439,,10.4384,281.1389,279.4874,19.9664,0.0,5.0364,0.7985,127.7345,1.4619,1.299,,,,,,,,,,,,,,,,,51.047,,-8.8652,,,,,,,,,,,,,,,,,593.0785,,6764.1078,,
2026-08-26 19:47:50,42.4759108,-82.8533085,14.7211,10.4773,277.2715,279.0405,-133.7834,0.0,4.6697,0.6761,127.6971,1.4641,1.3014,,,,,,,,,,,,,,,,,51.0699,,-9.2404,,,,,,,,,,,,,,,,,592.3478,,6755.5776,,
2026-08-26 19:47:51,42.4759228,-82.8533685,,10.6522,279.9013,277.1153,64.9493,0.0,4.4299,1.554,127.6558,1.4666,1.3041,,,,,,,,,,,,,,,,,51.0699,,-9.375,,,,,,,,,,,,,,,,,591.6469,,6747.7036,,
2026-08-26 19:47:52,42.4759279,-82.8534261,14.7867,10.2052,277.3517,276.9205,,0.0,,,127.6044,1.4688,1.3067,,,7.2746,17.1532,10.0,0.0046,48.092,17.5372,66.8802,0.0,0.0,,,,,,51.0928,,-8.7052,,,,,,,,,,,,,,,,,,,,,
2026-08-26 19:47:53,42.4759321,-82.8534893,14.4587,10.0497,275.2088,274.4339,-141.2708,0.0,2.2902,0.1895,127.5457,1.4712,1.3095,,,,,,,,,,,,,,,,,51.0699,,-8.922,,,,,,,,,,,,,,,,,590.0399,,6729.3309,,
2026-08-26 19:47:54,42.4759418,-82.8535467,,9.2721,272.7508,272.5088,-103.7787,0.0,3.7542,0.228,127.5034,1.4736,1.3121,,,,,,,,,,,,,,,,,50.9897,,-8.5047,,,,,,,,,,,,,,,,,,,,,
2026-08-26 19:47:55,42.4759532,-82.8536142,14.8852,10.3995,276.349,272.3312,1.1929,0.0,7.6475,-0.0284,127.4538,1.4763,1.3152,,,,,,,,,,,,,,,,,51.11,,-8.5107,,,,,,,,,,,,,,,,,588.5322,,6711.9425,,
2026-08-26 19:47:56,42.4759642,-82.8536843,,10.0497,273.3181,271.7868,-40.0841,0.0,6.3271,0.001,127.4009,1.4792,1.3183,,,7.2746,17.1532,10.0,0.0046,48.092,17.5372,66.7798,0.0,0.0,,,,,,51.2819,,-9.1138,,,,,,,,,,,,,,,,,,,,,
2026-08-26 19:47:57,42.4759677,-82.8537574,14.7211,10.1857,275.4953,270.9618,-6.3151,0.0,3.9395,0.8342,127.3313,1.4819,1.3215,,,,,,,,,,,,,,,,,51.2991,,-8.318,,,,,,,,,,,,,,,,,586.7247,,6691.6013,,
2026-08-26 19:47:58,42.4759708,-82.8538184,,10.0497,272.8769,,16.1643,0.0,3.9956,0.2695,127.2797,1.4839,1.324,,,,,,,,,,,,,,,,,51.2991,,-8.2491,,,,,,,,,,,,,,,,,,,,,
2026-08-26 19:47:59,42.4759756,-82.8538815,14.5243,10.244,275.1458,271.0477,19.9149,0.0,5.8967,0.8947,127.2232,1.4863,1.3268,,,,,,,,,,,,,,,,,51.2991,,-8.5077,,,,,,,,,,,,,,,,,584.8624,,6670.2758,,
2026-08-26 19:48:00,42.4759747,-82.8539397,,10.0108,274.0457,271.0019,42.4149,0.0,4.2531,-0.1002,127.1614,1.4884,1.3293,,,7.2747,17.1532,10.0,0.0031,48.092,17.5372,67.3592,0.0,0.0,,,,,,51.2819,,-8.7075,,,,,,,,,,,,,,,,,,,,,
2026-08-26 19:48:01,42.4759817,-82.8539984,14.3274,10.1663,275.7016,272.4515,,0.0,,,127.1138,1.4907,1.3319,,,,,,,,,,,,,,,,,51.2991,,-8.4931,,,,,,,,,,,,,,,,,583.299,,6652.5593,,
2026-08-26 19:48:02,42.4759843,-82.8540547,,9.3499,277.7757,271.403,-62.5979,0.0,3.4611,0.0556,127.0383,1.4941,1.3359,,,,,,,,,,,,,,,,,50.9439,,-8.3139,,,,,,,,,,,,,,,,,582.4648,,6643.0448,,
2026-08-26 19:48:03,42.4759927,-82.8541177,14.5243,9.6026,274.4411,270.555,-100.1175,0.0,7.1132,-1.8038,126.9855,1.4963,1.3384,,,,,,,,,,,,,,,,,51.4481,,-8.5752,,,,,,,,,,,,,,,,,581.6624,,6633.8585,,
2026-08-26 19:48:04,42.4759948,-82.8541777,,10.2052,273.1233,269.3346,-88.8658,0.0,5.7053,-0.0326,,,,,,7.2748,17.1532,10.0,0.0041,48.092,17.5372,67.0614,0.0,0.0,,,,,,51.4481,,,,,,,,,,,,,,,,,,,,,,,
2026-08-26 19:48:05,42.4759922,-82.8542371,14.3274,10.3024,275.776,271.3915,91.1175,0.0,4.4408,0.338,126.8835,1.4997,1.3427,,,,,,,,,,,,,,,,,51.4481,,-8.5529,,,,,,,,,,,,,,,,,579.7841,,6612.2049,,
2026-08-26 19:48:06,42.475996,-82.8543062,14.393,10.2246,273.7306,270.3602,-77.6312,0.0,3.0202,0.3227,126.8332,1.5017,1.3451,,,,,,,,,,,,,,,,,51.4481,,-8.7988,,,,,,,,,,,,,,,,,578.844,,6601.7062,,
2026-08-26 19:48:07,42.4760073,-82.8543762,,9.8941,274.8536,269.8101,-21.3725,0.0,3.8639,1.2871,126.7762,1.5042,1.348,,,,,,,,,,,,,,,,,51.4481,,-8.4009,,,,,,,,,,,,,,,,,577.9071,,6590.8795,,
2026-08-26 19:48:08,42.4760178,-82.8544442,14.229,9.8747,275.5927,,-32.6345,0.0,4.2642,-1.3777,126.7261,1.5071,1.3511,,,7.2749,17.1532,10.0,0.0042,48.092,17.5372,67.44,0.0,0.0,,,,,,51.5283,,-8.5219,,,,,,,,,,,,,,,,,577.0824,,6581.365,,
2026-08-26 19:48:09,42.4760196,-82.854504,,10.0885,271.8226,269.6554,-85.122,0.0,4.2311,0.2353,126.6773,1.5099,1.3542,,,,,,,,,,,,,,,,,,,-8.429,,,,,,,,,,,,,,,,,576.3729,,6573.491,,
2026-08-26 19:48:10,42.4760239,-82.8545664,14.1634,10.0302,271.6679,268.2288,38.6128,0.0,5.1402,-0.6568,126.6171,1.512,1.3568,,,,,,,,,,,,,,,,,51.2361,,-8.4417,,,,,,,,,,,,,,,,,,,,,
2026-08-26 19:48:11,42.4760243,-82.8546249,,8.8445,274.653,269.558,,0.0,,,126.564,1.5144,1.3596,,,,,,,,,,,,,,,,,51.4824,,-8.5828,,,,,,,,,,,,,,,,,574.563,,6552.8217,,
2026-08-26 19:48:12,42.4760283,-82.8546801,14.3274,9.7775,273.5071,270.3487,68.5968,0.0,6.1437,-0.8341,126.487,1.5175,1.3632,,,7.2749,17.1532,10.0,0.0038,48.092,17.5372,66.7968,0.0,0.0,,,,,,51.7231,,-8.4485,,,,,,,,,,,,,,,,,573.7234,,6543.3073,,
2026-08-26 19:48:13,42.4760325,-82.8547485,,9.3304,272.9743,268.5324,-36.4057,0.0,2.9046,0.2047,,,,,,,,,,,,,,,,,,,,50.9095,,,,,,,,,,,,,,,,,,,,,,,
2026-08-26 19:48:14,42.4760382,-82.8548111,13.9665,9.3304,273.9827,267.0943,-133.9002,0.0,1.4683,0.2068,126.406,1.5209,1.3672,,,,,,,,,,,,,,,,,51.5856,,-7.7866,,,,,,,,,,,,,,,,,571.9343,,6522.9661,,
2026-08-26 19:48:15,42.4760412,-82.8548718,,9.0,273.066,268.0798,-10.1551,0.0,4.8519,-0.8681,126.327,1.5245,1.3714,,,,,,,,,,,,,,,,,51.8491,,-7.6572,,,,,,,,,,,,,,,,,,,,,
2026-08-26 19:48:16,42.4760389,-82.854926,13.9665,9.9525,273.3983,265.4327,-47.6472,0.0,7.0701,-1.7742,126.2687,1.5263,1.3737,,,7.275,17.1532,10.0,0.0043,48.092,17.5372,67.4603,0.0,0.0,,,,,,51.9236,,-7.5601,,,,,,,,,,,,,,,,,593.957,,6502.953,,
2026-08-26 19:48:17,42.4760338,-82.8549836,,9.5443,273.0545,267.312,,0.0,,,,,,,,,,,,,,,,,,,,,,51.9236,,,,,,,,,,,,,,,,,,,,,,,
2026-08-26 19:48:18,42.4760346,-82.855043,14.1634,9.136,270.9346,,139.8407,0.0,6.0226,-1.5833,126.1755,1.5293,1.3775,,,,,,,,,,,,,,,,,52.0038,,-7.9935,,,,,,,,,,,,,,,,,592.0291,,6481.9556,,
2026-08-26 19:48:19,42.4760345,-82.8551119,,9.3887,275.8162,268.2574,-36.4161,0.0,3.5762,-0.6493,126.079,1.5328,1.3818,,,,,,,,,,,,,,,,,51.0126,,-8.0428,,,,,,,,,,,,,,,,,591.0927,,6471.785,,
2026-08-26 19:48:20,42.4760369,-82.8551736,13.6713,9.2332,275.0197,268.1543,136.0763,0.0,5.2412,-0.8146,126.0288,1.5349,1.3842,,,7.2751,17.1532,10.0,0.0033,48.092,17.5372,67.0751,0.0,0.0,,,,,,50.6402,,-7.6095,,,,,,,,,,,,,,,,,,,,,
2026-08-26 19:48:21,42.4760423,-82.8552331,,9.7192,274.4181,270.8988,49.8198,0.0,4.5008,-0.3555,125.9804,1.5372,1.3869,,,,,,,,,,,,,,,,,52.0439,,-7.9394,,,,,,,,,,,,,,,,,589.106,,6450.1314,,
2026-08-26 19:48:22,42.4760466,-82.8552924,13.8025,9.3887,274.4181,271.8957,,0.0,,,125.9314,1.5395,1.3895,,,,,,,,,,,,,,,,,50.4053,,-7.8715,,,,,,,,,,,,,,,,,588.2782,,6440.9451,,
2026-08-26 19:48:23,42.4760546,-82.8553569,,8.7667,275.5125,273.4828,166.0638,0.0,3.5698,0.455,125.8837,1.5421,1.3924,,,,,,,,,,,,,,,,,52.2044,,-8.1906,,,,,,,,,,,,,,,,,,,,,
2026-08-26 19:48:24,42.4760623,-82.8554148,13.8353,9.2332,277.0996,271.9702,-85.1839,0.0,4.4859,-0.543,,,,,,7.2752,17.1532,10.0,0.0043,48.092,17.5372,66.8609,0.0,0.0,,,,,,51.746,,,,,,,,,,,,,,,,,,,586.6574,,6423.2286,,
2026-08-26 19:48:25,42.4760651,-82.8554735,,8.8833,273.8967,270.194,-160.1749,0.0,3.9034,-0.9851,125.8188,1.5455,1.3963,,,,,,,,,,,,,,,,,52.3591,,-7.812,,,,,,,,,,,,,,,,,,,,,
2026-08-26 19:48:26,42.476067,-82.8555313,13.8353,8.5918,274.5958,270.0451,19.822,0.0,4.1357,-0.2188,125.7381,1.5488,1.4001,,,,,,,,,,,,,,,,,51.6715,,-7.6442,,,,,,,,,,,,,,,,,594.2017,,6404.1997,,
2026-08-26 19:48:27,42.4760718,-82.8555959,,8.4168,275.6271,269.3632,,0.0,3.6578,-0.8364,125.6895,1.5511,1.4027,,,,,,,,,,,,,,,,,52.1356,,-7.6635,,,,,,,,,,,,,,,,,593.3901,,6395.6695,,
2026-08-26 19:48:28,42.4760754,-82.8556516,13.7369,8.3391,273.5472,,-6.4286,0.0,,,125.643,1.5532,1.4052,,,7.2752,17.1532,10.0,0.0047,48.092,17.5372,67.1028,0.0,0.0,,,,,,52.1356,,-7.1787,,,,,,,,,,,,,,,,,592.4412,,6385.1708,,
2026-08-26 19:48:29,42.4760803,-82.8557073,,8.3391,272.9915,269.4836,-62.6839,0.0,2.5614,0.2377,125.5988,1.5554,1.4077,,,,,,,,,,,,,,,,,51.4481,,-7.26,,,,,,,,,,,,,,,,,591.5952,,6376.3125,,
2026-08-26 19:48:30,42.4760834,-82.855766,13.4744,7.9503,272.7222,268.5725,-118.9185,0.0,4.1388,-0.9165,,,,,,,,,,,,,,,,,,,,,,,,,,,,,,,,,,,,,,,590.7825,,6367.4543,,
2026-08-26 19:48:31,42.4760872,-82.8558249,,,,266.3208,16.0852,0.0,5.3596,-0.5555,125.5251,1.5586,1.4114,,,,,,,,,,,,,,,,,51.0928,,-7.0053,,,,,,,,,,,,,,,,,589.863,,6357.6118,,
2026-08-26 19:48:32,42.4760856,-82.8558781,13.6056,8.4751,272.069,266.5729,64.8256,,5.5028,-0.4785,125.4769,1.5608,1.414,,,7.2753,17.1532,10.0,0.0064,48.092,17.5372,67.4833,0.0,0.0,,,,,,51.2361,,-6.7536,,,,,,,,,,,,,,,,,,,,,
2026-08-26 19:48:33,42.4760907,-82.8559379,,8.3585,273.6332,267.3521,-40.1701,0.0,3.3394,-0.3449,125.4241,1.5627,1.4163,,,,,,,,,,,,,,,,,51.0699,,-7.006,,,,,,,,,,,,,,,,,588.0853,,6338.2548,,
2026-08-26 19:48:34,42.4760951,-82.8559956,13.3432,8.378,271.0549,266.1604,-122.6519,0.0,2.9141,0.3288,125.3762,1.565,1.419,,,,,,,,,,,,,,,,,51.6314,,-6.9617,,,,,,,,,,,,,,,,,,,,,
2026-08-26 19:48:35,42.4760975,-82.8560532,,8.0281,271.0377,263.6451,-115.1508,0.0,6.1689,-0.6063,125.3254,1.5674,1.4217,,,,,,,,,,,,,,,,,51.3621,,-6.7595,,,,,,,,,,,,,,,,,586.332,,6319.554,,
2026-08-26 19:48:36,42.4760976,-82.8561168,13.3432,7.7559,268.6943,262.2356,,0.0,,,125.2745,1.5695,1.4242,,,7.2754,17.1532,10.0,0.0053,48.092,17.5372,68.2271,0.0,0.0,,,,,,51.3392,,-6.3781,,,,,,,,,,,,,,,,,589.4186,,6309.3834,,
2026-08-26 19:48:37,42.4760949,-82.856174,,8.0086,268.3677,262.1669,-43.9207,0.0,7.0654,-0.7519,125.2246,1.5715,1.4266,,,,,,,,,,,,,,,,,51.3621,,-6.4812,,,,,,,,,,,,,,,,,588.4294,,6298.8847,,
2026-08-26 19:48:38,42.4760929,-82.8562279,13.3104,8.2613,265.9326,,-163.9152,0.0,3.3755,-0.3194,125.1643,1.5735,1.4291,,,,,,,,,,,,,,,,,51.3621,,-6.6377,,,,,,,,,,,,,,,,,587.361,,6287.4018,,
2026-08-26 19:48:39,42.476089,-82.8562886,,8.3002,266.878,260.5397,31.0463,0.0,4.6333,-0.3238,125.1119,1.5753,1.4314,,,,,,,,,,,,,,,,,51.3392,,-6.4269,,,,,,,,,,,,,,,,,586.3998,,6276.9031,,
2026-08-26 19:48:40,42.4760844,-82.8563446,13.3104,8.1447,265.8811,261.0668,-21.4412,0.0,5.4556,-0.773,125.0484,1.5774,1.434,,,7.2755,17.1532,10.0,0.0033,48.092,17.5372,67.9573,0.0,0.0,,,,,,51.4824,,-6.6102,,,,,,,,,,,,,,,,,585.3149,,6265.4201,,
2026-08-26 19:48:41,,,,8.3974,266.2649,260.2246,,0.0,,,124.9881,1.5793,1.4364,,,,,,,,,,,,,,,,,51.4481,,-6.5194,,,,,,,,,,,,,,,,,584.2399,,6253.9372,,
2026-08-26 19:48:42,42.4760804,-82.8564081,13.2448,7.9114,265.9326,260.1157,,0.0,,,124.9279,1.5813,1.4389,,,,,,,,,,,,,,,,,51.4653,,-6.4711,,,,,,,,,,,,,,,,,583.1664,,6242.4543,,
2026-08-26 19:48:43,42.4760788,-82.8564624,,13.6263,266.3623,260.4996,,0.0,,,124.9248,1.5836,1.441,,,,,,,,,,,,,,,,,51.4481,,-4.5404,,,,,,,,,,,,,,,,,481.8661,,6238.1892,,
2026-08-26 19:48:44,42.4761152,-82.8565017,13.0479,8.3196,262.7928,259.9152,,0.0,,,124.8942,1.586,1.4436,,,,,,,,,,,,,,,,,51.4653,,-6.7362,,,,,,,,,,,,,,,,,482.4994,,6234.9083,,
2026-08-26 19:48:45,42.47610514151621,-82.85654937260588,,3.2462,266.3623,260.2074,,0.0,,,124.859,1.5869,1.4448,,,,,,,,,,,,,,,,,51.4653,,-5.066,,,,,,,,,,,,,,,,,568.6212,,6225.722,,
2026-08-26 19:48:46,42.4761244035436,-82.85652795795461,12.9823,13.3153,56.2988,260.8548,46.0417,0.0,3.7231,-0.4243,124.9369,1.5864,1.4434,,,,,,,,,,,,,,,,,51.4481,,-7.6896,,,,,,,,,,,,,,,,,569.6804,,6237.2049,,
2026-08-26 19:48:47,42.4761581,-82.856456,,13.8207,60.1033,260.4709,-58.9505,0.0,3.101,-1.0147,125.0756,1.5846,1.4403,,,,,,,,,,,,,,,,,51.4653,,5.8469,,,,,,,,,,,,,,,,,571.723,,6259.5146,,
2026-08-26 19:48:48,42.47619,-82.8563811,12.7526,13.8207,60.1033,,-58.947,0.0,4.6197,-0.5807,125.2014,1.583,1.4374,,,7.2756,17.1532,10.0,0.0064,48.092,17.5372,68.0698,0.0,0.0,,,,,,51.259,,5.8194,,,,,,,,,,,,,,,,,573.7167,,6281.4963,,
2026-08-26 19:48:49,42.4762219,-82.8563061,,13.8207,60.1033,259.3479,,0.0,,,125.3275,1.5814,1.4344,,,,,,,,,,,,,,,,,51.259,,5.7918,,,,,,,,,,,,,,,,,575.7331,,6303.4779,,
2026-08-26 19:48:50,42.4754587,-82.8578427,12.6214,7.892,266.3623,259.5599,57.3004,0.0,3.8733,-0.1686,122.5532,1.6132,1.4944,,,,,,,,,,,,,,,,,51.259,,-8.1591,,,,,,,,,,,,,,,,,531.3251,,5817.2574,,
2026-08-26 19:48:51,42.4744637,-82.8567462,,8.1253,266.3623,258.9182,-25.1884,0.0,4.1242,-0.3971,121.6529,1.5403,1.4358,,,,,,,,,,,,,,,,,51.259,,-5.5056,,,,,,,,,,,,,,,,,,,,,
2026-08-26 19:48:52,42.4750236,-82.8575507,12.6214,7.9697,266.3623,258.0817,-156.4415,0.0,4.8729,-0.7551,122.09,1.5916,1.4792,,,7.2757,17.1532,10.0,0.0042,48.092,17.5372,68.5613,0.0,0.0,,,,,,,,-6.4067,,,,,,,,,,,,,,,,,533.6746,,5751.9687,,
2026-08-26 19:48:53,42.4750843,-82.8576175,,9.2138,278.446,255.8472,12.3209,0.0,7.0148,0.2032,122.0549,1.5945,1.4822,,,,,,,,,,,,,,,,,50.9095,,-8.6627,,,,,,,,,,,,,,,,,534.0591,,5756.2338,,
2026-08-26 19:48:54,42.4750973,-82.8576872,12.7526,7.6199,264.9586,255.1653,49.813,0.0,4.731,-0.768,122.2073,1.6077,1.4929,,,,,,,,,,,,,,,,,51.7632,,-6.6839,,,,,,,,,,,,,,,,,533.234,,5747.0474,,
2026-08-26 19:48:55,42.4752736,-82.8578845,,5.7343,273.2264,257.2853,,0.0,,,122.2093,1.6089,1.4941,,,,,,,,,,,,,,,,,51.259,,-4.4715,,,,,,,,,,,,,,,,,534.4439,,5760.1708,,
2026-08-26 19:48:56,42.4752837,-82.857913,12.7526,8.3585,266.7348,259.5198,46.0555,0.0,4.2287,-0.6958,,,,,,7.2758,17.1532,10.0,0.0015,48.092,17.5372,68.5764,0.0,0.0,,,,,,52.0439,,,,,,,,,,,,,,,,,,,,,,,
2026-08-26 19:48:57,42.4752269,-82.8579646,12.7526,4.4514,266.9869,261.4048,102.2764,0.0,4.5955,0.3211,122.0424,1.6098,1.4966,,,,,,,,,,,,,,,,,51.7059,,-6.8244,,,,,,,,,,,,,,,,,531.9685,,5733.596,,
2026-08-26 19:48:58,42.4752463,-82.8580002,,8.0086,266.9811,263.0206,42.2671,0.0,4.107,-0.1694,122.0381,1.6139,1.5004,,,,,,,,,,,,,,,,,51.809,,-4.4872,,,,,,,,,,,,,,,,,531.9164,,5732.9398,,
2026-08-26 19:48:59,42.4752593,-82.8580827,12.8182,7.3672,266.9811,,109.7673,0.0,4.6488,1.002,121.9743,1.6157,1.5028,,,,,,,,,,,,,,,,,51.809,,-6.2264,,,,,,,,,,,,,,,,,,,,,
2026-08-26 19:49:00,42.4752418,-82.858119,,7.6004,266.9811,263.8686,-36.4642,0.0,2.8929,0.2665,,,,,,7.2759,17.1532,10.0,0.0053,48.092,17.5372,68.4658,0.0,0.0,,,,,,51.7861,,,,,,,,,,,,,,,,,,,530.1212,,5713.5829,,
2026-08-26 19:49:01,42.4752284,-82.8581639,12.7526,8.5529,266.9811,263.6795,76.0292,0.0,3.9327,-0.4435,121.8839,1.6173,1.5052,,,,,,,,,,,,,,,,,51.2132,,-6.2333,,,,,,,,,,,,,,,,,,,,,
2026-08-26 19:49:02,42.4752111,-82.8582208,,11.838,248.4116,264.8827,53.5257,0.0,3.9333,0.5853,121.8152,1.6187,1.5072,,,,,,,,,,,,,,,,,51.196,,-7.0203,,,,,,,,,,,,,,,,,531.5395,,5689.6327,,
2026-08-26 19:49:03,42.4751886,-82.8582982,12.7526,12.7516,249.4257,265.5932,,0.0,,,121.7249,1.6206,1.5099,,,,,,,,,,,,,,,,,51.2132,,-7.0725,,,,,,,,,,,,,,,,,,,,,
2026-08-26 19:49:04,42.4751657,-82.8583804,,,,264.7165,-73.9528,,3.5461,-0.0992,121.626,1.6228,1.513,,,7.2759,17.1532,10.0,0.0064,48.092,17.5372,68.6723,0.0,0.0,,,,,,50.8636,,-7.8155,,,,,,,,,,,,,,,,,297.8576,,5654.8558,,
2026-08-26 19:49:05,42.4751449,-82.8584551,12.8182,12.7516,249.4257,265.9541,102.2764,0.0,4.1233,0.0197,121.4782,1.626,1.5175,,,,,,,,,,,,,,,,,50.6746,,-7.8415,,,,,,,,,,,,,,,,,296.8455,,5635.4989,,
2026-08-26 19:49:06,42.4751242,-82.8585298,12.9167,12.7516,249.4257,267.3006,34.7831,0.0,3.6916,0.0176,121.3799,1.6282,1.5205,,,,,,,,,,,,,,,,,51.0699,,-7.8587,,,,,,,,,,,,,,,,,,,,,
2026-08-26 19:49:07,42.4751013,-82.858612,,12.7516,249.4257,268.1085,23.5383,0.0,3.8812,0.5058,121.2818,1.6304,1.5236,,,,,,,,,,,,,,,,,51.0699,,-7.8759,,,,,,,,,,,,,,,,,294.8755,,5598.0973,,
2026-08-26 19:49:08,42.4750806,-82.8586868,12.8511,12.7516,249.4257,266.0172,-145.2001,0.0,4.9514,0.502,121.1841,1.6326,1.5266,,,7.276,17.1532,10.0,0.0044,48.092,17.5372,68.4353,0.0,0.0,,,,,,51.0928,,-7.893,,,,,,,,,,,,,,,,,,,,,
2026-08-26 19:49:09,42.4750598,-82.8587615,,12.7516,249.4257,,-40.2113,0.0,4.7988,0.2071,121.0866,1.6348,1.5296,,,,,,,,,,,,,,,,,51.1559,,-7.91,,,,,,,,,,,,,,,,,292.8607,,5560.0395,,
2026-08-26 19:49:10,42.4750391,-82.8588363,12.9167,12.7516,249.4257,264.9171,-77.6965,0.0,6.6774,0.4247,120.9894,1.6369,1.5327,,,,,,,,,,,,,,,,,51.1559,,-7.9269,,,,,,,,,,,,,,,,,291.8426,,5540.6826,,
2026-08-26 19:49:11,42.4750183,-82.858911,,12.7516,249.4257,263.0664,-81.4402,0.0,5.0632,0.2196,120.8924,1.6391,1.5357,,,,,,,,,,,,,,,,,51.1559,,-7.9438,,,,,,,,,,,,,,,,,,,,,
2026-08-26 19:49:12,42.4749975,-82.8589857,12.9167,12.7516,249.4257,261.445,,0.0,,,,,,,,7.2761,17.1532,10.0,0.0029,48.092,17.5372,69.1149,0.0,0.0,,,,,,51.1559,,,,,,,,,,,,,,,,,,,289.8164,,5501.9687,,
2026-08-26 19:49:13,42.4749768,-82.8590605,,12.7516,249.4257,261.8346,87.2947,0.0,3.4045,-0.021,120.7474,1.6424,1.5402,,,,,,,,,,,,,,,,,51.1559,,-7.9691,,,,,,,,,,,,,,,,,,,,,
2026-08-26 19:49:14,42.474956,-82.8591352,12.9823,12.7516,249.4257,265.9885,271.001,0.0,3.3851,0.6128,120.6512,1.6447,1.5433,,,,,,,,,,,,,,,,,51.5054,,-7.9858,,,,,,,,,,,,,,,,,287.8273,,5464.239,,
2026-08-26 19:49:15,42.4749332,-82.8592174,,12.7516,249.4257,267.3693,31.0119,0.0,1.7453,-0.0544,120.555,1.6469,1.5463,,,,,,,,,,,,,,,,,50.0214,,-8.0025,,,,,,,,,,,,,,,,,286.7669,,5444.2259,,
2026-08-26 19:49:16,42.4749124,-82.8592921,12.9167,12.7516,249.4257,268.7444,117.2684,0.0,3.7501,0.57,120.4593,1.6491,1.5493,,,7.2762,17.1532,10.0,0.0066,48.092,17.5372,67.8977,0.0,0.0,,,,,,,,-8.019,,,,,,,,,,,,,,,,,285.8696,,5427.1655,,
2026-08-26 19:49:17,42.4748916,-82.8593669,,12.7516,249.4257,269.8961,38.5131,0.0,4.7094,-0.2668,120.3638,1.6513,1.5523,,,,,,,,,,,,,,,,,50.3136,,-8.0355,,,,,,,,,,,,,,,,,,,,,
2026-08-26 19:49:18,42.4748709,-82.8594416,12.9823,12.7516,249.4257,271.2483,46.0142,0.0,4.1366,0.652,120.2684,1.6535,1.5554,,,,,,,,,,,,,,,,,51.3621,,-8.052,,,,,,,,,,,,,,,,,283.9006,,5389.764,,
2026-08-26 19:49:19,42.4748501,-82.8595163,,12.7516,249.4257,,,0.0,,,120.126,1.6569,1.5599,,,,,,,,,,,,,,,,,51.385,,-8.0766,,,,,,,,,,,,,,,,,,,,,
2026-08-26 19:49:20,42.4748293,-82.8595911,12.9167,12.7516,249.4257,272.6921,-25.2331,0.0,3.0897,0.0004,120.0313,1.6591,1.5629,,,7.2762,17.1532,10.0,0.0035,48.092,17.5372,67.6969,0.0,0.0,,,,,,51.385,,-8.0929,,,,,,,,,,,,,,,,,281.915,,5352.0343,,
2026-08-26 19:49:21,,,,12.7516,249.4257,272.2739,46.0142,0.0,5.3361,-0.017,119.937,1.6614,1.566,,,,,,,,,,,,,,,,,50.7605,,-8.1091,,,,,,,,,,,,,,,,,280.9168,,5333.0054,,
2026-08-26 19:49:22,42.4748086,-82.8596658,13.0479,12.7516,249.4257,272.2452,-70.2194,0.0,5.3588,0.0111,119.8428,1.6636,1.569,,,,,,,,,,,,,,,,,51.1559,,-8.1252,,,,,,,,,,,,,,,,,279.8178,,5312.3361,,
2026-08-26 19:49:23,42.47478578943733,-82.85974807860262,13.1135,12.7516,249.4257,272.102,76.0292,0.0,4.3234,0.5162,119.7489,1.6659,1.572,,,,,,,,,,,,,,,,,51.1788,,-8.1413,,,,,,,,,,,,,,,,,278.8042,,5292.9792,,
2026-08-26 19:49:24,42.474765025917364,-82.85982281426487,,12.7516,249.4257,272.2567,-40.2113,0.0,2.7309,-0.0246,,,,,,7.2763,17.1532,10.0,0.005,48.092,17.5372,68.2144,0.0,0.0,,,,,,51.1788,,,,,,,,,,,,,,,,,,,277.9042,,5275.9188,,
2026-08-26 19:49:25,42.4747442623974,-82.85989754992708,12.9823,12.7516,249.4257,272.0905,121.0293,0.0,5.5547,-0.1404,119.6086,1.6693,1.5766,,,,,,,,,,,,,,,,,46.8128,,-8.1653,,,,,,,,,,,,,,,,,276.9035,,5256.8899,,
2026-08-26 19:49:26,42.47472349887743,-82.85997228558932,13.1135,12.7516,249.4257,272.9958,19.7842,0.0,2.7503,-0.5232,119.5152,1.6715,1.5796,,,,,,,,,,,,,,,,,51.385,,-8.1813,,,,,,,,,,,,,,,,,275.9045,,5237.8611,,
2026-08-26 19:49:27,42.47470273535747,-82.86004702125156,,12.7516,249.4257,273.3052,27.2888,0.0,2.479,0.1717,119.4224,1.6738,1.5826,,,,,,,,,,,,,,,,,50.6975,,-8.1971,,,,,,,,,,,,,,,,,274.9114,,5219.1603,,
2026-08-26 19:49:28,42.474681971837505,-82.86012175691378,12.8511,12.7516,249.4257,272.8239,,0.0,,,119.2832,1.6772,1.5872,,,7.2764,17.1532,10.0,0.0026,48.092,17.5372,68.058,0.0,0.0,,,,,,50.6975,,-8.2208,,,,,,,,,,,,,,,,,273.9178,,5200.1314,,
2026-08-26 19:49:29,42.4746591,-82.8602039,,12.7516,249.4257,,-25.209,0.0,4.1542,-0.1511,119.1908,1.6795,1.5902,,,,,,,,,,,,,,,,,50.6746,,-8.2365,,,,,,,,,,,,,,,,,272.7965,,5179.134,,
2026-08-26 19:49:30,42.4746383,-82.8602787,13.0479,12.7516,249.4257,271.5061,-70.2057,0.0,5.3516,-0.6596,119.0988,1.6818,1.5932,,,,,,,,,,,,,,,,,50.6746,,-8.2522,,,,,,,,,,,,,,,,,,,,,
2026-08-26 19:49:31,42.4746155,-82.8603609,,12.7516,249.4257,270.0221,-36.4539,0.0,4.1031,-0.7443,119.0069,1.6841,1.5963,,,,,,,,,,,,,,,,,50.3824,,-8.2678,,,,,,,,,,,,,,,,,270.7732,,5140.4201,,
2026-08-26 19:49:32,42.4745947,-82.8604356,12.9823,12.7516,249.4257,270.0966,83.5269,0.0,3.3568,0.7032,,,,,,7.2765,17.1532,10.0,0.0026,48.092,17.5372,68.1604,0.0,0.0,,,,,,49.8953,,,,,,,,,,,,,,,,,,,,,,,
2026-08-26 19:49:33,42.474574,-82.8605103,12.9823,12.7516,249.4257,271.2884,91.0247,0.0,1.48,-0.8326,118.8696,1.6875,1.6008,,,,,,,,,,,,,,,,,49.8552,,-8.291,,,,,,,,,,,,,,,,,268.8805,,5104.659,,
2026-08-26 19:49:34,42.4745676,-82.8605327,,0.0,249.4257,271.5634,-43.9688,0.0,2.2648,-0.4334,118.8511,1.6879,1.6014,,,,,,,,,,,,,,,,,49.586,,0.0,,,,,,,,,,,,,,,,,,,,,
2026-08-26 19:49:35,42.4745676,-82.8605327,12.9167,0.0,249.4257,270.2456,-55.2205,0.0,3.593,-0.6202,118.8511,1.6879,1.6014,,,,,,,,,,,,,,,,,49.5057,,0.0,,,,,,,,,,,,,,,,,268.4824,,5097.113,,
2026-08-26 19:49:36,42.4745676,-82.8605327,,0.0,249.4257,269.6153,-85.2149,0.0,3.8084,-0.7673,118.8511,1.6879,1.6014,,,7.2765,17.1532,10.0,0.0047,48.092,17.5372,68.0029,0.0,0.0,,,,,,49.5057,,0.0,,,,,,,,,,,,,,,,,268.4621,,5096.7849,,
2026-08-26 19:49:37,42.4745676,-82.8605327,12.9823,0.0,249.4257,268.2689,-43.9722,0.0,2.7601,-0.2673,118.8511,1.6879,1.6014,,,,,,,,,,,,,,,,,49.5057,,0.0,,,,,,,,,,,,,,,,,268.4557,,5096.4569,,
2026-08-26 19:49:38,42.4745676,-82.8605327,,0.0,249.4257,268.6986,,0.0,,,118.8511,1.6879,1.6014,,,,,,,,,,,,,,,,,49.5057,,0.0,,,,,,,,,,,,,,,,,268.4478,,5096.4569,,
2026-08-26 19:49:39,42.4745676,-82.8605327,12.9823,0.0,249.4257,,57.2694,0.0,3.6018,0.0997,,,,,,,,,,,,,,,,,,,,,,,,,,,,,,,,,,,,,,,268.4531,,5096.4569,,
2026-08-26 19:49:40,42.4745676,-82.8605327,,0.0,249.4257,269.0768,-62.7251,0.0,2.7852,-0.1277,118.8511,1.6879,1.6014,,,7.2766,17.1532,10.0,0.0032,48.092,17.5372,67.6638,0.0,0.0,,,,,,49.5057,,0.0,,,,,,,,,,,,,,,,,268.4542,,5096.4569,,
2026-08-26 19:49:41,42.4745676,-82.8605327,12.8511,0.0,249.4257,267.736,-73.97,0.0,2.9218,0.2314,118.8511,1.6879,1.6014,,,,,,,,,,,,,,,,,49.5057,,0.0,,,,,,,,,,,,,,,,,268.4437,,5096.4569,,
2026-08-26 19:49:42,42.4745676,-82.8605327,,0.0,249.4257,266.1547,-115.2126,0.0,4.3222,-0.7137,118.8511,1.6879,1.6014,,,,,,,,,,,,,,,,,49.5057,,0.0,,,,,,,,,,,,,,,,,,,,,
2026-08-26 19:49:43,42.4745676,-82.8605327,13.1791,0.0,249.4257,264.4816,-62.7286,0.0,5.6849,-0.1558,118.8511,1.6879,1.6014,,,,,,,,,,,,,,,,,49.5057,,0.0,,,,,,,,,,,,,,,,,268.4055,,5095.4726,,
2026-08-26 19:49:44,42.4745676,-82.8605327,,0.0,249.4257,263.7826,-51.4699,0.0,3.4003,0.7944,118.8511,1.6879,1.6014,,,7.2767,17.1532,10.0,0.005,48.092,17.5372,68.1778,0.0,0.0,,,,,,51.3392,,0.0,,,,,,,,,,,,,,,,,268.4005,,5095.4726,,
2026-08-26 19:49:45,42.4745676,-82.8605327,12.8511,0.0,249.4257,261.6684,-130.215,0.0,3.5515,-0.4913,118.8511,1.6879,1.6014,,,,,,,,,,,,,,,,,51.3392,,0.0,,,,,,,,,,,,,,,,,268.3905,,5095.4726,,
2026-08-26 19:49:46,42.4745676,-82.8605327,,0.0,249.4257,258.7578,-122.7207,0.0,7.8188,-0.1149,118.8511,1.6879,1.6014,,,,,,,,,,,,,,,,,49.4427,,0.0,,,,,,,,,,,,,,,,,,,,,
2026-08-26 19:49:47,42.4745676,-82.8605327,13.2448,0.0,249.4257,256.8613,-77.7275,0.0,5.2716,-0.4538,118.8511,1.6879,1.6014,,,,,,,,,,,,,,,,,51.0126,,0.0,,,,,,,,,,,,,,,,,268.3539,,5094.4884,,
2026-08-26 19:49:48,42.4745676,-82.8605327,,0.0,249.4257,256.1566,-2.7227,0.0,3.0503,0.6666,118.8511,1.6879,1.6014,,,7.2768,17.1532,10.0,0.0038,48.092,17.5372,68.533,0.0,0.0,,,,,,51.11,,0.0,,,,,,,,,,,,,,,,,268.3404,,5094.4884,,
2026-08-26 19:49:49,42.4745676,-82.8605327,12.9167,0.0,249.4257,,27.2613,0.0,4.2891,0.6376,118.8511,1.6879,1.6014,,,,,,,,,,,,,,,,,50.4683,,0.0,,,,,,,,,,,,,,,,,268.3331,,5094.1603,,
2026-08-26 19:49:50,42.4745676,-82.8605327,,0.0,249.4257,255.8873,-6.4836,0.0,4.8911,0.344,118.8511,1.6879,1.6014,,,,,,,,,,,,,,,,,50.0844,,0.0,,,,,,,,,,,,,,,,,268.3339,,5094.1603,,
2026-08-26 19:49:51,42.4745676,-82.8605327,13.0479,0.0,249.4257,256.1909,,0.0,,,118.8511,1.6879,1.6014,,,,,,,,,,,,,,,,,50.0844,,0.0,,,,,,,,,,,,,,,,,,,,,
2026-08-26 19:49:52,42.4745676,-82.8605327,,0.0,249.4257,255.4117,-88.9792,0.0,5.1749,0.8966,118.8511,1.6879,1.6014,,,7.2768,17.1532,10.0,0.0027,48.092,17.5372,68.5834,0.0,0.0,,,,,,50.4053,,0.0,,,,,,,,,,,,,,,,,268.3154,,5093.8322,,
2026-08-26 19:49:53,42.4745676,-82.8605327,12.9823,0.0,249.4257,253.1714,-92.7401,0.0,4.5742,1.2458,118.8511,1.6879,1.6014,,,,,,,,,,,,,,,,,50.4282,,0.0,,,,,,,,,,,,,,,,,,,,,
2026-08-26 19:49:54,42.4745676,-82.8605327,,0.0,249.4257,250.4041,-130.2356,0.0,5.3776,1.7294,118.8511,1.6879,1.6014,,,,,,,,,,,,,,,,,50.4282,,0.0,,,,,,,,,,,,,,,,,268.2953,,5093.5041,,
2026-08-26 19:49:55,42.4745676,-82.8605327,12.9167,0.0,249.4257,245.5798,-220.2221,0.0,5.8022,0.3617,118.8511,1.6879,1.6014,,,,,,,,,,,,,,,,,51.11,,0.0,,,,,,,,,,,,,,,,,268.2712,,5093.176,,
2026-08-26 19:49:56,42.4745676,-82.8605327,,0.0,249.4257,238.0797,-276.4395,0.0,5.6931,1.2192,118.8511,1.6879,1.6014,,,7.2769,17.1532,10.0,0.0029,48.092,17.5372,69.6994,0.0,0.0,,,,,,50.4683,,0.0,,,,,,,,,,,,,,,,,268.2337,,5092.5198,,
2026-08-26 19:49:57,42.4745676,-82.8605327,12.8182,0.0,249.4257,232.6653,-190.1762,0.0,4.4966,0.5497,118.8511,1.6879,1.6014,,,,,,,,,,,,,,,,,50.4683,,0.0,,,,,,,,,,,,,,,,,268.1949,,5091.5356,,
2026-08-26 19:49:58,42.4745676,-82.8605327,,0.0,249.4257,228.0415,,0.0,,,118.8511,1.6879,1.6014,,,,,,,,,,,,,,,,,48.7151,,0.0,,,,,,,,,,,,,,,,,268.1844,,5091.5356,,
2026-08-26 19:49:59,42.4745676,-82.8605327,12.9167,0.0,249.4257,,-220.1911,0.0,4.2997,1.4459,118.8511,1.6879,1.6014,,,,,,,,,,,,,,,,,43.8908,,0.0,,,,,,,,,,,,,,,,,268.1801,,5091.2075,,
