timestamp,LAT,LON,DBS,SOG,COGt,HDGt,ROT,LEE,ROLL,PITCH,BRG,DTG,XTE,HDGmE,HDGmF,MFIT,MFITT,MSOLV,MNOIS,MAGB,MAGBT,MINCL,MCALF,MCALH,AWS,AWA,TWS,TWA,TWD,MROT,VMG,VMC,TGTA,TGTS,TVMG,PSPD,PSR,PVMG,PVMGR,BTA,BTVMG,GBA,GBVMG,VMAX,VMAXA,OWA,TACK,TTS,TTL,TTB,DSL,NLH,STA
2026-09-02 19:00:00,42.4757851,-82.8523224,15.082,9.8941,117.2329,120.1884,-53.952,0.0,-3.8804,1.7694,114.6032,0.1137,-0.1133,72.9333,,,,,,,,,,0.0,12.5389,94.3217,16.3925,130.2935,250.6442,-33.9715,,9.3887,,,,,,,,,,,,,,,,,1296.0252,,6907.8086,,
2026-09-02 19:00:01,42.4757655,-82.8522687,,10.1468,115.9323,119.0998,-80.2301,0.0,-4.6391,2.288,114.6015,0.1099,-0.1096,73.4324,117.0209,,,,,,,,,,11.5972,95.4836,16.1118,134.2337,252.6795,-33.7251,,10.2735,,,,,,,,,,,,,,,,,,,,,
2026-09-02 19:00:02,42.4757481,-82.852212,15.2133,9.6998,113.566,117.8909,-57.761,0.0,-2.3128,-0.6778,114.6668,0.1073,-0.107,74.3835,116.4938,,,,,,,,,,10.6583,89.3874,14.4593,132.5163,249.3888,-32.4761,,9.5363,,,,,,,,,,,,,,,,,1298.0193,,6918.3073,,
2026-09-02 19:00:03,42.475733,-82.8521565,,9.9719,110.7699,118.0341,84.768,0.0,-3.2806,0.9366,114.7889,0.1043,-0.104,71.6044,115.1645,3.2633,13.4814,10.0,0.003,48.092,19.0564,70.1558,0.0,,11.688,94.8023,15.9294,133.0162,248.526,-32.2183,,9.9498,,,,,,,,,,,,,,,,,1299.2758,,6924.869,,
2026-09-02 19:00:04,42.4757165,-82.8520939,15.1476,9.6998,111.956,118.5956,28.5195,0.0,-3.0622,0.9111,114.8979,0.1017,-0.1013,72.3167,115.6286,,,,,,,,,0.0,11.1024,94.1331,15.3584,133.862,249.1979,-32.2641,,9.7829,,,,,,,,,,,,,,,,,,,,,
2026-09-02 19:00:05,42.4757017,-82.852039,,9.4276,111.4747,,-181.4649,0.0,-3.5489,0.7799,115.0402,0.0991,-0.0988,72.2936,116.1672,,,,,,,,,,10.4298,94.4919,14.6612,134.8298,249.8851,-33.6793,,9.2754,,,,,,,,,,,,,,,,,1301.2979,,6935.6958,,
2026-09-02 19:00:06,42.4756898,-82.8519852,15.2133,9.3499,108.5469,116.4184,,0.0,-2.5623,0.6104,115.2564,0.0967,-0.0963,70.0775,113.3253,,,,,,,,,,10.2955,97.7515,14.7928,136.4,249.7372,-34.4929,,9.2335,,,,,,,,,,,,,,,,,,,,,
2026-09-02 19:00:07,42.4756793,-82.8519324,,9.3499,108.7818,115.9772,43.5528,0.0,-2.5206,1.0655,115.5162,0.0943,-0.0939,70.3542,114.8379,3.2633,13.4814,10.0,0.005,48.092,19.0564,70.1274,0.0,,10.424,99.4269,15.0814,137.0117,250.2872,-34.3898,,9.3341,,,,,,,,,,,,,,,,,1303.8143,,6949.1472,,
2026-09-02 19:00:08,42.475668,-82.85188,15.2789,9.0777,110.7585,118.5899,107.3196,0.0,,,115.7412,0.0919,-0.0915,,117.9949,,,,,,,,,0.0,10.5869,98.7154,14.9278,135.4911,249.8968,-34.2924,,8.9686,,,,,,,,,,,,,,,,,,,,,
2026-09-02 19:00:09,42.4756537,-82.8518253,,8.9028,111.3543,120.6697,36.0723,0.0,-3.8915,0.9673,115.8958,0.0894,-0.0889,73.7981,120.1894,,,,,,,,,,10.9868,98.6595,15.283,134.7089,251.5436,-34.3439,,9.0988,,,,,,,,,,,,,,,,,1305.8656,,6960.3021,,
2026-09-02 19:00:10,42.4756347,-82.8517686,15.3773,9.0583,115.0499,124.3309,186.1265,0.0,-4.8603,1.4235,115.9004,0.0869,-0.0864,73.3491,,,,,,,,,,,11.0819,98.1775,15.3261,134.2974,254.0894,,,9.3103,,,,,,,,,,,,,,,,,,,,,
2026-09-02 19:00:11,42.4756153,-82.8517196,,8.9805,117.1699,125.4367,28.6089,0.0,-5.7255,0.8755,115.8241,0.0844,-0.084,77.988,123.2203,3.2634,13.4814,10.0,0.0016,48.092,19.0564,70.1461,0.0,,10.4043,96.3922,14.6811,135.2288,256.7128,-34.47,,9.2511,,,,,,,,,,,,,,,,,1307.0775,,6966.5357,,
2026-09-02 19:00:12,42.4755956,-82.8516677,15.4429,9.3499,117.3704,121.6438,-226.3309,0.0,-4.9734,1.3992,,,,76.5652,122.2119,,,,,,,,,0.0,,,,,,-34.5387,,,,,,,,,,,,,,,,,,,,,,,
2026-09-02 19:00:13,42.4755784,-82.8516157,,9.3499,114.1332,117.7591,-170.0206,0.0,-1.1775,0.5536,115.82,0.0805,-0.0801,72.0068,117.3016,,,,,,,,,,9.4437,95.909,13.9252,137.5791,256.8935,-34.5617,,9.2716,,,,,,,,,,,,,,,,,1308.9971,,6976.7063,,
2026-09-02 19:00:14,42.4755625,-82.8515551,15.2789,10.3607,110.8387,116.3955,-27.471,0.0,-2.2957,1.9214,115.99,0.0778,-0.0774,67.5523,114.5285,,,,,,,,,,9.9799,94.2592,14.4992,136.6539,252.8181,-34.1434,,9.9133,,,,,,,,,,,,,,,,,,,,,
2026-09-02 19:00:15,42.4755452,-82.8514901,,10.9244,112.3742,115.0605,2.5233,0.0,-1.7727,2.0113,116.2418,0.0748,-0.0744,67.51,113.904,3.2634,13.4814,10.0,0.0055,48.092,19.0564,68.362,0.0,,10.4187,97.8768,15.9601,139.7116,254.3396,-34.1434,,10.797,,,,,,,,,,,,,,,,,1311.5854,,6990.4858,,
2026-09-02 19:00:16,42.4755278,-82.8514224,14.9508,11.4881,110.5694,,,0.0,,,116.5361,0.0717,-0.0713,,111.1309,,,,,,,,,0.0,9.7294,95.5387,15.6184,141.6814,254.9786,-33.92,,11.2132,,,,,,,,,,,,,,,,,1313.0961,,6998.6879,,
2026-09-02 19:00:17,42.4755138,-82.8513511,,11.5075,107.4124,112.3618,-124.9655,0.0,-1.5146,1.8252,117.0021,0.0685,-0.068,66.1229,110.0423,,,,,,,,,,9.6639,94.2829,15.6245,141.9185,252.165,-33.7022,,11.2367,,,,,,,,,,,,,,,,,1314.8206,,7007.8742,,
2026-09-02 19:00:18,42.4754951,-82.8512695,15.082,11.9741,109.2631,114.5104,160.0271,0.0,-1.0591,0.2738,117.5907,0.0652,-0.0647,65.5591,114.603,,,,,,,,,,8.5193,89.3061,14.5385,144.1305,254.7568,-33.3814,,11.5163,,,,,,,,,,,,,,,,,,,,,
2026-09-02 19:00:19,42.4754753,-82.8511987,,11.7019,109.8647,118.3779,84.9639,0.0,-4.1224,0.7495,118.0822,0.0618,-0.0613,72.6898,117.5996,3.2635,13.4814,10.0,0.001,48.092,19.0564,69.5958,0.0,,9.8557,87.3101,15.0429,139.1218,252.2287,-33.5017,,11.4666,,,,,,,,,,,,,,,,,1317.5328,,7022.3099,,
2026-09-02 19:00:20,42.4754534,-82.8511314,15.3117,11.6242,114.2592,119.3061,-181.2518,0.0,-2.8405,0.597,118.3527,0.0585,-0.0579,74.5517,113.8009,,,,,,,,,0.0,8.5692,84.8085,13.9346,142.2339,257.6924,-33.7366,,11.8054,,,,,,,,,,,,,,,,,1318.6309,,7028.2154,,
2026-09-02 19:00:21,42.4754369,-82.8510631,,11.2743,108.8161,112.0811,-252.4406,0.0,1.1625,0.4059,118.7722,0.0553,-0.0547,68.638,,,,,,,,,,,7.925,83.7236,13.1414,143.17,253.6269,-33.7366,,11.5349,,,,,,,,,,,,,,,,,,,,,
2026-09-02 19:00:22,42.4754254,-82.8509984,15.7054,10.6134,104.8742,111.5311,-1.2101,0.0,0.4399,-0.4587,119.586,0.0524,-0.0517,69.106,109.1771,,,,,,,,,,9.0593,82.842,13.1169,136.7424,244.5237,-33.6392,,10.7259,,,,,,,,,,,,,,,,,1321.9367,,7045.932,,
2026-09-02 19:00:23,42.4754138,-82.8509379,,10.2052,104.2955,112.528,,0.0,,,120.5156,0.0497,-0.0489,,109.71,3.2635,13.4814,10.0,0.0035,48.092,19.0564,67.478,0.0,,9.5213,86.5555,13.4315,134.9603,243.3359,-33.6621,,9.8105,,,,,,,,,,,,,,,,,1323.3627,,7053.4779,,
2026-09-02 19:00:24,42.4754023,-82.8508802,15.8038,9.5443,105.2523,112.6884,-31.2147,0.0,-1.3366,-0.3669,121.4006,0.0471,-0.0462,68.8651,110.2543,,,,,,,,,0.0,9.1328,88.838,13.1106,135.857,244.2026,-33.6392,,9.5052,,,,,,,,,,,,,,,,,1324.6662,,7060.3677,,
2026-09-02 19:00:25,42.4753932,-82.8508228,,9.1749,103.0121,112.3962,-34.9378,0.0,-1.68,0.4841,122.3594,0.0446,-0.0437,68.242,110.1683,,,,,,,,,,8.7483,91.1375,12.8567,137.1318,244.3243,-33.6163,,9.2617,,,,,,,,,,,,,,,,,,,,,
2026-09-02 19:00:26,42.4753798,-82.8507575,15.8038,10.0691,105.5847,,160.0993,0.0,-2.0197,-0.6754,123.5931,0.0422,-0.0411,66.7177,111.956,,,,,,,,,,8.6325,96.8495,13.8422,141.7433,251.7512,-33.5017,,8.9064,,,,,,,,,,,,,,,,,1327.4054,,7074.8034,,
2026-09-02 19:00:27,42.4753634,-82.8506979,,10.0497,110.8903,118.3722,208.8431,0.0,-4.2681,1.1707,124.6526,0.0395,-0.0382,73.0142,118.2585,3.2635,13.4814,10.0,0.0033,48.092,19.0564,69.5476,0.0,,9.4663,95.5717,14.4723,139.3824,253.4752,-33.6163,,9.583,,,,,,,,,,,,,,,,,,,,,
2026-09-02 19:00:28,42.4753427,-82.8506356,15.7054,10.73,115.5656,121.9703,205.1475,0.0,-5.4339,1.1808,126.014,0.0351,-0.0338,73.5735,121.2436,,,,,,,,,0.0,,,,,,-33.897,,10.3387,,,,,,,,,,,,,,,,,1329.2616,,7084.974,,
2026-09-02 19:00:29,42.4753201,-82.8505741,,11.6047,115.577,123.8554,-226.0628,0.0,-6.2067,1.8046,126.9287,0.032,-0.0307,74.8128,119.3185,,,,,,,,,,9.0751,97.8221,15.1328,143.5502,262.2814,-33.897,,11.3203,,,,,,,,,,,,,,,,,1330.1285,,7089.5672,,
2026-09-02 19:00:30,42.4752954,-82.8505083,16.1319,11.8963,115.8406,119.9478,-27.2579,0.0,-3.5069,1.6904,128.0737,0.0288,-0.0275,71.7681,117.1813,,,,,,,,,,9.95,95.8637,15.9232,141.5664,260.1501,-33.92,,11.665,,,,,,,,,,,,,,,,,1331.1637,,7095.1446,,
2026-09-02 19:00:31,42.4752723,-82.8504372,,12.5572,113.0732,119.0024,-4.7407,0.0,-3.4696,1.8023,130.0132,0.0255,-0.024,73.0177,,3.2636,13.4814,10.0,0.0016,48.092,19.0564,67.6651,0.0,,10.7118,94.3987,16.7959,140.5143,258.17,-33.897,,11.9996,,,,,,,,,,,,,,,,,,,,,
2026-09-02 19:00:32,42.4752481,-82.8503628,15.5085,12.4795,113.9728,119.0769,,0.0,,,132.6146,0.0221,-0.0204,,116.7516,,,,,,,,,0.0,11.5903,91.1834,17.2317,137.742,254.0436,-33.8627,,11.8948,,,,,,,,,,,,,,,,,1333.6121,,7107.9399,,
2026-09-02 19:00:33,42.4752263,-82.8502891,,12.3628,111.2168,116.3955,-42.2671,0.0,-3.5853,0.5756,136.4681,0.0188,-0.0169,73.6157,116.5625,,,,,,,,,,10.7379,87.4518,16.2299,138.6268,254.8734,,,11.3258,,,,,,,,,,,,,,,,,,,,,
2026-09-02 19:00:34,42.4752062,-82.8502086,16.1975,12.2073,109.2229,114.5563,10.2617,0.0,-1.2433,0.5935,142.2515,0.0159,-0.0135,69.2529,111.1366,,,,,,,,,,8.6263,89.0776,14.8634,144.5287,256.8384,-34.2752,,10.3161,,,,,,,,,,,,,,,,,1336.6569,,7124.3441,,
2026-09-02 19:00:35,42.4751893,-82.8501383,,11.5464,108.9594,115.2553,-169.7491,0.0,-2.8062,0.5993,150.2026,0.0133,-0.0102,72.1348,113.629,3.2636,13.4814,10.0,0.0067,48.092,19.0564,67.5159,0.0,,8.8093,90.7753,14.8842,143.7152,254.7432,-33.1121,,8.8065,,,,,,,,,,,,,,,,,,,,,
2026-09-02 19:00:36,42.4751719,-82.8500682,16.0663,11.5464,110.1741,114.8771,-42.219,0.0,-2.4069,-0.1459,161.5309,0.0111,-0.0069,71.1699,112.9701,,,,,,,,,0.0,8.9613,78.2748,13.2269,138.4428,250.2133,-33.7251,,7.2355,,,,,,,,,,,,,,,,,1339.5579,,7139.764,,
2026-09-02 19:00:37,42.4751558,-82.849997,,11.7019,108.8333,,,0.0,,,177.872,0.0095,-0.0036,68.3834,111.1538,,,,,,,,,,9.1042,90.4229,14.8601,142.2187,253.1109,-33.7538,,4.1392,,,,,,,,,,,,,,,,,,,,,
2026-09-02 19:00:38,42.4751391,-82.8499257,16.1975,11.8185,106.765,112.7343,-19.6845,0.0,-1.3829,-0.5999,198.1884,0.009,-0.0003,,110.0251,,,,,,,,,,8.1656,88.2992,14.1245,144.6997,254.533,-33.7538,,-0.1296,,,,,,,,,,,,,,,,,1342.7143,,7156.4963,,
2026-09-02 19:00:39,42.4751249,-82.8498562,,11.5464,105.5044,111.3935,-128.4205,0.0,-1.5145,0.7689,217.446,0.0097,0.0028,67.9572,108.5354,3.2637,13.4814,10.0,0.0039,48.092,19.0564,66.7134,0.0,,8.564,85.8811,13.9142,142.1282,250.0346,-33.7366,,-4.5705,,,,,,,,,,,,,,,,,,,,,
2026-09-02 19:00:40,42.4751122,-82.8497868,16.1975,11.3715,103.5793,110.5112,-68.3974,0.0,-1.6211,0.6651,,,,66.6108,108.1916,,,,,,,,,0.0,9.1169,88.9296,14.5182,141.108,247.6191,-33.6621,,,,,,,,,,,,,,,,,,,1346.012,,7174.2128,,
2026-09-02 19:00:41,42.475097,-82.8497092,,11.7214,105.5503,111.6972,130.3559,0.0,-2.1163,-0.6105,238.0779,0.0124,0.0076,65.635,110.0022,,,,,,,,,,8.89,84.6538,13.8771,140.3693,247.8719,-33.6793,,-8.0125,,,,,,,,,,,,,,,,,,,,,
2026-09-02 19:00:42,42.4750827,-82.8496407,16.0007,11.4298,105.344,112.7629,-19.6295,0.0,-4.1953,1.0486,247.3871,0.0148,0.0108,67.3814,,,,,,,,,,,9.4171,90.9103,14.957,140.9845,248.7561,-33.7022,,-9.269,,,,,,,,,,,,,,,,,1349.1903,,7190.9451,,
2026-09-02 19:00:43,,,,11.5853,105.1378,112.7285,-12.1112,0.0,-2.8928,0.7257,254.0205,0.0173,0.014,67.2012,110.5293,3.2637,13.4814,10.0,0.0053,48.092,19.0564,67.2077,0.0,,8.4573,89.584,14.3527,143.8976,252.2879,-34.0517,,-9.6037,,,,,,,,,,,,,,,,,1350.6923,,7199.1472,,
2026-09-02 19:00:44,42.4750683,-82.8495714,15.8694,11.3715,105.8654,111.2045,-4.5928,0.0,-1.9685,-0.4662,258.628,0.0201,0.0171,66.303,109.8933,,,,,,,,,0.0,8.0257,84.3245,13.3474,143.2483,250.7277,-33.897,,-10.5237,,,,,,,,,,,,,,,,,,,,,
2026-09-02 19:00:45,42.475055,-82.849502,,11.3715,102.8287,111.2618,-120.8334,0.0,-2.0122,1.2672,263.5911,0.0246,0.0219,67.8726,109.4063,,,,,,,,,,8.4251,91.2709,14.3144,143.9541,250.291,-33.5246,,-10.9569,,,,,,,,,,,,,,,,,1354.0321,,7216.8637,,
2026-09-02 19:00:46,42.4750416,-82.8494306,14.1634,10.9633,104.1523,111.8404,,0.0,,,265.958,0.0275,0.0251,66.8787,109.0167,,,,,,,,,,7.1886,82.5033,12.6192,145.6125,252.2767,-33.5819,,-10.957,,,,,,,,,,,,,,,,,1355.7154,,7225.722,,
2026-09-02 19:00:47,42.4750279,-82.8493624,,11.2743,104.4216,,92.9292,0.0,-0.6637,0.0233,,,,67.9907,110.3116,,,,,,,,,,,,,,,-33.3298,,,,,,,,,,,,,,,,,,,1357.2349,,7233.9241,,
2026-09-02 19:00:48,42.4750142,-82.8492929,14.2946,11.3715,103.1496,110.5737,-237.0567,0.0,-1.7765,-0.5284,268.6793,0.032,0.0298,,107.8192,3.2637,13.4814,10.0,0.0045,48.092,19.0564,66.8176,0.0,0.0,7.9098,84.9578,13.1549,143.2048,249.8523,-33.3814,,-10.4346,,,,,,,,,,,,,,,,,,,,,
2026-09-02 19:00:49,42.4750032,-82.8492233,,11.1771,102.8574,109.7314,-60.7725,0.0,-0.4898,0.1328,269.9132,0.0356,0.0333,65.6545,107.1488,,,,,,,,,,7.417,85.7161,12.9815,145.2668,250.493,-33.3986,,-11.1278,,,,,,,,,,,,,,,,,1360.9406,,7253.6092,,
2026-09-02 19:00:50,42.47499158135755,-82.8491453389735,13.3432,10.8272,100.5312,109.0152,-19.5127,,-0.0867,-0.2205,270.7921,0.0387,0.0364,64.2576,106.6389,,,,,,,,,,7.5017,82.9687,12.5956,143.7645,247.9467,-33.3298,,-10.4461,,,,,,,,,,,,,,,,,1362.8318,,7263.7798,,
2026-09-02 19:00:51,42.47498242075897,-82.84907539415325,,10.8272,100.6228,108.1558,-102.0151,0.0,0.0735,-0.1456,271.4564,0.0413,0.0391,64.4627,104.9773,3.2638,13.4814,10.0,0.004,48.092,19.0564,66.0552,0.0,,7.7043,84.7374,12.791,143.1459,246.531,-33.1522,,-10.8512,,,,,,,,,,,,,,,,,,,,,
2026-09-02 19:00:52,42.47497300613231,-82.84901030442838,13.2448,10.0691,97.0476,106.626,-98.2302,0.0,-0.0059,0.8151,272.0382,0.0442,0.042,62.8533,,,,,,,,,,0.0,7.6969,87.3303,12.84,143.2161,245.4776,-33.0491,,-10.4203,,,,,,,,,,,,,,,,,1366.2669,,7282.1525,,
2026-09-02 19:00:53,42.474965086369785,-82.84894759057326,13.0479,10.2052,96.9273,106.4312,66.7782,0.0,1.0131,-0.2895,272.4817,0.047,0.0447,61.3114,103.7798,,,,,,,,,,7.3924,86.174,12.2834,143.0958,243.8757,-33.0089,,-10.3698,,,,,,,,,,,,,,,,,1368.0378,,7291.6669,,
2026-09-02 19:00:54,42.4749581378736,-82.84888516797541,,9.8941,99.9296,109.485,66.7679,0.0,-2.2762,0.5064,272.8278,0.0498,0.0475,63.2447,105.5274,,,,,,,,,,7.9419,91.8136,13.1028,142.712,244.4557,-33.0261,,-10.1693,,,,,,,,,,,,,,,,,,,,,
2026-09-02 19:00:55,42.47495064639367,-82.84882375023577,13.2448,10.4773,99.729,108.7688,-15.6727,0.0,-0.5481,0.4187,273.2002,0.0525,0.0502,61.4758,107.1718,3.2638,13.4814,10.0,0.0053,48.092,19.0564,66.6049,0.0,,6.2338,89.3066,11.6581,147.6781,250.3695,-33.0261,,-9.9911,,,,,,,,,,,,,,,,,1371.3106,,7309.0554,,
2026-09-02 19:00:56,42.4749415,-82.848755,,10.4773,99.4311,,,0.0,,,,,,61.9858,106.4785,,,,,,,,,0.0,6.6226,93.523,12.6029,148.3663,251.3562,,,,,,,,,,,,,,,,,,,,1373.0648,,7318.2417,,
2026-09-02 19:00:57,42.474933,-82.8486887,13.4744,10.1663,100.2504,109.3647,36.8251,0.0,-1.215,0.7683,273.7534,0.0571,0.0548,62.4741,106.8624,,,,,,,,,,8.1441,88.6993,12.9494,141.0417,244.5911,-33.0261,,-10.3178,,,,,,,,,,,,,,,,,,,,,
2026-09-02 19:00:58,42.474924,-82.8486254,,10.5356,101.3047,107.8464,-30.651,0.0,-1.417,0.5655,274.0992,0.06,0.0576,,105.9743,,,,,,,,,,7.5726,95.0126,13.3768,145.6715,248.9997,-33.0261,,-10.2014,,,,,,,,,,,,,,,,,1376.4182,,7336.2863,,
2026-09-02 19:00:59,42.4749148,-82.8485628,13.1135,10.2635,102.9261,110.7456,108.0862,0.0,-1.2149,1.5627,274.4003,0.0628,0.0603,62.1242,109.011,3.2638,13.4814,10.0,0.0029,48.092,19.0564,66.7043,0.0,,8.3577,90.6922,13.505,141.7704,246.8897,-32.8714,,-10.3543,,,,,,,,,,,,,,,,,1377.9911,,7344.4884,,
2026-09-02 19:01:00,42.4749048,-82.848497,,10.6522,102.8287,110.9289,-38.1315,0.0,-2.7492,0.2633,274.8568,0.0669,0.0644,65.1815,108.0598,,,,,,,,,0.0,8.1061,89.6993,13.26,142.3153,247.5409,-32.8714,,-10.1619,,,,,,,,,,,,,,,,,,,,,
2026-09-02 19:01:01,42.4748951,-82.8484311,12.9167,11.0021,103.4132,109.9892,183.1425,0.0,-1.366,0.4691,275.1339,0.0699,0.0674,64.0107,108.6729,,,,,,,,,,,,,,,-32.986,,-10.5563,,,,,,,,,,,,,,,,,1381.4481,,7362.8611,,
2026-09-02 19:01:02,42.4748839,-82.8483618,,11.0216,105.1378,112.8712,,0.0,-3.4404,1.6509,275.462,0.073,0.0705,65.3014,110.6553,,,,,,,,,,7.5988,90.8079,13.3673,145.3608,251.3125,-32.9173,,-10.8964,,,,,,,,,,,,,,,,,1382.9013,,7370.7351,,
2026-09-02 19:01:03,42.4748689,-82.8482922,13.1135,11.0993,105.7451,111.0779,-38.1177,0.0,,,,,,68.3364,,3.2639,13.4814,10.0,0.0035,48.092,19.0564,66.4793,0.0,,8.982,90.076,14.2657,140.9775,248.34,-33.3986,,,,,,,,,,,,,,,,,,,,,,,
2026-09-02 19:01:04,42.4748547,-82.848219,,11.6825,103.9804,112.4816,25.6593,0.0,-3.2633,0.6489,276.0634,0.0776,0.0752,66.399,108.6156,,,,,,,,,0.0,8.1818,84.3466,13.2391,142.0479,249.8923,-33.2209,,-11.0774,,,,,,,,,,,,,,,,,1386.0867,,7387.7955,,
2026-09-02 19:01:05,42.4748407,-82.8481488,13.1791,,,112.5274,70.6663,0.0,-4.6023,1.7045,276.4689,0.0811,0.0787,68.2973,110.4777,,,,,,,,,,9.6931,88.0339,14.8358,139.234,246.9944,-33.5819,,-11.5727,,,,,,,,,,,,,,,,,,,,,
2026-09-02 19:01:06,42.4748263,-82.8480757,13.8025,12.3628,106.5243,,-0.5569,0.0,-4.0816,0.8224,276.768,0.0843,0.082,67.1512,110.0022,,,,,,,,,,9.1986,81.7517,14.1542,139.972,249.1179,-33.7251,,-11.8179,,,,,,,,,,,,,,,,,1389.388,,7405.184,,
2026-09-02 19:01:07,42.4748102,-82.8480027,,12.1879,105.0174,111.9831,-473.0443,0.0,-5.1988,1.0992,277.1812,0.0877,0.0854,64.879,107.0801,3.2639,13.4814,10.0,0.0064,48.092,19.0564,65.9182,0.0,,9.3789,83.8898,14.6459,140.451,248.2521,-33.9543,,-12.1972,,,,,,,,,,,,,,,,,,,,,
2026-09-02 19:01:08,42.4747983,-82.8479263,13.2448,12.46,103.0522,106.7119,-94.2527,0.0,-0.2416,1.334,277.3744,0.0911,0.0888,63.2382,103.6366,,,,,,,,,0.0,8.0518,76.9276,13.2029,143.5554,248.3224,-33.5017,,-12.5549,,,,,,,,,,,,,,,,,1393.3851,,7426.5094,,
2026-09-02 19:01:09,42.4747882,-82.8478483,,12.5766,100.1301,105.1134,25.7556,0.0,-1.5545,-0.0786,277.5113,0.0946,0.0922,63.6543,102.9491,,,,,,,,,,8.4334,78.8419,13.709,142.8758,244.5843,-33.4673,,-12.4718,,,,,,,,,,,,,,,,,1395.4917,,7437.9924,,
2026-09-02 19:01:10,42.4747798,-82.8477738,13.3104,12.2656,99.9697,106.1332,-187.9829,0.0,-2.4897,-0.312,277.5433,0.0976,0.0952,,103.1095,,,,,,,,,,9.1788,78.6262,13.7961,139.2886,241.0519,-33.5991,,-12.2975,,,,,,,,,,,,,,,,,1397.5953,,7449.1472,,
2026-09-02 19:01:11,42.4747712,-82.8476899,,11.9546,98.9727,103.9904,82.0143,0.0,,,277.5751,0.101,0.0985,62.5876,102.5251,3.264,13.4814,10.0,0.0049,48.092,19.0564,66.1159,0.0,,8.1337,82.77,13.7666,144.1171,244.1662,-33.8397,,-12.2411,,,,,,,,,,,,,,,,,1400.0431,,7462.2706,,
2026-09-02 19:01:12,42.4747641,-82.8476152,12.9823,12.3045,100.5942,105.7093,7.0199,0.0,-0.6989,-0.1342,277.562,0.1047,0.1021,62.1766,103.734,,,,,,,,,0.0,7.4037,79.3526,12.8948,145.648,245.6439,-33.7939,,-12.4011,,,,,,,,,,,,,,,,,,,,,
2026-09-02 19:01:13,42.4747577,-82.8475414,,11.5853,97.8956,107.3365,,0.0,-0.7059,0.4992,277.5433,0.108,0.1053,62.6607,,,,,,,,,,,7.9236,84.0482,13.3742,143.8953,244.5597,-33.8168,,-12.0706,,,,,,,,,,,,,,,,,1404.0458,,7483.596,,
2026-09-02 19:01:14,42.4747519,-82.8474707,12.1293,11.0604,99.2248,109.1871,70.7626,0.0,-2.2207,-0.1438,277.5025,0.1112,0.1085,64.6801,105.6706,,,,,,,,,,8.5731,89.0085,14.0025,142.2536,244.1657,-33.7939,,-11.1944,,,,,,,,,,,,,,,,,1405.9252,,7493.4386,,
2026-09-02 19:01:15,42.4747443,-82.8474019,,10.6911,99.8608,109.1699,-19.2136,0.0,-2.7454,0.0368,277.5297,0.1144,0.1115,64.7671,107.0056,3.264,13.4814,10.0,0.0046,48.092,19.0564,66.3344,0.0,,7.6686,94.8105,13.8209,146.4336,248.8612,-41.5919,,-11.0775,,,,,,,,,,,,,,,,,,,,,
2026-09-02 19:01:16,42.4747347,-82.8473338,13.1135,10.8078,101.7802,112.8254,78.305,0.0,-1.1153,0.3827,277.5983,0.1174,0.1145,65.8411,107.2806,,,,,,,,,0.0,7.3842,92.5524,13.3462,146.4454,250.6922,-34.9398,,-10.9405,,,,,,,,,,,,,,,,,1409.4468,,7512.1393,,
2026-09-02 19:01:17,42.474724,-82.8472679,,10.73,106.3868,,183.2972,0.0,-4.3947,1.1689,277.6934,0.1204,0.1175,69.7263,112.3456,,,,,,,,,,8.2314,97.5259,14.3161,145.2482,252.291,-40.8814,,-10.7114,,,,,,,,,,,,,,,,,,,,,
2026-09-02 19:01:18,42.4747121,-82.8472014,13.1135,10.3412,104.4674,115.3464,-56.6919,0.0,-4.0187,-0.4228,277.8252,0.1235,0.1205,,112.5862,,,,,,,,,,6.8093,102.5684,13.9302,151.5036,260.2096,,,-10.8002,,,,,,,,,,,,,,,,,1412.4743,,7528.2155,,
2026-09-02 19:01:19,42.4746964,-82.847127,,10.6911,106.1175,114.0114,18.3473,0.0,-1.6984,0.3693,278.0107,0.1265,0.1235,68.5147,111.5492,3.264,13.4814,10.0,0.0062,48.092,19.0564,66.0269,0.0,,6.8048,97.4341,13.5049,150.0237,258.2899,-52.1572,,-10.8075,,,,,,,,,,,,,,,,,,,,,
2026-09-02 19:01:20,42.4746819,-82.8470594,12.687,10.5939,104.2898,113.0087,-131.6244,0.0,,,278.189,0.1295,0.1266,68.6751,109.5782,,,,,,,,,0.0,,,,,,-43.6946,,-10.6014,,,,,,,,,,,,,,,,,1415.6621,,7545.2758,,
2026-09-02 19:01:21,42.4746695,-82.8469909,,11.0604,103.2241,110.5851,-7.8621,0.0,-2.0234,0.6912,278.4254,0.1342,0.1313,66.3793,108.2604,,,,,,,,,,7.5867,95.0531,13.777,146.7332,253.5769,-44.004,,-11.1883,,,,,,,,,,,,,,,,,1417.3619,,7554.4622,,
2026-09-02 19:01:22,42.4746552,-82.8469236,12.3261,10.8272,102.3417,111.1925,,0.0,-0.6693,0.4404,278.5976,0.1373,0.1344,66.0817,108.587,,,,,,,,,,7.5679,85.175,12.589,143.2004,248.701,-39.6152,,-10.8902,,,,,,,,,,,,,,,,,,,,,
2026-09-02 19:01:23,42.4746442,-82.8468582,,9.9525,101.15,110.2127,-105.3773,0.0,-2.8183,0.0426,278.6876,0.1403,0.1374,66.5438,,3.2641,13.4814,10.0,0.0053,48.092,19.0564,65.7608,0.0,,8.5577,89.1104,13.3515,140.1425,245.4511,-41.8669,,-10.6394,,,,,,,,,,,,,,,,,1420.5254,,7571.1945,,
2026-09-02 19:01:24,42.4746342,-82.8467918,12.1293,10.2246,100.7775,109.6283,-4.1047,0.0,-1.5627,0.5575,278.7473,0.1433,0.1403,65.9679,107.951,,,,,,,,,0.0,6.9472,95.0227,13.0559,147.9896,252.2937,-43.5055,,-10.8001,,,,,,,,,,,,,,,,,,,,,
2026-09-02 19:01:25,42.4746241,-82.8467282,,10.1468,100.7145,108.6199,-82.8634,0.0,-0.3909,-1.0985,278.8144,0.1461,0.1432,64.8855,106.6676,,,,,,,,,,5.7036,86.5455,11.3479,149.8876,252.8283,-43.5285,,-10.1627,,,,,,,,,,,,,,,,,1423.9283,,7589.5672,,
2026-09-02 19:01:26,42.4746165,-82.8466707,12.6214,9.6803,94.1885,111.6336,142.1233,0.0,-1.8006,0.3327,278.8379,0.1487,0.1457,66.5089,107.4582,,,,,,,,,,8.1315,89.2133,12.6215,139.8943,242.6766,-36.1831,,-9.7311,,,,,,,,,,,,,,,,,,,,,
2026-09-02 19:01:27,42.4746068,-82.846607,,9.6414,100.6687,,-60.3496,0.0,-1.0883,-0.0968,,,,67.3358,109.71,3.2641,13.4814,10.0,0.0064,48.092,19.0564,65.9712,0.0,,9.3924,90.4703,13.4215,135.5905,241.4581,-38.7786,,,,,,,,,,,,,,,,,,,1426.9003,,7605.3152,,
2026-09-02 19:01:28,42.4745973,-82.8465498,12.9823,9.4665,102.3188,110.8831,149.6623,0.0,-0.8588,-0.3508,278.9075,0.1526,0.1496,67.0038,108.7588,,,,,,,,,0.0,10.7759,94.7398,14.9123,133.9334,240.9835,-38.813,,-9.4994,,,,,,,,,,,,,,,,,,,,,
2026-09-02 19:01:29,42.4745873,-82.8464915,,9.7581,102.972,112.3498,,0.0,,,278.9761,0.1552,0.1522,,110.3631,,,,,,,,,,11.5684,100.2786,16.267,135.5932,243.5406,-43.1331,,-9.4651,,,,,,,,,,,,,,,,,1429.5764,,7619.4228,,
2026-09-02 19:01:30,42.4745742,-82.8464311,12.4902,10.0302,104.5361,112.8082,25.9481,0.0,-1.8982,0.6188,279.054,0.1579,0.1548,66.719,110.6553,,,,,,,,,,11.4768,103.1915,16.8203,138.3704,247.3533,-45.4078,,-9.5682,,,,,,,,,,,,,,,,,,,,,
2026-09-02 19:01:31,42.4745622,-82.8463708,,10.5551,105.2237,113.4041,59.7309,0.0,-2.0977,0.9188,279.1903,0.1607,0.1577,67.2599,110.4319,3.2641,13.4814,10.0,0.0043,48.092,19.0564,65.4611,0.0,,11.591,103.8417,17.4155,139.742,249.1347,-46.0495,,-9.8002,,,,,,,,,,,,,,,,,1432.3141,,7634.1866,,
2026-09-02 19:01:32,42.4745502,-82.8463016,12.7526,11.0216,104.9888,110.8258,-120.2008,0.0,-2.2542,1.1727,279.3006,0.1635,0.1605,65.0213,107.7905,,,,,,,,,0.0,10.3719,105.9513,17.2137,144.596,252.4907,-51.1545,,-10.5979,,,,,,,,,,,,,,,,,,,,,
2026-09-02 19:01:33,42.4745387,-82.8462288,,12.0712,102.2157,108.1386,-165.17,0.0,-2.0286,1.5455,279.3661,0.1668,0.1637,63.2686,104.708,,,,,,,,,,10.3387,103.4126,17.6137,145.1827,250.9201,-51.1774,,-11.3507,,,,,,,,,,,,,,,,,1436.0707,,7654.1997,,
2026-09-02 19:01:34,42.4745278,-82.8461518,12.9167,12.6933,101.4766,105.2623,-67.6274,0.0,-1.0061,1.5992,279.4045,0.1701,0.167,60.0007,,,,,,,,,,,10.2565,103.9764,18.4401,147.3341,251.4824,-53.4865,,-12.2893,,,,,,,,,,,,,,,,,,,,,
2026-09-02 19:01:35,42.4745167,-82.8460579,,13.8013,99.8436,103.9503,-146.3896,0.0,-2.8317,1.4841,279.4253,0.1737,0.1706,60.7763,102.8115,3.2642,13.4814,10.0,0.0023,48.092,19.0564,64.2361,0.0,,10.9456,99.0827,18.952,145.229,247.6007,-52.902,,-13.0715,,,,,,,,,,,,,,,,,1440.7843,,7679.1341,,
2026-09-02 19:01:36,42.4745088,-82.8459686,12.7526,14.0928,96.3371,98.5244,-348.8282,0.0,-0.7367,0.7827,279.3664,0.1797,0.1764,57.7969,99.7004,,,,,,,,,0.0,8.349,94.0678,16.9745,150.619,248.1215,-52.6901,,-13.9935,,,,,,,,,,,,,,,,,,,,,
2026-09-02 19:01:37,42.4745127,-82.8458799,,14.365,91.0315,95.459,-86.3459,0.0,0.247,0.4791,279.1174,0.1835,0.18,54.9638,94.0166,,,,,,,,,,,,,,,-51.9567,,-14.0104,,,,,,,,,,,,,,,,,1446.5496,,7709.974,,
2026-09-02 19:01:38,42.4745168,-82.8457893,13.3104,14.4816,92.5098,,104.8788,0.0,0.9038,0.401,278.8435,0.1874,0.1836,55.1784,94.2229,,,,,,,,,,7.77,89.9985,16.2669,151.4674,244.0747,-44.9265,,-14.0458,,,,,,,,,,,,,,,,,1449.7604,,7727.0344,,
2026-09-02 19:01:39,42.4745143,-82.8457012,,14.1123,91.7535,97.8254,,0.0,,,278.7087,0.1913,0.1874,,94.8474,,,,,,,,,,8.1494,83.7756,15.6506,148.826,241.9613,-45.8833,,-14.046,,,,,,,,,,,,,,,,,,,,,
2026-09-02 19:01:40,42.4745158,-82.8456144,12.8511,13.8207,90.0632,94.3475,-292.6416,0.0,-0.921,-0.2896,278.5216,0.1951,0.191,56.8425,92.0915,3.2642,13.4814,10.0,0.0034,48.092,19.0564,63.8802,0.0,0.0,9.1668,81.9953,15.4863,144.1148,236.2004,-38.114,,-13.7413,,,,,,,,,,,,,,,,,1455.6709,,7758.5304,,
2026-09-02 19:01:41,42.4745183,-82.8455308,,13.0237,88.9402,96.582,112.3799,0.0,2.328,-0.5832,278.3179,0.1988,0.1944,54.0945,95.7011,,,,,,,,,,7.2988,75.1747,13.6353,148.8375,238.2287,-42.8753,,-13.1747,,,,,,,,,,,,,,,,,1458.4728,,7773.6223,,
2026-09-02 19:01:42,42.4745183,-82.8454426,13.0479,12.8488,91.0086,98.3009,-15.1639,0.0,-3.3465,-0.596,278.1633,0.2023,0.1978,57.0409,95.0365,,,,,,,,,,7.9469,88.6593,15.1133,148.2864,240.8533,-45.2588,,-12.6625,,,,,,,,,,,,,,,,,1461.4358,,7789.3703,,
2026-09-02 19:01:43,42.4745226,-82.8453628,,12.6738,86.0926,95.0809,-225.0968,0.0,-0.1772,0.0339,277.9719,0.2058,0.201,53.9753,92.8421,3.2643,13.4814,10.0,0.0065,48.092,19.0564,64.6069,0.0,,5.9115,94.3618,14.5136,156.0383,246.6001,,,-13.0558,,,,,,,,,,,,,,,,,1464.4179,,7805.1184,,
2026-09-02 19:01:44,42.4745266,-82.8452859,12.687,11.8574,86.6656,96.2956,44.9004,0.0,1.9145,-0.1447,277.779,0.2092,0.2042,54.2311,,,,,,,,,,0.0,5.5003,87.5099,13.5934,156.1561,244.5268,-40.1881,,-12.5673,,,,,,,,,,,,,,,,,1466.8958,,7818.5698,,
2026-09-02 19:01:45,42.4745297,-82.845215,,11.7602,88.9632,98.49,29.8878,0.0,-0.5647,-0.5053,,,,56.2757,95.1282,,,,,,,,,,6.9523,97.388,14.53,151.6729,241.666,-36.9795,,,,,,,,,,,,,,,,,,,1469.3615,,7831.6932,,
2026-09-02 19:01:46,42.4745325,-82.845146,12.687,11.3131,87.3073,98.7879,-33.8343,0.0,,,277.5322,0.2139,0.2086,,96.4231,,,,,,,,,,6.3645,104.4121,14.3348,154.5312,245.2708,-41.5231,,-11.629,,,,,,,,,,,,,,,,,1471.8587,,7844.8165,,
2026-09-02 19:01:47,42.4745344,-82.8450786,,11.216,88.5735,102.3517,213.6456,0.0,-0.1066,-0.4214,277.3818,0.2169,0.2113,56.007,97.1679,3.2643,13.4814,10.0,0.0058,48.092,19.0564,66.4335,0.0,,6.5628,115.7756,15.0206,156.8306,248.5216,-41.1392,,-11.1387,,,,,,,,,,,,,,,,,,,,,
2026-09-02 19:01:48,42.4745349,-82.8450155,12.8182,10.3412,91.0774,,,0.0,-2.4426,-0.0924,277.2596,0.2198,0.2141,58.5354,102.1355,,,,,,,,,0.0,7.4584,109.44,14.758,151.5383,246.934,-37.2718,,-11.0873,,,,,,,,,,,,,,,,,1476.1223,,7867.4543,,
2026-09-02 19:01:49,42.4745298,-82.8449458,,10.3801,95.8157,107.6516,243.6469,0.0,-5.7764,0.0758,277.1675,0.2228,0.217,62.3074,106.5358,,,,,,,,,,6.5753,117.9093,14.5786,156.5115,256.009,-44.2848,,-10.2829,,,,,,,,,,,,,,,,,1478.0856,,7877.953,,
2026-09-02 19:01:50,42.4745228,-82.8448791,12.9823,11.1576,98.6118,108.8491,22.5069,0.0,-2.8513,1.4313,277.159,0.2257,0.2197,60.3659,106.5931,,,,,,,,,,6.2645,125.6707,15.367,160.66,262.7801,-48.072,,-10.1853,,,,,,,,,,,,,,,,,,,,,
2026-09-02 19:01:51,42.4745145,-82.8448111,,11.2743,101.488,110.4934,183.7716,0.0,,,277.1778,0.2287,0.2227,,109.1427,,,,,,,,,,8.0267,113.0258,16.0127,152.5268,256.6477,-44.1931,,-11.1323,,,,,,,,,,,,,,,,,1481.6787,,7897.31,,
2026-09-02 19:01:52,42.4745044,-82.8447375,12.7526,11.352,100.4681,111.6566,161.2716,0.0,-2.0667,1.1861,277.2099,0.2317,0.2257,63.813,108.0999,3.2643,13.4814,10.0,0.0046,48.092,19.0564,66.3296,0.0,0.0,,,,,,-44.0327,,-10.8715,,,,,,,,,,,,,,,,,,,,,
2026-09-02 19:01:53,42.4744929,-82.8446618,,11.4881,102.3303,110.1611,123.8036,0.0,-2.8169,0.3502,277.2595,0.2351,0.2289,64.0535,108.5812,,,,,,,,,,8.6088,111.4046,16.4614,150.8633,255.3188,-51.2691,,-10.9697,,,,,,,,,,,,,,,,,1485.4148,,7916.995,,
2026-09-02 19:01:54,42.4744826,-82.8445872,12.8182,12.46,102.4506,112.6306,176.2945,0.0,-3.903,2.0531,277.3212,0.2382,0.232,67.3428,110.5522,,,,,,,,,,8.4046,103.9693,16.2493,149.8722,255.4802,-48.6335,,-11.6566,,,,,,,,,,,,,,,,,1487.3008,,7927.1656,,
2026-09-02 19:01:55,42.4744695,-82.8445092,,12.6738,101.975,111.9029,15.0608,0.0,-3.4908,0.01,277.4064,0.2433,0.2371,67.6738,,3.2644,13.4814,10.0,0.0023,48.092,19.0564,66.0628,0.0,,9.0986,98.8619,16.4824,146.9461,254.6168,-54.6897,,-12.2844,,,,,,,,,,,,,,,,,1489.1571,,7937.0081,,
2026-09-02 19:01:56,42.4744524,-82.8444204,13.0479,13.0626,105.3096,112.5274,116.2818,0.0,-2.4012,1.5489,277.5098,0.2473,0.2411,68.0458,109.0281,,,,,,,,,0.0,10.1514,105.4458,18.4794,148.0287,255.7166,-53.0453,,-12.9952,,,,,,,,,,,,,,,,,1491.3496,,7948.8192,,
2026-09-02 19:01:57,42.4744397,-82.8443395,13.1135,13.1404,104.221,109.9434,-408.7206,0.0,,,277.5837,0.251,0.2447,70.308,110.7298,,,,,,,,,,10.756,92.2154,17.2972,141.5835,249.904,-51.5269,,-13.1728,,,,,,,,,,,,,,,,,,,,,
2026-09-02 19:01:58,,,,12.8293,103.2699,,-71.1992,0.0,-1.8449,0.1497,277.6842,0.2543,0.2481,66.5928,105.6591,,,,,,,,,,9.7612,87.9962,16.0263,142.5043,248.0819,-53.4177,,-13.1205,,,,,,,,,,,,,,,,,1495.492,,7970.8008,,
2026-09-02 19:01:59,42.4744248,-82.844257,13.2448,13.3542,100.0384,107.0442,,0.0,0.2879,0.3407,277.709,0.2579,0.2516,65.9949,104.3184,3.2644,13.4814,10.0,0.0025,48.092,19.0564,64.7826,0.0,,10.0328,86.7943,15.9878,141.2044,244.7298,-49.258,,-12.5589,,,,,,,,,,,,,,,,,1497.695,,7982.6118,,
2026-09-02 19:02:00,42.4744157,-82.8441784,,12.8877,102.2615,108.1558,146.2692,0.0,-1.4697,0.2262,277.7452,0.2614,0.2551,68.7732,107.0285,,,,,,,,,0.0,11.3524,81.7665,15.794,134.6533,237.9568,-46.1125,,-12.6921,,,,,,,,,,,,,,,,,1499.6509,,7993.1105,,
2026-09-02 19:02:01,42.4744045,-82.8441003,13.1135,12.5572,104.1752,109.5309,-116.2371,0.0,-3.3571,-0.1368,277.8123,0.265,0.2586,,106.1175,,,,,,,,,,10.7858,91.1195,16.7726,139.9886,245.4566,-55.4288,,-12.9612,,,,,,,,,,,,,,,,,1501.4009,,8002.2968,,
2026-09-02 19:02:02,42.4743903,-82.8440222,,13.5291,104.095,109.634,146.3208,0.0,-3.4851,0.5455,277.9124,0.2687,0.2623,65.4923,107.9223,,,,,,,,,,10.6341,89.8259,16.9339,141.0992,247.1429,-53.1828,,-13.1624,,,,,,,,,,,,,,,,,,,,,
2026-09-02 19:02:03,42.4743741,-82.8439396,13.6056,13.7041,101.8604,109.0782,-97.3948,0.0,,,278.0202,0.2725,0.2662,67.6068,105.831,3.2645,13.4814,10.0,0.0027,48.092,19.0564,65.5731,0.0,,12.2686,90.3157,18.382,138.1322,244.3244,-57.1076,,-13.3426,,,,,,,,,,,,,,,,,1505.207,,8022.6381,,
2026-09-02 19:02:04,42.4743565,-82.8438532,,14.5594,101.2245,106.8838,-52.3638,0.0,-3.8648,-0.01,278.128,0.2768,0.2705,64.0919,103.5621,,,,,,,,,0.0,13.5312,91.7413,20.1307,137.7894,242.6842,-57.056,,-14.3019,,,,,,,,,,,,,,,,,1507.5385,,8035.1052,,
2026-09-02 19:02:05,42.474338480569145,-82.84375595953074,13.4088,14.8898,98.4743,102.9075,-236.0907,0.0,-3.5622,1.4871,278.2003,0.281,0.2747,63.1646,,,,,,,,,,,,,,,,-57.056,,-14.7453,,,,,,,,,,,,,,,,,,,,,
2026-09-02 19:02:06,42.47432445534797,-82.84366282625372,,14.9481,95.048,99.7218,,,-2.0392,0.0827,278.2192,0.2852,0.2788,59.8975,98.9212,,,,,,,,,,13.2956,88.7072,19.7649,137.7386,239.5657,-56.4888,,-15.4533,,,,,,,,,,,,,,,,,1512.6469,,8062.3362,,
2026-09-02 19:02:07,42.47431545855513,-82.84356955261624,13.7369,15.3758,95.8043,100.7875,11.4064,0.0,-1.6868,-0.5743,278.1865,0.2893,0.2828,58.5478,97.632,3.2645,13.4814,10.0,0.0037,48.092,19.0564,65.2848,0.0,,12.3658,85.2079,18.5604,138.4006,236.2667,-56.1851,,-14.796,,,,,,,,,,,,,,,,,,,,,
2026-09-02 19:02:08,42.47430736352781,-82.8434746591801,,15.2203,95.8673,103.0679,142.6527,0.0,-4.6956,-0.0212,278.1837,0.2936,0.287,62.9909,99.815,,,,,,,,,0.0,11.3564,85.8125,18.3219,141.817,239.6682,,,-15.2173,,,,,,,,,,,,,,,,,1517.9583,,8090.5514,,
2026-09-02 19:02:09,42.474296648278894,-82.84337937433247,13.8353,15.1231,97.3856,,-97.4154,0.0,-5.1622,-0.4187,278.2133,0.2978,0.2911,63.0287,99.729,,,,,,,,,,11.8132,82.9171,18.0708,139.5542,238.3314,-54.7699,,-15.0163,,,,,,,,,,,,,,,,,,,,,
2026-09-02 19:02:10,42.47428508958542,-82.84328711414518,,15.2591,95.873,101.0053,,0.0,,,278.1993,0.3018,0.295,,99.5285,,,,,,,,,,10.1451,81.6997,16.9468,143.6742,240.9035,-56.5174,,-14.785,,,,,,,,,,,,,,,,,1522.774,,8116.142,,
2026-09-02 19:02:11,42.47427666570212,-82.84319594191345,13.8353,15.1814,96.0621,102.8387,75.1423,0.0,-2.5141,-0.9503,278.18,0.3055,0.2986,61.7865,99.2879,3.2645,13.4814,10.0,0.0062,48.092,19.0564,64.6262,0.0,,12.2343,85.0612,18.6855,139.2833,237.5989,-55.7095,,-15.17,,,,,,,,,,,,,,,,,1525.4078,,8130.2496,,
2026-09-02 19:02:12,42.4742685,-82.8430948,,14.9676,94.0224,101.3319,11.3961,0.0,-1.0895,-0.8394,278.1365,0.31,0.303,60.6726,99.5457,,,,,,,,,0.0,11.3253,85.4624,18.2109,141.6878,238.9523,-56.3742,,-15.0422,,,,,,,,,,,,,,,,,1528.5266,,8146.9819,,
2026-09-02 19:02:13,42.474263,-82.8430022,13.7369,14.7926,95.0251,102.9419,75.1423,0.0,-1.5878,-0.7966,278.094,0.3141,0.3069,61.3446,100.3135,,,,,,,,,,12.6625,86.9908,19.2265,138.8761,237.1244,-55.4804,,-15.1104,,,,,,,,,,,,,,,,,,,,,
2026-09-02 19:02:14,42.4742571,-82.842911,,15.3952,94.1828,101.3376,-93.5789,0.0,-3.7615,-0.9692,,,,60.3199,98.6633,,,,,,,,,,12.7725,86.8768,19.1405,138.2171,236.2459,-56.6492,,,,,,,,,,,,,,,,,,,1534.0671,,8176.5094,,
2026-09-02 19:02:15,42.4742519,-82.8428189,13.9009,15.6674,94.2057,100.8735,3.9603,0.0,-2.0461,-0.9949,278.0274,0.3202,0.3128,58.6375,,3.2646,13.4814,10.0,0.0048,48.092,19.0564,65.1525,0.0,,11.8591,87.7563,19.0308,141.4881,238.6808,-57.5029,,-15.2336,,,,,,,,,,,,,,,,,,,,,
2026-09-02 19:02:16,42.4742471,-82.842722,,15.5118,94.5438,101.2459,11.4408,0.0,-3.0737,-0.7161,277.9712,0.3245,0.317,59.1889,98.7149,,,,,,,,,0.0,12.3218,85.1977,19.0297,139.8172,236.8019,-56.3226,,-15.2795,,,,,,,,,,,,,,,,,1539.6202,,8206.037,,
2026-09-02 19:02:17,42.4742406,-82.8426169,14.3274,,,100.3177,-311.092,0.0,-4.9348,-0.6836,277.9319,0.3288,0.3211,60.9261,99.7061,,,,,,,,,,12.8692,87.4138,19.5129,138.7878,235.536,-56.2997,,-15.5247,,,,,,,,,,,,,,,,,1542.5519,,8221.785,,
2026-09-02 19:02:18,42.4742374,-82.8425242,,15.2008,93.627,93.5053,-412.3337,0.0,-0.2593,-1.5367,277.8736,0.3329,0.325,56.7972,95.2829,,,,,,,,,,9.849,88.1762,17.2271,145.1502,236.856,-58.4254,,-14.9353,,,,,,,,,,,,,,,,,,,,,
2026-09-02 19:02:19,42.4742398,-82.842426,14.1634,13.9179,85.852,,-116.0652,0.0,1.2134,-1.1478,277.7784,0.3369,0.3288,,90.195,3.2646,13.4814,10.0,0.0037,48.092,19.0564,62.3116,0.0,,,,,,,-58.4082,,-14.1379,,,,,,,,,,,,,,,,,1549.333,,8257.8743,,
2026-09-02 19:02:20,42.4742487,-82.8423418,,13.6458,81.0621,91.3853,,0.0,,,277.6165,0.3405,0.3321,53.1574,88.4704,,,,,,,,,0.0,9.8492,93.4169,17.433,145.6691,232.7076,-55.3314,,-13.4926,,,,,,,,,,,,,,,,,,,,,
2026-09-02 19:02:21,42.4742584,-82.8422608,13.6056,13.5874,81.5835,90.9613,-14.8098,0.0,-1.486,-1.5688,277.3467,0.3458,0.3369,50.7404,89.1809,,,,,,,,,,10.0121,92.7321,17.2711,144.6167,230.3274,-55.446,,-13.0765,,,,,,,,,,,,,,,,,1555.8715,,8292.6512,,
2026-09-02 19:02:22,42.4742685,-82.842168,13.9009,13.2959,83.7779,94.8173,352.6475,0.0,-5.4137,1.1567,277.1878,0.3495,0.3403,46.6556,95.4319,,,,,,,,,,10.2787,103.0927,18.7672,147.7606,233.343,-55.4288,,-13.2728,,,,,,,,,,,,,,,,,1558.9222,,8309.0554,,
2026-09-02 19:02:23,42.4742729,-82.8420844,,13.2181,87.9719,101.2975,258.8658,0.0,-6.6883,-1.7597,277.076,0.3531,0.3436,54.2629,99.6947,3.2646,13.4814,10.0,0.0087,48.092,19.0564,67.6768,0.0,,9.6541,100.0019,17.8271,147.7708,238.0836,-55.2626,,-13.0076,,,,,,,,,,,,,,,,,,,,,
2026-09-02 19:02:24,42.4742714,-82.8419987,13.9009,13.8401,93.2088,101.0912,-119.7023,0.0,-5.3863,0.3443,277.0149,0.3569,0.3473,55.2198,98.1591,,,,,,,,,0.0,10.3973,107.1561,19.3469,149.1027,243.1688,-56.7581,,-13.5644,,,,,,,,,,,,,,,,,1564.5034,,8338.5829,,
2026-09-02 19:02:25,42.4742702,-82.8419072,,14.6954,92.0972,100.8506,41.5933,0.0,-4.2794,-0.785,276.9474,0.361,0.3511,54.2865,,,,,,,,,,,8.3418,105.2212,18.4507,154.1352,248.3925,-57.6691,,-14.6484,,,,,,,,,,,,,,,,,,,,,
2026-09-02 19:02:26,42.4742681,-82.8418129,13.6713,15.0259,90.2695,99.4869,-130.961,0.0,-4.2971,-0.3676,276.8875,0.3651,0.3551,55.8229,98.2966,,,,,,,,,,9.968,110.1347,20.6575,153.0605,247.5002,-57.6805,,-14.9718,,,,,,,,,,,,,,,,,1570.3129,,8369.7509,,
2026-09-02 19:02:27,42.4742672,-82.8417078,,15.3369,89.6794,98.9254,-3.4584,0.0,-1.9454,-1.503,276.8163,0.3693,0.3591,55.6565,96.8184,3.2647,13.4814,10.0,0.006,48.092,19.0564,64.5561,0.0,,9.3099,100.7654,19.3138,151.7352,244.8779,-57.6519,,-14.898,,,,,,,,,,,,,,,,,,,,,
2026-09-02 19:02:28,42.4742686,-82.8416139,13.6713,15.2786,87.2787,100.3636,,0.0,,,276.7279,0.3735,0.3629,,96.5778,,,,,,,,,0.0,9.4308,110.6706,20.5021,154.5082,247.2973,-55.148,,-15.0561,,,,,,,,,,,,,,,,,1576.9997,,8405.184,,
2026-09-02 19:02:29,42.4742689,-82.8415206,,14.5982,89.8627,,139.0122,0.0,-0.1026,-1.1191,276.6518,0.3776,0.3668,57.5345,99.3165,,,,,,,,,,10.1138,103.5183,19.7408,150.1234,244.1336,-55.1194,,-14.663,,,,,,,,,,,,,,,,,1580.0529,,8421.5882,,
2026-09-02 19:02:30,42.4742658,-82.8414306,13.4744,14.6371,93.1572,103.6237,154.0042,0.0,-2.7011,-0.3284,276.6103,0.3815,0.3706,60.2667,102.6626,,,,,,,,,,10.5332,104.945,19.8094,149.0868,246.4691,-54.2657,,-14.5769,,,,,,,,,,,,,,,,,1582.7166,,8435.6958,,
2026-09-02 19:02:31,42.4742613,-82.8413429,,14.0345,94.4693,104.5232,-74.7229,0.0,-2.9313,-0.9844,276.5837,0.3854,0.3743,61.1472,101.5682,3.2647,13.42,10.0,0.0055,48.092,19.1613,64.9853,0.0,,8.9272,106.4273,18.6866,152.7269,249.9138,-52.7531,,-14.1942,,,,,,,,,,,,,,,,,,,,,
2026-09-02 19:02:32,42.4742586,-82.8412545,13.9009,13.9568,92.5098,103.2283,-33.4493,0.0,-1.2634,-0.8766,276.5415,0.3893,0.3781,60.6789,100.5999,,,,,,,,,0.0,7.6822,104.5913,17.5857,154.9914,250.4909,,,-13.8415,,,,,,,,,,,,,,,,,1588.3361,,8465.5515,,
2026-09-02 19:02:33,42.4742564,-82.8411664,,14.1317,91.5243,102.7929,22.7854,0.0,-2.5392,-0.7375,,,,59.9191,100.8463,,,,,,,,,,7.5741,103.1527,17.318,154.7937,250.649,-51.6759,,,,,,,,,,,,,,,,,,,1591.1956,,8480.9714,,
2026-09-02 19:02:34,42.4742524,-82.8410768,13.3432,13.5097,95.4548,104.0018,71.5326,0.0,-3.0615,-0.2965,276.4815,0.3952,0.3836,61.4807,102.1412,,,,,,,,,,7.7379,105.4185,17.5722,154.8809,251.6124,-52.2145,,-13.8183,,,,,,,,,,,,,,,,,1593.6673,,8494.0948,,
2026-09-02 19:02:35,42.4742472,-82.8409804,13.6713,13.7235,94.5495,104.3743,-3.4618,0.0,-3.0175,-0.9677,276.444,0.4011,0.3893,61.5559,101.9636,3.2648,13.42,10.0,0.006,48.092,19.1613,65.7491,0.0,,8.9398,109.2686,18.8151,153.351,251.2887,-52.2145,,-13.5447,,,,,,,,,,,,,,,,,,,,,
2026-09-02 19:02:36,42.4742412,-82.8408931,,13.9373,94.9391,104.1508,,0.0,,,276.4326,0.405,0.3931,,,,,,,,,,,0.0,9.5052,110.7499,19.4531,152.8111,251.2273,-54.9303,,-14.0683,,,,,,,,,,,,,,,,,1599.2373,,8523.9504,,
2026-09-02 19:02:37,42.4742354,-82.8408083,13.1791,13.9373,94.2286,104.1451,-14.6929,0.0,-2.6002,-0.6874,276.4212,0.4087,0.3967,61.4828,101.6714,,,,,,,,,,,,,,,-55.0048,,-13.8293,,,,,,,,,,,,,,,,,1601.7694,,8537.4018,,
2026-09-02 19:02:38,42.4742305,-82.8407227,,13.6458,94.1599,103.7096,-63.4505,0.0,-1.4869,-0.7845,276.4039,0.4125,0.4004,62.916,101.8318,,,,,,,,,,9.0719,112.6929,19.2581,154.24,252.3937,-53.7099,,-13.5409,,,,,,,,,,,,,,,,,,,,,
2026-09-02 19:02:39,42.4742279,-82.8406387,13.3432,13.1987,92.2634,103.4919,-14.6998,0.0,-1.3486,-1.6622,276.3688,0.4163,0.4039,62.4452,101.2703,3.2648,13.42,10.0,0.0053,48.092,19.1613,65.2236,0.0,,9.2027,109.1462,18.7071,152.3075,249.6302,-51.8421,,-13.6186,,,,,,,,,,,,,,,,,1607.0604,,8565.6171,,
2026-09-02 19:02:40,42.4742249,-82.8405584,13.4744,12.8488,93.0885,,30.2865,0.0,0.4635,-0.5301,276.3392,0.4198,0.4073,63.0091,101.7,,,,,,,,,0.0,9.1229,108.8678,18.3539,151.9432,249.2204,-43.7863,,-12.6966,,,,,,,,,,,,,,,,,1609.5702,,8578.7404,,
2026-09-02 19:02:41,42.474222,-82.8404808,,11.838,92.6129,105.1363,139.0225,0.0,-1.709,-1.3182,276.3101,0.4233,0.4106,65.2855,103.7684,,,,,,,,,,7.6791,91.6068,14.9969,149.2134,245.5069,-35.7878,,-12.1062,,,,,,,,,,,,,,,,,,,,,
2026-09-02 19:02:42,42.4742142,-82.8404079,13.3104,11.7991,97.1565,108.1501,120.2799,0.0,-3.2749,-1.5485,276.3232,0.4266,0.4138,66.8654,106.6847,,,,,,,,,,6.8904,96.9136,14.443,151.7314,250.1332,-43.03,,-11.838,,,,,,,,,,,,,,,,,1613.6971,,8600.7221,,
2026-09-02 19:02:43,42.4742015,-82.8403328,,11.8185,99.3165,109.4564,210.3179,0.0,-2.2815,-0.5362,276.3708,0.4296,0.4169,67.3631,108.2317,3.2648,13.42,10.0,0.004,48.092,19.1613,66.4937,0.0,,5.3626,128.3569,15.5017,164.2601,265.3338,-52.3062,,-11.5912,,,,,,,,,,,,,,,,,,,,,
2026-09-02 19:02:44,42.474191,-82.8402618,13.2448,11.2354,100.1931,112.0519,,0.0,,,276.4074,0.4328,0.4201,,109.6584,,,,,,,,,0.0,6.0534,118.7127,15.4398,159.8881,262.9049,-49.5159,,-11.5702,,,,,,,,,,,,,,,,,1617.2335,,8619.7509,,
2026-09-02 19:02:45,42.4741785,-82.8401891,,11.8185,101.7057,110.8716,-59.6793,0.0,-5.7812,-0.3381,276.4556,0.4361,0.4233,69.0894,109.1198,,,,,,,,,,5.8815,111.4824,14.787,158.2773,262.1701,-53.6354,,-11.8467,,,,,,,,,,,,,,,,,,,,,
2026-09-02 19:02:46,42.4741648,-82.8401119,13.4744,12.8682,101.912,112.9171,176.628,0.0,-3.4474,-0.4607,276.5088,0.4395,0.4267,67.3488,,,,,,,,,,,9.7567,110.8024,18.2546,150.0241,256.4736,-54.6725,,-12.5916,,,,,,,,,,,,,,,,,1620.858,,8639.1079,,
2026-09-02 19:02:47,42.4741521,-82.840032,,13.3736,101.5854,109.7944,-183.3591,0.0,-6.5541,-0.9713,276.5576,0.4431,0.4303,69.1603,110.0423,3.2649,13.42,10.0,0.0056,48.092,19.1613,64.6398,0.0,,10.6663,100.4858,18.4111,145.2731,251.5575,-63.0663,,-12.9578,,,,,,,,,,,,,,,,,1622.9123,,8649.9347,,
2026-09-02 19:02:48,42.4741388,-82.8399443,13.6713,14.6566,101.3161,108.1042,-37.052,0.0,-3.3525,-1.2032,276.6013,0.447,0.4341,64.5491,106.0201,,,,,,,,,0.0,9.0743,104.0047,18.5698,151.6971,256.4866,-63.0262,,-14.3679,,,,,,,,,,,,,,,,,1625.2913,,8662.7299,,
2026-09-02 19:02:49,42.4741255,-82.8398521,,15.2591,101.5911,105.0332,-153.2891,0.0,-2.6525,1.2799,276.6458,0.4511,0.4382,64.0407,105.4128,,,,,,,,,,11.4133,98.9698,20.1278,145.937,249.8328,-61.6568,,-14.8555,,,,,,,,,,,,,,,,,1627.6885,,8675.5252,,
2026-09-02 19:02:50,42.4741157,-82.8397496,13.8025,15.1231,94.2917,,-224.5261,0.0,-0.7079,-1.3153,276.6645,0.4553,0.4423,62.9449,100.8921,,,,,,,,,,11.767,80.6739,17.5001,138.432,237.9471,-58.729,,-15.213,,,,,,,,,,,,,,,,,1630.4897,,8690.289,,
2026-09-02 19:02:51,42.4741128,-82.8396594,,15.2008,91.467,101.1141,-18.2923,0.0,-2.4398,-1.1195,276.6312,0.4593,0.4462,61.2152,98.4399,3.2649,13.42,10.0,0.0044,48.092,19.1613,63.8946,0.0,,12.6091,80.0534,17.7098,135.4698,232.078,-57.6289,,-15.1727,,,,,,,,,,,,,,,,,1633.4373,,8706.037,,
2026-09-02 19:02:52,42.4741095,-82.8395705,13.8353,14.7149,93.4723,101.0511,-97.0579,0.0,-1.6804,-0.4015,276.602,0.4632,0.4499,,98.2279,,,,,,,,,0.0,10.3837,80.6976,16.448,141.4645,237.2155,-57.8467,,-14.4155,,,,,,,,,,,,,,,,,,,,,
2026-09-02 19:02:53,42.4741073,-82.8394806,,14.1512,93.6786,100.3578,,0.0,,,276.5595,0.4672,0.4537,60.5454,98.5316,,,,,,,,,,10.2597,77.8479,15.6971,140.2857,236.0646,-57.8467,,-14.3925,,,,,,,,,,,,,,,,,1639.1245,,8736.5488,,
2026-09-02 19:02:54,42.4741058,-82.8393938,13.8353,13.6263,92.716,100.7417,-22.06,0.0,-1.0993,-1.5585,,,,60.4403,98.0846,,,,,,,,,,10.7083,83.9951,16.5604,139.9788,234.9723,-57.7951,,,,,,,,,,,,,,,,,,,,,,,
2026-09-02 19:02:55,42.4741052,-82.8393096,,13.3736,91.9884,101.2115,11.6643,0.0,-2.061,-0.9271,276.5019,0.473,0.4592,60.2023,99.8264,3.2649,13.42,10.0,0.0061,48.092,19.1613,65.7717,0.0,,,,,,,-57.182,,-13.5966,,,,,,,,,,,,,,,,,1644.7727,,8766.4045,,
2026-09-02 19:02:56,42.4741044,-82.8392273,13.8025,13.3736,93.5067,103.0622,71.6633,0.0,-2.3946,-1.8764,276.4566,0.4767,0.4627,61.2481,101.2932,,,,,,,,,0.0,10.0018,76.3306,14.7508,138.7879,233.8747,-56.4257,,-13.333,,,,,,,,,,,,,,,,,,,,,
2026-09-02 19:02:57,42.4741002,-82.8391448,,13.1792,95.3746,104.8269,105.4219,0.0,-3.3591,-0.8667,276.4156,0.4803,0.4661,61.5738,,,,,,,,,,,9.3204,84.966,15.5835,143.4315,239.7594,,,-13.3564,,,,,,,,,,,,,,,,,1650.1541,,8795.2759,,
2026-09-02 19:02:58,42.4740926,-82.8390542,13.8353,13.2376,96.6924,107.4797,161.6807,0.0,-5.1493,-0.5362,276.3993,0.4843,0.47,64.5077,103.8543,,,,,,,,,,9.1154,81.6045,14.953,142.9096,240.8739,-56.357,,-13.1771,,,,,,,,,,,,,,,,,,,,,
2026-09-02 19:02:59,42.4740825,-82.8389712,,13.2959,99.729,107.3422,49.2079,0.0,-5.6153,-1.8113,276.4036,0.488,0.4736,64.2302,104.7138,3.265,13.42,10.0,0.0071,48.092,19.1613,66.6342,0.0,,9.8513,85.0806,15.8228,141.6614,241.6417,-56.8383,,-13.2374,,,,,,,,,,,,,,,,,1654.4925,,8818.2418,,
2026-09-02 19:03:00,,,13.7369,13.5097,98.5602,,22.9607,0.0,-3.7641,0.4119,276.4319,0.4933,0.4787,65.9634,105.1664,,,,,,,,,0.0,8.1228,81.1087,14.7056,146.9259,247.766,-58.7691,,-13.793,,,,,,,,,,,,,,,,,,,,,
2026-09-02 19:03:01,42.4740735,-82.8388863,13.9009,13.6652,101.2474,108.0698,300.4213,0.0,-3.5373,-1.329,276.4638,0.497,0.4825,69.1629,107.4181,,,,,,,,,,9.7375,86.6208,16.363,143.5543,245.5149,-58.2821,,-13.5904,,,,,,,,,,,,,,,,,1658.8802,,8841.5357,,
2026-09-02 19:03:02,42.4740601,-82.8388029,,14.1512,104.4903,113.0775,,0.0,,,,,,,110.8387,,,,,,,,,,11.8424,83.3141,17.063,136.4235,241.9133,-58.2306,,,,,,,,,,,,,,,,,,,,,,,
2026-09-02 19:03:03,42.4740456,-82.8387169,13.8025,14.1123,102.1297,111.0378,-160.7972,0.0,-6.5557,0.3659,276.5379,0.5028,0.4882,69.9559,107.59,3.265,13.42,10.0,0.005,48.092,19.1613,65.4889,0.0,,11.9824,82.5998,17.2106,136.3362,242.9877,-58.2592,,-13.7465,,,,,,,,,,,,,,,,,1663.126,,8864.1735,,
2026-09-02 19:03:04,42.4740301,-82.8386282,,14.7537,103.5507,110.207,11.7571,0.0,-5.1689,-2.235,276.5904,0.5068,0.4923,67.2123,108.226,,,,,,,,,0.0,11.1724,81.264,16.8884,139.166,244.9005,-61.8803,,-14.6929,,,,,,,,,,,,,,,,,1665.2605,,8875.6565,,
2026-09-02 19:03:05,42.4740134,-82.8385382,14.229,15.2203,102.5709,109.8002,-67.012,0.0,-4.616,0.5335,276.6954,0.513,0.4985,69.2505,106.8337,,,,,,,,,,11.4585,85.3248,18.0584,140.7718,246.5456,-59.1645,,-14.9042,,,,,,,,,,,,,,,,,1667.4279,,8887.1394,,
2026-09-02 19:03:06,42.4739951,-82.8384459,14.0978,15.0648,101.2588,107.6172,-127.0247,,-4.01,-1.6838,276.7427,0.5176,0.503,67.7809,104.4158,,,,,,,,,,10.716,77.7462,16.4377,140.4268,244.6776,-60.5109,,-15.0286,,,,,,,,,,,,,,,,,1669.8685,,8900.2628,,
2026-09-02 19:03:07,42.47398025241324,-82.83834491901072,13.8353,14.8121,99.3967,106.3968,-63.2855,0.0,-1.6116,-0.3316,276.7686,0.5217,0.5071,66.7181,,3.2651,13.42,10.0,0.0054,48.092,19.1613,65.0786,0.0,,11.6153,84.2519,17.9043,139.7982,242.764,-59.0384,,-14.6329,,,,,,,,,,,,,,,,,,,,,
2026-09-02 19:03:08,42.47396900347015,-82.83825452820636,,14.4233,99.0071,106.0702,-29.5474,0.0,-1.5478,-1.5768,276.7815,0.5253,0.5106,66.8559,103.9403,,,,,,,,,0.0,12.3762,82.1824,17.6837,136.1034,238.1402,-58.3853,,-14.5894,,,,,,,,,,,,,,,,,1674.8702,,8926.8376,,
2026-09-02 19:03:09,42.47395981607323,-82.83816539664417,13.9009,13.7818,97.3455,106.1676,64.1965,0.0,-2.1642,-0.6029,276.7853,0.5293,0.5145,66.6395,103.585,,,,,,,,,,12.0134,85.8139,17.7837,137.6447,238.7382,-58.3853,,-13.7937,,,,,,,,,,,,,,,,,,,,,
2026-09-02 19:03:10,42.47395198139797,-82.8380767543465,,13.3542,98.8409,107.812,49.1701,0.0,-2.5816,-1.385,276.7873,0.5331,0.5182,68.1323,104.4731,,,,,,,,,,10.6785,84.4305,16.5661,140.0922,241.3819,-58.116,,-13.624,,,,,,,,,,,,,,,,,1679.827,,8953.4124,,
2026-09-02 19:03:11,42.47394366902361,-82.83799284078066,13.8025,13.3736,98.9899,,,0.0,,,276.8007,0.5369,0.5219,66.5486,105.407,3.2651,13.42,10.0,0.0041,48.092,19.1613,66.1045,0.0,,10.1016,83.696,15.9569,141.007,242.9039,-57.4742,,-13.444,,,,,,,,,,,,,,,,,1682.0727,,8965.2234,,
2026-09-02 19:03:12,42.47393378510559,-82.8379095171606,,13.568,100.5713,108.4652,127.9564,0.0,-1.8639,-1.2588,,,,,107.2863,,,,,,,,,0.0,10.9296,89.4179,17.3077,140.8424,244.5892,-57.4742,,,,,,,,,,,,,,,,,,,,,,,
2026-09-02 19:03:13,42.4739205,-82.8378178,13.9665,13.7235,102.462,110.8258,41.6792,0.0,-4.8806,-0.656,276.8421,0.5429,0.5278,69.962,108.5927,,,,,,,,,,,,,,,-58.9754,,-13.5221,,,,,,,,,,,,,,,,,1686.2699,,8987.5331,,
2026-09-02 19:03:14,42.4739059,-82.8377328,,14.0345,101.6026,110.5679,8.0168,0.0,-4.8911,-1.5792,276.8863,0.5467,0.5316,67.2037,107.8192,,,,,,,,,,10.8949,84.6738,16.6674,139.3947,244.6685,-59.5082,,-13.5683,,,,,,,,,,,,,,,,,1688.3934,,8999.016,,
2026-09-02 19:03:15,42.473892,-82.8376475,13.6056,14.6177,102.1641,109.0668,-36.9695,0.0,-3.5534,0.253,276.9255,0.5506,0.5355,66.5744,106.9311,3.2651,13.42,10.0,0.0018,48.092,19.1613,66.2223,0.0,,10.3055,89.4726,17.2984,143.4358,248.6193,-59.0499,,-13.9826,,,,,,,,,,,,,,,,,,,,,
2026-09-02 19:03:16,42.4738774,-82.8375599,,14.6177,101.0927,109.4621,-14.4798,0.0,-4.3936,-1.3943,276.9671,0.5545,0.5394,67.3024,106.8108,,,,,,,,,0.0,10.9058,82.1837,16.8811,140.2058,244.9702,-59.0384,,-14.4526,,,,,,,,,,,,,,,,,1692.739,,9022.31,,
2026-09-02 19:03:17,42.4738634,-82.8374717,13.54,14.7537,100.6572,107.5141,-130.7306,0.0,-4.5578,-0.4146,277.0005,0.5581,0.543,66.639,,,,,,,,,,,12.0489,85.7843,18.2325,138.7717,243.4137,-59.0671,,-14.8336,,,,,,,,,,,,,,,,,1695.283,,9035.7614,,
2026-09-02 19:03:18,42.4738516,-82.8373794,,14.6371,100.5312,108.5282,56.7744,0.0,-1.6979,-0.6751,277.0223,0.5622,0.547,66.6712,104.9086,,,,,,,,,,10.7472,82.7682,17.2115,141.7237,245.1776,-58.7978,,-15.0315,,,,,,,,,,,,,,,,,,,,,
2026-09-02 19:03:19,42.4738394,-82.8372872,13.6713,15.0648,101.15,108.087,-172.0042,0.0,-3.6282,-0.1997,277.0454,0.5664,0.5511,67.6728,106.5931,3.2652,13.42,10.0,0.0049,48.092,19.1613,65.368,0.0,,11.2985,85.7171,18.0121,141.2797,244.9173,,,-14.9339,,,,,,,,,,,,,,,,,1700.029,,9061.0239,,
2026-09-02 19:03:20,42.4738247,-82.8371866,,14.9093,98.5831,106.0015,,0.0,,,277.0785,0.5709,0.5556,,104.4789,,,,,,,,,0.0,11.1161,79.6238,16.9995,139.968,242.9929,-58.4597,,-14.7738,,,,,,,,,,,,,,,,,,,,,
2026-09-02 19:03:21,42.4738138,-82.8370941,13.8353,,,,56.7813,0.0,-2.0504,-1.4071,277.0954,0.575,0.5597,64.7462,103.6882,,,,,,,,,,10.4304,84.0733,17.4186,143.4442,244.595,-58.4827,,-15.0115,,,,,,,,,,,,,,,,,1705.2434,,9088.9111,,
2026-09-02 19:03:22,42.4738032,-82.836999,,15.7062,100.0671,106.0416,4.2628,0.0,-2.8105,-1.2507,277.1079,0.5814,0.5659,64.3893,103.9747,,,,,,,,,,9.608,80.1495,16.671,145.4007,246.9319,-58.4827,,-15.3287,,,,,,,,,,,,,,,,,,,,,
2026-09-02 19:03:23,42.473793,-82.8369049,13.3432,15.1231,99.5973,107.0901,-78.2534,0.0,-4.3282,-0.2837,277.1153,0.5855,0.5699,65.6165,104.3471,3.2652,13.42,10.0,0.004,48.092,19.1613,65.5057,0.0,,10.4077,85.1512,17.7624,144.2785,246.2762,-58.4827,,-15.1955,,,,,,,,,,,,,,,,,1710.3738,,9116.142,,
2026-09-02 19:03:24,42.473785,-82.8368135,,14.9481,96.7668,104.0419,-37.0142,0.0,-4.2602,-1.9029,277.1,0.5896,0.5739,63.6028,101.4422,,,,,,,,,0.0,10.2191,79.3439,16.4994,142.5058,240.5978,-55.2397,,-15.5881,,,,,,,,,,,,,,,,,,,,,
2026-09-02 19:03:25,42.4737801,-82.8367221,13.7369,14.8121,95.2485,104.7238,49.2526,0.0,-2.3895,-1.3638,277.0874,0.5936,0.5777,63.3433,102.7485,,,,,,,,,,9.4779,81.6871,16.3985,145.1171,243.8679,-55.5434,,-14.8508,,,,,,,,,,,,,,,,,1715.9338,,9145.6696,,
2026-09-02 19:03:26,42.4737734,-82.8366322,,14.4039,96.1022,105.6577,37.9905,0.0,,,277.0776,0.5976,0.5816,,104.0148,,,,,,,,,,9.6289,82.6334,16.4351,144.4761,243.5389,-52.1687,,-14.2257,,,,,,,,,,,,,,,,,,,,,
2026-09-02 19:03:27,42.4737665,-82.8365428,13.6056,14.365,98.182,107.3307,56.7331,0.0,-2.5186,-1.3129,,,,65.2752,105.4472,3.2653,13.42,10.0,0.0054,48.092,19.1613,66.7983,0.0,,9.7343,86.2357,16.7466,144.5485,244.6664,-52.5067,,,,,,,,,,,,,,,,,,,1721.1056,,9173.2286,,
2026-09-02 19:03:28,42.4737565,-82.8364457,,14.2678,98.0503,109.0668,64.2377,0.0,-2.2121,0.0278,277.0807,0.6036,0.5874,66.9832,,,,,,,,,,0.0,9.0654,91.6742,16.9736,147.7332,249.2344,-55.2397,,-14.1899,,,,,,,,,,,,,,,,,1723.4984,,9186.0239,,
2026-09-02 19:03:29,42.4737463,-82.8363593,13.4088,14.0345,100.3593,111.2326,,0.0,,,277.0921,0.6075,0.5912,,107.6416,,,,,,,,,,8.9506,84.2445,15.659,145.3394,248.5409,-54.1053,,-13.9724,,,,,,,,,,,,,,,,,1725.6921,,9197.8349,,
2026-09-02 19:03:30,42.4737327,-82.836273,,13.5874,102.5881,110.9117,146.723,0.0,-3.7058,-1.223,277.1211,0.6114,0.5951,69.2052,109.7042,,,,,,,,,,,,,,,-54.2886,,-13.3319,,,,,,,,,,,,,,,,,1727.8584,,9209.3179,,
2026-09-02 19:03:31,42.4737202,-82.8361874,13.4744,13.2181,100.2046,,-194.5077,0.0,-4.2801,-0.6322,277.1495,0.6152,0.5989,68.768,107.3666,3.2653,13.42,10.0,0.0038,48.092,19.1613,66.474,0.0,,8.8992,88.5733,16.1117,146.4838,250.7117,-55.5663,,-13.5816,,,,,,,,,,,,,,,,,,,,,
2026-09-02 19:03:32,42.4737076,-82.8361025,,13.6846,100.365,109.8345,135.5091,0.0,-1.8415,-0.9262,277.1929,0.6209,0.6045,68.7484,108.2604,,,,,,,,,0.0,7.721,84.9346,14.976,149.1,252.4226,-54.5464,,-13.4728,,,,,,,,,,,,,,,,,1732.1865,,9232.2838,,
2026-09-02 19:03:33,42.4736944,-82.8360214,13.6056,13.2959,101.0869,111.1638,-74.496,0.0,-3.3192,-1.5023,277.2218,0.6247,0.6083,69.5866,108.1687,,,,,,,,,,8.7651,84.6595,15.2984,145.2178,249.1894,-54.7699,,-13.6085,,,,,,,,,,,,,,,,,1734.3169,,9243.7667,,
2026-09-02 19:03:34,42.473682,-82.8359374,,12.771,99.8952,109.2329,15.5489,0.0,-1.6375,-0.2239,,,,66.4283,106.5644,,,,,,,,,,8.1952,87.3575,15.1893,147.3869,250.502,-54.8787,,,,,,,,,,,,,,,,,,,,,,,
2026-09-02 19:03:35,42.4736696,-82.8358531,13.7369,13.3736,100.7775,109.5882,,0.0,,,277.2566,0.6303,0.6139,,107.5957,3.2653,13.42,10.0,0.0041,48.092,19.1613,66.3511,0.0,,7.849,90.6106,15.6339,149.8662,252.9901,-54.7928,,-13.3767,,,,,,,,,,,,,,,,,1738.7475,,9267.3887,,
2026-09-02 19:03:36,42.4736572,-82.835759,,12.8488,99.9639,109.8747,-10.7258,0.0,-1.58,0.3164,277.2768,0.6341,0.6176,68.3012,107.5499,,,,,,,,,0.0,8.4648,90.6852,15.7593,147.5142,250.9537,-54.7241,,-12.9869,,,,,,,,,,,,,,,,,,,,,
2026-09-02 19:03:37,42.4736473,-82.8356801,13.54,12.8293,100.2275,109.422,-40.7098,0.0,-2.3594,-1.3423,277.2914,0.6378,0.6212,68.281,107.527,,,,,,,,,,8.6008,86.9336,15.1454,145.454,248.3314,-54.7241,,-13.1764,,,,,,,,,,,,,,,,,1743.1468,,9290.6827,,
2026-09-02 19:03:38,42.4736361,-82.8356011,,12.8488,102.4907,110.4476,71.7973,0.0,-3.2248,-1.1959,277.3082,0.6413,0.6247,67.7703,,,,,,,,,,,8.3555,90.3855,15.4459,147.2523,251.6148,-55.5033,,-13.0825,,,,,,,,,,,,,,,,,,,,,
2026-09-02 19:03:39,42.473622,-82.8355202,13.6056,13.3931,103.6309,111.5477,116.8181,0.0,-2.3561,1.0192,277.3342,0.6449,0.6283,68.1301,109.0052,,,,,,,,,,8.2215,94.2308,16.0776,149.338,254.9184,-54.9074,,-12.9072,,,,,,,,,,,,,,,,,1747.016,,9311.352,,
2026-09-02 19:03:40,42.4736092,-82.83544,,13.0237,99.9181,108.4022,-280.6817,0.0,-0.7405,-1.0469,277.3672,0.6486,0.6319,70.0521,107.3322,3.2654,13.42,10.0,0.0042,48.092,19.1613,64.9243,0.0,0.0,8.0004,87.9637,14.9025,147.5536,250.9386,-54.9303,,-13.0586,,,,,,,,,,,,,,,,,,,,,
2026-09-02 19:03:41,42.4735993,-82.83536,13.9009,12.3628,101.5625,109.4392,68.0674,0.0,-0.8339,-0.4561,277.3877,0.654,0.6372,67.3281,106.4842,,,,,,,,,,8.1302,91.8952,15.4055,148.166,250.837,,,-12.33,,,,,,,,,,,,,,,,,1751.3958,,9334.646,,
2026-09-02 19:03:42,42.4735867,-82.8352772,13.8353,13.257,100.5369,,11.7949,0.0,-0.8979,-0.7535,277.4148,0.6577,0.6409,68.0778,107.4124,,,,,,,,,,8.7674,87.1166,15.2046,144.8374,249.0726,-54.025,,-13.2373,,,,,,,,,,,,,,,,,,,,,
2026-09-02 19:03:43,42.473571,-82.8351879,,12.4989,102.7543,110.2413,-48.211,0.0,-4.6156,-0.9213,277.4492,0.6614,0.6446,68.5107,107.7963,3.2654,13.42,10.0,0.0041,48.092,19.1613,66.3898,0.0,,9.8473,86.8825,15.7032,141.2327,246.097,-51.2061,,-13.0275,,,,,,,,,,,,,,,,,1755.4269,,9356.2995,,
2026-09-02 19:03:44,42.4735556,-82.8351069,13.7369,12.7322,102.485,109.2272,,0.0,,,277.4881,0.6651,0.6483,,105.8883,,,,,,,,,0.0,9.0026,89.1536,15.7593,145.1662,249.1414,-57.2107,,-12.7008,,,,,,,,,,,,,,,,,,,,,
2026-09-02 19:03:45,42.4735414,-82.8350214,,13.3542,102.5537,107.8521,-108.1928,0.0,-3.4322,-1.4948,277.5178,0.6689,0.6522,67.4951,106.1519,,,,,,,,,,,,,,,-56.7982,,-13.1198,,,,,,,,,,,,,,,,,1759.533,,9378.2811,,
2026-09-02 19:03:46,42.4735271,-82.83494,13.6056,12.8682,101.5854,109.5137,83.0732,0.0,-2.5427,-0.0882,277.5512,0.6726,0.6559,66.8861,107.3322,,,,,,,,,,8.6581,90.1757,15.6911,146.5106,249.9381,-53.9677,,-13.3038,,,,,,,,,,,,,,,,,1761.4747,,9388.4517,,
2026-09-02 19:03:47,42.4735122,-82.834858,,13.0043,100.5254,108.7459,-115.6905,0.0,-4.6964,-0.5778,277.5854,0.6763,0.6596,67.9377,106.4269,3.2654,13.42,10.0,0.0042,48.092,19.1613,66.1889,0.0,,9.2182,88.3881,15.7491,144.1911,248.2776,-54.025,,-13.0717,,,,,,,,,,,,,,,,,1763.4545,,9398.9504,,
2026-09-02 19:03:48,42.4734965,-82.8347751,14.0978,13.3347,101.7573,109.6283,75.5754,0.0,-3.7672,-1.5866,277.6239,0.6801,0.6633,66.9101,,,,,,,,,,0.0,8.9953,86.4839,15.472,144.5284,248.2881,-55.171,,-13.3384,,,,,,,,,,,,,,,,,,,,,
2026-09-02 19:03:49,42.4734809,-82.8346931,,13.2764,103.0808,110.6023,34.3225,0.0,-1.9486,1.2795,277.6617,0.6838,0.6671,67.4073,107.7504,,,,,,,,,,8.4903,96.9429,16.6373,149.5639,254.6104,-57.48,,-13.2458,,,,,,,,,,,,,,,,,1767.275,,9419.2916,,
2026-09-02 19:03:50,42.4734631,-82.8345996,13.9009,13.6458,102.1526,111.3128,75.5617,0.0,-2.6913,-0.3976,277.7012,0.6877,0.671,68.2822,108.2948,,,,,,,,,,9.037,87.4404,16.0609,145.7979,251.5839,-55.3085,,-13.4404,,,,,,,,,,,,,,,,,,,,,
2026-09-02 19:03:51,42.4734495,-82.8345138,13.54,13.568,99.4082,107.537,-261.9254,0.0,-4.9194,-0.6808,277.7261,0.6916,0.6748,68.6678,108.4609,3.2655,13.42,10.0,0.0042,48.092,19.1613,65.2573,0.0,,11.254,88.119,17.1911,139.1341,245.2513,-55.4804,,-13.6375,,,,,,,,,,,,,,,,,1771.4648,,9441.6014,,
2026-09-02 19:03:52,42.4734373,-82.8344299,14.2946,13.2181,101.4823,,68.1224,0.0,-0.2237,-0.4381,277.7448,0.6954,0.6785,63.346,104.0835,,,,,,,,,0.0,9.1829,90.1974,16.2397,145.5658,249.7892,-60.3677,,-13.2506,,,,,,,,,,,,,,,,,1773.8054,,9454.0685,,
2026-09-02 19:03:53,42.4734235,-82.8343452,,13.9179,101.3104,106.8208,,0.0,,,277.7707,0.6992,0.6824,,105.9743,,,,,,,,,,8.9778,85.6738,15.8094,145.5103,248.7011,-50.2435,,-13.3978,,,,,,,,,,,,,,,,,,,,,
2026-09-02 19:03:54,42.4734097,-82.8342623,14.229,13.4514,100.9093,108.7287,-33.188,0.0,-3.5374,-0.4753,,,,67.8854,105.6763,,,,,,,,,,10.6837,81.6764,15.9526,138.4969,242.4955,-51.5269,,,,,,,,,,,,,,,,,,,1777.9023,,9476.0502,,
2026-09-02 19:03:55,42.4733979,-82.8341788,,13.8985,100.8749,107.3536,-59.4008,0.0,-3.573,-0.6017,277.8037,0.7048,0.6879,65.7651,104.8284,3.2655,13.42,10.0,0.0064,48.092,19.1613,66.4027,0.0,,9.2493,84.7072,15.6217,143.8746,246.7116,-55.148,,-13.6082,,,,,,,,,,,,,,,,,1780.118,,9487.8612,,
2026-09-02 19:03:56,42.4733862,-82.8340948,13.3432,13.7041,100.4051,106.9869,-3.1352,0.0,-1.1498,-0.4616,277.8216,0.7086,0.6917,64.1874,105.6706,,,,,,,,,0.0,8.5548,89.092,15.9257,147.5135,250.1562,-53.0224,,-14.1157,,,,,,,,,,,,,,,,,,,,,
2026-09-02 19:03:57,42.4733736,-82.8340106,,13.6652,102.3704,109.1126,15.573,0.0,-3.2691,-0.0804,277.8365,0.7124,0.6954,67.4736,106.9368,,,,,,,,,,9.5599,84.1685,15.6721,142.6387,246.2708,-53.1771,,-13.4396,,,,,,,,,,,,,,,,,1784.4183,,9510.8271,,
2026-09-02 19:03:58,42.4733597,-82.83392,13.3432,13.257,100.1588,108.2933,-70.6457,0.0,-4.4468,-0.4299,277.8571,0.7161,0.6991,67.1201,,,,,,,,,,,9.7445,85.8211,15.9207,142.3789,245.6873,-57.7435,,-13.4662,,,,,,,,,,,,,,,,,,,,,
2026-09-02 19:03:59,42.4733469,-82.8338343,,13.7818,101.6771,108.1443,90.6087,0.0,-0.6356,-0.9371,277.8767,0.7199,0.7028,65.5664,105.3497,3.2656,13.42,10.0,0.0019,48.092,19.1613,66.192,0.0,,7.8707,83.4045,15.0773,148.7636,251.6808,-52.0254,,-13.4133,,,,,,,,,,,,,,,,,1788.8273,,9534.4491,,
2026-09-02 19:04:00,42.4733341,-82.8337507,13.6713,13.7041,100.7374,107.6516,-168.1471,0.0,-3.9911,0.581,277.8978,0.7237,0.7066,66.5156,106.0659,,,,,,,,,0.0,10.7723,85.5668,16.677,139.909,243.5065,-51.2806,,-13.7519,,,,,,,,,,,,,,,,,1790.8844,,9545.2759,,
2026-09-02 19:04:01,42.4733239,-82.8336681,,13.5291,98.4284,105.44,-85.624,0.0,-4.9326,-2.2517,277.9143,0.7275,0.7104,64.5269,104.3872,,,,,,,,,,10.7066,82.6467,16.1858,139.0015,240.7855,-57.6691,,-13.6874,,,,,,,,,,,,,,,,,,,,,
2026-09-02 19:04:02,42.4733163,-82.8335803,13.8353,14.6566,97.6664,,,0.0,,,277.9163,0.7312,0.714,61.1939,102.0438,,,,,,,,,,,,,,,-58.2306,,-13.5286,,,,,,,,,,,,,,,,,1795.7951,,9571.5226,,
2026-09-02 19:04:03,42.4733067,-82.8334904,,14.7732,99.3452,104.93,86.889,0.0,-4.9894,-0.8072,277.9133,0.7352,0.7179,,103.3501,3.2656,13.42,10.0,0.0068,48.092,19.1613,67.2825,0.0,,10.3453,89.5476,17.4301,143.5934,244.3429,,,-14.6564,,,,,,,,,,,,,,,,,1798.2355,,9584.3179,,
2026-09-02 19:04:04,42.4732951,-82.8334007,14.1634,14.3844,101.2703,107.474,251.8906,0.0,-3.8571,0.4178,277.9227,0.7413,0.7239,63.0758,106.616,,,,,,,,,0.0,9.5643,87.8378,17.0517,145.9094,246.9338,-58.1675,,-14.4362,,,,,,,,,,,,,,,,,,,,,
2026-09-02 19:04:05,42.4732829,-82.8333123,,14.4233,100.0155,108.0125,-175.6654,0.0,-5.5144,-2.3402,277.938,0.7453,0.7278,67.9377,104.6622,,,,,,,,,,10.7703,82.4348,16.7265,140.3345,243.5883,-55.0965,,-14.1993,,,,,,,,,,,,,,,,,1802.9392,,9609.5804,,
2026-09-02 19:04:06,42.4732717,-82.8332133,14.0978,15.0064,100.8005,105.4113,-25.5837,0.0,-3.1304,0.3909,277.9424,0.7497,0.7321,62.8743,103.0178,,,,,,,,,,9.7138,80.5564,15.9165,142.9846,244.7824,-59.2561,,-14.5388,,,,,,,,,,,,,,,,,1805.4773,,9623.0318,,
2026-09-02 19:04:07,42.4732614,-82.8331235,,14.6177,100.0728,106.3567,75.6511,0.0,-3.2065,0.0451,277.9463,0.7533,0.7357,63.6801,104.9086,3.2656,13.42,10.0,0.0019,48.092,19.1613,66.9583,0.0,,8.9261,86.7801,16.7924,147.9459,249.1095,-57.2336,,-14.8293,,,,,,,,,,,,,,,,,,,,,
2026-09-02 19:04:08,42.473249,-82.8330349,14.0978,14.3261,101.5854,108.4709,26.8626,0.0,,,277.9596,0.7573,0.7396,66.3859,105.8998,,,,,,,,,0.0,11.1926,80.4781,16.9005,139.2211,241.4455,-56.6148,,-14.7868,,,,,,,,,,,,,,,,,1810.1863,,9648.2943,,
2026-09-02 19:04:09,42.4732357,-82.8329442,,14.7149,101.2416,107.239,-48.0803,0.0,-4.9035,-1.2639,277.9786,0.7614,0.7436,65.0257,,,,,,,,,,,10.9154,79.0783,16.4747,139.4167,242.6763,-57.5946,,-14.7558,,,,,,,,,,,,,,,,,,,,,
2026-09-02 19:04:10,42.4732259,-82.8328517,14.0322,14.9481,96.8184,104.6435,-145.5817,0.0,-5.6991,-0.8765,277.9824,0.7655,0.7477,63.8683,104.3012,,,,,,,,,,10.8331,79.1515,16.6206,140.1977,242.2559,-58.0988,,-14.8657,,,,,,,,,,,,,,,,,1815.1849,,9674.8691,,
2026-09-02 19:04:11,42.4732172,-82.8327568,,15.298,98.0273,104.0992,,0.0,-5.4406,-0.4109,,,,,101.3677,3.2657,13.42,10.0,0.0047,48.092,19.1613,66.1895,0.0,,10.2395,80.9055,16.6382,142.5776,242.3994,-58.1675,,,,,,,,,,,,,,,,,,,1817.9724,,9689.6329,,
2026-09-02 19:04:12,42.4732088,-82.8326644,13.6056,15.2397,97.1794,104.231,45.6705,0.0,-4.1035,-2.3038,277.9766,0.7718,0.7538,61.7854,101.9235,,,,,,,,,0.0,10.004,76.234,16.0003,142.607,242.4201,-59.9953,,-15.0992,,,,,,,,,,,,,,,,,,,,,
2026-09-02 19:04:13,42.4732007,-82.8325694,,15.162,97.0476,,-33.0642,0.0,-3.1221,-0.1937,277.9715,0.776,0.7579,61.9234,101.5682,,,,,,,,,,10.0463,84.8048,17.4891,145.1051,244.8332,-59.4166,,-15.2786,,,,,,,,,,,,,,,,,1823.3376,,9718.1762,,
2026-09-02 19:04:14,42.4731919,-82.832465,13.54,14.7537,95.0251,103.8414,-63.0964,0.0,-3.8465,-2.0355,277.9588,0.7828,0.7645,63.1248,101.1099,,,,,,,,,,10.5402,79.0203,16.6834,141.6685,240.462,-59.3822,,-15.08,,,,,,,,,,,,,,,,,,,,,
2026-09-02 19:04:15,,,,14.987,92.1946,101.8131,-160.5772,0.0,-3.334,-1.0922,277.9355,0.7869,0.7684,61.7361,98.4227,3.2657,13.42,10.0,0.0033,48.092,19.1613,64.7023,0.0,,10.1436,85.5801,17.4118,144.4906,241.4384,-59.1129,,-14.9698,,,,,,,,,,,,,,,,,1829.1183,,9749.0161,,
2026-09-02 19:04:16,42.4731884,-82.8323711,13.7369,14.7149,93.7703,101.1313,98.1855,0.0,-3.958,-2.3563,277.9108,0.7909,0.7723,60.8129,99.5113,,,,,,,,,0.0,9.7938,80.8616,16.3925,143.852,240.1946,-57.818,,-14.8041,,,,,,,,,,,,,,,,,,,,,
2026-09-02 19:04:17,42.4731846,-82.8322809,,15.2591,96.5606,102.4262,53.2026,0.0,-4.703,-0.7964,277.8893,0.7945,0.7757,60.715,100.6458,,,,,,,,,,9.3649,88.7649,17.4457,147.5425,244.9617,-57.8295,,-14.7166,,,,,,,,,,,,,,,,,1834.7618,,9779.1998,,
2026-09-02 19:04:18,42.4731798,-82.8321892,13.6713,15.2786,95.3631,103.8185,64.4646,0.0,,,277.8762,0.7986,0.7797,62.1482,101.9235,,,,,,,,,,8.7429,85.265,16.8168,148.7937,246.9552,-57.818,,-15.1506,,,,,,,,,,,,,,,,,1837.4513,,9793.3074,,
2026-09-02 19:04:19,42.4731737,-82.8320973,,15.162,96.0449,103.383,-25.5253,0.0,-4.7091,-0.5715,277.8627,0.8028,0.7837,61.6224,,3.2658,13.42,10.0,0.0053,48.092,19.1613,65.943,0.0,,9.5153,83.7005,16.9448,146.0715,244.0708,-57.8295,,-14.8994,,,,,,,,,,,,,,,,,1840.2518,,9808.3993,,
2026-09-02 19:04:20,42.4731671,-82.8320033,13.9009,14.7732,95.1454,102.6325,,0.0,-5.6124,-2.6851,277.8462,0.8069,0.7877,,101.2187,,,,,,,,,0.0,,,,,,-58.4368,,-15.1199,,,,,,,,,,,,,,,,,1843.0807,,9823.4911,,
2026-09-02 19:04:21,42.4731617,-82.83191,,,,102.8273,-70.4772,,-3.3929,1.3277,277.8254,0.8115,0.7921,59.813,99.6316,,,,,,,,,,8.5563,92.7423,17.61,150.9666,248.3824,-58.4827,,-15.3306,,,,,,,,,,,,,,,,,1846.0208,,9839.2392,,
2026-09-02 19:04:22,42.47315648201844,-82.83180688601824,14.0978,15.3952,95.0938,100.7933,-175.5004,0.0,-1.9306,-1.6935,277.7991,0.8155,0.796,60.3086,99.8264,,,,,,,,,,8.0408,81.0707,16.0846,150.4062,246.91,-58.3566,,-14.8043,,,,,,,,,,,,,,,,,1848.9559,,9854.6591,,
2026-09-02 19:04:23,42.47315417882254,-82.83171572143414,,14.4622,93.1801,,45.7323,0.0,-1.9673,0.0803,277.7666,0.8196,0.7998,59.4137,98.8066,3.2658,13.42,10.0,0.0039,48.092,19.1613,66.1083,0.0,,8.7341,90.2706,17.2242,149.5306,244.8436,-57.7435,,-14.7868,,,,,,,,,,,,,,,,,1851.954,,9870.7352,,
2026-09-02 19:04:24,42.47315282015372,-82.83162471719176,13.8025,14.4039,92.6415,102.3804,56.9875,0.0,-3.4689,-0.4667,277.7353,0.8235,0.8036,61.0704,100.6114,,,,,,,,,0.0,8.8369,87.6369,16.7433,148.1743,243.506,-57.5487,,-14.2348,,,,,,,,,,,,,,,,,,,,,
2026-09-02 19:04:25,42.47315088062075,-82.83153470969394,,14.4039,94.2172,103.1023,15.7414,0.0,,,277.7118,0.8275,0.8074,60.5582,100.2676,,,,,,,,,,9.4115,88.0453,16.8767,146.1281,242.8551,,,-14.3806,,,,,,,,,,,,,,,,,1857.686,,9901.247,,
2026-09-02 19:04:26,42.47314764304834,-82.83144562718931,14.0978,14.1317,93.9135,102.5694,,0.0,-3.7141,-1.3171,,,,60.872,100.365,,,,,,,,,,7.7629,87.3475,16.0409,151.0904,247.3769,-57.5487,,,,,,,,,,,,,,,,,,,1860.3795,,9915.6827,,
2026-09-02 19:04:27,42.4731434939533,-82.83135781175066,,14.3261,93.4036,102.0595,-44.2404,0.0,-3.2405,-1.6068,277.6863,0.8329,0.8126,59.7729,99.0988,3.2658,13.42,10.0,0.0064,48.092,19.1613,65.2995,0.0,,7.608,86.3691,15.8648,151.4067,247.1839,-57.5602,,-14.3105,,,,,,,,,,,,,,,,,,,,,
2026-09-02 19:04:28,42.473141312467625,-82.83126892583036,14.229,14.2678,92.7676,101.0798,-40.4829,0.0,-1.7865,0.0409,277.6588,0.8369,0.8164,,98.6863,,,,,,,,,0.0,7.1059,91.5921,16.205,154.0026,248.886,-58.2306,,-14.2374,,,,,,,,,,,,,,,,,1866.1246,,9946.1945,,
2026-09-02 19:04:29,42.4731385,-82.8311721,,13.6069,91.8222,100.2089,-74.221,0.0,0.5039,-0.4517,277.6307,0.8411,0.8204,59.4698,97.9987,,,,,,,,,,7.0565,87.4736,15.3293,152.6207,246.2795,-57.3367,,-13.8996,,,,,,,,,,,,,,,,,1868.9478,,9961.2864,,
2026-09-02 19:04:30,42.4731374,-82.8310872,14.0322,13.2376,90.4872,101.223,53.2438,0.0,-1.5009,-2.9414,277.601,0.8448,0.8239,60.5216,,,,,,,,,,,8.1907,80.7633,14.4981,146.1081,239.2792,-53.114,,-13.3138,,,,,,,,,,,,,,,,,,,,,
2026-09-02 19:04:31,42.473137,-82.8310054,,13.0237,91.318,103.3257,105.7554,0.0,-3.9536,-0.5437,277.5708,0.8484,0.8273,61.3038,99.6488,3.2659,13.42,10.0,0.0071,48.092,19.1613,66.2782,0.0,,8.6103,92.2969,15.8363,147.0934,241.7965,-55.148,,-13.0008,,,,,,,,,,,,,,,,,1874.303,,9989.8297,,
2026-09-02 19:04:32,42.4731361,-82.8309268,14.229,13.0043,93.5697,106.0874,,0.0,,,277.5441,0.8519,0.8306,62.4691,101.9693,,,,,,,,,0.0,7.6865,93.4965,15.1804,149.642,246.0695,-55.2855,,-12.541,,,,,,,,,,,,,,,,,,,,,
2026-09-02 19:04:33,42.4731337,-82.8308493,,12.5183,95.4433,,101.9945,0.0,-2.7362,-1.2382,277.5244,0.8553,0.8339,63.829,104.4674,,,,,,,,,,7.3827,88.5669,14.2118,148.7139,246.7909,-55.2397,,-12.5334,,,,,,,,,,,,,,,,,1879.0005,,10014.7641,,
2026-09-02 19:04:34,42.4731282,-82.8307732,14.5243,12.2462,98.543,107.8063,184.5348,0.0,-1.8135,-0.7907,277.5181,0.8587,0.8371,64.9622,106.7879,,,,,,,,,,8.1001,96.6281,15.6126,148.979,251.2258,-55.5949,,-12.3226,,,,,,,,,,,,,,,,,1881.0769,,10025.919,,
2026-09-02 19:04:35,42.4731181,-82.8306951,,12.0907,100.726,111.8571,128.2486,0.0,-4.9232,-0.6442,277.5288,0.8622,0.8406,69.3914,110.1912,3.2659,13.42,10.0,0.0049,48.092,19.1613,66.9611,0.0,,8.733,92.7424,15.4701,145.6765,250.1405,-53.4177,,-12.7707,,,,,,,,,,,,,,,,,1882.8732,,10035.4334,,
2026-09-02 19:04:36,42.4731056,-82.8306193,15.3773,12.6544,101.9922,111.9144,19.5642,0.0,-4.9466,-0.2287,277.548,0.8653,0.8437,67.7441,109.011,,,,,,,,,0.0,,,,,,-57.5258,,-12.2722,,,,,,,,,,,,,,,,,,,,,
2026-09-02 19:04:37,42.473089,-82.8305307,,13.1792,105.0232,112.9514,162.0554,0.0,-4.0567,-0.2077,277.5792,0.8693,0.8477,,111.8414,,,,,,,,,,8.3365,99.0478,16.414,149.8962,255.9949,-55.7095,,-12.9624,,,,,,,,,,,,,,,,,1886.6193,,10055.4465,,
2026-09-02 19:04:38,42.4730725,-82.8304502,14.5243,13.4514,105.5331,114.9568,,0.0,,,277.6128,0.873,0.8514,72.0093,111.4632,,,,,,,,,,9.4717,95.2116,16.7439,145.7126,253.4988,-56.1335,,-13.0811,,,,,,,,,,,,,,,,,,,,,
2026-09-02 19:04:39,42.473055,-82.8303686,,13.1209,106.891,112.8884,-134.2131,0.0,-4.995,-0.27,277.6497,0.8767,0.8551,70.7015,110.2428,3.2659,13.42,10.0,0.0035,48.092,19.1613,66.4765,0.0,,9.4701,94.2285,16.7293,145.6299,254.5079,-56.7466,,-12.8389,,,,,,,,,,,,,,,,,1890.344,,10075.4596,,
2026-09-02 19:04:40,42.4730383,-82.8302875,15.8694,13.4514,104.3815,110.6768,-59.1946,0.0,-3.063,-1.0227,277.6833,0.8804,0.8589,69.4423,,,,,,,,,,0.0,8.9737,90.8219,16.1832,146.3272,254.4275,-56.8956,,-13.185,,,,,,,,,,,,,,,,,1892.426,,10086.6145,,
2026-09-02 19:04:41,42.4730244,-82.8302038,,13.5486,103.5106,110.207,4.5688,0.0,-2.2855,0.447,277.7048,0.8842,0.8626,67.8145,107.4468,,,,,,,,,,8.9556,94.2973,16.8381,147.9695,254.2819,-57.056,,-13.4757,,,,,,,,,,,,,,,,,1894.4275,,10097.1132,,
2026-09-02 19:04:42,42.4730085,-82.83012,14.8196,13.7041,103.4418,108.4251,-77.9337,0.0,-2.3785,-1.1488,277.7338,0.888,0.8664,67.7025,107.7562,,,,,,,,,,9.6592,89.2455,16.683,144.6246,250.6464,-56.9987,,-13.6567,,,,,,,,,,,,,,,,,,,,,
2026-09-02 19:04:43,42.4729936,-82.8300354,14.7211,13.8985,102.0953,106.3567,-77.9028,0.0,-3.6183,0.3833,277.7584,0.8918,0.8703,66.4959,105.3669,3.266,13.42,10.0,0.0035,48.092,19.1613,64.613,0.0,,9.8883,95.2979,17.8023,146.4215,251.4972,-57.0159,,-14.243,,,,,,,,,,,,,,,,,1898.6338,,10119.4229,,
2026-09-02 19:04:44,42.4729789,-82.8299397,14.7867,14.0734,99.5801,,-62.8936,0.0,-1.6748,-0.4251,277.777,0.8957,0.8741,,103.2298,,,,,,,,,0.0,8.9776,93.484,17.135,148.4687,250.7194,-57.0159,,-13.8546,,,,,,,,,,,,,,,,,,,,,
2026-09-02 19:04:45,42.472967,-82.8298524,,13.9762,100.2905,105.7093,49.6067,0.0,-0.7553,-0.3551,277.7888,0.8997,0.878,64.2302,103.797,,,,,,,,,,9.2308,95.8703,17.6866,148.723,250.662,-57.1419,,-14.3521,,,,,,,,,,,,,,,,,1903.2106,,10144.0292,,
2026-09-02 19:04:46,42.4729543,-82.8297647,13.9009,14.6566,101.6542,107.3422,72.062,0.0,-3.682,-0.0087,277.8027,0.9036,0.8819,65.4878,105.768,,,,,,,,,,10.3358,96.8578,18.6897,146.697,249.8409,-57.2107,,-14.3016,,,,,,,,,,,,,,,,,,,,,
2026-09-02 19:04:47,42.4729408,-82.8296743,,14.6954,101.339,107.451,-62.8936,0.0,-4.9988,-1.3915,277.8188,0.9077,0.886,64.963,104.5419,3.266,13.42,10.0,0.004,48.092,19.1613,65.4321,0.0,,10.1912,91.1043,18.007,145.5384,249.0152,,,-14.3233,,,,,,,,,,,,,,,,,1907.8557,,10168.6355,,
2026-09-02 19:04:48,42.4729274,-82.8295823,14.0322,15.3758,99.2306,105.1592,,0.0,,,277.835,0.9118,0.89,64.1198,102.7428,,,,,,,,,0.0,9.3169,98.9106,18.7564,150.611,252.237,-57.7435,,-14.9671,,,,,,,,,,,,,,,,,,,,,
2026-09-02 19:04:49,42.4729161,-82.8294882,,15.1036,99.6087,105.8009,4.5894,0.0,-2.5489,-0.0366,277.8419,0.916,0.8942,64.7639,104.1637,,,,,,,,,,8.2336,92.6727,17.3884,151.7711,253.0265,-57.8295,,-14.8028,,,,,,,,,,,,,,,,,1912.8842,,10195.5384,,
2026-09-02 19:04:50,42.4729028,-82.8293896,15.082,14.5982,100.0785,107.1703,75.8333,0.0,-0.4331,-0.9884,277.8502,0.9201,0.8982,,,,,,,,,,,,9.6928,98.0318,18.6745,149.073,251.4699,-57.7722,,-14.5114,,,,,,,,,,,,,,,,,1915.4471,,10209.3179,,
2026-09-02 19:04:51,42.4728914,-82.8293002,,13.8596,99.8322,106.5744,-47.9566,0.0,-1.5342,-0.7135,277.8647,0.9241,0.9022,66.9429,104.8455,3.2661,13.42,10.0,0.007,48.092,19.1613,65.4629,0.0,,9.1102,95.5339,17.6489,149.0839,250.6892,-57.0674,,-14.4784,,,,,,,,,,,,,,,,,1917.5771,,10220.4728,,
2026-09-02 19:04:52,42.4728825,-82.829212,15.7054,13.9956,97.7581,105.8238,-119.1764,0.0,-0.347,-0.5073,277.8669,0.928,0.906,65.0528,103.3673,,,,,,,,,0.0,9.4103,96.9416,18.0585,148.85,249.8136,-56.9872,,-13.8382,,,,,,,,,,,,,,,,,,,,,
2026-09-02 19:04:53,42.4728735,-82.8291248,,14.2678,98.119,106.5286,12.0837,0.0,-1.4041,-1.3288,277.8658,0.932,0.9099,64.7541,103.8028,,,,,,,,,,,,,,,-56.9643,,-14.2849,,,,,,,,,,,,,,,,,1922.5761,,10247.0476,,
2026-09-02 19:04:54,42.4728636,-82.8290359,17.0505,14.1123,102.1526,,79.5804,0.0,-3.8788,-0.8628,277.8664,0.9359,0.9137,64.7184,104.708,,,,,,,,,,10.1905,99.6079,18.7919,147.6782,249.0049,-57.5717,,-14.2289,,,,,,,,,,,,,,,,,,,,,
2026-09-02 19:04:55,42.4728519,-82.8289465,,14.0734,99.7004,107.8865,-171.6364,0.0,-4.5444,-0.1893,277.8761,0.9399,0.9176,64.5471,104.645,3.2661,13.42,10.0,0.0051,48.092,19.1613,64.9695,0.0,,8.6617,97.2122,17.6766,150.9133,253.2452,-57.7034,,-14.5067,,,,,,,,,,,,,,,,,1927.4352,,10272.9662,,
2026-09-02 19:04:56,42.4728417,-82.8288574,15.935,14.3844,97.718,105.0962,,0.0,,,277.879,0.9439,0.9216,,101.9349,,,,,,,,,0.0,7.8803,101.1898,17.6919,154.0904,255.0833,-57.755,,-14.3638,,,,,,,,,,,,,,,,,1930.0076,,10286.7457,,
2026-09-02 19:04:57,42.4728334,-82.82877,,14.3455,97.8669,104.4545,34.5975,0.0,-1.6366,-1.6892,277.8803,0.9479,0.9254,62.9979,102.2902,,,,,,,,,,6.5034,97.2598,16.5071,156.9946,256.3837,-57.5946,,-14.4814,,,,,,,,,,,,,,,,,,,,,
2026-09-02 19:04:58,42.4728256,-82.8286833,15.2789,14.1317,98.0273,105.1076,-6.6624,0.0,-1.5516,-1.1056,277.8771,0.9518,0.9292,63.7624,103.2413,,,,,,,,,,8.1629,92.9982,16.7045,150.791,250.2088,-49.4013,,-14.3455,,,,,,,,,,,,,,,,,1934.8875,,10312.6644,,
2026-09-02 19:04:59,42.4728168,-82.8285928,,13.9373,98.0044,106.2707,72.0724,0.0,-2.0813,-1.0237,277.8754,0.9555,0.9329,64.7949,103.3788,3.2661,13.42,10.0,0.006,48.092,19.1613,64.8315,0.0,,8.941,95.0603,16.9791,148.363,248.8815,-51.3722,,-13.5874,,,,,,,,,,,,,,,,,1937.2051,,10325.1316,,
2026-09-02 19:05:00,42.4728115,-82.828513,15.6398,13.0043,95.5121,104.1737,-145.4133,0.0,-0.428,-1.0129,277.87,0.9591,0.9364,65.2293,102.2157,,,,,,,,,0.0,8.3416,96.9728,16.5569,149.9942,249.2662,-51.3722,,-13.7796,,,,,,,,,,,,,,,,,,,,,
2026-09-02 19:05:01,42.472809,-82.8284355,,12.0712,95.535,105.417,4.5722,0.0,1.104,-1.6491,277.8556,0.9625,0.9396,64.1663,,,,,,,,,,,7.8807,94.5064,15.515,149.5779,247.6411,-51.3722,,-12.5234,,,,,,,,,,,,,,,,,1942.0733,,10351.0502,,
2026-09-02 19:05:02,42.4728034,-82.8283607,17.0505,11.5658,97.2424,108.4766,94.5655,0.0,,,277.8394,0.9658,0.9428,65.6138,104.1293,,,,,,,,,,9.4078,100.8587,16.5905,146.1576,246.1458,-51.3608,,-12.295,,,,,,,,,,,,,,,,,1944.2146,,10362.5331,,
2026-09-02 19:05:03,42.4727957,-82.828292,,11.3909,100.4223,112.0347,173.314,0.0,-1.8798,-1.3243,277.8381,0.969,0.9459,68.4226,107.7103,3.2662,13.42,10.0,0.0031,48.092,19.1613,67.1143,0.0,,9.4294,97.8049,15.6815,143.4349,246.4165,-51.3608,,-11.6241,,,,,,,,,,,,,,,,,1945.9084,,10371.3914,,
2026-09-02 19:05:04,42.472785,-82.8282232,17.2474,11.2548,102.4964,113.1864,83.355,0.0,-3.9675,-1.5234,277.8466,0.9721,0.9489,69.7629,110.5579,,,,,,,,,0.0,9.4136,100.3463,15.8742,144.3123,250.1072,-54.2886,,-11.0866,,,,,,,,,,,,,,,,,,,,,
2026-09-02 19:05:05,42.4727712,-82.8281518,,11.3715,103.5564,,53.4295,0.0,-3.6915,-0.1406,277.8635,0.9752,0.952,68.313,110.9132,,,,,,,,,,8.7141,105.0277,16.1397,148.5704,255.7016,-55.4804,,-11.313,,,,,,,,,,,,,,,,,1949.2584,,10389.436,,
2026-09-02 19:05:06,42.4727562,-82.8280732,17.5427,11.4298,105.6477,113.4786,,0.0,-1.8516,0.3374,277.8927,0.9788,0.9557,,111.6809,,,,,,,,,,9.8977,100.3902,16.5683,144.0134,252.514,-55.4689,,-11.7015,,,,,,,,,,,,,,,,,,,,,
2026-09-02 19:05:07,42.47274,-82.8280017,,11.6436,106.954,114.3724,72.1721,0.0,-1.8013,-0.1097,277.9147,0.9818,0.9586,69.906,112.3628,,,,,,,,,,10.2699,97.7167,16.6519,142.3268,252.3437,-55.4689,,-11.3258,,,,,,,,,,,,,,,,,1952.5917,,10407.1526,,
2026-09-02 19:05:08,42.4727232,-82.8279284,17.1161,11.8769,108.4781,115.5584,,0.0,,,277.9658,0.9868,0.9637,,113.6748,,,,,,,,,,10.6813,95.9964,16.7388,140.608,251.7438,-55.4689,,-11.8103,,,,,,,,,,,,,,,,,,,,,
2026-09-02 19:05:09,42.4727073,-82.8278571,,11.9741,109.4178,116.6814,,0.0,,,,,,,114.8666,,,,,,,,,,,,,,,-55.9273,,,,,,,,,,,,,,,,,,,1955.4515,,10422.2444,,
2026-09-02 19:05:10,42.4726893,-82.8277878,17.2802,12.4795,110.9017,118.0737,,0.0,,,278.0158,0.9917,0.9687,,115.4567,,,,,,,,,,9.8912,94.3408,16.0129,141.9808,254.1599,-55.996,,-11.7377,,,,,,,,,,,,,,,,,1956.8356,,10429.7904,,
2026-09-02 19:05:11,42.4726697,-82.8277175,17.5427,11.7408,111.3658,117.6726,,0.0,,,278.0565,0.9949,0.9719,,,,,,,,,,,,9.9405,90.2753,15.6457,140.5548,254.4575,-55.5033,,-12.1671,,,,,,,,,,,,,,,,,,,,,
2026-09-02 19:05:12,42.4726494,-82.8276462,,11.9741,110.2314,115.5527,,0.0,,,278.0977,0.9981,0.9753,,115.5198,,,,,,,,,,10.0324,89.9528,15.719,140.34,254.0865,-56.0419,,-11.4274,,,,,,,,,,,,,,,,,1959.6291,,10444.5541,,
2026-09-02 19:05:13,42.4726313,-82.8275721,17.9692,12.635,108.0197,112.155,-126.5228,0.0,-2.248,0.5106,278.1366,1.0014,0.9787,70.9403,111.3314,,,,,,,,,,10.0649,88.7788,15.6274,139.9161,252.2229,-56.5174,,-11.7083,,,,,,,,,,,,,,,,,,,,,
2026-09-02 19:05:14,42.4726109,-82.8274877,,12.7127,107.8307,113.3353,132.2226,0.0,-0.372,0.7591,278.1748,1.0053,0.9826,70.1791,110.0938,,,,,,,,,,9.1679,89.5247,15.5704,143.9294,254.1623,-55.1423,,-12.4489,,,,,,,,,,,,,,,,,1963.0392,,10462.9268,,
2026-09-02 19:05:15,42.4725935,-82.8274127,17.7395,12.3434,105.0747,,-190.2999,0.0,-3.2261,0.7587,278.2235,1.0105,0.9879,72.38,110.1225,3.2663,13.42,10.0,0.0031,48.092,19.1613,65.0954,0.0,,11.6947,89.3942,17.0832,136.801,246.9666,,,-12.0476,,,,,,,,,,,,,,,,,,,,,
2026-09-02 19:05:16,42.4725789,-82.8273359,,12.4989,103.9174,110.1955,-14.0054,0.0,-0.0237,0.1339,278.2444,1.014,0.9913,68.3072,106.9082,,,,,,,,,0.0,10.128,86.1674,15.5423,139.4444,247.5003,-55.6923,,-12.3352,,,,,,,,,,,,,,,,,2252.8954,,13552.4939,,
2026-09-02 19:05:17,42.4725646,-82.8272577,17.8379,12.7516,103.8486,108.7631,-6.5317,0.0,0.489,-0.0435,,,,68.6988,106.6561,,,,,,,,,,10.1144,91.5413,16.3714,141.8601,248.3956,-56.2596,,,,,,,,,,,,,,,,,,,2255.6183,,13572.8351,,
2026-09-02 19:05:18,42.4725499,-82.827181,,12.1684,104.8398,109.0324,,0.0,,,278.2724,1.0189,0.9963,,107.2061,,,,,,,,,,11.2559,85.4981,16.1968,136.1479,242.3839,-55.8127,,-12.5402,,,,,,,,,,,,,,,,,,,,,
2026-09-02 19:05:19,42.4725349,-82.8271051,17.5427,12.3628,104.7138,110.0637,23.4626,0.0,-2.9511,0.583,278.2946,1.0224,0.9997,69.594,107.378,,,,,,,,,,11.3658,92.0431,17.1136,138.4162,245.1268,-55.5033,,-12.6025,,,,,,,,,,,,,,,,,2261.4729,,13616.4703,,
2026-09-02 19:05:20,42.4725196,-82.8270285,,12.1296,103.9288,108.5511,-134.0515,0.0,-3.1398,-0.8017,278.3177,1.0258,1.0032,69.0591,106.0602,3.2663,13.42,10.0,0.0017,48.092,19.1613,66.1711,0.0,0.0,10.4114,91.0213,16.3347,140.4107,246.8778,-55.6694,,-12.1891,,,,,,,,,,,,,,,,,2264.4306,,13638.4519,,
2026-09-02 19:05:21,42.4725047,-82.8269433,17.6083,,,107.8292,12.2281,0.0,-1.7427,-0.2603,278.3407,1.0297,1.0071,67.1268,104.2439,,,,,,,,,,11.699,96.21,18.1873,140.2472,245.4959,-55.6694,,-13.3124,,,,,,,,,,,,,,,,,,,,,
2026-09-02 19:05:22,42.4724932,-82.8268636,,12.9849,101.9349,105.8926,-167.7517,0.0,-2.2627,-0.6485,278.3543,1.0333,1.0106,66.3161,,,,,,,,,,,11.214,92.744,17.4214,139.9877,243.5371,-55.6465,,-12.5456,,,,,,,,,,,,,,,,,2270.8664,,13684.3836,,
2026-09-02 19:05:23,42.472483,-82.8267835,17.7395,12.8099,100.2103,106.7692,38.5062,0.0,-2.4186,1.0021,278.3623,1.0369,1.0142,66.0749,104.0033,3.2664,13.42,10.0,0.0043,48.092,19.1613,65.751,0.0,,10.3026,104.5167,18.3571,147.0904,250.3841,-55.6694,,-12.8219,,,,,,,,,,,,,,,,,2273.9977,,13706.6934,,
2026-09-02 19:05:24,42.4724714,-82.8267031,,12.9071,100.3421,107.7776,,0.0,,,278.3685,1.0405,1.0177,,104.8857,,,,,,,,,,,,,,,-55.9502,,-12.9905,,,,,,,,,,,,,,,,,2276.8318,,13727.0346,,
2026-09-02 19:05:25,42.4724608,-82.8266248,17.3458,12.1684,100.5541,110.6138,15.989,0.0,-1.8988,0.8177,278.3768,1.044,1.0212,66.2336,105.8711,,,,,,,,,0.0,9.8602,104.5952,17.9439,147.8749,251.295,-55.9502,,-12.2319,,,,,,,,,,,,,,,,,,,,,
2026-09-02 19:05:26,42.4724451,-82.8265478,,12.7322,102.3589,,,0.0,,,278.3887,1.0476,1.0247,,109.7844,,,,,,,,,,9.622,103.7372,17.6641,148.0526,252.3801,-55.9502,,-12.9388,,,,,,,,,,,,,,,,,2282.7433,,13770.6697,,
2026-09-02 19:05:27,42.4724279,-82.8264674,17.5427,12.5572,105.4758,113.152,,0.0,,,278.4164,1.0511,1.0283,,110.1282,,,,,,,,,,10.6088,103.7005,18.3725,145.875,253.7424,-56.6836,,-12.8511,,,,,,,,,,,,,,,,,2285.7796,,13793.6356,,
2026-09-02 19:05:28,42.4724132,-82.8263836,,13.7235,103.8085,109.7715,,0.0,,,278.4392,1.0545,1.0317,,106.4212,,,,,,,,,,10.7341,106.324,19.3144,147.768,255.6886,-62.8142,,-13.5182,,,,,,,,,,,,,,,,,,,,,
2026-09-02 19:05:29,,,17.6739,13.8401,103.5908,107.537,,0.0,,,278.4584,1.0588,1.0359,,105.2008,,,,,,,,,,10.6511,110.2253,20.2167,150.3723,256.5089,-58.8436,,-13.7785,,,,,,,,,,,,,,,,,2292.6756,,13843.5044,,
2026-09-02 19:05:30,42.4723963,-82.8262892,,14.3067,103.0522,108.3506,-111.5136,0.0,-2.1223,-2.7747,278.4774,1.0627,1.0398,67.9927,105.8368,,,,,,,,,,10.7957,104.8016,20.032,148.598,253.9017,-57.1649,,-14.5627,,,,,,,,,,,,,,,,,2296.0644,,13868.4388,,
2026-09-02 19:05:31,42.4723818,-82.8262022,17.477,14.2678,102.6912,104.9014,,0.0,,,278.4903,1.0666,1.0437,,102.0266,3.2664,13.42,10.0,0.0041,48.092,19.1613,64.6026,0.0,,11.2281,108.802,20.6233,148.9768,253.3033,-57.7034,,-14.2591,,,,,,,,,,,,,,,,,,,,,
2026-09-02 19:05:32,42.4723709,-82.8261174,,13.9762,98.5831,105.3368,-14.0088,0.0,0.6021,1.2017,278.4914,1.0704,1.0474,65.1201,,,,,,,,,,0.0,9.7238,100.7217,18.4256,148.767,250.0457,-50.0086,,-13.9754,,,,,,,,,,,,,,,,,2302.7315,,13914.6986,,
2026-09-02 19:05:33,42.4723612,-82.8260352,17.2802,12.8488,98.2164,105.6462,4.7235,0.0,-0.4487,-1.576,278.4928,1.074,1.0509,65.9835,103.3845,,,,,,,,,,10.4868,98.7843,17.9717,144.7832,245.8683,-51.8764,,-12.8682,,,,,,,,,,,,,,,,,,,,,
2026-09-02 19:05:34,42.4723523,-82.8259576,17.2802,12.6544,99.391,105.8811,12.2109,0.0,-0.9091,-1.4883,278.4964,1.0774,1.0543,66.0683,103.7054,,,,,,,,,,9.0633,102.1337,17.1324,148.8558,250.78,-51.8764,,-12.7898,,,,,,,,,,,,,,,,,2308.4746,,13954.7249,,
2026-09-02 19:05:35,42.4723433,-82.8258822,,12.3045,98.7722,104.443,-107.763,0.0,-0.6041,-0.5284,278.4965,1.0807,1.0576,64.694,102.8287,3.2665,13.42,10.0,0.0046,48.092,19.1613,65.5405,0.0,,9.0772,107.7149,17.2751,149.9648,250.5886,-51.8994,,-12.0122,,,,,,,,,,,,,,,,,2311.4918,,13975.0661,,
2026-09-02 19:05:36,42.4723369,-82.8258079,17.0505,12.1296,97.0361,,-2.7605,0.0,-0.7697,-1.2088,278.4887,1.084,1.0608,64.1353,102.336,,,,,,,,,0.0,8.9611,108.4616,17.0457,150.0891,249.9841,-51.8764,,-12.3212,,,,,,,,,,,,,,,,,,,,,
2026-09-02 19:05:37,42.472332495901135,-82.82572740330787,,11.7214,96.5548,105.3139,57.2385,,-1.8061,-1.2918,278.471,1.0888,1.0653,64.7048,103.5048,,,,,,,,,,9.1596,115.7728,17.5801,152.0181,252.592,,,-11.7351,,,,,,,,,,,,,,,,,2317.533,,14015.7485,,
2026-09-02 19:05:38,42.47232686373282,-82.8256576116869,17.5427,11.0993,98.2107,106.8552,,0.0,,,278.4698,1.0918,1.0683,,104.8799,,,,,,,,,,8.8739,121.0908,17.5127,154.2833,256.401,-51.8593,,-11.3325,,,,,,,,,,,,,,,,,2320.1906,,14034.1212,,
2026-09-02 19:05:39,42.472319557456736,-82.82559039606568,,11.0216,99.9468,107.9495,68.504,0.0,-2.3564,-1.0982,278.474,1.0948,1.0712,65.0975,106.0831,3.2665,13.42,10.0,0.0028,48.092,19.1613,66.4338,0.0,,7.8268,122.5078,16.6153,156.5934,259.05,-51.8421,,-11.2902,,,,,,,,,,,,,,,,,,,,,
2026-09-02 19:05:40,42.472311018188265,-82.82552381366483,17.6739,10.5939,99.9582,109.4277,83.5097,0.0,-2.142,-0.2973,278.4765,1.0977,1.0741,66.6883,107.9051,,,,,,,,,0.0,,,,,,-51.5613,,-10.5469,,,,,,,,,,,,,,,,,2325.2845,,14070.2104,,
2026-09-02 19:05:41,42.472302823378406,-82.82545931553175,,10.3801,101.4651,112.2295,177.2605,0.0,-1.3464,-0.4392,278.4851,1.1007,1.077,68.2866,110.0595,,,,,,,,,,7.3913,123.368,16.0148,157.3285,261.3584,-50.169,,-10.2672,,,,,,,,,,,,,,,,,2327.5708,,14087.2708,,
2026-09-02 19:05:42,42.4722927703547,-82.8253943285962,17.6083,9.8553,101.5911,112.2983,-21.4825,0.0,-3.3011,-0.2005,278.4985,1.1035,1.0799,70.0709,110.621,,,,,,,,,,8.3368,115.9771,15.8253,151.7332,257.3558,-52.3062,,-9.9723,,,,,,,,,,,,,,,,,,,,,
2026-09-02 19:05:43,42.47228120704471,-82.82533194752267,,10.1857,105.1951,115.1401,218.541,0.0,-2.0644,-0.0193,278.517,1.1064,1.0827,70.2076,,,,,,,,,,,7.5533,118.7681,15.3189,154.3918,261.5628,-52.3062,,-10.4415,,,,,,,,,,,,,,,,,2332.3129,,14122.7039,,
2026-09-02 19:05:44,42.4722666,-82.8252627,17.4114,9.9136,105.407,115.5527,42.329,0.0,-4.6447,-0.0399,278.5399,1.1093,1.0857,71.5805,113.3712,3.2666,13.42,10.0,0.0069,48.092,19.1613,66.8237,0.0,0.0,7.5403,112.1284,14.9793,152.2055,261.3708,-52.6385,,-10.9087,,,,,,,,,,,,,,,,,,,,,
2026-09-02 19:05:45,42.4722513,-82.825198,,11.0993,108.7703,114.55,31.1322,0.0,-3.0008,-0.0307,,,,70.1342,112.7696,,,,,,,,,,6.4425,114.4366,14.8199,156.6857,267.1592,-58.2134,,,,,,,,,,,,,,,,,,,2337.5103,,14162.0739,,
2026-09-02 19:05:46,42.4722363,-82.825131,15.6398,11.7408,107.739,115.249,72.3611,0.0,-3.5378,1.5749,278.5762,1.1139,1.0903,72.0872,112.2252,,,,,,,,,,7.989,120.0666,16.9212,155.883,266.2191,-58.116,,-10.8918,,,,,,,,,,,,,,,,,2340.1528,,14182.4152,,
2026-09-02 19:05:47,42.47222,-82.8250601,15.6398,12.3045,109.4579,,57.3829,0.0,-3.3097,0.0018,278.6033,1.1172,1.0936,71.9409,113.0675,3.2666,13.42,10.0,0.0028,48.092,19.1613,67.0918,0.0,,8.2436,109.3775,16.5504,151.9738,263.2093,-58.0988,,-11.7769,,,,,,,,,,,,,,,,,2342.789,,14202.7564,,
2026-09-02 19:05:48,42.4722029,-82.8249892,,13.0237,110.0824,115.2375,,0.0,,,278.6322,1.1204,1.097,,112.6492,,,,,,,,,0.0,8.5452,108.7234,17.249,152.0186,264.3761,-58.116,,-11.9005,,,,,,,,,,,,,,,,,,,,,
2026-09-02 19:05:49,42.4721829,-82.8249112,15.1476,12.9265,110.6152,114.6245,-21.3347,0.0,-4.0831,0.2883,278.6672,1.1241,1.1007,71.6487,111.3658,,,,,,,,,,9.5354,105.0666,17.9756,149.1876,261.6925,-58.1904,,-12.7118,,,,,,,,,,,,,,,,,2348.3205,,14246.0634,,
2026-09-02 19:05:50,42.4721626,-82.824832,,13.6846,108.2145,111.4961,-167.5489,0.0,-4.1973,0.6785,278.7,1.1278,1.1044,70.3632,108.2432,,,,,,,,,,10.5073,105.9722,19.2023,148.2599,258.634,-58.8436,,-13.1495,,,,,,,,,,,,,,,,,2351.4915,,14269.6855,,
2026-09-02 19:05:51,42.472142,-82.8247414,15.2133,13.9762,106.0545,109.6741,-10.0485,0.0,-2.4909,0.469,278.7273,1.1315,1.1082,68.5745,107.2291,3.2666,13.42,10.0,0.0028,48.092,19.1613,65.7416,0.0,,10.8661,101.6947,19.3888,146.7152,255.0841,-58.8436,,-13.4705,,,,,,,,,,,,,,,,,,,,,
2026-09-02 19:05:52,42.4721249,-82.8246567,,14.2483,106.467,109.5653,-10.0692,0.0,-2.8883,0.1108,278.7501,1.1354,1.1121,68.5151,107.0514,,,,,,,,,0.0,10.8685,96.8333,18.9437,145.2742,253.2846,-58.8952,,-14.4979,,,,,,,,,,,,,,,,,2358.2644,,14320.5385,,
2026-09-02 19:05:53,42.4721078,-82.8245709,15.3117,14.1317,103.7455,107.0958,-201.3248,0.0,-2.6647,-0.2016,278.7792,1.1413,1.118,68.3187,,,,,,,,,,,10.9515,97.7711,19.0531,145.284,251.3868,-58.8952,,-14.0657,,,,,,,,,,,,,,,,,2361.6497,,14345.1448,,
2026-09-02 19:05:54,42.4720924,-82.8244842,,14.501,104.2898,108.5225,136.1623,0.0,-0.8097,-0.582,278.7961,1.1452,1.1219,68.165,104.7481,,,,,,,,,,9.4815,88.801,16.8643,145.7987,251.0072,-54.2657,,-13.861,,,,,,,,,,,,,,,,,,,,,
2026-09-02 19:05:55,42.4720775,-82.8243981,15.5741,13.5291,100.726,106.5515,-163.8464,0.0,-2.2814,-0.4208,278.8109,1.1491,1.1258,68.7824,105.7737,3.2667,13.42,10.0,0.0054,48.092,19.1613,65.7167,0.0,,9.9133,94.9686,17.5781,145.8171,249.1883,-54.1511,,-13.5688,,,,,,,,,,,,,,,,,2368.3117,,14394.0293,,
2026-09-02 19:05:56,42.4720634,-82.8243137,,13.4125,101.8948,108.9293,94.8612,0.0,-1.3153,-2.6582,278.8244,1.1529,1.1295,69.4979,104.9544,,,,,,,,,0.0,,,,,,-55.2397,,-13.5687,,,,,,,,,,,,,,,,,2371.5505,,14417.9795,,
2026-09-02 19:05:57,42.4720484,-82.8242315,17.1161,13.1598,104.1637,,151.1165,0.0,-4.0302,-0.4784,278.8417,1.1566,1.1332,72.1897,107.8478,,,,,,,,,,8.7649,89.8724,16.1267,147.0776,251.4548,-55.1194,,-12.8387,,,,,,,,,,,,,,,,,,,,,
2026-09-02 19:05:58,42.4720325,-82.8241504,,12.8488,106.6618,111.9087,-55.1449,0.0,-5.4232,-3.1044,,,,72.2013,110.0022,,,,,,,,,,10.2516,98.5691,17.9096,145.527,252.1967,-56.8497,,,,,,,,,,,,,,,,,,,2377.3443,,14461.9427,,
2026-09-02 19:05:59,42.4720127,-82.8240627,16.4928,13.1015,104.7711,111.1581,,0.0,,,278.8787,1.162,1.1387,,107.7161,3.2667,13.42,10.0,0.0047,48.092,19.1613,65.8694,0.0,,9.614,94.8286,16.8387,145.3253,253.0715,-57.1649,,-13.1789,,,,,,,,,,,,,,,,,2380.776,,14487.2052,,
2026-09-02 19:06:00,42.4719987,-82.8239815,,13.2181,104.9429,110.0408,4.94,0.0,-2.5946,0.2476,278.8923,1.1657,1.1424,68.7649,108.6786,,,,,,,,,0.0,8.47,105.8258,17.6363,152.4801,258.9131,-56.6377,,-13.2882,,,,,,,,,,,,,,,,,,,,,
2026-09-02 19:06:01,42.4719823,-82.8238994,17.2474,13.5486,106.765,113.1061,203.659,0.0,-2.318,-1.0703,278.9253,1.1713,1.148,71.6809,111.8987,,,,,,,,,,8.9741,97.6181,17.0656,148.5862,255.5716,,,-13.5409,,,,,,,,,,,,,,,,,2386.9499,,14534.1212,,
2026-09-02 19:06:02,42.4719635,-82.8238183,,13.7624,108.7703,114.8422,34.9138,0.0,-4.3013,0.6798,278.9563,1.1751,1.1519,72.6331,113.1764,,,,,,,,,,10.3699,101.7697,18.6274,146.9754,256.9245,-56.7065,,-13.6518,,,,,,,,,,,,,,,,,,,,,
2026-09-02 19:06:03,42.4719416,-82.823735,16.9193,14.0928,109.8016,114.4239,-118.8326,0.0,-5.6992,-1.3341,278.9943,1.179,1.1558,73.1065,110.3803,3.2667,13.42,10.0,0.0013,48.092,19.1613,65.4964,0.0,,10.7938,95.4429,18.4419,144.3631,256.2413,-57.8295,,-13.6048,,,,,,,,,,,,,,,,,2393.1603,,14582.6776,,
2026-09-02 19:06:04,42.4719204,-82.8236523,,14.0151,107.1546,112.1722,-21.3278,0.0,-3.6178,0.2648,279.0221,1.1828,1.1596,71.4878,,,,,,,,,,0.0,9.7604,98.8089,18.287,148.1675,257.8493,-57.9727,,-13.6107,,,,,,,,,,,,,,,,,2396.3665,,14606.9558,,
2026-09-02 19:06:05,42.4719005,-82.8235683,16.0663,14.0151,108.9594,114.7104,91.1381,0.0,-2.3374,-1.7056,279.052,1.1866,1.1635,73.3726,110.9132,,,,,,,,,,9.5803,90.5642,17.1845,146.119,256.3071,-57.9441,,-13.5781,,,,,,,,,,,,,,,,,,,,,
2026-09-02 19:06:06,42.4718796,-82.823486,,13.8985,108.9766,112.5504,-190.0971,0.0,-1.8426,0.5893,279.0845,1.1905,1.1674,73.986,112.3857,,,,,,,,,,9.7897,95.5218,17.8539,146.9219,257.8134,-57.9613,,-13.4615,,,,,,,,,,,,,,,,,2402.3432,,14653.8719,,
2026-09-02 19:06:07,42.4718576,-82.823391,17.1818,13.257,105.493,110.7914,12.4171,0.0,-1.2282,-3.0967,,,,70.8855,108.7588,3.2668,13.42,10.0,0.0054,48.092,19.1613,65.3405,0.0,,9.8793,84.2296,16.3026,142.9205,250.9319,-56.2997,,,,,,,,,,,,,,,,,,,,,,,
2026-09-02 19:06:08,42.4718404,-82.823307,,14.3261,106.5587,,,0.0,,,279.1113,1.1948,1.1718,,109.3834,,,,,,,,,0.0,11.1961,97.7918,19.237,144.7859,253.5043,-58.5743,,-14.2858,,,,,,,,,,,,,,,,,2409.2336,,14705.7091,,
2026-09-02 19:06:09,42.4718211,-82.8232194,17.2802,14.4622,104.8398,111.2555,-175.0948,0.0,-3.9579,0.796,279.1314,1.1983,1.1753,71.4907,108.0885,,,,,,,,,,10.4856,82.5874,16.7087,141.5151,248.6912,-58.5858,,-14.4007,,,,,,,,,,,,,,,,,,,,,
2026-09-02 19:06:10,42.4718041,-82.8231324,,14.676,102.5251,109.3475,-73.829,0.0,-3.9163,-3.4805,279.154,1.2023,1.1793,69.3175,107.1374,,,,,,,,,,10.6996,95.919,18.8631,145.6534,251.5263,-58.8551,,-14.4607,,,,,,,,,,,,,,,,,2416.0048,,14755.906,,
2026-09-02 19:06:11,42.4717881,-82.8230428,15.935,15.0648,107.4181,111.542,139.9335,0.0,-3.8894,0.361,279.1707,1.2063,1.1833,68.9761,110.0767,3.2668,13.42,10.0,0.0062,48.092,19.1613,67.2944,0.0,,,,,,,-58.9983,,-14.7307,,,,,,,,,,,,,,,,,2419.3943,,14781.8246,,
2026-09-02 19:06:12,42.4717686,-82.8229548,,15.0259,106.891,112.0462,-32.5761,0.0,-3.9563,-1.7891,279.2062,1.2125,1.1895,70.2129,108.8677,,,,,,,,,0.0,9.9849,84.0842,17.2168,144.7697,253.1962,-58.9754,,-14.9505,,,,,,,,,,,,,,,,,2422.7862,,14807.4152,,
2026-09-02 19:06:13,42.4717488,-82.8228637,16.7881,15.3952,107.0514,111.5305,1.1688,0.0,-4.8618,0.897,279.2293,1.2166,1.1936,70.2811,108.3979,,,,,,,,,,10.9545,92.3437,18.925,144.6652,253.3322,-58.9754,,-14.7589,,,,,,,,,,,,,,,,,,,,,
2026-09-02 19:06:14,42.4717307,-82.8227739,,15.6674,103.7627,109.2559,-163.8224,0.0,-4.3394,-1.9727,,,,67.6912,,,,,,,,,,,10.9543,79.8126,17.0805,140.8594,248.7975,-58.9754,,,,,,,,,,,,,,,,,,,2429.4031,,14856.6278,,
2026-09-02 19:06:15,42.4717113,-82.8226709,16.1319,15.6868,105.7852,110.4533,31.1666,0.0,-5.4513,-0.7773,279.2568,1.2228,1.1998,68.0057,107.441,3.2669,13.42,10.0,0.0057,48.092,19.1613,67.5799,0.0,,11.6989,86.6591,18.9393,141.9277,248.5934,-58.9754,,-15.3016,,,,,,,,,,,,,,,,,2433.3723,,14886.1553,,
2026-09-02 19:06:16,42.4716933,-82.8225767,,15.4924,106.1462,110.1841,-10.0932,0.0,-5.0324,-1.1922,279.2799,1.2275,1.2045,,108.5182,,,,,,,,,0.0,10.8099,79.2045,17.3874,142.3595,249.3519,-60.5338,,-15.7461,,,,,,,,,,,,,,,,,2436.9629,,14913.0582,,
2026-09-02 19:06:17,42.4716744,-82.8224818,16.0663,15.9006,105.0805,110.2299,-47.599,0.0,-3.8902,-1.2101,279.2983,1.2318,1.2088,68.7546,107.6817,,,,,,,,,,10.6268,87.0,18.4887,144.9714,251.9794,-59.9953,,-15.3265,,,,,,,,,,,,,,,,,2440.6514,,14940.6173,,
2026-09-02 19:06:18,42.4716567,-82.82239,,15.3563,103.396,,-58.837,0.0,-3.966,0.3248,279.3181,1.2361,1.2132,68.3214,107.0858,,,,,,,,,,10.9701,76.5828,16.6598,140.1706,246.3167,-58.2363,,-16.1975,,,,,,,,,,,,,,,,,,,,,
2026-09-02 19:06:19,42.4716409,-82.8222956,16.9193,15.0064,102.3532,108.7402,-58.8473,0.0,-2.8909,-3.9044,279.3331,1.2403,1.2173,67.7236,105.8711,3.2669,13.42,10.0,0.0021,48.092,19.1613,66.4734,0.0,,11.0313,76.8274,16.7321,140.0633,244.9633,-59.7317,,-14.8079,,,,,,,,,,,,,,,,,2447.8781,,14993.1107,,
2026-09-02 19:06:20,42.4716275,-82.8222048,,15.0648,100.1645,107.3422,,0.0,,,279.3436,1.2445,1.2215,66.7256,104.0205,,,,,,,,,0.0,11.6929,83.5068,17.7962,139.2448,243.0495,-60.7802,,-15.3436,,,,,,,,,,,,,,,,,2451.4262,,15018.0451,,
2026-09-02 19:06:21,42.471613,-82.8221106,17.2802,14.9676,100.7374,106.8552,23.6723,0.0,-3.4373,0.1522,279.3477,1.2482,1.2252,65.6794,104.7883,,,,,,,,,,11.6376,82.7573,17.954,139.9827,243.3847,-60.4937,,-14.7877,,,,,,,,,,,,,,,,,2455.0929,,15044.6199,,
2026-09-02 19:06:22,42.4715994,-82.8220093,,15.162,100.1186,106.1504,-77.5521,0.0,-4.2205,-1.0741,279.3562,1.2525,1.2294,64.7951,103.9403,,,,,,,,,,11.1193,90.0365,18.7272,143.5764,245.7277,-60.2817,,-15.5628,,,,,,,,,,,,,,,,,,,,,
2026-09-02 19:06:23,42.4715874,-82.8219167,17.2802,15.1036,98.9441,105.715,-62.5636,0.0,-4.3077,-1.9394,279.3606,1.2591,1.2359,64.321,103.3043,3.2669,13.42,10.0,0.0084,48.092,19.1613,65.8991,0.0,,9.7445,83.1976,17.0088,145.328,246.3385,-60.3677,,-15.0063,,,,,,,,,,,,,,,,,2462.3402,,15095.4729,,
2026-09-02 19:06:24,42.4715766,-82.8218241,,15.4341,101.2015,107.05,113.6932,0.0,-2.8993,-0.0872,279.3591,1.2632,1.2399,65.1097,,,,,,,,,,0.0,10.5791,88.0666,18.302,144.7108,246.7127,,,-14.9477,,,,,,,,,,,,,,,,,,,,,
2026-09-02 19:06:25,42.471562,-82.8217296,17.2802,15.2203,101.8719,108.5912,94.9231,0.0,-3.272,-1.0232,279.3661,1.2675,1.2442,66.2558,105.3669,,,,,,,,,,,,,,,-59.5369,,-15.6259,,,,,,,,,,,,,,,,,2469.5973,,15147.3102,,
2026-09-02 19:06:26,42.4715467,-82.8216362,,14.7926,100.2791,108.4136,-152.5741,0.0,-4.0271,-1.0037,279.3765,1.2718,1.2484,67.322,107.0285,,,,,,,,,,11.5819,83.0954,18.0167,140.3438,244.1382,-58.4082,,-15.3039,,,,,,,,,,,,,,,,,,,,,
2026-09-02 19:06:27,42.4715351,-82.8215439,16.2631,14.8315,100.7203,108.6886,,0.0,,,,,,,105.2638,3.267,13.42,10.0,0.0044,48.092,19.1613,66.201,0.0,,11.4973,84.9959,17.9001,140.2189,243.4538,-58.4082,,,,,,,,,,,,,,,,,,,2476.8611,,15199.1475,,
2026-09-02 19:06:28,42.4715222,-82.8214535,,14.4233,101.0927,,76.1633,0.0,-2.8985,-3.3432,279.3804,1.278,1.2545,67.1739,106.7707,,,,,,,,,0.0,10.2247,76.1553,15.7909,141.0463,243.6329,-58.603,,-14.8494,,,,,,,,,,,,,,,,,2480.3435,,15224.0819,,
2026-09-02 19:06:29,42.4715075,-82.8213557,16.624,,,109.5309,98.6496,0.0,-2.2013,0.9988,279.3862,1.282,1.2585,68.2385,108.2031,,,,,,,,,,10.2495,91.1086,17.9445,145.175,249.362,-56.1564,,-14.2204,,,,,,,,,,,,,,,,,,,,,
2026-09-02 19:06:30,42.4714939,-82.8212678,,14.1706,102.2214,111.0721,87.3944,0.0,-3.2539,-3.1445,279.3937,1.286,1.2624,69.8195,108.6614,,,,,,,,,,10.9698,75.6386,15.7385,137.5286,242.4301,-57.1076,,-14.6135,,,,,,,,,,,,,,,,,2487.1956,,15273.6225,,
2026-09-02 19:06:31,42.4714782,-82.8211768,17.2474,14.6954,102.6568,110.7341,-171.3132,0.0,-5.402,-1.6917,279.4011,1.29,1.2664,68.3627,107.0285,3.267,13.42,10.0,0.0055,48.092,19.1613,66.5472,0.0,,11.8959,87.7215,18.5829,140.2347,246.5157,-58.0873,,-14.2141,,,,,,,,,,,,,,,,,2490.7638,,15299.5412,,
2026-09-02 19:06:32,42.4714639,-82.8210836,,15.3369,101.786,107.5771,76.232,0.0,-3.4835,-0.1297,279.413,1.2942,1.2705,64.4338,105.6248,,,,,,,,,0.0,10.7057,87.9222,18.1664,143.919,248.3783,-60.8261,,-14.8912,,,,,,,,,,,,,,,,,,,,,
2026-09-02 19:06:33,42.4714483,-82.8209893,17.2802,15.92,102.548,108.9407,-36.3267,0.0,-4.0801,-1.4036,279.427,1.3005,1.2768,68.0148,106.5415,,,,,,,,,,12.3622,89.3722,19.7589,141.2729,246.243,-59.6515,,-15.8964,,,,,,,,,,,,,,,,,2498.0499,,15352.0346,,
2026-09-02 19:06:34,42.4714339,-82.8208969,,14.987,101.975,107.5656,19.9492,0.0,-3.8814,-0.4247,279.437,1.3047,1.281,,105.8024,,,,,,,,,,12.3963,88.7881,19.4472,140.41,244.436,-59.6286,,-14.9723,,,,,,,,,,,,,,,,,,,,,
2026-09-02 19:06:35,42.4714194,-82.8208022,17.1818,15.4147,99.8608,109.8804,,0.0,,,279.4422,1.309,1.2852,66.7967,,3.267,13.42,10.0,0.0052,48.092,19.1613,66.8693,0.0,,12.0316,83.214,18.4159,139.5524,243.7422,-59.6114,,-15.4142,,,,,,,,,,,,,,,,,2505.2816,,15404.2,,
2026-09-02 19:06:36,42.4714045,-82.8207072,,15.3952,102.76,109.5194,53.7217,0.0,-3.6657,-1.6743,279.4504,1.3133,1.2894,67.7182,107.6817,,,,,,,,,0.0,12.9048,92.9142,20.7055,141.5048,246.8734,-59.7546,,-15.3695,,,,,,,,,,,,,,,,,2508.9969,,15430.7748,,
2026-09-02 19:06:37,42.471386,-82.8206015,18.1004,15.8617,103.2585,108.9064,-55.028,0.0,-3.7212,-0.1546,279.4636,1.3176,1.2938,66.9982,106.8681,,,,,,,,,,11.9918,86.3613,19.2695,141.6059,246.8823,-59.7775,,-15.827,,,,,,,,,,,,,,,,,,,,,
2026-09-02 19:06:38,42.4713696,-82.820504,17.8379,15.4147,101.4021,109.5194,64.9975,0.0,-4.329,-0.9028,,,,66.452,106.765,,,,,,,,,,12.9514,91.0425,20.7204,141.3213,246.3795,-59.7546,,,,,,,,,,,,,,,,,,,2516.4415,,15485.2367,,
2026-09-02 19:06:39,42.4713535,-82.8204075,,15.9784,102.6339,,-201.3041,0.0,-6.2595,0.1852,279.4803,1.3242,1.3003,67.8456,107.0171,3.2671,13.42,10.0,0.0036,48.092,19.1613,66.5843,0.0,,13.0058,92.7222,20.9616,141.7013,246.9576,-59.7775,,-15.9446,,,,,,,,,,,,,,,,,2520.2433,,15512.7958,,
2026-09-02 19:06:40,42.4713408,-82.8203095,17.9692,15.784,100.365,106.328,-32.5348,0.0,-3.3951,-2.9658,279.4907,1.3286,1.3047,64.9538,103.6366,,,,,,,,,0.0,11.2619,85.04,18.7781,143.3094,245.6733,-59.7546,,-15.8971,,,,,,,,,,,,,,,,,,,,,
2026-09-02 19:06:41,42.4713294,-82.8202133,,15.4147,99.9926,105.6691,-62.5361,0.0,-3.345,-0.6348,279.4915,1.333,1.309,64.8735,103.2012,,,,,,,,,,10.2651,89.9544,18.8655,147.0355,248.3296,-57.2565,,-16.2492,,,,,,,,,,,,,,,,,2527.8828,,15565.9454,,
2026-09-02 19:06:42,42.4713192,-82.8201189,17.5427,15.5507,98.5831,105.715,-10.0417,0.0,-3.5208,-1.5733,279.4901,1.3373,1.3133,64.9551,103.5106,,,,,,,,,,,,,,,-57.1076,,-15.8228,,,,,,,,,,,,,,,,,2531.6348,,15591.864,,
2026-09-02 19:06:43,42.4713099,-82.8200227,,15.8423,97.6607,104.4144,,0.0,,,279.4868,1.3416,1.3174,,101.0354,3.2671,13.42,10.0,0.0047,48.092,19.1613,66.0642,0.0,,9.4838,88.6759,18.0128,148.2398,248.7599,-58.2821,,-15.3747,,,,,,,,,,,,,,,,,2535.4615,,15617.7827,,
2026-09-02 19:06:44,42.4713025,-82.8199264,17.1161,15.7257,96.3257,102.8617,-81.2511,0.0,-4.0715,-1.6048,279.48,1.3458,1.3216,62.014,101.2073,,,,,,,,,0.0,7.938,91.0569,17.7899,153.5042,252.5467,-58.305,,-16.1105,,,,,,,,,,,,,,,,,,,,,
2026-09-02 19:06:45,42.4712924,-82.8198209,,15.784,97.0075,104.2998,50.0055,0.0,-3.5653,-0.4576,279.4688,1.3501,1.3257,61.9771,,,,,,,,,,,8.0012,96.5981,18.6413,154.7623,253.0722,-57.5487,,-15.8393,,,,,,,,,,,,,,,,,2543.0475,,15669.2918,,
2026-09-02 19:06:46,,,17.1161,15.1425,96.2283,103.6523,-66.2763,0.0,-4.5466,-1.6906,279.4624,1.3544,1.3299,63.9334,101.9063,,,,,,,,,,8.4946,89.3123,17.7167,151.3517,249.5641,-57.5487,,-15.7706,,,,,,,,,,,,,,,,,2546.8282,,15694.5543,,
2026-09-02 19:06:47,42.4712848,-82.8197262,,15.9006,96.7325,103.045,-43.7385,0.0,-4.5813,-1.5912,279.4524,1.3586,1.334,61.95,100.9322,3.2672,13.42,10.0,0.0046,48.092,19.1613,65.7781,0.0,,8.4799,90.2261,17.7285,151.4242,249.356,,,-15.2284,,,,,,,,,,,,,,,,,2550.6198,,15719.8168,,
2026-09-02 19:06:48,42.4712781,-82.8196308,17.7723,15.9589,96.1824,102.8387,-69.9891,0.0,-4.0409,-0.744,279.4333,1.3649,1.3401,62.2962,100.8578,,,,,,,,,0.0,8.2515,94.5753,18.3077,153.3029,251.0979,-57.6519,,-15.5626,,,,,,,,,,,,,,,,,2554.4073,,15745.4073,,
2026-09-02 19:06:49,42.4712715,-82.8195355,,15.609,95.7928,,50.0227,0.0,-3.0662,0.2633,,,,61.3172,100.1759,,,,,,,,,,8.8472,95.9576,18.7911,152.0775,249.6402,-59.9552,,,,,,,,,,,,,,,,,,,,,,,
2026-09-02 19:06:50,42.4712642,-82.819437,17.9035,15.6868,95.7756,103.0335,-126.2478,0.0,,,279.4157,1.3714,1.3464,62.3475,101.2875,,,,,,,,,,9.5925,92.02,18.8876,149.4989,247.5753,-58.6946,,-15.6905,,,,,,,,,,,,,,,,,2562.1641,,15797.2446,,
2026-09-02 19:06:51,42.471257,-82.8193395,17.7395,15.2786,94.0396,101.9908,-9.966,0.0,-4.8015,-1.322,279.4041,1.3758,1.3506,60.4853,99.2649,3.2672,13.42,10.0,0.0053,48.092,19.1613,65.672,0.0,,9.7358,93.8526,19.0827,149.4002,246.5339,-58.6545,,-15.6286,,,,,,,,,,,,,,,,,,,,,
2026-09-02 19:06:52,42.4712516,-82.8192423,,16.0561,94.1312,101.0855,,,-4.0329,-1.1732,279.3882,1.3801,1.3548,,99.1905,,,,,,,,,0.0,9.0806,95.6012,18.9965,151.5929,247.8063,-58.6431,,-15.9538,,,,,,,,,,,,,,,,,2569.9719,,15848.7538,,
2026-09-02 19:06:53,42.4712460797405,-82.81913475958602,17.6739,15.8034,94.6297,100.8506,-9.9695,0.0,-4.4721,-0.7422,279.3713,1.3844,1.3589,60.5754,98.543,,,,,,,,,,9.4031,101.0959,19.9842,152.5012,248.8012,-59.2561,,-15.6593,,,,,,,,,,,,,,,,,,,,,
2026-09-02 19:06:54,42.47124099646889,-82.81903724749884,,16.0367,94.1026,101.4063,5.0466,0.0,-3.4458,-2.2271,279.3549,1.3887,1.3631,59.8466,98.8524,,,,,,,,,,9.3639,96.7372,19.4653,151.4627,247.2398,-59.2561,,-15.9993,,,,,,,,,,,,,,,,,2577.9237,,15900.9191,,
2026-09-02 19:06:55,42.471236425540205,-82.81893664653236,17.477,16.2116,94.5323,101.0626,-54.9318,0.0,-4.8668,-1.6565,279.3283,1.3954,1.3695,59.3183,,3.2672,13.42,10.0,0.0051,48.092,19.1613,66.027,0.0,,9.5401,100.2382,20.1099,152.1704,248.492,-59.2561,,-16.2657,,,,,,,,,,,,,,,,,,,,,
2026-09-02 19:06:56,42.47123073780722,-82.81883524838021,,15.7257,94.3432,100.1573,-62.4673,0.0,-1.1286,-0.8685,279.3115,1.3998,1.3738,59.9365,98.3196,,,,,,,,,0.0,8.2236,99.7653,18.9986,154.7493,250.086,-58.1331,,-16.0616,,,,,,,,,,,,,,,,,2585.9301,,15953.0845,,
2026-09-02 19:06:57,42.47122692725546,-82.81873736068664,17.4114,15.3952,92.5499,101.3834,42.5215,0.0,-1.7568,-1.1051,279.2885,1.404,1.3778,61.1376,97.9872,,,,,,,,,,9.7269,101.1394,19.4077,150.5445,245.1084,-55.446,,-15.4201,,,,,,,,,,,,,,,,,,,,,
2026-09-02 19:06:58,42.47122556829313,-82.8186447114099,,14.5788,93.226,103.6867,72.478,0.0,,,279.2683,1.408,1.3816,62.8975,100.1015,,,,,,,,,,,,,,,-55.446,,-14.8484,,,,,,,,,,,,,,,,,2593.3202,,16000.9848,,
2026-09-02 19:06:59,42.471222049001504,-82.81855682760481,17.6083,14.3261,94.4234,,,0.0,-3.8496,-2.6884,279.2511,1.4119,1.3854,,102.7141,,,,,,,,,,9.8712,98.3438,18.6083,148.3413,244.5059,-55.446,,-14.223,,,,,,,,,,,,,,,,,2596.8689,,16024.6068,,
2026-09-02 19:07:00,42.4712168,-82.8184598,,13.0432,96.2684,106.5286,113.7585,0.0,-4.4628,-2.3566,,,,64.1277,105.0117,3.2673,13.42,10.0,0.006,48.092,19.1613,67.1044,0.0,0.0,8.8977,98.9404,17.774,150.362,248.0197,-55.5205,,,,,,,,,,,,,,,,,,,2600.3091,,16047.9008,,
2026-09-02 19:07:01,42.4712106,-82.8183732,17.6083,13.4125,98.606,109.4392,,0.0,,,279.2334,1.4181,1.3913,,108.2145,,,,,,,,,,8.4608,101.8012,17.4136,151.6016,251.7034,-55.5434,,-13.0257,,,,,,,,,,,,,,,,,,,,,
2026-09-02 19:07:02,42.4711988,-82.8182901,17.6739,13.1598,101.3161,111.2956,,0.0,,,279.2372,1.4215,1.3946,,108.8448,,,,,,,,,,8.8634,102.1066,17.6371,150.5697,253.4024,-58.2363,,-13.4117,,,,,,,,,,,,,,,,,2606.7883,,16094.1606,,
2026-09-02 19:07:03,42.471187,-82.8182066,,13.5097,102.273,111.6451,,0.0,,,279.2411,1.4252,1.3984,,109.8933,,,,,,,,,,9.1841,106.2125,18.234,151.0759,255.5237,-58.1904,,-13.1512,,,,,,,,,,,,,,,,,,,,,
2026-09-02 19:07:04,42.4711731,-82.818122,17.477,13.8985,103.2012,111.4904,,0.0,,,279.2491,1.429,1.4022,,108.6271,,,,,,,,,,9.228,106.9525,18.5681,151.6155,257.2861,-59.7546,,-13.4909,,,,,,,,,,,,,,,,,2613.3907,,16141.7328,,
2026-09-02 19:07:05,42.4711594,-82.8180357,17.2802,13.6652,102.8631,112.2238,,0.0,,,279.2574,1.4329,1.406,,,,,,,,,,,,10.1491,108.5226,19.5999,150.5945,256.4882,-57.056,,-13.8655,,,,,,,,,,,,,,,,,,,,,
2026-09-02 19:07:06,42.4711448,-82.8179497,,14.3844,104.1122,113.3239,125.0171,0.0,-3.5143,0.3143,279.2662,1.4368,1.4099,71.0841,110.7986,,,,,,,,,,10.874,100.9718,19.3441,146.5052,254.4463,-57.4341,,-13.6383,,,,,,,,,,,,,,,,,2620.0505,,16190.9454,,
2026-09-02 19:07:07,42.4711275,-82.8178625,17.2802,14.0345,105.6763,112.0691,-28.7189,0.0,-5.5425,-1.5299,279.2817,1.4408,1.4138,71.0496,110.3918,3.2674,13.42,10.0,0.0053,48.092,19.1613,66.3088,0.0,,11.4275,106.8008,20.5384,147.8154,256.1686,-58.3681,,-14.3333,,,,,,,,,,,,,,,,,,,,,
2026-09-02 19:07:08,42.4711091,-82.8177659,,14.6371,105.8253,112.3842,42.5559,0.0,-7.0646,-1.2567,279.2982,1.4452,1.4182,71.055,110.3631,,,,,,,,,0.0,10.4693,100.8714,19.5093,148.1971,256.1021,-60.1156,,-13.9477,,,,,,,,,,,,,,,,,2626.7865,,16240.8142,,
2026-09-02 19:07:09,42.4710917,-82.8176769,17.7723,14.5594,104.519,,-69.9306,0.0,-6.1731,-0.9028,279.3131,1.4492,1.4223,69.8366,109.0854,,,,,,,,,,9.7809,110.4362,20.2648,153.1099,260.6001,-60.3161,,-14.7835,,,,,,,,,,,,,,,,,2630.1901,,16265.7486,,
2026-09-02 19:07:10,42.4710755,-82.8175886,,15.162,104.1122,110.7054,-2.4408,0.0,-2.3376,0.5296,279.3267,1.4532,1.4263,70.046,108.3807,,,,,,,,,,9.1855,104.7591,19.4344,152.8032,259.3903,,,-14.487,,,,,,,,,,,,,,,,,2633.6509,,16291.011,,
2026-09-02 19:07:11,42.4710606,-82.8174987,17.6083,14.9287,103.1267,110.6481,80.0514,0.0,-2.9131,-0.279,279.3361,1.4573,1.4303,70.0423,108.1572,3.2674,13.42,10.0,0.0082,48.092,19.1613,66.6541,0.0,,10.9829,102.7022,20.2798,148.1085,254.6283,-59.09,,-14.8166,,,,,,,,,,,,,,,,,,,,,
2026-09-02 19:07:12,42.4710434,-82.8174053,,15.0648,104.4044,111.1352,-92.4582,0.0,-3.3873,-1.2284,279.3495,1.4616,1.4345,70.7032,108.0656,,,,,,,,,0.0,10.7145,97.0954,19.3618,146.6916,253.4073,-59.09,,-14.6511,,,,,,,,,,,,,,,,,2640.8246,,16343.8325,,
2026-09-02 19:07:13,42.4710274,-82.8173134,17.7723,14.987,101.9693,108.362,,0.0,-3.0643,-0.5659,279.3608,1.4653,1.4383,,105.831,,,,,,,,,,9.8804,99.9913,19.2353,149.6108,254.2143,-59.09,,-14.7484,,,,,,,,,,,,,,,,,2644.4833,,16370.0793,,
2026-09-02 19:07:14,42.4710119,-82.8172197,,15.0648,102.7485,110.0924,132.5355,0.0,-3.3488,-1.3002,279.3712,1.4696,1.4425,69.1112,108.1974,,,,,,,,,,9.5027,94.26,18.4392,149.0743,254.4017,-59.09,,-14.7175,,,,,,,,,,,,,,,,,,,,,
2026-09-02 19:07:15,42.4709958,-82.8171259,17.9692,15.2008,104.5075,110.4533,12.5065,0.0,-2.7081,0.0812,279.38,1.4738,1.4467,70.5547,108.352,3.2674,13.42,10.0,0.0037,48.092,19.1613,66.9458,0.0,,,,,,,-59.09,,-14.9543,,,,,,,,,,,,,,,,,2651.601,,16422.5727,,
2026-09-02 19:07:16,42.4709761,-82.8170258,,14.8704,104.9601,111.8514,61.2435,0.0,,,279.4032,1.4805,1.4534,72.0203,,,,,,,,,,0.0,9.4508,98.6003,18.8536,150.2884,256.3882,-59.09,,-14.7211,,,,,,,,,,,,,,,,,,,,,
2026-09-02 19:07:17,42.4709585,-82.8169353,17.3458,14.8509,105.9571,113.4957,64.9837,0.0,-4.0537,-0.9296,,,,73.8577,110.2944,,,,,,,,,,9.8695,94.23,18.5027,147.8624,254.8808,-59.09,,,,,,,,,,,,,,,,,,,2658.4393,,16474.0819,,
2026-09-02 19:07:18,42.4709395,-82.8168479,,14.8898,105.3784,112.3556,-70.0132,0.0,-5.3265,-1.073,279.4301,1.4866,1.4595,73.5211,111.0564,,,,,,,,,,10.1425,92.973,18.2604,146.3105,254.37,-59.1129,,-14.8359,,,,,,,,,,,,,,,,,,,,,
2026-09-02 19:07:19,42.4709213,-82.816759,18.2316,13.7624,105.6878,,38.7434,0.0,-2.5438,-1.112,279.4447,1.4902,1.4631,73.1743,109.9506,3.2675,13.42,10.0,0.0032,48.092,19.1613,66.3896,0.0,,8.9639,91.0422,17.4131,149.0229,256.5916,-59.2561,,-14.8457,,,,,,,,,,,,,,,,,2665.1007,,16523.9507,,
2026-09-02 19:07:20,42.470905,-82.8166774,,13.8596,104.307,113.1233,-130.0156,0.0,-0.7584,0.1,279.4604,1.494,1.467,73.9675,110.598,,,,,,,,,0.0,8.846,91.9399,16.9426,148.546,256.3941,-56.0419,,-14.283,,,,,,,,,,,,,,,,,2668.3367,,16548.2289,,
2026-09-02 19:07:21,42.4708893,-82.8165939,18.1004,13.1015,104.37,111.9545,,0.0,0.6443,-0.2413,279.4741,1.4979,1.4708,,109.624,,,,,,,,,,8.782,82.5439,15.2777,145.2524,251.644,-56.0648,,-13.548,,,,,,,,,,,,,,,,,,,,,
2026-09-02 19:07:22,42.4708712,-82.8165058,,12.8099,105.0232,112.5045,27.4848,0.0,-3.2123,-0.8013,279.4892,1.5019,1.4749,72.8998,111.0679,,,,,,,,,,9.6321,89.7928,16.2899,143.7513,250.844,-55.5663,,-13.3525,,,,,,,,,,,,,,,,,2674.5325,,16594.4887,,
2026-09-02 19:07:23,42.4708526,-82.8164166,18.0348,13.1792,106.4899,114.0515,72.5055,0.0,,,279.5034,1.5055,1.4785,73.4409,111.3429,3.2675,13.42,10.0,0.0047,48.092,19.1613,66.9634,0.0,,9.9712,85.9452,15.9166,141.3256,249.5793,-57.3253,,-12.6125,,,,,,,,,,,,,,,,,2677.6111,,16618.1108,,
2026-09-02 19:07:24,42.4708361,-82.8163349,,13.7429,104.8685,111.7138,-122.4594,0.0,-7.2352,-1.9514,279.5269,1.5112,1.4841,71.8335,108.2546,,,,,,,,,0.0,8.1192,88.0734,15.3845,148.1665,255.9892,-58.9467,,-13.4056,,,,,,,,,,,,,,,,,2680.8272,,16641.4047,,
2026-09-02 19:07:25,42.4708217,-82.8162506,18.4613,14.1123,105.1091,111.2727,31.3076,0.0,-4.4504,1.5531,279.5359,1.515,1.4879,69.9305,109.4464,,,,,,,,,,6.5422,96.599,15.9629,155.9757,261.9321,-59.0212,,-13.7695,,,,,,,,,,,,,,,,,,,,,
2026-09-02 19:07:26,42.4708053,-82.8161648,,14.0345,105.6133,112.5389,83.7882,0.0,-1.2634,-0.42,279.5475,1.5186,1.4915,71.0713,,,,,,,,,,,9.4681,88.0597,16.5278,145.0729,252.3713,-57.8868,,-13.8102,,,,,,,,,,,,,,,,,2687.363,,16689.9612,,
2026-09-02 19:07:27,42.4707881,-82.8160813,18.2316,13.6263,106.8795,114.5958,136.2345,0.0,-3.6391,-0.0129,279.5623,1.5224,1.4953,74.5137,111.0278,3.2675,13.42,10.0,0.0031,48.092,19.1613,67.3908,0.0,,11.3139,88.475,17.6318,140.0999,249.1048,-57.5258,,-13.8554,,,,,,,,,,,,,,,,,2690.5304,,16714.2394,,
2026-09-02 19:07:28,42.4707675,-82.8159913,,,,110.1096,-328.7517,0.0,-3.6083,-1.0191,279.5822,1.5261,1.4991,73.0228,111.446,,,,,,,,,0.0,9.7407,84.372,15.8065,142.1734,250.6688,-57.7951,,-13.2329,,,,,,,,,,,,,,,,,,,,,
2026-09-02 19:07:29,42.4707548,-82.8159073,18.5925,13.1015,102.6626,106.1504,-156.2043,0.0,-0.3902,-0.7363,279.5895,1.5299,1.5029,67.1154,105.5732,,,,,,,,,,7.4905,84.081,14.6811,149.5031,253.0707,-57.7951,,-13.0826,,,,,,,,,,,,,,,,,2697.0844,,16761.1554,,
2026-09-02 19:07:30,42.4707425,-82.8158165,,13.7624,100.0556,,173.7781,0.0,1.0417,-0.4254,279.5917,1.534,1.5069,67.4815,104.1637,,,,,,,,,,7.6539,82.4657,14.4405,148.3011,250.6325,-51.9739,,-13.4118,,,,,,,,,,,,,,,,,,,,,
2026-09-02 19:07:31,42.4707314,-82.8157387,18.5269,13.1209,100.789,108.7001,,0.0,,,279.5942,1.5376,1.5104,71.6345,107.3895,3.2676,13.6371,10.0,0.0042,48.092,19.1282,67.2483,0.0,,10.4861,86.2583,15.9875,139.1184,243.916,-52.9479,,-13.1181,,,,,,,,,,,,,,,,,2703.2992,,16805.7748,,
2026-09-02 19:07:32,42.4707179,-82.8156606,,12.6933,103.0751,110.2413,-6.322,0.0,-5.1454,-0.3237,279.6023,1.5411,1.5139,,108.1286,,,,,,,,,0.0,,,,,,-53.7271,,-12.67,,,,,,,,,,,,,,,,,2706.3176,,16828.0845,,
2026-09-02 19:07:33,42.4707035,-82.815581,18.7238,12.5766,102.3646,109.8747,-21.2178,0.0,-4.8796,-1.0922,279.6118,1.5447,1.5175,69.178,107.2004,,,,,,,,,,9.1484,83.2743,14.6826,141.772,247.4578,,,-12.5621,,,,,,,,,,,,,,,,,2709.386,,16850.3942,,
2026-09-02 19:07:34,42.4706891,-82.8154992,,12.8488,103.1954,108.7803,-39.9363,0.0,-2.5804,0.4718,,,,67.1952,106.1863,,,,,,,,,,7.4557,85.8403,14.4656,149.066,254.0973,-55.3085,,,,,,,,,,,,,,,,,,,2712.5537,,16873.3601,,
2026-09-02 19:07:35,42.4706759,-82.8154183,18.8878,13.4319,102.5251,108.9293,35.0238,0.0,-1.727,-0.3296,279.6249,1.5502,1.523,67.9831,107.1889,3.2676,13.6371,10.0,0.0044,48.092,19.1282,66.9228,0.0,,7.6165,94.2793,15.5876,150.8392,255.1931,-55.446,,-13.0658,,,,,,,,,,,,,,,,,2715.6715,,16895.9979,,
2026-09-02 19:07:36,42.4706616,-82.8153376,,13.082,103.4647,110.2242,16.264,0.0,-3.9438,1.0666,279.6322,1.5539,1.5266,70.0886,,,,,,,,,,0.0,8.56,87.5724,15.4194,146.3137,251.3305,-55.4288,,-13.2928,,,,,,,,,,,,,,,,,,,,,
2026-09-02 19:07:37,42.4706462,-82.8152535,18.8878,13.0432,103.4246,108.236,-77.4456,0.0,-2.6781,-0.8653,279.6418,1.5576,1.5303,68.0656,107.4697,,,,,,,,,,9.2919,91.3103,16.418,145.5412,251.3916,-55.446,,-13.0133,,,,,,,,,,,,,,,,,2722.0881,,16942.9139,,
2026-09-02 19:07:38,42.4706318,-82.8151601,,13.5874,101.7401,108.3506,,0.0,,,279.6513,1.5614,1.5341,,105.5216,,,,,,,,,,8.4815,93.6791,16.5419,149.2249,253.444,-56.5575,,-13.4983,,,,,,,,,,,,,,,,,,,,,
2026-09-02 19:07:39,42.4706166,-82.8150758,18.9534,13.568,104.4387,108.4996,117.54,0.0,-2.8921,0.5362,279.6573,1.5653,1.5379,68.3486,106.9082,3.2677,13.6371,10.0,0.0059,48.092,19.1282,66.2887,0.0,,9.0756,95.5328,17.233,148.3867,253.7645,-56.5804,,-13.9645,,,,,,,,,,,,,,,,,2728.6043,,16990.4861,,
2026-09-02 19:07:40,42.4706037,-82.8149907,,14.1512,103.3788,,-144.9629,0.0,-3.3617,0.1772,279.667,1.5691,1.5418,68.9938,105.3669,,,,,,,,,0.0,8.9577,90.3758,16.7023,147.5675,252.5391,-56.5804,,-13.6788,,,,,,,,,,,,,,,,,2731.9404,,17014.1082,,
2026-09-02 19:07:41,42.4705917,-82.8149072,18.8878,14.365,101.8375,107.2047,12.5547,0.0,-2.0094,0.131,279.6715,1.573,1.5456,67.2874,104.7023,,,,,,,,,,9.5515,96.0861,17.7563,147.6635,251.4634,-55.6351,,-14.3781,,,,,,,,,,,,,,,,,2735.2204,,17037.4021,,
2026-09-02 19:07:42,42.4705785,-82.8148218,,13.8013,102.0094,107.5083,12.5237,0.0,-3.0656,-0.4215,279.6747,1.5768,1.5493,68.2699,105.0575,,,,,,,,,,9.4265,89.2258,16.8457,145.9771,249.8909,-55.6351,,-14.1614,,,,,,,,,,,,,,,,,2738.5382,,17061.3523,,
2026-09-02 19:07:43,42.4705654,-82.8147347,19.019,14.1512,101.2187,106.2536,-126.2066,0.0,-2.5288,-0.9198,279.6798,1.5806,1.5531,67.2411,103.1954,,,,,,,,,,9.3389,93.2639,17.2678,147.3198,250.0371,-55.7611,,-14.1007,,,,,,,,,,,,,,,,,2741.9148,,17085.3024,,
2026-09-02 19:07:44,42.4705534,-82.8146504,,14.19,100.09,106.7864,106.2573,0.0,-2.1691,0.5772,279.6837,1.5846,1.557,67.7689,105.9227,3.2677,13.6371,10.0,0.0031,48.092,19.1282,66.2204,0.0,0.0,9.7707,89.4555,17.0367,145.0064,247.9755,-55.7611,,-13.8779,,,,,,,,,,,,,,,,,,,,,
2026-09-02 19:07:45,42.4705404,-82.8145681,18.9534,13.4514,102.5766,108.9178,-58.7648,0.0,-5.7191,-0.6174,279.688,1.5883,1.5607,70.2501,106.2722,,,,,,,,,,10.5242,92.9981,17.5911,143.3124,247.808,-55.7611,,-13.8533,,,,,,,,,,,,,,,,,2748.3971,,17132.2184,,
2026-09-02 19:07:46,42.4705249,-82.8144768,,13.7818,103.1267,108.0928,-58.7305,0.0,-4.5989,-2.5866,279.6935,1.5921,1.5644,68.049,105.1607,,,,,,,,,,,,,,,-58.3566,,-13.4641,,,,,,,,,,,,,,,,,2751.614,,17155.5124,,
2026-09-02 19:07:47,,,19.019,13.6263,101.574,105.9499,,0.0,,,279.704,1.5977,1.5701,66.6755,,3.2677,13.6371,10.0,0.0046,48.092,19.1282,65.7772,0.0,,9.0731,91.0285,16.7119,147.1237,251.6934,-58.3566,,-13.2948,,,,,,,,,,,,,,,,,,,,,
2026-09-02 19:07:48,42.4705126,-82.8143913,,14.2678,99.0931,105.7723,-73.6915,0.0,-1.8422,1.2833,279.7051,1.6017,1.5739,,103.2642,,,,,,,,,0.0,9.2396,102.8648,18.4147,150.7148,253.1635,-55.8528,,-13.7815,,,,,,,,,,,,,,,,,2758.3324,,17203.0845,,
2026-09-02 19:07:49,42.4705012,-82.8143046,18.9534,13.2376,99.0472,104.3857,-51.2018,0.0,-0.3717,-2.4175,279.7046,1.6054,1.5776,66.1261,102.9834,,,,,,,,,,9.8417,90.8282,17.1231,144.9214,246.6534,-56.0934,,-13.6065,,,,,,,,,,,,,,,,,,,,,
2026-09-02 19:07:50,42.4704922,-82.8142219,,13.0237,97.6377,105.5488,42.5181,0.0,-1.3354,1.1389,279.6981,1.6089,1.581,66.1383,102.7256,,,,,,,,,,10.7736,97.9657,18.3826,144.5198,244.9807,-54.1053,,-13.0297,,,,,,,,,,,,,,,,,2764.7231,,17247.0478,,
2026-09-02 19:07:51,42.4704853,-82.8141448,18.8878,12.5961,97.2768,,46.2514,0.0,-1.6196,-2.3171,279.6938,1.6124,1.5844,67.7288,103.6251,3.2678,13.6371,10.0,0.0053,48.092,19.1282,67.0987,0.0,,10.4021,98.1353,17.7078,144.4425,244.9629,-55.4288,,-12.8335,,,,,,,,,,,,,,,,,2767.7935,,17268.3733,,
2026-09-02 19:07:52,42.4704771,-82.8140665,,12.4211,99.3566,107.9438,128.7402,0.0,-1.8198,-0.0953,279.6935,1.6158,1.5878,69.0667,106.8853,,,,,,,,,0.0,9.9717,101.9659,17.7288,146.6169,248.8363,-55.3314,,-12.4988,,,,,,,,,,,,,,,,,,,,,
2026-09-02 19:07:53,42.4704668,-82.8139913,18.8222,12.5961,102.7141,110.6481,143.77,,-3.8237,-0.4804,279.6979,1.6193,1.5913,70.0787,109.1427,,,,,,,,,,9.9943,98.5833,17.2811,145.1202,249.564,-55.446,,-12.4371,,,,,,,,,,,,,,,,,2773.6923,,17311.3523,,
2026-09-02 19:07:54,42.47045238556593,-82.81390585866654,,12.946,103.9804,111.8685,-36.2132,0.0,-3.4665,-0.8327,,,,70.2837,109.1026,,,,,,,,,,9.3224,99.5073,17.1192,147.5151,254.136,-55.8127,,,,,,,,,,,,,,,,,,,2776.7413,,17333.9901,,
2026-09-02 19:07:55,42.47043682535814,-82.81382584197779,18.9534,12.9849,103.9174,111.1638,-84.9398,0.0,-3.1626,-0.2175,279.7138,1.6248,1.5967,70.2106,108.1744,3.2678,13.6371,10.0,0.0027,48.092,19.1282,66.1648,0.0,,9.2906,102.0481,17.5247,148.7705,255.6007,,,-12.9833,,,,,,,,,,,,,,,,,2779.8463,,17356.6279,,
2026-09-02 19:07:56,42.47042188916714,-82.81374535397201,,13.3153,102.7772,109.8231,,0.0,,,279.7239,1.6284,1.6003,69.3195,107.7046,,,,,,,,,0.0,9.0755,95.5017,16.7863,147.4418,253.1979,-55.8127,,-13.3067,,,,,,,,,,,,,,,,,2783.0208,,17379.5937,,
2026-09-02 19:07:57,42.47040878492289,-82.81366386087697,18.8878,13.9956,102.7772,110.3617,80.0823,0.0,-3.1833,0.0305,279.7297,1.6321,1.604,,,,,,,,,,,,9.6314,105.5264,18.5716,150.0208,255.963,-57.3367,,-12.8507,,,,,,,,,,,,,,,,,,,,,
2026-09-02 19:07:58,42.47039517604137,-82.81357962804223,,14.054,103.5106,110.5851,-13.72,0.0,-4.098,-0.6229,279.7359,1.6359,1.6077,70.779,108.2375,,,,,,,,,,9.0819,97.0323,17.2799,148.5589,254.8362,-57.3024,,-13.5291,,,,,,,,,,,,,,,,,2789.5755,,17427.494,,
2026-09-02 19:07:59,42.470379736548196,-82.8134939825437,18.8878,13.8207,103.2642,111.307,8.8144,0.0,-3.2254,0.1073,279.7454,1.6398,1.6116,69.0236,108.2604,3.2678,13.6371,10.0,0.0041,48.092,19.1282,67.4013,0.0,,9.2982,103.1212,18.4147,150.5445,257.602,-57.3253,,-13.8756,,,,,,,,,,,,,,,,,2792.8052,,17451.4441,,
2026-09-02 19:08:00,42.47036243456196,-82.81340892685031,,13.9568,105.7394,111.6336,23.7789,0.0,-3.2635,0.3742,279.7589,1.6437,1.6155,70.0672,109.6527,,,,,,,,,0.0,10.4951,103.2563,19.2496,147.9482,256.0405,-57.1649,,-13.9975,,,,,,,,,,,,,,,,,,,,,
2026-09-02 19:08:01,42.4703445,-82.8133176,18.2644,13.8596,105.3727,,-28.7224,0.0,-3.7452,0.2428,279.7706,1.6475,1.6193,71.8847,109.4063,,,,,,,,,,10.3698,100.4098,18.5684,146.6828,254.0751,-57.0674,,-14.0356,,,,,,,,,,,,,,,,,2799.1634,,17499.0163,,
2026-09-02 19:08:02,42.4703284,-82.8132344,,13.4125,106.9139,111.6222,31.3007,0.0,-4.0298,-1.558,279.7823,1.6513,1.6231,71.7792,110.0022,,,,,,,,,,10.4719,101.4565,18.8445,147.0006,254.785,-56.9872,,-13.3905,,,,,,,,,,,,,,,,,,,,,
2026-09-02 19:08:03,42.4703123,-82.8131505,17.2474,13.5291,102.7256,111.0779,-28.7568,0.0,-5.5604,0.5189,279.7937,1.6551,1.6269,71.9036,107.8708,3.2679,13.6371,10.0,0.0048,48.092,19.1282,66.4006,0.0,,10.2575,106.1936,19.2425,149.2085,255.7274,-56.9872,,-13.5911,,,,,,,,,,,,,,,,,2805.6112,,17546.2604,,
2026-09-02 19:08:04,42.4702985,-82.813068,,14.3067,104.6908,110.9518,121.2665,0.0,-1.5128,-1.042,279.8003,1.6588,1.6306,70.7531,110.0652,,,,,,,,,0.0,,,,,,-57.5258,,-13.6363,,,,,,,,,,,,,,,,,2808.7413,,17569.8825,,
2026-09-02 19:08:05,42.4702822,-82.8129867,17.5427,13.6458,106.7879,113.2379,,0.0,,,279.8121,1.6626,1.6344,72.8039,110.6553,,,,,,,,,,8.6035,104.0207,17.9222,152.2414,259.5449,-52.9135,,-13.666,,,,,,,,,,,,,,,,,2811.7605,,17592.8483,,
2026-09-02 19:08:06,42.4702651,-82.812907,,13.568,106.8051,112.6993,-58.7683,0.0,-1.6149,0.3382,279.8261,1.6662,1.638,,109.9334,,,,,,,,,,9.5021,105.3845,18.5478,150.3998,259.0671,-52.8447,,-13.1853,,,,,,,,,,,,,,,,,,,,,
2026-09-02 19:08:07,42.4702473,-82.8128296,17.9035,13.0237,105.8024,112.9171,8.7353,0.0,-1.0593,0.576,279.8423,1.6698,1.6416,73.1671,112.5633,3.2679,13.6371,10.0,0.0046,48.092,19.1282,67.2719,0.0,,9.8192,104.6809,18.1997,148.5393,257.1533,-51.1316,,-12.8502,,,,,,,,,,,,,,,,,2817.7953,,17638.7801,,
2026-09-02 19:08:08,42.4702275,-82.8127437,,12.8682,109.2401,116.0225,57.4585,0.0,-5.7809,-0.391,279.8582,1.6734,1.6453,75.6012,,,,,,,,,,0.0,11.0647,99.3473,18.3316,143.4466,252.8952,-49.7049,,-13.0719,,,,,,,,,,,,,,,,,,,,,
2026-09-02 19:08:09,42.470207,-82.8126668,19.019,13.3542,109.8417,114.7964,-9.9145,0.0,-6.792,-1.3114,279.8886,1.6788,1.6507,73.3384,113.4686,,,,,,,,,,10.1209,107.1254,18.5815,148.6322,260.5992,-58.4082,,-12.8031,,,,,,,,,,,,,,,,,2823.6255,,17685.0399,,
2026-09-02 19:08:10,42.4701869,-82.8125865,,13.7624,108.0083,,-32.4076,0.0,-5.3662,1.2645,279.9103,1.6825,1.6545,71.9044,111.7039,,,,,,,,,,8.4638,112.3536,18.4419,154.8839,266.0439,-58.2306,,-13.4226,,,,,,,,,,,,,,,,,2826.6706,,17708.662,,
2026-09-02 19:08:11,42.4701654,-82.812504,18.8878,14.4233,106.8566,113.3009,-99.9009,0.0,-3.0808,0.4061,279.9306,1.6863,1.6583,71.3816,110.5006,3.268,13.6371,10.0,0.0028,48.092,19.1282,66.0693,0.0,,8.9019,108.7462,18.8535,153.4413,264.2193,-51.2233,,-13.7911,,,,,,,,,,,,,,,,,2829.8632,,17733.2683,,
2026-09-02 19:08:12,42.4701467,-82.8124209,,13.7235,105.556,111.3529,76.3317,0.0,-3.7818,-0.756,279.9443,1.6902,1.6622,71.1987,108.9021,,,,,,,,,0.0,10.5419,101.4748,19.0643,147.1859,255.9915,-52.713,,-13.594,,,,,,,,,,,,,,,,,2833.0851,,17757.2184,,
2026-09-02 19:08:13,42.4701297,-82.8123361,18.6581,14.6954,106.043,111.6623,,0.0,,,279.9579,1.6941,1.6661,,109.4922,,,,,,,,,,10.9616,104.0498,19.7693,147.4598,255.7767,-54.1053,,-13.9602,,,,,,,,,,,,,,,,,2836.3936,,17782.1528,,
2026-09-02 19:08:14,42.4701113,-82.812251,,13.7235,103.4533,110.9289,-73.6812,0.0,-3.4191,-1.2395,279.9704,1.698,1.67,70.9659,108.0083,,,,,,,,,,9.4082,105.7779,18.7348,151.1018,258.8356,-54.6496,,-13.7581,,,,,,,,,,,,,,,,,2839.6766,,17806.431,,
2026-09-02 19:08:15,42.470096,-82.8121663,18.8878,14.1512,104.2096,110.5221,20.0593,0.0,-1.1788,1.0156,279.981,1.7019,1.6739,70.1954,108.5354,3.268,13.6371,10.0,0.0039,48.092,19.1282,66.6592,0.0,,7.914,108.6678,18.0168,155.4085,262.5975,-52.1572,,-13.6038,,,,,,,,,,,,,,,,,2842.8983,,17830.7092,,
2026-09-02 19:08:16,42.4700771,-82.8120754,,13.0237,106.1977,112.7394,128.778,0.0,-1.6488,0.5394,,,,72.1629,111.3429,,,,,,,,,0.0,10.025,100.9291,18.0409,146.9339,254.7557,-49.4013,,,,,,,,,,,,,,,,,,,,,,,
2026-09-02 19:08:17,42.4700592,-82.8119972,18.7566,12.5572,108.1802,115.3693,46.2205,0.0,-6.4159,-1.2082,280.0015,1.7074,1.6794,76.651,112.3169,,,,,,,,,,9.8319,94.3184,16.6648,143.963,254.0095,,,-13.1736,,,,,,,,,,,,,,,,,2848.7936,,17876.641,,
2026-09-02 19:08:18,42.4700413,-82.8119217,,12.4795,108.0197,113.2494,,0.0,,,280.0179,1.7109,1.6829,,,,,,,,,,,,7.7278,96.4534,15.5256,150.3571,259.7122,-50.593,,-12.6303,,,,,,,,,,,,,,,,,2851.7873,,17898.6226,,
2026-09-02 19:08:19,42.4700244,-82.8118445,18.7566,12.3239,106.5759,112.94,-62.4776,0.0,-5.368,-1.0731,280.0314,1.7144,1.6865,74.2172,110.5923,3.268,13.6371,10.0,0.0042,48.092,19.1282,66.6934,0.0,,5.8847,96.6198,14.6048,156.4067,264.4732,-53.8933,,-12.7552,,,,,,,,,,,,,,,,,,,,,
2026-09-02 19:08:20,42.4700082,-82.8117687,,11.7797,109.1198,,42.5421,0.0,-0.0536,-0.5765,280.0441,1.7179,1.69,73.3224,110.8215,,,,,,,,,0.0,8.6487,95.8957,15.8815,147.2008,256.8793,-48.8856,,-12.8399,,,,,,,,,,,,,,,,,2857.5243,,17942.914,,
2026-09-02 19:08:21,42.4699904,-82.8116958,18.6581,12.0712,109.1771,114.825,8.7594,0.0,-3.1423,-0.0442,280.06,1.7213,1.6934,75.8605,112.7237,,,,,,,,,,,,,,,-48.9143,,-12.42,,,,,,,,,,,,,,,,,2860.2381,,17963.9113,,
2026-09-02 19:08:22,42.4699711,-82.8116174,,12.3045,108.6901,114.4182,-62.4432,0.0,-3.2508,-1.0195,280.078,1.7249,1.6971,73.3784,111.6351,,,,,,,,,,9.2304,94.4883,15.6826,144.0719,254.6934,-52.2145,,-11.7613,,,,,,,,,,,,,,,,,2863.2481,,17987.2053,,
2026-09-02 19:08:23,42.4699539,-82.8115448,18.8878,12.0324,107.2577,113.1806,-36.1651,0.0,-2.3735,0.6987,280.0934,1.7283,1.7004,72.2834,110.6954,3.2681,13.6371,10.0,0.0008,48.092,19.1282,66.3872,0.0,,8.1202,97.8119,15.5268,148.7931,258.9475,-52.2603,,-12.0165,,,,,,,,,,,,,,,,,2866.0286,,18008.2027,,
2026-09-02 19:08:24,42.4699377,-82.811473,,11.9352,104.1293,111.7998,-148.6619,0.0,-0.9087,-0.606,280.1117,1.7329,1.7051,70.9218,108.8276,,,,,,,,,0.0,8.079,95.5191,15.165,147.9764,257.0011,-52.2489,,-11.9688,,,,,,,,,,,,,,,,,,,,,
2026-09-02 19:08:25,42.469923,-82.8113996,18.7566,12.2268,103.9288,110.3731,50.0811,0.0,0.1663,0.1803,,,,69.6376,108.3692,,,,,,,,,,7.9744,95.0916,14.9651,147.9428,255.0231,-52.2603,,,,,,,,,,,,,,,,,,,2871.6844,,18050.5255,,
2026-09-02 19:08:26,42.4699068,-82.8113281,18.8878,11.8574,105.1435,112.6936,-137.4342,0.0,-3.6033,0.4985,280.1263,1.7379,1.7101,72.4507,109.836,,,,,,,,,,8.3544,93.4334,15.0285,146.2954,253.6714,-47.3157,,-12.3266,,,,,,,,,,,,,,,,,2874.3033,,18070.8667,,
2026-09-02 19:08:27,42.4698928,-82.8112574,,11.6436,105.1263,110.2471,,0.0,,,280.1405,1.7411,1.7134,,107.6874,3.2681,13.6371,10.0,0.0031,48.092,19.1282,66.1402,0.0,,9.5031,87.3836,14.7862,140.0569,247.9949,-50.381,,-11.6277,,,,,,,,,,,,,,,,,,,,,
2026-09-02 19:08:28,42.469881,-82.8111837,19.1503,11.9352,103.8429,109.2845,5.1051,0.0,-3.1411,-1.1301,280.1477,1.7461,1.7183,69.5834,,,,,,,,,,0.0,8.219,99.7307,15.5907,148.6954,255.467,-56.0189,,-11.9808,,,,,,,,,,,,,,,,,2879.7367,,18109.9087,,
2026-09-02 19:08:29,42.4698672,-82.8111103,19.019,12.5183,105.3096,110.8544,117.6088,0.0,-0.1777,1.0682,280.1561,1.7495,1.7216,68.5994,107.0228,,,,,,,,,,7.2702,100.0625,15.2879,152.0799,258.2747,-51.2233,,-12.6072,,,,,,,,,,,,,,,,,2882.5308,,18130.9061,,
2026-09-02 19:08:30,42.4698494,-82.8110304,,11.7991,107.0686,112.9915,91.3375,0.0,-0.8503,0.3161,280.1704,1.7531,1.7253,70.0712,108.8906,,,,,,,,,,8.8068,93.6125,15.3471,145.0615,252.4402,-51.08,,-11.9726,,,,,,,,,,,,,,,,,2885.4746,,18153.872,,
2026-09-02 19:08:31,42.4698321,-82.8109595,18.7238,12.1296,106.9254,,-69.9341,0.0,-5.0074,-0.1979,280.1857,1.7564,1.7286,72.767,111.022,3.2682,13.6371,10.0,0.0053,48.092,19.1282,66.1384,0.0,,9.6227,92.0113,15.5154,141.6969,250.7753,-50.9998,,-11.7238,,,,,,,,,,,,,,,,,2888.1978,,18174.8693,,
2026-09-02 19:08:32,42.469817,-82.8108862,,12.2656,104.0033,111.3128,-28.5883,0.0,-4.0533,0.3841,,,,68.9155,108.8219,,,,,,,,,0.0,8.3325,94.8089,15.301,147.1354,254.6112,-50.9998,,,,,,,,,,,,,,,,,,,2891.051,,18196.1948,,
2026-09-02 19:08:33,42.4698026,-82.8108094,19.0846,13.0626,105.7508,109.932,-13.5929,0.0,-1.7358,0.2049,280.2007,1.7615,1.7337,67.0437,107.5614,,,,,,,,,,7.6921,93.3463,15.3041,149.8832,257.0468,-51.2061,,-11.9601,,,,,,,,,,,,,,,,,,,,,
2026-09-02 19:08:34,42.4697852,-82.8107308,,12.8682,104.8857,109.697,,0.0,,,280.2098,1.7651,1.7373,,107.378,,,,,,,,,,8.6727,95.006,16.1283,147.6099,254.8487,-51.1832,,-12.989,,,,,,,,,,,,,,,,,2897.0687,,18241.1423,,
2026-09-02 19:08:35,42.4697696,-82.8106524,19.019,13.0432,101.0812,109.1069,-6.1192,0.0,-3.7576,1.3597,280.2225,1.7687,1.7409,68.9423,106.0774,,,,,,,,,,8.9512,89.1945,15.4619,144.6293,249.5739,-51.1832,,-12.9357,,,,,,,,,,,,,,,,,2900.1204,,18263.452,,
2026-09-02 19:08:36,42.4697586,-82.8105739,,13.0432,100.1416,106.4942,-159.8793,0.0,-4.7033,-0.7225,280.2276,1.7719,1.7441,68.97,103.7798,3.2682,13.6371,10.0,0.0066,48.092,19.1282,65.6244,0.0,0.0,,,,,,-57.0904,,-12.977,,,,,,,,,,,,,,,,,,,,,
2026-09-02 19:08:37,42.4697461,-82.8104951,19.2487,12.5378,103.2756,107.2104,,0.0,,,280.2318,1.7776,1.7497,,106.0373,,,,,,,,,,8.4478,95.3234,15.9974,148.2783,251.2075,-43.0987,,-13.1385,,,,,,,,,,,,,,,,,2905.9498,,18304.7906,,
2026-09-02 19:08:38,42.469731,-82.8104122,18.8878,,,110.4648,,0.0,,,,,,,109.0797,,,,,,,,,,8.8535,79.055,14.0292,141.7133,246.0441,-41.4715,,,,,,,,,,,,,,,,,,,2909.0584,,18328.4127,,
2026-09-02 19:08:39,42.4697145,-82.8103383,,12.1101,104.8742,113.6734,,0.0,,,280.2438,1.7827,1.7548,,,,,,,,,,,,9.3355,81.1569,14.2354,139.6092,245.9825,-47.6996,,-12.1174,,,,,,,,,,,,,,,,,,,,,
2026-09-02 19:08:40,42.4696969,-82.8102654,18.9534,12.0712,107.9281,113.0488,,0.0,,,280.2591,1.786,1.7582,,111.6408,,,,,,,,,,8.0954,87.8149,14.2199,145.3272,254.4389,-53.2515,,-11.4317,,,,,,,,,,,,,,,,,2914.5675,,18371.3917,,
2026-09-02 19:08:41,42.4696795,-82.8101892,,12.46,108.1974,,,0.0,,,280.2742,1.7895,1.7617,,110.2543,,,,,,,,,,7.5353,90.4965,14.8735,149.5619,258.6598,,,-12.5614,,,,,,,,,,,,,,,,,2917.5491,,18393.7014,,
2026-09-02 19:08:42,42.4696629,-82.8101103,19.4455,12.8099,105.0747,111.1638,121.4659,0.0,-3.3735,0.4592,280.286,1.7931,1.7653,70.1623,109.3776,,,,,,,,,,9.5176,91.6893,16.6288,145.1026,253.27,-52.8562,,-13.1236,,,,,,,,,,,,,,,,,,,,,
2026-09-02 19:08:43,42.4696457,-82.8100337,,12.8099,107.3666,113.4957,83.9532,0.0,-3.3365,1.089,280.2991,1.7966,1.7689,71.9797,111.5835,3.2683,13.6371,10.0,0.0031,48.092,19.1282,68.4039,0.0,,10.2817,93.1134,17.0569,142.9939,252.5656,-52.7531,,-12.7423,,,,,,,,,,,,,,,,,2923.4057,,18438.977,,
2026-09-02 19:08:44,42.4696247,-82.809957,19.1503,13.3542,110.197,115.4495,35.1681,0.0,-1.8932,-0.5161,280.3252,1.802,1.7742,73.6148,113.3196,,,,,,,,,0.0,9.5508,86.0765,15.8564,143.0644,255.8235,-53.2802,,-12.828,,,,,,,,,,,,,,,,,,,,,
2026-09-02 19:08:45,42.4696027,-82.8098794,,13.0626,112.1851,116.0912,53.9107,0.0,-5.9532,0.7482,280.3469,1.8056,1.7779,76.9116,114.0759,,,,,,,,,,10.8357,87.8436,16.8939,140.1378,253.2638,-52.7645,,-12.8397,,,,,,,,,,,,,,,,,2928.8469,,18482.9402,,
2026-09-02 19:08:46,42.4695793,-82.8097939,19.0846,13.2376,111.7153,115.4037,-231.1025,0.0,,,280.3672,1.8092,1.7816,,111.956,,,,,,,,,,11.5435,82.4775,16.519,136.1489,249.0265,-50.3467,,-13.337,,,,,,,,,,,,,,,,,,,,,
2026-09-02 19:08:47,42.4695592,-82.8097127,19.0846,13.4514,108.9479,111.9717,95.2359,0.0,-6.5137,-2.2282,280.3847,1.8129,1.7854,74.0831,109.8131,3.2683,13.6371,10.0,0.0019,48.092,19.1282,67.9332,0.0,,8.967,87.4287,15.912,145.7385,255.9686,-56.8956,,-12.8574,,,,,,,,,,,,,,,,,2935.2462,,18532.4809,,
2026-09-02 19:08:48,42.4695376,-82.8096294,,14.4233,108.3692,115.037,,0.0,-3.6529,0.8103,280.4037,1.8168,1.7893,70.1446,113.2909,,,,,,,,,0.0,9.8236,90.4085,17.1651,145.0901,255.5538,-52.8447,,-13.9341,,,,,,,,,,,,,,,,,,,,,
2026-09-02 19:08:49,42.4695149,-82.8095457,19.6424,14.3261,109.2802,114.126,-9.8938,0.0,-5.4348,-0.5076,280.4245,1.8207,1.7932,75.9144,,,,,,,,,,,9.5843,81.021,15.6734,142.8425,254.4279,-55.3314,,-13.9499,,,,,,,,,,,,,,,,,2941.4849,,18582.0216,,
2026-09-02 19:08:50,42.46949,-82.8094642,,13.9373,111.1538,112.4988,-114.8757,0.0,-1.81,0.0517,280.4503,1.8245,1.7971,73.1241,111.0679,,,,,,,,,,8.7197,87.7664,16.2547,147.5858,259.5134,-56.6148,,-13.7328,,,,,,,,,,,,,,,,,2944.5691,,18606.956,,
2026-09-02 19:08:51,42.46947,-82.8093806,18.8222,14.4816,108.8849,109.6913,-62.3607,0.0,-3.9524,-0.538,280.4673,1.8284,1.801,73.7761,110.197,3.2683,13.6371,10.0,0.0035,48.092,19.1282,67.3408,0.0,,10.8039,82.3443,16.6546,139.99,248.2729,-41.122,,-13.8068,,,,,,,,,,,,,,,,,2947.8084,,18631.5623,,
2026-09-02 19:08:52,42.4694512,-82.809298,,13.5874,108.1114,,-306.0832,0.0,1.8765,-0.0268,280.4813,1.8322,1.8048,67.2973,106.2149,,,,,,,,,0.0,7.543,90.3665,15.915,151.7093,258.5588,-60.3677,,-13.502,,,,,,,,,,,,,,,,,,,,,
2026-09-02 19:08:53,42.4694371,-82.8092062,19.3143,14.0734,103.0808,105.7322,-2.293,0.0,2.0243,0.3562,280.4858,1.8359,1.8086,67.8385,103.4762,,,,,,,,,,,,,,,-30.3103,,-14.059,,,,,,,,,,,,,,,,,2954.2928,,18678.8064,,
2026-09-02 19:08:54,42.4694262,-82.8091253,,12.1101,100.726,104.1393,-126.0415,0.0,1.8468,-1.1447,280.4851,1.8396,1.8122,65.2934,101.2817,,,,,,,,,,10.1859,77.727,15.1272,138.8554,240.7149,-44.8348,,-12.11,,,,,,,,,,,,,,,,,2957.489,,18701.1161,,
2026-09-02 19:08:55,42.4694165,-82.8090465,19.2159,12.8877,99.517,106.9698,-43.5563,0.0,-0.802,0.113,280.4832,1.8432,1.8157,68.7479,105.1721,3.2684,13.6371,10.0,0.0042,48.092,19.1282,66.8709,0.0,,9.8064,72.1098,13.7211,137.1458,239.3545,-56.1564,,-12.8858,,,,,,,,,,,,,,,,,2960.5644,,18722.7696,,
2026-09-02 19:08:56,42.4694059,-82.8089701,,12.5183,100.6572,105.0389,72.6877,0.0,,,280.4844,1.8466,1.8191,,103.0465,,,,,,,,,0.0,7.8115,96.0481,15.6093,150.1551,252.6419,-38.2687,,-12.5183,,,,,,,,,,,,,,,,,2963.5589,,18744.0951,,
2026-09-02 19:08:57,42.4693949,-82.808899,19.2487,11.7214,99.6775,108.1787,248.9032,0.0,0.2064,-0.1937,280.4853,1.8499,1.8223,67.2737,107.3895,,,,,,,,,,7.6285,85.7734,14.0777,147.2883,248.4988,-42.119,,-11.7202,,,,,,,,,,,,,,,,,,,,,
2026-09-02 19:08:58,42.4693796,-82.8088279,,11.838,105.493,113.5473,83.8948,0.0,-2.7203,0.4533,,,,71.4817,111.6179,,,,,,,,,,8.4079,92.8808,14.9772,145.8977,250.7661,-42.2565,,,,,,,,,,,,,,,,,,,2968.9152,,18785.1056,,
2026-09-02 19:08:59,42.4693644,-82.8087594,19.2487,11.5075,106.467,114.2979,,0.0,-4.7896,1.0227,280.4991,1.8548,1.8272,74.0616,112.9071,3.2684,13.6371,10.0,0.0052,48.092,19.1282,68.9402,0.0,,8.4028,98.4171,15.2349,146.9339,254.6288,-47.4991,,-11.2985,,,,,,,,,,,,,,,,,2971.2214,,18802.494,,
2026-09-02 19:09:00,42.4693444,-82.8086854,,11.9157,109.8761,116.6814,181.4065,,-2.7245,-0.8895,280.5111,1.8579,1.8304,75.1565,,,,,,,,,,0.0,7.0792,96.3921,14.2392,150.3916,260.581,-46.2958,,-11.4628,,,,,,,,,,,,,,,,,,,,,
2026-09-02 19:09:01,,,19.1503,11.3909,109.1599,115.6844,-13.586,0.0,-3.811,1.5002,280.5282,1.861,1.8335,77.2743,114.3796,,,,,,,,,,9.2786,100.1189,15.9587,145.0845,256.8764,-44.5942,,-11.4364,,,,,,,,,,,,,,,,,2976.557,,18844.8169,,
2026-09-02 19:09:02,42.4693277,-82.8086174,,11.7214,109.2974,,151.4224,0.0,-2.5389,-0.52,280.5414,1.8642,1.8367,77.2196,113.4342,,,,,,,,,,8.3464,97.1023,15.1155,146.7743,258.7853,,,-11.4078,,,,,,,,,,,,,,,,,2979.1452,,18865.4862,,
2026-09-02 19:09:03,42.4693085,-82.808549,19.2487,11.6242,111.6007,117.134,-77.3184,0.0,,,280.5601,1.8674,1.8399,75.9433,114.6087,3.2685,13.6371,10.0,0.0025,48.092,19.1282,67.6962,0.0,,8.8018,102.3277,16.0095,147.513,260.7728,-48.5132,,-11.2559,,,,,,,,,,,,,,,,,2981.7392,,18886.1555,,
2026-09-02 19:09:04,42.4692884,-82.8084802,,11.5853,108.8677,114.6932,-47.2931,0.0,-2.0089,-0.3807,280.5793,1.8706,1.8433,,112.1221,,,,,,,,,0.0,8.2471,97.0378,15.3744,147.8338,259.7072,-48.0949,,-12.0973,,,,,,,,,,,,,,,,,2984.4362,,18907.1528,,
2026-09-02 19:09:05,42.4692694,-82.808408,19.2159,11.8963,108.6557,112.9572,-21.0424,0.0,-1.4004,0.0756,280.5951,1.874,1.8467,73.7019,110.2543,,,,,,,,,,8.9201,102.2264,16.4345,147.9636,258.4273,-47.648,,-11.685,,,,,,,,,,,,,,,,,2987.2806,,18929.4625,,
2026-09-02 19:09:06,42.46925,-82.8083341,,12.149,108.3922,112.1378,,0.0,-1.8521,0.2884,280.6113,1.8774,1.8501,72.9037,109.687,,,,,,,,,,9.1941,95.4821,15.8314,144.6834,254.6606,-47.6022,,-12.0398,,,,,,,,,,,,,,,,,2990.0195,,18951.1161,,
2026-09-02 19:09:07,42.4692308,-82.808261,19.019,11.8769,107.7103,113.0202,98.9555,0.0,-3.8141,0.1022,280.6366,1.8825,1.8553,72.9635,110.5866,3.2685,13.6371,10.0,0.0044,48.092,19.1282,67.088,0.0,,9.129,99.6064,16.2941,146.4678,256.589,-47.6709,,-12.3609,,,,,,,,,,,,,,,,,2992.8019,,18972.7696,,
2026-09-02 19:09:08,42.469212,-82.8081875,,12.3239,106.891,112.155,-81.0311,0.0,-2.695,0.6484,280.6504,1.8859,1.8587,72.1344,109.9792,,,,,,,,,0.0,,,,,,-47.7913,,-11.843,,,,,,,,,,,,,,,,,2995.5626,,18994.0951,,
2026-09-02 19:09:09,42.46919272794957,-82.80810800072754,19.1503,12.0907,108.8792,112.1436,-28.5367,0.0,-0.8321,0.8541,280.6661,1.8893,1.8621,71.8197,110.1397,,,,,,,,,,8.4785,97.4304,15.8013,147.8551,257.2607,-47.8371,,-12.1553,,,,,,,,,,,,,,,,,,,,,
2026-09-02 19:09:10,42.46917349506389,-82.80803417590884,,11.9741,108.4151,113.2035,23.9542,0.0,,,280.6829,1.8927,1.8656,73.1807,,,,,,,,,,,8.1988,95.8904,15.4209,148.0718,257.788,-44.2447,,-12.2807,,,,,,,,,,,,,,,,,3001.0701,,19037.7303,,
2026-09-02 19:09:11,42.46915370684418,-82.8079602698695,18.9534,12.4211,108.9365,112.3899,-84.7817,0.0,-3.2417,-0.2508,280.6981,1.896,1.869,,111.045,3.2685,13.6371,10.0,0.0048,48.092,19.1282,66.7967,0.0,,9.5341,91.0039,15.6089,142.3582,252.629,-44.2962,,-12.1493,,,,,,,,,,,,,,,,,,,,,
2026-09-02 19:09:12,42.46913579008554,-82.80788863991152,,12.3823,106.7363,111.6795,,0.0,-4.0253,0.0278,280.7117,1.8994,1.8724,72.2514,109.7673,,,,,,,,,0.0,9.118,93.1128,15.5963,144.2842,253.7684,-48.4158,,-12.0673,,,,,,,,,,,,,,,,,3006.582,,19080.3812,,
2026-09-02 19:09:13,42.469117820379495,-82.80781520001636,19.0846,12.9265,108.2489,,61.491,0.0,-1.6493,1.2609,280.7284,1.9028,1.8758,69.6575,109.5667,,,,,,,,,,7.8714,99.6608,15.938,150.8645,259.9828,-48.983,,-12.4507,,,,,,,,,,,,,,,,,,,,,
2026-09-02 19:09:14,42.469097939709826,-82.8077414611877,,12.6155,108.2203,111.2727,5.2391,0.0,-0.3937,-0.0945,280.7419,1.9063,1.8793,70.8804,109.0797,,,,,,,,,,7.6208,89.5016,14.7866,148.9782,257.9039,-46.1812,,-13.0466,,,,,,,,,,,,,,,,,3012.2027,,19124.3444,,
2026-09-02 19:09:15,42.46908007822165,-82.80766673639249,18.7238,12.2851,108.0999,112.155,-17.3022,0.0,-3.0064,0.5371,280.7544,1.9096,1.8827,72.7652,109.8933,3.2686,13.6371,10.0,0.0041,48.092,19.1282,67.345,0.0,,9.6764,93.6311,16.2896,143.6418,252.6696,-46.2156,,-12.3198,,,,,,,,,,,,,,,,,,,,,
2026-09-02 19:09:16,42.4690612,-82.8075869,,12.2656,105.4128,110.6539,12.7265,0.0,-2.2076,-0.1883,280.7663,1.9134,1.8864,70.5261,108.4437,,,,,,,,,0.0,8.7686,90.484,15.1605,144.6645,252.9152,-46.2729,,-12.2884,,,,,,,,,,,,,,,,,3017.7854,,19166.9954,,
2026-09-02 19:09:17,42.4690453,-82.807513,19.019,11.8574,107.4239,112.1092,136.4648,0.0,-2.5874,-0.3156,,,,71.7552,110.598,,,,,,,,,,8.6368,89.5161,15.0089,144.8708,252.9348,-46.6568,,,,,,,,,,,,,,,,,,,,,,,
2026-09-02 19:09:18,42.4690284,-82.8074385,,12.5766,109.3089,113.8854,,0.0,,,280.7817,1.9182,1.8913,,111.6179,,,,,,,,,,9.649,93.0636,16.1635,143.4083,253.587,-46.6797,,-11.7778,,,,,,,,,,,,,,,,,3023.4059,,19210.9586,,
2026-09-02 19:09:19,42.4690087,-82.8073635,18.9534,12.5961,109.6469,113.851,12.7231,0.0,-3.732,0.3938,280.7979,1.9217,1.8948,72.5076,111.1481,3.2686,13.6371,10.0,0.0054,48.092,19.1282,67.5285,0.0,,9.3914,86.7914,15.2798,142.1451,252.9694,-46.7256,,-12.4381,,,,,,,,,,,,,,,,,,,,,
2026-09-02 19:09:20,42.4689884,-82.8072882,,12.9654,108.1343,111.7883,-73.4922,0.0,-3.2685,-0.212,280.8251,1.9269,1.9002,71.2744,,,,,,,,,,0.0,8.824,88.767,15.4877,145.2771,255.6269,-46.7542,,-12.7839,,,,,,,,,,,,,,,,,3029.1055,,19255.9061,,
2026-09-02 19:09:21,42.468968,-82.8072113,18.8878,12.8877,105.4128,109.8861,-88.4704,0.0,-2.2831,1.6126,280.8363,1.9305,1.9037,69.382,108.9078,,,,,,,,,,8.8249,92.0358,15.9233,146.3677,254.6365,-46.7771,,-13.1603,,,,,,,,,,,,,,,,,,,,,
2026-09-02 19:09:22,42.4689526,-82.8071335,,13.0432,106.9769,111.668,27.7598,0.0,-1.0553,-0.0963,,,,69.7598,107.8249,,,,,,,,,,8.7287,84.9056,14.9199,144.3572,251.0869,-46.7542,,,,,,,,,,,,,,,,,,,3034.9944,,19300.1975,,
2026-09-02 19:09:23,42.4689364,-82.8070586,19.2487,12.9654,107.3895,,117.7531,0.0,-0.8559,0.5402,280.8495,1.9357,1.909,71.1928,109.9162,3.2687,13.6371,10.0,0.0062,48.092,19.1282,67.9261,0.0,,9.8636,91.1904,16.4217,143.0934,252.2504,-44.1931,,-12.9686,,,,,,,,,,,,,,,,,3037.8602,,19322.8353,,
2026-09-02 19:09:24,42.4689152,-82.8069744,,12.9849,111.32,114.8823,110.2073,0.0,-5.9268,-0.0051,280.8727,1.9414,1.9146,75.3811,113.417,,,,,,,,,0.0,11.4198,85.555,16.528,136.4601,248.4191,-44.9494,,-12.4854,,,,,,,,,,,,,,,,,,,,,
2026-09-02 19:09:25,42.4688955,-82.8068993,19.1503,13.2376,110.9647,115.9595,-77.229,0.0,-7.8061,-0.4299,280.8877,1.945,1.9183,74.1763,113.142,,,,,,,,,,10.8201,89.7796,16.9718,140.3923,252.4525,,,-12.719,,,,,,,,,,,,,,,,,3043.605,,19367.7828,,
2026-09-02 19:09:26,42.4688754,-82.8068195,,14.1706,110.4262,113.9656,,0.0,-4.8261,0.2783,280.9058,1.9488,1.9222,70.1742,111.5721,,,,,,,,,,9.0649,93.3805,17.0377,147.9188,260.2099,-52.14,,-13.3575,,,,,,,,,,,,,,,,,3046.803,,19392.7172,,
2026-09-02 19:09:27,42.4688526,-82.8067349,19.2487,14.1123,107.6301,113.2551,-5.8992,0.0,-4.4904,1.6563,,,,70.7613,110.4892,3.2687,13.6371,10.0,0.0036,48.092,19.1282,67.5,0.0,,10.2333,93.9873,17.964,145.37,256.2068,-52.5067,,,,,,,,,,,,,,,,,,,3049.9965,,19417.9796,,
2026-09-02 19:09:28,42.4688313,-82.806649,,14.3844,110.5178,113.7192,61.5494,0.0,,,280.9298,1.9544,1.9278,,111.6179,,,,,,,,,0.0,10.9083,84.5568,17.1902,140.8239,251.8331,-50.3352,,-14.1784,,,,,,,,,,,,,,,,,,,,,
2026-09-02 19:09:29,42.4688077,-82.8065637,19.2487,14.7149,108.5354,112.7394,-122.1672,0.0,-5.1461,-0.7071,280.961,1.9604,1.9339,72.5436,110.0537,,,,,,,,,,10.3863,88.4443,17.6939,144.0712,254.685,-50.3467,,-14.639,,,,,,,,,,,,,,,,,3056.4851,,19469.4888,,
2026-09-02 19:09:30,42.4687814,-82.8064662,,14.8509,108.776,112.0977,-20.9118,0.0,-3.8957,0.3163,,,,71.286,109.7042,,,,,,,,,,,,,,,-50.9253,,,,,,,,,,,,,,,,,,,3059.9171,,19496.0636,,
2026-09-02 19:09:31,42.4687591,-82.8063749,19.3143,15.0648,108.2661,111.5534,-5.9232,0.0,-2.3612,-0.1709,280.987,1.9671,1.9406,70.9656,,3.2687,13.6371,10.0,0.0045,48.092,19.1282,67.1198,0.0,,10.1313,86.855,17.6376,145.0019,254.7936,-51.1316,,-15.0247,,,,,,,,,,,,,,,,,,,,,
2026-09-02 19:09:32,42.4687364,-82.8062845,,15.1036,105.6076,109.8747,-50.913,0.0,-3.8313,-0.5668,281.0089,1.9734,1.947,69.7637,108.713,,,,,,,,,0.0,11.3315,86.6758,18.3799,142.0132,251.397,-51.1545,,-14.9128,,,,,,,,,,,,,,,,,3066.8642,,19549.2132,,
2026-09-02 19:09:33,42.4687174,-82.8061926,19.1503,15.2397,107.2577,,125.2956,0.0,-5.0968,0.3137,,,,70.2323,107.7046,,,,,,,,,,11.1274,89.5595,18.6905,143.4635,251.1985,-51.1832,,,,,,,,,,,,,,,,,,,,,,,
2026-09-02 19:09:34,42.4686966,-82.8061003,,15.2591,106.5816,112.0404,-47.2003,0.0,-5.0825,-0.1829,281.0253,1.9793,1.9529,70.3302,109.7501,,,,,,,,,,10.5714,84.7801,17.7908,143.7192,251.8246,-52.5984,,-15.1842,,,,,,,,,,,,,,,,,3073.9166,,19603.019,,
2026-09-02 19:09:35,42.4686767,-82.8060066,19.1503,15.298,108.2661,111.307,110.3035,0.0,-3.7128,-0.2554,281.0365,1.9836,1.9572,70.7505,109.1198,3.2688,13.6371,10.0,0.0024,48.092,19.1282,67.4294,0.0,,9.2387,89.1271,17.8141,148.7647,256.9615,-53.5094,,-15.1745,,,,,,,,,,,,,,,,,,,,,
2026-09-02 19:09:36,42.4686555,-82.805914,,15.0453,106.6332,112.9514,,0.0,,,281.0544,1.9901,1.9637,,110.4491,,,,,,,,,0.0,10.4871,83.2777,17.4477,143.35,252.2309,-51.2806,,-15.1075,,,,,,,,,,,,,,,,,3081.0105,,19657.1529,,
2026-09-02 19:09:37,42.4686355,-82.80582,19.2159,15.2397,106.4613,111.5592,-80.9177,0.0,-5.6923,0.5767,,,,70.1058,108.9135,,,,,,,,,,10.3778,84.4985,17.6913,144.2742,252.925,-52.2832,,,,,,,,,,,,,,,,,,,3084.6267,,19684.0557,,
2026-09-02 19:09:38,42.4686155,-82.805716,,,,109.9491,-80.9177,0.0,-4.4298,-1.6847,281.0708,1.9968,1.9705,68.9965,107.8307,,,,,,,,,,10.4131,82.5335,17.2433,143.2179,249.3483,-52.0999,,-15.3315,,,,,,,,,,,,,,,,,,,,,
2026-09-02 19:09:39,42.4685986,-82.8056219,19.5112,15.2591,104.2325,112.2868,95.2565,0.0,-6.2238,0.1708,281.0771,2.0012,1.9748,70.0255,110.2715,3.2688,13.6371,10.0,0.0035,48.092,19.1282,68.5388,0.0,,10.7684,83.0839,17.7783,143.0372,250.6904,-52.1572,,-14.915,,,,,,,,,,,,,,,,,3091.8238,,19737.8615,,
2026-09-02 19:09:40,42.4685782,-82.8055293,,15.162,106.5243,110.9289,-125.9934,0.0,-4.6413,-1.0024,281.0874,2.0054,1.979,69.8782,108.2833,,,,,,,,,0.0,9.6924,84.716,17.0558,145.538,252.917,-52.3062,,-14.6648,,,,,,,,,,,,,,,,,,,,,
2026-09-02 19:09:41,42.4685622,-82.8054407,19.2487,14.8121,105.3326,113.2322,256.5006,0.0,-1.2371,0.4406,281.096,2.0096,1.9832,71.0776,,,,,,,,,,,9.7354,84.3082,16.8042,144.7962,251.6266,-47.7168,,-14.8511,,,,,,,,,,,,,,,,,3098.7349,,19789.3707,,
2026-09-02 19:09:42,42.4685427,-82.805356,,14.4427,106.2493,115.8563,42.7449,0.0,-5.3899,-0.902,281.1028,2.0136,1.9872,74.8044,112.3799,,,,,,,,,,13.2877,81.9839,18.0467,133.1891,243.7028,-46.4219,,-14.7542,,,,,,,,,,,,,,,,,3101.8152,,19813.977,,
2026-09-02 19:09:43,42.4685244,-82.80527,19.2487,13.9373,107.103,114.3953,-35.9485,0.0,-8.3742,-2.0198,281.1159,2.017,1.9906,73.0228,113.1878,,,,,,,,,,12.8441,87.5519,18.9293,137.3193,248.0629,-57.6519,,-14.1367,,,,,,,,,,,,,,,,,,,,,
2026-09-02 19:09:44,42.4685057,-82.8051835,19.708,14.8315,106.7707,,57.9226,0.0,-6.5918,0.7077,281.1262,2.021,1.9947,68.9234,111.8586,3.2688,13.6371,10.0,0.0045,48.092,19.1282,67.3675,0.0,0.0,,,,,,-57.0674,,-14.4293,,,,,,,,,,,,,,,,,3108.5204,,19864.5019,,
2026-09-02 19:09:45,42.4684829,-82.80509,,15.5896,108.7531,114.9682,,0.0,,,281.1468,2.0274,2.0011,,113.4686,,,,,,,,,,10.9149,94.6952,19.6687,146.4216,257.1113,-56.3914,,-15.6699,,,,,,,,,,,,,,,,,,,,,
2026-09-02 19:09:46,42.4684564,-82.8049852,19.4455,16.0172,109.3834,114.9625,-2.0867,0.0,-6.1718,-0.1625,,,,70.2981,112.2482,,,,,,,,,,12.8735,87.2175,20.0583,140.13,252.2847,-57.6519,,,,,,,,,,,,,,,,,,,3115.7835,,19920.9324,,
2026-09-02 19:09:47,42.4684338,-82.8048864,,16.8142,107.1947,112.2524,-159.5836,0.0,-5.651,-0.4954,281.1727,2.0346,2.0084,68.9246,108.6156,3.2689,13.6371,10.0,0.004,48.092,19.1282,66.4813,0.0,,13.0568,87.636,20.8215,141.2042,251.8575,-57.9613,,-17.1526,,,,,,,,,,,,,,,,,,,,,
2026-09-02 19:09:48,42.4684127,-82.8047835,19.5768,17.3974,106.0602,110.3101,12.9397,0.0,-2.8551,0.4779,281.1877,2.0416,2.0153,66.6816,108.0999,,,,,,,,,0.0,12.089,89.8148,20.9467,144.751,252.9968,,,-17.206,,,,,,,,,,,,,,,,,3123.5725,,19979.0033,,
2026-09-02 19:09:49,42.4683953,-82.8046845,19.3799,16.2505,105.0174,105.629,-452.0431,0.0,3.6641,1.142,,,,67.8306,102.1641,,,,,,,,,,11.3099,86.7091,19.6343,144.895,251.5426,-56.8497,,,,,,,,,,,,,,,,,,,,,,,
2026-09-02 19:09:50,42.4683845,-82.8045816,19.6424,16.9697,96.6293,103.6122,35.4191,0.0,-2.1454,-1.5409,281.1862,2.0484,2.022,62.955,102.1125,,,,,,,,,,12.6355,79.3484,18.8603,138.8213,239.8784,-52.7531,,-16.6454,,,,,,,,,,,,,,,,,3131.6038,,20034.4495,,
2026-09-02 19:09:51,42.4683726,-82.8044849,,15.6479,98.8295,108.574,140.3735,0.0,-2.9093,0.5236,281.1801,2.0524,2.0259,65.5927,106.7764,3.2689,13.6371,10.0,0.0047,48.092,19.1282,68.8559,0.0,,11.4034,89.0655,19.4453,144.1012,245.2517,-53.3719,,-15.4233,,,,,,,,,,,,,,,,,3135.2488,,20061.0243,,
2026-09-02 19:09:52,42.4683572,-82.8043904,19.5112,15.5507,102.2902,109.3017,,0.0,-5.5937,0.6421,281.1811,2.0567,2.0302,66.6324,,,,,,,,,,0.0,12.0549,89.36,19.6692,142.2048,246.328,-53.137,,-15.803,,,,,,,,,,,,,,,,,,,,,
2026-09-02 19:09:53,42.4683419,-82.8042957,,16.2699,102.9319,109.4564,65.4134,0.0,,,281.1843,2.061,2.0345,,107.3723,,,,,,,,,,10.9002,87.5475,18.8353,144.6775,249.7001,-53.1599,,-15.7236,,,,,,,,,,,,,,,,,3142.5436,,20114.1739,,
2026-09-02 19:09:54,42.4683246,-82.8041918,19.5112,15.8617,102.9261,,-84.5376,0.0,-5.9436,0.0479,281.1891,2.0657,2.0391,66.2761,106.5358,,,,,,,,,,9.4647,89.9848,18.4166,149.0746,253.442,-53.137,,-15.4932,,,,,,,,,,,,,,,,,3146.2643,,20140.7487,,
2026-09-02 19:09:55,42.4683096,-82.8040918,,16.4643,103.3845,108.6141,39.2247,0.0,-5.949,-1.4207,281.1908,2.0701,2.0435,65.5282,106.3524,3.269,13.6371,10.0,0.0066,48.092,19.1282,67.0829,0.0,,9.7817,83.4996,17.959,147.2369,251.4779,-52.2374,,-16.3206,,,,,,,,,,,,,,,,,,,,,
2026-09-02 19:09:56,42.4682935,-82.8039928,19.6424,16.3671,102.4219,108.4251,-73.2721,0.0,-6.9204,0.663,281.1918,2.0746,2.0479,65.9128,105.8368,,,,,,,,,0.0,9.4342,89.4162,18.9385,150.1241,254.3689,-52.2374,,-16.0885,,,,,,,,,,,,,,,,,3154.0197,,20196.851,,
2026-09-02 19:09:57,42.4682768,-82.8038921,,16.2894,103.4762,108.3162,-35.7457,0.0,-4.3143,-0.8092,281.1948,2.0792,2.0524,65.0219,105.6248,,,,,,,,,,8.7585,88.9848,18.5124,151.768,255.703,-52.2832,,-16.6113,,,,,,,,,,,,,,,,,3157.9153,,20224.7382,,
2026-09-02 19:09:58,42.4682599,-82.803791,19.5768,17.0475,101.3562,107.474,-84.4929,0.0,-3.8228,0.9882,281.1992,2.086,2.0592,64.5887,105.2867,,,,,,,,,,9.3674,89.3741,18.9709,150.4129,253.5661,-52.3577,,-17.0474,,,,,,,,,,,,,,,,,,,,,
2026-09-02 19:09:59,42.4682453,-82.8036901,,16.3671,101.0698,107.7089,87.9616,0.0,-5.9619,-0.8331,281.199,2.0901,2.0633,65.9675,105.6019,3.269,13.6371,10.0,0.0061,48.092,19.1282,67.3563,0.0,,10.2925,87.2009,18.8266,146.9038,249.6575,-52.3062,,-16.0339,,,,,,,,,,,,,,,,,3165.7615,,20281.4967,,
2026-09-02 19:10:00,42.4682282,-82.8035791,19.6424,16.4254,102.6339,110.7742,,0.0,,,281.2005,2.0951,2.0682,,109.8475,,,,,,,,,0.0,,,,,,-52.3062,,-16.6581,,,,,,,,,,,,,,,,,,,,,
2026-09-02 19:10:01,42.4682082,-82.8034776,,16.5421,106.1805,111.0779,192.9917,0.0,-8.665,-1.1919,281.2089,2.0998,2.0729,67.8556,106.7306,,,,,,,,,,10.5148,86.3085,19.1675,146.8087,252.2632,-53.3432,,-17.1761,,,,,,,,,,,,,,,,,3173.5255,,20338.9114,,
2026-09-02 19:10:02,42.4681931,-82.8033739,19.5112,17.0475,100.6801,103.2054,-470.7169,0.0,-3.9759,-0.6718,281.2089,2.1045,2.0775,65.1806,,,,,,,,,,,8.0952,89.5284,18.7343,154.3996,260.0463,-54.1511,,-17.0467,,,,,,,,,,,,,,,,,,,,,
2026-09-02 19:10:03,42.4681859,-82.8032682,,16.9308,96.2569,102.3976,-46.9768,0.0,1.2481,0.5934,281.1957,2.1091,2.082,60.2368,100.1072,3.269,13.6371,10.0,0.0058,48.092,19.1282,62.4179,0.0,,7.3924,92.8485,19.0803,157.2346,257.2379,-52.7645,,-16.5676,,,,,,,,,,,,,,,,,3181.9659,,20395.3419,,
2026-09-02 19:10:04,42.4681777,-82.8031652,19.3799,16.3283,96.7783,106.2306,166.662,0.0,-2.9743,-0.0159,281.1849,2.1137,2.0865,63.0035,100.6458,,,,,,,,,0.0,9.4525,92.0454,19.5,151.0246,249.2731,-47.8715,,-16.4756,,,,,,,,,,,,,,,,,3185.9798,,20423.229,,
2026-09-02 19:10:05,42.4681675,-82.8030658,,15.6285,99.517,,204.1506,0.0,-4.0123,0.2479,281.1781,2.1181,2.0908,66.8875,104.9086,,,,,,,,,,10.6299,85.1416,18.4899,145.0515,244.9123,-51.8994,,-15.4147,,,,,,,,,,,,,,,,,,,,,
2026-09-02 19:10:06,42.4681517,-82.8029718,19.3799,15.6674,102.6626,110.5737,-13.445,0.0,-6.2012,-1.3379,281.1815,2.1224,2.095,71.753,109.773,,,,,,,,,,9.8684,96.5521,19.4089,149.6604,253.1022,-51.8994,,-15.8033,,,,,,,,,,,,,,,,,3193.3753,,20477.0348,,
2026-09-02 19:10:07,42.4681359,-82.8028785,,14.9287,103.184,112.2295,35.3985,0.0,-4.9753,-0.1829,,,,67.0916,109.1714,3.2691,13.6371,10.0,0.003,48.092,19.1282,67.5341,0.0,,9.6653,84.7065,17.2424,146.0713,251.4198,-52.0483,,,,,,,,,,,,,,,,,,,,,,,
2026-09-02 19:10:08,42.4681171,-82.8027727,19.7408,15.1814,102.9662,111.966,-9.6016,0.0,-5.5433,-1.7765,281.1868,2.1288,2.1014,67.5465,110.0194,,,,,,,,,0.0,9.825,89.5056,18.4106,147.7482,253.6233,-52.0655,,-15.5632,,,,,,,,,,,,,,,,,3200.7683,,20530.8406,,
2026-09-02 19:10:09,42.4681003,-82.8026798,,15.2397,103.1095,110.6023,,0.0,,,281.1954,2.1353,2.1078,,107.0629,,,,,,,,,,10.9601,95.072,19.6208,146.1921,252.5601,-52.2374,,-14.9716,,,,,,,,,,,,,,,,,3204.3785,,20556.7592,,
2026-09-02 19:10:10,42.4680858,-82.8025837,19.5112,15.4535,101.7458,108.1386,-148.3181,0.0,-5.8081,2.041,281.1963,2.1396,2.1121,65.0787,105.8024,,,,,,,,,,9.4851,85.3419,17.6127,147.5369,251.3309,-52.1572,,-15.3549,,,,,,,,,,,,,,,,,,,,,
2026-09-02 19:10:11,42.4680727,-82.8024891,,15.5896,100.5025,107.4682,-17.0753,0.0,-3.8557,-3.0852,,,,64.9825,105.2867,3.2691,13.6371,10.0,0.0053,48.092,19.1282,66.8283,0.0,,10.7975,93.168,19.2424,145.9253,249.2225,-52.1572,,,,,,,,,,,,,,,,,,,3211.8917,,20609.9088,,
2026-09-02 19:10:12,42.4680586,-82.802393,19.2487,14.8315,101.6656,108.6428,24.1399,0.0,-5.883,1.2514,281.1953,2.146,2.1184,65.5146,,,,,,,,,,0.0,9.9923,93.9513,19.0354,148.4201,251.8785,,,-15.5501,,,,,,,,,,,,,,,,,3215.6022,,20636.8117,,
2026-09-02 19:10:13,42.4680452,-82.8022992,,15.2591,100.9724,108.9293,46.6537,0.0,-5.3832,-0.5288,281.1958,2.1503,2.1227,66.7946,106.679,,,,,,,,,,10.9221,90.3305,18.8093,144.5024,248.0274,-52.0254,,-15.7446,,,,,,,,,,,,,,,,,,,,,
2026-09-02 19:10:14,42.4680293,-82.8022052,19.6424,15.7062,101.4078,109.0954,91.6847,0.0,-8.7307,-3.7966,281.1949,2.1546,2.1269,66.452,107.1202,,,,,,,,,,10.7234,90.3917,18.9281,145.4923,249.7974,-50.8738,,-15.3738,,,,,,,,,,,,,,,,,3222.8719,,20689.3051,,
2026-09-02 19:10:15,42.4680157,-82.8020999,19.6424,15.784,101.4364,,,,,,281.1961,2.161,2.1332,,106.0774,,,,,,,,,,10.5982,96.7058,20.0472,148.3287,252.1117,-53.9162,,-15.3563,,,,,,,,,,,,,,,,,3226.6396,,20715.2238,,
2026-09-02 19:10:16,,,,16.1533,99.9525,106.2306,-80.7527,0.0,-10.3995,-1.6092,281.1925,2.1653,2.1374,65.5623,103.1553,3.2691,13.6371,10.0,0.0018,48.092,19.1282,65.6115,0.0,0.0,,,,,,-53.9162,,-15.8589,,,,,,,,,,,,,,,,,,,,,
2026-09-02 19:10:17,42.4680044,-82.8020037,19.9377,14.987,98.8982,105.5374,-16.9859,0.0,0.4675,-1.7016,,,,63.4198,103.4762,,,,,,,,,,9.0482,99.4598,19.6669,153.0114,254.5504,-52.3978,,,,,,,,,,,,,,,,,,,3234.1912,,20768.0453,,
2026-09-02 19:10:18,42.4679923,-82.8019096,,14.5205,98.7149,105.4743,-77.0124,0.0,-2.7614,0.7071,281.1877,2.1717,2.1437,65.4149,103.1782,,,,,,,,,,12.0521,97.8947,20.6196,144.6225,246.1987,-52.1572,,-15.146,,,,,,,,,,,,,,,,,,,,,
2026-09-02 19:10:19,42.4679813,-82.8018185,19.3799,13.9568,96.1079,105.3082,-73.2756,0.0,-1.9883,-1.7455,281.1839,2.1757,2.1476,65.2796,102.4105,3.2692,13.6371,10.0,0.0037,48.092,19.1282,65.652,0.0,,9.6702,93.4207,17.9814,147.5318,247.953,-52.14,,-14.5777,,,,,,,,,,,,,,,,,3241.2536,,20816.9298,,
2026-09-02 19:10:20,42.4679732,-82.801732,,13.4902,93.6729,103.6409,-50.7515,0.0,-1.1501,0.6097,281.1753,2.1795,2.1513,63.8231,101.4536,,,,,,,,,0.0,9.4827,99.9928,18.19,149.1091,247.6526,-52.0999,,-13.877,,,,,,,,,,,,,,,,,3244.723,,20839.2395,,
2026-09-02 19:10:21,42.46797,-82.801646,19.9377,13.2376,96.5205,106.9927,316.7196,0.0,-2.0243,-1.2925,281.1609,2.1832,2.1549,64.9327,106.4785,,,,,,,,,,9.4833,97.1287,17.4066,147.2758,244.8816,-51.1832,,-13.4408,,,,,,,,,,,,,,,,,3247.9488,,20860.8931,,
2026-09-02 19:10:22,42.4679667,-82.8015636,,13.7818,102.399,112.9572,211.7583,0.0,-5.0063,-0.6663,281.1526,2.1887,2.1603,67.4829,111.2799,,,,,,,,,,10.5259,98.5209,18.1388,144.9778,247.3787,-51.5269,,-13.233,,,,,,,,,,,,,,,,,,,,,
2026-09-02 19:10:23,42.4679531,-82.8014809,19.5768,13.9956,106.2149,114.0286,16.814,0.0,-5.921,0.563,281.161,2.1926,2.1642,67.2098,,,,,,,,,,,10.8027,104.9414,19.6377,147.8931,255.6386,-53.0109,,-14.2579,,,,,,,,,,,,,,,,,3254.2812,,20908.4652,,
2026-09-02 19:10:24,42.467933054490935,-82.80138814625906,,14.501,106.8566,113.3124,-5.6413,0.0,-6.235,1.5166,281.171,2.1965,2.1681,67.0201,111.4518,3.2692,13.6371,10.0,0.0025,48.092,19.1282,68.3993,0.0,0.0,11.9141,107.6851,21.2508,147.7138,256.8488,-53.0453,,-14.3809,,,,,,,,,,,,,,,,,3257.5495,,20933.3996,,
2026-09-02 19:10:25,42.46791407353684,-82.80130194573256,19.3799,14.6177,106.828,112.092,-88.1232,0.0,-6.2672,0.2295,281.1813,2.2007,2.1723,67.4385,110.9418,,,,,,,,,,11.4735,102.2547,20.5595,146.9515,256.2461,-53.0854,,-15.0229,,,,,,,,,,,,,,,,,3261.003,,20959.3183,,
2026-09-02 19:10:26,42.46789393349841,-82.80121122080114,,14.9676,105.3899,,13.1459,0.0,-4.4714,2.5662,281.1902,2.2048,2.1764,67.8728,109.4693,,,,,,,,,,10.9404,101.7674,20.2262,148.026,256.3676,-53.0109,,-15.0351,,,,,,,,,,,,,,,,,3264.4217,,20984.9088,,
2026-09-02 19:10:27,42.467875506608536,-82.80112129306671,19.5112,14.2289,104.6221,111.7941,,0.0,,,281.1974,2.209,2.1806,,109.3834,3.2693,13.6371,10.0,0.0078,48.092,19.1282,65.975,0.0,,10.9687,100.0564,19.9089,147.1473,254.3023,-53.0109,,-14.7877,,,,,,,,,,,,,,,,,,,,,
2026-09-02 19:10:28,42.46785790327369,-82.80103019747588,,14.9287,102.8975,110.9461,-35.6288,0.0,-4.5382,-0.1069,281.2024,2.213,2.1846,69.658,108.3578,,,,,,,,,0.0,10.4144,97.4828,19.1579,147.3857,253.748,-52.6385,,-14.5708,,,,,,,,,,,,,,,,,3271.4496,,21036.7461,,
2026-09-02 19:10:29,42.46784213595121,-82.80094004711039,19.8064,15.4147,102.8058,109.3647,-91.8222,0.0,-5.4581,-1.3975,,,,67.3706,106.8452,,,,,,,,,,8.8837,100.3526,18.7418,152.2063,257.1742,-52.6557,,,,,,,,,,,,,,,,,,,,,,,
2026-09-02 19:10:30,42.4678258,-82.8008379,,15.9784,101.786,107.9782,-88.0407,0.0,-5.1891,0.4866,281.2054,2.2193,2.1909,66.0878,105.6935,,,,,,,,,,8.1374,99.3061,18.8181,154.7396,258.6772,-52.7302,,-15.4086,,,,,,,,,,,,,,,,,3278.7931,,21089.2395,,
2026-09-02 19:10:31,42.4678107,-82.8007411,19.872,15.7062,101.3333,108.0125,-69.2912,0.0,-4.1554,-0.7363,281.2059,2.2258,2.1973,65.1133,105.3383,3.2693,13.6371,10.0,0.005,48.092,19.1282,65.8016,0.0,,,,,,,-53.5438,,-15.3146,,,,,,,,,,,,,,,,,3282.5158,,21115.8143,,
2026-09-02 19:10:32,42.4677972,-82.8006464,,15.3369,99.3795,106.0301,-174.2938,0.0,-2.8612,1.746,281.2073,2.2301,2.2015,65.8326,102.9376,,,,,,,,,0.0,8.1328,104.6045,19.3903,156.0541,259.8424,-52.5067,,-15.861,,,,,,,,,,,,,,,,,,,,,
2026-09-02 19:10:33,42.4677842,-82.8005525,19.8064,14.5205,95.0995,102.6898,-189.2755,0.0,-0.2798,-0.6728,,,,63.4922,,,,,,,,,,,8.7612,101.2892,19.1456,153.3362,255.1772,-50.7076,,,,,,,,,,,,,,,,,,,3289.9661,,21166.9954,,
2026-09-02 19:10:34,42.4677775,-82.8004608,19.7408,14.2483,95.4949,100.0828,-260.5537,0.0,-0.3572,-1.3267,281.1941,2.2363,2.2075,,99.8608,,,,,,,,,,10.1045,99.1539,19.0908,148.497,247.099,-49.258,,-14.3208,,,,,,,,,,,,,,,,,,,,,
2026-09-02 19:10:35,42.4677727,-82.8003706,,12.9265,84.6431,90.7493,,0.0,,,281.1812,2.2402,2.2113,60.5685,96.2053,3.2693,13.6371,10.0,0.004,48.092,19.1282,59.6263,0.0,,8.6063,95.1579,17.1936,150.0976,246.5281,-45.5739,,-13.5723,,,,,,,,,,,,,,,,,3297.212,,21211.9429,,
2026-09-02 19:10:36,42.4677782,-82.8002891,19.7408,11.7019,76.6503,,-613.0018,0.0,7.1236,-0.3467,281.1505,2.244,2.2148,53.019,85.8635,,,,,,,,,0.0,5.5673,95.1519,14.6428,157.7484,245.3031,-15.8661,,-12.5517,,,,,,,,,,,,,,,,,3300.7363,,21229.3314,,
2026-09-02 19:10:37,42.4677941,-82.8002119,,,,81.1867,-541.6754,0.0,8.6277,0.5052,281.116,2.2465,2.2171,45.8507,76.7362,,,,,,,,,,6.0916,79.9873,12.0274,150.0818,226.7831,,,-10.7012,,,,,,,,,,,,,,,,,,,,,
2026-09-02 19:10:38,42.4678131,-82.8001556,20.0033,9.9719,69.0643,77.0499,122.1122,0.0,5.6609,-1.1863,281.0752,2.2487,2.219,39.7461,75.4299,,,,,,,,,,6.5695,103.9057,13.3251,151.4082,224.2998,13.8303,,-8.3233,,,,,,,,,,,,,,,,,3305.1578,,21247.7041,,
2026-09-02 19:10:39,42.467833,-82.800115,,8.9611,67.2194,79.0724,5.8476,0.0,2.9351,-0.6293,281.0366,2.2502,2.2203,38.6452,76.868,3.2694,13.6371,10.0,0.0074,48.092,19.1282,65.5566,0.0,,5.8175,167.5239,14.7077,175.0981,247.5281,34.0959,,-7.3325,,,,,,,,,,,,,,,,,3306.8037,,21251.6411,,
2026-09-02 19:10:40,42.4678605,-82.8000835,19.872,8.1253,68.944,78.9464,-106.632,0.0,1.6941,-1.1614,280.9886,2.2513,2.221,36.6598,76.2664,,,,,,,,,0.0,5.8388,-162.0423,13.7982,-172.5035,260.8094,22.9175,,-6.993,,,,,,,,,,,,,,,,,3308.8434,,21260.4994,,
2026-09-02 19:10:41,42.4678764,-82.8000397,19.7408,7.3477,71.2358,77.2447,17.1647,0.0,2.0141,-0.6926,280.9554,2.253,2.2225,33.7455,74.9429,,,,,,,,,,8.7505,-167.9596,16.1138,-173.4956,260.1292,35.2189,,-6.4293,,,,,,,,,,,,,,,,,3310.9725,,21271.9823,,
2026-09-02 19:10:42,42.4678822,-82.7999928,19.5768,6.1037,64.6697,78.4594,17.1784,0.0,1.1624,-0.2233,280.9367,2.255,2.2243,34.4225,76.4612,,,,,,,,,,10.6696,-169.5137,17.3203,-173.5627,262.9698,35.0985,,-5.4678,,,,,,,,,,,,,,,,,,,,,
2026-09-02 19:10:43,42.4678886,-82.7999464,,7.0173,78.7301,78.1729,,0.0,,,280.9194,2.2568,2.226,,75.3611,3.2694,13.6371,10.0,0.0051,48.092,19.1282,63.4946,0.0,,12.4001,-163.6423,18.9658,-169.3892,267.5685,33.6432,,-6.685,,,,,,,,,,,,,,,,,3314.3604,,21290.0269,,
2026-09-02 19:10:44,42.4678976,-82.7999066,19.6424,6.3952,69.2018,75.9899,-129.0324,0.0,3.1422,-0.2166,280.8974,2.2584,2.2274,32.5149,,,,,,,,,,0.0,12.5493,-163.364,19.7329,-169.5097,267.0667,35.6257,,-5.6174,,,,,,,,,,,,,,,,,3316.1687,,21299.2133,,
2026-09-02 19:10:45,42.4679131,-82.7998767,,6.6479,69.2992,73.0736,-162.7567,0.0,4.5274,0.0854,280.8735,2.2601,2.229,29.9411,73.0636,,,,,,,,,,12.5984,-162.4905,19.0654,-168.5325,262.7063,36.6799,,-6.6047,,,,,,,,,,,,,,,,,3317.2927,,21302.166,,
2026-09-02 19:10:46,42.4679294,-82.799859,19.8064,6.5702,61.9998,70.289,-203.9787,0.0,5.9429,0.5176,280.8429,2.2608,2.2295,26.194,69.9925,,,,,,,,,,,,,,,36.8403,,-5.1637,,,,,,,,,,,,,,,,,3318.1694,,21303.1503,,
2026-09-02 19:10:47,42.4679492,-82.7998462,,6.2786,62.5326,,-87.7038,0.0,5.3368,0.3891,280.8158,2.2614,2.2298,23.7536,67.4944,3.2695,13.6371,10.0,0.0078,48.092,19.1282,62.0276,0.0,,11.6451,-161.6639,17.8247,-168.1397,260.965,36.8403,,-4.9407,,,,,,,,,,,,,,,,,,,,,
2026-09-02 19:10:48,42.4679725,-82.7998343,19.8064,6.7646,55.2675,69.2118,81.0586,0.0,2.8768,0.8594,280.7785,2.2617,2.2299,22.5996,67.2652,,,,,,,,,0.0,10.4789,-163.8156,16.8296,-170.0056,255.5954,36.8403,,-4.7924,,,,,,,,,,,,,,,,,3319.6306,,21302.166,,
2026-09-02 19:10:49,42.4679973,-82.7998179,,6.8423,57.7198,71.1771,77.3184,0.0,1.3095,0.4742,280.7413,2.262,2.2299,24.1188,69.3222,,,,,,,,,,10.0487,-158.7156,16.6564,-167.35,257.4477,36.6971,,-4.9564,,,,,,,,,,,,,,,,,,,,,
2026-09-02 19:10:50,42.4680233,-82.7997968,19.8064,6.5119,58.8313,72.8043,-323.8804,0.0,1.055,0.9298,280.7031,2.2624,2.2301,26.4623,69.9238,,,,,,,,,,10.4473,-156.4923,16.6954,-165.5463,260.9148,36.6971,,-4.7486,,,,,,,,,,,,,,,,,3321.6874,,21303.8065,,
2026-09-02 19:10:51,42.468047,-82.7997816,,5.9093,57.4276,67.7966,,0.0,3.6532,0.4084,280.6602,2.263,2.2304,20.357,63.9994,3.2695,13.6371,10.0,0.0085,48.092,19.1282,61.9092,0.0,,10.5735,-150.7359,16.3184,-161.534,265.0449,36.7372,,-4.7298,,,,,,,,,,,,,,,,,3322.4701,,21302.4941,,
2026-09-02 19:10:52,42.4680636,-82.7997652,19.8064,6.0648,55.2675,62.8864,-316.338,0.0,7.2813,1.0545,280.622,2.2633,2.2304,15.6698,59.771,,,,,,,,,0.0,12.5295,-147.6469,17.8926,-157.9921,265.8009,37.7571,,-4.2471,,,,,,,,,,,,,,,,,,,,,
2026-09-02 19:10:53,42.4680787,-82.7997522,,5.9676,44.7881,59.9471,-162.5814,0.0,6.1611,1.2344,280.5878,2.2632,2.2301,,57.3015,,,,,,,,,,12.0027,-149.5459,17.4782,-159.631,258.3214,37.9118,,-3.7542,,,,,,,,,,,,,,,,,3323.8815,,21302.8222,,
2026-09-02 19:10:54,42.4680942,-82.7997348,19.872,5.4622,37.9355,58.8814,-68.8168,0.0,5.2035,1.0494,280.5646,2.2638,2.2306,12.4482,,,,,,,,,,,12.0877,-148.8406,17.6848,-159.2886,254.5727,37.9118,,-2.6317,,,,,,,,,,,,,,,,,,,,,
2026-09-02 19:10:55,42.4681158,-82.7997163,,5.8704,34.7613,54.6759,-275.0163,0.0,4.1778,0.5153,280.5384,2.2644,2.231,10.8591,55.8806,3.2695,13.6371,10.0,0.0113,48.092,19.1282,60.7224,0.0,,11.4625,-143.9602,16.5961,-156.0238,255.747,37.8831,,-3.1352,,,,,,,,,,,,,,,,,3325.5072,,21304.1345,,
2026-09-02 19:10:56,42.4681346,-82.7996942,19.6424,5.7732,41.379,51.3814,-143.7528,0.0,,,280.5055,2.265,2.2313,6.0602,51.3256,,,,,,,,,0.0,12.5903,-135.1553,17.1552,-148.8325,263.6477,37.8888,,-2.2104,,,,,,,,,,,,,,,,,3326.5988,,21306.103,,
2026-09-02 19:10:57,42.4681545,-82.7996685,,6.3564,44.3469,,-113.7413,0.0,6.4382,0.6225,280.472,2.2659,2.232,2.8015,48.6269,,,,,,,,,,11.8269,-129.2112,16.4762,-146.2081,264.1201,38.1524,,-3.4221,,,,,,,,,,,,,,,,,3327.8643,,21309.0558,,
2026-09-02 19:10:58,42.4681767,-82.7996553,19.872,8.4557,30.086,48.8776,,0.0,5.4155,2.0129,280.4273,2.2667,2.2324,0.0991,45.6819,,,,,,,,,,10.3522,-117.7751,16.0447,-145.1888,256.0549,38.2956,,-3.7225,,,,,,,,,,,,,,,,,,,,,
2026-09-02 19:10:59,42.4682122,-82.7996399,,10.1857,25.7086,47.6457,10.0554,0.0,6.9274,3.5625,280.3847,2.2665,2.232,0.6083,45.9054,3.2696,13.6371,10.0,0.0054,48.092,19.1282,58.6246,0.0,,10.4021,-112.2049,15.4115,-141.3251,259.1551,38.2154,,-3.1357,,,,,,,,,,,,,,,,,3329.692,,21306.103,,
2026-09-02 19:11:00,42.4682426,-82.7996047,19.872,7.8726,25.6227,49.0323,73.829,0.0,6.4616,2.8663,280.3073,2.268,2.233,,46.9023,,,,,,,,,0.0,9.956,-111.287,14.8514,-141.3442,258.0327,,,-2.0845,,,,,,,,,,,,,,,,,,,,,
2026-09-02 19:11:01,42.46827,-82.7995647,19.8064,8.2419,25.6227,46.7691,-241.1201,0.0,5.6745,1.6906,,,,1.7932,42.9833,,,,,,,,,,,,,,,38.2785,,,,,,,,,,,,,,,,,,,3333.1259,,21315.2894,,
2026-09-02 19:11:02,42.4683157,-82.7995241,,12.2073,25.1127,44.7637,-19.8255,0.0,7.6512,1.629,280.216,2.2701,2.2344,358.1784,43.4932,,,,,,,,,,10.5834,-103.7565,16.3687,-141.0959,257.2054,38.4045,,-4.6484,,,,,,,,,,,,,,,,,3335.2866,,21317.9141,,
2026-09-02 19:11:03,42.4683646,-82.7994836,19.8064,12.8682,26.6655,49.1354,302.6524,0.0,3.4237,1.8445,280.1405,2.2712,2.2349,358.7529,46.9252,3.2696,13.6371,10.0,0.0087,48.092,19.1282,59.2427,0.0,,11.2848,-101.5082,18.3651,-142.9784,250.7993,38.628,,-3.2375,,,,,,,,,,,,,,,,,3337.5957,,21321.8511,,
2026-09-02 19:11:04,42.4684078,-82.7994363,,11.9741,29.5188,50.4188,-8.5497,0.0,,,280.0294,2.2736,2.2365,2.7065,47.7732,,,,,,,,,0.0,9.2392,-98.2491,17.268,-148.0276,246.8139,41.2979,,-3.9949,,,,,,,,,,,,,,,,,3339.9929,,21327.1004,,
2026-09-02 19:11:05,42.468451,-82.7993795,19.7408,13.6652,30.235,49.0265,-12.2349,0.0,0.8624,2.3378,,,,3.0527,,,,,,,,,,,9.8808,-90.3086,16.8199,-144.0247,252.0011,41.149,,,,,,,,,,,,,,,,,,,3342.755,,21334.3183,,
2026-09-02 19:11:06,42.4685091,-82.7993205,,13.8013,29.9886,52.0575,,0.0,3.1182,-0.3523,279.9091,2.2763,2.2383,,46.7534,,,,,,,,,,11.5278,-80.155,16.2722,-135.733,261.1135,43.7445,,-4.5309,,,,,,,,,,,,,,,,,3345.8223,,21340.5519,,
2026-09-02 19:11:07,42.4685797,-82.7992537,19.708,13.5097,31.1918,,209.0253,0.0,1.1115,0.7925,279.7387,2.2798,2.2405,4.9422,50.3114,3.2696,13.6371,10.0,0.0083,48.092,19.1282,60.8108,0.0,,10.5513,-79.8511,16.0879,-139.7899,256.7209,43.7445,,-4.941,,,,,,,,,,,,,,,,,3349.1088,,21346.4574,,
2026-09-02 19:11:08,42.4686324,-82.7992105,19.6424,13.9762,33.518,53.7706,59.0433,0.0,2.205,1.7604,,,,7.2765,51.91,,,,,,,,,0.0,11.1214,-79.216,16.1709,-137.4993,262.5011,43.5898,,,,,,,,,,,,,,,,,,,3351.4629,,21349.4101,,
2026-09-02 19:11:09,42.4686874,-82.7991625,,14.1317,34.4691,55.3233,70.3294,0.0,3.3472,-1.5508,279.6075,2.282,2.2417,9.6576,53.308,,,,,,,,,,11.7757,-72.2756,15.4042,-133.2675,267.208,43.5038,,-5.7573,,,,,,,,,,,,,,,,,,,,,
2026-09-02 19:11:10,42.4687367,-82.7991177,19.5768,14.0734,36.0333,56.6182,179.0825,0.0,2.0221,1.1397,279.5186,2.2836,2.2426,10.6991,55.0498,,,,,,,,,,9.5814,-78.9991,15.3709,-142.2735,258.5838,43.5038,,-6.2812,,,,,,,,,,,,,,,,,3356.396,,21356.9561,,
2026-09-02 19:11:11,42.4687881,-82.7990726,,14.6177,35.6609,58.0449,-79.6526,0.0,1.2025,-0.8283,279.4364,2.2851,2.2435,12.3831,55.4738,3.2697,13.6371,10.0,0.0105,48.092,19.1282,61.7646,0.0,,9.3249,-73.1877,14.6247,-142.3845,256.7928,42.9481,,-6.7807,,,,,,,,,,,,,,,,,3358.794,,21359.9088,,
2026-09-02 19:11:12,42.4688475,-82.7990227,19.6424,15.4341,30.3152,56.3661,-38.3584,0.0,3.7271,0.4003,279.3462,2.2865,2.2441,11.582,54.2133,,,,,,,,,0.0,10.2067,-81.0509,16.9173,-143.4172,252.5294,40.8568,,-6.2226,,,,,,,,,,,,,,,,,,,,,
2026-09-02 19:11:13,42.4689058,-82.798969,,13.6069,37.9012,57.2141,55.4234,0.0,3.09,-4.1281,279.2113,2.2889,2.2454,13.3151,55.1586,,,,,,,,,,9.749,-72.5789,14.2518,-139.2567,264.1715,44.6841,,-6.7642,,,,,,,,,,,,,,,,,3364.0322,,21367.1267,,
2026-09-02 19:11:14,42.4689561,-82.7989117,19.5768,13.2959,36.5604,58.1939,,0.0,0.6748,3.0301,279.1266,2.2909,2.2468,15.0276,55.9207,,,,,,,,,,8.7788,-93.0147,17.251,-149.4571,247.8521,41.3782,,-6.6972,,,,,,,,,,,,,,,,,,,,,
2026-09-02 19:11:15,,,,20.5075,16.696,58.0793,-49.5689,,,,279.0003,2.2924,2.2472,,,3.2697,13.6371,10.0,0.0087,48.092,19.1282,62.1546,0.0,,10.2909,-72.1212,19.1327,-149.2099,222.6935,41.8136,,-0.5597,,,,,,,,,,,,,,,,,3206.6297,,21374.6726,,
2026-09-02 19:11:16,42.4690461,-82.7988538,19.708,35.9222,32.4867,56.475,-94.5277,0.0,1.0196,-0.849,278.7943,2.2956,2.2487,15.0091,55.4566,,,,,,,,,0.0,11.5806,-73.3,31.8641,-159.6284,225.8499,41.8652,,-14.4624,,,,,,,,,,,,,,,,,3201.6265,,21378.6096,,
2026-09-02 19:11:17,42.469178,-82.7987511,,37.1662,29.8454,56.2974,-15.7483,0.0,3.3146,-1.8299,279.6224,2.2975,2.257,14.0498,53.9726,,,,,,,,,,9.9934,-78.7053,25.7518,-157.6323,314.313,43.0283,,-12.5506,,,,,,,,,,,,,,,,,1537.4712,,21446.8511,,
2026-09-02 19:11:18,42.4686049,-82.7988357,19.6424,15.8229,169.6471,,-86.9853,0.0,2.9553,-0.5146,279.7253,2.299,2.2593,12.4685,53.7549,,,,,,,,,,,,,,,42.8621,,-5.432,,,,,,,,,,,,,,,,,1525.9617,,21463.9114,,
2026-09-02 19:11:19,42.46852558738767,-82.79881620170656,19.6424,15.8229,169.6471,54.7676,-79.4498,0.0,3.0973,0.0951,279.8285,2.3005,2.2615,12.1426,52.1563,3.2698,13.6371,10.0,0.011,48.092,19.1282,60.0438,0.0,,9.4432,-85.5407,18.5154,-149.4378,342.4245,42.8621,,-5.4588,,,,,,,,,,,,,,,,,1527.9928,,21479.9876,,
2026-09-02 19:11:20,42.468453472070955,-82.79879841722132,,15.8229,169.6471,53.1461,-165.6513,0.0,4.1228,1.4044,279.9313,2.3021,2.2638,10.831,50.2828,,,,,,,,,0.0,9.7317,-86.4216,18.1132,-147.573,341.6658,42.8621,,-5.4854,,,,,,,,,,,,,,,,,,,,,
2026-09-02 19:11:21,42.468381356754236,-82.7987806327361,19.9377,15.8229,169.6471,50.6537,-214.3676,0.0,4.6916,0.1814,,,,9.6126,47.418,,,,,,,,,,9.8482,-83.5496,17.6796,-146.392,342.0404,44.6669,,,,,,,,,,,,,,,,,,,1531.7318,,21508.859,,
2026-09-02 19:11:22,42.468302,-82.798761,,15.8229,169.6471,47.4738,-41.8443,0.0,5.7796,0.1574,280.0852,2.3044,2.2671,6.262,45.172,,,,,,,,,,10.056,-77.8116,16.8617,-144.3425,343.1928,44.6154,,-5.5253,,,,,,,,,,,,,,,,,1533.9607,,21526.5755,,
2026-09-02 19:11:23,42.4682299,-82.7987432,19.9377,15.8229,169.6471,49.8917,220.6415,0.0,0.5173,0.9595,280.1878,2.3059,2.2694,358.1535,48.3748,3.2698,13.6371,10.0,0.0065,48.092,19.1282,60.8002,0.0,,10.6428,-84.3875,18.185,-144.3773,339.7103,,,-5.5518,,,,,,,,,,,,,,,,,,,,,
2026-09-02 19:11:24,42.46816501080409,-82.79872727928043,20.1345,14.3455,25.9034,50.1667,-184.3148,0.0,-0.4418,-1.7029,278.4859,2.3305,2.2803,2.8933,47.4008,,,,,,,,,0.0,10.9477,-72.2662,16.2693,-140.1386,344.7664,44.6154,,-5.1093,,,,,,,,,,,,,,,,,3412.7497,,21556.7592,,
2026-09-02 19:11:25,42.469428,-82.7978878,,16.5032,22.4714,49.3073,,0.0,4.7856,1.3751,278.2525,2.3316,2.2794,7.4,,,,,,,,,,,13.31,-82.4407,18.884,-135.6768,259.5075,44.4148,,-4.3498,,,,,,,,,,,,,,,,,3412.9488,,21550.8537,,
2026-09-02 19:11:26,42.4694632,-82.7978897,20.0033,16.9503,28.0176,51.4845,250.7733,0.0,4.0964,-1.2393,278.1286,2.3326,2.2793,6.3062,47.355,,,,,,,,,,12.6314,-72.1725,18.3586,-139.0803,249.5578,44.5695,,-3.6457,,,,,,,,,,,,,,,,,3416.9391,,21554.1345,,
2026-09-02 19:11:27,42.4695638,-82.7978109,,15.6285,29.0776,,89.5017,0.0,4.5939,0.616,277.9369,2.3391,2.284,7.8041,49.1712,3.2698,13.6371,10.0,0.0129,48.092,19.1282,59.4823,0.0,,11.8872,-74.0266,17.3226,-138.7209,256.4431,44.5925,,-5.5934,,,,,,,,,,,,,,,,,3425.3722,,21579.7251,,
2026-09-02 19:11:28,42.4696742,-82.7976396,19.7408,17.5918,32.0341,51.3757,52.0372,0.0,,,277.8258,2.3414,2.2852,,49.2285,,,,,,,,,0.0,11.3032,-73.46,17.6748,-142.1897,251.4006,44.5695,,-5.6011,,,,,,,,,,,,,,,,,3428.9231,,21585.9587,,
2026-09-02 19:11:29,42.4697475,-82.7975695,19.872,16.1339,29.4959,53.0029,33.298,0.0,3.2812,0.1232,277.6764,2.3446,2.2871,9.5383,50.6896,,,,,,,,,,11.1561,-68.0169,16.4288,-140.9731,254.1387,44.5695,,-7.148,,,,,,,,,,,,,,,,,3433.2275,,21593.1765,,
2026-09-02 19:11:30,42.469844,-82.7974791,19.7408,,,52.6763,108.3268,0.0,3.4624,0.542,277.5254,2.3474,2.2884,10.1308,50.7755,,,,,,,,,,11.4268,-67.3704,15.3208,-136.495,256.3647,44.0997,,-6.0594,,,,,,,,,,,,,,,,,3437.7868,,21598.754,,
2026-09-02 19:11:31,42.4699387,-82.7974008,,15.6868,30.5215,54.928,14.5864,0.0,2.7361,-0.545,277.3712,2.3491,2.2887,11.6585,52.7694,3.2699,13.6371,10.0,0.0105,48.092,19.1282,60.7573,0.0,,11.2975,-67.8422,15.3786,-137.1273,254.0059,44.0997,,-6.274,,,,,,,,,,,,,,,,,3441.2515,,21597.4416,10.7613,
2026-09-02 19:11:32,42.4700416,-82.7973433,19.708,15.8229,28.4645,54.229,-90.3784,0.0,2.7761,-1.4231,230.5355,0.1804,-0.1384,13.0944,51.761,,,,,,,,,0.0,11.9657,-68.189,16.6894,-138.2686,248.1022,44.0997,,-14.679,,,,,,,,,,,,,,,,,3443.8153,,21592.5204,,
2026-09-02 19:11:33,42.4701374,-82.7973065,,17.8639,22.4714,54.9108,,0.0,5.0865,-0.7269,229.8029,0.1848,-0.1433,12.7331,52.8382,,,,,,,,,,11.8673,-70.502,18.2536,-142.2039,239.6317,44.0997,,-15.8083,,,,,,,,,,,,,,,,,3446.4358,,21590.88,,
2026-09-02 19:11:34,42.4702268,-82.797258,19.8064,18.7969,21.7266,55.0082,112.1221,0.0,4.6334,-0.2375,229.057,0.1895,-0.1484,12.4337,52.5803,,,,,,,,,,,,,,,44.0997,,-16.6987,,,,,,,,,,,,,,,,,3449.0768,,21588.9115,,
2026-09-02 19:11:35,42.4703077,-82.7972145,,18.7969,21.7266,54.9051,33.4115,0.0,3.7342,0.47,228.3475,0.1941,-0.1535,13.2951,52.6892,3.2699,13.6371,10.0,0.0048,48.092,19.1282,60.3238,0.0,,10.5441,-69.9513,18.098,-146.8176,233.1197,44.1971,,-16.8043,,,,,,,,,,,,,,,,,3451.7616,,21587.271,,
2026-09-02 19:11:36,42.4703886,-82.7971709,19.708,18.7969,21.7266,54.9738,-22.8163,0.0,3.5429,-0.8947,227.6705,0.1988,-0.1586,14.557,,,,,,,,,,0.0,11.233,-73.1557,18.8949,-145.3201,237.0579,44.22,,-16.9026,,,,,,,,,,,,,,,,,,,,,
2026-09-02 19:11:37,42.4704776,-82.797123,,18.7969,21.7266,,,0.0,,,226.9622,0.204,-0.1643,,52.6319,,,,,,,,,,11.307,-68.9105,18.1165,-144.3861,236.1753,44.1971,,-17.003,,,,,,,,,,,,,,,,,3457.0163,,21583.0059,,
2026-09-02 19:11:38,42.4705585,-82.7970795,19.7408,18.7969,21.7266,54.0285,-49.0326,0.0,4.1373,-0.0308,226.3494,0.2087,-0.1694,14.4582,51.8183,,,,,,,,,,11.1558,-70.3721,18.3548,-145.0773,236.0512,44.1971,,-17.0877,,,,,,,,,,,,,,,,,,,,,
2026-09-02 19:11:39,42.4706394,-82.7970359,,18.7969,21.7266,56.3604,172.1967,0.0,2.8328,-1.4063,225.763,0.2135,-0.1746,14.2448,54.3049,3.2699,13.6371,10.0,0.0061,48.092,19.1282,60.6956,0.0,,9.9059,-64.3162,17.0309,-148.3873,228.1427,44.1971,,-17.167,,,,,,,,,,,,,,,,,3462.3735,,21579.7251,,
2026-09-02 19:11:40,42.4707203,-82.7969924,19.8064,18.7969,21.7266,55.7187,-225.2412,0.0,3.4538,1.0077,225.2031,0.2183,-0.1797,17.7378,53.0158,,,,,,,,,0.0,9.4273,-72.5106,18.3218,-150.6099,228.8639,44.1799,,-17.241,,,,,,,,,,,,,,,,,3464.9916,,21577.4285,,
2026-09-02 19:11:41,42.4708012,-82.7969488,,18.7969,21.7266,54.5613,-30.2281,0.0,4.1187,-0.8769,224.6664,0.2231,-0.1848,15.6341,52.0933,,,,,,,,,,10.05,-66.5939,17.4425,-148.0779,229.5061,44.1799,,-17.3104,,,,,,,,,,,,,,,,,3467.5969,,21575.1319,,
2026-09-02 19:11:42,42.4708821,-82.7969053,19.8064,18.7969,21.7266,54.653,74.7744,0.0,4.763,-1.694,224.1532,0.2279,-0.1899,14.885,52.609,,,,,,,,,,10.1559,-65.8861,17.3344,-147.6728,229.9512,44.3346,,-17.3753,,,,,,,,,,,,,,,,,,,,,
2026-09-02 19:11:43,42.470963,-82.7968617,,18.7969,21.7266,55.0483,-67.6961,0.0,5.4284,1.5189,223.7094,0.2322,-0.1946,16.851,52.758,,,,,,,,,,9.8305,-80.3028,19.6904,-150.52,232.466,44.2544,,-17.4303,,,,,,,,,,,,,,,,,3472.9196,,21571.523,,
2026-09-02 19:11:44,42.4710439,-82.7968182,19.9377,18.7969,21.7266,55.9249,153.5504,0.0,3.8215,-1.2996,223.2348,0.2371,-0.1997,16.4714,53.6059,3.27,13.6371,10.0,0.0074,48.092,19.1282,60.1823,0.0,0.0,9.6363,-64.7135,17.0717,-149.3112,226.9948,44.2544,,-17.488,,,,,,,,,,,,,,,,,3475.5965,,21569.8826,,
2026-09-02 19:11:45,42.4711329,-82.7967703,,18.7969,21.7266,56.1255,11.0592,0.0,3.6707,-1.3652,222.735,0.2424,-0.2053,16.9466,53.9096,,,,,,,,,,10.0708,-63.0794,16.8325,-147.7604,227.8721,,,-17.5475,,,,,,,,,,,,,,,,,3478.2214,,21567.9141,,
2026-09-02 19:11:46,42.4712138,-82.7967267,19.5768,18.7969,21.7266,56.1656,-37.6777,0.0,2.0903,-0.0789,222.3,0.2473,-0.2105,17.9427,,,,,,,,,,,9.6648,-70.2645,18.0012,-149.6445,229.0592,44.2544,,-17.5981,,,,,,,,,,,,,,,,,3480.8913,,21565.9456,,
2026-09-02 19:11:47,42.4713028,-82.7966788,,18.7969,21.7266,54.5842,,0.0,,,221.8802,0.2522,-0.2156,,53.6403,3.27,13.6371,10.0,0.0067,48.092,19.1282,60.4893,0.0,,9.4485,-74.7063,18.6791,-150.7959,229.6221,44.2544,,-17.646,,,,,,,,,,,,,,,,,3483.5126,,21563.649,,
2026-09-02 19:11:48,42.4713837,-82.7966353,19.8064,18.7969,21.7266,,-142.6321,0.0,2.4861,0.0276,221.478,0.2571,-0.2207,17.6382,51.9444,,,,,,,,,0.0,11.2562,-62.2512,16.8227,-143.6896,233.2391,43.7044,,-17.6911,,,,,,,,,,,,,,,,,3486.131,,21561.3524,,
2026-09-02 19:11:49,42.4714647,-82.7965917,19.8064,18.7969,21.7266,53.7362,37.3649,0.0,5.6556,-0.718,221.0902,0.2621,-0.2259,15.5215,51.5261,,,,,,,,,,10.2387,-68.1,17.7366,-147.6149,231.3485,43.7044,,-17.7336,,,,,,,,,,,,,,,,,3488.7832,,21559.3839,,
2026-09-02 19:11:50,42.4715456,-82.7965482,,18.7969,21.7266,54.0571,97.3639,0.0,4.5649,-1.3084,220.7175,0.267,-0.231,15.8537,51.9042,,,,,,,,,,9.6151,-77.383,19.1525,-150.6658,231.2084,44.3575,,-17.7738,,,,,,,,,,,,,,,,,3491.4733,,21558.0716,,
2026-09-02 19:11:51,42.4716265,-82.7965046,19.872,18.7969,21.7266,56.3088,,0.0,,,220.3575,0.2719,-0.2361,,54.1273,,,,,,,,,,,,,,,43.3319,,-17.8119,,,,,,,,,,,,,,,,,3494.1084,,21556.1031,,
2026-09-02 19:11:52,42.4717074,-82.7964611,,18.7969,21.7266,55.9421,-0.1409,0.0,3.2866,2.661,220.0112,0.2769,-0.2412,17.7469,53.8981,3.2701,13.6371,10.0,0.0082,48.092,19.1282,60.0243,0.0,0.0,9.1369,-76.6082,18.9011,-151.9487,228.908,43.6815,,-17.8479,,,,,,,,,,,,,,,,,3496.7924,,21554.4626,,
2026-09-02 19:11:53,42.4717883,-82.7964175,19.872,18.7969,21.7266,57.3459,,0.0,,,219.6763,0.2819,-0.2464,,54.6774,,,,,,,,,,9.842,-69.0214,17.8248,-148.9655,229.3207,44.4378,,-17.882,,,,,,,,,,,,,,,,,3499.4235,,21552.4941,,
2026-09-02 19:11:54,42.4718773,-82.7963696,,18.7969,21.7266,54.7561,,0.0,,,219.3538,0.2868,-0.2515,,52.5517,,,,,,,,,,9.807,-69.7119,17.935,-149.1437,229.2583,44.3346,,-17.9144,,,,,,,,,,,,,,,,,3502.058,,21550.1975,250.3281,
2026-09-02 19:11:55,42.4719582,-82.7963261,19.5768,18.7969,21.7266,55.5353,,0.0,,,3.2377,1.0558,0.1383,,53.2564,,,,,,,,,,9.8114,-70.3437,18.0421,-149.1952,229.846,44.1169,,17.8267,,,,,,,,,,,,,,,,,3504.6742,,21547.901,,
2026-09-02 19:11:56,42.4720391,-82.7962825,,18.7969,21.7266,54.9566,,0.0,,,3.1476,1.0508,0.1392,,52.6892,,,,,,,,,,9.7339,-73.2662,18.5125,-149.7658,230.4622,44.0997,,17.8173,,,,,,,,,,,,,,,,,3507.3413,,21546.2605,,
2026-09-02 19:11:57,42.47212,-82.796239,19.8064,18.7969,21.7266,54.9566,-15.0333,0.0,3.6042,-1.523,3.0569,1.0458,0.1402,18.2083,,,,,,,,,,,9.8888,-71.1189,18.1882,-149.0401,230.5414,43.8992,,17.8078,,,,,,,,,,,,,,,,,3509.9994,,21544.292,,
2026-09-02 19:11:58,42.4722009,-82.7961954,,18.7969,21.7266,,,0.0,,,2.965,1.0409,0.1412,,52.4657,,,,,,,,,,10.3604,-64.759,17.1632,-146.9066,230.1467,43.9164,,17.7982,,,,,,,,,,,,,,,,,,,,,
2026-09-02 19:11:59,42.4722818,-82.7961519,19.6424,18.7969,21.7266,54.4983,-22.5104,0.0,5.199,0.4843,2.8725,1.0359,0.1422,17.9581,52.3397,3.2701,13.6371,10.0,0.0044,48.092,19.1282,59.8702,0.0,,10.128,-79.7824,19.7069,-149.6168,233.6164,43.9851,,17.7884,,,,,,,,,,,,,,,,,3515.2985,,21540.355,,
2026-09-02 19:12:00,42.4723627,-82.7961083,,18.7969,21.7266,55.0311,3.7712,0.0,3.0817,2.6223,2.7789,1.031,0.1432,19.7071,52.7236,,,,,,,,,0.0,8.8632,-78.0136,19.0442,-152.9188,228.272,43.9622,,17.7784,,,,,,,,,,,,,,,,,,,,,
2026-09-02 19:12:01,42.4724436,-82.7960648,19.9377,18.7969,21.7266,55.7359,127.5026,0.0,1.3145,-0.8916,2.6847,1.0261,0.1442,18.6519,53.6002,,,,,,,,,,9.5711,-64.9809,17.1102,-149.5429,226.9201,43.9622,,17.7684,,,,,,,,,,,,,,,,,3520.5692,,21536.418,,
2026-09-02 19:12:02,42.4725326,-82.7960168,,18.7969,21.7266,55.9078,-14.9886,0.0,0.979,-2.4567,2.5892,1.0211,0.1452,19.1652,53.5544,,,,,,,,,,9.925,-67.968,17.6597,-148.6024,229.4583,43.6356,,17.7581,,,,,,,,,,,,,,,,,,,,,
2026-09-02 19:12:03,42.4725811,-82.7959907,19.5112,18.7969,21.7266,55.8447,11.2964,0.0,3.2696,0.0765,2.5027,1.0167,0.1461,21.0113,53.4512,3.2702,13.6371,10.0,0.006,48.092,19.1282,59.8933,0.0,,10.3767,-79.002,19.6616,-148.7971,234.3536,43.5898,,17.7488,,,,,,,,,,,,,,,,,3525.0752,,21533.1372,,
2026-09-02 19:12:04,42.4725811,-82.7959907,,0.0,21.7266,55.4265,-11.1933,0.0,3.5232,1.1699,2.5027,1.0167,0.1461,20.3107,53.1762,,,,,,,,,0.0,9.8361,-86.3449,10.1361,-104.434,327.6355,43.5898,,0.0,,,,,,,,,,,,,,,,,3525.0764,,21533.1372,,
2026-09-02 19:12:05,42.4725811,-82.7959907,19.708,0.0,21.7266,54.3894,-52.4463,0.0,3.6405,-0.8449,2.5027,1.0167,0.1461,19.2008,51.8641,,,,,,,,,,9.7248,-80.7667,9.6762,-82.7462,334.5562,43.6184,,0.0,,,,,,,,,,,,,,,,,,,,,
2026-09-02 19:12:06,42.4725811,-82.7959907,19.6424,0.0,21.7266,54.292,97.5426,,3.4546,0.8879,2.5027,1.0167,0.1461,17.9107,52.036,,,,,,,,,,9.5839,-87.78,9.5825,-87.9972,326.7757,43.6184,,0.0,,,,,,,,,,,,,,,,,3525.0333,,21532.8091,,
2026-09-02 19:12:07,,,,0.0,21.7266,54.4238,41.2839,0.0,2.3005,0.7193,2.5027,1.0167,0.1461,18.6179,,3.2702,13.6371,10.0,0.0067,48.092,19.1282,59.4805,0.0,,9.0755,-84.6366,9.0752,-84.6563,329.8808,43.6815,,0.0,,,,,,,,,,,,,,,,,3525.0326,,21532.8091,,
2026-09-02 19:12:08,42.4725811,-82.7959907,19.6424,0.0,21.7266,,63.8011,0.0,3.3975,0.7284,2.5027,1.0167,0.1461,18.7276,51.8756,,,,,,,,,0.0,9.6725,-88.948,9.6725,-88.95,325.3248,,,0.0,,,,,,,,,,,,,,,,,3525.0345,,21532.8091,,
2026-09-02 19:12:09,42.4725811,-82.7959907,,0.0,21.7266,54.1373,,0.0,,,2.5027,1.0167,0.1461,,51.7553,,,,,,,,,,10.4511,-83.1536,10.4511,-83.1538,330.9111,43.6815,,0.0,,,,,,,,,,,,,,,,,3525.0377,,21532.481,,
2026-09-02 19:12:10,42.47258118353784,-82.79599076136947,19.7408,0.0,21.7266,53.2263,0.0722,0.0,5.2862,-0.596,2.5027,1.0167,0.1461,19.0847,50.913,,,,,,,,,,9.6026,-79.7128,9.6026,-79.7128,333.9139,43.6815,,0.0,,,,,,,,,,,,,,,,,3525.0374,,21532.481,,
2026-09-02 19:12:11,42.47258118353784,-82.79599076136947,,0.0,21.7266,54.716,101.3207,0.0,3.9949,-0.4055,2.5027,1.0167,0.1461,19.3982,52.4027,3.2703,13.6371,10.0,0.0048,48.092,19.1282,59.9186,0.0,,8.5812,-88.9105,8.5812,-88.9105,325.2526,44.2544,,0.0,,,,,,,,,,,,,,,,,3525.0774,,21533.1372,,
2026-09-02 19:12:12,42.47258118353784,-82.79599076136947,19.5768,0.0,21.7266,54.7676,-82.4372,0.0,2.2487,1.6455,2.5027,1.0167,0.1461,21.7298,52.4543,,,,,,,,,0.0,9.338,-83.0125,9.338,-83.0125,331.5556,43.2632,,0.0,,,,,,,,,,,,,,,,,3525.0818,,21533.1372,,
2026-09-02 19:12:13,42.47258118353784,-82.79599076136947,19.7408,0.0,21.7266,53.9941,-82.4097,0.0,3.9415,-1.0581,2.5027,1.0167,0.1461,21.759,51.6808,,,,,,,,,,9.9467,-82.141,9.9467,-82.141,332.1616,43.0054,,0.0,,,,,,,,,,,,,,,,,3525.0339,,21532.8091,,
2026-09-02 19:12:14,42.47258118353784,-82.79599076136947,,0.0,21.7266,55.3749,93.8195,0.0,4.4105,0.4337,2.5027,1.0167,0.1461,20.7305,53.0616,,,,,,,,,,9.0995,-84.7293,9.0995,-84.7293,329.8732,43.8361,,0.0,,,,,,,,,,,,,,,,,,,,,
2026-09-02 19:12:15,42.47258118353784,-82.79599076136947,19.9377,0.0,21.7266,53.656,-134.9281,0.0,1.5072,-1.4453,2.5027,1.0167,0.1461,19.1147,51.3427,3.2703,13.6371,10.0,0.0083,48.092,19.1282,59.1014,0.0,,9.1995,-78.2265,9.1995,-78.2265,336.2468,43.8361,,0.0,,,,,,,,,,,,,,,,,3525.0369,,21532.8091,,
2026-09-02 19:12:16,42.47258118353784,-82.79599076136947,,0.0,21.7266,55.1744,37.578,0.0,3.813,-0.1684,2.5027,1.0167,0.1461,19.9029,52.8611,,,,,,,,,0.0,9.8426,-87.2538,9.8426,-87.2538,327.4037,43.8361,,0.0,,,,,,,,,,,,,,,,,3525.078,,21533.1372,,
2026-09-02 19:12:17,42.4725811,-82.7959907,19.7408,0.0,21.7266,,75.0838,0.0,2.7502,0.3243,2.5027,1.0167,0.1461,21.6207,,,,,,,,,,,,,,,,43.8361,,0.0,,,,,,,,,,,,,,,,,3525.0728,,21533.1372,,
2026-09-02 19:12:18,42.4725811,-82.7959907,,0.0,21.7266,56.4578,,0.0,1.0898,0.4965,2.5027,1.0167,0.1461,,54.1445,,,,,,,,,,8.7638,-81.7964,8.7638,-81.7964,333.6864,43.8361,,0.0,,,,,,,,,,,,,,,,,3525.1159,,21533.7933,,
2026-09-02 19:12:19,42.4725811,-82.7959907,19.708,0.0,21.7266,57.5923,52.5769,0.0,1.9644,0.0127,2.5027,1.0167,0.1461,23.0307,55.279,3.2703,13.6371,10.0,0.0059,48.092,19.1282,59.8025,0.0,,8.719,-84.4656,8.719,-84.4656,331.7474,43.7617,,0.0,,,,,,,,,,,,,,,,,,,,,
2026-09-02 19:12:20,42.4725811,-82.7959907,,0.0,21.7266,55.8848,-187.3985,0.0,,,2.5027,1.0167,0.1461,24.0284,53.5716,,,,,,,,,0.0,9.3103,-81.0586,9.3103,-81.0586,335.7914,43.7273,,0.0,,,,,,,,,,,,,,,,,3525.0771,,21533.1372,,
2026-09-02 19:12:21,42.4725811,-82.7959907,19.7408,0.0,21.7266,56.5208,101.3379,0.0,3.0205,0.5521,2.5027,1.0167,0.1461,21.8275,54.2075,,,,,,,,,,9.0952,-86.0346,9.0952,-86.0346,330.0851,43.7273,,0.0,,,,,,,,,,,,,,,,,3525.118,,21533.4653,,
2026-09-02 19:12:22,42.4725811,-82.7959907,,0.0,21.7266,55.5181,-198.6433,0.0,2.2266,0.5995,2.5027,1.0167,0.1461,22.2596,53.2049,,,,,,,,,,8.4847,-83.0613,8.4847,-83.0613,333.3665,41.6073,,0.0,,,,,,,,,,,,,,,,,3525.0819,,21533.1372,,
2026-09-02 19:12:23,42.4725811,-82.7959907,19.8064,0.0,21.7266,53.9139,41.3664,0.0,5.3319,-2.3615,2.5027,1.0167,0.1461,19.9645,51.6006,3.2704,13.6371,10.0,0.0112,48.092,19.1282,58.6787,0.0,,9.951,-78.1324,9.951,-78.1324,336.9685,44.0539,,0.0,,,,,,,,,,,,,,,,,3525.0331,,21532.8091,,
2026-09-02 19:12:24,42.4725811,-82.7959907,,0.0,21.7266,56.5781,210.0807,0.0,4.3113,0.5908,2.5027,1.0167,0.1461,20.7635,54.2648,,,,,,,,,0.0,8.7753,-86.4099,8.7753,-86.4099,328.3757,44.1799,,0.0,,,,,,,,,,,,,,,,,3525.1195,,21533.4653,,
2026-09-02 19:12:25,42.4725811,-82.7959907,19.708,0.0,21.7266,56.3146,-7.429,0.0,0.8325,1.5731,2.5027,1.0167,0.1461,21.2096,54.0013,,,,,,,,,,7.5839,-87.0105,7.5839,-87.0105,328.717,44.1398,,0.0,,,,,,,,,,,,,,,,,3525.0714,,21533.1372,,
2026-09-02 19:12:26,42.4725811,-82.7959907,19.708,0.0,21.7266,58.4001,120.0186,0.0,0.7509,1.8566,2.5027,1.0167,0.1461,23.4973,56.0868,,,,,,,,,,9.0974,-85.5583,9.0974,-85.5583,330.7014,43.9851,,0.0,,,,,,,,,,,,,,,,,3525.1089,,21533.7933,,
2026-09-02 19:12:27,42.4725811,-82.7959907,19.9377,0.0,21.7266,58.1538,-131.2222,0.0,-0.0529,-0.4087,2.5027,1.0167,0.1461,24.415,55.8405,3.2704,13.6371,10.0,0.0062,48.092,19.1282,60.9881,0.0,,8.4421,-76.2547,8.4421,-76.2547,341.4504,43.1314,,0.0,,,,,,,,,,,,,,,,,3525.1104,,21533.7933,,
2026-09-02 19:12:28,42.4725811,-82.7959907,,,,,,0.0,,,2.5027,1.0167,0.1461,,,,,,,,,,,0.0,10.1609,-80.493,10.1609,-80.493,337.2385,43.1085,,0.0,,,,,,,,,,,,,,,,,3525.1189,,21533.4653,,
2026-09-02 19:12:29,42.4725811,-82.7959907,19.9377,0.0,21.7266,56.4635,-52.4463,0.0,2.3892,-1.5477,2.5027,1.0167,0.1461,22.5375,54.1502,,,,,,,,,,9.133,-85.4446,9.133,-85.4446,331.6829,43.0856,,0.0,,,,,,,,,,,,,,,,,,,,,
2026-09-02 19:12:30,42.4725811,-82.7959907,19.7408,0.0,21.7266,57.0479,86.3046,0.0,1.4486,0.1388,2.5027,1.0167,0.1461,22.2164,54.7347,,,,,,,,,,8.0178,-91.2132,8.0178,-91.2132,325.8636,43.1085,,0.0,,,,,,,,,,,,,,,,,3525.1127,,21533.7933,,
2026-09-02 19:12:31,42.4725811,-82.7959907,,0.0,21.7266,57.9589,7.5218,0.0,-0.4458,1.461,2.5027,1.0167,0.1461,23.8683,55.6457,3.2704,15.09,10.0,0.0076,48.092,19.1058,60.3413,0.0,,8.3294,-91.9023,8.3294,-91.9023,325.6489,42.2834,,0.0,,,,,,,,,,,,,,,,,3525.1139,,21533.7933,,
2026-09-02 19:12:32,42.4725811,-82.7959907,19.7408,0.0,21.7266,56.1198,-191.2006,0.0,0.9089,0.1454,2.5027,1.0167,0.1461,25.1531,53.8065,,,,,,,,,0.0,9.1991,-86.1482,9.1991,-86.1482,330.6128,42.2605,,0.0,,,,,,,,,,,,,,,,,3525.0345,,21532.8091,,
2026-09-02 19:12:33,42.4725811,-82.7959907,,0.0,21.7266,53.318,-89.9246,0.0,3.7833,0.2636,2.5027,1.0167,0.1461,21.2202,51.0047,,,,,,,,,,9.2928,-91.5829,9.2928,-91.5829,323.278,,,0.0,,,,,,,,,,,,,,,,,,,,,
2026-09-02 19:12:34,42.4725811,-82.7959907,19.7408,0.0,21.7266,53.6847,-11.2036,0.0,3.5527,0.4368,2.5027,1.0167,0.1461,19.7984,51.3714,,,,,,,,,,,,,,,42.2834,,0.0,,,,,,,,,,,,,,,,,3525.0401,,21532.481,,
2026-09-02 19:12:35,42.4725811,-82.7959907,,0.0,21.7266,51.009,,0.0,,,2.5027,1.0167,0.1461,,48.6957,3.2705,15.09,10.0,0.0121,48.092,19.1058,58.5742,0.0,,8.7571,-90.7217,8.7571,-90.7217,323.3678,42.2605,,0.0,,,,,,,,,,,,,,,,,3525.0018,,21532.1529,,
2026-09-02 19:12:36,42.4725811,-82.7959907,19.8064,0.0,21.7266,51.198,-71.2026,0.0,4.9851,0.2664,2.5027,1.0167,0.1461,16.5567,48.8848,,,,,,,,,0.0,9.2873,-89.5288,9.2873,-89.5288,322.8673,42.2834,,0.0,,,,,,,,,,,,,,,,,3525.0008,,21532.1529,,
2026-09-02 19:12:37,42.4725811,-82.7959907,,0.0,21.7266,48.1098,-198.6846,0.0,4.0211,1.8801,2.5027,1.0167,0.1461,16.5793,45.7965,,,,,,,,,,8.6409,-95.4325,8.6409,-95.4325,316.0838,44.1971,,0.0,,,,,,,,,,,,,,,,,3524.9178,,21531.1687,,
2026-09-02 19:12:38,42.4725811,-82.7959907,19.9377,0.0,21.7266,,-48.6647,0.0,2.9306,1.4564,2.5027,1.0167,0.1461,14.7402,,,,,,,,,,,8.878,-90.6769,8.878,-90.6769,319.006,44.0195,,0.0,,,,,,,,,,,,,,,,,3524.9187,,21531.1687,,
2026-09-02 19:12:39,42.4725811,-82.7959907,,0.0,21.7266,47.8921,90.0724,0.0,3.4313,0.0174,2.5027,1.0167,0.1461,13.6871,45.5788,3.2705,15.09,10.0,0.0101,48.092,19.1058,58.3572,0.0,,9.9302,-82.9183,9.9302,-82.9183,325.9048,43.7846,,0.0,,,,,,,,,,,,,,,,,3524.9158,,21531.1687,,
2026-09-02 19:12:40,42.4725811,-82.7959907,19.6424,0.0,21.7266,48.5338,93.8127,0.0,3.2038,-0.9052,2.5027,1.0167,0.1461,13.9194,46.2205,,,,,,,,,0.0,9.9174,-78.739,9.9174,-78.739,329.8404,43.7846,,0.0,,,,,,,,,,,,,,,,,3524.9578,,21531.4968,,
2026-09-02 19:12:41,42.4725811,-82.7959907,,0.0,21.7266,50.6996,-138.6856,0.0,1.6377,2.7393,,,,16.5431,48.3863,,,,,,,,,,9.277,-81.5729,9.277,-81.5729,327.7439,43.8361,,,,,,,,,,,,,,,,,,,3525.004,,21532.1529,,
2026-09-02 19:12:42,42.4725811,-82.7959907,19.6424,0.0,21.7266,49.25,,0.0,,,2.5027,1.0167,0.1461,,46.9367,,,,,,,,,,9.8181,-79.7064,9.8181,-79.7064,330.036,42.7132,,0.0,,,,,,,,,,,,,,,,,,,,,
2026-09-02 19:12:43,42.4725811,-82.7959907,,0.0,21.7266,49.1239,33.8481,0.0,3.3002,0.4942,2.5027,1.0167,0.1461,15.7512,46.8107,3.2706,15.09,10.0,0.0074,48.092,19.1058,59.6258,0.0,,10.7746,-68.0992,10.7746,-68.0992,341.2597,42.696,,0.0,,,,,,,,,,,,,,,,,3524.9645,,21531.4968,,
2026-09-02 19:12:44,42.4725811,-82.7959907,19.9377,0.0,21.7266,48.0296,-29.905,0.0,3.7361,-2.3275,2.5027,1.0167,0.1461,14.3084,45.7163,,,,,,,,,0.0,10.2074,-72.9489,10.2074,-72.9489,335.74,43.0054,,0.0,,,,,,,,,,,,,,,,,3524.9177,,21531.1687,,
2026-09-02 19:12:45,42.4725811,-82.7959907,,0.0,21.7266,48.7572,52.5975,0.0,3.9994,1.2629,2.5027,1.0167,0.1461,13.7611,46.444,,,,,,,,,,9.5933,-77.1678,9.5933,-77.1678,331.4339,43.6356,,0.0,,,,,,,,,,,,,,,,,3524.9154,,21531.1687,,
2026-09-02 19:12:46,42.4725811,-82.7959907,19.9377,0.0,21.7266,47.6342,-93.6339,0.0,3.3195,-0.5022,2.5027,1.0167,0.1461,14.2332,45.321,,,,,,,,,,10.1691,-66.6478,10.1691,-66.6478,341.6722,43.6356,,0.0,,,,,,,,,,,,,,,,,,,,,
2026-09-02 19:12:47,42.4725811,-82.7959907,,0.0,21.7266,49.7828,116.3643,0.0,4.0879,-0.8269,2.5027,1.0167,0.1461,13.8871,47.4696,3.2706,15.09,10.0,0.0095,48.092,19.1058,59.0074,0.0,,10.1169,-70.6031,10.1169,-70.6031,337.7705,44.6669,,0.0,,,,,,,,,,,,,,,,,,,,,
2026-09-02 19:12:48,42.4725811,-82.7959907,19.708,0.0,21.7266,,-3.6371,0.0,2.931,3.1807,2.5027,1.0167,0.1461,15.2261,,,,,,,,,,0.0,9.7305,-74.5369,9.7305,-74.5369,334.6907,44.6154,,0.0,,,,,,,,,,,,,,,,,3524.9587,,21531.4968,,
2026-09-02 19:12:49,42.4725811,-82.7959907,19.7408,0.0,21.7266,50.098,153.8289,0.0,3.6214,-0.7982,2.5027,1.0167,0.1461,17.1479,47.7847,,,,,,,,,,10.6134,-63.7476,10.6134,-63.7476,346.9197,44.8331,,0.0,,,,,,,,,,,,,,,,,,,,,
2026-09-02 19:12:50,42.4725811,-82.7959907,,0.0,21.7266,53.0602,15.0814,0.0,4.1759,1.1685,2.5027,1.0167,0.1461,18.6235,50.7469,,,,,,,,,,,,,,,44.6154,,0.0,,,,,,,,,,,,,,,,,3525.0432,,21532.481,,
2026-09-02 19:12:51,42.4725811,-82.7959907,20.0033,0.0,21.7266,53.6847,,0.0,,,2.5027,1.0167,0.1461,,51.3714,3.2706,15.09,10.0,0.0047,48.092,19.1058,59.1071,0.0,,10.8681,-72.2978,10.8681,-72.2978,340.166,44.0768,,0.0,,,,,,,,,,,,,,,,,3525.0356,,21532.8091,,
2026-09-02 19:12:52,42.4725811,-82.7959907,,0.0,21.7266,52.7049,-37.3924,0.0,5.3001,-0.2726,2.5027,1.0167,0.1461,18.9329,50.3916,,,,,,,,,0.0,11.4278,-67.8431,11.4278,-67.8431,345.0636,44.0997,,0.0,,,,,,,,,,,,,,,,,,,,,
2026-09-02 19:12:53,42.4725811,-82.7959907,20.1345,0.0,21.7266,55.3921,255.1221,0.0,6.335,2.5324,2.5027,1.0167,0.1461,20.222,53.0788,,,,,,,,,,11.067,-75.4791,11.067,-75.4791,337.4341,44.0768,,0.0,,,,,,,,,,,,,,,,,3525.0393,,21532.481,,
2026-09-02 19:12:54,42.4725811,-82.7959907,20.2001,0.0,21.7266,56.2229,56.3344,0.0,4.0274,-2.0272,2.5027,1.0167,0.1461,22.3805,53.9096,,,,,,,,,,10.6748,-62.3457,10.6748,-62.3457,352.2582,44.1971,,0.0,,,,,,,,,,,,,,,,,3525.0708,,21533.1372,,
2026-09-02 19:12:55,42.4725811,-82.7959907,,0.0,21.7266,58.9674,183.8335,0.0,5.3278,0.3069,2.5027,1.0167,0.1461,23.6527,56.6541,3.2707,15.09,10.0,0.005,48.092,19.1058,60.2307,0.0,,10.9951,-71.3732,10.9951,-71.3732,344.3768,,,0.0,,,,,,,,,,,,,,,,,,,,,
2026-09-02 19:12:56,42.4725811,-82.7959907,19.8064,0.0,21.7266,61.0185,37.6021,0.0,2.9901,3.0646,2.5027,1.0167,0.1461,28.6182,58.7053,,,,,,,,,0.0,9.7825,-79.8467,9.7825,-79.8467,338.1208,44.9076,,0.0,,,,,,,,,,,,,,,,,3525.1504,,21534.1214,,
2026-09-02 19:12:57,42.4725811,-82.7959907,,0.0,21.7266,60.2049,-37.3992,0.0,1.9099,-4.5492,2.5027,1.0167,0.1461,28.7548,57.8917,,,,,,,,,,10.7383,-63.5862,10.7383,-63.5862,356.1521,42.5928,,0.0,,,,,,,,,,,,,,,,,3525.143,,21534.4495,,
2026-09-02 19:12:58,42.4725811,-82.7959907,19.8064,0.0,21.7266,59.7523,,0.0,,,2.5027,1.0167,0.1461,27.8486,57.439,,,,,,,,,,10.7942,-75.9914,10.7942,-75.9914,344.0341,43.9622,,0.0,,,,,,,,,,,,,,,,,3525.1479,,21534.4495,,
2026-09-02 19:12:59,42.4725811,-82.7959907,,0.0,21.7266,,-71.1373,0.0,3.438,1.0249,,,,29.2009,,3.2707,15.09,10.0,0.0077,48.092,19.1058,60.6809,0.0,,9.6785,-86.3355,9.6785,-86.3355,333.4728,43.7846,,,,,,,,,,,,,,,,,,,,,,,
2026-09-02 19:13:00,42.4725811,-82.7959907,19.9377,0.0,21.7266,60.1763,60.109,0.0,3.524,0.7239,2.5027,1.0167,0.1461,29.1653,57.863,,,,,,,,,0.0,8.191,-78.6104,8.191,-78.6104,341.4658,43.7273,,0.0,,,,,,,,,,,,,,,,,3525.1498,,21534.4495,,
2026-09-02 19:13:01,42.4725811,-82.7959907,,0.0,21.7266,60.9211,123.8414,0.0,1.3196,-0.4962,2.5027,1.0167,0.1461,29.5305,58.6079,,,,,,,,,,7.2701,-75.8652,7.2701,-75.8652,344.8679,43.3663,,0.0,,,,,,,,,,,,,,,,,,,,,
2026-09-02 19:13:02,42.4725811,-82.7959907,19.872,0.0,21.7266,61.1962,-74.9154,0.0,-0.1234,-1.7255,2.5027,1.0167,0.1461,28.8248,58.8829,,,,,,,,,,8.0988,-84.4126,8.0988,-84.4126,336.4365,42.885,,0.0,,,,,,,,,,,,,,,,,3525.1891,,21534.7776,,
2026-09-02 19:13:03,42.4725811,-82.7959907,,0.0,21.7266,58.7496,-97.3776,0.0,3.7618,-1.1988,2.5027,1.0167,0.1461,29.2563,56.4363,3.2707,15.09,10.0,0.0113,48.092,19.1058,60.0376,0.0,,9.0629,-82.2181,9.0629,-82.2181,337.4687,41.5844,,0.0,,,,,,,,,,,,,,,,,3525.1509,,21534.1214,,
2026-09-02 19:13:04,42.4725811,-82.7959907,19.9377,0.0,21.7266,57.4318,-56.135,0.0,4.7954,0.2594,2.5027,1.0167,0.1461,,55.1185,,,,,,,,,0.0,8.5559,-88.577,8.5559,-88.577,329.8618,41.5672,,0.0,,,,,,,,,,,,,,,,,3525.1107,,21533.7933,,
2026-09-02 19:13:05,42.4725811,-82.7959907,,0.0,21.7266,57.6152,15.0745,0.0,3.9325,0.1535,2.5027,1.0167,0.1461,26.4662,55.3019,,,,,,,,,,,,,,,41.5844,,0.0,,,,,,,,,,,,,,,,,3525.1152,,21533.7933,,
2026-09-02 19:13:06,42.4725811,-82.7959907,20.2001,0.0,21.7266,55.5411,-202.418,0.0,3.1024,-1.5812,2.5027,1.0167,0.1461,25.2894,53.2278,,,,,,,,,,7.9633,-86.2537,7.9633,-86.2537,331.6605,41.6475,,0.0,,,,,,,,,,,,,,,,,,,,,
2026-09-02 19:13:07,42.4725811,-82.7959907,,0.0,21.7266,53.9769,,0.0,,,2.5027,1.0167,0.1461,22.1261,51.6636,3.2708,15.09,10.0,0.0096,48.092,19.1058,58.5883,0.0,,7.8937,-80.7297,7.8937,-80.7297,335.8751,41.6475,,0.0,,,,,,,,,,,,,,,,,3525.0816,,21533.1372,,
2026-09-02 19:13:08,42.4725811,-82.7959907,19.9377,0.0,21.7266,53.0544,-11.1692,0.0,5.2239,-0.005,2.5027,1.0167,0.1461,20.552,50.7411,,,,,,,,,0.0,8.7203,-86.8762,8.7203,-86.8762,328.1256,41.6475,,0.0,,,,,,,,,,,,,,,,,3525.0351,,21532.8091,,
2026-09-02 19:13:09,42.4725811,-82.7959907,,0.0,21.7266,,-11.1933,0.0,5.8241,0.5675,2.5027,1.0167,0.1461,19.6946,,,,,,,,,,,9.0077,-87.9488,9.0077,-87.9488,325.9932,42.2376,,0.0,,,,,,,,,,,,,,,,,,,,,
2026-09-02 19:13:10,42.4725811,-82.7959907,19.9377,0.0,21.7266,53.1117,3.8159,0.0,5.3501,0.8442,2.5027,1.0167,0.1461,,50.7984,,,,,,,,,,8.6616,-88.8446,8.6616,-88.8446,324.7192,42.4095,,0.0,,,,,,,,,,,,,,,,,3525.0399,,21532.481,,
2026-09-02 19:13:11,42.4725811,-82.7959907,,0.0,21.7266,53.868,71.2851,0.0,4.0249,0.6091,2.5027,1.0167,0.1461,19.4574,51.5547,3.2708,15.09,10.0,0.0106,48.092,19.1058,59.3306,0.0,,4.1974,-96.2244,4.1974,-96.2244,317.395,42.4095,,0.0,,,,,,,,,,,,,,,,,3525.0364,,21532.8091,,
2026-09-02 19:13:12,42.4725811,-82.7959907,20.0033,0.0,21.7266,55.2317,82.5059,0.0,2.4474,1.1409,2.5027,1.0167,0.1461,20.5695,52.9184,,,,,,,,,0.0,8.4307,-89.8399,8.4307,-89.8399,324.4239,42.3866,,0.0,,,,,,,,,,,,,,,,,3525.0805,,21533.1372,,
2026-09-02 19:13:13,42.4725811,-82.7959907,,0.0,21.7266,55.8218,-74.9601,,2.437,0.6873,2.5027,1.0167,0.1461,23.9074,53.5085,,,,,,,,,,8.8264,-90.7849,8.8264,-90.7849,324.4017,42.4095,,0.0,,,,,,,,,,,,,,,,,,,,,
2026-09-02 19:13:14,42.4725811,-82.7959907,19.9377,0.0,21.7266,55.4379,101.2898,0.0,4.2766,-0.7331,2.5027,1.0167,0.1461,22.8517,53.1246,,,,,,,,,,9.5401,-85.8962,9.5401,-85.8962,329.3563,42.4095,,0.0,,,,,,,,,,,,,,,,,3525.078,,21533.1372,,
2026-09-02 19:13:15,42.4725811,-82.7959907,,0.0,21.7266,56.3489,-74.9807,0.0,4.2686,-0.6909,2.5027,1.0167,0.1461,22.5972,54.0356,3.2709,15.09,10.0,0.0079,48.092,19.1058,59.2903,0.0,,9.0551,-90.0776,9.0551,-90.0776,325.6985,42.4095,,0.0,,,,,,,,,,,,,,,,,,,,,
2026-09-02 19:13:16,42.4725811,-82.7959907,19.8064,0.0,21.7266,55.0942,,0.0,4.4758,2.0058,2.5027,1.0167,0.1461,22.5029,52.7809,,,,,,,,,0.0,8.4436,-94.1086,8.4436,-94.1086,321.6094,43.2231,,0.0,,,,,,,,,,,,,,,,,3525.0736,,21533.1372,,
2026-09-02 19:13:17,42.4725811,-82.7959907,,0.0,21.7266,54.0915,-119.9361,0.0,,,2.5027,1.0167,0.1461,,51.7782,,,,,,,,,,9.1435,-97.6313,9.1435,-97.6313,317.3435,,,0.0,,,,,,,,,,,,,,,,,,,,,
2026-09-02 19:13:18,42.4725811,-82.7959907,20.0033,0.0,21.7266,56.1942,225.0727,0.0,6.8498,0.2766,2.5027,1.0167,0.1461,22.6907,53.881,,,,,,,,,,8.5783,-78.4538,8.5783,-78.4538,336.6414,43.1715,,0.0,,,,,,,,,,,,,,,,,3525.0803,,21533.1372,,
2026-09-02 19:13:19,42.4725811,-82.7959907,,0.0,21.7266,58.4803,172.5508,0.0,4.7754,-0.8519,2.5027,1.0167,0.1461,24.0663,56.1671,3.2709,15.09,10.0,0.0109,48.092,19.1058,59.5913,0.0,,8.9329,-101.725,8.9329,-101.725,314.7254,45.343,,0.0,,,,,,,,,,,,,,,,,,,,,
2026-09-02 19:13:20,42.4725811,-82.7959907,19.8064,0.0,21.7266,,41.277,0.0,1.6683,0.0278,2.5027,1.0167,0.1461,26.0937,,,,,,,,,,0.0,9.6525,-83.7157,9.6525,-83.7157,334.1642,41.9912,,0.0,,,,,,,,,,,,,,,,,3525.1092,,21533.7933,,
2026-09-02 19:13:21,42.4725811,-82.7959907,,0.0,21.7266,59.3742,3.7884,0.0,3.4901,1.8359,,,,27.0956,57.0609,,,,,,,,,,10.7706,-92.8647,10.7706,-92.8647,326.1287,42.547,,,,,,,,,,,,,,,,,,,,,,,
2026-09-02 19:13:22,42.4725811,-82.7959907,20.1345,0.0,21.7266,60.5716,123.7864,0.0,2.9205,-0.883,2.5027,1.0167,0.1461,28.3965,58.2583,,,,,,,,,,,,,,,42.4209,,0.0,,,,,,,,,,,,,,,,,3525.1494,,21534.4495,,
2026-09-02 19:13:23,,,,0.0,21.7266,62.1072,-14.9714,0.0,0.1788,-1.598,2.5027,1.0167,0.1461,28.8017,59.7939,3.2709,15.09,10.0,0.0098,48.092,19.1058,60.6027,0.0,,8.2451,-84.512,8.2451,-84.512,335.8088,42.4439,,0.0,,,,,,,,,,,,,,,,,3525.1886,,21534.7776,,
2026-09-02 19:13:24,42.4725811,-82.7959907,19.708,,,62.9494,-149.9683,0.0,2.3355,0.8184,2.5027,1.0167,0.1461,31.7437,60.6361,,,,,,,,,0.0,7.6717,-99.4095,7.6717,-99.4095,322.1101,42.4209,,0.0,,,,,,,,,,,,,,,,,3525.1852,,21534.7776,,
2026-09-02 19:13:25,42.47258118353784,-82.79599076136947,,0.0,21.7266,62.1129,78.7794,0.0,2.7438,-1.5414,2.5027,1.0167,0.1461,30.7623,59.7996,,,,,,,,,,8.8789,-99.293,8.8789,-99.293,322.7056,40.2151,,0.0,,,,,,,,,,,,,,,,,,,,,
2026-09-02 19:13:26,42.4725811,-82.7959907,19.872,0.0,21.7266,62.8405,,0.0,,,2.5027,1.0167,0.1461,,60.5273,,,,,,,,,,7.866,-93.2887,7.866,-93.2887,328.8825,40.2151,,0.0,,,,,,,,,,,,,,,,,3525.1831,,21534.7776,,
2026-09-02 19:13:27,42.4725811,-82.7959907,19.8064,0.0,21.7266,62.0384,-63.7221,0.0,1.3424,-0.074,2.5027,1.0167,0.1461,30.0063,59.7251,,,,,,,,,,7.8403,-106.6432,7.8403,-106.6432,315.808,40.5531,,0.0,,,,,,,,,,,,,,,,,,,,,
2026-09-02 19:13:28,42.4725811,-82.7959907,,0.0,21.7266,59.8612,-93.7164,0.0,1.5517,0.449,2.5027,1.0167,0.1461,30.3864,57.5479,3.271,15.09,10.0,0.0103,48.092,19.1058,60.3125,0.0,0.0,8.0541,-109.1716,8.0541,-109.1716,312.8935,40.5531,,0.0,,,,,,,,,,,,,,,,,3525.1889,,21534.7776,,
2026-09-02 19:13:29,42.4725811,-82.7959907,19.8064,0.0,21.7266,55.0369,,0.0,,,2.5027,1.0167,0.1461,,52.7236,,,,,,,,,,8.5099,-109.4362,8.5099,-109.4362,310.8171,40.5531,,0.0,,,,,,,,,,,,,,,,,,,,,
2026-09-02 19:13:30,42.4725811,-82.7959907,,0.0,21.7266,,,0.0,,,2.5027,1.0167,0.1461,,,,,,,,,,,,9.3696,-114.1843,9.3696,-114.1843,302.3242,41.9053,,0.0,,,,,,,,,,,,,,,,,3525.0795,,21533.1372,,
2026-09-02 19:13:31,42.4725811,-82.7959907,20.0689,0.0,21.7266,48.6312,,0.0,,,,,,,46.3179,,,,,,,,,,9.6554,-111.3414,9.6554,-111.3414,299.7502,41.9053,,,,,,,,,,,,,,,,,,,3524.9159,,21531.1687,,
2026-09-02 19:13:32,42.4725811,-82.7959907,,0.0,21.7266,42.9131,,0.0,,,2.5027,1.0167,0.1461,,40.5998,,,,,,,,,,9.6448,-107.7008,9.6448,-107.7008,298.2955,43.7273,,0.0,,,,,,,,,,,,,,,,,,,,,
2026-09-02 19:13:33,42.4725811,-82.7959907,20.0689,0.0,21.7266,42.3458,,0.0,,,2.5027,1.0167,0.1461,,40.0326,,,,,,,,,,10.161,-93.0422,10.161,-93.0422,311.2048,43.9851,,0.0,,,,,,,,,,,,,,,,,3524.7505,,21529.2002,,
2026-09-02 19:13:34,42.4725811,-82.7959907,,0.0,21.7266,44.7179,104.7997,0.0,5.243,2.1452,2.5027,1.0167,0.1461,6.5938,42.4046,,,,,,,,,,12.2812,-83.5331,12.2812,-83.5331,320.9487,44.0539,,0.0,,,,,,,,,,,,,,,,,3524.8383,,21530.1844,,
2026-09-02 19:13:35,42.4725811,-82.7959907,20.0033,0.0,21.7266,45.2164,-3.8984,0.0,3.8904,2.9519,2.5027,1.0167,0.1461,8.856,42.9031,3.2711,15.09,10.0,0.0119,48.092,19.1058,57.9342,0.0,,13.1615,-77.5371,13.1615,-77.5371,327.3437,44.0195,,0.0,,,,,,,,,,,,,,,,,3524.883,,21530.5125,,
2026-09-02 19:13:36,42.4725811,-82.7959907,,0.0,21.7266,45.308,74.8535,0.0,4.1268,2.8096,2.5027,1.0167,0.1461,9.1701,42.9948,,,,,,,,,0.0,,,,,,44.157,,0.0,,,,,,,,,,,,,,,,,,,,,
2026-09-02 19:13:37,42.4725811,-82.7959907,19.9377,0.0,21.7266,46.0987,209.8469,0.0,5.307,0.167,2.5027,1.0167,0.1461,9.7941,43.7854,,,,,,,,,,13.4551,-78.2922,13.4551,-78.2922,326.8115,44.1398,,0.0,,,,,,,,,,,,,,,,,3524.8833,,21530.5125,,
2026-09-02 19:13:38,42.4725811,-82.7959907,,0.0,21.7266,51.6278,82.2997,0.0,1.5722,-0.8387,2.5027,1.0167,0.1461,,49.3145,,,,,,,,,,13.7713,-73.1191,13.7713,-73.1191,332.6604,44.1398,,0.0,,,,,,,,,,,,,,,,,3524.9222,,21531.1687,,
2026-09-02 19:13:39,42.4725811,-82.7959907,19.8064,0.0,21.7266,54.5269,,0.0,,,,,,10.9776,52.2136,3.2711,15.09,10.0,0.0064,48.092,19.1058,60.1752,0.0,,10.2676,-73.7312,10.2676,-73.7312,335.2852,,,,,,,,,,,,,,,,,,,,,,,,
2026-09-02 19:13:40,42.4725811,-82.7959907,20.0033,0.0,21.7266,53.6847,86.064,0.0,1.3093,4.0672,2.5027,1.0167,0.1461,15.1956,51.3714,,,,,,,,,0.0,9.8186,-88.6465,9.8186,-88.6465,323.3729,43.9393,,0.0,,,,,,,,,,,,,,,,,3525.0327,,21532.8091,,
2026-09-02 19:13:41,42.4725811,-82.7959907,,0.0,21.7266,,-11.4271,0.0,-1.2861,-2.9902,2.5027,1.0167,0.1461,16.6246,,,,,,,,,,,9.9745,-67.489,9.9745,-67.489,345.6095,43.8992,,0.0,,,,,,,,,,,,,,,,,3525.0367,,21532.8091,,
2026-09-02 19:13:42,42.4725811,-82.7959907,19.8064,0.0,21.7266,52.9914,-116.3884,0.0,1.1282,2.5508,2.5027,1.0167,0.1461,17.7954,50.6781,,,,,,,,,,10.8768,-90.0334,10.8768,-90.0334,323.125,41.3953,,0.0,,,,,,,,,,,,,,,,,,,,,
2026-09-02 19:13:43,42.4725811,-82.7959907,,0.0,21.7266,53.3867,86.1121,0.0,2.3184,-0.947,2.5027,1.0167,0.1461,18.6114,51.0735,3.2711,15.09,10.0,0.0062,48.092,19.1058,59.313,0.0,,11.0875,-82.2781,11.0875,-82.2781,330.757,42.8163,,0.0,,,,,,,,,,,,,,,,,3525.0413,,21532.481,,
2026-09-02 19:13:44,42.4725811,-82.7959907,19.872,0.0,21.7266,51.4559,-161.3369,0.0,4.5181,-0.584,2.5027,1.0167,0.1461,18.8236,49.1426,,,,,,,,,0.0,11.6814,-89.1559,11.6814,-89.1559,323.5687,42.8163,,0.0,,,,,,,,,,,,,,,,,3524.9946,,21532.1529,,
2026-09-02 19:13:45,42.4725811,-82.7959907,,0.0,21.7266,51.5017,194.8721,0.0,6.3063,0.4424,2.5027,1.0167,0.1461,16.6829,49.1884,,,,,,,,,,11.208,-91.9958,11.208,-91.9958,319.7383,42.8621,,0.0,,,,,,,,,,,,,,,,,,,,,
2026-09-02 19:13:46,42.4725811,-82.7959907,20.2986,0.0,21.7266,52.0861,-48.8951,0.0,6.276,-0.1993,2.5027,1.0167,0.1461,17.7196,49.7728,,,,,,,,,,10.8992,-92.923,10.8992,-92.923,319.1811,43.7044,,0.0,,,,,,,,,,,,,,,,,3525.0428,,21532.481,,
2026-09-02 19:13:47,42.4725811,-82.7959907,,0.0,21.7266,49.3875,-153.8529,0.0,7.1398,-0.113,2.5027,1.0167,0.1461,17.1511,47.0742,3.2712,15.09,10.0,0.0086,48.092,19.1058,57.7818,0.0,,11.033,-92.4956,11.033,-92.4956,318.5268,43.7846,,0.0,,,,,,,,,,,,,,,,,3525.0028,,21532.1529,,
2026-09-02 19:13:48,42.4725811,-82.7959907,20.1345,0.0,21.7266,49.6453,37.4027,0.0,5.3853,1.1771,2.5027,1.0167,0.1461,16.9757,47.332,,,,,,,,,0.0,10.5144,-95.3647,10.5144,-95.3647,314.6894,44.8847,,0.0,,,,,,,,,,,,,,,,,,,,,
2026-09-02 19:13:49,42.4725811,-82.7959907,,0.0,21.7266,50.0292,,0.0,,,2.5027,1.0167,0.1461,,47.7159,,,,,,,,,,11.0006,-90.1336,11.0006,-90.1336,319.9316,42.696,,0.0,,,,,,,,,,,,,,,,,3524.9582,,21531.4968,,
2026-09-02 19:13:50,42.4725811,-82.7959907,19.872,0.0,21.7266,49.1755,-33.8549,0.0,2.1634,-0.4913,2.5027,1.0167,0.1461,16.9338,46.8622,,,,,,,,,,,,,,,43.4465,,0.0,,,,,,,,,,,,,,,,,3524.9584,,21531.4968,,
2026-09-02 19:13:51,42.4725811,-82.7959907,,0.0,21.7266,,41.1464,0.0,2.189,1.406,2.5027,1.0167,0.1461,16.4305,,3.2712,15.09,10.0,0.0058,48.092,19.1058,59.7632,0.0,,11.84,-94.065,11.84,-94.065,315.6116,43.3892,,0.0,,,,,,,,,,,,,,,,,,,,,
2026-09-02 19:13:52,42.4725811,-82.7959907,19.708,0.0,21.7266,50.4647,86.1293,0.0,2.0749,-1.8392,2.5027,1.0167,0.1461,17.1865,48.1514,,,,,,,,,0.0,11.3864,-88.06,11.3864,-88.06,321.8131,43.3892,,0.0,,,,,,,,,,,,,,,,,3524.9551,,21531.8248,,
2026-09-02 19:13:53,42.4725811,-82.7959907,19.6424,0.0,21.7266,51.4272,-33.8481,0.0,3.619,-0.0945,2.5027,1.0167,0.1461,19.5882,49.1139,,,,,,,,,,9.7255,-91.8997,9.7255,-91.8997,318.7699,43.3892,,0.0,,,,,,,,,,,,,,,,,3525.0002,,21532.1529,,
2026-09-02 19:13:54,42.4725811,-82.7959907,,0.0,21.7266,51.7424,37.3855,0.0,0.626,0.1327,2.5027,1.0167,0.1461,19.3066,49.4291,,,,,,,,,,8.9787,-93.2433,8.9787,-93.2433,318.0342,41.9511,,0.0,,,,,,,,,,,,,,,,,3524.9985,,21532.1529,,
2026-09-02 19:13:55,42.4725811,-82.7959907,19.872,0.0,21.7266,53.7477,-18.8698,0.0,-0.1506,-2.6877,2.5027,1.0167,0.1461,21.2421,51.1995,3.2712,15.09,10.0,0.0089,48.092,19.1058,61.0851,0.0,,9.2182,-89.6983,9.2182,-89.6983,322.1369,41.6073,,0.0,,,,,,,,,,,,,,,,,3524.9946,,21532.1529,,
2026-09-02 19:13:56,42.4725811,-82.7959907,19.7408,0.0,21.7266,52.4643,-206.3507,0.0,,,2.5027,1.0167,0.1461,19.9689,50.4317,,,,,,,,,0.0,9.6705,-87.1749,9.6705,-87.1749,325.5648,41.6073,,0.0,,,,,,,,,,,,,,,,,3525.0387,,21532.481,,
2026-09-02 19:13:57,42.4725811,-82.7959907,,0.0,21.7266,49.3302,,0.0,2.5694,-0.0703,2.5027,1.0167,0.1461,,47.5727,,,,,,,,,,10.4062,-95.3521,10.4062,-95.3521,316.872,41.6073,,0.0,,,,,,,,,,,,,,,,,3525.0011,,21532.1529,,
2026-09-02 19:13:58,42.4725811,-82.7959907,19.7408,0.0,21.7266,42.9475,-382.5593,,4.408,-0.2098,2.5027,1.0167,0.1461,16.7779,41.2186,,,,,,,,,,9.1128,-92.0963,9.1128,-92.0963,317.7905,42.4668,,0.0,,,,,,,,,,,,,,,,,3524.9195,,21531.1687,,
2026-09-02 19:13:59,42.4725811,-82.7959907,,0.0,21.7266,41.0567,-123.7967,0.0,7.8646,0.0757,2.5027,1.0167,0.1461,9.4129,38.4397,3.2713,15.09,10.0,0.0096,48.092,19.1058,57.9604,0.0,,10.2107,-91.4752,10.2107,-91.4752,313.8372,43.7846,,0.0,,,,,,,,,,,,,,,,,3524.7506,,21529.2002,,
2026-09-02 19:14:00,42.4725811,-82.7959907,19.9377,0.0,21.7266,,112.349,0.0,6.0217,1.0079,2.5027,1.0167,0.1461,4.2098,39.4424,,,,,,,,,0.0,9.5366,-95.1653,9.5366,-95.1653,307.8702,,,0.0,,,,,,,,,,,,,,,,,3524.7511,,21529.2002,,
2026-09-02 19:14:01,42.4725811,-82.7959907,,0.0,21.7266,41.5724,-45.1342,0.0,6.1542,1.027,2.5027,1.0167,0.1461,4.5044,40.0497,,,,,,,,,,11.8741,-89.0028,11.8741,-89.0028,313.0281,44.4721,,0.0,,,,,,,,,,,,,,,,,3524.7515,,21529.2002,,
2026-09-02 19:14:02,42.4725811,-82.7959907,19.9377,0.0,21.7266,42.8214,108.5881,0.0,4.8212,1.7595,2.5027,1.0167,0.1461,5.653,,,,,,,,,,,11.4916,-85.2586,11.4916,-85.2586,317.1363,44.5122,,0.0,,,,,,,,,,,,,,,,,3524.7953,,21529.5282,,
2026-09-02 19:14:03,42.4725811,-82.7959907,19.9377,0.0,21.7266,44.4085,14.8476,0.0,2.9926,0.5337,2.5027,1.0167,0.1461,7.6574,41.9004,3.2713,15.09,10.0,0.0074,48.092,19.1058,58.1623,0.0,,11.2372,-73.4125,11.2372,-73.4125,330.1052,44.5122,,0.0,,,,,,,,,,,,,,,,,,,,,
2026-09-02 19:14:04,42.4725811,-82.7959907,,0.0,21.7266,44.7981,74.8535,0.0,3.2774,0.6689,2.5027,1.0167,0.1461,8.7208,42.3473,,,,,,,,,0.0,11.8983,-71.8884,11.8983,-71.8884,332.3822,44.4893,,0.0,,,,,,,,,,,,,,,,,3524.8365,,21530.1844,,
2026-09-02 19:14:05,42.4725811,-82.7959907,19.872,0.0,21.7266,45.0502,71.1201,0.0,4.0324,-0.0973,2.5027,1.0167,0.1461,10.1356,42.8114,,,,,,,,,,11.8017,-70.0364,11.8017,-70.0364,334.7869,44.3976,,0.0,,,,,,,,,,,,,,,,,3524.8827,,21530.5125,,
2026-09-02 19:14:06,42.4725811,-82.7959907,,0.0,21.7266,46.7576,,0.0,,,2.5027,1.0167,0.1461,,44.3641,,,,,,,,,,9.8286,-66.4685,9.8286,-66.4685,339.4085,44.0539,,0.0,,,,,,,,,,,,,,,,,3524.8801,,21530.5125,,
2026-09-02 19:14:07,,,20.0033,0.0,21.7266,48.3963,119.857,0.0,3.075,-0.7929,,,,11.9665,45.8767,3.2714,15.09,10.0,0.0076,48.092,19.1058,60.2828,0.0,,10.0995,-67.3707,10.0995,-67.3707,339.9153,44.0539,,,,,,,,,,,,,,,,,,,3524.9217,,21531.1687,,
2026-09-02 19:14:08,42.4725811,-82.7959907,,0.0,21.7266,49.6167,138.6065,0.0,3.3732,0.0912,2.5027,1.0167,0.1461,14.31,47.3664,,,,,,,,,0.0,,,,,,44.0539,,0.0,,,,,,,,,,,,,,,,,,,,,
2026-09-02 19:14:09,42.47258118353784,-82.79599076136947,19.872,0.0,21.7266,49.7427,44.8798,0.0,2.9664,-1.3556,2.5027,1.0167,0.1461,16.0729,47.269,,,,,,,,,,10.0409,-68.5645,10.0409,-68.5645,340.0204,44.0768,,0.0,,,,,,,,,,,,,,,,,3524.961,,21531.4968,,
2026-09-02 19:14:10,42.47258118353784,-82.79599076136947,,0.0,21.7266,49.8631,22.39,0.0,2.7734,0.9468,2.5027,1.0167,0.1461,17.2726,47.6586,,,,,,,,,,9.8328,-73.2523,9.8328,-73.2523,335.7772,44.0997,,0.0,,,,,,,,,,,,,,,,,3524.9583,,21531.4968,,
2026-09-02 19:14:11,42.47258118353784,-82.79599076136947,19.9377,0.0,21.7266,,67.3867,0.0,3.1675,-1.1178,2.5027,1.0167,0.1461,17.0282,47.544,3.2714,15.09,10.0,0.0042,48.092,19.1058,59.8068,0.0,,9.8876,-72.9146,9.8876,-72.9146,336.6386,44.0997,,0.0,,,,,,,,,,,,,,,,,,,,,
2026-09-02 19:14:12,42.47258118353784,-82.79599076136947,,,,49.9547,,0.0,,,2.5027,1.0167,0.1461,,,,,,,,,,,0.0,10.4594,-74.7973,10.4594,-74.7973,334.8524,44.2888,,0.0,,,,,,,,,,,,,,,,,3524.9578,,21531.4968,,
2026-09-02 19:14:13,42.47258118353784,-82.79599076136947,20.2329,0.0,21.7266,49.1125,-236.3623,0.0,2.6433,0.7701,2.5027,1.0167,0.1461,16.8597,47.3951,,,,,,,,,,10.4313,-67.1901,10.4313,-67.1901,342.5819,44.9076,,0.0,,,,,,,,,,,,,,,,,,,,,
2026-09-02 19:14:14,42.4725811,-82.7959907,19.872,0.0,21.7266,48.127,86.1465,0.0,4.2958,-2.8623,2.5027,1.0167,0.1461,15.1506,45.5559,,,,,,,,,,10.7933,-74.836,10.7933,-74.836,333.8059,45.2685,,0.0,,,,,,,,,,,,,,,,,3524.9202,,21531.1687,,
2026-09-02 19:14:15,42.4725811,-82.7959907,,0.0,21.7266,51.6679,191.1318,0.0,2.7348,2.0618,2.5027,1.0167,0.1461,18.2331,48.9363,,,,,,,,,,10.3316,-87.1776,10.3316,-87.1776,322.5247,44.3346,,0.0,,,,,,,,,,,,,,,,,3525.0038,,21532.1529,,
2026-09-02 19:14:16,42.4725811,-82.7959907,20.0689,0.0,21.7266,51.4788,-86.3734,0.0,2.6448,-1.4916,2.5027,1.0167,0.1461,18.0438,49.4634,3.2714,15.09,10.0,0.0055,48.092,19.1058,60.3783,0.0,0.0,10.6537,-64.981,10.6537,-64.981,345.9607,44.3346,,0.0,,,,,,,,,,,,,,,,,,,,,
2026-09-02 19:14:17,42.4725811,-82.7959907,,0.0,21.7266,51.2095,108.6465,0.0,4.9304,-1.0955,2.5027,1.0167,0.1461,19.0478,48.7702,,,,,,,,,,11.9657,-82.5191,11.9657,-82.5191,328.4841,44.3805,,0.0,,,,,,,,,,,,,,,,,3525.0026,,21532.1529,,
2026-09-02 19:14:18,42.4725811,-82.7959907,19.7408,0.0,21.7266,53.1175,,0.0,,,2.5027,1.0167,0.1461,,50.701,,,,,,,,,,9.2919,-84.9469,9.2919,-84.9469,326.686,43.7273,,0.0,,,,,,,,,,,,,,,,,3524.9958,,21532.1529,,
2026-09-02 19:14:19,42.4725811,-82.7959907,19.872,0.0,21.7266,53.0315,14.882,0.0,2.1738,1.9834,2.5027,1.0167,0.1461,21.1298,50.913,3.2715,15.09,10.0,0.0103,48.092,19.1058,59.989,0.0,,8.9224,-75.6046,8.9224,-75.6046,337.0383,42.8163,,0.0,,,,,,,,,,,,,,,,,,,,,
2026-09-02 19:14:20,42.4725811,-82.7959907,,0.0,21.7266,52.1434,-86.3631,0.0,1.6968,-3.4752,2.5027,1.0167,0.1461,21.3053,49.8301,,,,,,,,,0.0,9.9511,-78.3547,9.9511,-78.3547,334.1664,43.0054,,0.0,,,,,,,,,,,,,,,,,3525.0427,,21532.481,,
2026-09-02 19:14:21,42.4725811,-82.7959907,19.7408,0.0,21.7266,,-78.8413,0.0,4.8199,1.733,2.5027,1.0167,0.1461,21.0836,50.002,,,,,,,,,,9.7259,-84.8277,9.7259,-84.8277,327.513,,,0.0,,,,,,,,,,,,,,,,,3524.9956,,21532.1529,,
2026-09-02 19:14:22,42.4725811,-82.7959907,19.872,0.0,21.7266,52.2007,-82.5816,0.0,3.0134,-1.1668,2.5027,1.0167,0.1461,20.6063,48.6212,,,,,,,,,,9.4897,-75.3028,9.4897,-75.3028,336.7587,43.0054,,0.0,,,,,,,,,,,,,,,,,,,,,
2026-09-02 19:14:23,42.4725811,-82.7959907,,0.0,21.7266,50.797,18.6601,,4.2607,-1.332,2.5027,1.0167,0.1461,18.3567,,3.2715,15.09,10.0,0.0083,48.092,19.1058,59.3878,0.0,,9.8324,-85.6049,9.8324,-85.6049,325.784,42.9824,,0.0,,,,,,,,,,,,,,,,,3525.003,,21532.1529,,
2026-09-02 19:14:24,42.4725811,-82.7959907,19.8064,0.0,21.7266,51.7137,37.3958,0.0,2.7829,-0.2677,2.5027,1.0167,0.1461,19.0509,49.2744,,,,,,,,,0.0,8.2868,-76.127,8.2868,-76.127,335.4834,42.9824,,0.0,,,,,,,,,,,,,,,,,,,,,
2026-09-02 19:14:25,42.4725811,-82.7959907,,0.0,21.7266,51.7538,56.1281,0.0,3.0679,1.3301,2.5027,1.0167,0.1461,18.9762,49.4978,,,,,,,,,,9.4623,-91.1026,9.4623,-91.1026,320.7984,43.0054,,0.0,,,,,,,,,,,,,,,,,3524.9968,,21532.1529,,
2026-09-02 19:14:26,42.4725811,-82.7959907,20.0689,0.0,21.7266,52.7909,11.1383,0.0,1.5394,-2.3821,2.5027,1.0167,0.1461,19.4429,50.5234,,,,,,,,,,,,,,,42.9481,,0.0,,,,,,,,,,,,,,,,,3525.0417,,21532.481,,
2026-09-02 19:14:27,42.4725811,-82.7959907,19.8064,0.0,21.7266,52.2466,-82.5953,0.0,2.8709,1.8358,2.5027,1.0167,0.1461,19.535,50.0078,3.2715,15.09,10.0,0.0074,48.092,19.1058,59.2982,0.0,,9.1479,-69.4698,9.1479,-69.4698,342.908,43.9622,,0.0,,,,,,,,,,,,,,,,,3525.0437,,21532.481,,
2026-09-02 19:14:28,42.4725811,-82.7959907,,0.0,21.7266,51.009,,0.0,,,2.5027,1.0167,0.1461,,48.7759,,,,,,,,,0.0,9.9648,-97.3673,9.9648,-97.3673,314.934,43.7846,,0.0,,,,,,,,,,,,,,,,,3524.9982,,21532.1529,,
2026-09-02 19:14:29,42.4725811,-82.7959907,19.7408,0.0,21.7266,52.3096,104.9372,0.0,1.3891,-0.4084,2.5027,1.0167,0.1461,19.8742,49.8989,,,,,,,,,,9.0606,-82.4219,9.0606,-82.4219,329.2749,43.7846,,0.0,,,,,,,,,,,,,,,,,3524.9978,,21532.1529,,
2026-09-02 19:14:30,42.4725811,-82.7959907,,0.0,21.7266,51.4043,11.1692,0.0,-0.3084,2.3971,2.5027,1.0167,0.1461,20.7184,49.091,,,,,,,,,,8.6229,-90.5995,8.6229,-90.5995,321.4101,41.8136,,0.0,,,,,,,,,,,,,,,,,3525.0433,,21532.481,,
2026-09-02 19:14:31,42.4725811,-82.7959907,19.872,0.0,21.7266,47.7374,-172.5715,0.0,0.5337,-3.3466,2.5027,1.0167,0.1461,19.7223,45.4241,3.2716,15.09,10.0,0.0082,48.092,19.1058,59.0788,0.0,,12.1816,-54.6176,12.1816,-54.6176,357.0103,43.5038,,0.0,,,,,,,,,,,,,,,,,3524.9588,,21531.4968,,
2026-09-02 19:14:32,42.4725811,-82.7959907,,0.0,21.7266,42.7584,-236.2901,0.0,4.7506,1.2367,2.5027,1.0167,0.1461,16.6281,40.4451,,,,,,,,,0.0,10.7641,-91.3856,10.7641,-91.3856,318.1345,43.4809,,0.0,,,,,,,,,,,,,,,,,,,,,
2026-09-02 19:14:33,42.4725811,-82.7959907,19.708,0.0,21.7266,,29.9943,0.0,8.1225,1.438,2.5027,1.0167,0.1461,11.212,,,,,,,,,,,10.6452,-87.3327,10.6452,-87.3327,318.5499,43.1543,,0.0,,,,,,,,,,,,,,,,,3524.7507,,21529.2002,,
2026-09-02 19:14:34,42.4725811,-82.7959907,20.0033,0.0,21.7266,44.2595,-120.0633,0.0,7.3961,-0.1637,2.5027,1.0167,0.1461,11.9734,41.9462,,,,,,,,,,9.1052,-81.4382,9.1052,-81.4382,323.1237,44.3976,,0.0,,,,,,,,,,,,,,,,,3524.838,,21530.1844,,
2026-09-02 19:14:35,42.4725811,-82.7959907,,0.0,21.7266,42.4776,-37.578,0.0,6.6668,-0.0227,2.5027,1.0167,0.1461,9.4147,40.1643,3.2716,15.09,10.0,0.0106,48.092,19.1058,56.9578,0.0,,8.7491,-77.7838,8.7491,-77.7838,326.049,44.3976,,0.0,,,,,,,,,,,,,,,,,3524.7969,,21529.5282,,
2026-09-02 19:14:36,42.4725811,-82.7959907,20.0033,0.0,21.7266,43.1881,,0.0,,,2.5027,1.0167,0.1461,,40.8748,,,,,,,,,0.0,8.8585,-73.6417,8.8585,-73.6417,329.3284,44.4148,,0.0,,,,,,,,,,,,,,,,,3524.7985,,21529.5282,,
2026-09-02 19:14:37,,,20.0033,0.0,21.7266,46.8722,206.1445,0.0,2.3692,1.4236,2.5027,1.0167,0.1461,4.1536,44.5589,,,,,,,,,,10.2011,-76.9449,10.2011,-76.9449,327.672,44.4378,,0.0,,,,,,,,,,,,,,,,,3524.8794,,21530.5125,,
2026-09-02 19:14:38,42.4725811,-82.7959907,20.1345,0.0,21.7266,47.2332,93.6683,0.0,1.9232,1.6411,2.5027,1.0167,0.1461,9.6027,44.9199,,,,,,,,,,12.1529,-67.2673,12.1529,-67.2673,339.1272,44.6669,,0.0,,,,,,,,,,,,,,,,,,,,,
2026-09-02 19:14:39,42.4725811,-82.7959907,,0.0,21.7266,46.792,-78.8,0.0,4.1896,-2.3675,2.5027,1.0167,0.1461,11.7346,44.4787,3.2717,15.09,10.0,0.0052,48.092,19.1058,59.2853,0.0,,11.666,-70.6241,11.666,-70.6241,335.7326,44.9878,,0.0,,,,,,,,,,,,,,,,,3524.8779,,21530.5125,,
2026-09-02 19:14:40,42.47258118353784,-82.79599076136947,19.9377,0.0,21.7266,49.3016,146.1867,0.0,4.6135,1.5842,2.5027,1.0167,0.1461,13.9382,46.9883,,,,,,,,,0.0,10.6808,-69.54,10.6808,-69.54,337.833,44.9305,,0.0,,,,,,,,,,,,,,,,,3524.916,,21531.1687,,
2026-09-02 19:14:41,42.47258118353784,-82.79599076136947,,0.0,21.7266,50.098,71.1889,0.0,3.096,-1.9212,2.5027,1.0167,0.1461,15.5769,47.7847,,,,,,,,,,10.9129,-64.9182,10.9129,-64.9182,343.8393,44.7701,,0.0,,,,,,,,,,,,,,,,,3524.9598,,21531.4968,,
2026-09-02 19:14:42,42.47258118353784,-82.79599076136947,19.8064,,,,116.2027,0.0,3.1098,0.6866,2.5027,1.0167,0.1461,16.7402,,,,,,,,,,,10.9152,-66.6893,10.9152,-66.6893,342.7558,,,0.0,,,,,,,,,,,,,,,,,3524.9577,,21531.4968,,
2026-09-02 19:14:43,42.4725811,-82.7959907,19.708,0.0,21.7266,51.2439,,0.0,2.6115,2.1673,2.5027,1.0167,0.1461,,48.8389,3.2717,15.09,10.0,0.0088,48.092,19.1058,60.1422,0.0,,10.3514,-73.3521,10.3514,-73.3521,337.2827,45.3201,,0.0,,,,,,,,,,,,,,,,,3525.0005,,21532.1529,,
2026-09-02 19:14:44,42.4725811,-82.7959907,,0.0,21.7266,51.1694,-97.5529,0.0,2.7708,-2.5664,2.5027,1.0167,0.1461,17.7346,49.177,,,,,,,,,0.0,11.4061,-62.2474,11.4061,-62.2474,348.5298,43.6184,,0.0,,,,,,,,,,,,,,,,,3525.0009,,21532.1529,,
2026-09-02 19:14:45,42.4725811,-82.7959907,19.5768,0.0,21.7266,50.9689,26.2197,0.0,,,2.5027,1.0167,0.1461,17.7821,48.3863,,,,,,,,,,10.1274,-73.0815,10.1274,-73.0815,337.9478,44.8503,,0.0,,,,,,,,,,,,,,,,,3524.9553,,21531.8248,,
2026-09-02 19:14:46,42.4725811,-82.7959907,19.5112,0.0,21.7266,52.1205,,0.0,4.232,0.2786,2.5027,1.0167,0.1461,,49.6697,,,,,,,,,,,,,,,44.4893,,0.0,,,,,,,,,,,,,,,,,3524.9967,,21532.1529,,
2026-09-02 19:14:47,42.4725811,-82.7959907,19.5768,0.0,21.7266,53.0602,63.7289,0.0,4.1528,-0.3865,2.5027,1.0167,0.1461,19.4523,50.7812,3.2717,15.09,10.0,0.0077,48.092,19.1058,60.1719,0.0,,10.0865,-69.3867,10.0865,-69.3867,342.4424,44.4893,,0.0,,,,,,,,,,,,,,,,,3525.04,,21532.481,,
2026-09-02 19:14:48,42.4725811,-82.7959907,,0.0,21.7266,52.8482,-11.2861,0.0,2.357,-1.3673,2.5027,1.0167,0.1461,20.8249,50.5922,,,,,,,,,0.0,9.4612,-67.716,9.4612,-67.716,344.8548,44.4148,,0.0,,,,,,,,,,,,,,,,,3525.0403,,21532.481,,
2026-09-02 19:14:49,42.4725811,-82.7959907,19.8064,0.0,21.7266,53.4154,-11.2861,0.0,3.7038,0.9792,2.5027,1.0167,0.1461,21.3177,51.1594,,,,,,,,,,9.987,-69.2926,9.987,-69.2926,343.5848,44.3346,,0.0,,,,,,,,,,,,,,,,,,,,,
2026-09-02 19:14:50,42.4725811,-82.7959907,,0.0,21.7266,,-22.5207,0.0,3.3118,-1.3742,2.5027,1.0167,0.1461,21.0022,50.7469,,,,,,,,,,9.759,-71.3156,9.759,-71.3156,341.7848,43.1085,,0.0,,,,,,,,,,,,,,,,,3525.0395,,21532.481,,
2026-09-02 19:14:51,42.4725811,-82.7959907,20.0689,0.0,21.7266,53.1862,-0.0207,,3.8947,0.4801,2.5027,1.0167,0.1461,21.2962,50.8672,3.2718,15.09,10.0,0.0048,48.092,19.1058,59.7262,0.0,,9.7646,-71.2986,9.7646,-71.2986,341.7854,43.246,,0.0,,,,,,,,,,,,,,,,,3525.0388,,21532.481,,
2026-09-02 19:14:52,42.4725811,-82.7959907,20.2329,0.0,21.7266,52.682,-14.9955,0.0,3.5764,-2.5387,2.5027,1.0167,0.1461,20.7192,49.9619,,,,,,,,,0.0,9.7091,-76.3844,9.7091,-76.3844,336.6988,43.246,,0.0,,,,,,,,,,,,,,,,,3525.0423,,21532.481,,
2026-09-02 19:14:53,42.4725811,-82.7959907,,0.0,21.7266,52.8825,15.0023,0.0,2.6087,1.0563,2.5027,1.0167,0.1461,22.2842,,,,,,,,,,,9.6963,-69.9847,9.6963,-69.9847,342.6614,44.6841,,0.0,,,,,,,,,,,,,,,,,3525.0412,,21532.481,,
2026-09-02 19:14:54,42.4725811,-82.7959907,19.9377,0.0,21.7266,53.5987,,0.0,,,2.5027,1.0167,0.1461,,51.2797,,,,,,,,,,8.7124,-87.0431,8.7124,-87.0431,326.1262,43.7617,,0.0,,,,,,,,,,,,,,,,,3525.0372,,21532.481,,
2026-09-02 19:14:55,42.4725811,-82.7959907,19.9377,0.0,21.7266,53.7935,26.2266,0.0,0.7155,-0.2522,2.5027,1.0167,0.1461,22.7652,51.337,3.2718,15.09,10.0,0.0089,48.092,19.1058,60.0807,0.0,,9.4911,-72.6228,9.4911,-72.6228,340.7509,43.7617,,0.0,,,,,,,,,,,,,,,,,,,,,
2026-09-02 19:14:56,42.4725811,-82.7959907,,0.0,21.7266,53.9941,18.7323,0.0,2.5768,-0.0915,2.5027,1.0167,0.1461,22.6107,51.5376,,,,,,,,,0.0,10.2039,-79.992,10.2039,-79.992,333.6278,43.7445,,0.0,,,,,,,,,,,,,,,,,3525.0358,,21532.8091,,
2026-09-02 19:14:57,42.4725811,-82.7959907,20.0689,0.0,21.7266,54.0858,22.4726,0.0,2.6787,-1.4873,2.5027,1.0167,0.1461,21.8646,51.8011,,,,,,,,,,10.0026,-77.6727,10.0026,-77.6727,336.2198,43.7617,,0.0,,,,,,,,,,,,,,,,,3525.0345,,21532.8091,,
2026-09-02 19:14:58,42.4725811,-82.7959907,19.872,0.0,21.7266,53.2779,-56.2759,0.0,4.4727,-0.4395,2.5027,1.0167,0.1461,21.6916,51.1823,,,,,,,,,,9.9265,-84.6241,9.9265,-84.6241,329.1484,43.7445,,0.0,,,,,,,,,,,,,,,,,3525.0373,,21532.481,,
2026-09-02 19:14:59,42.4725811,-82.7959907,,0.0,21.7266,51.5762,-119.9877,0.0,5.5895,0.7549,2.5027,1.0167,0.1461,21.8255,49.578,3.2719,15.09,10.0,0.0046,48.092,19.1058,58.956,0.0,,8.8584,-83.4468,8.8584,-83.4468,329.569,43.7617,,0.0,,,,,,,,,,,,,,,,,3525.0436,,21532.481,,
2026-09-02 19:15:00,42.4725811,-82.7959907,20.0033,0.0,21.7266,,78.7416,0.0,6.5578,0.5322,,,,19.8542,49.6239,,,,,,,,,0.0,8.9642,-82.66,8.9642,-82.66,329.5511,43.7445,,,,,,,,,,,,,,,,,,,3524.9994,,21532.1529,,
2026-09-02 19:15:01,42.4725811,-82.7959907,,0.0,21.7266,52.1549,-0.0103,0.0,4.428,0.5828,2.5027,1.0167,0.1461,20.2912,49.5666,,,,,,,,,,8.1509,-80.589,8.1509,-80.589,331.5091,43.7445,,0.0,,,,,,,,,,,,,,,,,3524.9955,,21532.1529,,
2026-09-02 19:15:02,42.4725811,-82.7959907,20.2986,0.0,21.7266,51.9314,41.222,0.0,3.5555,-0.6325,2.5027,1.0167,0.1461,20.1107,49.5322,,,,,,,,,,9.3217,-76.2446,9.3217,-76.2446,335.7445,43.7617,,0.0,,,,,,,,,,,,,,,,,3524.9968,,21532.1529,,
2026-09-02 19:15:03,42.4725811,-82.7959907,20.2001,0.0,21.7266,52.4643,,0.0,,,2.5027,1.0167,0.1461,,,3.2719,15.09,10.0,0.0056,48.092,19.1058,59.2697,0.0,,9.564,-84.7616,9.564,-84.7616,327.433,43.7445,,0.0,,,,,,,,,,,,,,,,,,,,,
2026-09-02 19:15:04,42.4725811,-82.7959907,,0.0,21.7266,51.0892,-138.7612,0.0,3.867,-0.2783,2.5027,1.0167,0.1461,21.2458,49.7728,,,,,,,,,0.0,9.6652,-79.42,9.6652,-79.42,332.2523,43.7445,,0.0,,,,,,,,,,,,,,,,,3524.998,,21532.1529,,
2026-09-02 19:15:05,42.4725811,-82.7959907,20.0689,0.0,21.7266,50.0693,,0.0,,,2.5027,1.0167,0.1461,,48.0941,,,,,,,,,,10.0782,-79.0845,10.0782,-79.0845,331.665,43.7617,,0.0,,,,,,,,,,,,,,,,,3524.9561,,21531.4968,,
2026-09-02 19:15:06,42.4725811,-82.7959907,,0.0,21.7266,50.6423,3.7403,0.0,6.6666,0.0401,2.5027,1.0167,0.1461,18.427,47.6644,,,,,,,,,,9.3916,-76.7165,9.3916,-76.7165,333.8478,,,0.0,,,,,,,,,,,,,,,,,3524.9586,,21531.4968,,
2026-09-02 19:15:07,42.4725811,-82.7959907,20.2329,0.0,21.7266,49.9032,-37.5333,0.0,5.7408,-0.3557,2.5027,1.0167,0.1461,18.3851,47.6873,3.2719,15.09,10.0,0.0074,48.092,19.1058,58.9774,0.0,,,,,,,43.8591,,0.0,,,,,,,,,,,,,,,,,,,,,
2026-09-02 19:15:08,42.4725811,-82.7959907,,0.0,21.7266,52.3612,112.4659,0.0,6.7177,-0.9366,2.5027,1.0167,0.1461,18.3322,49.0968,,,,,,,,,0.0,10.0286,-72.5592,10.0286,-72.5592,337.7152,43.9622,,0.0,,,,,,,,,,,,,,,,,3525.002,,21532.1529,,
2026-09-02 19:15:09,42.4725811,-82.7959907,20.0033,0.0,21.7266,54.3321,89.9521,0.0,3.1444,2.4327,2.5027,1.0167,0.1461,20.7714,51.0391,,,,,,,,,,8.6604,-80.9417,8.6604,-80.9417,330.4044,44.9878,,0.0,,,,,,,,,,,,,,,,,3525.0429,,21532.481,,
2026-09-02 19:15:10,42.4725811,-82.7959907,20.0689,0.0,21.7266,,14.8958,0.0,-0.6961,-0.6521,2.5027,1.0167,0.1461,22.069,52.5631,,,,,,,,,,8.4261,-70.0396,8.4261,-70.0396,342.9409,44.6669,,0.0,,,,,,,,,,,,,,,,,3525.0805,,21533.1372,,
2026-09-02 19:15:11,42.4725811,-82.7959907,,0.0,21.7266,54.865,-45.0964,0.0,2.4234,-2.3633,2.5027,1.0167,0.1461,22.0994,51.9845,3.272,15.09,10.0,0.0086,48.092,19.1058,60.5537,0.0,,10.6829,-65.0278,10.6829,-65.0278,348.8716,44.1398,,0.0,,,,,,,,,,,,,,,,,3525.0802,,21533.1372,,
2026-09-02 19:15:12,42.4725811,-82.7959907,20.0033,0.0,21.7266,54.3321,,0.0,,,2.5027,1.0167,0.1461,,52.7064,,,,,,,,,0.0,11.0146,-72.9996,11.0146,-72.9996,341.1959,44.1398,,0.0,,,,,,,,,,,,,,,,,,,,,
2026-09-02 19:15:13,42.4725811,-82.7959907,20.1345,0.0,21.7266,55.4437,78.6522,0.0,4.2856,0.3488,2.5027,1.0167,0.1461,22.6583,53.7664,,,,,,,,,,8.7821,-72.1377,8.7821,-72.1377,342.5793,44.1398,,0.0,,,,,,,,,,,,,,,,,3525.0764,,21533.1372,,
2026-09-02 19:15:14,42.4725811,-82.7959907,,0.0,21.7266,56.6469,101.1419,0.0,1.5661,1.2815,2.5027,1.0167,0.1461,24.2235,,,,,,,,,,,7.6538,-75.8245,7.6538,-75.8245,339.7725,44.1398,,0.0,,,,,,,,,,,,,,,,,3525.0718,,21533.1372,,
2026-09-02 19:15:15,42.4725811,-82.7959907,20.0033,0.0,21.7266,57.661,-26.3985,0.0,0.3902,-1.6179,2.5027,1.0167,0.1461,26.026,55.3649,3.272,15.09,10.0,0.0089,48.092,19.1058,61.0634,0.0,,9.1934,-62.2606,9.1934,-62.2606,354.507,43.5038,,0.0,,,,,,,,,,,,,,,,,3525.1125,,21533.7933,,
2026-09-02 19:15:16,,,19.708,,,56.7156,-52.6491,0.0,4.0494,-1.8435,2.5027,1.0167,0.1461,25.0288,54.557,,,,,,,,,0.0,10.3344,-72.5398,10.3344,-72.5398,344.3065,43.5268,,0.0,,,,,,,,,,,,,,,,,3525.1182,,21533.4653,,
2026-09-02 19:15:17,42.47258118353784,-82.79599076136947,,0.0,21.7266,55.1858,-90.1412,0.0,3.5747,-1.7279,2.5027,1.0167,0.1461,23.6593,53.5314,,,,,,,,,,9.2275,-69.5445,9.2275,-69.5445,346.6456,43.5268,,0.0,,,,,,,,,,,,,,,,,3525.0726,,21533.1372,,
2026-09-02 19:15:18,42.47258118353784,-82.79599076136947,19.7408,0.0,21.7266,55.4494,11.1074,0.0,4.5194,1.6797,2.5027,1.0167,0.1461,23.4518,52.8496,,,,,,,,,,9.2397,-82.3816,9.2397,-82.3816,333.2983,43.6585,,0.0,,,,,,,,,,,,,,,,,3525.0787,,21533.1372,,
2026-09-02 19:15:19,42.47258118353784,-82.79599076136947,,0.0,21.7266,53.6102,-90.124,0.0,3.9909,-0.3072,2.5027,1.0167,0.1461,21.8274,52.2366,3.272,15.09,10.0,0.0093,48.092,19.1058,59.0906,0.0,,9.2693,-73.1253,9.2693,-73.1253,342.0347,43.6585,,0.0,,,,,,,,,,,,,,,,,3525.0779,,21533.1372,,
2026-09-02 19:15:20,42.47258118353784,-82.79599076136947,20.0689,0.0,21.7266,,,0.0,,,2.5027,1.0167,0.1461,,49.6812,,,,,,,,,0.0,10.8019,-70.1279,10.8397,-110.4174,273.837,43.7846,,0.0,,,,,,,,,,,,,,,,,3525.0411,,21532.481,,
2026-09-02 19:15:21,42.48269586995829,-82.78759386640827,20.0033,15.784,29.6391,51.2611,-75.132,0.0,4.7557,0.1903,321.1987,0.5231,0.3982,18.4299,48.392,,,,,,,,,,11.5401,-70.1836,15.4526,-135.3653,256.0232,43.9622,,5.5519,,,,,,,,,,,,,,,,,3818.7786,,20353.6752,,
2026-09-02 19:15:22,42.4827318,-82.7876207,,15.4341,28.8427,50.8944,-0.1306,0.0,4.8034,0.8098,321.1518,0.5207,0.3966,17.9779,48.7931,,,,,,,,,,11.5323,-75.5907,16.7527,-138.1849,256.551,44.0997,,5.9897,,,,,,,,,,,,,,,,,3819.2399,,20356.2999,,
2026-09-02 19:15:23,42.4828004,-82.7875778,19.9377,15.5702,27.7655,51.0147,-75.1216,0.0,5.5453,3.5243,320.7034,0.5187,0.3977,17.9737,47.1773,3.2721,15.09,10.0,0.0088,48.092,19.1058,58.7127,0.0,,,,,,,43.9164,,5.7613,,,,,,,,,,,,,,,,,3824.1805,,20382.5466,,
2026-09-02 19:15:24,42.4828749,-82.7875328,,15.8617,27.3988,49.9719,108.6294,0.0,5.842,-5.0149,320.2191,0.5165,0.3988,16.944,,,,,,,,,,0.0,12.5321,-60.2399,14.3854,-130.8635,259.9269,45.5608,,6.0522,,,,,,,,,,,,,,,,,3829.5361,,20411.0899,,
2026-09-02 19:15:25,42.4829447,-82.7874739,19.9377,15.3758,31.7934,56.3833,374.8622,0.0,3.3056,1.3494,319.4318,0.5143,0.4016,20.5661,51.486,,,,,,,,,,11.6191,-68.6101,15.6714,-136.3422,257.6965,43.8763,,4.5705,,,,,,,,,,,,,,,,,3835.0535,,20440.6175,,
2026-09-02 19:15:26,42.4830086,-82.7874163,,16.0172,34.9504,59.334,142.3055,0.0,0.0823,0.2986,318.9655,0.5132,0.4033,24.2022,56.0238,,,,,,,,,,9.7731,-70.5723,15.4431,-143.358,252.8981,43.8763,,3.6301,,,,,,,,,,,,,,,,,3840.2001,,20467.8484,,
2026-09-02 19:15:27,42.4830668,-82.7873597,19.872,15.0842,39.5169,62.6343,119.778,0.0,-2.6134,-0.8811,,,,25.9533,59.8684,3.2721,15.09,10.0,0.0078,48.092,19.1058,61.8235,0.0,,10.9826,-66.6091,14.8399,-137.2146,265.3755,42.759,,,,,,,,,,,,,,,,,,,3845.0379,,20493.7671,,
2026-09-02 19:15:28,42.4831208,-82.7872946,,15.3175,40.8633,63.5166,82.2859,0.0,0.048,-1.5766,318.2515,0.5124,0.4066,29.1241,60.5158,,,,,,,,,0.0,10.2056,-64.3045,14.1177,-139.3524,263.6809,,,1.9053,,,,,,,,,,,,,,,,,3849.9747,,20520.0138,,
2026-09-02 19:15:29,42.4831732,-82.7872369,19.7408,14.4233,41.1384,63.9979,14.8133,0.0,1.6456,-0.3299,317.8523,0.5118,0.4083,33.0706,61.0773,,,,,,,,,,8.8462,-74.9994,15.0588,-145.429,258.5469,42.7361,,1.578,,,,,,,,,,,,,,,,,3854.5984,,20544.6201,,
2026-09-02 19:15:30,42.483231,-82.7871738,,13.8013,41.7686,65.2699,93.5377,0.0,-0.2469,-2.2599,317.3616,0.5111,0.4104,33.8295,63.054,,,,,,,,,,8.5243,-71.1889,13.735,-144.022,260.266,42.6329,,1.6274,,,,,,,,,,,,,,,,,,,,,
2026-09-02 19:15:31,42.4832791,-82.7871173,19.708,12.946,42.0608,,-33.9546,0.0,1.5816,0.5981,316.9382,0.5107,0.4123,35.8095,62.3607,3.2722,15.09,10.0,0.0079,48.092,19.1058,61.5215,0.0,,8.7638,-92.3878,16.1215,-147.1024,262.1128,42.3636,,0.9866,,,,,,,,,,,,,,,,,3863.505,,20592.1923,,
2026-09-02 19:15:32,42.4833233,-82.7870653,,12.0324,41.5223,64.6626,,0.0,1.4499,-1.4023,316.5486,0.5104,0.414,,61.3466,,,,,,,,,0.0,8.6298,-91.6781,15.1458,-145.2822,263.0893,40.3411,,0.9624,,,,,,,,,,,,,,,,,3867.5315,,20613.5177,,
2026-09-02 19:15:33,42.4833662,-82.7870162,19.872,11.8963,39.557,63.2416,-56.4478,0.0,,,316.1734,0.51,0.4157,32.7804,61.1575,,,,,,,,,,8.0351,-89.3193,14.3038,-145.826,260.6624,40.4843,,1.2501,,,,,,,,,,,,,,,,,,,,,
2026-09-02 19:15:34,42.483409,-82.7869682,,12.0129,41.2759,63.5224,18.5638,0.0,0.2159,-1.1176,315.7999,0.5096,0.4173,31.1828,61.0257,,,,,,,,,,8.2796,-100.2406,15.6817,-148.6969,259.5937,40.7536,,1.1571,,,,,,,,,,,,,,,,,3875.2029,,20654.5282,,
2026-09-02 19:15:35,42.4834519,-82.7869193,19.7408,11.4103,41.9692,63.3849,22.2972,0.0,0.8872,-0.3776,315.425,0.5093,0.4189,31.4155,,3.2722,15.09,10.0,0.0056,48.092,19.1058,60.6346,0.0,,8.3634,-96.6203,15.0511,-146.4982,262.1197,40.7536,,0.8206,,,,,,,,,,,,,,,,,,,,,
2026-09-02 19:15:36,42.4834926,-82.7868715,,10.9244,42.164,63.4192,-78.965,0.0,0.9292,-0.5051,315.0623,0.5091,0.4206,30.8946,61.4153,,,,,,,,,0.0,,,,,,40.7536,,0.713,,,,,,,,,,,,,,,,,3882.7553,,20694.8826,,
2026-09-02 19:15:37,42.4835333,-82.7868267,19.872,11.0799,39.6487,62.302,-75.2041,0.0,2.6825,-0.2306,314.7125,0.5087,0.422,30.4944,60.3726,,,,,,,,,,8.8363,-100.6809,15.5642,-146.0895,264.0355,40.7364,,0.7311,,,,,,,,,,,,,,,,,3886.3466,,20713.9114,,
2026-09-02 19:15:38,42.4835749,-82.7867799,,10.5356,38.4225,60.5373,-71.457,0.0,2.1324,-0.3391,314.3816,0.5085,0.4235,28.722,58.9459,,,,,,,,,,8.5438,-99.4715,14.6961,-145.0095,264.175,41.7678,,0.9499,,,,,,,,,,,,,,,,,,,,,
2026-09-02 19:15:39,42.4836126,-82.786741,19.9377,10.0302,37.8496,59.7924,-63.9558,0.0,1.7763,-0.4506,314.0633,0.5081,0.4247,27.81,57.9088,3.2722,15.09,10.0,0.0076,48.092,19.1058,60.1613,0.0,,8.3137,-102.1483,14.43,-145.7199,261.9345,41.7506,,1.0295,,,,,,,,,,,,,,,,,3893.0438,,20749.6726,,
2026-09-02 19:15:40,42.4836481,-82.7867078,,9.6414,35.1853,57.3745,,0.0,2.8838,-0.1155,313.7751,0.5077,0.4258,,56.1098,,,,,,,,,0.0,8.4504,-102.598,14.2005,-144.4967,262.4344,41.7678,,1.2624,,,,,,,,,,,,,,,,,,,,,
2026-09-02 19:15:41,42.483682,-82.7866773,19.6424,9.4082,33.6899,,-131.4526,0.0,3.5598,0.0123,313.5036,0.5073,0.4267,25.1242,54.3279,,,,,,,,,,9.8912,-102.0788,15.0827,-140.1128,266.8419,41.7678,,1.548,,,,,,,,,,,,,,,,,3898.792,,20780.1844,,
2026-09-02 19:15:42,42.4837169,-82.78665,,9.2916,32.0169,56.6297,7.2846,,2.2659,-0.3386,313.2377,0.5067,0.4275,23.2188,54.4138,,,,,,,,,,9.723,-101.0214,14.7134,-139.5612,265.7368,41.7678,,1.8,,,,,,,,,,,,,,,,,,,,,
2026-09-02 19:15:43,42.4837525,-82.7866201,19.5768,9.5831,31.9539,56.5896,11.018,0.0,2.053,-0.1445,312.9589,0.5062,0.4284,22.2458,53.7492,3.2723,15.09,10.0,0.0089,48.092,19.1058,59.2285,0.0,,9.8853,-100.3819,14.825,-139.0135,266.1663,41.7907,,1.7434,,,,,,,,,,,,,,,,,3904.3367,,20809.712,,
2026-09-02 19:15:44,42.4837886,-82.7865876,,9.797,33.6727,55.8963,33.5077,0.0,,,312.6681,0.5058,0.4294,21.4047,53.6403,,,,,,,,,0.0,9.9837,-99.5399,15.0146,-139.0245,266.0598,41.7907,,1.7835,,,,,,,,,,,,,,,,,3907.3036,,20825.46,,
2026-09-02 19:15:45,42.4838254,-82.786555,19.6424,9.797,33.5753,55.7301,-26.481,0.0,1.4071,0.4826,312.373,0.5054,0.4304,21.9322,,,,,,,,,,,10.1658,-100.1382,15.4571,-139.6536,264.9251,41.8136,,1.3766,,,,,,,,,,,,,,,,,,,,,
2026-09-02 19:15:46,42.4838644,-82.7865216,,10.3607,35.128,56.9391,138.4965,0.0,0.0014,0.3921,312.0791,0.5049,0.4314,22.8748,53.7434,,,,,,,,,,10.022,-98.959,15.2003,-139.3611,266.8285,41.8136,,1.2875,,,,,,,,,,,,,,,,,3913.2499,,20857.2841,,
2026-09-02 19:15:47,42.4838981,-82.7864857,19.872,9.6803,38.3538,58.1538,22.2113,0.0,-0.9787,0.6135,311.7842,0.5047,0.4325,25.4692,55.7259,,,,,,,,,,8.9084,-96.3458,13.9246,-140.5179,266.6162,41.6073,,0.8289,,,,,,,,,,,,,,,,,3916.187,,20873.0322,,
2026-09-02 19:15:48,42.4839309,-82.7864486,19.7408,9.2916,39.0127,58.2168,-4.0497,0.0,-1.0394,-0.6407,311.5018,0.5046,0.4337,,56.041,3.2723,15.09,10.0,0.0054,48.092,19.1058,60.4524,0.0,0.0,9.0882,-98.621,14.0326,-140.1836,268.0631,41.6073,,0.526,,,,,,,,,,,,,,,,,3919.036,,20888.124,,
2026-09-02 19:15:49,42.4839639,-82.7864139,,9.0583,36.95,56.8761,-94.0258,0.0,0.1937,-1.8222,311.2193,0.5045,0.4349,26.5692,55.1243,,,,,,,,,,9.204,-98.3802,13.8453,-138.877,268.5997,41.5844,,0.4441,,,,,,,,,,,,,,,,,3921.8653,,20903.2159,,
2026-09-02 19:15:50,42.4839962,-82.7863805,19.5768,8.9611,35.2598,56.3088,-90.2649,0.0,1.557,-0.8255,310.8091,0.5042,0.4365,25.1814,54.2247,,,,,,,,,,,,,,,41.5844,,0.8228,,,,,,,,,,,,,,,,,,,,,
2026-09-02 19:15:51,42.4840303,-82.7863484,,9.0,33.3461,53.1805,,0.0,,,,,,23.1588,51.7839,3.2724,15.09,10.0,0.011,48.092,19.1058,59.1995,0.0,,9.4276,-102.4338,14.3408,-140.0605,266.1765,,,,,,,,,,,,,,,,,,,,3927.4685,,20933.0715,,
2026-09-02 19:15:52,42.4840652,-82.7863184,19.5768,8.7667,32.0914,,-161.5088,0.0,2.4643,-0.9723,310.5275,0.504,0.4375,20.2256,49.6869,,,,,,,,,0.0,9.584,-101.7631,14.3568,-139.1912,266.1438,41.5844,,1.1694,,,,,,,,,,,,,,,,,,,,,
2026-09-02 19:15:53,42.4841028,-82.786289,,8.6112,28.0692,51.072,-168.9996,0.0,3.2304,-0.9502,310.2512,0.5036,0.4384,16.2884,45.5616,,,,,,,,,,9.6759,-102.798,14.4663,-139.2891,263.6219,42.6559,,1.2028,,,,,,,,,,,,,,,,,3933.093,,20962.9272,,
2026-09-02 19:15:54,42.4841399,-82.7862675,19.3799,8.514,22.6032,45.4857,-393.9898,0.0,3.4375,-1.1927,309.9876,0.5031,0.4391,,39.3221,,,,,,,,,,11.0606,-102.2205,15.3633,-135.2817,265.7177,42.759,,1.5511,,,,,,,,,,,,,,,,,,,,,
2026-09-02 19:15:55,42.4841781,-82.786251,19.5768,8.2224,15.1375,39.7274,-397.7129,0.0,7.7844,-0.6552,309.729,0.5024,0.4395,9.1748,33.4837,3.2724,15.09,10.0,0.0066,48.092,19.1058,57.8624,0.0,,12.8214,-99.8363,16.5022,-130.0455,267.6041,42.759,,2.2924,,,,,,,,,,,,,,,,,3938.2125,,20990.4862,,
2026-09-02 19:15:56,42.4842196,-82.7862404,,8.0864,0.0,33.1499,-405.2106,0.0,7.0565,-0.1757,309.4784,0.5014,0.4397,3.5895,,,,,,,,,,0.0,11.8302,-97.7563,15.3433,-130.1834,260.5182,44.5122,,2.8523,,,,,,,,,,,,,,,,,,,,,
2026-09-02 19:15:57,42.4842617,-82.7862329,19.8064,8.6695,0.0,28.0391,-307.6852,0.0,7.8664,0.7534,309.2263,0.5001,0.4396,356.546,27.6796,,,,,,,,,,13.3335,-92.2489,16.013,-123.6921,264.432,44.4893,,5.1875,,,,,,,,,,,,,,,,,3942.9009,,21015.4206,,
2026-09-02 19:15:58,42.4843039,-82.7862339,,9.3693,355.9558,24.0742,,0.0,,,308.9812,0.4987,0.4394,350.8719,23.1074,,,,,,,,,,14.8641,-76.3798,15.4071,-110.3434,276.6869,44.6669,,4.9768,,,,,,,,,,,,,,,,,3945.1755,,21027.5597,,
2026-09-02 19:15:59,42.4843487,-82.786235,19.9377,9.6803,353.2457,23.2377,-45.1961,0.0,5.8624,0.6291,308.7576,0.497,0.4388,348.8607,21.1994,3.2724,15.09,10.0,0.0057,48.092,19.1058,56.967,0.0,,15.3036,-68.3251,14.6725,-104.2414,282.6916,44.73,,6.2825,,,,,,,,,,,,,,,,,3947.3304,,21039.0427,,
2026-09-02 19:16:00,42.4844005,-82.7862389,,9.8358,357.1303,20.8198,-206.4264,0.0,4.3395,0.1752,308.5173,0.4952,0.4382,345.9309,18.5008,,,,,,,,,0.0,16.7816,-62.9135,15.0972,-98.2484,288.6279,44.7701,,6.5801,,,,,,,,,,,,,,,,,3949.5838,,21050.8537,,
2026-09-02 19:16:01,42.4844489,-82.786245,19.8064,10.5162,351.4007,19.8401,-22.6548,0.0,7.1614,0.1226,308.1149,0.4921,0.4371,345.8652,18.3748,,,,,,,,,,17.2077,-54.2222,13.9611,-90.568,299.4245,45.0336,,6.8216,,,,,,,,,,,,,,,,,3951.946,,21063.649,,
2026-09-02 19:16:02,42.4845001,-82.7862531,,10.7494,350.9825,,-48.9054,0.0,5.2431,1.285,307.8599,0.4899,0.4362,,16.5986,,,,,,,,,,16.2944,-48.7996,12.2602,-89.6749,300.5156,45.2456,,7.1385,,,,,,,,,,,,,,,,,3954.1858,,21075.46,,
2026-09-02 19:16:03,42.4845532,-82.7862641,19.8064,11.1965,352.3232,18.0696,-101.3723,0.0,5.0351,0.1435,307.5993,0.4876,0.4351,342.923,14.5016,3.2725,15.09,10.0,0.0061,48.092,19.1058,57.659,0.0,,16.8379,-46.4048,12.2067,-87.4382,303.9821,45.3201,,8.2648,,,,,,,,,,,,,,,,,,,,,
2026-09-02 19:16:04,42.484608,-82.7862736,,11.3909,348.5073,17.1185,-146.3483,0.0,6.2621,0.3704,307.3709,0.4856,0.4342,340.0851,13.7166,,,,,,,,,0.0,17.3384,-46.7179,12.6358,-87.3339,301.0386,45.3602,,8.0573,,,,,,,,,,,,,,,,,3958.9652,,21101.0505,,
2026-09-02 19:16:05,42.4846624,-82.7862912,20.0033,11.7214,343.9179,14.3511,-240.0235,0.0,5.5442,0.4066,307.1017,0.4831,0.433,341.6335,10.0153,,,,,,,,,,16.9813,-44.5635,11.9296,-87.2387,306.6794,45.3831,,8.6202,,,,,,,,,,,,,,,,,,,,,
2026-09-02 19:16:06,42.4847151,-82.7863131,,11.4492,343.6142,12.3916,33.7415,0.0,5.3362,0.7267,,,,338.9241,,,,,,,,,,,18.3456,-43.2964,12.7212,-81.4828,310.6037,45.3831,,,,,,,,,,,,,,,,,,,3963.3469,,21124.3445,,
2026-09-02 19:16:07,42.4847685,-82.7863356,19.708,11.2548,342.5543,12.2426,-71.237,0.0,4.4341,1.1774,306.742,0.4791,0.4307,339.7325,10.5997,3.2725,15.09,10.0,0.006,48.092,19.1058,57.9316,0.0,,18.0037,-40.8329,11.941,-80.3431,313.3747,45.4977,,8.97,,,,,,,,,,,,,,,,,3965.3005,,21134.8432,,
2026-09-02 19:16:08,42.4848223,-82.7863568,,11.216,343.746,11.7442,,0.0,,,306.5029,0.4763,0.4291,338.0568,9.1215,,,,,,,,,0.0,18.8421,-41.3636,12.6817,-79.067,310.2513,45.4977,,9.2546,,,,,,,,,,,,,,,,,,,,,
2026-09-02 19:16:09,42.4848825,-82.7863782,19.5768,12.1879,345.8087,13.4459,172.5164,0.0,6.1128,0.7441,306.2545,0.4737,0.4276,340.4342,11.1383,,,,,,,,,,,,,,,45.5149,,9.2335,,,,,,,,,,,,,,,,,3969.4667,,21156.8248,,
2026-09-02 19:16:10,42.4849396,-82.7863959,,12.3045,346.9947,12.9703,56.2622,0.0,3.5797,1.2009,305.9664,0.4708,0.426,339.4429,11.293,,,,,,,,,,18.0375,-38.1928,11.3888,-78.3134,315.6843,45.5378,,9.3441,,,,,,,,,,,,,,,,,3971.7077,,21168.9639,,
2026-09-02 19:16:11,42.4849973,-82.7864143,20.0689,12.3628,345.144,11.9046,-131.2119,0.0,4.62,0.4524,305.6808,0.4681,0.4246,338.2294,9.3335,3.2725,15.09,10.0,0.005,48.092,19.1058,58.2663,0.0,,18.639,-37.6236,11.6666,-77.2413,314.7829,45.5149,,8.759,,,,,,,,,,,,,,,,,,,,,
2026-09-02 19:16:12,42.4850552,-82.7864365,,12.6155,344.0497,10.7014,18.8251,0.0,5.6915,0.7328,305.3947,0.4654,0.4231,,9.3335,,,,,,,,,0.0,18.7025,-38.2229,11.7933,-78.8753,314.472,45.5608,,9.2181,,,,,,,,,,,,,,,,,3976.3122,,21193.5702,,
2026-09-02 19:16:13,42.4851151,-82.78646,20.0689,12.771,342.5944,,-206.1479,0.0,6.7987,0.6975,305.1137,0.4626,0.4215,338.33,6.1822,,,,,,,,,,18.8509,-36.4009,11.4468,-77.7639,317.4877,45.5608,,9.5981,,,,,,,,,,,,,,,,,3978.5211,,21205.0532,,
2026-09-02 19:16:14,42.485173,-82.786487,,12.7127,336.1486,7.7335,-239.831,0.0,8.3456,-0.0186,304.8234,0.4597,0.4198,335.253,4.2227,,,,,,,,,,18.7277,-35.9363,11.2363,-78.007,315.1963,45.8759,,10.1332,,,,,,,,,,,,,,,,,,,,,
2026-09-02 19:16:15,42.4852287,-82.7865194,20.4298,13.1598,337.8789,6.9542,56.4272,0.0,6.0069,1.7483,304.5573,0.4567,0.4179,333.847,5.466,3.2726,15.09,10.0,0.0058,48.092,19.1058,58.2981,0.0,,17.7156,-31.4715,9.5565,-75.4212,332.3158,45.8759,,10.4005,,,,,,,,,,,,,,,,,3982.6094,,21227.0348,,
2026-09-02 19:16:16,42.4852946,-82.786561,,13.4319,342.3652,7.573,,0.0,,,304.3347,0.4539,0.416,336.0188,,,,,,,,,,0.0,19.3257,-29.5894,10.2167,-69.072,335.0,,,10.3036,,,,,,,,,,,,,,,,,,,,,
2026-09-02 19:16:17,42.4853594,-82.786609,20.0689,13.7041,340.4573,7.9627,180.1861,0.0,5.7967,1.1056,304.0491,0.4502,0.4135,337.1741,5.5061,,,,,,,,,,20.4057,-28.6723,10.7188,-65.9803,335.34,45.8759,,10.6426,,,,,,,,,,,,,,,,,3986.4113,,21247.376,,
2026-09-02 19:16:18,42.4854222,-82.7866499,19.9377,13.5486,342.6345,8.295,232.6873,0.0,3.5544,1.7444,303.7867,0.4462,0.4107,328.1227,4.9274,,,,,,,,,,18.5393,-22.1985,7.8516,-63.1391,353.4548,45.9561,,10.9499,,,,,,,,,,,,,,,,,3988.1186,,21256.2343,,
2026-09-02 19:16:19,42.4854864,-82.7866896,,14.1123,341.4943,7.2636,-172.2621,0.0,3.7161,0.7412,303.3775,0.4406,0.4067,334.9935,6.3025,3.2726,15.09,10.0,0.0062,48.092,19.1058,58.6439,0.0,,19.9476,-26.3331,9.6046,-67.1139,341.9645,45.9561,,10.554,,,,,,,,,,,,,,,,,3990.0334,,21266.4049,,
2026-09-02 19:16:20,42.4855561,-82.7867231,19.872,13.8596,339.2598,6.324,-25.9894,0.0,6.1438,1.0587,303.0211,0.437,0.4045,,4.28,,,,,,,,,0.0,20.9535,-27.8688,10.848,-64.5417,334.7701,45.9332,,10.9658,,,,,,,,,,,,,,,,,,,,,
2026-09-02 19:16:21,42.4856136,-82.7867646,,13.9762,338.1368,5.1723,-22.1975,0.0,5.7723,0.9203,,,,334.662,3.4607,,,,,,,,,,19.8748,-25.3461,9.3921,-64.942,345.4871,46.2139,,,,,,,,,,,,,,,,,,,3994.3011,,21289.3708,,
2026-09-02 19:16:22,42.4856712,-82.7868047,20.1345,13.7624,336.8247,1.6438,-127.176,0.0,5.8144,0.7722,302.6134,0.4321,0.401,334.9741,0.3552,,,,,,,,,,,,,,,46.1681,,10.9625,,,,,,,,,,,,,,,,,3995.7786,,21297.2448,,
2026-09-02 19:16:23,,,,,,,-130.8475,0.0,9.9381,0.745,302.3543,0.4287,0.3986,329.8015,356.7235,3.2727,15.09,10.0,0.0046,48.092,19.1058,59.6658,0.0,,22.0714,-28.7392,11.8933,-63.1644,331.5347,46.1337,,11.4494,,,,,,,,,,,,,,,,,3997.3898,,21305.775,,
2026-09-02 19:16:24,42.4857243,-82.7868538,20.561,13.4708,335.3465,358.9795,-59.5452,0.0,8.3236,0.3464,302.1777,0.4255,0.3961,328.9617,356.0474,,,,,,,,,0.0,19.872,-26.4563,9.7589,-65.1213,124.8069,46.1337,,11.9027,,,,,,,,,,,,,,,,,3998.1636,,21309.712,,
2026-09-02 19:16:25,42.4857718,-82.7868963,,13.2959,330.7571,357.6904,-183.2835,0.0,6.8804,0.1475,301.9289,0.4209,0.3925,,354.3228,,,,,,,,,,19.6248,-21.9299,8.8485,-55.9261,208.7338,46.2941,,11.6481,,,,,,,,,,,,,,,,,3998.922,,21313.9771,,
2026-09-02 19:16:26,42.4858172,-82.7869381,20.4954,12.5961,331.055,354.7167,,0.0,,,301.7495,0.4176,0.39,330.264,349.8538,,,,,,,,,,20.3685,-23.0433,9.9461,-53.2832,260.6578,46.254,,10.9841,,,,,,,,,,,,,,,,,3999.7238,,21318.2422,,
2026-09-02 19:16:27,42.4858631,-82.7869897,,12.5766,323.8587,351.8806,-115.7455,0.0,8.0499,1.317,301.5362,0.4145,0.3876,324.8193,,3.2727,15.09,10.0,0.0037,48.092,19.1058,60.5311,0.0,,20.4681,-23.6299,10.007,-55.0693,299.6454,46.254,,11.6342,,,,,,,,,,,,,,,,,,,,,
2026-09-02 19:16:28,42.4859101,-82.7870334,20.2986,13.0237,320.9939,348.1621,-111.9468,0.0,8.8484,0.1746,301.3391,0.411,0.3848,322.7098,347.0921,,,,,,,,,0.0,21.5871,-21.3738,10.6773,-47.4631,328.8539,46.191,,12.2649,,,,,,,,,,,,,,,,,4000.8987,,21324.4757,,
2026-09-02 19:16:29,42.4859604,-82.7870833,,12.3628,320.1001,346.9417,-104.4078,0.0,10.1996,-0.2877,,,,321.8276,345.5107,,,,,,,,,,21.6585,-21.7705,10.9801,-47.0199,328.8769,46.4087,,,,,,,,,,,,,,,,,,,4001.7554,,21329.0689,,
2026-09-02 19:16:30,42.4860093,-82.7871327,20.2329,12.0129,313.6543,343.2518,116.8731,0.0,8.4871,1.3654,301.0616,0.406,0.3808,319.2933,342.0558,,,,,,,,,,20.702,-18.976,9.4534,-45.4051,340.7545,46.3171,,13.0063,,,,,,,,,,,,,,,,,4002.4144,,21332.6778,,
2026-09-02 19:16:31,42.4860399669606,-82.78719156279405,,12.0324,319.0573,343.1831,45.6739,0.0,6.0145,0.8149,301.0429,0.4031,0.3782,315.7198,340.738,3.2727,15.09,10.0,0.0035,48.092,19.1058,60.0868,0.0,,20.9465,-16.7196,9.8318,-37.8006,338.9335,46.254,,11.8896,,,,,,,,,,,,,,,,,4001.9581,,21330.0532,,
2026-09-02 19:16:32,42.486066668181685,-82.78723591547978,20.561,12.5961,317.0519,340.3985,-93.0048,0.0,4.5249,1.4028,300.9915,0.4006,0.3759,316.428,339.0822,,,,,,,,,0.0,21.9824,-15.9706,10.5295,-35.0586,341.785,46.3686,,11.4781,,,,,,,,,,,,,,,,,4001.748,,21329.0689,,
2026-09-02 19:16:33,42.48609046156811,-82.78728303102304,,12.6544,314.6913,339.7396,113.2738,0.0,5.892,1.0619,300.9676,0.3981,0.3736,316.7592,337.1857,,,,,,,,,,22.8913,-17.3658,11.8833,-35.0967,333.3395,46.2368,,12.4944,,,,,,,,,,,,,,,,,4001.2492,,21326.4443,,
2026-09-02 19:16:34,42.48612093043473,-82.78732921108545,20.0689,11.9157,315.058,,,0.0,,,300.8917,0.3954,0.3713,,335.8163,,,,,,,,,,23.3917,-17.0023,12.4291,-33.389,331.3982,46.2941,,11.6811,,,,,,,,,,,,,,,,,4001.2399,,21326.1162,,
2026-09-02 19:16:35,42.48615678220323,-82.78737132051523,,11.7797,319.8308,337.9119,128.3001,0.0,7.7187,0.3289,300.7644,0.3927,0.369,316.8239,335.3522,3.2728,15.09,10.0,0.0063,48.092,19.1058,60.9617,0.0,,23.2067,-18.1155,12.5988,-34.9411,324.0113,46.2139,,11.5452,,,,,,,,,,,,,,,,,4001.67,,21328.4128,,
2026-09-02 19:16:36,42.48619507226252,-82.78741626550338,20.4954,11.5075,317.5905,337.8488,113.3356,0.0,9.3975,0.714,300.6236,0.3898,0.3666,317.6869,335.4782,,,,,,,,,0.0,21.4651,-15.173,10.5887,-32.0448,329.8773,46.3915,,11.0251,,,,,,,,,,,,,,,,,4002.1598,,21331.0374,,
2026-09-02 19:16:37,42.48623467546466,-82.78746446966402,20.6266,12.1684,316.7253,337.3504,-62.8798,0.0,6.6374,0.1715,300.4791,0.3868,0.3641,318.9896,334.7334,,,,,,,,,,20.9133,-13.6386,9.5738,-31.003,337.4365,46.2941,,11.0215,,,,,,,,,,,,,,,,,4002.5107,,21333.0059,,
2026-09-02 19:16:38,42.48627411829987,-82.78751586727259,,12.2851,312.6058,336.7488,45.8974,0.0,6.4308,0.8787,300.3456,0.3836,0.3614,318.7166,,,,,,,,,,,,,,,,46.2368,,11.7981,,,,,,,,,,,,,,,,,4002.7737,,21334.3183,,
2026-09-02 19:16:39,42.4863183,-82.7875691,19.872,11.7019,317.6879,337.6655,,0.0,,,300.1966,0.3805,0.3589,,334.573,,,,,,,,,,21.8868,-15.4386,10.7781,-32.7227,327.8648,,,11.6692,,,,,,,,,,,,,,,,,,,,,
2026-09-02 19:16:40,42.4863582,-82.7876165,,12.1879,314.9434,336.5711,147.1459,0.0,7.4424,0.9524,300.0402,0.3775,0.3564,318.755,334.7563,3.2728,15.09,10.0,0.0044,48.092,19.1058,61.4968,0.0,0.0,25.6517,-14.6113,14.5205,-26.4644,328.4598,46.2941,,10.756,,,,,,,,,,,,,,,,,4003.7501,,21339.5676,,
2026-09-02 19:16:41,42.4863992,-82.7876628,20.2001,10.8855,317.9286,336.0497,75.9295,0.0,6.1306,1.4066,299.8751,0.3745,0.3539,320.7947,335.0371,,,,,,,,,,21.7809,-14.5269,11.0148,-29.736,326.4136,46.2368,,10.6064,,,,,,,,,,,,,,,,,,,,,
2026-09-02 19:16:42,42.4864386,-82.7877094,19.872,11.663,315.7857,334.4054,-70.3019,0.0,5.7221,1.5076,299.7141,0.3716,0.3514,318.9372,333.089,,,,,,,,,,21.3163,-13.9733,10.4816,-29.4114,330.0856,45.6639,,11.0653,,,,,,,,,,,,,,,,,4004.7036,,21344.817,,
2026-09-02 19:16:43,42.4864769,-82.7877568,,10.9438,319.338,335.7346,173.4618,0.0,7.3662,0.8289,299.5665,0.3686,0.3489,319.5378,333.2609,3.2728,15.09,10.0,0.0032,48.092,19.1058,61.4047,0.0,,21.6961,-15.9361,11.3921,-31.5274,321.2626,46.191,,11.0543,,,,,,,,,,,,,,,,,4005.0671,,21346.7855,,
2026-09-02 19:16:44,42.4865161,-82.7877994,20.2986,11.352,317.9171,,-107.763,0.0,4.6797,0.9885,299.3903,0.3658,0.3466,319.8375,332.4473,,,,,,,,,0.0,21.6936,-12.8802,10.9457,-26.2187,328.8196,46.2769,,10.4615,,,,,,,,,,,,,,,,,4005.6603,,21349.7382,,
2026-09-02 19:16:45,42.4865551,-82.7878474,,11.2548,316.1696,335.3565,-43.986,0.0,5.2371,0.0833,299.2302,0.3628,0.3441,320.4868,332.9171,,,,,,,,,,21.9011,-14.7486,11.4674,-29.0917,325.2977,46.254,,11.0522,,,,,,,,,,,,,,,,,4006.0774,,21352.0348,,
2026-09-02 19:16:46,42.4865937,-82.7878943,19.9377,11.1771,317.6879,334.5486,19.7739,0.0,6.4962,0.0913,299.0724,0.3598,0.3416,319.8146,332.4473,,,,,,,,,,22.1031,-15.4831,11.722,-30.2232,322.2414,46.1337,,10.7577,,,,,,,,,,,,,,,,,4006.4156,,21354.0033,,
2026-09-02 19:16:47,42.4866355,-82.787944,,11.1576,320.2949,334.583,53.536,0.0,5.88,0.6957,298.8934,0.3567,0.339,321.2366,333.4385,3.2729,15.09,10.0,0.0032,48.092,19.1058,61.9752,0.0,,21.9642,-15.1077,11.6352,-29.473,320.4346,46.2941,,10.7824,,,,,,,,,,,,,,,,,,,,,
2026-09-02 19:16:48,42.4866726,-82.7879865,20.2329,10.8078,315.8946,335.4481,,0.0,,,298.7221,0.3539,0.3367,,,,,,,,,,,0.0,22.0673,-13.1107,11.734,-25.2513,326.2982,46.254,,10.5204,,,,,,,,,,,,,,,,,4007.462,,21359.5807,,
2026-09-02 19:16:49,42.4867107,-82.7880296,,10.7883,320.4725,335.7633,46.0521,0.0,3.837,1.2873,298.5649,0.3514,0.3346,321.4425,332.9916,,,,,,,,,,20.748,-14.0751,10.6203,-28.3661,323.3543,46.254,,9.977,,,,,,,,,,,,,,,,,,,,,
2026-09-02 19:16:50,42.4867506,-82.7880712,20.0689,11.041,320.7876,336.6284,16.0543,0.0,4.8547,0.7791,298.368,0.3487,0.3323,323.0352,334.3037,,,,,,,,,,20.683,-16.5317,10.8751,-32.7634,316.959,46.3686,,9.9589,,,,,,,,,,,,,,,,,4008.7274,,21366.1424,,
2026-09-02 19:16:51,42.4867899,-82.7881136,,10.4773,318.2379,334.0845,-295.1753,0.0,6.6361,-0.2967,298.1624,0.3459,0.3301,322.61,333.9141,3.2729,15.09,10.0,0.005,48.092,19.1058,62.0921,0.0,,21.0984,-15.7752,11.0529,-31.2619,319.8792,46.4316,,9.5782,,,,,,,,,,,,,,,,,,,,,
2026-09-02 19:16:52,42.4868304,-82.7881574,20.0689,10.4579,315.2586,333.0131,-85.1564,0.0,7.6377,-0.0848,297.9556,0.3431,0.3277,319.6824,331.5134,,,,,,,,,0.0,21.4272,-15.4492,11.5841,-29.5205,321.4521,46.2941,,10.0455,,,,,,,,,,,,,,,,,4009.7529,,21371.7198,,
2026-09-02 19:16:53,42.4868672,-82.7881995,,10.4384,316.4675,,-100.1381,0.0,5.5143,0.4927,297.6796,0.3391,0.3244,320.7572,331.9889,,,,,,,,,,21.12,-12.2582,10.9113,-24.2654,330.0311,46.3686,,10.2322,,,,,,,,,,,,,,,,,4010.1854,,21374.0164,,
2026-09-02 19:16:54,42.4869059,-82.788251,20.2001,11.3326,311.7635,333.7636,-58.8611,,4.4919,0.7396,297.5306,0.3362,0.322,319.2301,329.7429,,,,,,,,,,,,,,,46.3686,,10.6433,,,,,,,,,,,,,,,,,,,,,
2026-09-02 19:16:55,42.4869403,-82.7882974,,10.4967,312.3021,331.1166,34.8931,0.0,8.0012,-0.1031,297.382,0.3335,0.3195,318.208,328.9809,3.273,15.09,10.0,0.0057,48.092,19.1058,62.4664,0.0,,22.5278,-14.7409,12.2854,-27.8127,323.0861,45.4232,,10.5313,,,,,,,,,,,,,,,,,4010.5499,,21375.9849,,
2026-09-02 19:16:56,42.4869735,-82.7883423,20.0033,10.419,314.0496,331.5119,,0.0,,,,,,,330.0065,,,,,,,,,0.0,23.9281,-17.3351,14.4407,-29.5853,315.2271,46.2368,,,,,,,,,,,,,,,,,,,,,,,
2026-09-02 19:16:57,42.4870075,-82.7883869,20.1345,10.5551,314.0897,332.4974,117.3956,0.0,5.6127,1.2709,297.1533,0.3294,0.316,319.6634,328.6658,,,,,,,,,,21.6722,-13.2951,11.8987,-24.7626,323.5057,46.3457,,9.6505,,,,,,,,,,,,,,,,,4011.1085,,21378.9377,,
2026-09-02 19:16:58,42.4870415,-82.7884319,,10.4579,314.7486,330.7212,-36.3301,0.0,4.1601,1.6208,296.9968,0.3267,0.3137,319.0265,328.6085,,,,,,,,,,22.2374,-14.4891,12.2687,-26.9678,320.5474,46.0993,,10.2798,,,,,,,,,,,,,,,,,4011.2325,,21379.5939,,
2026-09-02 19:16:59,42.4870737,-82.7884759,20.0033,10.2246,310.4973,331.0364,-100.0591,0.0,5.2967,-0.1584,296.8414,0.3241,0.3114,320.2148,,,,,,,,,,,22.4865,-15.3383,12.9599,-27.3199,318.5844,46.254,,9.8336,,,,,,,,,,,,,,,,,4011.4548,,21380.5781,,
2026-09-02 19:17:00,42.4871062,-82.7885221,,10.1468,315.5622,329.0196,151.1955,0.0,7.0445,1.4386,296.7031,0.3214,0.309,317.6964,326.8667,3.273,15.09,10.0,0.0051,48.092,19.1058,63.0152,0.0,0.0,21.4453,-14.6371,11.816,-27.2985,317.3712,44.942,,9.8241,,,,,,,,,,,,,,,,,4011.459,,21380.5781,,
2026-09-02 19:17:01,42.4871425,-82.7885703,20.2001,10.0691,310.2337,328.6357,-107.5327,0.0,6.5332,0.2001,296.5304,0.3185,0.3065,319.8149,327.0329,,,,,,,,,,23.5386,-20.1574,14.6267,-33.6806,307.4403,46.2368,,9.5524,,,,,,,,,,,,,,,,,,,,,
2026-09-02 19:17:02,42.4871731,-82.7886161,,9.9525,310.5145,326.51,,0.0,,,296.3844,0.3158,0.3041,,325.9729,,,,,,,,,,21.8238,-15.6667,12.4469,-28.2601,316.5465,46.2368,,9.7764,,,,,,,,,,,,,,,,,4011.6685,,21381.8904,,
2026-09-02 19:17:03,42.4872029,-82.7886651,20.0033,9.7775,307.7299,324.7911,-167.5042,0.0,5.0226,1.073,296.2588,0.3131,0.3017,318.1556,322.5409,,,,,,,,,,22.0157,-16.0638,12.8161,-28.3811,312.7607,46.1681,,9.646,,,,,,,,,,,,,,,,,4011.4682,,21380.9062,,
2026-09-02 19:17:04,42.48723,-82.788715,20.1345,9.8553,306.4809,,20.0214,0.0,5.5847,0.7829,296.1558,0.3104,0.2993,315.7932,321.8304,3.273,15.09,10.0,0.0049,48.092,19.1058,63.4727,0.0,0.0,22.7792,-15.6007,13.7298,-26.4993,312.2725,44.4893,,9.5787,,,,,,,,,,,,,,,,,4011.1661,,21379.2658,,
2026-09-02 19:17:05,42.48726,-82.7887629,,9.7192,306.1084,324.5333,-126.2237,0.0,6.3177,-0.42,296.0441,0.3078,0.2969,317.6245,323.3201,,,,,,,,,,23.0475,-16.57,14.0563,-27.8791,310.3348,,,9.6922,,,,,,,,,,,,,,,,,4011.136,,21378.9377,,
2026-09-02 19:17:06,42.4872877,-82.7888091,20.1345,9.4276,311.3109,324.837,-21.2281,0.0,7.0979,0.9099,295.9354,0.3051,0.2944,315.6882,322.2143,,,,,,,,,,21.8311,-16.9693,12.9672,-29.4303,306.1974,46.7124,,9.5664,,,,,,,,,,,,,,,,,,,,,
2026-09-02 19:17:07,42.4873169,-82.7888554,,8.7473,305.6157,323.7483,,0.0,,,295.8151,0.3025,0.2921,,321.9163,3.2731,15.09,10.0,0.0049,48.092,19.1058,63.192,0.0,,22.0089,-17.546,13.4462,-29.5677,307.5432,46.2139,,9.0849,,,,,,,,,,,,,,,,,4010.8344,,21377.2973,,
2026-09-02 19:17:08,42.4873452,-82.7889053,20.3642,9.8747,301.1695,324.9917,65.025,0.0,6.1299,1.0477,295.6865,0.3002,0.2901,316.2699,320.8163,,,,,,,,,0.0,22.1704,-15.5449,12.9017,-27.4209,312.8766,46.3457,,8.6163,,,,,,,,,,,,,,,,,,,,,
2026-09-02 19:17:09,42.4873751,-82.7889618,,10.108,305.1802,321.7029,-129.9468,0.0,4.9929,0.7888,295.5899,0.2971,0.2872,315.5193,,,,,,,,,,,23.0485,-17.4496,13.9055,-29.8038,305.4982,46.3686,,9.8279,,,,,,,,,,,,,,,,,4010.2961,,21374.6726,,
2026-09-02 19:17:10,42.4874009,-82.7890121,20.1345,9.622,305.8621,321.4794,31.311,0.0,6.9253,0.5703,295.4923,0.2943,0.2847,313.4682,319.1088,,,,,,,,,,,,,,,46.0592,,9.9638,,,,,,,,,,,,,,,,,,,,,
2026-09-02 19:17:11,42.4874255,-82.7890645,,10.1857,302.6535,320.2246,-186.1815,0.0,3.9381,0.3466,295.4181,0.2916,0.2822,314.1749,319.5386,3.2731,15.09,10.0,0.0038,48.092,19.1058,63.3864,0.0,,22.8322,-15.342,13.6184,-26.333,309.5357,46.2368,,9.4626,,,,,,,,,,,,,,,,,4009.4152,,21369.7513,,
2026-09-02 19:17:12,42.4874507,-82.7891149,19.872,9.5248,306.9908,319.8293,215.0207,0.0,5.2937,0.3549,295.345,0.2889,0.2796,309.6824,316.5535,,,,,,,,,0.0,23.3554,-13.219,13.8566,-22.6705,310.7084,43.3491,,10.103,,,,,,,,,,,,,,,,,4008.8888,,21367.1267,,
2026-09-02 19:17:13,42.4874752,-82.7891647,,9.5637,304.8938,319.4512,-47.4581,0.0,3.0112,0.8192,295.2558,0.2863,0.2772,312.5163,317.5218,,,,,,,,,,24.3522,-16.7219,15.2871,-27.2804,303.082,46.3915,,9.0502,,,,,,,,,,,,,,,,,,,,,
2026-09-02 19:17:14,42.4875003,-82.7892155,20.2001,9.6803,304.8307,319.1704,,0.0,,,295.1824,0.2836,0.2747,,316.3873,,,,,,,,,,22.7429,-15.1061,13.439,-26.1693,305.1409,46.2941,,9.3403,,,,,,,,,,,,,,,,,4008.1036,,21362.8616,,
2026-09-02 19:17:15,42.4875254,-82.7892645,,9.3693,305.4667,,106.3089,0.0,5.0772,1.0812,295.0942,0.281,0.2723,312.7417,317.2295,3.2732,15.09,10.0,0.004,48.092,19.1058,63.7427,0.0,,23.4803,-17.044,14.5106,-28.3131,300.2492,46.2769,,9.7191,,,,,,,,,,,,,,,,,,,,,
2026-09-02 19:17:16,42.4875499,-82.7893136,19.872,9.6026,303.0316,318.7235,-144.9285,0.0,4.4381,0.7162,295.0111,0.2784,0.2698,313.7233,315.0466,,,,,,,,,0.0,23.5763,-16.3271,14.5487,-27.1009,301.1756,46.2769,,9.9459,,,,,,,,,,,,,,,,,4007.3695,,21358.9246,,
2026-09-02 19:17:17,42.4875756,-82.7893675,,9.2916,306.6298,316.9531,50.0845,0.0,5.4936,0.2842,294.9299,0.2758,0.2674,312.9082,315.2127,,,,,,,,,,24.1185,-16.3721,15.2288,-26.514,300.7545,46.2368,,9.4916,,,,,,,,,,,,,,,,,4006.8352,,21355.9718,,
2026-09-02 19:17:18,42.4875998,-82.7894168,19.9377,9.5637,306.3835,319.7376,-81.1618,0.0,4.2103,-0.228,294.8463,0.2733,0.2651,315.3381,316.5305,,,,,,,,,,23.9485,-15.7358,14.9118,-25.8207,302.4515,46.2941,,8.9755,,,,,,,,,,,,,,,,,,,,,
2026-09-02 19:17:19,42.4876272,-82.7894633,,9.1944,304.5672,318.5803,53.8454,0.0,5.7755,1.42,294.749,0.2707,0.2627,315.3161,316.3185,3.2732,15.09,10.0,0.0041,48.092,19.1058,64.1036,0.0,,23.017,-16.9982,14.1765,-28.3365,297.8154,45.343,,9.295,,,,,,,,,,,,,,,,,4006.2768,,21353.0191,,
2026-09-02 19:17:20,42.4876531,-82.7895101,20.2001,9.3693,305.524,319.0272,-24.8824,0.0,5.1789,1.2621,294.6252,0.2681,0.2603,316.1937,,,,,,,,,,0.0,22.9518,-16.7512,14.189,-27.7887,299.0115,46.2139,,9.7705,,,,,,,,,,,,,,,,,,,,,
2026-09-02 19:17:21,42.4876781,-82.7895598,,8.8833,302.1264,317.7437,-223.6082,0.0,3.984,0.1065,294.5096,0.2656,0.258,315.7437,316.8285,,,,,,,,,,22.9403,-15.3406,14.084,-25.5257,304.0132,45.343,,9.5198,,,,,,,,,,,,,,,,,4005.7261,,21350.0663,,
2026-09-02 19:17:22,42.4877027,-82.7896064,19.9377,9.0194,305.8563,315.0909,,0.0,,,294.4089,0.263,0.2556,313.9343,313.2016,,,,,,,,,,22.4444,-16.4896,13.9831,-27.1033,296.8418,42.6559,,9.64,,,,,,,,,,,,,,,,,,,,,
2026-09-02 19:17:23,42.4877252,-82.7896528,,8.8445,302.516,315.1425,61.3982,0.0,5.9179,1.0784,294.3098,0.2605,0.2533,314.2955,313.0298,3.2732,15.09,10.0,0.0046,48.092,19.1058,64.844,0.0,,22.8898,-16.401,14.7067,-26.0701,297.7824,45.9561,,8.9493,,,,,,,,,,,,,,,,,4004.8716,,21345.4731,,
2026-09-02 19:17:24,42.4877455,-82.7897,19.9377,8.3974,297.9724,311.1375,-208.575,0.0,3.0996,1.9208,294.2293,0.2581,0.251,,311.6948,,,,,,,,,0.0,22.9352,-15.6934,14.8104,-24.7636,299.2654,43.2059,,8.4596,,,,,,,,,,,,,,,,,,,,,
2026-09-02 19:17:25,42.4877665,-82.7897479,,7.9503,299.6455,,-81.0793,0.0,4.8413,2.0872,294.1478,0.2547,0.2478,310.9402,307.2142,,,,,,,,,,,,,,,40.4843,,8.2193,,,,,,,,,,,,,,,,,4003.6509,,21339.2395,,
2026-09-02 19:17:26,42.4877843,-82.7897941,20.0689,7.8726,295.8296,309.5848,121.435,0.0,4.2992,0.5451,294.1049,0.2526,0.2458,310.4101,308.3544,,,,,,,,,,23.4255,-17.2595,16.1539,-25.4839,292.1731,41.7506,,7.7122,,,,,,,,,,,,,,,,,4003.1095,,21336.2868,,
2026-09-02 19:17:27,42.4878031,-82.7898334,,7.5421,303.7307,309.6478,-141.0611,0.0,3.0482,0.226,294.0559,0.2505,0.2438,309.7254,306.0683,3.2733,15.09,10.0,0.0035,48.092,19.1058,65.1685,0.0,,22.5082,-12.4434,14.9699,-18.9039,300.407,35.5225,,7.7948,,,,,,,,,,,,,,,,,4002.4515,,21332.6778,,
2026-09-02 19:17:28,42.4878192,-82.7898728,19.872,7.2505,297.537,309.4015,5.1944,0.0,5.2194,-1.221,294.0007,0.2485,0.2419,311.3117,307.3346,,,,,,,,,0.0,21.4278,-15.0142,14.4929,-22.5208,290.5092,46.0764,,7.0609,,,,,,,,,,,,,,,,,4002.1563,,21331.0374,,
2026-09-02 19:17:29,42.4878353,-82.7899125,,7.2116,297.3479,309.7395,-92.3035,0.0,3.0339,-0.2456,293.9646,0.2465,0.24,311.121,306.498,,,,,,,,,,19.8191,-16.6279,13.1501,-25.5485,290.1957,43.1314,,7.0939,,,,,,,,,,,,,,,,,,,,,
2026-09-02 19:17:30,42.4878538,-82.7899524,19.708,7.5421,302.5274,308.8514,,0.0,,,293.9064,0.2444,0.238,,,,,,,,,,,,20.2111,-17.3388,13.4341,-26.6386,287.8821,,,7.3189,,,,,,,,,,,,,,,,,4001.1759,,21325.7881,,
2026-09-02 19:17:31,42.4878715,-82.7899927,,7.5421,297.5198,310.0489,16.4221,0.0,5.567,0.4004,293.8361,0.2424,0.2361,309.7239,306.8017,3.2733,15.4111,10.0,0.004,48.092,19.1952,64.3464,0.0,,20.2617,-18.6972,13.4719,-28.8248,284.1453,43.3892,,7.3778,,,,,,,,,,,,,,,,,4000.8309,,21324.1477,,
2026-09-02 19:17:32,,,19.9377,8.0669,299.8403,309.9974,-69.8138,0.0,4.7077,0.7935,,,,312.9618,308.2742,,,,,,,,,0.0,21.1364,-17.4928,13.9991,-26.9902,289.1614,44.5352,,,,,,,,,,,,,,,,,,,4000.3665,,21321.523,,
2026-09-02 19:17:33,42.4878911,-82.7900406,,8.1447,299.3991,311.2521,192.672,0.0,5.638,2.2816,293.7642,0.2391,0.233,312.018,307.6841,,,,,,,,,,21.7264,-17.4276,14.2848,-27.0989,286.7559,44.5523,,7.883,,,,,,,,,,,,,,,,,,,,,
2026-09-02 19:17:34,42.4879108,-82.7900836,20.0033,9.1555,299.5538,310.8854,61.4222,0.0,6.6558,-0.4519,293.6902,0.2369,0.2309,313.1974,308.5149,,,,,,,,,,22.0998,-18.3356,14.5459,-28.5516,287.7835,46.6723,,8.0049,,,,,,,,,,,,,,,,,3999.46,,21316.9298,,
2026-09-02 19:17:35,42.4879305,-82.7901278,20.1345,8.3196,299.5538,311.7105,12.6956,0.0,5.8136,0.9044,293.587,0.2336,0.2277,314.1343,309.0649,3.2733,15.4111,10.0,0.0052,48.092,19.1952,64.317,0.0,,22.7123,-15.6942,14.9059,-24.3412,292.664,43.7044,,8.5452,,,,,,,,,,,,,,,,,,,,,
2026-09-02 19:17:36,42.4879492,-82.7901717,,8.2419,299.5538,,,0.0,5.0417,1.7178,293.5265,0.2313,0.2256,312.8329,308.9388,,,,,,,,,0.0,22.2034,-15.6971,14.2841,-24.8693,293.094,45.641,,8.4863,,,,,,,,,,,,,,,,,3998.535,,21312.0086,,
2026-09-02 19:17:37,42.4879686,-82.7902156,20.0033,8.0281,294.9472,311.0688,16.4359,0.0,5.2509,-0.2813,293.4483,0.229,0.2234,312.44,309.3858,,,,,,,,,,23.7664,-15.284,15.7491,-23.4405,294.3665,45.343,,8.2918,,,,,,,,,,,,,,,,,,,,,
2026-09-02 19:17:38,42.4879868,-82.790261,,8.5529,300.419,309.8083,-156.0565,0.0,,,293.3887,0.2267,0.2213,,306.3663,,,,,,,,,,24.7456,-10.8203,16.4785,-16.3743,297.9003,42.9481,,8.1549,,,,,,,,,,,,,,,,,3997.4149,,21305.775,,
2026-09-02 19:17:39,42.488007,-82.790306,19.872,8.7278,292.4663,308.3988,5.2013,0.0,8.4197,1.7655,293.3275,0.2245,0.2191,309.2301,305.6386,3.2734,15.4111,10.0,0.0031,48.092,19.1952,65.2153,0.0,,22.9744,-12.0457,14.8715,-18.8081,296.9482,45.2456,,8.1219,,,,,,,,,,,,,,,,,3996.8458,,21302.8222,,
2026-09-02 19:17:40,42.4880236,-82.7903521,,,,305.1902,-343.5375,0.0,3.9634,0.4228,293.3104,0.2222,0.2169,307.6789,300.2643,,,,,,,,,0.0,21.3227,-6.5114,13.4233,-10.3777,302.1426,45.4061,,8.4734,,,,,,,,,,,,,,,,,,,,,
2026-09-02 19:17:41,42.488042403663016,-82.79040030276225,19.872,8.0281,299.3132,301.529,-137.2864,0.0,4.3906,-0.2747,,,,304.18,,,,,,,,,,,24.2346,-12.9424,17.0293,-18.5866,292.8426,40.7135,,,,,,,,,,,,,,,,,,,3995.112,,21293.6359,,
2026-09-02 19:17:42,42.48805322334666,-82.79044498664551,,7.0561,287.3211,301.5691,61.4497,0.0,3.3563,0.7872,293.3305,0.2191,0.2138,303.7653,298.7688,,,,,,,,,,23.9923,-11.411,16.903,-16.3094,290.9607,39.1035,,7.2912,,,,,,,,,,,,,,,,,3994.1705,,21288.7146,,
2026-09-02 19:17:43,42.488066440379825,-82.79048578437849,19.7408,7.0756,293.1424,304.6975,,0.0,3.9752,-1.0481,293.3272,0.2171,0.2119,304.8685,299.8345,3.2734,15.4111,10.0,0.0047,48.092,19.1952,65.3688,0.0,,,,,,,41.1948,,7.3991,,,,,,,,,,,,,,,,,3993.5973,,21285.4338,,
2026-09-02 19:17:44,42.48808134665688,-82.79052421898788,,7.0561,293.1882,303.9297,-99.8115,0.0,4.7608,3.3851,293.2882,0.2152,0.21,305.9322,302.0118,,,,,,,,,0.0,23.1539,-14.4292,16.428,-20.5609,285.8109,45.2456,,6.8559,,,,,,,,,,,,,,,,,3993.1769,,21283.1372,,
2026-09-02 19:17:45,42.4880999,-82.7905615,19.708,7.0367,302.2295,304.474,80.1786,0.0,,,293.1879,0.2132,0.2082,306.7151,301.8571,,,,,,,,,,21.4966,-12.0109,14.7162,-17.6967,287.3216,46.4316,,7.1558,,,,,,,,,,,,,,,,,3992.8589,,21281.4967,,
2026-09-02 19:17:46,42.4881164,-82.7906018,,7.0367,302.7337,,260.1687,0.0,5.4005,1.6327,293.1315,0.2112,0.2063,309.3225,304.063,,,,,,,,,,21.3585,-11.6794,14.6502,-17.1653,288.7867,43.8591,,7.0561,,,,,,,,,,,,,,,,,,,,,
2026-09-02 19:17:47,42.4881346,-82.7906437,20.2329,7.3088,296.2879,306.5768,-186.0646,0.0,4.1907,-0.1173,293.0493,0.2081,0.2033,,302.3498,,,,,,,,,,23.5064,-14.3568,16.5453,-20.627,288.6311,41.9053,,7.2972,,,,,,,,,,,,,,,,,3991.9369,,21276.5755,,
2026-09-02 19:17:48,42.4881504,-82.7906898,,7.581,294.3341,303.0875,-9.8251,0.0,5.6848,1.1962,293.0039,0.2058,0.2011,308.3768,301.0034,3.2735,15.4111,10.0,0.0021,48.092,19.1952,65.5661,0.0,0.0,21.7981,-11.9339,14.4599,-18.1631,291.4493,41.9683,,7.638,,,,,,,,,,,,,,,,,,,,,
2026-09-02 19:17:49,42.4881677,-82.7907342,20.2001,7.5615,294.3055,304.3136,-6.0711,0.0,5.4764,1.0826,292.9609,0.2036,0.199,306.0314,301.6107,,,,,,,,,,22.1028,-13.2212,14.7889,-19.9877,289.2619,44.4148,,7.6113,,,,,,,,,,,,,,,,,3990.6258,,21269.6857,,
2026-09-02 19:17:50,42.4881826,-82.7907795,19.872,7.0173,291.9163,302.2911,68.9199,0.0,5.0756,2.0931,292.959,0.2016,0.197,308.3887,299.8403,,,,,,,,,,21.4648,-11.0682,14.1235,-16.9638,291.7534,40.2151,,7.5593,,,,,,,,,,,,,,,,,,,,,
2026-09-02 19:17:51,42.4881968,-82.7908213,,7.4255,293.045,302.6234,188.9111,0.0,4.7358,1.8763,292.9291,0.1995,0.195,308.1466,,3.2735,15.4111,10.0,0.0046,48.092,19.1952,65.7694,0.0,,22.4346,-14.27,15.4485,-20.975,286.3377,43.8361,,7.4836,,,,,,,,,,,,,,,,,3989.0915,,21261.4836,,
2026-09-02 19:17:52,42.4882119,-82.7908631,19.872,7.3283,293.2054,303.8782,,0.0,,,292.8791,0.1975,0.1931,309.7875,301.4446,,,,,,,,,0.0,22.6496,-12.2605,15.5379,-18.0322,290.5199,44.5122,,7.892,,,,,,,,,,,,,,,,,3988.5512,,21258.5309,,
2026-09-02 19:17:53,42.488229,-82.7909031,,7.406,292.4434,304.3824,106.4086,0.0,4.4511,2.474,292.8332,0.1955,0.1911,310.9981,301.1466,,,,,,,,,,22.8321,-14.2731,15.7336,-20.9637,288.151,45.8644,,7.4253,,,,,,,,,,,,,,,,,3988.1356,,21256.5624,,
2026-09-02 19:17:54,42.4882431,-82.7909446,19.7408,7.3477,293.2169,304.5485,1.4198,0.0,6.1051,-0.1913,292.7771,0.1934,0.1892,310.3076,301.7998,,,,,,,,,,21.8309,-14.489,14.7252,-21.7728,285.7527,43.7044,,7.3476,,,,,,,,,,,,,,,,,,,,,
2026-09-02 19:17:55,42.4882624,-82.7909886,,7.6199,298.8147,306.4164,102.6271,0.0,5.6876,1.3662,292.7128,0.1913,0.1872,310.5682,302.8884,3.2735,15.4111,10.0,0.0032,48.092,19.1952,65.4234,0.0,,21.769,-12.5625,14.3083,-19.3244,289.6258,44.5122,,7.527,,,,,,,,,,,,,,,,,3987.1035,,21250.9849,,
2026-09-02 19:17:56,42.4882793,-82.7910332,20.0033,7.892,297.5885,,-103.6137,0.0,5.3157,1.2545,292.6606,0.1891,0.185,310.2005,303.6275,,,,,,,,,0.0,20.9141,-14.2497,13.3846,-22.6201,287.8148,,,7.9954,,,,,,,,,,,,,,,,,3986.5311,,21248.0322,,
2026-09-02 19:17:57,42.4882964,-82.7910786,,7.4255,296.0358,305.2132,20.1314,0.0,6.3968,1.1082,292.6196,0.1867,0.1828,,302.0863,,,,,,,,,,,,,,,44.008,,8.0896,,,,,,,,,,,,,,,,,,,,,
2026-09-02 19:17:58,42.488313,-82.7911259,19.7408,8.0281,294.1279,304.7662,,0.0,,,292.5824,0.1845,0.1806,309.0156,301.9602,,,,,,,,,,21.6788,-12.8202,14.126,-19.9094,289.5338,44.008,,7.9552,,,,,,,,,,,,,,,,,3985.1149,,21240.4862,,
2026-09-02 19:17:59,42.4883297,-82.7911704,,7.9114,299.7658,304.2219,-88.6148,0.0,5.7447,0.105,292.5199,0.1823,0.1785,310.2702,302.7337,3.2736,15.4111,10.0,0.0041,48.092,19.1952,65.9097,0.0,,21.9359,-11.5849,14.351,-17.876,291.5051,41.6876,,7.6763,,,,,,,,,,,,,,,,,3984.4567,,21236.8773,,
2026-09-02 19:18:00,42.488346,-82.7912145,19.7408,7.8726,295.9442,305.8721,16.3706,0.0,5.2313,0.9462,292.454,0.1803,0.1766,310.6735,303.066,,,,,,,,,0.0,22.634,-13.7745,15.1391,-20.8533,288.0711,46.2139,,7.7604,,,,,,,,,,,,,,,,,3983.9076,,21233.9246,,
2026-09-02 19:18:01,42.4883624,-82.7912544,,7.7754,298.2532,305.0298,147.5962,0.0,5.318,2.2528,292.3814,0.1782,0.1745,308.8923,303.9942,,,,,,,,,,21.525,-12.514,13.9067,-19.5954,290.8161,44.4893,,7.7726,,,,,,,,,,,,,,,,,3983.3977,,21231.2999,,
2026-09-02 19:18:02,42.4883814,-82.7913018,19.872,7.8337,296.5057,306.9893,-32.3939,0.0,4.9771,1.0064,292.3007,0.1761,0.1725,310.7144,,,,,,,,,,,22.4741,-12.0545,14.8546,-18.419,291.1577,45.343,,7.8115,,,,,,,,,,,,,,,,,,,,,
2026-09-02 19:18:03,42.4883989,-82.7913441,,8.0864,299.1126,306.9378,80.0892,,5.135,1.7885,292.2354,0.174,0.1705,310.0657,304.6016,3.2736,15.4111,10.0,0.004,48.092,19.1952,65.7548,0.0,,21.1643,-12.6264,13.4786,-20.0744,291.5581,45.343,,7.9683,,,,,,,,,,,,,,,,,3982.3873,,21225.7225,,
2026-09-02 19:18:04,42.4884158,-82.7913848,19.8064,7.8531,301.2154,309.1207,162.5848,0.0,5.4473,1.4384,292.1253,0.1718,0.1684,311.4509,305.1802,,,,,,,,,0.0,21.862,-13.5689,14.3127,-20.9997,289.6874,45.2112,,7.7716,,,,,,,,,,,,,,,,,3981.9825,,21223.754,,
2026-09-02 19:18:05,42.4884341,-82.791429,,8.2419,298.8949,308.7426,-81.1652,0.0,4.8673,2.2164,292.0546,0.1696,0.1663,311.1354,307.5867,,,,,,,,,,21.4554,-12.1407,13.7205,-19.2006,295.4036,45.641,,7.9906,,,,,,,,,,,,,,,,,,,,,
2026-09-02 19:18:06,42.4884524,-82.7914734,19.872,8.0281,297.4281,308.3358,-17.395,0.0,,,291.9309,0.1672,0.1641,,306.0626,,,,,,,,,,21.6677,-12.9286,13.9013,-20.4099,294.0276,42.9251,,7.8758,,,,,,,,,,,,,,,,,3980.932,,21218.1765,,
2026-09-02 19:18:07,42.4884714,-82.7915197,,8.0864,298.236,,,0.0,6.6335,0.4153,291.8189,0.1651,0.162,311.1161,305.6271,3.2736,15.4111,10.0,0.0029,48.092,19.1952,65.8672,0.0,,20.9625,-12.8645,13.2536,-20.6188,293.7904,45.1024,,8.21,,,,,,,,,,,,,,,,,,,,,
2026-09-02 19:18:08,42.4884901,-82.7915618,20.0033,7.9309,297.1588,308.3931,162.5814,0.0,5.3763,0.8616,291.7088,0.1629,0.1599,310.8807,307.7013,,,,,,,,,0.0,21.6637,-11.8002,13.9845,-18.4692,296.3297,45.0336,,7.8382,,,,,,,,,,,,,,,,,3979.9258,,21212.5991,,
2026-09-02 19:18:09,42.4885097,-82.7916058,,8.2419,301.6852,309.7223,-69.91,0.0,4.7036,1.5776,291.6194,0.1606,0.1577,309.9588,305.6386,,,,,,,,,,22.1579,-10.6903,14.1702,-16.862,297.0459,43.4809,,8.1874,,,,,,,,,,,,,,,,,3979.4575,,21210.3025,,
2026-09-02 19:18:10,42.4885265,-82.7916509,19.7408,7.6587,296.9984,306.9951,-58.6514,0.0,6.5252,0.6925,291.5087,0.1584,0.1556,309.7375,304.8995,,,,,,,,,,22.6775,-12.2918,15.1862,-18.5365,294.5263,44.9305,,7.6811,,,,,,,,,,,,,,,,,3978.7168,,21206.3655,,
2026-09-02 19:18:11,42.4885437,-82.791698,,7.6976,298.6141,306.3476,-107.3986,0.0,4.7904,0.0543,291.4528,0.1561,0.1534,308.6224,302.4415,3.2737,15.4111,10.0,0.0012,48.092,19.1952,66.747,0.0,,21.9045,-10.8326,14.3307,-16.6943,295.6708,44.3575,,7.9095,,,,,,,,,,,,,,,,,3978.0156,,21202.4285,,
2026-09-02 19:18:12,42.4885607,-82.7917434,19.3143,7.5227,294.2425,304.9038,98.8387,0.0,5.8437,-1.0118,291.3894,0.1539,0.1512,309.3486,,,,,,,,,,0.0,23.7157,-11.514,16.4535,-16.7209,293.9622,44.6669,,7.0583,,,,,,,,,,,,,,,,,3977.3511,,21198.8196,,
2026-09-02 19:18:13,42.4885762,-82.7917836,,7.3866,298.2876,305.4767,113.8238,0.0,4.0924,1.8171,291.2938,0.1519,0.1493,,302.7452,,,,,,,,,,22.4773,-9.9544,15.2431,-14.7679,294.8074,41.7334,,6.8545,,,,,,,,,,,,,,,,,,,,,
2026-09-02 19:18:14,42.4885922,-82.7918231,19.4455,7.1533,298.7001,305.958,87.5663,0.0,5.3935,0.4293,291.2029,0.1501,0.1476,309.165,303.3067,,,,,,,,,,,,,,,44.5695,,6.8549,,,,,,,,,,,,,,,,,3976.2555,,21193.2421,,
2026-09-02 19:18:15,42.4886091,-82.7918636,,7.5227,297.5656,305.7174,,0.0,,,291.0869,0.1481,0.1457,310.6311,304.0973,,,,,,,,,,22.7186,-12.7756,15.742,-18.6106,290.6381,44.4721,,7.3393,,,,,,,,,,,,,,,,,3975.759,,21190.6175,,
2026-09-02 19:18:16,42.4886287,-82.7919031,19.6424,7.1922,296.7119,308.055,8.8178,0.0,6.2938,0.5271,290.9079,0.146,0.1437,310.0586,304.888,3.2737,15.4111,10.0,0.0039,48.092,19.1952,65.8929,0.0,0.0,22.9755,-11.7502,15.7734,-17.2552,290.899,46.191,,6.9806,,,,,,,,,,,,,,,,,3975.4364,,21188.649,,
2026-09-02 19:18:17,42.4886444,-82.7919431,,7.6199,300.7398,305.5913,-96.2088,0.0,4.9914,2.5255,290.801,0.144,0.1418,309.5331,304.487,,,,,,,,,,22.8153,-12.2059,15.5807,-18.0349,293.8599,38.0206,,7.484,,,,,,,,,,,,,,,,,3975.0259,,21186.6805,,
2026-09-02 19:18:18,42.4886608,-82.7919875,19.708,7.2116,293.2856,304.1188,-144.9457,0.0,3.2385,-0.5045,290.7238,0.1418,0.1397,308.6045,302.4129,,,,,,,,,,22.6536,-9.0525,15.4094,-13.3741,297.7629,44.942,,7.2795,,,,,,,,,,,,,,,,,,,,,
2026-09-02 19:18:19,42.4886743,-82.7920301,,7.2505,297.749,,95.0434,0.0,4.8162,0.0048,290.6801,0.1398,0.1377,308.1654,301.9201,3.2738,15.4111,10.0,0.0013,48.092,19.1952,66.2673,0.0,,22.1346,-5.7396,14.9819,-8.4967,301.8195,43.9164,,7.276,,,,,,,,,,,,,,,,,3973.6344,,21179.1345,,
2026-09-02 19:18:20,42.4886881,-82.7920689,19.5768,6.8618,297.8521,304.898,,0.0,,,290.61,0.1379,0.1359,,304.3666,,,,,,,,,0.0,22.9631,-13.5798,16.2282,-19.405,288.4355,44.5352,,6.852,,,,,,,,,,,,,,,,,3973.0837,,21176.1818,,
2026-09-02 19:18:21,42.4887039,-82.7921063,19.4455,6.6674,301.2727,307.144,98.7837,0.0,2.8006,0.9464,290.4765,0.136,0.1341,310.8738,305.249,,,,,,,,,,22.4377,-12.8743,15.7036,-18.5638,290.641,43.8992,,6.9377,,,,,,,,,,,,,,,,,,,,,
2026-09-02 19:18:22,42.4887178,-82.7921437,19.5112,7.0561,297.1989,309.1551,215.0173,0.0,4.0443,1.9501,290.395,0.1342,0.1323,310.9153,306.922,,,,,,,,,,22.5805,-13.1736,16.0164,-18.7418,291.442,,,6.604,,,,,,,,,,,,,,,,,3972.4148,,21172.5729,,
2026-09-02 19:18:23,42.4887349,-82.7921814,,6.5702,304.6302,309.5504,72.5158,0.0,4.9797,2.0304,,,,310.7541,,3.2738,15.4111,10.0,0.0036,48.092,19.1952,65.489,0.0,,21.4919,-14.7163,14.7801,-21.6781,288.1709,44.8503,,,,,,,,,,,,,,,,,,,,,,,
2026-09-02 19:18:24,42.4887512,-82.7922202,19.872,7.4643,301.5248,311.9397,-69.9822,0.0,5.2191,-0.4178,290.1585,0.1315,0.1297,314.4594,309.3342,,,,,,,,,0.0,23.301,-15.7931,16.5611,-22.5151,290.9368,46.2139,,6.3617,,,,,,,,,,,,,,,,,3971.6932,,21168.6358,,
2026-09-02 19:18:25,42.4887714,-82.7922627,,7.6004,298.1443,310.026,-114.9789,0.0,5.8241,2.0216,289.9918,0.1295,0.1278,312.0962,308.4346,,,,,,,,,,22.9783,-16.1559,15.8538,-23.7843,290.5611,46.0993,,7.3112,,,,,,,,,,,,,,,,,3971.1268,,21165.6831,,
2026-09-02 19:18:26,42.4887911,-82.7923119,19.708,7.6782,301.6565,310.1234,98.794,0.0,5.964,0.6062,289.7964,0.127,0.1255,311.5848,306.8361,,,,,,,,,,23.6464,-14.6784,16.3239,-21.5343,293.1288,43.9851,,7.506,,,,,,,,,,,,,,,,,3970.5411,,21162.7303,,
2026-09-02 19:18:27,42.4888108,-82.7923541,,7.5032,302.4816,315.7327,286.2199,0.0,2.3479,1.6899,289.6,0.1248,0.1233,312.0631,310.801,3.2738,15.4111,10.0,0.0041,48.092,19.1952,65.3945,0.0,,23.7129,-13.0193,16.4417,-18.96,295.5467,44.008,,7.5713,,,,,,,,,,,,,,,,,,,,,
2026-09-02 19:18:28,42.4888324,-82.7923961,19.7408,8.0281,310.1822,315.2514,-13.7544,0.0,4.369,1.925,289.379,0.1226,0.1213,314.5014,312.898,,,,,,,,,0.0,26.2323,-18.7156,18.8435,-26.5314,289.4147,45.4691,,7.3037,,,,,,,,,,,,,,,,,3970.003,,21159.7776,,
2026-09-02 19:18:29,42.4888546,-82.7924362,19.7408,8.2613,302.8025,,-126.2616,0.0,8.064,-0.9678,289.0216,0.1205,0.1193,316.4229,314.0496,,,,,,,,,,26.2482,-19.8322,19.0296,-27.9021,291.538,44.9878,,7.5554,,,,,,,,,,,,,,,,,3969.9104,,21159.1214,,
2026-09-02 19:18:30,42.4888769,-82.7924799,,8.3391,306.9278,315.9733,12.4859,0.0,7.4522,2.1048,288.7323,0.1183,0.1172,314.6092,313.4079,,,,,,,,,,24.2788,-18.2499,16.5936,-27.271,292.3533,46.4316,,7.4193,,,,,,,,,,,,,,,,,,,,,
2026-09-02 19:18:31,42.4888991,-82.7925234,20.0689,8.4946,303.6103,315.79,,0.0,,,288.3919,0.116,0.115,,313.5855,3.2739,15.4111,10.0,0.003,48.092,19.1952,65.6883,0.0,,,,,,,46.1337,,8.1067,,,,,,,,,,,,,,,,,3969.3104,,21156.1687,,
2026-09-02 19:18:32,42.488922,-82.7925705,,8.7862,302.516,315.1139,-171.2479,0.0,7.3144,-0.0729,287.907,0.1125,0.1116,314.8198,312.5542,,,,,,,,,0.0,25.5918,-17.039,17.5942,-25.2278,295.9515,46.0363,,8.412,,,,,,,,,,,,,,,,,3968.9237,,21153.8721,,
2026-09-02 19:18:33,42.4889452,-82.7926189,19.8064,8.5723,305.1172,314.6784,-39.981,0.0,6.4937,0.7252,287.597,0.1102,0.1095,314.0694,,,,,,,,,,,24.9888,-14.7328,16.713,-22.3484,299.4878,45.2112,,8.5317,,,,,,,,,,,,,,,,,,,,,
2026-09-02 19:18:34,42.4889682,-82.792671,19.9377,8.4946,302.9342,315.7097,-21.2384,0.0,6.4675,0.8567,287.2606,0.1076,0.1069,314.9181,312.7719,,,,,,,,,,24.9276,-16.0136,16.7867,-24.1828,295.8825,45.1024,,8.3926,,,,,,,,,,,,,,,,,3968.1328,,21149.9351,,
2026-09-02 19:18:35,42.488989,-82.7927174,,8.5529,302.3613,316.3113,-69.965,0.0,5.4709,1.5342,,,,315.8925,314.4106,3.2739,15.4111,10.0,0.0032,48.092,19.1952,66.051,0.0,,24.6331,-16.124,16.4706,-24.5412,298.0561,45.0336,,,,,,,,,,,,,,,,,,,,,,,
2026-09-02 19:18:36,42.4890093,-82.7927625,19.708,8.1058,303.8109,314.3633,1.2857,0.0,5.6107,1.5625,286.7696,0.1042,0.1036,313.7309,312.3594,,,,,,,,,0.0,24.3956,-15.8244,16.3661,-23.9837,297.7892,42.8621,,8.3031,,,,,,,,,,,,,,,,,3967.0012,,21143.7015,,
2026-09-02 19:18:37,42.4890289,-82.7928076,,8.0669,303.7307,316.4259,87.5353,0.0,5.0543,1.4804,286.3017,0.1008,0.1003,315.513,313.1157,,,,,,,,,,22.6382,-15.8665,14.9545,-24.4481,296.6614,43.7846,,7.6566,,,,,,,,,,,,,,,,,3966.6474,,21141.733,,
2026-09-02 19:18:38,42.489051,-82.7928464,19.8064,7.6393,304.4354,314.3289,-118.7088,0.0,4.8417,2.6772,,,,313.9326,313.3506,,,,,,,,,,22.7095,-16.3956,15.2127,-24.9209,297.5526,43.9393,,,,,,,,,,,,,,,,,,,,,,,
2026-09-02 19:18:39,42.489073,-82.7928833,,8.2808,304.5156,314.0138,,0.0,,,285.6355,0.0977,0.0974,,311.5573,3.274,15.4111,10.0,0.0036,48.092,19.1952,66.3718,0.0,,23.3931,-13.0583,16.0227,-19.2611,300.4773,39.9458,,8.2034,,,,,,,,,,,,,,,,,3965.923,,21138.124,,
2026-09-02 19:18:40,42.4890926,-82.7929259,19.5768,7.7948,304.5156,,16.2984,0.0,6.1866,0.1105,285.1831,0.0958,0.0955,313.7795,311.8323,,,,,,,,,0.0,22.2402,-4.8096,14.5393,-7.3687,312.2525,27.5355,,6.5113,,,,,,,,,,,,,,,,,,,,,
2026-09-02 19:18:41,42.4891141,-82.7929717,,,,314.455,-43.7178,0.0,5.368,-0.4731,284.5768,0.0926,0.0924,314.2054,312.8464,,,,,,,,,,22.2746,-8.0157,14.4349,-12.4258,307.6291,28.3205,,7.492,,,,,,,,,,,,,,,,,3965.3458,,21134.8432,,
2026-09-02 19:18:42,42.4891352,-82.7930111,19.6424,7.8531,304.5156,315.7957,143.7666,0.0,5.6688,1.8979,,,,314.6778,314.2444,,,,,,,,,,23.2251,-11.8571,15.6298,-17.7773,303.1766,28.4694,,,,,,,,,,,,,,,,,,,,,,,
2026-09-02 19:18:43,42.4891585,-82.7930468,,7.6976,304.5156,317.2166,248.7657,0.0,6.2523,2.3402,283.8007,0.0896,0.0895,316.8531,316.5535,3.274,15.4111,10.0,0.002,48.092,19.1952,65.9124,0.0,,22.6239,-19.3814,15.4351,-29.1052,291.9114,29.4664,,7.5272,,,,,,,,,,,,,,,,,3965.0378,,21133.2028,,
2026-09-02 19:18:44,42.4891798,-82.7930874,19.4455,7.6199,301.5019,318.1735,-47.4787,0.0,5.0474,2.1284,283.216,0.0877,0.0876,317.1404,,,,,,,,,,0.0,21.7932,-23.3708,14.5865,-36.3464,286.866,27.3693,,6.8563,,,,,,,,,,,,,,,,,3964.9506,,21132.8747,,
2026-09-02 19:18:45,42.4892004,-82.7931292,,8.2419,304.5958,317.4974,177.5115,0.0,6.0072,1.6816,282.6425,0.0856,0.0856,316.4417,315.5336,,,,,,,,,,23.1429,-25.9683,16.1227,-38.9421,284.1515,,,7.6908,,,,,,,,,,,,,,,,,3964.5976,,21130.9062,,
2026-09-02 19:18:46,42.4892222,-82.7931671,19.2487,8.2613,307.8101,318.311,16.264,0.0,6.5977,0.9232,282.0562,0.0836,0.0836,317.381,316.267,,,,,,,,,,23.5748,-26.5109,16.6781,-39.1202,284.0364,27.9022,,7.6212,,,,,,,,,,,,,,,,,3964.4388,,21130.25,,
2026-09-02 19:18:47,,,19.2487,8.2419,309.1336,319.9897,,0.0,,,281.3781,0.0817,0.0817,,316.5133,3.274,15.4111,10.0,0.0026,48.092,19.1952,65.6584,0.0,,,,,,,25.7708,,7.4384,,,,,,,,,,,,,,,,,3964.3975,,21129.9219,,
2026-09-02 19:18:48,42.4892464,-82.7932086,,8.514,302.7165,318.1964,-126.2375,0.0,6.2232,0.1143,280.7222,0.0798,0.0798,318.4285,316.4446,,,,,,,,,0.0,23.723,-26.8194,16.7184,-39.8076,285.9673,28.1314,,7.5203,,,,,,,,,,,,,,,,,3964.1305,,21128.6096,,
2026-09-02 19:18:49,42.4892675,-82.7932491,19.2487,7.7754,304.8594,316.5806,-122.4835,0.0,7.7207,0.566,280.056,0.0778,0.0778,316.2663,314.7601,,,,,,,,,,23.0808,-28.1441,15.9927,-42.9022,282.297,27.186,,7.2612,,,,,,,,,,,,,,,,,3963.7327,,21126.313,,
2026-09-02 19:18:50,42.489290103560265,-82.79329754516918,,8.4168,304.8594,,-43.7488,0.0,5.43,0.7982,279.3941,0.0757,0.0756,315.2664,314.4908,,,,,,,,,,22.4061,-26.9241,15.4336,-41.1003,282.8424,27.3063,,7.7395,,,,,,,,,,,,,,,,,3963.3179,,21124.0164,,
2026-09-02 19:18:51,42.48930930774083,-82.7933436090071,19.3143,8.5723,304.8594,316.6207,42.4871,0.0,3.9439,2.8628,278.7767,0.0735,0.0734,315.0121,314.1699,3.2741,15.4111,10.0,0.0026,48.092,19.1952,66.1119,0.0,,22.9515,-25.248,16.0031,-37.7152,284.9681,27.6501,,6.8613,,,,,,,,,,,,,,,,,3962.7159,,21121.0637,,
2026-09-02 19:18:52,42.48932938724811,-82.79338916287708,,7.7754,304.8594,316.615,31.2354,0.0,4.5782,0.6397,278.0838,0.0713,0.0712,313.9523,313.236,,,,,,,,,0.0,23.522,-24.953,16.7286,-36.3841,285.5194,26.5729,,6.7508,,,,,,,,,,,,,,,,,3962.1634,,21118.1109,,
2026-09-02 19:18:53,42.489348277245654,-82.79343421706182,19.3143,7.406,304.8365,315.7842,,0.0,4.6111,0.5623,277.3687,0.0692,0.0691,314.0224,314.7429,,,,,,,,,,22.957,-27.0328,16.4683,-39.3146,281.5836,26.55,,6.9664,,,,,,,,,,,,,,,,,3961.7338,,21115.8143,,
2026-09-02 19:18:54,42.48936824680474,-82.79347621357196,,6.784,303.9083,317.8641,113.7035,0.0,,,276.5613,0.0672,0.067,,,,,,,,,,,,23.2757,-25.2786,16.9454,-35.9118,285.8662,26.5901,,6.6748,,,,,,,,,,,,,,,,,,,,,
2026-09-02 19:18:55,42.4893876976828,-82.79351776435888,19.6424,7.2894,303.9484,316.2827,-130.0259,0.0,3.0672,1.0112,275.7356,0.0652,0.065,316.6207,315.4648,3.2741,15.4111,10.0,0.004,48.092,19.1952,65.8141,0.0,,23.0802,-25.6271,16.7324,-36.6264,285.6657,26.5901,,6.5265,,,,,,,,,,,,,,,,,3960.9687,,21111.5492,,
2026-09-02 19:18:56,42.48940641727947,-82.79355769366599,,6.9978,305.8678,316.9359,128.723,0.0,5.4011,0.7998,274.3212,0.0624,0.062,314.6449,313.7746,,,,,,,,,0.0,23.5135,-29.9216,17.7285,-41.4208,278.8552,26.5099,,5.9637,,,,,,,,,,,,,,,,,,,,,
2026-09-02 19:18:57,42.4894284,-82.7936014,19.708,7.3088,303.1692,315.9389,-77.5487,0.0,5.1242,-0.6117,273.3447,0.0605,0.06,315.2,314.3705,,,,,,,,,,23.3656,-28.5201,17.1943,-40.454,281.2425,27.5985,,6.3486,,,,,,,,,,,,,,,,,3960.2974,,21107.9403,,
2026-09-02 19:18:58,42.489449,-82.7936437,,7.7948,302.0691,315.4576,1.1826,0.0,7.9122,0.254,272.2392,0.0584,0.0578,312.9357,312.7891,,,,,,,,,,23.9323,-28.9702,17.6179,-41.1439,279.9554,27.3292,,6.457,,,,,,,,,,,,,,,,,3959.8672,,21105.6437,,
2026-09-02 19:18:59,42.489469,-82.7936908,19.872,8.0281,302.0691,314.3117,,0.0,5.0206,0.9633,271.3026,0.0563,0.0555,312.8179,313.0871,3.2741,15.4111,10.0,0.0013,48.092,19.1952,65.489,0.0,,23.0002,-25.1219,16.3975,-36.5481,284.9378,27.3865,,6.5307,,,,,,,,,,,,,,,,,,,,,
2026-09-02 19:19:00,42.4894873,-82.7937431,,7.6976,298.5053,312.4038,-40.0635,0.0,4.2465,0.3477,270.3242,0.0542,0.0533,311.1925,310.7952,,,,,,,,,0.0,23.6663,-26.2741,17.1027,-37.7741,283.3283,26.7334,,6.8576,,,,,,,,,,,,,,,,,3958.4326,,21098.0978,,
2026-09-02 19:19:01,42.489503,-82.7937891,19.7408,7.0173,299.8059,,8.6837,0.0,,,269.2304,0.0523,0.0512,,308.8873,,,,,,,,,,23.6625,-28.7002,17.3913,-40.7978,276.9,26.8594,,6.5098,,,,,,,,,,,,,,,,,,,,,
2026-09-02 19:19:02,42.4895202,-82.793832,,7.4449,299.6627,311.4527,79.9139,0.0,6.2951,0.2618,268.0658,0.0503,0.0491,309.7634,310.503,,,,,,,,,,23.2934,-28.4791,16.9489,-40.9452,276.2746,27.2662,,6.6889,,,,,,,,,,,,,,,,,3957.0579,,21090.8799,,
2026-09-02 19:19:03,42.4895362,-82.7938774,19.5768,7.5421,299.6627,312.5184,-43.8416,0.0,5.7642,1.202,266.7072,0.0484,0.0469,312.1984,309.7009,3.2742,15.4111,10.0,0.0049,48.092,19.1952,65.2258,0.0,,23.3807,-27.4851,16.9264,-39.6057,277.7156,27.2662,,6.4427,,,,,,,,,,,,,,,,,3956.4025,,21087.271,,
2026-09-02 19:19:04,42.4895567,-82.7939262,,7.4255,299.2444,312.1746,27.3954,0.0,4.986,0.5524,265.0838,0.0462,0.0444,310.4643,310.0389,,,,,,,,,0.0,23.3053,-28.3894,16.8856,-41.0126,276.7198,27.2662,,6.4027,,,,,,,,,,,,,,,,,,,,,
2026-09-02 19:19:05,42.4895778,-82.7939857,19.5768,8.4751,301.4274,311.51,106.1198,,5.4107,1.1322,263.4852,0.0443,0.0423,311.8425,,,,,,,,,,,,,,,,27.2433,,6.4777,,,,,,,,,,,,,,,,,3955.0781,,21080.3813,,
2026-09-02 19:19:06,42.4895958,-82.7940317,,7.6782,301.0549,312.9366,,0.0,6.5345,0.9024,261.7309,0.0424,0.0401,311.2182,309.4029,,,,,,,,,,22.6351,-28.7232,16.2174,-42.1255,274.2989,27.5756,,5.9838,,,,,,,,,,,,,,,,,,,,,
2026-09-02 19:19:07,42.489615,-82.7940781,19.872,8.3002,301.0549,313.6471,12.3862,0.0,4.4386,0.7195,259.6654,0.0406,0.0378,314.4118,312.325,3.2742,15.4111,10.0,0.0026,48.092,19.1952,65.0237,0.0,,22.1043,-27.6853,15.5046,-41.4816,275.9875,27.2662,,6.1833,,,,,,,,,,,,,,,,,3954.0069,,21074.4757,,
2026-09-02 19:19:08,42.4896345,-82.7941229,19.8064,7.9892,300.6023,313.3721,53.6185,0.0,7.2795,0.374,257.4947,0.0388,0.0357,313.4518,311.2307,,,,,,,,,0.0,21.4378,-30.4422,14.9403,-46.637,271.1078,27.4553,,5.6236,,,,,,,,,,,,,,,,,,,,,
2026-09-02 19:19:09,42.4896542,-82.7941633,,7.8142,303.4957,314.8961,94.8818,0.0,4.686,0.5051,255.1077,0.0374,0.0337,314.8301,311.2765,,,,,,,,,,22.3976,-28.5294,16.0946,-41.6555,276.5308,27.5126,,5.0971,,,,,,,,,,,,,,,,,3953.0352,,21069.2264,,
2026-09-02 19:19:10,42.4896749,-82.7942069,19.7408,7.9892,301.9602,,-55.1105,0.0,,,252.6578,0.036,0.0318,,312.1302,,,,,,,,,,21.7498,-27.9271,15.2339,-41.9646,278.0184,27.186,,5.3998,,,,,,,,,,,,,,,,,,,,,
2026-09-02 19:19:11,42.4896946,-82.7942484,,7.4449,302.3384,313.968,-28.8702,0.0,4.6702,1.248,249.8979,0.0347,0.0298,313.0724,311.0817,3.2743,15.4111,10.0,0.0026,48.092,19.1952,65.266,0.0,,22.8221,-29.9077,16.4568,-43.7456,275.2865,27.186,,4.8924,,,,,,,,,,,,,,,,,3952.2902,,21065.2894,,
2026-09-02 19:19:12,42.4897114,-82.7942907,19.7408,7.6199,302.4186,313.8763,-17.6391,0.0,4.53,1.2661,247.4607,0.0334,0.0279,310.8073,312.9839,,,,,,,,,0.0,20.4185,-28.8731,14.1819,-44.0445,274.7294,27.186,,4.3691,,,,,,,,,,,,,,,,,3952.0385,,21063.9771,,
2026-09-02 19:19:13,42.4897276,-82.7943308,,7.6199,303.0947,315.5092,,0.0,3.509,-0.5751,244.6498,0.0322,0.026,312.8085,311.8266,,,,,,,,,,20.2672,-27.1552,13.8374,-41.9496,279.907,27.2032,,4.5168,,,,,,,,,,,,,,,,,,,,,
2026-09-02 19:19:14,42.4897464,-82.7943671,19.5768,7.095,304.6474,314.1398,23.6104,0.0,5.4937,0.9588,241.5189,0.0313,0.0242,311.2305,312.8235,,,,,,,,,,20.346,-30.6545,14.3577,-46.2621,272.0519,,,3.5478,,,,,,,,,,,,,,,,,3951.0615,,21058.7277,,
2026-09-02 19:19:15,42.4897661,-82.7944067,,7.9697,305.4209,315.8644,16.1196,0.0,4.664,1.6162,237.9762,0.0304,0.0223,313.7241,,3.2743,15.4111,10.0,0.0061,48.092,19.1952,65.2664,0.0,,20.4883,-28.7191,14.3677,-43.2523,276.4443,27.5355,,3.1374,,,,,,,,,,,,,,,,,3950.8264,,21057.4154,,
2026-09-02 19:19:16,42.4897852,-82.7944488,19.3799,6.7646,300.1611,315.2399,-28.8874,0.0,5.0268,-0.6638,,,,312.5531,314.3648,,,,,,,,,0.0,23.2833,-28.3947,16.814,-41.1866,280.4957,27.5126,,,,,,,,,,,,,,,,,,,,,,,
2026-09-02 19:19:17,42.4898075,-82.794488,,7.9892,300.1955,315.9733,132.3567,0.0,9.004,2.7814,232.0911,0.0291,0.0192,,311.5687,,,,,,,,,,22.9787,-32.7719,16.8608,-47.5363,273.1671,27.4782,,3.0491,,,,,,,,,,,,,,,,,3950.0808,,21053.4784,,
2026-09-02 19:19:18,42.4898242,-82.7945278,19.019,8.2419,300.1955,314.369,-175.136,0.0,5.2289,1.0982,227.893,0.0287,0.0173,313.3252,313.3621,,,,,,,,,,22.5296,-27.1924,15.8427,-40.5312,281.6118,28.9392,,2.3053,,,,,,,,,,,,,,,,,3949.978,,21053.1503,,
2026-09-02 19:19:19,42.4898387,-82.7945713,18.7566,8.0669,298.8089,310.9198,-253.8604,0.0,5.9916,1.7414,223.8285,0.0279,0.0152,311.0025,309.4717,3.2743,15.4111,10.0,0.0046,48.092,19.1952,64.8219,0.0,,24.2265,-28.5636,17.5258,-41.3716,278.3473,28.1314,,1.9426,,,,,,,,,,,,,,,,,3949.0518,,21048.229,,
2026-09-02 19:19:20,42.4898596,-82.7946141,,8.1641,299.5022,312.9653,117.3784,0.0,5.1554,0.6235,219.3776,0.0273,0.0131,308.2483,309.678,,,,,,,,,0.0,24.5016,-25.652,17.7556,-36.6824,280.8293,26.9224,,1.6432,,,,,,,,,,,,,,,,,3948.5163,,21045.2763,,
2026-09-02 19:19:21,42.4898749,-82.7946536,19.2487,7.6004,299.422,,12.4,0.0,,,215.0945,0.0271,0.0112,312.5544,309.6264,,,,,,,,,,23.6541,-27.2779,17.2431,-38.9546,278.3683,27.5756,,0.8774,,,,,,,,,,,,,,,,,3948.0587,,21042.9797,,
2026-09-02 19:19:22,42.4898897,-82.7946956,,6.9784,301.1352,311.298,76.1564,0.0,5.3191,2.2049,211.392,0.027,0.0095,310.854,308.1023,,,,,,,,,,,,,,,26.5729,,0.1644,,,,,,,,,,,,,,,,,3947.5182,,21040.0269,,
2026-09-02 19:19:23,42.4899086,-82.7947355,19.0846,7.4255,299.0611,311.0917,64.9012,0.0,7.2483,1.4985,207.1705,0.0269,0.0076,312.42,309.9874,3.2744,15.4111,10.0,0.0026,48.092,19.1952,65.5985,0.0,,24.8093,-27.7805,18.7057,-38.1826,277.0014,26.7563,,-0.1443,,,,,,,,,,,,,,,,,,,,,
2026-09-02 19:19:24,42.4899252,-82.7947758,,7.9114,300.0064,312.9882,,0.0,5.1509,-0.1051,202.6451,0.0272,0.0056,,309.1738,,,,,,,,,0.0,24.8762,-27.9757,18.7888,-38.3951,277.1732,28.2861,,-1.0955,,,,,,,,,,,,,,,,,3946.6644,,21035.4337,,
2026-09-02 19:19:25,42.4899427,-82.7948151,18.9534,7.6782,300.0064,311.1261,-25.1196,0.0,7.6923,0.0606,198.3911,0.0275,0.0037,308.9519,308.469,,,,,,,,,,24.2938,-29.6602,18.0485,-41.7662,274.2138,27.5584,,-1.6681,,,,,,,,,,,,,,,,,3946.0802,,21032.1529,,
2026-09-02 19:19:26,42.4899598,-82.7948548,,7.581,300.0064,311.2808,-13.8644,0.0,6.2361,1.7813,194.3283,0.028,0.0017,309.3253,,,,,,,,,,,24.3695,-29.2837,18.078,-41.2512,274.2145,27.6214,,-2.0171,,,,,,,,,,,,,,,,,3945.6708,,21030.1844,,
2026-09-02 19:19:27,42.4899774,-82.7949012,19.1503,,,311.4584,-81.3612,0.0,5.6486,3.1367,189.9294,0.0287,-0.0004,310.6578,309.4029,3.2744,15.4111,10.0,0.002,48.092,19.1952,65.3339,0.0,,24.9205,-26.4195,18.341,-37.1969,278.6881,28.4293,,-2.7359,,,,,,,,,,,,,,,,,3944.9502,,21026.2474,,
2026-09-02 19:19:28,42.4899943,-82.7949436,,8.8445,300.0064,310.4042,-122.6141,0.0,,,185.9645,0.0294,-0.0025,310.2105,309.3514,,,,,,,,,0.0,24.5091,-28.0535,18.0245,-39.7541,275.952,28.7387,,-3.3657,,,,,,,,,,,,,,,,,,,,,
2026-09-02 19:19:29,42.4900147,-82.794988,19.2487,7.4643,300.0064,312.2892,244.881,0.0,6.984,2.6024,182.5088,0.0303,-0.0044,310.5817,309.2941,,,,,,,,,,24.1488,-30.1247,18.0622,-42.1451,272.6981,26.699,,-3.1233,,,,,,,,,,,,,,,,,3944.2339,,21022.3104,,
2026-09-02 19:19:30,42.4900315,-82.7950319,,6.9006,300.0064,309.2239,-133.859,0.0,7.3151,-1.0864,176.865,0.032,-0.0077,309.8298,308.6982,,,,,,,,,,23.4076,-28.0981,17.2459,-39.7364,276.2572,27.9824,,-3.9745,,,,,,,,,,,,,,,,,3943.6046,,21019.0295,,
2026-09-02 19:19:31,42.4900452,-82.7950731,19.5112,7.6393,300.0064,,-145.097,0.0,5.9158,0.0834,,,,306.1424,304.8193,3.2744,15.4111,10.0,0.0035,48.092,19.1952,65.5214,0.0,,24.3654,-26.8611,17.9473,-37.8362,275.4729,27.9824,,,,,,,,,,,,,,,,,,,,,,,
2026-09-02 19:19:32,42.4900657,-82.7951152,,7.0367,300.0064,305.6429,,0.0,6.6236,1.9052,172.658,0.0334,-0.0104,,302.7108,,,,,,,,,0.0,23.4667,-28.4342,17.3314,-40.1434,269.2785,27.3865,,-4.0566,,,,,,,,,,,,,,,,,3941.9875,,21010.4994,,
2026-09-02 19:19:33,42.4900815,-82.7951555,19.708,7.0367,300.0064,304.348,-58.8439,0.0,4.6421,0.5845,169.8088,0.0349,-0.0125,305.0958,302.5045,,,,,,,,,,22.7499,-25.6972,16.7001,-36.2066,271.4488,27.1631,,-4.6044,,,,,,,,,,,,,,,,,3941.5504,,21008.2028,,
2026-09-02 19:19:34,42.4900995,-82.7951962,,6.9978,300.0064,303.9928,-51.3427,0.0,4.0842,0.8596,166.965,0.0363,-0.0146,305.5261,300.8487,,,,,,,,,,26.479,-18.6698,20.2922,-24.6902,281.38,26.7563,,-5.2936,,,,,,,,,,,,,,,,,3941.0465,,21005.5781,,
2026-09-02 19:19:35,,,19.708,6.3952,300.0064,303.3854,-2.5817,0.0,3.5567,-1.2209,165.0664,0.0376,-0.0163,307.2856,301.7826,3.2745,15.4111,10.0,0.0027,48.092,19.1952,66.1496,0.0,,24.3005,-23.5433,18.4028,-31.8337,273.5722,26.7792,,-4.4487,,,,,,,,,,,,,,,,,3940.6903,,21003.6096,,
2026-09-02 19:19:36,42.4901137,-82.7952332,,6.1814,300.0064,304.285,,0.0,,,162.3002,0.0395,-0.0188,307.8858,302.6936,,,,,,,,,0.0,23.5537,-26.6832,18.0166,-35.9493,269.4765,26.9052,,-4.4861,,,,,,,,,,,,,,,,,3940.197,,21000.9849,,
2026-09-02 19:19:37,42.4901278,-82.7952667,19.5112,5.8704,300.0064,305.6543,72.4127,0.0,4.982,0.4041,,,,308.7557,,,,,,,,,,,23.6009,-26.6719,18.1263,-35.7644,270.7905,27.4553,,,,,,,,,,,,,,,,,,,,,,,
2026-09-02 19:19:38,42.4901425,-82.7953029,19.5768,6.4341,300.7169,308.7655,151.1543,0.0,6.2387,0.4894,159.7295,0.0416,-0.0214,,304.6187,,,,,,,,,,,,,,,27.5985,,-4.9039,,,,,,,,,,,,,,,,,3939.5831,,20997.7041,,
2026-09-02 19:19:39,42.4901589,-82.7953399,,6.3758,299.3132,308.5363,-111.3417,0.0,4.7988,-0.5752,158.1,0.0431,-0.0232,311.722,306.8647,3.2745,15.4111,10.0,0.0034,48.092,19.1952,65.2071,0.0,,21.6651,-25.6142,15.8439,-36.2383,272.7466,27.0829,,-5.3212,,,,,,,,,,,,,,,,,,,,,
2026-09-02 19:19:40,42.4901791,-82.7953768,19.6424,7.1145,305.7876,308.2957,-92.5923,0.0,6.878,0.2814,156.053,0.0456,-0.026,309.9819,306.2517,,,,,,,,,0.0,21.0441,-27.7404,15.4482,-39.3514,269.8002,27.6501,,-5.7589,,,,,,,,,,,,,,,,,3939.0135,,20994.7513,,
2026-09-02 19:19:41,42.4901962,-82.7954175,,7.1922,305.8907,305.3048,-152.5878,0.0,4.5271,1.2821,154.4365,0.0471,-0.0279,309.5052,304.3552,,,,,,,,,,21.6285,-24.2991,15.4771,-35.1032,273.7224,27.2662,,-5.8736,,,,,,,,,,,,,,,,,,,,,
2026-09-02 19:19:42,42.4902103,-82.7954585,19.3799,7.1339,305.885,,57.4138,0.0,4.2265,-0.033,152.9457,0.0489,-0.03,306.2632,302.8827,,,,,,,,,,22.1466,-25.3923,16.1887,-35.9183,271.0194,,,-5.8682,,,,,,,,,,,,,,,,,3937.6625,,20987.5335,,
2026-09-02 19:19:43,42.490226886604496,-82.79550167511255,,6.6091,305.885,305.6486,136.1623,0.0,3.2343,1.0438,151.8053,0.0505,-0.0317,307.9248,303.8854,3.2746,15.4111,10.0,0.0016,48.092,19.1952,65.696,0.0,,22.4942,-23.4142,16.5647,-32.6578,273.5318,27.0141,,-5.8743,,,,,,,,,,,,,,,,,,,,,
2026-09-02 19:19:44,42.49024265772445,-82.79553779237095,19.3799,6.5702,296.563,307.2414,,0.0,,,150.8023,0.052,-0.0334,309.2949,306.011,,,,,,,,,0.0,22.8988,-24.0159,17.1171,-32.9877,276.7626,26.7792,,-5.3998,,,,,,,,,,,,,,,,,3936.8699,,20983.2684,,
2026-09-02 19:19:45,42.490259919585455,-82.79557125094672,,6.2592,305.9365,311.5959,406.1457,0.0,5.5379,1.5635,149.9046,0.0537,-0.0351,322.5214,310.5317,,,,,,,,,,22.0397,-25.7542,16.3788,-35.7813,274.925,26.7792,,-5.581,,,,,,,,,,,,,,,,,,,,,
2026-09-02 19:19:46,42.490277215478024,-82.79560630714896,19.3799,6.9589,303.8109,313.0283,19.908,0.0,9.7843,0.7078,149.2296,0.0553,-0.0367,319.7119,311.9583,,,,,,,,,,20.9392,-30.6188,15.3508,-44.0068,268.3099,28.3892,,-6.4313,,,,,,,,,,,,,,,,,3936.7552,,20982.6122,,
2026-09-02 19:19:47,42.49029560408867,-82.79563796806617,,7.1339,310.4113,313.4122,-122.6141,0.0,11.0214,-1.3022,,,,319.6764,,,,,,,,,,,24.3102,-26.288,18.021,-36.6872,276.4493,28.3033,,,,,,,,,,,,,,,,,,,3936.6227,,20981.9561,,
2026-09-02 19:19:48,42.490311677457456,-82.79567484956488,19.8064,7.8531,310.4171,312.2032,-298.8743,0.0,7.5196,0.5905,147.9188,0.0579,-0.0394,317.748,311.2536,3.2746,15.4111,10.0,0.0052,48.092,19.1952,65.9679,0.0,0.0,22.6667,-27.4934,16.2304,-40.1445,273.8584,27.9022,,-6.989,,,,,,,,,,,,,,,,,3936.1447,,20979.3314,,
2026-09-02 19:19:49,42.49032991501557,-82.79571430709511,,7.4255,305.885,308.5249,19.8667,0.0,9.6801,2.516,147.0836,0.0598,-0.0413,313.0566,307.0538,,,,,,,,,,22.914,-27.6158,16.6861,-39.5351,273.8337,27.186,,-7.2033,,,,,,,,,,,,,,,,,,,,,
2026-09-02 19:19:50,42.490351,-82.7957601,19.8064,7.5227,293.6523,305.8721,,0.0,,,146.1814,0.0617,-0.0433,,305.312,,,,,,,,,,23.9922,-26.1277,17.7327,-36.5712,276.5134,27.8392,,-6.6793,,,,,,,,,,,,,,,,,3935.0078,,20973.0978,,
2026-09-02 19:19:51,42.4903678,-82.7958013,19.5112,7.095,295.8754,304.4683,-137.6302,0.0,5.3604,1.2351,145.0033,0.0644,-0.0461,309.7863,302.2983,,,,,,,,,,,,,,,26.7563,,-6.1977,,,,,,,,,,,,,,,,,3934.3808,,20969.8169,,
2026-09-02 19:19:52,42.4903818,-82.7958373,,6.784,294.3571,,,0.0,,,,,,,302.2467,,,,,,,,,,23.8033,-24.0994,17.6662,-33.3787,276.9521,26.7563,,,,,,,,,,,,,,,,,,,3933.8151,,20966.8642,,
2026-09-02 19:19:53,42.4903959,-82.7958747,19.1503,6.4147,296.4541,303.5516,,0.0,,,143.8636,0.0668,-0.0488,,300.1382,,,,,,,,,,23.3776,-24.0156,17.6328,-32.6551,275.6267,26.825,,-5.6389,,,,,,,,,,,,,,,,,,,,,
2026-09-02 19:19:54,42.4904108,-82.795911,,6.4147,296.6203,301.8098,,0.0,,,143.2223,0.0685,-0.0506,,299.5882,,,,,,,,,,22.2821,-23.6489,16.6355,-32.4991,273.8048,26.9224,,-5.5592,,,,,,,,,,,,,,,,,3932.908,,20961.9429,,
2026-09-02 19:19:55,42.4904275,-82.795946,19.4455,6.473,292.3746,302.3999,-66.3863,0.0,5.6109,0.4812,142.4171,0.0711,-0.0531,307.8444,299.0152,3.2746,15.4111,10.0,0.0027,48.092,19.1952,66.205,0.0,0.0,22.5789,-26.0397,16.9786,-35.7178,269.1285,27.3693,,-5.6034,,,,,,,,,,,,,,,,,,,,,
2026-09-02 19:19:56,42.4904418,-82.7959806,,6.1814,300.1955,300.6238,,0.0,,,,,,,297.5026,,,,,,,,,,22.6334,-26.0012,17.2943,-35.0109,268.4447,26.4469,,,,,,,,,,,,,,,,,,,3931.9612,,20957.0217,,
2026-09-02 19:19:57,42.4904551,-82.7960155,19.708,5.9093,294.7295,298.9622,83.6026,0.0,3.913,0.1507,141.5786,0.0734,-0.0556,304.6733,297.1474,,,,,,,,,,22.6629,-25.4162,17.2774,-34.2615,269.1709,26.5328,,-5.5665,,,,,,,,,,,,,,,,,3931.37,,20953.7408,,
2026-09-02 19:19:58,42.4904689,-82.7960525,,5.8704,289.4525,299.0023,,0.0,,,140.8527,0.0757,-0.0579,,,,,,,,,,,,22.6606,-23.4843,17.3168,-31.4309,271.4575,26.5328,,-5.0867,,,,,,,,,,,,,,,,,3930.9935,,20951.7723,,
2026-09-02 19:19:59,42.4904806,-82.7960841,19.3799,5.0929,291.223,295.1062,-163.9049,0.0,2.7458,-0.4063,,,,302.6511,294.5576,3.2747,15.4111,10.0,0.0025,48.092,19.1952,66.3462,0.0,,23.1328,-24.9169,18.0853,-32.608,267.7991,24.7968,,,,,,,,,,,,,,,,,,,3930.3097,,20948.1634,,
2026-09-02 19:20:00,42.4904907,-82.7961103,,5.4039,291.1714,296.9798,229.8477,0.0,5.2341,1.0441,140.1829,0.0776,-0.0599,301.9768,293.3888,,,,,,,,,0.0,22.6235,-23.5174,17.7597,-30.5512,267.7619,26.7792,,-4.4203,,,,,,,,,,,,,,,,,3930.1239,,20947.1791,,
2026-09-02 19:20:01,42.4905,-82.7961384,19.6424,4.9957,291.1714,294.7509,-118.8876,0.0,3.7076,-0.2988,139.7481,0.0788,-0.0613,304.1308,293.3659,,,,,,,,,,22.1036,-26.6442,17.5396,-34.4119,263.3276,25.7078,,-5.0528,,,,,,,,,,,,,,,,,3929.6855,,20944.8826,,
2026-09-02 19:20:02,42.4905107,-82.7961588,,5.365,291.1714,295.2208,27.3507,0.0,5.492,-1.5604,139.5515,0.0799,-0.0623,303.6728,292.7413,,,,,,,,,,24.414,-23.4901,19.7632,-29.4977,267.004,27.7933,,-4.5321,,,,,,,,,,,,,,,,,3929.2897,,20942.9141,,
2026-09-02 19:20:03,42.4905182,-82.7961806,19.4455,5.1317,291.1714,,87.336,0.0,4.1078,1.5639,139.2381,0.0809,-0.0633,303.6486,293.5034,3.2748,15.4111,10.0,0.0011,48.092,19.1952,66.888,0.0,,22.0047,-24.2502,17.5076,-31.0792,265.5685,25.3296,,-4.4596,,,,,,,,,,,,,,,,,,,,,
2026-09-02 19:20:04,42.4905272,-82.7962021,,4.568,291.9277,295.8166,169.8281,0.0,4.0019,0.4042,138.9805,0.0819,-0.0643,304.6936,294.2138,,,,,,,,,0.0,22.3222,-24.2046,17.9754,-30.6067,266.1265,26.1719,,-4.33,,,,,,,,,,,,,,,,,3928.7211,,20939.6332,,
2026-09-02 19:20:05,42.4905394,-82.7962308,19.3143,5.365,294.5748,297.4954,-32.6723,0.0,4.1157,0.6226,138.5111,0.0837,-0.0662,307.3117,295.7322,,,,,,,,,,22.1018,-24.8971,17.5205,-32.0779,265.4954,26.5901,,-4.8797,,,,,,,,,,,,,,,,,,,,,
2026-09-02 19:20:06,42.4905491,-82.7962587,,5.7343,294.4602,298.4236,-77.6828,0.0,,,138.1832,0.0849,-0.0674,306.4877,295.9041,,,,,,,,,,20.9963,-25.6991,16.2413,-34.0975,264.4044,26.4068,,-4.3791,,,,,,,,,,,,,,,,,3928.1048,,20936.3524,,
2026-09-02 19:20:07,42.4905589,-82.7962873,19.3143,5.3844,296.4254,298.6986,-32.6758,0.0,4.9801,0.7478,137.803,0.0862,-0.0688,307.4162,296.5458,3.2748,15.4111,10.0,0.0022,48.092,19.1952,65.8308,0.0,,,,,,,,,-4.9914,,,,,,,,,,,,,,,,,3927.654,,20934.0558,,
2026-09-02 19:20:08,42.4905695,-82.7963181,,5.3261,295.2623,297.6558,,0.0,4.0344,0.9014,137.4603,0.0876,-0.0702,,,,,,,,,,,0.0,20.9714,-24.2322,16.1638,-32.1753,267.2575,26.4469,,-5.171,,,,,,,,,,,,,,,,,3927.1978,,20931.7592,,
2026-09-02 19:20:09,42.4905792,-82.7963463,19.3143,5.2484,290.1057,297.0027,-21.424,0.0,3.5498,-0.6093,137.1821,0.089,-0.0716,305.2009,294.6493,,,,,,,,,,21.8184,-24.8813,17.118,-32.43,266.3784,26.4469,,-4.9275,,,,,,,,,,,,,,,,,3926.8895,,20930.1188,,
2026-09-02 19:20:10,42.4905916,-82.7963723,,5.3456,289.9854,298.1257,16.0749,0.0,3.6855,1.4474,136.919,0.0903,-0.0729,304.9307,294.6034,,,,,,,,,,21.4334,-25.5997,16.7679,-33.5251,265.8516,26.4469,,-4.765,,,,,,,,,,,,,,,,,,,,,
2026-09-02 19:20:11,42.4906017,-82.7963996,19.4455,5.4233,292.2199,298.2689,-130.1737,0.0,4.5183,1.0102,136.5162,0.0915,-0.0743,307.4788,296.5057,3.2748,15.4111,10.0,0.002,48.092,19.1952,66.1867,0.0,,22.8634,-24.6469,17.9895,-32.0061,268.1705,26.7792,,-4.9384,,,,,,,,,,,,,,,,,3926.1491,,20926.1818,,
2026-09-02 19:20:12,42.4906098,-82.7964284,,5.5011,292.8158,299.3231,102.3108,,4.5072,-1.1008,,,,305.8302,296.2822,,,,,,,,,0.0,21.5339,-24.5955,16.7999,-32.2416,265.9038,24.7968,,,,,,,,,,,,,,,,,,,,,,,
2026-09-02 19:20:13,42.4906128,-82.796461,19.2487,5.054,292.4319,,31.0188,0.0,0.0367,0.2133,135.9006,0.0933,-0.0763,305.4466,297.1015,,,,,,,,,,21.2645,-7.2298,16.197,-9.5102,292.2349,18.1275,,-4.6763,,,,,,,,,,,,,,,,,3924.694,,20918.3078,,
2026-09-02 19:20:14,42.4906219,-82.7964866,,5.2678,294.8899,299.2429,282.2734,0.0,1.2113,0.2288,135.5399,0.0945,-0.0776,303.6689,298.2417,,,,,,,,,,21.9486,-26.3298,17.7632,-33.2329,267.2143,5.6657,,-4.7519,,,,,,,,,,,,,,,,,,,,,
2026-09-02 19:20:15,42.490631,-82.7965106,19.2159,5.054,298.1329,303.2937,,0.0,,,135.2651,0.0957,-0.0788,307.729,301.0034,3.2749,15.4111,10.0,0.0011,48.092,19.1952,65.5051,0.0,,21.1682,-30.0734,16.9835,-38.6514,264.1397,23.5534,,-4.4646,,,,,,,,,,,,,,,,,3924.1768,,20915.6831,,
2026-09-02 19:20:16,42.4906401,-82.7965379,,5.2095,299.6798,303.2307,53.5223,0.0,1.6929,1.3768,135.1102,0.0968,-0.0799,309.2119,301.6508,,,,,,,,,0.0,21.3077,-31.0366,17.1839,-39.7408,263.3163,22.8372,,-5.1686,,,,,,,,,,,,,,,,,3923.7437,,20913.0584,,
2026-09-02 19:20:17,42.4906482,-82.7965621,19.4455,4.432,299.7543,303.6948,-62.7114,0.0,2.1537,-0.5773,134.7905,0.098,-0.0812,,300.5336,,,,,,,,,,20.6604,-30.3951,16.8375,-38.3772,265.5758,23.2211,,-5.05,,,,,,,,,,,,,,,,,3923.3579,,20911.0899,,
2026-09-02 19:20:18,42.4906573,-82.7965907,,4.4708,299.7543,302.7724,-88.9586,0.0,1.4339,-0.4736,134.5179,0.0991,-0.0824,308.1571,300.7971,,,,,,,,,,20.9434,-30.2233,17.2101,-37.7753,265.9046,21.9835,,-4.6428,,,,,,,,,,,,,,,,,3922.8115,,20908.1372,,
2026-09-02 19:20:19,42.4906694,-82.7966221,19.2159,4.3542,299.7543,303.5229,16.0268,0.0,2.9207,-0.6602,134.1548,0.1011,-0.0844,307.1361,,3.2749,15.4111,10.0,0.001,48.092,19.1952,65.9936,0.0,,21.2417,-28.7407,17.5074,-35.6908,268.4213,18.3166,,-4.1421,,,,,,,,,,,,,,,,,3922.5122,,20906.4967,,
2026-09-02 19:20:20,42.4906796,-82.7966469,,4.0626,299.7543,305.895,53.5188,0.0,1.4599,-0.1602,133.975,0.1024,-0.0856,309.0765,302.3727,,,,,,,,,0.0,,,,,,23.1065,,-4.5599,,,,,,,,,,,,,,,,,3922.2325,,20905.1844,,
2026-09-02 19:20:21,42.490691,-82.7966695,19.2159,4.0626,299.7543,305.8319,117.265,0.0,3.061,1.942,133.8771,0.1035,-0.0867,309.913,303.5416,,,,,,,,,,21.5739,-31.0657,17.9227,-38.4,267.3983,22.7513,,-4.3923,,,,,,,,,,,,,,,,,,,,,
2026-09-02 19:20:22,42.4907035,-82.7966908,,4.2376,299.4048,308.1983,31.0222,0.0,3.5404,-0.7528,133.8093,0.1047,-0.0877,312.2536,305.0026,,,,,,,,,,20.4715,-34.0689,17.026,-42.342,264.379,26.9224,,-4.5256,,,,,,,,,,,,,,,,,3922.1355,,20904.5282,,
2026-09-02 19:20:23,42.4907121,-82.7967106,19.0846,4.3153,302.304,308.1467,-197.7289,0.0,2.0375,-0.9363,133.6829,0.1057,-0.0888,312.9972,306.7845,3.2749,15.4111,10.0,0.001,48.092,19.1952,65.9779,0.0,,20.6662,-36.4388,17.4232,-44.7906,263.5853,18.3739,,-4.5194,,,,,,,,,,,,,,,,,,,,,
2026-09-02 19:20:24,42.4907234,-82.796733,,4.5097,311.4026,,,0.0,,,133.5962,0.1069,-0.0898,310.3435,304.7391,,,,,,,,,0.0,22.0528,-24.7146,18.0697,-30.6811,278.3372,19.623,,-4.4861,,,,,,,,,,,,,,,,,3921.6859,,20902.2316,,
2026-09-02 19:20:25,42.4907329,-82.7967525,19.3143,4.5097,298.0756,308.5821,207.2652,0.0,5.3726,2.4892,,,,312.7241,307.008,,,,,,,,,,20.5958,-36.4734,17.1917,-45.4108,261.8116,26.55,,,,,,,,,,,,,,,,,,,,,,,
2026-09-02 19:20:26,42.4907394,-82.7967748,,4.5291,303.7765,308.6738,-66.4723,0.0,2.5364,-0.8258,133.3934,0.1086,-0.0914,,305.0255,,,,,,,,,,20.4785,-34.475,17.0047,-42.975,267.5831,24.6077,,-3.9132,,,,,,,,,,,,,,,,,3921.1628,,20899.607,,
2026-09-02 19:20:27,42.4907497,-82.7967973,19.0846,4.4125,306.011,306.2674,-148.9644,0.0,3.1758,-0.0778,133.1975,0.1097,-0.0926,310.8446,304.5156,3.275,15.4111,10.0,0.0023,48.092,19.1952,66.0922,0.0,,20.7406,-34.5475,17.2058,-43.1249,265.321,24.5504,,-4.4896,,,,,,,,,,,,,,,,,3920.8807,,20897.9665,,
2026-09-02 19:20:28,42.4907581,-82.7968176,,4.3348,298.2245,308.0493,158.5179,0.0,4.8008,1.5532,133.1156,0.1107,-0.0935,310.3206,305.2032,,,,,,,,,0.0,20.7692,-34.0953,17.2901,-42.3278,264.9409,26.636,,-4.426,,,,,,,,,,,,,,,,,3920.7826,,20897.3104,,
2026-09-02 19:20:29,42.490769,-82.7968377,19.3143,4.5097,303.9255,306.6914,-66.4688,0.0,4.5133,0.4316,132.9787,0.1116,-0.0944,312.1274,,,,,,,,,,,20.4097,-35.1342,16.9911,-43.7315,265.2821,25.3067,,-4.1918,,,,,,,,,,,,,,,,,,,,,
2026-09-02 19:20:30,42.4907797,-82.7968529,,4.4125,296.6604,308.0436,184.7617,0.0,5.6552,1.9241,132.9265,0.1127,-0.0954,310.9041,305.1917,,,,,,,,,,19.1701,-34.4165,15.7352,-43.5184,264.7681,,,-4.4542,,,,,,,,,,,,,,,,,3920.7104,,20896.9823,,
2026-09-02 19:20:31,42.4907904,-82.7968749,19.3799,4.7235,298.362,304.4053,-205.2507,0.0,3.3548,1.1323,132.8785,0.1136,-0.0962,307.8268,304.3495,,,,,,,,,,19.4904,-29.5794,15.5388,-38.2551,271.6551,27.6501,,-4.2369,,,,,,,,,,,,,,,,,3920.3654,,20895.3419,,
2026-09-02 19:20:32,42.4907985,-82.7969019,19.0846,4.7624,294.6321,302.5661,-85.2286,0.0,3.4784,0.5664,132.8119,0.1147,-0.0972,307.2737,300.7914,3.275,15.4111,10.0,0.0027,48.092,19.1952,66.2873,0.0,0.0,19.8572,-30.6645,16.1617,-38.8018,267.9281,17.3827,,-4.5741,,,,,,,,,,,,,,,,,,,,,
2026-09-02 19:20:33,42.4908042,-82.7969273,,4.2959,290.5011,299.6497,-51.4871,0.0,2.0174,-0.618,132.5361,0.1159,-0.0985,304.1876,298.6313,,,,,,,,,,20.1244,-20.3034,16.1088,-25.6891,279.9187,25.7708,,-4.5318,,,,,,,,,,,,,,,,,3919.0888,,20888.4521,,
2026-09-02 19:20:34,42.4908107,-82.796951,19.1503,4.0821,293.8299,,207.2343,0.0,3.6393,1.6646,132.315,0.1169,-0.0996,302.8633,298.0698,,,,,,,,,,20.2092,-30.819,16.8024,-38.0396,265.0957,6.0267,,-3.9883,,,,,,,,,,,,,,,,,3918.5778,,20885.8274,,
2026-09-02 19:20:35,42.4908183,-82.7969739,,4.0626,292.6726,301.3514,,0.0,,,132.0223,0.1185,-0.1013,,298.9866,3.2751,15.4111,10.0,0.0022,48.092,19.1952,66.5527,0.0,,21.4695,-27.9728,18.0258,-33.9633,269.0704,23.5534,,-3.8312,,,,,,,,,,,,,,,,,3918.2915,,20884.187,,
2026-09-02 19:20:36,42.4908288,-82.7969978,19.1503,3.5572,303.8166,301.7697,135.9904,0.0,3.2182,0.7383,,,,304.7292,300.2757,,,,,,,,,0.0,20.67,-26.8907,17.2827,-32.7474,269.0033,25.5301,,,,,,,,,,,,,,,,,,,3918.0493,,20882.8747,,
2026-09-02 19:20:37,42.4908364,-82.7970201,,4.0237,291.9048,304.0615,132.2192,0.0,3.8319,-0.7192,131.872,0.1201,-0.1028,306.3701,302.8598,,,,,,,,,,,,,,,29.1856,,-4.0894,,,,,,,,,,,,,,,,,3917.8952,,20881.8904,,
2026-09-02 19:20:38,42.4908487,-82.7970398,19.019,3.8294,304.9511,305.2132,12.1868,0.0,-0.1994,1.2925,131.7215,0.1211,-0.1038,305.8086,303.7364,,,,,,,,,,20.337,-4.3926,16.6749,-5.3599,300.2359,-7.2258,,-2.9466,,,,,,,,,,,,,,,,,3917.7872,,20881.5623,,
2026-09-02 19:20:39,42.4908603,-82.7970567,,3.9266,305.6042,308.5707,330.9381,0.0,2.4412,-0.0366,131.7261,0.1223,-0.1049,309.1154,309.6722,3.2751,15.4111,10.0,0.0032,48.092,19.1952,65.5138,0.0,,21.7903,-20.6491,18.2958,-24.8344,280.0632,31.592,,-3.7372,,,,,,,,,,,,,,,,,3918.0264,,20882.8747,,
2026-09-02 19:20:40,42.4908722,-82.7970756,19.3799,4.0043,307.6611,312.4897,-17.8007,0.0,-0.4066,-0.0262,131.7268,0.1234,-0.1058,313.9064,,,,,,,,,,0.0,19.97,-15.5268,16.2494,-19.207,289.1771,-7.6384,,-3.9175,,,,,,,,,,,,,,,,,,,,,
2026-09-02 19:20:41,42.4908859,-82.7970929,,4.743,316.7139,313.7903,-2.8086,0.0,3.0802,0.3771,131.7738,0.1244,-0.1067,313.7108,310.1822,,,,,,,,,,20.2791,-29.805,17.0191,-36.3175,274.3366,17.44,,-3.9479,,,,,,,,,,,,,,,,,3918.3111,,20884.187,,
2026-09-02 19:20:42,42.4908956,-82.7971102,19.3799,4.4903,317.0347,314.8102,,0.0,1.9362,2.3689,131.764,0.1256,-0.1076,316.5136,312.3651,,,,,,,,,,20.8355,-44.9221,18.1858,-54.0013,258.2242,29.5294,,-4.6832,,,,,,,,,,,,,,,,,3918.3282,,20884.5151,,
2026-09-02 19:20:43,42.4909112,-82.7971294,,,,315.5436,15.9236,0.0,2.3486,-1.5186,131.7717,0.1266,-0.1085,317.2551,312.5714,3.2751,15.4111,10.0,0.0046,48.092,19.1952,65.95,0.0,,19.8837,-27.7538,16.5221,-34.0848,279.5983,7.4992,,-4.0842,,,,,,,,,,,,,,,,,,,,,
2026-09-02 19:20:44,42.4909253,-82.7971487,19.019,4.4125,313.9866,317.1937,57.1835,0.0,,,131.8162,0.1279,-0.1095,,314.1986,,,,,,,,,0.0,19.4605,-28.5608,15.8153,-36.0352,279.2188,6.2788,,-4.895,,,,,,,,,,,,,,,,,3918.5987,,20885.8274,,
2026-09-02 19:20:45,42.4909398,-82.7971684,,4.3736,314.2043,,120.8918,0.0,2.5006,1.6446,131.8833,0.1297,-0.111,315.7278,317.4014,,,,,,,,,,20.7303,-35.4137,17.4089,-43.6327,273.9334,15.6524,,-4.7973,,,,,,,,,,,,,,,,,3918.9423,,20887.4679,,
2026-09-02 19:20:46,42.490953,-82.7971898,18.8878,4.3736,314.2043,320.4366,-59.0846,0.0,2.3205,0.9702,131.8647,0.1309,-0.1121,321.0826,317.3327,,,,,,,,,,19.2596,-42.447,16.3479,-52.6662,267.3685,15.8013,,-4.3542,,,,,,,,,,,,,,,,,,,,,
2026-09-02 19:20:47,42.4909675,-82.7972112,,4.432,313.1272,318.9527,-85.3524,0.0,3.5629,-1.9885,131.8717,0.1322,-0.1132,318.6834,316.9717,3.2752,15.4111,10.0,0.0034,48.092,19.1952,65.8599,0.0,,20.4539,-40.9914,17.2878,-50.9028,269.0942,15.9216,,-4.5285,,,,,,,,,,,,,,,,,3918.8417,,20887.1398,,
2026-09-02 19:20:48,42.4909806,-82.7972332,19.019,4.8013,313.534,320.8778,188.3816,0.0,4.5801,2.1427,131.844,0.1334,-0.1143,318.5199,320.5126,,,,,,,,,0.0,19.3528,-47.9231,16.6337,-59.7212,261.4071,27.8793,,-4.6055,,,,,,,,,,,,,,,,,,,,,
2026-09-02 19:20:49,42.4909952,-82.7972553,,4.8013,312.2677,322.7514,-96.6144,0.0,2.5543,0.1255,131.8441,0.1347,-0.1154,320.8506,319.6417,,,,,,,,,,18.196,-39.6327,14.6965,-52.1619,271.1481,21.0725,,-4.8985,,,,,,,,,,,,,,,,,3919.011,,20888.124,,
2026-09-02 19:20:50,42.4910103,-82.7972766,18.9534,4.9762,315.1841,322.9748,102.1217,0.0,3.4738,-1.3954,131.8636,0.1361,-0.1165,311.053,,,,,,,,,,,20.9108,-52.4869,18.3793,-64.4842,258.7487,36.4679,,-4.781,,,,,,,,,,,,,,,,,3919.0952,,20888.4521,,
2026-09-02 19:20:51,,,,5.3844,311.2651,323.6051,-227.9295,0.0,-1.8381,2.348,131.8373,0.1376,-0.1178,314.9646,321.7444,3.2752,15.4111,10.0,0.0029,48.092,19.1952,63.3688,0.0,,18.467,-18.932,13.6224,-26.093,301.6774,3.7578,,-5.5359,,,,,,,,,,,,,,,,,,,,,
2026-09-02 19:20:52,42.491028,-82.7973057,18.8878,5.4233,310.8353,320.6143,8.3606,0.0,5.7625,-0.3854,131.8616,0.139,-0.119,316.5253,319.0401,,,,,,,,,0.0,21.8689,-36.9621,17.978,-47.0056,277.2543,28.0626,,-5.2836,,,,,,,,,,,,,,,,,3919.006,,20888.124,,
2026-09-02 19:20:53,42.4910436,-82.7973274,,5.0345,307.8789,321.8232,,0.0,,,131.8539,0.1404,-0.1203,,319.0458,,,,,,,,,,,,,,,,,-5.2399,,,,,,,,,,,,,,,,,3919.0956,,20888.4521,,
2026-09-02 19:20:54,42.4910592,-82.797352,19.2487,5.2095,304.2234,320.8893,-96.6351,0.0,0.3129,0.8785,131.7725,0.1419,-0.1216,317.6288,319.0057,,,,,,,,,,19.1176,-38.445,15.4648,-50.2308,275.3708,17.8869,,-5.7723,,,,,,,,,,,,,,,,,3918.8144,,20886.8117,,
2026-09-02 19:20:55,42.4910738,-82.7973801,18.9534,5.5011,303.5072,,49.6067,0.0,3.1683,2.2424,131.7309,0.1433,-0.1229,316.2595,318.9599,3.2753,15.4111,10.0,0.0024,48.092,19.1952,65.167,0.0,,22.1087,-39.8046,18.3749,-50.3768,274.9695,21.2272,,-4.9824,,,,,,,,,,,,,,,,,,,,,
2026-09-02 19:20:56,42.4910877,-82.7974058,,4.743,303.4843,322.0352,-44.1304,0.0,2.8718,-0.7779,131.6663,0.1447,-0.1241,317.8424,319.3781,,,,,,,,,0.0,20.8972,-47.733,18.0124,-59.1523,265.8195,32.8296,,-4.4638,,,,,,,,,,,,,,,,,3918.538,,20885.4994,,
2026-09-02 19:20:57,42.4911022,-82.7974333,19.0846,4.3348,303.4843,321.531,-156.6272,0.0,0.1402,-0.0657,131.5646,0.1461,-0.1255,317.3115,317.8197,,,,,,,,,,19.4034,-39.0285,16.133,-49.2319,276.6956,20.4079,,-5.4657,,,,,,,,,,,,,,,,,,,,,
2026-09-02 19:20:58,42.4911136,-82.7974586,,4.8013,303.4843,319.2449,177.1058,0.0,6.2786,1.7861,131.5789,0.1471,-0.1263,314.3891,318.152,,,,,,,,,,21.8843,-35.0489,18.1745,-43.7489,280.5689,19.4969,,-4.1376,,,,,,,,,,,,,,,,,3918.1761,,20883.5309,,
2026-09-02 19:20:59,42.4911252,-82.7974756,19.2159,4.0626,303.4843,322.2357,-14.1326,0.0,1.9489,-1.6179,131.5812,0.1484,-0.1274,316.5413,319.8136,3.2753,15.4111,10.0,0.0039,48.092,19.1952,65.7393,0.0,,18.4528,-49.7771,16.0351,-61.4812,262.7387,36.5023,,-4.1568,,,,,,,,,,,,,,,,,3918.4136,,20884.8432,,
2026-09-02 19:21:00,42.49114146181877,-82.79749818097062,,4.7041,303.4843,321.1013,-107.8937,0.0,3.6984,-0.0703,,,,315.501,318.49,,,,,,,,,0.0,20.5176,-39.6367,17.0924,-49.974,275.0517,26.2693,,,,,,,,,,,,,,,,,,,3918.1912,,20883.5309,,
2026-09-02 19:21:01,42.491152521193854,-82.79752046647378,19.0846,4.9179,303.4843,321.9951,237.0876,0.0,4.3157,0.2897,131.5347,0.1503,-0.1291,315.4876,,,,,,,,,,,20.0471,-43.3254,16.7834,-55.0415,270.2102,30.1425,,-5.1389,,,,,,,,,,,,,,,,,,,,,
2026-09-02 19:21:02,42.491170075570885,-82.79754595206127,,5.1512,303.4843,324.5677,,0.0,,,131.5421,0.1518,-0.1304,320.9951,322.0825,,,,,,,,,,18.6473,-38.0105,15.0035,-49.9392,278.5066,31.7868,,-4.7924,,,,,,,,,,,,,,,,,3918.4004,,20884.8432,,
2026-09-02 19:21:03,42.491185271009435,-82.79757357306896,19.1503,4.9957,303.4843,321.1643,-201.6342,0.0,2.7579,1.2079,131.5084,0.1533,-0.1317,313.6874,320.2032,,,,,,,,,,20.5557,-20.9246,15.9727,-27.362,300.8074,1.0362,,-5.1392,,,,,,,,,,,,,,,,,3918.393,,20884.8432,,
2026-09-02 19:21:04,42.49120503800408,-82.79759522647052,,4.5875,306.2689,322.7571,64.5884,0.0,5.3419,0.3276,131.5972,0.1548,-0.1329,,319.5099,3.2753,15.4111,10.0,0.0023,48.092,19.1952,65.3224,0.0,0.0,20.5336,-34.9831,16.8034,-44.476,281.6537,18.1562,,-4.6945,,,,,,,,,,,,,,,,,3918.3875,,20884.5151,,
2026-09-02 19:21:05,42.491219130960665,-82.79762004723936,19.0846,5.054,304.8193,321.4221,-17.9038,0.0,1.8498,1.6883,131.5528,0.1562,-0.1342,316.6896,320.0657,,,,,,,,,,19.7899,-36.2116,15.9789,-47.0266,279.6871,20.4709,,-4.9223,,,,,,,,,,,,,,,,,,,,,
2026-09-02 19:21:06,42.49123199986619,-82.79764516177683,,4.8985,304.5844,,-107.9006,0.0,3.1419,-0.966,131.4994,0.1575,-0.1354,315.0819,317.94,,,,,,,,,,20.7514,-35.4024,16.9494,-45.1752,280.2027,12.2948,,-5.4733,,,,,,,,,,,,,,,,,3918.0453,,20882.8747,,
2026-09-02 19:21:07,42.4912489,-82.7976708,19.019,5.2872,305.1802,319.8694,113.3391,0.0,4.5673,0.581,131.5041,0.1589,-0.1366,313.9703,318.4156,3.2754,15.4111,10.0,0.0043,48.092,19.1952,64.8067,0.0,,,,,,,23.6508,,-5.092,,,,,,,,,,,,,,,,,,,,,
2026-09-02 19:21:08,42.4912649,-82.797696,,5.3844,309.0649,321.0554,53.347,0.0,4.4872,1.5881,131.4992,0.1604,-0.1379,315.7986,319.4641,,,,,,,,,0.0,20.824,-41.8982,17.2428,-53.7559,269.819,27.5985,,-5.6041,,,,,,,,,,,,,,,,,3918.0749,,20882.8747,,
2026-09-02 19:21:09,42.4912804,-82.7977227,19.3143,5.7732,305.1745,321.1299,-194.1364,0.0,4.2933,0.2981,131.4567,0.1619,-0.1392,315.5241,317.2295,,,,,,,,,,20.1416,-44.1356,16.5641,-57.8607,265.9564,27.5355,,-5.709,,,,,,,,,,,,,,,,,,,,,
2026-09-02 19:21:10,42.4912964,-82.7977538,,5.9676,304.5156,318.8839,,0.0,,,,,,,316.4446,,,,,,,,,,20.7476,-41.8652,16.7316,-55.8497,268.3206,27.5355,,,,,,,,,,,,,,,,,,,3917.707,,20880.9062,,
2026-09-02 19:21:11,42.4913154,-82.7977838,19.1503,6.4147,308.1195,319.4225,34.6181,0.0,5.9556,0.5451,131.4043,0.1645,-0.1415,313.8797,,3.2754,15.4111,10.0,0.0059,48.092,19.1952,64.675,0.0,,20.8881,-40.0672,16.5355,-54.4021,268.1258,28.4121,,-6.0682,,,,,,,,,,,,,,,,,3917.6717,,20880.9062,,
2026-09-02 19:21:12,42.4913329,-82.7978172,,6.8618,300.1439,313.3606,-370.3794,0.0,5.3464,2.0143,131.3725,0.1663,-0.1431,311.4952,314.7716,,,,,,,,,0.0,20.4412,-37.672,15.6015,-53.199,270.9263,26.3839,,-6.5527,,,,,,,,,,,,,,,,,,,,,
2026-09-02 19:21:13,42.4913464,-82.7978517,19.2487,6.4535,298.6428,311.2865,-6.6039,0.0,6.1324,0.5643,131.1692,0.1688,-0.1456,307.902,309.3686,,,,,,,,,,21.3398,-35.4502,16.6909,-47.8627,272.4158,27.6902,,-6.3155,,,,,,,,,,,,,,,,,3916.1823,,20873.0322,,
2026-09-02 19:21:14,42.4913567,-82.797892,,6.2786,296.6489,309.476,-6.6005,0.0,4.484,1.0704,130.9,0.1706,-0.1475,307.3333,308.0107,,,,,,,,,,21.7794,-32.2081,16.7352,-43.9193,273.1475,26.4641,,-6.4364,,,,,,,,,,,,,,,,,,,,,
2026-09-02 19:21:15,42.4913687,-82.7979266,19.2159,6.0065,296.9755,309.7624,60.9066,0.0,4.2932,-0.0241,130.7897,0.172,-0.1489,307.4983,307.3747,3.2754,15.4111,10.0,0.0035,48.092,19.1952,65.2911,0.0,,22.7853,-30.5513,17.7962,-40.6028,274.404,26.4641,,-5.2548,,,,,,,,,,,,,,,,,3914.9038,,20866.1424,,
2026-09-02 19:21:16,42.4913794,-82.7979599,,6.6479,296.0072,,12.1524,0.0,4.6626,0.5377,130.6295,0.1736,-0.1505,307.2043,306.9106,,,,,,,,,0.0,22.5543,-27.6805,17.4377,-36.9308,277.4072,,,-5.7765,,,,,,,,,,,,,,,,,,,,,
2026-09-02 19:21:17,42.4913934,-82.7979936,19.019,5.9482,296.6432,308.479,,0.0,,,130.5277,0.1753,-0.1521,,305.2146,,,,,,,,,,21.2575,-28.9981,16.265,-39.315,274.0168,26.4641,,-5.713,,,,,,,,,,,,,,,,,3913.9145,,20860.8931,,
2026-09-02 19:21:18,42.4914058,-82.7980267,,5.5983,295.2623,306.1757,-182.8159,0.0,4.7169,-0.0142,130.3951,0.1768,-0.1537,307.0079,301.5362,,,,,,,,,,21.5776,-25.2224,16.5462,-33.7599,277.2812,26.4469,,-5.6452,,,,,,,,,,,,,,,,,3913.2908,,20857.6122,,
2026-09-02 19:21:19,42.4914156,-82.7980596,19.019,4.4903,293.7325,301.466,-137.809,0.0,2.3368,1.2641,130.2361,0.1783,-0.1552,303.5114,298.0183,3.2755,15.4111,10.0,0.0041,48.092,19.1952,66.552,0.0,,22.6858,-15.5437,17.6579,-20.1375,287.1416,17.7723,,-4.9617,,,,,,,,,,,,,,,,,3912.5655,,20853.6752,,
2026-09-02 19:21:20,42.4914253,-82.7980899,,4.8013,293.7555,300.6123,154.6849,0.0,2.432,-0.5139,130.1034,0.1797,-0.1567,302.668,299.0496,,,,,,,,,0.0,22.8044,-14.3684,18.0359,-18.2863,286.0647,9.9572,,-5.3533,,,,,,,,,,,,,,,,,,,,,
2026-09-02 19:21:21,42.4914363,-82.7981196,19.019,4.8013,293.7555,301.741,19.6708,0.0,2.1713,-0.3597,130.0154,0.1811,-0.158,303.8941,299.9319,,,,,,,,,,22.813,-19.2493,18.404,-24.1207,279.7131,9.3384,,-4.5346,,,,,,,,,,,,,,,,,3911.6927,,20849.082,,
2026-09-02 19:21:22,42.4914461,-82.7981448,,5.0345,296.2478,302.5088,27.1548,0.0,2.7336,0.4479,129.9262,0.1824,-0.1593,304.7406,,,,,,,,,,,19.9321,-24.0444,15.9137,-30.6858,273.2343,13.4751,,-4.2566,,,,,,,,,,,,,,,,,,,,,
2026-09-02 19:21:23,42.4914562,-82.7981703,18.9534,4.8596,296.0817,302.5661,34.6766,0.0,3.3099,-0.1335,129.8453,0.1835,-0.1604,306.1672,300.1611,3.2755,15.4111,10.0,0.0024,48.092,19.1952,65.4757,0.0,,19.7358,-24.4197,15.6361,-31.454,272.5766,14.8961,,-4.2856,,,,,,,,,,,,,,,,,3911.051,,20845.4731,,
2026-09-02 19:21:24,42.4914655,-82.7981916,,4.6847,294.9931,303.1047,4.6822,0.0,2.5776,-0.0117,129.7816,0.1849,-0.1617,306.7577,300.2299,,,,,,,,,0.0,19.6422,-26.6881,15.5979,-34.4431,270.1529,14.9648,,-4.012,,,,,,,,,,,,,,,,,3910.7797,,20844.1608,,
2026-09-02 19:21:25,42.4914759,-82.7982208,19.019,5.0345,295.3196,300.1138,-239.0747,0.0,2.2432,1.064,129.691,0.1861,-0.1629,305.1629,300.4419,,,,,,,,,,,,,,,15.5721,,-4.3186,,,,,,,,,,,,,,,,,3910.3054,,20841.5361,,
2026-09-02 19:21:26,42.4914859,-82.7982451,,4.2376,295.6634,299.1799,117.1722,0.0,3.5285,1.8394,,,,302.7003,296.5171,,,,,,,,,,19.9869,-22.0547,16.0025,-27.9684,275.758,11.5328,,,,,,,,,,,,,,,,,,,3909.8591,,20839.2395,,
2026-09-02 19:21:27,42.4914935,-82.7982681,19.2159,4.0043,295.6577,,,0.0,,,129.566,0.1878,-0.1646,,297.3594,,,,,,,,,,19.4292,-35.036,16.0241,-44.1135,256.989,25.6791,,-4.5306,,,,,,,,,,,,,,,,,,,,,
2026-09-02 19:21:28,42.4914997,-82.7982898,,3.7905,299.1069,298.7846,-122.8204,0.0,0.6338,0.3286,129.4534,0.1889,-0.1657,304.2933,295.4228,3.2756,15.4111,10.0,0.0048,48.092,19.1952,66.1824,0.0,0.0,19.8974,-14.4684,16.137,-17.9429,282.7263,2.1993,,-3.9452,,,,,,,,,,,,,,,,,3908.9909,,20834.6463,,
2026-09-02 19:21:29,42.4915109,-82.7983169,19.0846,2.8574,296.3452,298.5382,158.4217,,2.4694,-1.357,129.3961,0.19,-0.1668,304.623,297.8464,,,,,,,,,,20.1905,-25.6447,17.0537,-30.8233,267.9956,26.5099,,-3.8011,,,,,,,,,,,,,,,,,3908.7807,,20833.334,,
2026-09-02 19:21:30,42.4915177,-82.7983365,,3.5572,303.1634,300.2914,128.3895,0.0,1.1541,2.7968,129.3025,0.191,-0.1678,302.3863,298.7287,,,,,,,,,,19.2028,-21.1453,15.9174,-25.7974,274.3977,10.2608,,-3.6177,,,,,,,,,,,,,,,,,,,,,
2026-09-02 19:21:31,42.4915266,-82.7983544,19.3143,3.6544,301.4675,303.7407,49.672,0.0,5.515,-1.1714,129.2761,0.192,-0.1687,315.2438,301.9201,3.2756,15.4111,10.0,0.0036,48.092,19.1952,66.7715,0.0,,19.683,-25.1803,16.6292,-30.2386,270.2738,16.2139,,-3.497,,,,,,,,,,,,,,,,,3908.5828,,20832.3497,,
2026-09-02 19:21:32,42.4915382,-82.7983721,,3.2851,305.2261,303.9584,173.3931,0.0,-1.2753,0.5229,129.2245,0.1929,-0.1696,300.6424,,,,,,,,,,0.0,17.0719,-19.537,13.889,-24.2709,279.3049,8.7253,,-3.0443,,,,,,,,,,,,,,,,,3908.564,,20832.3497,,
2026-09-02 19:21:33,42.4915498,-82.7983862,19.0846,3.4212,304.2349,309.0004,,0.0,,,129.2697,0.194,-0.1705,,303.4786,,,,,,,,,,21.1231,-41.2946,18.8182,-47.7961,257.5524,27.9022,,-3.1464,,,,,,,,,,,,,,,,,,,,,
2026-09-02 19:21:34,42.4915598,-82.7984006,,4.257,311.0874,318.6032,544.6319,0.0,1.5767,1.4922,129.3125,0.1949,-0.1712,312.7924,311.3968,,,,,,,,,,18.4869,-38.7985,15.936,-46.6253,262.8325,27.9194,,-3.2009,,,,,,,,,,,,,,,,,3909.3848,,20836.6148,,
2026-09-02 19:21:35,42.4915723,-82.7984176,18.9534,5.1706,321.4752,321.9321,165.885,0.0,2.2177,-0.2071,129.3394,0.1959,-0.172,318.7346,318.3296,3.2756,15.4111,10.0,0.005,48.092,19.1952,63.3413,0.0,,19.3107,-42.5679,16.1882,-53.7986,261.635,27.9194,,-3.5564,,,,,,,,,,,,,,,,,,,,,
2026-09-02 19:21:36,42.4915899,-82.7984367,,5.7926,317.6707,324.6422,128.3792,0.0,5.6885,1.5484,129.4058,0.1972,-0.173,321.022,321.2001,,,,,,,,,0.0,18.9341,-43.9358,15.4309,-58.3613,262.0302,28.5324,,-4.6516,,,,,,,,,,,,,,,,,3910.11,,20840.5518,,
2026-09-02 19:21:37,42.491611,-82.7984638,19.4455,6.6868,315.6654,324.5562,-119.0595,0.0,5.158,3.1741,129.4778,0.1985,-0.1741,324.1055,322.1169,,,,,,,,,,18.833,-41.0373,14.6295,-57.6933,266.4476,28.5726,,-5.7505,,,,,,,,,,,,,,,,,,,,,
2026-09-02 19:21:38,42.4916301,-82.7984934,,6.5119,311.1161,,-426.4628,0.0,4.169,1.8321,129.523,0.2002,-0.1755,324.3585,319.0687,,,,,,,,,,,,,,,28.1085,,-6.2633,,,,,,,,,,,,,,,,,3910.1889,,20840.8799,,
2026-09-02 19:21:39,42.4916492,-82.7985235,19.1503,6.3369,313.3162,318.7865,-13.9676,0.0,7.9533,2.7997,129.5141,0.2019,-0.177,317.9976,315.7513,3.2757,15.4111,10.0,0.0041,48.092,19.1952,65.275,0.0,,22.1252,-41.9065,17.7769,-56.2317,268.735,28.3033,,-6.8927,,,,,,,,,,,,,,,,,3909.9925,,20839.8957,,
2026-09-02 19:21:40,42.4916674,-82.7985538,,6.4341,302.0061,317.3656,-70.2091,0.0,3.2878,2.1476,129.5331,0.2036,-0.1785,316.9729,314.4335,,,,,,,,,0.0,22.7582,-38.6818,18.2933,-51.0358,270.4303,,,-6.4635,,,,,,,,,,,,,,,,,3909.8453,,20839.2395,,
2026-09-02 19:21:41,42.4916841,-82.7985877,19.2159,6.3564,304.3666,315.3144,,0.0,,,129.4964,0.2054,-0.1801,,312.2162,,,,,,,,,,20.4421,-34.291,15.5845,-47.6467,275.3989,26.1833,,-6.2686,,,,,,,,,,,,,,,,,3909.5086,,20837.271,,
2026-09-02 19:21:42,42.4916996,-82.7986186,,5.9676,304.338,314.8732,27.282,0.0,4.3029,0.4629,129.4505,0.2072,-0.1817,313.9857,313.4709,,,,,,,,,,22.3842,-31.5978,17.3015,-42.6778,277.0878,21.0725,,-6.0427,,,,,,,,,,,,,,,,,3909.2235,,20835.9587,,
2026-09-02 19:21:43,42.4917145,-82.7986507,19.0846,6.4341,304.3323,315.7269,-51.4803,0.0,2.7542,-1.0906,129.3806,0.2096,-0.184,314.2302,,3.2757,15.4111,10.0,0.0048,48.092,19.1952,65.5137,0.0,,22.5219,-32.2756,17.6388,-42.9863,276.1465,22.9003,,-6.3705,,,,,,,,,,,,,,,,,3909.0024,,20834.6463,,
2026-09-02 19:21:44,42.4917313,-82.7986886,,,,312.7246,-160.2437,0.0,2.474,0.5457,129.3081,0.2114,-0.1857,310.9404,312.1016,,,,,,,,,0.0,21.5814,-32.114,16.5915,-43.748,275.1026,20.5798,,-6.2743,,,,,,,,,,,,,,,,,,,,,
2026-09-02 19:21:45,42.4917471,-82.7987174,19.2159,6.1231,304.3323,313.3549,72.258,0.0,3.5993,0.8801,129.2913,0.213,-0.1871,311.446,309.9071,,,,,,,,,,21.9166,-32.8828,17.1579,-43.9078,272.5761,20.5798,,-6.1002,,,,,,,,,,,,,,,,,3908.2775,,20830.7093,,
2026-09-02 19:21:46,42.4917648,-82.798748,19.1503,5.9676,298.8548,311.5157,-62.7354,0.0,1.9681,1.3729,,,,309.4742,310.801,,,,,,,,,,21.5427,-33.9703,16.9128,-45.3756,272.0572,23.4904,,,,,,,,,,,,,,,,,,,3908.1577,,20830.0532,,
2026-09-02 19:21:47,42.4917802,-82.7987778,,5.851,302.5905,309.9458,-111.4861,0.0,3.1638,-1.4552,129.2533,0.2155,-0.1894,,309.0191,3.2757,15.4111,10.0,0.0043,48.092,19.1952,66.0197,0.0,,22.5563,-36.4038,18.1948,-47.3694,267.8854,26.5328,,-6.0308,,,,,,,,,,,,,,,,,,,,,
2026-09-02 19:21:48,42.4917959,-82.798804,19.0846,5.6371,303.1634,,218.4997,0.0,6.1747,1.7417,129.2253,0.2171,-0.1909,307.8939,307.9476,,,,,,,,,0.0,21.36,-34.3779,16.9866,-45.2367,266.8598,20.66,,-5.5982,,,,,,,,,,,,,,,,,3907.7255,,20827.7566,,
2026-09-02 19:21:49,42.4918088,-82.7988334,19.5768,5.7732,306.2058,311.3782,-197.7392,0.0,3.0317,-0.418,129.2254,0.2186,-0.1922,310.6066,307.856,,,,,,,,,,20.0375,-32.7811,15.5515,-44.2357,269.7601,28.2402,,-5.8117,,,,,,,,,,,,,,,,,,,,,
2026-09-02 19:21:50,42.4918212,-82.798866,,6.2397,297.8808,307.9462,-77.7481,0.0,7.2316,0.0579,129.152,0.2201,-0.1936,307.1663,303.6504,,,,,,,,,,21.3432,-36.2726,16.8894,-48.3864,262.963,26.55,,-5.7729,,,,,,,,,,,,,,,,,3906.8075,,20822.8353,,
2026-09-02 19:21:51,42.4918338,-82.7988992,19.2159,5.9287,298.8548,305.5168,,0.0,,,129.0681,0.2217,-0.1952,303.411,302.8769,,,,,,,,,,21.7326,-32.601,17.031,-43.4345,266.1366,26.613,,-5.8946,,,,,,,,,,,,,,,,,,,,,
2026-09-02 19:21:52,42.4918458,-82.7989411,,6.5313,293.618,303.7979,-205.2644,0.0,6.9428,-1.7691,128.9547,0.2235,-0.197,302.6248,301.118,3.2758,15.4111,10.0,0.0035,48.092,19.1952,66.0438,0.0,0.0,21.1642,-31.8568,16.0797,-44.0025,264.2557,27.3865,,-5.6281,,,,,,,,,,,,,,,,,3905.4892,,20815.9455,,
2026-09-02 19:21:53,42.491857,-82.7989755,19.3799,6.1231,295.4514,303.1104,-66.5307,0.0,6.4363,-0.2705,128.8189,0.2252,-0.1988,303.072,,,,,,,,,,,,,,,,27.3693,,-6.5133,,,,,,,,,,,,,,,,,3904.9628,,20812.9928,,
2026-09-02 19:21:54,42.4918672,-82.7990145,,6.8812,292.0423,301.5348,-149.0401,0.0,5.4084,0.265,128.6991,0.2269,-0.2004,299.666,300.7284,,,,,,,,,,22.048,-28.5387,16.6309,-39.299,268.6226,27.5126,,-5.9474,,,,,,,,,,,,,,,,,3904.0788,,20808.3996,,
2026-09-02 19:21:55,42.4918767,-82.7990534,19.3799,6.9589,296.6947,301.8327,113.4456,0.0,6.3662,0.6415,128.5561,0.2286,-0.2023,301.5705,298.6485,3.2758,15.4111,10.0,0.0039,48.092,19.1952,65.6098,0.0,,21.9486,-28.8486,16.1401,-41.006,264.8019,27.9194,,-6.8748,,,,,,,,,,,,,,,,,3903.2878,,20804.1345,,
2026-09-02 19:21:56,42.4918844,-82.7990949,,6.6674,287.3211,299.8732,-47.8191,0.0,3.306,0.7254,128.3972,0.2301,-0.2039,,298.8319,,,,,,,,,0.0,22.833,-25.8101,17.201,-35.3063,271.3142,26.8365,,-6.0653,,,,,,,,,,,,,,,,,,,,,
2026-09-02 19:21:57,42.4918941,-82.799134,19.3799,6.6285,291.5553,300.4805,150.9446,0.0,4.1042,0.494,128.2112,0.2319,-0.2057,296.9149,297.1989,,,,,,,,,,23.294,-26.6739,17.6083,-36.4318,267.508,27.5355,,-6.347,,,,,,,,,,,,,,,,,3901.3344,,20793.6358,,
2026-09-02 19:21:58,42.4919026,-82.799174,19.5112,6.6091,290.4151,298.0455,94.703,0.0,6.1544,3.6093,128.0598,0.2336,-0.2075,299.228,296.202,,,,,,,,,,26.0127,-25.0059,20.2789,-32.8357,270.3919,27.1058,,-6.3252,,,,,,,,,,,,,,,,,3900.3804,,20788.7146,,
2026-09-02 19:21:59,42.4919099,-82.7992081,19.5112,6.3369,290.8334,,-276.522,0.0,5.8046,-1.2981,127.8945,0.2353,-0.2094,299.8173,295.1592,3.2759,15.4111,10.0,0.002,48.092,19.1952,67.1331,0.0,,22.3395,-28.44,16.8631,-39.1165,263.1645,28.3033,,-6.6751,,,,,,,,,,,,,,,,,,,,,
2026-09-02 19:22:00,42.4919172,-82.7992463,,6.4341,289.8479,295.4671,,0.0,,,127.723,0.2369,-0.2111,298.276,292.7241,,,,,,,,,0.0,23.9665,-24.3812,18.4377,-32.4519,267.2325,26.3323,,-5.432,,,,,,,,,,,,,,,,,3898.5851,,20779.2001,,
2026-09-02 19:22:01,42.4919231,-82.7992758,19.3143,5.4039,288.404,294.0118,-96.5251,0.0,6.0228,0.1523,127.5828,0.2383,-0.2127,298.7717,292.1168,,,,,,,,,,24.3154,-23.1589,19.1443,-29.9677,267.987,26.5729,,-5.8435,,,,,,,,,,,,,,,,,3897.9811,,20775.9193,,
2026-09-02 19:22:02,42.4919326,-82.7993075,,6.0842,288.3926,295.1176,109.7054,0.0,3.9193,-1.0936,127.4635,0.2396,-0.214,,295.0905,,,,,,,,,,23.3981,-22.7917,18.0836,-30.0813,266.9805,,,-5.1255,,,,,,,,,,,,,,,,,3897.3521,,20772.6385,,
2026-09-02 19:22:03,42.4919396,-82.7993371,19.2159,4.8985,288.3926,299.2659,207.1861,0.0,4.6253,-0.2554,127.3783,0.241,-0.2155,300.9538,296.4083,3.2759,15.4111,10.0,0.0042,48.092,19.1952,66.1257,0.0,,23.0558,-22.7503,18.1735,-29.3804,269.9301,26.5099,,-5.6246,,,,,,,,,,,,,,,,,3896.9523,,20770.3419,,
2026-09-02 19:22:04,42.4919526,-82.7993679,,6.5119,288.3926,299.1685,45.9317,0.0,7.3366,2.5557,127.2679,0.2423,-0.2169,300.7508,,,,,,,,,,0.0,21.4803,-27.5487,16.3512,-37.4147,263.4268,27.2433,,-5.2604,,,,,,,,,,,,,,,,,3896.4042,,20767.3891,,
2026-09-02 19:22:05,42.491962,-82.7994022,19.9377,5.1317,288.3926,296.8594,-340.3094,0.0,6.7791,-1.0556,127.2273,0.2438,-0.2182,300.611,297.0041,,,,,,,,,,22.8291,-23.1723,17.9686,-29.996,271.2809,28.1658,,-4.9305,,,,,,,,,,,,,,,,,,,,,
2026-09-02 19:22:06,42.4919698,-82.7994367,19.1503,4.7624,288.3926,293.4618,-171.5333,0.0,5.0526,1.7816,127.0558,0.246,-0.2205,297.0692,292.9877,,,,,,,,,,23.7862,-24.4155,18.7252,-31.6731,267.4376,27.4553,,-5.4328,,,,,,,,,,,,,,,,,3894.9926,,20759.8432,,
2026-09-02 19:22:07,42.491977,-82.7994751,,5.987,288.3926,292.2529,8.474,0.0,2.1998,-1.0721,126.8958,0.2477,-0.2223,296.7594,290.1974,3.2759,15.4111,10.0,0.0024,48.092,19.1952,66.4556,0.0,,24.5892,-21.4983,19.5156,-27.5001,268.3909,27.037,,-5.3457,,,,,,,,,,,,,,,,,3893.9492,,20754.2658,,
2026-09-02 19:22:08,,,19.019,5.3261,288.3926,293.2326,,0.0,2.2155,1.4392,126.7787,0.2491,-0.2239,,290.1172,,,,,,,,,0.0,23.1229,-23.1124,18.3872,-29.5799,265.135,26.8594,,-5.1649,,,,,,,,,,,,,,,,,3893.2689,,20750.6568,,
2026-09-02 19:22:09,42.4919844,-82.7995063,,5.1512,288.3926,,72.2099,0.0,2.2323,-0.0464,126.662,0.2503,-0.2252,297.7434,291.2574,,,,,,,,,,23.0243,-23.039,18.4773,-29.1871,265.3248,26.4297,,-5.1684,,,,,,,,,,,,,,,,,,,,,
2026-09-02 19:22:10,42.4919908,-82.7995355,18.9534,5.0734,288.3926,295.0718,259.708,0.0,3.7877,-0.3596,126.5677,0.2517,-0.2266,299.4775,293.6982,,,,,,,,,,22.683,-26.0803,18.2869,-33.0461,263.0196,26.4641,,-4.691,,,,,,,,,,,,,,,,,3892.1295,,20744.7513,,
2026-09-02 19:22:11,42.4919997,-82.7995679,,5.2095,288.3926,296.0458,113.4525,0.0,,,126.4985,0.2532,-0.2281,300.7147,295.1019,3.276,15.4111,10.0,0.0063,48.092,19.1952,66.3405,0.0,,21.5577,-28.2762,17.1326,-36.5893,261.0801,26.825,,-4.3788,,,,,,,,,,,,,,,,,3891.665,,20742.1266,,
2026-09-02 19:22:12,42.4920102,-82.799597,19.3143,5.8704,288.3926,297.9767,-21.5409,0.0,4.5761,-0.4939,126.4047,0.2548,-0.2297,302.6399,295.5603,,,,,,,,,0.0,20.2159,-28.9706,15.4885,-39.2124,260.4292,28.0282,,-4.8987,,,,,,,,,,,,,,,,,,,,,
2026-09-02 19:22:13,42.4920218,-82.7996362,,5.5594,288.3926,295.937,-389.0326,0.0,4.6768,0.1939,126.3172,0.2565,-0.2314,300.4404,289.9625,,,,,,,,,,20.7224,-27.4429,15.9336,-36.8252,261.8134,27.5126,,-5.345,,,,,,,,,,,,,,,,,3890.3698,,20735.2369,,
2026-09-02 19:22:14,42.4920325,-82.7996717,19.0846,5.0929,284.4162,286.3686,-674.0046,0.0,3.8312,-0.061,,,,291.3344,,,,,,,,,,,20.6798,-24.2834,16.2902,-31.4711,261.6224,27.0141,,,,,,,,,,,,,,,,,,,3889.0836,,20728.3471,,
2026-09-02 19:22:15,42.4920381,-82.7997047,,4.1209,275.3406,270.6294,-580.2332,0.0,2.6392,0.2896,126.1244,0.2587,-0.2338,279.5415,276.3318,3.276,15.4111,10.0,0.0023,48.092,19.1952,68.7673,0.0,,,,,,,-14.5769,,-4.3748,,,,,,,,,,,,,,,,,,,,,
2026-09-02 19:22:16,42.4920394923422,-82.79972906948629,18.8222,2.8186,262.3459,258.3337,,0.0,1.5839,-1.4508,126.0139,0.2595,-0.2347,268.0462,262.4032,,,,,,,,,0.0,22.4309,-5.0474,18.6311,-6.0803,275.7628,27.9595,,-2.9863,,,,,,,,,,,,,,,,,3886.7588,,20716.208,,
2026-09-02 19:22:17,42.49203870673441,-82.79974823199343,,2.9741,252.5827,247.1725,-520.2411,0.0,1.4799,-1.2762,125.8687,0.2607,-0.2361,256.4226,250.056,,,,,,,,,,20.8417,-26.0878,18.0896,-30.4409,238.3124,21.8059,,-1.9562,,,,,,,,,,,,,,,,,3885.8011,,20710.9587,,
2026-09-02 19:22:18,42.49204033417502,-82.7997660409732,19.019,2.5659,246.2802,238.7844,-389.0292,0.0,,,125.8194,0.261,-0.2365,,240.2126,,,,,,,,,,21.3251,-18.4221,19.1186,-20.6394,235.8078,21.2788,,-1.2577,,,,,,,,,,,,,,,,,,,,,
2026-09-02 19:22:19,42.492039892739534,-82.79977327206848,,1.3218,233.4746,230.5797,-280.3139,0.0,-0.6481,0.0095,125.758,0.2612,-0.2367,249.7873,232.6037,3.2761,15.4111,10.0,0.0006,48.092,19.1952,70.4952,0.0,,19.9345,-5.2953,17.8673,-5.91,241.0286,-24.5234,,-0.646,,,,,,,,,,,,,,,,,3884.9037,,20706.3655,,
2026-09-02 19:22:20,42.49203765103158,-82.79977687259222,19.2159,1.0886,221.557,,-231.6285,0.0,0.911,-1.8077,125.6855,0.2612,-0.2369,242.8055,224.4619,,,,,,,,,0.0,19.8316,33.4355,18.8778,35.3689,272.5649,-25.0849,,-0.2409,,,,,,,,,,,,,,,,,,,,,
2026-09-02 19:22:21,42.492031159409954,-82.79978214844218,19.1503,2.216,210.35,224.0881,-445.4632,0.0,-2.4877,1.9718,,,,236.6175,217.2484,,,,,,,,,,18.7366,37.9674,17.4978,41.2061,273.8243,-25.3199,,,,,,,,,,,,,,,,,,,3883.7712,,20700.1319,,
2026-09-02 19:22:22,42.49202191813385,-82.79978459838551,,2.0605,186.5665,215.7859,109.5369,0.0,-5.5376,-5.1946,125.5095,0.2609,-0.2369,229.6767,213.8393,,,,,,,,,,18.81,29.9596,17.2439,33.0073,258.605,-25.7267,,0.1828,,,,,,,,,,,,,,,,,3883.2196,,20697.1791,,
2026-09-02 19:22:23,42.4920108,-82.7997887,19.2159,3.0324,187.5921,215.8718,-265.4628,0.0,-6.1068,1.9348,125.375,0.2607,-0.237,230.7002,210.6938,3.2761,15.4111,10.0,0.0023,48.092,19.1952,73.2951,0.0,,17.2685,33.2849,15.0701,38.9663,261.8107,,,1.062,,,,,,,,,,,,,,,,,3882.4033,,20692.914,,
2026-09-02 19:22:24,42.4919966,-82.7997934,19.3799,2.4298,183.2262,211.2481,,0.0,-8.0362,-4.8522,125.202,0.2604,-0.237,231.0837,211.599,,,,,,,,,0.0,17.2543,29.1725,14.9036,34.3552,252.758,-26.0303,,1.385,,,,,,,,,,,,,,,,,3881.5583,,20688.3209,,
2026-09-02 19:22:25,42.4919844,-82.7997999,,3.5184,195.8885,214.5884,353.2972,0.0,-8.129,2.897,125.0299,0.2601,-0.2372,,,,,,,,,,,,17.1331,33.8001,14.2519,41.9715,260.025,-26.397,,1.6833,,,,,,,,,,,,,,,,,3856.5773,,20682.0873,,
2026-09-02 19:22:26,42.491964,-82.7998084,19.4455,3.2851,193.0066,212.7607,-201.7304,0.0,-10.9613,-3.4279,124.7714,0.2598,-0.2373,231.8447,209.6682,,,,,,,,,,19.9824,31.8245,16.785,38.8858,255.3961,-26.4887,,1.336,,,,,,,,,,,,,,,,,2940.398,,20676.1818,,
2026-09-02 19:22:27,42.4919451,-82.7998204,,5.0345,199.1659,213.8665,150.8449,0.0,,,124.5092,0.2596,-0.2376,237.769,211.7881,3.2761,15.4111,10.0,0.0002,48.092,19.1952,73.1369,0.0,,18.5789,30.6965,14.6556,40.327,257.435,-26.5804,,1.6747,,,,,,,,,,,,,,,,,2635.9557,,20668.9639,,
2026-09-02 19:22:28,42.4919237,-82.7998357,19.4455,5.3067,209.1124,214.8692,0.8354,0.0,-9.1472,0.8789,124.0165,0.2594,-0.2383,238.1397,212.1605,,,,,,,,,0.0,19.86,27.8142,15.3763,37.0612,252.8441,-26.8038,,0.5866,,,,,,,,,,,,,,,,,2322.6097,,20658.7933,,
2026-09-02 19:22:29,42.4919008,-82.7998544,19.4455,6.162,214.3951,218.559,184.5829,0.0,-7.3686,2.129,123.6323,0.2594,-0.239,243.5157,214.8305,,,,,,,,,,18.9263,27.1821,13.7696,38.8953,255.0517,-26.8038,,0.525,,,,,,,,,,,,,,,,,,,,,
2026-09-02 19:22:30,42.4918748,-82.7998825,,6.2786,217.5578,,98.2989,0.0,-6.9648,1.6177,123.2346,0.2596,-0.2399,244.6054,217.2369,,,,,,,,,,21.4075,25.0483,15.933,34.6704,252.6848,-26.4887,,-0.5871,,,,,,,,,,,,,,,,,1951.7781,,20638.4521,,
2026-09-02 19:22:31,42.4918519,-82.7999098,19.2159,6.3175,220.6976,220.7019,101.9808,0.0,-7.109,2.1412,122.8352,0.2598,-0.2408,245.6604,220.3023,3.2762,15.4111,10.0,0.002,48.092,19.1952,73.5609,0.0,,21.3585,23.5652,15.7951,32.725,252.2585,-26.4715,,-0.6737,,,,,,,,,,,,,,,,,,,,,
2026-09-02 19:22:32,42.491831,-82.7999352,,6.2203,226.0204,223.9047,,0.0,-3.9027,0.2943,,,,248.8866,225.3443,,,,,,,,,0.0,21.303,18.9022,15.5687,26.3129,248.1133,-26.0876,,,,,,,,,,,,,,,,,,,1970.2374,,20615.4862,,
2026-09-02 19:22:33,42.4918109,-82.7999672,18.9534,5.5205,231.452,229.7088,248.2122,0.0,-3.2852,0.3036,122.2735,0.2604,-0.2423,251.7883,228.7763,,,,,,,,,,22.7197,17.6469,17.4189,23.2911,249.026,-25.2454,,-1.4781,,,,,,,,,,,,,,,,,,,,,
2026-09-02 19:22:34,42.4917945,-82.799996,,5.2484,233.3084,230.3276,41.9646,0.0,-2.9623,1.0038,121.9388,0.261,-0.2433,249.8941,225.2412,,,,,,,,,,21.9262,16.8733,16.8804,22.1492,249.2535,-25.2454,,-1.844,,,,,,,,,,,,,,,,,2376.8774,,20596.1293,,
2026-09-02 19:22:35,42.4917785,-82.8000216,19.0846,4.8596,229.292,225.2454,-138.0462,0.0,-2.1781,-0.8292,121.6231,0.2615,-0.2443,242.7765,,3.2762,13.6876,10.0,0.001,48.092,17.2865,74.7853,0.0,,,,,,,-25.2454,,-1.9393,,,,,,,,,,,,,,,,,2534.4926,,20587.271,,
2026-09-02 19:22:36,42.4917615,-82.8000425,19.019,4.743,218.6522,217.2183,-276.7592,0.0,,,121.3547,0.2618,-0.245,,218.0677,,,,,,,,,0.0,22.4612,14.8332,17.7826,18.8664,243.6949,-25.5147,,-1.4966,,,,,,,,,,,,,,,,,2573.4652,,20578.7408,,
2026-09-02 19:22:37,42.4917427,-82.8000611,18.9534,5.1317,212.3095,210.7496,-182.9363,0.0,-3.2409,0.3131,121.0435,0.2619,-0.2457,238.4955,211.0662,,,,,,,,,,21.789,15.9018,17.1067,20.4252,240.5911,-25.7267,,-0.628,,,,,,,,,,,,,,,,,2404.7321,,20571.1949,,
2026-09-02 19:22:38,42.4917196,-82.8000801,,6.0065,209.4505,207.776,-74.1247,,-6.4407,1.0635,120.713,0.262,-0.2462,237.2033,206.1674,,,,,,,,,,19.9749,18.904,15.1009,25.3757,240.3327,-26.2423,,-0.143,,,,,,,,,,,,,,,,,2115.8073,,20562.3366,,
2026-09-02 19:22:39,42.4916961,-82.8000993,19.2159,6.5896,209.0494,206.928,-126.6157,0.0,-8.1099,1.1939,120.3664,0.262,-0.2468,237.7582,205.3538,3.2762,13.6876,10.0,0.0009,48.092,17.2865,76.5087,0.0,,20.1993,19.7324,14.6507,27.7425,238.6309,-26.334,,0.1224,,,,,,,,,,,,,,,,,1899.8248,,20551.5098,,
2026-09-02 19:22:40,42.4916687,-82.8001197,,6.9201,208.8947,209.936,,0.0,-9.1152,0.2734,119.9638,0.2619,-0.2474,236.867,205.8523,,,,,,,,,0.0,21.876,18.9222,15.6892,26.8825,235.9078,-26.4371,,0.0652,,,,,,,,,,,,,,,,,1827.2718,,20540.355,,
2026-09-02 19:22:41,42.4916396,-82.8001452,19.3143,8.0086,208.7056,,15.8686,0.0,-8.1829,1.0585,119.5224,0.262,-0.2481,238.4988,207.8634,,,,,,,,,,23.5566,18.0596,16.6579,26.0012,235.8682,-26.4715,,0.0884,,,,,,,,,,,,,,,,,,,,,
2026-09-02 19:22:42,42.4916092,-82.8001729,,7.3283,209.4791,211.2767,143.3644,0.0,-9.6354,2.725,119.0535,0.2622,-0.2489,239.5942,208.9405,,,,,,,,,,23.7049,19.5307,16.3831,28.9287,239.9336,-26.5116,,0.0454,,,,,,,,,,,,,,,,,1570.4067,,20514.1083,,
2026-09-02 19:22:43,42.4915795,-82.8001998,19.4455,8.2224,212.1605,211.2538,-36.6704,0.0,-9.0642,-1.3001,118.578,0.2624,-0.2498,238.9518,211.7022,3.2763,13.6876,10.0,0.0017,48.092,17.2865,75.6391,0.0,,26.1034,16.9749,18.7552,23.975,234.881,-26.6033,,-0.0185,,,,,,,,,,,,,,,,,,,,,
2026-09-02 19:22:44,42.4915492,-82.8002294,19.2487,7.717,212.1319,213.4712,-227.9226,0.0,-9.4677,0.0066,118.0973,0.2626,-0.2507,238.7499,210.8026,,,,,,,,,0.0,25.7656,18.305,18.4689,25.9865,238.5341,-26.4199,,-0.5736,,,,,,,,,,,,,,,,,1597.4201,,20487.5335,,
2026-09-02 19:22:45,42.4915165,-82.8002628,,7.9309,214.8248,213.7748,75.792,0.0,,,117.6239,0.2629,-0.2516,,212.9455,,,,,,,,,,25.4313,19.1961,18.0193,27.6488,241.2134,-26.695,,-0.605,,,,,,,,,,,,,,,,,1516.6632,,20473.7539,,
2026-09-02 19:22:46,42.491487,-82.8002921,19.2487,7.6782,219.6606,216.399,26.9072,0.0,-10.3909,1.6156,117.1417,0.2633,-0.2526,239.5428,,,,,,,,,,,26.266,17.7691,18.9896,24.9686,238.755,-26.6033,,-0.804,,,,,,,,,,,,,,,,,1486.8069,,20460.6306,,
2026-09-02 19:22:47,42.491459,-82.8003229,,7.4838,218.824,217.2985,-134.3471,0.0,-9.7704,-0.468,116.6785,0.2637,-0.2536,238.5219,215.7129,3.2763,13.6876,10.0,0.0025,48.092,17.2865,74.1426,0.0,,25.3364,17.5503,18.2196,24.7923,240.1597,,,-1.6562,,,,,,,,,,,,,,,,,1579.1154,,20447.5072,,
2026-09-02 19:22:48,42.4914327,-82.8003525,19.3799,7.4255,220.1017,217.5105,,0.0,-8.0846,-0.987,116.2305,0.2642,-0.2546,238.5384,214.2232,,,,,,,,,0.0,,,,,,-26.5517,,-1.6981,,,,,,,,,,,,,,,,,,,,,
2026-09-02 19:22:49,42.4914066,-82.8003823,,7.0367,220.1017,217.7168,139.4247,0.0,-7.2386,-0.4378,115.7983,0.2647,-0.2556,239.0198,215.6155,,,,,,,,,,24.7808,17.1983,17.7938,24.3168,240.2045,-26.5345,,-1.8115,,,,,,,,,,,,,,,,,1677.8945,,20422.5728,,
2026-09-02 19:22:50,42.4913825,-82.8004109,19.3799,6.9395,223.041,219.619,124.4155,0.0,,,115.3876,0.2652,-0.2566,,217.4432,,,,,,,,,,23.8666,15.6399,17.1639,22.0163,238.5051,-26.4887,,-1.9236,,,,,,,,,,,,,,,,,,,,,
2026-09-02 19:22:51,42.4913593,-82.8004372,19.2487,6.2592,223.8489,,-29.3343,0.0,-6.7553,2.1534,114.9991,0.2658,-0.2576,241.161,217.5234,3.2764,13.6876,10.0,0.0012,48.092,17.2865,73.7497,0.0,,22.6925,18.4093,16.5252,25.7003,242.8879,-26.1908,,-2.206,,,,,,,,,,,,,,,,,1955.6697,,20399.935,,
2026-09-02 19:22:52,42.4913364,-82.8004655,,5.5983,222.3706,221.3149,68.1705,0.0,-6.3519,0.1348,114.6077,0.2663,-0.2586,242.9056,217.5349,,,,,,,,,0.0,24.164,16.7741,18.2957,22.4058,240.4837,-26.5345,,-1.8911,,,,,,,,,,,,,,,,,,,,,
2026-09-02 19:22:53,42.4913171,-82.8004886,19.3799,6.0453,221.4367,217.7168,83.1797,0.0,-6.593,-4.2037,114.3142,0.2667,-0.2592,239.8985,216.2114,,,,,,,,,,23.9478,16.4304,18.6065,21.349,239.8963,-26.5517,,-1.8897,,,,,,,,,,,,,,,,,2063.7765,,20380.5781,,
2026-09-02 19:22:54,42.4912963,-82.8005122,,6.2008,218.6235,216.6912,41.9577,0.0,-7.829,-0.7188,113.8179,0.2673,-0.2604,239.5604,214.7331,,,,,,,,,,22.7008,19.48,17.2651,26.0061,243.9693,-26.5517,,-1.59,,,,,,,,,,,,,,,,,,,,,
2026-09-02 19:22:55,42.491275,-82.8005352,19.2159,6.0648,220.3137,217.4761,120.744,0.0,-7.7352,-1.4025,,,,242.2195,216.2515,3.2764,13.6876,10.0,0.0008,48.092,17.2865,74.1672,0.0,,23.1406,17.6877,17.5869,23.564,240.7029,-26.5345,,,,,,,,,,,,,,,,,,,2015.1824,,20360.565,,
2026-09-02 19:22:56,42.4912548,-82.8005584,,5.5983,219.523,218.2267,-160.5015,0.0,-7.8114,-0.0237,113.3056,0.268,-0.2616,241.6471,,,,,,,,,,0.0,20.8461,19.4628,15.4922,26.6373,243.9623,-26.5517,,-1.7547,,,,,,,,,,,,,,,,,,,,,
2026-09-02 19:22:57,42.4912337,-82.8005828,19.1503,4.9762,217.701,218.2152,,0.0,,,112.9808,0.2685,-0.2624,,215.7129,,,,,,,,,,23.7692,17.7831,18.4273,23.2005,240.2754,-26.6491,,-1.6393,,,,,,,,,,,,,,,,,2123.3605,,20340.8799,,
2026-09-02 19:22:58,42.4912142,-82.8006022,,5.7926,213.6502,215.4822,-389.2492,0.0,-8.6219,2.3404,112.6551,0.2689,-0.2631,240.6086,212.0574,,,,,,,,,,25.794,22.1614,20.9553,27.6662,244.7907,-26.8038,,-1.7601,,,,,,,,,,,,,,,,,,,,,
2026-09-02 19:22:59,42.4911941,-82.8006237,19.2159,5.5205,213.9081,212.1362,0.7322,0.0,-10.4477,0.6549,112.3603,0.2693,-0.2638,242.8314,212.1949,3.2764,13.6876,10.0,0.0027,48.092,17.2865,70.6306,0.0,,23.2075,21.9917,18.3952,28.1926,243.6051,-26.5746,,-0.9356,,,,,,,,,,,,,,,,,2348.2135,,20322.5072,,
2026-09-02 19:23:00,42.4911709,-82.8006447,,,,211.5861,203.243,0.0,-11.9193,-3.1349,112.0172,0.2697,-0.2645,240.0705,211.1865,,,,,,,,,0.0,21.9389,23.555,17.1098,30.8253,244.6839,-26.8153,,-1.0674,,,,,,,,,,,,,,,,,,,,,
2026-09-02 19:23:01,42.4911499,-82.8006619,19.5112,5.1901,211.6162,,-280.4892,0.0,-12.6867,0.4413,111.7174,0.2699,-0.265,238.4435,208.9806,,,,,,,,,,23.2564,19.2615,18.1668,24.9798,237.7278,-27.0731,,-1.0197,,,,,,,,,,,,,,,,,2301.8564,,20305.1188,,
2026-09-02 19:23:02,42.4911286,-82.8006812,,5.9676,216.5322,213.4941,-122.951,0.0,-12.2854,3.4113,111.3939,0.2703,-0.2656,240.6069,209.7026,,,,,,,,,,20.6484,23.258,15.5848,31.545,244.2695,-26.9757,,-1.3464,,,,,,,,,,,,,,,,,,,,,
2026-09-02 19:23:03,42.4911048,-82.8007034,19.4455,5.5205,209.3015,211.9528,154.5542,0.0,-11.4478,-0.866,111.0466,0.2705,-0.2662,241.0378,211.5074,3.2765,13.6876,10.0,0.0006,48.092,17.2865,71.7401,0.0,,,,,,,-27.3137,,-0.9497,,,,,,,,,,,,,,,,,2002.1223,,20285.1056,,
2026-09-02 19:23:04,42.4910823,-82.8007262,,6.0259,216.1541,213.2706,-62.9245,0.0,-11.0206,1.1012,110.6928,0.271,-0.267,240.8707,212.2236,,,,,,,,,0.0,21.2086,20.6447,15.7575,28.3293,239.7494,-26.9528,,-1.9247,,,,,,,,,,,,,,,,,,,,,
2026-09-02 19:23:05,42.4910603,-82.8007505,18.8878,6.1231,218.5834,215.2244,,0.0,,,110.3896,0.2715,-0.2677,,214.1888,,,,,,,,,,20.5417,20.0591,15.0112,27.9925,240.1574,-26.8325,,-1.6997,,,,,,,,,,,,,,,,,1936.4436,,20264.4363,,
2026-09-02 19:23:06,42.4910384,-82.8007738,,6.1231,219.7465,216.3359,124.6183,0.0,-7.1847,0.4156,110.0513,0.2721,-0.2685,241.4339,214.3321,,,,,,,,,,21.4119,19.4075,15.7729,26.8129,240.3546,-26.8038,,-2.1661,,,,,,,,,,,,,,,,,2129.9888,,20254.2657,,
2026-09-02 19:23:07,42.4910167,-82.8007973,18.8222,5.9482,221.0127,215.9979,15.8618,0.0,-6.8942,-2.2267,109.722,0.2726,-0.2693,240.1828,,3.2765,13.6876,10.0,0.0019,48.092,17.2865,74.855,0.0,,22.8645,19.0268,17.3165,25.4967,239.7324,-26.7408,,-1.996,,,,,,,,,,,,,,,,,,,,,
2026-09-02 19:23:08,42.4909926,-82.8008216,,6.0453,215.5525,213.3738,-160.3778,0.0,-6.816,-0.7269,109.352,0.2731,-0.27,236.1564,211.3985,,,,,,,,,0.0,22.0961,19.5381,16.6684,26.3168,240.7264,-27.0903,,-1.9644,,,,,,,,,,,,,,,,,2037.6107,,20234.5807,,
2026-09-02 19:23:09,42.4909696,-82.800845,19.1503,6.298,217.3286,210.6236,-156.6066,0.0,-6.4347,-1.036,109.0184,0.2736,-0.2708,234.1037,209.6682,,,,,,,,,,22.05,20.0046,16.3875,27.4066,239.8751,-27.1419,,-2.0284,,,,,,,,,,,,,,,,,,,,,
2026-09-02 19:23:10,42.4909446,-82.8008663,,6.3952,212.957,208.7271,-179.0825,0.0,-6.7009,1.4102,108.6717,0.2741,-0.2715,232.7598,207.4852,,,,,,,,,,20.8868,20.9867,15.1647,29.5571,240.5024,-27.245,,-1.6884,,,,,,,,,,,,,,,,,1996.7867,,20213.5833,,
2026-09-02 19:23:11,42.490919,-82.8008891,19.2159,6.2397,213.6674,208.8531,165.9125,0.0,-7.6659,-1.0099,108.3125,0.2745,-0.2722,232.3189,206.7404,3.2765,13.6876,10.0,0.0003,48.092,17.2865,75.8787,0.0,,22.0746,20.6343,15.7935,29.5085,238.1104,-27.2335,,-1.4966,,,,,,,,,,,,,,,,,1851.4529,,20202.7566,,
2026-09-02 19:23:12,42.4908923,-82.8009089,19.019,7.2311,213.9138,,72.1583,0.0,-8.5641,-1.8522,107.7458,0.2751,-0.2731,231.9982,205.4913,,,,,,,,,0.0,22.6501,20.5816,16.7525,28.3789,235.7754,-27.3252,,-1.4673,,,,,,,,,,,,,,,,,,,,,
2026-09-02 19:23:13,42.4908662,-82.800933,,7.1339,213.931,209.2141,,0.0,,,107.3703,0.2757,-0.2738,,207.4967,,,,,,,,,,20.9367,19.702,14.6625,28.776,236.1777,,,-1.7563,,,,,,,,,,,,,,,,,1680.9046,,20180.4468,,
2026-09-02 19:23:14,42.4908398,-82.8009565,19.1503,7.27,213.931,209.5579,-55.3443,0.0,-6.6653,-0.0518,106.9927,0.2762,-0.2746,231.2372,208.0295,,,,,,,,,,22.0389,21.2778,15.6838,30.6594,239.5311,-27.1018,,-2.135,,,,,,,,,,,,,,,,,,,,,
2026-09-02 19:23:15,42.4908134,-82.8009803,19.2487,6.9395,212.2006,210.8928,-17.8453,0.0,-8.2842,0.6266,106.6162,0.2767,-0.2753,232.3905,209.1296,3.2766,13.6876,10.0,0.0007,48.092,17.2865,75.144,0.0,,,,,,,-27.0731,,-2.0264,,,,,,,,,,,,,,,,,1791.99,,20157.481,,
2026-09-02 19:23:16,42.4907857,-82.801007,,6.5313,215.3978,211.42,4.6581,0.0,-6.684,0.742,106.2564,0.2774,-0.2761,233.2704,206.8034,,,,,,,,,0.0,22.3699,18.2914,15.8293,26.3293,234.9363,-27.245,,-2.1416,,,,,,,,,,,,,,,,,,,,,
2026-09-02 19:23:17,42.4907598,-82.8010291,19.3143,6.2397,213.6732,209.2542,105.8998,0.0,-8.0325,-2.1551,105.8882,0.2779,-0.2768,230.8578,,,,,,,,,,,21.1634,20.8224,14.9731,30.161,239.3142,-26.9299,,-1.9059,,,,,,,,,,,,,,,,,1842.898,,20135.1712,,
2026-09-02 19:23:18,42.4907329,-82.8010506,,6.8229,213.6846,207.7931,12.1559,0.0,-8.4958,-1.8358,105.5177,0.2784,-0.2774,229.1203,206.4596,,,,,,,,,,21.6347,20.1099,15.398,28.8868,237.3211,-27.2335,,-2.1273,,,,,,,,,,,,,,,,,1714.3449,,20124.3445,,
2026-09-02 19:23:19,42.490704,-82.8010738,19.3799,7.2116,213.6846,208.1025,-40.3316,0.0,-8.5524,0.7773,105.1225,0.2789,-0.2781,228.0066,206.1731,3.2766,13.6876,10.0,0.001,48.092,17.2865,75.7239,0.0,,22.7111,18.9315,16.1722,27.1046,234.1375,-27.2335,,-2.2957,,,,,,,,,,,,,,,,,,,,,
2026-09-02 19:23:20,42.4906745,-82.8010965,19.2487,7.3672,209.3874,209.0307,,0.0,,,104.7192,0.2794,-0.2787,,205.2564,,,,,,,,,0.0,21.7386,21.2416,15.0262,31.6108,239.4416,-27.0903,,-1.8655,,,,,,,,,,,,,,,,,1596.7517,,20100.0663,,
2026-09-02 19:23:21,42.4906446,-82.8011207,,7.717,210.3328,210.0277,113.425,0.0,-8.7362,0.0523,104.3098,0.28,-0.2794,229.2627,206.6773,,,,,,,,,,21.7905,19.932,14.8068,30.1122,237.8159,-27.2335,,-2.1301,,,,,,,,,,,,,,,,,1637.972,,20087.5991,,
2026-09-02 19:23:22,42.4906148,-82.8011462,19.3143,7.7559,214.1544,,192.1735,0.0,-7.8504,-0.1558,103.898,0.2806,-0.2802,229.588,208.4707,,,,,,,,,,22.6053,18.8514,15.5258,28.0635,235.668,-27.245,,-2.6853,,,,,,,,,,,,,,,,,1548.8672,,20075.1319,,
2026-09-02 19:23:23,42.4905835,-82.8011751,,7.1728,214.3779,211.4715,139.6722,0.0,-8.9935,-0.3521,103.4997,0.2813,-0.281,231.9224,210.8542,3.2767,13.6876,10.0,0.0015,48.092,17.2865,75.1616,0.0,,22.6588,20.069,15.7742,29.5327,239.0856,-27.2679,,-2.4223,,,,,,,,,,,,,,,,,,,,,
2026-09-02 19:23:24,,,19.2159,7.5227,216.601,214.4165,-10.3407,0.0,-7.2547,0.1751,103.1175,0.2822,-0.2819,233.104,211.3126,,,,,,,,,0.0,22.5823,18.5659,15.5998,27.4458,238.4096,-26.9471,,-2.9694,,,,,,,,,,,,,,,,,1597.5846,,20049.8694,,
2026-09-02 19:23:25,42.4905564,-82.8012027,,7.0561,216.8932,212.7836,-59.088,0.0,-6.0876,-1.047,,,,231.2149,209.502,,,,,,,,,,23.307,17.6094,16.4257,25.4211,236.8077,-26.9471,,,,,,,,,,,,,,,,,,,,,,,
2026-09-02 19:23:26,42.4905299,-82.8012294,18.8878,7.1533,212.3267,208.5552,-321.5737,0.0,-7.2319,-0.3472,102.5551,0.2833,-0.2832,225.6426,203.4229,,,,,,,,,,22.7288,18.5493,16.0013,26.8637,237.9187,-26.9471,,-2.9689,,,,,,,,,,,,,,,,,1547.3827,,20026.2474,,
2026-09-02 19:23:27,42.4905014,-82.8012511,,7.5227,209.3989,204.8997,-14.0707,0.0,,,102.0019,0.2841,-0.2841,222.4644,,3.2767,13.6876,10.0,0.0015,48.092,17.2865,76.6447,0.0,,23.5224,18.2213,16.7699,26.0142,233.4891,-27.4856,,-2.0994,,,,,,,,,,,,,,,,,1551.079,,20015.4206,,
2026-09-02 19:23:28,42.4904728,-82.8012718,19.0846,8.1447,209.3932,204.0002,75.9501,0.0,-6.8177,0.1532,,,,222.5106,201.3202,,,,,,,,,0.0,23.0252,21.8668,16.0912,32.2049,236.2657,-27.2908,,,,,,,,,,,,,,,,,,,1610.215,,20003.2815,,
2026-09-02 19:23:29,42.4904411,-82.8012927,,7.7559,207.3592,205.6789,,0.0,-8.7372,1.4838,101.3827,0.2849,-0.2849,,202.065,,,,,,,,,,23.0248,19.7593,16.013,29.0848,232.9988,-27.4341,,-2.4942,,,,,,,,,,,,,,,,,1643.2156,,19990.8143,,
2026-09-02 19:23:30,42.4904102,-82.8013149,19.2159,8.0475,210.5906,205.5643,120.9468,0.0,-7.839,0.0032,100.9751,0.2856,-0.2856,225.0024,204.6548,,,,,,,,,,23.5362,20.3284,16.1492,30.4184,234.4471,-27.4169,,-2.4507,,,,,,,,,,,,,,,,,1502.5286,,19977.0348,,
2026-09-02 19:23:31,42.4903773,-82.8013407,,8.2224,205.2621,201.8,-197.7942,,-9.7375,0.226,100.328,0.2866,-0.2866,223.4047,200.2602,3.2767,13.6876,10.0,0.0019,48.092,17.2865,76.8367,0.0,,24.5594,20.505,17.1,30.2049,233.6051,-27.4341,,-2.392,,,,,,,,,,,,,,,,,1512.0389,,19964.2395,,
2026-09-02 19:23:32,42.49034007274301,-82.80136468529126,19.2487,7.1339,206.9695,,94.7512,0.0,-9.9224,0.4733,99.8893,0.2872,-0.2872,222.1484,200.3748,,,,,,,,,0.0,,,,,,-27.4341,,-2.5307,,,,,,,,,,,,,,,,,,,,,
2026-09-02 19:23:33,42.49030490438243,-82.80138858775047,,8.6695,206.9695,201.5479,-111.4964,0.0,-10.4898,0.6688,99.4229,0.2879,-0.2878,220.2007,198.0601,,,,,,,,,,24.0743,22.0779,16.3174,33.6794,234.7314,-27.457,,-2.6137,,,,,,,,,,,,,,,,,1337.4332,,19937.0085,,
2026-09-02 19:23:34,42.49026816816261,-82.80141052555359,19.4455,9.6026,206.9695,201.7943,27.282,0.0,-11.5118,1.7038,98.9326,0.2885,-0.2884,222.7345,199.0169,,,,,,,,,,24.6462,21.3544,16.6501,32.6163,232.0652,-27.583,,-2.9492,,,,,,,,,,,,,,,,,1316.7773,,19921.9166,,
2026-09-02 19:23:35,42.490228231259195,-82.8014347220107,,9.0583,206.9695,203.1923,297.1932,0.0,-12.9275,0.8184,98.4394,0.2892,-0.289,224.8524,204.1105,3.2768,13.6876,10.0,0.0011,48.092,17.2865,76.1683,0.0,,23.8209,23.8116,15.7917,37.5175,236.5016,-27.583,,-2.8849,,,,,,,,,,,,,,,,,,,,,
2026-09-02 19:23:36,42.49019033200314,-82.80146154722561,19.3799,9.2721,206.9695,207.2775,158.4079,0.0,-10.7003,0.9571,97.9714,0.2901,-0.2897,227.8776,207.0555,,,,,,,,,0.0,23.8703,23.3015,15.8918,36.4531,238.9859,,,-2.8159,,,,,,,,,,,,,,,,,1314.4936,,19891.4048,,
2026-09-02 19:23:37,42.49015345224203,-82.80148893617084,19.4455,9.136,213.1632,209.6839,,0.0,,,97.5222,0.2911,-0.2906,,,,,,,,,,,,24.0743,21.411,15.8538,33.6656,237.7426,-27.606,,-3.9541,,,,,,,,,,,,,,,,,,,,,
2026-09-02 19:23:38,42.49011858353254,-82.80151745661094,,9.6803,211.3985,208.7729,-70.326,0.0,-10.1567,0.38,,,,227.3045,206.5857,,,,,,,,,,25.1966,22.3877,17.0645,34.2204,241.0707,-27.606,,,,,,,,,,,,,,,,,,,1285.7387,,19861.8773,,
2026-09-02 19:23:39,42.4900784,-82.801548,19.2487,9.0,209.1124,208.2114,-231.5769,0.0,-12.1398,1.9325,96.8396,0.2925,-0.2918,226.1997,204.8496,3.2768,13.6876,10.0,0.0029,48.092,17.2865,75.669,0.0,,25.6883,23.4596,17.9438,34.7448,242.3779,-27.606,,-3.8457,,,,,,,,,,,,,,,,,1338.5672,,19847.4416,,
2026-09-02 19:23:40,42.490043,-82.8015761,,9.3499,212.0288,209.8329,4.6788,0.0,-9.3239,0.8387,96.3987,0.2935,-0.2927,228.2753,206.8779,,,,,,,,,0.0,24.6121,21.9736,16.5095,33.9053,240.7479,-27.818,,-3.797,,,,,,,,,,,,,,,,,,,,,
2026-09-02 19:23:41,42.4900082,-82.8016057,19.2159,9.0777,209.4906,208.4807,-14.0673,0.0,-11.0988,0.6629,95.9665,0.2946,-0.2936,227.1285,205.9898,,,,,,,,,,24.746,23.6647,16.8301,36.169,244.0117,-27.6747,,-4.2233,,,,,,,,,,,,,,,,,1333.8276,,19817.5859,,
2026-09-02 19:23:42,42.4899731,-82.8016325,,8.6306,212.2121,209.5693,60.9272,0.0,-9.8955,1.3021,95.5362,0.2956,-0.2943,229.0694,207.5368,,,,,,,,,,24.7493,22.0424,16.7146,33.7586,241.3038,-27.6862,,-3.6305,,,,,,,,,,,,,,,,,1253.4769,,19803.1502,,
2026-09-02 19:23:43,42.4899384,-82.8016618,19.5112,9.0972,211.5074,,-115.3123,0.0,-9.7218,1.9325,95.1115,0.2967,-0.2952,227.4313,206.6773,3.2769,13.6876,10.0,0.0034,48.092,17.2865,75.9137,0.0,,24.7542,22.6889,16.742,34.7728,242.7246,-27.7034,,-4.381,,,,,,,,,,,,,,,,,1307.9226,,19788.3865,,
2026-09-02 19:23:44,42.4899034,-82.8016907,,9.4859,211.3985,206.9681,,0.0,,,94.6868,0.2978,-0.2961,,205.5944,,,,,,,,,0.0,25.725,22.7172,17.7227,34.0942,241.2228,-27.7034,,-4.0792,,,,,,,,,,,,,,,,,1253.8137,,19773.9508,,
2026-09-02 19:23:45,42.4898686,-82.8017196,19.5112,8.9028,206.5456,206.4581,8.4397,0.0,-11.0913,1.7147,94.0564,0.2994,-0.2973,227.8312,203.2339,,,,,,,,,,25.1786,23.13,17.3692,34.7109,241.3264,-27.7034,,-3.7456,,,,,,,,,,,,,,,,,1359.9704,,19759.5151,,
2026-09-02 19:23:46,42.4898288,-82.8017499,19.5768,9.3693,207.3477,206.842,105.972,0.0,-10.773,-0.1406,,,,226.5636,202.5291,,,,,,,,,,23.7266,23.0432,15.5751,36.6042,242.5513,-28.0701,,,,,,,,,,,,,,,,,,,1286.599,,19743.767,,
2026-09-02 19:23:47,42.489791,-82.8017773,,8.9611,210.562,206.2347,177.209,0.0,-12.2277,-0.0576,93.3884,0.301,-0.2985,226.2851,203.8412,3.2769,13.6876,10.0,0.0014,48.092,17.2865,75.8044,0.0,,24.592,22.4424,16.3235,35.1088,239.5846,-28.0586,,-3.8105,,,,,,,,,,,,,,,,,1201.2236,,19728.3471,,
2026-09-02 19:23:48,42.4897525,-82.8018072,19.3143,9.622,207.3305,206.4983,4.72,0.0,-11.457,1.0047,92.9383,0.3022,-0.2994,226.9347,,,,,,,,,,0.0,,,,,,-27.9956,,-4.1549,,,,,,,,,,,,,,,,,,,,,
2026-09-02 19:23:49,42.4897151,-82.8018371,,9.6026,210.9516,207.1342,38.489,0.0,-10.0711,1.3413,92.502,0.3034,-0.3003,228.8495,204.2193,,,,,,,,,,24.5049,21.5293,16.2109,33.6924,238.8073,-28.0128,,-4.0403,,,,,,,,,,,,,,,,,1193.2131,,19697.1791,,
2026-09-02 19:23:50,42.4896771,-82.8018663,19.3799,9.3499,207.2847,203.7538,-17.7766,0.0,-12.8271,1.1392,91.8516,0.3051,-0.3014,224.8995,201.7155,,,,,,,,,,23.9147,23.9898,15.6399,38.4394,243.7361,-27.6289,,-3.5217,,,,,,,,,,,,,,,,,1309.8669,,19682.4153,,
2026-09-02 19:23:51,42.4896392,-82.8018902,,8.8639,205.9497,203.2668,177.2158,0.0,-14.0035,-0.8865,91.4252,0.3061,-0.302,223.8002,199.5784,,,,,,,,,,24.2043,24.7364,16.3093,38.3895,242.6413,-27.7492,,-3.3407,,,,,,,,,,,,,,,,,,,,,
2026-09-02 19:23:52,42.4896016,-82.8019139,19.5112,9.3304,204.6605,205.9425,240.9792,0.0,-12.4158,0.4265,91.0015,0.3071,-0.3026,225.7157,201.1196,3.2769,13.6876,10.0,0.0015,48.092,17.2865,74.0954,0.0,0.0,23.1128,24.7834,15.2256,39.5193,242.3537,-27.606,,-3.6301,,,,,,,,,,,,,,,,,1321.961,,19653.2159,,
2026-09-02 19:23:53,42.4895653,-82.8019402,19.4455,8.7862,206.9466,,,0.0,,,,,,227.1328,202.7067,,,,,,,,,,22.5399,23.0793,14.5058,37.5258,241.3068,-27.9669,,,,,,,,,,,,,,,,,,,1397.7701,,19638.4521,,
2026-09-02 19:23:54,42.4895253,-82.8019707,19.3143,8.7667,203.0963,205.8451,102.2317,0.0,-11.8083,-0.8361,90.3852,0.3089,-0.3039,,201.3546,,,,,,,,,,23.9617,23.3821,15.923,36.6707,239.859,-27.6518,,-3.9288,,,,,,,,,,,,,,,,,1294.0776,,19623.6883,,
2026-09-02 19:23:55,42.4894884,-82.8019926,,8.9028,207.743,202.5563,143.4984,0.0,-13.1484,-0.0944,89.9721,0.3099,-0.3044,224.5853,202.3057,3.277,13.6876,10.0,0.0014,48.092,17.2865,74.9004,0.0,,24.4258,23.4978,16.6617,35.7681,238.8686,-28.2362,,-3.6508,,,,,,,,,,,,,,,,,,,,,
2026-09-02 19:23:56,42.4894502,-82.8020183,19.6424,9.2138,211.9428,205.805,203.4974,0.0,-13.0688,0.4165,89.3431,0.3117,-0.3055,226.7171,205.9382,,,,,,,,,0.0,24.0887,24.2816,16.2544,37.5478,241.3267,-28.0701,,-3.8203,,,,,,,,,,,,,,,,,1259.7962,,19593.8326,,
2026-09-02 19:23:57,42.4894133,-82.8020477,,8.9805,216.0796,210.0277,162.241,0.0,-12.1143,1.444,88.9557,0.313,-0.3064,230.9235,209.8458,,,,,,,,,,24.2765,22.2015,16.3918,34.0298,240.1104,-27.033,,-4.5223,,,,,,,,,,,,,,,,,1331.6082,,19578.4127,,
2026-09-02 19:23:58,42.489379,-82.80208,19.5112,8.7667,213.0314,211.632,-145.2414,0.0,-10.7782,2.214,88.5873,0.3144,-0.3074,232.394,,,,,,,,,,,23.1656,21.8949,15.1978,34.6396,242.4965,-27.5601,,-5.5565,,,,,,,,,,,,,,,,,1328.271,,19563.6489,,
2026-09-02 19:23:59,42.4893454,-82.8021099,19.5112,8.8833,210.8256,209.9303,,0.0,-10.9539,2.9502,88.2167,0.3159,-0.3083,230.5695,209.2442,3.277,13.6876,10.0,0.0009,48.092,17.2865,74.8016,0.0,,22.9178,23.3556,15.2092,36.6813,246.193,,,-5.3234,,,,,,,,,,,,,,,,,1328.1997,,19548.8851,,
2026-09-02 19:24:00,42.48931,-82.8021379,,9.0,209.9432,206.9394,-358.9798,0.0,,,87.8441,0.3172,-0.3091,227.5722,204.6147,,,,,,,,,0.0,24.5149,22.6265,16.6572,34.4862,242.3284,-28.1617,,-4.424,,,,,,,,,,,,,,,,,1291.0507,,19534.4494,,
2026-09-02 19:24:01,42.4892739,-82.802166,19.4455,8.7862,208.9921,207.6728,-36.4607,0.0,-11.5333,1.5178,87.4646,0.3184,-0.3099,,204.2079,,,,,,,,,,24.3675,22.6,16.3318,34.986,242.3179,-28.1445,,-4.5183,,,,,,,,,,,,,,,,,1365.9946,,19519.6857,,
2026-09-02 19:24:02,42.4892335,-82.8021971,,9.0583,213.1117,211.7064,169.7972,0.0,-11.5923,1.3874,87.0741,0.3199,-0.3108,228.5146,206.7805,,,,,,,,,,,,,,,-28.1617,,-5.1986,,,,,,,,,,,,,,,,,,,,,
2026-09-02 19:24:03,42.4891981,-82.8022295,19.5768,8.689,218.4115,,462.291,0.0,-10.8942,1.2774,86.7177,0.3214,-0.3118,231.4607,213.5872,3.277,13.6876,10.0,0.0013,48.092,17.2865,74.5399,0.0,,23.7491,22.303,15.6524,35.1567,242.5864,-28.1445,,-5.6832,,,,,,,,,,,,,,,,,1358.8623,,19488.5177,,
2026-09-02 19:24:04,42.4891674,-82.8022645,,8.203,226.4444,218.6622,387.2519,0.0,-7.4199,0.8813,86.417,0.3231,-0.3131,237.9526,220.4398,,,,,,,,,0.0,22.7141,20.1521,14.7665,32.0012,242.9495,-27.606,,-5.5377,,,,,,,,,,,,,,,,,,,,,
2026-09-02 19:24:05,42.4891414,-82.8023021,19.1503,7.5421,231.0166,225.0277,210.9676,0.0,-5.7749,0.9853,86.1699,0.3249,-0.3144,243.1467,224.7599,,,,,,,,,,23.0036,17.4696,15.4383,26.571,242.3927,-27.0903,,-5.7881,,,,,,,,,,,,,,,,,1513.4641,,19460.3025,,
2026-09-02 19:24:06,42.489118,-82.8023374,18.9534,6.8812,230.0139,228.116,-40.256,0.0,-3.5613,-0.3281,85.9482,0.3265,-0.3156,244.3781,225.3615,,,,,,,,,,23.473,16.0431,16.336,23.397,244.7296,-27.1247,,-5.9531,,,,,,,,,,,,,,,,,,,,,
2026-09-02 19:24:07,42.4890979,-82.8023688,,5.9093,226.0147,225.4173,,0.0,,,85.7586,0.3279,-0.3167,240.559,218.4975,3.2771,13.6876,10.0,0.0019,48.092,17.2865,73.4343,0.0,,23.2564,16.5605,16.9036,23.0882,247.2439,-26.7637,,-5.2121,,,,,,,,,,,,,,,,,1940.6732,,19436.3523,,
2026-09-02 19:24:08,42.4890778,-82.8023943,19.1503,5.8121,214.4925,217.8371,-291.4797,0.0,-4.8836,-2.1778,85.5536,0.3291,-0.3176,231.6921,,,,,,,,,,0.0,24.9705,16.9495,19.3798,22.0633,245.2856,-27.2335,,-4.4618,,,,,,,,,,,,,,,,,1975.4439,,19426.5098,,
2026-09-02 19:24:09,42.4890523,-82.8024169,,,,209.3172,-362.7029,0.0,-6.734,-1.4315,85.2965,0.3302,-0.3182,227.1116,209.4447,,,,,,,,,,22.4662,18.5606,16.8065,25.1824,244.4475,-27.4341,,-3.9545,,,,,,,,,,,,,,,,,2009.1243,,19416.0111,,
2026-09-02 19:24:10,42.4890245,-82.8024351,19.2159,6.6091,210.3557,207.3176,-250.1648,0.0,-9.401,-0.4424,,,,228.7831,204.5287,,,,,,,,,,21.0736,20.1649,15.0103,28.9451,241.1328,-27.4341,,,,,,,,,,,,,,,,,,,,,,,
2026-09-02 19:24:11,42.4889936,-82.8024576,,7.8142,209.0265,208.9677,-17.6116,0.0,-10.2344,0.8589,84.8901,0.3316,-0.319,,206.4195,3.2771,13.6876,10.0,0.0013,48.092,17.2865,75.1868,0.0,,20.3202,20.4284,13.3926,31.9773,242.759,-27.3252,,-4.0584,,,,,,,,,,,,,,,,,1472.0085,,19393.3733,,
2026-09-02 19:24:12,42.4889618,-82.8024843,19.8064,7.9892,211.1178,211.7867,207.4268,0.0,-10.717,-0.1885,84.5804,0.3329,-0.3197,232.6602,208.9692,,,,,,,,,0.0,22.8903,19.6661,15.5088,29.7829,239.2845,-27.7549,,-4.4243,,,,,,,,,,,,,,,,,,,,,
2026-09-02 19:24:13,42.4889299,-82.8025115,,8.0281,212.8252,211.3856,151.1612,0.0,-10.2833,-0.363,84.2697,0.3343,-0.3206,233.6902,207.7717,,,,,,,,,,23.1541,19.3822,15.7313,29.2394,238.7525,-27.795,,-5.1146,,,,,,,,,,,,,,,,,1421.0544,,19366.4704,,
2026-09-02 19:24:14,42.488897,-82.8025391,19.6424,8.4557,212.8252,,-283.8238,0.0,-9.5038,1.7099,83.8065,0.3364,-0.3218,232.6264,206.4768,,,,,,,,,,22.9114,19.9177,15.6013,30.0194,238.9218,-27.9841,,-5.4826,,,,,,,,,,,,,,,,,1313.6914,,19352.6909,,
2026-09-02 19:24:15,42.4888646,-82.8025661,,8.1836,212.8252,209.2943,-62.5876,0.0,-9.4531,2.915,83.4994,0.3378,-0.3226,232.0819,206.4367,3.2772,13.6876,10.0,0.0004,48.092,17.2865,75.2211,0.0,,21.9438,20.0096,14.4711,31.2566,239.1864,-27.9841,,-5.1615,,,,,,,,,,,,,,,,,,,,,
2026-09-02 19:24:16,42.488832,-82.8025942,19.5768,8.9611,212.8252,210.2569,,0.0,,,83.1958,0.3393,-0.3234,232.3335,207.9608,,,,,,,,,0.0,23.3395,20.7678,15.8307,31.518,240.2596,-27.4684,,-5.2692,,,,,,,,,,,,,,,,,1534.9374,,19324.8038,,
2026-09-02 19:24:17,42.4887958,-82.8026213,,8.378,209.5536,207.415,-317.5825,0.0,-10.8404,3.6882,82.8578,0.3407,-0.3242,231.0916,206.7461,,,,,,,,,,24.209,20.9636,16.8313,30.9706,238.6568,-28.2133,,-4.5156,,,,,,,,,,,,,,,,,,,,,
2026-09-02 19:24:18,42.4887626,-82.8026492,19.4455,8.9222,213.1117,209.6839,181.1418,0.0,-11.2506,0.07,82.5495,0.3422,-0.3251,231.423,206.9065,,,,,,,,,,,,,,,-28.3279,,-5.6137,,,,,,,,,,,,,,,,,1344.2391,,19296.2605,,
2026-09-02 19:24:19,42.4887286,-82.8026783,,8.689,211.8397,210.211,136.1416,0.0,-11.9125,-1.0113,82.2399,0.3437,-0.3259,,,3.2772,13.6876,10.0,0.0013,48.092,17.2865,74.5617,0.0,,23.4954,22.2043,16.0255,33.6464,241.918,-28.4024,,-5.6678,,,,,,,,,,,,,,,,,1321.1282,,19282.809,,
2026-09-02 19:24:20,42.4886937,-82.8027087,19.5112,8.5335,211.8569,210.4803,-81.3543,0.0,-11.2992,-1.1287,81.9563,0.3452,-0.3268,231.1744,206.6945,,,,,,,,,0.0,22.4007,21.795,14.8219,34.1343,242.3558,-28.282,,-5.4163,,,,,,,,,,,,,,,,,,,,,
2026-09-02 19:24:21,42.4886589,-82.8027344,,9.0972,210.9974,206.9165,-332.5986,0.0,-11.3327,1.2544,81.6407,0.3466,-0.3275,230.4673,205.9783,,,,,,,,,,21.68,21.6557,14.0145,34.8114,243.0172,-27.8752,,-5.7689,,,,,,,,,,,,,,,,,1428.4285,,19254.2657,,
2026-09-02 19:24:22,42.4886241,-82.8027608,19.3799,8.8056,211.4042,204.957,,0.0,,,81.3284,0.3481,-0.3283,229.482,205.1189,,,,,,,,,,24.199,20.9627,16.4313,31.7954,238.8814,-27.2908,,-5.6691,,,,,,,,,,,,,,,,,,,,,
2026-09-02 19:24:23,42.4885912,-82.8027871,,8.3585,211.3985,206.653,-17.6081,0.0,-11.0311,2.0742,81.0371,0.3496,-0.3291,228.9256,205.4455,,,,,,,,,,23.1998,22.1656,15.804,33.6311,238.7552,-28.282,,-5.413,,,,,,,,,,,,,,,,,1355.1519,,19226.0505,,
2026-09-02 19:24:24,42.4885564,-82.8028142,19.2487,7.8531,207.1414,,,0.0,,,,,,,205.6002,,,,,,,,,,22.6856,22.9429,15.7947,34.0477,239.9468,-28.5055,,,,,,,,,,,,,,,,,,,1369.414,,19211.9429,,
2026-09-02 19:24:25,42.4885238,-82.8028394,,8.1253,208.6311,208.5036,,0.0,,,80.5841,0.3518,-0.3302,,203.4057,,,,,,,,,,22.6766,23.674,15.5753,35.775,242.0382,,,-5.9014,,,,,,,,,,,,,,,,,,,,,
2026-09-02 19:24:26,42.4884868,-82.8028668,19.2487,8.9028,209.3473,206.2462,,0.0,,,80.3021,0.3533,-0.331,,201.6296,,,,,,,,,,22.6591,23.1501,15.1863,35.9159,241.2426,-28.431,,-5.0845,,,,,,,,,,,,,,,,,1344.2867,,19184.7119,,
2026-09-02 19:24:27,42.4884518,-82.8028907,,8.0281,204.4313,203.6564,,0.0,,,80.0052,0.3546,-0.3316,,202.1796,,,,,,,,,,22.0968,22.3982,14.7671,34.7624,240.0032,-28.431,,-4.8611,,,,,,,,,,,,,,,,,,,,,
2026-09-02 19:24:28,42.4884158,-82.8029168,18.8222,7.9309,204.3855,204.8367,-17.5703,0.0,-10.8393,1.1331,79.6887,0.3561,-0.3323,225.2975,202.5692,,,,,,,,,,22.0004,21.8691,14.3073,34.9441,239.8635,-28.4482,,-4.8547,,,,,,,,,,,,,,,,,1403.2701,,19158.4652,,
2026-09-02 19:24:29,42.48838,-82.8029426,,8.825,204.3855,203.5991,,0.0,,,79.3888,0.3576,-0.333,,,,,,,,,,,,22.0181,19.8498,14.0691,32.1004,236.5914,-28.4482,,-5.1283,,,,,,,,,,,,,,,,,,,,,
2026-09-02 19:24:30,42.4883445,-82.8029688,19.3143,8.7278,208.654,204.3267,76.1805,0.0,-10.0918,0.1639,79.1149,0.359,-0.3337,223.8685,202.5177,,,,,,,,,,21.4387,20.7355,13.4926,34.2333,236.7174,-28.431,,-5.3204,,,,,,,,,,,,,,,,,1268.7406,,19129.2657,,
2026-09-02 19:24:31,,,19.3143,8.9028,208.9291,204.5101,23.6723,0.0,-9.1925,0.134,78.815,0.3605,-0.3344,222.7125,201.8244,3.2773,13.6876,10.0,0.0014,48.092,17.2865,75.6573,0.0,,22.0725,20.2991,13.998,33.1638,235.0473,-28.431,,-5.27,,,,,,,,,,,,,,,,,,,,,
2026-09-02 19:24:32,42.4883053,-82.8029971,,8.9417,207.7087,204.0002,-55.0796,,-9.694,0.3592,78.3441,0.3629,-0.3355,221.2231,201.5837,,,,,,,,,0.0,22.5988,21.3439,14.7011,34.0208,236.3046,-27.3825,,-5.6876,,,,,,,,,,,,,,,,,1318.5421,,19099.4101,,
2026-09-02 19:24:33,42.48826619729287,-82.80302425231076,19.1503,8.5918,203.6636,202.7282,-96.336,0.0,-8.7977,2.4842,78.0452,0.3644,-0.3361,219.6622,200.541,,,,,,,,,,,,,,,-28.0128,,-5.2774,,,,,,,,,,,,,,,,,1394.8393,,19085.6305,,
2026-09-02 19:24:34,42.48823053932676,-82.80304683023049,,8.6695,206.2591,,53.6529,0.0,-9.978,1.4267,77.7551,0.3659,-0.3368,219.178,200.9707,,,,,,,,,,22.1535,20.9073,14.4015,33.2947,235.8106,-28.2362,,-5.7499,,,,,,,,,,,,,,,,,,,,,
2026-09-02 19:24:35,42.48819488841373,-82.80307093273116,19.2487,8.5723,205.9554,202.8542,46.1518,0.0,-10.919,-1.0055,77.4636,0.3674,-0.3374,221.4668,201.8244,3.2773,13.6876,10.0,0.0007,48.092,17.2865,75.6684,0.0,,21.9455,23.4381,14.3559,37.4483,239.5335,-28.0128,,-5.1355,,,,,,,,,,,,,,,,,1366.0106,,19057.4153,,
2026-09-02 19:24:36,42.48815956725252,-82.80309536805056,,8.3585,208.2873,204.7851,,0.0,,,77.176,0.3689,-0.3381,,201.727,,,,,,,,,0.0,22.5368,22.1406,14.8618,34.8556,237.0795,-28.4196,,-5.4778,,,,,,,,,,,,,,,,,1385.67,,19044.62,,
2026-09-02 19:24:37,42.48812386048581,-82.80312012650255,19.6424,8.825,207.5826,205.0831,57.4035,0.0,-10.5269,-0.5397,76.886,0.3705,-0.3388,220.8481,201.452,,,,,,,,,,22.8584,22.6427,15.2929,35.1302,237.6864,-28.4196,,-5.7749,,,,,,,,,,,,,,,,,,,,,
2026-09-02 19:24:38,42.48808729971155,-82.8031442366143,,8.7667,208.9233,203.2381,-145.0798,0.0,-10.1124,1.7057,,,,219.327,202.9875,,,,,,,,,,20.9146,24.2284,13.4902,39.511,243.5019,-28.5055,,,,,,,,,,,,,,,,,,,1315.8531,,19016.0767,,
2026-09-02 19:24:39,42.48805242377941,-82.80317168079766,19.019,8.7084,205.921,204.5101,1.1585,0.0,-10.3943,2.3229,76.4652,0.3729,-0.3399,223.1106,,,,,,,,,,,20.9726,23.8475,13.2806,39.6781,242.3058,-28.5284,,-5.9913,,,,,,,,,,,,,,,,,1340.9381,,19001.641,,
2026-09-02 19:24:40,42.4880134,-82.8031991,,8.7084,210.201,206.2404,-17.591,0.0,-10.9242,0.2177,76.0664,0.3754,-0.3411,222.9598,203.1766,3.2774,13.6876,10.0,0.0017,48.092,17.2865,75.0299,0.0,0.0,21.8854,23.559,14.4035,37.3956,240.6012,-28.4711,,-6.4897,,,,,,,,,,,,,,,,,1316.431,,18985.893,,
2026-09-02 19:24:41,42.487979,-82.8032279,19.0846,8.5723,208.4707,204.5502,,0.0,,,75.7978,0.377,-0.3418,,203.2912,,,,,,,,,,22.0486,23.5601,14.5621,37.2436,240.5688,-28.4711,,-5.7959,,,,,,,,,,,,,,,,,1344.9458,,18971.7854,,
2026-09-02 19:24:42,42.487944,-82.8032512,,8.6306,207.7831,202.8944,,0.0,,,75.5334,0.3785,-0.3424,,200.3404,,,,,,,,,,22.0201,23.3444,14.764,36.2285,239.5193,-28.5628,,-5.2739,,,,,,,,,,,,,,,,,1338.6591,,18958.3339,,
2026-09-02 19:24:43,42.4879094,-82.8032756,19.2487,7.3477,198.2147,199.0785,,0.0,,,75.263,0.3799,-0.3429,,198.1173,,,,,,,,,,21.9722,22.9773,14.686,35.7353,237.2775,-28.0128,,-5.5112,,,,,,,,,,,,,,,,,1660.9166,,18945.5387,,
2026-09-02 19:24:44,42.487875,-82.8032935,,7.7559,202.0879,,,0.0,,,74.9998,0.3812,-0.3434,,196.6047,,,,,,,,,,21.684,24.7488,14.7811,37.8902,236.9034,-28.5743,,-4.8502,,,,,,,,,,,,,,,,,,,,,
2026-09-02 19:24:45,42.4878431,-82.803312,19.4455,9.5637,202.0937,197.6747,,0.0,,,74.7361,0.3826,-0.3438,,196.9199,,,,,,,,,,21.7087,25.9769,14.4787,41.0509,240.091,-28.431,,-5.0483,,,,,,,,,,,,,,,,,1336.5587,,18921.5885,,
2026-09-02 19:24:46,42.4878051,-82.8033312,,6.5896,202.0937,197.6919,-126.3475,0.0,-11.0839,3.3267,74.459,0.3838,-0.344,217.2422,196.3584,,,,,,,,,,23.6458,24.7234,16.7934,36.0788,233.6792,-28.7863,,-4.4036,,,,,,,,,,,,,,,,,1811.2696,,18908.7933,,
2026-09-02 19:24:47,42.4877711,-82.803347,19.3143,7.5227,202.0937,199.8405,173.6509,0.0,-10.8196,0.2913,74.1884,0.3852,-0.3445,217.9484,197.6533,3.2775,13.6876,10.0,0.0012,48.092,17.2865,76.0266,0.0,,,,,,,-29.9665,,-4.8724,,,,,,,,,,,,,,,,,1592.6161,,18895.6699,,
2026-09-02 19:24:48,42.4877339,-82.8033691,19.1503,7.9697,202.0937,201.3015,128.6611,0.0,-9.8438,-1.4067,,,,218.7091,196.1464,,,,,,,,,0.0,21.0925,28.6211,14.6273,43.6883,242.3598,,,,,,,,,,,,,,,,,,,,1451.2137,,18881.5623,,
2026-09-02 19:24:49,42.4876995,-82.8033877,,8.3002,202.0937,198.4768,158.683,0.0,-11.8886,-1.6654,73.806,0.3873,-0.3452,218.2621,196.6735,,,,,,,,,,21.2346,34.839,15.3649,52.1397,251.0442,-34.1663,,-4.9381,,,,,,,,,,,,,,,,,,,,,
2026-09-02 19:24:50,42.4876647,-82.8034077,19.1503,8.2613,199.9222,196.3053,-66.2935,0.0,-11.7892,-0.3577,73.4035,0.3893,-0.3458,216.6285,,,,,,,,,,,20.5951,33.4394,14.4688,51.6635,249.2173,-34.8768,,-5.0549,,,,,,,,,,,,,,,,,1329.9442,,18856.2998,,
2026-09-02 19:24:51,42.4876275,-82.8034257,,9.0389,199.6873,196.9184,-51.2877,0.0,-11.6804,0.1975,73.1188,0.3908,-0.3462,216.5313,195.7281,3.2775,13.6876,10.0,0.0014,48.092,17.2865,76.3597,0.0,,21.3341,35.9402,15.1967,55.4861,252.2895,-37.6957,,-5.7928,,,,,,,,,,,,,,,,,1343.5607,,18843.8326,,
2026-09-02 19:24:52,42.4875883,-82.8034449,19.5112,9.8358,198.3866,196.8554,,0.0,,,,,,,194.4332,,,,,,,,,0.0,21.1485,36.9532,14.9588,58.2021,254.5925,-40.4975,,,,,,,,,,,,,,,,,,,,,,,
2026-09-02 19:24:53,42.487547,-82.8034663,,9.7775,203.0047,198.0815,4.9813,0.0,-11.7268,-0.1122,72.6661,0.3932,-0.3469,216.1005,194.6108,,,,,,,,,,20.9723,36.5216,14.4852,59.5021,255.1079,-40.8814,,-5.7425,,,,,,,,,,,,,,,,,1258.2312,,18813.6489,,
2026-09-02 19:24:54,42.4875061,-82.8034899,19.3143,9.9719,200.329,197.5085,-66.2763,0.0,-11.9106,1.4773,72.3712,0.395,-0.3475,217.3439,195.476,,,,,,,,,,22.5968,35.8292,15.8413,56.6165,253.1441,-40.9501,,-6.3673,,,,,,,,,,,,,,,,,,,,,
2026-09-02 19:24:55,42.4874601,-82.8035131,,10.2246,203.2797,,-47.5234,0.0,-11.6297,1.8143,71.9186,0.3974,-0.3481,216.6655,196.7136,,,,,,,,,,22.1282,34.1178,15.3922,53.7416,249.732,-41.2996,,-5.1876,,,,,,,,,,,,,,,,,1282.1819,,18782.1528,,
2026-09-02 19:24:56,42.4874178,-82.8035358,19.2487,9.3887,198.9653,199.8806,-43.7797,0.0,-11.6157,1.3132,,,,216.7801,196.7709,3.2775,13.6876,10.0,0.0029,48.092,17.2865,76.1816,0.0,0.0,21.2031,34.7016,14.241,57.9541,255.9583,-41.2996,,,,,,,,,,,,,,,,,,,1189.3671,,18765.7486,,
2026-09-02 19:24:57,42.4873762,-82.803558,,9.6414,202.4489,199.9895,169.9519,0.0,-12.1815,-0.7653,71.4663,0.4001,-0.3489,217.9855,198.7648,,,,,,,,,,21.431,32.1432,14.2051,53.3861,253.62,-41.3569,,-5.8108,,,,,,,,,,,,,,,,,,,,,
2026-09-02 19:24:58,42.4873337,-82.8035816,19.4455,9.8941,207.7087,200.9062,-100.035,0.0,-10.4321,0.3429,71.1708,0.4019,-0.3495,217.6411,198.8164,,,,,,,,,,21.4174,30.3475,13.6865,52.2447,251.6283,-41.3569,,-5.9801,,,,,,,,,,,,,,,,,1152.3021,,18733.9245,,
2026-09-02 19:24:59,42.4872918,-82.803609,,9.7775,201.3717,198.8722,-223.7561,0.0,-9.3585,1.4107,70.8851,0.4039,-0.3502,,196.2094,3.2776,13.6876,10.0,0.0018,48.092,17.2865,76.8747,0.0,,22.7161,31.945,15.3088,51.7314,250.8878,-41.3684,,-7.3872,,,,,,,,,,,,,,,,,1241.735,,18718.5045,,
2026-09-02 19:25:00,42.4872489,-82.8036316,19.019,9.0972,196.9943,197.5143,-111.2661,0.0,-10.8672,2.534,70.4407,0.4064,-0.3508,213.2483,,,,,,,,,,0.0,,,,,,-41.4314,,-6.3621,,,,,,,,,,,,,,,,,,,,,
2026-09-02 19:25:01,42.4872075,-82.8036503,,9.6803,201.2973,199.9895,34.9688,0.0,-10.1633,0.5838,,,,213.1384,195.4989,,,,,,,,,,20.9494,32.9819,14.0741,54.1255,252.513,-41.5231,,,,,,,,,,,,,,,,,,,1078.0256,,18689.3051,,
2026-09-02 19:25:02,42.4871647,-82.803674,18.8878,9.9913,205.3767,200.7744,151.2093,0.0,-9.7273,-0.7784,70.009,0.4091,-0.3516,214.5592,197.3782,,,,,,,,,,21.1622,31.762,13.8568,53.5051,251.1216,-41.5059,,-6.9179,,,,,,,,,,,,,,,,,1237.6172,,18673.2289,,
2026-09-02 19:25:03,42.4871174,-82.8037016,,,,199.6686,-10.0554,0.0,-10.522,0.4896,69.7259,0.4111,-0.3522,213.4291,198.6846,3.2776,13.6876,10.0,0.0033,48.092,17.2865,76.6251,0.0,,22.857,31.1679,15.123,51.4647,250.024,-41.483,,-7.148,,,,,,,,,,,,,,,,,1194.3844,,18655.5124,,
2026-09-02 19:25:04,42.4870746,-82.8037255,19.5112,10.1274,201.7728,202.1495,,0.0,,,69.3018,0.4139,-0.3531,216.4182,198.8565,,,,,,,,,0.0,23.2549,31.7216,15.6982,51.1596,250.3677,-41.5689,,-6.721,,,,,,,,,,,,,,,,,1164.421,,18639.4363,,
2026-09-02 19:25:05,42.4870304,-82.803753,,10.8661,205.0559,,128.7196,0.0,-10.0943,-0.3011,69.0162,0.416,-0.3538,215.4384,200.0883,,,,,,,,,,23.4969,30.3793,15.5487,49.8394,249.6075,-41.4715,,-8.29,,,,,,,,,,,,,,,,,1133.5785,,18622.0478,,
2026-09-02 19:25:06,42.4869885,-82.8037759,19.3799,9.9525,198.5471,200.3791,-268.7768,0.0,-10.4423,1.6913,68.7474,0.4179,-0.3543,,200.1456,,,,,,,,,,22.2301,32.1624,14.8499,52.833,252.8547,-41.6148,,-6.8365,,,,,,,,,,,,,,,,,1124.7993,,18606.2998,,
2026-09-02 19:25:07,42.4869479,-82.8038018,,9.1944,204.4944,202.4532,46.2102,0.0,-9.4256,0.3806,68.4993,0.4198,-0.355,217.3317,201.5895,3.2777,13.6876,10.0,0.0002,48.092,17.2865,76.3822,0.0,,22.5466,30.1389,15.041,48.8202,248.6766,-41.4715,,-6.6227,,,,,,,,,,,,,,,,,1126.5604,,18590.8799,,
2026-09-02 19:25:08,42.4869077,-82.8038314,19.2487,9.9136,207.4222,205.4039,169.9622,0.0,-10.1141,0.6017,68.2606,0.4219,-0.3558,219.2664,204.7579,,,,,,,,,0.0,23.0979,30.1898,15.4744,48.6427,250.49,-41.3569,,-7.105,,,,,,,,,,,,,,,,,1135.0253,,18574.4757,,
2026-09-02 19:25:09,42.4868698,-82.8038613,,9.0194,208.3217,210.6579,267.4395,0.0,-8.0454,0.6955,,,,223.2134,210.6995,,,,,,,,,,23.1908,29.8394,15.6263,47.5986,253.0508,-41.3684,,,,,,,,,,,,,,,,,,,1122.0932,,18558.0715,,
2026-09-02 19:25:10,42.4868364,-82.8038961,19.4455,9.311,216.1598,213.6545,-47.5681,0.0,-6.7596,-0.2318,67.9655,0.4251,-0.3574,226.7135,,,,,,,,,,,23.2097,27.6543,15.593,43.6975,251.1722,-40.8928,,-8.2932,,,,,,,,,,,,,,,,,1225.2477,,18544.62,,
2026-09-02 19:25:11,42.4868008,-82.8039306,,8.825,215.8103,207.5468,-197.557,0.0,-6.5209,-1.3867,67.7992,0.4272,-0.3584,221.6476,209.777,3.2777,13.6876,10.0,0.0041,48.092,17.2865,75.5291,0.0,,21.3209,29.4583,14.6513,45.6976,254.2354,-41.3569,,-7.7086,,,,,,,,,,,,,,,,,1282.6827,,18529.2001,,
2026-09-02 19:25:12,42.4867674,-82.8039577,19.0846,8.8639,210.9344,202.35,,0.0,,,67.6203,0.4291,-0.3593,216.8876,203.7724,,,,,,,,,0.0,20.1692,30.9081,13.6391,49.4284,254.5341,-40.9501,,-6.4938,,,,,,,,,,,,,,,,,1340.6912,,18515.7486,,
2026-09-02 19:25:13,42.4867324,-82.8039768,,8.1836,210.9058,202.8084,-216.2927,0.0,-9.2562,0.007,67.3069,0.4316,-0.3601,218.4808,198.1976,,,,,,,,,,20.6537,30.3798,14.2148,47.2911,248.0607,,,-6.5868,,,,,,,,,,,,,,,,,1401.9975,,18502.9533,,
2026-09-02 19:25:14,42.486698,-82.8040004,19.5112,8.6501,210.2583,207.2145,278.7359,0.0,-8.6073,0.435,67.1123,0.4334,-0.3608,,203.5203,,,,,,,,,,18.8774,29.3642,12.2017,49.3446,252.8862,-41.4314,,-5.8282,,,,,,,,,,,,,,,,,1379.2703,,18488.8457,,
2026-09-02 19:25:15,42.4866657,-82.8040284,,8.5723,206.8893,,143.7253,0.0,-6.7258,0.0573,66.9417,0.4353,-0.3617,223.385,206.3794,3.2777,13.6876,10.0,0.0031,48.092,17.2865,75.9225,0.0,,20.1663,26.5947,13.0325,43.8466,250.7896,-41.3684,,-6.5166,,,,,,,,,,,,,,,,,1280.7753,,18474.7381,,
2026-09-02 19:25:16,42.4866332,-82.8040546,19.3799,8.4946,206.8836,208.6182,-70.0269,0.0,-7.4809,0.9854,66.7686,0.4371,-0.3624,223.8921,205.6174,,,,,,,,,0.0,20.8153,26.8078,13.9657,42.2368,249.8919,-41.1106,,-6.3839,,,,,,,,,,,,,,,,,1406.899,,18461.2867,,
2026-09-02 19:25:17,42.4866021,-82.8040827,,8.4557,212.6877,208.6297,-156.2662,0.0,-6.8942,0.72,66.6077,0.439,-0.3633,224.6264,205.434,,,,,,,,,,20.1856,26.7742,13.4688,42.4639,248.5271,-41.122,,-6.889,,,,,,,,,,,,,,,,,1375.9328,,18447.5072,,
2026-09-02 19:25:18,42.4865671,-82.804112,19.3799,8.0475,210.3328,207.3176,,0.0,,,66.4412,0.4408,-0.3641,224.0979,204.5402,,,,,,,,,,,,,,,-41.122,,-6.8485,,,,,,,,,,,,,,,,,1398.3878,,18434.3838,,
2026-09-02 19:25:19,42.4865365,-82.8041366,,7.7754,208.2129,206.2633,-114.9995,0.0,-6.6635,0.8452,66.2792,0.4426,-0.3648,223.8473,204.9126,3.2778,13.6876,10.0,0.0019,48.092,17.2865,75.257,0.0,,20.0437,26.3157,13.3155,41.8605,247.3091,-41.122,,-6.3045,,,,,,,,,,,,,,,,,,,,,
2026-09-02 19:25:20,42.486505,-82.8041621,19.3799,8.1253,210.4474,206.6988,16.2399,0.0,-7.8362,-0.3556,66.1145,0.4443,-0.3656,222.988,203.062,,,,,,,,,0.0,20.7594,26.913,14.0006,42.1556,247.4901,-41.122,,-6.4455,,,,,,,,,,,,,,,,,1373.5872,,18408.4652,,
2026-09-02 19:25:21,42.4864741,-82.8041869,,7.7948,208.7916,206.3264,8.7491,0.0,-7.4666,-1.3187,65.9549,0.4461,-0.3663,222.9524,,,,,,,,,,,19.4755,25.2592,12.8508,40.2925,245.6269,-41.2252,,-6.7276,,,,,,,,,,,,,,,,,,,,,
2026-09-02 19:25:22,42.4864433,-82.8042083,19.2487,7.8531,207.2274,203.2668,-141.2398,0.0,-7.49,0.9362,,,,221.5695,202.1968,,,,,,,,,,18.1326,27.0918,11.7332,44.7332,248.5421,-40.8413,,,,,,,,,,,,,,,,,,,1426.8453,,18383.5308,,
2026-09-02 19:25:23,42.4864118,-82.8042297,,7.717,207.9378,199.8978,-429.9831,0.0,-8.4219,3.5673,65.7011,0.4486,-0.3672,217.7351,200.8446,3.2778,13.6876,10.0,0.002,48.092,17.2865,75.3827,0.0,,17.7733,28.9403,11.5999,47.8532,250.4744,-41.0475,,-6.2541,,,,,,,,,,,,,,,,,,,,,
2026-09-02 19:25:24,42.4863791,-82.8042502,19.3143,8.1836,206.3393,200.0582,-219.9814,0.0,-8.0988,1.8472,65.5285,0.4501,-0.3677,,199.1487,,,,,,,,,0.0,20.5022,25.0304,14.0377,38.1659,239.5972,-41.546,,-4.9586,,,,,,,,,,,,,,,,,1431.0605,,18358.5964,,
2026-09-02 19:25:25,42.4863468,-82.8042677,,6.6674,207.9035,200.7973,185.0161,0.0,-9.4897,-1.3844,65.3425,0.4517,-0.3681,217.7998,197.2636,,,,,,,,,,20.4718,28.6486,14.4772,42.6843,240.3265,-41.4715,,-5.745,,,,,,,,,,,,,,,,,,,,,
2026-09-02 19:25:26,42.486309,-82.8042912,19.2487,8.1058,207.8977,,,0.0,,,65.1381,0.4535,-0.3687,219.184,198.4955,,,,,,,,,,19.363,28.9321,13.0062,46.0724,243.1357,-40.1767,,-6.9328,,,,,,,,,,,,,,,,,1285.2417,,18333.662,,
2026-09-02 19:25:27,42.4862745,-82.8043132,,8.2613,207.8977,202.5105,170.0413,0.0,-11.0103,-1.8595,64.9525,0.4553,-0.3693,221.0818,200.0711,3.2778,13.6876,10.0,0.0012,48.092,17.2865,75.648,0.0,,19.2519,28.3112,12.5812,46.5288,245.0138,-40.996,,-6.8568,,,,,,,,,,,,,,,,,1403.619,,18319.8825,,
2026-09-02 19:25:28,42.48624,-82.8043346,19.4455,8.203,207.8977,201.6052,-88.7042,0.0,-10.8899,-0.2653,64.7699,0.457,-0.3698,219.1122,198.8679,,,,,,,,,0.0,19.7131,27.1465,12.9168,44.1339,242.7385,-41.5689,,-6.2823,,,,,,,,,,,,,,,,,1395.7753,,18306.7591,,
2026-09-02 19:25:29,42.4862039,-82.8043588,,8.8445,207.8977,202.7969,155.0836,0.0,-10.0929,1.3158,64.4883,0.4598,-0.3707,220.121,199.1716,,,,,,,,,,19.1662,29.8661,12.4227,50.2011,249.3215,-41.2996,,-7.1482,,,,,,,,,,,,,,,,,1316.2937,,18292.6515,,
2026-09-02 19:25:30,42.4861669,-82.8043821,19.3143,8.9417,205.4913,203.8684,203.8412,0.0,-11.7123,0.3123,64.2974,0.4617,-0.3713,222.2222,202.3114,,,,,,,,,,20.4154,28.9527,13.3992,47.5247,248.3095,-41.4715,,-6.9301,,,,,,,,,,,,,,,,,,,,,
2026-09-02 19:25:31,42.4861305,-82.8044067,,8.6112,206.2705,206.2691,23.8545,0.0,-11.4252,0.2997,64.1145,0.4637,-0.372,227.4298,,3.2779,13.6876,10.0,0.0051,48.092,17.2865,74.8292,0.0,,20.9975,27.4834,13.6861,45.0747,247.2513,-41.483,,-7.3184,,,,,,,,,,,,,,,,,1203.2882,,18263.7801,,
2026-09-02 19:25:32,42.486095,-82.8044324,19.5112,8.8639,210.8141,205.2206,-201.1529,0.0,,,63.9378,0.4656,-0.3727,,205.3653,,,,,,,,,0.0,22.6279,28.9691,15.6642,44.3997,249.4852,-41.483,,-6.9267,,,,,,,,,,,,,,,,,1378.4872,,18249.3444,,
2026-09-02 19:25:33,42.4860565,-82.8044619,,8.9611,210.8542,205.3008,-96.1675,0.0,-12.8937,-0.5528,63.7715,0.4676,-0.3735,229.382,204.5173,,,,,,,,,,,,,,,-41.4543,,-7.5225,,,,,,,,,,,,,,,,,1277.1387,,18234.9087,,
2026-09-02 19:25:34,42.4860214,-82.8044879,19.708,9.311,207.8175,205.6961,46.3408,0.0,-12.2018,0.6011,63.6029,0.4696,-0.3742,228.7496,203.3255,,,,,,,,,,20.4494,28.7393,13.6702,45.9943,250.1442,-40.7038,,-7.5532,,,,,,,,,,,,,,,,,,,,,
2026-09-02 19:25:35,42.4859871,-82.804509,,7.7365,207.5883,205.9941,,0.0,-13.5015,2.6981,,,,228.1608,201.2342,3.2779,13.6876,10.0,0.0013,48.092,17.2865,73.2556,0.0,,20.8701,28.3043,13.8555,45.5778,249.7363,-40.2282,,,,,,,,,,,,,,,,,,,1366.7273,,18207.6777,,
2026-09-02 19:25:36,42.4859524,-82.8045349,19.6424,8.1253,207.5941,,162.5917,0.0,-11.7241,1.5732,63.3458,0.4723,-0.3751,229.9531,204.3282,,,,,,,,,0.0,21.4621,24.3468,14.089,38.903,243.5107,,,-7.1147,,,,,,,,,,,,,,,,,,,,,
2026-09-02 19:25:37,42.4859177,-82.8045616,,9.0583,209.7369,207.3921,76.3627,0.0,-11.2509,1.4009,63.1869,0.4743,-0.3759,230.453,203.7782,,,,,,,,,,21.2756,24.6113,13.8133,39.8997,244.7004,-41.1621,,-7.3027,,,,,,,,,,,,,,,,,1292.9328,,18179.1344,,
2026-09-02 19:25:38,42.4858818,-82.8045862,19.6424,9.2721,207.13,205.2263,-81.1515,0.0,-10.5445,0.2056,62.9337,0.4772,-0.377,222.4438,203.0047,,,,,,,,,,21.5056,24.7887,14.0474,39.9322,244.9295,-41.2252,,-7.5199,,,,,,,,,,,,,,,,,1286.6093,,18165.0268,,
2026-09-02 19:25:39,42.4858461,-82.8046132,,8.7667,208.6598,206.4983,65.0869,0.0,-10.7709,0.6207,62.7705,0.4793,-0.3777,223.8672,204.8725,3.278,13.6876,10.0,0.0021,48.092,17.2865,75.4325,0.0,,21.1216,25.6525,13.6794,41.9464,246.8018,-41.546,,-7.2584,,,,,,,,,,,,,,,,,1193.683,,18150.263,,
2026-09-02 19:25:40,42.4858092,-82.8046417,19.4455,9.3304,210.9287,208.6354,-17.395,0.0,-9.4936,1.3387,62.6048,0.4814,-0.3786,225.3649,205.7835,,,,,,,,,0.0,21.2581,23.2617,13.4253,38.708,244.2298,-41.546,,-7.9405,,,,,,,,,,,,,,,,,1172.7319,,18135.1712,,
2026-09-02 19:25:41,,,,9.0777,213.4669,209.3344,42.5971,0.0,,,62.4502,0.4836,-0.3795,222.9704,,,,,,,,,,,21.4817,23.5261,13.6144,39.0379,245.1352,-41.546,,-7.9437,,,,,,,,,,,,,,,,,1185.3082,,18119.7512,,
2026-09-02 19:25:42,42.4857696,-82.8046744,19.3799,8.8639,210.4417,208.813,-21.1628,0.0,-8.6697,0.0914,62.2966,0.4857,-0.3803,223.1947,206.5742,,,,,,,,,,20.9509,22.1625,13.1618,36.9043,244.4032,-41.5231,,-7.4473,,,,,,,,,,,,,,,,,1279.2233,,18104.9875,,
2026-09-02 19:25:43,42.4857345,-82.8047026,,9.0389,213.9711,210.6465,-66.1835,0.0,-7.9341,0.6315,,,,225.1041,207.5998,3.278,13.6876,10.0,0.0011,48.092,17.2865,75.9409,0.0,,20.8118,21.1704,12.9492,35.4804,242.5177,-41.5231,,,,,,,,,,,,,,,,,,,,,,,
2026-09-02 19:25:44,42.4857001,-82.8047345,19.2487,8.8056,212.8309,209.5177,,0.0,-6.4445,1.4186,62.0881,0.4889,-0.3817,,207.3706,,,,,,,,,0.0,,,,,,-41.5231,,-7.7281,,,,,,,,,,,,,,,,,1176.8715,,18075.4599,,
2026-09-02 19:25:45,42.4856667,-82.8047639,,8.0669,211.6678,209.1281,-137.448,0.0,-7.6335,0.9021,61.8906,0.492,-0.3831,224.2864,206.0184,,,,,,,,,,21.4711,21.7926,13.8911,35.0176,243.0464,-41.3569,,-7.3824,,,,,,,,,,,,,,,,,,,,,
2026-09-02 19:25:46,42.4856345,-82.8047924,19.4455,8.0086,211.1006,,-152.4434,0.0,-6.0002,1.0931,61.7619,0.4939,-0.3839,224.0892,205.3137,,,,,,,,,,20.7785,19.3514,13.1649,31.5334,238.4203,-41.2767,,-6.8523,,,,,,,,,,,,,,,,,1290.4632,,18047.9008,,
2026-09-02 19:25:47,42.4856028,-82.8048196,,7.3672,208.8202,207.0426,-148.6997,0.0,-6.1443,1.5795,61.632,0.4958,-0.3846,222.7561,202.3286,3.278,13.6876,10.0,0.0006,48.092,17.2865,75.5233,0.0,,20.9982,20.1042,13.6617,31.8918,238.1004,-41.0877,,-6.937,,,,,,,,,,,,,,,,,1410.138,,18035.1056,,
2026-09-02 19:25:48,42.4855718,-82.8048438,19.3143,7.7559,206.8951,204.0575,-99.9525,0.0,-6.1019,1.6242,61.4963,0.4975,-0.3852,220.9296,199.9222,,,,,,,,,0.0,21.997,19.8996,14.7541,30.4951,235.1585,-41.1851,,-6.5057,,,,,,,,,,,,,,,,,1601.8502,,18022.9665,,
2026-09-02 19:25:49,42.4855411,-82.8048649,19.3143,7.9697,207.13,202.4704,53.787,,-7.9697,0.4793,61.3565,0.4993,-0.3858,220.9157,199.4982,,,,,,,,,,22.47,21.3384,15.6504,31.4955,234.3465,-41.2309,,-7.1009,,,,,,,,,,,,,,,,,1401.9115,,18010.4993,,
2026-09-02 19:25:50,42.48550597891733,-82.8048887740053,,7.4255,205.9841,200.9921,117.5366,0.0,-7.7227,-2.1898,61.2201,0.501,-0.3864,219.8885,200.3462,,,,,,,,,,20.0646,23.3002,13.5231,35.9365,237.6791,-41.3569,,-5.7893,,,,,,,,,,,,,,,,,,,,,
2026-09-02 19:25:51,42.485474648794536,-82.80491065524764,19.019,7.1533,204.0475,201.0036,-287.4644,0.0,-7.5677,3.1642,61.0803,0.5027,-0.3869,218.9826,,,,,,,,,,,20.618,21.6121,13.6222,33.8811,233.9792,-40.7783,,-6.4821,,,,,,,,,,,,,,,,,1587.7086,,17985.5649,,
2026-09-02 19:25:52,42.48544365307441,-82.80493013291867,,7.717,205.3767,198.9925,-118.7191,0.0,-6.7951,0.7897,60.9433,0.5044,-0.3874,218.1161,197.384,3.2781,13.6876,10.0,0.0018,48.092,17.2865,75.0786,0.0,0.0,20.7471,23.0418,14.2788,34.66,233.9265,-41.3226,,-6.2563,,,,,,,,,,,,,,,,,1454.8624,,17974.0819,,
2026-09-02 19:25:53,42.48541221704282,-82.80494998145123,19.019,7.717,204.9527,199.3707,87.5216,0.0,-8.4707,0.2007,,,,219.4061,196.6162,,,,,,,,,,19.5449,22.7244,12.8489,35.9877,233.6735,-41.1106,,,,,,,,,,,,,,,,,,,,,,,
2026-09-02 19:25:54,42.48537971185272,-82.80496950318744,,7.5032,205.1074,202.0808,,0.0,,,60.724,0.5069,-0.3881,,197.1204,,,,,,,,,,20.1366,23.0518,13.3142,36.3138,234.9225,-41.2022,,-6.2236,,,,,,,,,,,,,,,,,1370.1949,,17949.1476,,
2026-09-02 19:25:55,42.48534698318012,-82.80499060601501,19.3799,7.6004,208.2702,204.109,95.0228,0.0,-8.1981,1.4612,60.5219,0.5096,-0.389,222.3067,200.7071,3.2781,13.6876,10.0,0.0007,48.092,17.2865,75.255,0.0,,18.9232,20.8995,12.1125,33.8704,232.228,-41.2022,,-5.923,,,,,,,,,,,,,,,,,1414.7709,,17936.0242,,
2026-09-02 19:25:56,42.4853119,-82.8050159,,7.5227,207.1185,,102.5136,0.0,-6.9747,-0.8638,60.3934,0.5114,-0.3897,223.3636,201.2572,,,,,,,,,0.0,18.1756,22.8711,11.4944,37.9208,237.3465,-40.933,,-6.4691,,,,,,,,,,,,,,,,,,,,,
2026-09-02 19:25:57,42.4852813,-82.8050375,19.3799,7.6004,208.0352,202.7454,83.7538,0.0,-7.326,-1.6455,60.2641,0.5132,-0.3903,222.3502,201.3488,,,,,,,,,,19.5262,20.9818,12.8037,33.098,233.911,,,-6.2714,,,,,,,,,,,,,,,,,1434.6208,,17910.7617,,
2026-09-02 19:25:58,42.4852495,-82.805059,,7.3866,206.1101,201.5651,-197.4882,0.0,-7.7796,1.1396,,,,220.2783,199.1659,,,,,,,,,,19.7915,21.4361,13.2145,33.1859,233.8839,-40.7954,,,,,,,,,,,,,,,,,,,1487.829,,17898.9507,,
2026-09-02 19:25:59,42.4852192,-82.8050792,19.1503,7.7559,206.9753,201.5479,20.0008,0.0,-7.5457,-0.6253,60.1359,0.5149,-0.3908,220.4661,199.0742,3.2781,13.6876,10.0,0.0011,48.092,17.2865,75.8215,0.0,,19.9389,14.2132,12.8019,22.4833,221.78,-41.1392,,-5.8578,,,,,,,,,,,,,,,,,1410.3637,,17886.4835,,
2026-09-02 19:26:00,42.4851871,-82.8050996,,7.3866,202.5578,199.6056,-32.4523,0.0,-7.4405,-0.8168,60.0042,0.5166,-0.3914,220.0599,197.2465,,,,,,,,,0.0,,,,,,-41.0475,,-6.3289,,,,,,,,,,,,,,,,,1514.2529,,17875.0006,,
2026-09-02 19:26:01,42.4851562,-82.8051188,19.019,7.5032,206.9753,200.8947,,0.0,,,59.8712,0.5183,-0.3918,,,,,,,,,,,,20.1295,20.1504,13.4332,31.0781,230.2027,-41.1851,,-5.9555,,,,,,,,,,,,,,,,,1455.8985,,17862.5334,,
2026-09-02 19:26:02,42.4851243,-82.8051396,,7.3477,206.9237,199.8978,-13.7235,0.0,-7.0411,1.0906,59.7439,0.52,-0.3924,216.011,198.0028,,,,,,,,,,19.0425,21.4769,12.2116,34.815,231.8059,-40.9501,,-7.1183,,,,,,,,,,,,,,,,,1486.0597,,17850.7224,,
2026-09-02 19:26:03,42.4850893,-82.8051615,19.3143,7.5421,206.9237,202.0808,136.286,0.0,-5.9969,-0.2449,59.5289,0.5228,-0.3932,218.7685,199.2976,3.2782,13.6876,10.0,0.0002,48.092,17.2865,76.3299,0.0,,19.8466,19.1923,12.8259,30.5765,227.9371,-41.1851,,-6.5009,,,,,,,,,,,,,,,,,,,,,
2026-09-02 19:26:04,42.4850577,-82.8051819,,7.5421,206.8091,202.6365,128.7711,0.0,-7.4313,-1.6173,,,,219.1652,199.4982,,,,,,,,,0.0,19.3445,21.978,12.6314,34.9701,233.3201,-41.0877,,,,,,,,,,,,,,,,,,,1439.8204,,17825.1318,,
2026-09-02 19:26:05,42.4850259,-82.8052028,19.2159,7.3477,207.8691,201.9547,-129.9743,0.0,-6.8188,1.0515,59.3484,0.5253,-0.394,218.4264,198.5528,,,,,,,,,,18.382,22.3608,11.9343,35.8719,234.9155,-41.0074,,-6.4647,,,,,,,,,,,,,,,,,1400.861,,17813.3208,,
2026-09-02 19:26:06,42.4849945,-82.8052229,,7.1728,204.3225,201.101,-126.2237,0.0,-6.7423,2.2445,59.2227,0.527,-0.3945,219.4569,198.6617,,,,,,,,,,18.9583,21.7849,12.3342,34.7806,233.8777,-41.0647,,-6.0626,,,,,,,,,,,,,,,,,1554.4521,,17801.1817,,
2026-09-02 19:26:07,42.4849639,-82.8052419,19.4455,7.1339,205.9611,,125.0102,0.0,-7.3997,-1.1716,59.0944,0.5287,-0.395,219.9527,199.6128,3.2782,13.6876,10.0,0.0019,48.092,17.2865,76.0856,0.0,,20.5043,20.471,13.9475,30.9404,229.8106,-41.0877,,-6.0187,,,,,,,,,,,,,,,,,,,,,
2026-09-02 19:26:08,42.4849326,-82.8052628,,7.4449,204.2824,200.7286,-2.4821,0.0,-7.2173,-0.1298,58.9749,0.5305,-0.3956,217.7628,198.1746,,,,,,,,,0.0,19.5164,21.8268,13.137,33.5283,232.6797,-41.0475,,-6.305,,,,,,,,,,,,,,,,,1483.1729,,17777.2315,,
2026-09-02 19:26:09,42.4849021,-82.8052829,19.2487,7.5615,206.1961,201.7542,80.0376,0.0,-6.5031,1.1822,58.8542,0.5321,-0.3961,222.1718,199.693,,,,,,,,,,19.6219,19.8308,12.8088,31.3116,229.5187,-41.0647,,-5.6546,,,,,,,,,,,,,,,,,1427.7947,,17764.7643,,
2026-09-02 19:26:10,42.4848677,-82.8053061,,7.5032,207.2904,202.1667,72.5365,0.0,-8.3018,0.0767,58.7347,0.5339,-0.3966,222.6334,200.4321,,,,,,,,,,20.0018,21.2411,13.3124,32.9798,232.966,-40.933,,-6.5803,,,,,,,,,,,,,,,,,1403.7905,,17751.3129,,
2026-09-02 19:26:11,42.4848369,-82.8053253,19.2487,7.5615,207.4508,201.7312,,0.0,,,58.5998,0.5358,-0.3972,,200.3404,3.2783,13.6876,10.0,0.0017,48.092,17.2865,75.1721,0.0,,19.9607,19.763,13.4727,30.0638,230.4225,-41.0304,,-6.3518,,,,,,,,,,,,,,,,,,,,,
2026-09-02 19:26:12,42.4848067,-82.8053467,,6.9006,203.7839,201.9031,132.5217,0.0,-7.1149,-0.7554,58.4883,0.5375,-0.3978,223.579,,,,,,,,,,0.0,18.7137,21.6015,12.365,33.8606,234.3599,-40.4975,,-5.2817,,,,,,,,,,,,,,,,,1605.9541,,17729.0032,,
2026-09-02 19:26:13,42.4847767,-82.8053653,19.2159,7.3672,206.0585,202.8829,80.0136,0.0,-8.519,-0.9299,58.3671,0.5392,-0.3982,223.3558,199.8018,,,,,,,,,,18.7294,20.3613,12.3008,31.9904,231.6397,-40.9158,,-5.6793,,,,,,,,,,,,,,,,,1481.9177,,17716.8641,,
2026-09-02 19:26:14,42.4847465,-82.8053859,,7.3477,208.0639,203.4272,42.5215,0.0,-7.8655,-0.5196,58.2686,0.5408,-0.3988,223.484,199.8706,,,,,,,,,,19.808,20.7336,13.2417,31.9769,232.7887,-40.933,,-6.0564,,,,,,,,,,,,,,,,,1462.2163,,17705.0531,,
2026-09-02 19:26:15,42.4847162,-82.8054063,19.2487,7.5032,207.6686,203.1866,-54.9661,0.0,-8.0141,-0.0795,58.1528,0.5425,-0.3993,223.6386,200.4894,,,,,,,,,,18.7106,19.9284,12.0119,32.0681,232.7246,-41.0304,,-6.0272,,,,,,,,,,,,,,,,,1446.8776,,17693.242,,
2026-09-02 19:26:16,42.4846859,-82.8054272,,7.3088,205.0043,201.8057,42.5352,0.0,-8.0452,0.497,58.0436,0.5442,-0.3999,224.136,200.1112,3.2783,13.6876,10.0,0.0003,48.092,17.2865,75.2273,0.0,0.0,,,,,,-41.2767,,-6.1744,,,,,,,,,,,,,,,,,,,,,
2026-09-02 19:26:17,42.4846561,-82.8054481,19.3143,6.7062,205.3022,,-257.4563,0.0,-7.062,2.584,57.9327,0.5459,-0.4004,221.858,200.1513,,,,,,,,,,12.5439,36.108,7.9828,67.8228,269.443,-40.4975,,-5.8007,,,,,,,,,,,,,,,,,1488.9049,,17669.2919,,
2026-09-02 19:26:18,42.4846222,-82.8054689,,,,199.6686,,0.0,,,57.8206,0.5477,-0.401,,198.146,,,,,,,,,,19.6193,22.087,13.2136,33.9382,233.6744,,,-6.5956,,,,,,,,,,,,,,,,,1521.1571,,17656.4966,,
2026-09-02 19:26:19,42.4845924,-82.8054879,19.3799,7.1922,205.1418,200.7801,12.5443,0.0,-7.2823,1.8527,57.6938,0.5495,-0.4015,221.5973,198.633,3.2783,13.6876,10.0,0.001,48.092,17.2865,75.694,0.0,,18.1722,22.7295,11.8851,36.212,235.1939,-41.122,,-5.9651,,,,,,,,,,,,,,,,,1431.5171,,17645.0137,,
2026-09-02 19:26:20,42.4845612,-82.8055076,,7.8142,204.672,201.9776,113.7997,0.0,-7.7497,-1.8543,57.582,0.5512,-0.402,220.6186,197.5444,,,,,,,,,0.0,18.6858,21.9305,12.1292,35.1256,234.4872,-41.1106,,-6.4333,,,,,,,,,,,,,,,,,,,,,
2026-09-02 19:26:21,42.4845316,-82.8055247,19.5112,6.5702,201.7155,199.0785,-133.7008,0.0,-7.3837,-0.2884,57.4636,0.5529,-0.4024,217.4734,197.8767,,,,,,,,,,18.166,21.7796,11.963,34.2932,233.2255,-41.0647,,-6.227,,,,,,,,,,,,,,,,,1432.7672,,17623.0321,,
2026-09-02 19:26:22,42.4845003,-82.8055442,,7.717,205.1705,198.8435,-107.4468,0.0,-6.136,2.1694,57.353,0.5546,-0.4029,217.9951,,,,,,,,,,,16.4797,24.2866,10.1791,41.7503,239.1963,-40.5204,,-6.2831,,,,,,,,,,,,,,,,,1512.2821,,17611.221,,
2026-09-02 19:26:23,42.4844688,-82.8055624,19.3799,7.4449,202.277,200.3275,143.7941,0.0,-7.9697,-0.8484,57.1767,0.5571,-0.4036,218.0036,197.3152,3.2784,13.6876,10.0,0.0025,48.092,17.2865,75.6979,0.0,,18.2261,23.8648,11.8502,38.4814,236.8628,-40.7783,,-6.106,,,,,,,,,,,,,,,,,1524.0849,,17599.0819,,
2026-09-02 19:26:24,42.4844376,-82.8055809,,7.5227,204.1391,202.9631,192.5482,0.0,-6.9381,0.0206,57.0721,0.5587,-0.404,220.083,198.8966,,,,,,,,,0.0,17.6486,22.9629,11.15,38.1349,236.3968,-40.8585,,-5.47,,,,,,,,,,,,,,,,,1385.1143,,17586.6147,,
2026-09-02 19:26:25,42.484405,-82.805601,19.3143,7.892,204.9585,203.8168,38.8018,0.0,-7.506,0.3662,56.9574,0.5605,-0.4045,220.1634,201.0394,,,,,,,,,,17.623,23.62,11.0437,39.7449,240.4349,-40.8413,,-6.6514,,,,,,,,,,,,,,,,,1408.151,,17574.4756,,
2026-09-02 19:26:26,42.4843697,-82.8056243,,7.0756,206.0127,203.4845,-148.6997,0.0,-7.0749,-0.0103,56.8294,0.5625,-0.4051,219.4833,200.4951,,,,,,,,,,17.9436,22.9887,11.3263,38.2229,239.4746,-40.8585,,-6.6279,,,,,,,,,,,,,,,,,1340.9528,,17560.368,,
2026-09-02 19:26:27,42.4843377,-82.8056455,19.2159,7.3866,207.9665,,-174.9366,0.0,-7.7424,1.2579,56.7195,0.5643,-0.4057,217.0018,199.4065,3.2784,13.6876,10.0,0.0015,48.092,17.2865,76.3477,0.0,,17.5853,25.4295,11.2003,42.3915,242.0478,-40.5892,,-7.2645,,,,,,,,,,,,,,,,,1334.864,,17548.2289,,
2026-09-02 19:26:28,42.4843052,-82.8056638,,8.1641,206.7461,200.8775,-84.933,0.0,-6.6616,0.4042,56.5987,0.5661,-0.4061,217.9603,198.6559,,,,,,,,,0.0,17.5664,23.1492,10.9081,39.2786,237.8806,-41.1851,,-6.0858,,,,,,,,,,,,,,,,,1318.0787,,17536.0898,,
2026-09-02 19:26:29,42.4842718,-82.8056846,19.3143,8.203,206.7461,200.9291,-197.4401,0.0,-6.7271,2.3213,56.4817,0.5679,-0.4066,215.7563,197.6991,,,,,,,,,,17.1717,26.0862,10.7399,44.6732,241.4646,-41.122,,-7.1566,,,,,,,,,,,,,,,,,1393.6171,,17523.2945,,
2026-09-02 19:26:30,42.484239,-82.8057038,,7.4643,206.7461,198.9753,76.2974,0.0,-6.554,1.5358,56.365,0.5697,-0.4071,216.3486,197.7736,,,,,,,,,,,,,,,-41.2538,,-6.4552,,,,,,,,,,,,,,,,,,,,,
2026-09-02 19:26:31,42.4842075,-82.8057208,19.3143,7.7754,202.9531,198.4597,,0.0,,,56.2481,0.5714,-0.4075,,196.4787,3.2785,13.6876,10.0,0.0014,48.092,17.2865,76.4351,0.0,,16.9891,25.2553,10.5271,43.5157,241.4564,-41.122,,-5.9827,,,,,,,,,,,,,,,,,1418.4243,,17500.6567,,
2026-09-02 19:26:32,42.4841753,-82.8057386,,8.3391,203.7323,197.669,113.786,0.0,-6.7771,0.2567,56.1305,0.5732,-0.4079,216.0054,195.3041,,,,,,,,,0.0,17.9655,25.3563,11.4307,42.3042,239.5453,-40.4116,,-6.7243,,,,,,,,,,,,,,,,,1686.6642,,17488.8457,,
2026-09-02 19:26:33,42.4841443,-82.8057552,19.4455,6.6285,197.722,198.4253,177.5252,0.0,-7.9898,-1.422,56.0182,0.5748,-0.4083,214.4309,,,,,,,,,,,19.4492,25.4855,13.398,38.6543,237.0621,-40.4116,,-5.2217,,,,,,,,,,,,,,,,,1695.031,,17477.3628,,
2026-09-02 19:26:34,42.4841102,-82.8057727,,6.8229,198.1116,200.0811,158.7689,0.0,-8.1707,-0.9435,55.9025,0.5764,-0.4086,215.5826,195.2125,,,,,,,,,,18.433,26.6338,12.6313,40.858,238.4539,-41.2538,,-5.161,,,,,,,,,,,,,,,,,1488.9965,,17464.5675,,
2026-09-02 19:26:35,42.4840789,-82.8057916,19.4455,7.5615,200.1685,201.4219,46.2721,0.0,-6.1556,0.5894,55.7957,0.5781,-0.4091,217.9154,198.7705,3.2785,13.6876,10.0,0.0009,48.092,17.2865,76.4896,0.0,,17.7311,25.7441,11.4704,42.1775,241.5798,-41.0647,,-5.8914,,,,,,,,,,,,,,,,,1510.7372,,17452.4284,,
2026-09-02 19:26:36,42.4840472,-82.8058103,,7.406,203.0849,201.164,-47.4959,0.0,-7.9117,0.753,55.6852,0.5799,-0.4096,217.3,198.7877,,,,,,,,,0.0,18.0857,27.6205,11.9014,44.7907,244.1187,-41.0877,,-6.4053,,,,,,,,,,,,,,,,,1566.7124,,17440.6174,,
2026-09-02 19:26:37,42.4840151,-82.8058306,19.2487,7.6199,203.0161,202.0922,121.2803,0.0,-6.0941,-0.1371,55.5778,0.5817,-0.41,216.5297,200.4034,,,,,,,,,,18.1264,23.4222,11.563,38.5454,239.0111,-40.635,,-6.1655,,,,,,,,,,,,,,,,,,,,,
2026-09-02 19:26:38,42.4839828,-82.8058497,,8.0475,202.4947,,-58.7442,0.0,-6.9931,0.5552,55.4686,0.5835,-0.4105,215.7425,199.4695,,,,,,,,,,17.8491,24.8542,11.4259,41.0404,241.8033,-40.8928,,-6.5599,,,,,,,,,,,,,,,,,1438.2649,,17416.9953,,
2026-09-02 19:26:39,42.4839512,-82.8058698,19.2487,7.5227,203.8125,202.2125,-21.2418,0.0,-6.2569,-0.2641,55.3635,0.5853,-0.411,,199.9164,,,,,,,,,,18.1561,23.8703,11.7223,38.8124,239.6721,-41.0475,,-5.9306,,,,,,,,,,,,,,,,,1437.4257,,17404.5281,,
2026-09-02 19:26:40,42.4839188,-82.8058885,19.0846,7.717,203.8068,200.7057,,0.0,,,,,,217.9912,197.2636,3.2785,13.6876,10.0,0.0003,48.092,17.2865,76.6479,0.0,0.0,18.0202,23.0613,11.4404,38.0979,237.769,-41.2252,,,,,,,,,,,,,,,,,,,,,,,
2026-09-02 19:26:41,42.4838829,-82.8059087,,7.7754,202.2885,199.8806,,0.0,,,55.2,0.588,-0.4118,,196.6391,,,,,,,,,,17.7952,23.5997,11.2055,39.4778,238.8605,-40.9731,,-6.5542,,,,,,,,,,,,,,,,,1552.3938,,17379.2656,,
2026-09-02 19:26:42,42.4838496,-82.8059285,19.3799,8.0864,201.3374,200.8604,,0.0,,,55.034,0.5907,-0.4124,,198.5413,,,,,,,,,,17.8642,23.6017,11.1488,39.9069,240.0204,,,-5.9507,,,,,,,,,,,,,,,,,,,,,
2026-09-02 19:26:43,42.4838163,-82.8059477,,8.1253,201.3431,201.2958,,0.0,,,54.9215,0.5926,-0.4129,,,,,,,,,,,,17.8489,22.3259,11.104,37.6346,236.9449,-40.1767,,-6.5265,,,,,,,,,,,,,,,,,1526.3713,,17354.0032,,
2026-09-02 19:26:44,42.4837833,-82.8059676,19.3143,8.0281,205.9841,201.4505,,0.0,,,54.8147,0.5945,-0.4134,,198.8908,,,,,,,,,,18.2187,23.2703,11.3885,39.1989,238.4598,-40.996,,-6.8916,,,,,,,,,,,,,,,,,1378.1961,,17341.2079,,
2026-09-02 19:26:45,42.4837505,-82.8059873,,8.0086,201.6296,199.5655,,0.0,,,54.7098,0.5963,-0.4139,,196.1979,,,,,,,,,,18.2484,23.7013,11.4012,40.0442,238.3248,-41.0304,,-6.1418,,,,,,,,,,,,,,,,,1315.7977,,17329.0688,,
2026-09-02 19:26:46,42.4837166,-82.8060072,19.3799,7.8726,202.4203,199.4853,-103.7649,0.0,-8.4719,1.0675,54.6001,0.5982,-0.4144,217.8154,196.7193,,,,,,,,,,,,,,,-41.2767,,-6.8431,,,,,,,,,,,,,,,,,1305.6752,,17316.2735,,
2026-09-02 19:26:47,42.4836813,-82.8060262,,8.7862,202.9531,197.7778,-85.0052,0.0,-8.8282,0.6521,54.4834,0.6001,-0.4148,215.4588,196.6735,,,,,,,,,,18.9537,23.9664,11.9498,40.1117,238.0555,-40.2282,,-7.1996,,,,,,,,,,,,,,,,,1341.4524,,17304.7906,,
2026-09-02 19:26:48,42.4836421,-82.8060475,19.5768,9.0583,203.2625,,-2.5027,0.0,-7.9193,0.5083,54.3645,0.602,-0.4152,215.4612,196.0547,3.2786,13.6876,10.0,0.001,48.092,17.2865,76.6377,0.0,0.0,18.1035,24.58,11.2272,42.1233,238.7029,-41.3226,,-7.3241,,,,,,,,,,,,,,,,,1319.5208,,17290.0268,,
2026-09-02 19:26:49,42.4836059,-82.8060682,,8.5529,203.2912,198.3164,-21.259,0.0,-9.1105,0.1816,54.2494,0.604,-0.4157,215.3194,196.1521,,,,,,,,,,18.1658,24.0696,11.0467,42.1199,237.9694,-41.3226,,-6.7177,,,,,,,,,,,,,,,,,,,,,
2026-09-02 19:26:50,42.4835689,-82.8060876,19.2487,7.892,203.2912,197.9096,,0.0,,,54.1265,0.6061,-0.4162,,195.1609,,,,,,,,,,18.5963,26.1888,11.5687,45.1881,240.621,-41.3226,,-7.5275,,,,,,,,,,,,,,,,,1286.8654,,17263.1239,,
2026-09-02 19:26:51,42.4835309,-82.8061082,,9.2721,203.2912,197.6231,-85.0224,0.0,-8.8847,-0.0744,54.003,0.6081,-0.4166,213.6083,195.0176,,,,,,,,,,19.4678,24.0765,12.1964,40.6302,235.4655,-41.4715,,-7.0358,,,,,,,,,,,,,,,,,,,,,
2026-09-02 19:26:52,42.4834956,-82.8061238,19.2159,7.7365,203.2912,194.449,-265.0228,0.0,-9.1615,4.4016,53.8795,0.6099,-0.4169,214.0372,193.4477,3.2786,13.6876,10.0,0.0019,48.092,17.2865,76.5569,0.0,0.0,17.2408,28.2887,10.8557,48.8218,241.0758,-41.7007,,-7.0783,,,,,,,,,,,,,,,,,1347.6921,,17236.8772,,
2026-09-02 19:26:53,42.4834601,-82.8061395,19.1503,8.378,202.0593,194.1052,-81.2752,0.0,-9.4204,2.0413,53.7586,0.6119,-0.4173,214.374,,,,,,,,,,,18.6089,26.9706,11.8037,45.6439,237.8695,-40.933,,-7.0271,,,,,,,,,,,,,,,,,1373.41,,17224.41,,
2026-09-02 19:26:54,42.483423,-82.8061579,,8.6112,202.0364,195.1021,94.9609,0.0,-9.6118,0.3552,53.6364,0.6137,-0.4176,213.1526,191.9523,,,,,,,,,,19.0086,26.6831,12.222,44.2992,235.6629,-41.7007,,-6.937,,,,,,,,,,,,,,,,,,,,,
2026-09-02 19:26:55,42.4833863,-82.8061769,19.2487,8.7667,202.0364,198.4138,169.9656,0.0,-10.304,-0.1278,53.5161,0.6157,-0.418,216.4566,193.8202,3.2787,13.6876,10.0,0.0021,48.092,17.2865,76.328,0.0,,19.7909,27.0894,12.7924,44.7901,237.5726,-41.4715,,-7.5262,,,,,,,,,,,,,,,,,1191.7781,,17198.1633,,
2026-09-02 19:26:56,,,,8.5529,202.0364,200.9348,188.7289,0.0,-9.0408,-0.0666,53.4001,0.6176,-0.4184,217.7677,196.2094,,,,,,,,,0.0,19.2854,27.0552,12.5754,44.2306,239.3713,-41.4715,,-7.2202,,,,,,,,,,,,,,,,,1219.5382,,17183.3995,,
2026-09-02 19:26:57,42.4833473,-82.8061986,19.3143,8.0475,202.2025,203.3756,,0.0,,,53.2947,0.6197,-0.419,,199.6873,,,,,,,,,,19.2198,26.8571,12.5435,43.8062,242.3337,-41.2767,,-7.3612,,,,,,,,,,,,,,,,,1311.7469,,17169.9481,,
2026-09-02 19:26:58,42.4833125,-82.8062205,,8.1447,205.646,201.6167,151.223,0.0,-9.2313,-1.1864,53.1953,0.6217,-0.4195,220.1153,201.091,,,,,,,,,,16.9985,29.6148,10.7914,51.1153,250.6123,-40.9501,,-7.4354,,,,,,,,,,,,,,,,,,,,,
2026-09-02 19:26:59,42.4832793,-82.8062403,19.4455,7.1922,202.5005,,-220.033,0.0,-8.0142,4.576,53.0995,0.6235,-0.42,219.5628,199.9623,,,,,,,,,,19.8423,25.4162,13.3581,39.6074,241.7431,-41.546,,-5.6193,,,,,,,,,,,,,,,,,1403.2686,,17144.6856,,
2026-09-02 19:27:00,42.4832473,-82.8062598,,6.7646,202.2197,200.9979,-160.034,,-6.6783,3.0344,53.012,0.6252,-0.4204,217.5755,198.7075,3.2787,13.6876,10.0,0.0017,48.092,17.2865,75.8219,0.0,0.0,23.4772,24.2746,17.2294,34.0688,235.3988,-41.2767,,-6.8128,,,,,,,,,,,,,,,,,,,,,
2026-09-02 19:27:01,42.48321507391296,-82.80627833406163,19.1503,6.4341,202.2197,201.7828,-175.026,0.0,-8.2078,2.977,52.9183,0.6269,-0.4208,218.9775,197.6303,,,,,,,,,,,,,,,-41.0877,,-6.669,,,,,,,,,,,,,,,,,1804.9804,,17123.032,,
2026-09-02 19:27:02,42.48318575272463,-82.80629353054513,,7.0756,205.2621,202.5334,38.7193,0.0,-8.0941,1.1867,52.8301,0.6285,-0.4212,221.6436,200.5467,,,,,,,,,,20.0174,29.4016,14.4696,42.7778,243.7762,-40.572,,-6.6249,,,,,,,,,,,,,,,,,,,,,
2026-09-02 19:27:03,42.483156358330476,-82.8063113292022,19.2159,7.581,207.6227,205.0028,42.4906,0.0,-7.9458,0.5408,52.7502,0.6303,-0.4217,222.8611,203.3026,,,,,,,,,,19.2228,28.1802,13.5844,41.9331,243.1864,-40.7496,,-5.9408,,,,,,,,,,,,,,,,,1429.3234,,17099.7381,,
2026-09-02 19:27:04,42.4831241,-82.8063343,,7.0173,206.769,205.5471,98.7596,0.0,-7.8208,-0.7219,,,,223.4869,,3.2788,13.6876,10.0,0.0019,48.092,17.2865,76.3355,0.0,0.0,18.4997,26.9072,12.615,41.5792,244.1328,-40.933,,,,,,,,,,,,,,,,,,,1449.7549,,17087.9271,,
2026-09-02 19:27:05,42.4830947,-82.8063552,19.2159,7.0173,208.6025,206.2977,,0.0,,,52.6285,0.6332,-0.4226,,204.2766,,,,,,,,,,17.9797,25.9658,11.865,41.5656,245.8734,-40.8928,,-6.2445,,,,,,,,,,,,,,,,,1450.0063,,17075.7879,,
2026-09-02 19:27:06,42.4830656,-82.8063774,,7.406,208.5967,205.9482,-9.9695,0.0,-6.6696,-0.8706,52.5573,0.635,-0.4233,222.7196,204.0532,,,,,,,,,,19.3232,25.135,13.1201,38.7242,243.4821,,,-6.3415,,,,,,,,,,,,,,,,,,,,,
2026-09-02 19:27:07,42.4830358,-82.8063986,18.8878,6.8229,207.4795,204.8882,-174.9572,0.0,-6.3296,1.5793,52.481,0.6368,-0.4239,221.7521,201.8702,3.2788,13.6876,10.0,0.0027,48.092,17.2865,75.8702,0.0,,18.3514,26.641,12.5564,40.9457,245.1173,-40.8585,,-6.6652,,,,,,,,,,,,,,,,,1323.926,,17052.494,,
2026-09-02 19:27:08,42.4830067,-82.8064191,,6.784,205.7663,203.7824,-129.9503,0.0,-6.7431,1.5206,52.4129,0.6384,-0.4243,221.6837,201.4577,,,,,,,,,0.0,18.1808,27.5738,12.3072,43.1419,246.6181,-41.0877,,-6.0133,,,,,,,,,,,,,,,,,1620.351,,17041.3391,,
2026-09-02 19:27:09,42.4829771,-82.8064373,19.0846,6.6479,207.5826,,91.2997,0.0,-7.0634,-0.195,52.3309,0.6402,-0.4248,223.1012,202.6666,,,,,,,,,,19.2372,26.1619,13.2248,39.8933,243.5193,-40.8184,,-5.6747,,,,,,,,,,,,,,,,,1509.5589,,17029.2,,
2026-09-02 19:27:10,42.4829478,-82.8064581,,6.784,209.4218,205.3466,42.549,0.0,-6.9309,0.0889,52.2562,0.642,-0.4254,224.7158,204.2709,,,,,,,,,,18.9669,26.4026,13.0218,40.3681,244.0259,-40.8413,,-6.6757,,,,,,,,,,,,,,,,,1404.7036,,17017.389,,
2026-09-02 19:27:11,42.4829188,-82.80648,18.8878,6.9006,208.7343,205.6388,,0.0,,,52.1872,0.6438,-0.426,,203.2224,,,,,,,,,,18.8332,25.6936,12.8869,39.3171,243.6461,-40.8413,,-6.6815,,,,,,,,,,,,,,,,,,,,,
2026-09-02 19:27:12,42.4828874,-82.8065028,,7.2311,208.2358,204.2866,-144.9423,0.0,-5.2973,0.8068,52.1091,0.6458,-0.4267,222.1368,202.7067,3.2788,13.6876,10.0,0.0033,48.092,17.2865,76.0573,0.0,0.0,18.8705,24.5235,12.7525,37.8932,241.7538,-40.8413,,-6.343,,,,,,,,,,,,,,,,,1426.7763,,16994.095,,
2026-09-02 19:27:13,42.4828579,-82.8065232,18.3957,6.7062,205.2163,204.2064,68.8134,0.0,-6.5451,0.9488,52.0358,0.6476,-0.4272,222.9323,202.6437,,,,,,,,,,18.3275,27.0421,12.7487,40.8132,244.5425,-40.7267,,-6.5861,,,,,,,,,,,,,,,,,1710.4213,,16982.9402,,
2026-09-02 19:27:14,42.4828295,-82.8065424,,6.8034,208.8546,205.6961,147.5584,0.0,-6.4577,-1.0985,51.9359,0.65,-0.428,223.4133,,,,,,,,,,,16.95,24.5021,11.04,39.5493,242.4631,-41.122,,-6.4087,,,,,,,,,,,,,,,,,1525.5903,,16971.7853,,
2026-09-02 19:27:15,42.4828026,-82.806562,19.2159,6.9784,210.923,205.8336,110.056,0.0,-5.9849,-2.3414,51.8693,0.6517,-0.4285,222.9643,202.4374,3.2789,13.6876,10.0,0.0005,48.092,17.2865,76.097,0.0,,19.057,22.6036,12.9669,34.3932,237.4914,-40.8928,,-5.8777,,,,,,,,,,,,,,,,,1472.1315,,16959.9743,,
2026-09-02 19:27:16,42.4827741,-82.8065829,,6.7257,204.4199,202.5506,-152.44,0.0,-7.1394,-0.7447,51.7965,0.6534,-0.429,220.5975,201.6983,,,,,,,,,0.0,,,,,,-40.5204,,-6.2795,,,,,,,,,,,,,,,,,1667.494,,16949.8037,,
2026-09-02 19:27:17,42.4827458,-82.8066007,18.8878,6.8423,205.5257,200.6197,,0.0,,,51.73,0.6551,-0.4296,,199.8248,,,,,,,,,,19.7373,23.0572,13.9177,33.7393,236.8577,-41.0647,,-6.1566,,,,,,,,,,,,,,,,,1508.2807,,16938.6488,,
2026-09-02 19:27:18,42.4827142,-82.8066209,18.6581,6.2397,204.6376,198.9811,-137.4205,0.0,-5.9558,0.1201,51.6463,0.6569,-0.43,219.1246,197.384,,,,,,,,,,18.6415,23.1153,12.6806,35.249,236.1033,-41.0475,,-6.5234,,,,,,,,,,,,,,,,,,,,,
2026-09-02 19:27:19,42.4826847,-82.8066375,,7.5032,204.6548,,72.6362,0.0,-8.1492,-0.2557,51.5631,0.6587,-0.4304,220.6149,197.5673,3.2789,13.6876,10.0,0.001,48.092,17.2865,76.8106,0.0,,19.0718,24.2644,12.9655,37.1921,235.8314,-41.0074,,-6.6559,,,,,,,,,,,,,,,,,1394.3829,,16916.6672,,
2026-09-02 19:27:20,42.4826537,-82.8066538,19.1503,7.6782,204.6548,198.1732,-6.1123,0.0,-7.4921,-0.2868,51.4747,0.6604,-0.4308,217.7929,195.413,,,,,,,,,0.0,18.2624,24.7626,12.0227,39.5124,236.8875,-41.3684,,-6.5747,,,,,,,,,,,,,,,,,1361.6915,,16905.1843,,
2026-09-02 19:27:21,42.4826219,-82.8066716,,7.6199,202.0192,197.9039,-32.3698,0.0,-8.3719,0.4768,51.3848,0.6622,-0.4312,217.2191,195.3843,,,,,,,,,,18.4533,24.9678,12.0042,40.4573,236.5713,-41.2767,,-7.257,,,,,,,,,,,,,,,,,1391.7894,,16893.3732,,
2026-09-02 19:27:22,42.4825885,-82.806688,19.4455,8.1641,202.0708,197.8523,91.3822,0.0,-8.8873,-0.6189,51.3011,0.6639,-0.4315,218.1842,197.0746,,,,,,,,,,18.7753,24.99,12.2612,40.3084,236.4877,-41.2538,,-6.6839,,,,,,,,,,,,,,,,,,,,,
2026-09-02 19:27:23,42.4825545,-82.8067072,,7.2311,197.8309,199.4108,-253.6163,0.0,-9.281,2.9421,51.21,0.6658,-0.432,218.3,196.3526,,,,,,,,,,17.4988,28.2685,11.2281,47.5701,244.4363,-41.2022,,-7.0969,,,,,,,,,,,,,,,,,1534.213,,16868.4389,,
2026-09-02 19:27:24,42.4825218,-82.8067249,19.5112,7.5615,202.6265,200.3332,,0.0,,,,,,,,3.279,13.6876,10.0,0.0042,48.092,17.2865,75.1646,0.0,0.0,20.1016,25.5662,13.3873,40.3906,238.2799,-41.4715,,,,,,,,,,,,,,,,,,,,,,,
2026-09-02 19:27:25,42.482489,-82.8067444,,8.0475,201.0108,200.4077,-111.1286,0.0,-8.1312,3.1612,51.07,0.6688,-0.4327,222.0439,197.2866,,,,,,,,,,19.7079,25.5731,13.0763,40.5854,239.4187,-41.3569,,-7.5181,,,,,,,,,,,,,,,,,1280.7932,,16843.1764,,
2026-09-02 19:27:26,42.4824549,-82.8067618,19.2159,7.27,198.9825,198.0529,-253.6266,0.0,-10.9066,3.2255,50.9776,0.6707,-0.4331,221.7306,197.4413,,,,,,,,,,19.323,26.8186,13.1926,41.3622,240.6017,-41.546,,-7.0402,,,,,,,,,,,,,,,,,,,,,
2026-09-02 19:27:27,42.4824188,-82.806781,,,,200.0697,38.8706,0.0,-9.2528,0.4424,50.8869,0.6725,-0.4335,221.298,197.0688,,,,,,,,,,19.5017,23.9379,12.8546,37.9925,237.6396,-41.6377,,-5.6893,,,,,,,,,,,,,,,,,1355.6498,,16818.5701,,
2026-09-02 19:27:28,42.4823847,-82.8067996,19.3143,7.717,202.0879,198.643,-144.8701,0.0,-9.7256,1.088,50.7959,0.6744,-0.4339,218.5177,197.235,3.279,13.6876,10.0,0.0008,48.092,17.2865,75.4527,0.0,0.0,19.5152,24.9999,12.8825,39.8071,238.6585,-41.6377,,-6.6502,,,,,,,,,,,,,,,,,,,,,
2026-09-02 19:27:29,42.4823508,-82.8068176,,7.6587,200.5925,198.4768,-144.8563,0.0,-9.068,0.8695,50.7019,0.6763,-0.4343,217.1921,197.1147,,,,,,,,,,19.2208,24.1802,12.2891,39.84,237.6913,-41.6148,,-6.3052,,,,,,,,,,,,,,,,,1303.789,,16793.6357,,
2026-09-02 19:27:30,42.4823154,-82.806837,19.2159,7.7754,202.0593,,,0.0,,,50.6121,0.6783,-0.4347,,196.9371,,,,,,,,,,19.4039,26.4131,12.6094,43.1993,240.2817,-41.6148,,-6.8464,,,,,,,,,,,,,,,,,,,,,
2026-09-02 19:27:31,42.482279,-82.8068533,19.1503,8.4946,202.0478,198.2133,-118.6091,0.0,-10.4745,2.1082,50.4625,0.6813,-0.4353,218.4245,197.6934,,,,,,,,,,,,,,,,,-6.907,,,,,,,,,,,,,,,,,1256.1761,,16767.0609,,
2026-09-02 19:27:32,42.4822415,-82.8068711,,8.3196,202.0478,199.5139,-156.1046,0.0,-11.5984,2.3245,50.3688,0.6831,-0.4356,219.3099,198.3924,3.279,13.6876,10.0,0.0016,48.092,17.2865,76.0998,0.0,0.0,19.6855,25.995,12.5764,43.3179,241.4756,-41.9815,,-7.3238,,,,,,,,,,,,,,,,,1143.7102,,16753.6095,,
2026-09-02 19:27:33,42.482203,-82.8068917,19.6424,9.3887,202.0478,201.5594,98.8971,0.0,-11.8709,1.5054,,,,220.8009,199.6128,,,,,,,,,,20.5354,25.5015,13.1303,42.3258,241.7664,-42.1591,,,,,,,,,,,,,,,,,,,1236.2312,,16739.5018,,
2026-09-02 19:27:34,42.4821616,-82.8069168,,8.7084,203.9558,203.1522,,0.0,,,50.2147,0.6866,-0.4363,,199.756,,,,,,,,,,21.1594,23.575,13.5609,38.6125,238.2904,-42.0216,,-7.4925,,,,,,,,,,,,,,,,,1191.5447,,16723.4257,,
2026-09-02 19:27:35,42.4821245,-82.8069406,19.3799,8.689,203.3485,201.7885,113.8891,0.0,-10.0179,-0.0391,50.1242,0.6888,-0.4369,222.0911,,,,,,,,,,,20.3689,17.7236,12.2566,30.3922,230.5043,-41.5231,,-8.0712,,,,,,,,,,,,,,,,,,,,,
2026-09-02 19:27:36,42.4820882,-82.8069615,,8.3391,200.9248,201.2328,-103.6206,0.0,-8.4387,1.7224,50.035,0.691,-0.4375,217.8659,197.9168,3.2791,13.6876,10.0,0.0011,48.092,17.2865,76.1884,0.0,0.0,21.2224,24.0049,13.868,38.5029,239.373,-41.5231,,-8.1064,,,,,,,,,,,,,,,,,1168.1517,,16696.8509,,
2026-09-02 19:27:37,42.4820523,-82.8069839,19.3143,8.6112,205.4856,199.8004,-2.3927,0.0,-8.3934,1.5624,49.9505,0.6932,-0.4381,219.679,199.1888,,,,,,,,,,20.8043,25.436,13.5131,41.3952,241.0804,-41.6148,,-7.4293,,,,,,,,,,,,,,,,,1391.7639,,16683.3995,,
2026-09-02 19:27:38,42.4820161,-82.8070037,,9.0194,201.6697,201.2041,87.5697,0.0,-10.0751,-0.2082,49.8643,0.6952,-0.4386,216.9101,198.6158,,,,,,,,,,21.4595,24.6733,14.3358,38.6734,238.9477,-41.6377,,-6.7959,,,,,,,,,,,,,,,,,,,,,
2026-09-02 19:27:39,42.4819812,-82.807025,19.3799,8.4557,201.6697,200.1613,1.3338,0.0,-8.3238,0.6422,49.777,0.6973,-0.4391,218.2488,198.719,,,,,,,,,,20.431,23.5616,13.0541,38.7283,239.7179,-41.6148,,-7.2013,,,,,,,,,,,,,,,,,1271.4391,,16656.4966,,
2026-09-02 19:27:40,42.481947,-82.8070459,,8.1641,201.6697,,23.8098,0.0,-8.8125,0.1626,49.6955,0.6994,-0.4396,216.7688,198.3981,3.2791,13.6876,10.0,0.002,48.092,17.2865,76.0015,0.0,0.0,20.8032,24.0983,13.7427,38.1758,238.2786,-41.6148,,-7.7044,,,,,,,,,,,,,,,,,1258.5582,,16643.3732,,
2026-09-02 19:27:41,42.4819115,-82.807065,19.3799,8.4557,201.6697,200.1957,-51.1984,0.0,-9.6111,0.0021,49.615,0.7014,-0.4401,215.8342,197.5616,,,,,,,,,,20.3276,24.6412,13.4321,39.1217,238.3694,-41.6377,,-7.7617,,,,,,,,,,,,,,,,,1287.6585,,16630.2499,,
2026-09-02 19:27:42,42.4818728,-82.8070864,,7.9503,201.6697,200.2244,-227.4379,0.0,-8.1646,1.9034,49.5265,0.7035,-0.4405,214.1283,196.4672,,,,,,,,,,19.1535,24.2218,12.0741,40.6038,239.5049,-41.6606,,-7.4243,,,,,,,,,,,,,,,,,1247.8465,,16617.1265,,
2026-09-02 19:27:43,42.481838,-82.8071052,19.5112,7.9114,201.6697,198.2305,12.5581,0.0,-9.5938,0.2034,49.4405,0.7054,-0.4409,214.5142,196.45,3.2791,13.6985,10.0,0.0008,48.092,17.1833,76.6177,0.0,,19.7375,24.8207,12.6111,41.071,239.1179,-41.6835,,-7.2582,,,,,,,,,,,,,,,,,,,,,
2026-09-02 19:27:44,42.4818009,-82.8071237,19.3143,8.4363,201.6697,197.7492,,0.0,,,49.3559,0.7075,-0.4414,,195.8312,,,,,,,,,0.0,20.1636,26.3961,13.1302,43.0562,240.9884,-41.6606,,-7.6081,,,,,,,,,,,,,,,,,1399.9359,,16591.2079,,
2026-09-02 19:27:45,42.4817632,-82.8071416,,8.5529,199.4523,198.4768,72.5777,0.0,-10.8824,-0.2016,49.261,0.7095,-0.4418,214.4032,,,,,,,,,,,,,,,,-41.6835,,-7.3121,,,,,,,,,,,,,,,,,,,,,
2026-09-02 19:27:46,42.4817258,-82.8071609,19.1503,8.203,199.4351,199.7316,-81.1549,0.0,-9.4091,1.1821,49.1185,0.7127,-0.4423,212.8598,195.5448,,,,,,,,,,18.452,27.6869,11.6496,47.3877,244.8627,-41.8153,,-6.9408,,,,,,,,,,,,,,,,,1203.7067,,16563.6488,,
2026-09-02 19:27:47,42.4816884,-82.8071801,,8.9611,199.3893,199.0842,-92.4135,0.0,-9.3952,2.6986,49.0269,0.7148,-0.4428,214.3563,196.2724,3.2792,13.6985,10.0,0.0003,48.092,17.1833,76.7331,0.0,,20.1731,26.8147,12.9141,44.8027,243.5571,-41.9299,,-6.8119,,,,,,,,,,,,,,,,,1238.9265,,16549.8693,,
2026-09-02 19:27:48,42.4816501,-82.8071992,19.4455,9.0972,199.3664,199.7374,-84.9227,0.0,-9.1976,2.3041,48.9328,0.717,-0.4432,214.2864,196.6391,,,,,,,,,0.0,21.3005,26.6093,14.1167,42.5192,241.4218,-41.9987,,-7.3715,,,,,,,,,,,,,,,,,1173.7232,,16536.0898,,
2026-09-02 19:27:49,42.4816079,-82.8072219,,8.9805,199.3664,198.7118,35.0616,0.0,-10.2608,0.9383,48.8432,0.7192,-0.4437,216.2529,197.7507,,,,,,,,,,21.4702,26.6492,14.1835,42.7621,242.3807,-41.9987,,-7.8688,,,,,,,,,,,,,,,,,1203.9072,,16520.3417,,
2026-09-02 19:27:50,42.4815703,-82.807242,19.708,8.5335,200.9879,,151.309,0.0,-9.8724,-0.8394,48.7528,0.7213,-0.4441,215.0621,197.9168,,,,,,,,,,20.3515,27.8557,13.433,45.0637,244.0336,-42.0445,,-6.8864,,,,,,,,,,,,,,,,,,,,,
2026-09-02 19:27:51,42.4815325,-82.8072614,,8.6695,203.7266,200.104,,0.0,,,48.6636,0.7235,-0.4445,,197.1261,,,,,,,,,,20.5549,27.9459,13.5164,45.4529,243.0617,-42.0961,,-7.5095,,,,,,,,,,,,,,,,,1153.0583,,16492.4546,,
2026-09-02 19:27:52,42.4814938,-82.8072809,19.5768,8.8639,201.2514,200.2129,,0.0,,,48.5712,0.7257,-0.4449,,197.7965,,,,,,,,,,20.6534,28.1421,13.4355,46.4727,245.7392,-42.0731,,-8.3425,,,,,,,,,,,,,,,,,,,,,
2026-09-02 19:27:53,42.4814558,-82.8073032,,8.6112,204.8095,201.1125,,0.0,,,48.4866,0.7279,-0.4455,,198.7247,,,,,,,,,,20.6448,28.0754,13.528,45.9079,244.1724,-41.9299,,-8.0948,,,,,,,,,,,,,,,,,1151.0776,,16463.9113,,
2026-09-02 19:27:54,42.4814176,-82.8073241,19.3799,9.2527,205.9554,201.0953,16.3052,0.0,-10.9771,0.0843,48.4005,0.7301,-0.4459,214.0801,198.8908,3.2792,13.6985,10.0,0.0027,48.092,17.1833,76.8489,0.0,0.0,20.8363,26.9075,13.5184,44.2288,242.2331,-41.9528,,-8.5507,,,,,,,,,,,,,,,,,,,,,
2026-09-02 19:27:55,42.4813802,-82.8073465,,8.4946,205.9554,203.0433,,0.0,,,48.3186,0.7323,-0.4465,,,,,,,,,,,,20.8395,26.3399,13.4938,43.2539,242.5607,-42.0731,,-8.395,,,,,,,,,,,,,,,,,1086.963,,16436.6803,,
2026-09-02 19:27:56,42.4813458,-82.8073682,19.3799,7.7365,205.9554,202.9058,,0.0,,,48.2472,0.7344,-0.447,,200.392,,,,,,,,,,20.8281,25.9344,13.8028,41.2952,241.6777,-42.0674,,-7.1403,,,,,,,,,,,,,,,,,1221.528,,16423.557,,
2026-09-02 19:27:57,42.4813083,-82.8073925,,7.8726,205.9554,202.8944,,0.0,,,48.1781,0.7366,-0.4476,,200.6097,,,,,,,,,,20.7926,26.1416,14.1374,40.3908,241.1973,-41.907,,-7.7197,,,,,,,,,,,,,,,,,1246.84,,16408.7932,,
2026-09-02 19:27:58,42.4812743,-82.807415,19.5112,8.9611,205.9554,202.7969,106.2573,0.0,-9.4602,-0.4615,,,,217.9299,202.0708,,,,,,,,,,20.6221,26.8078,13.9939,41.6526,243.2931,,,,,,,,,,,,,,,,,,,,1292.4421,,16395.6698,,
2026-09-02 19:27:59,42.4812407,-82.8074373,19.6424,8.203,205.9554,203.8798,91.2584,0.0,-9.8703,-0.3144,48.0778,0.7397,-0.4485,218.7424,201.4348,3.2793,13.6985,10.0,0.0014,48.092,17.1833,76.7496,0.0,,20.3773,24.3665,13.4306,38.7533,241.1315,-41.5976,,-7.0589,,,,,,,,,,,,,,,,,1259.9597,,16382.2184,,
2026-09-02 19:28:00,42.4812065,-82.80746,,8.0864,205.8408,,-54.9764,0.0,-8.8716,0.4168,47.9824,0.7428,-0.4494,218.3455,200.4837,,,,,,,,,0.0,,,,,,-41.9299,,-7.4781,,,,,,,,,,,,,,,,,,,,,
2026-09-02 19:28:01,42.4811702,-82.8074794,19.5768,8.7667,204.8381,202.2183,-126.2341,0.0,-10.4082,1.2906,47.9053,0.745,-0.4499,215.303,198.0314,,,,,,,,,,20.9954,24.9898,13.9048,39.6342,242.128,-41.9299,,-8.031,,,,,,,,,,,,,,,,,1283.7311,,16355.9717,,
2026-09-02 19:28:02,42.4811332,-82.8075007,,8.7084,204.2938,200.6713,,0.0,,,47.8253,0.7471,-0.4504,,200.3462,,,,,,,,,,20.406,26.2384,13.4662,42.063,242.3729,-41.9299,,-7.5698,,,,,,,,,,,,,,,,,1092.282,,16341.864,,
2026-09-02 19:28:03,42.4810971,-82.8075228,19.5112,8.7667,203.7438,203.41,53.7526,0.0,-10.3904,1.1621,47.7518,0.7493,-0.4509,219.4674,201.8759,3.2793,13.6985,10.0,0.0022,48.092,17.1833,76.1053,0.0,,20.3523,25.5792,13.1435,41.9564,242.7383,-41.907,,-8.0314,,,,,,,,,,,,,,,,,,,,,
2026-09-02 19:28:04,42.4810582,-82.8075509,,8.5918,203.7438,205.2779,19.9664,0.0,-9.3347,0.112,47.6891,0.7515,-0.4516,220.662,202.5635,,,,,,,,,0.0,20.1862,24.161,12.9162,39.7681,242.626,-41.907,,-7.5858,,,,,,,,,,,,,,,,,1233.1637,,16314.6331,,
2026-09-02 19:28:05,,,19.4455,7.6587,203.7438,203.3298,-171.2892,,-9.3241,1.9956,47.6267,0.7537,-0.4522,218.8603,,,,,,,,,,,19.5171,26.3708,12.5273,43.7895,247.5877,-41.8669,,-6.7541,,,,,,,,,,,,,,,,,1200.8484,,16300.1974,,
2026-09-02 19:28:06,42.481025,-82.8075732,,8.0864,203.7438,203.4788,19.9664,0.0,-9.8059,2.2951,,,,218.5039,202.3515,,,,,,,,,,21.5311,22.96,14.1278,36.4773,241.1464,-41.6148,,,,,,,,,,,,,,,,,,,,,,,
2026-09-02 19:28:07,42.4809905,-82.8075958,19.2159,8.2613,205.921,204.3554,128.7127,0.0,-8.936,-0.7663,47.5303,0.7569,-0.4531,218.9876,199.968,3.2794,13.6985,10.0,0.0013,48.092,17.1833,75.9599,0.0,,21.2557,25.2604,14.4473,38.8905,241.8241,-41.907,,-7.8619,,,,,,,,,,,,,,,,,1171.6203,,16273.6226,,
2026-09-02 19:28:08,42.4809564,-82.8076186,,7.7365,206.7003,203.2954,-85.0361,0.0,,,47.4678,0.759,-0.4537,,202.065,,,,,,,,,0.0,19.9375,24.0483,12.7402,39.6218,242.2725,-41.9299,,-7.6135,,,,,,,,,,,,,,,,,,,,,
2026-09-02 19:28:09,42.4809219,-82.807642,19.0846,7.8337,207.0841,202.2011,-118.7845,0.0,-8.7586,0.2382,47.4052,0.7612,-0.4544,216.3768,200.1055,,,,,,,,,,20.0674,24.5863,13.0195,39.8882,241.1037,-41.907,,-8.2039,,,,,,,,,,,,,,,,,1265.2719,,16247.0478,,
2026-09-02 19:28:10,42.4808875,-82.8076626,,8.2808,206.3278,,-115.0339,0.0,-7.5529,-0.8583,47.3376,0.7632,-0.4549,216.6999,200.6842,,,,,,,,,,20.1209,23.1479,12.8127,38.1215,239.3602,-41.7122,,-8.097,,,,,,,,,,,,,,,,,,,,,
2026-09-02 19:28:11,42.4808518,-82.8076855,19.019,7.8142,202.9073,201.1927,,0.0,-9.0698,0.4062,47.2705,0.7654,-0.4555,214.6566,198.5471,3.2794,13.6985,10.0,0.0026,48.092,17.1833,75.8547,0.0,,21.4057,23.5001,14.3358,36.5411,237.8577,-41.8497,,-7.7602,,,,,,,,,,,,,,,,,1206.2737,,16219.8168,,
2026-09-02 19:28:12,42.4808176,-82.8077056,,7.4255,203.3599,200.5739,-32.5451,0.0,-7.706,1.9384,47.1692,0.7684,-0.4561,215.0463,197.1376,,,,,,,,,0.0,20.6981,23.5771,13.7984,36.8689,236.456,-41.7294,,-8.2732,,,,,,,,,,,,,,,,,1216.2002,,16208.99,,
2026-09-02 19:28:13,42.4807843,-82.807724,18.7238,7.8726,203.3771,199.3649,-40.0532,0.0,-8.2785,1.5282,47.1014,0.7704,-0.4566,213.3938,193.8717,,,,,,,,,,20.6281,25.3116,13.8757,39.4644,236.2858,-41.7523,,-7.2251,,,,,,,,,,,,,,,,,,,,,
2026-09-02 19:28:14,42.48074661385342,-82.80774319438169,19.019,7.9892,203.3771,196.6892,68.6999,0.0,-9.2332,0.7153,47.0252,0.7724,-0.4569,210.9639,192.6914,,,,,,,,,,,,,,,-41.9528,,-7.1937,,,,,,,,,,,,,,,,,1173.053,,16183.3995,,
2026-09-02 19:28:15,42.48071122809301,-82.80775944561361,,8.5335,203.3771,195.3657,68.7137,0.0,-8.3738,0.4145,46.9446,0.7744,-0.4572,210.4852,192.9263,3.2794,13.6985,10.0,0.0016,48.092,17.1833,76.5041,0.0,,19.7349,26.0552,12.9571,41.99,235.947,-42.1591,,-7.5188,,,,,,,,,,,,,,,,,1156.4063,,16170.2761,,
2026-09-02 19:28:16,42.48067459914013,-82.80777685199985,19.1503,9.0389,201.1941,195.3542,38.7193,0.0,,,,,,,,,,,,,,,,0.0,20.2448,25.169,13.033,41.3477,233.5477,-41.8669,,,,,,,,,,,,,,,,,,,1107.7195,,16156.8247,,
2026-09-02 19:28:17,42.48063726755338,-82.80779373611225,,9.0389,199.8419,197.4341,181.2105,0.0,-9.3956,1.574,46.8193,0.7775,-0.4577,210.4279,193.379,,,,,,,,,,19.6368,25.6102,12.4169,43.1242,237.2788,-41.8669,,-8.1498,,,,,,,,,,,,,,,,,,,,,
2026-09-02 19:28:18,42.48059952681337,-82.8078114959379,19.3143,8.5723,198.1976,199.1873,64.9184,0.0,-9.9634,1.6638,46.7374,0.7796,-0.4581,212.678,195.7625,,,,,,,,,,20.0959,25.6874,12.7206,43.218,238.6968,-41.8669,,-8.0612,,,,,,,,,,,,,,,,,1212.173,,16129.2656,,
2026-09-02 19:28:19,42.48056155545323,-82.8078307936653,,8.8639,198.1976,200.3504,-51.3324,0.0,-8.8206,0.0781,46.6586,0.7818,-0.4585,214.4046,198.3007,3.2795,13.6985,10.0,0.0012,48.092,17.1833,76.1757,0.0,,20.5001,23.3888,12.9283,39.0104,237.8863,-41.8669,,-7.5363,,,,,,,,,,,,,,,,,1158.552,,16114.8299,,
2026-09-02 19:28:20,42.4805196,-82.8078548,19.2487,8.8445,199.756,199.5082,,0.0,-8.738,0.6179,46.5784,0.7843,-0.4591,214.2458,197.871,,,,,,,,,0.0,20.1204,24.3943,12.6037,41.2487,241.4947,,,-7.7985,,,,,,,,,,,,,,,,,1094.2037,,16100.7223,,
2026-09-02 19:28:21,42.4804815,-82.8078757,,8.9028,198.8507,,-32.5864,0.0,-10.4833,0.965,46.5122,0.7863,-0.4595,211.8701,196.5131,,,,,,,,,,21.3813,25.9006,14.046,41.677,240.7113,-41.8669,,-7.9574,,,,,,,,,,,,,,,,,,,,,
2026-09-02 19:28:22,42.4804431,-82.807895,19.5112,8.6501,200.3118,200.4478,169.9003,0.0,-8.9824,0.4792,46.3944,0.7896,-0.4601,214.6198,199.0283,,,,,,,,,,21.0028,23.592,13.3688,38.9587,239.2217,-41.8669,,-7.9984,,,,,,,,,,,,,,,,,1116.6888,,16072.8352,,
2026-09-02 19:28:23,42.4804051,-82.8079157,,8.9611,203.6521,202.5792,113.6657,0.0,-8.354,2.528,46.3244,0.7919,-0.4607,216.8323,200.1112,3.2795,13.6985,10.0,0.0036,48.092,17.1833,76.0218,0.0,,20.5154,24.0457,12.6946,41.185,240.6776,-41.9528,,-9.0254,,,,,,,,,,,,,,,,,,,,,
2026-09-02 19:28:24,42.4803677,-82.807938,19.6424,9.2721,204.5116,203.4788,169.9003,0.0,-10.2458,2.7462,46.2557,0.7942,-0.4612,,200.7415,,,,,,,,,0.0,23.3369,25.1246,15.6095,39.4038,240.8929,-41.7294,,-8.3236,,,,,,,,,,,,,,,,,1081.6601,,16043.6357,,
2026-09-02 19:28:25,42.4803302,-82.80796,,8.3585,201.9676,203.7022,136.1245,0.0,,,46.1871,0.7964,-0.4617,217.5631,203.0219,,,,,,,,,,24.6646,22.8772,17.0157,34.299,238.3165,-41.7523,,-7.2807,,,,,,,,,,,,,,,,,,,,,
2026-09-02 19:28:26,42.4802941,-82.8079823,19.6424,8.2419,201.9734,205.3409,-28.8736,0.0,-8.9393,1.2179,46.1263,0.7986,-0.4623,220.5929,,,,,,,,,,,23.8683,23.1071,16.325,35.0151,240.6999,-41.8669,,-7.5558,,,,,,,,,,,,,,,,,1178.5513,,16015.7485,,
2026-09-02 19:28:27,42.4802584,-82.8080059,,8.6501,201.9734,205.656,-58.8852,0.0,-9.6078,0.0843,46.0687,0.8009,-0.463,220.8765,203.7495,3.2796,13.6985,10.0,0.0018,48.092,17.1833,75.8981,0.0,,21.0894,24.3798,13.8849,38.8264,244.7727,-41.8669,,-7.9851,,,,,,,,,,,,,,,,,1282.7082,,16001.6409,,
2026-09-02 19:28:28,42.4802199,-82.80803,19.6424,8.4168,201.9734,205.9482,188.612,0.0,-9.4524,-1.0933,46.0063,0.8032,-0.4636,218.6647,201.7671,,,,,,,,,0.0,,,,,,-42.0216,,-6.48,,,,,,,,,,,,,,,,,,,,,
2026-09-02 19:28:29,42.4801861,-82.8080548,,8.3002,201.9734,205.9024,,0.0,-8.4451,-0.1854,45.9554,0.8054,-0.4642,220.0411,203.3828,,,,,,,,,,20.486,20.3271,12.9805,33.2464,240.2267,-41.546,,-7.2817,,,,,,,,,,,,,,,,,1151.9515,,15975.3942,,
2026-09-02 19:28:30,42.4801526,-82.8080773,19.4455,8.3391,201.9734,205.169,4.8541,0.0,-9.3724,0.6137,,,,218.7214,202.3171,,,,,,,,,,20.8941,22.8336,13.5655,36.7051,244.0011,-41.5231,,,,,,,,,,,,,,,,,,,,,,,
2026-09-02 19:28:31,42.4801195,-82.808098,,8.6695,201.9734,,132.3567,0.0,-8.8284,1.203,45.8714,0.8085,-0.4651,225.5741,204.7121,3.2796,13.6985,10.0,0.0007,48.092,17.1833,74.832,0.0,,21.1726,20.2501,13.9428,31.7082,238.2951,-41.7294,,-6.9844,,,,,,,,,,,,,,,,,1229.6368,,15948.8194,,
2026-09-02 19:28:32,42.480086,-82.8081232,18.8878,7.717,201.9734,206.1889,-231.3913,0.0,,,45.8245,0.8107,-0.4658,,202.3458,,,,,,,,,0.0,20.1823,21.7073,12.8103,35.6416,243.8379,-41.5976,,-8.0003,,,,,,,,,,,,,,,,,1280.6147,,15936.0241,,
2026-09-02 19:28:33,42.4800535,-82.8081446,19.0846,7.5227,201.9734,205.5357,-190.1418,0.0,-9.485,-0.2011,45.7723,0.8127,-0.4664,223.1515,201.5952,,,,,,,,,,20.8968,20.5778,13.7759,32.2193,239.3513,-41.6148,,-7.3632,,,,,,,,,,,,,,,,,1233.5471,,15923.2289,,
2026-09-02 19:28:34,42.4800211,-82.8081666,,7.6782,204.7694,204.957,-47.6369,0.0,-8.8343,-0.0928,45.7218,0.8148,-0.467,221.7264,202.5692,,,,,,,,,,21.6586,19.7252,14.5939,30.059,236.243,-41.6148,,-6.7611,,,,,,,,,,,,,,,,,,,,,
2026-09-02 19:28:35,42.4799889,-82.8081885,19.2487,8.1447,207.0899,205.4784,,0.0,-8.7271,-0.2524,45.6722,0.8168,-0.4676,221.9913,201.8358,3.2796,13.6985,10.0,0.0003,48.092,17.1833,76.1039,0.0,,21.8693,21.3221,14.8542,32.3662,236.6981,-41.6148,,-7.1831,,,,,,,,,,,,,,,,,1342.7358,,15897.6383,,
2026-09-02 19:28:36,42.4799535,-82.8082115,,7.9114,205.6002,203.6449,-190.1315,0.0,-8.8327,0.6816,45.5991,0.8199,-0.4684,218.1536,,,,,,,,,,0.0,22.711,20.6169,15.8448,30.3119,234.4053,-41.6835,,-6.5186,,,,,,,,,,,,,,,,,1235.8471,,15884.843,,
2026-09-02 19:28:37,42.4799221,-82.808234,19.4455,7.717,205.6976,203.3241,-6.3736,0.0,-8.1714,2.0569,45.5526,0.8219,-0.469,219.2086,202.2713,,,,,,,,,,20.8939,21.6175,14.0977,33.0936,236.31,-41.4715,,-7.2207,,,,,,,,,,,,,,,,,1265.3955,,15872.7039,,
2026-09-02 19:28:38,42.479891,-82.8082558,,7.1922,205.2163,203.6105,128.6199,0.0,-9.213,-0.8633,45.5092,0.8239,-0.4697,219.6447,202.1624,,,,,,,,,,20.1967,22.2147,13.5501,34.3003,237.5872,-41.5919,,-7.2969,,,,,,,,,,,,,,,,,1359.9413,,15860.5648,,
2026-09-02 19:28:39,42.4798608,-82.8082768,19.4455,8.0864,206.3794,205.0659,72.3714,0.0,-8.1737,-0.7077,45.4626,0.8259,-0.4703,220.3253,202.1281,3.2797,13.6985,10.0,0.0026,48.092,17.1833,75.939,0.0,,22.1171,20.8532,15.1681,31.269,234.5044,-41.5689,,-7.2967,,,,,,,,,,,,,,,,,1201.7997,,15847.7695,,
2026-09-02 19:28:40,42.4798289,-82.8082994,,8.689,207.2618,205.2549,12.3587,0.0,-9.5413,0.294,45.4157,0.8279,-0.4709,220.1574,202.8442,,,,,,,,,0.0,22.0984,22.4611,15.115,33.9571,237.879,-41.5689,,-7.4935,,,,,,,,,,,,,,,,,1113.1003,,15834.9743,,
2026-09-02 19:28:41,42.4797966,-82.8083218,19.3799,8.1447,207.2732,,113.6622,0.0,-9.4446,-0.6403,45.3675,0.83,-0.4715,223.5792,204.2365,,,,,,,,,,,,,,,-41.5919,,-6.9843,,,,,,,,,,,,,,,,,1186.4409,,15821.8509,,
2026-09-02 19:28:42,42.4797639,-82.8083459,,7.9697,207.2732,207.4264,1.1551,0.0,-9.4604,-0.2334,45.323,0.8321,-0.4721,222.4383,203.8011,,,,,,,,,,21.9284,21.8554,14.9263,33.1546,238.2058,-41.6835,,-7.7624,,,,,,,,,,,,,,,,,1211.4862,,15808.7275,,
2026-09-02 19:28:43,42.4797312,-82.8083692,19.3799,7.5032,208.8603,207.1113,,0.0,,,45.2779,0.8342,-0.4728,,205.4856,3.2797,13.6985,10.0,0.0007,48.092,17.1833,75.8725,0.0,,22.4643,22.2335,15.3917,33.5217,239.4724,-41.6835,,-7.7459,,,,,,,,,,,,,,,,,1277.289,,15794.6199,,
2026-09-02 19:28:44,42.4796958,-82.8083946,,,,208.2057,-36.3507,0.0,-9.6718,1.1227,,,,224.2041,206.6315,,,,,,,,,0.0,21.6765,22.567,14.6595,34.5731,240.9386,,,,,,,,,,,,,,,,,,,,,,,,
2026-09-02 19:28:45,42.4796638,-82.8084194,19.2487,8.0475,210.6307,206.8134,-77.6037,0.0,-9.0517,1.4083,45.2145,0.8374,-0.4739,224.0381,203.8928,,,,,,,,,,22.0096,22.0356,14.8099,33.8881,240.6531,-41.6606,,-7.7847,,,,,,,,,,,,,,,,,1250.6205,,15770.0136,,
2026-09-02 19:28:46,42.479632,-82.8084421,,7.7948,209.2556,206.6873,76.1427,0.0,-8.9688,-1.2914,45.1689,0.8395,-0.4745,222.8111,,,,,,,,,,,23.0481,20.7955,16.0236,30.7089,236.849,-41.8497,,-6.7678,,,,,,,,,,,,,,,,,,,,,
2026-09-02 19:28:47,42.4796002,-82.808464,19.3143,7.717,209.2556,205.02,76.1358,0.0,-9.9075,-1.8617,45.1025,0.8426,-0.4754,221.6549,202.3916,3.2798,13.6985,10.0,0.0033,48.092,17.1833,76.0232,0.0,,22.9461,22.2743,16.0975,32.7041,237.8006,-41.7294,,-6.7132,,,,,,,,,,,,,,,,,1208.6939,,15744.4231,,
2026-09-02 19:28:48,42.4795685,-82.8084836,19.4455,7.3477,209.2556,203.072,-205.0994,0.0,-10.0358,0.4469,45.0514,0.8445,-0.4759,218.7234,200.329,,,,,,,,,0.0,21.1561,23.6333,14.6112,35.4824,238.1806,-41.7924,,-7.0141,,,,,,,,,,,,,,,,,,,,,
2026-09-02 19:28:49,42.4795357,-82.8085047,,8.4751,204.6376,202.1094,-212.5971,0.0,-10.3833,0.8298,45.0003,0.8465,-0.4764,219.0102,200.2086,,,,,,,,,,21.3503,23.5807,14.6299,35.7187,238.881,-41.9643,,-7.349,,,,,,,,,,,,,,,,,1256.0047,,15719.8168,,
2026-09-02 19:28:50,42.4795023,-82.8085241,19.6424,8.0864,204.7579,202.1266,-88.8314,0.0,-10.8267,1.3803,,,,218.9966,201.2113,,,,,,,,,,22.1012,23.2196,15.0617,35.3467,238.0413,-42.1877,,,,,,,,,,,,,,,,,,,,,,,
2026-09-02 19:28:51,42.4794654,-82.8085454,,7.9892,204.7579,,,0.0,,,44.9171,0.8496,-0.4771,220.2112,200.7644,3.2798,13.6985,10.0,0.0008,48.092,17.1833,75.9594,0.0,,22.7076,23.4748,15.806,34.9095,237.7164,-42.0961,,-7.5545,,,,,,,,,,,,,,,,,1175.5013,,15694.2262,,
2026-09-02 19:28:52,42.4794303,-82.8085693,19.4455,8.0086,202.8385,204.4241,64.9287,0.0,-10.3124,-0.3581,44.8668,0.8517,-0.4777,,201.3832,,,,,,,,,0.0,21.6245,23.2427,14.3662,36.4419,240.4018,-42.1362,,-7.7938,,,,,,,,,,,,,,,,,,,,,
2026-09-02 19:28:53,42.4793952,-82.8085906,,8.0281,202.8385,203.261,57.4241,0.0,-11.3696,-0.6675,44.8136,0.8539,-0.4782,218.0618,201.4004,,,,,,,,,,22.2797,23.5411,14.9225,36.6071,240.4384,-42.1591,,-7.4087,,,,,,,,,,,,,,,,,1165.862,,15666.6672,,
2026-09-02 19:28:54,42.4793602,-82.8086103,19.4455,8.1641,202.3744,202.4532,-231.3157,0.0,-11.1243,1.1969,44.7293,0.8571,-0.479,219.1643,201.452,,,,,,,,,,22.8248,21.9778,15.431,33.612,236.5042,-42.2336,,-7.3248,,,,,,,,,,,,,,,,,1126.9229,,15653.5438,,
2026-09-02 19:28:55,42.4793254,-82.8086314,,8.5335,205.8408,201.3989,-336.3182,0.0,-10.082,2.5219,44.6745,0.8592,-0.4795,218.9432,,3.2798,13.6985,10.0,0.0016,48.092,17.1833,75.6607,0.0,,22.5965,23.0559,15.6313,34.4813,237.5223,-41.8669,,-7.9793,,,,,,,,,,,,,,,,,1036.0705,,15640.7485,,
2026-09-02 19:28:56,42.4792895,-82.8086531,19.5112,8.514,202.3744,203.0892,68.6827,0.0,-11.6818,0.0207,,,,220.5215,200.667,,,,,,,,,0.0,21.2001,24.2667,14.2512,37.6895,240.1557,-41.9643,,,,,,,,,,,,,,,,,,,1216.36,,15626.969,,
2026-09-02 19:28:57,42.4792552,-82.8086733,,8.4168,202.7927,204.4299,121.1771,0.0,-11.2562,-0.9988,44.5916,0.8625,-0.4803,220.9105,200.7873,,,,,,,,,,21.2838,23.1359,14.0144,36.6354,240.3943,-42.2565,,-7.5259,,,,,,,,,,,,,,,,,1224.2053,,15613.5176,,
2026-09-02 19:28:58,42.4792198,-82.8086949,19.2487,8.203,202.7927,203.6277,-141.3464,0.0,-10.3609,1.1627,44.5397,0.8647,-0.4808,219.7984,201.3374,,,,,,,,,,,,,,,-42.1877,,-7.5109,,,,,,,,,,,,,,,,,,,,,
2026-09-02 19:28:59,42.4791819,-82.8087196,19.2159,7.9114,202.7927,201.0723,,0.0,-9.8606,2.7748,44.4641,0.8679,-0.4817,218.3043,201.5608,3.2799,13.6985,10.0,0.0019,48.092,17.1833,76.0025,0.0,,21.9753,22.1714,14.8634,33.914,237.7281,-42.0961,,-7.3522,,,,,,,,,,,,,,,,,1210.298,,15586.9428,,
2026-09-02 19:29:00,42.4791467,-82.8087369,,7.6782,202.7927,,-377.578,0.0,-11.0686,-0.0798,,,,,197.8251,,,,,,,,,0.0,20.8917,23.8361,13.8977,37.4089,240.1689,-42.2565,,,,,,,,,,,,,,,,,,,1115.055,,15574.4756,,
2026-09-02 19:29:01,42.4791113,-82.8087553,19.019,8.3585,200.1342,200.3791,-70.075,0.0,,,44.3733,0.871,-0.4823,217.5129,199.3148,,,,,,,,,,21.5812,22.6837,14.3616,35.4157,236.2891,-42.2336,,-7.7364,,,,,,,,,,,,,,,,,1099.9278,,15561.0241,,
2026-09-02 19:29:02,42.479075,-82.8087728,,8.2224,200.5925,200.5338,-347.5631,0.0,-11.1995,1.4477,44.3133,0.8732,-0.4827,217.4053,196.3756,,,,,,,,,,21.2078,25.2518,14.0048,40.2414,240.9621,-42.394,,-8.3669,,,,,,,,,,,,,,,,,,,,,
2026-09-02 19:29:03,42.4790373,-82.8087933,19.019,8.8056,203.4344,200.5681,106.1886,0.0,-11.6576,-1.3645,44.2504,0.8753,-0.4831,217.2005,199.0112,3.2799,13.6985,10.0,0.0024,48.092,17.1833,75.7919,0.0,,20.9937,23.7816,13.5287,38.7382,238.4307,-42.3482,,-7.1108,,,,,,,,,,,,,,,,,1159.2874,,15533.7931,,
2026-09-02 19:29:04,42.4790001,-82.8088133,,8.5335,201.664,201.7542,226.1728,0.0,-12.6536,0.9218,44.1882,0.8775,-0.4835,217.8647,202.5349,,,,,,,,,0.0,20.6406,25.9555,13.4472,42.2063,242.4797,-42.3654,,-7.94,,,,,,,,,,,,,,,,,1024.0185,,15519.6855,,
2026-09-02 19:29:05,42.4789628,-82.8088381,19.3143,9.2332,206.3106,204.9971,-62.5601,0.0,-11.4565,1.5667,44.132,0.8798,-0.4841,221.1166,,,,,,,,,,,21.786,24.3688,14.1267,39.5181,241.1139,,,-8.4789,,,,,,,,,,,,,,,,,,,,,
2026-09-02 19:29:06,42.4789262,-82.8088644,,9.0,204.0646,206.8821,38.6953,0.0,-10.5461,0.6141,44.0846,0.8822,-0.4847,222.3187,203.7495,,,,,,,,,,22.6788,23.8673,14.8716,38.0999,243.2411,-42.3654,,-8.7433,,,,,,,,,,,,,,,,,940.8882,,15490.158,,
2026-09-02 19:29:07,42.4788858,-82.8088934,19.3143,8.3974,205.7663,205.9482,-17.5738,0.0,-10.0718,0.5397,44.0396,0.8846,-0.4855,219.5063,203.9099,3.2799,13.6985,10.0,0.0012,48.092,17.1833,76.0011,0.0,,22.8259,23.164,15.0756,36.5547,242.0614,-42.3654,,-9.1813,,,,,,,,,,,,,,,,,,,,,
2026-09-02 19:29:08,42.47885,-82.8089195,,8.5529,205.795,205.6388,-13.8094,0.0,-7.1997,0.6954,43.9967,0.887,-0.4862,220.3034,203.5031,,,,,,,,,0.0,22.3146,20.7746,14.3438,33.4904,239.2926,-42.3482,,-8.4576,,,,,,,,,,,,,,,,,1086.9023,,15461.2866,,
2026-09-02 19:29:09,42.4788145,-82.8089444,19.2159,8.9805,205.795,202.9173,-152.5672,0.0,-8.3994,0.4376,43.9533,0.8893,-0.487,216.1447,202.6494,,,,,,,,,,22.6104,23.3946,14.9212,36.99,241.9139,-42.2679,,-8.5702,,,,,,,,,,,,,,,,,,,,,
2026-09-02 19:29:10,42.4787789,-82.8089673,,9.0389,205.0329,,,0.0,,,43.906,0.8916,-0.4876,,200.5009,,,,,,,,,,22.6069,22.151,15.0393,34.5255,237.6741,-42.0731,,-8.3379,,,,,,,,,,,,,,,,,1178.1398,,15433.3994,,
2026-09-02 19:29:11,42.4787437,-82.8089895,19.2487,8.1447,202.6036,201.3302,-13.8232,0.0,-8.7071,0.509,43.8576,0.8938,-0.4881,216.534,199.8248,3.28,13.6985,10.0,0.003,48.092,17.1833,76.1231,0.0,,20.7788,21.9313,13.0595,36.4602,237.5988,-42.0731,,-8.5116,,,,,,,,,,,,,,,,,,,,,
2026-09-02 19:29:12,42.4787087,-82.8090092,,8.3585,200.4321,200.6369,1.1688,0.0,-9.8989,0.1556,43.8078,0.896,-0.4887,215.6692,198.2205,,,,,,,,,0.0,20.994,22.2424,13.7144,35.4115,236.2961,-41.6377,,-8.4903,,,,,,,,,,,,,,,,,1175.7322,,15406.8246,,
2026-09-02 19:29:13,42.4786733,-82.809031,19.2487,7.8337,204.5402,200.889,94.9368,0.0,-8.5454,-0.2691,43.7577,0.8981,-0.4892,217.0429,199.057,,,,,,,,,,,,,,,-41.8841,,-7.4344,,,,,,,,,,,,,,,,,,,,,
2026-09-02 19:29:14,42.4786384,-82.8090508,,8.0086,200.9649,199.6801,113.6794,0.0,-8.5871,-0.998,43.7022,0.9005,-0.4898,216.4256,198.3351,,,,,,,,,,20.3814,21.2824,12.8819,35.0487,234.4426,-41.8669,,-7.7882,,,,,,,,,,,,,,,,,1095.7298,,15380.2498,,
2026-09-02 19:29:15,42.4786005,-82.8090721,19.0846,8.3196,203.3828,199.3134,-73.8153,0.0,-8.6943,-0.1297,43.6571,0.9025,-0.4902,215.3089,,3.28,13.6985,10.0,0.0009,48.092,17.1833,75.9635,0.0,,21.5147,20.7389,14.0779,32.7634,232.2047,-41.7007,,-7.3787,,,,,,,,,,,,,,,,,,,,,
2026-09-02 19:29:16,42.4785654,-82.809092,,8.1253,202.3515,200.127,,0.0,,,43.6043,0.9045,-0.4906,,196.7881,,,,,,,,,0.0,21.193,21.4527,14.01,33.59,232.8616,-41.907,,-7.2935,,,,,,,,,,,,,,,,,1152.7055,,15354.3312,,
2026-09-02 19:29:17,42.4785306,-82.8091101,19.3143,8.1836,200.8561,197.5028,-88.8004,0.0,-9.2262,0.8327,43.5526,0.9066,-0.4911,216.505,197.0803,,,,,,,,,,20.6411,23.3276,13.4559,37.4047,235.8222,-41.907,,-7.7484,,,,,,,,,,,,,,,,,,,,,
2026-09-02 19:29:18,42.4784952,-82.8091306,,8.3974,198.6674,198.1159,46.2136,0.0,-7.7906,-0.3232,43.4746,0.9098,-0.4918,213.0342,196.0318,,,,,,,,,,21.9529,20.6499,14.5101,32.2453,231.0753,-41.9815,,-7.6031,,,,,,,,,,,,,,,,,1139.7106,,15328.4126,,
2026-09-02 19:29:19,42.4784596,-82.8091481,19.1503,9.4859,200.6498,196.7236,-21.3037,0.0,-9.1105,0.758,43.4179,0.9119,-0.4922,213.1797,194.8286,3.2801,13.6985,10.0,0.0005,48.092,17.1833,76.6665,0.0,,22.9312,23.2855,15.6033,35.5186,232.3308,-41.9643,,-8.2665,,,,,,,,,,,,,,,,,,,,,
2026-09-02 19:29:20,42.4784238,-82.8091663,,8.5335,200.9821,,102.4345,0.0,-8.0917,0.3144,43.3612,0.914,-0.4926,213.4312,195.7969,,,,,,,,,0.0,23.508,21.1952,16.047,31.9816,228.1165,-41.9815,,-7.4594,,,,,,,,,,,,,,,,,1130.5261,,15302.1658,,
2026-09-02 19:29:21,42.4783875,-82.809186,19.2159,8.9417,200.9821,198.8894,-111.3142,0.0,-9.0141,1.5195,43.3084,0.9162,-0.493,213.7198,196.1578,,,,,,,,,,23.7027,22.4103,16.0626,34.2337,231.4572,-41.9815,,-7.7859,,,,,,,,,,,,,,,,,,,,,
2026-09-02 19:29:22,,,,8.9805,203.1021,196.8668,147.4278,,-7.4814,-0.2553,43.2482,0.9185,-0.4935,213.5171,196.0375,,,,,,,,,,24.1125,20.8226,16.7846,30.7085,227.4652,-41.9299,,-7.3221,,,,,,,,,,,,,,,,,1125.999,,15275.9191,,
2026-09-02 19:29:23,42.478348,-82.8092068,19.1503,7.892,198.1861,197.245,143.6634,0.0,-9.7857,-0.4131,43.1931,0.9207,-0.4939,213.9196,195.9115,3.2801,13.6985,10.0,0.0012,48.092,17.1833,76.6161,0.0,,25.007,23.0296,17.7845,33.3725,230.3509,-41.5976,,-7.4792,,,,,,,,,,,,,,,,,1174.0736,,15262.7958,,
2026-09-02 19:29:24,42.4783127,-82.809225,19.2159,8.1253,201.4176,199.0899,,0.0,,,43.1486,0.9225,-0.4943,,197.7965,,,,,,,,,0.0,24.902,21.7663,17.6312,31.5837,228.8779,-41.7523,,-7.4564,,,,,,,,,,,,,,,,,1252.6827,,15249.6724,,
2026-09-02 19:29:25,42.4782782,-82.8092444,,8.8056,203.4057,199.9207,-32.5727,0.0,-8.5359,0.7114,43.1016,0.9247,-0.4947,215.5911,,,,,,,,,,,25.0083,22.2858,17.8655,32.0625,229.5227,-41.8841,,-7.8875,,,,,,,,,,,,,,,,,,,,,
2026-09-02 19:29:26,42.4782437,-82.8092645,19.2159,8.2419,203.4115,199.0383,-13.8232,0.0,-10.5484,0.8188,43.0477,0.9268,-0.4951,215.6623,196.7881,,,,,,,,,,25.5279,24.3457,18.5177,34.6318,231.9948,-42.3023,,-7.8175,,,,,,,,,,,,,,,,,1118.4665,,15223.7538,,
2026-09-02 19:29:27,42.4782083,-82.8092824,,8.1058,203.4115,204.5216,334.9397,0.0,-12.5194,-1.1725,42.993,0.929,-0.4956,218.5776,200.2487,3.2801,13.6985,10.0,0.0015,48.092,17.1833,76.4981,0.0,,24.2323,24.2912,16.9785,35.9532,236.7904,,,-7.8934,,,,,,,,,,,,,,,,,1119.982,,15209.3181,,
2026-09-02 19:29:28,42.4781707,-82.8093034,19.6424,9.2527,207.7717,207.7301,31.201,0.0,-13.0247,-0.0606,42.9462,0.9315,-0.4963,222.6631,203.6235,,,,,,,,,0.0,24.891,23.2542,17.3508,34.4986,237.9683,-42.3482,,-8.3456,,,,,,,,,,,,,,,,,,,,,
2026-09-02 19:29:29,42.478131588612655,-82.80933065134852,19.5768,8.1836,209.8859,209.1339,,0.0,,,,,,,206.7461,,,,,,,,,,25.5727,20.6547,17.7377,30.5669,236.4186,-42.4685,,,,,,,,,,,,,,,,,,,1006.8764,,15180.7748,,
2026-09-02 19:29:30,42.478096772034895,-82.80935766022286,,8.1641,207.9207,208.7328,87.4494,0.0,-11.1973,-0.3265,42.8945,0.935,-0.4974,226.568,205.9611,,,,,,,,,,,,,,,-42.2565,,-8.3505,,,,,,,,,,,,,,,,,1056.5351,,15166.6672,,
2026-09-02 19:29:31,42.47806328665087,-82.80938452133684,19.3799,8.4168,211.0547,,34.9516,0.0,-9.0666,0.4129,42.866,0.9373,-0.4983,227.1131,205.732,3.2802,13.6985,10.0,0.0021,48.092,17.1833,75.5992,0.0,,24.7701,19.2346,16.99,28.7045,236.3184,-42.1763,,-7.9325,,,,,,,,,,,,,,,,,1190.2233,,15152.8876,,
2026-09-02 19:29:32,42.478030912231524,-82.80941152316866,,7.7559,209.6166,207.3634,-118.812,0.0,-7.3996,0.9388,42.8409,0.9393,-0.499,224.4519,202.8213,,,,,,,,,0.0,24.5985,17.6481,17.042,25.9507,232.699,-41.9528,,-8.0886,,,,,,,,,,,,,,,,,,,,,
2026-09-02 19:29:33,42.4779987848445,-82.80943529291912,19.2159,8.203,205.7549,202.8714,61.2022,0.0,-9.6328,0.7268,42.8071,0.9414,-0.4996,221.1043,199.7847,,,,,,,,,,25.0,18.9126,17.6869,27.2674,233.4937,-41.9987,,-7.427,,,,,,,,,,,,,,,,,1241.919,,15127.2971,,
2026-09-02 19:29:34,42.47796574599764,-82.80945460714523,,7.6393,200.9764,200.9005,271.2176,0.0,-10.5325,-1.62,42.7625,0.9434,-0.5001,222.7065,200.9248,,,,,,,,,,23.0217,22.6944,16.2939,33.033,236.1952,-41.9987,,-7.4248,,,,,,,,,,,,,,,,,1147.0708,,15115.486,,
2026-09-02 19:29:35,42.47793360480009,-82.80947356079895,19.2159,7.1728,204.5803,202.8027,72.4677,0.0,-11.4011,-0.3541,42.7216,0.9455,-0.5006,223.2147,201.4921,3.2802,13.6985,10.0,0.0021,48.092,17.1833,75.7451,0.0,,23.0852,21.6472,15.9441,32.2836,233.578,-42.2107,,-7.7758,,,,,,,,,,,,,,,,,1221.5967,,15102.3627,,
2026-09-02 19:29:36,42.4778976,-82.8094969,,7.2894,207.0383,204.8309,,0.0,,,42.6788,0.9477,-0.5012,,,,,,,,,,,0.0,24.3728,21.5625,17.2953,31.192,233.4317,-42.2107,,-7.5803,,,,,,,,,,,,,,,,,1263.1999,,15089.5674,,
2026-09-02 19:29:37,42.4778656,-82.8095208,19.3143,8.0281,206.5914,204.8653,38.7365,0.0,-10.1939,-0.324,42.6478,0.9499,-0.5019,225.268,203.2568,,,,,,,,,,24.1533,20.4769,17.0101,29.7842,233.3998,-42.2336,,-8.4356,,,,,,,,,,,,,,,,,,,,,
2026-09-02 19:29:38,42.4778328,-82.809545,19.2159,8.1447,206.5857,204.1549,-118.7501,0.0,-9.7822,0.1934,42.5962,0.9532,-0.5029,223.4921,202.0822,,,,,,,,,,24.5889,21.8342,17.3471,31.8155,235.7869,-42.2336,,-7.8288,,,,,,,,,,,,,,,,,1214.1344,,15062.6645,,
2026-09-02 19:29:39,42.4777987,-82.8095685,19.1503,7.892,205.9038,,-111.242,0.0,-9.5287,1.1374,,,,222.8954,201.3202,3.2802,13.6985,10.0,0.0002,48.092,17.1833,76.2169,0.0,,23.5469,21.3039,16.4096,31.422,234.9283,-42.2336,,,,,,,,,,,,,,,,,,,1146.2866,,15049.5412,,
2026-09-02 19:29:40,42.4777654,-82.8095905,,8.514,207.5712,203.9429,42.5456,0.0,-10.2855,0.349,42.5391,0.9564,-0.5038,225.2664,201.9619,,,,,,,,,0.0,23.4195,23.4347,16.0748,35.4097,238.0217,-42.2336,,-7.8242,,,,,,,,,,,,,,,,,1111.8773,,15036.0897,,
2026-09-02 19:29:41,42.4777307,-82.809613,19.2159,9.0389,202.8844,201.3588,226.3,0.0,-11.9406,-1.0838,42.4979,0.9586,-0.5043,224.8508,200.243,,,,,,,,,,23.5691,23.1486,16.19,34.9103,238.2415,-42.2679,,-8.188,,,,,,,,,,,,,,,,,,,,,
2026-09-02 19:29:42,42.4776962,-82.8096353,,8.4363,204.1219,203.41,110.0423,0.0,-12.1108,0.3321,42.4579,0.9608,-0.5049,224.6748,200.8733,,,,,,,,,,23.0123,23.7187,15.7172,36.0823,239.0694,-42.2679,,-8.2784,,,,,,,,,,,,,,,,,1057.5677,,15009.5149,,
2026-09-02 19:29:43,42.4776614,-82.8096575,19.5768,8.4946,207.9264,205.3352,87.5422,0.0,-10.6046,-0.0694,42.4215,0.9628,-0.5055,226.0751,203.4974,3.2803,13.6985,10.0,0.0015,48.092,17.1833,75.8425,0.0,,24.1914,21.4165,16.3746,32.6464,236.0892,-42.3768,,-7.9735,,,,,,,,,,,,,,,,,,,,,
2026-09-02 19:29:44,42.4776229,-82.8096855,,8.1447,207.3763,204.2924,,0.0,,,42.3833,0.9653,-0.5062,,200.6384,,,,,,,,,0.0,,,,,,-42.3768,,-8.2256,,,,,,,,,,,,,,,,,1125.6025,,14981.6278,,
2026-09-02 19:29:45,42.4775885,-82.8097081,19.5112,7.8142,205.0788,203.6793,42.5387,0.0,-11.0113,-0.1808,42.3446,0.9675,-0.5068,223.0975,201.0566,,,,,,,,,,23.9539,21.86,16.583,32.5367,235.0939,-42.4685,,-7.8683,,,,,,,,,,,,,,,,,1023.3068,,14967.8482,,
2026-09-02 19:29:46,42.4775535,-82.8097321,,8.4751,205.1934,203.2782,27.5364,0.0,-11.2032,0.351,42.3073,0.9698,-0.5075,222.827,,,,,,,,,,,23.9232,22.2746,16.3722,33.6328,236.7641,-42.4914,,-7.4636,,,,,,,,,,,,,,,,,,,,,
2026-09-02 19:29:47,42.4775175,-82.8097552,19.3143,9.4082,205.1934,203.0032,-24.9237,0.0,-11.865,-0.4833,42.2662,0.9721,-0.5081,221.6457,200.4493,3.2803,13.6985,10.0,0.0026,48.092,17.1833,76.6443,0.0,,23.9294,22.3624,16.403,33.7131,236.4676,-42.4914,,-8.1017,,,,,,,,,,,,,,,,,1107.5359,,14939.9611,,
2026-09-02 19:29:48,42.4774803,-82.8097785,,9.2138,205.1934,200.8088,-167.4011,0.0,-11.9451,1.1653,42.2227,0.9744,-0.5087,218.8732,199.9966,,,,,,,,,0.0,23.6377,22.8825,15.8563,35.4269,237.6595,-42.6576,,-8.9957,,,,,,,,,,,,,,,,,1091.1743,,14925.5254,,
2026-09-02 19:29:49,42.4774416,-82.8098012,19.3799,9.4082,205.4799,,106.3433,0.0,-11.5571,0.1034,42.1748,0.9768,-0.5093,219.0415,199.2346,,,,,,,,,,23.7402,21.7842,15.5787,34.4391,235.0076,-42.6576,,-8.8121,,,,,,,,,,,,,,,,,991.5413,,14910.7616,,
2026-09-02 19:29:50,42.4774017,-82.8098237,,8.6501,205.2278,202.9345,-137.3999,0.0,-10.5372,0.6627,42.1239,0.9793,-0.5098,219.9206,200.18,,,,,,,,,,21.727,22.6593,13.6894,37.6945,238.0855,-42.6175,,-9.014,,,,,,,,,,,,,,,,,,,,,
2026-09-02 19:29:51,42.47736,-82.8098483,19.5768,9.1944,201.3431,202.6766,,0.0,,,42.0545,0.9829,-0.5107,217.4128,200.1628,3.2804,13.6985,10.0,0.0015,48.092,17.1833,76.9394,0.0,,20.945,21.3732,12.7541,36.762,236.8822,-42.5831,,-9.322,,,,,,,,,,,,,,,,,1020.3425,,14881.2341,,
2026-09-02 19:29:52,42.4773156,-82.8098739,,,,199.4108,-204.8863,0.0,-10.544,1.3413,42.0036,0.9853,-0.5112,,197.7163,,,,,,,,,0.0,23.0869,24.9384,15.2427,39.6897,239.7848,,,-8.7145,,,,,,,,,,,,,,,,,998.1438,,14866.1422,,
2026-09-02 19:29:53,42.477275,-82.8098967,19.4455,9.6026,203.1135,201.9318,155.0974,0.0,-11.8524,0.2596,41.9529,0.9878,-0.5117,218.7493,200.0196,,,,,,,,,,22.9506,24.1907,14.9421,39.0059,239.3385,-42.6747,,-8.7636,,,,,,,,,,,,,,,,,,,,,
2026-09-02 19:29:54,42.4772356,-82.809921,,9.3304,204.9413,203.3928,53.8351,0.0,-11.2873,0.1576,41.909,0.9903,-0.5124,220.1757,200.3462,,,,,,,,,,22.9252,22.5975,14.6177,37.0586,237.5824,-42.7091,,-9.1128,,,,,,,,,,,,,,,,,974.4934,,14835.3023,,
2026-09-02 19:29:55,42.4771958,-82.8099476,19.5112,9.5054,204.1334,201.7828,-58.6755,0.0,-9.447,0.6975,41.8663,0.9929,-0.5131,216.418,199.6529,,,,,,,,,,23.2649,21.7869,14.823,35.6288,236.6065,-42.6977,,-8.8611,,,,,,,,,,,,,,,,,,,,,
2026-09-02 19:29:56,42.4771562,-82.809973,,9.1749,205.6059,200.9921,-13.6925,0.0,-9.6728,0.6596,41.8219,0.9954,-0.5137,216.7319,,3.2804,13.6985,10.0,0.0005,48.092,17.1833,76.6322,0.0,0.0,,,,,,-42.6977,,-9.1867,,,,,,,,,,,,,,,,,980.6548,,14804.7905,,
2026-09-02 19:29:57,42.4771157,-82.8099968,19.4455,9.3887,202.9417,200.2358,27.5295,0.0,-10.5147,0.2316,41.7743,0.9979,-0.5143,215.4556,198.2377,,,,,,,,,,23.0497,23.4181,14.8941,37.9568,238.5859,-42.6977,,-9.0511,,,,,,,,,,,,,,,,,,,,,
2026-09-02 19:29:58,42.4770751,-82.8100198,,9.1749,202.9302,200.7916,72.5124,0.0,-10.9195,-0.5374,41.7254,1.0004,-0.5148,215.8963,197.8652,,,,,,,,,,22.6341,23.7572,14.5541,38.7939,238.4376,-42.6747,,-8.9617,,,,,,,,,,,,,,,,,994.8798,,14774.2787,,
2026-09-02 19:29:59,42.4770314,-82.8100453,19.5768,9.4276,202.9302,,27.5088,0.0,-10.4305,0.1841,41.6788,1.0029,-0.5154,215.8078,198.4611,3.2804,13.6985,10.0,0.0013,48.092,17.1833,76.3009,0.0,,22.4934,23.1699,14.3969,37.9325,237.6278,-42.6747,,-9.2403,,,,,,,,,,,,,,,,,,,,,
2026-09-02 19:30:00,42.4769913,-82.8100695,,9.0583,202.9302,201.0895,-43.7281,0.0,-11.1309,0.9189,41.6318,1.0054,-0.516,213.5225,197.9626,,,,,,,,,0.0,23.0013,23.234,14.9153,37.4703,237.4656,-42.6977,,-8.9851,,,,,,,,,,,,,,,,,997.0268,,14744.095,,
2026-09-02 19:30:01,42.4769519,-82.8100909,19.5768,9.1166,202.9302,198.9238,,0.0,,,41.5828,1.0078,-0.5165,,197.2751,,,,,,,,,,22.7557,24.3309,14.8457,39.163,237.8467,-42.6977,,-8.0116,,,,,,,,,,,,,,,,,933.1553,,14729.0031,,
2026-09-02 19:30:02,42.4769119,-82.8101102,,9.136,201.7614,199.6457,68.7687,0.0,-11.4241,1.1908,41.5294,1.0101,-0.5169,214.9632,198.0142,,,,,,,,,,22.2464,23.9682,14.3189,39.1337,237.634,-42.6576,,-8.2269,,,,,,,,,,,,,,,,,952.184,,14714.8955,,
2026-09-02 19:30:03,42.4768725,-82.8101345,19.5768,9.4471,207.1013,201.7542,50.0123,0.0,-10.3146,0.6007,41.4852,1.0126,-0.5175,215.7568,198.6044,3.2805,13.6985,10.0,0.0003,48.092,17.1833,76.6082,0.0,,22.4523,23.0455,14.3013,37.9209,236.0,-42.5315,,-8.7889,,,,,,,,,,,,,,,,,1028.4491,,14699.8036,,
2026-09-02 19:30:04,42.476833,-82.8101565,,9.311,202.9989,201.0208,-6.2154,0.0,-10.6307,0.6477,41.4393,1.015,-0.518,214.3324,199.4294,,,,,,,,,0.0,22.7133,23.3762,14.6816,37.8663,237.5085,-42.5602,,-8.8994,,,,,,,,,,,,,,,,,,,,,
2026-09-02 19:30:05,42.4767932,-82.8101801,19.3799,9.4276,204.8897,200.5796,-84.9639,0.0,-10.6045,1.0103,41.3928,1.0175,-0.5186,214.31,198.5299,,,,,,,,,,22.2186,23.5319,14.1795,38.7277,237.7145,-42.5602,,-8.9833,,,,,,,,,,,,,,,,,1025.6107,,14684.7118,,
2026-09-02 19:30:06,42.4767488,-82.8102055,,9.6414,204.3626,200.2244,-144.9663,0.0,-9.615,1.5095,41.3463,1.02,-0.5191,214.0029,,,,,,,,,,,22.242,22.972,14.118,37.942,237.2259,-42.5602,,-8.9343,,,,,,,,,,,,,,,,,975.2731,,14669.948,,
2026-09-02 19:30:07,42.4767049,-82.8102301,19.5112,8.8639,203.0276,198.3107,-36.2167,0.0,-10.1274,1.2292,41.2991,1.0225,-0.5197,211.2787,196.9485,3.2805,13.6985,10.0,0.002,48.092,17.1833,76.9305,0.0,,22.5909,23.4656,14.4529,38.4926,236.3606,-42.5372,,-8.417,,,,,,,,,,,,,,,,,,,,,
2026-09-02 19:30:08,42.4766659,-82.8102492,,8.5723,203.6349,199.1816,166.2804,0.0,-10.3346,-0.6474,41.2482,1.0248,-0.5201,,194.8859,,,,,,,,,0.0,23.111,22.9037,15.101,36.5566,233.7957,-42.5372,,-8.1705,,,,,,,,,,,,,,,,,1022.5274,,14638.4519,,
2026-09-02 19:30:09,42.4766266,-82.8102712,19.5768,8.6695,202.764,198.9467,,0.0,,,41.2023,1.0272,-0.5206,213.2878,197.0631,,,,,,,,,,22.3902,23.5644,14.4225,38.3627,235.8936,-42.5372,,-8.2245,,,,,,,,,,,,,,,,,959.716,,14625.6566,,
2026-09-02 19:30:10,42.4765871,-82.810292,19.5768,9.3499,202.1166,,-32.4558,0.0,-10.8278,0.052,41.1539,1.0296,-0.521,212.2248,196.6907,,,,,,,,,,21.7952,24.2445,13.9902,39.7709,237.6549,-42.5372,,-8.8385,,,,,,,,,,,,,,,,,,,,,
2026-09-02 19:30:11,42.4765483,-82.8103124,,9.1749,201.3087,198.7461,-32.4661,0.0,-10.2816,0.9712,41.1065,1.032,-0.5215,213.2072,197.8423,3.2806,13.6985,10.0,0.0007,48.092,17.1833,76.5411,0.0,,,,,,,-42.5372,,-8.6326,,,,,,,,,,,,,,,,,1080.2765,,14596.4572,,
2026-09-02 19:30:12,42.4765056,-82.8103371,19.5112,9.5054,201.2858,200.1499,-111.218,0.0,-9.4323,0.6084,41.0635,1.0344,-0.522,212.5734,197.361,,,,,,,,,0.0,22.4273,21.9591,14.2928,35.9279,234.6985,-42.5602,,-8.7618,,,,,,,,,,,,,,,,,,,,,
2026-09-02 19:30:13,42.4764666,-82.8103561,,9.1555,198.9539,197.1476,-212.4493,0.0,-9.8206,0.9687,41.0137,1.0367,-0.5224,209.282,194.9947,,,,,,,,,,22.2726,23.3176,14.292,38.0869,236.4927,-42.5602,,-7.6681,,,,,,,,,,,,,,,,,980.5431,,14567.5858,,
2026-09-02 19:30:14,42.4764223,-82.8103742,19.5112,9.1944,195.9802,195.8355,-17.4431,,-11.2202,0.6304,40.9517,1.0392,-0.5227,208.2921,191.7919,,,,,,,,,,23.0539,24.1961,15.0863,38.7794,236.0702,-42.7091,,-8.4869,,,,,,,,,,,,,,,,,,,,,
2026-09-02 19:30:15,,,,9.5637,196.662,196.334,207.5608,0.0,-12.8263,-0.3076,40.8949,1.0416,-0.523,211.3692,195.7453,3.2806,13.6985,10.0,0.0022,48.092,17.1833,77.0573,0.0,,23.4905,24.9815,15.516,39.7455,236.3465,-42.7836,,-8.487,,,,,,,,,,,,,,,,,1083.7216,,14538.7144,,
2026-09-02 19:30:16,42.4763808,-82.810392,19.7408,9.3693,202.277,200.4765,38.795,0.0,-13.0998,0.841,40.8482,1.0439,-0.5234,,,,,,,,,,,0.0,22.6069,26.3034,14.6826,43.0223,239.7937,,,-9.1115,,,,,,,,,,,,,,,,,982.317,,14523.6225,,
2026-09-02 19:30:17,42.4763389,-82.8104142,19.708,9.2138,199.1143,198.4081,-167.4458,0.0,-11.473,0.2751,40.7986,1.0463,-0.5239,215.9579,197.9626,,,,,,,,,,22.15,24.4051,14.1199,40.4037,237.8202,-42.7836,,-9.0863,,,,,,,,,,,,,,,,,932.4274,,14507.8745,,
2026-09-02 19:30:18,42.4762984,-82.8104342,,9.1555,201.5895,200.0754,53.8145,0.0,-10.3788,0.5844,40.7497,1.0488,-0.5244,211.9523,197.0688,,,,,,,,,,22.1739,23.8764,14.0147,39.8226,237.3634,-42.5372,,-9.5376,,,,,,,,,,,,,,,,,,,,,
2026-09-02 19:30:19,42.4762571,-82.8104558,19.5768,9.5248,202.4661,201.3932,35.0581,0.0,-11.2833,0.1264,40.7021,1.0513,-0.5249,212.3405,197.9512,3.2806,13.6985,10.0,0.002,48.092,17.1833,76.8451,0.0,,22.9468,25.7619,14.957,41.8212,240.37,-42.5372,,-8.8581,,,,,,,,,,,,,,,,,919.5508,,14479.6593,,
2026-09-02 19:30:20,42.476216,-82.8104781,,9.6998,204.4027,,-137.4274,0.0,-9.879,0.9444,40.6578,1.0539,-0.5254,214.5675,199.63,,,,,,,,,0.0,21.9531,25.1362,13.8567,42.2961,241.4044,-42.5315,,-8.8602,,,,,,,,,,,,,,,,,,,,,
2026-09-02 19:30:21,42.4761748,-82.8105019,19.5112,9.2916,203.5948,200.6254,,0.0,,,40.6049,1.0567,-0.526,212.0229,198.2549,,,,,,,,,,22.5183,26.3093,14.5926,43.1524,242.8943,-42.5372,,-9.4528,,,,,,,,,,,,,,,,,919.5672,,14448.4913,,
2026-09-02 19:30:22,42.4761333,-82.8105235,,9.6609,202.8557,199.3707,-92.4307,0.0,-10.5101,1.3375,40.558,1.0592,-0.5265,,198.9367,,,,,,,,,,23.3007,26.0331,15.259,42.0819,241.5972,-42.5372,,-9.2507,,,,,,,,,,,,,,,,,1023.4713,,14433.3994,,
2026-09-02 19:30:23,42.47608837620005,-82.81054799310995,19.5112,7.892,203.1823,200.9291,-66.1904,0.0,-10.7163,2.3274,40.5162,1.0616,-0.527,214.2296,200.2487,3.2807,13.6985,10.0,0.0026,48.092,17.1833,76.1103,0.0,,23.232,25.668,15.5008,40.4811,241.1373,-42.3252,,-8.4428,,,,,,,,,,,,,,,,,,,,,
2026-09-02 19:30:24,42.47604978189125,-82.8105703887273,,8.8833,203.1823,203.9486,98.8008,0.0,-10.542,0.9602,40.4798,1.0641,-0.5276,217.3159,202.9646,,,,,,,,,0.0,,,,,,-42.5315,,-8.7043,,,,,,,,,,,,,,,,,946.5801,,14401.9033,,
2026-09-02 19:30:25,42.47601129613705,-82.81059552194326,19.5768,8.8056,203.1823,203.4616,-137.448,0.0,-9.7003,2.2322,40.4467,1.0665,-0.5283,219.1456,200.5524,,,,,,,,,,22.8579,25.039,14.9706,40.2568,243.9178,-42.5143,,-8.8544,,,,,,,,,,,,,,,,,915.5609,,14386.8115,,
2026-09-02 19:30:26,42.47597403442993,-82.81061980166655,,9.0972,203.1823,202.9287,-39.9432,0.0,-10.4829,0.1171,,,,217.2958,,,,,,,,,,,23.3438,24.5258,15.7229,38.0468,241.5511,-42.4914,,,,,,,,,,,,,,,,,,,,,,,
2026-09-02 19:30:27,42.47593624276387,-82.81064127693318,19.6424,9.8164,204.0704,204.5674,106.2883,0.0,-12.3109,-0.2734,40.392,1.0698,-0.529,219.2183,199.8419,3.2807,13.6985,10.0,0.002,48.092,17.1833,75.8172,0.0,,22.0896,26.7281,14.8384,42.0316,244.7713,-42.4914,,-8.4299,,,,,,,,,,,,,,,,,1030.349,,14359.5805,,
2026-09-02 19:30:28,42.4758984964474,-82.81066412570291,,8.5723,206.0585,207.7301,,0.0,-11.4189,-0.3072,40.3407,1.0733,-0.53,220.9631,202.6437,,,,,,,,,0.0,22.0985,26.7681,14.7601,42.3997,245.9892,-42.5143,,-8.2515,,,,,,,,,,,,,,,,,,,,,
2026-09-02 19:30:29,42.47586268689353,-82.81068936138612,19.6424,9.2527,206.5971,207.902,143.7975,0.0,-11.2496,0.2136,40.3118,1.076,-0.5308,221.3331,205.6116,,,,,,,,,,21.8521,24.5622,14.1843,39.8209,243.7508,-42.4456,,-8.7753,,,,,,,,,,,,,,,,,939.003,,14330.7091,,
2026-09-02 19:30:30,42.4758229,-82.8107183,19.6424,9.2721,206.5685,,91.3066,0.0,-10.0517,0.8498,40.29,1.0784,-0.5316,224.2231,206.7862,,,,,,,,,,22.3207,23.9157,14.6463,38.1563,245.574,-42.4685,,-8.6109,,,,,,,,,,,,,,,,,,,,,
2026-09-02 19:30:31,42.4757877,-82.8107472,,8.6112,206.5685,208.8646,-32.4455,0.0,-9.4509,0.9553,40.268,1.0809,-0.5325,220.8462,206.4023,3.2807,13.6985,10.0,0.0025,48.092,17.1833,76.1716,0.0,,22.6693,23.9054,14.8926,38.0852,247.258,-42.4685,,-8.8006,,,,,,,,,,,,,,,,,969.2645,,14299.5411,,
2026-09-02 19:30:32,42.4757522,-82.8107756,19.5768,8.9028,207.0899,207.6671,-111.1836,0.0,,,40.245,1.0832,-0.5333,,205.3481,,,,,,,,,0.0,22.5846,22.6426,14.9118,35.6671,244.0355,-42.4685,,-8.5351,,,,,,,,,,,,,,,,,,,,,
2026-09-02 19:30:33,42.4757172,-82.8108035,,8.378,206.5456,206.6587,-84.933,0.0,-8.3452,0.4403,,,,220.5629,202.7698,,,,,,,,,,22.2811,23.5812,14.758,37.1554,244.1662,-42.2336,,,,,,,,,,,,,,,,,,,952.7654,,14270.3417,,
2026-09-02 19:30:34,42.4756821,-82.8108285,19.3143,8.3391,208.4306,206.2748,117.5538,0.0,-8.4163,-0.5197,40.2086,1.0865,-0.5343,219.0235,203.0849,,,,,,,,,,22.0986,22.5476,14.5547,35.6053,240.653,-42.2107,,-8.0141,,,,,,,,,,,,,,,,,1058.9941,,14257.8745,,
2026-09-02 19:30:35,42.475647,-82.8108542,,8.5918,204.9871,203.2668,-84.9295,0.0,-8.8482,0.0367,40.1679,1.09,-0.5353,217.0961,200.7415,3.2808,13.6985,10.0,0.0022,48.092,17.1833,76.1408,0.0,,21.9094,25.0797,14.7564,39.0021,243.0969,-42.2336,,-8.1929,,,,,,,,,,,,,,,,,1026.5519,,14242.1264,,
2026-09-02 19:30:36,42.475609,-82.8108796,19.2159,8.2613,206.1731,203.9142,46.3202,0.0,-8.0992,-0.5366,40.1365,1.0925,-0.536,217.3564,,,,,,,,,,0.0,20.8614,25.2376,13.6482,40.6711,243.305,-42.2107,,-8.8728,,,,,,,,,,,,,,,,,1049.9448,,14228.675,,
2026-09-02 19:30:37,42.4755743,-82.8109029,,8.7862,206.5169,202.5678,46.3168,0.0,-8.409,-1.3272,40.1051,1.0948,-0.5366,216.7771,200.2659,,,,,,,,,,,,,,,-42.3482,,-8.1138,,,,,,,,,,,,,,,,,,,,,
2026-09-02 19:30:38,42.4755386,-82.8109257,19.2487,8.0281,203.3656,200.4306,76.3077,0.0,-9.2691,-1.1315,40.0735,1.0969,-0.5372,215.4512,199.0685,,,,,,,,,,21.7183,24.4445,14.3033,38.9273,240.5388,-42.2336,,-7.5966,,,,,,,,,,,,,,,,,980.8615,,14201.1159,,
2026-09-02 19:30:39,42.4755042,-82.8109474,,7.5421,203.5031,200.7343,-62.426,0.0,-9.3743,0.6638,40.0407,1.0992,-0.5377,215.9345,199.0283,,,,,,,,,,22.4549,24.0948,15.2579,36.9282,237.3773,-42.2107,,-8.3042,,,,,,,,,,,,,,,,,996.8297,,14187.9926,,
2026-09-02 19:30:40,42.4754684,-82.810969,19.5112,8.7862,203.6808,,,0.0,,,40.0055,1.1015,-0.5383,,198.5757,3.2808,13.6985,10.0,0.0003,48.092,17.1833,76.2804,0.0,0.0,21.3978,26.0138,14.3605,40.8069,240.7055,,,-8.1889,,,,,,,,,,,,,,,,,,,,,
2026-09-02 19:30:41,42.4754322,-82.8109909,,8.5335,203.675,201.6854,-13.665,0.0,-8.8916,0.3388,39.9748,1.1038,-0.5389,217.4324,199.4581,,,,,,,,,,21.7524,24.3833,14.404,38.5689,238.9991,-42.2107,,-8.5825,,,,,,,,,,,,,,,,,1024.718,,14160.4335,,
2026-09-02 19:30:42,42.4753965,-82.8110131,19.3799,8.9611,204.9585,200.5567,-156.1596,0.0,-8.5457,1.8871,39.9413,1.1061,-0.5394,216.6462,199.418,,,,,,,,,,20.6646,25.4691,13.548,40.9888,241.2353,-42.2107,,-8.0573,,,,,,,,,,,,,,,,,1049.4228,,14146.3259,,
2026-09-02 19:30:43,42.47536,-82.8110357,19.3799,8.378,204.1277,200.4192,-9.9179,0.0,-8.9734,1.1762,39.9071,1.1083,-0.5399,217.7642,198.6044,3.2809,13.6985,10.0,0.0028,48.092,17.1833,75.9493,0.0,,21.1985,25.3559,14.1028,40.0686,239.8952,-42.2107,,-7.3457,,,,,,,,,,,,,,,,,986.4675,,14132.5464,,
2026-09-02 19:30:44,42.475321,-82.8110593,,8.2419,204.7064,201.2041,-103.6721,0.0,-8.9615,1.1099,39.876,1.1105,-0.5405,217.7593,199.6471,,,,,,,,,0.0,21.027,25.7716,13.9006,41.1236,240.7129,-42.2336,,-8.0543,,,,,,,,,,,,,,,,,982.0958,,14119.0949,,
2026-09-02 19:30:45,42.4752863,-82.8110814,19.5768,9.1166,205.6116,202.774,-54.9146,0.0,-9.1445,0.7459,39.845,1.1128,-0.5411,218.9775,200.816,,,,,,,,,,20.8014,25.9892,13.5854,42.141,242.3046,-42.2336,,-8.3945,,,,,,,,,,,,,,,,,955.9978,,14105.9716,,
2026-09-02 19:30:46,42.47525,-82.8111045,,8.4946,205.3137,202.8542,-54.8905,0.0,-9.5439,0.7446,39.8131,1.1152,-0.5417,219.3042,,,,,,,,,,,20.9246,26.0084,13.5623,42.5744,244.0813,-42.2107,,-8.3665,,,,,,,,,,,,,,,,,,,,,
2026-09-02 19:30:47,42.4752136,-82.8111276,19.4455,8.5529,206.3507,203.4501,1.3613,0.0,-9.5206,0.7003,39.7842,1.1176,-0.5424,219.364,200.5066,3.2809,13.6985,10.0,0.0019,48.092,17.1833,76.3486,0.0,,20.5868,26.3412,13.187,43.8446,245.3183,-42.2336,,-9.1224,,,,,,,,,,,,,,,,,991.3741,,14077.7564,,
2026-09-02 19:30:48,42.4751763,-82.8111523,,8.6501,206.5513,202.4417,,0.0,,,,,,,199.9565,,,,,,,,,0.0,20.7971,24.4937,13.2222,40.7007,241.9833,-42.2107,,,,,,,,,,,,,,,,,,,,,,,
2026-09-02 19:30:49,42.4751388,-82.8111773,19.3799,8.9611,203.4,201.0151,27.612,0.0,-8.8476,0.0855,39.7374,1.1212,-0.5433,219.4126,199.8477,,,,,,,,,,20.7872,26.5811,13.3544,44.1479,245.1773,-42.2336,,-8.422,,,,,,,,,,,,,,,,,915.4866,,14048.5569,,
2026-09-02 19:30:50,42.4751018,-82.8111997,,9.0194,207.7373,,-47.4031,0.0,-9.9264,1.2666,39.6909,1.1248,-0.5443,217.915,200.0654,,,,,,,,,,20.802,23.7447,12.984,40.1742,240.463,-42.2336,,-8.5702,,,,,,,,,,,,,,,,,,,,,
2026-09-02 19:30:51,42.4750646,-82.8112251,19.2487,8.7862,207.2331,203.7538,-103.6515,0.0,-9.248,2.4353,39.6604,1.1271,-0.5449,220.6072,200.7931,3.2809,13.6985,10.0,0.0024,48.092,17.1833,75.5296,0.0,,,,,,,-42.119,,-8.2836,,,,,,,,,,,,,,,,,924.3986,,14019.3574,,
2026-09-02 19:30:52,42.4750258,-82.8112504,,,,204.2752,-39.8985,0.0,-8.6417,1.3319,39.6319,1.1294,-0.5455,221.136,201.2686,,,,,,,,,0.0,21.7148,23.7696,14.0597,38.4998,240.0166,-42.2794,,-8.2868,,,,,,,,,,,,,,,,,921.8444,,14005.2498,,
2026-09-02 19:30:53,42.4749906,-82.8112748,19.2487,8.4168,206.5627,203.6621,16.3465,0.0,-10.1604,0.4535,39.6056,1.1318,-0.5462,220.3389,201.5551,,,,,,,,,,21.4987,24.8311,14.0046,40.1405,242.2876,-42.2794,,-8.7029,,,,,,,,,,,,,,,,,,,,,
2026-09-02 19:30:54,42.4749548,-82.8112991,,8.7862,206.9982,204.4012,38.8569,0.0,-9.6915,-0.1526,,,,221.183,202.5692,,,,,,,,,,21.931,24.1185,14.3539,38.633,241.2355,-42.2794,,,,,,,,,,,,,,,,,,,972.7764,,13977.3627,,
2026-09-02 19:30:55,42.4749188,-82.8113247,19.3799,8.8639,208.1326,202.499,-156.1287,0.0,-9.0743,-0.0829,39.566,1.1353,-0.5472,217.9533,200.3748,3.281,13.6985,10.0,0.0012,48.092,17.1833,75.7228,0.0,,22.7326,22.5544,14.9151,35.7746,238.2323,-42.2565,,-8.4719,,,,,,,,,,,,,,,,,958.5879,,13962.5989,,
2026-09-02 19:30:56,42.4748829,-82.8113489,,8.8445,206.4883,201.737,-114.8757,0.0,-9.7519,0.6756,39.5382,1.1377,-0.5478,218.0951,,,,,,,,,,0.0,22.5352,23.1291,14.8469,36.5989,238.6801,-42.3023,,-8.6132,,,,,,,,,,,,,,,,,966.6287,,13948.8193,,
2026-09-02 19:30:57,42.4748469,-82.8113721,19.3143,8.4168,207.5883,202.1037,,0.0,,,39.5084,1.14,-0.5484,,199.4008,,,,,,,,,,22.6192,23.3713,15.0197,36.684,236.8555,-42.3654,,-8.1988,,,,,,,,,,,,,,,,,1009.783,,13934.7117,,
2026-09-02 19:30:58,42.4748111,-82.8113951,,8.1641,207.6055,200.7057,-92.3654,0.0,-9.8691,1.2181,39.4811,1.1423,-0.5491,218.3757,199.6414,,,,,,,,,,22.0935,23.0154,14.5322,36.4706,236.0329,-42.3482,,-8.2937,,,,,,,,,,,,,,,,,,,,,
2026-09-02 19:30:59,42.4747707,-82.8114195,19.5112,8.1447,207.6055,202.9574,-43.6147,0.0,-10.4975,0.2415,39.4349,1.1458,-0.5499,216.8515,199.0398,3.281,13.6985,10.0,0.002,48.092,17.1833,75.9332,0.0,,22.4162,23.0143,14.9482,35.8936,234.6617,-42.3654,,-8.181,,,,,,,,,,,,,,,,,1041.3605,,13907.1527,,
2026-09-02 19:31:00,42.4747347,-82.8114437,,8.4946,207.6055,,98.8971,0.0,-9.0669,-0.5334,39.4086,1.1482,-0.5506,220.0218,201.7556,,,,,,,,,0.0,22.444,21.2556,14.6207,33.8151,233.6521,-42.3654,,-8.8097,,,,,,,,,,,,,,,,,,,,,
2026-09-02 19:31:01,42.4746989,-82.8114676,19.5768,8.6306,207.6055,202.5277,-204.8656,0.0,-10.0923,1.1486,39.3802,1.1505,-0.5512,218.0547,199.8935,,,,,,,,,,23.5155,22.9218,15.9352,35.0818,235.4343,-42.5831,,-8.449,,,,,,,,,,,,,,,,,976.2809,,13877.9532,,
2026-09-02 19:31:02,42.474663,-82.8114927,,9.6026,207.6055,203.2782,-111.1011,0.0,-9.361,1.6266,39.3538,1.1528,-0.5519,218.8171,200.0654,,,,,,,,,,21.8531,23.3641,14.2033,37.6014,238.0512,-42.5602,,-8.3547,,,,,,,,,,,,,,,,,999.9645,,13864.1737,,
2026-09-02 19:31:03,42.4746271,-82.811518,19.5768,9.0194,207.6055,203.559,61.4016,0.0,-10.2457,0.9639,39.3297,1.1552,-0.5526,220.1687,201.8072,3.281,13.6985,10.0,0.001,48.092,17.1833,75.9199,0.0,,22.0808,22.988,14.3287,37.0008,237.8683,,,-8.5648,,,,,,,,,,,,,,,,,974.3067,,13850.0661,,
2026-09-02 19:31:04,42.4745904,-82.8115436,19.6424,8.7473,207.1414,205.5701,,0.0,,,39.3055,1.1577,-0.5533,,203.251,,,,,,,,,0.0,21.9594,22.8656,14.1551,37.0714,239.3586,-42.5602,,-8.6649,,,,,,,,,,,,,,,,,,,,,
2026-09-02 19:31:05,42.4745539,-82.8115702,,8.8445,207.5654,205.4383,110.1385,0.0,-10.8449,0.1411,39.2818,1.1601,-0.5541,222.2637,202.5349,,,,,,,,,,21.3164,20.9496,13.4435,34.5367,237.5355,-42.5602,,-8.5965,,,,,,,,,,,,,,,,,958.4701,,13820.5385,,
2026-09-02 19:31:06,42.4745174,-82.8115964,19.5112,8.5529,207.1873,205.0601,80.1304,0.0,-9.7079,-0.7062,39.2568,1.1625,-0.5548,221.5555,,,,,,,,,,,,,,,,-42.4914,,-8.7971,,,,,,,,,,,,,,,,,1012.305,,13806.1028,,
2026-09-02 19:31:07,42.4744792,-82.8116211,19.4455,7.7948,202.9646,203.5533,-249.8726,0.0,-9.3132,1.1608,39.2306,1.1648,-0.5554,219.0996,200.5581,3.2811,13.6985,10.0,0.0028,48.092,17.1833,74.7429,0.0,,19.5509,22.0681,12.1871,37.0651,239.9882,-42.119,,-7.835,,,,,,,,,,,,,,,,,1106.4974,,13791.6671,,
2026-09-02 19:31:08,42.4744444,-82.8116432,,7.7365,206.2419,203.0261,-13.6375,0.0,-9.1707,1.0309,39.2028,1.167,-0.556,221.1123,200.5467,,,,,,,,,0.0,20.4317,20.4011,12.8438,33.6785,235.4385,-42.2107,,-7.7517,,,,,,,,,,,,,,,,,1038.3301,,13778.2157,,
2026-09-02 19:31:09,42.4744104,-82.8116661,19.3143,8.5723,206.2304,202.4188,-36.1273,0.0,-9.1511,0.485,39.1776,1.1692,-0.5566,220.2993,199.9394,,,,,,,,,,22.5141,21.4343,15.1623,32.8624,234.5021,-42.2107,,-8.0901,,,,,,,,,,,,,,,,,,,,,
2026-09-02 19:31:10,42.4743766,-82.8116878,,8.203,206.7633,,-186.123,0.0,-9.0213,1.1468,39.1499,1.1713,-0.5571,218.271,199.4237,,,,,,,,,,22.3933,21.651,15.1319,33.0933,233.9296,-42.2107,,-8.1818,,,,,,,,,,,,,,,,,1016.349,,13751.6409,,
2026-09-02 19:31:11,42.4743432,-82.8117085,19.3143,7.7948,205.3882,200.9921,-17.3572,0.0,-8.5957,0.6578,39.1232,1.1735,-0.5576,218.7121,198.6445,3.2811,13.6985,10.0,0.0012,48.092,17.1833,75.3406,0.0,,23.0249,21.6779,15.8366,32.4835,232.9411,-42.2107,,-7.9254,,,,,,,,,,,,,,,,,,,,,
2026-09-02 19:31:12,42.4743092,-82.8117304,,7.5032,206.1388,201.7255,12.6268,0.0,-9.5833,0.8721,39.0976,1.1757,-0.5582,,199.6529,,,,,,,,,0.0,21.2847,22.6622,14.1767,35.3436,234.7333,-42.2107,,-7.8298,,,,,,,,,,,,,,,,,1069.2101,,13725.7222,,
2026-09-02 19:31:13,42.4742764,-82.8117511,19.3143,8.1447,204.8038,202.1896,,0.0,,,39.0726,1.1778,-0.5588,221.04,200.541,,,,,,,,,,21.5257,21.8255,14.379,33.8186,234.0158,-42.0731,,-7.7422,,,,,,,,,,,,,,,,,,,,,
2026-09-02 19:31:14,42.4742397,-82.8117768,,8.3391,207.8233,204.2981,125.1237,0.0,-9.3812,0.6281,39.0499,1.18,-0.5594,222.9321,200.6613,,,,,,,,,,20.9994,22.078,13.8322,34.7938,235.3072,-42.0961,,-8.1849,,,,,,,,,,,,,,,,,1011.7447,,13699.4755,,
2026-09-02 19:31:15,42.4742076,-82.8117998,19.2487,8.0086,205.4226,203.3183,-167.3667,0.0,-8.9114,0.3998,39.0299,1.1822,-0.56,220.4344,199.968,3.2812,13.6985,10.0,0.0015,48.092,17.1833,75.9079,0.0,,21.7954,21.1592,14.637,32.5131,234.081,-42.1362,,-7.7664,,,,,,,,,,,,,,,,,,,,,
2026-09-02 19:31:16,42.4741744,-82.8118203,,7.1145,203.8985,201.1296,-186.1024,0.0,-10.1866,1.1704,,,,219.525,,,,,,,,,,0.0,21.6524,23.491,14.7776,35.7355,236.597,-42.119,,,,,,,,,,,,,,,,,,,1023.1974,,13673.2288,,
2026-09-02 19:31:17,42.4741412,-82.8118437,19.3143,8.0864,203.7896,203.135,-6.0917,0.0,-9.8642,0.8848,38.991,1.1854,-0.5609,221.9286,200.2258,,,,,,,,,,20.6237,21.5242,13.5086,34.0657,235.9698,-42.2794,,-7.4658,,,,,,,,,,,,,,,,,1029.908,,13660.7616,,
2026-09-02 19:31:18,42.4741076,-82.8118673,,8.1641,203.7896,202.3901,-6.0882,0.0,-9.1996,0.015,38.97,1.1876,-0.5615,221.5715,200.5696,,,,,,,,,,20.8562,21.8814,13.4807,35.2111,237.5418,-42.2794,,-8.0106,,,,,,,,,,,,,,,,,1036.1914,,13647.3101,,
2026-09-02 19:31:19,42.4740738,-82.8118877,19.4455,7.4255,203.7896,203.3584,-122.3391,0.0,-9.9015,1.6346,38.9445,1.1898,-0.5621,220.1037,199.0398,3.2812,13.6985,10.0,0.0006,48.092,17.1833,75.5559,0.0,,21.0224,23.3237,14.0499,36.3282,237.5572,-42.2679,,-7.7113,,,,,,,,,,,,,,,,,1011.1554,,13633.8587,,
2026-09-02 19:31:20,42.4740396,-82.8119111,,8.3196,203.7896,,46.4061,0.0,-10.0394,1.6801,38.9208,1.192,-0.5627,223.7237,201.9103,,,,,,,,,0.0,20.1826,24.0795,13.0993,38.9489,242.2204,-42.2679,,-7.9186,,,,,,,,,,,,,,,,,1022.0376,,13620.7353,,
2026-09-02 19:31:21,42.4740067,-82.8119364,19.6424,8.2613,203.7896,205.656,27.6498,0.0,-10.0781,1.7951,38.8988,1.1942,-0.5634,225.2852,204.311,,,,,,,,,,20.2103,23.7385,13.1887,38.0892,242.4375,-42.2679,,-7.6755,,,,,,,,,,,,,,,,,,,,,
2026-09-02 19:31:22,42.4739713,-82.8119637,,7.7948,208.9692,207.2431,147.6443,0.0,-9.5215,0.6462,38.8791,1.1966,-0.5641,226.9889,206.3278,,,,,,,,,,,,,,,-42.2679,,-7.8479,,,,,,,,,,,,,,,,,1052.668,,13593.5044,,
2026-09-02 19:31:23,42.4739419,-82.8119878,19.3799,7.3672,209.9718,208.4234,,0.0,,,38.8672,1.1986,-0.5648,,206.8607,3.2812,13.6985,10.0,0.0031,48.092,17.1833,75.4133,0.0,,20.6563,23.1445,13.5673,36.757,241.4406,-41.8669,,-8.0428,,,,,,,,,,,,,,,,,1005.808,,13580.0529,,
2026-09-02 19:31:24,42.4739125,-82.8120132,,7.4643,213.6617,209.8902,158.8858,0.0,-8.8252,-1.3634,38.8564,1.2007,-0.5656,227.4272,206.832,,,,,,,,,0.0,21.9367,21.9636,15.1417,32.8104,238.7681,-41.8669,,-7.8868,,,,,,,,,,,,,,,,,1033.8601,,13567.9138,,
2026-09-02 19:31:25,42.4738839,-82.8120397,19.3143,7.4643,213.1002,210.2225,61.4016,0.0,-8.8404,-0.8578,38.8442,1.2027,-0.5663,227.5733,207.256,,,,,,,,,,21.2074,23.73,14.7441,35.3688,243.0418,-41.907,,-7.3547,,,,,,,,,,,,,,,,,,,,,
2026-09-02 19:31:26,42.4738556,-82.8120634,,7.3088,209.9317,209.4662,-141.092,0.0,-9.049,1.504,38.8351,1.2047,-0.5671,226.8122,,,,,,,,,,,20.034,25.2281,13.6663,38.6689,246.6716,,,-7.5168,,,,,,,,,,,,,,,,,1090.9485,,13542.9794,,
2026-09-02 19:31:27,42.473827,-82.8120877,19.2487,7.6199,214.2633,210.0048,-43.5872,0.0,-7.0562,1.567,38.8267,1.2068,-0.5679,228.108,208.6025,3.2813,13.6985,10.0,0.0029,48.092,17.1833,75.2195,0.0,,19.9191,22.7859,13.3004,35.4516,243.221,-41.9299,,-7.4184,,,,,,,,,,,,,,,,,1078.2808,,13530.5122,,
2026-09-02 19:31:28,42.4737992,-82.8121113,,7.4449,215.18,210.6637,-43.5838,0.0,-6.4031,1.073,38.8152,1.2087,-0.5686,228.8368,208.5967,,,,,,,,,0.0,21.0777,22.2967,14.5678,33.2949,242.142,-41.7523,,-6.7687,,,,,,,,,,,,,,,,,1088.0422,,13518.3731,,
2026-09-02 19:31:29,42.4737689,-82.8121372,19.1503,7.1339,214.143,208.6984,-107.3436,,-6.9265,0.9831,38.8013,1.2108,-0.5694,227.761,208.3389,,,,,,,,,,20.9854,21.9376,14.5764,32.5383,241.4438,-41.7294,,-6.9568,,,,,,,,,,,,,,,,,1143.6863,,13505.2498,,
2026-09-02 19:31:30,,,19.2487,7.3477,212.4986,,-148.5863,0.0,-6.8935,0.2486,38.7901,1.2128,-0.5701,225.2541,206.2075,,,,,,,,,,20.3972,21.8739,14.2348,32.2662,240.7935,-41.7122,,-6.4472,,,,,,,,,,,,,,,,,1247.826,,13494.0949,,
2026-09-02 19:31:31,42.47373800028689,-82.81216212606563,,6.9978,209.1124,206.4352,-54.8321,0.0,-8.1716,-0.1714,38.7757,1.2147,-0.5707,223.2243,203.1594,3.2813,13.6985,10.0,0.0006,48.092,17.1833,75.6928,0.0,,20.2769,23.4961,14.1968,34.7106,242.2048,-41.7294,,-6.5903,,,,,,,,,,,,,,,,,1221.6181,,13482.2839,,
2026-09-02 19:31:32,42.473709178944,-82.81218297973747,19.2487,7.581,208.3848,204.2752,,0.0,,,38.758,1.2166,-0.5713,,202.575,,,,,,,,,0.0,20.1876,23.952,13.8838,36.1783,241.6471,-41.8497,,-7.5135,,,,,,,,,,,,,,,,,1073.5277,,13472.1133,,
2026-09-02 19:31:33,42.473679230141805,-82.8122045292273,19.2159,7.3283,205.2908,204.109,-2.3033,0.0,-9.9381,0.0518,38.7388,1.2187,-0.5719,224.2394,202.6838,,,,,,,,,,20.4511,26.1311,13.9904,40.0768,244.9626,-41.8669,,-7.3962,,,,,,,,,,,,,,,,,1089.1435,,13459.9742,,
2026-09-02 19:31:34,42.473647243025674,-82.81222708307875,19.2487,8.1641,208.9233,207.14,53.9554,0.0,-10.6763,0.8858,38.7198,1.2208,-0.5725,226.1097,206.9008,,,,,,,,,,21.3032,23.2616,14.3222,35.9746,241.1113,-42.119,,-7.6575,,,,,,,,,,,,,,,,,,,,,
2026-09-02 19:31:35,42.47361548254661,-82.81225250067922,,8.1447,208.0582,208.4291,-107.2886,0.0,-10.4515,2.6229,38.7071,1.2228,-0.5732,229.2639,207.4165,3.2814,13.6985,10.0,0.0035,48.092,17.1833,74.902,0.0,,21.1965,23.971,14.4002,36.7283,243.6138,-42.2336,,-8.4528,,,,,,,,,,,,,,,,,958.4555,,13433.7275,,
2026-09-02 19:31:36,42.47358451835539,-82.81227737531964,19.4455,8.2613,211.5819,209.6209,23.9542,0.0,-9.9233,0.8728,38.6945,1.225,-0.574,229.5518,,,,,,,,,,0.0,21.8112,21.9899,14.758,33.6004,241.2442,-42.3023,,-7.6686,,,,,,,,,,,,,,,,,,,,,
2026-09-02 19:31:37,42.4735504,-82.8123071,19.3143,7.2311,211.0547,207.0196,-6.047,0.0,-9.7238,0.688,38.6843,1.2274,-0.575,228.814,207.0956,,,,,,,,,,22.0987,22.1008,15.1926,33.1795,240.7108,-42.2679,,-7.8323,,,,,,,,,,,,,,,,,969.0813,,13406.1684,,
2026-09-02 19:31:38,42.4735194,-82.8123323,,8.7667,209.2671,205.5128,106.4567,0.0,-9.5978,-1.8774,38.6684,1.2296,-0.5757,226.2681,204.6433,,,,,,,,,,,,,,,-42.2679,,-7.1135,,,,,,,,,,,,,,,,,1125.4182,,13393.3731,,
2026-09-02 19:31:39,42.4734872,-82.8123558,19.5768,8.2224,209.2671,205.9826,-246.043,0.0,-11.2974,-0.9186,38.6465,1.2317,-0.5762,224.7223,201.5379,3.2814,13.6985,10.0,0.0008,48.092,17.1833,75.2197,0.0,,21.258,25.2461,14.5319,38.6025,244.905,-42.4914,,-7.5563,,,,,,,,,,,,,,,,,,,,,
2026-09-02 19:31:40,42.4734544,-82.8123788,,8.1447,204.4886,,-163.5405,0.0,-11.1219,0.069,38.6274,1.2339,-0.5769,225.1227,202.1338,,,,,,,,,0.0,21.3016,23.7287,14.2753,36.9036,241.8112,-42.2565,,-7.8246,,,,,,,,,,,,,,,,,1021.3433,,13368.4387,,
2026-09-02 19:31:41,42.4734213,-82.8124017,19.4455,8.4751,206.7461,205.1174,-66.0082,0.0,-10.7892,1.1022,38.6078,1.2361,-0.5776,223.5211,202.3343,,,,,,,,,,21.7257,23.1974,14.5723,35.9629,240.6208,-42.3654,,-8.3203,,,,,,,,,,,,,,,,,,,,,
2026-09-02 19:31:42,42.4733866,-82.8124251,,8.0281,209.1411,204.3153,189.0039,0.0,-10.0071,-0.754,38.5851,1.2384,-0.5782,226.1726,204.0532,,,,,,,,,,21.2708,23.2643,14.0468,36.734,241.0518,-42.3482,,-7.7375,,,,,,,,,,,,,,,,,1035.0084,,13341.8639,,
2026-09-02 19:31:43,42.4733515,-82.8124524,19.2487,8.6112,209.714,206.3779,-88.4979,0.0,-9.4642,0.062,38.567,1.2408,-0.579,221.0449,202.8328,3.2814,13.6985,10.0,0.0014,48.092,17.1833,76.2564,0.0,,20.8684,23.2448,13.3441,38.1115,241.923,-42.3482,,-8.7403,,,,,,,,,,,,,,,,,,,,,
2026-09-02 19:31:44,42.4733128,-82.81248,,8.825,208.1097,205.444,,0.0,,,38.5465,1.2432,-0.5797,,203.6521,,,,,,,,,0.0,21.5506,21.8524,13.9434,35.1198,239.1059,-42.3654,,-8.2981,,,,,,,,,,,,,,,,,906.1016,,13312.0083,,
2026-09-02 19:31:45,42.4732768,-82.8125067,19.3143,8.7473,208.2988,206.1086,61.515,0.0,-9.2395,0.7152,,,,223.2388,204.6777,,,,,,,,,,21.2452,23.1126,13.5852,37.87,242.282,-42.3654,,,,,,,,,,,,,,,,,,,,,,,
2026-09-02 19:31:46,42.4732409,-82.8125337,,8.9417,210.0922,207.8218,27.7701,0.0,-9.4128,0.2427,38.5174,1.2468,-0.5808,225.5073,,,,,,,,,,,21.7916,22.8771,14.0135,37.1949,242.2037,-42.3654,,-8.7613,,,,,,,,,,,,,,,,,1274.6292,,17202.4284,,
2026-09-02 19:31:47,42.4732047,-82.8125627,19.2487,8.8445,209.1353,207.5181,-39.7335,0.0,-10.25,2.5753,38.5008,1.2493,-0.5817,226.0512,205.8867,3.2815,13.6985,10.0,0.0015,48.092,17.1833,75.4271,0.0,,21.6268,23.7973,14.0918,38.2622,243.7234,-42.3768,,-9.0191,,,,,,,,,,,,,,,,,,,,,
2026-09-02 19:31:48,42.4731708,-82.8125896,,8.4168,210.7912,208.538,-13.5069,0.0,-9.4463,1.4997,38.4807,1.2528,-0.5829,227.1758,206.9982,,,,,,,,,0.0,21.3504,22.2996,13.7724,36.0319,241.8752,-42.3252,,-8.3639,,,,,,,,,,,,,,,,,1314.0234,,17199.1475,,
2026-09-02 19:31:49,42.4731377,-82.812618,19.3799,8.378,211.1292,207.6728,-54.7599,0.0,-9.6881,1.8727,38.4681,1.2552,-0.5838,226.6891,206.8951,,,,,,,,,,21.3349,23.04,13.8878,36.9587,243.6666,-42.2679,,-8.5492,,,,,,,,,,,,,,,,,,,,,
2026-09-02 19:31:50,42.4731049,-82.8126443,,8.5918,213.0429,,125.2302,0.0,-9.8987,0.1081,38.4521,1.2577,-0.5847,227.5309,206.5513,,,,,,,,,,22.1743,22.3569,14.6734,35.087,241.919,-41.8497,,-8.2709,,,,,,,,,,,,,,,,,1327.1673,,17196.1948,,
2026-09-02 19:31:51,42.4730681,-82.8126741,19.3799,8.3002,211.5074,207.7817,95.2325,0.0,-10.4778,-0.4869,38.4395,1.2598,-0.5854,226.0055,205.1418,,,,,,,,,,22.952,22.8983,15.6435,34.8117,242.3437,,,-8.1511,,,,,,,,,,,,,,,,,1340.1292,,17194.2263,,
2026-09-02 19:31:52,42.4730359,-82.812702,,8.1641,213.1174,209.2656,,0.0,,,38.4266,1.2621,-0.5862,,207.0268,3.2815,13.6985,10.0,0.0023,48.092,17.1833,75.0675,0.0,0.0,21.7989,22.0053,14.3779,34.6169,241.3369,-42.3252,,-7.6584,,,,,,,,,,,,,,,,,,,,,
2026-09-02 19:31:53,42.4730023,-82.8127293,19.3799,8.2808,211.8569,208.7958,-32.2426,0.0,-9.1957,0.2889,38.4149,1.2644,-0.587,226.575,206.2304,,,,,,,,,,21.9303,22.4538,14.5941,35.0248,241.8526,-42.2794,,-8.0494,,,,,,,,,,,,,,,,,1349.9788,,17190.9454,,
2026-09-02 19:31:54,42.4729685,-82.8127569,,8.6112,209.1239,207.753,-80.9761,0.0,-9.3453,-0.008,38.3991,1.2667,-0.5878,225.4442,205.4054,,,,,,,,,,,,,,,-42.3023,,-8.5418,,,,,,,,,,,,,,,,,,,,,
2026-09-02 19:31:55,42.4729335,-82.8127833,19.5112,8.514,211.1922,208.4349,57.792,0.0,-11.4224,0.8252,38.3805,1.2691,-0.5885,226.7985,207.0326,,,,,,,,,,22.2435,24.5526,14.8834,38.3905,246.0898,-42.4169,,-8.4358,,,,,,,,,,,,,,,,,1309.1527,,17188.3208,,
2026-09-02 19:31:56,42.4728995,-82.8128109,,8.8639,210.837,210.8814,106.5186,0.0,-11.642,0.1216,38.368,1.2714,-0.5894,229.8936,,3.2815,13.6985,10.0,0.0018,48.092,17.1833,75.0664,0.0,0.0,23.4614,23.3476,15.8627,35.8843,243.7407,-42.4169,,-9.0406,,,,,,,,,,,,,,,,,1245.311,,17186.6803,,
2026-09-02 19:31:57,42.4728666,-82.8128388,19.708,8.6112,210.837,209.81,-129.7268,0.0,-9.2027,0.8881,,,,227.7002,207.4336,,,,,,,,,,23.1983,22.1589,15.5325,34.286,243.118,-42.4169,,,,,,,,,,,,,,,,,,,,,,,
2026-09-02 19:31:58,42.4728329,-82.8128698,,7.8142,211.3527,208.475,-66.0013,0.0,-7.8906,1.438,38.3538,1.275,-0.5908,226.9341,207.5826,,,,,,,,,,22.3406,20.7708,14.5197,33.069,242.2694,-42.2565,,-8.4023,,,,,,,,,,,,,,,,,1276.6393,,17182.0872,,
2026-09-02 19:31:59,42.4727968,-82.8129035,19.4455,8.5335,210.5162,207.0827,-36.0001,0.0,-8.2727,-0.3014,38.345,1.2774,-0.5917,224.9629,205.7262,3.2816,13.6985,10.0,0.0024,48.092,17.1833,75.4153,0.0,,20.8465,21.184,13.4164,34.159,241.7774,-42.1362,,-8.5014,,,,,,,,,,,,,,,,,1356.4324,,17180.4467,,
2026-09-02 19:32:00,42.4727639,-82.8129295,,7.9697,207.4222,,-81.0036,0.0,-9.3086,-0.532,38.3278,1.2809,-0.593,,204.0131,,,,,,,,,0.0,20.9609,22.3177,13.6989,35.5243,242.2303,-42.1362,,-7.9086,,,,,,,,,,,,,,,,,1370.6892,,17178.8063,,
2026-09-02 19:32:01,42.472731,-82.8129534,19.3799,7.7559,207.342,205.444,-122.2497,0.0,-9.5941,1.5157,38.3101,1.2831,-0.5936,222.7023,202.6724,,,,,,,,,,23.7457,22.5649,16.5262,33.4606,239.7193,-42.1763,,-7.7293,,,,,,,,,,,,,,,,,,,,,
2026-09-02 19:32:02,42.4726986,-82.8129765,,8.1641,207.342,205.7763,,0.0,,,38.2922,1.2852,-0.5943,222.9981,204.099,,,,,,,,,,24.2228,21.328,17.0791,31.0533,236.3891,-42.1591,,-7.5384,,,,,,,,,,,,,,,,,1422.4653,,17177.8221,,
2026-09-02 19:32:03,42.4726663,-82.812999,19.3799,8.203,211.536,205.2836,-178.5084,0.0,-9.3884,1.6406,38.2735,1.2874,-0.5949,222.2814,204.6204,3.2816,13.6985,10.0,0.0002,48.092,17.1833,75.473,0.0,,23.5259,21.7499,16.6474,31.5782,236.7528,-41.9643,,-7.1953,,,,,,,,,,,,,,,,,,,,,
2026-09-02 19:32:04,42.4726346,-82.8130239,,8.2808,206.3851,206.7103,-47.2484,0.0,-7.9753,0.5753,38.2595,1.2895,-0.5956,223.2311,203.6464,,,,,,,,,0.0,23.0381,20.7683,15.7611,31.2187,235.6521,-41.9528,,-8.0427,,,,,,,,,,,,,,,,,1353.0794,,17175.1974,,
2026-09-02 19:32:05,42.4726026,-82.8130465,19.3799,8.1641,206.4825,206.1717,27.7426,0.0,-9.685,-0.731,38.2416,1.2917,-0.5962,223.6971,203.6464,,,,,,,,,,23.9803,21.4261,16.829,31.3679,237.5687,-41.9987,,-7.3881,,,,,,,,,,,,,,,,,,,,,
2026-09-02 19:32:06,42.4725657,-82.8130717,19.3799,8.0669,209.0035,205.6617,50.253,0.0,-9.9936,0.2564,38.2216,1.2939,-0.5969,223.3715,203.2682,,,,,,,,,,23.6386,21.9708,16.4407,32.5431,238.3028,-42.0674,,-7.9553,,,,,,,,,,,,,,,,,1370.0026,,17174.2131,,
2026-09-02 19:32:07,42.4725317,-82.8130957,,,,204.5158,1.5126,0.0,-10.9744,1.1321,,,,222.7015,,3.2817,13.6985,10.0,0.0015,48.092,17.1833,75.5618,0.0,,21.4562,22.7219,14.2507,35.5604,240.505,-42.1877,,,,,,,,,,,,,,,,,,,1315.1762,,17173.8851,,
2026-09-02 19:32:08,42.472498,-82.8131201,19.708,8.5335,206.1903,206.8764,9.0206,0.0,-10.6771,0.4196,38.1916,1.2973,-0.5978,226.3386,203.6177,,,,,,,,,0.0,21.8333,20.6403,14.1633,32.9148,236.8197,-42.2679,,-7.9506,,,,,,,,,,,,,,,,,,,,,
2026-09-02 19:32:09,42.4724639,-82.8131445,,8.8445,211.9485,203.7137,72.7599,0.0,-10.0426,-0.4546,38.1771,1.2996,-0.5986,220.9038,202.3171,,,,,,,,,,22.7844,20.9904,15.3207,32.1893,237.3944,-42.2679,,-8.2156,,,,,,,,,,,,,,,,,1272.5184,,17172.2446,,
2026-09-02 19:32:10,42.4724293,-82.8131677,19.708,8.4557,207.0899,,,0.0,,,38.1457,1.3029,-0.5995,,202.0822,,,,,,,,,,22.7778,20.3892,15.3382,31.1567,234.5232,-42.2565,,-8.2988,,,,,,,,,,,,,,,,,1329.7662,,17172.5727,,
2026-09-02 19:32:11,42.4723957,-82.8131907,,8.1447,207.6686,204.3382,35.2541,0.0,-9.1579,0.3317,38.1262,1.3052,-0.6001,221.3155,201.3374,3.2817,13.6985,10.0,0.0019,48.092,17.1833,75.9134,0.0,,,,,,,-42.2565,,-8.0094,,,,,,,,,,,,,,,,,,,,,
2026-09-02 19:32:12,42.472362,-82.8132127,19.5112,8.5529,205.732,203.3814,87.7485,0.0,-8.5982,-0.7171,38.1045,1.3074,-0.6007,220.2401,201.2572,,,,,,,,,0.0,23.2148,19.9392,15.7795,30.1135,233.3491,-42.2565,,-8.3543,,,,,,,,,,,,,,,,,1325.518,,17172.2446,,
2026-09-02 19:32:13,42.4723274,-82.8132341,,7.5615,205.8752,201.8401,-43.5012,0.0,-9.3167,-0.3096,38.0818,1.3096,-0.6013,219.4958,200.0081,,,,,,,,,,22.4018,21.8833,15.202,33.3149,235.3977,-42.2565,,-7.3906,,,,,,,,,,,,,,,,,1446.8035,,17172.2446,,
2026-09-02 19:32:14,42.4722906,-82.8132555,19.3799,7.7948,203.7323,200.3447,-133.498,0.0,-9.7158,2.4923,38.0579,1.3117,-0.6018,219.0985,197.7621,,,,,,,,,,21.1846,23.6168,14.1741,36.7815,238.281,-42.5372,,-7.5524,,,,,,,,,,,,,,,,,1408.0744,,17172.9008,,
2026-09-02 19:32:15,42.4722556,-82.8132776,,8.7473,204.7407,200.9807,110.2485,0.0,-10.1034,0.7526,38.035,1.314,-0.6023,219.0724,196.9141,3.2817,13.6985,10.0,0.0021,48.092,17.1833,75.8392,0.0,,21.7466,21.3239,14.4156,33.2686,233.5583,,,-8.1707,,,,,,,,,,,,,,,,,,,,,
2026-09-02 19:32:16,42.4722215,-82.8132955,19.5112,7.8142,199.8706,200.7859,267.7489,0.0,-12.1513,-1.0427,38.0065,1.316,-0.6027,219.4845,198.8851,,,,,,,,,0.0,22.7157,24.6301,16.1626,35.8546,235.8385,-42.0961,,-5.84,,,,,,,,,,,,,,,,,1449.7272,,17174.8693,,
2026-09-02 19:32:17,42.4721885,-82.8133122,,7.5421,199.8133,202.6709,245.2626,0.0,-11.1376,-0.7176,37.9793,1.3181,-0.6031,219.786,,,,,,,,,,,20.7785,25.1832,14.3215,38.1235,238.5151,-41.8841,,-7.2031,,,,,,,,,,,,,,,,,1482.528,,17174.5412,,
2026-09-02 19:32:18,42.4721565,-82.813334,19.6424,8.7667,199.8133,203.0032,,0.0,,,37.9605,1.3202,-0.6037,220.1641,201.8358,,,,,,,,,,22.3351,24.2985,15.5878,36.1293,239.1985,-42.4169,,-7.6657,,,,,,,,,,,,,,,,,1417.604,,17174.2131,,
2026-09-02 19:32:19,42.4721243,-82.813356,,7.9503,199.8133,203.7595,162.7704,0.0,-10.9013,-1.7797,37.9412,1.3223,-0.6042,221.021,202.1338,3.2818,13.6985,10.0,0.001,48.092,17.1833,75.9206,0.0,,23.2813,24.3754,16.4052,35.8525,241.0652,-42.4169,,-7.6296,,,,,,,,,,,,,,,,,1422.6782,,17174.2131,,
2026-09-02 19:32:20,42.4720907,-82.8133775,19.4455,7.8142,202.214,204.2236,-159.7143,0.0,-10.6786,0.0405,37.9211,1.3245,-0.6048,222.4138,201.1483,,,,,,,,,0.0,24.64,25.8403,17.8776,36.9225,240.5182,-42.4169,,-7.7797,,,,,,,,,,,,,,,,,1401.2654,,17174.2131,,
2026-09-02 19:32:21,42.472054,-82.8134026,,7.9892,204.2766,,102.8093,0.0,-11.9377,1.5634,37.8997,1.3269,-0.6055,,203.2224,,,,,,,,,,23.8515,26.3955,16.9501,38.7241,243.0292,-42.4169,,-7.8394,,,,,,,,,,,,,,,,,,,,,
2026-09-02 19:32:22,42.4720213,-82.8134288,19.5768,8.1058,210.0922,207.8275,114.0404,0.0,-9.9168,0.343,37.8855,1.3291,-0.6062,224.7862,206.6029,,,,,,,,,,24.2844,24.3414,17.0825,35.8695,240.7925,-42.4169,,-7.9453,,,,,,,,,,,,,,,,,1373.1887,,17171.5885,,
2026-09-02 19:32:23,42.4719887,-82.8134531,,7.717,206.4711,207.329,,0.0,,,37.8723,1.3311,-0.6068,224.3775,205.2507,,,,,,,,,,25.9395,23.8681,18.8355,33.8655,240.4016,-42.3023,,-7.861,,,,,,,,,,,,,,,,,1410.424,,17170.2761,,
2026-09-02 19:32:24,42.4719569,-82.8134753,19.2487,7.717,207.9722,206.2462,76.5208,0.0,-9.8686,-1.7119,,,,223.8308,203.4115,3.2818,13.6985,10.0,0.0006,48.092,17.1833,75.6313,0.0,0.0,24.2824,25.0542,17.4513,36.103,242.512,-42.3654,,,,,,,,,,,,,,,,,,,,,,,
2026-09-02 19:32:25,42.4719243,-82.8134982,19.3143,8.0086,208.654,204.4585,-99.7222,0.0,-10.33,0.36,37.8468,1.3346,-0.6079,220.3551,200.1628,,,,,,,,,,22.3364,26.3536,15.6041,39.4522,244.075,-42.4398,,-7.461,,,,,,,,,,,,,,,,,1392.6224,,17169.62,,
2026-09-02 19:32:26,42.4718899,-82.8135204,,8.3391,202.4489,203.7423,151.5256,0.0,-12.522,-2.2073,37.8197,1.3376,-0.6087,220.6984,201.7098,,,,,,,,,,,,,,,-42.8008,,-7.4889,,,,,,,,,,,,,,,,,1440.3517,,17170.2761,,
2026-09-02 19:32:27,42.4718544,-82.8135427,19.3143,7.7948,201.9791,206.2232,211.5486,0.0,-15.7059,-0.3485,37.796,1.3399,-0.6092,224.412,,3.2818,13.6985,10.0,0.0014,48.092,17.1833,75.4356,0.0,,23.2344,27.4419,16.3049,41.0494,245.2271,-42.8008,,-7.8779,,,,,,,,,,,,,,,,,,,,,
2026-09-02 19:32:28,42.4718177,-82.8135676,,9.1166,206.2591,208.7557,136.5817,0.0,-15.6746,-1.2054,37.7739,1.3425,-0.61,226.5649,205.1475,,,,,,,,,0.0,22.8962,27.8521,15.7679,42.7185,247.8211,-43.03,,-9.0176,,,,,,,,,,,,,,,,,1261.4148,,17168.6357,,
2026-09-02 19:32:29,42.4717754,-82.8135984,19.9377,9.3499,207.5941,213.2878,252.86,0.0,-17.2684,0.0371,37.754,1.3451,-0.6107,231.1789,207.9493,,,,,,,,,,24.497,26.4646,16.8787,40.3,248.6758,-43.03,,-9.011,,,,,,,,,,,,,,,,,1262.5992,,17166.9953,,
2026-09-02 19:32:30,42.4717392,-82.8136308,,10.0691,212.8424,217.9058,,0.0,,,37.7418,1.3477,-0.6117,,212.9283,,,,,,,,,,25.1892,31.3685,17.9369,46.9709,257.3394,-43.03,,-9.4318,,,,,,,,,,,,,,,,,1221.4454,,17164.6987,,
2026-09-02 19:32:31,42.4717048,-82.8136668,20.1345,9.2527,213.1059,,16.5837,0.0,-14.7944,0.1999,37.7418,1.3503,-0.6128,235.524,215.0425,3.2819,13.6985,10.0,0.004,48.092,17.1833,75.0273,0.0,,26.6535,23.5742,18.4996,35.1846,250.3769,-43.03,,-9.7649,,,,,,,,,,,,,,,,,,,,,
2026-09-02 19:32:32,42.4716677,-82.8136998,,9.5637,213.1059,216.462,20.3377,0.0,-13.7739,-0.6385,37.7357,1.353,-0.6139,233.0343,212.7335,,,,,,,,,0.0,26.6588,25.0553,18.5272,37.5436,254.2234,-43.0414,,-9.3194,,,,,,,,,,,,,,,,,1230.0928,,17157.8089,,
2026-09-02 19:32:33,42.4716306,-82.8137312,19.9377,9.8747,213.1059,215.2129,162.8564,0.0,-15.6897,-0.8558,37.7241,1.3556,-0.6149,232.2428,212.8309,,,,,,,,,,25.3782,26.1107,17.3984,39.9385,255.9564,-43.0586,,-9.1451,,,,,,,,,,,,,,,,,1245.8138,,17155.8404,,
2026-09-02 19:32:34,42.4715949,-82.8137638,,9.6609,214.8534,214.9379,-39.6544,0.0,-14.2626,-0.8236,37.7169,1.3582,-0.6159,231.5485,211.5417,,,,,,,,,,25.6337,24.0462,17.6196,36.3565,251.438,-43.0987,,-8.9902,,,,,,,,,,,,,,,,,1260.284,,17154.2,,
2026-09-02 19:32:35,42.4715588,-82.8137947,19.7408,10.1857,211.2037,212.2106,91.616,0.0,-13.9829,-1.0279,37.7068,1.3607,-0.6168,230.0836,210.3156,3.2819,13.6985,10.0,0.002,48.092,17.1833,75.5709,0.0,,25.1451,24.7945,17.1731,37.8823,252.0871,-43.1217,,-8.8424,,,,,,,,,,,,,,,,,,,,,
2026-09-02 19:32:36,42.4715208,-82.8138244,,9.136,211.2037,211.0991,46.6193,0.0,-15.0595,-0.235,37.6925,1.3633,-0.6177,230.2487,209.29,,,,,,,,,0.0,23.6762,26.0323,15.6094,41.7351,254.844,-43.1217,,-8.9616,,,,,,,,,,,,,,,,,1265.2595,,17149.9349,,
2026-09-02 19:32:37,,,19.8064,9.1944,211.2037,211.97,106.6286,,-14.3331,0.2015,37.6775,1.366,-0.6186,231.1574,210.3557,,,,,,,,,,23.053,24.9168,14.7864,41.0591,253.5941,-43.0987,,-9.9469,,,,,,,,,,,,,,,,,,,,,
2026-09-02 19:32:38,42.4714777,-82.8138588,19.8064,9.6414,211.2037,212.2851,,0.0,,,,,,,,,,,,,,,,,23.2531,23.7208,14.8671,38.9906,251.8232,-43.0987,,,,,,,,,,,,,,,,,,,1203.9249,,17147.3103,,
2026-09-02 19:32:39,42.4714398,-82.8138905,,9.7775,213.2721,212.6232,72.8734,0.0,-12.813,0.1129,37.6607,1.37,-0.6201,230.9195,210.9287,3.282,13.6985,10.0,0.0005,48.092,17.1833,75.4051,0.0,,,,,,,,,-9.6189,,,,,,,,,,,,,,,,,,,,,
2026-09-02 19:32:40,42.4714017,-82.8139233,19.708,9.3304,211.1808,211.8955,27.8767,0.0,-12.674,0.6033,37.6499,1.3727,-0.621,230.218,209.9375,,,,,,,,,0.0,23.06,24.3073,14.6983,40.2257,252.9337,-43.0987,,-9.9084,,,,,,,,,,,,,,,,,1201.3414,,17143.0452,,
2026-09-02 19:32:41,42.4713628,-82.8139554,,9.8358,212.6074,209.5579,84.1217,0.0,-11.5565,-0.5449,37.6376,1.3754,-0.622,229.1386,209.9145,,,,,,,,,,21.9944,23.2621,13.605,39.6782,251.7,-43.0987,,-9.4158,,,,,,,,,,,,,,,,,,,,,
2026-09-02 19:32:42,42.4713242,-82.8139875,19.708,9.4276,209.3244,,9.0963,0.0,-11.1017,-0.2001,37.6248,1.3781,-0.623,225.4833,207.0498,,,,,,,,,,19.7998,20.8496,11.2301,38.867,250.5155,-43.0987,,-9.5263,,,,,,,,,,,,,,,,,1215.163,,17140.0924,,
2026-09-02 19:32:43,42.4712854,-82.8140188,,9.7192,211.4443,209.3229,,0.0,,,37.6115,1.3808,-0.6239,,206.557,3.282,13.4844,10.0,0.0007,48.092,17.2659,75.4163,0.0,,21.3451,24.0248,13.1188,41.4853,251.1036,-43.0414,,-9.3337,,,,,,,,,,,,,,,,,,,,,
2026-09-02 19:32:44,42.4712469,-82.8140493,19.708,9.2527,211.4443,208.1484,-50.9268,0.0,-10.6326,0.6721,37.5974,1.3834,-0.6248,224.7492,205.3252,,,,,,,,,0.0,21.3527,22.8156,13.0992,39.2046,246.6596,-43.0414,,-9.8758,,,,,,,,,,,,,,,,,1200.8631,,17136.8116,,
2026-09-02 19:32:45,42.47120522763822,-82.81408244738624,,10.0108,208.041,207.3462,-32.1876,0.0,-9.8253,0.0314,37.5767,1.3874,-0.6261,223.607,203.9099,,,,,,,,,,21.7004,24.578,13.6851,41.2648,248.5765,-42.9326,,-9.1804,,,,,,,,,,,,,,,,,,,,,
2026-09-02 19:32:46,42.47116735597892,-82.81411063968278,19.6424,9.5054,208.041,205.5414,20.3033,0.0,-10.9129,-0.0445,37.5581,1.3899,-0.6269,220.48,204.0016,,,,,,,,,,21.771,25.381,13.9863,41.8522,248.0984,-42.8753,,-9.087,,,,,,,,,,,,,,,,,1259.935,,17135.4992,,
2026-09-02 19:32:47,42.471128821367,-82.81413754607637,,9.4471,211.0089,208.7729,125.3265,0.0,-12.8756,-0.6336,37.5423,1.3925,-0.6277,225.4482,205.8867,3.282,13.4844,10.0,0.0005,48.092,17.2659,75.5568,0.0,,20.7092,28.936,13.2285,49.2389,254.9032,-42.8982,,-8.9485,,,,,,,,,,,,,,,,,1272.417,,17134.1869,,
2026-09-02 19:32:48,42.471091058841004,-82.81416859768136,19.6424,9.6414,210.413,207.1514,-92.166,0.0,-11.4723,0.2595,,,,223.9306,,,,,,,,,,0.0,22.1442,25.681,14.1528,42.6918,249.2934,-42.8753,,,,,,,,,,,,,,,,,,,1254.5256,,17132.2184,,
2026-09-02 19:32:49,42.471052274644975,-82.81419811490456,,9.9913,207.9035,206.1545,87.8516,0.0,-12.3107,-0.7084,37.5202,1.3965,-0.629,223.6633,203.5375,,,,,,,,,,21.4596,26.9382,13.5899,45.6737,251.4225,-42.8753,,-9.3534,,,,,,,,,,,,,,,,,1233.074,,17131.5622,,
2026-09-02 19:32:50,42.47101223878838,-82.81422762147696,19.7408,9.6998,208.1269,204.9799,39.0941,0.0,-12.0745,-0.6404,37.4933,1.4005,-0.6302,222.4451,202.8328,,,,,,,,,,,,,,,-42.8753,,-9.6275,,,,,,,,,,,,,,,,,,,,,
2026-09-02 19:32:51,42.4709684,-82.8142583,,9.7775,206.8263,204.3611,65.3584,0.0,-11.5528,-0.8089,,,,,201.0853,3.2821,13.4844,10.0,0.0017,48.092,17.2659,75.8856,0.0,,21.8233,25.9778,13.7313,44.1194,249.1011,-42.8008,,,,,,,,,,,,,,,,,,,1243.8839,,17130.2499,,
2026-09-02 19:32:52,42.4709269,-82.814286,19.6424,9.9525,204.9184,,99.1068,0.0,-11.5389,-0.0256,37.4613,1.4045,-0.6313,221.6189,201.3087,,,,,,,,,0.0,21.5029,26.1609,13.3114,45.4149,248.8254,-42.818,,-9.6096,,,,,,,,,,,,,,,,,,,,,
2026-09-02 19:32:53,42.4708859,-82.8143126,,9.8941,205.2679,204.3153,,0.0,,,37.4384,1.4072,-0.632,221.3941,201.7327,,,,,,,,,,21.8666,26.9727,13.6503,46.5996,249.9985,-42.8008,,-9.7158,,,,,,,,,,,,,,,,,1167.2199,,17129.5937,,
2026-09-02 19:32:54,42.470844,-82.8143412,19.6424,9.797,206.832,204.8882,69.1262,0.0,-12.0362,-0.4419,37.4169,1.41,-0.6328,222.4713,201.8187,,,,,,,,,,22.3129,26.2335,13.8803,45.2817,248.5627,-42.8638,,-9.6726,,,,,,,,,,,,,,,,,1166.4147,,17128.9376,,
2026-09-02 19:32:55,42.4708018,-82.8143705,,10.4384,206.3565,203.261,1.6295,0.0,-11.8697,-0.2732,37.3968,1.4128,-0.6336,220.418,200.7415,3.2821,13.4844,10.0,0.0025,48.092,17.2659,76.4634,0.0,,22.386,26.496,13.9859,45.5687,248.5792,-42.8638,,-9.6309,,,,,,,,,,,,,,,,,1195.345,,17128.6095,,
2026-09-02 19:32:56,42.470758,-82.8143991,19.5112,10.7494,206.1961,203.5533,211.638,0.0,-11.7687,0.0678,37.3728,1.4156,-0.6344,222.4919,202.5062,,,,,,,,,0.0,22.4997,26.5972,13.9862,46.0748,248.9476,-42.8638,,-10.2461,,,,,,,,,,,,,,,,,,,,,
2026-09-02 19:32:57,42.4707143,-82.8144293,,10.9633,207.4909,205.6503,39.1387,0.0,-13.3344,-0.0939,37.3511,1.4185,-0.6352,223.4307,202.3687,,,,,,,,,,22.7523,27.3951,14.2086,47.4592,250.6489,-42.967,,-10.5463,,,,,,,,,,,,,,,,,1206.4323,,17127.6252,,
2026-09-02 19:32:58,42.4706658,-82.8144621,19.872,10.6911,207.0268,204.6877,279.1382,0.0,-13.8729,-0.4093,37.3299,1.4214,-0.636,224.4593,,,,,,,,,,,22.7545,26.5973,14.1914,45.8787,250.2269,-43.0987,,-10.802,,,,,,,,,,,,,,,,,,,,,
2026-09-02 19:32:59,42.4706232,-82.8144932,19.9377,10.2246,208.6655,206.8707,84.1285,0.0,-13.443,-0.499,37.3096,1.4243,-0.6368,224.637,205.2163,3.2822,13.4844,10.0,0.0025,48.092,17.2659,75.8397,0.0,,21.9083,25.68,13.3669,45.2554,249.6948,-42.9326,,-10.5194,,,,,,,,,,,,,,,,,1153.5998,,17125.3286,,
2026-09-02 19:33:00,42.4705812,-82.8145237,19.9377,10.5551,210.923,209.1682,,0.0,,,37.2902,1.4271,-0.6377,,205.9841,,,,,,,,,0.0,22.1301,23.6547,13.3539,41.6753,246.6773,-43.0414,,-9.525,,,,,,,,,,,,,,,,,1157.6637,,17124.3444,,
2026-09-02 19:33:01,42.4705396,-82.8145569,,10.5356,209.5937,208.4864,-17.12,0.0,-11.7013,0.6117,37.2767,1.43,-0.6387,226.0631,205.9497,,,,,,,,,,21.9944,23.9651,13.2545,42.3773,248.6282,-43.03,,-10.1028,,,,,,,,,,,,,,,,,1117.7546,,17122.0478,,
2026-09-02 19:33:02,42.4704981,-82.8145897,19.7408,10.5939,208.2243,208.0968,39.1216,0.0,-11.6211,0.2874,37.2628,1.4329,-0.6396,225.5982,205.0616,,,,,,,,,,22.5297,24.23,13.8053,42.0484,249.1587,-43.03,,-9.7415,,,,,,,,,,,,,,,,,1166.262,,17120.4074,,
2026-09-02 19:33:03,42.470458,-82.8146228,,9.4665,211.4558,,46.6193,0.0,-10.5616,1.3102,37.2502,1.4357,-0.6406,224.778,205.6231,3.2822,13.4844,10.0,0.0032,48.092,17.2659,75.7838,0.0,,22.3714,23.7198,13.7967,40.7131,246.7896,-43.0414,,-9.4148,,,,,,,,,,,,,,,,,1181.0394,,17118.767,,
2026-09-02 19:33:04,42.4704188,-82.8146555,19.6424,10.244,210.2984,207.9192,-17.1475,0.0,-10.1301,-0.043,37.2398,1.4384,-0.6416,224.4698,205.2621,,,,,,,,,0.0,21.84,23.713,13.3231,41.2419,247.239,,,-10.2199,,,,,,,,,,,,,,,,,1208.5344,,17116.7984,,
2026-09-02 19:33:05,42.4703789,-82.8146844,,9.8941,208.4936,205.6102,42.8618,0.0,-10.4135,0.0835,37.215,1.4425,-0.6429,222.5083,203.274,,,,,,,,,,22.2165,24.3046,13.8785,41.213,245.9153,-43.0414,,-9.7398,,,,,,,,,,,,,,,,,1214.136,,17116.4704,,
2026-09-02 19:33:06,42.470335,-82.8147166,19.3799,9.6998,209.1353,205.507,-122.1431,0.0,-10.312,0.7226,37.1983,1.4454,-0.6438,222.6006,202.9015,,,,,,,,,,,,,,,-43.0414,,-9.3326,,,,,,,,,,,,,,,,,,,,,
2026-09-02 19:33:07,42.4702958,-82.8147463,,9.5443,208.9004,205.2664,,0.0,,,37.1842,1.4479,-0.6445,,202.2083,3.2822,13.4844,10.0,0.003,48.092,17.2659,75.728,0.0,,22.312,23.4586,13.9308,39.6123,243.6017,-43.03,,-9.1605,,,,,,,,,,,,,,,,,1259.8434,,17114.1738,,
2026-09-02 19:33:08,42.4702564,-82.8147753,19.4455,9.4082,208.5738,203.8225,-148.3869,0.0,-9.7302,1.4441,37.1683,1.4505,-0.6454,222.3123,199.9565,,,,,,,,,0.0,21.7543,23.0852,13.3782,39.6126,242.8826,-43.03,,-9.3073,,,,,,,,,,,,,,,,,,,,,
2026-09-02 19:33:09,42.4702169,-82.814803,,10.0691,207.1414,202.2355,-114.6248,0.0,-9.3955,0.3645,37.1489,1.4531,-0.6461,220.0674,,,,,,,,,,,22.4293,22.5914,14.0992,37.6709,239.6116,-43.0071,,-9.7006,,,,,,,,,,,,,,,,,1221.4544,,17112.8614,,
2026-09-02 19:33:10,42.4701767,-82.8148292,18.9534,9.5248,203.7323,201.737,-80.873,0.0,-9.7269,0.4652,,,,219.0359,198.9596,,,,,,,,,,21.9529,22.8963,13.628,38.8094,239.3123,-43.0071,,,,,,,,,,,,,,,,,,,,,,,
2026-09-02 19:33:11,42.4701368,-82.8148539,,9.9719,203.7323,202.3386,-129.6443,0.0,-9.949,0.9219,37.1164,1.4571,-0.6471,218.3615,198.507,3.2823,13.4844,10.0,0.0023,48.092,17.2659,75.9854,0.0,,21.446,23.77,13.302,40.5297,241.4336,-42.9154,,-9.3039,,,,,,,,,,,,,,,,,1315.8424,,17113.1895,,
2026-09-02 19:33:12,42.4700978,-82.8148801,18.3957,8.8445,200.8045,,-13.3866,0.0,-9.2601,1.8379,37.0962,1.4596,-0.6478,219.4032,199.0856,,,,,,,,,0.0,22.3457,22.6565,14.0183,37.8816,239.0973,-42.5315,,-9.0967,,,,,,,,,,,,,,,,,,,,,
2026-09-02 19:33:13,42.470056,-82.8149053,,8.1058,200.2602,200.2186,-129.634,0.0,-9.1944,2.596,280.7944,1.582,-0.802,218.005,197.997,,,,,,,,,,22.4941,23.5079,14.4938,38.2465,236.7038,-43.0987,,1.8845,,,,,,,,,,,,,,,,,1295.7819,,17114.1738,,
2026-09-02 19:33:14,42.4700189,-82.814928,17.6083,8.3585,205.2278,200.0811,-197.1307,0.0,-9.1503,2.5589,280.8724,1.5815,-0.8036,217.5606,198.7648,,,,,,,,,,21.7775,22.9143,14.0359,37.1645,235.837,-42.967,,1.8379,,,,,,,,,,,,,,,,,1328.0501,,17113.8457,,
2026-09-02 19:33:15,42.4699811,-82.8149502,,9.1166,204.7465,198.9123,72.8562,0.0,-10.2665,-0.5285,280.9772,1.5808,-0.8057,216.6309,196.874,,,,,,,,,,21.8816,23.7233,14.2833,38.0494,234.9958,-42.7722,,2.2026,,,,,,,,,,,,,,,,,1261.7547,,17114.5019,,
2026-09-02 19:33:16,42.4699429,-82.8149733,17.6739,8.9611,204.7465,200.2072,,0.0,,,281.0658,1.5802,-0.8075,,197.9798,3.2823,13.4844,10.0,0.0007,48.092,17.2659,76.5498,0.0,0.0,20.7456,22.2822,12.8671,37.6859,234.5467,-42.818,,2.1194,,,,,,,,,,,,,,,,,1281.7197,,17114.8299,,
2026-09-02 19:33:17,42.4699038,-82.8149974,,9.1166,202.363,200.528,57.8538,0.0,-9.2599,-0.0284,281.1566,1.5796,-0.8094,218.3251,197.8595,,,,,,,,,,21.1689,23.7658,13.1964,40.2759,237.8683,-42.8008,,2.0873,,,,,,,,,,,,,,,,,1283.7775,,17114.5019,,
2026-09-02 19:33:18,42.469866,-82.8150202,18.2644,8.8639,207.2675,202.9173,-5.906,0.0,-9.7242,1.4156,281.2448,1.5791,-0.8112,218.0816,200.8274,,,,,,,,,,21.7031,22.3119,13.8137,36.6181,234.6345,-42.818,,1.887,,,,,,,,,,,,,,,,,,,,,
2026-09-02 19:33:19,42.4698284,-82.8150451,,8.8445,206.1158,202.1495,-62.1717,0.0,-8.2468,0.5473,281.3328,1.5784,-0.8129,221.1791,199.4008,3.2823,13.4844,10.0,0.0009,48.092,17.2659,75.9817,0.0,,21.2012,20.8813,13.1318,35.1318,233.7236,-42.8008,,2.5313,,,,,,,,,,,,,,,,,1282.5425,,17113.5176,,
2026-09-02 19:33:20,42.4697877,-82.8150702,18.5269,8.9028,205.6689,200.2473,-159.6868,0.0,-8.09,1.0614,281.4201,1.5778,-0.8147,218.0799,,,,,,,,,,0.0,20.7846,21.6184,13.1088,35.7433,234.9669,-42.6747,,2.2504,,,,,,,,,,,,,,,,,1361.4868,,17114.1738,,
2026-09-02 19:33:21,42.4697508,-82.8150934,,,,,-9.6944,0.0,-7.2355,1.3877,281.5066,1.5773,-0.8165,217.8163,198.083,,,,,,,,,,19.6342,21.4653,12.0047,36.7631,234.7686,-42.4685,,2.1172,,,,,,,,,,,,,,,,,1306.4042,,17114.5019,,
2026-09-02 19:33:22,42.4697149,-82.8151151,18.5925,8.0281,203.486,198.8034,35.285,0.0,-8.0734,0.146,281.5893,1.5768,-0.8182,217.9739,196.7938,,,,,,,,,,20.2713,22.0474,12.7191,36.7453,233.9998,-42.3654,,1.644,,,,,,,,,,,,,,,,,1282.9022,,17115.158,,
2026-09-02 19:33:23,42.46968,-82.8151341,,7.8726,202.5062,197.4226,39.0356,0.0,-7.8737,-0.5947,281.6723,1.5764,-0.8199,215.5532,194.9031,3.2824,13.4844,10.0,0.0017,48.092,17.2659,75.8877,0.0,,20.6182,21.7821,13.4087,34.7917,231.3992,-42.3654,,1.74,,,,,,,,,,,,,,,,,1442.0687,,17116.4704,,
2026-09-02 19:33:24,42.4696441,-82.815154,18.5925,8.514,202.6265,197.182,,0.0,-8.2743,0.6092,281.7546,1.5759,-0.8216,213.117,194.6681,,,,,,,,,0.0,19.9565,22.9218,12.7481,37.5681,232.4756,-42.3768,,1.5802,,,,,,,,,,,,,,,,,1382.2889,,17117.1265,,
2026-09-02 19:33:25,42.4696088,-82.8151727,18.6581,7.8337,201.429,197.371,-5.937,0.0,,,281.8368,1.5756,-0.8233,,195.3442,,,,,,,,,,20.1375,21.3398,12.6836,35.2927,229.5612,-42.3768,,1.5466,,,,,,,,,,,,,,,,,1405.8231,,17118.4389,,
2026-09-02 19:33:26,42.4695733,-82.8151921,,8.4751,203.3313,196.7121,-47.1968,0.0,-6.9051,0.4758,281.9201,1.5751,-0.825,214.9883,194.3358,,,,,,,,,,,,,,,-42.0216,,1.683,,,,,,,,,,,,,,,,,,,,,
2026-09-02 19:33:27,42.4695337,-82.8152107,18.7238,8.3585,201.7614,194.8729,-129.7027,0.0,-8.5874,0.6489,282.0025,1.5748,-0.8268,213.9634,192.1815,3.2824,13.4844,10.0,0.0027,48.092,17.2659,76.2459,0.0,,20.538,23.9861,13.3482,38.7175,233.3925,,,1.4545,,,,,,,,,,,,,,,,,1434.6771,,17120.0793,,
2026-09-02 19:33:28,42.4694985,-82.8152288,18.7566,9.0194,198.0199,196.7179,91.5438,0.0,-7.1608,-0.64,282.0827,1.5745,-0.8285,213.0134,194.2671,,,,,,,,,0.0,20.7483,23.5544,13.7344,37.1352,232.439,-42.5143,,0.7123,,,,,,,,,,,,,,,,,1440.8,,17122.0478,,
2026-09-02 19:33:29,42.469463,-82.8152484,18.8878,8.0281,198.295,195.3084,-185.9546,0.0,-7.9129,-0.6011,282.1653,1.5742,-0.8303,213.5698,192.2445,,,,,,,,,,18.7643,24.4432,11.809,41.1101,236.2819,-42.0216,,0.8821,,,,,,,,,,,,,,,,,1333.8182,,17122.3759,,
2026-09-02 19:33:30,42.4694279,-82.8152649,,7.9503,198.295,193.7098,,0.0,-9.0862,-1.4888,282.2476,1.5738,-0.832,210.4293,,,,,,,,,,,18.0594,26.5415,11.3021,45.5619,239.6707,-42.0731,,0.9379,,,,,,,,,,,,,,,,,1447.875,,17125.0005,,
2026-09-02 19:33:31,42.469391,-82.8152807,18.8878,8.0669,198.295,193.2343,102.7818,0.0,-9.2455,0.0771,282.3305,1.5736,-0.8338,210.5133,191.0642,3.2825,13.4844,10.0,0.002,48.092,17.2659,76.3498,0.0,,17.9271,27.1887,11.048,47.853,240.1523,-42.3654,,0.9049,,,,,,,,,,,,,,,,,1329.437,,17126.641,,
2026-09-02 19:33:32,42.469354,-82.8152968,,8.8833,198.295,,76.5277,0.0,-9.3009,-0.1159,282.4152,1.5734,-0.8357,,190.9554,,,,,,,,,0.0,18.2632,26.1484,11.2395,45.7329,236.4608,-42.3482,,0.9021,,,,,,,,,,,,,,,,,1386.2417,,17128.2814,,
2026-09-02 19:33:33,42.4693171,-82.8153144,18.9534,8.7084,198.295,194.2026,144.0313,0.0,,,282.5001,1.5731,-0.8375,211.2846,192.1987,,,,,,,,,,18.4991,26.8913,11.4441,46.9811,238.1419,-42.3768,,0.8812,,,,,,,,,,,,,,,,,1309.7881,,17129.5937,,
2026-09-02 19:33:34,42.4692784,-82.8153327,,8.8056,198.295,194.2713,27.8011,0.0,-9.5981,-0.0226,282.586,1.5728,-0.8394,211.3103,191.9179,,,,,,,,,,18.7852,28.1125,11.7458,48.9034,240.6056,-42.3768,,0.8914,,,,,,,,,,,,,,,,,,,,,
2026-09-02 19:33:35,42.46924,-82.8153494,18.8222,8.689,198.295,192.9077,-43.46,0.0,-9.3178,1.0203,282.6747,1.5726,-0.8413,209.0736,190.6689,3.2825,13.4844,10.0,0.0026,48.092,17.2659,76.8873,0.0,,19.1569,26.045,11.6873,46.0298,237.5374,-42.3768,,0.8852,,,,,,,,,,,,,,,,,1349.1838,,17133.2026,,
2026-09-02 19:33:36,42.4691967,-82.8153683,,9.0777,198.4898,193.2515,-32.2048,0.0,-8.6786,1.2569,282.7736,1.5724,-0.8435,208.6286,191.0012,,,,,,,,,0.0,19.2125,26.0203,11.8009,45.5784,236.581,-42.3654,,0.8733,,,,,,,,,,,,,,,,,,,,,
2026-09-02 19:33:37,42.4691574,-82.8153862,19.019,9.4859,199.3435,193.939,-95.9475,0.0,-7.966,0.8702,282.8636,1.5721,-0.8454,208.8908,191.2762,,,,,,,,,,18.5817,26.2662,11.2457,46.9893,237.5104,-42.3768,,0.7798,,,,,,,,,,,,,,,,,1351.1789,,17136.8116,,
2026-09-02 19:33:38,42.4691177,-82.8154043,,9.5248,198.209,193.6124,76.5449,0.0,-8.3992,-0.2122,282.9532,1.5719,-0.8474,208.8825,191.5398,,,,,,,,,,18.647,25.9381,11.255,46.4418,236.9656,-42.3654,,0.7258,,,,,,,,,,,,,,,,,1400.6417,,17138.7801,,
2026-09-02 19:33:39,42.4690783,-82.8154222,18.8222,9.4276,198.5986,193.3775,-43.4497,0.0,-8.9748,0.1475,283.0448,1.5716,-0.8493,208.1431,190.7491,3.2825,13.4844,10.0,0.002,48.092,17.2659,77.0302,0.0,,,,,,,-42.3768,,0.8579,,,,,,,,,,,,,,,,,1317.6946,,17140.4205,,
2026-09-02 19:33:40,42.469039,-82.8154386,,9.1749,198.5986,193.5036,,0.0,-9.1462,-0.1856,283.1346,1.5714,-0.8513,,191.4137,,,,,,,,,0.0,18.7952,26.8172,11.4078,48.013,238.3682,-42.3654,,0.8477,,,,,,,,,,,,,,,,,1418.3958,,17142.7171,,
2026-09-02 19:33:41,42.4690009,-82.8154573,18.8878,8.7084,199.0226,195.2626,80.3023,0.0,-7.8628,0.0544,283.2247,1.5712,-0.8533,208.7704,,,,,,,,,,,19.2257,26.3223,11.8717,45.898,235.8998,-42.3654,,0.8328,,,,,,,,,,,,,,,,,1353.7313,,17144.3575,,
2026-09-02 19:33:42,42.4689619,-82.8154775,,9.0777,200.6269,,24.0505,0.0,,,283.305,1.5709,-0.8549,210.1492,192.9092,,,,,,,,,,18.7471,26.3062,11.3625,46.986,237.4766,-42.3654,,1.1813,,,,,,,,,,,,,,,,,1314.4747,,17145.0137,,
2026-09-02 19:33:43,42.4689182,-82.815496,18.8878,8.7084,196.8798,192.5639,-69.7072,0.0,-7.0111,0.8315,283.3935,1.5707,-0.8568,205.2134,190.2163,3.2826,13.4844,10.0,0.0009,48.092,17.2659,76.9258,0.0,,18.6377,25.9438,11.3236,46.0605,236.8674,-42.3768,,1.0151,,,,,,,,,,,,,,,,,,,,,
2026-09-02 19:33:44,42.4688805,-82.8155135,18.8222,7.9892,198.5127,192.9478,-17.2197,0.0,-6.8684,1.1251,283.4931,1.5705,-0.859,205.5131,190.6746,,,,,,,,,0.0,18.5056,26.418,11.3087,46.7243,236.5711,-42.3654,,0.7705,,,,,,,,,,,,,,,,,1451.0754,,17149.2788,,
2026-09-02 19:33:45,42.4688437,-82.8155293,,8.7473,198.3694,192.4264,-208.4684,,-7.7142,1.0239,283.5796,1.5703,-0.8609,202.5909,189.6777,,,,,,,,,,18.9374,27.2218,11.894,46.7459,236.7227,-42.3482,,0.7012,,,,,,,,,,,,,,,,,1371.7904,,17150.9192,,
2026-09-02 19:33:46,42.4688048,-82.8155448,18.9534,8.689,197.4069,191.5956,-13.4725,0.0,-7.8955,0.0547,283.6646,1.5701,-0.8628,204.1489,189.0761,,,,,,,,,,19.267,25.7271,12.0529,43.9398,233.6524,-42.1877,,0.2504,,,,,,,,,,,,,,,,,,,,,
2026-09-02 19:33:47,42.4687671,-82.8155596,,8.4946,194.3358,191.1143,,0.0,-7.8304,-0.8141,283.7521,1.57,-0.8647,,189.4141,3.2826,13.4844,10.0,0.0016,48.092,17.2659,76.4463,0.0,,18.8547,26.9551,11.9062,45.8759,235.2628,-42.2107,,0.253,,,,,,,,,,,,,,,,,1427.0838,,17156.1685,,
2026-09-02 19:33:48,42.4687295,-82.8155764,18.8222,8.7278,197.8481,192.4723,99.0243,0.0,-8.1023,0.2229,283.8389,1.5699,-0.8666,205.8699,190.0501,,,,,,,,,0.0,18.5843,26.8313,11.6598,46.0068,234.5872,,,0.6203,,,,,,,,,,,,,,,,,,,,,
2026-09-02 19:33:49,42.4686926,-82.8155899,18.7238,8.1058,197.4527,189.9398,-148.4694,0.0,,,283.9245,1.5697,-0.8685,204.1062,188.0619,,,,,,,,,,18.638,25.9635,11.7189,44.1295,231.5196,-42.1877,,0.5104,,,,,,,,,,,,,,,,,1446.9253,,17160.1055,,
2026-09-02 19:33:50,42.4686544,-82.8156048,,8.9611,197.4527,191.1716,207.7843,0.0,-7.6771,-0.9627,284.01,1.5697,-0.8704,205.3393,189.0417,,,,,,,,,,18.0267,27.3739,11.0447,48.6302,236.3282,-42.2107,,0.5323,,,,,,,,,,,,,,,,,1359.7019,,17162.4021,,
2026-09-02 19:33:51,42.4686134,-82.8156207,18.7238,8.689,197.4527,191.7847,114.0266,0.0,-9.136,-0.1447,284.095,1.5696,-0.8723,205.7218,,3.2826,13.4844,10.0,0.0019,48.092,17.2659,76.7104,0.0,,17.9821,25.9711,11.0685,45.3529,233.6104,-41.9815,,0.4975,,,,,,,,,,,,,,,,,1422.0448,,17164.6987,,
2026-09-02 19:33:52,42.4685768,-82.8156361,,8.5529,197.4527,,-24.7174,0.0,-7.2012,0.2434,284.178,1.5695,-0.8742,206.2917,189.2766,,,,,,,,,0.0,18.4228,25.4705,11.3683,44.1794,232.9018,-42.0961,,0.4608,,,,,,,,,,,,,,,,,1459.1939,,17166.9953,,
2026-09-02 19:33:53,,,18.2644,8.514,197.4527,190.5815,-163.4614,0.0,-7.0383,1.206,284.2653,1.5694,-0.8761,199.2814,187.5978,,,,,,,,,,,,,,,-42.119,,0.495,,,,,,,,,,,,,,,,,1366.6144,,17169.62,,
2026-09-02 19:33:54,42.4685387,-82.8156489,,8.5335,197.4527,186.9833,,0.0,-7.3327,-0.6914,284.3498,1.5695,-0.878,,184.6471,,,,,,,,,,18.2208,26.7778,11.3633,46.2545,231.5356,-42.119,,0.4577,,,,,,,,,,,,,,,,,1403.2299,,17173.557,,
2026-09-02 19:33:55,42.4685004,-82.8156616,18.3301,8.2613,197.4527,185.7056,46.5712,0.0,-7.2236,1.9371,284.4366,1.5696,-0.88,199.0251,182.9913,,,,,,,,,,17.6207,27.6122,10.686,49.8414,232.3956,-41.7007,,0.4592,,,,,,,,,,,,,,,,,,,,,
2026-09-02 19:33:56,42.4684611,-82.8156728,,8.5723,191.981,186.3702,95.2978,0.0,-6.6388,0.8774,284.5251,1.5696,-0.8821,196.8632,183.9825,3.2827,13.4844,10.0,0.0015,48.092,17.2659,77.4768,0.0,0.0,18.9529,26.5927,11.9027,45.4626,229.3161,-41.9299,,-0.368,,,,,,,,,,,,,,,,,1435.3867,,17180.1187,,
2026-09-02 19:33:57,42.4684226,-82.8156848,18.3301,8.9805,190.1876,183.855,-99.7118,0.0,-6.6147,0.47,284.6119,1.5697,-0.8841,196.2876,180.9802,,,,,,,,,,17.9084,27.5778,10.9732,49.073,232.5194,-41.9299,,-0.4354,,,,,,,,,,,,,,,,,,,,,
2026-09-02 19:33:58,42.4683829,-82.8156949,,8.7862,187.4202,182.52,-114.7107,0.0,-7.4033,0.8943,284.7005,1.5699,-0.8862,190.6919,180.3958,,,,,,,,,,18.344,29.1431,11.4674,51.171,234.0035,-41.9299,,-1.0983,,,,,,,,,,,,,,,,,1417.5284,,17188.3208,,
2026-09-02 19:33:59,42.4683422,-82.815703,18.5925,9.1166,187.7067,184.0326,-13.476,0.0,,,284.7896,1.5702,-0.8884,191.6991,181.7422,,,,,,,,,,16.7498,28.9279,10.0103,54.0344,235.081,-41.907,,-1.1443,,,,,,,,,,,,,,,,,,,,,
2026-09-02 19:34:00,42.468296739051596,-82.81571332776586,,8.2613,189.1735,182.4054,61.5116,0.0,-6.4817,-0.7145,284.8809,1.5704,-0.8906,193.5133,180.1494,3.2827,13.4844,10.0,0.0008,48.092,17.2659,77.7297,0.0,0.0,17.135,29.4592,10.4175,53.9917,233.9402,-41.2252,,-0.8659,,,,,,,,,,,,,,,,,1463.3262,,17196.8509,,
2026-09-02 19:34:01,42.468257744198205,-82.8157208159155,18.6581,8.7278,189.1735,180.9443,,0.0,,,284.9674,1.5707,-0.8927,,,,,,,,,,,,16.9417,30.8596,10.5165,55.7226,234.4331,-41.1851,,-0.9439,,,,,,,,,,,,,,,,,1431.9649,,17201.7722,,
2026-09-02 19:34:02,42.468218005826934,-82.81572566040111,,8.8056,189.1735,,,0.0,,,285.053,1.5711,-0.8949,,179.3358,,,,,,,,,,16.9364,31.7727,10.6558,56.814,235.3073,-42.119,,-0.8463,,,,,,,,,,,,,,,,,1458.2836,,17206.6935,,
2026-09-02 19:34:03,42.46817740547866,-82.81573255788028,18.5925,8.0669,189.1735,182.4054,,0.0,,,285.1406,1.5715,-0.8971,,180.2181,,,,,,,,,,16.9595,32.4161,10.8255,57.1198,235.8568,-41.7752,,-0.8689,,,,,,,,,,,,,,,,,,,,,
2026-09-02 19:34:04,42.46813611513383,-82.81573931429709,,7.8142,189.1735,182.6976,,0.0,,,285.2306,1.5719,-0.8993,,179.8457,,,,,,,,,,17.0062,32.7548,10.9549,57.1308,235.6081,-41.7122,,-1.0071,,,,,,,,,,,,,,,,,1473.9499,,17216.8641,,
2026-09-02 19:34:05,42.46809848969175,-82.8157446907966,18.6581,8.7278,189.8496,184.743,,0.0,,,285.3135,1.5722,-0.9013,,182.7735,,,,,,,,,,17.0261,33.0561,10.9042,58.3969,239.1783,-41.7752,,-0.9003,,,,,,,,,,,,,,,,,1450.3221,,17220.473,,
2026-09-02 19:34:06,42.46805928021303,-82.81575447936056,,8.6306,193.081,187.5563,80.2095,0.0,-8.8386,0.8621,285.4006,1.5724,-0.9034,202.9512,185.2716,,,,,,,,,,19.0737,32.203,12.5941,53.814,236.6477,-41.7007,,-0.7811,,,,,,,,,,,,,,,,,,,,,
2026-09-02 19:34:07,42.4680159,-82.8157669,18.166,8.3974,187.9072,185.2473,-118.5266,0.0,-9.469,1.7468,285.4973,1.5726,-0.9057,198.0341,182.5845,3.2828,13.4844,10.0,0.0009,48.092,17.2659,77.0127,0.0,,18.8616,34.1767,12.6668,56.7694,241.0052,-41.7007,,-0.7633,,,,,,,,,,,,,,,,,1491.7506,,17227.3628,,
2026-09-02 19:34:08,42.4679763,-82.8157751,,9.2138,191.0929,186.0265,121.4831,0.0,-9.3245,1.4455,285.5852,1.5727,-0.9078,197.6813,183.5413,,,,,,,,,0.0,17.9347,34.2951,11.7894,58.9994,242.3259,-41.7007,,-0.9872,,,,,,,,,,,,,,,,,1432.9561,,17231.6278,,
2026-09-02 19:34:09,42.4679373,-82.8157863,18.7238,9.0389,191.1101,187.2125,50.2255,0.0,-8.0792,-0.488,285.67,1.573,-0.9098,197.3809,185.0081,,,,,,,,,,19.3028,31.2945,12.6162,52.6306,237.034,-41.3569,,-0.6561,,,,,,,,,,,,,,,,,1402.2804,,17234.9087,,
2026-09-02 19:34:10,42.4678977,-82.8157971,,9.0972,191.1101,186.8286,-28.5195,0.0,-10.1321,0.1865,285.759,1.5732,-0.9119,197.4498,184.5726,,,,,,,,,,19.786,33.696,13.4295,54.8233,239.7305,-41.5231,,-0.709,,,,,,,,,,,,,,,,,1432.5585,,17238.5176,,
2026-09-02 19:34:11,42.4678576,-82.815805,18.8222,8.6695,191.1101,189.659,84.0082,0.0,-8.8709,0.0523,285.8478,1.5734,-0.914,199.8569,,3.2828,13.4844,10.0,0.0023,48.092,17.2659,76.8945,0.0,,18.9873,32.124,12.4433,54.2331,239.7564,,,-0.833,,,,,,,,,,,,,,,,,,,,,
2026-09-02 19:34:12,42.4678172,-82.8158178,,9.0777,192.9779,190.4898,-20.9806,0.0,,,285.938,1.5735,-0.9161,200.0782,187.8786,,,,,,,,,0.0,18.9704,33.9292,12.6578,56.7757,244.0635,-41.546,,-0.4247,,,,,,,,,,,,,,,,,1346.7612,,17244.7512,,
2026-09-02 19:34:13,42.4677774,-82.8158302,18.5269,9.2138,191.0127,,5.2632,0.0,-10.473,0.4874,286.0263,1.5737,-0.9182,,188.7781,,,,,,,,,,,,,,,-41.7523,,-0.776,,,,,,,,,,,,,,,,,,,,,
2026-09-02 19:34:14,42.4677378,-82.8158426,18.6581,8.7278,196.5245,191.8764,,0.0,-10.2117,1.2309,286.1075,1.5738,-0.92,202.4578,190.1017,,,,,,,,,,18.6442,33.3997,12.2392,56.9869,246.8131,-41.9299,,-0.7423,,,,,,,,,,,,,,,,,1433.9253,,17250.9848,,
2026-09-02 19:34:15,42.4676931,-82.8158601,,9.3499,198.6387,194.7985,54.0208,0.0,-8.8728,0.6862,286.2095,1.5738,-0.9223,205.6983,192.6055,3.2829,13.4844,10.0,0.0027,48.092,17.2659,76.8739,0.0,,19.12,30.463,12.1636,52.8375,243.1387,-41.9643,,0.1571,,,,,,,,,,,,,,,,,1402.6521,,17252.6252,,
2026-09-02 19:34:16,42.4676524,-82.8158773,19.0846,9.1944,198.7018,194.4547,-73.4715,0.0,-9.4125,1.5249,286.3015,1.5737,-0.9243,206.183,192.2102,,,,,,,,,0.0,19.2223,32.3745,12.4763,55.5854,247.4519,-41.907,,0.342,,,,,,,,,,,,,,,,,1380.3256,,17254.9218,,
2026-09-02 19:34:17,42.4676119,-82.8158943,,9.4859,193.1613,194.8615,,0.0,,,286.3956,1.5737,-0.9264,,192.1643,,,,,,,,,,20.4724,31.2712,13.4274,52.3207,245.5135,-41.9299,,0.3825,,,,,,,,,,,,,,,,,1374.9137,,17256.8903,,
2026-09-02 19:34:18,42.4675709,-82.8159114,19.2487,9.0194,197.8996,196.9069,136.5267,0.0,-10.5373,0.7318,286.489,1.5737,-0.9285,207.992,194.3817,,,,,,,,,,19.9272,31.3313,12.9092,53.3861,247.4373,-42.2679,,0.6129,,,,,,,,,,,,,,,,,,,,,
2026-09-02 19:34:19,42.467531,-82.8159285,,9.7775,201.8416,197.9383,,0.0,,,286.5821,1.5736,-0.9305,,195.2869,,,,,,,,,,19.9715,31.0111,12.9918,52.3722,247.7159,-42.1877,,0.0403,,,,,,,,,,,,,,,,,1299.1291,,17260.1712,,
2026-09-02 19:34:20,42.4674904,-82.815948,19.1503,9.2332,199.9909,197.4226,,0.0,,,286.6719,1.5735,-0.9324,,195.476,,,,,,,,,,19.979,30.622,13.1184,50.874,247.0205,-41.6835,,0.2374,,,,,,,,,,,,,,,,,,,,,
2026-09-02 19:34:21,42.4674515,-82.8159663,19.1503,8.825,200.6842,199.4738,,0.0,,,286.7721,1.5733,-0.9345,,197.3553,,,,,,,,,,20.0022,30.1748,13.1394,49.9223,245.6691,-41.9528,,0.5639,,,,,,,,,,,,,,,,,1422.2578,,17263.1239,,
2026-09-02 19:34:22,42.467409,-82.8159899,,8.8639,200.6555,199.6285,,0.0,,,286.8563,1.5731,-0.9362,,,,,,,,,,,,19.889,29.1661,12.7778,49.3375,246.8389,-41.9815,,0.6369,,,,,,,,,,,,,,,,,1359.7966,,17263.7801,,
2026-09-02 19:34:23,42.467369,-82.8160119,18.8222,9.1555,200.6555,,-32.2254,0.0,-10.4699,1.2249,286.9504,1.5729,-0.9382,215.6708,197.4871,3.283,13.4844,10.0,0.0028,48.092,17.2659,75.6228,0.0,,19.889,28.8808,12.6684,49.3129,247.941,-41.9815,,0.6004,,,,,,,,,,,,,,,,,,,,,
2026-09-02 19:34:24,42.4673301,-82.8160328,,9.0194,203.9902,200.5166,,0.0,,,287.0402,1.5726,-0.94,,198.5528,,,,,,,,,0.0,18.8287,28.6847,11.7646,50.1922,250.3863,-41.9815,,0.5589,,,,,,,,,,,,,,,,,1360.5827,,17265.0924,,
2026-09-02 19:34:25,42.4672932,-82.8160568,19.0846,8.5529,204.9986,202.5907,46.5127,0.0,-8.8611,1.3181,287.1291,1.5723,-0.9418,216.7906,200.4607,,,,,,,,,,20.1223,27.5515,12.8631,46.3511,246.6469,-41.9815,,1.0334,,,,,,,,,,,,,,,,,1334.2636,,17264.7643,,
2026-09-02 19:34:26,42.467256,-82.8160802,,8.2224,203.5948,201.7255,-50.9852,0.0,-8.6902,1.6018,287.219,1.572,-0.9436,216.0179,199.1659,,,,,,,,,,20.026,26.8405,12.8894,44.5473,244.9455,-41.9528,,1.1716,,,,,,,,,,,,,,,,,1379.5003,,17264.7643,,
2026-09-02 19:34:27,42.4672185,-82.8161018,19.1503,7.8726,203.8928,201.0723,54.0139,0.0,-8.7663,0.2708,287.3062,1.5717,-0.9453,213.8999,198.7247,3.283,13.4844,10.0,0.0041,48.092,17.2659,75.8048,0.0,,18.6475,26.8063,11.7984,45.4606,244.8812,-41.9528,,0.9014,,,,,,,,,,,,,,,,,,,,,
2026-09-02 19:34:28,42.4671825,-82.8161236,,8.3002,204.8095,202.8084,204.0131,0.0,-8.2096,-0.8628,,,,214.93,200.6785,,,,,,,,,0.0,18.2061,29.5193,11.6015,50.6434,250.7882,-41.8841,,,,,,,,,,,,,,,,,,,1392.739,,17265.4205,,
2026-09-02 19:34:29,42.4671474,-82.8161456,19.2159,8.7278,204.2766,204.3611,136.5164,0.0,-8.7845,0.0495,287.4336,1.5713,-0.9478,217.4124,202.4546,,,,,,,,,,18.4643,25.7254,11.5167,44.0997,246.9624,-41.8669,,1.2616,,,,,,,,,,,,,,,,,1374.7095,,17265.4205,,
2026-09-02 19:34:30,42.4671094,-82.8161724,,8.9417,209.164,204.9971,-110.9739,0.0,-7.9343,0.6142,287.5592,1.5707,-0.9502,218.8589,202.7125,,,,,,,,,,18.6729,24.1911,11.561,41.442,243.5095,-41.8153,,0.968,,,,,,,,,,,,,,,,,,,,,
2026-09-02 19:34:31,42.4670752,-82.8161965,19.0846,8.1836,203.8183,201.8802,-253.4513,0.0,-7.9371,1.5508,287.6423,1.5703,-0.9518,216.7549,199.4867,3.283,13.4844,10.0,0.0028,48.092,17.2659,75.7773,0.0,,,,,,,-41.5231,,1.6498,,,,,,,,,,,,,,,,,1397.6139,,17263.452,,
2026-09-02 19:34:32,42.4670412,-82.8162185,,8.2419,204.0074,203.2782,27.8011,0.0,-6.3786,0.2402,287.7241,1.57,-0.9534,217.2958,,,,,,,,,,0.0,19.0633,25.8161,12.3867,42.0836,244.9233,-41.4543,,0.8552,,,,,,,,,,,,,,,,,1433.4351,,17264.4362,,
2026-09-02 19:34:33,42.4670062,-82.8162418,18.7238,7.8726,204.0074,,-260.9525,0.0,-7.3539,0.8822,287.8086,1.5697,-0.955,213.8336,200.9478,,,,,,,,,,18.2901,24.4932,11.3867,41.7539,244.6099,-41.4715,,0.8857,,,,,,,,,,,,,,,,,1404.2475,,17263.452,,
2026-09-02 19:34:34,42.4669725,-82.8162629,,7.9503,203.7037,199.9952,,0.0,,,287.8894,1.5694,-0.9566,,197.7793,,,,,,,,,,18.8461,25.8676,12.1776,42.4705,243.2699,,,0.8328,,,,,,,,,,,,,,,,,,,,,
2026-09-02 19:34:35,42.4669384,-82.8162833,18.6581,8.4363,205.434,199.3936,-137.1936,0.0,-6.2764,1.7149,287.9706,1.5692,-0.9583,214.1411,196.9542,3.2831,13.4844,10.0,0.0008,48.092,17.2659,76.1698,0.0,,17.5007,25.8088,10.8514,44.5993,243.4808,-41.5059,,0.8112,,,,,,,,,,,,,,,,,1458.0783,,17264.7643,,
2026-09-02 19:34:36,42.4669027,-82.8163042,,7.581,200.4722,198.9639,65.3034,0.0,-7.7658,0.8514,288.0555,1.569,-0.96,215.3811,195.9344,,,,,,,,,0.0,17.5044,28.4817,10.8802,50.1046,247.7997,-41.5059,,1.1374,,,,,,,,,,,,,,,,,,,,,
2026-09-02 19:34:37,42.4668653,-82.816324,18.8222,7.5227,200.816,197.8695,42.7862,0.0,-9.1732,-1.2021,,,,215.3136,195.1895,,,,,,,,,,19.3765,26.6361,12.7046,43.1382,240.3565,-42.0674,,,,,,,,,,,,,,,,,,,1409.4963,,17266.4048,,
2026-09-02 19:34:38,42.4668298,-82.8163431,,8.7473,199.6529,196.8955,72.8012,0.0,-7.5744,-0.5047,288.1839,1.5688,-0.9626,214.5834,194.5134,,,,,,,,,,18.843,25.9705,11.9188,43.8134,239.4951,-41.8669,,0.6788,,,,,,,,,,,,,,,,,,,,,
2026-09-02 19:34:39,42.4667938,-82.816361,18.7566,,,197.0502,54.0345,0.0,-10.2948,-0.3883,288.3028,1.5686,-0.9651,214.0225,195.201,3.2831,13.4844,10.0,0.0016,48.092,17.2659,75.9313,0.0,,19.1104,28.9932,12.5234,47.7014,243.3696,-41.4142,,0.2061,,,,,,,,,,,,,,,,,1484.4379,,17269.3575,,
2026-09-02 19:34:40,42.4667573,-82.8163808,,7.9697,199.0971,199.3363,-73.444,0.0,-8.3667,-0.3206,,,,216.3938,197.1548,,,,,,,,,0.0,19.6564,26.2685,12.7486,43.0307,240.2609,-41.9299,,,,,,,,,,,,,,,,,,,1429.7409,,17269.3575,,
2026-09-02 19:34:41,42.4667195,-82.8164034,18.9534,9.0194,199.1028,196.5975,-287.1962,0.0,-7.2995,1.4296,288.4324,1.5684,-0.9677,212.3306,193.9577,,,,,,,,,,19.3143,26.3942,12.1311,45.0541,243.1542,-41.8153,,0.0985,,,,,,,,,,,,,,,,,,,,,
2026-09-02 19:34:42,42.466682,-82.8164229,,8.9611,199.1028,196.5975,,0.0,-7.1094,1.971,288.5215,1.5682,-0.9696,212.1726,,,,,,,,,,,19.3473,26.1297,12.2221,44.1988,240.0878,-41.6835,,0.085,,,,,,,,,,,,,,,,,1409.5363,,17271.326,,
2026-09-02 19:34:43,42.4666461,-82.8164415,18.9534,7.6199,199.9623,198.8206,-107.2164,0.0,-6.2435,-0.423,288.6092,1.5681,-0.9714,213.7188,194.1296,3.2831,13.4844,10.0,0.0029,48.092,17.2659,75.9468,0.0,,19.1818,24.3885,11.9733,41.416,237.6692,-41.6606,,0.2084,,,,,,,,,,,,,,,,,,,,,
2026-09-02 19:34:44,42.4666102,-82.816462,,8.5529,199.9623,,-5.9817,0.0,,,288.6942,1.568,-0.9731,,196.324,,,,,,,,,0.0,18.9414,27.1766,12.163,45.3385,242.243,-41.6377,,0.1824,,,,,,,,,,,,,,,,,1416.6093,,17272.3103,,
2026-09-02 19:34:45,42.4665711,-82.8164837,18.8878,8.0864,199.9623,198.2706,9.0241,0.0,-7.5084,-0.1303,288.7862,1.5678,-0.975,211.5003,196.0719,,,,,,,,,,18.7642,27.4969,11.9506,46.4634,243.2896,-41.6377,,0.1676,,,,,,,,,,,,,,,,,1420.67,,17272.9664,,
2026-09-02 19:34:46,42.4665352,-82.8165034,,8.2808,201.6811,198.9467,-17.2231,0.0,-7.6931,0.9519,288.8712,1.5677,-0.9767,212.532,196.7995,,,,,,,,,,,,,,,-41.6835,,0.1632,,,,,,,,,,,,,,,,,,,,,
2026-09-02 19:34:47,42.4664981,-82.8165262,18.8222,8.7862,204.9585,200.0124,-43.4737,0.0,-6.5142,-0.2436,288.9572,1.5675,-0.9785,213.6854,197.3209,3.2832,13.4844,10.0,0.0009,48.092,17.2659,76.6296,0.0,,19.0251,24.8736,11.8275,42.5772,239.3533,-41.6606,,0.4723,,,,,,,,,,,,,,,,,1366.6615,,17273.6226,,
2026-09-02 19:34:48,42.4664612,-82.8165442,,7.9309,200.5524,197.3768,42.7759,0.0,-7.2948,-0.4539,289.0449,1.5673,-0.9802,207.8036,195.4989,,,,,,,,,0.0,18.9219,26.5086,11.9857,44.7994,241.8034,-41.7752,,0.6572,,,,,,,,,,,,,,,,,1395.081,,17275.263,,
2026-09-02 19:34:49,42.466425,-82.8165648,18.8222,8.9028,202.0593,197.8982,-35.9657,0.0,-7.1273,0.612,289.1232,1.5673,-0.9819,211.275,195.6765,,,,,,,,,,18.2581,26.2722,11.3103,45.6059,241.7473,-41.7523,,0.0529,,,,,,,,,,,,,,,,,,,,,
2026-09-02 19:34:50,42.4663878,-82.8165838,,8.7667,202.8786,195.0964,-189.6983,0.0,-7.1361,0.8866,289.2535,1.5671,-0.9845,208.9768,192.7144,,,,,,,,,,18.5646,25.9127,11.4373,45.1799,241.1851,-41.7523,,0.4135,,,,,,,,,,,,,,,,,1394.5809,,17277.2315,,
2026-09-02 19:34:51,42.4663501,-82.8166016,18.5269,9.0777,199.9909,195.5949,-13.4553,0.0,-8.6205,2.0245,289.3403,1.5671,-0.9864,209.2108,193.1956,3.2832,13.4844,10.0,0.0031,48.092,17.2659,76.6056,0.0,,19.7577,25.9743,12.5333,43.6632,238.8764,-41.7752,,-0.2634,,,,,,,,,,,,,,,,,1379.1499,,17279.2,,
2026-09-02 19:34:52,42.4663132,-82.8166187,,8.378,195.8026,198.1789,,0.0,,,289.4258,1.5672,-0.9882,210.5461,,,,,,,,,,0.0,19.7582,25.5194,12.5645,42.6468,238.2437,-42.1591,,-0.3804,,,,,,,,,,,,,,,,,,,,,
2026-09-02 19:34:53,42.4662723,-82.816641,18.6581,8.6112,203.0448,199.1415,170.2922,0.0,-7.0577,0.5191,289.5227,1.567,-0.9902,,196.175,,,,,,,,,,18.4009,27.4607,11.4535,47.8043,242.486,-41.907,,0.6096,,,,,,,,,,,,,,,,,1394.0053,,17280.8404,,
2026-09-02 19:34:54,42.4662357,-82.8166625,18.7238,8.9611,203.3083,,57.7816,0.0,-8.8641,-0.5771,289.601,1.5669,-0.9918,211.9756,196.9199,,,,,,,,,,18.9883,26.2379,11.8254,45.2256,241.2807,-41.9528,,0.6894,,,,,,,,,,,,,,,,,1374.2929,,17281.4966,,
2026-09-02 19:34:55,42.4661983,-82.8166819,,8.9222,201.7499,199.0326,-62.1992,0.0,-8.494,0.8289,289.6895,1.5668,-0.9936,211.8177,196.4042,3.2833,13.4844,10.0,0.0014,48.092,17.2659,76.4441,0.0,,18.6315,26.3192,11.4746,46.0469,242.6998,-41.9528,,0.3229,,,,,,,,,,,,,,,,,1381.2707,,17282.1528,,
2026-09-02 19:34:56,42.4661593,-82.8167023,18.3957,9.4082,200.6842,198.3966,84.0529,0.0,-7.3265,-0.2407,289.7801,1.5668,-0.9955,211.0627,196.2151,,,,,,,,,0.0,18.8501,26.5186,11.589,46.5715,243.5266,-41.907,,0.1332,,,,,,,,,,,,,,,,,1391.9788,,17283.4651,,
2026-09-02 19:34:57,42.4661213,-82.8167212,,8.4363,200.6785,198.0471,61.5563,0.0,-9.4849,-0.6095,289.8693,1.5668,-0.9974,211.6344,196.0662,,,,,,,,,,19.3692,26.432,12.0828,45.5258,243.09,-42.0731,,0.1224,,,,,,,,,,,,,,,,,1402.8316,,17284.7775,,
2026-09-02 19:34:58,42.466083,-82.816744,18.5269,8.9222,200.6785,201.0265,91.5506,0.0,-8.1795,-0.0296,,,,215.1815,199.0398,,,,,,,,,,19.5893,26.2117,12.2136,45.1064,245.0553,,,,,,,,,,,,,,,,,,,,1391.052,,17285.1055,,
2026-09-02 19:34:59,42.4660415,-82.8167706,18.7238,8.9805,204.735,201.949,-35.9451,0.0,-7.576,1.0148,290.0152,1.5665,-1.0003,215.5272,199.5727,3.2833,13.4844,10.0,0.0034,48.092,17.2659,76.1145,0.0,,19.275,26.1141,11.8643,45.6509,245.14,-41.9987,,0.1071,,,,,,,,,,,,,,,,,,,,,
2026-09-02 19:35:00,42.4660035,-82.8167941,18.7238,9.5443,205.4741,201.2041,-47.1865,0.0,-8.878,0.8754,290.1067,1.5663,-1.0021,214.8952,198.6617,,,,,,,,,0.0,,,,,,-41.9987,,0.7443,,,,,,,,,,,,,,,,,1350.9858,,17284.4494,,
2026-09-02 19:35:01,42.4659663,-82.816818,,9.1944,204.9012,202.9345,31.5585,,-7.8221,0.4304,290.1976,1.5661,-1.0039,216.981,200.8332,,,,,,,,,,19.6587,27.2378,12.414,46.451,246.3903,-41.9643,,0.6199,,,,,,,,,,,,,,,,,,,,,
2026-09-02 19:35:02,42.4659299,-82.8168431,18.5925,9.3693,207.5826,201.8859,,0.0,,,290.2876,1.5659,-1.0056,,199.0398,,,,,,,,,,18.9893,25.7452,11.5515,45.5655,245.7547,-41.9815,,0.748,,,,,,,,,,,,,,,,,1315.6097,,17283.7932,,
2026-09-02 19:35:03,42.4658929,-82.8168665,,8.9417,205.1074,200.4134,-182.204,0.0,-7.0279,0.0158,290.376,1.5656,-1.0073,214.0178,,3.2833,13.4844,10.0,0.0014,48.092,17.2659,76.2567,0.0,,18.3893,24.8777,11.0384,44.4939,244.3186,-41.9643,,1.2226,,,,,,,,,,,,,,,,,1357.0366,,17284.1213,,
2026-09-02 19:35:04,42.4658558,-82.8168888,18.6581,8.689,203.675,,-77.2015,0.0,-6.4725,0.7636,290.4658,1.5654,-1.009,213.4686,197.7908,,,,,,,,,0.0,17.9033,25.9009,10.7131,46.8857,245.729,-41.9299,,0.741,,,,,,,,,,,,,,,,,,,,,
2026-09-02 19:35:05,42.4658186,-82.8169103,,8.5918,203.8698,199.5827,-9.7116,0.0,-6.652,0.62,290.5553,1.5653,-1.0108,213.1588,197.172,,,,,,,,,,17.7846,26.1507,10.6366,47.4692,245.2877,-41.8669,,0.594,,,,,,,,,,,,,,,,,1392.1831,,17285.1055,,
2026-09-02 19:35:06,42.4657824,-82.816931,18.8222,8.5335,203.9271,199.6972,-88.467,0.0,-6.9207,1.5241,290.6435,1.5652,-1.0126,213.6554,197.235,,,,,,,,,,17.7527,26.1593,10.7184,46.9036,243.969,-41.8268,,0.3566,,,,,,,,,,,,,,,,,1397.4199,,17285.4336,,
2026-09-02 19:35:07,42.4657429,-82.8169557,,8.5918,205.8007,200.2989,84.022,0.0,-5.639,0.1387,290.7736,1.565,-1.0152,214.2655,198.083,3.2834,13.4844,10.0,0.0011,48.092,17.2659,75.9806,0.0,,18.1501,23.6182,10.8477,42.0932,238.7068,-41.7007,,0.6384,,,,,,,,,,,,,,,,,1385.3591,,17285.7617,,
2026-09-02 19:35:08,42.4657078,-82.8169759,18.8222,7.5421,203.4974,199.3019,-58.4967,0.0,-5.3717,0.1032,290.8585,1.5649,-1.0169,212.1184,196.7652,,,,,,,,,0.0,18.7486,24.0721,11.7104,40.7707,238.2132,-41.483,,0.4886,,,,,,,,,,,,,,,,,,,,,
2026-09-02 19:35:09,42.4656735,-82.8169966,,8.3391,203.8928,199.5311,-32.2289,0.0,-6.1557,-0.4005,290.941,1.5647,-1.0185,211.0559,197.0402,,,,,,,,,,19.169,23.7746,12.1383,39.5421,236.9194,-41.483,,0.3867,,,,,,,,,,,,,,,,,1416.2053,,17286.746,,
2026-09-02 19:35:10,,,19.1503,8.0281,204.0589,198.643,-110.9808,0.0,-4.9545,-0.0541,291.0238,1.5646,-1.0201,210.1205,196.0547,,,,,,,,,,18.7129,22.4077,11.625,37.8514,234.4539,-41.483,,0.3097,,,,,,,,,,,,,,,,,,,,,
2026-09-02 19:35:11,42.4656392,-82.8170169,,8.0669,203.6349,198.1789,,0.0,,,291.1043,1.5646,-1.0217,,195.7739,3.2834,13.4844,10.0,0.0013,48.092,17.2659,76.1115,0.0,,18.9557,23.895,11.9797,39.862,236.0267,-41.4715,,0.376,,,,,,,,,,,,,,,,,1430.872,,17287.7302,,
2026-09-02 19:35:12,42.4656051,-82.8170366,18.9534,7.8142,201.7155,198.2534,-13.4932,0.0,-6.921,0.0638,291.1872,1.5645,-1.0234,210.9375,196.0432,,,,,,,,,0.0,19.0733,24.7997,12.2746,40.6754,237.1047,-41.5059,,0.0999,,,,,,,,,,,,,,,,,1443.683,,17288.3864,,
2026-09-02 19:35:13,42.4655701,-82.8170556,,8.4557,203.1307,198.2419,16.5974,0.0,-6.7427,0.0905,291.2621,1.5644,-1.0249,216.8674,,,,,,,,,,,18.5552,26.0486,11.5574,44.8311,240.8855,-41.5689,,0.1667,,,,,,,,,,,,,,,,,1426.0961,,17288.7145,,
2026-09-02 19:35:14,42.4655344,-82.8170768,18.8878,8.4363,199.6242,,-200.8916,0.0,-8.6804,3.2763,291.3468,1.5644,-1.0267,216.7621,195.413,,,,,,,,,,19.9764,24.4866,12.9832,39.6233,236.2377,-41.6148,,0.1289,,,,,,,,,,,,,,,,,1474.068,,17289.6987,,
2026-09-02 19:35:15,42.4654989,-82.8170949,,7.9892,198.9138,197.6289,54.0861,0.0,-7.9448,2.1543,,,,218.1222,195.6651,3.2835,13.4844,10.0,0.0011,48.092,17.2659,76.2192,0.0,,19.0778,24.4853,11.9067,41.6118,237.987,-41.907,,,,,,,,,,,,,,,,,,,1394.0026,,17290.3549,,
2026-09-02 19:35:16,42.465458920635854,-82.81711760561842,19.2159,8.5529,202.4432,198.9066,12.7919,0.0,-9.6942,0.5995,291.4845,1.5644,-1.0295,216.0324,196.4615,,,,,,,,,0.0,,,,,,-41.907,,-0.1872,,,,,,,,,,,,,,,,,,,,,
2026-09-02 19:35:17,42.46542251280824,-82.81713921476928,,8.4751,202.0306,199.3191,219.0463,0.0,-11.2075,0.8407,291.5718,1.5643,-1.0312,218.5413,197.086,,,,,,,,,,20.2568,26.573,13.1654,43.4948,240.3009,-41.907,,0.094,,,,,,,,,,,,,,,,,1439.8191,,17291.0111,,
2026-09-02 19:35:18,42.4653867,-82.8171598,19.3143,8.378,206.3336,203.7996,72.8012,0.0,-10.2383,2.8014,291.6573,1.5642,-1.0329,,201.8015,,,,,,,,,,20.4286,23.8936,12.9793,39.6063,238.1111,-41.9528,,0.0102,,,,,,,,,,,,,,,,,1361.8472,,17290.0268,,
2026-09-02 19:35:19,42.4653513,-82.8171843,19.3799,8.8056,209.8057,207.329,,0.0,,,291.7443,1.564,-1.0346,222.3338,205.4684,3.2835,13.4844,10.0,0.0009,48.092,17.2659,75.3722,0.0,,19.9181,23.4198,12.4358,39.5397,239.4372,-41.9299,,0.6703,,,,,,,,,,,,,,,,,1391.8945,,17288.7145,,
2026-09-02 19:35:20,42.4653167,-82.8172123,,7.8337,211.2324,209.7985,151.4981,0.0,-9.4084,2.8092,291.8318,1.5636,-1.0361,224.68,207.8634,,,,,,,,,0.0,19.3874,22.8944,11.9226,39.2431,241.8019,-40.6465,,1.2215,,,,,,,,,,,,,,,,,1395.9269,,17286.0898,,
2026-09-02 19:35:21,42.4652847,-82.8172403,19.2159,8.3585,217.0651,212.9383,181.4787,0.0,-5.9454,1.7272,291.9141,1.5632,-1.0375,226.4773,210.7912,,,,,,,,,,19.2781,16.6364,11.5805,28.4637,232.8755,-39.6782,,1.2684,,,,,,,,,,,,,,,,,1385.1427,,17283.137,,
2026-09-02 19:35:22,42.4652543,-82.8172696,,7.406,217.2828,214.8864,143.9213,0.0,-3.5032,-0.0343,291.9939,1.5627,-1.0388,224.3769,212.7679,,,,,,,,,,20.1197,16.7333,12.8389,26.8202,235.3804,-39.0479,,2.1734,,,,,,,,,,,,,,,,,1456.0375,,17279.8562,,
2026-09-02 19:35:23,42.4652237,-82.8173016,18.6581,6.8034,217.4776,216.7256,177.6834,0.0,-4.0692,-0.6715,292.0691,1.5621,-1.0399,226.7996,,3.2835,13.4844,10.0,0.0014,48.092,17.2659,74.005,0.0,,20.1652,18.5874,13.6531,28.0852,239.3007,,,1.9435,,,,,,,,,,,,,,,,,,,,,
2026-09-02 19:35:24,42.4651994,-82.8173266,18.5925,5.8121,221.6545,,215.1892,0.0,-3.6892,0.5596,292.1344,1.5616,-1.0409,230.1667,214.8191,,,,,,,,,0.0,18.2549,19.0963,12.2044,29.2977,241.8758,-38.664,,1.786,,,,,,,,,,,,,,,,,1616.0951,,17273.2945,,
2026-09-02 19:35:25,42.4651802,-82.8173511,,4.8207,227.3955,221.5728,672.6742,0.0,-2.7537,1.3369,292.1893,1.5611,-1.0417,240.8577,220.5143,,,,,,,,,,16.7203,13.9915,11.3683,20.8304,236.9586,-35.53,,1.9636,,,,,,,,,,,,,,,,,1766.7894,,17268.0452,,
2026-09-02 19:35:26,42.4651667,-82.817374,18.7566,3.8099,238.0754,233.6393,,0.0,,,292.2329,1.5604,-1.0421,,233.1251,,,,,,,,,,18.0635,2.1495,13.6818,2.8383,227.2594,-22.8905,,1.9505,,,,,,,,,,,,,,,,,2189.3562,,17261.4835,,
2026-09-02 19:35:27,42.4651593,-82.8173948,,2.6631,249.483,248.857,983.9106,0.0,-2.8259,0.4418,292.2625,1.5598,-1.0423,254.6138,248.7439,3.2836,13.4844,10.0,0.0035,48.092,17.2659,69.6867,0.0,,15.5354,-11.8623,12.6433,-14.6304,223.9845,-17.4531,,2.5749,,,,,,,,,,,,,,,,,,,,,
2026-09-02 19:35:28,42.4651589,-82.8174114,18.9534,1.8661,254.2443,262.1325,421.4128,0.0,0.2403,-2.4176,292.2811,1.5587,-1.0419,270.7632,260.6614,,,,,,,,,0.0,15.6128,-46.6755,13.8324,-55.1971,197.5601,33.712,,3.0376,,,,,,,,,,,,,,,,,2467.1162,,17247.3759,,
2026-09-02 19:35:29,42.4651597,-82.8174272,,2.1577,292.3001,272.6749,698.9145,0.0,2.9543,1.8194,292.2778,1.558,-1.0414,279.9527,271.8627,,,,,,,,,,15.2511,-38.5894,13.6609,-44.1343,217.855,32.2796,,1.7242,,,,,,,,,,,,,,,,,2569.6591,,17242.7827,,
2026-09-02 19:35:30,42.4651679,-82.8174401,18.7566,2.3132,302.4415,279.6936,203.9443,0.0,5.6098,0.8583,292.2691,1.5574,-1.0409,291.7914,278.1366,,,,,,,,,,13.0987,-34.1541,11.2921,-40.6352,229.1265,33.6891,,2.8095,,,,,,,,,,,,,,,,,2569.2715,,17236.5491,,
2026-09-02 19:35:31,42.4651755,-82.8174531,,3.013,305.2032,285.6753,200.2212,0.0,7.3129,2.2998,292.2605,1.5567,-1.0402,296.2044,284.061,,,,,,,,,,,,,,,33.563,,2.4922,,,,,,,,,,,,,,,,,2568.9326,,17231.6278,,
2026-09-02 19:35:32,42.4651861,-82.8174665,18.9534,3.5184,309.3055,292.8029,140.2223,0.0,,,292.2453,1.5559,-1.0393,,291.16,3.2836,13.4844,10.0,0.0047,48.092,17.2659,70.3828,0.0,0.0,13.7095,-33.2721,11.4324,-41.139,235.2595,33.8896,,2.9195,,,,,,,,,,,,,,,,,2568.6195,,17226.3785,,
2026-09-02 19:35:33,42.465199,-82.8174846,,4.1793,298.1329,292.293,,0.0,6.1855,0.4352,292.2319,1.5549,-1.0384,302.022,,,,,,,,,,,14.0677,-27.1206,11.107,-35.2666,247.6562,34.2162,,3.181,,,,,,,,,,,,,,,,,2568.1814,,17220.1449,,
2026-09-02 19:35:34,42.4652099,-82.817504,19.019,4.1209,303.341,294.2754,-125.9934,0.0,6.402,2.5206,292.2187,1.5538,-1.0374,296.2597,289.739,,,,,,,,,,13.1177,-29.9607,9.8266,-41.81,245.7379,33.8037,,4.1343,,,,,,,,,,,,,,,,,2567.4467,,17213.2551,,
2026-09-02 19:35:35,42.465225,-82.8175274,,5.365,293.0278,,166.5176,0.0,6.8453,0.7623,292.2055,1.5524,-1.0362,302.2658,292.8559,3.2836,13.4844,10.0,0.0047,48.092,17.2659,70.0357,0.0,,14.1197,-27.1452,10.4294,-38.147,251.0261,34.7662,,4.3697,,,,,,,,,,,,,,,,,,,,,
2026-09-02 19:35:36,42.4652377,-82.8175586,18.8222,5.3261,295.7264,295.152,-287.2066,0.0,5.865,1.2936,292.1986,1.5509,-1.0351,300.8556,292.3001,,,,,,,,,0.0,16.1023,-26.7132,11.663,-38.362,255.777,33.8037,,5.4233,,,,,,,,,,,,,,,,,2565.7262,,17195.8667,,
2026-09-02 19:35:37,42.4652531,-82.8175907,,6.1037,287.1607,292.7341,,0.0,,,,,,,290.3636,,,,,,,,,,17.1091,-27.0785,12.5171,-38.4776,254.743,34.7261,,,,,,,,,,,,,,,,,,,2564.6307,,17186.3523,,
2026-09-02 19:35:38,42.4652625,-82.8176234,19.2159,5.6955,286.1065,292.8373,-20.8946,0.0,6.3008,1.6074,292.1954,1.5486,-1.0335,297.3381,290.1286,,,,,,,,,,16.5636,-24.9927,11.5715,-37.2127,258.0098,34.7662,,5.5826,,,,,,,,,,,,,,,,,2563.2745,,17175.1974,,
2026-09-02 19:35:39,42.4652713,-82.8176594,,,,290.66,-103.3593,0.0,8.3213,1.3209,292.198,1.547,-1.0325,294.0782,288.4441,3.2837,13.4844,10.0,0.0055,48.092,17.2659,70.6557,0.0,,17.551,-26.1558,12.5557,-38.0386,255.5961,34.749,,5.862,,,,,,,,,,,,,,,,,2562.0062,,17165.683,,
2026-09-02 19:35:40,42.4652789,-82.8176954,19.1503,5.5399,287.0633,290.5684,-122.071,0.0,7.8836,0.0759,292.2015,1.5453,-1.0314,294.7765,288.003,,,,,,,,,0.0,17.8419,-22.1686,12.5314,-32.4958,260.9764,34.7662,,5.9226,,,,,,,,,,,,,,,,,2560.5632,,17154.5281,,
2026-09-02 19:35:41,42.4652871,-82.8177352,,6.162,280.778,288.351,-125.8215,0.0,6.6396,1.0968,292.212,1.5436,-1.0305,290.3964,285.8315,,,,,,,,,,17.5469,-21.7766,12.0985,-32.5516,261.3231,34.3079,,5.9423,,,,,,,,,,,,,,,,,,,,,
2026-09-02 19:35:42,42.4652932,-82.8177736,19.019,6.3175,282.812,287.9671,16.7109,0.0,5.7038,0.3592,292.2205,1.5418,-1.0295,289.7519,285.7341,,,,,,,,,,17.4825,-19.0529,11.959,-28.5038,263.7449,34.3308,,6.2823,,,,,,,,,,,,,,,,,2557.5256,,17132.8746,,
2026-09-02 19:35:43,42.4652987,-82.8178124,,6.1231,279.3857,288.3625,31.7235,0.0,6.3693,-0.919,292.2318,1.5401,-1.0286,290.0098,286.3299,,,,,,,,,,18.1071,-19.0058,12.4884,-28.1761,264.2539,34.3079,,5.9304,,,,,,,,,,,,,,,,,2496.1518,,17122.0478,,
2026-09-02 19:35:44,42.4653062,-82.8178501,18.8878,5.9287,284.6282,292.4362,249.2298,0.0,7.2119,0.3306,292.2418,1.5384,-1.0276,292.8545,,3.2837,13.4844,10.0,0.0041,48.092,17.2659,69.912,0.0,0.0,17.2021,-20.8426,11.8348,-31.1421,260.6043,34.9725,,6.0212,,,,,,,,,,,,,,,,,2554.7407,,17112.2053,,
2026-09-02 19:35:45,42.4653131,-82.8178913,,6.2592,283.7803,,5.4832,0.0,6.8338,-0.3669,292.2504,1.5367,-1.0267,295.5977,290.5412,,,,,,,,,,17.8846,-19.2874,12.0121,-29.4582,265.7454,34.9954,,6.0165,,,,,,,,,,,,,,,,,2553.4018,,17101.7066,,
2026-09-02 19:35:46,42.4653226,-82.8179303,18.8878,6.6091,284.9033,293.5649,121.7341,0.0,8.3002,1.2359,292.2603,1.5348,-1.0255,295.4538,291.2688,,,,,,,,,,,,,,,34.6688,,6.6464,,,,,,,,,,,,,,,,,,,,,
2026-09-02 19:35:47,42.4653318,-82.8179687,,5.9482,288.1806,294.6879,,0.0,,,292.2634,1.533,-1.0244,,292.5752,3.2838,13.4844,10.0,0.003,48.092,17.2659,69.1413,0.0,,17.3194,-20.7067,11.6528,-31.7037,262.9482,34.9496,,6.2574,,,,,,,,,,,,,,,,,2550.3493,,17078.0845,,
2026-09-02 19:35:48,42.4653401,-82.8180096,19.0846,6.784,283.8777,294.6593,-69.5112,0.0,5.9743,0.6217,292.2708,1.5313,-1.0235,296.5658,292.1397,,,,,,,,,0.0,16.639,-17.8436,10.5588,-28.8728,271.0698,,,6.4589,,,,,,,,,,,,,,,,,2548.7518,,17065.9454,,
2026-09-02 19:35:49,42.4653492,-82.8180476,,6.3369,286.8284,293.9889,80.5017,0.0,7.8371,0.3235,292.277,1.5295,-1.0224,294.6138,291.9965,,,,,,,,,,17.4211,-19.8862,11.5568,-30.8479,266.7742,34.686,,6.292,,,,,,,,,,,,,,,,,2547.2516,,17054.4625,,
2026-09-02 19:35:50,42.4653564,-82.8180874,18.8878,6.7257,284.6798,294.5962,-69.4906,0.0,6.878,-1.364,292.2838,1.5277,-1.0213,295.8049,292.2772,,,,,,,,,,17.8652,-18.4341,11.8256,-28.5361,270.5603,34.9496,,6.364,,,,,,,,,,,,,,,,,2545.7543,,17043.3076,,
2026-09-02 19:35:51,42.4653665,-82.8181261,,6.3369,287.3326,296.5271,129.2662,0.0,6.9322,0.9054,292.2924,1.525,-1.0197,296.812,294.2539,3.2838,13.4844,10.0,0.0027,48.092,17.2659,68.889,0.0,,16.4277,-19.9675,10.4472,-32.4776,266.6863,34.9037,,6.3132,,,,,,,,,,,,,,,,,,,,,
2026-09-02 19:35:52,42.4653759,-82.8181666,18.5925,7.0561,284.1069,297.06,166.7685,0.0,6.362,2.1189,292.2984,1.5231,-1.0185,297.0072,294.93,,,,,,,,,0.0,17.2068,-18.7281,11.0363,-30.0394,272.1939,35.4652,,6.9841,,,,,,,,,,,,,,,,,2540.7802,,17020.3418,,
2026-09-02 19:35:53,42.4653876,-82.8182079,,6.5507,289.3895,297.8335,,0.0,,,292.3,1.5212,-1.0172,,295.5717,,,,,,,,,,19.3091,-19.9215,13.3329,-29.5684,270.3158,35.0183,,6.5423,,,,,,,,,,,,,,,,,,,,,
2026-09-02 19:35:54,42.4653982,-82.8182481,18.3301,6.5702,287.8139,298.4121,-24.4699,0.0,7.6753,-0.3421,292.3032,1.5193,-1.016,298.2282,296.3796,,,,,,,,,,18.964,-19.2802,12.8123,-29.2568,272.6738,35.0985,,6.55,,,,,,,,,,,,,,,,,2539.9366,,16997.0478,,
2026-09-02 19:35:55,42.4654094,-82.8182887,,6.6091,290.0026,299.6956,20.5337,0.0,7.676,-0.2979,292.3055,1.5174,-1.0148,300.0909,,,,,,,,,,,19.6366,-18.9569,13.4169,-28.3887,274.1012,35.11,,6.6037,,,,,,,,,,,,,,,,,2538.4525,,16984.9087,,
2026-09-02 19:35:56,42.4654218,-82.8183293,18.4613,7.0367,291.4178,,110.5339,0.0,8.2288,0.9297,292.3052,1.5154,-1.0135,300.1131,297.5427,3.2838,13.4844,10.0,0.0038,48.092,17.2659,68.2533,0.0,0.0,18.611,-20.3496,12.3283,-31.6658,271.6077,35.0814,,7.0359,,,,,,,,,,,,,,,,,,,,,
2026-09-02 19:35:57,42.4654347,-82.818371,,7.1533,291.647,302.1937,24.2533,0.0,8.2038,0.1672,292.3046,1.5134,-1.0122,301.9566,300.2815,,,,,,,,,,19.3645,-21.2689,12.866,-33.0904,272.8319,35.3908,,7.1529,,,,,,,,,,,,,,,,,2489.8403,,16960.3024,,
2026-09-02 19:35:58,42.4654495,-82.8184135,19.0846,7.581,291.6355,303.7521,140.5076,0.0,10.1145,1.4347,,,,303.1668,301.8342,,,,,,,,,,19.2213,-21.9616,12.5171,-35.05,273.9235,35.7231,,,,,,,,,,,,,,,,,,,,,,,
2026-09-02 19:35:59,42.4654645,-82.8184602,,7.8531,294.6665,306.3763,114.2638,0.0,9.9254,0.8992,292.2996,1.5105,-1.0101,305.2395,304.4812,3.2839,13.4844,10.0,0.0018,48.092,17.2659,67.3195,0.0,,,,,,,36.1184,,7.5416,,,,,,,,,,,,,,,,,2431.0297,,16933.7276,,
2026-09-02 19:36:00,42.46548,-82.8185106,19.3799,8.203,293.8872,308.7827,95.5006,0.0,8.9189,0.7811,292.2973,1.508,-1.0084,305.9502,306.5897,,,,,,,,,0.0,18.3951,-21.618,11.3493,-36.6648,276.0587,36.1184,,7.6572,,,,,,,,,,,,,,,,,,,,,
2026-09-02 19:36:01,42.4654968,-82.8185568,,8.2808,297.0901,310.1635,-69.4665,0.0,8.746,0.4604,292.2922,1.5046,-1.006,,307.8502,,,,,,,,,,18.8597,-22.8747,11.7018,-38.7918,275.2395,36.1184,,8.1807,,,,,,,,,,,,,,,,,2394.7919,,16905.1843,,
2026-09-02 19:36:02,42.4655129,-82.8186054,19.3143,8.9222,295.2566,310.1807,91.781,,9.102,1.1389,292.2897,1.5023,-1.0044,307.3666,307.9992,,,,,,,,,,20.3773,-20.4558,12.8112,-33.7718,284.7977,35.8606,,8.6463,,,,,,,,,,,,,,,,,,,,,
2026-09-02 19:36:03,42.4655301,-82.8186545,19.2487,8.5918,295.5488,311.4297,,0.0,,,292.2845,1.4999,-1.0027,305.8186,309.2998,3.2839,13.4844,10.0,0.0043,48.092,17.2659,67.1124,0.0,,21.0125,-22.7693,13.3019,-37.6882,280.9237,35.895,,9.0367,,,,,,,,,,,,,,,,,2380.9759,,16875.3286,,
2026-09-02 19:36:04,42.4655483,-82.8187049,,8.6306,296.1103,311.934,16.79,0.0,8.2036,0.5987,292.2787,1.4974,-1.0009,307.2475,309.6321,,,,,,,,,0.0,20.9191,-21.8219,13.0607,-36.54,284.0658,35.895,,9.3224,,,,,,,,,,,,,,,,,,,,,
2026-09-02 19:36:05,42.4655674,-82.8187568,19.2159,9.0777,296.7234,311.8022,1.7876,0.0,9.56,0.8938,292.2711,1.4948,-0.9991,306.6372,,,,,,,,,,,21.1866,-23.0744,13.3029,-38.6229,282.7675,35.9924,,9.0499,,,,,,,,,,,,,,,,,2330.5366,,16844.1606,,
2026-09-02 19:36:06,42.4655852,-82.8188089,,9.2916,296.4083,,-84.4551,0.0,10.8468,0.5646,292.267,1.4926,-0.9975,306.564,309.3456,,,,,,,,,,21.1335,-22.7715,13.0862,-38.6877,283.2301,36.3132,,9.4008,,,,,,,,,,,,,,,,,2342.4089,,16827.7564,,
2026-09-02 19:36:07,42.4656052,-82.8188622,19.3143,9.4471,299.5882,311.6818,16.7762,0.0,12.5152,0.4843,292.2602,1.4899,-0.9956,305.4546,309.3858,3.2839,13.4844,10.0,0.0024,48.092,17.2659,66.0526,0.0,,21.7837,-23.9707,13.6026,-40.5879,279.4498,36.3877,,9.5287,,,,,,,,,,,,,,,,,,,,,
2026-09-02 19:36:08,42.4656262,-82.818922,,9.8164,293.8414,312.3923,-275.7245,0.0,13.3968,0.8302,,,,,309.7238,,,,,,,,,0.0,23.8891,-26.3352,15.7664,-42.2349,278.8756,36.6799,,,,,,,,,,,,,,,,,,,2314.6841,,16793.9638,,
2026-09-02 19:36:09,42.4656434,-82.8189801,19.3143,9.8747,293.1252,308.8858,-50.7205,0.0,16.1639,1.8868,292.251,1.4856,-0.9926,310.2558,306.4522,,,,,,,,,,21.8959,-22.0589,13.1752,-38.6194,284.7,36.6684,,9.7767,,,,,,,,,,,,,,,,,,,,,
2026-09-02 19:36:10,42.4656572,-82.8190392,,9.9913,286.6622,307.2643,-114.4701,0.0,13.4811,0.0254,292.254,1.4828,-0.9907,306.708,304.7161,,,,,,,,,,22.7826,-18.0479,13.6003,-31.2638,292.8213,,,10.0691,,,,,,,,,,,,,,,,,1866.5943,,16758.8588,,
2026-09-02 19:36:11,42.4656721,-82.8190969,19.6424,10.3024,288.9999,307.3675,76.7614,0.0,11.9615,0.9753,292.2652,1.4788,-0.9883,302.9054,305.1,3.284,13.4844,10.0,0.0036,48.092,17.2659,67.0194,0.0,,22.2953,-18.2973,13.163,-32.1244,289.1231,36.6799,,10.0079,,,,,,,,,,,,,,,,,,,,,
2026-09-02 19:36:12,42.4656875,-82.8191548,,10.0885,289.8995,306.445,-92.0044,0.0,12.2306,0.2748,292.2698,1.4761,-0.9865,302.7742,303.8223,,,,,,,,,0.0,22.4666,-19.2327,13.3486,-33.6702,285.4657,36.6799,,9.85,,,,,,,,,,,,,,,,,2036.3895,,16724.7381,,
2026-09-02 19:36:13,42.4657011,-82.8192128,19.2487,9.7192,287.1378,304.9324,-46.9734,0.0,11.5427,0.7126,292.277,1.4734,-0.9849,302.055,302.4129,,,,,,,,,,,,,,,36.6971,,10.0678,,,,,,,,,,,,,,,,,1939.2316,,16707.3496,,
2026-09-02 19:36:14,42.465715,-82.8192722,,9.8747,287.5847,304.0558,,0.0,,,292.286,1.4706,-0.9832,301.759,301.9144,,,,,,,,,,22.3672,-17.8994,13.214,-31.3486,288.0848,36.6799,,10.0001,,,,,,,,,,,,,,,,,,,,,
2026-09-02 19:36:15,42.4657313,-82.8193351,19.1503,9.8553,287.3498,303.4886,54.2786,0.0,9.2992,0.4408,,,,302.3647,,3.284,13.4844,10.0,0.0011,48.092,17.2659,67.1329,0.0,,22.3065,-16.6987,13.1799,-29.0984,288.1358,36.6684,,,,,,,,,,,,,,,,,,,1920.596,,16673.2289,,
2026-09-02 19:36:16,42.4657464,-82.81939,,9.4082,288.5645,,-35.7285,0.0,9.3973,0.5722,292.2938,1.4666,-0.9807,301.7682,300.9747,,,,,,,,,0.0,21.4118,-18.2837,12.6086,-32.1922,282.3064,36.5424,,9.9462,,,,,,,,,,,,,,,,,2212.8626,,16656.1685,,
2026-09-02 19:36:17,42.4657609,-82.8194448,18.8878,9.4665,288.8567,302.2166,-5.7342,0.0,8.7012,0.6274,292.2983,1.464,-0.979,301.1266,299.6856,,,,,,,,,,20.6426,-17.283,11.9071,-31.0007,283.5079,36.5252,,9.3457,,,,,,,,,,,,,,,,,,,,,
2026-09-02 19:36:18,,,,8.7278,287.0175,301.552,-76.9883,0.0,8.2017,-0.4291,292.3023,1.4615,-0.9774,302.5103,299.4392,,,,,,,,,,19.3827,-16.5372,11.0037,-30.0915,283.1899,36.0726,,9.4828,,,,,,,,,,,,,,,,,2035.7262,,16624.0163,,
2026-09-02 19:36:19,42.4657748,-82.8194967,19.0846,8.825,288.7765,301.0191,1.7567,0.0,6.9321,-0.114,292.3056,1.459,-0.9758,,298.6371,3.2841,13.4844,10.0,0.0014,48.092,17.2659,67.3891,0.0,,18.7418,-15.329,10.421,-28.3884,283.3226,35.8377,,8.7791,,,,,,,,,,,,,,,,,2221.4723,,16608.5963,,
2026-09-02 19:36:20,42.4657892,-82.8195472,,8.0669,292.5981,301.2254,95.4869,0.0,7.422,0.7765,292.3072,1.4567,-0.9743,302.2869,299.2043,,,,,,,,,0.0,19.9979,-17.5399,12.1697,-29.6847,277.9935,35.7001,,8.6867,,,,,,,,,,,,,,,,,2355.9311,,16593.5045,,
2026-09-02 19:36:21,42.4658048,-82.8195938,18.7238,8.2224,289.8536,303.1219,-50.7618,0.0,5.5707,-0.2229,292.3041,1.4544,-0.9727,304.5646,300.8945,,,,,,,,,,20.4705,-14.422,12.6258,-23.8166,285.8565,35.7001,,8.3194,,,,,,,,,,,,,,,,,,,,,
2026-09-02 19:36:22,42.4658173,-82.8196413,18.3301,8.1058,294.4258,302.9213,,0.0,,,292.3075,1.4522,-0.9713,304.0429,300.9461,,,,,,,,,,20.0544,-18.7165,12.5137,-30.9473,277.2387,35.3105,,8.2553,,,,,,,,,,,,,,,,,2368.3321,,16565.2892,,
2026-09-02 19:36:23,42.4658324,-82.8196872,,7.9114,293.9273,304.1876,84.2248,0.0,8.0173,0.359,292.3046,1.45,-0.9697,305.63,301.9201,3.2841,13.4844,10.0,0.0028,48.092,17.2659,66.9328,0.0,,19.2469,-16.8925,11.8471,-28.1689,281.7516,35.3506,,7.7887,,,,,,,,,,,,,,,,,2381.9585,,16551.5097,,
2026-09-02 19:36:24,42.46584900809413,-82.81973608978868,18.5925,8.1836,290.9995,305.1845,16.7143,0.0,6.8558,0.4937,292.3008,1.4478,-0.9682,305.9188,302.94,,,,,,,,,0.0,19.3916,-17.1453,11.9847,-28.4889,284.1416,35.4882,,8.0663,,,,,,,,,,,,,,,,,2385.5546,,16537.7302,,
2026-09-02 19:36:25,42.46586423361152,-82.81978202580392,,7.6976,296.7463,306.6054,147.9537,0.0,8.141,1.0505,292.2976,1.4456,-0.9667,306.8124,304.4755,,,,,,,,,,19.4103,-20.6805,12.3247,-33.7927,276.5889,35.2876,,8.063,,,,,,,,,,,,,,,,,,,,,
2026-09-02 19:36:26,42.46588158278205,-82.81982524683964,18.3301,8.1641,296.4254,307.2013,-62.072,0.0,7.323,0.2527,292.288,1.4434,-0.9651,,,,,,,,,,,,18.6548,-20.3822,11.3919,-34.7732,278.2992,36.1642,,7.7393,,,,,,,,,,,,,,,,,2359.8674,,16509.843,,
2026-09-02 19:36:27,42.46589796906095,-82.81987062621995,,8.0669,294.7753,,-9.5672,0.0,8.6721,0.0238,292.2823,1.4412,-0.9635,306.7108,304.9167,3.2841,13.4844,10.0,0.0029,48.092,17.2659,66.6175,0.0,,19.4713,-20.8299,12.2177,-34.5212,279.3702,35.7861,,8.1101,,,,,,,,,,,,,,,,,2365.8369,,16495.7354,,
2026-09-02 19:36:28,42.46591365078523,-82.8199153016674,18.2644,8.0086,295.3884,306.932,,0.0,,,292.277,1.439,-0.9619,306.0222,304.7104,,,,,,,,,0.0,,,,,,35.8147,,8.117,,,,,,,,,,,,,,,,,2362.1492,,16481.9559,,
2026-09-02 19:36:29,42.46592932366277,-82.81996077922838,,8.5335,295.1363,307.7743,-103.3421,0.0,8.1851,0.1482,292.2732,1.4368,-0.9603,306.9349,305.4037,,,,,,,,,,19.4518,-20.1557,12.0709,-33.7291,281.2769,35.9408,,8.4072,,,,,,,,,,,,,,,,,,,,,
2026-09-02 19:36:30,42.4659465,-82.8200128,18.6581,8.378,294.5977,308.2269,91.6331,0.0,8.2611,1.3517,292.2703,1.4345,-0.9587,307.2769,306.097,,,,,,,,,,20.3383,-21.1424,12.958,-34.4798,280.1478,36.0325,,8.383,,,,,,,,,,,,,,,,,2341.042,,16453.0845,,
2026-09-02 19:36:31,42.4659629,-82.8200615,,8.514,297.0213,308.4045,-2.1177,0.0,9.7081,0.7087,292.263,1.4309,-0.9562,306.9549,306.2173,3.2842,13.4844,10.0,0.0041,48.092,17.2659,66.3917,0.0,,20.6967,-22.8579,13.2811,-37.2535,278.3925,36.2559,,8.5396,,,,,,,,,,,,,,,,,2330.2787,,16437.9927,,
2026-09-02 19:36:32,42.4659803,-82.8201109,18.8222,8.9417,294.2539,308.6967,-88.3707,0.0,10.0457,0.2589,292.2613,1.4284,-0.9545,,306.286,,,,,,,,,0.0,21.1058,-22.7358,13.5686,-36.9535,279.352,36.2559,,8.8196,,,,,,,,,,,,,,,,,,,,,
2026-09-02 19:36:33,42.4659961,-82.8201625,,8.825,292.9934,307.7628,87.8619,0.0,8.8456,0.8492,292.2614,1.426,-0.9529,306.6894,305.5641,,,,,,,,,,20.535,-21.8082,12.8128,-36.5415,281.5293,36.2731,,8.8246,,,,,,,,,,,,,,,,,2322.6516,,16406.8247,,
2026-09-02 19:36:34,42.466012,-82.820214,18.7566,8.8056,295.1306,309.8255,144.0932,0.0,8.5806,1.4945,292.2578,1.4235,-0.9512,305.5307,307.644,,,,,,,,,,20.1006,-21.9742,12.3704,-37.4463,280.0469,36.3247,,8.7398,,,,,,,,,,,,,,,,,2322.9045,,16391.0766,,
2026-09-02 19:36:35,42.4660289,-82.8202635,,9.0972,294.294,310.2093,-118.3994,0.0,7.9253,0.6238,292.2534,1.4211,-0.9495,307.1409,307.7528,3.2842,13.4844,10.0,0.0052,48.092,17.2659,66.4216,0.0,,19.6784,-20.0967,11.805,-34.9441,284.2661,,,8.9879,,,,,,,,,,,,,,,,,,,,,
2026-09-02 19:36:36,42.4660463,-82.8203153,18.6581,8.9805,295.2452,308.9832,,0.0,,,292.2489,1.4186,-0.9477,307.5283,,,,,,,,,,0.0,19.8789,-22.9782,12.1394,-39.7375,280.1066,36.3476,,8.9909,,,,,,,,,,,,,,,,,2303.6882,,16359.5806,,
2026-09-02 19:36:37,42.4660635,-82.8203647,,8.8056,294.7982,,16.5734,0.0,9.0301,0.5067,292.2441,1.4162,-0.946,306.2553,306.7043,,,,,,,,,,19.6663,-21.5344,11.8927,-37.3719,281.8632,36.3476,,8.8151,,,,,,,,,,,,,,,,,2312.4134,,16344.4887,,
2026-09-02 19:36:38,42.4660821,-82.8204197,18.7566,9.0777,294.443,309.8484,-9.6704,0.0,8.8774,0.332,,,,307.8811,307.5064,,,,,,,,,,19.7558,-21.3909,11.9096,-37.2299,282.7638,36.3476,,,,,,,,,,,,,,,,,,,,,,,
2026-09-02 19:36:39,42.466099,-82.8204718,,8.8056,295.1191,309.0692,-80.9142,0.0,9.1986,0.2283,292.2388,1.4124,-0.9434,306.4065,306.3663,3.2843,13.4844,10.0,0.0028,48.092,17.2659,66.3917,0.0,,19.9361,-22.0898,12.1224,-38.2032,281.6485,36.3476,,8.884,,,,,,,,,,,,,,,,,2309.9205,,16312.9926,,
2026-09-02 19:36:40,42.4661163,-82.8205228,18.2316,8.7473,294.2539,308.2212,-17.1715,0.0,9.2428,0.4348,292.2348,1.4087,-0.9409,,305.9308,,,,,,,,,0.0,19.8149,-21.3848,12.0467,-36.8527,282.2246,36.3476,,8.6069,,,,,,,,,,,,,,,,,,,,,
2026-09-02 19:36:41,42.4661319,-82.8205736,,8.8056,293.2054,308.7197,72.8218,0.0,6.1548,0.7654,,,,306.8961,306.5553,,,,,,,,,,19.5359,-19.5949,11.6932,-34.0767,285.9869,36.3476,,,,,,,,,,,,,,,,,,,2316.2071,,16281.8247,,
2026-09-02 19:36:42,42.4661481,-82.820624,18.5269,8.5723,298.0928,308.3186,106.553,0.0,8.49,1.2802,292.2318,1.4051,-0.9384,307.2476,306.0798,,,,,,,,,,19.9135,-23.1494,12.4296,-39.0378,277.7632,35.9924,,8.6095,,,,,,,,,,,,,,,,,2307.0498,,16266.4047,,
2026-09-02 19:36:43,42.4661652,-82.820671,,8.3974,295.7322,309.5333,-84.6992,0.0,7.6229,-0.5154,292.2254,1.4028,-0.9367,306.9056,307.2601,3.2843,13.4844,10.0,0.0049,48.092,17.2659,66.5253,0.0,,20.349,-20.3037,12.806,-33.4621,283.7128,35.9637,,8.4491,,,,,,,,,,,,,,,,,,,,,
2026-09-02 19:36:44,42.4661818,-82.8207174,18.8222,8.5723,296.6775,309.4817,,0.0,,,292.2193,1.4005,-0.9351,308.6826,307.2085,,,,,,,,,0.0,19.2709,-22.8494,11.8381,-39.2065,278.7554,36.0554,,8.3897,,,,,,,,,,,,,,,,,2310.5643,,16237.2052,,
2026-09-02 19:36:45,42.4661992,-82.8207641,,8.3196,298.3563,309.1436,65.2966,0.0,8.1216,1.3962,292.2118,1.3982,-0.9334,308.1843,306.7788,,,,,,,,,,20.371,-23.0778,13.0783,-37.6295,278.6865,36.0554,,8.6059,,,,,,,,,,,,,,,,,2325.2917,,16222.4415,,
2026-09-02 19:36:46,42.4662195,-82.820814,18.2644,9.0777,291.7845,310.4557,69.0231,0.0,9.4772,0.486,292.201,1.3959,-0.9317,307.9868,,,,,,,,,,,,,,,,36.0554,,8.4064,,,,,,,,,,,,,,,,,2321.1153,,16208.0058,,
2026-09-02 19:36:47,42.4662366,-82.8208612,,8.3002,296.3911,309.9229,-65.9704,0.0,8.3578,0.0454,292.1941,1.3936,-0.93,307.7025,307.9534,3.2843,13.4844,10.0,0.002,48.092,17.2659,66.5076,0.0,,20.0014,-20.8152,12.5061,-34.634,285.2145,36.0554,,7.7767,,,,,,,,,,,,,,,,,2311.5336,,16193.242,,
2026-09-02 19:36:48,42.4662539,-82.8209079,18.5925,8.4363,295.7494,,-88.4876,0.0,10.3058,-0.1596,292.186,1.3913,-0.9283,307.3577,307.5523,,,,,,,,,0.0,19.9181,-23.1735,12.6528,-38.2778,279.7128,36.2903,,8.5572,,,,,,,,,,,,,,,,,,,,,
2026-09-02 19:36:49,42.46627,-82.8209567,,8.378,292.7413,309.6192,23.9886,0.0,9.3863,1.0212,292.1826,1.3889,-0.9267,307.5213,307.432,,,,,,,,,,19.5676,-21.734,12.1869,-36.4814,282.5056,36.2903,,8.3467,,,,,,,,,,,,,,,,,2305.4929,,16163.3863,,
2026-09-02 19:36:50,42.4662853,-82.821007,18.7566,8.5529,296.9182,310.026,-13.5378,0.0,10.5679,0.8168,292.1824,1.3865,-0.9251,,307.5695,,,,,,,,,,20.0761,-23.0779,12.7033,-38.2784,282.0799,36.3132,,8.6041,,,,,,,,,,,,,,,,,2294.8024,,16147.9664,,
2026-09-02 19:36:51,42.4663023,-82.8210574,,8.5918,295.1248,309.39,50.1602,0.0,10.1252,0.5244,292.1773,1.3841,-0.9234,305.51,307.2601,3.2844,13.4844,10.0,0.0024,48.092,17.2659,65.7391,0.0,,19.9179,-22.0798,12.3341,-37.3745,282.2419,36.3247,,8.5509,,,,,,,,,,,,,,,,,,,,,
2026-09-02 19:36:52,42.4663193,-82.8211092,18.8878,9.1749,295.1248,310.8396,,0.0,11.7596,2.138,292.1733,1.3816,-0.9217,308.7958,308.3029,,,,,,,,,0.0,19.789,-23.0102,11.9957,-40.1542,280.4785,36.3476,,8.7804,,,,,,,,,,,,,,,,,2269.7275,,16116.7984,,
2026-09-02 19:36:53,42.4663372,-82.8211615,,10.5745,301.0721,310.9828,125.1477,0.0,,,292.1709,1.379,-0.9199,307.2422,308.6294,,,,,,,,,,20.3523,-23.8435,12.549,-40.9658,278.5858,36.6799,,9.0268,,,,,,,,,,,,,,,,,2249.5613,,16100.3942,,
2026-09-02 19:36:54,42.4663599,-82.821219,19.5112,9.5637,301.7368,310.5703,-122.3735,0.0,12.9023,-0.7659,292.1545,1.3761,-0.9177,307.9682,308.3659,,,,,,,,,,22.3502,-22.2679,14.0484,-37.0755,279.4199,36.8403,,8.8829,,,,,,,,,,,,,,,,,2250.429,,16082.0215,,
2026-09-02 19:36:55,42.4663761,-82.8212714,,,,310.5073,38.8947,0.0,13.0033,2.0428,292.1513,1.3735,-0.9159,306.5936,307.8789,3.2844,13.4844,10.0,0.0037,48.092,17.2659,65.8396,0.0,,22.4371,-23.1911,14.2562,-38.3,277.768,36.8403,,9.0277,,,,,,,,,,,,,,,,,,,,,
2026-09-02 19:36:56,42.4663927,-82.8213243,19.3799,9.797,301.7368,309.2869,-24.8618,0.0,13.1819,-0.0951,292.1502,1.371,-0.9142,305.4331,307.0366,,,,,,,,,0.0,22.3921,-22.3116,13.9356,-37.5911,277.5317,36.8403,,9.4685,,,,,,,,,,,,,,,,,2239.9541,,16051.1816,,
2026-09-02 19:36:57,42.4664093,-82.8213796,,9.8941,301.7368,308.1524,-21.1181,0.0,14.0719,1.7161,292.1503,1.3687,-0.9126,303.7747,,,,,,,,,,,21.4208,-22.245,12.8921,-38.977,284.2802,36.8403,,9.4685,,,,,,,,,,,,,,,,,1998.3683,,16034.4493,,
2026-09-02 19:36:58,42.4664236,-82.821431,19.3143,9.6609,292.9189,,-84.8677,0.0,10.9173,-0.0421,292.1539,1.366,-0.911,,305.7876,,,,,,,,,,22.4464,-20.9918,13.8779,-35.4093,284.1081,,,9.597,,,,,,,,,,,,,,,,,2249.5948,,16017.717,,
2026-09-02 19:36:59,42.4664379,-82.8214864,,10.0885,290.2833,307.4534,,0.0,,,292.1564,1.3636,-0.9094,304.0626,304.9281,3.2844,13.4844,10.0,0.0026,48.092,17.2659,66.0773,0.0,,,,,,,36.8403,,9.6557,,,,,,,,,,,,,,,,,1936.5152,,16002.2971,,
2026-09-02 19:37:00,42.4664537,-82.8215426,19.0846,9.5831,290.7474,305.0069,-24.8652,0.0,12.3761,1.6466,292.1642,1.361,-0.9078,301.3768,302.5274,,,,,,,,,0.0,21.8185,-24.819,13.5786,-42.4129,276.4992,36.8231,,9.5272,,,,,,,,,,,,,,,,,,,,,
2026-09-02 19:37:01,42.4664712,-82.8215953,,9.9136,287.8769,302.0562,-156.1115,0.0,12.8638,-1.005,292.1688,1.3584,-0.9061,300.4043,299.4736,,,,,,,,,,22.0946,-22.9115,13.8308,-38.4563,277.8415,36.8231,,9.1883,,,,,,,,,,,,,,,,,1859.5672,,15969.8168,,
2026-09-02 19:37:02,42.4664808,-82.8216508,19.2159,8.9611,283.6771,299.8388,-73.6056,0.0,10.8051,1.5515,292.1675,1.3559,-0.9044,299.4754,297.0672,,,,,,,,,,20.3189,-21.6805,12.1217,-38.2617,277.698,36.8231,,9.3038,,,,,,,,,,,,,,,,,,,,,
2026-09-02 19:37:03,42.4664865,-82.8217094,,9.2916,284.5137,297.5011,61.3844,0.0,8.9143,0.7273,292.1885,1.3534,-0.9032,297.4346,295.1707,3.2845,13.4844,10.0,0.0044,48.092,17.2659,66.7941,0.0,,20.7884,-20.8371,12.6731,-35.6967,276.4911,36.806,,9.1884,,,,,,,,,,,,,,,,,1877.271,,15937.6646,,
2026-09-02 19:37:04,42.466495,-82.8217627,18.3957,8.0086,284.4735,296.9053,-13.6135,0.0,9.3797,-0.2731,292.2249,1.3498,-0.9014,298.3918,294.4659,,,,,,,,,0.0,21.2024,-21.606,13.8248,-34.383,272.5298,36.783,,8.0363,,,,,,,,,,,,,,,,,1986.6629,,15924.8693,,
2026-09-02 19:37:05,42.4665025,-82.8218154,,8.514,284.5366,296.2349,20.1177,0.0,8.9678,0.3343,292.2439,1.3475,-0.9001,298.3261,293.8701,,,,,,,,,,20.9534,-21.3156,13.4273,-34.5588,270.2725,36.783,,8.3346,,,,,,,,,,,,,,,,,,,,,
2026-09-02 19:37:06,42.4665112,-82.8218641,18.166,7.6393,288.3525,296.8193,-28.6502,0.0,8.3268,-0.4517,292.2583,1.3453,-0.899,299.4346,294.5576,,,,,,,,,,20.0366,-20.8115,12.8783,-33.5581,269.3971,36.4106,,7.631,,,,,,,,,,,,,,,,,2239.1391,,15895.3417,,
2026-09-02 19:37:07,42.4665179,-82.821913,17.7723,8.3196,286.3013,297.1345,91.3272,0.0,10.308,0.6851,292.2759,1.3434,-0.898,298.5032,,3.2845,13.4844,10.0,0.002,48.092,17.2659,66.3826,0.0,,19.6523,-22.776,12.4018,-37.8397,264.9183,36.4278,,8.4051,,,,,,,,,,,,,,,,,,,,,
2026-09-02 19:37:08,42.4665279,-82.8219648,,8.1058,288.9426,,,0.0,,,292.289,1.341,-0.8966,,294.8956,,,,,,,,,0.0,20.046,-23.3063,12.8001,-38.288,262.8601,36.5252,,8.1111,,,,,,,,,,,,,,,,,2285.6831,,15867.7827,,
2026-09-02 19:37:09,42.4665409,-82.8220169,18.3957,8.5529,289.0973,298.2517,42.5009,0.0,11.4822,0.3608,,,,301.1987,296.2536,,,,,,,,,,19.9047,-25.6824,12.6572,-42.9638,260.1372,36.7372,,,,,,,,,,,,,,,,,,,,,,,
2026-09-02 19:37:10,42.4665534,-82.8220693,,9.3693,285.9804,298.1314,-111.2695,0.0,12.7107,1.2806,292.3015,1.3373,-0.8944,301.015,295.566,,,,,,,,,,19.8828,-26.0235,12.3024,-45.1602,259.5736,36.783,,8.9589,,,,,,,,,,,,,,,,,1914.6428,,15836.9428,,
2026-09-02 19:37:11,42.4665652,-82.8221207,19.0846,9.3499,283.7975,295.9771,-186.2227,0.0,13.0966,0.6446,292.3104,1.3348,-0.8929,299.0692,293.3429,3.2846,13.4844,10.0,0.0024,48.092,17.2659,67.071,0.0,,20.6275,-23.2754,12.5577,-40.4725,265.8619,36.806,,9.2603,,,,,,,,,,,,,,,,,1748.1064,,15821.8509,,
2026-09-02 19:37:12,42.4665756,-82.8221776,,9.8747,281.1618,294.5791,-13.7235,0.0,10.6421,1.1684,292.3252,1.3324,-0.8915,297.2532,292.1053,,,,,,,,,0.0,21.0043,-22.3544,12.7445,-38.8167,266.3916,36.7601,,9.2198,,,,,,,,,,,,,,,,,,,,,
2026-09-02 19:37:13,42.4665868,-82.8222358,18.5269,9.311,282.789,294.4186,65.0387,0.0,10.6034,0.8638,292.3397,1.3299,-0.8901,296.4777,292.2314,,,,,,,,,,21.0764,-20.9474,12.8275,-35.9737,266.5144,36.7601,,9.0513,,,,,,,,,,,,,,,,,1754.4143,,15791.011,,
2026-09-02 19:37:14,42.4665991,-82.8223011,18.2316,9.2916,282.8463,294.2525,16.2743,0.0,8.1635,1.049,292.3534,1.3273,-0.8885,296.8587,291.7558,,,,,,,,,,20.6732,-21.9112,12.6276,-37.657,264.0034,36.445,,9.2116,,,,,,,,,,,,,,,,,1741.5007,,15774.6068,,
2026-09-02 19:37:15,42.4666125,-82.822359,,8.7084,287.3441,294.6421,-66.2213,0.0,7.9457,-0.2309,292.3684,1.3244,-0.8869,298.2193,292.2543,3.2846,13.4844,10.0,0.0043,48.092,17.2659,67.3839,0.0,,,,,,,36.2559,,8.9448,,,,,,,,,,,,,,,,,,,,,
2026-09-02 19:37:16,42.4666225,-82.8224143,18.1004,8.7473,283.5511,294.7395,,0.0,,,292.3827,1.3215,-0.8852,298.0081,292.5179,,,,,,,,,0.0,20.2164,-20.1751,12.4408,-34.0869,266.5183,36.2559,,8.7308,,,,,,,,,,,,,,,,,1885.8595,,15739.8299,,
2026-09-02 19:37:17,42.466632,-82.8224691,,8.2613,285.4132,295.1807,31.2697,0.0,7.2548,0.5504,292.3943,1.3193,-0.8839,,293.0622,,,,,,,,,,19.9716,-20.0596,12.3936,-33.5539,266.6742,36.233,,7.9597,,,,,,,,,,,,,,,,,2124.8749,,15723.7538,,
2026-09-02 19:37:18,42.4666416,-82.822517,18.1004,8.3974,288.0488,296.6474,83.7573,0.0,7.5037,0.435,292.4101,1.3171,-0.8827,298.3124,,,,,,,,,,,19.7303,-20.3743,12.3055,-33.9323,266.9167,36.2559,,8.3166,,,,,,,,,,,,,,,,,2335.836,,15709.9743,,
2026-09-02 19:37:19,42.4666525,-82.8225626,,8.2224,289.0629,,83.7435,,7.8264,0.0831,292.4207,1.3149,-0.8814,299.976,294.5748,3.2846,13.4844,10.0,0.0046,48.092,17.2659,66.923,0.0,,19.2027,-19.9423,11.855,-33.5364,267.0549,36.2559,,8.4923,,,,,,,,,,,,,,,,,2291.682,,15696.5228,,
2026-09-02 19:37:20,42.466664,-82.8226091,18.2644,8.3196,288.6561,298.4752,57.486,0.0,7.3863,0.8551,292.4271,1.3128,-0.8801,301.0594,296.2707,,,,,,,,,0.0,18.6082,-19.6647,11.2277,-33.8985,268.3157,36.2559,,8.2272,,,,,,,,,,,,,,,,,,,,,
2026-09-02 19:37:21,42.466675,-82.8226583,,8.4946,289.4697,299.7815,23.7239,0.0,7.8245,0.084,292.4326,1.3106,-0.8787,302.8661,297.5885,,,,,,,,,,19.2163,-19.8625,11.8129,-33.5526,270.1087,36.2559,,8.1228,,,,,,,,,,,,,,,,,2229.0414,,15669.948,,
2026-09-02 19:37:22,42.4666887,-82.8227067,18.2316,8.3002,290.587,301.4603,19.9664,0.0,8.6416,1.0538,292.4428,1.3072,-0.8766,303.5169,299.2845,,,,,,,,,,18.8647,-21.1174,11.4653,-36.3558,269.4606,36.2559,,8.2958,,,,,,,,,,,,,,,,,2257.6022,,15655.5123,,
2026-09-02 19:37:23,42.4667045,-82.8227561,,8.378,293.9675,302.9901,1.2032,0.0,8.5807,0.2779,292.4409,1.3048,-0.875,,301.0034,3.2847,13.4844,10.0,0.002,48.092,17.2659,66.4494,0.0,,19.0744,-20.3208,11.4994,-35.1725,271.3378,36.2559,,8.375,,,,,,,,,,,,,,,,,,,,,
2026-09-02 19:37:24,42.4667209,-82.8228127,17.9035,8.8445,291.6756,304.6001,46.1964,0.0,8.0133,1.1812,292.4429,1.3021,-0.8732,304.9262,302.4701,,,,,,,,,0.0,18.411,-21.1461,10.8313,-37.8212,272.7406,36.2559,,8.8437,,,,,,,,,,,,,,,,,2238.4343,,15625.6567,,
2026-09-02 19:37:25,42.4667357,-82.8228643,17.6739,8.7278,292.7642,305.8262,,0.0,8.0981,0.3847,292.445,1.2999,-0.8718,306.316,303.3754,,,,,,,,,,18.5438,-20.8383,10.8338,-37.5094,275.9233,,,8.7266,,,,,,,,,,,,,,,,,,,,,
2026-09-02 19:37:26,42.466752,-82.8229158,,8.689,292.8158,305.597,-43.7866,0.0,,,292.4446,1.2974,-0.8701,304.4175,303.5187,,,,,,,,,,18.4787,-21.4921,10.8343,-38.6731,273.4315,36.2731,,8.7261,,,,,,,,,,,,,,,,,2231.0035,,15592.5202,,
2026-09-02 19:37:27,42.4667654,-82.8229684,17.9035,8.7862,292.7757,306.5653,-43.7866,0.0,8.2808,0.4123,,,,305.9098,304.2979,3.2847,13.4844,10.0,0.0036,48.092,17.2659,66.5795,0.0,,18.0058,-20.8152,10.2712,-38.5319,279.5409,36.2731,,,,,,,,,,,,,,,,,,,2236.7885,,15577.1002,,
2026-09-02 19:37:28,42.4667778,-82.8230195,,8.689,293.7154,307.0867,72.4574,0.0,7.7871,0.9952,292.4501,1.2937,-0.8677,304.5335,,,,,,,,,,0.0,18.6486,-22.141,11.409,-38.0278,276.8771,36.2731,,8.8912,,,,,,,,,,,,,,,,,,,,,
2026-09-02 19:37:29,42.4667838,-82.8230556,17.8379,6.7062,295.6921,,76.1908,0.0,7.6141,0.3658,292.4583,1.2916,-0.8665,306.7448,304.9281,,,,,,,,,,18.2934,-22.171,12.9505,-32.2126,281.095,36.2731,,8.7724,,,,,,,,,,,,,,,,,2351.8447,,15550.5254,,
2026-09-02 19:37:30,42.4667543,-82.8230784,17.4114,7.8142,295.7035,308.8858,-103.7993,0.0,7.7003,0.7384,292.5022,1.2907,-0.8666,305.9933,306.3262,,,,,,,,,,,,,,,36.3476,,3.7263,,,,,,,,,,,,,,,,,,,,,
2026-09-02 19:37:31,42.4667206,-82.8231,,7.3672,295.7035,308.2785,,0.0,,,292.651,1.2904,-0.8688,,306.1084,3.2847,13.4844,10.0,0.006,48.092,17.2659,66.4461,0.0,,19.6698,-32.5462,14.0409,-48.9078,263.5693,36.3476,,7.512,,,,,,,,,,,,,,,,,2300.4451,,15544.948,,
2026-09-02 19:37:32,42.4666931,-82.8231199,18.2316,6.9006,295.7035,309.4932,1.1791,0.0,9.5764,0.0591,292.7253,1.2902,-0.87,306.8313,307.2486,,,,,,,,,0.0,19.3823,-24.8472,13.2516,-37.923,276.9047,36.6283,,6.8913,,,,,,,,,,,,,,,,,2332.7066,,15544.2918,,
2026-09-02 19:37:33,42.4666657,-82.8231398,,6.9006,295.7035,308.4847,-21.3243,0.0,10.7738,0.4964,292.8081,1.29,-0.8712,305.3773,306.0912,,,,,,,,,,19.9726,-26.7647,14.141,-39.4969,275.0886,36.6455,,6.8918,,,,,,,,,,,,,,,,,,,,,
2026-09-02 19:37:34,42.4666382,-82.8231597,17.6083,6.9006,295.7035,309.3442,-17.5841,0.0,9.3196,0.6756,292.8907,1.2899,-0.8725,305.8653,307.0481,,,,,,,,,,19.6265,-26.2001,13.7743,-38.9829,275.5238,36.6283,,6.8923,,,,,,,,,,,,,,,,,2330.409,,15542.9795,,
2026-09-02 19:37:35,42.4666107,-82.8231797,,6.9006,295.7035,308.1066,49.9092,0.0,10.555,1.2464,292.9735,1.2897,-0.8737,304.923,305.7188,3.2848,13.4844,10.0,0.002,48.092,17.2659,66.4668,0.0,,19.5764,-26.8218,13.7746,-39.8865,274.6303,36.6455,,6.8928,,,,,,,,,,,,,,,,,2329.2485,,15542.3233,,
2026-09-02 19:37:36,42.4665833,-82.8231996,17.9035,6.9006,295.7035,307.9347,-36.3576,0.0,10.5957,-0.032,293.056,1.2895,-0.875,305.3917,305.587,,,,,,,,,0.0,19.866,-26.7678,14.0528,-39.5449,274.266,36.6455,,6.8933,,,,,,,,,,,,,,,,,2328.0445,,15541.6672,,
2026-09-02 19:37:37,42.4665558,-82.8232195,,6.9006,295.7035,309.0291,-17.615,0.0,11.4864,1.2012,293.1389,1.2894,-0.8762,306.0523,306.8189,,,,,,,,,,19.5548,-27.3117,13.7918,-40.5837,272.9061,36.7372,,6.8937,,,,,,,,,,,,,,,,,,,,,
2026-09-02 19:37:38,,,18.2316,6.9006,295.7035,307.23,,0.0,,,,,,,,,,,,,,,,,19.9946,-28.2536,14.2944,-41.4637,272.2345,36.7372,,,,,,,,,,,,,,,,,,,2325.7919,,15540.3548,,
2026-09-02 19:37:39,42.4665283,-82.8232395,,6.9006,295.7035,306.3018,-40.0979,0.0,11.9565,1.6579,293.2713,1.2891,-0.8782,303.8293,304.8078,3.2848,13.4844,10.0,0.0015,48.092,17.2659,66.8083,0.0,,19.92,-25.0683,13.9786,-37.1416,275.8688,36.7372,,6.8944,,,,,,,,,,,,,,,,,2324.5774,,15539.6987,,
2026-09-02 19:37:40,42.46649819225302,-82.82326142866613,18.166,6.9006,295.7035,,-17.5772,0.0,10.2851,0.6037,293.3955,1.2889,-0.8801,303.3102,303.9885,,,,,,,,,0.0,20.3067,-22.6322,14.1882,-33.4193,278.7004,36.7372,,6.895,,,,,,,,,,,,,,,,,2323.4214,,15539.0425,,
2026-09-02 19:37:41,42.466470731126094,-82.82328135638721,,6.9006,295.7035,307.1784,1.1585,0.0,9.0425,0.2392,293.4784,1.2887,-0.8814,302.4912,304.7333,,,,,,,,,,20.448,-24.9176,14.4845,-36.4967,275.4189,36.7601,,6.8954,,,,,,,,,,,,,,,,,2322.2666,,15538.3863,,
2026-09-02 19:37:42,42.46644327002563,-82.8233012841999,17.3458,6.9006,295.7035,307.3331,-13.8438,0.0,9.4062,0.9227,293.5612,1.2886,-0.8826,303.0887,305.1344,,,,,,,,,,20.0594,-24.6343,14.0837,-36.4189,275.7164,36.7372,,6.8958,,,,,,,,,,,,,,,,,,,,,
2026-09-02 19:37:43,42.46641580892517,-82.82332121201259,,6.9006,295.7035,306.2617,57.4104,0.0,9.6787,1.261,293.636,1.2884,-0.8838,302.7338,303.8854,3.2849,14.3665,10.0,0.0026,48.092,17.3804,66.6695,0.0,,19.109,-23.0619,13.043,-35.0231,276.9492,36.7372,,6.8961,,,,,,,,,,,,,,,,,2319.9445,,15536.7459,,
2026-09-02 19:37:44,42.466388347824704,-82.82334113982525,17.8379,6.9006,295.7035,305.8033,8.6597,0.0,9.4171,-0.1874,293.7187,1.2883,-0.885,302.7033,303.553,,,,,,,,,0.0,19.4854,-22.4919,13.3728,-33.8771,277.284,36.7372,,6.8965,,,,,,,,,,,,,,,,,2318.7798,,15536.0897,,
2026-09-02 19:37:45,42.46636088672424,-82.82336106763793,,6.9006,295.7035,305.4251,27.4126,0.0,9.9716,0.588,293.8018,1.2881,-0.8863,302.7666,303.0145,,,,,,,,,,19.5346,-23.7321,13.5062,-35.5983,274.8454,36.7372,,6.8968,,,,,,,,,,,,,,,,,,,,,
2026-09-02 19:37:46,42.46633342562378,-82.82338099545063,17.1161,6.9006,295.7035,304.9324,-40.0944,0.0,9.1315,0.0268,293.8846,1.288,-0.8875,,302.579,,,,,,,,,,,,,,,36.7372,,6.8972,,,,,,,,,,,,,,,,,2316.4515,,15534.7774,,
2026-09-02 19:37:47,42.4663032,-82.8234029,,6.9006,295.7035,304.2047,12.4034,0.0,9.0901,0.4927,293.976,1.2878,-0.8889,303.1572,301.8055,3.2849,14.3665,10.0,0.0052,48.092,17.3804,66.6545,0.0,,19.2672,-22.9348,13.1891,-34.699,275.1527,36.7372,,6.8975,,,,,,,,,,,,,,,,,,,,,
2026-09-02 19:37:48,42.4662757,-82.8234228,16.9849,6.9006,295.7035,303.0932,-2.5886,0.0,9.5234,0.095,294.0588,1.2877,-0.8902,302.5491,300.7742,,,,,,,,,0.0,19.5537,-23.041,13.477,-34.6015,274.2065,36.7372,,6.8978,,,,,,,,,,,,,,,,,2314.1108,,15533.4651,,
2026-09-02 19:37:49,42.4662482,-82.8234427,,6.9006,295.7035,302.4973,,0.0,,,294.142,1.2876,-0.8914,302.5595,,,,,,,,,,,19.4594,-22.8451,13.3712,-34.4033,273.1598,36.7372,,6.8981,,,,,,,,,,,,,,,,,2312.9356,,15532.8089,,
2026-09-02 19:37:50,42.4662208,-82.8234626,16.9849,6.9006,295.7035,,19.9114,0.0,8.9219,0.039,294.2248,1.2874,-0.8927,302.5509,300.1382,,,,,,,,,,19.7426,-22.3235,13.6139,-33.4241,273.2309,,,6.8983,,,,,,,,,,,,,,,,,2311.7632,,15532.1527,,
2026-09-02 19:37:51,42.4661933,-82.8234826,,6.9006,295.7035,301.7296,64.9012,0.0,8.3602,0.4666,294.3079,1.2873,-0.8939,302.0643,299.4507,3.2849,14.3665,10.0,0.0034,48.092,17.3804,66.8401,0.0,,19.5752,-22.0338,13.4304,-33.1475,272.4748,36.7372,,6.8986,,,,,,,,,,,,,,,,,2310.5935,,15531.4966,,
2026-09-02 19:37:52,42.4661659,-82.8235025,17.1161,6.9006,295.7035,301.7296,49.8955,0.0,8.5977,0.9331,294.3827,1.2872,-0.8951,302.2637,299.3017,,,,,,,,,0.0,19.3941,-22.8191,13.3055,-34.4226,270.6084,36.7372,,6.8988,,,,,,,,,,,,,,,,,,,,,
2026-09-02 19:37:53,42.4661357,-82.8235244,,6.9006,295.7035,301.6207,38.6196,0.0,8.3394,-0.369,294.474,1.2871,-0.8964,302.5678,299.4793,,,,,,,,,,19.9112,-21.8019,13.7452,-32.548,271.9123,36.7372,,6.899,,,,,,,,,,,,,,,,,2308.3087,,15530.1842,,
2026-09-02 19:37:54,42.4661082,-82.8235444,17.7395,6.9006,295.7035,301.6436,-43.876,0.0,8.6069,0.7846,294.5571,1.287,-0.8977,302.4223,299.1814,,,,,,,,,,19.4294,-22.8189,13.3401,-34.3917,270.1643,36.7372,,6.8993,,,,,,,,,,,,,,,,,2307.1354,,15529.5281,,
2026-09-02 19:37:55,42.4660807,-82.8235643,17.7723,6.9006,295.7035,300.2342,87.36,0.0,8.5253,0.5559,294.64,1.2868,-0.899,301.2436,297.9438,3.285,14.3665,10.0,0.0027,48.092,17.3804,66.5382,0.0,,19.7695,-22.4781,13.6505,-33.6222,270.1569,36.7372,,6.8994,,,,,,,,,,,,,,,,,2305.9473,,15528.8719,,
2026-09-02 19:37:56,42.4660505,-82.8235862,,6.9006,295.7035,301.191,,0.0,,,294.7233,1.2867,-0.9002,,298.8949,,,,,,,,,0.0,19.2436,-21.8254,13.0915,-33.1266,270.2177,36.7372,,6.8996,,,,,,,,,,,,,,,,,,,,,
2026-09-02 19:37:57,42.4660231,-82.8236061,16.5584,6.9006,295.7035,301.3686,-32.6345,0.0,7.0843,-0.2754,294.8065,1.2866,-0.9015,302.889,299.1183,,,,,,,,,,19.2648,-22.9023,13.1845,-34.6547,268.7927,36.6799,,6.8998,,,,,,,,,,,,,,,,,2303.6639,,15527.5596,,
2026-09-02 19:37:58,42.4659956,-82.8236261,16.7552,6.9006,295.7035,302.3827,72.3508,0.0,7.489,0.8034,294.8895,1.2865,-0.9027,301.4789,300.2872,,,,,,,,,,19.3966,-21.5282,13.2221,-32.5695,271.554,36.6684,,6.8999,,,,,,,,,,,,,,,,,,,,,
2026-09-02 19:37:59,42.4659681,-82.823646,,6.9006,295.7035,303.013,12.3381,0.0,8.0691,0.2078,294.9727,1.2864,-0.904,303.5359,,,,,,,,,,,19.5114,-22.3991,13.3921,-33.7226,271.5405,36.6684,,6.9001,,,,,,,,,,,,,,,,,2301.4355,,15526.2472,,
2026-09-02 19:38:00,42.4659407,-82.8236659,16.8537,6.9006,295.7035,,64.8256,0.0,8.0116,0.6731,295.0557,1.2863,-0.9052,303.3063,300.757,3.285,14.3665,10.0,0.0024,48.092,17.3804,66.4834,0.0,0.0,20.8729,-22.5411,14.7388,-32.8806,273.144,36.6799,,6.9002,,,,,,,,,,,,,,,,,,,,,
2026-09-02 19:38:01,42.4659105,-82.8236878,,0.0,295.7035,304.4454,-111.4174,0.0,8.0788,-0.1927,295.1307,1.2862,-0.9064,304.252,302.3097,,,,,,,,,,20.9876,-21.6018,14.7915,-31.4916,278.7457,36.6799,,6.9003,,,,,,,,,,,,,,,,,2299.2017,,15525.263,,
2026-09-02 19:38:02,42.4659022,-82.8236937,16.7552,0.0,295.7035,304.2277,49.8198,0.0,8.697,1.1672,295.1307,1.2862,-0.9064,302.7045,301.8628,,,,,,,,,,20.971,-22.8778,20.2904,-23.6912,281.1423,36.4278,,0.0,,,,,,,,,,,,,,,,,2324.2093,,15524.6068,,
2026-09-02 19:38:03,42.4659022,-82.8236937,,0.0,295.7035,304.9209,-25.1746,0.0,7.0693,0.543,295.1307,1.2862,-0.9064,305.1829,302.854,3.2851,14.3665,10.0,0.0024,48.092,17.3804,66.4787,0.0,,20.3521,-21.3691,20.2781,-21.4511,283.3702,36.5596,,0.0,,,,,,,,,,,,,,,,,,,,,
2026-09-02 19:38:04,42.4659022,-82.8236937,16.1319,0.0,295.7035,305.2647,-25.1781,0.0,9.1761,0.6555,295.1307,1.2862,-0.9064,304.565,302.9342,,,,,,,,,0.0,20.5912,-28.4708,20.5837,-28.4821,276.5891,36.5596,,0.0,,,,,,,,,,,,,,,,,2324.2694,,15524.9349,,
2026-09-02 19:38:05,42.4659022,-82.8236937,,0.0,295.7035,305.3392,49.8026,0.0,9.8191,0.6455,295.1307,1.2862,-0.9064,302.8482,303.2723,,,,,,,,,,,,,,,36.5596,,0.0,,,,,,,,,,,,,,,,,2324.2702,,15524.9349,,
2026-09-02 19:38:06,42.4659022,-82.8236937,16.8537,0.0,295.7035,306.0382,-133.9312,0.0,9.701,0.3688,295.1307,1.2862,-0.9064,304.8636,303.4556,,,,,,,,,,20.005,-22.68,20.0044,-22.6808,282.8633,36.6799,,0.0,,,,,,,,,,,,,,,,,2324.3329,,15525.263,,
2026-09-02 19:38:07,42.4659022,-82.8236937,,0.0,295.7035,304.6574,,0.0,,,295.1307,1.2862,-0.9064,,302.2925,3.2851,14.3665,10.0,0.0028,48.092,17.3804,66.7436,0.0,,19.5935,-23.2542,19.5934,-23.2542,282.5051,36.6799,,0.0,,,,,,,,,,,,,,,,,,,,,
2026-09-02 19:38:08,42.4659022,-82.8236937,16.624,8.9417,295.7035,304.9496,8.5531,0.0,10.668,0.0746,293.1664,1.2155,-0.8265,302.4426,302.728,,,,,,,,,0.0,20.8275,-24.1528,20.8275,-24.1528,281.0111,36.8518,,0.0,,,,,,,,,,,,,,,,,2324.2638,,15524.9349,,
2026-09-02 19:38:09,42.4671972,-82.8248612,,9.1749,295.7035,304.5256,34.7762,0.0,10.0101,0.9189,292.8336,1.2063,-0.8151,303.2924,,,,,,,,,,,21.5605,-23.7733,15.2557,-34.7306,271.7877,36.8403,,9.1634,,,,,,,,,,,,,,,,,,,,,
2026-09-02 19:38:10,42.467179,-82.8248978,16.7552,9.0389,295.7035,304.3537,12.2728,0.0,11.1461,0.7663,292.9096,1.2055,-0.8157,302.4649,302.2238,,,,,,,,,,21.9493,-24.324,14.2497,-39.3796,270.0235,36.8518,,8.7369,,,,,,,,,,,,,,,,,2134.7614,,15014.1081,,
2026-09-02 19:38:11,42.4672516,-82.8249694,16.3615,9.3304,289.8995,,-47.7228,0.0,10.8079,0.7484,292.7788,1.2009,-0.8106,302.0363,301.7883,3.2851,14.3665,10.0,0.003,48.092,17.3804,66.3736,0.0,,21.5082,-22.3342,13.5415,-37.1263,272.6586,36.8403,,9.3115,,,,,,,,,,,,,,,,,,,,,
2026-09-02 19:38:12,42.4672788,-82.8250109,,,,303.861,46.0005,0.0,10.504,0.0316,292.74,1.1986,-0.8084,301.9971,301.668,,,,,,,,,0.0,20.9659,-23.4406,12.9893,-39.9472,273.6614,37.0294,,9.518,,,,,,,,,,,,,,,,,2085.8936,,14969.1606,,
2026-09-02 19:38:13,42.4672982,-82.8250493,16.4928,9.622,290.1745,304.2391,83.4788,,11.7845,1.021,292.7189,1.1965,-0.8067,301.5335,301.817,,,,,,,,,,21.3278,-23.5695,13.1799,-40.3202,273.453,,,9.5206,,,,,,,,,,,,,,,,,,,,,
2026-09-02 19:38:14,42.4673221,-82.82509,,9.8747,290.3807,304.0672,,0.0,,,292.6899,1.1943,-0.8047,,301.6394,,,,,,,,,,21.5966,-24.3306,13.3097,-41.9532,270.4576,37.0294,,9.5761,,,,,,,,,,,,,,,,,2032.6671,,14941.9296,,
2026-09-02 19:38:15,42.4673564,-82.8251516,16.7552,10.0108,290.6787,303.4313,-51.5318,0.0,11.7183,0.2163,292.6497,1.191,-0.8019,301.9942,300.9633,3.2852,14.3665,10.0,0.0028,48.092,17.3804,66.14,0.0,,21.2133,-24.4957,12.7908,-43.4441,270.7301,37.2872,,10.0805,,,,,,,,,,,,,,,,,1826.9094,,14920.9322,,
2026-09-02 19:38:16,42.4673888,-82.8251976,,10.0497,289.0687,302.7208,-29.0215,0.0,11.895,0.7128,292.6011,1.1883,-0.7994,301.2079,300.2471,,,,,,,,,0.0,21.6109,-23.4082,12.9676,-41.4588,272.8948,37.2701,,10.3333,,,,,,,,,,,,,,,,,,,,,
2026-09-02 19:38:17,42.467416,-82.8252408,16.8537,10.1663,288.215,302.4515,27.2063,0.0,10.917,0.6913,,,,300.4188,299.9491,,,,,,,,,,21.4573,-22.9326,12.672,-41.2834,271.8627,37.2701,,,,,,,,,,,,,,,,,,,1836.078,,14888.78,,
2026-09-02 19:38:18,42.4674438,-82.8253003,,10.2635,290.1974,301.6837,-14.0466,0.0,12.3956,0.8522,292.5658,1.1845,-0.7963,299.5553,299.1699,,,,,,,,,,21.5594,-23.1504,12.7535,-41.6515,268.9912,37.2701,,10.0781,,,,,,,,,,,,,,,,,1823.2037,,14870.7354,,
2026-09-02 19:38:19,42.4674702,-82.8253492,17.2802,10.6328,287.092,298.8762,-201.5276,0.0,13.2891,-0.2549,292.5449,1.1817,-0.794,298.7987,296.4254,3.2852,14.3665,10.0,0.0014,48.092,17.3804,66.6432,0.0,,21.4522,-22.0171,12.3572,-40.6019,274.1563,37.2701,,10.6999,,,,,,,,,,,,,,,,,1522.1445,,14854.0031,,
2026-09-02 19:38:20,42.4674846,-82.8254071,,10.5551,284.9548,297.5355,-29.018,0.0,10.773,0.5224,292.5182,1.1791,-0.7919,297.1419,,,,,,,,,,0.0,21.1761,-20.3668,11.91,-38.2285,274.2189,37.2701,,10.3626,,,,,,,,,,,,,,,,,1586.0912,,14836.9427,,
2026-09-02 19:38:21,42.4674986,-82.8254694,16.7552,10.7106,283.4995,,23.4832,0.0,8.8784,0.6699,292.5291,1.1764,-0.7903,296.7888,295.2337,,,,,,,,,,20.8657,-19.598,11.7072,-36.7136,273.551,37.2471,,10.4377,,,,,,,,,,,,,,,,,1458.8772,,14818.8981,,
2026-09-02 19:38:22,42.4675173,-82.8255381,,9.9525,284.2214,296.6589,,0.0,,,292.54,1.1736,-0.7885,296.7529,294.4316,,,,,,,,,,19.9173,-20.235,11.038,-38.6162,269.9002,36.9778,,9.855,,,,,,,,,,,,,,,,,1508.204,,14798.2288,,
2026-09-02 19:38:23,42.4675335,-82.825605,16.6896,9.5831,282.9495,296.0172,12.2349,0.0,8.6679,0.2895,292.5465,1.1704,-0.7865,,293.744,3.2852,14.3665,10.0,0.0069,48.092,17.3804,67.0049,0.0,,19.1403,-21.1711,10.6425,-40.5062,266.167,36.9778,,9.6381,,,,,,,,,,,,,,,,,,,,,
2026-09-02 19:38:24,42.4675481,-82.8256664,,9.7581,286.0893,295.6161,-17.7732,0.0,8.7707,0.018,292.5544,1.1676,-0.7847,296.682,293.2627,,,,,,,,,0.0,,,,,,36.9778,,9.6463,,,,,,,,,,,,,,,,,1737.3234,,14761.8115,,
2026-09-02 19:38:25,42.4675678,-82.8257268,16.9849,9.6609,285.0866,295.576,-32.7892,0.0,9.4031,0.3608,292.5649,1.1648,-0.783,297.1694,293.2742,,,,,,,,,,19.0577,-22.4152,10.8835,-41.8905,261.5766,36.9778,,9.5652,,,,,,,,,,,,,,,,,1777.3769,,14743.1107,,
2026-09-02 19:38:26,42.467582,-82.8258354,,9.4082,284.124,295.0317,-25.2778,0.0,8.1344,0.3832,292.5647,1.1618,-0.781,297.4164,292.5408,,,,,,,,,,19.0357,-20.9042,10.6814,-39.4848,264.7493,36.9778,,9.5828,,,,,,,,,,,,,,,,,,,,,
2026-09-02 19:38:27,42.4675924,-82.8259216,16.2631,9.2138,284.9606,294.0806,-51.5284,0.0,8.3023,-0.067,292.6131,1.1574,-0.7787,296.7949,291.8017,3.2853,14.3665,10.0,0.0048,48.092,17.3804,67.4982,0.0,,18.8904,-21.771,10.7339,-40.7485,262.4458,36.5825,,9.2556,,,,,,,,,,,,,,,,,1729.2115,,14690.9454,,
2026-09-02 19:38:28,42.4676085,-82.8260002,,8.9611,283.0068,293.2441,49.7167,0.0,8.7164,1.0561,292.6589,1.1536,-0.7769,296.4996,290.9823,,,,,,,,,0.0,19.1977,-21.0223,11.2812,-37.6234,264.7576,36.5825,,8.8609,,,,,,,,,,,,,,,,,,,,,
2026-09-02 19:38:29,42.4676206,-82.8260658,16.1975,8.6112,285.9976,292.7055,-29.0283,0.0,8.0495,-0.2885,292.6789,1.1501,-0.7748,296.8292,290.3521,,,,,,,,,,19.0109,-20.6452,11.1914,-36.7934,262.6571,36.5825,,8.8818,,,,,,,,,,,,,,,,,1783.4394,,14649.6068,,
2026-09-02 19:38:30,42.4676317,-82.8261297,16.0007,8.6501,284.0553,293.4733,,0.0,,,292.7022,1.1471,-0.7732,,,,,,,,,,,,18.6372,-20.1787,10.9081,-36.112,264.3128,36.5825,,8.41,,,,,,,,,,,,,,,,,1911.4823,,14631.2341,,
2026-09-02 19:38:31,42.4676457,-82.8261896,,8.4363,285.247,293.817,-51.5387,0.0,7.5997,-0.2265,292.7246,1.1443,-0.7716,297.3504,290.9652,3.2853,14.3665,10.0,0.0032,48.092,17.3804,67.1686,0.0,,19.4742,-21.0264,11.9407,-35.8147,262.563,36.4908,,7.8331,,,,,,,,,,,,,,,,,2031.5543,,14613.8456,,
2026-09-02 19:38:32,42.4676598,-82.8262465,15.4429,8.2224,286.8399,,-36.5467,0.0,8.2482,0.4031,292.7364,1.1415,-0.7699,297.7242,291.7329,,,,,,,,,0.0,19.0989,-19.7651,11.6263,-33.7459,264.3961,36.4908,,8.1878,,,,,,,,,,,,,,,,,,,,,
2026-09-02 19:38:33,42.4676763,-82.8263025,,8.5529,288.1004,294.7452,180.9424,0.0,8.9371,0.6833,292.7455,1.1386,-0.7681,299.1311,292.8273,,,,,,,,,,19.3412,-21.4331,12.013,-36.0385,262.245,36.445,,8.3924,,,,,,,,,,,,,,,,,2127.76,,14578.4125,,
2026-09-02 19:38:34,42.4676968,-82.826362,15.2789,8.5723,287.3211,296.6474,109.6847,0.0,8.2223,0.3396,292.7477,1.1362,-0.7665,300.1328,294.529,,,,,,,,,,18.9095,-21.2115,11.3394,-37.1103,263.3334,36.445,,8.2845,,,,,,,,,,,,,,,,,2109.1638,,14563.3207,,
2026-09-02 19:38:35,42.4677181,-82.8264164,,8.4946,290.6844,300.0909,98.4021,0.0,8.1175,0.2909,292.7235,1.132,-0.7633,302.4583,298.1787,3.2854,14.3665,10.0,0.0029,48.092,17.3804,66.3002,0.0,,19.0663,-20.7951,11.477,-36.1424,266.6513,36.4908,,8.4705,,,,,,,,,,,,,,,,,,,,,
2026-09-02 19:38:36,,,15.082,8.8445,291.7788,302.5203,53.3882,0.0,8.444,1.2498,292.7263,1.1292,-0.7615,304.0613,300.3101,,,,,,,,,0.0,18.6456,-22.957,11.0237,-41.2783,265.1919,36.5023,,8.957,,,,,,,,,,,,,,,,,2114.9878,,14528.8719,,
2026-09-02 19:38:37,42.4677352,-82.8264743,,9.2138,294.8269,303.7979,-40.3488,0.0,9.9267,0.5457,292.725,1.1263,-0.7595,305.0638,301.6394,,,,,,,,,,19.3451,-24.2103,11.6553,-42.8945,263.5353,,,9.2076,,,,,,,,,,,,,,,,,2085.0333,,14510.8272,,
2026-09-02 19:38:38,42.46775573334788,-82.82653976429538,16.7552,9.5831,291.6985,303.7808,,0.0,,,,,,,301.3643,,,,,,,,,,19.0879,-23.7489,11.2467,-43.1186,267.8177,36.5596,,,,,,,,,,,,,,,,,,,2116.0023,,14493.7669,,
2026-09-02 19:38:39,42.467771545073134,-82.82659838651263,,9.3887,294.1222,304.9038,45.8836,0.0,9.3736,1.3911,292.7303,1.1223,-0.7568,303.2067,302.6535,3.2854,14.3665,10.0,0.0031,48.092,17.3804,66.5143,0.0,,19.3243,-24.6747,11.439,-44.8491,265.7279,36.5596,,9.447,,,,,,,,,,,,,,,,,2084.0723,,14475.3942,,
2026-09-02 19:38:40,42.46779118783867,-82.82665747990536,16.2631,9.5831,293.9445,304.6001,-62.8489,0.0,10.6422,0.4739,292.7344,1.1178,-0.7539,304.7879,302.4129,,,,,,,,,0.0,19.2527,-25.3122,11.3325,-46.5824,264.9269,36.6283,,9.581,,,,,,,,,,,,,,,,,,,,,
2026-09-02 19:38:41,42.46780803397207,-82.826719280776,,9.6998,292.3804,305.4939,-44.1029,0.0,11.7772,0.6732,,,,304.0364,,,,,,,,,,,20.3786,-23.9059,12.1489,-42.8238,270.2254,36.6799,,,,,,,,,,,,,,,,,,,2076.1808,,14436.3522,,
2026-09-02 19:38:42,42.4678311,-82.8267884,17.0505,10.108,290.2203,,-44.1269,0.0,10.8358,0.5538,292.7308,1.1134,-0.7508,304.2238,303.3296,,,,,,,,,,20.8057,-25.3545,12.3358,-46.2394,269.4059,37.0008,,9.9192,,,,,,,,,,,,,,,,,1832.3072,,14417.3233,,
2026-09-02 19:38:43,42.4678531,-82.8268572,,11.0021,294.5691,305.5798,132.092,0.0,11.7274,1.3498,292.726,1.11,-0.7485,302.2771,303.4957,3.2854,14.3665,10.0,0.0034,48.092,17.3804,65.6802,0.0,,21.1007,-24.3623,12.4251,-44.4695,269.5776,37.0008,,10.5161,,,,,,,,,,,,,,,,,,,,,
2026-09-02 19:38:44,42.4678763,-82.8269266,17.4114,10.8466,292.4377,306.9836,4.5963,0.0,12.2148,-0.0254,292.7212,1.1066,-0.7462,303.9157,304.8651,,,,,,,,,0.0,,,,,,37.5623,,10.398,,,,,,,,,,,,,,,,,1857.8002,,14376.969,,
2026-09-02 19:38:45,42.4679002,-82.8269894,,11.041,294.6607,307.8602,49.6032,0.0,12.2093,0.956,292.7073,1.1035,-0.7438,303.796,305.6271,,,,,,,,,,20.6103,-24.6247,11.7593,-46.9111,270.5213,37.6024,,10.7686,,,,,,,,,,,,,,,,,2017.9001,,14357.9401,,
2026-09-02 19:38:46,42.4679287,-82.8270469,17.7395,11.2743,293.7612,308.1295,30.8572,0.0,12.4146,0.8627,292.6769,1.1005,-0.7414,304.016,305.9022,,,,,,,,,,21.1421,-25.1147,12.109,-47.8211,271.0158,37.6196,,11.1573,,,,,,,,,,,,,,,,,1891.7858,,14339.2393,,
2026-09-02 19:38:47,42.4679561,-82.8271043,,11.663,294.0649,308.7999,-14.1257,0.0,11.1199,0.4002,292.6097,1.096,-0.7374,305.1855,306.733,3.2855,14.3665,10.0,0.0024,48.092,17.3804,65.9466,0.0,,21.4232,-23.4832,11.9272,-45.7034,273.2755,37.6024,,11.5044,,,,,,,,,,,,,,,,,1853.6997,,14319.8823,,
2026-09-02 19:38:48,42.4679896,-82.8271681,17.6083,11.2743,293.5607,309.0004,,0.0,,,292.5861,1.0928,-0.7349,,306.6527,,,,,,,,,0.0,21.2076,-22.3169,11.4431,-44.729,278.5307,37.5795,,11.3714,,,,,,,,,,,,,,,,,1871.7331,,14299.2131,,
2026-09-02 19:38:49,42.4680151,-82.8272245,17.1818,11.2937,293.4518,308.1983,30.9088,0.0,10.483,0.3359,292.5605,1.0902,-0.7328,303.1508,305.822,,,,,,,,,,21.555,-22.5341,11.8749,-44.0781,278.6986,37.6024,,11.3713,,,,,,,,,,,,,,,,,,,,,
2026-09-02 19:38:50,42.4680413,-82.8272807,16.7881,11.1576,295.7723,307.9805,12.1524,0.0,10.2735,0.0621,292.5397,1.0874,-0.7306,303.1503,305.6959,,,,,,,,,,21.8207,-22.298,12.1321,-43.0339,277.8885,37.5623,,11.109,,,,,,,,,,,,,,,,,1792.0943,,14264.4362,,
2026-09-02 19:38:51,42.4680657,-82.8273357,,11.0799,293.1367,307.7857,-6.5661,0.0,9.9946,-0.0847,292.5259,1.0845,-0.7285,303.6905,,3.2855,14.3665,10.0,0.0023,48.092,17.3804,66.5126,0.0,,21.3196,-23.2376,11.8669,-45.1395,274.9195,37.5623,,11.2546,,,,,,,,,,,,,,,,,1761.8696,,14246.3915,,
2026-09-02 19:38:52,42.4680875,-82.8273922,16.3615,10.9633,294.2826,,-2.819,0.0,9.9294,-0.1427,,,,303.1948,305.2662,,,,,,,,,0.0,20.4458,-23.6642,11.2241,-46.9827,273.0035,37.5623,,,,,,,,,,,,,,,,,,,,,,,
2026-09-02 19:38:53,42.4681093,-82.8274518,,11.0993,293.3601,306.9034,-6.5833,0.0,10.4671,0.0412,292.5128,1.0801,-0.7253,303.588,304.613,,,,,,,,,,20.0701,-24.2619,11.0439,-48.3092,270.9754,37.5623,,10.883,,,,,,,,,,,,,,,,,1981.3128,,14208.99,,
2026-09-02 19:38:54,42.4681289,-82.8275124,17.2474,10.9244,293.8128,307.3102,-51.5731,0.0,11.0725,-0.0052,292.5099,1.0771,-0.7233,303.7978,304.9453,,,,,,,,,,20.1625,-24.5769,11.1661,-48.6783,270.6692,37.5623,,11.118,,,,,,,,,,,,,,,,,1865.1686,,14190.2892,,
2026-09-02 19:38:55,42.4681495,-82.8275795,17.1161,11.2354,292.6267,306.6284,,0.0,,,292.5045,1.0741,-0.7212,302.7114,304.275,3.2856,14.3665,10.0,0.0033,48.092,17.3804,66.1777,0.0,,21.8086,-23.9281,12.6229,-44.4861,273.8202,37.5393,,10.9243,,,,,,,,,,,,,,,,,,,,,
2026-09-02 19:38:56,42.4681693,-82.8276383,,10.9438,292.3173,306.6857,45.9214,0.0,9.5682,0.608,292.5043,1.0714,-0.7194,303.1811,304.4354,,,,,,,,,0.0,21.2253,-22.4649,11.9683,-42.6615,275.8504,37.5393,,10.6318,,,,,,,,,,,,,,,,,1743.567,,14153.2157,,
2026-09-02 19:38:57,42.4681921,-82.827697,16.9193,10.419,293.2513,306.6513,-32.8202,0.0,8.2671,-0.0939,292.4766,1.0672,-0.7162,302.7197,304.1145,,,,,,,,,,21.73,-24.0651,12.7216,-44.1491,273.2586,37.4248,,10.8853,,,,,,,,,,,,,,,,,,,,,
2026-09-02 19:38:58,42.4682139,-82.8277525,,10.7106,289.7046,305.5054,49.6892,0.0,9.6149,0.6901,292.4555,1.0643,-0.714,,303.2723,,,,,,,,,,21.9834,-23.3553,12.9173,-42.4285,274.0168,37.4018,,10.3023,,,,,,,,,,,,,,,,,1782.9073,,14117.1264,,
2026-09-02 19:38:59,42.468237,-82.8278085,16.3615,10.1274,293.0851,304.9324,-74.0594,0.0,9.8102,0.0425,,,,303.0979,302.642,3.2856,14.3665,10.0,0.0055,48.092,17.3804,66.1848,0.0,,20.9808,-23.6785,12.2288,-43.5531,272.6878,37.4018,,,,,,,,,,,,,,,,,,,2034.8402,,14100.0661,,
2026-09-02 19:39:00,42.4682571,-82.8278616,,10.244,292.0882,304.686,-107.8215,0.0,9.1634,-0.7116,292.4455,1.0602,-0.7111,301.8005,302.3384,,,,,,,,,0.0,19.9669,-22.9962,11.2609,-43.8443,272.329,37.4018,,9.8471,,,,,,,,,,,,,,,,,,,,,
2026-09-02 19:39:01,42.4682752,-82.827915,17.2802,10.419,291.3147,305.0986,-85.3146,0.0,8.8936,-0.1812,292.44,1.0576,-0.7093,301.8773,,,,,,,,,,,20.0569,-21.8435,11.2106,-41.7344,274.9447,,,10.685,,,,,,,,,,,,,,,,,1766.6838,,14066.2734,,
2026-09-02 19:39:02,42.468292,-82.8279707,16.0663,10.0108,292.0538,304.9267,30.926,0.0,8.3716,0.4431,292.4405,1.0549,-0.7075,301.943,302.6821,,,,,,,,,,19.6427,-21.6266,10.9517,-41.3787,274.2251,37.3732,,10.1273,,,,,,,,,,,,,,,,,,,,,
2026-09-02 19:39:03,42.4683074,-82.8280253,,9.4859,291.7959,,,0.0,,,292.4442,1.0524,-0.7058,303.5775,302.7566,3.2856,14.3665,10.0,0.0049,48.092,17.3804,66.5998,0.0,,,,,,,37.2872,,10.1272,,,,,,,,,,,,,,,,,1951.0973,,14033.7931,,
2026-09-02 19:39:04,42.4683209,-82.8280828,16.3615,9.4471,294.294,304.3308,-10.3098,0.0,8.3911,0.3948,292.4563,1.0497,-0.7042,302.6088,302.0462,,,,,,,,,0.0,19.5863,-21.9324,11.0508,-41.4535,273.8499,37.0523,,9.6595,,,,,,,,,,,,,,,,,,,,,
2026-09-02 19:39:05,42.4683351,-82.828138,16.0663,9.6998,292.2257,304.4511,-6.5627,0.0,8.0933,0.4413,292.4643,1.0471,-0.7026,303.0868,302.1894,,,,,,,,,,19.6898,-20.9527,11.1334,-39.2289,275.6991,37.0008,,9.4859,,,,,,,,,,,,,,,,,1820.8813,,14000.6566,,
2026-09-02 19:39:06,42.4683482,-82.8281929,,9.4082,293.171,304.6631,-25.3087,0.0,7.7226,0.3916,292.4642,1.0447,-0.7009,,302.3097,,,,,,,,,,19.6077,-20.5987,11.1181,-38.35,276.1398,36.9778,,9.4274,,,,,,,,,,,,,,,,,1906.337,,13984.5805,,
2026-09-02 19:39:07,42.4683626,-82.8282475,16.1319,9.6026,293.9331,304.136,-6.5592,0.0,8.0578,0.2466,,,,303.1658,301.731,3.2857,14.3665,10.0,0.0044,48.092,17.3804,66.6363,0.0,,19.5949,-21.2664,11.3061,-38.9479,275.8654,36.9778,,,,,,,,,,,,,,,,,,,2044.1426,,13968.5044,,
2026-09-02 19:39:08,42.4683753,-82.8283037,15.771,9.3304,290.4266,304.1188,38.4409,0.0,7.1337,0.2642,292.4823,1.041,-0.6987,302.6085,301.9201,,,,,,,,,0.0,19.3887,-20.2397,11.0831,-37.2432,276.3739,36.9778,,9.7358,,,,,,,,,,,,,,,,,2048.4744,,13951.7721,,
2026-09-02 19:39:09,42.4683875,-82.8283569,,8.9417,292.8158,303.3052,-107.8009,0.0,7.0207,0.7025,292.4973,1.0384,-0.6971,303.8367,300.7857,,,,,,,,,,19.0535,-20.5021,10.8977,-37.7604,277.5911,36.9778,,9.1676,,,,,,,,,,,,,,,,,2043.0014,,13937.9926,,
2026-09-02 19:39:10,42.4683995,-82.8284043,15.7054,8.7278,290.4781,303.4828,30.9432,0.0,7.6243,0.1111,292.5081,1.0362,-0.6958,302.0909,301.3873,,,,,,,,,,19.364,-20.7204,11.4517,-36.7456,275.3544,36.5825,,9.1894,,,,,,,,,,,,,,,,,1961.4927,,13923.885,,
2026-09-02 19:39:11,42.468413,-82.8284598,,8.7084,293.8701,303.5917,-6.5627,0.0,7.4659,0.635,292.5175,1.034,-0.6945,303.0738,301.2096,3.2857,14.3665,10.0,0.0028,48.092,17.3804,66.7033,0.0,,18.9561,-21.2012,11.216,-37.6772,275.3395,36.5596,,8.727,,,,,,,,,,,,,,,,,2042.8284,,13907.8088,,
2026-09-02 19:39:12,42.4684286,-82.8285115,16.0007,8.8639,290.461,303.9698,-36.5811,0.0,7.4952,0.1255,292.5257,1.0317,-0.693,302.1546,,,,,,,,,,0.0,19.0669,-21.3188,11.3871,-37.4994,274.2832,36.5424,,8.2596,,,,,,,,,,,,,,,,,,,,,
2026-09-02 19:39:13,42.4684435,-82.8285618,,,,,,,,,292.5281,1.0289,-0.6912,,301.6909,,,,,,,,,,18.8645,-21.0867,11.1627,-37.446,276.6916,36.5424,,8.4553,,,,,,,,,,,,,,,,,1976.1975,,13878.2813,,
2026-09-02 19:39:14,42.4684619,-82.828615,16.4272,8.4557,291.6069,303.3911,19.6639,0.0,7.3969,0.6636,292.5294,1.0265,-0.6896,301.6031,301.1237,,,,,,,,,,19.1943,-21.9593,11.6703,-37.9546,275.2401,36.5424,,8.7709,,,,,,,,,,,,,,,,,,,,,
2026-09-02 19:39:15,42.4684808,-82.8286705,16.2959,8.5529,290.5297,303.0703,-10.3476,0.0,7.3431,0.4106,292.5233,1.0239,-0.6878,301.1905,300.7284,3.2857,14.3665,10.0,0.0031,48.092,17.3804,65.9648,0.0,,18.6791,-20.4621,10.9364,-36.6615,276.7046,36.5424,,8.0186,,,,,,,,,,,,,,,,,2063.8162,,13844.4886,,
2026-09-02 19:39:16,42.4684987,-82.828723,,8.8833,289.5671,304.3022,-55.3443,0.0,6.6744,0.1675,292.5175,1.0212,-0.6859,302.5715,301.9488,,,,,,,,,0.0,18.8914,-21.3369,11.258,-37.6297,276.1349,36.5424,,8.4868,,,,,,,,,,,,,,,,,2076.4083,,13828.4125,,
2026-09-02 19:39:17,42.4685166,-82.828775,15.2789,8.7667,289.9625,303.8495,27.1341,0.0,7.383,0.85,292.5117,1.0187,-0.6841,300.9084,301.4904,,,,,,,,,,19.1073,-21.4185,11.4654,-37.4864,274.9504,36.5424,,8.2075,,,,,,,,,,,,,,,,,2046.3645,,13812.0083,,
2026-09-02 19:39:18,42.468532,-82.8288253,,8.689,290.3521,304.1188,-74.1144,0.0,6.9112,0.0598,292.5048,1.0162,-0.6823,301.876,301.7826,,,,,,,,,,,,,,,36.5424,,8.7836,,,,,,,,,,,,,,,,,2074.6603,,13796.5884,,
2026-09-02 19:39:19,42.4685477,-82.8288842,15.5085,8.7084,287.8884,303.4656,23.3836,0.0,7.342,1.1518,292.5067,1.0137,-0.6807,301.5123,301.032,3.2858,14.3665,10.0,0.002,48.092,17.3804,66.2395,0.0,,18.854,-20.4024,11.0563,-36.4754,277.985,36.4106,,8.0828,,,,,,,,,,,,,,,,,,,,,
2026-09-02 19:39:20,42.4685668,-82.8289332,,8.689,288.3697,303.1104,,0.0,,,292.5122,1.0112,-0.6791,,300.6825,,,,,,,,,0.0,19.1772,-20.9268,11.4549,-36.7243,277.0741,36.4278,,8.7628,,,,,,,,,,,,,,,,,2036.4928,,13765.0923,,
2026-09-02 19:39:21,42.4685776,-82.8289759,15.771,8.825,287.3326,301.2827,-92.8535,0.0,6.3865,0.5879,292.4999,1.0088,-0.6773,301.7658,298.9235,,,,,,,,,,18.9437,-18.733,11.2596,-32.7064,282.001,36.4106,,8.4206,,,,,,,,,,,,,,,,,1905.1252,,13752.6251,,
2026-09-02 19:39:22,42.4685917,-82.8290238,,8.4946,290.6959,302.5031,139.6344,0.0,7.3932,1.0845,292.5061,1.0068,-0.6761,300.4896,,,,,,,,,,,18.7527,-20.7648,11.313,-35.9928,275.0656,36.3648,,8.4169,,,,,,,,,,,,,,,,,2083.8274,,13737.5332,,
2026-09-02 19:39:23,42.4686005,-82.8290647,15.8038,8.1836,287.9228,302.5546,15.8824,0.0,5.8294,0.1686,292.5088,1.0045,-0.6746,302.0211,300.3044,3.2858,14.3665,10.0,0.0054,48.092,17.3804,66.259,0.0,,18.9284,-17.3419,11.2936,-29.9722,282.1369,36.3648,,7.8039,,,,,,,,,,,,,,,,,,,,,
2026-09-02 19:39:24,42.4686168,-82.8291131,,8.1641,291.2001,,87.1194,0.0,6.8353,0.9159,292.5194,1.0026,-0.6734,300.7999,300.2356,,,,,,,,,0.0,18.6715,-20.4321,11.3347,-35.1041,275.3738,36.3648,,8.187,,,,,,,,,,,,,,,,,2054.7474,,13710.9584,,
2026-09-02 19:39:25,42.4686282,-82.829151,15.7054,8.0086,292.1283,303.1677,27.1101,0.0,6.3803,0.0514,292.5139,1.0003,-0.6718,302.8797,301.118,,,,,,,,,,18.8437,-19.0462,11.4459,-32.4964,277.7211,36.3877,,8.2418,,,,,,,,,,,,,,,,,2051.9306,,13699.4755,,
2026-09-02 19:39:26,42.468642,-82.8291979,,8.7084,288.765,304.5141,23.3526,0.0,8.0977,1.1688,292.5152,0.9985,-0.6706,303.0105,302.0519,,,,,,,,,,18.368,-22.4777,11.0132,-39.6167,273.8132,36.3648,,8.2807,,,,,,,,,,,,,,,,,,,,,
2026-09-02 19:39:27,42.4686547,-82.8292409,15.771,8.5723,293.0393,304.3881,-2.9083,0.0,8.3827,0.6557,292.5153,0.9965,-0.6692,303.5265,302.1092,3.2859,14.3665,10.0,0.0039,48.092,17.3804,65.8954,0.0,,18.8939,-22.1073,11.5177,-38.1235,273.5415,36.5252,,8.6095,,,,,,,,,,,,,,,,,2035.5533,,13672.5726,,
2026-09-02 19:39:28,42.4686645,-82.8292849,,8.5335,291.8876,304.9725,,0.0,7.1806,0.3298,292.5251,0.9936,-0.6674,,302.4988,,,,,,,,,0.0,18.7786,-20.6393,11.0838,-36.6689,278.5111,,,7.9093,,,,,,,,,,,,,,,,,1912.1997,,13661.7458,,
2026-09-02 19:39:29,42.4686783,-82.8293351,15.3773,8.6501,290.375,304.3996,-10.4129,0.0,,,292.5334,0.9912,-0.6659,303.1353,302.2983,,,,,,,,,,18.8624,-23.9227,11.2638,-42.7698,271.6571,36.5596,,8.8772,,,,,,,,,,,,,,,,,2026.835,,13646.3259,,
2026-09-02 19:39:30,42.4686895,-82.8293827,15.1476,9.0972,296.1963,305.1158,12.0802,0.0,8.449,0.9789,292.5432,0.989,-0.6646,304.1537,302.6191,,,,,,,,,,19.0879,-21.5224,11.3834,-37.9641,273.8361,36.5596,,8.8234,,,,,,,,,,,,,,,,,2006.8675,,13632.8745,,
2026-09-02 19:39:31,42.4687037,-82.8294354,,9.0972,288.8624,304.348,45.8389,0.0,7.5049,1.5792,292.5476,0.9865,-0.663,303.4305,301.9774,3.2859,14.3665,10.0,0.0012,48.092,17.3804,66.1047,0.0,,19.0615,-21.0461,11.1911,-37.7109,279.588,36.5596,,9.0519,,,,,,,,,,,,,,,,,,,,,
2026-09-02 19:39:32,42.4687186,-82.8294836,15.082,8.7278,290.9193,304.2334,8.3365,0.0,6.8105,0.579,292.5475,0.9842,-0.6614,303.7457,301.7196,,,,,,,,,0.0,18.5654,-20.7828,10.811,-37.5414,278.0142,36.5596,,8.6848,,,,,,,,,,,,,,,,,2030.7006,,13602.0346,,
2026-09-02 19:39:33,42.4687324,-82.8295286,,8.8056,290.2203,303.374,8.3331,0.0,6.545,0.4856,292.5486,0.982,-0.66,302.5979,,,,,,,,,,,17.1288,-21.2172,9.6406,-40.0165,275.0194,36.3476,,8.8945,,,,,,,,,,,,,,,,,2041.6662,,13588.255,,
2026-09-02 19:39:34,42.4687497,-82.8295761,15.1476,8.514,292.3231,,-59.1671,0.0,6.1432,0.077,292.5394,0.9799,-0.6584,302.5821,301.0435,,,,,,,,,,,,,,,36.3648,,8.3374,,,,,,,,,,,,,,,,,,,,,
2026-09-02 19:39:35,42.4687654,-82.8296204,15.1476,8.3974,291.1428,303.351,,0.0,,,292.5328,0.9777,-0.6569,,301.0206,3.2859,14.3665,10.0,0.0033,48.092,17.3804,66.1546,0.0,,17.075,-21.2688,9.713,-39.6196,274.2266,36.3648,,8.6069,,,,,,,,,,,,,,,,,2032.6206,,13559.7117,,
2026-09-02 19:39:36,,,,8.1641,292.1397,304.0329,23.3251,0.0,6.1979,0.5335,292.5243,0.9756,-0.6554,302.6439,301.6909,,,,,,,,,0.0,16.9573,-22.4564,9.7559,-41.601,271.6513,36.3476,,8.3388,,,,,,,,,,,,,,,,,2035.723,,13547.5726,,
2026-09-02 19:39:37,42.4687812,-82.829663,15.3117,8.4751,290.438,303.437,-25.4325,0.0,7.0881,0.4505,292.5189,0.9734,-0.6538,302.5106,301.1008,,,,,,,,,,17.2784,-23.5326,10.218,-42.4668,270.0565,36.3648,,8.2023,,,,,,,,,,,,,,,,,,,,,
2026-09-02 19:39:38,42.4687973,-82.8297094,,8.2224,293.0908,303.9985,-55.444,0.0,6.5845,-0.1408,292.5129,0.9713,-0.6523,303.051,301.5763,,,,,,,,,,17.1534,-22.3958,9.9705,-40.9562,271.3239,36.3648,,8.203,,,,,,,,,,,,,,,,,2036.6207,,13519.6855,,
2026-09-02 19:39:39,42.468812,-82.8297529,14.5243,8.7473,291.8303,303.4083,-6.6933,0.0,7.8187,0.886,292.5013,0.9687,-0.6504,302.1322,300.9919,3.286,14.3665,10.0,0.0022,48.092,17.3804,66.0996,0.0,,16.6879,-25.0886,9.6792,-46.9745,265.797,36.3648,,8.5902,,,,,,,,,,,,,,,,,2006.5794,,13503.6094,,
2026-09-02 19:39:40,42.4688315,-82.8298043,,8.8833,291.8303,302.3312,-77.9543,0.0,9.1297,0.9836,292.4963,0.9666,-0.6489,301.1354,299.8002,,,,,,,,,0.0,17.8158,-25.5227,10.7913,-45.3438,266.615,36.5424,,8.4474,,,,,,,,,,,,,,,,,,,,,
2026-09-02 19:39:41,42.4688454,-82.8298496,15.8694,8.5918,291.8074,302.2338,-107.9418,0.0,9.2862,0.1713,,,,302.4298,299.7543,,,,,,,,,,16.8691,-27.8536,9.9619,-52.2945,259.4247,36.6455,,,,,,,,,,,,,,,,,,,2014.932,,13470.801,,
2026-09-02 19:39:42,42.4688605,-82.8299087,15.8038,9.0777,287.218,301.2769,,0.0,,,292.5127,0.9623,-0.6463,,298.7517,,,,,,,,,,19.5264,-25.1745,12.028,-43.6747,267.5697,36.6455,,8.5528,,,,,,,,,,,,,,,,,,,,,
2026-09-02 19:39:43,42.46887496369819,-82.82996577291735,,9.311,287.1092,301.2426,-85.4521,0.0,9.9848,0.9763,292.5213,0.9599,-0.6448,300.5519,,3.286,14.3665,10.0,0.0026,48.092,17.3804,65.8193,0.0,,19.1722,-25.0318,11.5191,-44.7681,266.2721,36.6799,,9.708,,,,,,,,,,,,,,,,,1809.7701,,13439.3049,,
2026-09-02 19:39:44,42.468889434472054,-82.83002211985063,16.2631,9.5054,289.4296,,4.5241,0.0,8.0895,0.6616,292.5304,0.9573,-0.6431,300.6956,299.0954,,,,,,,,,0.0,19.299,-25.1408,11.5816,-45.0674,264.7577,36.6799,,9.3615,,,,,,,,,,,,,,,,,1747.1925,,13423.5569,,
2026-09-02 19:39:45,42.46890161131604,-82.83007638068788,,9.4471,288.4785,301.3228,72.0311,0.0,8.9442,1.346,292.5451,0.9548,-0.6416,300.4482,298.935,,,,,,,,,,19.2449,-25.2537,11.4438,-45.8446,265.0497,36.6684,,9.5673,,,,,,,,,,,,,,,,,1855.5675,,13407.1527,,
2026-09-02 19:39:46,42.468916073832155,-82.8301320476653,16.0663,9.4471,288.3754,301.5348,-29.2071,0.0,8.5789,0.8342,292.5537,0.9522,-0.64,300.7284,299.273,,,,,,,,,,19.2717,-24.6745,11.4733,-44.5244,266.0301,36.6799,,9.5285,,,,,,,,,,,,,,,,,,,,,
2026-09-02 19:39:47,42.46892800487698,-82.83018281824253,,9.311,288.9483,300.6066,-2.9461,0.0,8.3801,0.1777,292.5658,0.9498,-0.6385,299.4594,298.2073,3.286,14.3665,10.0,0.0054,48.092,17.3804,66.4458,0.0,,19.579,-24.2912,11.7266,-43.3806,266.3075,36.6684,,9.4016,,,,,,,,,,,,,,,,,1760.874,,13376.9689,,
2026-09-02 19:39:48,42.46893968714208,-82.83023344511287,16.7552,9.311,287.2868,300.0336,,0.0,,,292.5783,0.9461,-0.6362,,297.749,,,,,,,,,0.0,19.0591,-23.767,11.2015,-43.293,266.3804,36.6684,,8.8885,,,,,,,,,,,,,,,,,1705.9834,,13360.2366,,
2026-09-02 19:39:49,42.468957342218054,-82.83029600627738,,9.0583,288.9885,300.2857,23.2907,0.0,7.5377,0.5695,292.5752,0.9434,-0.6343,299.8174,297.9266,,,,,,,,,,19.182,-24.763,11.4849,-44.394,264.1425,36.6799,,9.0874,,,,,,,,,,,,,,,,,,,,,
2026-09-02 19:39:50,42.4689748,-82.8303517,15.5741,9.0583,289.2004,300.0107,4.5516,0.0,7.57,0.8473,292.5695,0.941,-0.6327,300.6346,297.663,,,,,,,,,,,,,,,36.6283,,9.3154,,,,,,,,,,,,,,,,,1863.2322,,13328.0844,,
2026-09-02 19:39:51,42.4689916,-82.8303986,,8.8445,292.071,300.9389,75.7851,0.0,7.5292,0.3285,292.5566,0.9386,-0.6309,299.3221,298.7001,3.2861,14.3665,10.0,0.0026,48.092,17.3804,66.488,0.0,,19.5576,-24.951,11.962,-43.6067,263.8935,36.6283,,8.7728,,,,,,,,,,,,,,,,,1987.9666,,13312.9926,,
2026-09-02 19:39:52,42.4690104,-82.8304454,15.2133,8.9028,289.0572,299.7815,-115.4567,0.0,6.8125,0.6991,292.5415,0.9363,-0.6292,299.9353,297.4911,,,,,,,,,0.0,17.8086,-23.6353,10.362,-43.5533,263.8595,,,8.755,,,,,,,,,,,,,,,,,1883.6231,,13298.2288,,
2026-09-02 19:39:53,42.4690287,-82.8304922,15.082,8.5918,289.7562,299.5753,-74.1969,0.0,7.7168,0.0735,292.5239,0.9342,-0.6275,300.2654,,,,,,,,,,,17.6279,-24.1738,10.3089,-44.4464,263.3712,36.6283,,8.7759,,,,,,,,,,,,,,,,,1998.8115,,13282.8088,,
2026-09-02 19:39:54,42.469048,-82.8305395,15.082,8.5335,290.1516,299.919,15.7896,0.0,8.6863,0.7639,,,,299.6115,297.3021,,,,,,,,,,17.5486,-25.675,10.3995,-46.9797,259.9814,36.6283,,,,,,,,,,,,,,,,,,,,,,,
2026-09-02 19:39:55,42.4690617,-82.8305939,15.5085,8.8833,287.1378,,-29.2277,0.0,8.2061,0.4524,292.5379,0.9302,-0.625,299.8374,297.6057,3.2861,14.3665,10.0,0.0027,48.092,17.3804,66.4405,0.0,,19.5209,-23.0458,12.0456,-39.3757,268.3099,36.6283,,8.662,,,,,,,,,,,,,,,,,1769.1247,,13250.3285,,
2026-09-02 19:39:56,42.4690734,-82.8306511,,8.8056,289.8078,299.6898,72.0105,0.0,7.4957,0.3894,292.5578,0.9276,-0.6235,300.1215,297.3995,,,,,,,,,0.0,19.9195,-22.3512,12.2152,-38.3259,269.0123,36.6283,,8.5975,,,,,,,,,,,,,,,,,1972.2896,,13236.549,,
2026-09-02 19:39:57,42.4690854,-82.8307101,15.8038,8.6695,289.4296,300.6581,34.5047,0.0,7.8988,0.7054,292.5784,0.9251,-0.6221,299.9199,298.2475,,,,,,,,,,20.102,-22.4251,12.5076,-37.8139,268.9542,36.6283,,8.5591,,,,,,,,,,,,,,,,,1976.478,,13220.1448,,
2026-09-02 19:39:58,42.4690951,-82.8307619,,8.825,290.7875,300.7384,,0.0,,,292.6002,0.9228,-0.6208,,298.6199,,,,,,,,,,20.127,-22.0457,12.4985,-37.1885,269.494,36.6283,,8.4399,,,,,,,,,,,,,,,,,1981.9367,,13206.0372,,
2026-09-02 19:39:59,42.4691046,-82.8308123,15.4429,8.9222,290.9823,301.1108,19.4886,0.0,7.4831,0.195,292.6208,0.9205,-0.6195,300.9756,298.8261,,,,,,,,,,20.2733,-24.1538,12.7035,-40.7694,266.7125,36.6283,,8.7424,,,,,,,,,,,,,,,,,,,,,
2026-09-02 19:40:00,42.4691165,-82.8308639,,9.0,289.5614,301.254,-3.0149,0.0,9.7158,0.8561,292.6345,0.9181,-0.6181,300.8925,298.9579,3.2862,14.3665,10.0,0.0034,48.092,17.3804,65.9604,0.0,0.0,20.4395,-23.9933,12.7837,-40.5529,267.4625,36.6684,,8.7606,,,,,,,,,,,,,,,,,1892.228,,13174.5411,,
2026-09-02 19:40:01,42.4691256,-82.8309231,16.3615,9.2332,289.5557,301.7468,8.2334,0.0,9.1724,0.4501,292.6646,0.9155,-0.6166,301.6811,299.4277,,,,,,,,,,19.8635,-23.0191,11.9814,-40.4124,268.8814,36.6799,,8.9681,,,,,,,,,,,,,,,,,1832.5546,,13158.465,,
2026-09-02 19:40:02,42.4691348,-82.8309805,15.8694,9.7192,289.5557,301.042,-51.769,0.0,8.6813,0.5638,292.6942,0.9129,-0.6153,301.5044,298.511,,,,,,,,,,20.2179,-23.2269,12.2893,-40.4517,268.8228,36.6799,,9.2194,,,,,,,,,,,,,,,,,1756.905,,13142.717,,
2026-09-02 19:40:03,42.4691492,-82.8310333,,8.9222,289.5557,300.0966,26.9932,0.0,8.4452,1.4112,292.7014,0.9104,-0.6137,299.8682,297.8979,3.2862,14.3665,10.0,0.0016,48.092,17.3804,66.5931,0.0,,19.7829,-22.4272,11.8712,-39.4774,268.976,36.6799,,9.1223,,,,,,,,,,,,,,,,,1802.4784,,13126.3128,,
2026-09-02 19:40:04,42.4691613,-82.8310895,15.2133,8.8833,289.5557,299.2429,-51.745,0.0,6.4377,0.1385,292.7179,0.9078,-0.6121,300.0552,,,,,,,,,,0.0,19.3053,-21.8501,11.4866,-38.7201,268.6883,36.6455,,9.5879,,,,,,,,,,,,,,,,,1920.1771,,13111.2209,,
2026-09-02 19:40:05,42.4691713,-82.8311482,15.2133,8.2613,290.7245,,-55.4852,0.0,7.2976,0.5444,292.7479,0.9055,-0.6109,,296.8552,,,,,,,,,,19.7935,-20.3826,12.2494,-34.2488,271.4134,36.2559,,8.7725,,,,,,,,,,,,,,,,,,,,,
2026-09-02 19:40:06,42.4691786,-82.8312013,,8.2808,290.7474,298.6929,34.5115,0.0,5.7286,0.7362,292.7777,0.9031,-0.6096,299.9825,296.2879,,,,,,,,,,,,,,,36.2559,,7.4977,,,,,,,,,,,,,,,,,1974.9058,,13081.3652,,
2026-09-02 19:40:07,42.4691903,-82.8312496,15.0164,8.1058,288.7765,298.4064,-2.9874,0.0,,,292.7908,0.9008,-0.6082,299.2407,296.2593,3.2862,14.3665,10.0,0.0034,48.092,17.3804,67.0252,0.0,,19.1684,-20.9495,11.7429,-35.7064,268.616,36.2731,,8.5086,,,,,,,,,,,,,,,,,1993.2254,,13068.57,,
2026-09-02 19:40:08,42.4692008,-82.8312928,,,,298.4981,,0.0,5.4811,-0.3168,292.8013,0.8988,-0.607,299.616,296.0588,,,,,,,,,0.0,18.1996,-20.5882,10.9766,-35.6649,269.6508,36.2731,,8.0035,,,,,,,,,,,,,,,,,1990.1494,,13055.7747,,
2026-09-02 19:40:09,42.4692121,-82.8313345,14.8852,7.8726,291.0912,298.8705,101.9911,0.0,6.9393,0.1748,292.8084,0.8968,-0.6057,298.8826,296.7177,,,,,,,,,,18.1165,-21.8703,11.1236,-37.3501,265.9272,36.5825,,8.0766,,,,,,,,,,,,,,,,,,,,,
2026-09-02 19:40:10,42.4692239,-82.8313782,,7.9503,290.0312,299.7815,-10.5092,0.0,6.2556,0.6829,292.8134,0.8948,-0.6044,300.6635,297.451,,,,,,,,,,17.5597,-21.0413,10.5564,-36.6718,268.3704,36.6283,,8.0267,,,,,,,,,,,,,,,,,1988.4344,,13029.1999,,
2026-09-02 19:40:11,42.4692357,-82.831425,14.9508,8.2808,289.9396,300.2055,26.9829,0.0,8.8409,0.5831,292.824,0.8926,-0.6031,300.3523,297.9953,3.2863,14.3665,10.0,0.0053,48.092,17.3804,66.2319,0.0,,18.331,-24.9085,11.4535,-42.3817,262.4889,36.6283,,8.0884,,,,,,,,,,,,,,,,,,,,,
2026-09-02 19:40:12,42.4692521,-82.8314818,,8.3585,291.7215,300.3946,-89.2989,0.0,10.2067,1.0136,292.8267,0.8902,-0.6015,301.4798,298.299,,,,,,,,,0.0,18.95,-25.2447,11.8279,-43.1015,261.8254,37.0294,,8.9375,,,,,,,,,,,,,,,,,1965.2598,,12997.0477,,
2026-09-02 19:40:13,42.4692669,-82.8315482,15.5085,8.9028,288.2551,301.1222,-3.0837,0.0,,,292.8437,0.8874,-0.5998,,298.6886,,,,,,,,,,18.6086,-22.8357,10.9091,-41.4523,267.8263,37.018,,8.6781,,,,,,,,,,,,,,,,,,,,,
2026-09-02 19:40:14,42.4692796,-82.8316042,,9.6026,287.579,301.8671,101.9292,0.0,9.5507,1.4762,292.8602,0.8847,-0.5981,302.4338,,,,,,,,,,,18.2448,-22.7981,10.3217,-43.2296,266.6445,,,9.1489,,,,,,,,,,,,,,,,,1800.5155,,12963.5831,,
2026-09-02 19:40:15,42.4692903,-82.831661,15.8038,9.6026,285.9231,,83.1832,0.0,9.1578,0.8923,292.8747,0.8821,-0.5965,303.0207,299.6569,3.2863,14.3665,10.0,0.0025,48.092,17.3804,66.3275,0.0,,19.8763,-21.4944,11.8255,-38.0148,271.8914,36.8231,,9.2162,,,,,,,,,,,,,,,,,1854.7799,,12947.507,,
2026-09-02 19:40:16,42.4693005,-82.8317119,,9.311,290.4037,303.5401,-10.5608,0.0,7.5065,1.413,292.9132,0.8785,-0.5945,304.1567,301.2956,,,,,,,,,0.0,20.3871,-22.7715,12.3989,-39.5261,271.3374,36.8231,,9.3021,,,,,,,,,,,,,,,,,,,,,
2026-09-02 19:40:17,42.469311,-82.8317696,15.5741,9.2527,291.9965,302.6635,-63.0483,0.0,9.4676,1.3414,292.9395,0.8759,-0.593,302.3987,300.2757,,,,,,,,,,20.4552,-23.7242,12.5315,-41.051,268.3013,36.806,,9.2514,,,,,,,,,,,,,,,,,1940.2232,,12916.339,,
2026-09-02 19:40:18,42.4693205,-82.8318257,,8.9417,290.2089,302.1937,-66.7782,0.0,9.2222,0.7274,292.9692,0.8734,-0.5917,302.2936,299.8345,,,,,,,,,,20.3177,-22.5424,12.3873,-38.9617,271.7578,36.806,,8.9313,,,,,,,,,,,,,,,,,,,,,
2026-09-02 19:40:19,42.4693331,-82.8318862,15.5741,9.2721,288.8338,301.317,,0.0,8.5179,0.6664,292.9926,0.8706,-0.5901,301.415,298.9407,3.2864,14.3665,10.0,0.0016,48.092,17.3804,66.6612,0.0,,20.208,-22.6592,12.2225,-39.5647,270.9369,36.806,,9.46,,,,,,,,,,,,,,,,,1798.6032,,12882.8744,,
2026-09-02 19:40:20,42.4693487,-82.8319502,,9.3304,292.3746,302.2911,113.2119,0.0,8.7465,0.423,293.0077,0.8679,-0.5884,,300.2585,,,,,,,,,0.0,20.5415,-22.291,12.4995,-38.5612,271.3512,36.806,,9.1743,,,,,,,,,,,,,,,,,1887.2113,,12865.8141,,
2026-09-02 19:40:21,42.4693636,-82.8320055,15.2789,9.0583,293.1882,302.1593,-55.5334,0.0,10.0935,0.8586,293.0165,0.8653,-0.5867,302.5615,299.7715,,,,,,,,,,,,,,,36.8403,,9.5589,,,,,,,,,,,,,,,,,1893.2928,,12849.4099,,
2026-09-02 19:40:22,42.4693771,-82.8320653,15.082,9.3887,292.5064,301.7238,-55.5506,0.0,,,293.0357,0.8625,-0.5851,301.2917,299.3934,,,,,,,,,,20.621,-23.7876,12.6076,-41.2782,268.5453,36.8518,,9.7437,,,,,,,,,,,,,,,,,,,,,
2026-09-02 19:40:23,42.4693896,-82.8321289,,9.9136,292.134,302.1478,15.6899,0.0,10.5042,0.6341,293.0631,0.8596,-0.5834,302.0691,299.7486,3.2864,14.3665,10.0,0.003,48.092,17.3804,66.639,0.0,,20.3491,-23.241,12.0577,-41.7546,268.1507,36.9377,,10.1663,,,,,,,,,,,,,,,,,1675.5716,,12813.6487,,
2026-09-02 19:40:24,42.4694045,-82.8321868,15.6398,9.3304,290.2375,302.8182,79.4532,0.0,8.9149,0.9665,293.0752,0.8569,-0.5817,301.0741,,,,,,,,,,0.0,20.2335,-21.6642,11.7378,-39.5213,271.5067,36.9377,,9.8911,,,,,,,,,,,,,,,,,1779.6377,,12796.5883,,
2026-09-02 19:40:25,42.4694172,-82.832245,,9.622,290.5698,302.4859,,0.0,7.4155,0.9898,293.0959,0.8542,-0.5801,,300.6481,,,,,,,,,,20.2937,-20.7653,11.7434,-37.7834,274.8503,36.9148,,9.6984,,,,,,,,,,,,,,,,,1903.7997,,12779.8561,,
2026-09-02 19:40:26,42.4694298,-82.832308,15.0164,9.3304,291.0167,,11.9634,0.0,9.3833,0.2256,293.1227,0.8514,-0.5785,301.5159,300.2413,,,,,,,,,,20.2498,-21.1868,11.8897,-37.9904,272.8968,36.9148,,9.5585,,,,,,,,,,,,,,,,,,,,,
2026-09-02 19:40:27,42.4694448,-82.8323774,15.082,9.4665,285.7742,301.9702,-25.5253,0.0,9.7733,0.743,293.1472,0.8485,-0.5768,300.6363,299.3876,3.2864,14.3665,10.0,0.0029,48.092,17.3804,66.7879,0.0,,21.3202,-22.9527,13.2074,-39.0142,272.3342,36.9377,,9.2137,,,,,,,,,,,,,,,,,1528.5693,,12743.4387,,
2026-09-02 19:40:28,42.4694591,-82.8324368,,9.0194,287.7852,302.0791,-6.7827,0.0,9.1448,0.3293,293.1634,0.8457,-0.5751,301.5048,299.909,,,,,,,,,0.0,21.3429,-21.9025,13.0893,-37.4629,272.6364,37.1096,,9.3887,,,,,,,,,,,,,,,,,1529.6568,,12725.7222,,
2026-09-02 19:40:29,42.4694762,-82.8324967,15.2133,9.9136,287.7623,302.3254,60.7003,,,,,,,301.0353,299.9721,,,,,,,,,,21.1092,-22.3222,12.6776,-39.2291,271.8778,37.0924,,,,,,,,,,,,,,,,,,,1754.8533,,12707.6776,,
2026-09-02 19:40:30,42.4694883,-82.8325627,,9.4082,287.6649,303.2193,,0.0,10.3354,0.8452,293.1727,0.8415,-0.5723,,301.1925,,,,,,,,,,21.234,-21.435,12.7608,-37.4522,273.4965,37.2242,,9.4901,,,,,,,,,,,,,,,,,,,,,
2026-09-02 19:40:31,42.4694986,-82.8326257,15.771,10.0497,290.5985,303.4656,-126.8219,0.0,9.3535,0.1448,293.2059,0.8386,-0.5707,302.3745,301.118,3.2865,14.3665,10.0,0.0062,48.092,17.3804,66.2655,0.0,,20.912,-22.6081,12.3794,-40.4959,271.0475,37.2242,,9.7581,,,,,,,,,,,,,,,,,1740.681,,12671.5883,,
2026-09-02 19:40:32,42.4695123,-82.8326907,,9.8941,293.7154,303.6547,-18.0654,0.0,10.1981,0.4393,293.2432,0.8357,-0.5691,301.514,301.3529,,,,,,,,,0.0,21.4173,-22.0064,12.6644,-39.3228,274.0964,37.2242,,9.9842,,,,,,,,,,,,,,,,,1592.1167,,12652.5595,,
2026-09-02 19:40:33,42.4695268,-82.8327547,15.8694,10.0302,290.9251,303.0073,15.683,0.0,10.9367,1.2172,293.2704,0.8327,-0.5674,300.8364,300.6997,,,,,,,,,,20.9923,-22.8456,12.2399,-41.7496,271.5246,37.2242,,10.2607,,,,,,,,,,,,,,,,,,,,,
2026-09-02 19:40:34,42.469542,-82.8328175,,10.1274,289.8765,303.0015,-51.7793,0.0,11.2787,-0.1502,293.2915,0.8298,-0.5656,302.2007,300.5851,,,,,,,,,,21.9753,-21.0522,13.046,-37.235,276.3459,37.3732,,10.5213,,,,,,,,,,,,,,,,,1450.2981,,12615.486,,
2026-09-02 19:40:35,42.4695586,-82.8328859,15.3773,10.1857,291.2631,303.0932,98.2199,0.0,11.9352,1.6177,293.3107,0.8269,-0.5638,301.6751,,3.2865,14.3665,10.0,0.0033,48.092,17.3804,67.0231,0.0,,22.2525,-22.9032,13.4828,-39.9641,271.5454,37.356,,10.2359,,,,,,,,,,,,,,,,,1699.6188,,12597.4413,,
2026-09-02 19:40:36,42.4695722,-82.8329513,15.5085,10.0691,289.7104,302.165,-40.5173,0.0,11.3254,-0.3035,293.3515,0.8224,-0.5612,300.9796,300.7054,,,,,,,,,0.0,22.6769,-20.8145,13.6856,-36.0718,275.706,37.3732,,10.3742,,,,,,,,,,,,,,,,,1591.9505,,12578.0844,,
2026-09-02 19:40:37,42.4695882,-82.8330145,,10.0497,289.5328,,,0.0,,,293.3666,0.8194,-0.5593,300.4455,299.9377,,,,,,,,,,,,,,,,,10.1426,,,,,,,,,,,,,,,,,1429.5385,,12559.3836,,
2026-09-02 19:40:38,42.4696043,-82.8330765,15.4429,10.3607,287.3383,302.4572,0.7357,0.0,10.9979,0.1451,293.3811,0.8165,-0.5575,,300.0809,,,,,,,,,,22.5987,-22.0441,13.6178,-38.5239,274.103,37.356,,10.2101,,,,,,,,,,,,,,,,,,,,,
2026-09-02 19:40:39,42.4696186,-82.8331331,,10.0497,290.6672,302.8984,38.2174,0.0,9.6354,-0.085,293.3968,0.8139,-0.5559,300.8773,300.7513,3.2865,14.3665,10.0,0.0033,48.092,17.3804,66.5652,0.0,,22.3344,-20.9044,13.3209,-36.7442,275.5787,37.3732,,10.3948,,,,,,,,,,,,,,,,,1664.9918,,12524.6067,,
2026-09-02 19:40:40,42.4696336,-82.833192,15.771,10.244,290.5698,303.3568,19.4645,0.0,10.4156,0.1899,293.4108,0.8112,-0.5541,301.0331,300.9805,,,,,,,,,0.0,21.4705,-22.5245,12.6941,-40.3855,271.2563,37.356,,10.162,,,,,,,,,,,,,,,,,1762.7507,,12506.8902,,
2026-09-02 19:40:41,42.4696472,-82.83325,,10.2635,287.9915,302.6864,-33.0264,0.0,10.0649,0.5523,293.4296,0.8085,-0.5525,300.8388,300.1783,,,,,,,,,,21.0655,-21.8814,12.1822,-40.1246,273.2666,37.356,,10.2459,,,,,,,,,,,,,,,,,1603.578,,12490.1579,,
2026-09-02 19:40:42,42.4696634,-82.8333133,15.5085,10.4967,287.3899,302.3999,53.2404,0.0,9.2278,-0.1734,,,,300.6578,300.2929,,,,,,,,,,21.0383,-21.1456,12.1109,-38.8036,274.5101,37.3732,,,,,,,,,,,,,,,,,,,,,,,
2026-09-02 19:40:43,42.4696772,-82.8333657,15.3773,9.9525,291.8131,303.6318,,0.0,,,293.4506,0.8044,-0.5499,,301.456,,,,,,,,,,20.5597,-20.6579,11.6051,-38.6822,274.1178,37.3732,,10.2814,,,,,,,,,,,,,,,,,1777.2856,,12457.6776,,
2026-09-02 19:40:44,42.4696904,-82.8334182,,9.9913,290.8964,303.9183,86.9716,0.0,7.961,0.8392,293.4616,0.8019,-0.5484,300.9798,301.9316,3.2866,14.3665,10.0,0.0087,48.092,17.3804,66.9121,0.0,0.0,20.7934,-21.5569,12.0833,-39.2184,272.7827,37.3331,,9.9483,,,,,,,,,,,,,,,,,1704.3196,,12441.9295,,
2026-09-02 19:40:45,42.4697035,-82.8334731,15.3117,10.0108,287.2753,304.1303,,0.0,,,293.4745,0.7995,-0.5468,,,,,,,,,,,,20.2146,-21.4641,11.5141,-39.9725,273.5214,37.356,,9.9812,,,,,,,,,,,,,,,,,1496.5535,,12426.1815,,
2026-09-02 19:40:46,42.4697159,-82.8335296,,9.7581,292.2772,304.0386,,0.0,,,293.4925,0.7969,-0.5453,,301.7138,,,,,,,,,,20.1513,-21.3286,11.4884,-39.6415,274.0403,37.356,,9.9519,,,,,,,,,,,,,,,,,,,,,
2026-09-02 19:40:47,42.4697279,-82.8335843,15.2789,9.6414,289.9453,303.4599,,0.0,,,293.5163,0.7944,-0.5437,,301.519,,,,,,,,,,20.1882,-21.219,11.5572,-39.2147,275.3891,37.3331,,9.7558,,,,,,,,,,,,,,,,,1698.1808,,12393.3731,,
2026-09-02 19:40:48,42.4697399,-82.8336443,,10.1274,288.3868,,,0.0,,,293.5386,0.7918,-0.5422,,300.9404,,,,,,,,,,20.2445,-20.6981,11.6242,-37.992,276.2646,37.356,,9.6225,,,,,,,,,,,,,,,,,1528.6215,,12376.3127,,
2026-09-02 19:40:49,42.4697559,-82.8336997,14.7211,9.4665,291.3949,303.649,,0.0,,,293.5715,0.7878,-0.5398,,301.4675,,,,,,,,,,20.2848,-20.406,11.668,-37.3125,275.6656,37.2471,,9.7757,,,,,,,,,,,,,,,,,1825.6997,,12359.5804,,
2026-09-02 19:40:50,42.4697715,-82.8337661,,9.5248,292.9132,304.4225,,0.0,,,293.5945,0.7848,-0.5379,,302.4873,,,,,,,,,,20.2654,-20.217,11.6869,-36.8156,276.4193,37.207,,9.6017,,,,,,,,,,,,,,,,,1851.4593,,12341.8639,,
2026-09-02 19:40:51,42.4697908,-82.833817,14.8196,9.9136,292.5866,305.1329,-33.0436,0.0,8.5802,0.0773,293.5844,0.7822,-0.5361,303.3636,303.0775,3.2867,14.3665,10.0,0.0071,48.092,17.3804,66.7669,0.0,,19.7749,-20.4202,11.1834,-38.0934,275.9137,37.2242,,9.7752,,,,,,,,,,,,,,,,,1845.4688,,12326.1159,,
2026-09-02 19:40:52,42.4698113,-82.8338698,,9.7192,295.8811,305.4251,15.7036,0.0,8.635,0.6661,,,,303.8431,303.215,,,,,,,,,0.0,20.387,-21.8785,11.9775,-39.3662,272.7797,37.2242,,,,,,,,,,,,,,,,,,,,,,,
2026-09-02 19:40:53,,,14.8852,9.6026,291.6814,306.0841,38.1899,0.0,10.0109,0.7469,293.5699,0.7785,-0.5334,303.5722,303.7135,,,,,,,,,,,,,,,37.2471,,9.6381,,,,,,,,,,,,,,,,,1836.4658,,12291.0109,,
2026-09-02 19:40:54,42.4698315,-82.8339287,,10.2052,293.6351,306.594,53.1819,0.0,9.2905,0.8433,293.5652,0.7756,-0.5314,303.4274,304.6073,,,,,,,,,,20.1036,-20.5025,11.4751,-37.8511,277.4942,37.2471,,10.0108,,,,,,,,,,,,,,,,,,,,,
2026-09-02 19:40:55,42.4698544,-82.8339863,15.082,9.8553,295.0962,307.568,45.6911,0.0,9.116,0.9135,293.5474,0.7728,-0.5293,304.5196,,3.2867,14.3665,10.0,0.0023,48.092,17.3804,66.7596,0.0,,20.1574,-20.0792,11.3629,-37.5201,278.5951,37.2242,,9.9719,,,,,,,,,,,,,,,,,1833.4471,,12253.9374,,
2026-09-02 19:40:56,42.4698786,-82.8340447,,9.7775,293.469,306.6685,-74.3035,0.0,7.9706,-0.0881,293.524,0.7698,-0.527,304.2234,305.3521,,,,,,,,,0.0,20.6981,-20.3277,12.1209,-36.3855,279.466,37.207,,9.8656,,,,,,,,,,,,,,,,,1830.8917,,12235.5647,,
2026-09-02 19:40:57,42.4699036,-82.8341007,15.1476,9.6414,292.8616,306.869,41.9611,0.0,9.4313,0.8725,293.4949,0.7667,-0.5246,303.3916,304.4239,,,,,,,,,,21.0791,-21.2477,12.4309,-37.9171,278.5137,37.018,,10.0497,,,,,,,,,,,,,,,,,,,,,
2026-09-02 19:40:58,42.4699269190522,-82.83416213536958,,9.8553,293.469,,,0.0,,,293.482,0.7627,-0.5217,,304.5614,,,,,,,,,,21.2672,-19.0899,12.3631,-34.2358,282.4083,37.018,,10.3607,,,,,,,,,,,,,,,,,1831.9636,,12199.8035,,
2026-09-02 19:40:59,42.4699458,-82.8342216,14.9508,10.0302,293.469,306.4909,-40.5482,0.0,9.4595,0.3627,293.4813,0.7595,-0.5195,304.0079,303.9999,3.2867,14.3665,10.0,0.0043,48.092,17.3804,66.8422,0.0,,20.8942,-20.2944,12.1443,-36.6372,280.1293,37.018,,9.8164,,,,,,,,,,,,,,,,,,,,,
2026-09-02 19:41:00,42.4699647,-82.8342815,,9.6414,290.1974,305.4767,-6.7964,0.0,9.9594,0.4545,293.4757,0.7567,-0.5175,303.1049,303.0259,,,,,,,,,0.0,20.11,-19.6701,11.3063,-36.7771,280.3344,37.018,,9.183,,,,,,,,,,,,,,,,,1614.4115,,12163.3862,,
2026-09-02 19:41:01,42.4699845,-82.8343403,14.7211,9.6803,292.5351,305.1215,-21.7988,0.0,8.6884,0.2716,293.4827,0.754,-0.5158,303.1893,302.8311,,,,,,,,,,19.2665,-18.2671,10.3323,-35.7664,283.292,,,10.0571,,,,,,,,,,,,,,,,,1629.8641,,12146.3258,,
2026-09-02 19:41:02,42.4700007,-82.834396,,9.6414,294.0649,305.7174,109.4475,0.0,6.84,0.3768,,,,302.4793,303.7077,,,,,,,,,,19.5745,-17.4854,10.6971,-33.3543,283.4519,37.018,,,,,,,,,,,,,,,,,,,,,,,
2026-09-02 19:41:03,42.4700171,-82.8344487,14.393,9.5831,293.7211,306.3648,-21.7953,0.0,7.2964,0.1193,293.4878,0.7504,-0.5133,304.0503,303.9656,3.2868,14.3665,10.0,0.0047,48.092,17.3804,67.0672,0.0,,19.7227,-18.2973,11.0541,-34.0658,281.5343,36.9778,,9.9127,,,,,,,,,,,,,,,,,1841.4345,,12113.5174,,
2026-09-02 19:41:04,42.4700376,-82.8345062,,9.1555,292.9992,305.534,-18.031,0.0,7.6933,0.3829,293.479,0.7478,-0.5115,303.4634,303.1176,,,,,,,,,0.0,19.6599,-19.1979,11.2289,-35.1507,280.4817,36.9778,,9.1165,,,,,,,,,,,,,,,,,,,,,
2026-09-02 19:41:05,42.4700583,-82.8345638,14.5243,8.9805,292.1741,305.7403,45.7117,0.0,6.9483,0.5953,293.4857,0.7437,-0.5087,,303.4442,,,,,,,,,,19.4038,-18.4575,11.0535,-33.7641,279.8374,36.806,,9.1331,,,,,,,,,,,,,,,,,1843.4173,,12080.709,,
2026-09-02 19:41:06,42.4700717,-82.8346187,,9.2332,293.6065,304.984,-44.2782,0.0,7.3732,0.4066,293.4925,0.7412,-0.5071,304.617,,,,,,,,,,,19.2929,-19.2473,11.135,-34.8308,279.8169,36.806,,9.058,,,,,,,,,,,,,,,,,1836.4864,,12064.961,,
2026-09-02 19:41:07,42.470087,-82.83467,14.393,,,305.0355,-10.5333,0.0,7.4195,-0.1533,293.4931,0.7387,-0.5055,302.4849,302.5389,3.2868,14.3665,10.0,0.0033,48.092,17.3804,66.9774,0.0,,19.7175,-18.956,11.6708,-33.2853,280.1788,36.783,,8.7472,,,,,,,,,,,,,,,,,1843.9997,,12049.5411,,
2026-09-02 19:41:08,42.4701028,-82.8347199,,8.9028,293.7956,304.5141,,0.0,,,293.5023,0.7363,-0.5039,303.5391,302.8884,,,,,,,,,0.0,19.6593,-19.8104,11.7851,-34.4263,279.4311,36.783,,8.8056,,,,,,,,,,,,,,,,,,,,,
2026-09-02 19:41:09,42.4701176,-82.8347722,14.2946,8.9222,293.6523,,-48.0322,0.0,7.366,0.0778,293.4923,0.7339,-0.5021,303.332,302.1837,,,,,,,,,,,,,,,36.783,,8.7467,,,,,,,,,,,,,,,,,1842.1917,,12018.7012,,
2026-09-02 19:41:10,42.4701348,-82.8348195,14.3274,8.3974,293.8815,304.5829,-33.0402,0.0,8.0958,0.1797,293.4874,0.7318,-0.5006,303.7902,302.241,,,,,,,,,,19.5558,-20.833,11.909,-35.733,276.8254,36.783,,8.5527,,,,,,,,,,,,,,,,,1839.9694,,12003.6093,,
2026-09-02 19:41:11,42.4701513,-82.8348684,,8.3974,293.8815,304.1417,19.4542,0.0,7.9602,0.5824,293.484,0.7294,-0.4989,304.4736,301.9258,3.2868,14.3665,10.0,0.0041,48.092,17.3804,66.605,0.0,,19.4545,-21.0589,11.8404,-36.1852,275.645,36.783,,8.7082,,,,,,,,,,,,,,,,,,,,,
2026-09-02 19:41:12,42.470168,-82.8349183,14.1634,8.8056,291.8189,304.686,-14.3045,0.0,7.212,0.6614,293.4801,0.7272,-0.4974,,302.1894,,,,,,,,,0.0,19.356,-21.0006,11.6646,-36.4899,276.4683,36.7601,,8.6858,,,,,,,,,,,,,,,,,1840.6007,,11974.7379,,
2026-09-02 19:41:13,42.4701848,-82.8349669,,8.4946,293.0507,304.2907,-36.7976,0.0,7.8902,0.1789,293.4745,0.7246,-0.4956,303.9234,302.0691,,,,,,,,,,19.7082,-21.5381,12.1616,-36.5075,275.2177,36.7372,,8.5723,,,,,,,,,,,,,,,,,,,,,
2026-09-02 19:41:14,42.4702011,-82.8350155,14.7211,8.6112,292.346,304.3136,-59.2977,0.0,7.55,0.3689,293.4622,0.7224,-0.494,305.5327,301.7769,,,,,,,,,,19.5107,-21.6635,11.9441,-37.0863,275.6109,36.7372,,8.5913,,,,,,,,,,,,,,,,,1842.758,,11945.8665,,
2026-09-02 19:41:15,42.4702191,-82.835058,,8.6112,296.1046,304.7433,15.7002,0.0,8.9759,0.8405,293.4505,0.7199,-0.4922,304.1843,302.579,3.2869,14.3665,10.0,0.0034,48.092,17.3804,66.6053,0.0,,19.3889,-22.7152,11.9364,-38.8472,271.2881,36.6971,,8.4486,,,,,,,,,,,,,,,,,1832.9306,,11929.7904,,
2026-09-02 19:41:16,42.470237,-82.8351101,14.6555,8.514,292.896,305.1272,-33.0539,0.0,6.9451,1.0773,293.4412,0.7174,-0.4904,305.1598,,,,,,,,,,0.0,19.1177,-19.5558,11.3598,-34.2854,279.0024,36.6971,,8.648,,,,,,,,,,,,,,,,,,,,,
2026-09-02 19:41:17,42.4702564,-82.8351615,,8.825,292.9419,305.2876,,0.0,,,293.4312,0.715,-0.4886,303.7214,302.6764,,,,,,,,,,19.5041,-21.4522,11.8651,-36.955,275.8989,36.6971,,8.3971,,,,,,,,,,,,,,,,,1840.8533,,11898.2943,,
2026-09-02 19:41:18,42.4702741,-82.8352103,14.8852,8.5918,293.0049,305.2132,-3.0527,0.0,8.6368,0.1897,,,,304.4058,303.2379,,,,,,,,,,19.2786,-19.2622,11.4364,-33.7871,280.2754,36.72,,,,,,,,,,,,,,,,,,,,,,,
2026-09-02 19:41:19,42.4702937,-82.8352618,,9.1555,293.0049,,-48.0563,0.0,7.4214,0.7964,293.4162,0.7114,-0.4861,302.0168,302.5332,3.2869,14.3665,10.0,0.002,48.092,17.3804,66.4785,0.0,,19.5639,-20.3508,11.7117,-35.516,277.6884,36.6971,,9.0775,,,,,,,,,,,,,,,,,1826.8373,,11866.7983,,
2026-09-02 19:41:20,42.4703115,-82.8353252,14.8852,8.8445,293.0049,304.4397,0.691,0.0,8.5274,0.5206,293.4269,0.7072,-0.4833,,302.2582,,,,,,,,,0.0,,,,,,36.72,,8.8442,,,,,,,,,,,,,,,,,,,,,
2026-09-02 19:41:21,42.4703284,-82.8353743,14.8852,8.8639,292.0309,304.9553,-51.8,0.0,7.0633,0.8404,293.4222,0.7048,-0.4816,304.9301,302.2639,,,,,,,,,,19.2045,-18.4388,11.1869,-32.8867,280.9378,36.6971,,8.8613,,,,,,,,,,,,,,,,,1826.0023,,11833.9899,,
2026-09-02 19:41:22,42.4703445,-82.8354243,,8.7278,291.584,304.0042,-36.8045,0.0,7.9308,0.3503,293.4216,0.7024,-0.48,303.439,301.3414,,,,,,,,,,19.6149,-20.1775,11.7991,-34.9884,278.3548,,,8.7234,,,,,,,,,,,,,,,,,,,,,
2026-09-02 19:41:23,42.470362,-82.8354742,14.5899,8.7473,292.2887,303.5516,83.1935,0.0,7.1008,1.097,,,,302.154,301.5133,3.287,14.3665,10.0,0.0032,48.092,17.3804,66.7323,0.0,,19.4072,-19.6799,11.5738,-34.3811,277.8198,36.6971,,,,,,,,,,,,,,,,,,,1822.6502,,11803.15,,
2026-09-02 19:41:24,42.4703759,-82.8355189,,8.4557,292.5236,304.497,11.9599,0.0,6.5202,0.6113,293.4174,0.6988,-0.4774,303.1439,302.155,,,,,,,,,0.0,19.3426,-19.3624,11.6153,-33.5118,278.8854,36.6971,,8.6253,,,,,,,,,,,,,,,,,1821.3642,,11789.6985,,
2026-09-02 19:41:25,42.4703894,-82.8355629,14.1634,8.1641,292.6325,303.7005,83.19,0.0,7.3877,0.0771,293.4174,0.6957,-0.4754,303.3028,301.4446,,,,,,,,,,19.4051,-20.629,11.8142,-35.3582,276.9116,36.6971,,8.1634,,,,,,,,,,,,,,,,,1818.9617,,11775.919,,
2026-09-02 19:41:26,42.4704046,-82.8356141,,8.3585,295.3597,305.4366,83.1935,0.0,6.7765,0.5178,293.4251,0.6933,-0.4738,302.5085,303.6103,,,,,,,,,,19.2476,-20.9442,11.7589,-35.8104,274.3024,36.5424,,8.3537,,,,,,,,,,,,,,,,,,,,,
2026-09-02 19:41:27,42.4704184,-82.8356624,14.393,8.3196,293.2283,305.6314,,0.0,,,293.4308,0.6912,-0.4724,303.6722,,3.287,14.3665,10.0,0.0049,48.092,17.3804,66.1685,0.0,,19.1444,-19.1767,11.5441,-33.0071,280.5926,36.6054,,8.2418,,,,,,,,,,,,,,,,,1816.6998,,11747.7038,,
2026-09-02 19:41:28,42.470435,-82.8357144,,8.5335,294.6722,306.1757,38.1865,0.0,6.6685,0.3513,293.4308,0.6887,-0.4707,303.2495,303.4614,,,,,,,,,0.0,19.2371,-22.2858,11.7834,-38.2512,274.3312,36.6054,,8.4725,,,,,,,,,,,,,,,,,,,,,
2026-09-02 19:41:29,42.4704544,-82.8357683,14.3274,8.378,293.2341,,-66.7885,,8.6996,0.0226,293.4212,0.6861,-0.4688,304.1069,303.8338,,,,,,,,,,19.2776,-20.9094,11.7638,-35.7921,278.2765,36.6054,,8.3779,,,,,,,,,,,,,,,,,1817.4436,,11715.2235,,
2026-09-02 19:41:30,42.470471,-82.8358177,14.2946,8.5723,293.045,305.7689,-66.7885,0.0,7.1479,0.5539,293.418,0.6837,-0.4671,304.4276,303.4843,,,,,,,,,,19.3223,-21.9561,11.8633,-37.5161,277.6826,36.6054,,8.4557,,,,,,,,,,,,,,,,,,,,,
2026-09-02 19:41:31,42.4704863,-82.8358661,,8.4363,293.2914,305.11,-14.2804,0.0,7.2518,0.9761,293.4181,0.6813,-0.4655,303.1237,302.4472,3.287,14.3665,10.0,0.0033,48.092,17.3804,67.0051,0.0,,18.8379,-22.1974,11.4519,-38.4231,275.5492,36.6054,,8.5529,,,,,,,,,,,,,,,,,1818.756,,11684.7117,,
2026-09-02 19:41:32,42.4704997,-82.8359132,13.9665,7.9114,291.0511,304.3193,-44.2679,0.0,7.1537,0.5412,293.4262,0.6791,-0.4641,,301.8399,,,,,,,,,0.0,18.1348,-20.5785,10.7066,-36.5379,278.15,36.5825,,8.6227,,,,,,,,,,,,,,,,,1824.4905,,11670.604,,
2026-09-02 19:41:33,42.4705122,-82.8359577,,8.2613,290.6672,303.8839,-29.269,0.0,6.1641,0.4392,293.4347,0.677,-0.4627,303.4755,301.3586,,,,,,,,,,18.3528,-22.8232,11.1317,-39.7553,273.5243,36.5825,,8.3108,,,,,,,,,,,,,,,,,1818.4266,,11657.4807,,
2026-09-02 19:41:34,42.4705267,-82.8360077,14.1634,8.1836,293.8128,303.3109,98.2267,0.0,8.8052,0.8756,293.4406,0.6748,-0.4613,303.089,301.5019,,,,,,,,,,18.4893,-23.1177,11.4031,-39.5389,270.6841,36.4908,,8.2011,,,,,,,,,,,,,,,,,1817.796,,11642.3888,,
2026-09-02 19:41:35,42.47054,-82.8360512,,8.3002,292.8502,304.3423,23.222,0.0,7.3905,0.6259,293.4433,0.6728,-0.4599,304.3876,302.2295,3.2871,14.3665,10.0,0.0047,48.092,17.3804,66.7712,0.0,,18.0498,-21.6847,10.7804,-38.2183,273.7509,36.5424,,7.773,,,,,,,,,,,,,,,,,1814.283,,11630.5778,,
2026-09-02 19:41:36,42.4705551,-82.8360948,14.4587,8.4557,292.7012,304.4511,,0.0,,,293.4379,0.6706,-0.4584,303.5842,302.1722,,,,,,,,,0.0,18.6736,-23.4297,11.4446,-40.45,271.4169,36.5252,,8.4153,,,,,,,,,,,,,,,,,1810.3132,,11616.7983,,
2026-09-02 19:41:37,42.4705709,-82.8361432,14.2946,8.825,293.6237,304.9324,19.4473,0.0,8.7859,0.4741,293.4363,0.6683,-0.4568,304.8504,,,,,,,,,,,,,,,,36.5252,,8.6105,,,,,,,,,,,,,,,,,1803.493,,11602.0345,,
2026-09-02 19:41:38,42.4705862,-82.8361935,,8.8639,292.7127,305.8835,75.6854,0.0,8.4823,1.0336,293.44,0.6659,-0.4552,304.7619,302.6993,,,,,,,,,,19.2726,-22.4147,11.7728,-38.6245,274.0497,36.5252,,8.7666,,,,,,,,,,,,,,,,,1819.1565,,11586.6145,,
2026-09-02 19:41:39,42.4706034,-82.8362512,14.7211,8.8056,289.8479,306.6226,34.4325,0.0,8.3319,1.0937,293.4459,0.6631,-0.4533,304.8698,303.6676,3.2871,14.3665,10.0,0.004,48.092,17.3804,66.2724,0.0,,19.5448,-21.816,11.8263,-37.8917,278.2815,36.5424,,8.8465,,,,,,,,,,,,,,,,,1743.8371,,11569.5542,,
2026-09-02 19:41:40,42.4706241,-82.8363035,,9.0389,289.8479,,23.1807,0.0,7.5225,0.9325,293.4269,0.6605,-0.4514,,304.3036,,,,,,,,,0.0,19.64,-21.4989,11.7693,-37.7029,279.8782,36.5252,,9.0988,,,,,,,,,,,,,,,,,,,,,
2026-09-02 19:41:41,42.4706454,-82.8363599,14.5899,9.2721,294.4144,306.8977,-6.8067,0.0,8.3059,0.1183,293.4112,0.6577,-0.4493,304.4293,304.8193,,,,,,,,,,19.7187,-22.7127,11.8547,-39.9593,277.1371,36.6799,,9.2879,,,,,,,,,,,,,,,,,1782.8,,11535.1054,,
2026-09-02 19:41:42,42.470672,-82.8364222,14.5899,9.4859,295.3483,307.5909,,0.0,,,293.3796,0.6548,-0.4471,305.7198,305.3349,,,,,,,,,,19.7232,-22.321,11.8644,-39.1508,276.421,36.6799,,9.0352,,,,,,,,,,,,,,,,,1780.3969,,11514.7641,,
2026-09-02 19:41:43,42.4706973,-82.8364831,,8.5918,296.0645,308.6394,56.9428,0.0,8.9232,0.6256,293.3503,0.6517,-0.4447,305.7601,306.3663,3.2872,14.3665,10.0,0.0022,48.092,17.3804,66.4352,0.0,,19.6757,-22.7468,11.7896,-40.188,275.9806,,,8.9333,,,,,,,,,,,,,,,,,,,,,
2026-09-02 19:41:44,42.470722,-82.8365424,14.393,9.2527,295.8296,308.5191,-33.0574,0.0,9.4281,0.7216,293.3224,0.6487,-0.4425,306.2768,306.0912,,,,,,,,,0.0,19.419,-23.9633,11.6202,-42.7449,274.5972,36.6971,,9.4665,,,,,,,,,,,,,,,,,1771.6864,,11478.0187,,
2026-09-02 19:41:45,42.470746,-82.8366008,14.5899,8.9611,294.3284,307.8717,-10.5401,0.0,9.4498,0.1076,293.2958,0.6458,-0.4402,305.526,305.5297,,,,,,,,,,19.9173,-23.3657,12.0149,-41.1053,277.4145,36.6971,,9.095,,,,,,,,,,,,,,,,,1778.3729,,11459.318,,
2026-09-02 19:41:46,42.4707695,-82.8366597,,9.2332,293.1481,307.8373,-29.2896,0.0,9.4581,0.4061,293.2716,0.6428,-0.438,305.5524,305.2318,,,,,,,,,,19.7393,-24.1245,11.822,-43.0347,274.8315,36.6799,,9.2892,,,,,,,,,,,,,,,,,,,,,
2026-09-02 19:41:47,42.4707928,-82.8367176,14.4587,9.5054,289.9911,306.806,23.2185,0.0,9.9349,0.7947,293.2477,0.6399,-0.4358,304.344,,3.2872,14.3665,10.0,0.0015,48.092,17.3804,66.6763,0.0,,19.6867,-24.5949,11.8165,-43.9003,276.4177,36.7372,,9.6065,,,,,,,,,,,,,,,,,1632.675,,11421.9164,,
2026-09-02 19:41:48,42.4708137,-82.8367789,14.5243,9.4276,291.2631,306.0382,,0.0,,,,,,304.3985,304.6359,,,,,,,,,0.0,19.6162,-22.4646,11.4723,-40.7959,278.1018,36.7372,,,,,,,,,,,,,,,,,,,1729.4819,,11402.8875,,
2026-09-02 19:41:49,42.4708318,-82.836841,,9.2916,292.5121,306.296,-29.2827,0.0,8.3321,0.4284,293.2411,0.6356,-0.4329,303.5929,303.5473,,,,,,,,,,19.2647,-21.7412,11.0652,-40.1582,277.8965,36.7372,,9.4425,,,,,,,,,,,,,,,,,,,,,
2026-09-02 19:41:50,42.4708463,-82.8368926,14.7211,9.2527,293.5034,,45.722,0.0,7.3722,0.6696,293.257,0.6318,-0.4304,,304.1833,,,,,,,,,,19.3734,-22.1807,11.304,-40.3179,276.5993,36.72,,9.4231,,,,,,,,,,,,,,,,,1763.4011,,11368.4387,,
2026-09-02 19:41:51,42.470863,-82.8369469,,9.4471,292.26,305.8148,-14.2804,0.0,8.0165,0.4502,,,,303.6216,303.2379,3.2872,14.3665,10.0,0.002,48.092,17.3804,66.514,0.0,,,,,,,36.72,,,,,,,,,,,,,,,,,,,1758.8512,,11352.0345,,
2026-09-02 19:41:52,42.47088,-82.8370045,14.7211,8.9805,293.257,305.6486,45.7186,0.0,8.3976,0.8457,293.258,0.6279,-0.4277,303.9603,303.576,,,,,,,,,0.0,19.8014,-22.9943,11.8522,-40.741,273.8802,36.72,,9.4456,,,,,,,,,,,,,,,,,1675.697,,11336.2865,,
2026-09-02 19:41:53,42.470896,-82.8370568,,9.1944,293.257,305.895,-21.7678,0.0,7.9202,0.3359,293.2683,0.6239,-0.4251,304.8573,303.1749,,,,,,,,,,19.6181,-22.1912,11.5745,-39.8047,275.9757,36.7372,,9.0739,,,,,,,,,,,,,,,,,,,,,
2026-09-02 19:41:54,42.4709113,-82.8371082,14.4587,9.2138,292.0882,304.8579,23.222,0.0,8.1451,0.5677,,,,303.9366,302.3842,,,,,,,,,,19.6456,-21.9583,11.6474,-39.1022,275.8517,36.72,,,,,,,,,,,,,,,,,,,1757.4943,,11304.4623,,
2026-09-02 19:41:55,42.4709266,-82.8371558,,9.0972,293.2742,304.9381,,0.0,,,293.275,0.6202,-0.4226,304.4778,302.642,3.2873,14.3665,10.0,0.0023,48.092,17.3804,66.9152,0.0,,19.6749,-22.6492,11.7526,-40.1412,274.2358,36.72,,9.2118,,,,,,,,,,,,,,,,,,,,,
2026-09-02 19:41:56,42.4709419,-82.8372072,14.7867,8.6695,293.6008,305.1158,15.7174,0.0,8.0259,0.6752,293.2771,0.6167,-0.4203,304.1588,303.1692,,,,,,,,,0.0,18.7335,-23.6975,11.0049,-43.1696,270.6009,36.72,,9.1547,,,,,,,,,,,,,,,,,1752.4471,,11274.6067,,
2026-09-02 19:41:57,42.4709572,-82.8372605,14.6555,9.0777,294.0992,305.3335,-21.7884,0.0,7.0992,0.1792,293.2869,0.6144,-0.4188,304.7826,302.8884,,,,,,,,,,17.9657,-22.3903,10.1885,-42.1962,274.6513,36.72,,8.6038,,,,,,,,,,,,,,,,,,,,,
2026-09-02 19:41:58,42.4709712,-82.8373119,,8.9611,294.019,304.3308,-21.7781,0.0,8.3676,0.6183,293.2992,0.612,-0.4172,,,,,,,,,,,,17.9857,-24.8935,10.5245,-46.0003,267.5721,36.72,,9.0192,,,,,,,,,,,,,,,,,1755.5106,,11242.7825,,
2026-09-02 19:41:59,,,14.5899,9.0389,291.6298,303.9526,-51.7793,0.0,7.4683,0.466,293.3033,0.6096,-0.4156,304.8446,302.0977,,,,,,,,,,17.8951,-23.3206,10.2878,-43.5199,271.1859,36.72,,9.0524,,,,,,,,,,,,,,,,,1753.6174,,11228.0187,,
2026-09-02 19:42:00,42.4709857,-82.8373613,14.229,8.4363,293.4976,,86.9681,0.0,7.3014,1.6279,293.3076,0.6072,-0.414,304.6521,301.8342,3.2873,14.3665,10.0,0.003,48.092,17.3804,67.0538,0.0,0.0,17.3862,-23.4305,9.8491,-44.5822,268.4806,36.72,,9.0194,,,,,,,,,,,,,,,,,1760.5416,,11213.9111,,
2026-09-02 19:42:01,42.4710012,-82.8374122,,8.689,292.5523,305.2819,8.2162,0.0,6.7878,0.0261,293.3163,0.6051,-0.4126,305.735,302.8483,,,,,,,,,,18.6714,-21.9958,11.0646,-39.2,274.257,36.6684,,8.6302,,,,,,,,,,,,,,,,,1755.9828,,11200.7878,,
2026-09-02 19:42:02,42.4710144,-82.8374563,14.393,8.203,300.0809,305.7116,109.4579,0.0,8.727,0.8511,293.2957,0.6026,-0.4108,305.1728,303.9255,,,,,,,,,,18.901,-24.3293,11.4921,-42.6553,270.162,36.6971,,8.8827,,,,,,,,,,,,,,,,,1745.7368,,11185.3678,,
2026-09-02 19:42:03,42.471034,-82.8375046,,8.8833,294.7352,306.2674,,0.0,,,293.2766,0.6002,-0.409,,304.126,3.2873,14.3665,10.0,0.004,48.092,17.3804,66.5323,0.0,,18.8134,-24.3341,11.3115,-43.2621,269.7394,36.6971,,8.8934,,,,,,,,,,,,,,,,,1748.8641,,11170.2759,,
2026-09-02 19:42:04,42.4710523,-82.8375537,14.1634,9.2138,293.2627,306.0382,-44.3194,0.0,9.059,0.8138,293.2666,0.5976,-0.4072,305.2222,303.8109,,,,,,,,,0.0,18.8943,-23.5343,11.2193,-42.2568,271.2477,36.6971,,9.0361,,,,,,,,,,,,,,,,,1744.8295,,11153.2156,,
2026-09-02 19:42:05,42.471071,-82.8376072,,9.136,292.3173,307.505,56.9291,0.0,8.8843,1.0353,293.2757,0.5948,-0.4054,305.9693,305.1287,,,,,,,,,,19.3559,-23.2196,11.6407,-40.9621,276.1097,36.8518,,10.1454,,,,,,,,,,,,,,,,,1748.8636,,11135.8271,,
2026-09-02 19:42:06,42.47108784676618,-82.83766604480269,14.5899,9.5831,293.6065,306.7601,-10.5711,0.0,9.8523,1.0057,293.2712,0.5922,-0.4035,305.3372,304.2692,,,,,,,,,,20.1882,-24.8235,12.3848,-43.1841,271.247,36.8518,,9.2903,,,,,,,,,,,,,,,,,1732.5798,,11119.4229,,
2026-09-02 19:42:07,42.47110608959025,-82.83772020188385,,9.6803,291.1714,306.0096,-78.0747,0.0,10.4254,0.5362,293.2632,0.5898,-0.4018,304.168,303.7708,3.2874,14.3665,10.0,0.0025,48.092,17.3804,66.664,0.0,,19.8565,-23.0301,11.6875,-41.6558,274.6567,36.8976,,9.4257,,,,,,,,,,,,,,,,,1727.9073,,11102.0345,,
2026-09-02 19:42:08,42.47112430218711,-82.8377755175718,14.8196,9.6609,291.1772,305.9866,8.1853,0.0,8.7296,1.1952,293.2723,0.5872,-0.4001,304.1025,,,,,,,,,,0.0,,,,,,,,9.5919,,,,,,,,,,,,,,,,,,,,,
2026-09-02 19:42:09,42.471139918013066,-82.83783098957417,,9.622,291.2746,305.5512,-18.0585,0.0,8.9587,0.403,293.2859,0.5847,-0.3985,303.426,303.7192,,,,,,,,,,19.7377,-22.5877,11.4574,-41.4285,276.732,36.8976,,9.6656,,,,,,,,,,,,,,,,,1729.8709,,11071.5227,,
2026-09-02 19:42:10,42.47115460107554,-82.83788383364963,14.3274,9.622,291.8246,305.4595,30.6888,0.0,8.1612,0.2836,293.2863,0.5823,-0.3969,302.539,303.1061,,,,,,,,,,19.8368,-21.9683,11.5624,-39.9266,276.7393,36.8976,,9.6012,,,,,,,,,,,,,,,,,1724.153,,11056.4308,,
2026-09-02 19:42:11,42.47117003381376,-82.83793263353547,,9.6414,292.9591,,30.6819,0.0,8.3751,0.1399,293.3,0.58,-0.3954,303.7836,303.4442,3.2874,14.3665,10.0,0.0036,48.092,17.3804,66.5599,0.0,,19.9162,-21.0465,11.5986,-38.0729,277.8192,36.8976,,9.4463,,,,,,,,,,,,,,,,,1724.9366,,11041.667,,
2026-09-02 19:42:12,42.47118368482023,-82.83798250580176,14.229,10.0108,293.8872,306.1413,,0.0,,,293.3009,0.5776,-0.3938,,303.9999,,,,,,,,,0.0,19.8438,-24.2353,11.7906,-43.6978,271.1524,36.9148,,9.5325,,,,,,,,,,,,,,,,,,,,,
2026-09-02 19:42:13,42.4712008,-82.8380378,,9.9525,293.8643,306.8633,11.9255,0.0,11.5437,0.3772,293.3028,0.5747,-0.3919,304.3226,304.5672,,,,,,,,,,20.2507,-24.8861,12.0341,-45.0837,272.3805,37.207,,9.909,,,,,,,,,,,,,,,,,1721.9253,,11008.2025,,
2026-09-02 19:42:14,42.4712184,-82.8380923,14.7211,,,306.7544,23.1739,0.0,10.7549,0.8385,293.3081,0.572,-0.39,304.7199,304.4354,,,,,,,,,,21.0562,-23.2993,12.4811,-41.858,273.9546,37.2471,,10.2813,,,,,,,,,,,,,,,,,,,,,
2026-09-02 19:42:15,42.4712356,-82.83815,,9.9719,294.1795,305.9523,-63.0655,0.0,12.6263,0.1532,293.3098,0.5691,-0.388,303.6618,303.4671,3.2875,14.3665,10.0,0.0025,48.092,17.3804,66.289,0.0,,23.0238,-25.3866,14.0144,-44.7763,269.1792,37.2701,,11.8181,,,,,,,,,,,,,,,,,1700.7424,,10972.4413,,
2026-09-02 19:42:16,42.4712548,-82.838211,14.5899,10.0691,293.7841,304.5428,-183.0566,0.0,14.1876,-0.0516,293.3175,0.5661,-0.3861,303.4159,301.4274,,,,,,,,,0.0,23.5242,-25.6805,14.8609,-43.3126,269.8576,37.4477,,10.2236,,,,,,,,,,,,,,,,,1366.542,,10954.0686,,
2026-09-02 19:42:17,42.471272,-82.8382737,,10.2635,291.0511,301.6665,-179.3232,0.0,13.8515,-0.033,293.3317,0.5633,-0.3843,300.7863,298.8662,,,,,,,,,,23.1639,-24.7261,14.3604,-42.4313,270.2399,37.4706,,10.2476,,,,,,,,,,,,,,,,,,,,,
2026-09-02 19:42:18,42.4712879,-82.838334,15.1476,10.5356,287.5217,298.9507,,0.0,,,293.3676,0.5606,-0.3827,,,,,,,,,,,,23.0632,-25.3197,14.2723,-43.716,269.6021,37.4878,,10.5933,,,,,,,,,,,,,,,,,1242.018,,10918.6355,,
2026-09-02 19:42:19,42.471305,-82.8384004,,9.3499,296.54,298.1199,30.6819,0.0,13.2025,0.409,293.3747,0.5578,-0.3808,298.0225,296.3223,,,,,,,,,,23.0092,-24.3705,14.8619,-39.7056,266.154,37.4878,,9.3591,,,,,,,,,,,,,,,,,1438.1564,,10900.2628,,
2026-09-02 19:42:20,42.4713186,-82.8384589,15.082,10.3024,285.4705,297.8449,-6.8239,0.0,12.8683,0.3159,293.412,0.5548,-0.3791,298.1726,295.7952,3.2875,14.3665,10.0,0.0023,48.092,17.3804,66.5649,0.0,0.0,23.5555,-24.5103,14.6445,-41.8584,265.2129,37.4878,,10.3403,,,,,,,,,,,,,,,,,,,,,
2026-09-02 19:42:21,42.4713324,-82.838524,15.082,10.8272,285.3674,,,0.0,,,293.4423,0.5519,-0.3773,,295.4056,,,,,,,,,,23.5141,-24.1186,14.2912,-42.2474,263.577,37.6196,,10.7349,,,,,,,,,,,,,,,,,1236.2118,,10863.5174,,
2026-09-02 19:42:22,42.4713483,-82.8385887,,10.9827,286.5935,298.4465,,0.0,,,293.4586,0.5488,-0.3753,,296.0186,,,,,,,,,,23.0586,-23.716,13.7257,-42.5076,263.5601,37.6196,,11.183,,,,,,,,,,,,,,,,,1225.6972,,10844.1605,,
2026-09-02 19:42:23,42.4713659,-82.8386524,15.3773,10.7494,287.1664,297.9309,,0.0,,,293.4793,0.5453,-0.373,,295.8009,,,,,,,,,,,,,,,37.6196,,10.9261,,,,,,,,,,,,,,,,,,,,,
2026-09-02 19:42:24,42.4713866,-82.8387273,,10.9438,288.0946,299.1169,,0.0,,,293.4944,0.5424,-0.3712,,297.2849,,,,,,,,,,22.5167,-23.3071,13.1336,-42.7134,263.365,37.6196,,11.0621,,,,,,,,,,,,,,,,,1330.6261,,10805.4465,,
2026-09-02 19:42:25,42.4714044,-82.8387884,15.2133,10.9633,289.2577,300.7727,79.4566,0.0,10.5415,0.1403,293.4943,0.5395,-0.3691,301.7404,298.511,,,,,,,,,,22.3766,-22.7142,12.87,-42.1721,264.4772,37.6196,,11.0213,,,,,,,,,,,,,,,,,1290.2711,,10787.0738,,
2026-09-02 19:42:26,42.4714265,-82.8388552,,11.041,291.9908,302.1421,,0.0,,,293.4985,0.5367,-0.3673,,300.1497,,,,,,,,,,22.1832,-21.7711,12.6296,-40.6521,267.002,37.6024,,11.0372,,,,,,,,,,,,,,,,,,,,,
2026-09-02 19:42:27,42.4714447,-82.838914,15.0164,11.1188,290.7589,302.0905,-85.5483,0.0,9.9238,0.5107,293.5034,0.5339,-0.3654,302.5009,299.6168,3.2876,14.3665,10.0,0.003,48.092,17.3804,66.7096,0.0,,22.3395,-23.0569,12.8791,-42.7912,266.1935,37.6196,,11.106,,,,,,,,,,,,,,,,,1504.3704,,10750.0003,,
2026-09-02 19:42:28,42.4714625,-82.8389712,,11.1382,293.6351,302.0676,30.73,0.0,11.2767,-0.0427,293.5244,0.5311,-0.3636,301.285,300.0637,,,,,,,,,0.0,22.7356,-21.9866,13.1405,-40.3733,268.5843,37.6024,,11.1382,,,,,,,,,,,,,,,,,,,,,
2026-09-02 19:42:29,42.471479,-82.8390319,14.7867,11.0993,291.7387,303.3281,68.2324,,12.0986,0.3399,,,,302.3435,,,,,,,,,,,22.19,-22.9509,12.7593,-42.6998,266.4027,37.6024,,,,,,,,,,,,,,,,,,,1427.0486,,10712.5988,,
2026-09-02 19:42:30,42.4715026,-82.8391194,14.8852,21.7516,291.0396,303.5115,15.7552,0.0,11.19,-0.2576,293.5496,0.5257,-0.3601,303.4177,301.1867,,,,,,,,,,22.9539,-20.2373,8.6542,-66.5583,242.1832,37.6196,,11.0407,,,,,,,,,,,,,,,,,,,,,
2026-09-02 19:42:31,42.4715193,-82.8392163,,11.5464,288.3124,,57.0219,0.0,11.3983,0.5007,293.6529,0.52,-0.3569,303.3353,301.1695,3.2876,14.3665,10.0,0.0027,48.092,17.3804,67.0732,0.0,,22.2023,-20.9442,10.9917,-46.2227,275.7143,37.6196,,11.4963,,,,,,,,,,,,,,,,,1476.07,,10662.0738,,
2026-09-02 19:42:32,42.4715344,-82.8392697,15.1476,10.8466,292.5351,303.3453,4.5275,0.0,10.893,-0.2867,293.6542,0.5175,-0.3552,303.3365,300.9862,,,,,,,,,0.0,22.3049,-21.1447,12.6059,-39.6626,272.4327,37.6024,,10.8446,,,,,,,,,,,,,,,,,1564.1777,,10645.6696,,
2026-09-02 19:42:33,42.4715512,-82.8393223,,10.8272,293.9789,303.1448,19.4955,0.0,10.5071,0.0332,,,,303.5118,301.0034,,,,,,,,,,22.3694,-20.7537,12.8164,-38.2049,272.4462,,,,,,,,,,,,,,,,,,,,,,,,
2026-09-02 19:42:34,42.4715721,-82.8393684,14.8196,10.73,293.3716,303.8667,15.7621,0.0,10.5527,0.5795,293.6454,0.5134,-0.3523,303.7109,301.731,,,,,,,,,,21.8384,-21.0417,12.2863,-39.657,271.6643,37.6196,,10.8659,,,,,,,,,,,,,,,,,1625.6453,,10613.5174,,
2026-09-02 19:42:35,42.4715906,-82.839422,,10.6717,294.3341,304.262,30.7713,0.0,10.1811,0.2992,293.6153,0.5109,-0.3504,304.0915,302.1665,3.2876,14.3665,10.0,0.0012,48.092,17.3804,66.6597,0.0,,21.6303,-19.5952,12.0419,-37.0428,274.7761,37.6024,,10.9228,,,,,,,,,,,,,,,,,1657.8283,,10597.1132,,
2026-09-02 19:42:36,42.4716105,-82.8394775,15.082,10.6522,292.7929,304.898,,0.0,9.3994,0.0688,293.6072,0.5083,-0.3486,,302.0633,,,,,,,,,0.0,21.4816,-20.3269,12.074,-38.173,275.745,37.6196,,10.8248,,,,,,,,,,,,,,,,,,,,,
2026-09-02 19:42:37,42.4716285,-82.839533,,10.6717,293.3143,304.3766,19.5402,0.0,9.9898,0.0543,293.6004,0.5056,-0.3467,303.2388,301.8342,,,,,,,,,,,,,,,37.4706,,10.6712,,,,,,,,,,,,,,,,,1660.4794,,10562.6644,,
2026-09-02 19:42:38,42.4716497,-82.8395875,14.393,10.1663,294.7238,303.8896,-59.1877,0.0,,,293.5989,0.503,-0.3448,303.3657,301.7024,,,,,,,,,,21.7989,-19.5344,12.4585,-35.807,277.3773,37.4706,,10.4909,,,,,,,,,,,,,,,,,1616.039,,10545.2759,,
2026-09-02 19:42:39,42.4716667,-82.8396375,14.8852,10.3801,292.9705,304.0042,-6.6795,0.0,8.8511,0.3235,293.5806,0.5003,-0.3429,303.7851,,3.2877,14.3665,10.0,0.0042,48.092,17.3804,67.1071,0.0,,21.4163,-19.1932,12.2121,-35.2073,278.6667,37.4706,,10.302,,,,,,,,,,,,,,,,,1596.3775,,10529.856,,
2026-09-02 19:42:40,42.4716812,-82.8396924,,9.9913,293.8128,304.3824,42.0608,0.0,8.4188,0.2057,293.5876,0.4967,-0.3405,303.6569,301.7769,,,,,,,,,0.0,21.4557,-19.7418,12.3654,-35.8806,277.3319,37.4706,,10.1661,,,,,,,,,,,,,,,,,,,,,
2026-09-02 19:42:41,42.4716984,-82.8397441,14.6555,9.8553,293.7555,304.1876,-47.9463,0.0,10.6626,-0.0089,293.5849,0.4942,-0.3387,303.4733,301.8972,,,,,,,,,,21.8539,-19.9191,12.7999,-35.569,275.8664,37.2242,,10.3994,,,,,,,,,,,,,,,,,1660.1164,,10497.7037,,
2026-09-02 19:42:42,42.4717169,-82.8398064,14.9508,9.8747,292.0538,,-10.4473,0.0,9.6129,0.4454,,,,303.6635,301.7711,,,,,,,,,,20.9014,-18.0286,11.7121,-33.5263,280.0879,37.2242,,,,,,,,,,,,,,,,,,,,,,,
2026-09-02 19:42:43,42.4717283,-82.839862,,9.7775,290.9938,303.8094,-2.9461,0.0,8.665,0.2734,293.6014,0.4901,-0.336,302.8994,301.4216,3.2877,14.2183,10.0,0.0039,48.092,17.3992,66.934,0.0,,21.1652,-17.4574,12.0234,-31.8767,281.7587,37.2471,,9.9121,,,,,,,,,,,,,,,,,1531.2192,,10464.5673,,
2026-09-02 19:42:44,42.4717407,-82.8399195,14.1634,9.6998,292.9992,303.162,,0.0,9.6506,0.8474,293.6406,0.4876,-0.3346,,300.9805,,,,,,,,,0.0,21.1393,-18.5568,12.2313,-33.3685,278.653,37.2242,,9.6391,,,,,,,,,,,,,,,,,,,,,
2026-09-02 19:42:45,42.471753,-82.8399762,,9.9913,292.2772,302.9729,-70.4497,0.0,9.3093,-0.0851,293.687,0.485,-0.3331,303.1328,300.3617,,,,,,,,,,20.9096,-18.6566,12.0312,-33.7769,278.3713,37.2242,,9.6409,,,,,,,,,,,,,,,,,1640.5125,,10431.4308,,
2026-09-02 19:42:46,42.4717643,-82.8400368,14.7867,9.622,294.1107,302.8411,105.7692,0.0,8.8172,0.5732,293.7235,0.4824,-0.3315,300.8692,301.1925,,,,,,,,,,19.7743,-16.6275,10.7334,-31.8146,279.9787,37.2242,,9.8281,,,,,,,,,,,,,,,,,1651.2785,,10414.3704,,
2026-09-02 19:42:47,42.4717793,-82.8400929,,9.9719,295.4915,305.0986,60.769,0.0,7.9478,0.9877,293.7786,0.4796,-0.3299,303.2533,303.364,3.2878,14.2183,10.0,0.0024,48.092,17.3992,66.3299,0.0,,19.3957,-17.0092,10.2755,-33.5153,280.7471,37.2242,,9.7186,,,,,,,,,,,,,,,,,,,,,
2026-09-02 19:42:48,42.4717974,-82.840151,14.393,9.9525,295.8983,306.4622,42.0127,0.0,9.0445,0.59,293.788,0.477,-0.3282,304.2911,304.3093,,,,,,,,,0.0,19.9358,-18.586,10.9681,-35.4029,278.3524,37.2471,,9.7942,,,,,,,,,,,,,,,,,1644.885,,10379.9216,,
2026-09-02 19:42:49,42.4718215,-82.840217,,9.8941,294.7008,306.1413,0.7872,0.0,,,293.7941,0.4742,-0.3263,305.3747,304.063,,,,,,,,,,19.8928,-18.2994,10.9685,-34.7116,280.6566,37.2242,,9.7308,,,,,,,,,,,,,,,,,1646.2904,,10360.8927,,
2026-09-02 19:42:50,42.4718424,-82.8402796,14.9508,9.8747,294.3972,307.1498,45.7873,0.0,8.4619,0.7122,293.7768,0.4713,-0.3242,305.9165,,,,,,,,,,,20.1122,-19.1108,11.2705,-35.7493,280.5019,37.2242,,9.7358,,,,,,,,,,,,,,,,,1645.6116,,10341.5358,,
2026-09-02 19:42:51,42.471866,-82.8403406,14.6555,9.6998,297.812,307.1039,-77.9647,0.0,8.6722,0.4786,293.7697,0.4682,-0.322,306.0353,304.9969,3.2878,14.2183,10.0,0.0018,48.092,17.3992,66.9109,0.0,,20.2243,-20.1552,11.5545,-37.0926,278.5486,37.2242,,9.8893,,,,,,,,,,,,,,,,,1641.7969,,10322.1788,,
2026-09-02 19:42:52,42.4718862,-82.8404073,,9.8358,295.4915,,,0.0,9.11,0.0483,293.7452,0.4652,-0.3198,,304.5328,,,,,,,,,0.0,19.8295,-19.9024,11.1695,-37.1824,278.8827,37.2242,,9.6248,,,,,,,,,,,,,,,,,1642.4202,,10302.1657,,
2026-09-02 19:42:53,42.471909,-82.8404683,14.5243,9.7775,293.469,307.0695,49.5242,0.0,8.9933,0.6234,293.7539,0.462,-0.3177,305.3423,305.1516,,,,,,,,,,,,,,,37.2242,,9.6364,,,,,,,,,,,,,,,,,1642.5323,,10283.1368,,
2026-09-02 19:42:54,42.471931,-82.8405325,14.393,9.7581,296.0301,307.7514,4.5447,0.0,8.4812,-0.0552,293.7353,0.459,-0.3155,306.3828,305.3636,,,,,,,,,,19.989,-18.8063,11.2449,-34.9627,282.8963,37.2242,,9.6986,,,,,,,,,,,,,,,,,1490.9614,,7946.8506,,
2026-09-02 19:42:55,42.47196,-82.8405906,,9.622,296.8609,307.6998,27.031,0.0,9.483,0.1841,293.6604,0.4541,-0.3117,305.9354,305.3521,3.2878,14.2183,10.0,0.0055,48.092,17.3992,66.7355,0.0,,20.0016,-20.4871,11.4647,-37.6338,278.6575,37.2242,,9.7473,,,,,,,,,,,,,,,,,1490.5398,,7944.5541,,
2026-09-02 19:42:56,42.471986,-82.8406552,14.0978,9.622,294.7982,308.3644,-32.9714,0.0,8.8088,0.658,293.6255,0.4509,-0.3093,306.6157,306.4064,,,,,,,,,0.0,20.384,-19.3409,11.7511,-35.064,281.3233,,,9.4177,,,,,,,,,,,,,,,,,,,,,
2026-09-02 19:42:57,42.4720071,-82.840715,13.9009,9.5443,294.0534,308.542,4.5413,0.0,9.1949,-0.0083,293.613,0.4482,-0.3074,306.6433,305.9652,,,,,,,,,,20.7042,-19.7748,12.216,-34.988,282.7657,37.2242,,9.3122,,,,,,,,,,,,,,,,,1488.9337,,7936.0239,,
2026-09-02 19:42:58,42.4720273,-82.8407726,,9.3304,294.9128,308.0264,12.039,0.0,,,,,,305.9321,305.6959,,,,,,,,,,21.2201,-20.9856,12.8911,-36.1231,281.1398,37.2242,,,,,,,,,,,,,,,,,,,,,,,
2026-09-02 19:42:59,42.4720487,-82.8408291,14.1634,9.4082,295.566,307.992,34.5253,0.0,8.8702,0.109,293.5967,0.4441,-0.3045,305.801,305.9423,3.2879,14.2183,10.0,0.0057,48.092,17.3992,66.7134,0.0,,21.352,-20.9871,12.9905,-36.0641,280.8574,37.2242,,9.6021,,,,,,,,,,,,,,,,,1487.215,,7926.8375,,
2026-09-02 19:43:00,42.4720742,-82.8408869,,9.5248,295.7665,308.1868,8.2678,0.0,9.9578,0.7695,293.5719,0.4413,-0.3024,305.3729,,,,,,,,,,0.0,20.9509,-22.8763,12.7938,-39.5387,276.4963,37.2471,,9.3313,,,,,,,,,,,,,,,,,1486.6266,,7923.5567,,
2026-09-02 19:43:01,42.4720968,-82.8409462,14.2946,9.5637,297.0213,309.3213,15.7518,0.0,10.5375,0.4361,293.5211,0.4383,-0.3001,306.3761,306.2803,,,,,,,,,,19.9464,-21.8667,11.6457,-39.6368,278.1102,37.2242,,9.4911,,,,,,,,,,,,,,,,,,,,,
2026-09-02 19:43:02,42.4721198,-82.8410076,,10.2246,296.7979,,,0.0,9.9531,0.4507,293.4794,0.4336,-0.2966,,307.1054,,,,,,,,,,19.8931,-21.9525,11.4721,-40.4101,277.8761,37.2471,,9.6956,,,,,,,,,,,,,,,,,1485.0465,,7915.0265,,
2026-09-02 19:43:03,42.4721416,-82.8410669,14.9508,10.0691,295.7092,310.1979,60.7484,0.0,10.3305,0.733,,,,306.2823,308.2226,3.2879,14.2183,10.0,0.0051,48.092,17.3992,66.1215,0.0,,19.9337,-22.6518,11.399,-42.3365,278.7654,37.2471,,,,,,,,,,,,,,,,,,,1484.2056,,7910.7614,,
2026-09-02 19:43:04,42.4721633,-82.8411259,,9.9719,298.1157,310.9084,-6.7586,0.0,9.9082,0.6427,293.4498,0.429,-0.2933,306.9707,308.6753,,,,,,,,,0.0,20.3385,-22.974,11.7506,-42.4988,278.5741,37.2471,,9.9196,,,,,,,,,,,,,,,,,,,,,
2026-09-02 19:43:05,42.4721872,-82.8411874,14.2946,10.5551,294.2196,311.6131,-10.5092,0.0,9.025,0.8658,293.4294,0.4264,-0.2914,307.6858,309.4087,,,,,,,,,,20.1522,-23.8319,11.557,-44.7939,277.9675,37.2471,,10.3134,,,,,,,,,,,,,,,,,1482.6471,,7902.2312,,
2026-09-02 19:43:06,42.472209,-82.8412438,,10.4384,293.4002,311.6933,-10.4817,0.0,9.8136,0.3295,293.3954,0.4236,-0.2893,307.103,309.4316,,,,,,,,,,19.9288,-25.2241,11.5551,-47.3064,275.3339,37.2471,,10.554,,,,,,,,,,,,,,,,,1481.9285,,7898.6223,,
2026-09-02 19:43:07,42.4722282,-82.841306,14.1634,10.0497,296.8666,311.2579,-40.4829,0.0,8.5797,0.5278,293.3706,0.4208,-0.2873,307.5576,308.8586,3.288,14.2183,10.0,0.0014,48.092,17.3992,66.6517,0.0,,19.2615,-23.4802,10.7017,-45.8171,279.2928,37.2471,,10.4384,,,,,,,,,,,,,,,,,1480.7836,,7892.3887,,
2026-09-02 19:43:08,42.4722494,-82.8413651,,9.933,296.5859,311.1433,-10.4645,0.0,7.8384,-0.074,293.3753,0.4178,-0.2853,306.5913,308.6294,,,,,,,,,0.0,19.4186,-22.3237,10.8425,-42.8652,281.8626,37.2242,,10.031,,,,,,,,,,,,,,,,,,,,,
2026-09-02 19:43:09,42.4722681,-82.8414262,13.9665,9.8164,294.6837,310.2666,-21.7059,0.0,,,293.3576,0.4149,-0.2832,306.5875,307.5695,,,,,,,,,,19.3294,-22.8283,10.9523,-43.2134,280.4542,37.207,,9.9173,,,,,,,,,,,,,,,,,1478.7809,,7881.89,,
2026-09-02 19:43:10,42.4722861,-82.8414857,,9.5248,296.1848,309.7223,,0.0,7.3295,-0.0673,293.3655,0.412,-0.2813,306.3624,,,,,,,,,,,19.0905,-22.1383,10.778,-41.873,280.7014,37.207,,9.8138,,,,,,,,,,,,,,,,,1477.6725,,7875.9845,,
2026-09-02 19:43:11,42.4723047,-82.8415405,14.1634,9.3499,297.7604,309.0061,-17.9622,0.0,6.8359,0.1102,293.3729,0.4078,-0.2784,305.6505,307.2486,3.288,14.2183,10.0,0.0042,48.092,17.3992,66.6804,0.0,,,,,,,36.8976,,9.5604,,,,,,,,,,,,,,,,,1476.7373,,7870.7352,,
2026-09-02 19:43:12,42.472323,-82.841597,,9.1555,297.5771,,0.7804,0.0,7.4974,-0.082,,,,306.0443,306.7731,,,,,,,,,0.0,19.3788,-23.6902,11.4146,-43.0104,275.8471,36.8976,,,,,,,,,,,,,,,,,,,1475.7845,,7865.8139,,
2026-09-02 19:43:13,42.4723441,-82.8416544,14.393,8.9805,295.9957,309.0004,-14.2082,0.0,7.6532,0.2922,293.3572,0.4038,-0.2756,306.6491,306.8705,,,,,,,,,,17.9667,-23.8458,10.2531,-45.1065,273.4474,36.8976,,9.1307,,,,,,,,,,,,,,,,,,,,,
2026-09-02 19:43:14,,,,8.7862,296.2077,308.6394,-17.9519,0.0,6.4193,0.5306,293.3432,0.4,-0.2729,,306.2345,,,,,,,,,,17.3631,-21.5304,9.5659,-41.7693,278.5345,36.6799,,8.9073,,,,,,,,,,,,,,,,,1474.185,,7857.2837,,
2026-09-02 19:43:15,42.472361,-82.8417058,14.0322,8.7667,295.3024,308.4274,-77.9543,0.0,6.6064,-0.147,293.3471,0.3975,-0.2713,306.5988,305.8506,3.288,14.2183,10.0,0.0028,48.092,17.3992,66.9405,0.0,,17.7423,-24.1613,10.3547,-44.5339,274.2716,36.6684,,8.7013,,,,,,,,,,,,,,,,,1473.2668,,7852.3625,,
2026-09-02 19:43:16,42.4723767,-82.8417572,,8.7473,295.0561,306.9836,,0.0,,,,,,305.9107,304.1833,,,,,,,,,0.0,17.7789,-22.4685,10.3014,-41.2686,277.2784,36.6283,,,,,,,,,,,,,,,,,,,,,,,
2026-09-02 19:43:17,42.4723937,-82.8418063,14.0322,8.4557,295.5374,306.743,49.5311,0.0,7.6516,0.3967,293.3321,0.3939,-0.2687,304.8912,304.7563,,,,,,,,,,17.4658,-23.6107,10.1649,-43.4874,273.0987,36.6283,,8.7399,,,,,,,,,,,,,,,,,1471.6519,,7843.8323,,
2026-09-02 19:43:18,42.4724094,-82.8418534,,8.7278,296.7692,308.1639,75.7783,0.0,6.8079,0.5772,293.3261,0.3916,-0.2672,307.2762,305.7245,,,,,,,,,,17.2172,-23.2278,10.0074,-42.7284,274.4878,36.6455,,8.3339,,,,,,,,,,,,,,,,,1470.6984,,7838.5829,,
2026-09-02 19:43:19,42.472424,-82.8419053,14.5243,8.5723,297.3651,308.5936,19.5161,0.0,5.5941,0.3394,293.3366,0.3889,-0.2654,307.6143,306.8189,3.2881,14.2183,10.0,0.0029,48.092,17.3992,66.2091,0.0,,17.3556,-23.5061,10.1065,-43.2297,273.0154,36.6455,,8.5207,,,,,,,,,,,,,,,,,1469.7448,,7833.6617,,
2026-09-02 19:43:20,42.472441678131915,-82.84196427165301,,8.6112,298.4824,309.8598,53.2541,0.0,5.9535,0.7393,293.3465,0.3864,-0.2637,,,,,,,,,,,0.0,17.6522,-25.34,10.5389,-45.7957,270.5102,36.6283,,8.4938,,,,,,,,,,,,,,,,,,,,,
2026-09-02 19:43:21,42.47246004535646,-82.84202019541104,14.2946,8.6306,299.0668,310.0145,-18.0069,0.0,7.9426,0.4973,293.3377,0.3837,-0.2618,308.3,307.7586,,,,,,,,,,17.723,-26.8102,10.7446,-48.0714,267.8603,,,8.5551,,,,,,,,,,,,,,,,,1468.2475,,7825.7877,,
2026-09-02 19:43:22,42.47248080773851,-82.84207065068883,,,,308.9947,-107.9968,0.0,8.5539,0.7491,293.2858,0.3797,-0.2588,308.7637,307.621,,,,,,,,,,17.2978,-24.8149,10.0985,-45.9624,272.248,36.6283,,8.7009,,,,,,,,,,,,,,,,,1467.5425,,7821.8506,,
2026-09-02 19:43:23,42.472501032094875,-82.84212361954678,13.9665,8.689,296.6203,,-47.9738,0.0,6.5553,0.7906,293.2947,0.377,-0.257,308.3701,306.5668,3.2881,14.2183,10.0,0.0022,48.092,17.3992,66.8269,0.0,,17.1732,-24.0134,9.8315,-45.3033,275.5661,36.6455,,8.6644,,,,,,,,,,,,,,,,,1466.5095,,7816.2732,,
2026-09-02 19:43:24,42.472517441732116,-82.84218022393723,,8.7862,293.532,308.4045,-2.9908,0.0,8.3822,0.5791,293.2806,0.3749,-0.2555,306.8504,305.4152,,,,,,,,,0.0,17.7444,-26.9679,10.6144,-49.298,268.9747,36.6283,,8.8056,,,,,,,,,,,,,,,,,1465.7053,,7812.0081,,
2026-09-02 19:43:25,42.47253486831728,-82.84222782606014,13.8353,8.8833,295.9556,307.2987,,0.0,,,293.2674,0.3725,-0.2538,305.5629,305.2318,,,,,,,,,,17.4319,-24.5858,10.1453,-45.6328,272.8244,36.5023,,8.7049,,,,,,,,,,,,,,,,,1464.9547,,7808.0711,,
2026-09-02 19:43:26,42.4725532,-82.8422822,,8.6306,292.8903,308.0149,12.0149,0.0,7.7407,0.3777,293.2657,0.3699,-0.252,306.2433,305.7417,,,,,,,,,,,,,,,36.5023,,8.5529,,,,,,,,,,,,,,,,,,,,,
2026-09-02 19:43:27,42.472569,-82.8423304,14.0322,8.5529,294.9988,307.6769,-6.7449,0.0,7.3435,1.0245,293.2532,0.3676,-0.2504,305.5279,305.5985,3.2881,14.2183,10.0,0.0046,48.092,17.3992,66.4623,0.0,,17.2566,-25.239,9.9597,-47.6288,270.8445,36.5023,,8.8594,,,,,,,,,,,,,,,,,1463.4196,,7799.869,,
2026-09-02 19:43:28,42.4725856,-82.8423782,,8.8639,295.417,307.9634,-25.5012,0.0,8.1606,0.5923,293.2407,0.365,-0.2486,,305.6386,,,,,,,,,0.0,17.5564,-25.4176,10.3118,-46.9498,270.6009,36.5023,,8.9603,,,,,,,,,,,,,,,,,1462.6286,,7795.6039,,
2026-09-02 19:43:29,42.4726032,-82.8424298,14.1634,9.0583,294.168,307.654,-6.7449,0.0,7.4856,0.8247,293.2258,0.3626,-0.2469,305.8501,305.6844,,,,,,,,,,17.3208,-24.5337,9.95,-46.2883,272.5359,36.5252,,9.0926,,,,,,,,,,,,,,,,,1461.7868,,7791.3388,,
2026-09-02 19:43:30,42.472621,-82.8424806,,8.8445,294.019,308.754,41.9921,0.0,6.8869,0.7679,293.2087,0.36,-0.245,305.7169,306.647,,,,,,,,,,17.3797,-24.8471,10.0277,-46.7419,271.6853,36.5424,,9.1668,,,,,,,,,,,,,,,,,1461.0536,,7787.4018,,
2026-09-02 19:43:31,42.4726398,-82.8425332,14.0978,9.0194,294.9529,309.241,34.4806,0.0,7.6211,0.7659,293.1831,0.3573,-0.2431,306.1881,,3.2882,14.2183,10.0,0.0042,48.092,17.3992,65.8537,0.0,,17.5458,-25.7811,10.1068,-49.0313,269.5578,36.5252,,8.8515,,,,,,,,,,,,,,,,,,,,,
2026-09-02 19:43:32,42.4726603,-82.8425864,,9.3499,298.7803,310.1406,-36.777,0.0,8.252,0.2407,293.1465,0.3546,-0.2411,305.1306,307.2372,,,,,,,,,0.0,17.6255,-25.8136,10.2685,-48.3677,268.3058,36.5252,,8.7382,,,,,,,,,,,,,,,,,1459.6358,,7779.8559,,
2026-09-02 19:43:33,42.4726809,-82.8426409,14.5243,9.0777,297.0156,,-74.2519,0.0,6.838,0.7751,293.1478,0.3521,-0.2394,307.0191,307.8846,,,,,,,,,,17.1664,-24.8271,9.6099,-48.5944,271.2894,36.6971,,9.2704,,,,,,,,,,,,,,,,,,,,,
2026-09-02 19:43:34,42.4727012,-82.8427042,,9.311,297.0156,309.2754,38.2415,0.0,7.467,0.4872,293.1465,0.3492,-0.2374,305.9668,307.0022,,,,,,,,,,17.6671,-26.0351,10.2092,-49.4252,269.6002,36.6971,,9.1928,,,,,,,,,,,,,,,,,1457.7097,,7769.3572,,
2026-09-02 19:43:35,42.4727183,-82.8427582,14.0978,9.5248,296.8838,309.4932,83.2382,0.0,7.1226,0.3879,293.1177,0.3466,-0.2355,306.6088,307.2257,3.2882,14.2183,10.0,0.0031,48.092,17.3992,66.3387,0.0,,17.5356,-25.3411,10.0483,-48.325,271.6283,36.6799,,9.2169,,,,,,,,,,,,,,,,,,,,,
2026-09-02 19:43:36,42.472738,-82.8428107,13.9665,8.8056,296.2364,310.4385,,0.0,,,293.0892,0.3441,-0.2337,307.306,308.2914,,,,,,,,,0.0,17.5401,-25.0398,10.0336,-47.7226,272.3522,36.6799,,9.1852,,,,,,,,,,,,,,,,,1456.2132,,7761.4832,,
2026-09-02 19:43:37,42.4727579,-82.8428624,,8.8056,294.7639,311.3037,68.229,0.0,7.5665,0.4591,293.0611,0.3414,-0.2317,308.4114,309.3456,,,,,,,,,,17.5038,-25.4802,10.0937,-48.2471,273.6697,36.6971,,8.7205,,,,,,,,,,,,,,,,,,,,,
2026-09-02 19:43:38,42.4727782,-82.8429166,14.1634,9.136,298.6772,312.7476,60.7244,0.0,6.6487,0.2078,293.0377,0.3384,-0.2296,,310.8984,,,,,,,,,,17.3792,-25.6108,10.019,-48.573,273.1533,36.6971,,8.9931,,,,,,,,,,,,,,,,,1454.6527,,7753.2811,,
2026-09-02 19:43:39,42.4728001,-82.842977,,9.0389,300.1038,314.4664,83.2141,0.0,6.3067,0.5366,293.0411,0.3353,-0.2275,309.3349,312.6516,3.2883,14.2183,10.0,0.0026,48.092,17.3992,65.6894,0.0,,17.6861,-26.4199,10.3339,-49.5971,272.1638,36.6799,,8.9569,,,,,,,,,,,,,,,,,1453.6051,,7747.7037,,
2026-09-02 19:43:40,42.4728206,-82.8430411,14.2946,9.1166,302.3441,316.7869,71.9452,0.0,7.8902,1.1585,292.9483,0.3324,-0.2251,311.3116,314.9148,,,,,,,,,0.0,17.8253,-28.3157,10.5967,-52.93,269.3624,36.6799,,9.0699,,,,,,,,,,,,,,,,,1453.2164,,7745.4071,,
2026-09-02 19:43:41,42.4728484,-82.8430973,,9.2721,303.5015,318.3625,23.2014,0.0,7.6614,0.7747,292.8036,0.3293,-0.2224,312.9534,,,,,,,,,,,,,,,,36.7372,,9.3028,,,,,,,,,,,,,,,,,1453.0964,,7744.7509,,
2026-09-02 19:43:42,42.4728837,-82.8431585,14.5899,9.5831,302.7051,318.4771,-25.5287,0.0,7.5709,1.2629,292.7286,0.3256,-0.2196,313.0354,316.2727,,,,,,,,,,17.693,-27.5298,10.3136,-52.4591,273.7568,36.7601,,9.3777,,,,,,,,,,,,,,,,,,,,,
2026-09-02 19:43:43,42.4729137,-82.8432315,,9.4276,302.2066,,,0.0,,,292.6775,0.3222,-0.2171,,316.2211,3.2883,14.2183,10.0,0.0049,48.092,17.3992,66.2295,0.0,,18.7227,-28.6299,11.3245,-52.3895,274.9244,36.7601,,9.2975,,,,,,,,,,,,,,,,,1451.3276,,7735.5646,,
2026-09-02 19:43:44,42.47294,-82.8433006,14.3274,9.5637,301.6164,317.9156,-78.0128,,8.2327,0.5271,292.6045,0.3188,-0.2145,312.4806,315.4075,,,,,,,,,0.0,19.2728,-28.0265,11.7943,-50.1584,278.479,36.7372,,9.4456,,,,,,,,,,,,,,,,,1450.4858,,7730.9714,,
2026-09-02 19:43:45,42.4729675,-82.8433676,14.3274,9.5248,300.82,317.3484,-55.5024,0.0,8.8011,0.7616,292.5792,0.3158,-0.2124,312.0835,314.7028,,,,,,,,,,19.2413,-29.3907,11.9047,-52.4865,276.1846,36.7372,,9.4265,,,,,,,,,,,,,,,,,1449.4791,,7725.722,,
2026-09-02 19:43:46,42.472989,-82.8434305,,9.4471,299.5251,316.2311,-100.4991,0.0,9.7684,0.4934,292.5473,0.313,-0.2104,311.2536,313.5913,,,,,,,,,,19.4824,-28.826,12.074,-51.0771,277.2471,36.7601,,9.3771,,,,,,,,,,,,,,,,,,,,,
2026-09-02 19:43:47,42.473009,-82.8434877,14.393,9.6803,298.5339,315.2456,-59.2599,0.0,9.7655,0.6169,292.535,0.3103,-0.2085,310.0302,312.7089,3.2883,14.2183,10.0,0.0035,48.092,17.3992,66.2858,0.0,,19.1962,-28.2938,11.6623,-51.2783,277.0003,36.7601,,9.6273,,,,,,,,,,,,,,,,,1447.6567,,7715.8795,,
2026-09-02 19:43:48,42.4730271,-82.8435432,,9.5248,299.1355,314.1456,-29.269,0.0,8.8317,0.5544,292.5361,0.3077,-0.2067,309.3272,311.8208,,,,,,,,,0.0,19.2425,-27.6812,11.5998,-50.4099,277.1286,36.783,,9.4617,,,,,,,,,,,,,,,,,,,,,
2026-09-02 19:43:49,42.4730418,-82.8436084,14.1634,9.6414,297.3823,313.7388,-33.023,0.0,9.378,1.0677,292.5458,0.3049,-0.2049,308.708,311.3223,,,,,,,,,,19.4333,-27.8642,11.7625,-50.5497,275.6074,36.783,,9.7378,,,,,,,,,,,,,,,,,1445.5604,,7704.7247,,
2026-09-02 19:43:50,42.4730599,-82.8436635,,9.7386,296.1275,312.335,-63.0517,0.0,9.9331,0.1372,292.5303,0.3022,-0.2031,307.428,309.7926,,,,,,,,,,19.5475,-27.7065,11.8167,-50.2746,274.4315,36.783,,9.5773,,,,,,,,,,,,,,,,,1444.5703,,7699.4753,,
2026-09-02 19:43:51,42.4730787,-82.8437194,14.6555,10.0302,295.9613,311.2178,-51.7828,0.0,11.0396,0.8923,292.5217,0.2995,-0.2012,306.8486,,3.2884,14.2183,10.0,0.005,48.092,17.3992,66.0039,0.0,,19.3726,-26.8692,11.4595,-49.8218,275.4177,,,9.7669,,,,,,,,,,,,,,,,,1443.6016,,7694.226,,
2026-09-02 19:43:52,42.473097,-82.8437713,,10.0497,296.3223,310.4213,,0.0,9.484,0.3009,292.498,0.2969,-0.1994,,308.5722,,,,,,,,,0.0,,,,,,36.9377,,10.1071,,,,,,,,,,,,,,,,,,,,,
2026-09-02 19:43:53,42.4731174,-82.8438222,14.8196,10.3412,296.8036,310.5417,41.9371,0.0,,,,,,305.7545,308.2799,,,,,,,,,,19.332,-25.9707,11.1935,-49.1397,275.5739,36.9377,,,,,,,,,,,,,,,,,,,1442.1163,,7686.352,,
2026-09-02 19:43:54,42.4731399,-82.8438758,,10.0497,295.9212,,45.6808,0.0,9.9832,0.8223,292.4204,0.293,-0.1964,305.3093,308.5034,,,,,,,,,,19.5674,-26.1248,11.3581,-49.3398,272.8047,36.9549,,10.1315,,,,,,,,,,,,,,,,,,,,,
2026-09-02 19:43:55,42.4731625,-82.8439299,14.8196,10.2829,295.0561,310.1578,-25.5665,0.0,9.4666,0.5186,292.3614,0.2902,-0.1944,305.8583,307.8101,3.2884,14.2183,10.0,0.0019,48.092,17.3992,65.9176,0.0,,19.5564,-24.4585,11.0779,-46.9637,276.0321,37.1555,,10.3316,,,,,,,,,,,,,,,,,1440.7926,,7679.4622,,
2026-09-02 19:43:56,42.4731844,-82.8439862,14.8196,10.4967,294.9071,310.0604,,0.0,,,292.2899,0.2875,-0.1923,,307.8789,,,,,,,,,0.0,19.4418,-25.0931,10.9966,-48.5716,273.6067,37.1325,,10.4248,,,,,,,,,,,,,,,,,1424.1953,,7675.1971,,
2026-09-02 19:43:57,42.4732086,-82.8440486,,10.4967,295.6634,309.7453,41.9508,0.0,9.4987,0.8527,292.2398,0.2846,-0.1902,305.5352,307.1913,,,,,,,,,,20.1217,-24.7032,11.4969,-47.0068,275.1643,37.1555,,10.4685,,,,,,,,,,,,,,,,,1439.263,,7671.2601,,
2026-09-02 19:43:58,42.4732292,-82.8441076,14.7867,10.3218,297.4625,308.4847,-6.793,0.0,10.781,0.2746,292.1634,0.2804,-0.1871,304.3695,306.0912,,,,,,,,,,19.8184,-24.7248,11.1903,-47.7957,273.2636,37.1325,,10.4399,,,,,,,,,,,,,,,,,1413.9645,,7666.0107,,
2026-09-02 19:43:59,42.4732509,-82.8441657,,10.7689,294.5805,309.1494,56.9497,0.0,9.5481,0.8773,292.118,0.2775,-0.185,305.9897,306.7788,,,,,,,,,,18.7218,-23.5527,9.9617,-48.6756,274.1113,37.1555,,10.6647,,,,,,,,,,,,,,,,,1437.477,,7661.7457,,
2026-09-02 19:44:00,42.4732709,-82.8442218,15.082,10.3801,295.44,308.33,-33.0367,0.0,8.8114,0.0258,292.0796,0.2748,-0.183,305.7671,305.7647,3.2884,14.2183,10.0,0.0031,48.092,17.3992,66.191,0.0,0.0,19.7422,-24.7929,11.0682,-48.4148,272.2577,37.1325,,10.4185,,,,,,,,,,,,,,,,,1436.6197,,7657.1525,,
2026-09-02 19:44:01,42.473292,-82.8442784,,10.3801,296.1332,307.4362,-18.031,0.0,9.5696,0.6442,,,,304.8785,,,,,,,,,,,19.5056,-25.8886,11.0699,-50.2954,268.3117,37.1325,,,,,,,,,,,,,,,,,,,,,,,
2026-09-02 19:44:02,42.4733123,-82.8443367,14.4587,10.3024,294.4774,307.0122,-3.0355,0.0,9.3406,-0.0073,292.0232,0.2705,-0.18,304.5338,304.762,,,,,,,,,,19.4589,-23.8221,10.7987,-46.7034,271.7214,37.1325,,10.4689,,,,,,,,,,,,,,,,,1293.2169,,7647.31,,
2026-09-02 19:44:03,42.4733294,-82.8443903,14.2946,10.3412,295.8639,308.2498,165.6994,0.0,7.3292,0.7041,291.9947,0.2676,-0.178,304.8635,304.6646,3.2885,14.2183,10.0,0.0052,48.092,17.3992,66.2713,0.0,,18.9773,-22.6291,10.2212,-45.592,273.1028,37.1325,,10.6325,,,,,,,,,,,,,,,,,,,,,
2026-09-02 19:44:04,42.4733494,-82.8444511,,10.4384,296.2135,,90.7084,0.0,8.8062,0.4723,291.9584,0.2651,-0.1762,305.6928,306.2001,,,,,,,,,0.0,19.7671,-24.7304,11.2622,-47.2463,269.6059,37.1325,,10.39,,,,,,,,,,,,,,,,,1433.1074,,7638.4517,,
2026-09-02 19:44:05,42.4733697,-82.8445022,14.5243,9.9136,301.5477,308.8801,-18.0447,0.0,9.4438,0.235,291.9296,0.2625,-0.1743,306.4485,306.4064,,,,,,,,,,19.4428,-24.0519,10.957,-46.3201,269.8006,37.1096,,10.0094,,,,,,,,,,,,,,,,,1432.4466,,7634.8428,,
2026-09-02 19:44:06,42.4733904,-82.8445521,,10.2829,295.4113,308.8342,19.4508,0.0,8.3395,0.2366,291.8639,0.2599,-0.1724,307.5474,306.584,,,,,,,,,,19.3415,-22.6152,10.6866,-44.1049,274.4588,37.1325,,9.9998,,,,,,,,,,,,,,,,,,,,,
2026-09-02 19:44:07,42.4734094,-82.8446048,14.7211,10.3218,297.3995,309.8656,,0.0,,,291.7982,0.2574,-0.1705,,307.7127,3.2885,14.2183,10.0,0.0033,48.092,17.3992,66.1837,0.0,,19.2432,-22.9737,10.6113,-45.0569,274.2589,37.1096,,10.4488,,,,,,,,,,,,,,,,,1431.1061,,7627.6249,,
2026-09-02 19:44:08,42.4734329,-82.8446565,,10.0885,301.0148,310.9771,90.7015,0.0,8.0143,0.596,291.7396,0.2548,-0.1686,307.6052,308.6982,,,,,,,,,0.0,20.2712,-24.4611,11.8512,-45.0937,272.8699,37.1096,,10.2456,,,,,,,,,,,,,,,,,1430.6545,,7625.3283,,
2026-09-02 19:44:09,42.4734581,-82.8447165,14.5899,10.0108,300.9518,310.7078,-36.7976,0.0,9.5527,0.0441,291.5715,0.2506,-0.1652,307.5546,308.6638,,,,,,,,,,,,,,,37.1325,,9.7639,,,,,,,,,,,,,,,,,,,,,
2026-09-02 19:44:10,42.473483,-82.8447785,,10.1468,298.9465,311.1032,-66.7989,0.0,9.7365,0.315,291.4869,0.2474,-0.1629,307.2468,308.7211,,,,,,,,,,19.985,-23.6144,11.5211,-44.0165,274.6026,37.3789,,10.213,,,,,,,,,,,,,,,,,1429.135,,7617.1262,,
2026-09-02 19:44:11,42.4735048,-82.8448363,14.393,10.3607,298.4709,311.5902,-14.3113,0.0,9.2654,0.2198,291.4242,0.2446,-0.1608,307.2735,,3.2886,14.2183,10.0,0.0023,48.092,17.3992,66.1491,0.0,,19.943,-23.3401,11.2888,-44.4203,276.2612,37.3789,,10.6029,,,,,,,,,,,,,,,,,,,,,
2026-09-02 19:44:12,42.4735328,-82.8448998,,10.4579,295.8582,312.2663,56.9566,0.0,10.2114,0.1502,,,,307.12,309.3399,,,,,,,,,0.0,20.7268,-25.0936,12.1946,-46.1231,274.5238,37.3789,,,,,,,,,,,,,,,,,,,1427.8123,,7610.2365,,
2026-09-02 19:44:13,42.4735599,-82.8449549,14.2946,10.3607,299.1069,312.1918,-55.5402,0.0,10.2109,0.4133,291.2617,0.2402,-0.1574,308.3985,310.079,,,,,,,,,,20.7547,-24.6465,12.1869,-45.2511,276.7028,37.3789,,10.1475,,,,,,,,,,,,,,,,,,,,,
2026-09-02 19:44:14,42.4735842,-82.8450102,,10.5551,300.4361,,-6.8136,0.0,10.2412,0.5013,291.1084,0.2373,-0.1551,307.0604,309.741,,,,,,,,,,20.9465,-24.5641,12.2554,-45.277,277.5305,,,10.3943,,,,,,,,,,,,,,,,,1426.7416,,7604.331,,
2026-09-02 19:44:15,42.4736064,-82.8450664,14.229,10.6911,295.3884,312.3408,75.7061,0.0,8.4911,0.1421,290.9925,0.2345,-0.1529,308.2323,310.4171,3.2886,14.2183,10.0,0.0047,48.092,17.3992,66.0218,0.0,,20.5123,-24.0836,11.7297,-45.5295,277.9992,37.3789,,10.3481,,,,,,,,,,,,,,,,,,,,,
2026-09-02 19:44:16,42.4736331,-82.8451161,,10.5745,302.0863,313.6356,,0.0,,,290.8918,0.2317,-0.1507,308.94,311.5802,,,,,,,,,0.0,21.0401,-24.3465,12.2365,-45.1418,277.483,37.3789,,10.4461,,,,,,,,,,,,,,,,,1425.8127,,7599.4097,,
2026-09-02 19:44:17,42.4736621,-82.8451714,14.3274,10.5939,298.7517,314.094,-6.793,0.0,11.7366,0.1623,290.6985,0.2291,-0.1484,,311.4656,,,,,,,,,,21.6219,-26.1811,13.0264,-47.0832,274.7753,37.4018,,10.2851,,,,,,,,,,,,,,,,,,,,,
2026-09-02 19:44:18,42.4736879,-82.845227,14.229,11.0021,297.2276,313.4065,-100.561,0.0,13.8334,-0.0726,290.4337,0.2248,-0.1448,309.011,310.9155,,,,,,,,,,21.1509,-26.44,12.4819,-48.9819,274.9716,37.4018,,10.9412,,,,,,,,,,,,,,,,,1424.915,,7594.8165,,
2026-09-02 19:44:19,42.4737176,-82.8452905,,11.4298,296.5343,313.5153,53.151,0.0,12.0386,0.323,290.2647,0.2218,-0.1424,307.571,311.626,3.2886,14.2183,10.0,0.0037,48.092,17.3992,65.2152,0.0,,20.8391,-23.4075,11.5333,-45.8739,280.6935,37.4878,,11.1433,,,,,,,,,,,,,,,,,1424.4456,,7592.1918,,
2026-09-02 19:44:20,42.4737468,-82.8453483,14.7211,11.6242,299.485,314.7987,109.3994,0.0,11.4879,0.8269,290.0662,0.2188,-0.1399,308.482,312.7777,,,,,,,,,0.0,21.0876,-23.2802,11.5201,-46.3415,281.4016,37.6024,,11.6265,,,,,,,,,,,,,,,,,,,,,
2026-09-02 19:44:21,42.4737747,-82.8454044,,11.5075,300.482,314.667,-25.5768,0.0,13.213,0.253,,,,308.6811,312.3078,,,,,,,,,,22.8864,-23.8401,13.1226,-44.8227,280.8626,37.6024,,,,,,,,,,,,,,,,,,,1423.5601,,7587.5987,,
2026-09-02 19:44:22,42.4738029,-82.84546,14.2946,11.6242,298.3277,314.518,-33.0161,0.0,,,289.7996,0.2143,-0.1363,308.5538,,,,,,,,,,,22.8967,-22.8133,12.9494,-43.2806,285.5562,37.6196,,11.3081,,,,,,,,,,,,,,,,,,,,,
2026-09-02 19:44:23,42.4738286,-82.8455172,,11.6242,299.1241,314.6956,26.9588,0.0,13.0362,-0.215,289.5078,0.2101,-0.1328,307.8168,311.8781,3.2887,14.2183,10.0,0.0017,48.092,17.3992,65.4811,0.0,,,,,,,37.843,,12.0169,,,,,,,,,,,,,,,,,1422.5827,,7582.3493,,
2026-09-02 19:44:24,42.473855,-82.8455729,14.0322,11.7602,300.6653,,,0.0,12.617,0.1912,,,,308.2359,312.7032,,,,,,,,,0.0,22.6803,-22.1266,12.5862,-42.7445,284.953,37.8201,,,,,,,,,,,,,,,,,,,,,,,
2026-09-02 19:44:25,42.4738824,-82.8456381,,12.1296,302.2467,314.7586,4.4725,0.0,13.9158,-0.3321,289.2337,0.2056,-0.1292,307.8307,312.3479,,,,,,,,,,23.0056,-23.0084,12.9737,-43.8765,283.5612,37.8201,,11.5269,,,,,,,,,,,,,,,,,1421.3377,,7575.4596,,
2026-09-02 19:44:26,42.47391,-82.8457056,14.4587,12.6544,296.3395,314.4034,-44.316,0.0,14.967,-0.2282,288.9877,0.2006,-0.1254,307.6955,312.0844,,,,,,,,,,23.2092,-22.5183,12.7296,-44.2878,284.8746,37.9347,,12.3029,,,,,,,,,,,,,,,,,,,,,
2026-09-02 19:44:27,42.473937,-82.8457818,,13.1598,294.7925,314.4836,-21.7781,0.0,16.0707,-0.2332,288.8611,0.1969,-0.1227,,311.9641,3.2887,14.2183,10.0,0.0028,48.092,17.3992,65.4375,0.0,,22.9504,-23.0215,12.5531,-45.6426,287.1526,37.9347,,12.189,,,,,,,,,,,,,,,,,1312.7189,,7564.9609,,
2026-09-02 19:44:28,42.473964,-82.8458546,14.7867,12.4406,299.1355,313.9622,15.7311,0.0,15.2715,-0.7623,288.7333,0.1937,-0.1203,307.0819,311.5515,,,,,,,,,0.0,22.8615,-21.6105,11.8707,-45.1774,289.3733,37.9977,,13.2072,,,,,,,,,,,,,,,,,1418.3587,,7559.7115,,
2026-09-02 19:44:29,42.4739922,-82.845922,,12.149,298.4881,312.8048,-235.4306,0.0,18.9628,0.2466,288.5387,0.1903,-0.1177,306.6149,310.0389,,,,,,,,,,23.1473,-23.3767,12.6029,-46.7808,280.7611,38.0321,,12.2221,,,,,,,,,,,,,,,,,,,,,
2026-09-02 19:44:30,42.4740178,-82.8459927,15.082,,,310.1463,-32.9233,0.0,,,288.3883,0.1868,-0.1152,305.7027,307.5466,,,,,,,,,,22.8804,-23.6099,12.6637,-46.3544,278.2991,38.055,,11.9169,,,,,,,,,,,,,,,,,1100.1881,,7549.5409,,
2026-09-02 19:44:31,,,,12.3239,293.7784,310.599,12.0596,0.0,15.8722,-1.1754,288.2695,0.1835,-0.1129,304.238,308.5836,3.2888,14.2183,10.0,0.0018,48.092,17.3992,66.0336,0.0,,22.8967,-20.6501,12.1723,-41.5573,286.8497,38.055,,12.2082,,,,,,,,,,,,,,,,,,,,,
2026-09-02 19:44:32,42.4740412,-82.8460606,15.2789,12.46,294.5232,310.0661,-47.9359,0.0,15.6149,0.3219,288.1252,0.1804,-0.1106,304.4754,,,,,,,,,,0.0,22.6399,-21.8688,12.1655,-43.883,283.3526,38.0321,,12.2154,,,,,,,,,,,,,,,,,1304.4674,,7538.7142,,
2026-09-02 19:44:33,42.4740649,-82.8461246,,12.3628,294.9931,308.4103,,0.0,15.8204,-1.2796,,,,303.7729,307.2142,,,,,,,,,,23.4104,-20.6094,12.6604,-40.6078,283.3546,38.0321,,,,,,,,,,,,,,,,,,,,,,,
2026-09-02 19:44:34,42.4740915,-82.8462018,15.3117,12.5183,294.8269,,23.2289,0.0,15.6339,-1.4413,287.9769,0.1767,-0.1079,304.9962,306.1657,,,,,,,,,,23.4621,-21.3631,12.5953,-42.7316,279.9506,38.1295,,12.2934,,,,,,,,,,,,,,,,,1223.3374,,7525.2627,,
2026-09-02 19:44:35,42.4741154,-82.8462773,,12.7516,294.8212,309.8541,143.2612,0.0,15.009,-0.0377,287.837,0.1707,-0.1039,,307.9591,3.2888,14.2183,10.0,0.0036,48.092,17.3992,65.1393,0.0,,23.169,-20.7308,11.6833,-44.5852,278.2768,38.1524,,12.6479,,,,,,,,,,,,,,,,,1302.8649,,7517.3887,,
2026-09-02 19:44:36,42.47414779098805,-82.84636339234194,14.8852,14.6954,319.3151,311.275,87.0266,0.0,15.1383,-1.1231,,,,305.3424,309.1222,,,,,,,,,0.0,23.8016,-20.8819,11.7605,-46.1692,259.874,38.1925,,,,,,,,,,,,,,,,,,,1410.6937,,7519.0291,,
2026-09-02 19:44:37,42.474193127338914,-82.84642458582113,,12.2851,304.7104,311.5844,0.801,0.0,16.2431,-0.8611,287.0431,0.1654,-0.0989,305.9247,309.4316,,,,,,,,,,23.4242,-22.3107,12.5663,-45.0439,275.6921,,,12.3456,,,,,,,,,,,,,,,,,1410.3078,,7516.7325,,
2026-09-02 19:44:38,42.47422279286875,-82.8464939825558,14.9508,12.8682,296.8208,311.4928,-14.0879,0.0,14.9624,-0.8677,286.7651,0.1623,-0.0964,307.1224,309.1909,,,,,,,,,,23.1585,-20.9306,12.0246,-43.473,283.3276,38.1925,,12.35,,,,,,,,,,,,,,,,,1217.7339,,7511.8113,,
2026-09-02 19:44:39,42.47424925972645,-82.84656635331038,,12.6155,294.6435,311.0974,139.6722,0.0,10.7374,0.3176,286.5352,0.1588,-0.0938,306.5218,308.6696,,,,,,,,,,22.3297,-18.6498,11.1469,-39.8363,288.5418,38.1696,,12.6535,,,,,,,,,,,,,,,,,1287.1755,,7509.1866,,
2026-09-02 19:44:40,42.47427888594315,-82.8466222676496,14.229,11.7991,297.3422,312.4897,,0.0,,,286.1751,0.1559,-0.0913,307.5994,310.1822,3.2888,14.2183,10.0,0.0023,48.092,17.3992,66.8143,0.0,0.0,23.565,9.1575,14.8326,14.6459,335.1653,26.1031,,12.3706,,,,,,,,,,,,,,,,,614.4142,,7506.5619,,
2026-09-02 19:44:41,42.47427823569644,-82.84665311489688,13.9665,8.5723,297.3422,312.8965,30.9328,0.0,-2.0834,-0.2699,286.4645,0.1534,-0.0905,307.2992,311.0301,,,,,,,,,,22.3708,-1.9808,14.2577,-3.1089,317.6158,-17.2182,,6.9866,,,,,,,,,,,,,,,,,1406.0822,,7494.4228,,
2026-09-02 19:44:42,42.4742688,-82.8466982,,9.4859,297.3422,314.6555,117.155,0.0,0.8401,0.7447,,,,,,,,,,,,,,,19.9183,-15.2662,9.3047,-34.3084,264.1188,4.8235,,,,,,,,,,,,,,,,,,,,,,,
2026-09-02 19:44:43,42.4742929,-82.8467659,13.7369,10.7494,310.0676,315.7327,83.3825,0.0,-1.3746,-1.3326,286.7611,0.1497,-0.0889,307.9365,312.7032,3.2889,14.2183,10.0,0.0066,48.092,17.3992,67.9179,0.0,,,,,,,-5.908,,9.893,,,,,,,,,,,,,,,,,1404.3748,,7485.2365,,
2026-09-02 19:44:44,42.4743194,-82.846816,13.1791,5.365,317.0978,313.945,-59.1121,0.0,-0.1998,-0.7614,286.2194,0.1467,-0.086,309.3641,313.1444,,,,,,,,,0.0,19.3491,-26.6881,10.6919,-54.3696,265.0961,1.9415,,10.7949,,,,,,,,,,,,,,,,,,,,,
2026-09-02 19:44:45,42.4743382,-82.8468454,,7.0367,297.3422,,-130.3353,,2.2672,-1.0214,285.9237,0.1451,-0.0845,309.6614,311.0645,,,,,,,,,,17.3517,-34.3692,12.2628,-53.0154,269.84,4.961,,5.8876,,,,,,,,,,,,,,,,,1404.0816,,7483.596,,
2026-09-02 19:44:46,42.4743587,-82.8468917,13.1791,12.1101,295.354,312.6501,75.9158,0.0,1.2155,-1.1373,285.6471,0.143,-0.0827,309.2649,310.6062,,,,,,,,,,16.348,-37.894,10.6618,-70.3517,248.5518,17.503,,7.1381,,,,,,,,,,,,,,,,,1403.1735,,7478.6748,,
2026-09-02 19:44:47,42.4743891,-82.8469722,12.9823,13.3153,297.325,313.5096,-115.3123,0.0,1.1243,-0.4514,285.378,0.1396,-0.0802,310.8571,311.139,3.2889,14.2183,10.0,0.0027,48.092,17.3992,66.7369,0.0,,15.8631,-60.2546,14.653,-109.9582,197.8746,35.0584,,12.9444,,,,,,,,,,,,,,,,,,,,,
2026-09-02 19:44:48,42.4744207,-82.8470551,13.1791,13.4708,297.2906,311.7048,-224.0483,0.0,3.4507,-0.6774,285.0483,0.1359,-0.0774,308.2218,308.6123,,,,,,,,,0.0,16.5391,-54.545,14.0026,-105.8194,203.9759,35.0183,,13.0528,,,,,,,,,,,,,,,,,1354.453,,7466.5357,,
2026-09-02 19:44:49,42.4744494,-82.8471301,,13.4708,297.2906,310.0718,-44.0478,0.0,4.2552,0.5409,284.7035,0.1323,-0.0747,307.5702,307.7643,,,,,,,,,,15.0157,-40.1915,9.8936,-101.6349,207.4002,34.9496,,13.1471,,,,,,,,,,,,,,,,,,,,,
2026-09-02 19:44:50,42.4744809,-82.8472125,12.687,13.4708,297.2906,309.2009,,0.0,,,284.3386,0.1286,-0.072,,306.5897,,,,,,,,,,14.7274,-29.6902,7.3259,-95.2985,215.8868,35.0183,,13.1281,,,,,,,,,,,,,,,,,1352.3918,,7455.0527,,
2026-09-02 19:44:51,42.4745095,-82.8472875,12.8182,13.4708,297.2906,307.3159,-130.294,0.0,2.6322,-0.0017,283.9503,0.125,-0.0692,306.4136,304.5156,3.2889,14.2183,10.0,0.0019,48.092,17.3992,65.8294,0.0,,14.8225,-28.4982,7.0862,-93.5946,216.7218,35.1329,,13.1073,,,,,,,,,,,,,,,,,1351.2723,,7449.1472,,
2026-09-02 19:44:52,42.4745381,-82.8473624,,13.4708,297.2906,305.408,-66.541,0.0,4.1545,0.7969,283.5409,0.1214,-0.0665,303.8514,302.7566,,,,,,,,,0.0,15.176,-28.0866,7.1454,-90.6577,218.5661,35.11,,13.0848,,,,,,,,,,,,,,,,,1350.1877,,7442.9136,,
2026-09-02 19:44:53,42.4745668,-82.8474374,13.4744,13.4708,297.2906,303.7005,-81.5399,0.0,4.8469,0.2299,283.1068,0.1177,-0.0638,302.2846,,,,,,,,,,,15.0778,-24.2617,6.2016,-87.4558,220.9278,35.3277,,13.0602,,,,,,,,,,,,,,,,,1349.1082,,7437.0081,,
2026-09-02 19:44:54,42.4745954,-82.8475123,13.3432,13.4708,297.2906,303.0073,4.7028,0.0,3.4352,0.7327,282.6422,0.1141,-0.061,301.3968,301.1523,,,,,,,,,,15.1204,-24.7053,6.3252,-87.5931,218.4628,35.3506,,13.033,,,,,,,,,,,,,,,,,,,,,
2026-09-02 19:44:55,42.474624,-82.8475873,,13.4708,297.2906,,45.942,0.0,4.899,0.577,281.8915,0.1087,-0.0569,301.0387,300.5336,3.289,14.2183,10.0,0.0033,48.092,17.3992,65.8123,0.0,,,,,,,35.3678,,12.9872,,,,,,,,,,,,,,,,,1347.0879,,7425.8533,,
2026-09-02 19:44:56,42.4746527,-82.8476622,12.1949,13.4708,297.2906,303.1734,-21.5409,0.0,5.4,0.5974,281.3448,0.1051,-0.0542,302.6371,301.1352,,,,,,,,,0.0,15.5416,-26.3034,6.9023,-86.1653,219.137,35.7001,,12.9525,,,,,,,,,,,,,,,,,,,,,
2026-09-02 19:44:57,42.4746842,-82.8477447,,13.4708,297.2906,303.3854,,0.0,4.565,0.6614,,,,,300.9575,,,,,,,,,,15.2967,-23.3277,6.0846,-84.5728,221.5248,35.7231,,,,,,,,,,,,,,,,,,,1345.0818,,7415.0265,,
2026-09-02 19:44:58,42.4747128,-82.8478196,12.3589,13.4708,297.2906,303.437,23.4523,0.0,4.8123,0.7868,280.4567,0.0997,-0.0501,302.3884,301.4102,,,,,,,,,,15.4822,-22.8082,6.0548,-82.3999,224.2412,35.7231,,12.8936,,,,,,,,,,,,,,,,,1344.1363,,7409.7771,,
2026-09-02 19:44:59,42.4747414,-82.8478946,13.0479,13.4708,297.2906,306.6398,285.9346,0.0,4.3642,0.2105,279.8056,0.0961,-0.0473,304.3625,305.3693,3.289,14.2183,10.0,0.0024,48.092,17.3992,65.3047,0.0,,15.4428,-23.8855,6.2866,-84.0706,223.8636,,,12.8484,,,,,,,,,,,,,,,,,,,,,
2026-09-02 19:45:00,42.4747701,-82.8479696,,13.4708,297.2906,310.4443,143.4297,0.0,,,279.1085,0.0926,-0.0446,308.0983,308.8128,,,,,,,,,0.0,15.2853,-20.8988,5.5122,-81.5614,235.4798,35.9637,,12.7982,,,,,,,,,,,,,,,,,1342.4872,,7400.5908,,
2026-09-02 19:45:01,42.4747987,-82.8480445,13.0479,13.4708,297.2906,313.4408,128.4239,0.0,3.6264,1.1048,277.9561,0.0873,-0.0405,309.9656,311.8208,,,,,,,,,,15.6617,-24.1203,6.453,-82.6689,239.6388,36.0153,,12.7111,,,,,,,,,,,,,,,,,1341.6035,,7395.6695,,
2026-09-02 19:45:02,42.4748273,-82.8481195,,13.4708,297.2906,315.2055,-29.0661,0.0,5.7725,0.7045,,,,311.2767,312.9094,,,,,,,,,,15.8025,-25.0042,6.7334,-82.7427,245.1112,36.0153,,,,,,,,,,,,,,,,,,,1340.7086,,7390.7483,,
2026-09-02 19:45:03,42.474856,-82.8481944,13.3432,13.4708,297.2906,315.4863,-25.2881,0.0,6.4847,0.5639,276.651,0.082,-0.0364,311.708,,3.2891,14.2183,10.0,0.003,48.092,17.3992,65.7313,0.0,,15.7016,-24.431,6.5463,-82.761,252.4043,36.0153,,12.6062,,,,,,,,,,,,,,,,,1339.7318,,7385.4989,,
2026-09-02 19:45:04,42.4748846,-82.8482694,,13.4708,297.2906,316.0134,,0.0,5.7122,0.5945,275.6871,0.0785,-0.0337,310.6087,313.2016,,,,,,,,,0.0,15.4295,-23.1677,6.1122,-83.2875,259.3212,36.0726,,12.5245,,,,,,,,,,,,,,,,,1338.7515,,7379.9215,,
2026-09-02 19:45:05,42.4749132,-82.8483443,12.9823,13.4708,297.2906,316.9817,15.9546,0.0,6.2896,1.2143,274.6295,0.0751,-0.0309,311.41,314.1814,,,,,,,,,,16.5757,-24.8244,7.1347,-77.2611,266.6192,36.0726,,12.4309,,,,,,,,,,,,,,,,,1337.8337,,7375.0002,,
2026-09-02 19:45:06,42.4749419,-82.8484193,,13.4708,297.2906,,-14.0398,0.0,6.0768,0.9044,273.4746,0.0716,-0.0282,,314.783,,,,,,,,,,16.7312,-24.51,7.1589,-75.828,271.3998,36.0726,,12.3237,,,,,,,,,,,,,,,,,1336.8483,,7369.4228,,
2026-09-02 19:45:07,42.4749734,-82.8485017,12.8511,13.4708,297.2906,317.3026,-6.5386,0.0,7.0255,0.6572,272.0661,0.0679,-0.0252,311.1023,315.2758,3.2891,14.2183,10.0,0.0059,48.092,17.3992,65.6641,0.0,,16.9588,-26.5283,7.7635,-77.3323,266.7304,36.0554,,12.1863,,,,,,,,,,,,,,,,,1335.863,,7364.1735,,
2026-09-02 19:45:08,42.475002,-82.8485767,,13.4708,297.2906,317.3885,-47.8019,0.0,7.0783,0.5806,270.7959,0.0649,-0.0227,310.9289,315.3216,,,,,,,,,0.0,16.8747,-27.0236,7.8245,-78.4883,265.6743,36.1184,,12.056,,,,,,,,,,,,,,,,,1334.8751,,7358.596,,
2026-09-02 19:45:09,42.4750306,-82.8486516,12.3589,13.4708,297.2906,317.9443,-14.0535,0.0,,,268.3982,0.0599,-0.0186,311.6528,315.4591,,,,,,,,,,16.7587,-27.9812,7.9744,-80.4076,262.0203,36.1184,,11.7941,,,,,,,,,,,,,,,,,,,,,
2026-09-02 19:45:10,42.4750593,-82.8487266,,13.4708,297.2906,317.7609,-55.2721,0.0,7.8197,0.9264,266.5686,0.0567,-0.0159,311.079,315.3273,,,,,,,,,,,,,,,35.8835,,11.5803,,,,,,,,,,,,,,,,,1332.8655,,7347.4412,,
2026-09-02 19:45:11,42.4750879,-82.8488016,12.9823,13.4708,297.2906,317.2052,-2.7605,0.0,5.6463,0.2604,264.5129,0.0535,-0.0131,311.089,314.7314,3.2891,14.2183,10.0,0.0041,48.092,17.3992,66.2533,0.0,,14.9509,-24.1178,6.1117,-88.3591,263.0731,35.8835,,11.3259,,,,,,,,,,,,,,,,,1331.8527,,7341.8638,,
2026-09-02 19:45:12,42.4751165,-82.8488765,,13.4708,297.2906,316.678,60.965,0.0,4.3997,0.4889,262.2083,0.0504,-0.0104,309.6994,314.5939,,,,,,,,,0.0,14.6072,-24.7674,6.123,-91.9399,249.0343,35.895,,11.0235,,,,,,,,,,,,,,,,,,,,,
2026-09-02 19:45:13,42.4751452,-82.8489515,13.2448,13.4708,297.2906,317.801,,0.0,5.8088,0.1273,,,,310.2094,,,,,,,,,,,15.9792,-26.9777,7.2896,-83.9398,257.0588,35.5455,,,,,,,,,,,,,,,,,,,1329.8893,,7331.037,,
2026-09-02 19:45:14,42.4751738,-82.8490264,,13.4708,297.2906,318.4313,102.2008,0.0,7.2053,0.3003,258.172,0.0459,-0.0063,,315.8659,,,,,,,,,,16.0146,-27.6661,7.4699,-84.5246,256.2491,35.7861,,10.4512,,,,,,,,,,,,,,,,,1328.8854,,7325.4596,,
2026-09-02 19:45:15,42.4752053,-82.8491089,13.54,13.4708,297.2906,318.2537,,0.0,,,254.6888,0.0428,-0.0033,,316.3415,,,,,,,,,,15.711,-26.3209,6.993,-84.9848,262.2932,35.7861,,9.9155,,,,,,,,,,,,,,,,,,,,,
2026-09-02 19:45:16,42.4752339,-82.8491838,,13.4708,297.2906,,-47.7881,0.0,6.4713,0.5596,251.0692,0.0401,-0.0005,311.702,316.0779,3.2892,14.2183,10.0,0.0025,48.092,17.3992,65.7251,0.0,,15.7937,-26.2217,7.0131,-84.2916,264.8343,35.2189,,9.3201,,,,,,,,,,,,,,,,,1326.9483,,7314.9609,,
2026-09-02 19:45:17,42.4752597,-82.8492513,13.54,0.0,297.2906,319.3079,,0.0,,,245.1598,0.0367,0.0033,,317.0233,,,,,,,,,,15.7776,-26.1405,6.9856,-84.3071,267.9833,35.3277,,8.2692,,,,,,,,,,,,,,,,,1371.5087,,7310.0396,,
2026-09-02 19:45:18,42.4752597,-82.8492513,,0.0,297.2906,319.2105,,0.0,,,244.2285,0.0363,0.0038,,316.9144,,,,,,,,,,15.136,-27.43,12.6954,-33.3136,291.4875,35.3277,,0.0,,,,,,,,,,,,,,,,,,,,,
2026-09-02 19:45:19,42.4752597,-82.8492513,13.4744,0.0,297.2906,319.2735,,0.0,,,244.2285,0.0363,0.0038,,316.8858,,,,,,,,,,14.9296,-27.7758,14.5952,-28.4695,291.387,35.3277,,0.0,,,,,,,,,,,,,,,,,1371.5074,,7310.0396,,
2026-09-02 19:45:20,42.4752597,-82.8492513,,0.0,297.2906,318.8553,,0.0,,,,,,,316.4446,,,,,,,,,,14.8538,-27.9691,14.825,-28.0281,291.102,35.3277,,,,,,,,,,,,,,,,,,,,,,,
2026-09-02 19:45:21,42.4752597,-82.8492513,13.8353,0.0,297.2906,318.9756,27.2166,0.0,4.5542,0.1337,244.2285,0.0363,0.0038,312.1962,316.7998,,,,,,,,,,13.7543,-28.2558,13.7512,-28.2627,290.6706,35.3277,,0.0,,,,,,,,,,,,,,,,,1371.5061,,7310.0396,,
2026-09-02 19:45:22,42.4752597,-82.8492513,,0.0,297.2906,319.0501,-10.2754,0.0,4.6626,0.4356,244.2285,0.0363,0.0038,312.2769,316.4962,,,,,,,,,,13.5212,-29.6372,13.521,-29.6377,289.396,,,0.0,,,,,,,,,,,,,,,,,1371.5051,,7310.0396,,
2026-09-02 19:45:23,42.4752597,-82.8492513,14.4587,0.0,297.2906,319.0959,68.4765,0.0,5.3721,0.1478,244.2285,0.0363,0.0038,312.3241,316.9889,3.2893,14.2183,10.0,0.0052,48.092,17.3992,66.0097,0.0,,13.8263,-30.6894,13.8262,-30.6895,288.2165,35.3105,,0.0,,,,,,,,,,,,,,,,,1371.5058,,7310.0396,,
2026-09-02 19:45:24,42.4752597,-82.8492513,14.0978,0.0,297.2906,318.6891,,0.0,,,244.2285,0.0363,0.0038,,,,,,,,,,,0.0,13.6843,-29.2387,13.6843,-29.2387,289.8298,35.2876,,0.0,,,,,,,,,,,,,,,,,1371.45,,7309.7115,,
2026-09-02 19:45:25,42.4752597,-82.8492513,,0.0,297.2906,318.7292,-14.0123,0.0,4.7022,-0.0721,244.2285,0.0363,0.0038,312.3507,316.2612,,,,,,,,,,13.2798,-29.553,13.2798,-29.553,289.2159,34.9725,,0.0,,,,,,,,,,,,,,,,,1371.4477,,7309.7115,,
2026-09-02 19:45:26,42.4752597,-82.8492513,13.54,0.0,297.2906,318.5402,64.7259,0.0,4.3985,0.4267,244.2285,0.0363,0.0038,311.9303,316.605,,,,,,,,,,12.5258,-30.3774,12.5258,-30.3774,288.4429,34.9553,,0.0,,,,,,,,,,,,,,,,,1371.501,,7310.0396,,
2026-09-02 19:45:27,42.4752597,-82.8492513,,0.0,297.2906,,-77.7653,0.0,4.6563,-0.6318,244.2285,0.0363,0.0038,311.7157,315.6654,3.2893,14.2183,10.0,0.0035,48.092,17.3992,65.8561,0.0,,12.5552,-31.7929,12.5552,-31.7929,286.4553,34.9725,,0.0,,,,,,,,,,,,,,,,,1371.4352,,7309.7115,,
2026-09-02 19:45:28,42.4752597,-82.8492513,13.9665,0.0,297.2906,317.4229,-59.0192,0.0,6.3762,-0.4314,244.2285,0.0363,0.0038,311.5431,314.932,,,,,,,,,0.0,12.7015,-33.055,12.7015,-33.055,284.5051,34.9725,,0.0,,,,,,,,,,,,,,,,,1371.3742,,7309.3834,,
2026-09-02 19:45:29,42.4752597,-82.8492513,,0.0,297.2906,316.9015,-6.542,0.0,6.0497,-0.0413,244.2285,0.0363,0.0038,310.8936,314.6799,,,,,,,,,,,,,,,35.0183,,0.0,,,,,,,,,,,,,,,,,1371.377,,7309.3834,,
2026-09-02 19:45:30,42.4752597,-82.8492513,14.5899,0.0,297.2906,317.887,94.6996,0.0,4.6796,1.0838,244.2285,0.0363,0.0038,311.3458,315.7227,,,,,,,,,,12.7751,-32.3462,12.7751,-32.3462,285.0227,35.0183,,0.0,,,,,,,,,,,,,,,,,1371.4398,,7309.7115,,
2026-09-02 19:45:31,42.4752597,-82.8492513,,,,318.2995,-2.7983,0.0,4.8383,0.2571,244.2285,0.0363,0.0038,311.9014,315.8602,3.2893,14.2183,10.0,0.004,48.092,17.3992,65.5343,0.0,,13.057,-32.415,13.057,-32.415,285.2925,35.0412,,0.0,,,,,,,,,,,,,,,,,1371.442,,7309.7115,,
2026-09-02 19:45:32,42.4752597,-82.8492513,14.5899,0.0,297.2906,317.2395,,0.0,,,244.2285,0.0363,0.0038,,314.2215,,,,,,,,,0.0,13.4566,-34.1059,13.4566,-34.1059,283.8594,35.0183,,0.0,,,,,,,,,,,,,,,,,,,,,
2026-09-02 19:45:33,42.4752597,-82.8492513,,0.0,297.2906,315.005,-100.2859,0.0,5.7884,0.5936,244.2285,0.0363,0.0038,312.1312,312.0672,,,,,,,,,,13.4916,-34.1387,13.4916,-34.1387,283.0779,35.0183,,0.0,,,,,,,,,,,,,,,,,1371.2907,,7308.7273,,
2026-09-02 19:45:34,42.4752597,-82.8492513,13.9665,0.0,297.2906,312.7304,,0.0,,,244.2285,0.0363,0.0038,,,,,,,,,,,,13.441,-33.4289,13.441,-33.4289,282.1695,35.0985,,0.0,,,,,,,,,,,,,,,,,1371.1512,,7308.0711,,
2026-09-02 19:45:35,42.4752597,-82.8492513,,0.0,297.2906,311.6761,,0.0,,,244.2285,0.0363,0.0038,,310.0103,,,,,,,,,,14.578,-33.2084,14.578,-33.2084,280.5468,35.0985,,0.0,,,,,,,,,,,,,,,,,1371.0853,,7307.743,,
2026-09-02 19:45:36,42.4752597,-82.8492513,14.6555,0.0,297.2906,311.4412,,0.0,,,244.2285,0.0363,0.0038,,309.1852,,,,,,,,,,14.7357,-32.6869,14.7357,-32.6869,279.7784,35.0985,,0.0,,,,,,,,,,,,,,,,,1371.0788,,7307.743,,
2026-09-02 19:45:37,42.4752597,-82.8492513,,0.0,297.2906,,,0.0,,,,,,,309.0821,,,,,,,,,,14.6994,-32.9384,14.6994,-32.9384,278.9196,35.11,,,,,,,,,,,,,,,,,,,1371.0773,,7307.743,,
2026-09-02 19:45:38,42.4752597,-82.8492513,14.8196,0.0,297.2906,311.2636,,0.0,,,244.2281,0.0363,0.0038,,308.6753,,,,,,,,,,14.7142,-33.2016,14.7142,-33.2016,278.3312,35.11,,0.0,,,,,,,,,,,,,,,,,,,,,
2026-09-02 19:45:39,42.4752597,-82.8492513,,0.0,297.2906,310.7823,-2.7983,0.0,5.0736,0.04,244.2281,0.0363,0.0038,305.9933,308.3659,3.2894,14.2183,10.0,0.0019,48.092,17.3992,65.7373,0.0,,14.8929,-32.6511,14.8929,-32.6511,278.4374,35.0985,,0.0,,,,,,,,,,,,,,,,,1371.0109,,7307.4149,,
2026-09-02 19:45:40,42.4752597,-82.8492513,15.8694,0.0,297.2906,310.4786,72.1927,0.0,5.7972,0.6022,244.2281,0.0363,0.0038,306.1374,308.4977,,,,,,,,,0.0,14.7507,-33.9371,14.7507,-33.9371,276.8615,35.11,,0.0,,,,,,,,,,,,,,,,,1371.0658,,7307.743,,
2026-09-02 19:45:41,,,,0.0,297.2906,311.5386,19.6914,0.0,5.0644,0.562,244.2285,0.0363,0.0038,307.3429,309.3571,,,,,,,,,,14.5598,-31.7585,14.5598,-31.7585,279.4523,35.1329,,0.0,,,,,,,,,,,,,,,,,1371.082,,7307.743,,
2026-09-02 19:45:42,42.47525970451534,-82.84925130195917,15.082,0.0,297.2906,311.3839,-10.2995,0.0,5.3248,0.319,244.2285,0.0363,0.0038,308.306,308.9274,,,,,,,,,,15.03,-35.39,15.03,-35.39,275.974,35.1501,,0.0,,,,,,,,,,,,,,,,,1371.0739,,7307.743,,
2026-09-02 19:45:43,42.47525970451534,-82.84925130195917,,0.0,297.2906,311.2178,12.1971,0.0,8.3549,0.4599,,,,307.8818,308.8815,3.2894,14.2183,10.0,0.0024,48.092,17.3992,65.4093,0.0,,15.0397,-35.6917,15.0397,-35.6917,275.5953,35.2762,,,,,,,,,,,,,,,,,,,1371.0735,,7307.743,,
2026-09-02 19:45:44,42.47525970451534,-82.84925130195917,15.5085,0.0,297.2906,311.4699,-59.0571,0.0,7.5396,0.177,244.2285,0.0363,0.0038,307.845,,,,,,,,,,0.0,15.276,-32.965,15.276,-32.965,278.4145,35.5455,,0.0,,,,,,,,,,,,,,,,,1371.0783,,7307.743,,
2026-09-02 19:45:45,42.47525970451534,-82.84925130195917,,0.0,297.2906,310.9427,,0.0,,,244.2285,0.0363,0.0038,,308.9732,,,,,,,,,,15.8222,-32.6434,15.8222,-32.6434,278.6095,35.5455,,0.0,,,,,,,,,,,,,,,,,1371.0683,,7307.743,,
2026-09-02 19:45:46,42.475323830895405,-82.84967087099373,16.4272,10.5939,293.6867,310.6448,-6.5695,0.0,6.1018,0.7663,215.6845,0.0242,0.0137,306.3111,308.4289,,,,,,,,,,,,,,,,,0.0,,,,,,,,,,,,,,,,,1359.828,,7247.7036,,
2026-09-02 19:45:47,42.47533628497185,-82.84971018854375,,8.3391,297.2906,,-62.7904,0.0,6.237,1.1562,211.2349,0.0238,0.015,306.9983,308.0107,3.2895,14.2183,10.0,0.0037,48.092,17.3992,66.1484,0.0,,16.5486,-31.9695,11.0199,-52.6648,263.5523,35.5455,,0.8218,,,,,,,,,,,,,,,,,1359.5833,,7246.3913,,
2026-09-02 19:45:48,42.4753596,-82.8497432,16.5584,7.1728,297.2906,309.1265,-25.2846,0.0,6.3416,0.5925,206.5645,0.0243,0.0168,306.3386,306.5725,,,,,,,,,0.0,17.0385,-30.8832,10.873,-53.5475,264.0191,35.5455,,-0.1138,,,,,,,,,,,,,,,,,,,,,
2026-09-02 19:45:49,42.4753724,-82.8497842,,7.6976,294.6264,308.0035,49.7064,0.0,6.0689,0.6017,202.4194,0.0243,0.018,305.0336,305.5068,,,,,,,,,,16.8132,-30.6255,10.9142,-51.6984,263.8075,35.5455,,-0.6371,,,,,,,,,,,,,,,,,1358.7509,,7242.1262,,
2026-09-02 19:45:50,42.4753854,-82.8498167,16.4928,7.6976,293.3086,308.1753,42.2018,0.0,5.2378,0.79,198.6119,0.0245,0.0192,305.8966,305.8277,,,,,,,,,,16.7422,-29.6022,10.6734,-50.7906,267.2472,35.5455,,-0.5587,,,,,,,,,,,,,,,,,1358.2989,,7239.5015,,
2026-09-02 19:45:51,42.475401,-82.8498572,16.4928,7.6782,293.4633,308.5764,64.6881,,4.7354,0.2826,194.4961,0.0249,0.0206,306.401,306.6413,,,,,,,,,,15.7385,-28.1903,9.6682,-50.2643,268.0905,35.5455,,-1.1968,,,,,,,,,,,,,,,,,1357.6119,,7235.8926,,
2026-09-02 19:45:52,42.4754151,-82.8499011,,7.6782,293.4633,309.9343,79.6801,0.0,4.4449,0.4546,189.7449,0.0253,0.022,306.6262,307.8674,3.2895,14.2183,10.0,0.0028,48.092,17.3992,65.7159,0.0,0.0,14.3042,-30.7546,8.6477,-57.7623,261.6955,35.5455,,-1.8209,,,,,,,,,,,,,,,,,,,,,
2026-09-02 19:45:53,42.4754293,-82.8499451,16.6896,7.6782,293.4633,311.212,109.6779,0.0,4.5652,0.9417,185.1712,0.0259,0.0235,307.4479,309.5347,,,,,,,,,,14.6618,-29.6025,8.8407,-55.0088,266.4485,35.5455,,-2.4099,,,,,,,,,,,,,,,,,1356.2399,,7228.6748,,
2026-09-02 19:45:54,42.4754435,-82.849989,16.624,7.6782,293.4633,313.1372,,0.0,,,180.8381,0.0266,0.025,,,,,,,,,,,,14.0245,-31.1752,8.4485,-59.2393,264.9001,35.5455,,-2.9538,,,,,,,,,,,,,,,,,,,,,
2026-09-02 19:45:55,42.4754577,-82.8500329,,7.6782,293.4633,314.6039,27.1857,0.0,4.2963,-0.3373,176.7641,0.0275,0.0264,309.2885,311.1333,3.2896,14.2183,10.0,0.0029,48.092,17.3992,65.5525,0.0,,14.3667,-33.0631,8.9701,-60.9021,264.1207,35.5455,,-3.4499,,,,,,,,,,,,,,,,,1354.9353,,7221.785,,
2026-09-02 19:45:56,42.4754719,-82.8500769,16.4928,7.6782,293.4633,316.0306,0.9316,0.0,5.973,-0.8055,172.9536,0.0286,0.0279,310.6309,312.6745,,,,,,,,,0.0,14.699,-33.0456,9.2632,-59.9177,267.6747,35.5455,,-3.8981,,,,,,,,,,,,,,,,,1354.2433,,7217.848,,
2026-09-02 19:45:57,42.4754875,-82.8501252,,7.6782,293.4633,,-6.5661,0.0,5.3276,0.2095,169.4306,0.0297,0.0293,311.6514,314.0611,,,,,,,,,,14.6506,-33.1283,9.2296,-60.1707,270.6524,35.5455,,-4.2972,,,,,,,,,,,,,,,,,,,,,
2026-09-02 19:45:58,42.4755017,-82.8501691,16.4272,7.6782,293.4633,316.466,-32.8099,0.0,5.1378,1.0023,166.1714,0.0309,0.0308,310.9912,314.0897,,,,,,,,,,15.3215,-34.4635,9.9858,-60.2559,269.9928,35.5053,,-4.652,,,,,,,,,,,,,,,,,1352.7771,,7210.3021,,
2026-09-02 19:45:59,42.4756952,-82.8502579,,7.4643,293.4633,316.2311,38.4512,0.0,6.0591,0.8471,164.5434,0.0432,0.0431,311.1464,314.0095,3.2896,14.2183,10.0,0.0044,48.092,17.3992,65.7309,0.0,,15.6243,-35.5362,10.6042,-58.911,269.6823,35.5053,,-4.8237,,,,,,,,,,,,,,,,,,,,,
2026-09-02 19:46:00,42.4757153,-82.8503171,16.3615,5.4039,293.4633,317.2166,-81.5434,0.0,5.1767,-0.2132,161.5261,0.0449,0.0449,311.731,314.8804,,,,,,,,,0.0,17.2973,-33.7386,12.6026,-49.6675,277.6397,35.5053,,-4.9885,,,,,,,,,,,,,,,,,1358.8092,,7242.4543,,
2026-09-02 19:46:01,42.4757231,-82.8503447,,9.7775,293.4633,316.0707,-10.3064,0.0,5.4734,-0.3593,160.5063,0.0459,0.0459,310.3246,313.8147,,,,,,,,,,18.086,-34.4831,11.9274,-59.1484,270.0396,35.5053,,-3.6825,,,,,,,,,,,,,,,,,1358.5158,,7240.8139,,
2026-09-02 19:46:02,42.4756947,-82.8503113,16.6896,8.0281,293.4633,316.9186,30.9638,0.0,7.1149,1.117,161.724,0.0437,0.0437,310.7655,314.5538,,,,,,,,,,,,,,,35.4652,,-6.5093,,,,,,,,,,,,,,,,,,,,,
2026-09-02 19:46:03,42.4757144,-82.8503741,,7.6976,293.4633,316.4717,-55.2755,0.0,5.9138,0.7109,158.8909,0.0458,0.0458,311.0509,314.0439,,,,,,,,,,17.7839,-35.6881,12.0994,-59.0319,270.8236,35.5455,,-5.6342,,,,,,,,,,,,,,,,,1356.0127,,7227.3624,,
2026-09-02 19:46:04,42.4757211,-82.8504327,16.6896,9.4859,297.451,315.8988,,0.0,,,156.307,0.0471,0.0469,,313.534,3.2896,14.2183,10.0,0.0028,48.092,17.3992,65.8865,0.0,0.0,17.2598,-34.0735,11.0495,-61.0621,269.1898,35.7001,,-5.644,,,,,,,,,,,,,,,,,1355.3301,,7223.7535,,
2026-09-02 19:46:05,42.4757488,-82.8504922,,9.3304,301.3987,315.0909,12.2281,0.0,5.0576,0.7505,154.336,0.0493,0.0491,309.9181,,,,,,,,,,,17.6188,-34.9966,11.2844,-63.5687,263.1078,35.7001,,-7.5873,,,,,,,,,,,,,,,,,1354.8203,,7221.1288,,
2026-09-02 19:46:06,42.4757763,-82.8505394,16.5584,9.2527,301.6909,,-2.7708,0.0,6.3349,0.8961,152.8018,0.0516,0.0512,309.3528,312.686,,,,,,,,,,17.5756,-35.3369,11.368,-63.4076,260.078,36.3476,,-7.9369,,,,,,,,,,,,,,,,,1354.615,,7220.1446,,
2026-09-02 19:46:07,42.4757993,-82.8505886,,9.3499,303.0775,314.919,-36.5226,0.0,6.7043,0.4357,151.656,0.0541,0.0535,309.2399,312.6516,3.2897,14.2183,10.0,0.0026,48.092,17.3992,65.6863,0.0,,17.5728,-35.4699,11.362,-63.8276,257.754,36.3648,,-7.9119,,,,,,,,,,,,,,,,,1354.1686,,7217.5199,,
2026-09-02 19:46:08,42.4758254,-82.8506426,16.0007,9.3499,303.0775,314.8102,-85.2767,0.0,7.842,0.4214,150.3948,0.0564,0.0555,308.8919,312.388,,,,,,,,,0.0,17.9422,-35.2598,11.6373,-62.8796,258.2408,36.3476,,-8.3072,,,,,,,,,,,,,,,,,1353.7203,,7215.2233,,
2026-09-02 19:46:09,42.4758491,-82.8506917,,9.3499,303.0775,313.9565,-47.7881,0.0,8.0946,0.4862,149.2358,0.0587,0.0576,308.8288,311.689,,,,,,,,,,17.791,-33.8472,11.2977,-61.2942,259.4124,,,-8.3923,,,,,,,,,,,,,,,,,1353.2724,,7212.9267,,
2026-09-02 19:46:10,42.4758727,-82.8507408,15.6398,9.3499,303.0775,313.3033,-29.0318,0.0,6.262,1.0913,148.1654,0.0611,0.0597,308.1507,311.0015,,,,,,,,,,18.1773,-32.035,11.3879,-57.8524,262.3348,36.5023,,-8.4678,,,,,,,,,,,,,,,,,1352.8203,,7210.3021,,
2026-09-02 19:46:11,42.4758964,-82.8507899,,9.3499,303.0775,312.2318,-59.0261,0.0,7.8856,0.6549,147.1745,0.0634,0.0618,307.5236,309.7467,3.2897,14.2183,10.0,0.0032,48.092,17.3992,65.6171,0.0,,19.4921,-32.9099,12.7027,-56.4826,261.9012,36.5023,,-8.5351,,,,,,,,,,,,,,,,,,,,,
2026-09-02 19:46:12,42.4759201,-82.850839,15.935,9.3499,303.0775,311.1318,-81.5296,0.0,8.3413,0.2241,146.2522,0.0658,0.0638,306.9301,308.7498,,,,,,,,,0.0,19.506,-30.8247,12.4368,-53.4826,263.6404,36.5023,,-8.5954,,,,,,,,,,,,,,,,,1351.8878,,7205.3808,,
2026-09-02 19:46:13,42.4759461,-82.850893,16.1319,9.3499,303.0775,311.063,27.2029,0.0,8.4491,0.9004,145.3163,0.0684,0.0661,306.5799,308.7956,,,,,,,,,,19.1756,-30.3885,12.0751,-53.4483,262.7337,36.5023,,-8.6544,,,,,,,,,,,,,,,,,,,,,
2026-09-02 19:46:14,42.4759698,-82.8509421,,9.3499,303.0775,311.8021,12.1903,0.0,7.8553,0.7043,144.1467,0.0721,0.0692,307.3077,309.5634,,,,,,,,,,19.1297,-27.9388,11.7191,-49.8894,266.796,36.5023,,-8.7248,,,,,,,,,,,,,,,,,1351.0145,,7200.7876,,
2026-09-02 19:46:15,42.4759935,-82.8509912,16.4272,9.3499,303.0775,312.7074,72.1927,0.0,6.9999,1.87,143.5004,0.0742,0.0711,308.1459,,3.2897,14.2183,10.0,0.0041,48.092,17.3992,65.0938,0.0,,18.5694,-27.1891,11.1072,-49.8102,267.6384,36.6283,,-8.7622,,,,,,,,,,,,,,,,,1350.6181,,7198.8191,,
2026-09-02 19:46:16,42.4760171,-82.8510403,,9.3499,303.0775,,,0.0,,,142.8269,0.0767,0.0731,,310.4916,,,,,,,,,0.0,19.1889,-27.0238,11.6613,-48.3884,269.8738,36.8403,,-8.7999,,,,,,,,,,,,,,,,,1350.2483,,7196.8506,,
2026-09-02 19:46:17,42.4760408,-82.8510894,16.2959,9.3499,303.0775,312.8621,27.2029,0.0,8.5587,1.2909,142.1924,0.0791,0.0752,308.1918,310.6062,,,,,,,,,,18.4642,-25.3029,10.7794,-47.0631,272.3805,36.8403,,-8.8344,,,,,,,,,,,,,,,,,,,,,
2026-09-02 19:46:18,42.4760645,-82.8511385,,9.3499,303.0775,312.5011,-104.0125,0.0,8.3115,-0.2463,141.5986,0.0816,0.0773,308.6686,309.9186,,,,,,,,,,,,,,,36.8403,,-8.8656,,,,,,,,,,,,,,,,,1349.3566,,7191.9294,,
2026-09-02 19:46:19,42.4760882,-82.8511876,16.2959,9.3499,303.0775,311.1776,57.2419,0.0,6.3024,0.7282,141.0397,0.0841,0.0794,306.9405,308.9675,3.2898,14.2183,10.0,0.0033,48.092,17.3992,65.9509,0.0,,17.787,-22.8951,9.8686,-44.5242,274.706,36.6283,,-8.8942,,,,,,,,,,,,,,,,,,,,,
2026-09-02 19:46:20,42.4761118,-82.8512367,,9.3499,303.0775,312.0256,135.9801,0.0,4.1928,0.4296,140.515,0.0865,0.0814,307.6769,309.7926,,,,,,,,,0.0,17.9324,-21.6741,9.8675,-42.1585,276.6985,36.5252,,-8.9202,,,,,,,,,,,,,,,,,1348.5328,,7187.6643,,
2026-09-02 19:46:21,42.4761379,-82.8512907,16.1319,9.3499,303.0775,312.5355,15.9958,0.0,4.4573,-0.144,139.9653,0.0893,0.0837,309.2045,310.165,,,,,,,,,,16.9003,-23.2405,9.0914,-47.1825,272.3188,36.5023,,-8.9467,,,,,,,,,,,,,,,,,,,,,
2026-09-02 19:46:22,42.4761616,-82.8513398,,9.3499,303.0775,312.461,4.7475,0.0,4.9079,0.1426,139.4974,0.0918,0.0858,309.3771,310.016,,,,,,,,,,16.3042,-23.9419,8.6369,-50.0018,270.2106,36.5023,,-8.9685,,,,,,,,,,,,,,,,,1347.6618,,7183.0711,,
2026-09-02 19:46:23,42.4761852,-82.8513889,15.8694,9.3499,303.0775,312.4839,45.9902,0.0,6.1502,0.1038,139.0562,0.0943,0.0879,308.9468,310.1764,3.2898,14.2183,10.0,0.0038,48.092,17.3992,66.2881,0.0,,16.3597,-24.5922,8.7685,-50.9355,269.0144,36.445,,-8.9886,,,,,,,,,,,,,,,,,,,,,
2026-09-02 19:46:24,42.4762089,-82.851438,,9.3499,303.0775,313.2231,30.9844,0.0,7.3611,0.0295,,,,,310.9385,,,,,,,,,0.0,15.9985,-26.4217,8.6864,-55.0392,264.9097,36.4278,,,,,,,,,,,,,,,,,,,1346.9049,,7178.806,,
2026-09-02 19:46:25,42.4762349,-82.851492,16.0007,,,313.0111,-55.2721,0.0,6.4379,0.8543,138.4316,0.098,0.091,309.8394,,,,,,,,,,,15.9622,-24.9514,8.4606,-52.7384,268.6307,36.4278,,-9.0162,,,,,,,,,,,,,,,,,1346.4726,,7176.5094,,
2026-09-02 19:46:26,42.4762586,-82.8515411,,9.3499,303.0775,,45.9833,0.0,,,137.8549,0.1018,0.0941,310.1478,310.7093,,,,,,,,,,18.3016,-25.7717,10.6852,-48.1333,271.9375,36.4278,,-9.0406,,,,,,,,,,,,,,,,,,,,,
2026-09-02 19:46:27,42.4762823,-82.8515902,15.7054,9.3499,303.0775,313.4007,,0.0,6.9349,1.0755,137.4938,0.1043,0.0961,309.3829,311.139,3.2899,14.2183,10.0,0.0012,48.092,17.3992,66.1781,0.0,,18.4063,-28.0524,11.0659,-51.465,268.3201,36.4679,,-9.0555,,,,,,,,,,,,,,,,,1345.665,,7172.2443,,
2026-09-02 19:46:28,42.476306,-82.8516392,,9.3499,303.0775,313.6528,-85.2733,0.0,7.8739,-0.1887,137.1825,0.1066,0.098,309.1929,311.2249,,,,,,,,,0.0,18.6,-27.2958,11.1487,-49.9143,270.4126,36.5825,,-9.068,,,,,,,,,,,,,,,,,,,,,
2026-09-02 19:46:29,42.476332,-82.8516933,15.771,9.3499,303.0775,313.0454,-62.7801,0.0,8.1011,0.9018,136.8193,0.1093,0.1003,310.1115,310.6692,,,,,,,,,,18.6877,-27.8446,11.2985,-50.5828,269.1351,36.5825,,-9.0822,,,,,,,,,,,,,,,,,1344.6826,,7166.995,,
2026-09-02 19:46:30,42.4763557,-82.8517423,,9.3499,303.0775,312.3464,-17.7766,0.0,7.9583,1.0993,136.5059,0.1119,0.1023,309.1129,309.9702,,,,,,,,,,19.1905,-27.6488,11.7395,-49.3392,269.4151,,,-9.0943,,,,,,,,,,,,,,,,,1344.2321,,7164.6984,,
2026-09-02 19:46:31,42.4763794,-82.8517914,15.6398,9.3499,303.0775,311.2292,-6.5352,0.0,8.221,1.1562,136.2064,0.1144,0.1044,308.0127,308.8758,3.2899,14.2183,10.0,0.0042,48.092,17.3992,66.1714,0.0,,18.9703,-26.4917,11.393,-47.9654,269.7399,36.5825,,-9.1055,,,,,,,,,,,,,,,,,1343.7699,,7162.0737,,
2026-09-02 19:46:32,42.476403,-82.8518405,,9.3499,303.0775,310.4442,-70.2882,0.0,6.9107,0.2401,135.9178,0.1169,0.1065,307.2627,307.9362,,,,,,,,,0.0,19.1784,-24.4091,11.3427,-44.3253,272.189,36.5825,,-9.1161,,,,,,,,,,,,,,,,,,,,,
2026-09-02 19:46:33,42.4764267,-82.8518896,15.5085,9.3499,303.0775,309.1493,,0.0,,,135.6434,0.1195,0.1086,,306.6413,,,,,,,,,,19.1674,-23.4051,11.2194,-42.737,272.5173,36.5825,,-9.1259,,,,,,,,,,,,,,,,,1342.8724,,7157.4805,,
2026-09-02 19:46:34,,,15.4429,9.3499,303.0775,307.6826,-62.7801,0.0,5.7566,0.0583,,,,306.3669,305.1917,,,,,,,,,,19.134,-24.4905,11.3102,-44.5314,268.3323,36.5825,,,,,,,,,,,,,,,,,,,1342.339,,7154.5278,,
2026-09-02 19:46:35,42.4764504,-82.8519387,,9.3499,303.0775,306.1356,-44.0272,0.0,6.916,0.3136,135.2513,0.1233,0.1117,305.4884,,3.2899,14.2183,10.0,0.0022,48.092,17.3992,66.7375,0.0,,,,,,,36.4106,,-9.1396,,,,,,,,,,,,,,,,,1341.8296,,7151.9031,,
2026-09-02 19:46:36,42.476476475345386,-82.85199278904668,15.3773,9.3499,303.0775,,-55.279,0.0,6.1319,0.4168,135.0057,0.1258,0.1137,304.588,303.5874,,,,,,,,,0.0,18.8812,-22.6153,10.8625,-41.9443,268.8093,36.4106,,-9.148,,,,,,,,,,,,,,,,,,,,,
2026-09-02 19:46:37,42.47650014982909,-82.8520418852368,,9.3499,303.0775,304.0672,12.2212,0.0,6.6552,0.7875,134.7684,0.1284,0.1158,302.9507,301.5706,,,,,,,,,,18.1977,-24.2689,10.4095,-45.9341,261.8252,36.3132,,-9.1559,,,,,,,,,,,,,,,,,1340.9681,,7147.3099,,
2026-09-02 19:46:38,42.476507183164365,-82.8520565573126,15.3117,0.0,303.0775,302.9213,-25.2778,0.0,5.9345,0.5828,134.7197,0.1289,0.1162,302.7935,300.5679,,,,,,,,,,17.3211,-23.3877,15.8936,-25.633,280.7165,36.3132,,0.0,,,,,,,,,,,,,,,,,1340.9587,,7147.3099,,
2026-09-02 19:46:39,42.476507183164365,-82.8520565573126,15.2133,0.0,303.0775,301.678,-29.0283,0.0,5.7177,0.0725,134.7197,0.1289,0.1162,302.0036,299.1814,3.29,14.2183,10.0,0.0044,48.092,17.3992,66.7427,0.0,,16.3172,-23.0886,16.1624,-23.3227,279.986,36.3132,,0.0,,,,,,,,,,,,,,,,,1340.881,,7146.6538,,
2026-09-02 19:46:40,42.476507183164365,-82.8520565573126,,0.0,303.0775,300.9159,15.9649,0.0,6.8057,0.5877,134.7197,0.1289,0.1162,301.8092,298.5053,,,,,,,,,0.0,16.2867,-24.9176,16.2703,-24.9444,277.006,36.3132,,0.0,,,,,,,,,,,,,,,,,1340.8678,,7146.6538,,
2026-09-02 19:46:41,42.476507183164365,-82.8520565573126,15.2789,0.0,303.0775,300.0393,-92.7848,0.0,6.8322,-0.2318,134.7197,0.1289,0.1162,301.0227,297.5141,,,,,,,,,,16.4094,-24.4667,16.4079,-24.469,276.5434,36.3132,,0.0,,,,,,,,,,,,,,,,,,,,,
2026-09-02 19:46:42,42.476507183164365,-82.8520565573126,15.2789,0.0,303.0775,298.8361,,0.0,5.1231,0.1297,134.7197,0.1289,0.1162,,296.3452,,,,,,,,,,15.8327,-22.7529,15.8326,-22.7531,277.1684,36.2903,,0.0,,,,,,,,,,,,,,,,,1340.7221,,7145.9976,,
2026-09-02 19:46:43,42.4765071,-82.8520565,,0.0,303.0775,298.6585,27.2201,0.0,5.7004,0.2711,134.7197,0.1289,0.1162,300.6926,296.2994,3.29,14.2183,10.0,0.0055,48.092,17.3992,66.9159,0.0,,16.4844,-24.2565,16.4844,-24.2565,274.848,36.233,,0.0,,,,,,,,,,,,,,,,,1340.7775,,7146.3257,,
2026-09-02 19:46:44,42.4765071,-82.8520565,15.0164,0.0,303.0775,298.6356,38.4581,0.0,5.9385,-0.0539,134.7197,0.1289,0.1162,300.6283,296.3567,,,,,,,,,0.0,16.5496,-23.6441,16.5496,-23.6441,275.1705,36.2101,,0.0,,,,,,,,,,,,,,,,,1340.777,,7146.3257,,
2026-09-02 19:46:45,42.4765071,-82.8520565,,0.0,303.0775,298.6871,8.4603,0.0,,,134.7197,0.1289,0.1162,300.9877,296.3051,,,,,,,,,,16.2428,-22.2797,16.2428,-22.2797,276.4747,36.233,,0.0,,,,,,,,,,,,,,,,,,,,,
2026-09-02 19:46:46,42.4765071,-82.8520565,14.9508,0.0,303.0775,298.4751,4.696,0.0,4.7382,0.111,134.7197,0.1289,0.1162,300.591,,,,,,,,,,,16.3651,-22.1168,16.3651,-22.1168,276.4947,36.1413,,0.0,,,,,,,,,,,,,,,,,1340.7205,,7145.9976,,
2026-09-02 19:46:47,42.4765071,-82.8520565,,0.0,303.0775,,12.1937,0.0,4.8515,0.2595,134.7197,0.1289,0.1162,300.6375,296.2478,3.2901,14.2183,10.0,0.0033,48.092,17.3992,67.0224,0.0,,16.3732,-22.6896,16.3732,-22.6896,275.9398,36.1585,,0.0,,,,,,,,,,,,,,,,,,,,,
2026-09-02 19:46:48,42.4765071,-82.8520565,15.0164,0.0,303.0775,298.2918,-40.2973,0.0,4.1595,-0.3007,134.7197,0.1289,0.1162,300.7278,295.7952,,,,,,,,,0.0,,,,,,36.1413,,0.0,,,,,,,,,,,,,,,,,1340.71,,7145.9976,,
2026-09-02 19:46:49,42.4765071,-82.8520565,,0.0,303.0775,297.4553,12.1971,0.0,5.6346,0.2762,134.7197,0.1289,0.1162,299.9589,295.0503,,,,,,,,,,16.626,-23.8139,16.626,-23.8139,274.3961,36.1413,,0.0,,,,,,,,,,,,,,,,,,,,,
2026-09-02 19:46:50,42.4765071,-82.8520565,15.0164,0.0,303.0775,297.6844,-6.5455,0.0,6.0004,0.2618,134.7197,0.1289,0.1162,300.6919,295.3827,,,,,,,,,,16.4837,-24.2536,16.4837,-24.2536,273.4598,36.1413,,0.0,,,,,,,,,,,,,,,,,1340.7061,,7145.9976,,
2026-09-02 19:46:51,42.4765071,-82.8520565,,0.0,303.0775,297.7417,,0.0,,,134.7197,0.1289,0.1162,,295.4285,,,,,,,,,,16.3645,-21.9046,16.3645,-21.9046,275.8052,36.1413,,0.0,,,,,,,,,,,,,,,,,1340.7065,,7145.9976,,
2026-09-02 19:46:52,42.4765071,-82.8520565,14.9508,0.0,303.0775,297.9022,-2.8052,0.0,5.3331,0.7549,134.7197,0.1289,0.1162,300.7348,295.6921,3.2901,14.2183,10.0,0.0048,48.092,17.3992,66.7862,0.0,0.0,16.4846,-23.106,16.4846,-23.106,274.604,36.1413,,0.0,,,,,,,,,,,,,,,,,,,,,
2026-09-02 19:46:53,42.4765071,-82.8520565,,0.0,303.0775,299.0366,,0.0,,,134.7197,0.1289,0.1162,,296.7864,,,,,,,,,,16.4836,-24.1666,16.4836,-24.1666,273.9803,,,0.0,,,,,,,,,,,,,,,,,1340.7872,,7146.3257,,
2026-09-02 19:46:54,42.4765071,-82.8520565,15.0164,0.0,303.0775,298.7502,,0.0,,,134.7197,0.1289,0.1162,,296.2478,,,,,,,,,,16.5856,-24.6724,16.5856,-24.6724,274.0387,36.2731,,0.0,,,,,,,,,,,,,,,,,,,,,
2026-09-02 19:46:55,42.4765071,-82.8520565,15.082,0.0,303.0775,297.2948,,0.0,,,134.7197,0.1289,0.1162,,294.9587,,,,,,,,,,17.8495,-24.7357,17.8495,-24.7357,273.5962,36.2731,,0.0,,,,,,,,,,,,,,,,,1340.6975,,7145.6695,,
2026-09-02 19:46:56,42.4765071,-82.8520565,15.0164,0.0,303.0775,296.9568,,0.0,,,134.7197,0.1289,0.1162,,,,,,,,,,,,18.131,-24.2851,18.131,-24.2851,273.3276,36.2731,,0.0,,,,,,,,,,,,,,,,,1340.6912,,7145.6695,,
2026-09-02 19:46:57,42.4765071,-82.8520565,,0.0,303.0775,,,0.0,,,134.7197,0.1289,0.1162,,294.6034,,,,,,,,,,18.1936,-24.239,18.1936,-24.239,272.8711,36.2731,,0.0,,,,,,,,,,,,,,,,,,,,,
2026-09-02 19:46:58,42.4765071,-82.8520565,15.0164,0.0,303.0775,296.825,-2.8086,,6.2469,1.0931,134.7197,0.1289,0.1162,298.8608,294.529,,,,,,,,,,18.4222,-23.7087,18.4222,-23.7087,273.1926,36.2731,,0.0,,,,,,,,,,,,,,,,,1340.6229,,7145.3414,,
2026-09-02 19:46:59,42.4765071,-82.8520565,,0.0,303.0775,295.7765,-70.2985,0.0,5.6792,0.4676,134.7197,0.1289,0.1162,298.1144,293.2455,3.2902,14.2183,10.0,0.0037,48.092,17.3992,66.9616,0.0,,19.3787,-24.4557,19.3787,-24.4557,271.611,36.2731,,0.0,,,,,,,,,,,,,,,,,,,,,
2026-09-02 19:47:00,42.4765071,-82.8520565,14.8852,0.0,303.0775,294.665,8.4465,0.0,6.4023,1.1141,134.7197,0.1289,0.1162,297.0036,292.2543,,,,,,,,,0.0,19.3824,-23.9285,19.3824,-23.9285,271.2274,36.2731,,0.0,,,,,,,,,,,,,,,,,1340.5306,,7145.0134,,
2026-09-02 19:47:01,42.4765071,-82.8520565,,0.0,303.0775,294.1436,-36.5501,0.0,6.4531,0.3504,134.7197,0.1289,0.1162,297.1449,291.7616,,,,,,,,,,19.3514,-25.3353,19.3514,-25.3353,269.1418,36.2731,,0.0,,,,,,,,,,,,,,,,,,,,,
2026-09-02 19:47:02,42.4765071,-82.8520565,14.8852,0.0,303.0775,293.7081,-44.0444,0.0,7.5677,0.7865,134.7197,0.1289,0.1162,296.82,291.3032,,,,,,,,,,18.9314,-24.6102,18.9314,-24.6102,269.462,36.2731,,0.0,,,,,,,,,,,,,,,,,1340.513,,7144.6853,,
2026-09-02 19:47:03,42.4765071,-82.8520565,,0.0,303.0775,292.7226,-36.5604,0.0,7.5908,0.6314,134.7197,0.1289,0.1162,296.0135,290.2891,3.2902,14.2183,10.0,0.0018,48.092,17.3992,67.3952,0.0,,18.6152,-25.3183,18.6152,-25.3183,267.9999,36.2731,,0.0,,,,,,,,,,,,,,,,,1340.4378,,7144.3572,,
2026-09-02 19:47:04,42.4765071,-82.8520565,14.9508,0.0,303.0775,291.7486,-77.8203,0.0,7.3294,0.3626,134.7197,0.1289,0.1162,295.6855,289.2921,,,,,,,,,0.0,,,,,,36.3247,,0.0,,,,,,,,,,,,,,,,,1340.4213,,7144.3572,,
2026-09-02 19:47:05,42.4765071,-82.8520565,14.8196,0.0,303.0775,290.5569,,0.0,,,134.7197,0.1289,0.1162,,288.1577,,,,,,,,,,18.7931,-25.0259,18.7931,-25.0259,267.3877,36.3476,,0.0,,,,,,,,,,,,,,,,,1340.3421,,7144.0291,,
2026-09-02 19:47:06,42.4765071,-82.8520565,,0.0,303.0775,289.7719,0.911,0.0,7.641,0.9922,134.7197,0.1289,0.1162,293.8617,,,,,,,,,,,18.7122,-24.4713,18.7122,-24.4713,266.9011,36.3247,,0.0,,,,,,,,,,,,,,,,,,,,,
2026-09-02 19:47:07,42.4765071,-82.8520565,14.8852,0.0,303.0775,,-10.3373,0.0,6.7395,0.5844,134.7197,0.1289,0.1162,294.2389,287.4014,,,,,,,,,,19.9731,-23.3441,19.9731,-23.3441,267.3278,36.3247,,0.0,,,,,,,,,,,,,,,,,1340.2581,,7143.3729,,
2026-09-02 19:47:08,42.4765071,-82.8520565,14.7867,0.0,303.0775,288.7807,-2.8327,0.0,7.0785,0.7842,,,,292.7875,286.2956,3.2902,14.2183,10.0,0.0055,48.092,17.3992,67.6816,0.0,0.0,20.0382,-23.455,20.0382,-23.455,266.3538,36.3247,,,,,,,,,,,,,,,,,,,1340.2271,,7143.3729,,
2026-09-02 19:47:09,42.4765071,-82.8520565,,0.0,303.0775,287.6405,-32.8305,0.0,6.1473,0.4312,134.7197,0.1289,0.1162,292.3146,285.2413,,,,,,,,,,18.0274,-22.4753,18.0274,-22.4753,266.2464,36.3247,,0.0,,,,,,,,,,,,,,,,,1340.1553,,7143.0448,,
2026-09-02 19:47:10,42.4765071,-82.8520565,14.4587,0.0,303.0775,286.2998,15.9168,0.0,6.2993,0.3559,134.7197,0.1289,0.1162,290.1715,283.8662,,,,,,,,,,17.9975,-23.85,17.9975,-23.85,263.7004,36.2101,,0.0,,,,,,,,,,,,,,,,,,,,,
2026-09-02 19:47:11,42.4765071,-82.8520565,,0.0,303.0775,285.6008,-32.827,0.0,5.6136,-0.1313,134.7197,0.1289,0.1162,291.0654,283.2646,3.2903,14.2183,10.0,0.0051,48.092,17.3992,68.0751,0.0,,18.0507,-21.1048,18.0507,-21.1048,265.3832,36.2101,,0.0,,,,,,,,,,,,,,,,,1340.0687,,7142.3887,,
2026-09-02 19:47:12,42.4765071,-82.8520565,14.6555,0.0,303.0775,284.8903,-66.5788,0.0,5.0107,0.3108,134.7197,0.1289,0.1162,290.3077,282.3937,,,,,,,,,0.0,17.8415,-20.3137,17.8415,-20.3137,265.4302,36.1872,,0.0,,,,,,,,,,,,,,,,,1340.0419,,7142.3887,,
2026-09-02 19:47:13,42.4765071,-82.8520565,14.5243,0.0,303.0775,283.4579,,0.0,,,134.7197,0.1289,0.1162,,281.1561,,,,,,,,,,19.2093,-19.8747,19.2093,-19.8747,264.7472,36.1642,,0.0,,,,,,,,,,,,,,,,,,,,,
2026-09-02 19:47:14,42.4765071,-82.8520565,,0.0,303.0775,283.1199,4.6719,0.0,5.1759,0.1607,134.7197,0.1289,0.1162,289.8917,280.5201,,,,,,,,,,19.5106,-18.2638,19.5106,-18.2638,265.6416,35.6371,,0.0,,,,,,,,,,,,,,,,,1339.9557,,7141.7325,,
2026-09-02 19:47:15,42.4765071,-82.8520565,14.4587,0.0,303.0775,281.6817,-74.0834,0.0,4.2661,-0.1077,134.7197,0.1289,0.1162,288.4537,279.4716,3.2903,14.2183,10.0,0.0015,48.092,17.3992,68.5688,0.0,,19.4317,-17.9037,19.4317,-17.9037,264.8184,35.4652,,0.0,,,,,,,,,,,,,,,,,1339.9195,,7141.7325,,
2026-09-02 19:47:16,42.4765071,-82.8520565,14.4587,0.0,303.0775,280.8911,49.6823,0.0,4.218,0.145,134.7197,0.1289,0.1162,289.1685,,,,,,,,,,0.0,,,,,,,,0.0,,,,,,,,,,,,,,,,,1339.8474,,7141.4044,,
2026-09-02 19:47:17,42.4765071,-82.8520565,14.393,0.0,303.0775,281.8078,79.6732,0.0,3.4033,-0.4719,134.7197,0.1289,0.1162,288.2309,278.4288,,,,,,,,,,19.5621,-16.7229,19.5621,-16.7229,265.2016,35.3105,,0.0,,,,,,,,,,,,,,,,,1339.9111,,7141.7325,,
2026-09-02 19:47:18,42.4765071,-82.8520565,,0.0,303.0775,,102.1664,0.0,2.6324,-0.2587,134.7197,0.1289,0.1162,289.6292,279.7123,,,,,,,,,,19.1729,-15.9359,19.1729,-15.9359,265.6289,35.2876,,0.0,,,,,,,,,,,,,,,,,,,,,
2026-09-02 19:47:19,42.4765071,-82.8520565,14.2946,0.0,303.0775,283.6814,72.1652,0.0,1.7872,-0.3956,134.7197,0.1289,0.1162,291.3752,281.5228,3.2904,14.2183,10.0,0.0051,48.092,17.3992,67.8336,0.0,,17.8052,-15.4887,17.8052,-15.4887,266.9986,35.2762,,0.0,,,,,,,,,,,,,,,,,1340.0383,,7142.3887,,
2026-09-02 19:47:20,42.4765071,-82.8520565,,0.0,303.0775,285.0164,68.4146,0.0,2.6792,-0.3027,134.7197,0.1289,0.1162,293.0803,282.9724,,,,,,,,,0.0,17.2463,-16.5291,17.2463,-16.5291,267.1988,35.1959,,0.0,,,,,,,,,,,,,,,,,1340.1329,,7142.7168,,
2026-09-02 19:47:21,42.4765071,-82.8520565,14.2946,0.0,303.0775,286.7008,38.4099,0.0,2.466,-0.1157,134.7197,0.1289,0.1162,294.3315,284.4965,,,,,,,,,,17.1042,-15.9562,17.1042,-15.9562,269.3023,35.2189,,0.0,,,,,,,,,,,,,,,,,,,,,
2026-09-02 19:47:22,42.4765071,-82.8520565,,0.0,303.0775,288.351,105.9032,0.0,2.8022,0.2029,134.7197,0.1289,0.1162,295.3906,286.3987,,,,,,,,,,17.1203,-16.4352,17.1203,-16.4352,269.8301,35.1959,,0.0,,,,,,,,,,,,,,,,,1340.2547,,7143.3729,,
2026-09-02 19:47:23,42.4765071,-82.8520565,14.3274,0.0,303.0775,290.5053,4.6547,0.0,3.4226,0.1764,134.7197,0.1289,0.1162,296.6872,288.3296,3.2904,14.2183,10.0,0.0062,48.092,17.3992,67.4209,0.0,,16.9782,-17.0576,16.9782,-17.0576,271.0812,35.2189,,0.0,,,,,,,,,,,,,,,,,1340.347,,7144.0291,,
2026-09-02 19:47:24,42.4765071,-82.8520565,14.3274,0.0,303.0775,291.9606,30.9122,0.0,4.175,0.0384,134.7197,0.1289,0.1162,298.2839,289.8479,,,,,,,,,0.0,17.1763,-17.1447,17.1763,-17.1447,272.7153,35.1959,,0.0,,,,,,,,,,,,,,,,,,,,,
2026-09-02 19:47:25,42.4765071,-82.8520565,14.3274,0.0,303.0775,293.2841,,0.0,,,134.7197,0.1289,0.1162,,291.1313,,,,,,,,,,16.9393,-18.6055,16.9393,-18.6055,272.8426,35.2189,,0.0,,,,,,,,,,,,,,,,,1340.4555,,7144.3572,,
2026-09-02 19:47:26,42.4765071,-82.8520565,,0.0,303.0775,293.966,4.6788,0.0,5.616,0.3326,,,,299.483,291.6814,,,,,,,,,,17.2276,-18.7496,17.2276,-18.7496,274.0132,35.2189,,,,,,,,,,,,,,,,,,,,,,,
2026-09-02 19:47:27,42.4765071,-82.8520565,14.393,0.0,303.0775,294.3212,-2.8258,0.0,4.4456,0.4148,134.7197,0.1289,0.1162,299.4088,,3.2904,14.2183,10.0,0.0022,48.092,17.3992,67.4493,0.0,,16.6898,-19.3132,16.6898,-19.3132,274.263,35.2189,,0.0,,,,,,,,,,,,,,,,,1340.5281,,7145.0134,,
2026-09-02 19:47:28,42.4765071,-82.8520565,,0.0,303.0775,,23.4179,0.0,4.1951,0.112,134.7197,0.1289,0.1162,298.7047,292.048,,,,,,,,,0.0,16.4167,-19.7833,16.4167,-19.7833,274.4135,35.2189,,0.0,,,,,,,,,,,,,,,,,1340.5441,,7145.0134,,
2026-09-02 19:47:29,42.4765071,-82.8520565,14.3274,0.0,303.0775,295.4499,64.6812,0.0,5.6294,1.0656,134.7197,0.1289,0.1162,299.6423,293.3716,,,,,,,,,,16.4981,-21.0195,16.4981,-21.0195,273.9722,35.2189,,0.0,,,,,,,,,,,,,,,,,,,,,
2026-09-02 19:47:30,42.4765071,-82.8520565,14.2946,0.0,303.0775,296.3151,-55.3237,0.0,5.6315,-0.0571,134.7197,0.1289,0.1162,299.6497,294.0878,,,,,,,,,,16.3569,-22.1046,16.3569,-22.1046,273.7455,35.2876,,0.0,,,,,,,,,,,,,,,,,1340.6323,,7145.3414,,
2026-09-02 19:47:31,42.4765071,-82.8520565,,0.0,303.0775,297.0485,49.672,0.0,5.7002,0.6484,134.7197,0.1289,0.1162,299.5879,294.8613,3.2905,14.2183,10.0,0.004,48.092,17.3992,67.4093,0.0,,16.4192,-21.1809,16.4192,-21.1809,275.5561,35.2876,,0.0,,,,,,,,,,,,,,,,,1340.708,,7145.9976,,
2026-09-02 19:47:32,42.4765071,-82.8520565,14.2946,0.0,303.0775,298.2746,-32.8167,0.0,5.0748,0.8665,134.7197,0.1289,0.1162,300.3238,295.8926,,,,,,,,,0.0,16.4244,-21.54,16.4244,-21.54,276.0117,35.3678,,0.0,,,,,,,,,,,,,,,,,,,,,
2026-09-02 19:47:33,42.4765071,-82.8520565,,0.0,303.0775,297.8449,-21.565,0.0,5.5348,0.2443,134.7197,0.1289,0.1162,299.2701,295.4915,,,,,,,,,,16.8728,-21.9162,16.8728,-21.9162,275.7654,35.3506,,0.0,,,,,,,,,,,,,,,,,1340.7072,,7145.9976,,
2026-09-02 19:47:34,42.4765071,-82.8520565,14.2946,0.0,303.0775,297.9136,64.695,0.0,6.0599,1.0145,134.7197,0.1289,0.1162,298.9539,295.6978,,,,,,,,,,,,,,,35.3678,,0.0,,,,,,,,,,,,,,,,,,,,,
2026-09-02 19:47:35,42.4765071,-82.8520565,,0.0,303.0775,298.4637,-70.2916,0.0,,,134.7197,0.1289,0.1162,299.5627,296.1332,3.2905,14.2183,10.0,0.0034,48.092,17.3992,67.7696,0.0,,16.9246,-22.9115,16.9246,-22.9115,274.9338,35.4652,,0.0,,,,,,,,,,,,,,,,,1340.7214,,7145.9976,,
2026-09-02 19:47:36,42.4765071,-82.8520565,14.229,0.0,303.0775,297.9022,,0.0,5.5446,-0.3864,134.7197,0.1289,0.1162,,295.6978,,,,,,,,,0.0,17.3216,-21.8725,17.3216,-21.8725,276.29,35.4652,,0.0,,,,,,,,,,,,,,,,,1340.71,,7145.9976,,
2026-09-02 19:47:37,42.4765071,-82.8520565,,0.0,303.0775,,60.9444,0.0,7.1668,0.2826,134.7197,0.1289,0.1162,297.9732,,,,,,,,,,,17.143,-24.694,17.143,-24.694,273.3693,36.1642,,0.0,,,,,,,,,,,,,,,,,1340.7806,,7146.3257,,
2026-09-02 19:47:38,42.4765071,-82.8520565,14.0322,0.0,303.0775,298.9392,-40.3041,0.0,6.8997,0.8271,134.7197,0.1289,0.1162,299.872,296.626,,,,,,,,,,16.9894,-24.3432,16.9894,-24.3432,274.1305,36.2101,,0.0,,,,,,,,,,,,,,,,,1340.7843,,7146.3257,,
2026-09-02 19:47:39,42.4765071,-82.8520565,,0.0,303.0775,299.0194,-25.3053,0.0,7.5125,0.711,134.7197,0.1289,0.1162,300.0883,296.7062,3.2905,14.2183,10.0,0.0049,48.092,17.3992,67.2793,0.0,,17.4261,-25.6518,17.4261,-25.6518,273.1325,,,0.0,,,,,,,,,,,,,,,,,,,,,
2026-09-02 19:47:40,42.4765071,-82.8520565,14.1634,,,299.3632,27.196,0.0,7.2849,1.315,134.7197,0.1289,0.1162,299.894,297.05,,,,,,,,,0.0,17.8118,-25.4181,17.8118,-25.4181,273.5893,36.233,,0.0,,,,,,,,,,,,,,,,,1340.7972,,7146.3257,,
2026-09-02 19:47:41,42.4765071,-82.8520565,,0.0,303.0775,299.1799,-25.2846,0.0,6.8542,0.8598,134.7197,0.1289,0.1162,299.9573,296.8666,,,,,,,,,,18.0532,-24.9534,18.0532,-24.9534,274.3243,36.2559,,0.0,,,,,,,,,,,,,,,,,1340.7815,,7146.3257,,
2026-09-02 19:47:42,42.4765071,-82.8520565,14.1634,0.0,303.0775,298.2861,0.9729,0.0,6.8921,1.0436,134.7197,0.1289,0.1162,298.3944,295.9728,,,,,,,,,,18.0766,-25.0571,18.0766,-25.0571,273.8752,36.2559,,0.0,,,,,,,,,,,,,,,,,,,,,
2026-09-02 19:47:43,42.4765071,-82.8520565,,0.0,303.0775,297.8105,53.481,0.0,6.3277,0.5287,134.7197,0.1289,0.1162,298.537,295.4973,3.2906,15.3196,10.0,0.0017,48.092,17.6612,67.6586,0.0,,18.2113,-23.6426,18.2113,-23.6426,274.7684,36.2559,,0.0,,,,,,,,,,,,,,,,,1340.7101,,7145.9976,,
2026-09-02 19:47:44,42.4765071,-82.8520565,14.229,0.0,303.0775,297.9079,-17.7594,0.0,6.935,0.7071,134.7197,0.1289,0.1162,,295.5947,,,,,,,,,0.0,18.1731,-24.6146,18.1731,-24.6146,273.577,36.2559,,0.0,,,,,,,,,,,,,,,,,1340.7101,,7145.9976,,
2026-09-02 19:47:45,42.4765071,-82.8520565,,0.0,303.0775,296.9339,-51.5112,0.0,7.8597,0.7727,134.7197,0.1289,0.1162,298.7156,294.6206,,,,,,,,,,18.3046,-24.408,18.3046,-24.408,273.3516,36.2559,,0.0,,,,,,,,,,,,,,,,,,,,,
2026-09-02 19:47:46,42.4765071,-82.8520565,14.229,0.0,303.0775,296.2349,,0.0,,,134.7197,0.1289,0.1162,298.4124,293.9216,,,,,,,,,,18.0679,-21.7517,18.0679,-21.7517,275.3203,36.2559,,0.0,,,,,,,,,,,,,,,,,1340.6258,,7145.3414,,
2026-09-02 19:47:47,42.4765071,-82.8520565,14.229,0.0,303.0775,,-17.7491,0.0,5.9994,0.5306,134.7197,0.1289,0.1162,297.8846,,3.2906,15.3196,10.0,0.0037,48.092,17.6612,68.074,0.0,,17.9218,-21.6086,17.9218,-21.6086,274.934,36.2559,,0.0,,,,,,,,,,,,,,,,,,,,,
2026-09-02 19:47:48,42.4765071,-82.8520565,,0.0,303.0775,295.9312,-13.9951,0.0,5.588,0.5548,134.7197,0.1289,0.1162,296.6026,293.618,,,,,,,,,0.0,18.2143,-21.2138,18.2143,-21.2138,274.7937,36.2559,,0.0,,,,,,,,,,,,,,,,,1340.6074,,7145.3414,,
2026-09-02 19:47:49,42.4765071,-82.8520565,14.0322,0.0,303.0775,295.4958,12.2521,0.0,5.6993,0.5554,134.7197,0.1289,0.1162,296.4059,293.1825,,,,,,,,,,,,,,,36.2559,,0.0,,,,,,,,,,,,,,,,,,,,,
2026-09-02 19:47:50,42.4765071,-82.8520565,,0.0,303.0775,295.0087,-21.4894,0.0,5.2331,0.8087,134.7197,0.1289,0.1162,296.4503,292.6955,,,,,,,,,,17.8921,-20.1571,17.8921,-20.1571,275.4936,36.233,,0.0,,,,,,,,,,,,,,,,,1340.5398,,7145.0134,,
2026-09-02 19:47:51,42.4765071,-82.8520565,13.8353,0.0,303.0775,295.0832,53.5051,0.0,6.4903,0.674,134.7197,0.1289,0.1162,297.2488,292.77,3.2907,15.3196,10.0,0.0025,48.092,17.6612,67.8659,0.0,,18.2814,-20.9621,18.2814,-20.9621,274.2215,36.233,,0.0,,,,,,,,,,,,,,,,,1340.6036,,7145.3414,,
2026-09-02 19:47:52,42.4765071,-82.8520565,,0.0,303.0775,295.9197,49.7511,0.0,5.4407,0.005,134.7197,0.1289,0.1162,297.8547,293.6065,,,,,,,,,0.0,17.9577,-18.988,17.9577,-18.988,276.3581,36.2101,,0.0,,,,,,,,,,,,,,,,,,,,,
2026-09-02 19:47:53,42.4765071,-82.8520565,13.8025,0.0,303.0775,297.3521,72.2408,0.0,5.552,0.7819,134.7197,0.1289,0.1162,299.161,295.0389,,,,,,,,,,18.8249,-18.599,18.8249,-18.599,277.3738,36.2101,,0.0,,,,,,,,,,,,,,,,,1340.7053,,7145.9976,,
2026-09-02 19:47:54,42.4765071,-82.8520565,,0.0,303.0775,298.1142,-6.5077,0.0,6.7629,0.0485,,,,299.6345,295.8009,,,,,,,,,,19.4299,-19.8954,19.4299,-19.8954,276.9073,36.2101,,,,,,,,,,,,,,,,,,,1340.7143,,7145.9976,,
2026-09-02 19:47:55,,,13.7369,0.0,303.0775,300.3487,79.7213,,6.771,0.6507,134.7197,0.1289,0.1162,301.4521,298.0355,3.2907,15.3196,10.0,0.0011,48.092,17.6612,66.9624,0.0,,18.8236,-19.2975,18.8236,-19.2975,278.4693,36.2101,,0.0,,,,,,,,,,,,,,,,,1340.8633,,7146.6538,,
2026-09-02 19:47:56,42.476507183164365,-82.8520565573126,,0.0,303.0775,301.4602,-2.7502,0.0,,,134.7197,0.1289,0.1162,,299.147,,,,,,,,,0.0,18.8443,-20.1402,18.8443,-20.1402,279.3316,36.2101,,0.0,,,,,,,,,,,,,,,,,,,,,
2026-09-02 19:47:57,42.476507183164365,-82.8520565573126,13.8353,0.0,303.0775,,,0.0,7.0851,0.9256,134.7197,0.1289,0.1162,302.0761,,,,,,,,,,,19.087,-18.5877,19.087,-18.5877,282.2079,36.2101,,0.0,,,,,,,,,,,,,,,,,1340.8847,,7146.6538,,
2026-09-02 19:47:58,42.476507183164365,-82.8520565573126,13.8353,0.0,303.0775,301.6035,4.7647,0.0,5.7795,0.9603,134.7197,0.1289,0.1162,302.3897,299.2444,,,,,,,,,,18.9072,-19.3326,18.9072,-19.3326,281.9648,36.2101,,0.0,,,,,,,,,,,,,,,,,1340.9422,,7146.9819,,
2026-09-02 19:47:59,42.476507183164365,-82.8520565573126,13.7369,0.0,303.0775,301.8097,19.7705,0.0,5.9757,1.0175,134.7197,0.1289,0.1162,302.2134,299.4449,3.2907,15.3196,10.0,0.004,48.092,17.6612,67.6398,0.0,,18.9879,-19.7693,18.9879,-19.7693,281.7851,36.2101,,0.0,,,,,,,,,,,,,,,,,1340.946,,7146.9819,,
2026-09-02 19:48:00,42.476507183164365,-82.8520565573126,,0.0,303.0775,301.8785,-32.7205,0.0,5.4992,-0.2233,134.7197,0.1289,0.1162,301.6623,299.6225,,,,,,,,,0.0,18.807,-20.8228,18.807,-20.8228,280.9261,36.2101,,0.0,,,,,,,,,,,,,,,,,1340.9438,,7146.9819,,
2026-09-02 19:48:01,42.476507183164365,-82.8520565573126,13.6056,0.0,303.0775,301.804,27.2854,0.0,5.5346,0.7228,134.7197,0.1289,0.1162,301.5529,299.4679,,,,,,,,,,18.9236,-20.3785,18.9236,-20.3785,281.4263,36.2101,,0.0,,,,,,,,,,,,,,,,,,,,,
2026-09-02 19:48:02,42.476507183164365,-82.8520565573126,,0.0,303.0775,302.1191,16.0371,0.0,5.7961,0.0873,134.7197,0.1289,0.1162,302.2386,299.846,,,,,,,,,,18.3504,-21.4964,18.3504,-21.4964,280.4738,,,0.0,,,,,,,,,,,,,,,,,1340.9485,,7146.9819,,
2026-09-02 19:48:03,42.476507183164365,-82.8520565573126,13.3432,0.0,303.0775,302.7723,8.5256,0.0,6.1654,-0.0153,134.7197,0.1289,0.1162,302.4723,300.3044,,,,,,,,,,17.7872,-22.3427,17.7872,-22.3427,280.0835,36.2101,,0.0,,,,,,,,,,,,,,,,,1340.9618,,7147.3099,,
2026-09-02 19:48:04,42.4765071,-82.8520565,,0.0,303.0775,303.8437,38.5303,0.0,5.8371,1.0154,134.7197,0.1289,0.1162,303.2804,301.4847,3.2908,15.3196,10.0,0.0059,48.092,17.6612,67.0806,0.0,0.0,,,,,,36.2101,,0.0,,,,,,,,,,,,,,,,,1341.0337,,7147.638,,
2026-09-02 19:48:05,42.4765071,-82.8520565,13.3104,0.0,303.0775,303.712,-28.9665,0.0,6.9377,0.8883,134.7197,0.1289,0.1162,303.2799,301.456,,,,,,,,,,18.4352,-20.7707,18.4352,-20.7707,282.4439,36.2101,,0.0,,,,,,,,,,,,,,,,,1341.0313,,7147.638,,
2026-09-02 19:48:06,42.4765071,-82.8520565,,0.0,303.0775,,-6.4733,0.0,7.7754,-0.0902,134.7197,0.1289,0.1162,302.9054,301.3185,,,,,,,,,,18.1927,-23.7566,18.1927,-23.7566,279.752,36.2101,,0.0,,,,,,,,,,,,,,,,,1341.0277,,7147.638,,
2026-09-02 19:48:07,42.4765071,-82.8520565,13.4744,0.0,303.0775,303.7234,-36.4642,0.0,7.6487,1.0483,134.7197,0.1289,0.1162,303.7079,301.5993,3.2908,15.3196,10.0,0.0024,48.092,17.6612,67.093,0.0,,18.6135,-22.7556,18.6135,-22.7556,280.7815,36.2101,,0.0,,,,,,,,,,,,,,,,,,,,,
2026-09-02 19:48:08,42.4765071,-82.8520565,,0.0,303.0775,303.924,4.7716,0.0,8.0001,0.5369,134.7197,0.1289,0.1162,303.1352,,,,,,,,,,0.0,18.9326,-22.6622,18.9326,-22.6622,281.1329,36.233,,0.0,,,,,,,,,,,,,,,,,1341.0413,,7147.638,,
2026-09-02 19:48:09,42.4765071,-82.8520565,13.6056,0.0,303.0775,304.0214,-62.7079,0.0,7.7827,0.8555,134.7197,0.1289,0.1162,302.269,301.8112,,,,,,,,,,18.6688,-23.4661,18.6688,-23.4661,280.5346,36.233,,0.0,,,,,,,,,,,,,,,,,,,,,
2026-09-02 19:48:10,42.4765071,-82.8520565,,0.0,303.0775,302.8468,,0.0,,,134.7197,0.1289,0.1162,,300.8028,,,,,,,,,,19.0188,-22.6645,19.0188,-22.6645,280.9229,36.2559,,0.0,,,,,,,,,,,,,,,,,1340.9471,,7146.9819,,
2026-09-02 19:48:11,42.4765071,-82.8520565,13.54,0.0,303.0775,301.5978,-21.455,0.0,7.1142,1.2587,,,,300.4489,299.3189,3.2909,15.3196,10.0,0.0055,48.092,17.6612,67.1119,0.0,,18.9295,-23.1448,18.9295,-23.1448,279.415,36.2731,,,,,,,,,,,,,,,,,,,1340.885,,7146.6538,,
2026-09-02 19:48:12,42.4765071,-82.8520565,13.6713,0.0,303.0775,300.3831,-100.2,0.0,7.5901,0.3962,134.7197,0.1289,0.1162,300.184,298.2933,,,,,,,,,0.0,18.9544,-23.7615,18.9544,-23.7615,277.7904,36.2903,,0.0,,,,,,,,,,,,,,,,,,,,,
2026-09-02 19:48:13,42.4765071,-82.8520565,,0.0,303.0775,299.8617,-13.9504,0.0,7.8356,-0.0078,134.7197,0.1289,0.1162,298.7507,297.4797,,,,,,,,,,19.1224,-23.3781,19.1224,-23.3781,277.1332,36.2903,,0.0,,,,,,,,,,,,,,,,,1340.8016,,7146.3257,,
2026-09-02 19:48:14,42.4765071,-82.8520565,13.8025,0.0,303.0775,299.2544,38.5509,0.0,7.5485,1.1868,134.7197,0.1289,0.1162,299.3066,297.0672,,,,,,,,,,19.688,-22.7483,19.688,-22.7483,277.3707,36.2903,,0.0,,,,,,,,,,,,,,,,,,,,,
2026-09-02 19:48:15,42.4765071,-82.8520565,,0.0,303.0775,298.6069,-40.1907,0.0,7.7632,0.8696,134.7197,0.1289,0.1162,299.2506,296.3739,3.2909,15.3196,10.0,0.0041,48.092,17.6612,67.0408,0.0,,19.5705,-24.7457,19.5705,-24.7457,274.695,36.2903,,0.0,,,,,,,,,,,,,,,,,1340.7765,,7146.3257,,
2026-09-02 19:48:16,42.4765071,-82.8520565,13.7369,0.0,303.0775,298.6757,12.3003,0.0,7.5217,0.4666,134.7197,0.1289,0.1162,298.9185,296.3223,,,,,,,,,0.0,19.2143,-24.3563,19.2143,-24.3563,274.5757,36.3132,,0.0,,,,,,,,,,,,,,,,,1340.776,,7146.3257,,
2026-09-02 19:48:17,42.4765071,-82.8520565,,0.0,303.0775,,-21.4447,0.0,7.2235,0.5103,134.7197,0.1289,0.1162,299.2899,296.0301,,,,,,,,,,19.5959,-23.7071,19.5959,-23.7071,275.0212,36.2903,,0.0,,,,,,,,,,,,,,,,,1340.7211,,7145.9976,,
2026-09-02 19:48:18,42.4765071,-82.8520565,13.8025,0.0,303.0775,298.2288,34.8072,0.0,7.3626,0.6977,134.7197,0.1289,0.1162,298.9045,,,,,,,,,,,,,,,,36.3132,,0.0,,,,,,,,,,,,,,,,,1340.7104,,7145.9976,,
2026-09-02 19:48:19,42.4765071,-82.8520565,,0.0,303.0775,297.9136,,0.0,,,134.7197,0.1289,0.1162,,295.6176,3.2909,15.3196,10.0,0.0049,48.092,17.6612,66.987,0.0,,19.8114,-24.8119,19.8114,-24.8119,273.4659,36.3132,,0.0,,,,,,,,,,,,,,,,,1340.7082,,7145.9976,,
2026-09-02 19:48:20,42.4765071,-82.8520565,13.8353,0.0,303.0775,297.2433,-28.9355,0.0,8.2256,1.1292,134.7197,0.1289,0.1162,298.8293,295.0733,,,,,,,,,0.0,19.3638,-25.3531,19.3638,-25.3531,272.6237,36.3132,,0.0,,,,,,,,,,,,,,,,,1340.6322,,7145.3414,,
2026-09-02 19:48:21,42.4765071,-82.8520565,,0.0,303.0775,296.5729,-6.4389,0.0,7.4291,0.7854,134.7197,0.1289,0.1162,298.0835,294.2081,,,,,,,,,,19.3969,-24.7066,19.3969,-24.7066,272.7413,36.4278,,0.0,,,,,,,,,,,,,,,,,,,,,
2026-09-02 19:48:22,42.4765071,-82.8520565,13.8025,0.0,303.0775,296.9969,19.7945,0.0,7.964,0.6567,134.7197,0.1289,0.1162,298.6897,294.6779,,,,,,,,,,19.5624,-25.612,19.5624,-25.612,271.3968,36.5023,,0.0,,,,,,,,,,,,,,,,,1340.6922,,7145.6695,,
2026-09-02 19:48:23,42.4765071,-82.8520565,,0.0,303.0775,295.9598,-126.4059,0.0,9.4433,0.7682,134.7197,0.1289,0.1162,298.7469,293.9159,3.291,15.3196,10.0,0.0034,48.092,17.6612,67.6588,0.0,,19.6535,-25.965,19.6535,-25.965,271.0035,36.5252,,0.0,,,,,,,,,,,,,,,,,,,,,
2026-09-02 19:48:24,42.4765071,-82.8520565,13.9009,0.0,303.0775,294.0003,8.6012,0.0,6.5837,0.5442,,,,296.9041,291.8418,,,,,,,,,0.0,19.3189,-21.8887,19.3189,-21.8887,274.1588,36.4908,,,,,,,,,,,,,,,,,,,1340.5233,,7145.0134,,
2026-09-02 19:48:25,42.4765071,-82.8520565,,0.0,303.0775,292.7341,,0.0,5.9339,0.7317,134.7197,0.1289,0.1162,295.5967,290.5354,,,,,,,,,,20.6578,-22.0831,20.6578,-22.0831,272.5992,,,0.0,,,,,,,,,,,,,,,,,1340.4433,,7144.3572,,
2026-09-02 19:48:26,42.4765071,-82.8520565,13.6713,0.0,303.0775,291.72,-21.3965,0.0,4.9539,0.7686,134.7197,0.1289,0.1162,295.4882,289.4697,,,,,,,,,,21.0897,-21.3521,21.0897,-21.3521,272.0325,36.3476,,0.0,,,,,,,,,,,,,,,,,,,,,
2026-09-02 19:48:27,42.4765071,-82.8520565,,0.0,303.0775,,106.0992,0.0,5.7783,0.2353,134.7197,0.1289,0.1162,296.3856,289.6531,3.291,15.3196,10.0,0.0041,48.092,17.6612,67.5728,0.0,,18.4246,-21.4758,18.4246,-21.4758,271.026,35.8033,,0.0,,,,,,,,,,,,,,,,,1340.4275,,7144.3572,,
2026-09-02 19:48:28,42.4765071,-82.8520565,13.54,0.0,303.0775,291.9033,-2.6574,0.0,,,,,,,,,,,,,,,,0.0,18.7541,-22.2225,18.7541,-22.2225,269.8289,35.8606,,,,,,,,,,,,,,,,,,,,,,,
2026-09-02 19:48:29,42.4765071,-82.8520565,,0.0,303.0775,291.4106,,0.0,5.7811,-0.3112,134.7197,0.1289,0.1162,296.2623,289.1145,,,,,,,,,,18.5286,-22.0939,18.5286,-22.0939,269.5139,35.8606,,0.0,,,,,,,,,,,,,,,,,1340.3554,,7144.0291,,
2026-09-02 19:48:30,42.4765071,-82.8520565,13.54,0.0,303.0775,291.3246,1.0795,0.0,5.5635,-0.0543,134.7197,0.1289,0.1162,296.5609,288.9827,,,,,,,,,,18.1291,-21.2938,18.1291,-21.2938,270.1785,35.8606,,0.0,,,,,,,,,,,,,,,,,1340.3606,,7144.0291,,
2026-09-02 19:48:31,42.4765071,-82.8520565,,,,291.3475,27.3198,0.0,5.6655,0.7855,134.7197,0.1289,0.1162,296.3586,288.977,3.291,15.3196,10.0,0.0007,48.092,17.6612,67.1155,0.0,,18.0913,-21.6669,18.0913,-21.6669,269.7623,35.8377,,0.0,,,,,,,,,,,,,,,,,1340.3641,,7144.0291,,
2026-09-02 19:48:32,42.4765071,-82.8520565,13.6056,0.0,303.0775,291.9033,-28.9252,0.0,5.8431,0.0267,134.7197,0.1289,0.1162,297.3228,289.527,,,,,,,,,0.0,17.7359,-20.0852,17.7359,-20.0852,271.6107,35.8606,,0.0,,,,,,,,,,,,,,,,,1340.4264,,7144.3572,,
2026-09-02 19:48:33,42.4765071,-82.8520565,,0.0,303.0775,292.0007,-6.4355,0.0,4.9437,0.0433,134.7197,0.1289,0.1162,296.7983,289.6645,,,,,,,,,,17.9747,-21.0113,17.9747,-21.0113,270.8468,35.8606,,0.0,,,,,,,,,,,,,,,,,,,,,
2026-09-02 19:48:34,42.4765071,-82.8520565,13.4744,0.0,303.0775,291.8976,12.3209,0.0,6.4769,0.4727,134.7197,0.1289,0.1162,296.9073,289.6817,,,,,,,,,,18.498,-21.707,18.498,-21.707,270.1697,35.8606,,0.0,,,,,,,,,,,,,,,,,1340.4246,,7144.3572,,
2026-09-02 19:48:35,,,,0.0,303.0775,291.4278,-28.9252,,6.413,0.798,134.7197,0.1289,0.1162,296.6219,289.2463,3.2911,15.3196,10.0,0.0035,48.092,17.6612,67.1389,0.0,,18.1139,-22.5089,18.1139,-22.5089,269.2128,36.0726,,0.0,,,,,,,,,,,,,,,,,,,,,
2026-09-02 19:48:36,42.476507183164365,-82.8520565573126,13.6056,0.0,303.0775,289.8808,-58.9195,0.0,6.4378,0.8727,134.7197,0.1289,0.1162,295.245,287.8024,,,,,,,,,0.0,,,,,,36.0955,,0.0,,,,,,,,,,,,,,,,,1340.3266,,7143.701,,
2026-09-02 19:48:37,42.476507183164365,-82.8520565573126,,0.0,303.0775,,,0.0,,,134.7197,0.1289,0.1162,,285.9231,,,,,,,,,,18.0085,-23.2289,18.0085,-23.2289,267.7245,36.0955,,0.0,,,,,,,,,,,,,,,,,1340.2426,,7143.3729,,
2026-09-02 19:48:38,42.476507183164365,-82.8520565573126,13.54,0.0,303.0775,287.9671,-85.1564,0.0,4.6798,0.5429,134.7197,0.1289,0.1162,293.5441,,,,,,,,,,,17.6054,-20.8491,17.6054,-20.8491,268.7366,35.8147,,0.0,,,,,,,,,,,,,,,,,1340.1392,,7142.7168,,
2026-09-02 19:48:39,42.4765071,-82.8520565,,0.0,303.0775,285.83,-47.6506,0.0,2.8589,-0.1943,134.7197,0.1289,0.1162,291.3646,283.7803,3.2911,15.3196,10.0,0.0038,48.092,17.6612,67.9948,0.0,,17.8251,-19.9817,17.8251,-19.9817,268.2406,35.5225,,0.0,,,,,,,,,,,,,,,,,1340.0419,,7142.3887,,
2026-09-02 19:48:40,42.4765071,-82.8520565,13.3104,0.0,303.0775,283.2459,-10.162,0.0,2.0382,-1.167,,,,289.5327,281.1217,,,,,,,,,0.0,17.7247,-19.4918,17.7247,-19.4918,266.6074,35.173,,,,,,,,,,,,,,,,,,,1339.9502,,7141.7325,,
2026-09-02 19:48:41,42.4765071,-82.8520565,,0.0,303.0775,282.6214,57.321,0.0,2.4095,-1.2797,134.7197,0.1289,0.1162,289.1723,280.3654,,,,,,,,,,15.5023,-20.8189,15.5023,-20.8189,263.418,35.1501,,0.0,,,,,,,,,,,,,,,,,1339.9554,,7141.7325,,
2026-09-02 19:48:42,42.4765071,-82.8520565,13.3104,0.0,303.0775,283.7215,64.829,0.0,3.3343,-0.335,134.7197,0.1289,0.1162,291.6973,281.2306,,,,,,,,,,15.1824,-21.6953,15.1824,-21.6953,261.8342,35.173,,0.0,,,,,,,,,,,,,,,,,,,,,
2026-09-02 19:48:43,42.4765071,-82.8520565,,0.0,303.0775,284.3632,-17.6631,0.0,,,134.7197,0.1289,0.1162,,282.0557,3.2912,15.3196,10.0,0.0006,48.092,17.6612,67.3806,0.0,,15.7469,-20.6906,15.7469,-20.6906,263.2177,35.173,,0.0,,,,,,,,,,,,,,,,,1340.0383,,7142.3887,,
2026-09-02 19:48:44,42.4765071,-82.8520565,13.2448,0.0,303.0775,284.5924,,0.0,2.9101,-0.2644,134.7197,0.1289,0.1162,292.455,282.1703,,,,,,,,,0.0,15.5425,-20.7238,15.5425,-20.7238,263.4614,35.173,,0.0,,,,,,,,,,,,,,,,,,,,,
2026-09-02 19:48:45,42.4765071,-82.8520565,,0.0,303.0775,285.3257,4.8403,0.0,3.4966,-0.7005,134.7197,0.1289,0.1162,292.6089,282.8406,,,,,,,,,,16.3845,-26.9225,16.3845,-26.9225,257.5526,35.173,,0.0,,,,,,,,,,,,,,,,,1340.0621,,7142.3887,,
2026-09-02 19:48:46,42.4765071,-82.8520565,13.3432,0.0,303.0775,285.5893,-55.1621,0.0,5.3436,-0.1483,134.7197,0.1289,0.1162,294.2699,283.3448,,,,,,,,,,16.3212,-22.692,16.3212,-22.692,262.3643,35.2762,,0.0,,,,,,,,,,,,,,,,,1340.0686,,7142.3887,,
2026-09-02 19:48:47,42.4765071,-82.8520565,,0.0,303.0775,,4.8403,0.0,6.092,0.6947,134.7197,0.1289,0.1162,293.9253,283.8548,3.2912,15.3196,10.0,0.0024,48.092,17.6612,66.9908,0.0,,15.9523,-22.6532,15.9523,-22.6532,262.764,35.5225,,0.0,,,,,,,,,,,,,,,,,,,,,
2026-09-02 19:48:48,42.4765071,-82.8520565,13.4744,0.0,303.0775,286.2769,-6.4114,0.0,5.5492,0.8087,134.7197,0.1289,0.1162,293.3037,283.8548,,,,,,,,,0.0,15.666,-21.433,15.666,-21.433,264.4793,35.5684,,0.0,,,,,,,,,,,,,,,,,1340.1359,,7142.7168,,
2026-09-02 19:48:49,42.4765071,-82.8520565,,0.0,303.0775,286.1393,-43.8863,0.0,5.5334,0.3985,,,,293.4324,,,,,,,,,,,15.9984,-21.6709,15.9984,-21.6709,264.3596,35.5455,,,,,,,,,,,,,,,,,,,,,,,
2026-09-02 19:48:50,42.4765071,-82.8520565,13.4088,0.0,303.0775,285.6638,,0.0,,,134.7197,0.1289,0.1162,,283.448,,,,,,,,,,16.425,-20.4986,16.425,-20.4986,265.2936,,,0.0,,,,,,,,,,,,,,,,,1340.0667,,7142.3887,,
2026-09-02 19:48:51,42.4765071,-82.8520565,,0.0,303.0775,285.4518,38.6128,0.0,4.4228,0.6124,134.7197,0.1289,0.1162,292.0596,283.1729,3.2912,15.3196,10.0,0.0032,48.092,17.6612,68.0216,0.0,,16.9143,-20.0297,16.9143,-20.0297,265.563,35.5225,,0.0,,,,,,,,,,,,,,,,,1340.055,,7142.3887,,
2026-09-02 19:48:52,42.4765071,-82.8520565,13.3432,0.0,303.0775,284.409,-77.6312,0.0,3.1192,-0.4709,134.7197,0.1289,0.1162,291.557,282.2619,,,,,,,,,0.0,16.4777,-19.1668,16.4777,-19.1668,265.7714,35.5053,,0.0,,,,,,,,,,,,,,,,,,,,,
2026-09-02 19:48:53,42.4765071,-82.8520565,,0.0,303.0775,283.5324,-36.3851,0.0,1.9261,-0.3827,134.7197,0.1289,0.1162,290.4525,281.3968,,,,,,,,,,15.8188,-18.9087,15.8188,-18.9087,265.1707,35.1329,,0.0,,,,,,,,,,,,,,,,,1339.9517,,7141.7325,,
2026-09-02 19:48:54,42.4765071,-82.8520565,13.2448,0.0,303.0775,282.587,23.607,0.0,1.9605,-1.2982,134.7197,0.1289,0.1162,289.2765,280.1248,,,,,,,,,,,,,,,35.0814,,0.0,,,,,,,,,,,,,,,,,1339.9501,,7141.7325,,
2026-09-02 19:48:55,42.4765071,-82.8520565,,0.0,303.0775,282.6443,-21.3725,0.0,3.6401,-0.2786,134.7197,0.1289,0.1162,290.8278,280.3769,3.2913,15.3196,10.0,0.0019,48.092,17.6612,67.5489,0.0,,15.4478,-21.4294,15.4478,-21.4294,261.7984,35.0985,,0.0,,,,,,,,,,,,,,,,,1339.9438,,7141.7325,,
2026-09-02 19:48:56,42.4765071,-82.8520565,13.1791,0.0,303.0775,283.3319,117.3716,0.0,2.1614,0.851,,,,291.0731,280.8123,,,,,,,,,0.0,15.6704,-17.2007,15.6704,-17.2007,265.7313,35.0985,,,,,,,,,,,,,,,,,,,1339.9609,,7141.7325,,
2026-09-02 19:48:57,42.4765071,-82.8520565,,0.0,303.0775,284.3976,8.6219,0.0,1.742,-1.3785,134.7197,0.1289,0.1162,292.0781,281.9583,,,,,,,,,,13.9029,-18.1961,13.9029,-18.1961,264.9192,35.0814,,0.0,,,,,,,,,,,,,,,,,1340.0336,,7142.3887,,
2026-09-02 19:48:58,42.4765071,-82.8520565,13.1135,0.0,303.0775,,76.1152,0.0,2.8547,0.0141,134.7197,0.1289,0.1162,292.3417,282.9896,,,,,,,,,,14.1378,-17.4152,14.1378,-17.4152,266.4374,35.0584,,0.0,,,,,,,,,,,,,,,,,1340.0567,,7142.3887,,
2026-09-02 19:48:59,42.4765071,-82.8520565,,0.0,303.0775,285.5492,,0.0,,,134.7197,0.1289,0.1162,,,3.2913,15.3196,10.0,0.0067,48.092,17.6612,67.4984,0.0,,15.7763,-19.2314,15.7763,-19.2314,265.5904,35.0584,,0.0,,,,,,,,,,,,,,,,,1340.1485,,7142.7168,,
2026-09-02 19:49:00,42.4765071,-82.8520565,13.3104,0.0,303.0775,287.1019,46.1139,0.0,2.3272,-0.1769,134.7197,0.1289,0.1162,293.9371,284.6282,,,,,,,,,0.0,15.9311,-18.2301,15.9311,-18.2301,267.8757,35.0584,,0.0,,,,,,,,,,,,,,,,,,,,,
2026-09-02 19:49:01,,,,,,287.6119,-17.6356,0.0,3.9738,0.2247,134.7197,0.1289,0.1162,294.102,285.3674,,,,,,,,,,16.0852,-19.0075,16.0852,-19.0075,268.0494,35.0814,,0.0,,,,,,,,,,,,,,,,,1340.2317,,7143.3729,,
2026-09-02 19:49:02,42.4765071,-82.8520565,13.3104,0.0,303.0775,288.4827,-21.3725,0.0,4.2327,-0.0293,134.7197,0.1289,0.1162,295.3545,286.1179,,,,,,,,,,16.1412,-18.8493,16.1412,-18.8493,268.8193,35.0814,,0.0,,,,,,,,,,,,,,,,,,,,,
2026-09-02 19:49:03,42.476507183164365,-82.8520565573126,,0.0,303.0775,288.265,-21.3793,0.0,4.4817,0.1763,134.7197,0.1289,0.1162,294.4288,285.9059,3.2913,15.3196,10.0,0.0019,48.092,17.6612,67.739,0.0,,15.7857,-21.7732,15.7857,-21.7732,266.2735,35.0814,,0.0,,,,,,,,,,,,,,,,,1340.2387,,7143.3729,,
2026-09-02 19:49:04,42.476507183164365,-82.8520565573126,13.3432,0.0,303.0775,288.0129,-103.8681,0.0,5.4803,-0.068,134.7197,0.1289,0.1162,294.4716,285.8257,,,,,,,,,0.0,15.2369,-19.1934,15.2369,-19.1934,268.9668,35.3678,,0.0,,,,,,,,,,,,,,,,,,,,,
2026-09-02 19:49:05,42.476507183164365,-82.8520565573126,,0.0,303.0775,286.3972,-43.876,,4.6928,0.4262,134.7197,0.1289,0.1162,292.3947,284.2558,,,,,,,,,,15.1826,-19.8309,15.1826,-19.8309,267.588,35.3506,,0.0,,,,,,,,,,,,,,,,,1340.1402,,7142.7168,,
2026-09-02 19:49:06,42.4765071,-82.8520565,13.4088,0.0,303.0775,284.8387,23.6208,0.0,3.7045,-0.0485,134.7197,0.1289,0.1162,290.192,282.5312,,,,,,,,,,15.389,-17.0546,15.389,-17.0546,269.0383,35.2876,,0.0,,,,,,,,,,,,,,,,,,,,,
2026-09-02 19:49:07,42.4765071,-82.8520565,,0.0,303.0775,284.6497,,0.0,,,,,,,282.388,3.2914,15.3196,10.0,0.0031,48.092,17.6612,68.0403,0.0,,15.1408,-16.758,15.1408,-16.758,268.5768,35.2876,,,,,,,,,,,,,,,,,,,1340.0456,,7142.3887,,
2026-09-02 19:49:08,42.4765071,-82.8520565,13.2448,0.0,303.0775,,38.6231,0.0,2.3457,0.0961,134.7197,0.1289,0.1162,290.688,283.1214,,,,,,,,,0.0,15.2235,-18.8881,15.2235,-18.8881,266.2025,35.2303,,0.0,,,,,,,,,,,,,,,,,,,,,
2026-09-02 19:49:09,42.4765071,-82.8520565,,0.0,303.0775,285.6867,87.3703,0.0,3.4344,0.1882,134.7197,0.1289,0.1162,292.2554,,,,,,,,,,,,,,,,35.2303,,0.0,,,,,,,,,,,,,,,,,1340.1489,,7142.7168,,
2026-09-02 19:49:10,42.4765071,-82.8520565,13.4088,0.0,303.0775,287.291,64.8703,0.0,4.3029,0.3179,134.7197,0.1289,0.1162,293.8841,284.7256,,,,,,,,,,14.856,-19.8116,14.856,-19.8116,265.9894,35.2532,,0.0,,,,,,,,,,,,,,,,,1340.2327,,7143.3729,,
2026-09-02 19:49:11,42.4765071,-82.8520565,,0.0,303.0775,289.05,207.3614,0.0,4.1008,0.0278,134.7197,0.1289,0.1162,295.2673,286.4388,3.2914,15.3196,10.0,0.0027,48.092,17.6612,67.2078,0.0,,15.2367,-19.5526,15.2367,-19.5526,267.5459,35.2532,,0.0,,,,,,,,,,,,,,,,,1340.3531,,7144.0291,,
2026-09-02 19:49:12,42.4765071,-82.8520565,13.3432,0.0,303.0775,293.5706,244.8535,0.0,3.4164,0.2428,134.7197,0.1289,0.1162,299.848,290.6099,,,,,,,,,0.0,15.4361,-18.3189,15.4361,-18.3189,271.0153,35.2532,,0.0,,,,,,,,,,,,,,,,,,,,,
2026-09-02 19:49:13,42.4765071,-82.8520565,,0.0,303.0775,299.2142,214.8351,0.0,3.2083,0.421,134.7197,0.1289,0.1162,303.0231,296.2135,,,,,,,,,,14.8134,-17.4132,14.8134,-17.4132,275.868,35.2762,,0.0,,,,,,,,,,,,,,,,,1340.8677,,7146.6538,,
2026-09-02 19:49:14,42.4765071,-82.8520565,13.4088,0.0,303.0775,304.1818,,0.0,6.463,0.9243,,,,,301.3242,,,,,,,,,,15.0547,-23.0141,15.0547,-23.0141,273.894,,,,,,,,,,,,,,,,,,,,1341.1072,,7147.9661,,
2026-09-02 19:49:15,42.4765071,-82.8520565,,0.0,303.0775,307.1955,53.6117,0.0,5.2941,1.0083,134.7197,0.1289,0.1162,306.0901,304.4526,3.2915,15.3196,10.0,0.0025,48.092,17.6612,66.5748,0.0,,15.4607,-21.7569,15.4607,-21.7569,279.7727,35.9637,,0.0,,,,,,,,,,,,,,,,,1341.197,,7148.6223,,
2026-09-02 19:49:16,42.4765071,-82.8520565,13.4744,0.0,303.0775,309.3155,49.8748,0.0,,,134.7197,0.1289,0.1162,307.6813,306.7559,,,,,,,,,0.0,14.978,-22.9295,14.978,-22.9295,282.1501,36.1184,,0.0,,,,,,,,,,,,,,,,,,,,,
2026-09-02 19:49:17,42.4765071,-82.8520565,,0.0,303.0775,312.2605,102.3761,0.0,6.0052,1.2603,134.7197,0.1289,0.1162,307.6087,309.5347,,,,,,,,,,15.2652,-25.0534,15.2652,-25.0534,282.8078,36.1184,,0.0,,,,,,,,,,,,,,,,,1341.4861,,7149.9346,,
2026-09-02 19:49:18,42.4765071,-82.8520565,13.4744,0.0,303.0775,,76.1358,0.0,4.8337,0.9611,134.7197,0.1289,0.1162,309.6545,311.838,,,,,,,,,,15.0917,-26.0491,15.0917,-26.0491,284.6727,36.3247,,0.0,,,,,,,,,,,,,,,,,1341.5627,,7150.2627,,
2026-09-02 19:49:19,42.4765071,-82.8520565,,0.0,303.0775,314.2945,-10.1035,0.0,6.4425,0.6669,134.7197,0.1289,0.1162,309.6278,,3.2915,15.3196,10.0,0.0038,48.092,17.6612,66.942,0.0,,15.4626,-26.0095,15.4626,-26.0095,286.9507,36.233,,0.0,,,,,,,,,,,,,,,,,,,,,
2026-09-02 19:49:20,42.4765071,-82.8520565,13.4744,0.0,303.0775,315.7383,83.6473,0.0,5.2035,0.7085,134.7197,0.1289,0.1162,309.8348,313.2016,,,,,,,,,0.0,15.2839,-28.0706,15.2839,-28.0706,286.2841,36.3247,,0.0,,,,,,,,,,,,,,,,,1341.6975,,7151.2469,,
2026-09-02 19:49:21,42.4765071,-82.8520565,,0.0,303.0775,316.1451,-156.3178,0.0,7.2523,0.7862,134.7197,0.1289,0.1162,311.2387,313.8376,,,,,,,,,,15.4091,-29.1805,15.4091,-29.1805,286.324,36.4679,,0.0,,,,,,,,,,,,,,,,,,,,,
2026-09-02 19:49:22,42.4765071,-82.8520565,13.54,0.0,303.0775,314.2487,-321.2781,0.0,9.1662,1.0568,134.7197,0.1289,0.1162,308.2225,312.4855,,,,,,,,,,16.6015,-32.4184,16.6015,-32.4184,281.9302,36.4679,,0.0,,,,,,,,,,,,,,,,,1341.4894,,7149.9346,,
2026-09-02 19:49:23,42.4765071,-82.8520565,,0.0,303.0775,312.0256,,0.0,8.8898,-0.3715,134.7197,0.1289,0.1162,308.4689,309.7582,3.2915,15.3196,10.0,0.0021,48.092,17.6612,68.255,0.0,,19.7719,-28.0804,19.7719,-28.0804,285.0455,36.6283,,0.0,,,,,,,,,,,,,,,,,1341.423,,7149.6065,,
2026-09-02 19:49:24,42.4765071,-82.8520565,13.6056,0.0,303.0775,309.2983,-137.5236,0.0,,,134.7197,0.1289,0.1162,,307.3804,,,,,,,,,0.0,19.6391,-27.2187,19.6391,-27.2187,283.8394,36.6455,,0.0,,,,,,,,,,,,,,,,,,,,,
2026-09-02 19:49:25,42.4765071,-82.8520565,,0.0,303.0775,304.2219,-321.2643,0.0,9.2337,0.5306,134.7197,0.1289,0.1162,305.3683,302.8941,,,,,,,,,,19.2632,-26.6985,19.2632,-26.6985,280.5182,36.6684,,0.0,,,,,,,,,,,,,,,,,1340.951,,7147.3099,,
2026-09-02 19:49:26,42.4765071,-82.8520565,13.6056,0.0,303.0775,296.063,-388.737,0.0,8.8442,1.7313,134.7197,0.1289,0.1162,298.1534,294.8785,,,,,,,,,,,,,,,36.445,,0.0,,,,,,,,,,,,,,,,,1340.6197,,7145.3414,,
2026-09-02 19:49:27,42.4765071,-82.8520565,,0.0,303.0775,286.7123,-497.4729,0.0,5.4032,0.2189,134.7197,0.1289,0.1162,289.6519,285.3616,3.2916,15.3196,10.0,0.0053,48.092,17.6612,69.5015,0.0,,19.6583,-21.04,19.6583,-21.04,279.8611,35.2189,,0.0,,,,,,,,,,,,,,,,,1340.1478,,7142.7168,,
2026-09-02 19:49:28,42.4765071,-82.8520565,13.2448,0.0,303.0775,281.825,-216.2102,0.0,2.5856,-0.1863,134.7197,0.1289,0.1162,281.4421,279.7295,,,,,,,,,0.0,19.2237,-19.4198,19.2237,-19.4198,273.4849,34.8579,,0.0,,,,,,,,,,,,,,,,,1339.9232,,7141.7325,,
2026-09-02 19:49:29,42.4765071,-82.8520565,,0.0,303.0775,,-84.988,0.0,1.8673,-0.8477,134.7197,0.1289,0.1162,278.527,277.2314,,,,,,,,,,17.9935,-16.2799,17.9935,-16.2799,271.5145,33.8953,,0.0,,,,,,,,,,,,,,,,,1339.8217,,7141.0763,,
2026-09-02 19:49:30,42.4765071,-82.8520565,13.0479,0.0,303.0775,279.2352,46.2549,0.0,0.7255,-1.0558,134.7197,0.1289,0.1162,277.8828,,,,,,,,,,,17.0456,-16.8367,17.0456,-16.8367,266.4223,33.8953,,0.0,,,,,,,,,,,,,,,,,1339.7284,,7140.7483,,
2026-09-02 19:49:31,42.4765071,-82.8520565,,0.0,303.0775,278.0721,57.4998,0.0,1.094,-1.6879,134.7197,0.1289,0.1162,279.2553,275.8792,3.2916,15.3196,10.0,0.0037,48.092,17.6612,68.059,0.0,,16.9856,-16.4087,16.9856,-16.4087,263.9481,33.8896,,0.0,,,,,,,,,,,,,,,,,1339.7137,,7140.4202,,
2026-09-02 19:49:32,42.4765071,-82.8520565,13.1135,0.0,303.0775,277.1439,,0.0,,,134.7197,0.1289,0.1162,280.0375,275.1171,,,,,,,,,0.0,16.4566,-18.2339,16.4566,-18.2339,260.4513,33.8896,,0.0,,,,,,,,,,,,,,,,,1339.666,,7140.4202,,
2026-09-02 19:49:33,42.4765071,-82.8520565,,0.0,303.0775,275.9865,83.7504,0.0,1.5449,-0.6222,134.7197,0.1289,0.1162,,273.6389,,,,,,,,,,16.6472,-14.8994,16.6472,-14.8994,262.2055,33.8953,,0.0,,,,,,,,,,,,,,,,,,,,,
2026-09-02 19:49:34,42.4765071,-82.8520565,13.1791,0.0,303.0775,273.6546,-62.4948,0.0,0.8846,0.2591,134.7197,0.1289,0.1162,281.2523,271.6622,,,,,,,,,,16.7118,-14.0681,16.7118,-14.0681,261.5132,33.8953,,0.0,,,,,,,,,,,,,,,,,1339.5364,,7139.764,,
2026-09-02 19:49:35,42.4765071,-82.8520565,,0.0,303.0775,270.7898,-73.7362,0.0,1.4302,0.1226,134.7197,0.1289,0.1162,279.9786,268.7688,3.2917,15.3196,10.0,0.0013,48.092,17.6612,68.7166,0.0,,17.0625,-14.8397,17.0625,-14.8397,259.0612,33.8953,,0.0,,,,,,,,,,,,,,,,,1339.4111,,7139.1078,,
2026-09-02 19:49:36,42.4765071,-82.8520565,13.1135,0.0,303.0775,268.5381,-73.7397,0.0,1.5487,0.2401,,,,279.433,266.603,,,,,,,,,0.0,16.995,-14.2406,16.995,-14.2406,257.3318,33.9183,,,,,,,,,,,,,,,,,,,,,,,
2026-09-02 19:49:37,42.4765071,-82.8520565,,0.0,303.0775,265.8681,-77.4902,0.0,1.2531,0.2963,134.7197,0.1289,0.1162,278.2889,264.0705,,,,,,,,,,16.3606,-12.0268,16.3606,-12.0268,257.1863,33.013,,0.0,,,,,,,,,,,,,,,,,1339.2347,,7138.1236,,
2026-09-02 19:49:38,42.4765071,-82.8520565,13.1791,0.0,303.0775,265.2665,23.7548,0.0,0.3677,-0.2636,134.7197,0.1289,0.1162,277.9929,263.1309,,,,,,,,,,15.782,-10.049,15.782,-10.049,256.9763,,,0.0,,,,,,,,,,,,,,,,,1339.2178,,7137.7955,,
2026-09-02 19:49:39,42.4765071,-82.8520565,13.1791,0.0,303.0775,,-6.2705,0.0,0.6016,0.7158,134.7197,0.1289,0.1162,276.5984,261.7271,3.2917,15.3196,10.0,0.0038,48.092,17.6612,68.4564,0.0,,15.6152,-11.0435,15.6152,-11.0435,254.5506,32.9557,,0.0,,,,,,,,,,,,,,,,,1339.1879,,7137.7955,,
2026-09-02 19:49:40,,,,,,263.943,-28.7499,0.0,,,134.7197,0.1289,0.1162,276.9897,260.7588,,,,,,,,,0.0,,,,,,32.9729,,0.0,,,,,,,,,,,,,,,,,,,,,
2026-09-02 19:49:41,42.476507183164365,-82.8520565573126,13.2448,0.0,303.0775,263.0148,-58.7477,0.0,1.1162,0.8649,134.7197,0.1289,0.1162,277.1974,,,,,,,,,,,15.4705,-10.945,15.4705,-10.945,253.3996,32.9729,,0.0,,,,,,,,,,,,,,,,,1339.0791,,7137.1393,,
2026-09-02 19:49:42,42.476507183164365,-82.8520565573126,,0.0,303.0775,261.6855,,0.0,1.0469,0.3405,134.7197,0.1289,0.1162,,259.6186,,,,,,,,,,14.7637,-10.7664,14.7637,-10.7664,252.5561,32.9729,,0.0,,,,,,,,,,,,,,,,,1339.0501,,7137.1393,,
2026-09-02 19:49:43,42.476507183164365,-82.8520565573126,13.1135,0.0,303.0775,260.8834,-2.4924,0.0,1.5046,0.7471,134.7197,0.1289,0.1162,276.888,258.6274,3.2917,15.3196,10.0,0.0009,48.092,17.6612,68.8496,0.0,,14.4652,-10.993,14.4652,-10.993,251.1069,32.9901,,0.0,,,,,,,,,,,,,,,,,,,,,
2026-09-02 19:49:44,42.476507183164365,-82.8520565573126,,0.0,303.0775,260.1099,1.2582,,0.5809,1.1792,134.7197,0.1289,0.1162,276.4374,257.8138,,,,,,,,,0.0,13.7663,-10.4772,13.7663,-10.4772,250.6588,33.013,,0.0,,,,,,,,,,,,,,,,,1339.016,,7136.8113,,
2026-09-02 19:49:45,42.4765071,-82.8520565,13.1791,0.0,303.0775,259.8979,46.2343,0.0,0.4437,0.7529,134.7197,0.1289,0.1162,275.8371,257.4872,,,,,,,,,,13.0746,-10.2908,13.0746,-10.2908,250.1082,32.9901,,0.0,,,,,,,,,,,,,,,,,,,,,
2026-09-02 19:49:46,42.4765071,-82.8520565,,0.0,303.0775,260.4193,1.2376,0.0,0.7519,0.6261,134.7197,0.1289,0.1162,276.8129,258.0888,,,,,,,,,,13.5361,-10.9203,13.5361,-10.9203,249.3255,33.013,,0.0,,,,,,,,,,,,,,,,,1339.0292,,7136.8113,,
2026-09-02 19:49:47,42.4765071,-82.8520565,13.1791,0.0,303.0775,260.1099,-17.5084,0.0,0.8582,0.6939,134.7197,0.1289,0.1162,277.4073,257.8826,3.2918,15.3196,10.0,0.0016,48.092,17.6612,68.829,0.0,,13.2922,-10.8786,13.2922,-10.8786,249.4667,33.013,,0.0,,,,,,,,,,,,,,,,,,,,,
2026-09-02 19:49:48,42.4765071,-82.8520565,,0.0,303.0775,259.9323,4.9779,0.0,0.4893,1.3454,134.7197,0.1289,0.1162,276.7221,257.7164,,,,,,,,,0.0,12.9708,-10.3773,12.9708,-10.3773,249.8454,33.013,,0.0,,,,,,,,,,,,,,,,,1339.0145,,7136.8113,,
2026-09-02 19:49:49,42.4765071,-82.8520565,13.2448,0.0,303.0775,260.5167,46.2239,0.0,,,134.7197,0.1289,0.1162,276.8018,258.1232,,,,,,,,,,13.8057,-10.5218,13.8057,-10.5218,249.5552,33.013,,0.0,,,,,,,,,,,,,,,,,,,,,
2026-09-02 19:49:50,42.4765071,-82.8520565,,0.0,303.0775,,,0.0,0.8037,1.3481,134.7197,0.1289,0.1162,277.5993,257.1091,,,,,,,,,,13.9717,-11.8191,13.9717,-11.8191,248.3402,33.013,,0.0,,,,,,,,,,,,,,,,,1339.0039,,7136.8113,,
2026-09-02 19:49:51,42.4765071,-82.8520565,13.2448,0.0,303.0775,259.3077,-73.75,0.0,0.6325,0.1895,,,,276.454,,3.2918,15.3196,10.0,0.003,48.092,17.6612,69.8543,0.0,,13.5106,-10.5823,13.5106,-10.5823,248.9651,33.013,,,,,,,,,,,,,,,,,,,,,,,
2026-09-02 19:49:52,42.4765071,-82.8520565,,0.0,303.0775,257.1821,-114.9858,0.0,1.1569,1.0708,134.7197,0.1289,0.1162,,255.2642,,,,,,,,,0.0,13.6505,-10.3276,13.6505,-10.3276,247.6448,33.013,,0.0,,,,,,,,,,,,,,,,,1338.91,,7136.1551,,
2026-09-02 19:49:53,42.4765071,-82.8520565,13.3104,0.0,303.0775,255.3142,-47.5028,0.0,0.3003,1.3355,134.7197,0.1289,0.1162,273.8726,253.2531,,,,,,,,,,13.1104,-10.5118,13.1104,-10.5118,245.7029,32.526,,0.0,,,,,,,,,,,,,,,,,1338.8585,,7136.1551,,
2026-09-02 19:49:54,42.4765071,-82.8520565,,0.0,303.0775,253.9449,-21.2659,0.0,0.0398,-0.2391,,,,271.7284,251.7004,,,,,,,,,,13.2636,-10.0556,13.2636,-10.0556,244.8227,32.102,,,,,,,,,,,,,,,,,,,1338.8432,,7135.827,,
2026-09-02 19:49:55,42.4765071,-82.8520565,13.2448,0.0,303.0775,254.3918,-2.5267,0.0,0.3233,1.5246,134.7197,0.1289,0.1162,272.4919,252.0212,3.2918,15.3196,10.0,0.0042,48.092,17.6612,69.5997,0.0,,12.3636,-11.9659,12.3636,-11.9659,242.6409,32.102,,0.0,,,,,,,,,,,,,,,,,,,,,
2026-09-02 19:49:56,42.4765071,-82.8520565,,0.0,303.0775,254.197,83.7229,0.0,0.5179,1.3006,134.7197,0.1289,0.1162,272.8819,251.7748,,,,,,,,,0.0,,,,,,32.3369,,0.0,,,,,,,,,,,,,,,,,1338.8576,,7136.1551,,
2026-09-02 19:49:57,42.4765071,-82.8520565,13.2448,0.0,303.0775,254.6954,,0.0,,,134.7197,0.1289,0.1162,273.4761,252.279,,,,,,,,,,12.348,-13.1639,12.348,-13.1639,241.2132,32.3369,,0.0,,,,,,,,,,,,,,,,,,,,,
2026-09-02 19:49:58,42.4765071,-82.8520565,,0.0,303.0775,255.1538,38.7228,0.0,1.2917,0.9731,,,,274.4542,252.852,,,,,,,,,,11.8104,-14.3857,11.8104,-14.3857,240.2286,32.3598,,,,,,,,,,,,,,,,,,,1338.8776,,7136.1551,,
2026-09-02 19:49:59,42.4765071,-82.8520565,13.2448,0.0,303.0775,255.2913,-36.2682,0.0,2.026,1.1006,134.7197,0.1289,0.1162,,252.915,3.2919,15.3196,10.0,0.002,48.092,17.6612,69.4315,0.0,,11.2289,-14.1779,11.2289,-14.1779,240.7846,33.1791,,0.0,,,,,,,,,,,,,,,,,1338.8816,,7136.1551,,
