timestamp,LAT,LON,DBS,Main,Headsail,Dagger,Tack/Gybe,PointOfSail,SOG,COGt,HDGt,Diff  (COG - HDG),ROLL,PITCH,BRG,DTG,XTE,HDGmE,HDGmF,Diff (HDGmE-HDGmF),MFIT,MFITT,MSOLV,MNOIS,MAGB,MAGBT,MINCL,MCALF,MCALH,AWS,AWA,TWS,TWA,TWD,MROT,VMC
7:00:00 PM,42.4757851,-82.8523224,15.1,R2,R-Spin,Full,Star,Run,9.9,117.2,120.2,-3.0,-3.9,1.8,,,,72.9,,,,,,,,,,,0.00,12.5,94.3,16.4,130.3,250.6,-34.0,
7:00:01 PM,42.4757655,-82.8522687,,R2,R-Spin,Full,Star,Run,10.1,115.9,119.1,-3.2,-4.6,2.3,,,,73.4,117.0,-43.6,,,,,,,,,,11.6,95.5,16.1,134.2,252.7,-33.7,
7:00:02 PM,42.4757481,-82.852212,15.2,R2,R-Spin,Full,Star,Run,9.7,113.6,117.9,-4.3,-2.3,-0.7,,,,74.4,116.5,-42.1,,,,,,,,,,10.7,89.4,14.5,132.5,249.4,-32.5,
7:00:03 PM,42.475733,-82.8521565,,R2,R-Spin,Full,Star,Run,10.0,110.8,118.0,-7.3,-3.3,0.9,,,,71.6,115.2,-43.6,3.26,13.48,10.00,0.00,48.09,19.06,70.16,0.00,,11.7,94.8,15.9,133.0,248.5,-32.2,
7:00:04 PM,42.4757165,-82.8520939,15.1,R2,R-Spin,Full,Star,Run,9.7,112.0,118.6,-6.6,-3.1,0.9,,,,72.3,115.6,-43.3,,,,,,,,,0.00,11.1,94.1,15.4,133.9,249.2,-32.3,
7:00:05 PM,42.4757017,-82.852039,,R2,R-Spin,Full,Star,Run,9.4,111.5,,,-3.5,0.8,,,,72.3,116.2,-43.9,,,,,,,,,,10.4,94.5,14.7,134.8,249.9,-33.7,
7:00:06 PM,42.4756898,-82.8519852,15.2,R2,R-Spin,Full,Star,Run,9.3,108.5,116.4,-7.9,-2.6,0.6,,,,70.1,113.3,-43.2,,,,,,,,,,10.3,97.8,14.8,136.4,249.7,-34.5,
7:00:07 PM,42.4756793,-82.8519324,,R2,R-Spin,Full,Star,Run,9.3,108.8,116.0,-7.2,-2.5,1.1,,,,70.4,114.8,-44.5,3.26,13.48,10.00,0.01,48.09,19.06,70.13,0.00,,10.4,99.4,15.1,137.0,250.3,-34.4,
7:00:08 PM,42.475668,-82.85188,15.3,R2,R-Spin,Full,Star,Run,9.1,110.8,118.6,-7.8,,,,,,,118.0,,,,,,,,,,0.00,10.6,98.7,14.9,135.5,249.9,-34.3,
7:00:09 PM,42.4756537,-82.8518253,,R2,R-Spin,Full,Star,Run,8.9,111.4,120.7,-9.3,-3.9,1.0,,,,73.8,120.2,-46.4,,,,,,,,,,11.0,98.7,15.3,134.7,251.5,-34.3,
7:00:10 PM,42.4756347,-82.8517686,15.4,R2,R-Spin,Full,Star,Run,9.1,115.0,124.3,-9.3,-4.9,1.4,,,,73.3,,,,,,,,,,,,11.1,98.2,15.3,134.3,254.1,,
7:00:11 PM,42.4756153,-82.8517196,,R2,R-Spin,Full,Star,Run,9.0,117.2,125.4,-8.3,-5.7,0.9,,,,78.0,123.2,-45.2,3.26,13.48,10.00,0.00,48.09,19.06,70.15,0.00,,10.4,96.4,14.7,135.2,256.7,-34.5,
7:00:12 PM,42.4755956,-82.8516677,15.4,R2,R-Spin,Full,Star,Run,9.3,117.4,121.6,-4.3,-5.0,1.4,,,,76.6,122.2,-45.6,,,,,,,,,0.00,,,,,,-34.5,
7:00:13 PM,42.4755784,-82.8516157,,R2,R-Spin,Full,Star,Run,9.3,114.1,117.8,-3.6,-1.2,0.6,,,,72.0,117.3,-45.3,,,,,,,,,,9.4,95.9,13.9,137.6,256.9,-34.6,
7:00:14 PM,42.4755625,-82.8515551,15.3,R2,R-Spin,Full,Star,Run,10.4,110.8,116.4,-5.6,-2.3,1.9,,,,67.6,114.5,-47.0,,,,,,,,,,10.0,94.3,14.5,136.7,252.8,-34.1,
7:00:15 PM,42.4755452,-82.8514901,,R2,R-Spin,Full,Star,Run,10.9,112.4,115.1,-2.7,-1.8,2.0,,,,67.5,113.9,-46.4,3.26,13.48,10.00,0.01,48.09,19.06,68.36,0.00,,10.4,97.9,16.0,139.7,254.3,-34.1,
7:00:16 PM,42.4755278,-82.8514224,15.0,R2,R-Spin,Full,Star,Run,11.5,110.6,,,,,,,,,111.1,,,,,,,,,,0.00,9.7,95.5,15.6,141.7,255.0,-33.9,
7:00:17 PM,42.4755138,-82.8513511,,R2,R-Spin,Full,Star,Run,11.5,107.4,112.4,-4.9,-1.5,1.8,,,,66.1,110.0,-43.9,,,,,,,,,,9.7,94.3,15.6,141.9,252.2,-33.7,
7:00:18 PM,42.4754951,-82.8512695,15.1,R2,R-Spin,Full,Star,Run,12.0,109.3,114.5,-5.2,-1.1,0.3,,,,65.6,114.6,-49.0,,,,,,,,,,8.5,89.3,14.5,144.1,254.8,-33.4,
7:00:19 PM,42.4754753,-82.8511987,,R2,R-Spin,Full,Star,Run,11.7,109.9,118.4,-8.5,-4.1,0.7,,,,72.7,117.6,-44.9,3.26,13.48,10.00,0.00,48.09,19.06,69.60,0.00,,9.9,87.3,15.0,139.1,252.2,-33.5,
7:00:20 PM,42.4754534,-82.8511314,15.3,R2,R-Spin,Full,Star,Run,11.6,114.3,119.3,-5.0,-2.8,0.6,,,,74.6,113.8,-39.2,,,,,,,,,0.00,8.6,84.8,13.9,142.2,257.7,-33.7,
7:00:21 PM,42.4754369,-82.8510631,,R2,R-Spin,Full,Star,Run,11.3,108.8,112.1,-3.3,1.2,0.4,,,,68.6,,,,,,,,,,,,7.9,83.7,13.1,143.2,253.6,-33.7,
7:00:22 PM,42.4754254,-82.8509984,15.7,R2,R-Spin,Full,Star,Run,10.6,104.9,111.5,-6.7,0.4,-0.5,,,,69.1,109.2,-40.1,,,,,,,,,,9.1,82.8,13.1,136.7,244.5,-33.6,
7:00:23 PM,42.4754138,-82.8509379,,R2,R-Spin,Full,Star,Run,10.2,104.3,112.5,-8.2,,,,,,,109.7,,3.26,13.48,10.00,0.00,48.09,19.06,67.48,0.00,,9.5,86.6,13.4,135.0,243.3,-33.7,
7:00:24 PM,42.4754023,-82.8508802,15.8,R2,R-Spin,Full,Star,Run,9.5,105.3,112.7,-7.4,-1.3,-0.4,,,,68.9,110.3,-41.4,,,,,,,,,0.00,9.1,88.8,13.1,135.9,244.2,-33.6,
7:00:25 PM,42.4753932,-82.8508228,,R2,R-Spin,Full,Star,Run,9.2,103.0,112.4,-9.4,-1.7,0.5,,,,68.2,110.2,-41.9,,,,,,,,,,8.7,91.1,12.9,137.1,244.3,-33.6,
7:00:26 PM,42.4753798,-82.8507575,15.8,R2,R-Spin,Full,Star,Run,10.1,105.6,,,-2.0,-0.7,,,,66.7,112.0,-45.2,,,,,,,,,,8.6,96.8,13.8,141.7,251.8,-33.5,
7:00:27 PM,42.4753634,-82.8506979,,R2,R-Spin,Full,Star,Run,10.0,110.9,118.4,-7.5,-4.3,1.2,,,,73.0,118.3,-45.2,3.26,13.48,10.00,0.00,48.09,19.06,69.55,0.00,,9.5,95.6,14.5,139.4,253.5,-33.6,
7:00:28 PM,42.4753427,-82.8506356,15.7,R2,R-Spin,Full,Star,Run,10.7,115.6,122.0,-6.4,-5.4,1.2,,,,73.6,121.2,-47.7,,,,,,,,,0.00,,,,,,-33.9,
7:00:29 PM,42.4753201,-82.8505741,,R2,R-Spin,Full,Star,Run,11.6,115.6,123.9,-8.3,-6.2,1.8,,,,74.8,119.3,-44.5,,,,,,,,,,9.1,97.8,15.1,143.6,262.3,-33.9,
7:00:30 PM,42.4752954,-82.8505083,16.1,R2,R-Spin,Full,Star,Run,11.9,115.8,119.9,-4.1,-3.5,1.7,,,,71.8,117.2,-45.4,,,,,,,,,,10.0,95.9,15.9,141.6,260.2,-33.9,
7:00:31 PM,42.4752723,-82.8504372,,R2,R-Spin,Full,Star,Run,12.6,113.1,119.0,-5.9,-3.5,1.8,,,,73.0,,,3.26,13.48,10.00,0.00,48.09,19.06,67.67,0.00,,10.7,94.4,16.8,140.5,258.2,-33.9,
7:00:32 PM,42.4752481,-82.8503628,15.5,R2,R-Spin,Full,Star,Run,12.5,114.0,119.1,-5.1,,,,,,,116.8,,,,,,,,,,0.00,11.6,91.2,17.2,137.7,254.0,-33.9,
7:00:33 PM,42.4752263,-82.8502891,,R2,R-Spin,Full,Star,Run,12.4,111.2,116.4,-5.2,-3.6,0.6,,,,73.6,116.6,-42.9,,,,,,,,,,10.7,87.5,16.2,138.6,254.9,,
7:00:34 PM,42.4752062,-82.8502086,16.2,R2,R-Spin,Full,Star,Run,12.2,109.2,114.6,-5.3,-1.2,0.6,,,,69.3,111.1,-41.9,,,,,,,,,,8.6,89.1,14.9,144.5,256.8,-34.3,
7:00:35 PM,42.4751893,-82.8501383,,R2,R-Spin,Full,Star,Run,11.5,109.0,115.3,-6.3,-2.8,0.6,,,,72.1,113.6,-41.5,3.26,13.48,10.00,0.01,48.09,19.06,67.52,0.00,,8.8,90.8,14.9,143.7,254.7,-33.1,
7:00:36 PM,42.4751719,-82.8500682,16.1,R2,R-Spin,Full,Star,Run,11.5,110.2,114.9,-4.7,-2.4,-0.1,,,,71.2,113.0,-41.8,,,,,,,,,0.00,9.0,78.3,13.2,138.4,250.2,-33.7,
7:00:37 PM,42.4751558,-82.849997,,R2,R-Spin,Full,Star,Run,11.7,108.8,,,,,,,,68.4,111.2,-42.8,,,,,,,,,,9.1,90.4,14.9,142.2,253.1,-33.8,
7:00:38 PM,42.4751391,-82.8499257,16.2,R2,R-Spin,Full,Star,Run,11.8,106.8,112.7,-6.0,-1.4,-0.6,,,,,110.0,,,,,,,,,,,8.2,88.3,14.1,144.7,254.5,-33.8,
7:00:39 PM,42.4751249,-82.8498562,,R2,R-Spin,Full,Star,Run,11.5,105.5,111.4,-5.9,-1.5,0.8,,,,68.0,108.5,-40.6,3.26,13.48,10.00,0.00,48.09,19.06,66.71,0.00,,8.6,85.9,13.9,142.1,250.0,-33.7,
7:00:40 PM,42.4751122,-82.8497868,16.2,R2,R-Spin,Full,Star,Run,11.4,103.6,110.5,-6.9,-1.6,0.7,,,,66.6,108.2,-41.6,,,,,,,,,0.00,9.1,88.9,14.5,141.1,247.6,-33.7,
7:00:41 PM,42.475097,-82.8497092,,R2,R-Spin,Full,Star,Run,11.7,105.6,111.7,-6.1,-2.1,-0.6,,,,65.6,110.0,-44.4,,,,,,,,,,8.9,84.7,13.9,140.4,247.9,-33.7,
7:00:42 PM,42.4750827,-82.8496407,16.0,R2,R-Spin,Full,Star,Run,11.4,105.3,112.8,-7.4,-4.2,1.0,,,,67.4,,,,,,,,,,,,9.4,90.9,15.0,141.0,248.8,-33.7,
7:00:43 PM,,,,R2,R-Spin,Full,Star,Run,11.6,105.1,112.7,-7.6,-2.9,0.7,,,,67.2,110.5,-43.3,3.26,13.48,10.00,0.01,48.09,19.06,67.21,0.00,,8.5,89.6,14.4,143.9,252.3,-34.1,
7:00:44 PM,42.4750683,-82.8495714,15.9,R2,R-Spin,Full,Star,Run,11.4,105.9,111.2,-5.3,-2.0,-0.5,,,,66.3,109.9,-43.6,,,,,,,,,0.00,8.0,84.3,13.3,143.2,250.7,-33.9,
7:00:45 PM,42.475055,-82.849502,,R2,R-Spin,Full,Star,Run,11.4,102.8,111.3,-8.4,-2.0,1.3,,,,67.9,109.4,-41.5,,,,,,,,,,8.4,91.3,14.3,144.0,250.3,-33.5,
7:00:46 PM,42.4750416,-82.8494306,14.2,R2,R-Spin,Full,Star,Run,11.0,104.2,111.8,-7.7,,,,,,66.9,109.0,-42.1,,,,,,,,,,7.2,82.5,12.6,145.6,252.3,-33.6,
7:00:47 PM,42.4750279,-82.8493624,,R2,R-Spin,Full,Star,Run,11.3,104.4,,,-0.7,0.0,,,,68.0,110.3,-42.3,,,,,,,,,,,,,,,-33.3,
7:00:48 PM,42.4750142,-82.8492929,14.3,R2,R-Spin,Full,Star,Run,11.4,103.1,110.6,-7.4,-1.8,-0.5,,,,,107.8,,3.26,13.48,10.00,0.00,48.09,19.06,66.82,0.00,0.00,7.9,85.0,13.2,143.2,249.9,-33.4,
7:00:49 PM,42.4750032,-82.8492233,,R2,R-Spin,Full,Star,Run,11.2,102.9,109.7,-6.9,-0.5,0.1,,,,65.7,107.1,-41.5,,,,,,,,,,7.4,85.7,13.0,145.3,250.5,-33.4,
7:00:50 PM,42.47499158,-82.84914534,13.3,R2,R-Spin,Full,Star,Run,10.8,100.5,109.0,-8.5,-0.1,-0.2,,,,64.3,106.6,-42.4,,,,,,,,,,7.5,83.0,12.6,143.8,247.9,-33.3,
7:00:51 PM,42.47498242,-82.84907539,,R2,R-Spin,Full,Star,Run,10.8,100.6,108.2,-7.5,0.1,-0.1,,,,64.5,105.0,-40.5,3.26,13.48,10.00,0.00,48.09,19.06,66.06,0.00,,7.7,84.7,12.8,143.1,246.5,-33.2,
7:00:52 PM,42.47497301,-82.8490103,13.2,R2,R-Spin,Full,Star,Run,10.1,97.0,106.6,-9.6,0.0,0.8,,,,62.9,,,,,,,,,,,0.00,7.7,87.3,12.8,143.2,245.5,-33.0,
7:00:53 PM,42.47496509,-82.84894759,13.0,R2,R-Spin,Full,Star,Run,10.2,96.9,106.4,-9.5,1.0,-0.3,,,,61.3,103.8,-42.5,,,,,,,,,,7.4,86.2,12.3,143.1,243.9,-33.0,
7:00:54 PM,42.47495814,-82.84888517,,R2,R-Spin,Full,Star,Run,9.9,99.9,109.5,-9.6,-2.3,0.5,,,,63.2,105.5,-42.3,,,,,,,,,,7.9,91.8,13.1,142.7,244.5,-33.0,
7:00:55 PM,42.47495065,-82.84882375,13.2,R2,R-Spin,Full,Star,Run,10.5,99.7,108.8,-9.0,-0.5,0.4,,,,61.5,107.2,-45.7,3.26,13.48,10.00,0.01,48.09,19.06,66.60,0.00,,6.2,89.3,11.7,147.7,250.4,-33.0,
7:00:56 PM,42.4749415,-82.848755,,R2,R-Spin,Full,Star,Run,10.5,99.4,,,,,,,,62.0,106.5,-44.5,,,,,,,,,0.00,6.6,93.5,12.6,148.4,251.4,,
7:00:57 PM,42.474933,-82.8486887,13.5,R2,R-Spin,Full,Star,Run,10.2,100.3,109.4,-9.1,-1.2,0.8,,,,62.5,106.9,-44.4,,,,,,,,,,8.1,88.7,12.9,141.0,244.6,-33.0,
7:00:58 PM,42.474924,-82.8486254,,R2,R-Spin,Full,Star,Run,10.5,101.3,107.8,-6.5,-1.4,0.6,,,,,106.0,,,,,,,,,,,7.6,95.0,13.4,145.7,249.0,-33.0,
7:00:59 PM,42.4749148,-82.8485628,13.1,R2,R-Spin,Full,Star,Run,10.3,102.9,110.7,-7.8,-1.2,1.6,,,,62.1,109.0,-46.9,3.26,13.48,10.00,0.00,48.09,19.06,66.70,0.00,,8.4,90.7,13.5,141.8,246.9,-32.9,
7:01:00 PM,42.4749048,-82.848497,,R2,R-Spin,Full,Star,Run,10.7,102.8,110.9,-8.1,-2.7,0.3,,,,65.2,108.1,-42.9,,,,,,,,,0.00,8.1,89.7,13.3,142.3,247.5,-32.9,
7:01:01 PM,42.4748951,-82.8484311,12.9,R2,R-Spin,Full,Star,Run,11.0,103.4,110.0,-6.6,-1.4,0.5,,,,64.0,108.7,-44.7,,,,,,,,,,,,,,,-33.0,
7:01:02 PM,42.4748839,-82.8483618,,R2,R-Spin,Full,Star,Run,11.0,105.1,112.9,-7.7,-3.4,1.7,,,,65.3,110.7,-45.4,,,,,,,,,,7.6,90.8,13.4,145.4,251.3,-32.9,
7:01:03 PM,42.4748689,-82.8482922,13.1,R2,R-Spin,Full,Star,Run,11.1,105.7,111.1,-5.3,,,,,,68.3,,,3.26,13.48,10.00,0.00,48.09,19.06,66.48,0.00,,9.0,90.1,14.3,141.0,248.3,-33.4,
7:01:04 PM,42.4748547,-82.848219,,R2,R-Spin,Full,Star,Run,11.7,104.0,112.5,-8.5,-3.3,0.6,,,,66.4,108.6,-42.2,,,,,,,,,0.00,8.2,84.3,13.2,142.0,249.9,-33.2,
7:01:05 PM,42.4748407,-82.8481488,13.2,R2,R-Spin,Full,Star,Run,,,112.5,,-4.6,1.7,,,,68.3,110.5,-42.2,,,,,,,,,,9.7,88.0,14.8,139.2,247.0,-33.6,
7:01:06 PM,42.4748263,-82.8480757,13.8,R2,R-Spin,Full,Star,Run,12.4,106.5,,,-4.1,0.8,,,,67.2,110.0,-42.9,,,,,,,,,,9.2,81.8,14.2,140.0,249.1,-33.7,
7:01:07 PM,42.4748102,-82.8480027,,R2,R-Spin,Full,Star,Run,12.2,105.0,112.0,-7.0,-5.2,1.1,,,,64.9,107.1,-42.2,3.26,13.48,10.00,0.01,48.09,19.06,65.92,0.00,,9.4,83.9,14.6,140.5,248.3,-34.0,
7:01:08 PM,42.4747983,-82.8479263,13.2,R2,R-Spin,Full,Star,Run,12.5,103.1,106.7,-3.7,-0.2,1.3,,,,63.2,103.6,-40.4,,,,,,,,,0.00,8.1,76.9,13.2,143.6,248.3,-33.5,
7:01:09 PM,42.4747882,-82.8478483,,R2,R-Spin,Full,Star,Run,12.6,100.1,105.1,-5.0,-1.6,-0.1,,,,63.7,102.9,-39.3,,,,,,,,,,8.4,78.8,13.7,142.9,244.6,-33.5,
7:01:10 PM,42.4747798,-82.8477738,13.3,R2,R-Spin,Full,Star,Run,12.3,100.0,106.1,-6.2,-2.5,-0.3,,,,,103.1,,,,,,,,,,,9.2,78.6,13.8,139.3,241.1,-33.6,
7:01:11 PM,42.4747712,-82.8476899,,R2,R-Spin,Full,Star,Run,12.0,99.0,104.0,-5.0,,,,,,62.6,102.5,-39.9,3.26,13.48,10.00,0.00,48.09,19.06,66.12,0.00,,8.1,82.8,13.8,144.1,244.2,-33.8,
7:01:12 PM,42.4747641,-82.8476152,13.0,R2,R-Spin,Full,Star,Run,12.3,100.6,105.7,-5.1,-0.7,-0.1,,,,62.2,103.7,-41.6,,,,,,,,,0.00,7.4,79.4,12.9,145.6,245.6,-33.8,
7:01:13 PM,42.4747577,-82.8475414,,R2,R-Spin,Full,Star,Run,11.6,97.9,107.3,-9.4,-0.7,0.5,,,,62.7,,,,,,,,,,,,7.9,84.0,13.4,143.9,244.6,-33.8,
7:01:14 PM,42.4747519,-82.8474707,12.1,R2,R-Spin,Full,Star,Run,11.1,99.2,109.2,-10.0,-2.2,-0.1,,,,64.7,105.7,-41.0,,,,,,,,,,8.6,89.0,14.0,142.3,244.2,-33.8,
7:01:15 PM,42.4747443,-82.8474019,,R2,R-Spin,Full,Star,Run,10.7,99.9,109.2,-9.3,-2.7,0.0,,,,64.8,107.0,-42.2,3.26,13.48,10.00,0.00,48.09,19.06,66.33,0.00,,7.7,94.8,13.8,146.4,248.9,-41.6,
7:01:16 PM,42.4747347,-82.8473338,13.1,R2,R-Spin,Full,Star,Run,10.8,101.8,112.8,-11.0,-1.1,0.4,,,,65.8,107.3,-41.4,,,,,,,,,0.00,7.4,92.6,13.3,146.4,250.7,-34.9,
7:01:17 PM,42.474724,-82.8472679,,R2,R-Spin,Full,Star,Run,10.7,106.4,,,-4.4,1.2,,,,69.7,112.3,-42.6,,,,,,,,,,8.2,97.5,14.3,145.2,252.3,-40.9,
7:01:18 PM,42.4747121,-82.8472014,13.1,R2,R-Spin,Full,Star,Run,10.3,104.5,115.3,-10.9,-4.0,-0.4,,,,,112.6,,,,,,,,,,,6.8,102.6,13.9,151.5,260.2,,
7:01:19 PM,42.4746964,-82.847127,,R2,R-Spin,Full,Star,Run,10.7,106.1,114.0,-7.9,-1.7,0.4,,,,68.5,111.5,-43.0,3.26,13.48,10.00,0.01,48.09,19.06,66.03,0.00,,6.8,97.4,13.5,150.0,258.3,-52.2,
7:01:20 PM,42.4746819,-82.8470594,12.7,R2,R-Spin,Full,Star,Run,10.6,104.3,113.0,-8.7,,,,,,68.7,109.6,-40.9,,,,,,,,,0.00,,,,,,-43.7,
7:01:21 PM,42.4746695,-82.8469909,,R2,R-Spin,Full,Star,Run,11.1,103.2,110.6,-7.4,-2.0,0.7,,,,66.4,108.3,-41.9,,,,,,,,,,7.6,95.1,13.8,146.7,253.6,-44.0,
7:01:22 PM,42.4746552,-82.8469236,12.3,R2,R-Spin,Full,Star,Run,10.8,102.3,111.2,-8.9,-0.7,0.4,,,,66.1,108.6,-42.5,,,,,,,,,,7.6,85.2,12.6,143.2,248.7,-39.6,
7:01:23 PM,42.4746442,-82.8468582,,R2,R-Spin,Full,Star,Run,10.0,101.2,110.2,-9.1,-2.8,0.0,,,,66.5,,,3.26,13.48,10.00,0.01,48.09,19.06,65.76,0.00,,8.6,89.1,13.4,140.1,245.5,-41.9,
7:01:24 PM,42.4746342,-82.8467918,12.1,R2,R-Spin,Full,Star,Run,10.2,100.8,109.6,-8.9,-1.6,0.6,,,,66.0,108.0,-42.0,,,,,,,,,0.00,6.9,95.0,13.1,148.0,252.3,-43.5,
7:01:25 PM,42.4746241,-82.8467282,,R2,R-Spin,Full,Star,Run,10.1,100.7,108.6,-7.9,-0.4,-1.1,,,,64.9,106.7,-41.8,,,,,,,,,,5.7,86.5,11.3,149.9,252.8,-43.5,
7:01:26 PM,42.4746165,-82.8466707,12.6,R2,R-Spin,Full,Star,Run,9.7,94.2,111.6,-17.4,-1.8,0.3,,,,66.5,107.5,-40.9,,,,,,,,,,8.1,89.2,12.6,139.9,242.7,-36.2,
7:01:27 PM,42.4746068,-82.846607,,R2,R-Spin,Full,Star,Run,9.6,100.7,,,-1.1,-0.1,,,,67.3,109.7,-42.4,3.26,13.48,10.00,0.01,48.09,19.06,65.97,0.00,,9.4,90.5,13.4,135.6,241.5,-38.8,
7:01:28 PM,42.4745973,-82.8465498,13.0,R2,R-Spin,Full,Star,Run,9.5,102.3,110.9,-8.6,-0.9,-0.4,,,,67.0,108.8,-41.8,,,,,,,,,0.00,10.8,94.7,14.9,133.9,241.0,-38.8,
7:01:29 PM,42.4745873,-82.8464915,,R2,R-Spin,Full,Star,Run,9.8,103.0,112.3,-9.4,,,,,,,110.4,,,,,,,,,,,11.6,100.3,16.3,135.6,243.5,-43.1,
7:01:30 PM,42.4745742,-82.8464311,12.5,R2,R-Spin,Full,Star,Run,10.0,104.5,112.8,-8.3,-1.9,0.6,,,,66.7,110.7,-43.9,,,,,,,,,,11.5,103.2,16.8,138.4,247.4,-45.4,
7:01:31 PM,42.4745622,-82.8463708,,R2,R-Spin,Full,Star,Run,10.6,105.2,113.4,-8.2,-2.1,0.9,,,,67.3,110.4,-43.2,3.26,13.48,10.00,0.00,48.09,19.06,65.46,0.00,,11.6,103.8,17.4,139.7,249.1,-46.0,
7:01:32 PM,42.4745502,-82.8463016,12.8,R2,R-Spin,Full,Star,Run,11.0,105.0,110.8,-5.8,-2.3,1.2,,,,65.0,107.8,-42.8,,,,,,,,,0.00,10.4,106.0,17.2,144.6,252.5,-51.2,
7:01:33 PM,42.4745387,-82.8462288,,R2,R-Spin,Full,Star,Run,12.1,102.2,108.1,-5.9,-2.0,1.5,,,,63.3,104.7,-41.4,,,,,,,,,,10.3,103.4,17.6,145.2,250.9,-51.2,
7:01:34 PM,42.4745278,-82.8461518,12.9,R2,R-Spin,Full,Star,Run,12.7,101.5,105.3,-3.8,-1.0,1.6,,,,60.0,,,,,,,,,,,,10.3,104.0,18.4,147.3,251.5,-53.5,
7:01:35 PM,42.4745167,-82.8460579,,R2,R-Spin,Full,Star,Run,13.8,99.8,104.0,-4.1,-2.8,1.5,,,,60.8,102.8,-42.0,3.26,13.48,10.00,0.00,48.09,19.06,64.24,0.00,,10.9,99.1,19.0,145.2,247.6,-52.9,
7:01:36 PM,42.4745088,-82.8459686,12.8,R2,R-Spin,Full,Star,Run,14.1,96.3,98.5,-2.2,-0.7,0.8,,,,57.8,99.7,-41.9,,,,,,,,,0.00,8.3,94.1,17.0,150.6,248.1,-52.7,
7:01:37 PM,42.4745127,-82.8458799,,R2,R-Spin,Full,Star,Run,14.4,91.0,95.5,-4.4,0.2,0.5,,,,55.0,94.0,-39.1,,,,,,,,,,,,,,,-52.0,
7:01:38 PM,42.4745168,-82.8457893,13.3,R2,R-Spin,Full,Star,Run,14.5,92.5,,,0.9,0.4,,,,55.2,94.2,-39.0,,,,,,,,,,7.8,90.0,16.3,151.5,244.1,-44.9,
7:01:39 PM,42.4745143,-82.8457012,,R2,R-Spin,Full,Star,Run,14.1,91.8,97.8,-6.1,,,,,,,94.8,,,,,,,,,,,8.1,83.8,15.7,148.8,242.0,-45.9,
7:01:40 PM,42.4745158,-82.8456144,12.9,R2,R-Spin,Full,Star,Run,13.8,90.1,94.3,-4.3,-0.9,-0.3,,,,56.8,92.1,-35.2,3.26,13.48,10.00,0.00,48.09,19.06,63.88,0.00,0.00,9.2,82.0,15.5,144.1,236.2,-38.1,
7:01:41 PM,42.4745183,-82.8455308,,R2,R-Spin,Full,Star,Run,13.0,88.9,96.6,-7.6,2.3,-0.6,,,,54.1,95.7,-41.6,,,,,,,,,,7.3,75.2,13.6,148.8,238.2,-42.9,
7:01:42 PM,42.4745183,-82.8454426,13.0,R2,R-Spin,Full,Star,Run,12.8,91.0,98.3,-7.3,-3.3,-0.6,,,,57.0,95.0,-38.0,,,,,,,,,,7.9,88.7,15.1,148.3,240.9,-45.3,
7:01:43 PM,42.4745226,-82.8453628,,R2,R-Spin,Full,Star,Run,12.7,86.1,95.1,-9.0,-0.2,0.0,,,,54.0,92.8,-38.9,3.26,13.48,10.00,0.01,48.09,19.06,64.61,0.00,,5.9,94.4,14.5,156.0,246.6,,
7:01:44 PM,42.4745266,-82.8452859,12.7,R2,R-Spin,Full,Star,Run,11.9,86.7,96.3,-9.6,1.9,-0.1,,,,54.2,,,,,,,,,,,0.00,5.5,87.5,13.6,156.2,244.5,-40.2,
7:01:45 PM,42.4745297,-82.845215,,R2,R-Spin,Full,Star,Run,11.8,89.0,98.5,-9.5,-0.6,-0.5,,,,56.3,95.1,-38.9,,,,,,,,,,7.0,97.4,14.5,151.7,241.7,-37.0,
7:01:46 PM,42.4745325,-82.845146,12.7,R2,R-Spin,Full,Star,Run,11.3,87.3,98.8,-11.5,,,,,,,96.4,,,,,,,,,,,6.4,104.4,14.3,154.5,245.3,-41.5,
7:01:47 PM,42.4745344,-82.8450786,,R2,R-Spin,Full,Star,Run,11.2,88.6,102.4,-13.8,-0.1,-0.4,,,,56.0,97.2,-41.2,3.26,13.48,10.00,0.01,48.09,19.06,66.43,0.00,,6.6,115.8,15.0,156.8,248.5,-41.1,
7:01:48 PM,42.4745349,-82.8450155,12.8,R2,R-Spin,Full,Star,Run,10.3,91.1,,,-2.4,-0.1,,,,58.5,102.1,-43.6,,,,,,,,,0.00,7.5,109.4,14.8,151.5,246.9,-37.3,
7:01:49 PM,42.4745298,-82.8449458,,R2,R-Spin,Full,Star,Run,10.4,95.8,107.7,-11.8,-5.8,0.1,,,,62.3,106.5,-44.2,,,,,,,,,,6.6,117.9,14.6,156.5,256.0,-44.3,
7:01:50 PM,42.4745228,-82.8448791,13.0,R2,R-Spin,Full,Star,Run,11.2,98.6,108.8,-10.2,-2.9,1.4,,,,60.4,106.6,-46.2,,,,,,,,,,6.3,125.7,15.4,160.7,262.8,-48.1,
7:01:51 PM,42.4745145,-82.8448111,,R2,R-Spin,Full,Star,Run,11.3,101.5,110.5,-9.0,,,,,,,109.1,,,,,,,,,,,8.0,113.0,16.0,152.5,256.6,-44.2,
7:01:52 PM,42.4745044,-82.8447375,12.8,R2,R-Spin,Full,Star,Run,11.4,100.5,111.7,-11.2,-2.1,1.2,,,,63.8,108.1,-44.3,3.26,13.48,10.00,0.00,48.09,19.06,66.33,0.00,0.00,,,,,,-44.0,
7:01:53 PM,42.4744929,-82.8446618,,R2,R-Spin,Full,Star,Run,11.5,102.3,110.2,-7.8,-2.8,0.4,,,,64.1,108.6,-44.5,,,,,,,,,,8.6,111.4,16.5,150.9,255.3,-51.3,
7:01:54 PM,42.4744826,-82.8445872,12.8,R2,R-Spin,Full,Star,Run,12.5,102.5,112.6,-10.2,-3.9,2.1,,,,67.3,110.6,-43.2,,,,,,,,,,8.4,104.0,16.2,149.9,255.5,-48.6,
7:01:55 PM,42.4744695,-82.8445092,,R2,R-Spin,Full,Star,Run,12.7,102.0,111.9,-9.9,-3.5,0.0,,,,67.7,,,3.26,13.48,10.00,0.00,48.09,19.06,66.06,0.00,,9.1,98.9,16.5,146.9,254.6,-54.7,
7:01:56 PM,42.4744524,-82.8444204,13.0,R2,R-Spin,Full,Star,Run,13.1,105.3,112.5,-7.2,-2.4,1.5,,,,68.0,109.0,-41.0,,,,,,,,,0.00,10.2,105.4,18.5,148.0,255.7,-53.0,
7:01:57 PM,42.4744397,-82.8443395,13.1,R2,R-Spin,Full,Star,Run,13.1,104.2,109.9,-5.7,,,,,,70.3,110.7,-40.4,,,,,,,,,,10.8,92.2,17.3,141.6,249.9,-51.5,
7:01:58 PM,,,,R2,R-Spin,Full,Star,Run,12.8,103.3,,,-1.8,0.1,,,,66.6,105.7,-39.1,,,,,,,,,,9.8,88.0,16.0,142.5,248.1,-53.4,
7:01:59 PM,42.4744248,-82.844257,13.2,R2,R-Spin,Full,Star,Run,13.4,100.0,107.0,-7.0,0.3,0.3,,,,66.0,104.3,-38.3,3.26,13.48,10.00,0.00,48.09,19.06,64.78,0.00,,10.0,86.8,16.0,141.2,244.7,-49.3,
7:02:00 PM,42.4744157,-82.8441784,,R2,R-Spin,Full,Star,Run,12.9,102.3,108.2,-5.9,-1.5,0.2,,,,68.8,107.0,-38.3,,,,,,,,,0.00,11.4,81.8,15.8,134.7,238.0,-46.1,
7:02:01 PM,42.4744045,-82.8441003,13.1,R2,R-Spin,Full,Star,Run,12.6,104.2,109.5,-5.4,-3.4,-0.1,,,,,106.1,,,,,,,,,,,10.8,91.1,16.8,140.0,245.5,-55.4,
7:02:02 PM,42.4743903,-82.8440222,,R2,R-Spin,Full,Star,Run,13.5,104.1,109.6,-5.5,-3.5,0.5,,,,65.5,107.9,-42.4,,,,,,,,,,10.6,89.8,16.9,141.1,247.1,-53.2,
7:02:03 PM,42.4743741,-82.8439396,13.6,R2,R-Spin,Full,Star,Run,13.7,101.9,109.1,-7.2,,,,,,67.6,105.8,-38.2,3.26,13.48,10.00,0.00,48.09,19.06,65.57,0.00,,12.3,90.3,18.4,138.1,244.3,-57.1,
7:02:04 PM,42.4743565,-82.8438532,,R2,R-Spin,Full,Star,Run,14.6,101.2,106.9,-5.7,-3.9,0.0,,,,64.1,103.6,-39.5,,,,,,,,,0.00,13.5,91.7,20.1,137.8,242.7,-57.1,
7:02:05 PM,42.47433848,-82.84375596,13.4,R2,R-Spin,Full,Star,Run,14.9,98.5,102.9,-4.4,-3.6,1.5,,,,63.2,,,,,,,,,,,,,,,,,-57.1,
7:02:06 PM,42.47432446,-82.84366283,,R2,R-Spin,Full,Star,Run,14.9,95.0,99.7,-4.7,-2.0,0.1,,,,59.9,98.9,-39.0,,,,,,,,,,13.3,88.7,19.8,137.7,239.6,-56.5,
7:02:07 PM,42.47431546,-82.84356955,13.7,R2,R-Spin,Full,Star,Run,15.4,95.8,100.8,-5.0,-1.7,-0.6,,,,58.5,97.6,-39.1,3.26,13.48,10.00,0.00,48.09,19.06,65.28,0.00,,12.4,85.2,18.6,138.4,236.3,-56.2,
7:02:08 PM,42.47430736,-82.84347466,,R2,R-Spin,Full,Star,Run,15.2,95.9,103.1,-7.2,-4.7,0.0,,,,63.0,99.8,-36.8,,,,,,,,,0.00,11.4,85.8,18.3,141.8,239.7,,
7:02:09 PM,42.47429665,-82.84337937,13.8,R2,R-Spin,Full,Star,Run,15.1,97.4,,,-5.2,-0.4,,,,63.0,99.7,-36.7,,,,,,,,,,11.8,82.9,18.1,139.6,238.3,-54.8,
7:02:10 PM,42.47428509,-82.84328711,,R2,R-Spin,Full,Star,Run,15.3,95.9,101.0,-5.1,,,,,,,99.5,,,,,,,,,,,10.1,81.7,16.9,143.7,240.9,-56.5,
7:02:11 PM,42.47427667,-82.84319594,13.8,R2,R-Spin,Full,Star,Run,15.2,96.1,102.8,-6.8,-2.5,-1.0,,,,61.8,99.3,-37.5,3.26,13.48,10.00,0.01,48.09,19.06,64.63,0.00,,12.2,85.1,18.7,139.3,237.6,-55.7,
7:02:12 PM,42.4742685,-82.8430948,,R2,R-Spin,Full,Star,Run,15.0,94.0,101.3,-7.3,-1.1,-0.8,,,,60.7,99.5,-38.9,,,,,,,,,0.00,11.3,85.5,18.2,141.7,239.0,-56.4,
7:02:13 PM,42.474263,-82.8430022,13.7,R2,R-Spin,Full,Star,Run,14.8,95.0,102.9,-7.9,-1.6,-0.8,,,,61.3,100.3,-39.0,,,,,,,,,,12.7,87.0,19.2,138.9,237.1,-55.5,
7:02:14 PM,42.4742571,-82.842911,,R2,R-Spin,Full,Star,Run,15.4,94.2,101.3,-7.2,-3.8,-1.0,,,,60.3,98.7,-38.3,,,,,,,,,,12.8,86.9,19.1,138.2,236.2,-56.6,
7:02:15 PM,42.4742519,-82.8428189,13.9,R2,R-Spin,Full,Star,Run,15.7,94.2,100.9,-6.7,-2.0,-1.0,,,,58.6,,,3.26,13.48,10.00,0.00,48.09,19.06,65.15,0.00,,11.9,87.8,19.0,141.5,238.7,-57.5,
7:02:16 PM,42.4742471,-82.842722,,R2,R-Spin,Full,Star,Run,15.5,94.5,101.2,-6.7,-3.1,-0.7,,,,59.2,98.7,-39.5,,,,,,,,,0.00,12.3,85.2,19.0,139.8,236.8,-56.3,
7:02:17 PM,42.4742406,-82.8426169,14.3,R2,R-Spin,Full,Star,Run,,,100.3,,-4.9,-0.7,,,,60.9,99.7,-38.8,,,,,,,,,,12.9,87.4,19.5,138.8,235.5,-56.3,
7:02:18 PM,42.4742374,-82.8425242,,R2,R-Spin,Full,Star,Run,15.2,93.6,93.5,0.1,-0.3,-1.5,,,,56.8,95.3,-38.5,,,,,,,,,,9.8,88.2,17.2,145.2,236.9,-58.4,
7:02:19 PM,42.4742398,-82.842426,14.2,R2,R-Spin,Full,Star,Run,13.9,85.9,,,1.2,-1.1,,,,,90.2,,3.26,13.48,10.00,0.00,48.09,19.06,62.31,0.00,,,,,,,-58.4,
7:02:20 PM,42.4742487,-82.8423418,,R2,R-Spin,Full,Star,Run,13.6,81.1,91.4,-10.3,,,,,,53.2,88.5,-35.3,,,,,,,,,0.00,9.8,93.4,17.4,145.7,232.7,-55.3,
7:02:21 PM,42.4742584,-82.8422608,13.6,R2,R-Spin,Full,Star,Run,13.6,81.6,91.0,-9.4,-1.5,-1.6,,,,50.7,89.2,-38.4,,,,,,,,,,10.0,92.7,17.3,144.6,230.3,-55.4,
7:02:22 PM,42.4742685,-82.842168,13.9,R2,R-Spin,Full,Star,Run,13.3,83.8,94.8,-11.0,-5.4,1.2,,,,46.7,95.4,-48.8,,,,,,,,,,10.3,103.1,18.8,147.8,233.3,-55.4,
7:02:23 PM,42.4742729,-82.8420844,,R2,R-Spin,Full,Star,Run,13.2,88.0,101.3,-13.3,-6.7,-1.8,,,,54.3,99.7,-45.4,3.26,13.48,10.00,0.01,48.09,19.06,67.68,0.00,,9.7,100.0,17.8,147.8,238.1,-55.3,
7:02:24 PM,42.4742714,-82.8419987,13.9,R2,R-Spin,Full,Star,Run,13.8,93.2,101.1,-7.9,-5.4,0.3,,,,55.2,98.2,-42.9,,,,,,,,,0.00,10.4,107.2,19.3,149.1,243.2,-56.8,
7:02:25 PM,42.4742702,-82.8419072,,R2,R-Spin,Full,Star,Run,14.7,92.1,100.9,-8.8,-4.3,-0.8,,,,54.3,,,,,,,,,,,,8.3,105.2,18.5,154.1,248.4,-57.7,
7:02:26 PM,42.4742681,-82.8418129,13.7,R2,R-Spin,Full,Star,Run,15.0,90.3,99.5,-9.2,-4.3,-0.4,,,,55.8,98.3,-42.5,,,,,,,,,,10.0,110.1,20.7,153.1,247.5,-57.7,
7:02:27 PM,42.4742672,-82.8417078,,R2,R-Spin,Full,Star,Run,15.3,89.7,98.9,-9.2,-1.9,-1.5,,,,55.7,96.8,-41.2,3.26,13.48,10.00,0.01,48.09,19.06,64.56,0.00,,9.3,100.8,19.3,151.7,244.9,-57.7,
7:02:28 PM,42.4742686,-82.8416139,13.7,R2,R-Spin,Full,Star,Run,15.3,87.3,100.4,-13.1,,,,,,,96.6,,,,,,,,,,0.00,9.4,110.7,20.5,154.5,247.3,-55.1,
7:02:29 PM,42.4742689,-82.8415206,,R2,R-Spin,Full,Star,Run,14.6,89.9,,,-0.1,-1.1,,,,57.5,99.3,-41.8,,,,,,,,,,10.1,103.5,19.7,150.1,244.1,-55.1,
7:02:30 PM,42.4742658,-82.8414306,13.5,R2,R-Spin,Full,Star,Run,14.6,93.2,103.6,-10.5,-2.7,-0.3,,,,60.3,102.7,-42.4,,,,,,,,,,10.5,104.9,19.8,149.1,246.5,-54.3,
7:02:31 PM,42.4742613,-82.8413429,,R2,R-Spin,Full,Star,Run,14.0,94.5,104.5,-10.1,-2.9,-1.0,,,,61.1,101.6,-40.4,3.26,13.42,10.00,0.01,48.09,19.16,64.99,0.00,,8.9,106.4,18.7,152.7,249.9,-52.8,
7:02:32 PM,42.4742586,-82.8412545,13.9,R2,R-Spin,Full,Star,Run,14.0,92.5,103.2,-10.7,-1.3,-0.9,,,,60.7,100.6,-39.9,,,,,,,,,0.00,7.7,104.6,17.6,155.0,250.5,,
7:02:33 PM,42.4742564,-82.8411664,,R2,R-Spin,Full,Star,Run,14.1,91.5,102.8,-11.3,-2.5,-0.7,,,,59.9,100.8,-40.9,,,,,,,,,,7.6,103.2,17.3,154.8,250.6,-51.7,
7:02:34 PM,42.4742524,-82.8410768,13.3,R2,R-Spin,Full,Star,Run,13.5,95.5,104.0,-8.5,-3.1,-0.3,,,,61.5,102.1,-40.7,,,,,,,,,,7.7,105.4,17.6,154.9,251.6,-52.2,
7:02:35 PM,42.4742472,-82.8409804,13.7,R2,R-Spin,Full,Star,Run,13.7,94.5,104.4,-9.8,-3.0,-1.0,,,,61.6,102.0,-40.4,3.26,13.42,10.00,0.01,48.09,19.16,65.75,0.00,,8.9,109.3,18.8,153.4,251.3,-52.2,
7:02:36 PM,42.4742412,-82.8408931,,R2,R-Spin,Full,Star,Run,13.9,94.9,104.2,-9.2,,,,,,,,,,,,,,,,,0.00,9.5,110.7,19.5,152.8,251.2,-54.9,
7:02:37 PM,42.4742354,-82.8408083,13.2,R2,R-Spin,Full,Star,Run,13.9,94.2,104.1,-9.9,-2.6,-0.7,,,,61.5,101.7,-40.2,,,,,,,,,,,,,,,-55.0,
7:02:38 PM,42.4742305,-82.8407227,,R2,R-Spin,Full,Star,Run,13.6,94.2,103.7,-9.5,-1.5,-0.8,,,,62.9,101.8,-38.9,,,,,,,,,,9.1,112.7,19.3,154.2,252.4,-53.7,
7:02:39 PM,42.4742279,-82.8406387,13.3,R2,R-Spin,Full,Star,Run,13.2,92.3,103.5,-11.2,-1.3,-1.7,,,,62.4,101.3,-38.8,3.26,13.42,10.00,0.01,48.09,19.16,65.22,0.00,,9.2,109.1,18.7,152.3,249.6,-51.8,
7:02:40 PM,42.4742249,-82.8405584,13.5,R2,R-Spin,Full,Star,Run,12.8,93.1,,,0.5,-0.5,,,,63.0,101.7,-38.7,,,,,,,,,0.00,9.1,108.9,18.4,151.9,249.2,-43.8,
7:02:41 PM,42.474222,-82.8404808,,R2,R-Spin,Full,Star,Run,11.8,92.6,105.1,-12.5,-1.7,-1.3,,,,65.3,103.8,-38.5,,,,,,,,,,7.7,91.6,15.0,149.2,245.5,-35.8,
7:02:42 PM,42.4742142,-82.8404079,13.3,R2,R-Spin,Full,Star,Run,11.8,97.2,108.2,-11.0,-3.3,-1.5,,,,66.9,106.7,-39.8,,,,,,,,,,6.9,96.9,14.4,151.7,250.1,-43.0,
7:02:43 PM,42.4742015,-82.8403328,,R2,R-Spin,Full,Star,Run,11.8,99.3,109.5,-10.1,-2.3,-0.5,,,,67.4,108.2,-40.9,3.26,13.42,10.00,0.00,48.09,19.16,66.49,0.00,,5.4,128.4,15.5,164.3,265.3,-52.3,
7:02:44 PM,42.474191,-82.8402618,13.2,R2,R-Spin,Full,Star,Run,11.2,100.2,112.1,-11.9,,,,,,,109.7,,,,,,,,,,0.00,6.1,118.7,15.4,159.9,262.9,-49.5,
7:02:45 PM,42.4741785,-82.8401891,,R2,R-Spin,Full,Star,Run,11.8,101.7,110.9,-9.2,-5.8,-0.3,,,,69.1,109.1,-40.0,,,,,,,,,,5.9,111.5,14.8,158.3,262.2,-53.6,
7:02:46 PM,42.4741648,-82.8401119,13.5,R2,R-Spin,Full,Star,Run,12.9,101.9,112.9,-11.0,-3.4,-0.5,,,,67.3,,,,,,,,,,,,9.8,110.8,18.3,150.0,256.5,-54.7,
7:02:47 PM,42.4741521,-82.840032,,R2,R-Spin,Full,Star,Run,13.4,101.6,109.8,-8.2,-6.6,-1.0,,,,69.2,110.0,-40.9,3.26,13.42,10.00,0.01,48.09,19.16,64.64,0.00,,10.7,100.5,18.4,145.3,251.6,-63.1,
7:02:48 PM,42.4741388,-82.8399443,13.7,R2,R-Spin,Full,Star,Run,14.7,101.3,108.1,-6.8,-3.4,-1.2,,,,64.5,106.0,-41.5,,,,,,,,,0.00,9.1,104.0,18.6,151.7,256.5,-63.0,
7:02:49 PM,42.4741255,-82.8398521,,R2,R-Spin,Full,Star,Run,15.3,101.6,105.0,-3.4,-2.7,1.3,,,,64.0,105.4,-41.4,,,,,,,,,,11.4,99.0,20.1,145.9,249.8,-61.7,
7:02:50 PM,42.4741157,-82.8397496,13.8,R2,R-Spin,Full,Star,Run,15.1,94.3,,,-0.7,-1.3,,,,62.9,100.9,-37.9,,,,,,,,,,11.8,80.7,17.5,138.4,237.9,-58.7,
7:02:51 PM,42.4741128,-82.8396594,,R2,R-Spin,Full,Star,Run,15.2,91.5,101.1,-9.6,-2.4,-1.1,,,,61.2,98.4,-37.2,3.26,13.42,10.00,0.00,48.09,19.16,63.89,0.00,,12.6,80.1,17.7,135.5,232.1,-57.6,
7:02:52 PM,42.4741095,-82.8395705,13.8,R2,R-Spin,Full,Star,Run,14.7,93.5,101.1,-7.6,-1.7,-0.4,,,,,98.2,,,,,,,,,,0.00,10.4,80.7,16.4,141.5,237.2,-57.8,
7:02:53 PM,42.4741073,-82.8394806,,R2,R-Spin,Full,Star,Run,14.2,93.7,100.4,-6.7,,,,,,60.5,98.5,-38.0,,,,,,,,,,10.3,77.8,15.7,140.3,236.1,-57.8,
7:02:54 PM,42.4741058,-82.8393938,13.8,R2,R-Spin,Full,Star,Run,13.6,92.7,100.7,-8.0,-1.1,-1.6,,,,60.4,98.1,-37.6,,,,,,,,,,10.7,84.0,16.6,140.0,235.0,-57.8,
7:02:55 PM,42.4741052,-82.8393096,,R2,R-Spin,Full,Star,Run,13.4,92.0,101.2,-9.2,-2.1,-0.9,,,,60.2,99.8,-39.6,3.26,13.42,10.00,0.01,48.09,19.16,65.77,0.00,,,,,,,-57.2,
7:02:56 PM,42.4741044,-82.8392273,13.8,R2,R-Spin,Full,Star,Run,13.4,93.5,103.1,-9.6,-2.4,-1.9,,,,61.2,101.3,-40.0,,,,,,,,,0.00,10.0,76.3,14.8,138.8,233.9,-56.4,
7:02:57 PM,42.4741002,-82.8391448,,R2,R-Spin,Full,Star,Run,13.2,95.4,104.8,-9.5,-3.4,-0.9,,,,61.6,,,,,,,,,,,,9.3,85.0,15.6,143.4,239.8,,
7:02:58 PM,42.4740926,-82.8390542,13.8,R2,R-Spin,Full,Star,Run,13.2,96.7,107.5,-10.8,-5.1,-0.5,,,,64.5,103.9,-39.3,,,,,,,,,,9.1,81.6,15.0,142.9,240.9,-56.4,
7:02:59 PM,42.4740825,-82.8389712,,R2,R-Spin,Full,Star,Run,13.3,99.7,107.3,-7.6,-5.6,-1.8,,,,64.2,104.7,-40.5,3.27,13.42,10.00,0.01,48.09,19.16,66.63,0.00,,9.9,85.1,15.8,141.7,241.6,-56.8,
7:03:00 PM,,,13.7,R2,R-Spin,Full,Star,Run,13.5,98.6,,,-3.8,0.4,,,,66.0,105.2,-39.2,,,,,,,,,0.00,8.1,81.1,14.7,146.9,247.8,-58.8,
7:03:01 PM,42.4740735,-82.8388863,13.9,R2,R-Spin,Full,Star,Run,13.7,101.2,108.1,-6.8,-3.5,-1.3,,,,69.2,107.4,-38.3,,,,,,,,,,9.7,86.6,16.4,143.6,245.5,-58.3,
7:03:02 PM,42.4740601,-82.8388029,,R2,R-Spin,Full,Star,Run,14.2,104.5,113.1,-8.6,,,,,,,110.8,,,,,,,,,,,11.8,83.3,17.1,136.4,241.9,-58.2,
7:03:03 PM,42.4740456,-82.8387169,13.8,R2,R-Spin,Full,Star,Run,14.1,102.1,111.0,-8.9,-6.6,0.4,,,,70.0,107.6,-37.6,3.27,13.42,10.00,0.01,48.09,19.16,65.49,0.00,,12.0,82.6,17.2,136.3,243.0,-58.3,
7:03:04 PM,42.4740301,-82.8386282,,R2,R-Spin,Full,Star,Run,14.8,103.6,110.2,-6.7,-5.2,-2.2,,,,67.2,108.2,-41.0,,,,,,,,,0.00,11.2,81.3,16.9,139.2,244.9,-61.9,
7:03:05 PM,42.4740134,-82.8385382,14.2,R2,R-Spin,Full,Star,Run,15.2,102.6,109.8,-7.2,-4.6,0.5,,,,69.3,106.8,-37.6,,,,,,,,,,11.5,85.3,18.1,140.8,246.5,-59.2,
7:03:06 PM,42.4739951,-82.8384459,14.1,R2,R-Spin,Full,Star,Run,15.1,101.3,107.6,-6.4,-4.0,-1.7,,,,67.8,104.4,-36.6,,,,,,,,,,10.7,77.7,16.4,140.4,244.7,-60.5,
7:03:07 PM,42.47398025,-82.83834492,13.8,R2,R-Spin,Full,Star,Run,14.8,99.4,106.4,-7.0,-1.6,-0.3,,,,66.7,,,3.27,13.42,10.00,0.01,48.09,19.16,65.08,0.00,,11.6,84.3,17.9,139.8,242.8,-59.0,
7:03:08 PM,42.473969,-82.83825453,,R2,R-Spin,Full,Star,Run,14.4,99.0,106.1,-7.1,-1.5,-1.6,,,,66.9,103.9,-37.1,,,,,,,,,0.00,12.4,82.2,17.7,136.1,238.1,-58.4,
7:03:09 PM,42.47395982,-82.8381654,13.9,R2,R-Spin,Full,Star,Run,13.8,97.3,106.2,-8.8,-2.2,-0.6,,,,66.6,103.6,-36.9,,,,,,,,,,12.0,85.8,17.8,137.6,238.7,-58.4,
7:03:10 PM,42.47395198,-82.83807675,,R2,R-Spin,Full,Star,Run,13.4,98.8,107.8,-9.0,-2.6,-1.4,,,,68.1,104.5,-36.3,,,,,,,,,,10.7,84.4,16.6,140.1,241.4,-58.1,
7:03:11 PM,42.47394367,-82.83799284,13.8,R2,R-Spin,Full,Star,Run,13.4,99.0,,,,,,,,66.5,105.4,-38.9,3.27,13.42,10.00,0.00,48.09,19.16,66.10,0.00,,10.1,83.7,16.0,141.0,242.9,-57.5,
7:03:12 PM,42.47393379,-82.83790952,,R2,R-Spin,Full,Star,Run,13.6,100.6,108.5,-7.9,-1.9,-1.3,,,,,107.3,,,,,,,,,,0.00,10.9,89.4,17.3,140.8,244.6,-57.5,
7:03:13 PM,42.4739205,-82.8378178,14.0,R2,R-Spin,Full,Star,Run,13.7,102.5,110.8,-8.4,-4.9,-0.7,,,,70.0,108.6,-38.6,,,,,,,,,,,,,,,-59.0,
7:03:14 PM,42.4739059,-82.8377328,,R2,R-Spin,Full,Star,Run,14.0,101.6,110.6,-9.0,-4.9,-1.6,,,,67.2,107.8,-40.6,,,,,,,,,,10.9,84.7,16.7,139.4,244.7,-59.5,
7:03:15 PM,42.473892,-82.8376475,13.6,R2,R-Spin,Full,Star,Run,14.6,102.2,109.1,-6.9,-3.6,0.3,,,,66.6,106.9,-40.4,3.27,13.42,10.00,0.00,48.09,19.16,66.22,0.00,,10.3,89.5,17.3,143.4,248.6,-59.0,
7:03:16 PM,42.4738774,-82.8375599,,R2,R-Spin,Full,Star,Run,14.6,101.1,109.5,-8.4,-4.4,-1.4,,,,67.3,106.8,-39.5,,,,,,,,,0.00,10.9,82.2,16.9,140.2,245.0,-59.0,
7:03:17 PM,42.4738634,-82.8374717,13.5,R2,R-Spin,Full,Star,Run,14.8,100.7,107.5,-6.9,-4.6,-0.4,,,,66.6,,,,,,,,,,,,12.0,85.8,18.2,138.8,243.4,-59.1,
7:03:18 PM,42.4738516,-82.8373794,,R2,R-Spin,Full,Star,Run,14.6,100.5,108.5,-8.0,-1.7,-0.7,,,,66.7,104.9,-38.2,,,,,,,,,,10.7,82.8,17.2,141.7,245.2,-58.8,
7:03:19 PM,42.4738394,-82.8372872,13.7,R2,R-Spin,Full,Star,Run,15.1,101.2,108.1,-6.9,-3.6,-0.2,,,,67.7,106.6,-38.9,3.27,13.42,10.00,0.00,48.09,19.16,65.37,0.00,,11.3,85.7,18.0,141.3,244.9,,
7:03:20 PM,42.4738247,-82.8371866,,R2,R-Spin,Full,Star,Run,14.9,98.6,106.0,-7.4,,,,,,,104.5,,,,,,,,,,0.00,11.1,79.6,17.0,140.0,243.0,-58.5,
7:03:21 PM,42.4738138,-82.8370941,13.8,R2,R-Spin,Full,Star,Run,,,,,-2.1,-1.4,,,,64.7,103.7,-38.9,,,,,,,,,,10.4,84.1,17.4,143.4,244.6,-58.5,
7:03:22 PM,42.4738032,-82.836999,,R2,R-Spin,Full,Star,Run,15.7,100.1,106.0,-6.0,-2.8,-1.3,,,,64.4,104.0,-39.6,,,,,,,,,,9.6,80.1,16.7,145.4,246.9,-58.5,
7:03:23 PM,42.473793,-82.8369049,13.3,R2,R-Spin,Full,Star,Run,15.1,99.6,107.1,-7.5,-4.3,-0.3,,,,65.6,104.3,-38.7,3.27,13.42,10.00,0.00,48.09,19.16,65.51,0.00,,10.4,85.2,17.8,144.3,246.3,-58.5,
7:03:24 PM,42.473785,-82.8368135,,R2,R-Spin,Full,Star,Run,14.9,96.8,104.0,-7.3,-4.3,-1.9,,,,63.6,101.4,-37.8,,,,,,,,,0.00,10.2,79.3,16.5,142.5,240.6,-55.2,
7:03:25 PM,42.4737801,-82.8367221,13.7,R2,R-Spin,Full,Star,Run,14.8,95.2,104.7,-9.5,-2.4,-1.4,,,,63.3,102.7,-39.4,,,,,,,,,,9.5,81.7,16.4,145.1,243.9,-55.5,
7:03:26 PM,42.4737734,-82.8366322,,R2,R-Spin,Full,Star,Run,14.4,96.1,105.7,-9.6,,,,,,,104.0,,,,,,,,,,,9.6,82.6,16.4,144.5,243.5,-52.2,
7:03:27 PM,42.4737665,-82.8365428,13.6,R2,R-Spin,Full,Star,Run,14.4,98.2,107.3,-9.1,-2.5,-1.3,,,,65.3,105.4,-40.2,3.27,13.42,10.00,0.01,48.09,19.16,66.80,0.00,,9.7,86.2,16.7,144.5,244.7,-52.5,
7:03:28 PM,42.4737565,-82.8364457,,R2,R-Spin,Full,Star,Run,14.3,98.1,109.1,-11.0,-2.2,0.0,,,,67.0,,,,,,,,,,,0.00,9.1,91.7,17.0,147.7,249.2,-55.2,
7:03:29 PM,42.4737463,-82.8363593,13.4,R2,R-Spin,Full,Star,Run,14.0,100.4,111.2,-10.9,,,,,,,107.6,,,,,,,,,,,9.0,84.2,15.7,145.3,248.5,-54.1,
7:03:30 PM,42.4737327,-82.836273,,R2,R-Spin,Full,Star,Run,13.6,102.6,110.9,-8.3,-3.7,-1.2,,,,69.2,109.7,-40.5,,,,,,,,,,,,,,,-54.3,
7:03:31 PM,42.4737202,-82.8361874,13.5,R2,R-Spin,Full,Star,Run,13.2,100.2,,,-4.3,-0.6,,,,68.8,107.4,-38.6,3.27,13.42,10.00,0.00,48.09,19.16,66.47,0.00,,8.9,88.6,16.1,146.5,250.7,-55.6,
7:03:32 PM,42.4737076,-82.8361025,,R2,R-Spin,Full,Star,Run,13.7,100.4,109.8,-9.5,-1.8,-0.9,,,,68.7,108.3,-39.5,,,,,,,,,0.00,7.7,84.9,15.0,149.1,252.4,-54.5,
7:03:33 PM,42.4736944,-82.8360214,13.6,R2,R-Spin,Full,Star,Run,13.3,101.1,111.2,-10.1,-3.3,-1.5,,,,69.6,108.2,-38.6,,,,,,,,,,8.8,84.7,15.3,145.2,249.2,-54.8,
7:03:34 PM,42.473682,-82.8359374,,R2,R-Spin,Full,Star,Run,12.8,99.9,109.2,-9.3,-1.6,-0.2,,,,66.4,106.6,-40.1,,,,,,,,,,8.2,87.4,15.2,147.4,250.5,-54.9,
7:03:35 PM,42.4736696,-82.8358531,13.7,R2,R-Spin,Full,Star,Run,13.4,100.8,109.6,-8.8,,,,,,,107.6,,3.27,13.42,10.00,0.00,48.09,19.16,66.35,0.00,,7.8,90.6,15.6,149.9,253.0,-54.8,
7:03:36 PM,42.4736572,-82.835759,,R2,R-Spin,Full,Star,Run,12.8,100.0,109.9,-9.9,-1.6,0.3,,,,68.3,107.5,-39.2,,,,,,,,,0.00,8.5,90.7,15.8,147.5,251.0,-54.7,
7:03:37 PM,42.4736473,-82.8356801,13.5,R2,R-Spin,Full,Star,Run,12.8,100.2,109.4,-9.2,-2.4,-1.3,,,,68.3,107.5,-39.2,,,,,,,,,,8.6,86.9,15.1,145.5,248.3,-54.7,
7:03:38 PM,42.4736361,-82.8356011,,R2,R-Spin,Full,Star,Run,12.8,102.5,110.4,-8.0,-3.2,-1.2,,,,67.8,,,,,,,,,,,,8.4,90.4,15.4,147.3,251.6,-55.5,
7:03:39 PM,42.473622,-82.8355202,13.6,R2,R-Spin,Full,Star,Run,13.4,103.6,111.5,-7.9,-2.4,1.0,,,,68.1,109.0,-40.9,,,,,,,,,,8.2,94.2,16.1,149.3,254.9,-54.9,
7:03:40 PM,42.4736092,-82.83544,,R2,R-Spin,Full,Star,Run,13.0,99.9,108.4,-8.5,-0.7,-1.0,,,,70.1,107.3,-37.3,3.27,13.42,10.00,0.00,48.09,19.16,64.92,0.00,0.00,8.0,88.0,14.9,147.6,250.9,-54.9,
7:03:41 PM,42.4735993,-82.83536,13.9,R2,R-Spin,Full,Star,Run,12.4,101.6,109.4,-7.9,-0.8,-0.5,,,,67.3,106.5,-39.2,,,,,,,,,,8.1,91.9,15.4,148.2,250.8,,
7:03:42 PM,42.4735867,-82.8352772,13.8,R2,R-Spin,Full,Star,Run,13.3,100.5,,,-0.9,-0.8,,,,68.1,107.4,-39.3,,,,,,,,,,8.8,87.1,15.2,144.8,249.1,-54.0,
7:03:43 PM,42.473571,-82.8351879,,R2,R-Spin,Full,Star,Run,12.5,102.8,110.2,-7.5,-4.6,-0.9,,,,68.5,107.8,-39.3,3.27,13.42,10.00,0.00,48.09,19.16,66.39,0.00,,9.8,86.9,15.7,141.2,246.1,-51.2,
7:03:44 PM,42.4735556,-82.8351069,13.7,R2,R-Spin,Full,Star,Run,12.7,102.5,109.2,-6.7,,,,,,,105.9,,,,,,,,,,0.00,9.0,89.2,15.8,145.2,249.1,-57.2,
7:03:45 PM,42.4735414,-82.8350214,,R2,R-Spin,Full,Star,Run,13.4,102.6,107.9,-5.3,-3.4,-1.5,,,,67.5,106.2,-38.7,,,,,,,,,,,,,,,-56.8,
7:03:46 PM,42.4735271,-82.83494,13.6,R2,R-Spin,Full,Star,Run,12.9,101.6,109.5,-7.9,-2.5,-0.1,,,,66.9,107.3,-40.4,,,,,,,,,,8.7,90.2,15.7,146.5,249.9,-54.0,
7:03:47 PM,42.4735122,-82.834858,,R2,R-Spin,Full,Star,Run,13.0,100.5,108.7,-8.2,-4.7,-0.6,,,,67.9,106.4,-38.5,3.27,13.42,10.00,0.00,48.09,19.16,66.19,0.00,,9.2,88.4,15.7,144.2,248.3,-54.0,
7:03:48 PM,42.4734965,-82.8347751,14.1,R2,R-Spin,Full,Star,Run,13.3,101.8,109.6,-7.9,-3.8,-1.6,,,,66.9,,,,,,,,,,,0.00,9.0,86.5,15.5,144.5,248.3,-55.2,
7:03:49 PM,42.4734809,-82.8346931,,R2,R-Spin,Full,Star,Run,13.3,103.1,110.6,-7.5,-1.9,1.3,,,,67.4,107.8,-40.3,,,,,,,,,,8.5,96.9,16.6,149.6,254.6,-57.5,
7:03:50 PM,42.4734631,-82.8345996,13.9,R2,R-Spin,Full,Star,Run,13.6,102.2,111.3,-9.2,-2.7,-0.4,,,,68.3,108.3,-40.0,,,,,,,,,,9.0,87.4,16.1,145.8,251.6,-55.3,
7:03:51 PM,42.4734495,-82.8345138,13.5,R2,R-Spin,Full,Star,Run,13.6,99.4,107.5,-8.1,-4.9,-0.7,,,,68.7,108.5,-39.8,3.27,13.42,10.00,0.00,48.09,19.16,65.26,0.00,,11.3,88.1,17.2,139.1,245.3,-55.5,
7:03:52 PM,42.4734373,-82.8344299,14.3,R2,R-Spin,Full,Star,Run,13.2,101.5,,,-0.2,-0.4,,,,63.3,104.1,-40.7,,,,,,,,,0.00,9.2,90.2,16.2,145.6,249.8,-60.4,
7:03:53 PM,42.4734235,-82.8343452,,R2,R-Spin,Full,Star,Run,13.9,101.3,106.8,-5.5,,,,,,,106.0,,,,,,,,,,,9.0,85.7,15.8,145.5,248.7,-50.2,
7:03:54 PM,42.4734097,-82.8342623,14.2,R2,R-Spin,Full,Star,Run,13.5,100.9,108.7,-7.8,-3.5,-0.5,,,,67.9,105.7,-37.8,,,,,,,,,,10.7,81.7,16.0,138.5,242.5,-51.5,
7:03:55 PM,42.4733979,-82.8341788,,R2,R-Spin,Full,Star,Run,13.9,100.9,107.4,-6.5,-3.6,-0.6,,,,65.8,104.8,-39.1,3.27,13.42,10.00,0.01,48.09,19.16,66.40,0.00,,9.2,84.7,15.6,143.9,246.7,-55.1,
7:03:56 PM,42.4733862,-82.8340948,13.3,R2,R-Spin,Full,Star,Run,13.7,100.4,107.0,-6.6,-1.1,-0.5,,,,64.2,105.7,-41.5,,,,,,,,,0.00,8.6,89.1,15.9,147.5,250.2,-53.0,
7:03:57 PM,42.4733736,-82.8340106,,R2,R-Spin,Full,Star,Run,13.7,102.4,109.1,-6.7,-3.3,-0.1,,,,67.5,106.9,-39.5,,,,,,,,,,9.6,84.2,15.7,142.6,246.3,-53.2,
7:03:58 PM,42.4733597,-82.83392,13.3,R2,R-Spin,Full,Star,Run,13.3,100.2,108.3,-8.1,-4.4,-0.4,,,,67.1,,,,,,,,,,,,9.7,85.8,15.9,142.4,245.7,-57.7,
7:03:59 PM,42.4733469,-82.8338343,,R2,R-Spin,Full,Star,Run,13.8,101.7,108.1,-6.5,-0.6,-0.9,,,,65.6,105.3,-39.8,3.27,13.42,10.00,0.00,48.09,19.16,66.19,0.00,,7.9,83.4,15.1,148.8,251.7,-52.0,
7:04:00 PM,42.4733341,-82.8337507,13.7,R2,R-Spin,Full,Star,Run,13.7,100.7,107.7,-6.9,-4.0,0.6,,,,66.5,106.1,-39.6,,,,,,,,,0.00,10.8,85.6,16.7,139.9,243.5,-51.3,
7:04:01 PM,42.4733239,-82.8336681,,R2,R-Spin,Full,Star,Run,13.5,98.4,105.4,-7.0,-4.9,-2.3,,,,64.5,104.4,-39.9,,,,,,,,,,10.7,82.6,16.2,139.0,240.8,-57.7,
7:04:02 PM,42.4733163,-82.8335803,13.8,R2,R-Spin,Full,Star,Run,14.7,97.7,,,,,,,,61.2,102.0,-40.8,,,,,,,,,,,,,,,-58.2,
7:04:03 PM,42.4733067,-82.8334904,,R2,R-Spin,Full,Star,Run,14.8,99.3,104.9,-5.6,-5.0,-0.8,,,,,103.4,,3.27,13.42,10.00,0.01,48.09,19.16,67.28,0.00,,10.3,89.5,17.4,143.6,244.3,,
7:04:04 PM,42.4732951,-82.8334007,14.2,R2,R-Spin,Full,Star,Run,14.4,101.3,107.5,-6.2,-3.9,0.4,,,,63.1,106.6,-43.5,,,,,,,,,0.00,9.6,87.8,17.1,145.9,246.9,-58.2,
7:04:05 PM,42.4732829,-82.8333123,,R2,R-Spin,Full,Star,Run,14.4,100.0,108.0,-8.0,-5.5,-2.3,,,,67.9,104.7,-36.7,,,,,,,,,,10.8,82.4,16.7,140.3,243.6,-55.1,
7:04:06 PM,42.4732717,-82.8332133,14.1,R2,R-Spin,Full,Star,Run,15.0,100.8,105.4,-4.6,-3.1,0.4,,,,62.9,103.0,-40.1,,,,,,,,,,9.7,80.6,15.9,143.0,244.8,-59.3,
7:04:07 PM,42.4732614,-82.8331235,,R2,R-Spin,Full,Star,Run,14.6,100.1,106.4,-6.3,-3.2,0.0,,,,63.7,104.9,-41.2,3.27,13.42,10.00,0.00,48.09,19.16,66.96,0.00,,8.9,86.8,16.8,147.9,249.1,-57.2,
7:04:08 PM,42.473249,-82.8330349,14.1,R2,R-Spin,Full,Star,Run,14.3,101.6,108.5,-6.9,,,,,,66.4,105.9,-39.5,,,,,,,,,0.00,11.2,80.5,16.9,139.2,241.4,-56.6,
7:04:09 PM,42.4732357,-82.8329442,,R2,R-Spin,Full,Star,Run,14.7,101.2,107.2,-6.0,-4.9,-1.3,,,,65.0,,,,,,,,,,,,10.9,79.1,16.5,139.4,242.7,-57.6,
7:04:10 PM,42.4732259,-82.8328517,14.0,R2,R-Spin,Full,Star,Run,14.9,96.8,104.6,-7.8,-5.7,-0.9,,,,63.9,104.3,-40.4,,,,,,,,,,10.8,79.2,16.6,140.2,242.3,-58.1,
7:04:11 PM,42.4732172,-82.8327568,,R2,R-Spin,Full,Star,Run,15.3,98.0,104.1,-6.1,-5.4,-0.4,,,,,101.4,,3.27,13.42,10.00,0.00,48.09,19.16,66.19,0.00,,10.2,80.9,16.6,142.6,242.4,-58.2,
7:04:12 PM,42.4732088,-82.8326644,13.6,R2,R-Spin,Full,Star,Run,15.2,97.2,104.2,-7.1,-4.1,-2.3,,,,61.8,101.9,-40.1,,,,,,,,,0.00,10.0,76.2,16.0,142.6,242.4,-60.0,
7:04:13 PM,42.4732007,-82.8325694,,R2,R-Spin,Full,Star,Run,15.2,97.0,,,-3.1,-0.2,,,,61.9,101.6,-39.6,,,,,,,,,,10.0,84.8,17.5,145.1,244.8,-59.4,
7:04:14 PM,42.4731919,-82.832465,13.5,R2,R-Spin,Full,Star,Run,14.8,95.0,103.8,-8.8,-3.8,-2.0,,,,63.1,101.1,-38.0,,,,,,,,,,10.5,79.0,16.7,141.7,240.5,-59.4,
7:04:15 PM,,,,R2,R-Spin,Full,Star,Run,15.0,92.2,101.8,-9.6,-3.3,-1.1,,,,61.7,98.4,-36.7,3.27,13.42,10.00,0.00,48.09,19.16,64.70,0.00,,10.1,85.6,17.4,144.5,241.4,-59.1,
7:04:16 PM,42.4731884,-82.8323711,13.7,R2,R-Spin,Full,Star,Run,14.7,93.8,101.1,-7.4,-4.0,-2.4,,,,60.8,99.5,-38.7,,,,,,,,,0.00,9.8,80.9,16.4,143.9,240.2,-57.8,
7:04:17 PM,42.4731846,-82.8322809,,R2,R-Spin,Full,Star,Run,15.3,96.6,102.4,-5.9,-4.7,-0.8,,,,60.7,100.6,-39.9,,,,,,,,,,9.4,88.8,17.4,147.5,245.0,-57.8,
7:04:18 PM,42.4731798,-82.8321892,13.7,R2,R-Spin,Full,Star,Run,15.3,95.4,103.8,-8.5,,,,,,62.1,101.9,-39.8,,,,,,,,,,8.7,85.3,16.8,148.8,247.0,-57.8,
7:04:19 PM,42.4731737,-82.8320973,,R2,R-Spin,Full,Star,Run,15.2,96.0,103.4,-7.3,-4.7,-0.6,,,,61.6,,,3.27,13.42,10.00,0.01,48.09,19.16,65.94,0.00,,9.5,83.7,16.9,146.1,244.1,-57.8,
7:04:20 PM,42.4731671,-82.8320033,13.9,R2,R-Spin,Full,Star,Run,14.8,95.1,102.6,-7.5,-5.6,-2.7,,,,,101.2,,,,,,,,,,0.00,,,,,,-58.4,
7:04:21 PM,42.4731617,-82.83191,,R2,R-Spin,Full,Star,Run,,,102.8,,-3.4,1.3,,,,59.8,99.6,-39.8,,,,,,,,,,8.6,92.7,17.6,151.0,248.4,-58.5,
7:04:22 PM,42.47315648,-82.83180689,14.1,R2,R-Spin,Full,Star,Run,15.4,95.1,100.8,-5.7,-1.9,-1.7,,,,60.3,99.8,-39.5,,,,,,,,,,8.0,81.1,16.1,150.4,246.9,-58.4,
7:04:23 PM,42.47315418,-82.83171572,,R2,R-Spin,Full,Star,Run,14.5,93.2,,,-2.0,0.1,,,,59.4,98.8,-39.4,3.27,13.42,10.00,0.00,48.09,19.16,66.11,0.00,,8.7,90.3,17.2,149.5,244.8,-57.7,
7:04:24 PM,42.47315282,-82.83162472,13.8,R2,R-Spin,Full,Star,Run,14.4,92.6,102.4,-9.7,-3.5,-0.5,,,,61.1,100.6,-39.5,,,,,,,,,0.00,8.8,87.6,16.7,148.2,243.5,-57.5,
7:04:25 PM,42.47315088,-82.83153471,,R2,R-Spin,Full,Star,Run,14.4,94.2,103.1,-8.9,,,,,,60.6,100.3,-39.7,,,,,,,,,,9.4,88.0,16.9,146.1,242.9,,
7:04:26 PM,42.47314764,-82.83144563,14.1,R2,R-Spin,Full,Star,Run,14.1,93.9,102.6,-8.7,-3.7,-1.3,,,,60.9,100.4,-39.5,,,,,,,,,,7.8,87.3,16.0,151.1,247.4,-57.5,
7:04:27 PM,42.47314349,-82.83135781,,R2,R-Spin,Full,Star,Run,14.3,93.4,102.1,-8.7,-3.2,-1.6,,,,59.8,99.1,-39.3,3.27,13.42,10.00,0.01,48.09,19.16,65.30,0.00,,7.6,86.4,15.9,151.4,247.2,-57.6,
7:04:28 PM,42.47314131,-82.83126893,14.2,R2,R-Spin,Full,Star,Run,14.3,92.8,101.1,-8.3,-1.8,0.0,,,,,98.7,,,,,,,,,,0.00,7.1,91.6,16.2,154.0,248.9,-58.2,
7:04:29 PM,42.4731385,-82.8311721,,R2,R-Spin,Full,Star,Run,13.6,91.8,100.2,-8.4,0.5,-0.5,,,,59.5,98.0,-38.5,,,,,,,,,,7.1,87.5,15.3,152.6,246.3,-57.3,
7:04:30 PM,42.4731374,-82.8310872,14.0,R2,R-Spin,Full,Star,Run,13.2,90.5,101.2,-10.7,-1.5,-2.9,,,,60.5,,,,,,,,,,,,8.2,80.8,14.5,146.1,239.3,-53.1,
7:04:31 PM,42.473137,-82.8310054,,R2,R-Spin,Full,Star,Run,13.0,91.3,103.3,-12.0,-4.0,-0.5,,,,61.3,99.6,-38.3,3.27,13.42,10.00,0.01,48.09,19.16,66.28,0.00,,8.6,92.3,15.8,147.1,241.8,-55.1,
7:04:32 PM,42.4731361,-82.8309268,14.2,R2,R-Spin,Full,Star,Run,13.0,93.6,106.1,-12.5,,,,,,62.5,102.0,-39.5,,,,,,,,,0.00,7.7,93.5,15.2,149.6,246.1,-55.3,
7:04:33 PM,42.4731337,-82.8308493,,R2,R-Spin,Full,Star,Run,12.5,95.4,,,-2.7,-1.2,,,,63.8,104.5,-40.6,,,,,,,,,,7.4,88.6,14.2,148.7,246.8,-55.2,
7:04:34 PM,42.4731282,-82.8307732,14.5,R2,R-Spin,Full,Star,Run,12.2,98.5,107.8,-9.3,-1.8,-0.8,,,,65.0,106.8,-41.8,,,,,,,,,,8.1,96.6,15.6,149.0,251.2,-55.6,
7:04:35 PM,42.4731181,-82.8306951,,R2,R-Spin,Full,Star,Run,12.1,100.7,111.9,-11.1,-4.9,-0.6,,,,69.4,110.2,-40.8,3.27,13.42,10.00,0.00,48.09,19.16,66.96,0.00,,8.7,92.7,15.5,145.7,250.1,-53.4,
7:04:36 PM,42.4731056,-82.8306193,15.4,R2,R-Spin,Full,Star,Run,12.7,102.0,111.9,-9.9,-4.9,-0.2,,,,67.7,109.0,-41.3,,,,,,,,,0.00,,,,,,-57.5,
7:04:37 PM,42.473089,-82.8305307,,R2,R-Spin,Full,Star,Run,13.2,105.0,113.0,-7.9,-4.1,-0.2,,,,,111.8,,,,,,,,,,,8.3,99.0,16.4,149.9,256.0,-55.7,
7:04:38 PM,42.4730725,-82.8304502,14.5,R2,R-Spin,Full,Star,Run,13.5,105.5,115.0,-9.4,,,,,,72.0,111.5,-39.5,,,,,,,,,,9.5,95.2,16.7,145.7,253.5,-56.1,
7:04:39 PM,42.473055,-82.8303686,,R2,R-Spin,Full,Star,Run,13.1,106.9,112.9,-6.0,-5.0,-0.3,,,,70.7,110.2,-39.5,3.27,13.42,10.00,0.00,48.09,19.16,66.48,0.00,,9.5,94.2,16.7,145.6,254.5,-56.7,
7:04:40 PM,42.4730383,-82.8302875,15.9,R2,R-Spin,Full,Star,Run,13.5,104.4,110.7,-6.3,-3.1,-1.0,,,,69.4,,,,,,,,,,,0.00,9.0,90.8,16.2,146.3,254.4,-56.9,
7:04:41 PM,42.4730244,-82.8302038,,R2,R-Spin,Full,Star,Run,13.5,103.5,110.2,-6.7,-2.3,0.4,,,,67.8,107.4,-39.6,,,,,,,,,,9.0,94.3,16.8,148.0,254.3,-57.1,
7:04:42 PM,42.4730085,-82.83012,14.8,R2,R-Spin,Full,Star,Run,13.7,103.4,108.4,-5.0,-2.4,-1.1,,,,67.7,107.8,-40.1,,,,,,,,,,9.7,89.2,16.7,144.6,250.6,-57.0,
7:04:43 PM,42.4729936,-82.8300354,14.7,R2,R-Spin,Full,Star,Run,13.9,102.1,106.4,-4.3,-3.6,0.4,,,,66.5,105.4,-38.9,3.27,13.42,10.00,0.00,48.09,19.16,64.61,0.00,,9.9,95.3,17.8,146.4,251.5,-57.0,
7:04:44 PM,42.4729789,-82.8299397,14.8,R2,R-Spin,Full,Star,Run,14.1,99.6,,,-1.7,-0.4,,,,,103.2,,,,,,,,,,0.00,9.0,93.5,17.1,148.5,250.7,-57.0,
7:04:45 PM,42.472967,-82.8298524,,R2,R-Spin,Full,Star,Run,14.0,100.3,105.7,-5.4,-0.8,-0.4,,,,64.2,103.8,-39.6,,,,,,,,,,9.2,95.9,17.7,148.7,250.7,-57.1,
7:04:46 PM,42.4729543,-82.8297647,13.9,R2,R-Spin,Full,Star,Run,14.7,101.7,107.3,-5.7,-3.7,0.0,,,,65.5,105.8,-40.3,,,,,,,,,,10.3,96.9,18.7,146.7,249.8,-57.2,
7:04:47 PM,42.4729408,-82.8296743,,R2,R-Spin,Full,Star,Run,14.7,101.3,107.5,-6.1,-5.0,-1.4,,,,65.0,104.5,-39.6,3.27,13.42,10.00,0.00,48.09,19.16,65.43,0.00,,10.2,91.1,18.0,145.5,249.0,,
7:04:48 PM,42.4729274,-82.8295823,14.0,R2,R-Spin,Full,Star,Run,15.4,99.2,105.2,-5.9,,,,,,64.1,102.7,-38.6,,,,,,,,,0.00,9.3,98.9,18.8,150.6,252.2,-57.7,
7:04:49 PM,42.4729161,-82.8294882,,R2,R-Spin,Full,Star,Run,15.1,99.6,105.8,-6.2,-2.5,0.0,,,,64.8,104.2,-39.4,,,,,,,,,,8.2,92.7,17.4,151.8,253.0,-57.8,
7:04:50 PM,42.4729028,-82.8293896,15.1,R2,R-Spin,Full,Star,Run,14.6,100.1,107.2,-7.1,-0.4,-1.0,,,,,,,,,,,,,,,,9.7,98.0,18.7,149.1,251.5,-57.8,
7:04:51 PM,42.4728914,-82.8293002,,R2,R-Spin,Full,Star,Run,13.9,99.8,106.6,-6.7,-1.5,-0.7,,,,66.9,104.8,-37.9,3.27,13.42,10.00,0.01,48.09,19.16,65.46,0.00,,9.1,95.5,17.6,149.1,250.7,-57.1,
7:04:52 PM,42.4728825,-82.829212,15.7,R2,R-Spin,Full,Star,Run,14.0,97.8,105.8,-8.1,-0.3,-0.5,,,,65.1,103.4,-38.3,,,,,,,,,0.00,9.4,96.9,18.1,148.9,249.8,-57.0,
7:04:53 PM,42.4728735,-82.8291248,,R2,R-Spin,Full,Star,Run,14.3,98.1,106.5,-8.4,-1.4,-1.3,,,,64.8,103.8,-39.0,,,,,,,,,,,,,,,-57.0,
7:04:54 PM,42.4728636,-82.8290359,17.1,R2,R-Spin,Full,Star,Run,14.1,102.2,,,-3.9,-0.9,,,,64.7,104.7,-40.0,,,,,,,,,,10.2,99.6,18.8,147.7,249.0,-57.6,
7:04:55 PM,42.4728519,-82.8289465,,R2,R-Spin,Full,Star,Run,14.1,99.7,107.9,-8.2,-4.5,-0.2,,,,64.5,104.6,-40.1,3.27,13.42,10.00,0.01,48.09,19.16,64.97,0.00,,8.7,97.2,17.7,150.9,253.2,-57.7,
7:04:56 PM,42.4728417,-82.8288574,15.9,R2,R-Spin,Full,Star,Run,14.4,97.7,105.1,-7.4,,,,,,,101.9,,,,,,,,,,0.00,7.9,101.2,17.7,154.1,255.1,-57.8,
7:04:57 PM,42.4728334,-82.82877,,R2,R-Spin,Full,Star,Run,14.3,97.9,104.5,-6.6,-1.6,-1.7,,,,63.0,102.3,-39.3,,,,,,,,,,6.5,97.3,16.5,157.0,256.4,-57.6,
7:04:58 PM,42.4728256,-82.8286833,15.3,R2,R-Spin,Full,Star,Run,14.1,98.0,105.1,-7.1,-1.6,-1.1,,,,63.8,103.2,-39.5,,,,,,,,,,8.2,93.0,16.7,150.8,250.2,-49.4,
7:04:59 PM,42.4728168,-82.8285928,,R2,R-Spin,Full,Star,Run,13.9,98.0,106.3,-8.3,-2.1,-1.0,,,,64.8,103.4,-38.6,3.27,13.42,10.00,0.01,48.09,19.16,64.83,0.00,,8.9,95.1,17.0,148.4,248.9,-51.4,
7:05:00 PM,42.4728115,-82.828513,15.6,R2,R-Spin,Full,Star,Run,13.0,95.5,104.2,-8.7,-0.4,-1.0,,,,65.2,102.2,-37.0,,,,,,,,,0.00,8.3,97.0,16.6,150.0,249.3,-51.4,
7:05:01 PM,42.472809,-82.8284355,,R2,R-Spin,Full,Star,Run,12.1,95.5,105.4,-9.9,1.1,-1.6,,,,64.2,,,,,,,,,,,,7.9,94.5,15.5,149.6,247.6,-51.4,
7:05:02 PM,42.4728034,-82.8283607,17.1,R2,R-Spin,Full,Star,Run,11.6,97.2,108.5,-11.2,,,,,,65.6,104.1,-38.5,,,,,,,,,,9.4,100.9,16.6,146.2,246.1,-51.4,
7:05:03 PM,42.4727957,-82.828292,,R2,R-Spin,Full,Star,Run,11.4,100.4,112.0,-11.6,-1.9,-1.3,,,,68.4,107.7,-39.3,3.27,13.42,10.00,0.00,48.09,19.16,67.11,0.00,,9.4,97.8,15.7,143.4,246.4,-51.4,
7:05:04 PM,42.472785,-82.8282232,17.2,R2,R-Spin,Full,Star,Run,11.3,102.5,113.2,-10.7,-4.0,-1.5,,,,69.8,110.6,-40.8,,,,,,,,,0.00,9.4,100.3,15.9,144.3,250.1,-54.3,
7:05:05 PM,42.4727712,-82.8281518,,R2,R-Spin,Full,Star,Run,11.4,103.6,,,-3.7,-0.1,,,,68.3,110.9,-42.6,,,,,,,,,,8.7,105.0,16.1,148.6,255.7,-55.5,
7:05:06 PM,42.4727562,-82.8280732,17.5,R2,R-Spin,Full,Star,Run,11.4,105.6,113.5,-7.8,-1.9,0.3,,,,,111.7,,,,,,,,,,,9.9,100.4,16.6,144.0,252.5,-55.5,
7:05:07 PM,42.47274,-82.8280017,,R2,R-Spin,Full,Star,Run,11.6,107.0,114.4,-7.4,-1.8,-0.1,,,,69.9,112.4,-42.5,,,,,,,,,,10.3,97.7,16.7,142.3,252.3,-55.5,
7:05:08 PM,42.4727232,-82.8279284,17.1,R2,R-Spin,Full,Star,Run,11.9,108.5,115.6,-7.1,,,,,,,113.7,,,,,,,,,,,10.7,96.0,16.7,140.6,251.7,-55.5,
7:05:09 PM,42.4727073,-82.8278571,,R2,R-Spin,Full,Star,Run,12.0,109.4,116.7,-7.3,,,,,,,114.9,,,,,,,,,,,,,,,,-55.9,
7:05:10 PM,42.4726893,-82.8277878,17.3,R2,R-Spin,Full,Star,Run,12.5,110.9,118.1,-7.2,,,,,,,115.5,,,,,,,,,,,9.9,94.3,16.0,142.0,254.2,-56.0,
7:05:11 PM,42.4726697,-82.8277175,17.5,R2,R-Spin,Full,Star,Run,11.7,111.4,117.7,-6.3,,,,,,,,,,,,,,,,,,9.9,90.3,15.6,140.6,254.5,-55.5,
7:05:12 PM,42.4726494,-82.8276462,,R2,R-Spin,Full,Star,Run,12.0,110.2,115.6,-5.3,,,,,,,115.5,,,,,,,,,,,10.0,90.0,15.7,140.3,254.1,-56.0,
7:05:13 PM,42.4726313,-82.8275721,18.0,R2,R-Spin,Full,Star,Run,12.6,108.0,112.2,-4.1,-2.2,0.5,,,,70.9,111.3,-40.4,,,,,,,,,,10.1,88.8,15.6,139.9,252.2,-56.5,
7:05:14 PM,42.4726109,-82.8274877,,R2,R-Spin,Full,Star,Run,12.7,107.8,113.3,-5.5,-0.4,0.8,,,,70.2,110.1,-39.9,,,,,,,,,,9.2,89.5,15.6,143.9,254.2,-55.1,
7:05:15 PM,42.4725935,-82.8274127,17.7,R2,R-Spin,Full,Star,Run,12.3,105.1,,,-3.2,0.8,,,,72.4,110.1,-37.7,3.27,13.42,10.00,0.00,48.09,19.16,65.10,0.00,,11.7,89.4,17.1,136.8,247.0,,
7:05:16 PM,42.4725789,-82.8273359,,R2,R-Spin,Full,Star,Run,12.5,103.9,110.2,-6.3,0.0,0.1,,,,68.3,106.9,-38.6,,,,,,,,,0.00,10.1,86.2,15.5,139.4,247.5,-55.7,
7:05:17 PM,42.4725646,-82.8272577,17.8,R2,R-Spin,Full,Star,Run,12.8,103.8,108.8,-4.9,0.5,0.0,,,,68.7,106.7,-38.0,,,,,,,,,,10.1,91.5,16.4,141.9,248.4,-56.3,
7:05:18 PM,42.4725499,-82.827181,,R2,R-Spin,Full,Star,Run,12.2,104.8,109.0,-4.2,,,,,,,107.2,,,,,,,,,,,11.3,85.5,16.2,136.1,242.4,-55.8,
7:05:19 PM,42.4725349,-82.8271051,17.5,R2,R-Spin,Full,Star,Run,12.4,104.7,110.1,-5.3,-3.0,0.6,,,,69.6,107.4,-37.8,,,,,,,,,,11.4,92.0,17.1,138.4,245.1,-55.5,
7:05:20 PM,42.4725196,-82.8270285,,R2,R-Spin,Full,Star,Run,12.1,103.9,108.6,-4.6,-3.1,-0.8,,,,69.1,106.1,-37.0,3.27,13.42,10.00,0.00,48.09,19.16,66.17,0.00,0.00,10.4,91.0,16.3,140.4,246.9,-55.7,
7:05:21 PM,42.4725047,-82.8269433,17.6,R2,R-Spin,Full,Star,Run,,,107.8,,-1.7,-0.3,,,,67.1,104.2,-37.1,,,,,,,,,,11.7,96.2,18.2,140.2,245.5,-55.7,
7:05:22 PM,42.4724932,-82.8268636,,R2,R-Spin,Full,Star,Run,13.0,101.9,105.9,-4.0,-2.3,-0.6,,,,66.3,,,,,,,,,,,,11.2,92.7,17.4,140.0,243.5,-55.6,
7:05:23 PM,42.472483,-82.8267835,17.7,R2,R-Spin,Full,Star,Run,12.8,100.2,106.8,-6.6,-2.4,1.0,,,,66.1,104.0,-37.9,3.27,13.42,10.00,0.00,48.09,19.16,65.75,0.00,,10.3,104.5,18.4,147.1,250.4,-55.7,
7:05:24 PM,42.4724714,-82.8267031,,R2,R-Spin,Full,Star,Run,12.9,100.3,107.8,-7.4,,,,,,,104.9,,,,,,,,,,,,,,,,-56.0,
7:05:25 PM,42.4724608,-82.8266248,17.3,R2,R-Spin,Full,Star,Run,12.2,100.6,110.6,-10.1,-1.9,0.8,,,,66.2,105.9,-39.6,,,,,,,,,0.00,9.9,104.6,17.9,147.9,251.3,-56.0,
7:05:26 PM,42.4724451,-82.8265478,,R2,R-Spin,Full,Star,Run,12.7,102.4,,,,,,,,,109.8,,,,,,,,,,,9.6,103.7,17.7,148.1,252.4,-56.0,
7:05:27 PM,42.4724279,-82.8264674,17.5,R2,R-Spin,Full,Star,Run,12.6,105.5,113.2,-7.7,,,,,,,110.1,,,,,,,,,,,10.6,103.7,18.4,145.9,253.7,-56.7,
7:05:28 PM,42.4724132,-82.8263836,,R2,R-Spin,Full,Star,Run,13.7,103.8,109.8,-6.0,,,,,,,106.4,,,,,,,,,,,10.7,106.3,19.3,147.8,255.7,-62.8,
7:05:29 PM,,,17.7,R2,R-Spin,Full,Star,Run,13.8,103.6,107.5,-3.9,,,,,,,105.2,,,,,,,,,,,10.7,110.2,20.2,150.4,256.5,-58.8,
7:05:30 PM,42.4723963,-82.8262892,,R2,R-Spin,Full,Star,Run,14.3,103.1,108.4,-5.3,-2.1,-2.8,,,,68.0,105.8,-37.8,,,,,,,,,,10.8,104.8,20.0,148.6,253.9,-57.2,
7:05:31 PM,42.4723818,-82.8262022,17.5,R2,R-Spin,Full,Star,Run,14.3,102.7,104.9,-2.2,,,,,,,102.0,,3.27,13.42,10.00,0.00,48.09,19.16,64.60,0.00,,11.2,108.8,20.6,149.0,253.3,-57.7,
7:05:32 PM,42.4723709,-82.8261174,,R2,R-Spin,Full,Star,Run,14.0,98.6,105.3,-6.8,0.6,1.2,,,,65.1,,,,,,,,,,,0.00,9.7,100.7,18.4,148.8,250.0,-50.0,
7:05:33 PM,42.4723612,-82.8260352,17.3,R2,R-Spin,Full,Star,Run,12.8,98.2,105.6,-7.4,-0.4,-1.6,,,,66.0,103.4,-37.4,,,,,,,,,,10.5,98.8,18.0,144.8,245.9,-51.9,
7:05:34 PM,42.4723523,-82.8259576,17.3,R2,R-Spin,Full,Star,Run,12.7,99.4,105.9,-6.5,-0.9,-1.5,,,,66.1,103.7,-37.6,,,,,,,,,,9.1,102.1,17.1,148.9,250.8,-51.9,
7:05:35 PM,42.4723433,-82.8258822,,R2,R-Spin,Full,Star,Run,12.3,98.8,104.4,-5.7,-0.6,-0.5,,,,64.7,102.8,-38.1,3.27,13.42,10.00,0.00,48.09,19.16,65.54,0.00,,9.1,107.7,17.3,150.0,250.6,-51.9,
7:05:36 PM,42.4723369,-82.8258079,17.1,R2,R-Spin,Full,Star,Run,12.1,97.0,,,-0.8,-1.2,,,,64.1,102.3,-38.2,,,,,,,,,0.00,9.0,108.5,17.0,150.1,250.0,-51.9,
7:05:37 PM,42.4723325,-82.8257274,,R2,R-Spin,Full,Star,Run,11.7,96.6,105.3,-8.8,-1.8,-1.3,,,,64.7,103.5,-38.8,,,,,,,,,,9.2,115.8,17.6,152.0,252.6,,
7:05:38 PM,42.47232686,-82.82565761,17.5,R2,R-Spin,Full,Star,Run,11.1,98.2,106.9,-8.6,,,,,,,104.9,,,,,,,,,,,8.9,121.1,17.5,154.3,256.4,-51.9,
7:05:39 PM,42.47231956,-82.8255904,,R2,R-Spin,Full,Star,Run,11.0,99.9,107.9,-8.0,-2.4,-1.1,,,,65.1,106.1,-41.0,3.27,13.42,10.00,0.00,48.09,19.16,66.43,0.00,,7.8,122.5,16.6,156.6,259.1,-51.8,
7:05:40 PM,42.47231102,-82.82552381,17.7,R2,R-Spin,Full,Star,Run,10.6,100.0,109.4,-9.5,-2.1,-0.3,,,,66.7,107.9,-41.2,,,,,,,,,0.00,,,,,,-51.6,
7:05:41 PM,42.47230282,-82.82545932,,R2,R-Spin,Full,Star,Run,10.4,101.5,112.2,-10.8,-1.3,-0.4,,,,68.3,110.1,-41.8,,,,,,,,,,7.4,123.4,16.0,157.3,261.4,-50.2,
7:05:42 PM,42.47229277,-82.82539433,17.6,R2,R-Spin,Full,Star,Run,9.9,101.6,112.3,-10.7,-3.3,-0.2,,,,70.1,110.6,-40.6,,,,,,,,,,8.3,116.0,15.8,151.7,257.4,-52.3,
7:05:43 PM,42.47228121,-82.82533195,,R2,R-Spin,Full,Star,Run,10.2,105.2,115.1,-9.9,-2.1,0.0,,,,70.2,,,,,,,,,,,,7.6,118.8,15.3,154.4,261.6,-52.3,
7:05:44 PM,42.4722666,-82.8252627,17.4,R2,R-Spin,Full,Star,Run,9.9,105.4,115.6,-10.1,-4.6,0.0,,,,71.6,113.4,-41.8,3.27,13.42,10.00,0.01,48.09,19.16,66.82,0.00,0.00,7.5,112.1,15.0,152.2,261.4,-52.6,
7:05:45 PM,42.4722513,-82.825198,,R2,R-Spin,Full,Star,Run,11.1,108.8,114.6,-5.8,-3.0,0.0,,,,70.1,112.8,-42.6,,,,,,,,,,6.4,114.4,14.8,156.7,267.2,-58.2,
7:05:46 PM,42.4722363,-82.825131,15.6,R2,R-Spin,Full,Star,Run,11.7,107.7,115.2,-7.5,-3.5,1.6,,,,72.1,112.2,-40.1,,,,,,,,,,8.0,120.1,16.9,155.9,266.2,-58.1,
7:05:47 PM,42.47222,-82.8250601,15.6,R2,R-Spin,Full,Star,Run,12.3,109.5,,,-3.3,0.0,,,,71.9,113.1,-41.1,3.27,13.42,10.00,0.00,48.09,19.16,67.09,0.00,,8.2,109.4,16.6,152.0,263.2,-58.1,
7:05:48 PM,42.4722029,-82.8249892,,R2,R-Spin,Full,Star,Run,13.0,110.1,115.2,-5.2,,,,,,,112.6,,,,,,,,,,0.00,8.5,108.7,17.2,152.0,264.4,-58.1,
7:05:49 PM,42.4721829,-82.8249112,15.1,R2,R-Spin,Full,Star,Run,12.9,110.6,114.6,-4.0,-4.1,0.3,,,,71.6,111.4,-39.7,,,,,,,,,,9.5,105.1,18.0,149.2,261.7,-58.2,
7:05:50 PM,42.4721626,-82.824832,,R2,R-Spin,Full,Star,Run,13.7,108.2,111.5,-3.3,-4.2,0.7,,,,70.4,108.2,-37.9,,,,,,,,,,10.5,106.0,19.2,148.3,258.6,-58.8,
7:05:51 PM,42.472142,-82.8247414,15.2,R2,R-Spin,Full,Star,Run,14.0,106.1,109.7,-3.6,-2.5,0.5,,,,68.6,107.2,-38.7,3.27,13.42,10.00,0.00,48.09,19.16,65.74,0.00,,10.9,101.7,19.4,146.7,255.1,-58.8,
7:05:52 PM,42.4721249,-82.8246567,,R2,R-Spin,Full,Star,Run,14.2,106.5,109.6,-3.1,-2.9,0.1,,,,68.5,107.1,-38.5,,,,,,,,,0.00,10.9,96.8,18.9,145.3,253.3,-58.9,
7:05:53 PM,42.4721078,-82.8245709,15.3,R2,R-Spin,Full,Star,Run,14.1,103.7,107.1,-3.4,-2.7,-0.2,,,,68.3,,,,,,,,,,,,11.0,97.8,19.1,145.3,251.4,-58.9,
7:05:54 PM,42.4720924,-82.8244842,,R2,R-Spin,Full,Star,Run,14.5,104.3,108.5,-4.2,-0.8,-0.6,,,,68.2,104.7,-36.6,,,,,,,,,,9.5,88.8,16.9,145.8,251.0,-54.3,
7:05:55 PM,42.4720775,-82.8243981,15.6,R2,R-Spin,Full,Star,Run,13.5,100.7,106.6,-5.8,-2.3,-0.4,,,,68.8,105.8,-37.0,3.27,13.42,10.00,0.01,48.09,19.16,65.72,0.00,,9.9,95.0,17.6,145.8,249.2,-54.2,
7:05:56 PM,42.4720634,-82.8243137,,R2,R-Spin,Full,Star,Run,13.4,101.9,108.9,-7.0,-1.3,-2.7,,,,69.5,105.0,-35.5,,,,,,,,,0.00,,,,,,-55.2,
7:05:57 PM,42.4720484,-82.8242315,17.1,R2,R-Spin,Full,Star,Run,13.2,104.2,,,-4.0,-0.5,,,,72.2,107.8,-35.7,,,,,,,,,,8.8,89.9,16.1,147.1,251.5,-55.1,
7:05:58 PM,42.4720325,-82.8241504,,R2,R-Spin,Full,Star,Run,12.8,106.7,111.9,-5.2,-5.4,-3.1,,,,72.2,110.0,-37.8,,,,,,,,,,10.3,98.6,17.9,145.5,252.2,-56.8,
7:05:59 PM,42.4720127,-82.8240627,16.5,R2,R-Spin,Full,Star,Run,13.1,104.8,111.2,-6.4,,,,,,,107.7,,3.27,13.42,10.00,0.00,48.09,19.16,65.87,0.00,,9.6,94.8,16.8,145.3,253.1,-57.2,
7:06:00 PM,42.4719987,-82.8239815,,R2,R-Spin,Full,Star,Run,13.2,104.9,110.0,-5.1,-2.6,0.2,,,,68.8,108.7,-39.9,,,,,,,,,0.00,8.5,105.8,17.6,152.5,258.9,-56.6,
7:06:01 PM,42.4719823,-82.8238994,17.2,R2,R-Spin,Full,Star,Run,13.5,106.8,113.1,-6.3,-2.3,-1.1,,,,71.7,111.9,-40.2,,,,,,,,,,9.0,97.6,17.1,148.6,255.6,,
7:06:02 PM,42.4719635,-82.8238183,,R2,R-Spin,Full,Star,Run,13.8,108.8,114.8,-6.1,-4.3,0.7,,,,72.6,113.2,-40.5,,,,,,,,,,10.4,101.8,18.6,147.0,256.9,-56.7,
7:06:03 PM,42.4719416,-82.823735,16.9,R2,R-Spin,Full,Star,Run,14.1,109.8,114.4,-4.6,-5.7,-1.3,,,,73.1,110.4,-37.3,3.27,13.42,10.00,0.00,48.09,19.16,65.50,0.00,,10.8,95.4,18.4,144.4,256.2,-57.8,
7:06:04 PM,42.4719204,-82.8236523,,R2,R-Spin,Full,Star,Run,14.0,107.2,112.2,-5.0,-3.6,0.3,,,,71.5,,,,,,,,,,,0.00,9.8,98.8,18.3,148.2,257.8,-58.0,
7:06:05 PM,42.4719005,-82.8235683,16.1,R2,R-Spin,Full,Star,Run,14.0,109.0,114.7,-5.8,-2.3,-1.7,,,,73.4,110.9,-37.5,,,,,,,,,,9.6,90.6,17.2,146.1,256.3,-57.9,
7:06:06 PM,42.4718796,-82.823486,,R2,R-Spin,Full,Star,Run,13.9,109.0,112.6,-3.6,-1.8,0.6,,,,74.0,112.4,-38.4,,,,,,,,,,9.8,95.5,17.9,146.9,257.8,-58.0,
7:06:07 PM,42.4718576,-82.823391,17.2,R2,R-Spin,Full,Star,Run,13.3,105.5,110.8,-5.3,-1.2,-3.1,,,,70.9,108.8,-37.9,3.27,13.42,10.00,0.01,48.09,19.16,65.34,0.00,,9.9,84.2,16.3,142.9,250.9,-56.3,
7:06:08 PM,42.4718404,-82.823307,,R2,R-Spin,Full,Star,Run,14.3,106.6,,,,,,,,,109.4,,,,,,,,,,0.00,11.2,97.8,19.2,144.8,253.5,-58.6,
7:06:09 PM,42.4718211,-82.8232194,17.3,R2,R-Spin,Full,Star,Run,14.5,104.8,111.3,-6.4,-4.0,0.8,,,,71.5,108.1,-36.6,,,,,,,,,,10.5,82.6,16.7,141.5,248.7,-58.6,
7:06:10 PM,42.4718041,-82.8231324,,R2,R-Spin,Full,Star,Run,14.7,102.5,109.3,-6.8,-3.9,-3.5,,,,69.3,107.1,-37.8,,,,,,,,,,10.7,95.9,18.9,145.7,251.5,-58.9,
7:06:11 PM,42.4717881,-82.8230428,15.9,R2,R-Spin,Full,Star,Run,15.1,107.4,111.5,-4.1,-3.9,0.4,,,,69.0,110.1,-41.1,3.27,13.42,10.00,0.01,48.09,19.16,67.29,0.00,,,,,,,-59.0,
7:06:12 PM,42.4717686,-82.8229548,,R2,R-Spin,Full,Star,Run,15.0,106.9,112.0,-5.2,-4.0,-1.8,,,,70.2,108.9,-38.7,,,,,,,,,0.00,10.0,84.1,17.2,144.8,253.2,-59.0,
7:06:13 PM,42.4717488,-82.8228637,16.8,R2,R-Spin,Full,Star,Run,15.4,107.1,111.5,-4.5,-4.9,0.9,,,,70.3,108.4,-38.1,,,,,,,,,,11.0,92.3,18.9,144.7,253.3,-59.0,
7:06:14 PM,42.4717307,-82.8227739,,R2,R-Spin,Full,Star,Run,15.7,103.8,109.3,-5.5,-4.3,-2.0,,,,67.7,,,,,,,,,,,,11.0,79.8,17.1,140.9,248.8,-59.0,
7:06:15 PM,42.4717113,-82.8226709,16.1,R2,R-Spin,Full,Star,Run,15.7,105.8,110.5,-4.7,-5.5,-0.8,,,,68.0,107.4,-39.4,3.27,13.42,10.00,0.01,48.09,19.16,67.58,0.00,,11.7,86.7,18.9,141.9,248.6,-59.0,
7:06:16 PM,42.4716933,-82.8225767,,R2,R-Spin,Full,Star,Run,15.5,106.1,110.2,-4.0,-5.0,-1.2,,,,,108.5,,,,,,,,,,0.00,10.8,79.2,17.4,142.4,249.4,-60.5,
7:06:17 PM,42.4716744,-82.8224818,16.1,R2,R-Spin,Full,Star,Run,15.9,105.1,110.2,-5.1,-3.9,-1.2,,,,68.8,107.7,-38.9,,,,,,,,,,10.6,87.0,18.5,145.0,252.0,-60.0,
7:06:18 PM,42.4716567,-82.82239,,R2,R-Spin,Full,Star,Run,15.4,103.4,,,-4.0,0.3,,,,68.3,107.1,-38.8,,,,,,,,,,11.0,76.6,16.7,140.2,246.3,-58.2,
7:06:19 PM,42.4716409,-82.8222956,16.9,R2,R-Spin,Full,Star,Run,15.0,102.4,108.7,-6.4,-2.9,-3.9,,,,67.7,105.9,-38.1,3.27,13.42,10.00,0.00,48.09,19.16,66.47,0.00,,11.0,76.8,16.7,140.1,245.0,-59.7,
7:06:20 PM,42.4716275,-82.8222048,,R2,R-Spin,Full,Star,Run,15.1,100.2,107.3,-7.2,,,,,,66.7,104.0,-37.3,,,,,,,,,0.00,11.7,83.5,17.8,139.2,243.0,-60.8,
7:06:21 PM,42.471613,-82.8221106,17.3,R2,R-Spin,Full,Star,Run,15.0,100.7,106.9,-6.1,-3.4,0.2,,,,65.7,104.8,-39.1,,,,,,,,,,11.6,82.8,18.0,140.0,243.4,-60.5,
7:06:22 PM,42.4715994,-82.8220093,,R2,R-Spin,Full,Star,Run,15.2,100.1,106.2,-6.0,-4.2,-1.1,,,,64.8,103.9,-39.1,,,,,,,,,,11.1,90.0,18.7,143.6,245.7,-60.3,
7:06:23 PM,42.4715874,-82.8219167,17.3,R2,R-Spin,Full,Star,Run,15.1,98.9,105.7,-6.8,-4.3,-1.9,,,,64.3,103.3,-39.0,3.27,13.42,10.00,0.01,48.09,19.16,65.90,0.00,,9.7,83.2,17.0,145.3,246.3,-60.4,
7:06:24 PM,42.4715766,-82.8218241,,R2,R-Spin,Full,Star,Run,15.4,101.2,107.1,-5.8,-2.9,-0.1,,,,65.1,,,,,,,,,,,0.00,10.6,88.1,18.3,144.7,246.7,,
7:06:25 PM,42.471562,-82.8217296,17.3,R2,R-Spin,Full,Star,Run,15.2,101.9,108.6,-6.7,-3.3,-1.0,,,,66.3,105.4,-39.1,,,,,,,,,,,,,,,-59.5,
7:06:26 PM,42.4715467,-82.8216362,,R2,R-Spin,Full,Star,Run,14.8,100.3,108.4,-8.1,-4.0,-1.0,,,,67.3,107.0,-39.7,,,,,,,,,,11.6,83.1,18.0,140.3,244.1,-58.4,
7:06:27 PM,42.4715351,-82.8215439,16.3,R2,R-Spin,Full,Star,Run,14.8,100.7,108.7,-8.0,,,,,,,105.3,,3.27,13.42,10.00,0.00,48.09,19.16,66.20,0.00,,11.5,85.0,17.9,140.2,243.5,-58.4,
7:06:28 PM,42.4715222,-82.8214535,,R2,R-Spin,Full,Star,Run,14.4,101.1,,,-2.9,-3.3,,,,67.2,106.8,-39.6,,,,,,,,,0.00,10.2,76.2,15.8,141.0,243.6,-58.6,
7:06:29 PM,42.4715075,-82.8213557,16.6,R2,R-Spin,Full,Star,Run,,,109.5,,-2.2,1.0,,,,68.2,108.2,-40.0,,,,,,,,,,10.2,91.1,17.9,145.2,249.4,-56.2,
7:06:30 PM,42.4714939,-82.8212678,,R2,R-Spin,Full,Star,Run,14.2,102.2,111.1,-8.9,-3.3,-3.1,,,,69.8,108.7,-38.8,,,,,,,,,,11.0,75.6,15.7,137.5,242.4,-57.1,
7:06:31 PM,42.4714782,-82.8211768,17.2,R2,R-Spin,Full,Star,Run,14.7,102.7,110.7,-8.1,-5.4,-1.7,,,,68.4,107.0,-38.7,3.27,13.42,10.00,0.01,48.09,19.16,66.55,0.00,,11.9,87.7,18.6,140.2,246.5,-58.1,
7:06:32 PM,42.4714639,-82.8210836,,R2,R-Spin,Full,Star,Run,15.3,101.8,107.6,-5.8,-3.5,-0.1,,,,64.4,105.6,-41.2,,,,,,,,,0.00,10.7,87.9,18.2,143.9,248.4,-60.8,
7:06:33 PM,42.4714483,-82.8209893,17.3,R2,R-Spin,Full,Star,Run,15.9,102.5,108.9,-6.4,-4.1,-1.4,,,,68.0,106.5,-38.5,,,,,,,,,,12.4,89.4,19.8,141.3,246.2,-59.7,
7:06:34 PM,42.4714339,-82.8208969,,R2,R-Spin,Full,Star,Run,15.0,102.0,107.6,-5.6,-3.9,-0.4,,,,,105.8,,,,,,,,,,,12.4,88.8,19.4,140.4,244.4,-59.6,
7:06:35 PM,42.4714194,-82.8208022,17.2,R2,R-Spin,Full,Star,Run,15.4,99.9,109.9,-10.0,,,,,,66.8,,,3.27,13.42,10.00,0.01,48.09,19.16,66.87,0.00,,12.0,83.2,18.4,139.6,243.7,-59.6,
7:06:36 PM,42.4714045,-82.8207072,,R2,R-Spin,Full,Star,Run,15.4,102.8,109.5,-6.8,-3.7,-1.7,,,,67.7,107.7,-40.0,,,,,,,,,0.00,12.9,92.9,20.7,141.5,246.9,-59.8,
7:06:37 PM,42.471386,-82.8206015,18.1,R2,R-Spin,Full,Star,Run,15.9,103.3,108.9,-5.6,-3.7,-0.2,,,,67.0,106.9,-39.9,,,,,,,,,,12.0,86.4,19.3,141.6,246.9,-59.8,
7:06:38 PM,42.4713696,-82.820504,17.8,R2,R-Spin,Full,Star,Run,15.4,101.4,109.5,-8.1,-4.3,-0.9,,,,66.5,106.8,-40.3,,,,,,,,,,13.0,91.0,20.7,141.3,246.4,-59.8,
7:06:39 PM,42.4713535,-82.8204075,,R2,R-Spin,Full,Star,Run,16.0,102.6,,,-6.3,0.2,,,,67.8,107.0,-39.2,3.27,13.42,10.00,0.00,48.09,19.16,66.58,0.00,,13.0,92.7,21.0,141.7,247.0,-59.8,
7:06:40 PM,42.4713408,-82.8203095,18.0,R2,R-Spin,Full,Star,Run,15.8,100.4,106.3,-6.0,-3.4,-3.0,,,,65.0,103.6,-38.7,,,,,,,,,0.00,11.3,85.0,18.8,143.3,245.7,-59.8,
7:06:41 PM,42.4713294,-82.8202133,,R2,R-Spin,Full,Star,Run,15.4,100.0,105.7,-5.7,-3.3,-0.6,,,,64.9,103.2,-38.3,,,,,,,,,,10.3,90.0,18.9,147.0,248.3,-57.3,
7:06:42 PM,42.4713192,-82.8201189,17.5,R2,R-Spin,Full,Star,Run,15.6,98.6,105.7,-7.1,-3.5,-1.6,,,,65.0,103.5,-38.6,,,,,,,,,,,,,,,-57.1,
7:06:43 PM,42.4713099,-82.8200227,,R2,R-Spin,Full,Star,Run,15.8,97.7,104.4,-6.8,,,,,,,101.0,,3.27,13.42,10.00,0.00,48.09,19.16,66.06,0.00,,9.5,88.7,18.0,148.2,248.8,-58.3,
7:06:44 PM,42.4713025,-82.8199264,17.1,R2,R-Spin,Full,Star,Run,15.7,96.3,102.9,-6.5,-4.1,-1.6,,,,62.0,101.2,-39.2,,,,,,,,,0.00,7.9,91.1,17.8,153.5,252.5,-58.3,
7:06:45 PM,42.4712924,-82.8198209,,R2,R-Spin,Full,Star,Run,15.8,97.0,104.3,-7.3,-3.6,-0.5,,,,62.0,,,,,,,,,,,,8.0,96.6,18.6,154.8,253.1,-57.5,
7:06:46 PM,,,17.1,R2,R-Spin,Full,Star,Run,15.1,96.2,103.7,-7.4,-4.5,-1.7,,,,63.9,101.9,-38.0,,,,,,,,,,8.5,89.3,17.7,151.4,249.6,-57.5,
7:06:47 PM,42.4712848,-82.8197262,,R2,R-Spin,Full,Star,Run,15.9,96.7,103.0,-6.3,-4.6,-1.6,,,,62.0,100.9,-39.0,3.27,13.42,10.00,0.00,48.09,19.16,65.78,0.00,,8.5,90.2,17.7,151.4,249.4,,
7:06:48 PM,42.4712781,-82.8196308,17.8,R2,R-Spin,Full,Star,Run,16.0,96.2,102.8,-6.7,-4.0,-0.7,,,,62.3,100.9,-38.6,,,,,,,,,0.00,8.3,94.6,18.3,153.3,251.1,-57.7,
7:06:49 PM,42.4712715,-82.8195355,,R2,R-Spin,Full,Star,Run,15.6,95.8,,,-3.1,0.3,,,,61.3,100.2,-38.9,,,,,,,,,,8.8,96.0,18.8,152.1,249.6,-60.0,
7:06:50 PM,42.4712642,-82.819437,17.9,R2,R-Spin,Full,Star,Run,15.7,95.8,103.0,-7.3,,,,,,62.3,101.3,-38.9,,,,,,,,,,9.6,92.0,18.9,149.5,247.6,-58.7,
7:06:51 PM,42.471257,-82.8193395,17.7,R2,R-Spin,Full,Star,Run,15.3,94.0,102.0,-8.0,-4.8,-1.3,,,,60.5,99.3,-38.8,3.27,13.42,10.00,0.01,48.09,19.16,65.67,0.00,,9.7,93.9,19.1,149.4,246.5,-58.7,
7:06:52 PM,42.4712516,-82.8192423,,R2,R-Spin,Full,Star,Run,16.1,94.1,101.1,-7.0,-4.0,-1.2,,,,,99.2,,,,,,,,,,0.00,9.1,95.6,19.0,151.6,247.8,-58.6,
7:06:53 PM,42.47124608,-82.81913476,17.7,R2,R-Spin,Full,Star,Run,15.8,94.6,100.9,-6.2,-4.5,-0.7,,,,60.6,98.5,-38.0,,,,,,,,,,9.4,101.1,20.0,152.5,248.8,-59.3,
7:06:54 PM,42.471241,-82.81903725,,R2,R-Spin,Full,Star,Run,16.0,94.1,101.4,-7.3,-3.4,-2.2,,,,59.8,98.9,-39.0,,,,,,,,,,9.4,96.7,19.5,151.5,247.2,-59.3,
7:06:55 PM,42.47123643,-82.81893665,17.5,R2,R-Spin,Full,Star,Run,16.2,94.5,101.1,-6.5,-4.9,-1.7,,,,59.3,,,3.27,13.42,10.00,0.01,48.09,19.16,66.03,0.00,,9.5,100.2,20.1,152.2,248.5,-59.3,
7:06:56 PM,42.47123074,-82.81883525,,R2,R-Spin,Full,Star,Run,15.7,94.3,100.2,-5.8,-1.1,-0.9,,,,59.9,98.3,-38.4,,,,,,,,,0.00,8.2,99.8,19.0,154.7,250.1,-58.1,
7:06:57 PM,42.47122693,-82.81873736,17.4,R2,R-Spin,Full,Star,Run,15.4,92.5,101.4,-8.8,-1.8,-1.1,,,,61.1,98.0,-36.8,,,,,,,,,,9.7,101.1,19.4,150.5,245.1,-55.4,
7:06:58 PM,42.47122557,-82.81864471,,R2,R-Spin,Full,Star,Run,14.6,93.2,103.7,-10.5,,,,,,62.9,100.1,-37.2,,,,,,,,,,,,,,,-55.4,
7:06:59 PM,42.47122205,-82.81855683,17.6,R2,R-Spin,Full,Star,Run,14.3,94.4,,,-3.8,-2.7,,,,,102.7,,,,,,,,,,,9.9,98.3,18.6,148.3,244.5,-55.4,
7:07:00 PM,42.4712168,-82.8184598,,R2,R-Spin,Full,Star,Run,13.0,96.3,106.5,-10.3,-4.5,-2.4,,,,64.1,105.0,-40.9,3.27,13.42,10.00,0.01,48.09,19.16,67.10,0.00,0.00,8.9,98.9,17.8,150.4,248.0,-55.5,
7:07:01 PM,42.4712106,-82.8183732,17.6,R2,R-Spin,Full,Star,Run,13.4,98.6,109.4,-10.8,,,,,,,108.2,,,,,,,,,,,8.5,101.8,17.4,151.6,251.7,-55.5,
7:07:02 PM,42.4711988,-82.8182901,17.7,R2,R-Spin,Full,Star,Run,13.2,101.3,111.3,-10.0,,,,,,,108.8,,,,,,,,,,,8.9,102.1,17.6,150.6,253.4,-58.2,
7:07:03 PM,42.471187,-82.8182066,,R2,R-Spin,Full,Star,Run,13.5,102.3,111.6,-9.4,,,,,,,109.9,,,,,,,,,,,9.2,106.2,18.2,151.1,255.5,-58.2,
7:07:04 PM,42.4711731,-82.818122,17.5,R2,R-Spin,Full,Star,Run,13.9,103.2,111.5,-8.3,,,,,,,108.6,,,,,,,,,,,9.2,107.0,18.6,151.6,257.3,-59.8,
7:07:05 PM,42.4711594,-82.8180357,17.3,R2,R-Spin,Full,Star,Run,13.7,102.9,112.2,-9.4,,,,,,,,,,,,,,,,,,10.1,108.5,19.6,150.6,256.5,-57.1,
7:07:06 PM,42.4711448,-82.8179497,,R2,R-Spin,Full,Star,Run,14.4,104.1,113.3,-9.2,-3.5,0.3,,,,71.1,110.8,-39.7,,,,,,,,,,10.9,101.0,19.3,146.5,254.4,-57.4,
7:07:07 PM,42.4711275,-82.8178625,17.3,R2,R-Spin,Full,Star,Run,14.0,105.7,112.1,-6.4,-5.5,-1.5,,,,71.0,110.4,-39.3,3.27,13.42,10.00,0.01,48.09,19.16,66.31,0.00,,11.4,106.8,20.5,147.8,256.2,-58.4,
7:07:08 PM,42.4711091,-82.8177659,,R2,R-Spin,Full,Star,Run,14.6,105.8,112.4,-6.6,-7.1,-1.3,,,,71.1,110.4,-39.3,,,,,,,,,0.00,10.5,100.9,19.5,148.2,256.1,-60.1,
7:07:09 PM,42.4710917,-82.8176769,17.8,R2,R-Spin,Full,Star,Run,14.6,104.5,,,-6.2,-0.9,,,,69.8,109.1,-39.2,,,,,,,,,,9.8,110.4,20.3,153.1,260.6,-60.3,
7:07:10 PM,42.4710755,-82.8175886,,R2,R-Spin,Full,Star,Run,15.2,104.1,110.7,-6.6,-2.3,0.5,,,,70.0,108.4,-38.3,,,,,,,,,,9.2,104.8,19.4,152.8,259.4,,
7:07:11 PM,42.4710606,-82.8174987,17.6,R2,R-Spin,Full,Star,Run,14.9,103.1,110.6,-7.5,-2.9,-0.3,,,,70.0,108.2,-38.1,3.27,13.42,10.00,0.01,48.09,19.16,66.65,0.00,,11.0,102.7,20.3,148.1,254.6,-59.1,
7:07:12 PM,42.4710434,-82.8174053,,R2,R-Spin,Full,Star,Run,15.1,104.4,111.1,-6.7,-3.4,-1.2,,,,70.7,108.1,-37.4,,,,,,,,,0.00,10.7,97.1,19.4,146.7,253.4,-59.1,
7:07:13 PM,42.4710274,-82.8173134,17.8,R2,R-Spin,Full,Star,Run,15.0,102.0,108.4,-6.4,-3.1,-0.6,,,,,105.8,,,,,,,,,,,9.9,100.0,19.2,149.6,254.2,-59.1,
7:07:14 PM,42.4710119,-82.8172197,,R2,R-Spin,Full,Star,Run,15.1,102.7,110.1,-7.3,-3.3,-1.3,,,,69.1,108.2,-39.1,,,,,,,,,,9.5,94.3,18.4,149.1,254.4,-59.1,
7:07:15 PM,42.4709958,-82.8171259,18.0,R2,R-Spin,Full,Star,Run,15.2,104.5,110.5,-5.9,-2.7,0.1,,,,70.6,108.4,-37.8,3.27,13.42,10.00,0.00,48.09,19.16,66.95,0.00,,,,,,,-59.1,
7:07:16 PM,42.4709761,-82.8170258,,R2,R-Spin,Full,Star,Run,14.9,105.0,111.9,-6.9,,,,,,72.0,,,,,,,,,,,0.00,9.5,98.6,18.9,150.3,256.4,-59.1,
7:07:17 PM,42.4709585,-82.8169353,17.3,R2,R-Spin,Full,Star,Run,14.9,106.0,113.5,-7.5,-4.1,-0.9,,,,73.9,110.3,-36.4,,,,,,,,,,9.9,94.2,18.5,147.9,254.9,-59.1,
7:07:18 PM,42.4709395,-82.8168479,,R2,R-Spin,Full,Star,Run,14.9,105.4,112.4,-7.0,-5.3,-1.1,,,,73.5,111.1,-37.5,,,,,,,,,,10.1,93.0,18.3,146.3,254.4,-59.1,
7:07:19 PM,42.4709213,-82.816759,18.2,R2,R-Spin,Full,Star,Run,13.8,105.7,,,-2.5,-1.1,,,,73.2,110.0,-36.8,3.27,13.42,10.00,0.00,48.09,19.16,66.39,0.00,,9.0,91.0,17.4,149.0,256.6,-59.3,
7:07:20 PM,42.470905,-82.8166774,,R2,R-Spin,Full,Star,Run,13.9,104.3,113.1,-8.8,-0.8,0.1,,,,74.0,110.6,-36.6,,,,,,,,,0.00,8.8,91.9,16.9,148.5,256.4,-56.0,
7:07:21 PM,42.4708893,-82.8165939,18.1,R2,R-Spin,Full,Star,Run,13.1,104.4,112.0,-7.6,0.6,-0.2,,,,,109.6,,,,,,,,,,,8.8,82.5,15.3,145.3,251.6,-56.1,
7:07:22 PM,42.4708712,-82.8165058,,R2,R-Spin,Full,Star,Run,12.8,105.0,112.5,-7.5,-3.2,-0.8,,,,72.9,111.1,-38.2,,,,,,,,,,9.6,89.8,16.3,143.8,250.8,-55.6,
7:07:23 PM,42.4708526,-82.8164166,18.0,R2,R-Spin,Full,Star,Run,13.2,106.5,114.1,-7.6,,,,,,73.4,111.3,-37.9,3.27,13.42,10.00,0.00,48.09,19.16,66.96,0.00,,10.0,85.9,15.9,141.3,249.6,-57.3,
7:07:24 PM,42.4708361,-82.8163349,,R2,R-Spin,Full,Star,Run,13.7,104.9,111.7,-6.8,-7.2,-2.0,,,,71.8,108.3,-36.4,,,,,,,,,0.00,8.1,88.1,15.4,148.2,256.0,-58.9,
7:07:25 PM,42.4708217,-82.8162506,18.5,R2,R-Spin,Full,Star,Run,14.1,105.1,111.3,-6.2,-4.5,1.6,,,,69.9,109.4,-39.5,,,,,,,,,,6.5,96.6,16.0,156.0,261.9,-59.0,
7:07:26 PM,42.4708053,-82.8161648,,R2,R-Spin,Full,Star,Run,14.0,105.6,112.5,-6.9,-1.3,-0.4,,,,71.1,,,,,,,,,,,,9.5,88.1,16.5,145.1,252.4,-57.9,
7:07:27 PM,42.4707881,-82.8160813,18.2,R2,R-Spin,Full,Star,Run,13.6,106.9,114.6,-7.7,-3.6,0.0,,,,74.5,111.0,-36.5,3.27,13.42,10.00,0.00,48.09,19.16,67.39,0.00,,11.3,88.5,17.6,140.1,249.1,-57.5,
7:07:28 PM,42.4707675,-82.8159913,,R2,R-Spin,Full,Star,Run,,,110.1,,-3.6,-1.0,,,,73.0,111.4,-38.4,,,,,,,,,0.00,9.7,84.4,15.8,142.2,250.7,-57.8,
7:07:29 PM,42.4707548,-82.8159073,18.6,R2,R-Spin,Full,Star,Run,13.1,102.7,106.2,-3.5,-0.4,-0.7,,,,67.1,105.6,-38.5,,,,,,,,,,7.5,84.1,14.7,149.5,253.1,-57.8,
7:07:30 PM,42.4707425,-82.8158165,,R2,R-Spin,Full,Star,Run,13.8,100.1,,,1.0,-0.4,,,,67.5,104.2,-36.7,,,,,,,,,,7.7,82.5,14.4,148.3,250.6,-52.0,
7:07:31 PM,42.4707314,-82.8157387,18.5,R2,R-Spin,Full,Star,Run,13.1,100.8,108.7,-7.9,,,,,,71.6,107.4,-35.8,3.27,13.64,10.00,0.00,48.09,19.13,67.25,0.00,,10.5,86.3,16.0,139.1,243.9,-52.9,
7:07:32 PM,42.4707179,-82.8156606,,R2,R-Spin,Full,Star,Run,12.7,103.1,110.2,-7.2,-5.1,-0.3,,,,,108.1,,,,,,,,,,0.00,,,,,,-53.7,
7:07:33 PM,42.4707035,-82.815581,18.7,R2,R-Spin,Full,Star,Run,12.6,102.4,109.9,-7.5,-4.9,-1.1,,,,69.2,107.2,-38.0,,,,,,,,,,9.1,83.3,14.7,141.8,247.5,,
7:07:34 PM,42.4706891,-82.8154992,,R2,R-Spin,Full,Star,Run,12.8,103.2,108.8,-5.6,-2.6,0.5,,,,67.2,106.2,-39.0,,,,,,,,,,7.5,85.8,14.5,149.1,254.1,-55.3,
7:07:35 PM,42.4706759,-82.8154183,18.9,R2,R-Spin,Full,Star,Run,13.4,102.5,108.9,-6.4,-1.7,-0.3,,,,68.0,107.2,-39.2,3.27,13.64,10.00,0.00,48.09,19.13,66.92,0.00,,7.6,94.3,15.6,150.8,255.2,-55.4,
7:07:36 PM,42.4706616,-82.8153376,,R2,R-Spin,Full,Star,Run,13.1,103.5,110.2,-6.8,-3.9,1.1,,,,70.1,,,,,,,,,,,0.00,8.6,87.6,15.4,146.3,251.3,-55.4,
7:07:37 PM,42.4706462,-82.8152535,18.9,R2,R-Spin,Full,Star,Run,13.0,103.4,108.2,-4.8,-2.7,-0.9,,,,68.1,107.5,-39.4,,,,,,,,,,9.3,91.3,16.4,145.5,251.4,-55.4,
7:07:38 PM,42.4706318,-82.8151601,,R2,R-Spin,Full,Star,Run,13.6,101.7,108.4,-6.6,,,,,,,105.5,,,,,,,,,,,8.5,93.7,16.5,149.2,253.4,-56.6,
7:07:39 PM,42.4706166,-82.8150758,19.0,R2,R-Spin,Full,Star,Run,13.6,104.4,108.5,-4.1,-2.9,0.5,,,,68.3,106.9,-38.6,3.27,13.64,10.00,0.01,48.09,19.13,66.29,0.00,,9.1,95.5,17.2,148.4,253.8,-56.6,
7:07:40 PM,42.4706037,-82.8149907,,R2,R-Spin,Full,Star,Run,14.2,103.4,,,-3.4,0.2,,,,69.0,105.4,-36.4,,,,,,,,,0.00,9.0,90.4,16.7,147.6,252.5,-56.6,
7:07:41 PM,42.4705917,-82.8149072,18.9,R2,R-Spin,Full,Star,Run,14.4,101.8,107.2,-5.4,-2.0,0.1,,,,67.3,104.7,-37.4,,,,,,,,,,9.6,96.1,17.8,147.7,251.5,-55.6,
7:07:42 PM,42.4705785,-82.8148218,,R2,R-Spin,Full,Star,Run,13.8,102.0,107.5,-5.5,-3.1,-0.4,,,,68.3,105.1,-36.8,,,,,,,,,,9.4,89.2,16.8,146.0,249.9,-55.6,
7:07:43 PM,42.4705654,-82.8147347,19.0,R2,R-Spin,Full,Star,Run,14.2,101.2,106.3,-5.0,-2.5,-0.9,,,,67.2,103.2,-36.0,,,,,,,,,,9.3,93.3,17.3,147.3,250.0,-55.8,
7:07:44 PM,42.4705534,-82.8146504,,R2,R-Spin,Full,Star,Run,14.2,100.1,106.8,-6.7,-2.2,0.6,,,,67.8,105.9,-38.2,3.27,13.64,10.00,0.00,48.09,19.13,66.22,0.00,0.00,9.8,89.5,17.0,145.0,248.0,-55.8,
7:07:45 PM,42.4705404,-82.8145681,19.0,R2,R-Spin,Full,Star,Run,13.5,102.6,108.9,-6.3,-5.7,-0.6,,,,70.3,106.3,-36.0,,,,,,,,,,10.5,93.0,17.6,143.3,247.8,-55.8,
7:07:46 PM,42.4705249,-82.8144768,,R2,R-Spin,Full,Star,Run,13.8,103.1,108.1,-5.0,-4.6,-2.6,,,,68.0,105.2,-37.1,,,,,,,,,,,,,,,-58.4,
7:07:47 PM,,,19.0,R2,R-Spin,Full,Star,Run,13.6,101.6,105.9,-4.4,,,,,,66.7,,,3.27,13.64,10.00,0.00,48.09,19.13,65.78,0.00,,9.1,91.0,16.7,147.1,251.7,-58.4,
7:07:48 PM,42.4705126,-82.8143913,,R2,R-Spin,Full,Star,Run,14.3,99.1,105.8,-6.7,-1.8,1.3,,,,,103.3,,,,,,,,,,0.00,9.2,102.9,18.4,150.7,253.2,-55.9,
7:07:49 PM,42.4705012,-82.8143046,19.0,R2,R-Spin,Full,Star,Run,13.2,99.0,104.4,-5.3,-0.4,-2.4,,,,66.1,103.0,-36.9,,,,,,,,,,9.8,90.8,17.1,144.9,246.7,-56.1,
7:07:50 PM,42.4704922,-82.8142219,,R2,R-Spin,Full,Star,Run,13.0,97.6,105.5,-7.9,-1.3,1.1,,,,66.1,102.7,-36.6,,,,,,,,,,10.8,98.0,18.4,144.5,245.0,-54.1,
7:07:51 PM,42.4704853,-82.8141448,18.9,R2,R-Spin,Full,Star,Run,12.6,97.3,,,-1.6,-2.3,,,,67.7,103.6,-35.9,3.27,13.64,10.00,0.01,48.09,19.13,67.10,0.00,,10.4,98.1,17.7,144.4,245.0,-55.4,
7:07:52 PM,42.4704771,-82.8140665,,R2,R-Spin,Full,Star,Run,12.4,99.4,107.9,-8.6,-1.8,-0.1,,,,69.1,106.9,-37.8,,,,,,,,,0.00,10.0,102.0,17.7,146.6,248.8,-55.3,
7:07:53 PM,42.4704668,-82.8139913,18.8,R2,R-Spin,Full,Star,Run,12.6,102.7,110.6,-7.9,-3.8,-0.5,,,,70.1,109.1,-39.1,,,,,,,,,,10.0,98.6,17.3,145.1,249.6,-55.4,
7:07:54 PM,42.47045239,-82.81390586,,R2,R-Spin,Full,Star,Run,12.9,104.0,111.9,-7.9,-3.5,-0.8,,,,70.3,109.1,-38.8,,,,,,,,,,9.3,99.5,17.1,147.5,254.1,-55.8,
7:07:55 PM,42.47043683,-82.81382584,19.0,R2,R-Spin,Full,Star,Run,13.0,103.9,111.2,-7.2,-3.2,-0.2,,,,70.2,108.2,-38.0,3.27,13.64,10.00,0.00,48.09,19.13,66.16,0.00,,9.3,102.0,17.5,148.8,255.6,,
7:07:56 PM,42.47042189,-82.81374535,,R2,R-Spin,Full,Star,Run,13.3,102.8,109.8,-7.0,,,,,,69.3,107.7,-38.4,,,,,,,,,0.00,9.1,95.5,16.8,147.4,253.2,-55.8,
7:07:57 PM,42.47040878,-82.81366386,18.9,R2,R-Spin,Full,Star,Run,14.0,102.8,110.4,-7.6,-3.2,0.0,,,,,,,,,,,,,,,,9.6,105.5,18.6,150.0,256.0,-57.3,
7:07:58 PM,42.47039518,-82.81357963,,R2,R-Spin,Full,Star,Run,14.1,103.5,110.6,-7.1,-4.1,-0.6,,,,70.8,108.2,-37.5,,,,,,,,,,9.1,97.0,17.3,148.6,254.8,-57.3,
7:07:59 PM,42.47037974,-82.81349398,18.9,R2,R-Spin,Full,Star,Run,13.8,103.3,111.3,-8.0,-3.2,0.1,,,,69.0,108.3,-39.2,3.27,13.64,10.00,0.00,48.09,19.13,67.40,0.00,,9.3,103.1,18.4,150.5,257.6,-57.3,
7:08:00 PM,42.47036243,-82.81340893,,R2,R-Spin,Full,Star,Run,14.0,105.7,111.6,-5.9,-3.3,0.4,,,,70.1,109.7,-39.6,,,,,,,,,0.00,10.5,103.3,19.2,147.9,256.0,-57.2,
7:08:01 PM,42.4703445,-82.8133176,18.3,R2,R-Spin,Full,Star,Run,13.9,105.4,,,-3.7,0.2,,,,71.9,109.4,-37.5,,,,,,,,,,10.4,100.4,18.6,146.7,254.1,-57.1,
7:08:02 PM,42.4703284,-82.8132344,,R2,R-Spin,Full,Star,Run,13.4,106.9,111.6,-4.7,-4.0,-1.6,,,,71.8,110.0,-38.2,,,,,,,,,,10.5,101.5,18.8,147.0,254.8,-57.0,
7:08:03 PM,42.4703123,-82.8131505,17.2,R2,R-Spin,Full,Star,Run,13.5,102.7,111.1,-8.4,-5.6,0.5,,,,71.9,107.9,-36.0,3.27,13.64,10.00,0.00,48.09,19.13,66.40,0.00,,10.3,106.2,19.2,149.2,255.7,-57.0,
7:08:04 PM,42.4702985,-82.813068,,R2,R-Spin,Full,Star,Run,14.3,104.7,111.0,-6.3,-1.5,-1.0,,,,70.8,110.1,-39.3,,,,,,,,,0.00,,,,,,-57.5,
7:08:05 PM,42.4702822,-82.8129867,17.5,R2,R-Spin,Full,Star,Run,13.6,106.8,113.2,-6.5,,,,,,72.8,110.7,-37.9,,,,,,,,,,8.6,104.0,17.9,152.2,259.5,-52.9,
7:08:06 PM,42.4702651,-82.812907,,R2,R-Spin,Full,Star,Run,13.6,106.8,112.7,-5.9,-1.6,0.3,,,,,109.9,,,,,,,,,,,9.5,105.4,18.5,150.4,259.1,-52.8,
7:08:07 PM,42.4702473,-82.8128296,17.9,R2,R-Spin,Full,Star,Run,13.0,105.8,112.9,-7.1,-1.1,0.6,,,,73.2,112.6,-39.4,3.27,13.64,10.00,0.00,48.09,19.13,67.27,0.00,,9.8,104.7,18.2,148.5,257.2,-51.1,
7:08:08 PM,42.4702275,-82.8127437,,R2,R-Spin,Full,Star,Run,12.9,109.2,116.0,-6.8,-5.8,-0.4,,,,75.6,,,,,,,,,,,0.00,11.1,99.3,18.3,143.4,252.9,-49.7,
7:08:09 PM,42.470207,-82.8126668,19.0,R2,R-Spin,Full,Star,Run,13.4,109.8,114.8,-5.0,-6.8,-1.3,,,,73.3,113.5,-40.1,,,,,,,,,,10.1,107.1,18.6,148.6,260.6,-58.4,
7:08:10 PM,42.4701869,-82.8125865,,R2,R-Spin,Full,Star,Run,13.8,108.0,,,-5.4,1.3,,,,71.9,111.7,-39.8,,,,,,,,,,8.5,112.4,18.4,154.9,266.0,-58.2,
7:08:11 PM,42.4701654,-82.812504,18.9,R2,R-Spin,Full,Star,Run,14.4,106.9,113.3,-6.4,-3.1,0.4,,,,71.4,110.5,-39.1,3.27,13.64,10.00,0.00,48.09,19.13,66.07,0.00,,8.9,108.7,18.9,153.4,264.2,-51.2,
7:08:12 PM,42.4701467,-82.8124209,,R2,R-Spin,Full,Star,Run,13.7,105.6,111.4,-5.8,-3.8,-0.8,,,,71.2,108.9,-37.7,,,,,,,,,0.00,10.5,101.5,19.1,147.2,256.0,-52.7,
7:08:13 PM,42.4701297,-82.8123361,18.7,R2,R-Spin,Full,Star,Run,14.7,106.0,111.7,-5.6,,,,,,,109.5,,,,,,,,,,,11.0,104.0,19.8,147.5,255.8,-54.1,
7:08:14 PM,42.4701113,-82.812251,,R2,R-Spin,Full,Star,Run,13.7,103.5,110.9,-7.5,-3.4,-1.2,,,,71.0,108.0,-37.0,,,,,,,,,,9.4,105.8,18.7,151.1,258.8,-54.6,
7:08:15 PM,42.470096,-82.8121663,18.9,R2,R-Spin,Full,Star,Run,14.2,104.2,110.5,-6.3,-1.2,1.0,,,,70.2,108.5,-38.3,3.27,13.64,10.00,0.00,48.09,19.13,66.66,0.00,,7.9,108.7,18.0,155.4,262.6,-52.2,
7:08:16 PM,42.4700771,-82.8120754,,R2,R-Spin,Full,Star,Run,13.0,106.2,112.7,-6.5,-1.6,0.5,,,,72.2,111.3,-39.2,,,,,,,,,0.00,10.0,100.9,18.0,146.9,254.8,-49.4,
7:08:17 PM,42.4700592,-82.8119972,18.8,R2,R-Spin,Full,Star,Run,12.6,108.2,115.4,-7.2,-6.4,-1.2,,,,76.7,112.3,-35.7,,,,,,,,,,9.8,94.3,16.7,144.0,254.0,,
7:08:18 PM,42.4700413,-82.8119217,,R2,R-Spin,Full,Star,Run,12.5,108.0,113.2,-5.2,,,,,,,,,,,,,,,,,,7.7,96.5,15.5,150.4,259.7,-50.6,
7:08:19 PM,42.4700244,-82.8118445,18.8,R2,R-Spin,Full,Star,Run,12.3,106.6,112.9,-6.4,-5.4,-1.1,,,,74.2,110.6,-36.4,3.27,13.64,10.00,0.00,48.09,19.13,66.69,0.00,,5.9,96.6,14.6,156.4,264.5,-53.9,
7:08:20 PM,42.4700082,-82.8117687,,R2,R-Spin,Full,Star,Run,11.8,109.1,,,-0.1,-0.6,,,,73.3,110.8,-37.5,,,,,,,,,0.00,8.6,95.9,15.9,147.2,256.9,-48.9,
7:08:21 PM,42.4699904,-82.8116958,18.7,R2,R-Spin,Full,Star,Run,12.1,109.2,114.8,-5.6,-3.1,0.0,,,,75.9,112.7,-36.9,,,,,,,,,,,,,,,-48.9,
7:08:22 PM,42.4699711,-82.8116174,,R2,R-Spin,Full,Star,Run,12.3,108.7,114.4,-5.7,-3.3,-1.0,,,,73.4,111.6,-38.3,,,,,,,,,,9.2,94.5,15.7,144.1,254.7,-52.2,
7:08:23 PM,42.4699539,-82.8115448,18.9,R2,R-Spin,Full,Star,Run,12.0,107.3,113.2,-5.9,-2.4,0.7,,,,72.3,110.7,-38.4,3.27,13.64,10.00,0.00,48.09,19.13,66.39,0.00,,8.1,97.8,15.5,148.8,258.9,-52.3,
7:08:24 PM,42.4699377,-82.811473,,R2,R-Spin,Full,Star,Run,11.9,104.1,111.8,-7.7,-0.9,-0.6,,,,70.9,108.8,-37.9,,,,,,,,,0.00,8.1,95.5,15.2,148.0,257.0,-52.2,
7:08:25 PM,42.469923,-82.8113996,18.8,R2,R-Spin,Full,Star,Run,12.2,103.9,110.4,-6.4,0.2,0.2,,,,69.6,108.4,-38.7,,,,,,,,,,8.0,95.1,15.0,147.9,255.0,-52.3,
7:08:26 PM,42.4699068,-82.8113281,18.9,R2,R-Spin,Full,Star,Run,11.9,105.1,112.7,-7.6,-3.6,0.5,,,,72.5,109.8,-37.4,,,,,,,,,,8.4,93.4,15.0,146.3,253.7,-47.3,
7:08:27 PM,42.4698928,-82.8112574,,R2,R-Spin,Full,Star,Run,11.6,105.1,110.2,-5.1,,,,,,,107.7,,3.27,13.64,10.00,0.00,48.09,19.13,66.14,0.00,,9.5,87.4,14.8,140.1,248.0,-50.4,
7:08:28 PM,42.469881,-82.8111837,19.2,R2,R-Spin,Full,Star,Run,11.9,103.8,109.3,-5.4,-3.1,-1.1,,,,69.6,,,,,,,,,,,0.00,8.2,99.7,15.6,148.7,255.5,-56.0,
7:08:29 PM,42.4698672,-82.8111103,19.0,R2,R-Spin,Full,Star,Run,12.5,105.3,110.9,-5.5,-0.2,1.1,,,,68.6,107.0,-38.4,,,,,,,,,,7.3,100.1,15.3,152.1,258.3,-51.2,
7:08:30 PM,42.4698494,-82.8110304,,R2,R-Spin,Full,Star,Run,11.8,107.1,113.0,-5.9,-0.9,0.3,,,,70.1,108.9,-38.8,,,,,,,,,,8.8,93.6,15.3,145.1,252.4,-51.1,
7:08:31 PM,42.4698321,-82.8109595,18.7,R2,R-Spin,Full,Star,Run,12.1,106.9,,,-5.0,-0.2,,,,72.8,111.0,-38.3,3.27,13.64,10.00,0.01,48.09,19.13,66.14,0.00,,9.6,92.0,15.5,141.7,250.8,-51.0,
7:08:32 PM,42.469817,-82.8108862,,R2,R-Spin,Full,Star,Run,12.3,104.0,111.3,-7.3,-4.1,0.4,,,,68.9,108.8,-39.9,,,,,,,,,0.00,8.3,94.8,15.3,147.1,254.6,-51.0,
7:08:33 PM,42.4698026,-82.8108094,19.1,R2,R-Spin,Full,Star,Run,13.1,105.8,109.9,-4.2,-1.7,0.2,,,,67.0,107.6,-40.5,,,,,,,,,,7.7,93.3,15.3,149.9,257.0,-51.2,
7:08:34 PM,42.4697852,-82.8107308,,R2,R-Spin,Full,Star,Run,12.9,104.9,109.7,-4.8,,,,,,,107.4,,,,,,,,,,,8.7,95.0,16.1,147.6,254.8,-51.2,
7:08:35 PM,42.4697696,-82.8106524,19.0,R2,R-Spin,Full,Star,Run,13.0,101.1,109.1,-8.0,-3.8,1.4,,,,68.9,106.1,-37.1,,,,,,,,,,9.0,89.2,15.5,144.6,249.6,-51.2,
7:08:36 PM,42.4697586,-82.8105739,,R2,R-Spin,Full,Star,Run,13.0,100.1,106.5,-6.4,-4.7,-0.7,,,,69.0,103.8,-34.8,3.27,13.64,10.00,0.01,48.09,19.13,65.62,0.00,0.00,,,,,,-57.1,
7:08:37 PM,42.4697461,-82.8104951,19.2,R2,R-Spin,Full,Star,Run,12.5,103.3,107.2,-3.9,,,,,,,106.0,,,,,,,,,,,8.4,95.3,16.0,148.3,251.2,-43.1,
7:08:38 PM,42.469731,-82.8104122,18.9,R2,R-Spin,Full,Star,Run,,,110.5,,,,,,,,109.1,,,,,,,,,,,8.9,79.1,14.0,141.7,246.0,-41.5,
7:08:39 PM,42.4697145,-82.8103383,,R2,R-Spin,Full,Star,Run,12.1,104.9,113.7,-8.8,,,,,,,,,,,,,,,,,,9.3,81.2,14.2,139.6,246.0,-47.7,
7:08:40 PM,42.4696969,-82.8102654,19.0,R2,R-Spin,Full,Star,Run,12.1,107.9,113.0,-5.1,,,,,,,111.6,,,,,,,,,,,8.1,87.8,14.2,145.3,254.4,-53.3,
7:08:41 PM,42.4696795,-82.8101892,,R2,R-Spin,Full,Star,Run,12.5,108.2,,,,,,,,,110.3,,,,,,,,,,,7.5,90.5,14.9,149.6,258.7,,
7:08:42 PM,42.4696629,-82.8101103,19.4,R2,R-Spin,Full,Star,Run,12.8,105.1,111.2,-6.1,-3.4,0.5,,,,70.2,109.4,-39.2,,,,,,,,,,9.5,91.7,16.6,145.1,253.3,-52.9,
7:08:43 PM,42.4696457,-82.8100337,,R2,R-Spin,Full,Star,Run,12.8,107.4,113.5,-6.1,-3.3,1.1,,,,72.0,111.6,-39.6,3.27,13.64,10.00,0.00,48.09,19.13,68.40,0.00,,10.3,93.1,17.1,143.0,252.6,-52.8,
7:08:44 PM,42.4696247,-82.809957,19.2,R2,R-Spin,Full,Star,Run,13.4,110.2,115.4,-5.3,-1.9,-0.5,,,,73.6,113.3,-39.7,,,,,,,,,0.00,9.6,86.1,15.9,143.1,255.8,-53.3,
7:08:45 PM,42.4696027,-82.8098794,,R2,R-Spin,Full,Star,Run,13.1,112.2,116.1,-3.9,-6.0,0.7,,,,76.9,114.1,-37.2,,,,,,,,,,10.8,87.8,16.9,140.1,253.3,-52.8,
7:08:46 PM,42.4695793,-82.8097939,19.1,R2,R-Spin,Full,Star,Run,13.2,111.7,115.4,-3.7,,,,,,,112.0,,,,,,,,,,,11.5,82.5,16.5,136.1,249.0,-50.3,
7:08:47 PM,42.4695592,-82.8097127,19.1,R2,R-Spin,Full,Star,Run,13.5,108.9,112.0,-3.0,-6.5,-2.2,,,,74.1,109.8,-35.7,3.27,13.64,10.00,0.00,48.09,19.13,67.93,0.00,,9.0,87.4,15.9,145.7,256.0,-56.9,
7:08:48 PM,42.4695376,-82.8096294,,R2,R-Spin,Full,Star,Run,14.4,108.4,115.0,-6.7,-3.7,0.8,,,,70.1,113.3,-43.1,,,,,,,,,0.00,9.8,90.4,17.2,145.1,255.6,-52.8,
7:08:49 PM,42.4695149,-82.8095457,19.6,R2,R-Spin,Full,Star,Run,14.3,109.3,114.1,-4.8,-5.4,-0.5,,,,75.9,,,,,,,,,,,,9.6,81.0,15.7,142.8,254.4,-55.3,
7:08:50 PM,42.46949,-82.8094642,,R2,R-Spin,Full,Star,Run,13.9,111.2,112.5,-1.3,-1.8,0.1,,,,73.1,111.1,-37.9,,,,,,,,,,8.7,87.8,16.3,147.6,259.5,-56.6,
7:08:51 PM,42.46947,-82.8093806,18.8,R2,R-Spin,Full,Star,Run,14.5,108.9,109.7,-0.8,-4.0,-0.5,,,,73.8,110.2,-36.4,3.27,13.64,10.00,0.00,48.09,19.13,67.34,0.00,,10.8,82.3,16.7,140.0,248.3,-41.1,
7:08:52 PM,42.4694512,-82.809298,,R2,R-Spin,Full,Star,Run,13.6,108.1,,,1.9,0.0,,,,67.3,106.2,-38.9,,,,,,,,,0.00,7.5,90.4,15.9,151.7,258.6,-60.4,
7:08:53 PM,42.4694371,-82.8092062,19.3,R2,R-Spin,Full,Star,Run,14.1,103.1,105.7,-2.7,2.0,0.4,,,,67.8,103.5,-35.6,,,,,,,,,,,,,,,-30.3,
7:08:54 PM,42.4694262,-82.8091253,,R2,R-Spin,Full,Star,Run,12.1,100.7,104.1,-3.4,1.8,-1.1,,,,65.3,101.3,-36.0,,,,,,,,,,10.2,77.7,15.1,138.9,240.7,-44.8,
7:08:55 PM,42.4694165,-82.8090465,19.2,R2,R-Spin,Full,Star,Run,12.9,99.5,107.0,-7.5,-0.8,0.1,,,,68.7,105.2,-36.4,3.27,13.64,10.00,0.00,48.09,19.13,66.87,0.00,,9.8,72.1,13.7,137.1,239.4,-56.2,
7:08:56 PM,42.4694059,-82.8089701,,R2,R-Spin,Full,Star,Run,12.5,100.7,105.0,-4.4,,,,,,,103.0,,,,,,,,,,0.00,7.8,96.0,15.6,150.2,252.6,-38.3,
7:08:57 PM,42.4693949,-82.808899,19.2,R2,R-Spin,Full,Star,Run,11.7,99.7,108.2,-8.5,0.2,-0.2,,,,67.3,107.4,-40.1,,,,,,,,,,7.6,85.8,14.1,147.3,248.5,-42.1,
7:08:58 PM,42.4693796,-82.8088279,,R2,R-Spin,Full,Star,Run,11.8,105.5,113.5,-8.1,-2.7,0.5,,,,71.5,111.6,-40.1,,,,,,,,,,8.4,92.9,15.0,145.9,250.8,-42.3,
7:08:59 PM,42.4693644,-82.8087594,19.2,R2,R-Spin,Full,Star,Run,11.5,106.5,114.3,-7.8,-4.8,1.0,,,,74.1,112.9,-38.8,3.27,13.64,10.00,0.01,48.09,19.13,68.94,0.00,,8.4,98.4,15.2,146.9,254.6,-47.5,
7:09:00 PM,42.4693444,-82.8086854,,R2,R-Spin,Full,Star,Run,11.9,109.9,116.7,-6.8,-2.7,-0.9,,,,75.2,,,,,,,,,,,0.00,7.1,96.4,14.2,150.4,260.6,-46.3,
7:09:01 PM,,,19.2,R2,R-Spin,Full,Star,Run,11.4,109.2,115.7,-6.5,-3.8,1.5,,,,77.3,114.4,-37.1,,,,,,,,,,9.3,100.1,16.0,145.1,256.9,-44.6,
7:09:02 PM,42.4693277,-82.8086174,,R2,R-Spin,Full,Star,Run,11.7,109.3,,,-2.5,-0.5,,,,77.2,113.4,-36.2,,,,,,,,,,8.3,97.1,15.1,146.8,258.8,,
7:09:03 PM,42.4693085,-82.808549,19.2,R2,R-Spin,Full,Star,Run,11.6,111.6,117.1,-5.5,,,,,,75.9,114.6,-38.7,3.27,13.64,10.00,0.00,48.09,19.13,67.70,0.00,,8.8,102.3,16.0,147.5,260.8,-48.5,
7:09:04 PM,42.4692884,-82.8084802,,R2,R-Spin,Full,Star,Run,11.6,108.9,114.7,-5.8,-2.0,-0.4,,,,,112.1,,,,,,,,,,0.00,8.2,97.0,15.4,147.8,259.7,-48.1,
7:09:05 PM,42.4692694,-82.808408,19.2,R2,R-Spin,Full,Star,Run,11.9,108.7,113.0,-4.3,-1.4,0.1,,,,73.7,110.3,-36.6,,,,,,,,,,8.9,102.2,16.4,148.0,258.4,-47.6,
7:09:06 PM,42.46925,-82.8083341,,R2,R-Spin,Full,Star,Run,12.1,108.4,112.1,-3.7,-1.9,0.3,,,,72.9,109.7,-36.8,,,,,,,,,,9.2,95.5,15.8,144.7,254.7,-47.6,
7:09:07 PM,42.4692308,-82.808261,19.0,R2,R-Spin,Full,Star,Run,11.9,107.7,113.0,-5.3,-3.8,0.1,,,,73.0,110.6,-37.6,3.27,13.64,10.00,0.00,48.09,19.13,67.09,0.00,,9.1,99.6,16.3,146.5,256.6,-47.7,
7:09:08 PM,42.469212,-82.8081875,,R2,R-Spin,Full,Star,Run,12.3,106.9,112.2,-5.3,-2.7,0.6,,,,72.1,110.0,-37.8,,,,,,,,,0.00,,,,,,-47.8,
7:09:09 PM,42.46919273,-82.808108,19.2,R2,R-Spin,Full,Star,Run,12.1,108.9,112.1,-3.3,-0.8,0.9,,,,71.8,110.1,-38.3,,,,,,,,,,8.5,97.4,15.8,147.9,257.3,-47.8,
7:09:10 PM,42.4691735,-82.80803418,,R2,R-Spin,Full,Star,Run,12.0,108.4,113.2,-4.8,,,,,,73.2,,,,,,,,,,,,8.2,95.9,15.4,148.1,257.8,-44.2,
7:09:11 PM,42.46915371,-82.80796027,19.0,R2,R-Spin,Full,Star,Run,12.4,108.9,112.4,-3.5,-3.2,-0.3,,,,,111.0,,3.27,13.64,10.00,0.00,48.09,19.13,66.80,0.00,,9.5,91.0,15.6,142.4,252.6,-44.3,
7:09:12 PM,42.46913579,-82.80788864,,R2,R-Spin,Full,Star,Run,12.4,106.7,111.7,-4.9,-4.0,0.0,,,,72.3,109.8,-37.5,,,,,,,,,0.00,9.1,93.1,15.6,144.3,253.8,-48.4,
7:09:13 PM,42.46911782,-82.8078152,19.1,R2,R-Spin,Full,Star,Run,12.9,108.2,,,-1.6,1.3,,,,69.7,109.6,-39.9,,,,,,,,,,7.9,99.7,15.9,150.9,260.0,-49.0,
7:09:14 PM,42.46909794,-82.80774146,,R2,R-Spin,Full,Star,Run,12.6,108.2,111.3,-3.1,-0.4,-0.1,,,,70.9,109.1,-38.2,,,,,,,,,,7.6,89.5,14.8,149.0,257.9,-46.2,
7:09:15 PM,42.46908008,-82.80766674,18.7,R2,R-Spin,Full,Star,Run,12.3,108.1,112.2,-4.1,-3.0,0.5,,,,72.8,109.9,-37.1,3.27,13.64,10.00,0.00,48.09,19.13,67.35,0.00,,9.7,93.6,16.3,143.6,252.7,-46.2,
7:09:16 PM,42.4690612,-82.8075869,,R2,R-Spin,Full,Star,Run,12.3,105.4,110.7,-5.2,-2.2,-0.2,,,,70.5,108.4,-37.9,,,,,,,,,0.00,8.8,90.5,15.2,144.7,252.9,-46.3,
7:09:17 PM,42.4690453,-82.807513,19.0,R2,R-Spin,Full,Star,Run,11.9,107.4,112.1,-4.7,-2.6,-0.3,,,,71.8,110.6,-38.8,,,,,,,,,,8.6,89.5,15.0,144.9,252.9,-46.7,
7:09:18 PM,42.4690284,-82.8074385,,R2,R-Spin,Full,Star,Run,12.6,109.3,113.9,-4.6,,,,,,,111.6,,,,,,,,,,,9.6,93.1,16.2,143.4,253.6,-46.7,
7:09:19 PM,42.4690087,-82.8073635,19.0,R2,R-Spin,Full,Star,Run,12.6,109.6,113.9,-4.2,-3.7,0.4,,,,72.5,111.1,-38.6,3.27,13.64,10.00,0.01,48.09,19.13,67.53,0.00,,9.4,86.8,15.3,142.1,253.0,-46.7,
7:09:20 PM,42.4689884,-82.8072882,,R2,R-Spin,Full,Star,Run,13.0,108.1,111.8,-3.7,-3.3,-0.2,,,,71.3,,,,,,,,,,,0.00,8.8,88.8,15.5,145.3,255.6,-46.8,
7:09:21 PM,42.468968,-82.8072113,18.9,R2,R-Spin,Full,Star,Run,12.9,105.4,109.9,-4.5,-2.3,1.6,,,,69.4,108.9,-39.5,,,,,,,,,,8.8,92.0,15.9,146.4,254.6,-46.8,
7:09:22 PM,42.4689526,-82.8071335,,R2,R-Spin,Full,Star,Run,13.0,107.0,111.7,-4.7,-1.1,-0.1,,,,69.8,107.8,-38.1,,,,,,,,,,8.7,84.9,14.9,144.4,251.1,-46.8,
7:09:23 PM,42.4689364,-82.8070586,19.2,R2,R-Spin,Full,Star,Run,13.0,107.4,,,-0.9,0.5,,,,71.2,109.9,-38.7,3.27,13.64,10.00,0.01,48.09,19.13,67.93,0.00,,9.9,91.2,16.4,143.1,252.3,-44.2,
7:09:24 PM,42.4689152,-82.8069744,,R2,R-Spin,Full,Star,Run,13.0,111.3,114.9,-3.6,-5.9,0.0,,,,75.4,113.4,-38.0,,,,,,,,,0.00,11.4,85.6,16.5,136.5,248.4,-44.9,
7:09:25 PM,42.4688955,-82.8068993,19.2,R2,R-Spin,Full,Star,Run,13.2,111.0,116.0,-5.0,-7.8,-0.4,,,,74.2,113.1,-39.0,,,,,,,,,,10.8,89.8,17.0,140.4,252.5,,
7:09:26 PM,42.4688754,-82.8068195,,R2,R-Spin,Full,Star,Run,14.2,110.4,114.0,-3.5,-4.8,0.3,,,,70.2,111.6,-41.4,,,,,,,,,,9.1,93.4,17.0,147.9,260.2,-52.1,
7:09:27 PM,42.4688526,-82.8067349,19.2,R2,R-Spin,Full,Star,Run,14.1,107.6,113.3,-5.6,-4.5,1.7,,,,70.8,110.5,-39.7,3.27,13.64,10.00,0.00,48.09,19.13,67.50,0.00,,10.2,94.0,18.0,145.4,256.2,-52.5,
7:09:28 PM,42.4688313,-82.806649,,R2,R-Spin,Full,Star,Run,14.4,110.5,113.7,-3.2,,,,,,,111.6,,,,,,,,,,0.00,10.9,84.6,17.2,140.8,251.8,-50.3,
7:09:29 PM,42.4688077,-82.8065637,19.2,R2,R-Spin,Full,Star,Run,14.7,108.5,112.7,-4.2,-5.1,-0.7,,,,72.5,110.1,-37.5,,,,,,,,,,10.4,88.4,17.7,144.1,254.7,-50.3,
7:09:30 PM,42.4687814,-82.8064662,,R2,R-Spin,Full,Star,Run,14.9,108.8,112.1,-3.3,-3.9,0.3,,,,71.3,109.7,-38.4,,,,,,,,,,,,,,,-50.9,
7:09:31 PM,42.4687591,-82.8063749,19.3,R2,R-Spin,Full,Star,Run,15.1,108.3,111.6,-3.3,-2.4,-0.2,,,,71.0,,,3.27,13.64,10.00,0.00,48.09,19.13,67.12,0.00,,10.1,86.9,17.6,145.0,254.8,-51.1,
7:09:32 PM,42.4687364,-82.8062845,,R2,R-Spin,Full,Star,Run,15.1,105.6,109.9,-4.3,-3.8,-0.6,,,,69.8,108.7,-38.9,,,,,,,,,0.00,11.3,86.7,18.4,142.0,251.4,-51.2,
7:09:33 PM,42.4687174,-82.8061926,19.2,R2,R-Spin,Full,Star,Run,15.2,107.3,,,-5.1,0.3,,,,70.2,107.7,-37.5,,,,,,,,,,11.1,89.6,18.7,143.5,251.2,-51.2,
7:09:34 PM,42.4686966,-82.8061003,,R2,R-Spin,Full,Star,Run,15.3,106.6,112.0,-5.5,-5.1,-0.2,,,,70.3,109.8,-39.4,,,,,,,,,,10.6,84.8,17.8,143.7,251.8,-52.6,
7:09:35 PM,42.4686767,-82.8060066,19.2,R2,R-Spin,Full,Star,Run,15.3,108.3,111.3,-3.0,-3.7,-0.3,,,,70.8,109.1,-38.4,3.27,13.64,10.00,0.00,48.09,19.13,67.43,0.00,,9.2,89.1,17.8,148.8,257.0,-53.5,
7:09:36 PM,42.4686555,-82.805914,,R2,R-Spin,Full,Star,Run,15.0,106.6,113.0,-6.3,,,,,,,110.4,,,,,,,,,,0.00,10.5,83.3,17.4,143.4,252.2,-51.3,
7:09:37 PM,42.4686355,-82.80582,19.2,R2,R-Spin,Full,Star,Run,15.2,106.5,111.6,-5.1,-5.7,0.6,,,,70.1,108.9,-38.8,,,,,,,,,,10.4,84.5,17.7,144.3,252.9,-52.3,
7:09:38 PM,42.4686155,-82.805716,,R2,R-Spin,Full,Star,Run,,,109.9,,-4.4,-1.7,,,,69.0,107.8,-38.8,,,,,,,,,,10.4,82.5,17.2,143.2,249.3,-52.1,
7:09:39 PM,42.4685986,-82.8056219,19.5,R2,R-Spin,Full,Star,Run,15.3,104.2,112.3,-8.1,-6.2,0.2,,,,70.0,110.3,-40.2,3.27,13.64,10.00,0.00,48.09,19.13,68.54,0.00,,10.8,83.1,17.8,143.0,250.7,-52.2,
7:09:40 PM,42.4685782,-82.8055293,,R2,R-Spin,Full,Star,Run,15.2,106.5,110.9,-4.4,-4.6,-1.0,,,,69.9,108.3,-38.4,,,,,,,,,0.00,9.7,84.7,17.1,145.5,252.9,-52.3,
7:09:41 PM,42.4685622,-82.8054407,19.2,R2,R-Spin,Full,Star,Run,14.8,105.3,113.2,-7.9,-1.2,0.4,,,,71.1,,,,,,,,,,,,9.7,84.3,16.8,144.8,251.6,-47.7,
7:09:42 PM,42.4685427,-82.805356,,R2,R-Spin,Full,Star,Run,14.4,106.2,115.9,-9.6,-5.4,-0.9,,,,74.8,112.4,-37.6,,,,,,,,,,13.3,82.0,18.0,133.2,243.7,-46.4,
7:09:43 PM,42.4685244,-82.80527,19.2,R2,R-Spin,Full,Star,Run,13.9,107.1,114.4,-7.3,-8.4,-2.0,,,,73.0,113.2,-40.2,,,,,,,,,,12.8,87.6,18.9,137.3,248.1,-57.7,
7:09:44 PM,42.4685057,-82.8051835,19.7,R2,R-Spin,Full,Star,Run,14.8,106.8,,,-6.6,0.7,,,,68.9,111.9,-42.9,3.27,13.64,10.00,0.00,48.09,19.13,67.37,0.00,0.00,,,,,,-57.1,
7:09:45 PM,42.4684829,-82.80509,,R2,R-Spin,Full,Star,Run,15.6,108.8,115.0,-6.2,,,,,,,113.5,,,,,,,,,,,10.9,94.7,19.7,146.4,257.1,-56.4,
7:09:46 PM,42.4684564,-82.8049852,19.4,R2,R-Spin,Full,Star,Run,16.0,109.4,115.0,-5.6,-6.2,-0.2,,,,70.3,112.2,-42.0,,,,,,,,,,12.9,87.2,20.1,140.1,252.3,-57.7,
7:09:47 PM,42.4684338,-82.8048864,,R2,R-Spin,Full,Star,Run,16.8,107.2,112.3,-5.1,-5.7,-0.5,,,,68.9,108.6,-39.7,3.27,13.64,10.00,0.00,48.09,19.13,66.48,0.00,,13.1,87.6,20.8,141.2,251.9,-58.0,
7:09:48 PM,42.4684127,-82.8047835,19.6,R2,R-Spin,Full,Star,Run,17.4,106.1,110.3,-4.2,-2.9,0.5,,,,66.7,108.1,-41.4,,,,,,,,,0.00,12.1,89.8,20.9,144.8,253.0,,
7:09:49 PM,42.4683953,-82.8046845,19.4,R2,R-Spin,Full,Star,Run,16.3,105.0,105.6,-0.6,3.7,1.1,,,,67.8,102.2,-34.3,,,,,,,,,,11.3,86.7,19.6,144.9,251.5,-56.8,
7:09:50 PM,42.4683845,-82.8045816,19.6,R2,R-Spin,Full,Star,Run,17.0,96.6,103.6,-7.0,-2.1,-1.5,,,,63.0,102.1,-39.2,,,,,,,,,,12.6,79.3,18.9,138.8,239.9,-52.8,
7:09:51 PM,42.4683726,-82.8044849,,R2,R-Spin,Full,Star,Run,15.6,98.8,108.6,-9.7,-2.9,0.5,,,,65.6,106.8,-41.2,3.27,13.64,10.00,0.00,48.09,19.13,68.86,0.00,,11.4,89.1,19.4,144.1,245.3,-53.4,
7:09:52 PM,42.4683572,-82.8043904,19.5,R2,R-Spin,Full,Star,Run,15.6,102.3,109.3,-7.0,-5.6,0.6,,,,66.6,,,,,,,,,,,0.00,12.1,89.4,19.7,142.2,246.3,-53.1,
7:09:53 PM,42.4683419,-82.8042957,,R2,R-Spin,Full,Star,Run,16.3,102.9,109.5,-6.5,,,,,,,107.4,,,,,,,,,,,10.9,87.5,18.8,144.7,249.7,-53.2,
7:09:54 PM,42.4683246,-82.8041918,19.5,R2,R-Spin,Full,Star,Run,15.9,102.9,,,-5.9,0.0,,,,66.3,106.5,-40.3,,,,,,,,,,9.5,90.0,18.4,149.1,253.4,-53.1,
7:09:55 PM,42.4683096,-82.8040918,,R2,R-Spin,Full,Star,Run,16.5,103.4,108.6,-5.2,-5.9,-1.4,,,,65.5,106.4,-40.8,3.27,13.64,10.00,0.01,48.09,19.13,67.08,0.00,,9.8,83.5,18.0,147.2,251.5,-52.2,
7:09:56 PM,42.4682935,-82.8039928,19.6,R2,R-Spin,Full,Star,Run,16.4,102.4,108.4,-6.0,-6.9,0.7,,,,65.9,105.8,-39.9,,,,,,,,,0.00,9.4,89.4,18.9,150.1,254.4,-52.2,
7:09:57 PM,42.4682768,-82.8038921,,R2,R-Spin,Full,Star,Run,16.3,103.5,108.3,-4.8,-4.3,-0.8,,,,65.0,105.6,-40.6,,,,,,,,,,8.8,89.0,18.5,151.8,255.7,-52.3,
7:09:58 PM,42.4682599,-82.803791,19.6,R2,R-Spin,Full,Star,Run,17.0,101.4,107.5,-6.1,-3.8,1.0,,,,64.6,105.3,-40.7,,,,,,,,,,9.4,89.4,19.0,150.4,253.6,-52.4,
7:09:59 PM,42.4682453,-82.8036901,,R2,R-Spin,Full,Star,Run,16.4,101.1,107.7,-6.6,-6.0,-0.8,,,,66.0,105.6,-39.6,3.27,13.64,10.00,0.01,48.09,19.13,67.36,0.00,,10.3,87.2,18.8,146.9,249.7,-52.3,
7:10:00 PM,42.4682282,-82.8035791,19.6,R2,R-Spin,Full,Star,Run,16.4,102.6,110.8,-8.1,,,,,,,109.8,,,,,,,,,,0.00,,,,,,-52.3,
7:10:01 PM,42.4682082,-82.8034776,,R2,R-Spin,Full,Star,Run,16.5,106.2,111.1,-4.9,-8.7,-1.2,,,,67.9,106.7,-38.9,,,,,,,,,,10.5,86.3,19.2,146.8,252.3,-53.3,
7:10:02 PM,42.4681931,-82.8033739,19.5,R2,R-Spin,Full,Star,Run,17.0,100.7,103.2,-2.5,-4.0,-0.7,,,,65.2,,,,,,,,,,,,8.1,89.5,18.7,154.4,260.0,-54.2,
7:10:03 PM,42.4681859,-82.8032682,,R2,R-Spin,Full,Star,Run,16.9,96.3,102.4,-6.1,1.2,0.6,,,,60.2,100.1,-39.9,3.27,13.64,10.00,0.01,48.09,19.13,62.42,0.00,,7.4,92.8,19.1,157.2,257.2,-52.8,
7:10:04 PM,42.4681777,-82.8031652,19.4,R2,R-Spin,Full,Star,Run,16.3,96.8,106.2,-9.5,-3.0,0.0,,,,63.0,100.6,-37.6,,,,,,,,,0.00,9.5,92.0,19.5,151.0,249.3,-47.9,
7:10:05 PM,42.4681675,-82.8030658,,R2,R-Spin,Full,Star,Run,15.6,99.5,,,-4.0,0.2,,,,66.9,104.9,-38.0,,,,,,,,,,10.6,85.1,18.5,145.1,244.9,-51.9,
7:10:06 PM,42.4681517,-82.8029718,19.4,R2,R-Spin,Full,Star,Run,15.7,102.7,110.6,-7.9,-6.2,-1.3,,,,71.8,109.8,-38.0,,,,,,,,,,9.9,96.6,19.4,149.7,253.1,-51.9,
7:10:07 PM,42.4681359,-82.8028785,,R2,R-Spin,Full,Star,Run,14.9,103.2,112.2,-9.0,-5.0,-0.2,,,,67.1,109.2,-42.1,3.27,13.64,10.00,0.00,48.09,19.13,67.53,0.00,,9.7,84.7,17.2,146.1,251.4,-52.0,
7:10:08 PM,42.4681171,-82.8027727,19.7,R2,R-Spin,Full,Star,Run,15.2,103.0,112.0,-9.0,-5.5,-1.8,,,,67.5,110.0,-42.5,,,,,,,,,0.00,9.8,89.5,18.4,147.7,253.6,-52.1,
7:10:09 PM,42.4681003,-82.8026798,,R2,R-Spin,Full,Star,Run,15.2,103.1,110.6,-7.5,,,,,,,107.1,,,,,,,,,,,11.0,95.1,19.6,146.2,252.6,-52.2,
7:10:10 PM,42.4680858,-82.8025837,19.5,R2,R-Spin,Full,Star,Run,15.5,101.7,108.1,-6.4,-5.8,2.0,,,,65.1,105.8,-40.7,,,,,,,,,,9.5,85.3,17.6,147.5,251.3,-52.2,
7:10:11 PM,42.4680727,-82.8024891,,R2,R-Spin,Full,Star,Run,15.6,100.5,107.5,-7.0,-3.9,-3.1,,,,65.0,105.3,-40.3,3.27,13.64,10.00,0.01,48.09,19.13,66.83,0.00,,10.8,93.2,19.2,145.9,249.2,-52.2,
7:10:12 PM,42.4680586,-82.802393,19.2,R2,R-Spin,Full,Star,Run,14.8,101.7,108.6,-7.0,-5.9,1.3,,,,65.5,,,,,,,,,,,0.00,10.0,94.0,19.0,148.4,251.9,,
7:10:13 PM,42.4680452,-82.8022992,,R2,R-Spin,Full,Star,Run,15.3,101.0,108.9,-8.0,-5.4,-0.5,,,,66.8,106.7,-39.9,,,,,,,,,,10.9,90.3,18.8,144.5,248.0,-52.0,
7:10:14 PM,42.4680293,-82.8022052,19.6,R2,R-Spin,Full,Star,Run,15.7,101.4,109.1,-7.7,-8.7,-3.8,,,,66.5,107.1,-40.7,,,,,,,,,,10.7,90.4,18.9,145.5,249.8,-50.9,
7:10:15 PM,42.4680157,-82.8020999,19.6,R2,R-Spin,Full,Star,Run,15.8,101.4,,,,,,,,,106.1,,,,,,,,,,,10.6,96.7,20.0,148.3,252.1,-53.9,
7:10:16 PM,,,,R2,R-Spin,Full,Star,Run,16.2,100.0,106.2,-6.3,-10.4,-1.6,,,,65.6,103.2,-37.6,3.27,13.64,10.00,0.00,48.09,19.13,65.61,0.00,0.00,,,,,,-53.9,
7:10:17 PM,42.4680044,-82.8020037,19.9,R2,R-Spin,Full,Star,Run,15.0,98.9,105.5,-6.6,0.5,-1.7,,,,63.4,103.5,-40.1,,,,,,,,,,9.0,99.5,19.7,153.0,254.6,-52.4,
7:10:18 PM,42.4679923,-82.8019096,,R2,R-Spin,Full,Star,Run,14.5,98.7,105.5,-6.8,-2.8,0.7,,,,65.4,103.2,-37.8,,,,,,,,,,12.1,97.9,20.6,144.6,246.2,-52.2,
7:10:19 PM,42.4679813,-82.8018185,19.4,R2,R-Spin,Full,Star,Run,14.0,96.1,105.3,-9.2,-2.0,-1.7,,,,65.3,102.4,-37.1,3.27,13.64,10.00,0.00,48.09,19.13,65.65,0.00,,9.7,93.4,18.0,147.5,248.0,-52.1,
7:10:20 PM,42.4679732,-82.801732,,R2,R-Spin,Full,Star,Run,13.5,93.7,103.6,-10.0,-1.2,0.6,,,,63.8,101.5,-37.6,,,,,,,,,0.00,9.5,100.0,18.2,149.1,247.7,-52.1,
7:10:21 PM,42.46797,-82.801646,19.9,R2,R-Spin,Full,Star,Run,13.2,96.5,107.0,-10.5,-2.0,-1.3,,,,64.9,106.5,-41.5,,,,,,,,,,9.5,97.1,17.4,147.3,244.9,-51.2,
7:10:22 PM,42.4679667,-82.8015636,,R2,R-Spin,Full,Star,Run,13.8,102.4,113.0,-10.6,-5.0,-0.7,,,,67.5,111.3,-43.8,,,,,,,,,,10.5,98.5,18.1,145.0,247.4,-51.5,
7:10:23 PM,42.4679531,-82.8014809,19.6,R2,R-Spin,Full,Star,Run,14.0,106.2,114.0,-7.8,-5.9,0.6,,,,67.2,,,,,,,,,,,,10.8,104.9,19.6,147.9,255.6,-53.0,
7:10:24 PM,42.46793305,-82.80138815,,R2,R-Spin,Full,Star,Run,14.5,106.9,113.3,-6.5,-6.2,1.5,,,,67.0,111.5,-44.4,3.27,13.64,10.00,0.00,48.09,19.13,68.40,0.00,0.00,11.9,107.7,21.3,147.7,256.8,-53.0,
7:10:25 PM,42.46791407,-82.80130195,19.4,R2,R-Spin,Full,Star,Run,14.6,106.8,112.1,-5.3,-6.3,0.2,,,,67.4,110.9,-43.5,,,,,,,,,,11.5,102.3,20.6,147.0,256.2,-53.1,
7:10:26 PM,42.46789393,-82.80121122,,R2,R-Spin,Full,Star,Run,15.0,105.4,,,-4.5,2.6,,,,67.9,109.5,-41.6,,,,,,,,,,10.9,101.8,20.2,148.0,256.4,-53.0,
7:10:27 PM,42.46787551,-82.80112129,19.5,R2,R-Spin,Full,Star,Run,14.2,104.6,111.8,-7.2,,,,,,,109.4,,3.27,13.64,10.00,0.01,48.09,19.13,65.98,0.00,,11.0,100.1,19.9,147.1,254.3,-53.0,
7:10:28 PM,42.4678579,-82.8010302,,R2,R-Spin,Full,Star,Run,14.9,102.9,110.9,-8.0,-4.5,-0.1,,,,69.7,108.4,-38.7,,,,,,,,,0.00,10.4,97.5,19.2,147.4,253.7,-52.6,
7:10:29 PM,42.46784214,-82.80094005,19.8,R2,R-Spin,Full,Star,Run,15.4,102.8,109.4,-6.6,-5.5,-1.4,,,,67.4,106.8,-39.5,,,,,,,,,,8.9,100.4,18.7,152.2,257.2,-52.7,
7:10:30 PM,42.4678258,-82.8008379,,R2,R-Spin,Full,Star,Run,16.0,101.8,108.0,-6.2,-5.2,0.5,,,,66.1,105.7,-39.6,,,,,,,,,,8.1,99.3,18.8,154.7,258.7,-52.7,
7:10:31 PM,42.4678107,-82.8007411,19.9,R2,R-Spin,Full,Star,Run,15.7,101.3,108.0,-6.7,-4.2,-0.7,,,,65.1,105.3,-40.2,3.27,13.64,10.00,0.01,48.09,19.13,65.80,0.00,,,,,,,-53.5,
7:10:32 PM,42.4677972,-82.8006464,,R2,R-Spin,Full,Star,Run,15.3,99.4,106.0,-6.7,-2.9,1.7,,,,65.8,102.9,-37.1,,,,,,,,,0.00,8.1,104.6,19.4,156.1,259.8,-52.5,
7:10:33 PM,42.4677842,-82.8005525,19.8,R2,R-Spin,Full,Star,Run,14.5,95.1,102.7,-7.6,-0.3,-0.7,,,,63.5,,,,,,,,,,,,8.8,101.3,19.1,153.3,255.2,-50.7,
7:10:34 PM,42.4677775,-82.8004608,19.7,R2,R-Spin,Full,Star,Run,14.2,95.5,100.1,-4.6,-0.4,-1.3,,,,,99.9,,,,,,,,,,,10.1,99.2,19.1,148.5,247.1,-49.3,
7:10:35 PM,42.4677727,-82.8003706,,R2,R-Spin,Full,Star,Run,12.9,84.6,90.7,-6.1,,,,,,60.6,96.2,-35.6,3.27,13.64,10.00,0.00,48.09,19.13,59.63,0.00,,8.6,95.2,17.2,150.1,246.5,-45.6,
7:10:36 PM,42.4677782,-82.8002891,19.7,R2,R-Spin,Full,Gybe,Gybe,11.7,76.7,,,7.1,-0.3,,,,53.0,85.9,-32.8,,,,,,,,,0.00,5.6,95.2,14.6,157.7,245.3,-15.9,
7:10:37 PM,42.4677941,-82.8002119,,R2,R-Spin,Full,Gybe,Gybe,,,81.2,,8.6,0.5,,,,45.9,76.7,-30.9,,,,,,,,,,6.1,80.0,12.0,150.1,226.8,,
7:10:38 PM,42.4678131,-82.8001556,20.0,R2,R-Spin,Full,Gybe,Gybe,10.0,69.1,77.0,-8.0,5.7,-1.2,,,,39.7,75.4,-35.7,,,,,,,,,,6.6,103.9,13.3,151.4,224.3,13.8,
7:10:39 PM,42.467833,-82.800115,,R2,R-Spin,Full,Gybe,Gybe,9.0,67.2,79.1,-11.9,2.9,-0.6,,,,38.6,76.9,-38.2,3.27,13.64,10.00,0.01,48.09,19.13,65.56,0.00,,5.8,167.5,14.7,175.1,247.5,34.1,
7:10:40 PM,42.4678605,-82.8000835,19.9,R2,R-Spin,Full,Gybe,Gybe,8.1,68.9,78.9,-10.0,1.7,-1.2,,,,36.7,76.3,-39.6,,,,,,,,,0.00,5.8,-162.0,13.8,-172.5,260.8,22.9,
7:10:41 PM,42.4678764,-82.8000397,19.7,R2,R-Spin,Full,Gybe,Gybe,7.3,71.2,77.2,-6.0,2.0,-0.7,,,,33.7,74.9,-41.2,,,,,,,,,,8.8,-168.0,16.1,-173.5,260.1,35.2,
7:10:42 PM,42.4678822,-82.7999928,19.6,R2,R-Spin,Full,Gybe,Gybe,6.1,64.7,78.5,-13.8,1.2,-0.2,,,,34.4,76.5,-42.0,,,,,,,,,,10.7,-169.5,17.3,-173.6,263.0,35.1,
7:10:43 PM,42.4678886,-82.7999464,,R2,R-Spin,Full,Port,Reach,7.0,78.7,78.2,0.6,,,,,,,75.4,,3.27,13.64,10.00,0.01,48.09,19.13,63.49,0.00,,12.4,-163.6,19.0,-169.4,267.6,33.6,
7:10:44 PM,42.4678976,-82.7999066,19.6,R2,R-Spin,Full,Port,Reach,6.4,69.2,76.0,-6.8,3.1,-0.2,,,,32.5,,,,,,,,,,,0.00,12.5,-163.4,19.7,-169.5,267.1,35.6,
7:10:45 PM,42.4679131,-82.7998767,,R2,R-Spin,Full,Port,Reach,6.6,69.3,73.1,-3.8,4.5,0.1,,,,29.9,73.1,-43.1,,,,,,,,,,12.6,-162.5,19.1,-168.5,262.7,36.7,
7:10:46 PM,42.4679294,-82.799859,19.8,R2,R-Spin,Full,Port,Reach,6.6,62.0,70.3,-8.3,5.9,0.5,,,,26.2,70.0,-43.8,,,,,,,,,,,,,,,36.8,
7:10:47 PM,42.4679492,-82.7998462,,R2,R-Spin,Full,Port,Reach,6.3,62.5,,,5.3,0.4,,,,23.8,67.5,-43.7,3.27,13.64,10.00,0.01,48.09,19.13,62.03,0.00,,11.6,-161.7,17.8,-168.1,261.0,36.8,
7:10:48 PM,42.4679725,-82.7998343,19.8,R2,R-Spin,Full,Port,Reach,6.8,55.3,69.2,-13.9,2.9,0.9,,,,22.6,67.3,-44.7,,,,,,,,,0.00,10.5,-163.8,16.8,-170.0,255.6,36.8,
7:10:49 PM,42.4679973,-82.7998179,,R2,R-Spin,Full,Port,Reach,6.8,57.7,71.2,-13.5,1.3,0.5,,,,24.1,69.3,-45.2,,,,,,,,,,10.0,-158.7,16.7,-167.4,257.4,36.7,
7:10:50 PM,42.4680233,-82.7997968,19.8,R2,R-Spin,Full,Port,Reach,6.5,58.8,72.8,-14.0,1.1,0.9,,,,26.5,69.9,-43.5,,,,,,,,,,10.4,-156.5,16.7,-165.5,260.9,36.7,
7:10:51 PM,42.468047,-82.7997816,,R2,R-Spin,Full,Port,Reach,5.9,57.4,67.8,-10.4,3.7,0.4,,,,20.4,64.0,-43.6,3.27,13.64,10.00,0.01,48.09,19.13,61.91,0.00,,10.6,-150.7,16.3,-161.5,265.0,36.7,
7:10:52 PM,42.4680636,-82.7997652,19.8,R2,R-Spin,Full,Port,Reach,6.1,55.3,62.9,-7.6,7.3,1.1,,,,15.7,59.8,-44.1,,,,,,,,,0.00,12.5,-147.6,17.9,-158.0,265.8,37.8,
7:10:53 PM,42.4680787,-82.7997522,,R2,R-Spin,Full,Port,Reach,6.0,44.8,59.9,-15.2,6.2,1.2,,,,,57.3,,,,,,,,,,,12.0,-149.5,17.5,-159.6,258.3,37.9,
7:10:54 PM,42.4680942,-82.7997348,19.9,R2,R-Spin,Full,Port,Reach,5.5,37.9,58.9,-20.9,5.2,1.0,,,,12.4,,,,,,,,,,,,12.1,-148.8,17.7,-159.3,254.6,37.9,
7:10:55 PM,42.4681158,-82.7997163,,R2,R-Spin,Full,Port,Reach,5.9,34.8,54.7,-19.9,4.2,0.5,,,,10.9,55.9,-45.0,3.27,13.64,10.00,0.01,48.09,19.13,60.72,0.00,,11.5,-144.0,16.6,-156.0,255.7,37.9,
7:10:56 PM,42.4681346,-82.7996942,19.6,R2,R-Spin,Full,Port,Reach,5.8,41.4,51.4,-10.0,,,,,,6.1,51.3,-45.3,,,,,,,,,0.00,12.6,-135.2,17.2,-148.8,263.6,37.9,
7:10:57 PM,42.4681545,-82.7996685,,R2,R-Spin,Full,Port,Reach,6.4,44.3,,,6.4,0.6,,,,2.8,48.6,-45.8,,,,,,,,,,11.8,-129.2,16.5,-146.2,264.1,38.2,
7:10:58 PM,42.4681767,-82.7996553,19.9,R2,R-Spin,Full,Port,Reach,8.5,30.1,48.9,-18.8,5.4,2.0,,,,0.1,45.7,-45.6,,,,,,,,,,10.4,-117.8,16.0,-145.2,256.1,38.3,
7:10:59 PM,42.4682122,-82.7996399,,R2,R-Spin,Full,Port,Reach,10.2,25.7,47.6,-21.9,6.9,3.6,,,,0.6,45.9,-45.3,3.27,13.64,10.00,0.01,48.09,19.13,58.62,0.00,,10.4,-112.2,15.4,-141.3,259.2,38.2,
7:11:00 PM,42.4682426,-82.7996047,19.9,R2,R-Spin,Full,Port,Reach,7.9,25.6,49.0,-23.4,6.5,2.9,,,,,46.9,,,,,,,,,,0.00,10.0,-111.3,14.9,-141.3,258.0,,
7:11:01 PM,42.46827,-82.7995647,19.8,R2,R-Spin,Full,Port,Reach,8.2,25.6,46.8,-21.1,5.7,1.7,,,,1.8,43.0,-41.2,,,,,,,,,,,,,,,38.3,
7:11:02 PM,42.4683157,-82.7995241,,R2,R-Spin,Full,Port,Reach,12.2,25.1,44.8,-19.7,7.7,1.6,,,,358.2,43.5,314.7,,,,,,,,,,10.6,-103.8,16.4,-141.1,257.2,38.4,
7:11:03 PM,42.4683646,-82.7994836,19.8,R2,R-Spin,Full,Port,Reach,12.9,26.7,49.1,-22.5,3.4,1.8,,,,358.8,46.9,311.8,3.27,13.64,10.00,0.01,48.09,19.13,59.24,0.00,,11.3,-101.5,18.4,-143.0,250.8,38.6,
7:11:04 PM,42.4684078,-82.7994363,,R2,R-Spin,Full,Port,Reach,12.0,29.5,50.4,-20.9,,,,,,2.7,47.8,-45.1,,,,,,,,,0.00,9.2,-98.2,17.3,-148.0,246.8,41.3,
7:11:05 PM,42.468451,-82.7993795,19.7,R2,R-Spin,Full,Port,Reach,13.7,30.2,49.0,-18.8,0.9,2.3,,,,3.1,,,,,,,,,,,,9.9,-90.3,16.8,-144.0,252.0,41.1,
7:11:06 PM,42.4685091,-82.7993205,,R2,R-Spin,Full,Port,Reach,13.8,30.0,52.1,-22.1,3.1,-0.4,,,,,46.8,,,,,,,,,,,11.5,-80.2,16.3,-135.7,261.1,43.7,
7:11:07 PM,42.4685797,-82.7992537,19.7,R2,R-Spin,Full,Port,Reach,13.5,31.2,,,1.1,0.8,,,,4.9,50.3,-45.4,3.27,13.64,10.00,0.01,48.09,19.13,60.81,0.00,,10.6,-79.9,16.1,-139.8,256.7,43.7,
7:11:08 PM,42.4686324,-82.7992105,19.6,R2,R-Spin,Full,Port,Reach,14.0,33.5,53.8,-20.3,2.2,1.8,,,,7.3,51.9,-44.6,,,,,,,,,0.00,11.1,-79.2,16.2,-137.5,262.5,43.6,
7:11:09 PM,42.4686874,-82.7991625,,R2,R-Spin,Full,Port,Reach,14.1,34.5,55.3,-20.9,3.3,-1.6,,,,9.7,53.3,-43.7,,,,,,,,,,11.8,-72.3,15.4,-133.3,267.2,43.5,
7:11:10 PM,42.4687367,-82.7991177,19.6,R2,R-Spin,Full,Port,Reach,14.1,36.0,56.6,-20.6,2.0,1.1,,,,10.7,55.0,-44.4,,,,,,,,,,9.6,-79.0,15.4,-142.3,258.6,43.5,
7:11:11 PM,42.4687881,-82.7990726,,R2,R-Spin,Full,Port,Reach,14.6,35.7,58.0,-22.4,1.2,-0.8,,,,12.4,55.5,-43.1,3.27,13.64,10.00,0.01,48.09,19.13,61.76,0.00,,9.3,-73.2,14.6,-142.4,256.8,42.9,
7:11:12 PM,42.4688475,-82.7990227,19.6,R2,R-Spin,Full,Port,Reach,15.4,30.3,56.4,-26.1,3.7,0.4,,,,11.6,54.2,-42.6,,,,,,,,,0.00,10.2,-81.1,16.9,-143.4,252.5,40.9,
7:11:13 PM,42.4689058,-82.798969,,R2,R-Spin,Full,Port,Reach,13.6,37.9,57.2,-19.3,3.1,-4.1,,,,13.3,55.2,-41.8,,,,,,,,,,9.7,-72.6,14.3,-139.3,264.2,44.7,
7:11:14 PM,42.4689561,-82.7989117,19.6,R2,R-Spin,Full,Port,Reach,13.3,36.6,58.2,-21.6,0.7,3.0,,,,15.0,55.9,-40.9,,,,,,,,,,8.8,-93.0,,,,41.4,
7:11:15 PM,,,,R2,R-Spin,Full,Port,Reach,,,58.1,,,,,,,,,,3.27,13.64,10.00,0.01,48.09,19.13,62.15,0.00,,10.3,-72.1,,,,41.8,
7:11:16 PM,42.4690461,-82.7988538,19.7,R2,R-Spin,Full,Port,Reach,,,56.5,,1.0,-0.8,,,,15.0,55.5,-40.4,,,,,,,,,0.00,11.6,-73.3,,,,41.9,
7:11:17 PM,42.469178,-82.7987511,,R2,R-Spin,Full,Port,Reach,,,56.3,,3.3,-1.8,,,,14.0,54.0,-39.9,,,,,,,,,,10.0,-78.7,,,,43.0,
7:11:18 PM,42.4686049,-82.7988357,19.6,R2,R-Spin,Full,Port,Reach,,,,,3.0,-0.5,,,,12.5,53.8,-41.3,,,,,,,,,,,,,,,42.9,
7:11:19 PM,42.46852559,-82.7988162,19.6,R2,R-Spin,Full,Port,Reach,,,54.8,,3.1,0.1,,,,12.1,52.2,-40.0,3.27,13.64,10.00,0.01,48.09,19.13,60.04,0.00,,9.4,-85.5,,,,42.9,
7:11:20 PM,42.46845347,-82.79879842,,R2,R-Spin,Full,Port,Reach,,,53.1,,4.1,1.4,,,,10.8,50.3,-39.5,,,,,,,,,0.00,9.7,-86.4,,,,42.9,
7:11:21 PM,42.46838136,-82.79878063,19.9,R2,R-Spin,Full,Port,Reach,,,50.7,,4.7,0.2,,,,9.6,47.4,-37.8,,,,,,,,,,9.8,-83.5,,,,44.7,
7:11:22 PM,42.468302,-82.798761,,R2,R-Spin,Full,Port,Reach,,,47.5,,5.8,0.2,,,,6.3,45.2,-38.9,,,,,,,,,,10.1,-77.8,,,,44.6,
7:11:23 PM,42.4682299,-82.7987432,19.9,R2,R-Spin,Full,Port,Reach,,,49.9,,0.5,1.0,,,,358.2,48.4,309.8,3.27,13.64,10.00,0.01,48.09,19.13,60.80,0.00,,10.6,-84.4,,,,,
7:11:24 PM,42.46816501,-82.79872728,20.1,R2,R-Spin,Full,Port,Reach,14.3,25.9,50.2,-24.3,-0.4,-1.7,,,,2.9,47.4,-44.5,,,,,,,,,0.00,10.9,-72.3,,,,44.6,
7:11:25 PM,42.469428,-82.7978878,,R2,R-Spin,Full,Port,Reach,16.5,22.5,49.3,-26.8,4.8,1.4,,,,7.4,,,,,,,,,,,,13.3,-82.4,18.9,-135.7,259.5,44.4,
7:11:26 PM,42.4694632,-82.7978897,20.0,R2,R-Spin,Full,Port,Reach,17.0,28.0,51.5,-23.5,4.1,-1.2,,,,6.3,47.4,-41.0,,,,,,,,,,12.6,-72.2,18.4,-139.1,249.6,44.6,
7:11:27 PM,42.4695638,-82.7978109,,R2,R-Spin,Full,Port,Reach,15.6,29.1,,,4.6,0.6,,,,7.8,49.2,-41.4,3.27,13.64,10.00,0.01,48.09,19.13,59.48,0.00,,11.9,-74.0,17.3,-138.7,256.4,44.6,
7:11:28 PM,42.4696742,-82.7976396,19.7,R2,R-Spin,Full,Port,Reach,17.6,32.0,51.4,-19.3,,,,,,,49.2,,,,,,,,,,0.00,11.3,-73.5,17.7,-142.2,251.4,44.6,
7:11:29 PM,42.4697475,-82.7975695,19.9,R2,R-Spin,Full,Port,Reach,16.1,29.5,53.0,-23.5,3.3,0.1,,,,9.5,50.7,-41.2,,,,,,,,,,11.2,-68.0,16.4,-141.0,254.1,44.6,
7:11:30 PM,42.469844,-82.7974791,19.7,R2,R-Spin,Full,Port,Reach,,,52.7,,3.5,0.5,,,,10.1,50.8,-40.6,,,,,,,,,,11.4,-67.4,15.3,-136.5,256.4,44.1,
7:11:31 PM,42.4699387,-82.7974008,,R2,R-Spin,Full,Port,Reach,15.7,30.5,54.9,-24.4,2.7,-0.5,,,,11.7,52.8,-41.1,3.27,13.64,10.00,0.01,48.09,19.13,60.76,0.00,,11.3,-67.8,15.4,-137.1,254.0,44.1,
7:11:32 PM,42.4700416,-82.7973433,19.7,R2,R-Spin,Full,Port,Reach,15.8,28.5,54.2,-25.8,2.8,-1.4,,,,13.1,51.8,-38.7,,,,,,,,,0.00,12.0,-68.2,16.7,-138.3,248.1,44.1,
7:11:33 PM,42.4701374,-82.7973065,,R2,R-Spin,Full,Port,Reach,17.9,22.5,54.9,-32.4,5.1,-0.7,,,,12.7,52.8,-40.1,,,,,,,,,,11.9,-70.5,18.3,-142.2,239.6,44.1,
7:11:34 PM,42.4702268,-82.797258,19.8,R2,R-Spin,Full,Port,Reach,18.8,21.7,55.0,-33.3,4.6,-0.2,,,,12.4,52.6,-40.1,,,,,,,,,,,,,,,44.1,
7:11:35 PM,42.4703077,-82.7972145,,R2,R-Spin,Full,Port,Reach,,,54.9,,3.7,0.5,,,,13.3,52.7,-39.4,3.27,13.64,10.00,0.00,48.09,19.13,60.32,0.00,,10.5,-70.0,,,,44.2,
7:11:36 PM,42.4703886,-82.7971709,19.7,R2,R-Spin,Full,Port,Reach,,,55.0,,3.5,-0.9,,,,14.6,,,,,,,,,,,0.00,11.2,-73.2,,,,44.2,
7:11:37 PM,42.4704776,-82.797123,,R2,R-Spin,Full,Port,Reach,,,,,,,,,,,52.6,,,,,,,,,,,11.3,-68.9,,,,44.2,
7:11:38 PM,42.4705585,-82.7970795,19.7,R2,R-Spin,Full,Port,Reach,,,54.0,,4.1,0.0,,,,14.5,51.8,-37.4,,,,,,,,,,11.2,-70.4,,,,44.2,
7:11:39 PM,42.4706394,-82.7970359,,R2,R-Spin,Full,Port,Reach,,,56.4,,2.8,-1.4,,,,14.2,54.3,-40.1,3.27,13.64,10.00,0.01,48.09,19.13,60.70,0.00,,9.9,-64.3,,,,44.2,
7:11:40 PM,42.4707203,-82.7969924,19.8,R2,R-Spin,Full,Port,Reach,,,55.7,,3.5,1.0,,,,17.7,53.0,-35.3,,,,,,,,,0.00,9.4,-72.5,,,,44.2,
7:11:41 PM,42.4708012,-82.7969488,,R2,R-Spin,Full,Port,Reach,,,54.6,,4.1,-0.9,,,,15.6,52.1,-36.5,,,,,,,,,,10.1,-66.6,,,,44.2,
7:11:42 PM,42.4708821,-82.7969053,19.8,R2,R-Spin,Full,Port,Reach,,,54.7,,4.8,-1.7,,,,14.9,52.6,-37.7,,,,,,,,,,10.2,-65.9,,,,44.3,
7:11:43 PM,42.470963,-82.7968617,,R2,R-Spin,Full,Port,Reach,,,55.0,,5.4,1.5,,,,16.9,52.8,-35.9,,,,,,,,,,9.8,-80.3,,,,44.3,
7:11:44 PM,42.4710439,-82.7968182,19.9,R2,R-Spin,Full,Port,Reach,,,55.9,,3.8,-1.3,,,,16.5,53.6,-37.1,3.27,13.64,10.00,0.01,48.09,19.13,60.18,0.00,0.00,9.6,-64.7,,,,44.3,
7:11:45 PM,42.4711329,-82.7967703,,R2,R-Spin,Full,Port,Reach,,,56.1,,3.7,-1.4,,,,16.9,53.9,-37.0,,,,,,,,,,10.1,-63.1,,,,,
7:11:46 PM,42.4712138,-82.7967267,19.6,R2,R-Spin,Full,Port,Reach,,,56.2,,2.1,-0.1,,,,17.9,,,,,,,,,,,,9.7,-70.3,,,,44.3,
7:11:47 PM,42.4713028,-82.7966788,,R2,R-Spin,Full,Port,Reach,,,54.6,,,,,,,,53.6,,3.27,13.64,10.00,0.01,48.09,19.13,60.49,0.00,,9.4,-74.7,,,,44.3,
7:11:48 PM,42.4713837,-82.7966353,19.8,R2,R-Spin,Full,Port,Reach,,,,,2.5,0.0,,,,17.6,51.9,-34.3,,,,,,,,,0.00,11.3,-62.3,,,,43.7,
7:11:49 PM,42.4714647,-82.7965917,19.8,R2,R-Spin,Full,Port,Reach,,,53.7,,5.7,-0.7,,,,15.5,51.5,-36.0,,,,,,,,,,10.2,-68.1,,,,43.7,
7:11:50 PM,42.4715456,-82.7965482,,R2,R-Spin,Full,Port,Reach,,,54.1,,4.6,-1.3,,,,15.9,51.9,-36.1,,,,,,,,,,9.6,-77.4,,,,44.4,
7:11:51 PM,42.4716265,-82.7965046,19.9,R2,R-Spin,Full,Port,Reach,,,56.3,,,,,,,,54.1,,,,,,,,,,,,,,,,43.3,
7:11:52 PM,42.4717074,-82.7964611,,R2,R-Spin,Full,Port,Reach,,,55.9,,3.3,2.7,,,,17.7,53.9,-36.2,3.27,13.64,10.00,0.01,48.09,19.13,60.02,0.00,0.00,9.1,-76.6,,,,43.7,
7:11:53 PM,42.4717883,-82.7964175,19.9,R2,R-Spin,Full,Port,Reach,,,57.3,,,,,,,,54.7,,,,,,,,,,,9.8,-69.0,,,,44.4,
7:11:54 PM,42.4718773,-82.7963696,,R2,R-Spin,Full,Port,Reach,,,54.8,,,,,,,,52.6,,,,,,,,,,,9.8,-69.7,,,,44.3,
7:11:55 PM,42.4719582,-82.7963261,19.6,R2,R-Spin,Full,Port,Reach,,,55.5,,,,,,,,53.3,,,,,,,,,,,9.8,-70.3,,,,44.1,
7:11:56 PM,42.4720391,-82.7962825,,R2,R-Spin,Full,Port,Reach,,,55.0,,,,,,,,52.7,,,,,,,,,,,9.7,-73.3,,,,44.1,
7:11:57 PM,42.47212,-82.796239,19.8,R2,R-Spin,Full,Port,Reach,,,55.0,,3.6,-1.5,,,,18.2,,,,,,,,,,,,9.9,-71.1,,,,43.9,
7:11:58 PM,42.4722009,-82.7961954,,R2,R-Spin,Full,Port,Reach,,,,,,,,,,,52.5,,,,,,,,,,,10.4,-64.8,,,,43.9,
7:11:59 PM,42.4722818,-82.7961519,19.6,R2,R-Spin,Full,Port,Reach,,,54.5,,5.2,0.5,,,,18.0,52.3,-34.4,3.27,13.64,10.00,0.00,48.09,19.13,59.87,0.00,,10.1,-79.8,,,,44.0,
7:12:00 PM,42.4723627,-82.7961083,,R2,R-Spin,Full,Port,Reach,,,55.0,,3.1,2.6,,,,19.7,52.7,-33.0,,,,,,,,,0.00,8.9,-78.0,,,,44.0,
7:12:01 PM,42.4724436,-82.7960648,19.9,R2,R-Spin,Full,Port,Reach,,,55.7,,1.3,-0.9,,,,18.7,53.6,-34.9,,,,,,,,,,9.6,-65.0,,,,44.0,
7:12:02 PM,42.4725326,-82.7960168,,R2,R-Spin,Full,Port,Reach,,,55.9,,1.0,-2.5,,,,19.2,53.6,-34.4,,,,,,,,,,9.9,-68.0,,,,43.6,
7:12:03 PM,42.4725811,-82.7959907,19.5,R2,R-Spin,Full,Port,Reach,,,55.8,,3.3,0.1,,,,21.0,53.5,-32.4,3.27,13.64,10.00,0.01,48.09,19.13,59.89,0.00,,10.4,-79.0,,,,43.6,
7:12:04 PM,42.4725811,-82.7959907,,R2,R-Spin,Full,Port,Reach,,,55.4,,3.5,1.2,,,,20.3,53.2,-32.9,,,,,,,,,0.00,9.8,-86.3,,,,43.6,
7:12:05 PM,42.4725811,-82.7959907,19.7,R2,R-Spin,Full,Port,Reach,,,54.4,,3.6,-0.8,,,,19.2,51.9,-32.7,,,,,,,,,,9.7,-80.8,,,,43.6,
7:12:06 PM,42.4725811,-82.7959907,19.6,R2,R-Spin,Full,Port,Reach,,,54.3,,3.5,0.9,,,,17.9,52.0,-34.1,,,,,,,,,,9.6,-87.8,,,,43.6,
7:12:07 PM,,,,R2,R-Spin,Full,Port,Reach,,,54.4,,2.3,0.7,,,,18.6,,,3.27,13.64,10.00,0.01,48.09,19.13,59.48,0.00,,9.1,-84.6,,,,43.7,
7:12:08 PM,42.4725811,-82.7959907,19.6,R2,R-Spin,Full,Port,Reach,,,,,3.4,0.7,,,,18.7,51.9,-33.1,,,,,,,,,0.00,9.7,-88.9,,,,,
7:12:09 PM,42.4725811,-82.7959907,,R2,R-Spin,Full,Port,Reach,,,54.1,,,,,,,,51.8,,,,,,,,,,,10.5,-83.2,,,,43.7,
7:12:10 PM,42.47258118,-82.79599076,19.7,R2,R-Spin,Full,Port,Reach,,,53.2,,5.3,-0.6,,,,19.1,50.9,-31.8,,,,,,,,,,9.6,-79.7,,,,43.7,
7:12:11 PM,42.47258118,-82.79599076,,R2,R-Spin,Full,Port,Reach,,,54.7,,4.0,-0.4,,,,19.4,52.4,-33.0,3.27,13.64,10.00,0.00,48.09,19.13,59.92,0.00,,8.6,-88.9,,,,44.3,
7:12:12 PM,42.47258118,-82.79599076,19.6,R2,R-Spin,Full,Port,Reach,,,54.8,,2.2,1.6,,,,21.7,52.5,-30.7,,,,,,,,,0.00,9.3,-83.0,,,,43.3,
7:12:13 PM,42.47258118,-82.79599076,19.7,R2,R-Spin,Full,Port,Reach,,,54.0,,3.9,-1.1,,,,21.8,51.7,-29.9,,,,,,,,,,9.9,-82.1,,,,43.0,
7:12:14 PM,42.47258118,-82.79599076,,R2,R-Spin,Full,Port,Reach,,,55.4,,4.4,0.4,,,,20.7,53.1,-32.3,,,,,,,,,,9.1,-84.7,,,,43.8,
7:12:15 PM,42.47258118,-82.79599076,19.9,R2,R-Spin,Full,Port,Reach,,,53.7,,1.5,-1.4,,,,19.1,51.3,-32.2,3.27,13.64,10.00,0.01,48.09,19.13,59.10,0.00,,9.2,-78.2,,,,43.8,
7:12:16 PM,42.47258118,-82.79599076,,R2,R-Spin,Full,Port,Reach,,,55.2,,3.8,-0.2,,,,19.9,52.9,-33.0,,,,,,,,,0.00,9.8,-87.3,,,,43.8,
7:12:17 PM,42.4725811,-82.7959907,19.7,R2,R-Spin,Full,Port,Reach,,,,,2.8,0.3,,,,21.6,,,,,,,,,,,,,,,,,43.8,
7:12:18 PM,42.4725811,-82.7959907,,R2,R-Spin,Full,Port,Reach,,,56.5,,1.1,0.5,,,,,54.1,,,,,,,,,,,8.8,-81.8,,,,43.8,
7:12:19 PM,42.4725811,-82.7959907,19.7,R2,R-Spin,Full,Port,Reach,,,57.6,,2.0,0.0,,,,23.0,55.3,-32.2,3.27,13.64,10.00,0.01,48.09,19.13,59.80,0.00,,8.7,-84.5,,,,43.8,
7:12:20 PM,42.4725811,-82.7959907,,R2,R-Spin,Full,Port,Reach,,,55.9,,,,,,,24.0,53.6,-29.5,,,,,,,,,0.00,9.3,-81.1,,,,43.7,
7:12:21 PM,42.4725811,-82.7959907,19.7,R2,R-Spin,Full,Port,Reach,,,56.5,,3.0,0.6,,,,21.8,54.2,-32.4,,,,,,,,,,9.1,-86.0,,,,43.7,
7:12:22 PM,42.4725811,-82.7959907,,R2,R-Spin,Full,Port,Reach,,,55.5,,2.2,0.6,,,,22.3,53.2,-30.9,,,,,,,,,,8.5,-83.1,,,,41.6,
7:12:23 PM,42.4725811,-82.7959907,19.8,R2,R-Spin,Full,Port,Reach,,,53.9,,5.3,-2.4,,,,20.0,51.6,-31.6,3.27,13.64,10.00,0.01,48.09,19.13,58.68,0.00,,10.0,-78.1,,,,44.1,
7:12:24 PM,42.4725811,-82.7959907,,R2,R-Spin,Full,Port,Reach,,,56.6,,4.3,0.6,,,,20.8,54.3,-33.5,,,,,,,,,0.00,8.8,-86.4,,,,44.2,
7:12:25 PM,42.4725811,-82.7959907,19.7,R2,R-Spin,Full,Port,Reach,,,56.3,,0.8,1.6,,,,21.2,54.0,-32.8,,,,,,,,,,7.6,-87.0,,,,44.1,
7:12:26 PM,42.4725811,-82.7959907,19.7,R2,R-Spin,Full,Port,Reach,,,58.4,,0.8,1.9,,,,23.5,56.1,-32.6,,,,,,,,,,9.1,-85.6,,,,44.0,
7:12:27 PM,42.4725811,-82.7959907,19.9,R2,R-Spin,Full,Port,Reach,,,58.2,,-0.1,-0.4,,,,24.4,55.8,-31.4,3.27,13.64,10.00,0.01,48.09,19.13,60.99,0.00,,8.4,-76.3,,,,43.1,
7:12:28 PM,42.4725811,-82.7959907,,R2,R-Spin,Full,Port,Reach,,,,,,,,,,,,,,,,,,,,,0.00,10.2,-80.5,,,,43.1,
7:12:29 PM,42.4725811,-82.7959907,19.9,R2,R-Spin,Full,Port,Reach,,,56.5,,2.4,-1.5,,,,22.5,54.2,-31.6,,,,,,,,,,9.1,-85.4,,,,43.1,
7:12:30 PM,42.4725811,-82.7959907,19.7,R2,R-Spin,Full,Port,Reach,,,57.0,,1.4,0.1,,,,22.2,54.7,-32.5,,,,,,,,,,8.0,-91.2,,,,43.1,
7:12:31 PM,42.4725811,-82.7959907,,R2,R-Spin,Full,Port,Reach,,,58.0,,-0.4,1.5,,,,23.9,55.6,-31.8,3.27,15.09,10.00,0.01,48.09,19.11,60.34,0.00,,8.3,-91.9,,,,42.3,
7:12:32 PM,42.4725811,-82.7959907,19.7,R2,R-Spin,Full,Port,Reach,,,56.1,,0.9,0.1,,,,25.2,53.8,-28.7,,,,,,,,,0.00,9.2,-86.1,,,,42.3,
7:12:33 PM,42.4725811,-82.7959907,,R2,R-Spin,Full,Port,Reach,,,53.3,,3.8,0.3,,,,21.2,51.0,-29.8,,,,,,,,,,9.3,-91.6,,,,,
7:12:34 PM,42.4725811,-82.7959907,19.7,R2,R-Spin,Full,Port,Reach,,,53.7,,3.6,0.4,,,,19.8,51.4,-31.6,,,,,,,,,,,,,,,42.3,
7:12:35 PM,42.4725811,-82.7959907,,R2,R-Spin,Full,Port,Reach,,,51.0,,,,,,,,48.7,,3.27,15.09,10.00,0.01,48.09,19.11,58.57,0.00,,8.8,-90.7,,,,42.3,
7:12:36 PM,42.4725811,-82.7959907,19.8,R2,R-Spin,Full,Port,Reach,,,51.2,,5.0,0.3,,,,16.6,48.9,-32.3,,,,,,,,,0.00,9.3,-89.5,,,,42.3,
7:12:37 PM,42.4725811,-82.7959907,,R2,R-Spin,Full,Port,Reach,,,48.1,,4.0,1.9,,,,16.6,45.8,-29.2,,,,,,,,,,8.6,-95.4,,,,44.2,
7:12:38 PM,42.4725811,-82.7959907,19.9,R2,R-Spin,Full,Port,Reach,,,,,2.9,1.5,,,,14.7,,,,,,,,,,,,8.9,-90.7,,,,44.0,
7:12:39 PM,42.4725811,-82.7959907,,R2,R-Spin,Full,Port,Reach,,,47.9,,3.4,0.0,,,,13.7,45.6,-31.9,3.27,15.09,10.00,0.01,48.09,19.11,58.36,0.00,,9.9,-82.9,,,,43.8,
7:12:40 PM,42.4725811,-82.7959907,19.6,R2,R-Spin,Full,Port,Reach,,,48.5,,3.2,-0.9,,,,13.9,46.2,-32.3,,,,,,,,,0.00,9.9,-78.7,,,,43.8,
7:12:41 PM,42.4725811,-82.7959907,,R2,R-Spin,Full,Port,Reach,,,50.7,,1.6,2.7,,,,16.5,48.4,-31.8,,,,,,,,,,9.3,-81.6,,,,43.8,
7:12:42 PM,42.4725811,-82.7959907,19.6,R2,R-Spin,Full,Port,Reach,,,49.3,,,,,,,,46.9,,,,,,,,,,,9.8,-79.7,,,,42.7,
7:12:43 PM,42.4725811,-82.7959907,,R2,R-Spin,Full,Port,Reach,,,49.1,,3.3,0.5,,,,15.8,46.8,-31.1,3.27,15.09,10.00,0.01,48.09,19.11,59.63,0.00,,10.8,-68.1,,,,42.7,
7:12:44 PM,42.4725811,-82.7959907,19.9,R2,R-Spin,Full,Port,Reach,,,48.0,,3.7,-2.3,,,,14.3,45.7,-31.4,,,,,,,,,0.00,10.2,-72.9,,,,43.0,
7:12:45 PM,42.4725811,-82.7959907,,R2,R-Spin,Full,Port,Reach,,,48.8,,4.0,1.3,,,,13.8,46.4,-32.7,,,,,,,,,,9.6,-77.2,,,,43.6,
7:12:46 PM,42.4725811,-82.7959907,19.9,R2,R-Spin,Full,Port,Reach,,,47.6,,3.3,-0.5,,,,14.2,45.3,-31.1,,,,,,,,,,10.2,-66.6,,,,43.6,
7:12:47 PM,42.4725811,-82.7959907,,R2,R-Spin,Full,Port,Reach,,,49.8,,4.1,-0.8,,,,13.9,47.5,-33.6,3.27,15.09,10.00,0.01,48.09,19.11,59.01,0.00,,10.1,-70.6,,,,44.7,
7:12:48 PM,42.4725811,-82.7959907,19.7,R2,R-Spin,Full,Port,Reach,,,,,2.9,3.2,,,,15.2,,,,,,,,,,,0.00,9.7,-74.5,,,,44.6,
7:12:49 PM,42.4725811,-82.7959907,19.7,R2,R-Spin,Full,Port,Reach,,,50.1,,3.6,-0.8,,,,17.1,47.8,-30.6,,,,,,,,,,10.6,-63.7,,,,44.8,
7:12:50 PM,42.4725811,-82.7959907,,R2,R-Spin,Full,Port,Reach,,,53.1,,4.2,1.2,,,,18.6,50.7,-32.1,,,,,,,,,,,,,,,44.6,
7:12:51 PM,42.4725811,-82.7959907,20.0,R2,R-Spin,Full,Port,Reach,,,53.7,,,,,,,,51.4,,3.27,15.09,10.00,0.00,48.09,19.11,59.11,0.00,,10.9,-72.3,,,,44.1,
7:12:52 PM,42.4725811,-82.7959907,,R2,R-Spin,Full,Port,Reach,,,52.7,,5.3,-0.3,,,,18.9,50.4,-31.5,,,,,,,,,0.00,11.4,-67.8,,,,44.1,
7:12:53 PM,42.4725811,-82.7959907,20.1,R2,R-Spin,Full,Port,Reach,,,55.4,,6.3,2.5,,,,20.2,53.1,-32.9,,,,,,,,,,11.1,-75.5,,,,44.1,
7:12:54 PM,42.4725811,-82.7959907,20.2,R2,R-Spin,Full,Port,Reach,,,56.2,,4.0,-2.0,,,,22.4,53.9,-31.5,,,,,,,,,,10.7,-62.3,,,,44.2,
7:12:55 PM,42.4725811,-82.7959907,,R2,R-Spin,Full,Port,Reach,,,59.0,,5.3,0.3,,,,23.7,56.7,-33.0,3.27,15.09,10.00,0.01,48.09,19.11,60.23,0.00,,11.0,-71.4,,,,,
7:12:56 PM,42.4725811,-82.7959907,19.8,R2,R-Spin,Full,Port,Reach,,,61.0,,3.0,3.1,,,,28.6,58.7,-30.1,,,,,,,,,0.00,9.8,-79.8,,,,44.9,
7:12:57 PM,42.4725811,-82.7959907,,R2,R-Spin,Full,Port,Reach,,,60.2,,1.9,-4.5,,,,28.8,57.9,-29.1,,,,,,,,,,10.7,-63.6,,,,42.6,
7:12:58 PM,42.4725811,-82.7959907,19.8,R2,R-Spin,Full,Port,Reach,,,59.8,,,,,,,27.8,57.4,-29.6,,,,,,,,,,10.8,-76.0,,,,44.0,
7:12:59 PM,42.4725811,-82.7959907,,R2,R-Spin,Full,Port,Reach,,,,,3.4,1.0,,,,29.2,,,3.27,15.09,10.00,0.01,48.09,19.11,60.68,0.00,,9.7,-86.3,,,,43.8,
7:13:00 PM,42.4725811,-82.7959907,19.9,R2,R-Spin,Full,Port,Reach,,,60.2,,3.5,0.7,,,,29.2,57.9,-28.7,,,,,,,,,0.00,8.2,-78.6,,,,43.7,
7:13:01 PM,42.4725811,-82.7959907,,R2,R-Spin,Full,Port,Reach,,,60.9,,1.3,-0.5,,,,29.5,58.6,-29.1,,,,,,,,,,7.3,-75.9,,,,43.4,
7:13:02 PM,42.4725811,-82.7959907,19.9,R2,R-Spin,Full,Port,Reach,,,61.2,,-0.1,-1.7,,,,28.8,58.9,-30.1,,,,,,,,,,8.1,-84.4,,,,42.9,
7:13:03 PM,42.4725811,-82.7959907,,R2,R-Spin,Full,Port,Reach,,,58.7,,3.8,-1.2,,,,29.3,56.4,-27.2,3.27,15.09,10.00,0.01,48.09,19.11,60.04,0.00,,9.1,-82.2,,,,41.6,
7:13:04 PM,42.4725811,-82.7959907,19.9,R2,R-Spin,Full,Port,Reach,,,57.4,,4.8,0.3,,,,,55.1,,,,,,,,,,0.00,8.6,-88.6,,,,41.6,
7:13:05 PM,42.4725811,-82.7959907,,R2,R-Spin,Full,Port,Reach,,,57.6,,3.9,0.2,,,,26.5,55.3,-28.8,,,,,,,,,,,,,,,41.6,
7:13:06 PM,42.4725811,-82.7959907,20.2,R2,R-Spin,Full,Port,Reach,,,55.5,,3.1,-1.6,,,,25.3,53.2,-27.9,,,,,,,,,,8.0,-86.3,,,,41.6,
7:13:07 PM,42.4725811,-82.7959907,,R2,R-Spin,Full,Port,Reach,,,54.0,,,,,,,22.1,51.7,-29.5,3.27,15.09,10.00,0.01,48.09,19.11,58.59,0.00,,7.9,-80.7,,,,41.6,
7:13:08 PM,42.4725811,-82.7959907,19.9,R2,R-Spin,Full,Port,Reach,,,53.1,,5.2,0.0,,,,20.6,50.7,-30.2,,,,,,,,,0.00,8.7,-86.9,,,,41.6,
7:13:09 PM,42.4725811,-82.7959907,,R2,R-Spin,Full,Port,Reach,,,,,5.8,0.6,,,,19.7,,,,,,,,,,,,9.0,-87.9,,,,42.2,
7:13:10 PM,42.4725811,-82.7959907,19.9,R2,R-Spin,Full,Port,Reach,,,53.1,,5.4,0.8,,,,,50.8,,,,,,,,,,,8.7,-88.8,,,,42.4,
7:13:11 PM,42.4725811,-82.7959907,,R2,R-Spin,Full,Port,Reach,,,53.9,,4.0,0.6,,,,19.5,51.6,-32.1,3.27,15.09,10.00,0.01,48.09,19.11,59.33,0.00,,4.2,-96.2,,,,42.4,
7:13:12 PM,42.4725811,-82.7959907,20.0,R2,R-Spin,Full,Port,Reach,,,55.2,,2.4,1.1,,,,20.6,52.9,-32.3,,,,,,,,,0.00,8.4,-89.8,,,,42.4,
7:13:13 PM,42.4725811,-82.7959907,,R2,R-Spin,Full,Port,Reach,,,55.8,,2.4,0.7,,,,23.9,53.5,-29.6,,,,,,,,,,8.8,-90.8,,,,42.4,
7:13:14 PM,42.4725811,-82.7959907,19.9,R2,R-Spin,Full,Port,Reach,,,55.4,,4.3,-0.7,,,,22.9,53.1,-30.3,,,,,,,,,,9.5,-85.9,,,,42.4,
7:13:15 PM,42.4725811,-82.7959907,,R2,R-Spin,Full,Port,Reach,,,56.3,,4.3,-0.7,,,,22.6,54.0,-31.4,3.27,15.09,10.00,0.01,48.09,19.11,59.29,0.00,,9.1,-90.1,,,,42.4,
7:13:16 PM,42.4725811,-82.7959907,19.8,R2,R-Spin,Full,Port,Reach,,,55.1,,4.5,2.0,,,,22.5,52.8,-30.3,,,,,,,,,0.00,8.4,-94.1,,,,43.2,
7:13:17 PM,42.4725811,-82.7959907,,R2,R-Spin,Full,Port,Reach,,,54.1,,,,,,,,51.8,,,,,,,,,,,9.1,-97.6,,,,,
7:13:18 PM,42.4725811,-82.7959907,20.0,R2,R-Spin,Full,Port,Reach,,,56.2,,6.8,0.3,,,,22.7,53.9,-31.2,,,,,,,,,,8.6,-78.5,,,,43.2,
7:13:19 PM,42.4725811,-82.7959907,,R2,R-Spin,Full,Port,Reach,,,58.5,,4.8,-0.9,,,,24.1,56.2,-32.1,3.27,15.09,10.00,0.01,48.09,19.11,59.59,0.00,,8.9,-101.7,,,,45.3,
7:13:20 PM,42.4725811,-82.7959907,19.8,R2,R-Spin,Full,Port,Reach,,,,,1.7,0.0,,,,26.1,,,,,,,,,,,0.00,9.7,-83.7,,,,42.0,
7:13:21 PM,42.4725811,-82.7959907,,R2,R-Spin,Full,Port,Reach,,,59.4,,3.5,1.8,,,,27.1,57.1,-30.0,,,,,,,,,,10.8,-92.9,,,,42.5,
7:13:22 PM,42.4725811,-82.7959907,20.1,R2,R-Spin,Full,Port,Reach,,,60.6,,2.9,-0.9,,,,28.4,58.3,-29.9,,,,,,,,,,,,,,,42.4,
7:13:23 PM,,,,R2,R-Spin,Full,Port,Reach,,,62.1,,0.2,-1.6,,,,28.8,59.8,-31.0,3.27,15.09,10.00,0.01,48.09,19.11,60.60,0.00,,8.2,-84.5,,,,42.4,
7:13:24 PM,42.4725811,-82.7959907,19.7,R2,R-Spin,Full,Port,Reach,,,62.9,,2.3,0.8,,,,31.7,60.6,-28.9,,,,,,,,,0.00,7.7,-99.4,,,,42.4,
7:13:25 PM,42.47258118,-82.79599076,,R2,R-Spin,Full,Port,Reach,,,62.1,,2.7,-1.5,,,,30.8,59.8,-29.0,,,,,,,,,,8.9,-99.3,,,,40.2,
7:13:26 PM,42.4725811,-82.7959907,19.9,R2,R-Spin,Full,Port,Reach,,,62.8,,,,,,,,60.5,,,,,,,,,,,7.9,-93.3,,,,40.2,
7:13:27 PM,42.4725811,-82.7959907,19.8,R2,R-Spin,Full,Port,Reach,,,62.0,,1.3,-0.1,,,,30.0,59.7,-29.7,,,,,,,,,,7.8,-106.6,,,,40.6,
7:13:28 PM,42.4725811,-82.7959907,,R2,R-Spin,Full,Port,Reach,,,59.9,,1.6,0.4,,,,30.4,57.5,-27.2,3.27,15.09,10.00,0.01,48.09,19.11,60.31,0.00,0.00,8.1,-109.2,,,,40.6,
7:13:29 PM,42.4725811,-82.7959907,19.8,R2,R-Spin,Full,Port,Reach,,,55.0,,,,,,,,52.7,,,,,,,,,,,8.5,-109.4,,,,40.6,
7:13:30 PM,42.4725811,-82.7959907,,R2,R-Spin,Full,Port,Reach,,,,,,,,,,,,,,,,,,,,,,9.4,-114.2,,,,41.9,
7:13:31 PM,42.4725811,-82.7959907,20.1,R2,R-Spin,Full,Port,Reach,,,48.6,,,,,,,,46.3,,,,,,,,,,,9.7,-111.3,,,,41.9,
7:13:32 PM,42.4725811,-82.7959907,,R2,R-Spin,Full,Port,Reach,,,42.9,,,,,,,,40.6,,,,,,,,,,,9.6,-107.7,,,,43.7,
7:13:33 PM,42.4725811,-82.7959907,20.1,R2,R-Spin,Full,Port,Reach,,,42.3,,,,,,,,40.0,,,,,,,,,,,10.2,-93.0,,,,44.0,
7:13:34 PM,42.4725811,-82.7959907,,R2,R-Spin,Full,Port,Reach,,,44.7,,5.2,2.1,,,,6.6,42.4,-35.8,,,,,,,,,,12.3,-83.5,,,,44.1,
7:13:35 PM,42.4725811,-82.7959907,20.0,R2,R-Spin,Full,Port,Reach,,,45.2,,3.9,3.0,,,,8.9,42.9,-34.0,3.27,15.09,10.00,0.01,48.09,19.11,57.93,0.00,,13.2,-77.5,,,,44.0,
7:13:36 PM,42.4725811,-82.7959907,,R2,R-Spin,Full,Port,Reach,,,45.3,,4.1,2.8,,,,9.2,43.0,-33.8,,,,,,,,,0.00,,,,,,44.2,
7:13:37 PM,42.4725811,-82.7959907,19.9,R2,R-Spin,Full,Port,Reach,,,46.1,,5.3,0.2,,,,9.8,43.8,-34.0,,,,,,,,,,13.5,-78.3,,,,44.1,
7:13:38 PM,42.4725811,-82.7959907,,R2,R-Spin,Full,Port,Reach,,,51.6,,1.6,-0.8,,,,,49.3,,,,,,,,,,,13.8,-73.1,,,,44.1,
7:13:39 PM,42.4725811,-82.7959907,19.8,R2,R-Spin,Full,Port,Reach,,,54.5,,,,,,,11.0,52.2,-41.2,3.27,15.09,10.00,0.01,48.09,19.11,60.18,0.00,,10.3,-73.7,,,,,
7:13:40 PM,42.4725811,-82.7959907,20.0,R2,R-Spin,Full,Port,Reach,,,53.7,,1.3,4.1,,,,15.2,51.4,-36.2,,,,,,,,,0.00,9.8,-88.6,,,,43.9,
7:13:41 PM,42.4725811,-82.7959907,,R2,R-Spin,Full,Port,Reach,,,,,-1.3,-3.0,,,,16.6,,,,,,,,,,,,10.0,-67.5,,,,43.9,
7:13:42 PM,42.4725811,-82.7959907,19.8,R2,R-Spin,Full,Port,Reach,,,53.0,,1.1,2.6,,,,17.8,50.7,-32.9,,,,,,,,,,10.9,-90.0,,,,41.4,
7:13:43 PM,42.4725811,-82.7959907,,R2,R-Spin,Full,Port,Reach,,,53.4,,2.3,-0.9,,,,18.6,51.1,-32.5,3.27,15.09,10.00,0.01,48.09,19.11,59.31,0.00,,11.1,-82.3,,,,42.8,
7:13:44 PM,42.4725811,-82.7959907,19.9,R2,R-Spin,Full,Port,Reach,,,51.5,,4.5,-0.6,,,,18.8,49.1,-30.3,,,,,,,,,0.00,11.7,-89.2,,,,42.8,
7:13:45 PM,42.4725811,-82.7959907,,R2,R-Spin,Full,Port,Reach,,,51.5,,6.3,0.4,,,,16.7,49.2,-32.5,,,,,,,,,,11.2,-92.0,,,,42.9,
7:13:46 PM,42.4725811,-82.7959907,20.3,R2,R-Spin,Full,Port,Reach,,,52.1,,6.3,-0.2,,,,17.7,49.8,-32.1,,,,,,,,,,10.9,-92.9,,,,43.7,
7:13:47 PM,42.4725811,-82.7959907,,R2,R-Spin,Full,Port,Reach,,,49.4,,7.1,-0.1,,,,17.2,47.1,-29.9,3.27,15.09,10.00,0.01,48.09,19.11,57.78,0.00,,11.0,-92.5,,,,43.8,
7:13:48 PM,42.4725811,-82.7959907,20.1,R2,R-Spin,Full,Port,Reach,,,49.6,,5.4,1.2,,,,17.0,47.3,-30.4,,,,,,,,,0.00,10.5,-95.4,,,,44.9,
7:13:49 PM,42.4725811,-82.7959907,,R2,R-Spin,Full,Port,Reach,,,50.0,,,,,,,,47.7,,,,,,,,,,,11.0,-90.1,,,,42.7,
7:13:50 PM,42.4725811,-82.7959907,19.9,R2,R-Spin,Full,Port,Reach,,,49.2,,2.2,-0.5,,,,16.9,46.9,-29.9,,,,,,,,,,,,,,,43.4,
7:13:51 PM,42.4725811,-82.7959907,,R2,R-Spin,Full,Port,Reach,,,,,2.2,1.4,,,,16.4,,,3.27,15.09,10.00,0.01,48.09,19.11,59.76,0.00,,11.8,-94.1,,,,43.4,
7:13:52 PM,42.4725811,-82.7959907,19.7,R2,R-Spin,Full,Port,Reach,,,50.5,,2.1,-1.8,,,,17.2,48.2,-31.0,,,,,,,,,0.00,11.4,-88.1,,,,43.4,
7:13:53 PM,42.4725811,-82.7959907,19.6,R2,R-Spin,Full,Port,Reach,,,51.4,,3.6,-0.1,,,,19.6,49.1,-29.5,,,,,,,,,,9.7,-91.9,,,,43.4,
7:13:54 PM,42.4725811,-82.7959907,,R2,R-Spin,Full,Port,Reach,,,51.7,,0.6,0.1,,,,19.3,49.4,-30.1,,,,,,,,,,9.0,-93.2,,,,42.0,
7:13:55 PM,42.4725811,-82.7959907,19.9,R2,R-Spin,Full,Port,Reach,,,53.7,,-0.2,-2.7,,,,21.2,51.2,-30.0,3.27,15.09,10.00,0.01,48.09,19.11,61.09,0.00,,9.2,-89.7,,,,41.6,
7:13:56 PM,42.4725811,-82.7959907,19.7,R2,R-Spin,Full,Port,Reach,,,52.5,,,,,,,20.0,50.4,-30.5,,,,,,,,,0.00,9.7,-87.2,,,,41.6,
7:13:57 PM,42.4725811,-82.7959907,,R2,R-Spin,Full,Port,Reach,,,49.3,,2.6,-0.1,,,,,47.6,,,,,,,,,,,10.4,-95.4,,,,41.6,
7:13:58 PM,42.4725811,-82.7959907,19.7,R2,R-Spin,Full,Port,Reach,,,42.9,,4.4,-0.2,,,,16.8,41.2,-24.4,,,,,,,,,,9.1,-92.1,,,,42.5,
7:13:59 PM,42.4725811,-82.7959907,,R2,R-Spin,Full,Port,Reach,,,41.1,,7.9,0.1,,,,9.4,38.4,-29.0,3.27,15.09,10.00,0.01,48.09,19.11,57.96,0.00,,10.2,-91.5,,,,43.8,
7:14:00 PM,42.4725811,-82.7959907,19.9,R2,R-Spin,Full,Port,Reach,,,,,6.0,1.0,,,,4.2,39.4,-35.2,,,,,,,,,0.00,9.5,-95.2,,,,,
7:14:01 PM,42.4725811,-82.7959907,,R2,R-Spin,Full,Port,Reach,,,41.6,,6.2,1.0,,,,4.5,40.0,-35.5,,,,,,,,,,11.9,-89.0,,,,44.5,
7:14:02 PM,42.4725811,-82.7959907,19.9,R2,R-Spin,Full,Port,Reach,,,42.8,,4.8,1.8,,,,5.7,,,,,,,,,,,,11.5,-85.3,,,,44.5,
7:14:03 PM,42.4725811,-82.7959907,19.9,R2,R-Spin,Full,Port,Reach,,,44.4,,3.0,0.5,,,,7.7,41.9,-34.2,3.27,15.09,10.00,0.01,48.09,19.11,58.16,0.00,,11.2,-73.4,,,,44.5,
7:14:04 PM,42.4725811,-82.7959907,,R2,R-Spin,Full,Port,Reach,,,44.8,,3.3,0.7,,,,8.7,42.3,-33.6,,,,,,,,,0.00,11.9,-71.9,,,,44.5,
7:14:05 PM,42.4725811,-82.7959907,19.9,R2,R-Spin,Full,Port,Reach,,,45.1,,4.0,-0.1,,,,10.1,42.8,-32.7,,,,,,,,,,11.8,-70.0,,,,44.4,
7:14:06 PM,42.4725811,-82.7959907,,R2,R-Spin,Full,Port,Reach,,,46.8,,,,,,,,44.4,,,,,,,,,,,9.8,-66.5,,,,44.1,
7:14:07 PM,,,20.0,R2,R-Spin,Full,Port,Reach,,,48.4,,3.1,-0.8,,,,12.0,45.9,-33.9,3.27,15.09,10.00,0.01,48.09,19.11,60.28,0.00,,10.1,-67.4,,,,44.1,
7:14:08 PM,42.4725811,-82.7959907,,R2,R-Spin,Full,Port,Reach,,,49.6,,3.4,0.1,,,,14.3,47.4,-33.1,,,,,,,,,0.00,,,,,,44.1,
7:14:09 PM,42.47258118,-82.79599076,19.9,R2,R-Spin,Full,Port,Reach,,,49.7,,3.0,-1.4,,,,16.1,47.3,-31.2,,,,,,,,,,10.0,-68.6,,,,44.1,
7:14:10 PM,42.47258118,-82.79599076,,R2,R-Spin,Full,Port,Reach,,,49.9,,2.8,0.9,,,,17.3,47.7,-30.4,,,,,,,,,,9.8,-73.3,,,,44.1,
7:14:11 PM,42.47258118,-82.79599076,19.9,R2,R-Spin,Full,Port,Reach,,,,,3.2,-1.1,,,,17.0,47.5,-30.5,3.27,15.09,10.00,0.00,48.09,19.11,59.81,0.00,,9.9,-72.9,,,,44.1,
7:14:12 PM,42.47258118,-82.79599076,,R2,R-Spin,Full,Port,Reach,,,50.0,,,,,,,,,,,,,,,,,,0.00,10.5,-74.8,,,,44.3,
7:14:13 PM,42.47258118,-82.79599076,20.2,R2,R-Spin,Full,Port,Reach,,,49.1,,2.6,0.8,,,,16.9,47.4,-30.5,,,,,,,,,,10.4,-67.2,,,,44.9,
7:14:14 PM,42.4725811,-82.7959907,19.9,R2,R-Spin,Full,Port,Reach,,,48.1,,4.3,-2.9,,,,15.2,45.6,-30.4,,,,,,,,,,10.8,-74.8,,,,45.3,
7:14:15 PM,42.4725811,-82.7959907,,R2,R-Spin,Full,Port,Reach,,,51.7,,2.7,2.1,,,,18.2,48.9,-30.7,,,,,,,,,,10.3,-87.2,,,,44.3,
7:14:16 PM,42.4725811,-82.7959907,20.1,R2,R-Spin,Full,Port,Reach,,,51.5,,2.6,-1.5,,,,18.0,49.5,-31.4,3.27,15.09,10.00,0.01,48.09,19.11,60.38,0.00,0.00,10.7,-65.0,,,,44.3,
7:14:17 PM,42.4725811,-82.7959907,,R2,R-Spin,Full,Port,Reach,,,51.2,,4.9,-1.1,,,,19.0,48.8,-29.7,,,,,,,,,,12.0,-82.5,,,,44.4,
7:14:18 PM,42.4725811,-82.7959907,19.7,R2,R-Spin,Full,Port,Reach,,,53.1,,,,,,,,50.7,,,,,,,,,,,9.3,-84.9,,,,43.7,
7:14:19 PM,42.4725811,-82.7959907,19.9,R2,R-Spin,Full,Port,Reach,,,53.0,,2.2,2.0,,,,21.1,50.9,-29.8,3.27,15.09,10.00,0.01,48.09,19.11,59.99,0.00,,8.9,-75.6,,,,42.8,
7:14:20 PM,42.4725811,-82.7959907,,R2,R-Spin,Full,Port,Reach,,,52.1,,1.7,-3.5,,,,21.3,49.8,-28.5,,,,,,,,,0.00,10.0,-78.4,,,,43.0,
7:14:21 PM,42.4725811,-82.7959907,19.7,R2,R-Spin,Full,Port,Reach,,,,,4.8,1.7,,,,21.1,50.0,-28.9,,,,,,,,,,9.7,-84.8,,,,,
7:14:22 PM,42.4725811,-82.7959907,19.9,R2,R-Spin,Full,Port,Reach,,,52.2,,3.0,-1.2,,,,20.6,48.6,-28.0,,,,,,,,,,9.5,-75.3,,,,43.0,
7:14:23 PM,42.4725811,-82.7959907,,R2,R-Spin,Full,Port,Reach,,,50.8,,4.3,-1.3,,,,18.4,,,3.27,15.09,10.00,0.01,48.09,19.11,59.39,0.00,,9.8,-85.6,,,,43.0,
7:14:24 PM,42.4725811,-82.7959907,19.8,R2,R-Spin,Full,Port,Reach,,,51.7,,2.8,-0.3,,,,19.1,49.3,-30.2,,,,,,,,,0.00,8.3,-76.1,,,,43.0,
7:14:25 PM,42.4725811,-82.7959907,,R2,R-Spin,Full,Port,Reach,,,51.8,,3.1,1.3,,,,19.0,49.5,-30.5,,,,,,,,,,9.5,-91.1,,,,43.0,
7:14:26 PM,42.4725811,-82.7959907,20.1,R2,R-Spin,Full,Port,Reach,,,52.8,,1.5,-2.4,,,,19.4,50.5,-31.1,,,,,,,,,,,,,,,42.9,
7:14:27 PM,42.4725811,-82.7959907,19.8,R2,R-Spin,Full,Port,Reach,,,52.2,,2.9,1.8,,,,19.5,50.0,-30.5,3.27,15.09,10.00,0.01,48.09,19.11,59.30,0.00,,9.1,-69.5,,,,44.0,
7:14:28 PM,42.4725811,-82.7959907,,R2,R-Spin,Full,Port,Reach,,,51.0,,,,,,,,48.8,,,,,,,,,,0.00,10.0,-97.4,,,,43.8,
7:14:29 PM,42.4725811,-82.7959907,19.7,R2,R-Spin,Full,Port,Reach,,,52.3,,1.4,-0.4,,,,19.9,49.9,-30.0,,,,,,,,,,9.1,-82.4,,,,43.8,
7:14:30 PM,42.4725811,-82.7959907,,R2,R-Spin,Full,Port,Reach,,,51.4,,-0.3,2.4,,,,20.7,49.1,-28.4,,,,,,,,,,8.6,-90.6,,,,41.8,
7:14:31 PM,42.4725811,-82.7959907,19.9,R2,R-Spin,Full,Port,Reach,,,47.7,,0.5,-3.3,,,,19.7,45.4,-25.7,3.27,15.09,10.00,0.01,48.09,19.11,59.08,0.00,,12.2,-54.6,,,,43.5,
7:14:32 PM,42.4725811,-82.7959907,,R2,R-Spin,Full,Port,Reach,,,42.8,,4.8,1.2,,,,16.6,40.4,-23.8,,,,,,,,,0.00,10.8,-91.4,,,,43.5,
7:14:33 PM,42.4725811,-82.7959907,19.7,R2,R-Spin,Full,Port,Reach,,,,,8.1,1.4,,,,11.2,,,,,,,,,,,,10.6,-87.3,,,,43.2,
7:14:34 PM,42.4725811,-82.7959907,20.0,R2,R-Spin,Full,Port,Reach,,,44.3,,7.4,-0.2,,,,12.0,41.9,-30.0,,,,,,,,,,9.1,-81.4,,,,44.4,
7:14:35 PM,42.4725811,-82.7959907,,R2,R-Spin,Full,Port,Reach,,,42.5,,6.7,0.0,,,,9.4,40.2,-30.7,3.27,15.09,10.00,0.01,48.09,19.11,56.96,0.00,,8.7,-77.8,,,,44.4,
7:14:36 PM,42.4725811,-82.7959907,20.0,R2,R-Spin,Full,Port,Reach,,,43.2,,,,,,,,40.9,,,,,,,,,,0.00,8.9,-73.6,,,,44.4,
7:14:37 PM,,,20.0,R2,R-Spin,Full,Port,Reach,,,46.9,,2.4,1.4,,,,4.2,44.6,-40.4,,,,,,,,,,10.2,-76.9,,,,44.4,
7:14:38 PM,42.4725811,-82.7959907,20.1,R2,R-Spin,Full,Port,Reach,,,47.2,,1.9,1.6,,,,9.6,44.9,-35.3,,,,,,,,,,12.2,-67.3,,,,44.7,
7:14:39 PM,42.4725811,-82.7959907,,R2,R-Spin,Full,Port,Reach,,,46.8,,4.2,-2.4,,,,11.7,44.5,-32.7,3.27,15.09,10.00,0.01,48.09,19.11,59.29,0.00,,11.7,-70.6,,,,45.0,
7:14:40 PM,42.47258118,-82.79599076,19.9,R2,R-Spin,Full,Port,Reach,,,49.3,,4.6,1.6,,,,13.9,47.0,-33.1,,,,,,,,,0.00,10.7,-69.5,,,,44.9,
7:14:41 PM,42.47258118,-82.79599076,,R2,R-Spin,Full,Port,Reach,,,50.1,,3.1,-1.9,,,,15.6,47.8,-32.2,,,,,,,,,,10.9,-64.9,,,,44.8,
7:14:42 PM,42.47258118,-82.79599076,19.8,R2,R-Spin,Full,Port,Reach,,,,,3.1,0.7,,,,16.7,,,,,,,,,,,,10.9,-66.7,,,,,
7:14:43 PM,42.4725811,-82.7959907,19.7,R2,R-Spin,Full,Port,Reach,,,51.2,,2.6,2.2,,,,,48.8,,3.27,15.09,10.00,0.01,48.09,19.11,60.14,0.00,,10.4,-73.4,,,,45.3,
7:14:44 PM,42.4725811,-82.7959907,,R2,R-Spin,Full,Port,Reach,,,51.2,,2.8,-2.6,,,,17.7,49.2,-31.4,,,,,,,,,0.00,11.4,-62.2,,,,43.6,
7:14:45 PM,42.4725811,-82.7959907,19.6,R2,R-Spin,Full,Port,Reach,,,51.0,,,,,,,17.8,48.4,-30.6,,,,,,,,,,10.1,-73.1,,,,44.9,
7:14:46 PM,42.4725811,-82.7959907,19.5,R2,R-Spin,Full,Port,Reach,,,52.1,,4.2,0.3,,,,,49.7,,,,,,,,,,,,,,,,44.5,
7:14:47 PM,42.4725811,-82.7959907,19.6,R2,R-Spin,Full,Port,Reach,,,53.1,,4.2,-0.4,,,,19.5,50.8,-31.3,3.27,15.09,10.00,0.01,48.09,19.11,60.17,0.00,,10.1,-69.4,,,,44.5,
7:14:48 PM,42.4725811,-82.7959907,,R2,R-Spin,Full,Port,Reach,,,52.8,,2.4,-1.4,,,,20.8,50.6,-29.8,,,,,,,,,0.00,9.5,-67.7,,,,44.4,
7:14:49 PM,42.4725811,-82.7959907,19.8,R2,R-Spin,Full,Port,Reach,,,53.4,,3.7,1.0,,,,21.3,51.2,-29.8,,,,,,,,,,10.0,-69.3,,,,44.3,
7:14:50 PM,42.4725811,-82.7959907,,R2,R-Spin,Full,Port,Reach,,,,,3.3,-1.4,,,,21.0,50.7,-29.7,,,,,,,,,,9.8,-71.3,,,,43.1,
7:14:51 PM,42.4725811,-82.7959907,20.1,R2,R-Spin,Full,Port,Reach,,,53.2,,3.9,0.5,,,,21.3,50.9,-29.6,3.27,15.09,10.00,0.00,48.09,19.11,59.73,0.00,,9.8,-71.3,,,,43.2,
7:14:52 PM,42.4725811,-82.7959907,20.2,R2,R-Spin,Full,Port,Reach,,,52.7,,3.6,-2.5,,,,20.7,50.0,-29.2,,,,,,,,,0.00,9.7,-76.4,,,,43.2,
7:14:53 PM,42.4725811,-82.7959907,,R2,R-Spin,Full,Port,Reach,,,52.9,,2.6,1.1,,,,22.3,,,,,,,,,,,,9.7,-70.0,,,,44.7,
7:14:54 PM,42.4725811,-82.7959907,19.9,R2,R-Spin,Full,Port,Reach,,,53.6,,,,,,,,51.3,,,,,,,,,,,8.7,-87.0,,,,43.8,
7:14:55 PM,42.4725811,-82.7959907,19.9,R2,R-Spin,Full,Port,Reach,,,53.8,,0.7,-0.3,,,,22.8,51.3,-28.6,3.27,15.09,10.00,0.01,48.09,19.11,60.08,0.00,,9.5,-72.6,,,,43.8,
7:14:56 PM,42.4725811,-82.7959907,,R2,R-Spin,Full,Port,Reach,,,54.0,,2.6,-0.1,,,,22.6,51.5,-28.9,,,,,,,,,0.00,10.2,-80.0,,,,43.7,
7:14:57 PM,42.4725811,-82.7959907,20.1,R2,R-Spin,Full,Port,Reach,,,54.1,,2.7,-1.5,,,,21.9,51.8,-29.9,,,,,,,,,,10.0,-77.7,,,,43.8,
7:14:58 PM,42.4725811,-82.7959907,19.9,R2,R-Spin,Full,Port,Reach,,,53.3,,4.5,-0.4,,,,21.7,51.2,-29.5,,,,,,,,,,9.9,-84.6,,,,43.7,
7:14:59 PM,42.4725811,-82.7959907,,R2,R-Spin,Full,Port,Reach,,,51.6,,5.6,0.8,,,,21.8,49.6,-27.8,3.27,15.09,10.00,0.00,48.09,19.11,58.96,0.00,,8.9,-83.4,,,,43.8,
7:15:00 PM,42.4725811,-82.7959907,20.0,R2,R-Spin,Full,Port,Reach,,,,,6.6,0.5,,,,19.9,49.6,-29.8,,,,,,,,,0.00,9.0,-82.7,,,,43.7,
7:15:01 PM,42.4725811,-82.7959907,,R2,R-Spin,Full,Port,Reach,,,52.2,,4.4,0.6,,,,20.3,49.6,-29.3,,,,,,,,,,8.2,-80.6,,,,43.7,
7:15:02 PM,42.4725811,-82.7959907,20.3,R2,R-Spin,Full,Port,Reach,,,51.9,,3.6,-0.6,,,,20.1,49.5,-29.4,,,,,,,,,,9.3,-76.2,,,,43.8,
7:15:03 PM,42.4725811,-82.7959907,20.2,R2,R-Spin,Full,Port,Reach,,,52.5,,,,,,,,,,3.27,15.09,10.00,0.01,48.09,19.11,59.27,0.00,,9.6,-84.8,,,,43.7,
7:15:04 PM,42.4725811,-82.7959907,,R2,R-Spin,Full,Port,Reach,,,51.1,,3.9,-0.3,,,,21.2,49.8,-28.5,,,,,,,,,0.00,9.7,-79.4,,,,43.7,
7:15:05 PM,42.4725811,-82.7959907,20.1,R2,R-Spin,Full,Port,Reach,,,50.1,,,,,,,,48.1,,,,,,,,,,,10.1,-79.1,,,,43.8,
7:15:06 PM,42.4725811,-82.7959907,,R2,R-Spin,Full,Port,Reach,,,50.6,,6.7,0.0,,,,18.4,47.7,-29.2,,,,,,,,,,9.4,-76.7,,,,,
7:15:07 PM,42.4725811,-82.7959907,20.2,R2,R-Spin,Full,Port,Reach,,,49.9,,5.7,-0.4,,,,18.4,47.7,-29.3,3.27,15.09,10.00,0.01,48.09,19.11,58.98,0.00,,,,,,,43.9,
7:15:08 PM,42.4725811,-82.7959907,,R2,R-Spin,Full,Port,Reach,,,52.4,,6.7,-0.9,,,,18.3,49.1,-30.8,,,,,,,,,0.00,10.0,-72.6,,,,44.0,
7:15:09 PM,42.4725811,-82.7959907,20.0,R2,R-Spin,Full,Port,Reach,,,54.3,,3.1,2.4,,,,20.8,51.0,-30.3,,,,,,,,,,8.7,-80.9,,,,45.0,
7:15:10 PM,42.4725811,-82.7959907,20.1,R2,R-Spin,Full,Port,Reach,,,,,-0.7,-0.7,,,,22.1,52.6,-30.5,,,,,,,,,,8.4,-70.0,,,,44.7,
7:15:11 PM,42.4725811,-82.7959907,,R2,R-Spin,Full,Port,Reach,,,54.9,,2.4,-2.4,,,,22.1,52.0,-29.9,3.27,15.09,10.00,0.01,48.09,19.11,60.55,0.00,,10.7,-65.0,,,,44.1,
7:15:12 PM,42.4725811,-82.7959907,20.0,R2,R-Spin,Full,Port,Reach,,,54.3,,,,,,,,52.7,,,,,,,,,,0.00,11.0,-73.0,,,,44.1,
7:15:13 PM,42.4725811,-82.7959907,20.1,R2,R-Spin,Full,Port,Reach,,,55.4,,4.3,0.3,,,,22.7,53.8,-31.1,,,,,,,,,,8.8,-72.1,,,,44.1,
7:15:14 PM,42.4725811,-82.7959907,,R2,R-Spin,Full,Port,Reach,,,56.6,,1.6,1.3,,,,24.2,,,,,,,,,,,,7.7,-75.8,,,,44.1,
7:15:15 PM,42.4725811,-82.7959907,20.0,R2,R-Spin,Full,Port,Reach,,,57.7,,0.4,-1.6,,,,26.0,55.4,-29.3,3.27,15.09,10.00,0.01,48.09,19.11,61.06,0.00,,9.2,-62.3,,,,43.5,
7:15:16 PM,,,19.7,R2,R-Spin,Full,Port,Reach,,,56.7,,4.0,-1.8,,,,25.0,54.6,-29.5,,,,,,,,,0.00,10.3,-72.5,,,,43.5,
7:15:17 PM,42.47258118,-82.79599076,,R2,R-Spin,Full,Port,Reach,,,55.2,,3.6,-1.7,,,,23.7,53.5,-29.9,,,,,,,,,,9.2,-69.5,,,,43.5,
7:15:18 PM,42.47258118,-82.79599076,19.7,R2,R-Spin,Full,Port,Reach,,,55.4,,4.5,1.7,,,,23.5,52.8,-29.4,,,,,,,,,,9.2,-82.4,,,,43.7,
7:15:19 PM,42.47258118,-82.79599076,,R2,R-Spin,Full,Port,Reach,,,53.6,,4.0,-0.3,,,,21.8,52.2,-30.4,3.27,15.09,10.00,0.01,48.09,19.11,59.09,0.00,,9.3,-73.1,,,,43.7,
7:15:20 PM,42.47258118,-82.79599076,20.1,R2,R-Spin,Full,Port,Reach,,,,,,,,,,,49.7,,,,,,,,,,0.00,10.8,-70.1,,,,43.8,
7:15:21 PM,42.48269587,-82.78759387,20.0,R2,R-Spin,Full,Port,Reach,15.8,29.6,51.3,-21.6,4.8,0.2,321.20,0.52,0.40,18.4,48.4,-30.0,,,,,,,,,,11.5,-70.2,15.5,-135.4,256.0,44.0,5.55
7:15:22 PM,42.4827318,-82.7876207,,R2,R-Spin,Full,Port,Reach,15.4,28.8,50.9,-22.1,4.8,0.8,321.15,0.52,0.40,18.0,48.8,-30.8,,,,,,,,,,11.5,-75.6,16.8,-138.2,256.6,44.1,5.99
7:15:23 PM,42.4828004,-82.7875778,19.9,R2,R-Spin,Full,Port,Reach,15.6,27.8,51.0,-23.2,5.5,3.5,320.70,0.52,0.40,18.0,47.2,-29.2,3.27,15.09,10.00,0.01,48.09,19.11,58.71,0.00,,,,,,,43.9,5.76
7:15:24 PM,42.4828749,-82.7875328,,R2,R-Spin,Full,Port,Reach,15.9,27.4,50.0,-22.6,5.8,-5.0,320.22,0.52,0.40,16.9,,,,,,,,,,,0.00,12.5,-60.2,14.4,-130.9,259.9,45.6,6.05
7:15:25 PM,42.4829447,-82.7874739,19.9,R2,R-Spin,Full,Port,Reach,15.4,31.8,56.4,-24.6,3.3,1.3,319.43,0.51,0.40,20.6,51.5,-30.9,,,,,,,,,,11.6,-68.6,15.7,-136.3,257.7,43.9,4.57
7:15:26 PM,42.4830086,-82.7874163,,R2,R-Spin,Full,Port,Reach,16.0,35.0,59.3,-24.4,0.1,0.3,318.97,0.51,0.40,24.2,56.0,-31.8,,,,,,,,,,9.8,-70.6,15.4,-143.4,252.9,43.9,3.63
7:15:27 PM,42.4830668,-82.7873597,19.9,R2,R-Spin,Full,Port,Reach,15.1,39.5,62.6,-23.1,-2.6,-0.9,,,,26.0,59.9,-33.9,3.27,15.09,10.00,0.01,48.09,19.11,61.82,0.00,,11.0,-66.6,14.8,-137.2,265.4,42.8,
7:15:28 PM,42.4831208,-82.7872946,,R2,R-Spin,Full,Port,Reach,15.3,40.9,63.5,-22.7,0.0,-1.6,318.25,0.51,0.41,29.1,60.5,-31.4,,,,,,,,,0.00,10.2,-64.3,14.1,-139.4,263.7,,1.91
7:15:29 PM,42.4831732,-82.7872369,19.7,R2,R-Spin,Full,Port,Reach,14.4,41.1,64.0,-22.9,1.6,-0.3,317.85,0.51,0.41,33.1,61.1,-28.0,,,,,,,,,,8.8,-75.0,15.1,-145.4,258.5,42.7,1.58
7:15:30 PM,42.483231,-82.7871738,,R2,R-Spin,Full,Port,Furling,13.8,41.8,65.3,-23.5,-0.2,-2.3,317.36,0.51,0.41,33.8,63.1,-29.2,,,,,,,,,,8.5,-71.2,13.7,-144.0,260.3,42.6,1.63
7:15:31 PM,42.4832791,-82.7871173,19.7,R2,R-Spin,Full,Port,Furling,12.9,42.1,,,1.6,0.6,316.94,0.51,0.41,35.8,62.4,-26.6,3.27,15.09,10.00,0.01,48.09,19.11,61.52,0.00,,8.8,-92.4,16.1,-147.1,262.1,42.4,0.99
7:15:32 PM,42.4833233,-82.7870653,,R2,R-Spin,Full,Port,Furling,12.0,41.5,64.7,-23.1,1.4,-1.4,316.55,0.51,0.41,,61.3,,,,,,,,,,0.00,8.6,-91.7,15.1,-145.3,263.1,40.3,0.96
7:15:33 PM,42.4833662,-82.7870162,19.9,R2,R-Spin,Full,Port,Furling,11.9,39.6,63.2,-23.7,,,316.17,0.51,0.42,32.8,61.2,-28.4,,,,,,,,,,8.0,-89.3,14.3,-145.8,260.7,40.5,1.25
7:15:34 PM,42.483409,-82.7869682,,R2,R-Spin,Full,Port,Furling,12.0,41.3,63.5,-22.2,0.2,-1.1,315.80,0.51,0.42,31.2,61.0,-29.8,,,,,,,,,,8.3,-100.2,15.7,-148.7,259.6,40.8,1.16
7:15:35 PM,42.4834519,-82.7869193,19.7,R2,R-Spin,Full,Port,Furling,11.4,42.0,63.4,-21.4,0.9,-0.4,315.43,0.51,0.42,31.4,,,3.27,15.09,10.00,0.01,48.09,19.11,60.63,0.00,,8.4,-96.6,15.1,-146.5,262.1,40.8,0.82
7:15:36 PM,42.4834926,-82.7868715,,R2,R-Spin,Full,Port,Furling,10.9,42.2,63.4,-21.3,0.9,-0.5,315.06,0.51,0.42,30.9,61.4,-30.5,,,,,,,,,0.00,,,,,,40.8,0.71
7:15:37 PM,42.4835333,-82.7868267,19.9,R2,R-Spin,Full,Port,Furling,11.1,39.6,62.3,-22.7,2.7,-0.2,314.71,0.51,0.42,30.5,60.4,-29.9,,,,,,,,,,8.8,-100.7,15.6,-146.1,264.0,40.7,0.73
7:15:38 PM,42.4835749,-82.7867799,,R2,R-Spin,Full,Port,Furling,10.5,38.4,60.5,-22.1,2.1,-0.3,314.38,0.51,0.42,28.7,58.9,-30.2,,,,,,,,,,8.5,-99.5,14.7,-145.0,264.2,41.8,0.95
7:15:39 PM,42.4836126,-82.786741,19.9,R2,R-Spin,Full,Port,Furling,10.0,37.8,59.8,-21.9,1.8,-0.5,314.06,0.51,0.42,27.8,57.9,-30.1,3.27,15.09,10.00,0.01,48.09,19.11,60.16,0.00,,8.3,-102.1,14.4,-145.7,261.9,41.8,1.03
7:15:40 PM,42.4836481,-82.7867078,,R2,R-Spin,Full,Port,Furling,9.6,35.2,57.4,-22.2,2.9,-0.1,313.78,0.51,0.43,,56.1,,,,,,,,,,0.00,8.5,-102.6,14.2,-144.5,262.4,41.8,1.26
7:15:41 PM,42.483682,-82.7866773,19.6,R2,R-Spin,Full,Port,Furling,9.4,33.7,,,3.6,0.0,313.50,0.51,0.43,25.1,54.3,-29.2,,,,,,,,,,9.9,-102.1,15.1,-140.1,266.8,41.8,1.55
7:15:42 PM,42.4837169,-82.78665,,R2,R-Spin,Full,Port,Furling,9.3,32.0,56.6,-24.6,2.3,-0.3,313.24,0.51,0.43,23.2,54.4,-31.2,,,,,,,,,,9.7,-101.0,14.7,-139.6,265.7,41.8,1.80
7:15:43 PM,42.4837525,-82.7866201,19.6,R2,R-Spin,Full,Port,Furling,9.6,32.0,56.6,-24.6,2.1,-0.1,312.96,0.51,0.43,22.2,53.7,-31.5,3.27,15.09,10.00,0.01,48.09,19.11,59.23,0.00,,9.9,-100.4,14.8,-139.0,266.2,41.8,1.74
7:15:44 PM,42.4837886,-82.7865876,,R2,R-Spin,Full,Port,Furling,9.8,33.7,55.9,-22.2,,,312.67,0.51,0.43,21.4,53.6,-32.2,,,,,,,,,0.00,10.0,-99.5,15.0,-139.0,266.1,41.8,1.78
7:15:45 PM,42.4838254,-82.786555,19.6,R2,R-Spin,Full,Port,Furling,9.8,33.6,55.7,-22.2,1.4,0.5,312.37,0.51,0.43,21.9,,,,,,,,,,,,10.2,-100.1,15.5,-139.7,264.9,41.8,1.38
7:15:46 PM,42.4838644,-82.7865216,,R2,R-Spin,Full,Port,Furling,10.4,35.1,56.9,-21.8,0.0,0.4,312.08,0.50,0.43,22.9,53.7,-30.9,,,,,,,,,,10.0,-99.0,15.2,-139.4,266.8,41.8,1.29
7:15:47 PM,42.4838981,-82.7864857,19.9,R2,R-Spin,Full,Port,Furling,9.7,38.4,58.2,-19.8,-1.0,0.6,311.78,0.50,0.43,25.5,55.7,-30.3,,,,,,,,,,8.9,-96.3,13.9,-140.5,266.6,41.6,0.83
7:15:48 PM,42.4839309,-82.7864486,19.7,R2,R-Spin,Full,Port,Furling,9.3,39.0,58.2,-19.2,-1.0,-0.6,311.50,0.50,0.43,,56.0,,3.27,15.09,10.00,0.01,48.09,19.11,60.45,0.00,0.00,9.1,-98.6,14.0,-140.2,268.1,41.6,0.53
7:15:49 PM,42.4839639,-82.7864139,,R2,R-Spin,Full,Port,Furling,9.1,37.0,56.9,-19.9,0.2,-1.8,311.22,0.50,0.43,26.6,55.1,-28.6,,,,,,,,,,9.2,-98.4,13.8,-138.9,268.6,41.6,0.44
7:15:50 PM,42.4839962,-82.7863805,19.6,R2,R-Spin,Full,Port,Furling,9.0,35.3,56.3,-21.0,1.6,-0.8,310.81,0.50,0.44,25.2,54.2,-29.0,,,,,,,,,,,,,,,41.6,0.82
7:15:51 PM,42.4840303,-82.7863484,,R2,R-Spin,Full,Port,Furling,9.0,33.3,53.2,-19.8,,,,,,23.2,51.8,-28.6,3.27,15.09,10.00,0.01,48.09,19.11,59.20,0.00,,9.4,-102.4,14.3,-140.1,266.2,,
7:15:52 PM,42.4840652,-82.7863184,19.6,R2,R-Spin,Full,Port,Furling,8.8,32.1,,,2.5,-1.0,310.53,0.50,0.44,20.2,49.7,-29.5,,,,,,,,,0.00,9.6,-101.8,14.4,-139.2,266.1,41.6,1.17
7:15:53 PM,42.4841028,-82.786289,,R2,Jib,Full,Port,Furling,8.6,28.1,51.1,-23.0,3.2,-1.0,310.25,0.50,0.44,16.3,45.6,-29.3,,,,,,,,,,9.7,-102.8,14.5,-139.3,263.6,42.7,1.20
7:15:54 PM,42.4841399,-82.7862675,19.4,R2,Jib,Full,Port,Furling,8.5,22.6,45.5,-22.9,3.4,-1.2,309.99,0.50,0.44,,39.3,,,,,,,,,,,11.1,-102.2,15.4,-135.3,265.7,42.8,1.55
7:15:55 PM,42.4841781,-82.786251,19.6,R2,Jib,Full,Port,Reach,8.2,15.1,39.7,-24.6,7.8,-0.7,309.73,0.50,0.44,9.2,33.5,-24.3,3.27,15.09,10.00,0.01,48.09,19.11,57.86,0.00,,12.8,-99.8,16.5,-130.0,267.6,42.8,2.29
7:15:56 PM,42.4842196,-82.7862404,,R2,Jib,Full,Port,Reach,8.1,0.0,33.1,-33.1,7.1,-0.2,309.48,0.50,0.44,3.6,,,,,,,,,,,0.00,11.8,-97.8,15.3,-130.2,260.5,44.5,2.85
7:15:57 PM,42.4842617,-82.7862329,19.8,R2,Jib,Full,Port,Reach,8.7,0.0,28.0,-28.0,7.9,0.8,309.23,0.50,0.44,356.5,387.7,-31.1,,,,,,,,,,13.3,-92.2,16.0,-123.7,264.4,44.5,5.19
7:15:58 PM,42.4843039,-82.7862339,,R2,Jib,Full,Port,Reach,9.4,356.0,384.1,-28.1,,,308.98,0.50,0.44,350.9,383.1,-32.2,,,,,,,,,,14.9,-76.4,15.4,-110.3,276.7,44.7,4.98
7:15:59 PM,42.4843487,-82.786235,19.9,R2,Jib,Full,Port,Reach,9.7,353.2,383.2,-30.0,5.9,0.6,308.76,0.50,0.44,348.9,381.2,-32.3,3.27,15.09,10.00,0.01,48.09,19.11,56.97,0.00,,15.3,-68.3,14.7,-104.2,282.7,44.7,6.28
7:16:00 PM,42.4844005,-82.7862389,,R2,Jib,Full,Port,Reach,9.8,357.1,380.8,-23.7,4.3,0.2,308.52,0.50,0.44,345.9,378.5,-32.6,,,,,,,,,0.00,16.8,-62.9,15.1,-98.2,288.6,44.8,6.58
7:16:01 PM,42.4844489,-82.786245,19.8,R2,Jib,Full,Port,Reach,10.5,351.4,379.8,-28.4,7.2,0.1,308.11,0.49,0.44,345.9,378.4,-32.5,,,,,,,,,,17.2,-54.2,14.0,-90.6,299.4,45.0,6.82
7:16:02 PM,42.4845001,-82.7862531,,R2,Jib,Full,Port,Reach,10.7,351.0,,,5.2,1.3,307.86,0.49,0.44,,376.6,,,,,,,,,,,16.3,-48.8,12.3,-89.7,300.5,45.2,7.14
7:16:03 PM,42.4845532,-82.7862641,19.8,R2,Jib,Full,Port,Reach,11.2,352.3,378.1,-25.7,5.0,0.1,307.60,0.49,0.44,342.9,374.5,-31.6,3.27,15.09,10.00,0.01,48.09,19.11,57.66,0.00,,16.8,-46.4,12.2,-87.4,304.0,45.3,8.26
7:16:04 PM,42.484608,-82.7862736,,R2,Jib,Full,Port,Reach,11.4,348.5,377.1,-28.6,6.3,0.4,307.37,0.49,0.43,340.1,373.7,-33.6,,,,,,,,,0.00,17.3,-46.7,12.6,-87.3,301.0,45.4,8.06
7:16:05 PM,42.4846624,-82.7862912,20.0,R2,Jib,Full,Port,Reach,11.7,343.9,374.4,-30.4,5.5,0.4,307.10,0.48,0.43,341.6,370.0,-28.4,,,,,,,,,,17.0,-44.6,11.9,-87.2,306.7,45.4,8.62
7:16:06 PM,42.4847151,-82.7863131,,R2,Jib,Full,Port,Reach,11.4,343.6,372.4,-28.8,5.3,0.7,,,,338.9,360.0,-21.1,,,,,,,,,,18.3,-43.3,12.7,-81.5,310.6,45.4,
7:16:07 PM,42.4847685,-82.7863356,19.7,R2,Jib,Full,Port,Reach,11.3,342.6,372.2,-29.7,4.4,1.2,306.74,0.48,0.43,339.7,370.6,-30.9,3.27,15.09,10.00,0.01,48.09,19.11,57.93,0.00,,18.0,-40.8,11.9,-80.3,313.4,45.5,8.97
7:16:08 PM,42.4848223,-82.7863568,,R2,Jib,Full,Port,Reach,11.2,343.7,371.7,-28.0,,,306.50,0.48,0.43,338.1,369.1,-31.1,,,,,,,,,0.00,18.8,-41.4,12.7,-79.1,310.3,45.5,9.25
7:16:09 PM,42.4848825,-82.7863782,19.6,R2,Jib,Full,Port,Beat,12.2,345.8,373.4,-27.6,6.1,0.7,306.25,0.47,0.43,340.4,371.1,-30.7,,,,,,,,,,,,,,,45.5,9.23
7:16:10 PM,42.4849396,-82.7863959,,R2,Jib,Full,Port,Beat,12.3,347.0,373.0,-26.0,3.6,1.2,305.97,0.47,0.43,339.4,371.3,-31.9,,,,,,,,,,18.0,-38.2,11.4,-78.3,315.7,45.5,9.34
7:16:11 PM,42.4849973,-82.7864143,20.1,R2,Jib,Full,Port,Beat,12.4,345.1,371.9,-26.8,4.6,0.5,305.68,0.47,0.42,338.2,369.3,-31.1,3.27,15.09,10.00,0.01,48.09,19.11,58.27,0.00,,18.6,-37.6,11.7,-77.2,314.8,45.5,8.76
7:16:12 PM,42.4850552,-82.7864365,,R2,Jib,Full,Port,Beat,12.6,344.0,370.7,-26.7,5.7,0.7,305.39,0.47,0.42,,369.3,,,,,,,,,,0.00,18.7,-38.2,11.8,-78.9,314.5,45.6,9.22
7:16:13 PM,42.4851151,-82.78646,20.1,R2,Jib,Full,Port,Beat,12.8,342.6,,,6.8,0.7,305.11,0.46,0.42,338.3,366.2,-27.9,,,,,,,,,,18.9,-36.4,11.4,-77.8,317.5,45.6,9.60
7:16:14 PM,42.485173,-82.786487,,R2,Jib,Full,Port,Beat,12.7,336.1,367.7,-31.6,8.3,0.0,304.82,0.46,0.42,335.3,364.2,-29.0,,,,,,,,,,18.7,-35.9,11.2,-78.0,315.2,45.9,10.13
7:16:15 PM,42.4852287,-82.7865194,20.4,R2,Jib,Full,Port,Beat,13.2,337.9,367.0,-29.1,6.0,1.7,304.56,0.46,0.42,333.8,365.5,-31.6,3.27,15.09,10.00,0.01,48.09,19.11,58.30,0.00,,17.7,-31.5,9.6,-75.4,332.3,45.9,10.40
7:16:16 PM,42.4852946,-82.786561,,R2,Jib,Full,Port,Beat,13.4,342.4,367.6,-25.2,,,304.33,0.45,0.42,336.0,360.0,-24.0,,,,,,,,,0.00,19.3,-29.6,10.2,-69.1,335.0,,10.30
7:16:17 PM,42.4853594,-82.786609,20.1,R2,Jib,Full,Port,Beat,13.7,340.5,368.0,-27.5,5.8,1.1,304.05,0.45,0.41,337.2,365.5,-28.3,,,,,,,,,,20.4,-28.7,10.7,-66.0,335.3,45.9,10.64
7:16:18 PM,42.4854222,-82.7866499,19.9,R2,Jib,Full,Port,Beat,13.5,342.6,368.3,-25.7,3.6,1.7,303.79,0.45,0.41,328.1,364.9,-36.8,,,,,,,,,,18.5,-22.2,7.9,-63.1,353.5,46.0,10.95
7:16:19 PM,42.4854864,-82.7866896,,R2,Jib,Full,Port,Beat,14.1,341.5,367.3,-25.8,3.7,0.7,303.38,0.44,0.41,335.0,366.3,-31.3,3.27,15.09,10.00,0.01,48.09,19.11,58.64,0.00,,19.9,-26.3,9.6,-67.1,342.0,46.0,10.55
7:16:20 PM,42.4855561,-82.7867231,19.9,R2,Jib,Full,Port,Beat,13.9,339.3,366.3,-27.1,6.1,1.1,303.02,0.44,0.40,,364.3,,,,,,,,,,0.00,21.0,-27.9,10.8,-64.5,334.8,45.9,10.97
7:16:21 PM,42.4856136,-82.7867646,,R2,Jib,Full,Port,Beat,14.0,338.1,365.2,-27.0,5.8,0.9,,,,334.7,363.5,-28.8,,,,,,,,,,19.9,-25.3,9.4,-64.9,345.5,46.2,
7:16:22 PM,42.4856712,-82.7868047,20.1,R2,Jib,Full,Port,Beat,13.8,336.8,361.6,-24.8,5.8,0.8,302.61,0.43,0.40,335.0,360.4,-25.4,,,,,,,,,,,,,,,46.2,10.96
7:16:23 PM,,,,R2,Jib,Full,Port,Beat,,,,,9.9,0.7,302.35,0.43,0.40,329.8,356.7,-26.9,3.27,15.09,10.00,0.00,48.09,19.11,59.67,0.00,,22.1,-28.7,11.9,-63.2,331.5,46.1,11.45
7:16:24 PM,42.4857243,-82.7868538,20.6,R2,Jib,Full,Port,Beat,13.5,335.3,359.0,-23.6,8.3,0.3,302.18,0.43,0.40,329.0,356.0,-27.1,,,,,,,,,0.00,19.9,-26.5,,,,46.1,11.90
7:16:25 PM,42.4857718,-82.7868963,,R2,Jib,Full,Port,Beat,13.3,330.8,357.7,-26.9,6.9,0.1,301.93,0.42,0.39,,354.3,,,,,,,,,,,19.6,-21.9,,,,46.3,11.65
7:16:26 PM,42.4858172,-82.7869381,20.5,R2,Jib,Full,Port,Beat,12.6,331.1,354.7,-23.7,,,301.75,0.42,0.39,330.3,349.9,-19.6,,,,,,,,,,20.4,-23.0,,,,46.3,10.98
7:16:27 PM,42.4858631,-82.7869897,,R2,Jib,Full,Port,Beat,12.6,323.9,351.9,-28.0,8.0,1.3,301.54,0.41,0.39,324.8,,,3.27,15.09,10.00,0.00,48.09,19.11,60.53,0.00,,20.5,-23.6,,,,46.3,11.63
7:16:28 PM,42.4859101,-82.7870334,20.3,R2,Jib,Full,Port,Beat,13.0,321.0,348.2,-27.2,8.8,0.2,301.34,0.41,0.38,322.7,347.1,-24.4,,,,,,,,,0.00,21.6,-21.4,10.7,-47.5,328.9,46.2,12.26
7:16:29 PM,42.4859604,-82.7870833,,R2,Jib,Full,Port,Beat,12.4,320.1,346.9,-26.8,10.2,-0.3,,,,321.8,345.5,-23.7,,,,,,,,,,21.7,-21.8,11.0,-47.0,328.9,46.4,
7:16:30 PM,42.4860093,-82.7871327,20.2,R2,Jib,Full,Port,Beat,12.0,313.7,343.3,-29.6,8.5,1.4,301.06,0.41,0.38,319.3,342.1,-22.8,,,,,,,,,,20.7,-19.0,9.5,-45.4,340.8,46.3,13.01
7:16:31 PM,42.48603997,-82.78719156,,R2,Jib,Full,Port,Beat,12.0,319.1,343.2,-24.1,6.0,0.8,301.04,0.40,0.38,315.7,340.7,-25.0,3.27,15.09,10.00,0.00,48.09,19.11,60.09,0.00,,20.9,-16.7,9.8,-37.8,338.9,46.3,11.89
7:16:32 PM,42.48606667,-82.78723592,20.6,R2,Jib,Full,Port,Beat,12.6,317.1,340.4,-23.3,4.5,1.4,300.99,0.40,0.38,316.4,339.1,-22.7,,,,,,,,,0.00,22.0,-16.0,10.5,-35.1,341.8,46.4,11.48
7:16:33 PM,42.48609046,-82.78728303,,R2,Jib,Full,Port,Beat,12.7,314.7,339.7,-25.0,5.9,1.1,300.97,0.40,0.37,316.8,337.2,-20.4,,,,,,,,,,22.9,-17.4,11.9,-35.1,333.3,46.2,12.49
7:16:34 PM,42.48612093,-82.78732921,20.1,R2,Jib,Full,Port,Beat,11.9,315.1,,,,,300.89,0.40,0.37,,335.8,,,,,,,,,,,23.4,-17.0,12.4,-33.4,331.4,46.3,11.68
7:16:35 PM,42.48615678,-82.78737132,,R2,Jib,Full,Port,Beat,11.8,319.8,337.9,-18.1,7.7,0.3,300.76,0.39,0.37,316.8,335.4,-18.5,3.27,15.09,10.00,0.01,48.09,19.11,60.96,0.00,,23.2,-18.1,12.6,-34.9,324.0,46.2,11.55
7:16:36 PM,42.48619507,-82.78741627,20.5,R2,Jib,Full,Port,Beat,11.5,317.6,337.8,-20.3,9.4,0.7,300.62,0.39,0.37,317.7,335.5,-17.8,,,,,,,,,0.00,21.5,-15.2,10.6,-32.0,329.9,46.4,11.03
7:16:37 PM,42.48623468,-82.78746447,20.6,R2,Jib,Full,Port,Beat,12.2,316.7,337.4,-20.6,6.6,0.2,300.48,0.39,0.36,319.0,334.7,-15.7,,,,,,,,,,20.9,-13.6,9.6,-31.0,337.4,46.3,11.02
7:16:38 PM,42.48627412,-82.78751587,,R2,Jib,Full,Port,Beat,12.3,312.6,336.7,-24.1,6.4,0.9,300.35,0.38,0.36,318.7,,,,,,,,,,,,,,,,,46.2,11.80
7:16:39 PM,42.4863183,-82.7875691,19.9,R2,Jib,Full,Port,Beat,11.7,317.7,337.7,-20.0,,,300.20,0.38,0.36,,334.6,,,,,,,,,,,21.9,-15.4,10.8,-32.7,327.9,,11.67
7:16:40 PM,42.4863582,-82.7876165,,R2,Jib,Full,Port,Beat,12.2,314.9,336.6,-21.6,7.4,1.0,300.04,0.38,0.36,318.8,334.8,-16.0,3.27,15.09,10.00,0.00,48.09,19.11,61.50,0.00,0.00,25.7,-14.6,14.5,-26.5,328.5,46.3,10.76
7:16:41 PM,42.4863992,-82.7876628,20.2,R2,Jib,Full,Port,Beat,10.9,317.9,336.0,-18.1,6.1,1.4,299.88,0.37,0.35,320.8,335.0,-14.2,,,,,,,,,,21.8,-14.5,11.0,-29.7,326.4,46.2,10.61
7:16:42 PM,42.4864386,-82.7877094,19.9,R2,Jib,Full,Port,Beat,11.7,315.8,334.4,-18.6,5.7,1.5,299.71,0.37,0.35,318.9,333.1,-14.2,,,,,,,,,,21.3,-14.0,10.5,-29.4,330.1,45.7,11.07
7:16:43 PM,42.4864769,-82.7877568,,R2,Jib,Full,Port,Beat,10.9,319.3,335.7,-16.4,7.4,0.8,299.57,0.37,0.35,319.5,333.3,-13.7,3.27,15.09,10.00,0.00,48.09,19.11,61.40,0.00,,21.7,-15.9,11.4,-31.5,321.3,46.2,11.05
7:16:44 PM,42.4865161,-82.7877994,20.3,R2,Jib,Full,Port,Beat,11.4,317.9,,,4.7,1.0,299.39,0.37,0.35,319.8,332.4,-12.6,,,,,,,,,0.00,21.7,-12.9,10.9,-26.2,328.8,46.3,10.46
7:16:45 PM,42.4865551,-82.7878474,,R2,Jib,Full,Port,Beat,11.3,316.2,335.4,-19.2,5.2,0.1,299.23,0.36,0.34,320.5,332.9,-12.4,,,,,,,,,,21.9,-14.7,11.5,-29.1,325.3,46.3,11.05
7:16:46 PM,42.4865937,-82.7878943,19.9,R2,Jib,Full,Port,Beat,11.2,317.7,334.5,-16.9,6.5,0.1,299.07,0.36,0.34,319.8,332.4,-12.6,,,,,,,,,,22.1,-15.5,11.7,-30.2,322.2,46.1,10.76
7:16:47 PM,42.4866355,-82.787944,,R2,Jib,Full,Port,Beat,11.2,320.3,334.6,-14.3,5.9,0.7,298.89,0.36,0.34,321.2,333.4,-12.2,3.27,15.09,10.00,0.00,48.09,19.11,61.98,0.00,,22.0,-15.1,11.6,-29.5,320.4,46.3,10.78
7:16:48 PM,42.4866726,-82.7879865,20.2,R2,Jib,Full,Port,Beat,10.8,315.9,335.4,-19.6,,,298.72,0.35,0.34,,,,,,,,,,,,0.00,22.1,-13.1,11.7,-25.3,326.3,46.3,10.52
7:16:49 PM,42.4867107,-82.7880296,,R2,Jib,Full,Port,Beat,10.8,320.5,335.8,-15.3,3.8,1.3,298.56,0.35,0.33,321.4,333.0,-11.5,,,,,,,,,,20.7,-14.1,10.6,-28.4,323.4,46.3,9.98
7:16:50 PM,42.4867506,-82.7880712,20.1,R2,Jib,Full,Port,Beat,11.0,320.8,336.6,-15.8,4.9,0.8,298.37,0.35,0.33,323.0,334.3,-11.3,,,,,,,,,,20.7,-16.5,10.9,-32.8,317.0,46.4,9.96
7:16:51 PM,42.4867899,-82.7881136,,R2,Jib,Full,Port,Beat,10.5,318.2,334.1,-15.8,6.6,-0.3,298.16,0.35,0.33,322.6,333.9,-11.3,3.27,15.09,10.00,0.01,48.09,19.11,62.09,0.00,,21.1,-15.8,11.1,-31.3,319.9,46.4,9.58
7:16:52 PM,42.4868304,-82.7881574,20.1,R2,Jib,Full,Port,Beat,10.5,315.3,333.0,-17.8,7.6,-0.1,297.96,0.34,0.33,319.7,331.5,-11.8,,,,,,,,,0.00,21.4,-15.4,11.6,-29.5,321.5,46.3,10.05
7:16:53 PM,42.4868672,-82.7881995,,R2,Jib,Full,Port,Beat,10.4,316.5,,,5.5,0.5,297.68,0.34,0.32,320.8,332.0,-11.2,,,,,,,,,,21.1,-12.3,10.9,-24.3,330.0,46.4,10.23
7:16:54 PM,42.4869059,-82.788251,20.2,R2,Jib,Full,Port,Beat,11.3,311.8,333.8,-22.0,4.5,0.7,297.53,0.34,0.32,319.2,329.7,-10.5,,,,,,,,,,,,,,,46.4,10.64
7:16:55 PM,42.4869403,-82.7882974,,R2,Jib,Full,Port,Beat,10.5,312.3,331.1,-18.8,8.0,-0.1,297.38,0.33,0.32,318.2,329.0,-10.8,3.27,15.09,10.00,0.01,48.09,19.11,62.47,0.00,,22.5,-14.7,12.3,-27.8,323.1,45.4,10.53
7:16:56 PM,42.4869735,-82.7883423,20.0,R2,Jib,Full,Port,Beat,10.4,314.0,331.5,-17.5,,,,,,,330.0,,,,,,,,,,0.00,23.9,-17.3,14.4,-29.6,315.2,46.2,
7:16:57 PM,42.4870075,-82.7883869,20.1,R2,Jib,Full,Port,Beat,10.6,314.1,332.5,-18.4,5.6,1.3,297.15,0.33,0.32,319.7,328.7,-9.0,,,,,,,,,,21.7,-13.3,11.9,-24.8,323.5,46.3,9.65
7:16:58 PM,42.4870415,-82.7884319,,R2,Jib,Full,Port,Beat,10.5,314.7,330.7,-16.0,4.2,1.6,297.00,0.33,0.31,319.0,328.6,-9.6,,,,,,,,,,22.2,-14.5,12.3,-27.0,320.5,46.1,10.28
7:16:59 PM,42.4870737,-82.7884759,20.0,R2,Jib,Full,Port,Beat,10.2,310.5,331.0,-20.5,5.3,-0.2,296.84,0.32,0.31,320.2,,,,,,,,,,,,22.5,-15.3,13.0,-27.3,318.6,46.3,9.83
7:17:00 PM,42.4871062,-82.7885221,,R2,Jib,Full,Port,Beat,10.1,315.6,329.0,-13.5,7.0,1.4,296.70,0.32,0.31,317.7,326.9,-9.2,3.27,15.09,10.00,0.01,48.09,19.11,63.02,0.00,0.00,21.4,-14.6,11.8,-27.3,317.4,44.9,9.82
7:17:01 PM,42.4871425,-82.7885703,20.2,R2,Jib,Full,Port,Beat,10.1,310.2,328.6,-18.4,6.5,0.2,296.53,0.32,0.31,319.8,327.0,-7.2,,,,,,,,,,23.5,-20.2,14.6,-33.7,307.4,46.2,9.55
7:17:02 PM,42.4871731,-82.7886161,,R2,Jib,Full,Port,Beat,10.0,310.5,326.5,-16.0,,,296.38,0.32,0.30,,326.0,,,,,,,,,,,21.8,-15.7,12.4,-28.3,316.5,46.2,9.78
7:17:03 PM,42.4872029,-82.7886651,20.0,R2,Jib,Full,Port,Beat,9.8,307.7,324.8,-17.1,5.0,1.1,296.26,0.31,0.30,318.2,322.5,-4.4,,,,,,,,,,22.0,-16.1,12.8,-28.4,312.8,46.2,9.65
7:17:04 PM,42.48723,-82.788715,20.1,R2,Jib,Full,Port,Beat,9.9,306.5,,,5.6,0.8,296.16,0.31,0.30,315.8,321.8,-6.0,3.27,15.09,10.00,0.00,48.09,19.11,63.47,0.00,0.00,22.8,-15.6,13.7,-26.5,312.3,44.5,9.58
7:17:05 PM,42.48726,-82.7887629,,R2,Jib,Full,Port,Beat,9.7,306.1,324.5,-18.4,6.3,-0.4,296.04,0.31,0.30,317.6,323.3,-5.7,,,,,,,,,,23.0,-16.6,14.1,-27.9,310.3,,9.69
7:17:06 PM,42.4872877,-82.7888091,20.1,R2,Jib,Full,Port,Beat,9.4,311.3,324.8,-13.5,7.1,0.9,295.94,0.31,0.29,315.7,322.2,-6.5,,,,,,,,,,21.8,-17.0,13.0,-29.4,306.2,46.7,9.57
7:17:07 PM,42.4873169,-82.7888554,,R2,Jib,Full,Port,Beat,8.7,305.6,323.7,-18.1,,,295.82,0.30,0.29,,321.9,,3.27,15.09,10.00,0.00,48.09,19.11,63.19,0.00,,22.0,-17.5,13.4,-29.6,307.5,46.2,9.08
7:17:08 PM,42.4873452,-82.7889053,20.4,R2,Jib,Full,Port,Beat,9.9,301.2,325.0,-23.8,6.1,1.0,295.69,0.30,0.29,316.3,320.8,-4.5,,,,,,,,,0.00,22.2,-15.5,12.9,-27.4,312.9,46.3,8.62
7:17:09 PM,42.4873751,-82.7889618,,R2,Jib,Full,Port,Beat,10.1,305.2,321.7,-16.5,5.0,0.8,295.59,0.30,0.29,315.5,,,,,,,,,,,,23.0,-17.4,13.9,-29.8,305.5,46.4,9.83
7:17:10 PM,42.4874009,-82.7890121,20.1,R2,Jib,Full,Port,Beat,9.6,305.9,321.5,-15.6,6.9,0.6,295.49,0.29,0.28,313.5,319.1,-5.6,,,,,,,,,,,,,,,46.1,9.96
7:17:11 PM,42.4874255,-82.7890645,,R2,Jib,Full,Port,Beat,10.2,302.7,320.2,-17.6,3.9,0.3,295.42,0.29,0.28,314.2,319.5,-5.4,3.27,15.09,10.00,0.00,48.09,19.11,63.39,0.00,,22.8,-15.3,13.6,-26.3,309.5,46.2,9.46
7:17:12 PM,42.4874507,-82.7891149,19.9,R2,Jib,Full,Port,Beat,9.5,307.0,319.8,-12.8,5.3,0.4,295.35,0.29,0.28,309.7,316.6,-6.9,,,,,,,,,0.00,23.4,-13.2,13.9,-22.7,310.7,43.3,10.10
7:17:13 PM,42.4874752,-82.7891647,,R2,Jib,Full,Port,Beat,9.6,304.9,319.5,-14.6,3.0,0.8,295.26,0.29,0.28,312.5,317.5,-5.0,,,,,,,,,,24.4,-16.7,15.3,-27.3,303.1,46.4,9.05
7:17:14 PM,42.4875003,-82.7892155,20.2,R2,Jib,Full,Port,Beat,9.7,304.8,319.2,-14.3,,,295.18,0.28,0.27,,316.4,,,,,,,,,,,22.7,-15.1,13.4,-26.2,305.1,46.3,9.34
7:17:15 PM,42.4875254,-82.7892645,,R2,Jib,Full,Port,Beat,9.4,305.5,,,5.1,1.1,295.09,0.28,0.27,312.7,317.2,-4.5,3.27,15.09,10.00,0.00,48.09,19.11,63.74,0.00,,23.5,-17.0,14.5,-28.3,300.2,46.3,9.72
7:17:16 PM,42.4875499,-82.7893136,19.9,R2,Jib,Full,Port,Beat,9.6,303.0,318.7,-15.7,4.4,0.7,295.01,0.28,0.27,313.7,315.0,-1.3,,,,,,,,,0.00,23.6,-16.3,14.5,-27.1,301.2,46.3,9.95
7:17:17 PM,42.4875756,-82.7893675,,R2,Jib,Full,Port,Beat,9.3,306.6,317.0,-10.3,5.5,0.3,294.93,0.28,0.27,312.9,315.2,-2.3,,,,,,,,,,24.1,-16.4,15.2,-26.5,300.8,46.2,9.49
7:17:18 PM,42.4875998,-82.7894168,19.9,R2,Jib,Full,Port,Beat,9.6,306.4,319.7,-13.4,4.2,-0.2,294.85,0.27,0.27,315.3,316.5,-1.2,,,,,,,,,,23.9,-15.7,14.9,-25.8,302.5,46.3,8.98
7:17:19 PM,42.4876272,-82.7894633,,R2,Jib,Full,Port,Beat,9.2,304.6,318.6,-14.0,5.8,1.4,294.75,0.27,0.26,315.3,316.3,-1.0,3.27,15.09,10.00,0.00,48.09,19.11,64.10,0.00,,23.0,-17.0,14.2,-28.3,297.8,45.3,9.30
7:17:20 PM,42.4876531,-82.7895101,20.2,R2,Jib,Full,Port,Beat,9.4,305.5,319.0,-13.5,5.2,1.3,294.63,0.27,0.26,316.2,,,,,,,,,,,0.00,23.0,-16.8,14.2,-27.8,299.0,46.2,9.77
7:17:21 PM,42.4876781,-82.7895598,,R2,Jib,Full,Port,Beat,8.9,302.1,317.7,-15.6,4.0,0.1,294.51,0.27,0.26,315.7,316.8,-1.1,,,,,,,,,,22.9,-15.3,14.1,-25.5,304.0,45.3,9.52
7:17:22 PM,42.4877027,-82.7896064,19.9,R2,Jib,Full,Port,Beat,9.0,305.9,315.1,-9.2,,,294.41,0.26,0.26,313.9,313.2,0.7,,,,,,,,,,22.4,-16.5,14.0,-27.1,296.8,42.7,9.64
7:17:23 PM,42.4877252,-82.7896528,,R2,Jib,Full,Port,Beat,8.8,302.5,315.1,-12.6,5.9,1.1,294.31,0.26,0.25,314.3,313.0,1.3,3.27,15.09,10.00,0.00,48.09,19.11,64.84,0.00,,22.9,-16.4,14.7,-26.1,297.8,46.0,8.95
7:17:24 PM,42.4877455,-82.7897,19.9,R2,Jib,Full,Port,Beat,8.4,298.0,311.1,-13.2,3.1,1.9,294.23,0.26,0.25,,311.7,,,,,,,,,,0.00,22.9,-15.7,14.8,-24.8,299.3,43.2,8.46
7:17:25 PM,42.4877665,-82.7897479,,R2,Jib,Full,Port,Beat,8.0,299.6,,,4.8,2.1,294.15,0.25,0.25,310.9,307.2,3.7,,,,,,,,,,,,,,,40.5,8.22
7:17:26 PM,42.4877843,-82.7897941,20.1,R2,Jib,Full,Port,Beat,7.9,295.8,309.6,-13.8,4.3,0.5,294.10,0.25,0.25,310.4,308.4,2.1,,,,,,,,,,23.4,-17.3,16.2,-25.5,292.2,41.8,7.71
7:17:27 PM,42.4878031,-82.7898334,,R2,Jib,Full,Port,Beat,7.5,303.7,309.6,-5.9,3.0,0.2,294.06,0.25,0.24,309.7,306.1,3.7,3.27,15.09,10.00,0.00,48.09,19.11,65.17,0.00,,22.5,-12.4,15.0,-18.9,300.4,35.5,7.79
7:17:28 PM,42.4878192,-82.7898728,19.9,R2,Jib,Full,Port,Beat,7.3,297.5,309.4,-11.9,5.2,-1.2,294.00,0.25,0.24,311.3,307.3,4.0,,,,,,,,,0.00,21.4,-15.0,14.5,-22.5,290.5,46.1,7.06
7:17:29 PM,42.4878353,-82.7899125,,R2,Jib,Full,Port,Beat,7.2,297.3,309.7,-12.4,3.0,-0.2,293.96,0.25,0.24,311.1,306.5,4.6,,,,,,,,,,19.8,-16.6,13.2,-25.5,290.2,43.1,7.09
7:17:30 PM,42.4878538,-82.7899524,19.7,R2,Jib,Full,Port,Beat,7.5,302.5,308.9,-6.3,,,293.91,0.24,0.24,,,,,,,,,,,,,20.2,-17.3,13.4,-26.6,287.9,,7.32
7:17:31 PM,42.4878715,-82.7899927,,R2,Jib,Full,Port,Beat,7.5,297.5,310.0,-12.5,5.6,0.4,293.84,0.24,0.24,309.7,306.8,2.9,3.27,15.41,10.00,0.00,48.09,19.20,64.35,0.00,,20.3,-18.7,13.5,-28.8,284.1,43.4,7.38
7:17:32 PM,,,19.9,R2,Jib,Full,Port,Beat,8.1,299.8,310.0,-10.2,4.7,0.8,,,,313.0,308.3,4.7,,,,,,,,,0.00,21.1,-17.5,14.0,-27.0,289.2,44.5,
7:17:33 PM,42.4878911,-82.7900406,,R2,Jib,Full,Port,Beat,8.1,299.4,311.3,-11.9,5.6,2.3,293.76,0.24,0.23,312.0,307.7,4.3,,,,,,,,,,21.7,-17.4,14.3,-27.1,286.8,44.6,7.88
7:17:34 PM,42.4879108,-82.7900836,20.0,R2,Jib,Full,Port,Beat,9.2,299.6,310.9,-11.3,6.7,-0.5,293.69,0.24,0.23,313.2,308.5,4.7,,,,,,,,,,22.1,-18.3,14.5,-28.6,287.8,46.7,8.00
7:17:35 PM,42.4879305,-82.7901278,20.1,R2,Jib,Full,Port,Beat,8.3,299.6,311.7,-12.2,5.8,0.9,293.59,0.23,0.23,314.1,309.1,5.1,3.27,15.41,10.00,0.01,48.09,19.20,64.32,0.00,,22.7,-15.7,14.9,-24.3,292.7,43.7,8.55
7:17:36 PM,42.4879492,-82.7901717,,R2,Jib,Full,Port,Beat,8.2,299.6,,,5.0,1.7,293.53,0.23,0.23,312.8,308.9,3.9,,,,,,,,,0.00,22.2,-15.7,14.3,-24.9,293.1,45.6,8.49
7:17:37 PM,42.4879686,-82.7902156,20.0,R2,Jib,Full,Port,Beat,8.0,294.9,311.1,-16.1,5.3,-0.3,293.45,0.23,0.22,312.4,309.4,3.1,,,,,,,,,,23.8,-15.3,15.7,-23.4,294.4,45.3,8.29
7:17:38 PM,42.4879868,-82.790261,,R2,Jib,Full,Port,Beat,8.6,300.4,309.8,-9.4,,,293.39,0.23,0.22,,306.4,,,,,,,,,,,24.7,-10.8,16.5,-16.4,297.9,42.9,8.15
7:17:39 PM,42.488007,-82.790306,19.9,R2,Jib,Full,Port,Beat,8.7,292.5,308.4,-15.9,8.4,1.8,293.33,0.22,0.22,309.2,305.6,3.6,3.27,15.41,10.00,0.00,48.09,19.20,65.22,0.00,,23.0,-12.0,14.9,-18.8,296.9,45.2,8.12
7:17:40 PM,42.4880236,-82.7903521,,R2,Jib,Full,Port,Beat,,,305.2,,4.0,0.4,293.31,0.22,0.22,307.7,300.3,7.4,,,,,,,,,0.00,21.3,-6.5,,,,45.4,8.47
7:17:41 PM,42.4880424,-82.7904003,19.9,R2,Jib,Full,Port,Beat,8.0,299.3,301.5,-2.2,4.4,-0.3,,,,304.2,,,,,,,,,,,,24.2,-12.9,17.0,-18.6,292.8,40.7,
7:17:42 PM,42.48805322,-82.79044499,,R2,Jib,Full,Port,Beat,7.1,287.3,301.6,-14.2,3.4,0.8,293.33,0.22,0.21,303.8,298.8,5.0,,,,,,,,,,24.0,-11.4,16.9,-16.3,291.0,39.1,7.29
7:17:43 PM,42.48806644,-82.79048578,19.7,R2,Jib,Full,Port,Beat,7.1,293.1,304.7,-11.6,4.0,-1.0,293.33,0.22,0.21,304.9,299.8,5.0,3.27,15.41,10.00,0.00,48.09,19.20,65.37,0.00,,,,,,,41.2,7.40
7:17:44 PM,42.48808135,-82.79052422,,R2,Jib,Full,Port,Beat,7.1,293.2,303.9,-10.7,4.8,3.4,293.29,0.22,0.21,305.9,302.0,3.9,,,,,,,,,0.00,23.2,-14.4,16.4,-20.6,285.8,45.2,6.86
7:17:45 PM,42.4880999,-82.7905615,19.7,R2,Jib,Full,Port,Beat,7.0,302.2,304.5,-2.2,,,293.19,0.21,0.21,306.7,301.9,4.9,,,,,,,,,,21.5,-12.0,14.7,-17.7,287.3,46.4,7.16
7:17:46 PM,42.4881164,-82.7906018,,R2,Jib,Full,Port,Beat,7.0,302.7,,,5.4,1.6,293.13,0.21,0.21,309.3,304.1,5.3,,,,,,,,,,21.4,-11.7,14.7,-17.2,288.8,43.9,7.06
7:17:47 PM,42.4881346,-82.7906437,20.2,R2,Jib,Full,Port,Beat,7.3,296.3,306.6,-10.3,4.2,-0.1,293.05,0.21,0.20,,302.3,,,,,,,,,,,23.5,-14.4,16.5,-20.6,288.6,41.9,7.30
7:17:48 PM,42.4881504,-82.7906898,,R2,Jib,Full,Port,Beat,7.6,294.3,303.1,-8.8,5.7,1.2,293.00,0.21,0.20,308.4,301.0,7.4,3.27,15.41,10.00,0.00,48.09,19.20,65.57,0.00,0.00,21.8,-11.9,14.5,-18.2,291.4,42.0,7.64
7:17:49 PM,42.4881677,-82.7907342,20.2,R2,Jib,Full,Port,Beat,7.6,294.3,304.3,-10.0,5.5,1.1,292.96,0.20,0.20,306.0,301.6,4.4,,,,,,,,,,22.1,-13.2,14.8,-20.0,289.3,44.4,7.61
7:17:50 PM,42.4881826,-82.7907795,19.9,R2,Jib,Full,Port,Beat,7.0,291.9,302.3,-10.4,5.1,2.1,292.96,0.20,0.20,308.4,299.8,8.5,,,,,,,,,,21.5,-11.1,14.1,-17.0,291.8,40.2,7.56
7:17:51 PM,42.4881968,-82.7908213,,R2,Jib,Full,Port,Beat,7.4,293.0,302.6,-9.6,4.7,1.9,292.93,0.20,0.20,308.1,,,3.27,15.41,10.00,0.00,48.09,19.20,65.77,0.00,,22.4,-14.3,15.4,-21.0,286.3,43.8,7.48
7:17:52 PM,42.4882119,-82.7908631,19.9,R2,Jib,Full,Port,Beat,7.3,293.2,303.9,-10.7,,,292.88,0.20,0.19,309.8,301.4,8.3,,,,,,,,,0.00,22.6,-12.3,15.5,-18.0,290.5,44.5,7.89
7:17:53 PM,42.488229,-82.7909031,,R2,Jib,Full,Port,Beat,7.4,292.4,304.4,-11.9,4.5,2.5,292.83,0.20,0.19,311.0,301.1,9.9,,,,,,,,,,22.8,-14.3,15.7,-21.0,288.2,45.9,7.43
7:17:54 PM,42.4882431,-82.7909446,19.7,R2,Jib,Full,Port,Beat,7.3,293.2,304.5,-11.3,6.1,-0.2,292.78,0.19,0.19,310.3,301.8,8.5,,,,,,,,,,21.8,-14.5,14.7,-21.8,285.8,43.7,7.35
7:17:55 PM,42.4882624,-82.7909886,,R2,Jib,Full,Port,Beat,7.6,298.8,306.4,-7.6,5.7,1.4,292.71,0.19,0.19,310.6,302.9,7.7,3.27,15.41,10.00,0.00,48.09,19.20,65.42,0.00,,21.8,-12.6,14.3,-19.3,289.6,44.5,7.53
7:17:56 PM,42.4882793,-82.7910332,20.0,R2,Jib,Full,Port,Beat,7.9,297.6,,,5.3,1.3,292.66,0.19,0.19,310.2,303.6,6.6,,,,,,,,,0.00,20.9,-14.2,13.4,-22.6,287.8,,8.00
7:17:57 PM,42.4882964,-82.7910786,,R2,Jib,Full,Port,Beat,7.4,296.0,305.2,-9.2,6.4,1.1,292.62,0.19,0.18,,302.1,,,,,,,,,,,,,,,,44.0,8.09
7:17:58 PM,42.488313,-82.7911259,19.7,R2,Jib,Full,Port,Beat,8.0,294.1,304.8,-10.6,,,292.58,0.18,0.18,309.0,302.0,7.1,,,,,,,,,,21.7,-12.8,14.1,-19.9,289.5,44.0,7.96
7:17:59 PM,42.4883297,-82.7911704,,R2,Jib,Full,Port,Beat,7.9,299.8,304.2,-4.5,5.7,0.1,292.52,0.18,0.18,310.3,302.7,7.5,3.27,15.41,10.00,0.00,48.09,19.20,65.91,0.00,,21.9,-11.6,14.4,-17.9,291.5,41.7,7.68
7:18:00 PM,42.488346,-82.7912145,19.7,R2,Jib,Full,Port,Beat,7.9,295.9,305.9,-9.9,5.2,0.9,292.45,0.18,0.18,310.7,303.1,7.6,,,,,,,,,0.00,22.6,-13.8,15.1,-20.9,288.1,46.2,7.76
7:18:01 PM,42.4883624,-82.7912544,,R2,Jib,Full,Port,Beat,7.8,298.3,305.0,-6.8,5.3,2.3,292.38,0.18,0.17,308.9,304.0,4.9,,,,,,,,,,21.5,-12.5,13.9,-19.6,290.8,44.5,7.77
7:18:02 PM,42.4883814,-82.7913018,19.9,R2,Jib,Full,Port,Beat,7.8,296.5,307.0,-10.5,5.0,1.0,292.30,0.18,0.17,310.7,,,,,,,,,,,,22.5,-12.1,14.9,-18.4,291.2,45.3,7.81
7:18:03 PM,42.4883989,-82.7913441,,R2,Jib,Full,Port,Beat,8.1,299.1,306.9,-7.8,5.1,1.8,292.24,0.17,0.17,310.1,304.6,5.5,3.27,15.41,10.00,0.00,48.09,19.20,65.75,0.00,,21.2,-12.6,13.5,-20.1,291.6,45.3,7.97
7:18:04 PM,42.4884158,-82.7913848,19.8,R2,Jib,Full,Port,Beat,7.9,301.2,309.1,-7.9,5.4,1.4,292.13,0.17,0.17,311.5,305.2,6.3,,,,,,,,,0.00,21.9,-13.6,14.3,-21.0,289.7,45.2,7.77
7:18:05 PM,42.4884341,-82.791429,,R2,Jib,Full,Port,Beat,8.2,298.9,308.7,-9.8,4.9,2.2,292.05,0.17,0.17,311.1,307.6,3.5,,,,,,,,,,21.5,-12.1,13.7,-19.2,295.4,45.6,7.99
7:18:06 PM,42.4884524,-82.7914734,19.9,R2,Jib,Full,Port,Beat,8.0,297.4,308.3,-10.9,,,291.93,0.17,0.16,,306.1,,,,,,,,,,,21.7,-12.9,13.9,-20.4,294.0,42.9,7.88
7:18:07 PM,42.4884714,-82.7915197,,R2,Jib,Full,Port,Beat,8.1,298.2,,,6.6,0.4,291.82,0.17,0.16,311.1,305.6,5.5,3.27,15.41,10.00,0.00,48.09,19.20,65.87,0.00,,21.0,-12.9,13.3,-20.6,293.8,45.1,8.21
7:18:08 PM,42.4884901,-82.7915618,20.0,R2,Jib,Full,Port,Beat,7.9,297.2,308.4,-11.2,5.4,0.9,291.71,0.16,0.16,310.9,307.7,3.2,,,,,,,,,0.00,21.7,-11.8,14.0,-18.5,296.3,45.0,7.84
7:18:09 PM,42.4885097,-82.7916058,,R2,Jib,Full,Port,Beat,8.2,301.7,309.7,-8.0,4.7,1.6,291.62,0.16,0.16,310.0,305.6,4.3,,,,,,,,,,22.2,-10.7,14.2,-16.9,297.0,43.5,8.19
7:18:10 PM,42.4885265,-82.7916509,19.7,R2,Jib,Full,Port,Beat,7.7,297.0,307.0,-10.0,6.5,0.7,291.51,0.16,0.16,309.7,304.9,4.8,,,,,,,,,,22.7,-12.3,15.2,-18.5,294.5,44.9,7.68
7:18:11 PM,42.4885437,-82.791698,,R2,Jib,Full,Port,Beat,7.7,298.6,306.3,-7.7,4.8,0.1,291.45,0.16,0.15,308.6,302.4,6.2,3.27,15.41,10.00,0.00,48.09,19.20,66.75,0.00,,21.9,-10.8,14.3,-16.7,295.7,44.4,7.91
7:18:12 PM,42.4885607,-82.7917434,19.3,R2,Jib,Full,Port,Beat,7.5,294.2,304.9,-10.7,5.8,-1.0,291.39,0.15,0.15,309.3,,,,,,,,,,,0.00,23.7,-11.5,16.5,-16.7,294.0,44.7,7.06
7:18:13 PM,42.4885762,-82.7917836,,R2,Jib,Full,Port,Beat,7.4,298.3,305.5,-7.2,4.1,1.8,291.29,0.15,0.15,,302.7,,,,,,,,,,,22.5,-10.0,15.2,-14.8,294.8,41.7,6.85
7:18:14 PM,42.4885922,-82.7918231,19.4,R2,Jib,Full,Port,Beat,7.2,298.7,306.0,-7.3,5.4,0.4,291.20,0.15,0.15,309.2,303.3,5.9,,,,,,,,,,,,,,,44.6,6.85
7:18:15 PM,42.4886091,-82.7918636,,R2,Jib,Full,Port,Beat,7.5,297.6,305.7,-8.2,,,291.09,0.15,0.15,310.6,304.1,6.5,,,,,,,,,,22.7,-12.8,15.7,-18.6,290.6,44.5,7.34
7:18:16 PM,42.4886287,-82.7919031,19.6,R2,Jib,Full,Port,Beat,7.2,296.7,308.1,-11.3,6.3,0.5,290.91,0.15,0.14,310.1,304.9,5.2,3.27,15.41,10.00,0.00,48.09,19.20,65.89,0.00,0.00,23.0,-11.8,15.8,-17.3,290.9,46.2,6.98
7:18:17 PM,42.4886444,-82.7919431,,R2,Jib,Full,Port,Beat,7.6,300.7,305.6,-4.9,5.0,2.5,290.80,0.14,0.14,309.5,304.5,5.0,,,,,,,,,,22.8,-12.2,15.6,-18.0,293.9,38.0,7.48
7:18:18 PM,42.4886608,-82.7919875,19.7,R2,Jib,Full,Port,Beat,7.2,293.3,304.1,-10.8,3.2,-0.5,290.72,0.14,0.14,308.6,302.4,6.2,,,,,,,,,,22.7,-9.1,15.4,-13.4,297.8,44.9,7.28
7:18:19 PM,42.4886743,-82.7920301,,R2,Jib,Full,Port,Beat,7.3,297.7,,,4.8,0.0,290.68,0.14,0.14,308.2,301.9,6.2,3.27,15.41,10.00,0.00,48.09,19.20,66.27,0.00,,22.1,-5.7,15.0,-8.5,301.8,43.9,7.28
7:18:20 PM,42.4886881,-82.7920689,19.6,R2,Jib,Full,Port,Beat,6.9,297.9,304.9,-7.0,,,290.61,0.14,0.14,,304.4,,,,,,,,,,0.00,23.0,-13.6,16.2,-19.4,288.4,44.5,6.85
7:18:21 PM,42.4887039,-82.7921063,19.4,R2,Jib,Full,Port,Beat,6.7,301.3,307.1,-5.9,2.8,0.9,290.48,0.14,0.13,310.9,305.2,5.6,,,,,,,,,,22.4,-12.9,15.7,-18.6,290.6,43.9,6.94
7:18:22 PM,42.4887178,-82.7921437,19.5,R2,Jib,Full,Port,Beat,7.1,297.2,309.2,-12.0,4.0,2.0,290.40,0.13,0.13,310.9,306.9,4.0,,,,,,,,,,22.6,-13.2,16.0,-18.7,291.4,,6.60
7:18:23 PM,42.4887349,-82.7921814,,R2,Jib,Full,Port,Beat,6.6,304.6,309.6,-4.9,5.0,2.0,,,,310.8,,,3.27,15.41,10.00,0.00,48.09,19.20,65.49,0.00,,21.5,-14.7,14.8,-21.7,288.2,44.9,
7:18:24 PM,42.4887512,-82.7922202,19.9,R2,Jib,Full,Port,Beat,7.5,301.5,311.9,-10.4,5.2,-0.4,290.16,0.13,0.13,314.5,309.3,5.1,,,,,,,,,0.00,23.3,-15.8,16.6,-22.5,290.9,46.2,6.36
7:18:25 PM,42.4887714,-82.7922627,,R2,Jib,Full,Port,Beat,7.6,298.1,310.0,-11.9,5.8,2.0,289.99,0.13,0.13,312.1,308.4,3.7,,,,,,,,,,23.0,-16.2,15.9,-23.8,290.6,46.1,7.31
7:18:26 PM,42.4887911,-82.7923119,19.7,R2,Jib,Full,Port,Beat,7.7,301.7,310.1,-8.5,6.0,0.6,289.80,0.13,0.13,311.6,306.8,4.7,,,,,,,,,,23.6,-14.7,16.3,-21.5,293.1,44.0,7.51
7:18:27 PM,42.4888108,-82.7923541,,R2,Jib,Full,Port,Beat,7.5,302.5,315.7,-13.3,2.3,1.7,289.60,0.12,0.12,312.1,310.8,1.3,3.27,15.41,10.00,0.00,48.09,19.20,65.39,0.00,,23.7,-13.0,16.4,-19.0,295.5,44.0,7.57
7:18:28 PM,42.4888324,-82.7923961,19.7,R2,Jib,Full,Port,Beat,8.0,310.2,315.3,-5.1,4.4,1.9,289.38,0.12,0.12,314.5,312.9,1.6,,,,,,,,,0.00,26.2,-18.7,18.8,-26.5,289.4,45.5,7.30
7:18:29 PM,42.4888546,-82.7924362,19.7,R2,Jib,Full,Port,Beat,8.3,302.8,,,8.1,-1.0,289.02,0.12,0.12,316.4,314.0,2.4,,,,,,,,,,26.2,-19.8,19.0,-27.9,291.5,45.0,7.56
7:18:30 PM,42.4888769,-82.7924799,,R2,Jib,Full,Port,Beat,8.3,306.9,316.0,-9.0,7.5,2.1,288.73,0.12,0.12,314.6,313.4,1.2,,,,,,,,,,24.3,-18.2,16.6,-27.3,292.4,46.4,7.42
7:18:31 PM,42.4888991,-82.7925234,20.1,R2,Jib,Full,Port,Beat,8.5,303.6,315.8,-12.2,,,288.39,0.12,0.12,,313.6,,3.27,15.41,10.00,0.00,48.09,19.20,65.69,0.00,,,,,,,46.1,8.11
7:18:32 PM,42.488922,-82.7925705,,R2,Jib,Full,Port,Beat,8.8,302.5,315.1,-12.6,7.3,-0.1,287.91,0.11,0.11,314.8,312.6,2.3,,,,,,,,,0.00,25.6,-17.0,17.6,-25.2,296.0,46.0,8.41
7:18:33 PM,42.4889452,-82.7926189,19.8,R2,Jib,Full,Port,Beat,8.6,305.1,314.7,-9.6,6.5,0.7,287.60,0.11,0.11,314.1,,,,,,,,,,,,25.0,-14.7,16.7,-22.3,299.5,45.2,8.53
7:18:34 PM,42.4889682,-82.792671,19.9,R2,Jib,Full,Port,Beat,8.5,302.9,315.7,-12.8,6.5,0.9,287.26,0.11,0.11,314.9,312.8,2.1,,,,,,,,,,24.9,-16.0,16.8,-24.2,295.9,45.1,8.39
7:18:35 PM,42.488989,-82.7927174,,R2,Jib,Full,Port,Beat,8.6,302.4,316.3,-14.0,5.5,1.5,,,,315.9,314.4,1.5,3.27,15.41,10.00,0.00,48.09,19.20,66.05,0.00,,24.6,-16.1,16.5,-24.5,298.1,45.0,
7:18:36 PM,42.4890093,-82.7927625,19.7,R2,Jib,Full,Port,Beat,8.1,303.8,314.4,-10.6,5.6,1.6,286.77,0.10,0.10,313.7,312.4,1.4,,,,,,,,,0.00,24.4,-15.8,16.4,-24.0,297.8,42.9,8.30
7:18:37 PM,42.4890289,-82.7928076,,R2,Jib,Full,Port,Beat,8.1,303.7,316.4,-12.7,5.1,1.5,286.30,0.10,0.10,315.5,313.1,2.4,,,,,,,,,,22.6,-15.9,15.0,-24.4,296.7,43.8,7.66
7:18:38 PM,42.489051,-82.7928464,19.8,R2,Jib,Full,Port,Beat,7.6,304.4,314.3,-9.9,4.8,2.7,,,,313.9,313.4,0.6,,,,,,,,,,22.7,-16.4,15.2,-24.9,297.6,43.9,
7:18:39 PM,42.489073,-82.7928833,,R2,Jib,Full,Port,Beat,8.3,304.5,314.0,-9.5,,,285.64,0.10,0.10,,311.6,,3.27,15.41,10.00,0.00,48.09,19.20,66.37,0.00,,23.4,-13.1,16.0,-19.3,300.5,39.9,8.20
7:18:40 PM,42.4890926,-82.7929259,19.6,R2,Jib,Full,Port,Beat,7.8,304.5,,,6.2,0.1,285.18,0.10,0.10,313.8,311.8,1.9,,,,,,,,,0.00,22.2,,,,,27.5,6.51
7:18:41 PM,42.4891141,-82.7929717,,R2,Jib,Full,Port,Beat,,,314.5,,5.4,-0.5,284.58,0.09,0.09,314.2,312.8,1.4,,,,,,,,,,22.3,,,,,28.3,7.49
7:18:42 PM,42.4891352,-82.7930111,19.6,R2,Jib,Full,Port,Beat,7.9,304.5,315.8,-11.3,5.7,1.9,,,,314.7,314.2,0.4,,,,,,,,,,23.2,,,,,28.5,
7:18:43 PM,42.4891585,-82.7930468,,R2,Jib,Full,Port,Beat,7.7,304.5,317.2,-12.7,6.3,2.3,283.80,0.09,0.09,316.9,316.6,0.3,3.27,15.41,10.00,0.00,48.09,19.20,65.91,0.00,,22.6,-19.4,15.4,-29.1,291.9,29.5,7.53
7:18:44 PM,42.4891798,-82.7930874,19.4,R2,Jib,Full,Port,Beat,7.6,301.5,318.2,-16.7,5.0,2.1,283.22,0.09,0.09,317.1,,,,,,,,,,,0.00,21.8,-23.4,14.6,-36.3,286.9,27.4,6.86
7:18:45 PM,42.4892004,-82.7931292,,R2,Jib,Full,Port,Beat,8.2,304.6,317.5,-12.9,6.0,1.7,282.64,0.09,0.09,316.4,315.5,0.9,,,,,,,,,,23.1,-26.0,16.1,-38.9,284.2,,7.69
7:18:46 PM,42.4892222,-82.7931671,19.2,R2,Jib,Full,Port,Beat,8.3,307.8,318.3,-10.5,6.6,0.9,282.06,0.08,0.08,317.4,316.3,1.1,,,,,,,,,,23.6,-26.5,16.7,-39.1,284.0,27.9,7.62
7:18:47 PM,,,19.2,R2,Jib,Full,Port,Beat,8.2,309.1,320.0,-10.9,,,281.38,0.08,0.08,,316.5,,3.27,15.41,10.00,0.00,48.09,19.20,65.66,0.00,,,,,,,25.8,7.44
7:18:48 PM,42.4892464,-82.7932086,,R2,Jib,Full,Port,Beat,8.5,302.7,318.2,-15.5,6.2,0.1,280.72,0.08,0.08,318.4,316.4,2.0,,,,,,,,,0.00,23.7,-26.8,16.7,-39.8,286.0,28.1,7.52
7:18:49 PM,42.4892675,-82.7932491,19.2,R2,Jib,Full,Port,Beat,7.8,304.9,316.6,-11.7,7.7,0.6,280.06,0.08,0.08,316.3,314.8,1.5,,,,,,,,,,23.1,-28.1,16.0,-42.9,282.3,27.2,7.26
7:18:50 PM,42.4892901,-82.79329755,,R2,Jib,Full,Port,Beat,8.4,304.9,,,5.4,0.8,279.39,0.08,0.08,315.3,314.5,0.8,,,,,,,,,,22.4,-26.9,15.4,-41.1,282.8,27.3,7.74
7:18:51 PM,42.48930931,-82.79334361,19.3,R2,Jib,Full,Port,Beat,8.6,304.9,316.6,-11.8,3.9,2.9,278.78,0.07,0.07,315.0,314.2,0.8,3.27,15.41,10.00,0.00,48.09,19.20,66.11,0.00,,23.0,-25.2,16.0,-37.7,285.0,27.7,6.86
7:18:52 PM,42.48932939,-82.79338916,,R2,Jib,Full,Port,Beat,7.8,304.9,316.6,-11.8,4.6,0.6,278.08,0.07,0.07,314.0,313.2,0.7,,,,,,,,,0.00,23.5,-25.0,16.7,-36.4,285.5,26.6,6.75
7:18:53 PM,42.48934828,-82.79343422,19.3,R2,Jib,Full,Port,Beat,7.4,304.8,315.8,-10.9,4.6,0.6,277.37,0.07,0.07,314.0,314.7,-0.7,,,,,,,,,,23.0,-27.0,16.5,-39.3,281.6,26.6,6.97
7:18:54 PM,42.48936825,-82.79347621,,R2,Jib,Full,Port,Beat,6.8,303.9,317.9,-14.0,,,276.56,0.07,0.07,,,,,,,,,,,,,23.3,-25.3,16.9,-35.9,285.9,26.6,6.67
7:18:55 PM,42.4893877,-82.79351776,19.6,R2,Jib,Full,Port,Beat,7.3,303.9,316.3,-12.3,3.1,1.0,275.74,0.07,0.07,316.6,315.5,1.2,3.27,15.41,10.00,0.00,48.09,19.20,65.81,0.00,,23.1,-25.6,16.7,-36.6,285.7,26.6,6.53
7:18:56 PM,42.48940642,-82.79355769,,R2,Jib,Full,Port,Beat,7.0,305.9,316.9,-11.1,5.4,0.8,274.32,0.06,0.06,314.6,313.8,0.9,,,,,,,,,0.00,23.5,-29.9,17.7,-41.4,278.9,26.5,5.96
7:18:57 PM,42.4894284,-82.7936014,19.7,R2,Jib,Full,Port,Beat,7.3,303.2,315.9,-12.8,5.1,-0.6,273.34,0.06,0.06,315.2,314.4,0.8,,,,,,,,,,23.4,-28.5,17.2,-40.5,281.2,27.6,6.35
7:18:58 PM,42.489449,-82.7936437,,R2,Jib,Full,Port,Beat,7.8,302.1,315.5,-13.4,7.9,0.3,272.24,0.06,0.06,312.9,312.8,0.1,,,,,,,,,,23.9,-29.0,17.6,-41.1,280.0,27.3,6.46
7:18:59 PM,42.489469,-82.7936908,19.9,R2,Jib,Full,Port,Beat,8.0,302.1,314.3,-12.2,5.0,1.0,271.30,0.06,0.06,312.8,313.1,-0.3,3.27,15.41,10.00,0.00,48.09,19.20,65.49,0.00,,23.0,-25.1,16.4,-36.5,284.9,27.4,6.53
7:19:00 PM,42.4894873,-82.7937431,,R2,Jib,Full,Port,Beat,7.7,298.5,312.4,-13.9,4.2,0.3,270.32,0.05,0.05,311.2,310.8,0.4,,,,,,,,,0.00,23.7,-26.3,17.1,-37.8,283.3,26.7,6.86
7:19:01 PM,42.489503,-82.7937891,19.7,R2,Jib,Full,Port,Beat,7.0,299.8,,,,,269.23,0.05,0.05,,308.9,,,,,,,,,,,23.7,-28.7,17.4,-40.8,276.9,26.9,6.51
7:19:02 PM,42.4895202,-82.793832,,R2,Jib,Full,Port,Beat,7.4,299.7,311.5,-11.8,6.3,0.3,268.07,0.05,0.05,309.8,310.5,-0.7,,,,,,,,,,23.3,-28.5,16.9,-40.9,276.3,27.3,6.69
7:19:03 PM,42.4895362,-82.7938774,19.6,R2,Jib,Full,Port,Beat,7.5,299.7,312.5,-12.9,5.8,1.2,266.71,0.05,0.05,312.2,309.7,2.5,3.27,15.41,10.00,0.00,48.09,19.20,65.23,0.00,,23.4,-27.5,16.9,-39.6,277.7,27.3,6.44
7:19:04 PM,42.4895567,-82.7939262,,R2,Jib,Full,Port,Beat,7.4,299.2,312.2,-12.9,5.0,0.6,265.08,0.05,0.04,310.5,310.0,0.4,,,,,,,,,0.00,23.3,-28.4,16.9,-41.0,276.7,27.3,6.40
7:19:05 PM,42.4895778,-82.7939857,19.6,R2,Jib,Full,Port,Beat,8.5,301.4,311.5,-10.1,5.4,1.1,263.49,0.04,0.04,311.8,,,,,,,,,,,,,,,,,27.2,6.48
7:19:06 PM,42.4895958,-82.7940317,,R2,Jib,Full,Port,Beat,7.7,301.1,312.9,-11.9,6.5,0.9,261.73,0.04,0.04,311.2,309.4,1.8,,,,,,,,,,22.6,-28.7,16.2,-42.1,274.3,27.6,5.98
7:19:07 PM,42.489615,-82.7940781,19.9,R2,Jib,Full,Port,Beat,8.3,301.1,313.6,-12.6,4.4,0.7,259.67,0.04,0.04,314.4,312.3,2.1,3.27,15.41,10.00,0.00,48.09,19.20,65.02,0.00,,22.1,-27.7,15.5,-41.5,276.0,27.3,6.18
7:19:08 PM,42.4896345,-82.7941229,19.8,R2,Jib,Full,Port,Beat,8.0,300.6,313.4,-12.8,7.3,0.4,257.49,0.04,0.04,313.5,311.2,2.2,,,,,,,,,0.00,21.4,-30.4,14.9,-46.6,271.1,27.5,5.62
7:19:09 PM,42.4896542,-82.7941633,,R2,Jib,Full,Port,Beat,7.8,303.5,314.9,-11.4,4.7,0.5,255.11,0.04,0.03,314.8,311.3,3.6,,,,,,,,,,22.4,-28.5,16.1,-41.7,276.5,27.5,5.10
7:19:10 PM,42.4896749,-82.7942069,19.7,R2,Jib,Full,Port,Beat,8.0,302.0,,,,,252.66,0.04,0.03,,312.1,,,,,,,,,,,21.7,-27.9,15.2,-42.0,278.0,27.2,5.40
7:19:11 PM,42.4896946,-82.7942484,,R2,Jib,Full,Port,Beat,7.4,302.3,314.0,-11.6,4.7,1.2,249.90,0.03,0.03,313.1,311.1,2.0,3.27,15.41,10.00,0.00,48.09,19.20,65.27,0.00,,22.8,-29.9,16.5,-43.7,275.3,27.2,4.89
7:19:12 PM,42.4897114,-82.7942907,19.7,R2,Jib,Full,Port,Beat,7.6,302.4,313.9,-11.5,4.5,1.3,247.46,0.03,0.03,310.8,313.0,-2.2,,,,,,,,,0.00,20.4,-28.9,14.2,-44.0,274.7,27.2,4.37
7:19:13 PM,42.4897276,-82.7943308,,R2,Jib,Full,Port,Beat,7.6,303.1,315.5,-12.4,3.5,-0.6,244.65,0.03,0.03,312.8,311.8,1.0,,,,,,,,,,20.3,-27.2,13.8,-41.9,279.9,27.2,4.52
7:19:14 PM,42.4897464,-82.7943671,19.6,R2,Jib,Full,Port,Beat,7.1,304.6,314.1,-9.5,5.5,1.0,241.52,0.03,0.02,311.2,312.8,-1.6,,,,,,,,,,20.3,-30.7,14.4,-46.3,272.1,,3.55
7:19:15 PM,42.4897661,-82.7944067,,R2,Jib,Full,Port,Beat,8.0,305.4,315.9,-10.4,4.7,1.6,237.98,0.03,0.02,313.7,,,3.27,15.41,10.00,0.01,48.09,19.20,65.27,0.00,,20.5,-28.7,14.4,-43.3,276.4,27.5,3.14
7:19:16 PM,42.4897852,-82.7944488,19.4,R2,Jib,Full,Port,Beat,6.8,300.2,315.2,-15.1,5.0,-0.7,,,,312.6,314.4,-1.8,,,,,,,,,0.00,23.3,-28.4,16.8,-41.2,280.5,27.5,
7:19:17 PM,42.4898075,-82.794488,,R2,Jib,Full,Port,Beat,8.0,300.2,316.0,-15.8,9.0,2.8,232.09,0.03,0.02,,311.6,,,,,,,,,,,23.0,-32.8,16.9,-47.5,273.2,27.5,3.05
7:19:18 PM,42.4898242,-82.7945278,19.0,R2,Jib,Full,Port,Beat,8.2,300.2,314.4,-14.2,5.2,1.1,227.89,0.03,0.02,313.3,313.4,0.0,,,,,,,,,,22.5,-27.2,15.8,-40.5,281.6,28.9,2.31
7:19:19 PM,42.4898387,-82.7945713,18.8,R2,Jib,Full,Port,Beat,8.1,298.8,310.9,-12.1,6.0,1.7,223.83,0.03,0.02,311.0,309.5,1.5,3.27,15.41,10.00,0.00,48.09,19.20,64.82,0.00,,24.2,-28.6,17.5,-41.4,278.3,28.1,1.94
7:19:20 PM,42.4898596,-82.7946141,,R2,Jib,Full,Port,Beat,8.2,299.5,313.0,-13.5,5.2,0.6,219.38,0.03,0.01,308.2,309.7,-1.4,,,,,,,,,0.00,24.5,-25.7,17.8,-36.7,280.8,26.9,1.64
7:19:21 PM,42.4898749,-82.7946536,19.2,R2,Jib,Full,Port,Beat,7.6,299.4,,,,,215.09,0.03,0.01,312.6,309.6,2.9,,,,,,,,,,23.7,-27.3,17.2,-39.0,278.4,27.6,0.88
7:19:22 PM,42.4898897,-82.7946956,,R2,Jib,Full,Port,Beat,7.0,301.1,311.3,-10.2,5.3,2.2,211.39,0.03,0.01,310.9,308.1,2.8,,,,,,,,,,,,,,,26.6,0.16
7:19:23 PM,42.4899086,-82.7947355,19.1,R2,Jib,Full,Port,Beat,7.4,299.1,311.1,-12.0,7.2,1.5,207.17,0.03,0.01,312.4,310.0,2.4,3.27,15.41,10.00,0.00,48.09,19.20,65.60,0.00,,24.8,-27.8,18.7,-38.2,277.0,26.8,-0.14
7:19:24 PM,42.4899252,-82.7947758,,R2,Jib,Full,Port,Beat,7.9,300.0,313.0,-13.0,5.2,-0.1,,,,,309.2,,,,,,,,,,0.00,24.9,-28.0,18.8,-38.4,277.2,28.3,-1.10
7:19:25 PM,42.4899427,-82.7948151,19.0,R2,Jib,Full,Port,Beat,7.7,300.0,311.1,-11.1,7.7,0.1,,,,309.0,308.5,0.5,,,,,,,,,,24.3,-29.7,18.0,-41.8,274.2,27.6,-1.67
7:19:26 PM,42.4899598,-82.7948548,,R2,Jib,Full,Port,Beat,7.6,300.0,311.3,-11.3,6.2,1.8,,,,309.3,,,,,,,,,,,,24.4,-29.3,18.1,-41.3,274.2,27.6,-2.02
7:19:27 PM,42.4899774,-82.7949012,19.2,R2,Jib,Full,Port,Beat,,,311.5,,5.6,3.1,,,,310.7,309.4,1.3,3.27,15.41,10.00,0.00,48.09,19.20,65.33,0.00,,24.9,-26.4,18.3,-37.2,278.7,28.4,-2.74
7:19:28 PM,42.4899943,-82.7949436,,R2,Jib,Full,Port,Beat,8.8,300.0,310.4,-10.4,,,,,,310.2,309.4,0.9,,,,,,,,,0.00,24.5,-28.1,18.0,-39.8,276.0,28.7,-3.37
7:19:29 PM,42.4900147,-82.794988,19.2,R2,Jib,Full,Port,Beat,7.5,300.0,312.3,-12.3,7.0,2.6,,,,310.6,309.3,1.3,,,,,,,,,,24.1,-30.1,18.1,-42.1,272.7,26.7,-3.12
7:19:30 PM,42.4900315,-82.7950319,,R2,Jib,Full,Port,Beat,6.9,300.0,309.2,-9.2,7.3,-1.1,,,,309.8,308.7,1.1,,,,,,,,,,23.4,-28.1,17.2,-39.7,276.3,28.0,-3.97
7:19:31 PM,42.4900452,-82.7950731,19.5,R2,Jib,Full,Port,Beat,7.6,300.0,,,5.9,0.1,,,,306.1,304.8,1.3,3.27,15.41,10.00,0.00,48.09,19.20,65.52,0.00,,24.4,-26.9,17.9,-37.8,275.5,28.0,
7:19:32 PM,42.4900657,-82.7951152,,R2,Jib,Full,Port,Beat,7.0,300.0,305.6,-5.6,6.6,1.9,,,,,302.7,,,,,,,,,,0.00,23.5,-28.4,17.3,-40.1,269.3,27.4,-4.06
7:19:33 PM,42.4900815,-82.7951555,19.7,R2,Jib,Full,Port,Beat,7.0,300.0,304.3,-4.3,4.6,0.6,,,,305.1,302.5,2.6,,,,,,,,,,22.7,-25.7,16.7,-36.2,271.4,27.2,-4.60
7:19:34 PM,42.4900995,-82.7951962,,R2,Jib,Full,Port,Beat,7.0,300.0,304.0,-4.0,4.1,0.9,,,,305.5,300.8,4.7,,,,,,,,,,26.5,-18.7,20.3,-24.7,281.4,26.8,-5.29
7:19:35 PM,,,19.7,R2,Jib,Full,Port,Beat,6.4,300.0,303.4,-3.4,3.6,-1.2,,,,307.3,301.8,5.5,3.27,15.41,10.00,0.00,48.09,19.20,66.15,0.00,,24.3,-23.5,18.4,-31.8,273.6,26.8,-4.45
7:19:36 PM,42.4901137,-82.7952332,,R2,Jib,Full,Port,Beat,6.2,300.0,304.3,-4.3,,,,,,307.9,302.7,5.2,,,,,,,,,0.00,23.6,-26.7,18.0,-35.9,269.5,26.9,-4.49
7:19:37 PM,42.4901278,-82.7952667,19.5,R2,Jib,Full,Port,Beat,5.9,300.0,305.7,-5.6,5.0,0.4,,,,308.8,,,,,,,,,,,,23.6,-26.7,18.1,-35.8,270.8,27.5,
7:19:38 PM,42.4901425,-82.7953029,19.6,R2,Jib,Full,Port,Beat,6.4,300.7,308.8,-8.0,6.2,0.5,,,,,304.6,,,,,,,,,,,,,,,,27.6,-4.90
7:19:39 PM,42.4901589,-82.7953399,,R2,Jib,Full,Port,Beat,6.4,299.3,308.5,-9.2,4.8,-0.6,,,,311.7,306.9,4.9,3.27,15.41,10.00,0.00,48.09,19.20,65.21,0.00,,21.7,-25.6,15.8,-36.2,272.7,27.1,-5.32
7:19:40 PM,42.4901791,-82.7953768,19.6,R2,Jib,Full,Port,Beat,7.1,305.8,308.3,-2.5,6.9,0.3,,,,310.0,306.3,3.7,,,,,,,,,0.00,21.0,-27.7,15.4,-39.4,269.8,27.7,-5.76
7:19:41 PM,42.4901962,-82.7954175,,R2,Jib,Full,Port,Beat,7.2,305.9,305.3,0.6,4.5,1.3,,,,309.5,304.4,5.1,,,,,,,,,,21.6,-24.3,15.5,-35.1,273.7,27.3,-5.87
7:19:42 PM,42.4902103,-82.7954585,19.4,R2,Jib,Full,Port,Beat,7.1,305.9,,,4.2,0.0,,,,306.3,302.9,3.4,,,,,,,,,,22.1,-25.4,16.2,-35.9,271.0,,-5.87
7:19:43 PM,42.49022689,-82.79550168,,R2,Jib,Full,Port,Beat,6.6,305.9,305.6,0.2,3.2,1.0,,,,307.9,303.9,4.0,3.27,15.41,10.00,0.00,48.09,19.20,65.70,0.00,,22.5,-23.4,16.6,-32.7,273.5,27.0,-5.87
7:19:44 PM,42.49024266,-82.79553779,19.4,R2,Jib,Full,Port,Beat,6.6,296.6,307.2,-10.7,,,,,,309.3,306.0,3.3,,,,,,,,,0.00,22.9,-24.0,17.1,-33.0,276.8,26.8,-5.40
7:19:45 PM,42.49025992,-82.79557125,,R2,Jib,Full,Port,Beat,6.3,305.9,311.6,-5.7,5.5,1.6,,,,322.5,310.5,12.0,,,,,,,,,,22.0,-25.8,16.4,-35.8,274.9,26.8,-5.58
7:19:46 PM,42.49027722,-82.79560631,19.4,R2,Jib,Full,Port,Beat,7.0,303.8,313.0,-9.2,9.8,0.7,,,,319.7,312.0,7.8,,,,,,,,,,20.9,-30.6,15.4,-44.0,268.3,28.4,-6.43
7:19:47 PM,42.4902956,-82.79563797,,R2,Jib,Full,Port,Beat,7.1,310.4,313.4,-3.0,11.0,-1.3,,,,319.7,,,,,,,,,,,,24.3,-26.3,18.0,-36.7,276.4,28.3,
7:19:48 PM,42.49031168,-82.79567485,19.8,R2,Jib,Full,Port,Beat,7.9,310.4,312.2,-1.8,7.5,0.6,,,,317.7,311.3,6.5,3.27,15.41,10.00,0.01,48.09,19.20,65.97,0.00,0.00,22.7,-27.5,16.2,-40.1,273.9,27.9,-6.99
7:19:49 PM,42.49032992,-82.79571431,,R2,Jib,Full,Port,Beat,7.4,305.9,308.5,-2.6,9.7,2.5,,,,313.1,307.1,6.0,,,,,,,,,,22.9,-27.6,16.7,-39.5,273.8,27.2,-7.20
7:19:50 PM,42.490351,-82.7957601,19.8,R2,Jib,Full,Port,Beat,7.5,293.7,305.9,-12.2,,,,,,,305.3,,,,,,,,,,,24.0,-26.1,17.7,-36.6,276.5,27.8,-6.68
7:19:51 PM,42.4903678,-82.7958013,19.5,R2,Jib,Full,Port,Beat,7.1,295.9,304.5,-8.6,5.4,1.2,,,,309.8,302.3,7.5,,,,,,,,,,,,,,,26.8,-6.20
7:19:52 PM,42.4903818,-82.7958373,,R2,Jib,Full,Port,Beat,6.8,294.4,,,,,,,,,302.2,,,,,,,,,,,23.8,-24.1,17.7,-33.4,277.0,26.8,
7:19:53 PM,42.4903959,-82.7958747,19.2,R2,Jib,Full,Port,Beat,6.4,296.5,303.6,-7.1,,,,,,,300.1,,,,,,,,,,,23.4,-24.0,17.6,-32.7,275.6,26.8,-5.64
7:19:54 PM,42.4904108,-82.795911,,R2,Jib,Full,Port,Beat,6.4,296.6,301.8,-5.2,,,,,,,299.6,,,,,,,,,,,22.3,-23.6,16.6,-32.5,273.8,26.9,-5.56
7:19:55 PM,42.4904275,-82.795946,19.4,R2,Jib,Full,Port,Beat,6.5,292.4,302.4,-10.0,5.6,0.5,,,,307.8,299.0,8.8,3.27,15.41,10.00,0.00,48.09,19.20,66.21,0.00,0.00,22.6,-26.0,17.0,-35.7,269.1,27.4,-5.60
7:19:56 PM,42.4904418,-82.7959806,,R2,Jib,Full,Port,Beat,6.2,300.2,300.6,-0.4,,,,,,,297.5,,,,,,,,,,,22.6,-26.0,17.3,-35.0,268.4,26.4,
7:19:57 PM,42.4904551,-82.7960155,19.7,R2,Jib,Full,Port,Beat,5.9,294.7,299.0,-4.2,3.9,0.2,,,,304.7,297.1,7.5,,,,,,,,,,22.7,-25.4,17.3,-34.3,269.2,26.5,-5.57
7:19:58 PM,42.4904689,-82.7960525,,R2,Jib,Full,Port,Beat,5.9,289.5,299.0,-9.5,,,,,,,,,,,,,,,,,,22.7,-23.5,17.3,-31.4,271.5,26.5,-5.09
7:19:59 PM,42.4904806,-82.7960841,19.4,R2,Jib,Full,Port,Beat,5.1,291.2,295.1,-3.9,2.7,-0.4,,,,302.7,294.6,8.1,3.27,15.41,10.00,0.00,48.09,19.20,66.35,0.00,,23.1,-24.9,18.1,-32.6,267.8,24.8,
7:20:00 PM,42.4904907,-82.7961103,,R2,Jib,Full,Port,Beat,5.4,291.2,297.0,-5.8,5.2,1.0,,,,302.0,293.4,8.6,,,,,,,,,0.00,22.6,-23.5,17.8,-30.6,267.8,26.8,-4.42
7:20:01 PM,42.4905,-82.7961384,19.6,R2,Jib,Full,Port,Beat,5.0,,294.8,,3.7,-0.3,,,,304.1,293.4,10.8,,,,,,,,,,22.1,-26.6,17.5,-34.4,263.3,25.7,-5.05
7:20:02 PM,42.4905107,-82.7961588,,R2,Jib,Full,Port,Beat,5.4,,295.2,,5.5,-1.6,,,,303.7,292.7,10.9,,,,,,,,,,24.4,-23.5,19.8,-29.5,267.0,27.8,-4.53
7:20:03 PM,42.4905182,-82.7961806,19.4,R2,Jib,Full,Port,Beat,5.1,,,,4.1,1.6,,,,303.6,293.5,10.1,3.27,15.41,10.00,0.00,48.09,19.20,66.89,0.00,,22.0,-24.3,17.5,-31.1,265.6,25.3,-4.46
7:20:04 PM,42.4905272,-82.7962021,,R2,Jib,Full,Port,Beat,4.6,291.9,295.8,-3.9,4.0,0.4,,,,304.7,294.2,10.5,,,,,,,,,0.00,22.3,-24.2,18.0,-30.6,266.1,26.2,-4.33
7:20:05 PM,42.4905394,-82.7962308,19.3,R2,Jib,Full,Port,Beat,5.4,294.6,297.5,-2.9,4.1,0.6,,,,307.3,295.7,11.6,,,,,,,,,,22.1,-24.9,17.5,-32.1,265.5,26.6,-4.88
7:20:06 PM,42.4905491,-82.7962587,,R2,Jib,Full,Port,Beat,5.7,294.5,298.4,-4.0,,,,,,306.5,295.9,10.6,,,,,,,,,,21.0,-25.7,16.2,-34.1,264.4,26.4,-4.38
7:20:07 PM,42.4905589,-82.7962873,19.3,R2,Jib,Full,Port,Beat,5.4,296.4,298.7,-2.3,5.0,0.7,,,,307.4,296.5,10.9,3.27,15.41,10.00,0.00,48.09,19.20,65.83,0.00,,,,,,,,-4.99
7:20:08 PM,42.4905695,-82.7963181,,R2,Jib,Full,Port,Beat,5.3,295.3,297.7,-2.4,4.0,0.9,,,,,,,,,,,,,,,0.00,21.0,-24.2,16.2,-32.2,267.3,26.4,-5.17
7:20:09 PM,42.4905792,-82.7963463,19.3,R2,Jib,Full,Port,Beat,5.2,290.1,297.0,-6.9,3.5,-0.6,,,,305.2,294.6,10.6,,,,,,,,,,21.8,-24.9,17.1,-32.4,266.4,26.4,-4.93
7:20:10 PM,42.4905916,-82.7963723,,R2,Jib,Full,Port,Beat,5.3,290.0,298.1,-8.1,3.7,1.4,,,,304.9,294.6,10.3,,,,,,,,,,21.4,-25.6,16.8,-33.5,265.9,26.4,-4.77
7:20:11 PM,42.4906017,-82.7963996,19.4,R2,Jib,Full,Port,Beat,5.4,292.2,298.3,-6.0,4.5,1.0,,,,307.5,296.5,11.0,3.27,15.41,10.00,0.00,48.09,19.20,66.19,0.00,,22.9,-24.6,18.0,-32.0,268.2,26.8,-4.94
7:20:12 PM,42.4906098,-82.7964284,,R2,Jib,Full,Port,Beat,5.5,292.8,299.3,-6.5,4.5,-1.1,,,,305.8,296.3,9.5,,,,,,,,,0.00,21.5,-24.6,16.8,-32.2,265.9,24.8,
7:20:13 PM,42.4906128,-82.796461,19.2,R2,Jib,Full,Port,Shk-out,5.1,292.4,,,0.0,0.2,,,,305.4,297.1,8.3,,,,,,,,,,21.3,-7.2,,,,18.1,-4.68
7:20:14 PM,42.4906219,-82.7964866,,R2,Jib,Full,Port,Shk-out,5.3,294.9,299.2,-4.4,1.2,0.2,,,,303.7,298.2,5.4,,,,,,,,,,21.9,-26.3,,,,5.7,-4.75
7:20:15 PM,42.490631,-82.7965106,19.2,R2,Jib,Full,Port,Shk-out,5.1,298.1,303.3,-5.2,,,,,,307.7,301.0,6.7,3.27,15.41,10.00,0.00,48.09,19.20,65.51,0.00,,21.2,-30.1,,,,23.6,-4.46
7:20:16 PM,42.4906401,-82.7965379,,R2,Jib,Full,Port,Shk-out,5.2,299.7,303.2,-3.6,1.7,1.4,,,,309.2,301.7,7.6,,,,,,,,,0.00,21.3,-31.0,,,,22.8,-5.17
7:20:17 PM,42.4906482,-82.7965621,19.4,R2,Jib,Full,Port,Shk-out,4.4,299.8,303.7,-3.9,2.2,-0.6,,,,,300.5,,,,,,,,,,,20.7,-30.4,,,,23.2,-5.05
7:20:18 PM,42.4906573,-82.7965907,,R2,Jib,Full,Port,Shk-out,4.5,,302.8,,1.4,-0.5,,,,308.2,300.8,7.4,,,,,,,,,,20.9,-30.2,,,,22.0,-4.64
7:20:19 PM,42.4906694,-82.7966221,19.2,R2,Jib,Full,Port,Shk-out,4.4,,303.5,,2.9,-0.7,,,,307.1,,,3.27,15.41,10.00,0.00,48.09,19.20,65.99,0.00,,21.2,-28.7,,,,18.3,-4.14
7:20:20 PM,42.4906796,-82.7966469,,R2,Jib,Full,Port,Shk-out,4.1,,305.9,,1.5,-0.2,,,,309.1,302.4,6.7,,,,,,,,,0.00,,,,,,23.1,-4.56
7:20:21 PM,42.490691,-82.7966695,19.2,R2,Jib,Full,Port,Shk-out,4.1,,305.8,,3.1,1.9,,,,309.9,303.5,6.4,,,,,,,,,,21.6,-31.1,,,,22.8,-4.39
7:20:22 PM,42.4907035,-82.7966908,,R2,Jib,Full,Port,Shk-out,4.2,299.4,308.2,-8.8,3.5,-0.8,,,,312.3,305.0,7.3,,,,,,,,,,20.5,-34.1,,,,26.9,-4.53
7:20:23 PM,42.4907121,-82.7967106,19.1,R2,Jib,Full,Port,Shk-out,4.3,302.3,308.1,-5.8,2.0,-0.9,,,,313.0,306.8,6.2,3.27,15.41,10.00,0.00,48.09,19.20,65.98,0.00,,20.7,-36.4,,,,18.4,-4.52
7:20:24 PM,42.4907234,-82.796733,,R2,Jib,Full,Port,Shk-out,4.5,311.4,,,,,,,,310.3,304.7,5.6,,,,,,,,,0.00,22.1,-24.7,,,,19.6,-4.49
7:20:25 PM,42.4907329,-82.7967525,19.3,R2,Jib,Full,Port,Shk-out,4.5,298.1,308.6,-10.5,5.4,2.5,,,,312.7,307.0,5.7,,,,,,,,,,20.6,-36.5,,,,26.6,
7:20:26 PM,42.4907394,-82.7967748,,R2,Jib,Full,Port,Shk-out,4.5,303.8,308.7,-4.9,2.5,-0.8,,,,,305.0,,,,,,,,,,,20.5,-34.5,,,,24.6,-3.91
7:20:27 PM,42.4907497,-82.7967973,19.1,R2,Jib,Full,Port,Shk-out,4.4,306.0,306.3,-0.3,3.2,-0.1,,,,310.8,304.5,6.3,3.28,15.41,10.00,0.00,48.09,19.20,66.09,0.00,,20.7,-34.5,,,,24.6,-4.49
7:20:28 PM,42.4907581,-82.7968176,,R2,Jib,Full,Port,Shk-out,4.3,298.2,308.0,-9.8,4.8,1.6,,,,310.3,305.2,5.1,,,,,,,,,0.00,20.8,-34.1,,,,26.6,-4.43
7:20:29 PM,42.490769,-82.7968377,19.3,R2,Jib,Full,Port,Shk-out,4.5,303.9,306.7,-2.8,4.5,0.4,,,,312.1,,,,,,,,,,,,20.4,-35.1,,,,25.3,-4.19
7:20:30 PM,42.4907797,-82.7968529,,R2,Jib,Full,Port,Shk-out,4.4,296.7,308.0,-11.4,5.7,1.9,,,,310.9,305.2,5.7,,,,,,,,,,19.2,-34.4,,,,,-4.45
7:20:31 PM,42.4907904,-82.7968749,19.4,R2,Jib,Full,Port,Shk-out,4.7,298.4,304.4,-6.0,3.4,1.1,,,,307.8,304.3,3.5,,,,,,,,,,19.5,-29.6,,,,27.7,-4.24
7:20:32 PM,42.4907985,-82.7969019,19.1,R2,Jib,Full,Port,Shk-out,4.8,294.6,302.6,-7.9,3.5,0.6,,,,307.3,300.8,6.5,3.28,15.41,10.00,0.00,48.09,19.20,66.29,0.00,0.00,19.9,-30.7,,,,17.4,-4.57
7:20:33 PM,42.4908042,-82.7969273,,R2,Jib,Full,Port,Shk-out,4.3,290.5,299.6,-9.1,2.0,-0.6,,,,304.2,298.6,5.6,,,,,,,,,,20.1,-20.3,,,,25.8,-4.53
7:20:34 PM,42.4908107,-82.796951,19.2,R2,Jib,Full,Port,Shk-out,4.1,293.8,,,3.6,1.7,,,,302.9,298.1,4.8,,,,,,,,,,20.2,-30.8,,,,6.0,-3.99
7:20:35 PM,42.4908183,-82.7969739,,R2,Jib,Full,Port,Shk-out,4.1,292.7,301.4,-8.7,,,,,,,299.0,,3.28,15.41,10.00,0.00,48.09,19.20,66.55,0.00,,21.5,-28.0,,,,23.6,-3.83
7:20:36 PM,42.4908288,-82.7969978,19.2,R2,Jib,Full,Port,Shk-out,3.6,303.8,301.8,2.0,3.2,0.7,,,,304.7,300.3,4.5,,,,,,,,,0.00,20.7,-26.9,,,,25.5,
7:20:37 PM,42.4908364,-82.7970201,,R2,Jib,Full,Port,Shk-out,4.0,291.9,304.1,-12.2,3.8,-0.7,,,,306.4,302.9,3.5,,,,,,,,,,,,,,,29.2,-4.09
7:20:38 PM,42.4908487,-82.7970398,19.0,R2,Jib,Full,Port,Shk-out,3.8,305.0,305.2,-0.3,-0.2,1.3,,,,305.8,303.7,2.1,,,,,,,,,,20.3,-4.4,,,,-7.2,-2.95
7:20:39 PM,42.4908603,-82.7970567,,R2,Jib,Full,Port,Shk-out,3.9,305.6,308.6,-3.0,2.4,0.0,,,,309.1,309.7,-0.6,3.28,15.41,10.00,0.00,48.09,19.20,65.51,0.00,,21.8,-20.6,,,,31.6,-3.74
7:20:40 PM,42.4908722,-82.7970756,19.4,R2,Jib,Full,Port,Shk-out,4.0,307.7,312.5,-4.8,-0.4,0.0,,,,313.9,,,,,,,,,,,0.00,20.0,-15.5,,,,-7.6,-3.92
7:20:41 PM,42.4908859,-82.7970929,,R2,Jib,Full,Port,Shk-out,4.7,316.7,313.8,2.9,3.1,0.4,,,,313.7,310.2,3.5,,,,,,,,,,20.3,-29.8,,,,17.4,-3.95
7:20:42 PM,42.4908956,-82.7971102,19.4,R2,Jib,Full,Port,Shk-out,4.5,317.0,314.8,2.2,1.9,2.4,,,,316.5,312.4,4.1,,,,,,,,,,20.8,-44.9,,,,29.5,-4.68
7:20:43 PM,42.4909112,-82.7971294,,R2,Jib,Full,Port,Shk-out,,,315.5,,2.3,-1.5,,,,317.3,312.6,4.7,3.28,15.41,10.00,0.00,48.09,19.20,65.95,0.00,,19.9,-27.8,,,,7.5,-4.08
7:20:44 PM,42.4909253,-82.7971487,19.0,R2,Jib,Full,Port,Shk-out,4.4,314.0,317.2,-3.2,,,,,,,314.2,,,,,,,,,,0.00,19.5,-28.6,,,,6.3,-4.90
7:20:45 PM,42.4909398,-82.7971684,,R2,Jib,Full,Port,Shk-out,4.4,314.2,,,2.5,1.6,,,,315.7,317.4,-1.7,,,,,,,,,,20.7,-35.4,,,,15.7,-4.80
7:20:46 PM,42.490953,-82.7971898,18.9,R2,Jib,Full,Port,Shk-out,4.4,314.2,320.4,-6.2,2.3,1.0,,,,321.1,317.3,3.7,,,,,,,,,,19.3,-42.4,,,,15.8,-4.35
7:20:47 PM,42.4909675,-82.7972112,,R2,Jib,Full,Port,Shk-out,4.4,313.1,319.0,-5.8,3.6,-2.0,,,,318.7,317.0,1.7,3.28,15.41,10.00,0.00,48.09,19.20,65.86,0.00,,20.5,-41.0,,,,15.9,-4.53
7:20:48 PM,42.4909806,-82.7972332,19.0,R2,Jib,Full,Port,Shk-out,4.8,313.5,320.9,-7.3,4.6,2.1,,,,318.5,320.5,-2.0,,,,,,,,,0.00,19.4,-47.9,,,,27.9,-4.61
7:20:49 PM,42.4909952,-82.7972553,,R2,Jib,Full,Port,Shk-out,4.8,312.3,322.8,-10.5,2.6,0.1,,,,320.9,319.6,1.2,,,,,,,,,,18.2,-39.6,,,,21.1,-4.90
7:20:50 PM,42.4910103,-82.7972766,19.0,R2,Jib,Full,Port,Shk-out,5.0,315.2,323.0,-7.8,3.5,-1.4,,,,311.1,,,,,,,,,,,,20.9,-52.5,,,,36.5,-4.78
7:20:51 PM,,,,R2,Jib,Full,Port,Shk-out,5.4,311.3,323.6,-12.3,-1.8,2.3,,,,315.0,321.7,-6.8,3.28,15.41,10.00,0.00,48.09,19.20,63.37,0.00,,18.5,-18.9,,,,3.8,-5.54
7:20:52 PM,42.491028,-82.7973057,18.9,R2,Jib,Full,Port,Shk-out,5.4,310.8,320.6,-9.8,5.8,-0.4,,,,316.5,319.0,-2.5,,,,,,,,,0.00,21.9,-37.0,,,,28.1,-5.28
7:20:53 PM,42.4910436,-82.7973274,,R2,Jib,Full,Port,Shk-out,5.0,307.9,321.8,-13.9,,,,,,,319.0,,,,,,,,,,,,,,,,,-5.24
7:20:54 PM,42.4910592,-82.797352,19.2,R2,Jib,Full,Port,Shk-out,5.2,304.2,320.9,-16.7,0.3,0.9,,,,317.6,319.0,-1.4,,,,,,,,,,19.1,-38.4,,,,17.9,-5.77
7:20:55 PM,42.4910738,-82.7973801,19.0,R2,Jib,Full,Port,Shk-out,5.5,,,,3.2,2.2,,,,316.3,319.0,-2.7,3.28,15.41,10.00,0.00,48.09,19.20,65.17,0.00,,22.1,-39.8,,,,21.2,-4.98
7:20:56 PM,42.4910877,-82.7974058,,R2,Jib,Full,Port,Shk-out,4.7,,322.0,,2.9,-0.8,,,,317.8,319.4,-1.5,,,,,,,,,0.00,20.9,-47.7,,,,32.8,-4.46
7:20:57 PM,42.4911022,-82.7974333,19.1,R2,Jib,Full,Port,Shk-out,4.3,,321.5,,0.1,-0.1,,,,317.3,317.8,-0.5,,,,,,,,,,19.4,-39.0,,,,20.4,-5.47
7:20:58 PM,42.4911136,-82.7974586,,R2,Jib,Full,Port,Shk-out,4.8,,319.2,,6.3,1.8,,,,314.4,318.2,-3.8,,,,,,,,,,21.9,-35.0,,,,19.5,-4.14
7:20:59 PM,42.4911252,-82.7974756,19.2,R2,Jib,Full,Port,Shk-out,4.1,,322.2,,1.9,-1.6,,,,316.5,319.8,-3.3,3.28,15.41,10.00,0.00,48.09,19.20,65.74,0.00,,18.5,-49.8,,,,36.5,-4.16
7:21:00 PM,42.49114146,-82.79749818,,R2,Jib,Full,Port,Shk-out,4.7,,321.1,,3.7,-0.1,,,,315.5,318.5,-3.0,,,,,,,,,0.00,20.5,-39.6,,,,26.3,
7:21:01 PM,42.49115252,-82.79752047,19.1,R2,Jib,Full,Port,Shk-out,4.9,,322.0,,4.3,0.3,,,,315.5,,,,,,,,,,,,20.0,-43.3,,,,30.1,-5.14
7:21:02 PM,42.49117008,-82.79754595,,R2,Jib,Full,Port,Shk-out,5.2,,324.6,,,,,,,321.0,322.1,-1.1,,,,,,,,,,18.6,-38.0,,,,31.8,-4.79
7:21:03 PM,42.49118527,-82.79757357,19.2,R2,Jib,Full,Port,Shk-out,5.0,,321.2,,2.8,1.2,,,,313.7,320.2,-6.5,,,,,,,,,,20.6,-20.9,,,,1.0,-5.14
7:21:04 PM,42.49120504,-82.79759523,,R2,Jib,Full,Port,Shk-out,4.6,306.3,322.8,-16.5,5.3,0.3,,,,,319.5,,3.28,15.41,10.00,0.00,48.09,19.20,65.32,0.00,0.00,20.5,-35.0,,,,18.2,-4.69
7:21:05 PM,42.49121913,-82.79762005,19.1,R2,Jib,Full,Port,Shk-out,5.1,304.8,321.4,-16.6,1.8,1.7,,,,316.7,320.1,-3.4,,,,,,,,,,19.8,-36.2,,,,20.5,-4.92
7:21:06 PM,42.491232,-82.79764516,,R2,Jib,Full,Port,Shk-out,4.9,304.6,,,3.1,-1.0,,,,315.1,317.9,-2.9,,,,,,,,,,20.8,-35.4,,,,12.3,-5.47
7:21:07 PM,42.4912489,-82.7976708,19.0,R2,Jib,Full,Port,Shk-out,5.3,305.2,319.9,-14.7,4.6,0.6,,,,314.0,318.4,-4.4,3.28,15.41,10.00,0.00,48.09,19.20,64.81,0.00,,,,,,,23.7,-5.09
7:21:08 PM,42.4912649,-82.797696,,R2,Jib,Full,Port,Shk-out,5.4,309.1,321.1,-12.0,4.5,1.6,,,,315.8,319.5,-3.7,,,,,,,,,0.00,20.8,-41.9,,,,27.6,-5.60
7:21:09 PM,42.4912804,-82.7977227,19.3,R2,Jib,Full,Port,Shk-out,5.8,305.2,321.1,-16.0,4.3,0.3,,,,315.5,317.2,-1.7,,,,,,,,,,20.1,-44.1,,,,27.5,-5.71
7:21:10 PM,42.4912964,-82.7977538,,R2,Jib,Full,Port,Shk-out,6.0,304.5,318.9,-14.4,,,,,,,316.4,,,,,,,,,,,20.7,-41.9,,,,27.5,
7:21:11 PM,42.4913154,-82.7977838,19.2,R2,Jib,Full,Port,Shk-out,6.4,308.1,319.4,-11.3,6.0,0.5,,,,313.9,,,3.28,15.41,10.00,0.01,48.09,19.20,64.68,0.00,,20.9,-40.1,,,,28.4,-6.07
7:21:12 PM,42.4913329,-82.7978172,,R2,Jib,Full,Port,Shk-out,6.9,300.1,313.4,-13.2,5.3,2.0,,,,311.5,314.8,-3.3,,,,,,,,,0.00,20.4,-37.7,,,,26.4,-6.55
7:21:13 PM,42.4913464,-82.7978517,19.2,R2,Jib,Full,Port,Shk-out,6.5,298.6,311.3,-12.6,6.1,0.6,,,,307.9,309.4,-1.5,,,,,,,,,,21.3,-35.5,,,,27.7,-6.32
7:21:14 PM,42.4913567,-82.797892,,R2,Jib,Full,Port,Shk-out,6.3,296.6,309.5,-12.8,4.5,1.1,,,,307.3,308.0,-0.7,,,,,,,,,,21.8,-32.2,,,,26.5,-6.44
7:21:15 PM,42.4913687,-82.7979266,19.2,R2,Jib,Full,Port,Shk-out,6.0,297.0,309.8,-12.8,4.3,0.0,,,,307.5,307.4,0.1,3.28,15.41,10.00,0.00,48.09,19.20,65.29,0.00,,22.8,-30.6,,,,26.5,-5.25
7:21:16 PM,42.4913794,-82.7979599,,R2,Jib,Full,Port,Shk-out,6.6,296.0,,,4.7,0.5,,,,307.2,306.9,0.3,,,,,,,,,0.00,22.6,-27.7,,,,,-5.78
7:21:17 PM,42.4913934,-82.7979936,19.0,R2,Jib,Full,Port,Shk-out,5.9,296.6,308.5,-11.8,,,,,,,305.2,,,,,,,,,,,21.3,-29.0,,,,26.5,-5.71
7:21:18 PM,42.4914058,-82.7980267,,R2,Jib,Full,Port,Shk-out,5.6,295.3,306.2,-10.9,4.7,0.0,,,,307.0,301.5,5.5,,,,,,,,,,21.6,-25.2,,,,26.4,-5.65
7:21:19 PM,42.4914156,-82.7980596,19.0,R2,Jib,Full,Port,Shk-out,4.5,293.7,301.5,-7.7,2.3,1.3,,,,303.5,298.0,5.5,3.28,15.41,10.00,0.00,48.09,19.20,66.55,0.00,,22.7,-15.5,,,,17.8,-4.96
7:21:20 PM,42.4914253,-82.7980899,,R2,Jib,Full,Port,Shk-out,4.8,293.8,300.6,-6.9,2.4,-0.5,,,,302.7,299.0,3.6,,,,,,,,,0.00,22.8,-14.4,,,,10.0,-5.35
7:21:21 PM,42.4914363,-82.7981196,19.0,R2,Jib,Full,Port,Shk-out,4.8,293.8,301.7,-8.0,2.2,-0.4,,,,303.9,299.9,4.0,,,,,,,,,,22.8,-19.2,,,,9.3,-4.53
7:21:22 PM,42.4914461,-82.7981448,,R2,Jib,Full,Port,Shk-out,5.0,296.2,302.5,-6.3,2.7,0.4,,,,304.7,,,,,,,,,,,,19.9,-24.0,,,,13.5,-4.26
7:21:23 PM,42.4914562,-82.7981703,19.0,R2,Jib,Full,Port,Shk-out,4.9,296.1,302.6,-6.5,3.3,-0.1,,,,306.2,300.2,6.0,3.28,15.41,10.00,0.00,48.09,19.20,65.48,0.00,,19.7,-24.4,,,,14.9,-4.29
7:21:24 PM,42.4914655,-82.7981916,,R2,Jib,Full,Port,Shk-out,4.7,295.0,303.1,-8.1,2.6,0.0,,,,306.8,300.2,6.5,,,,,,,,,0.00,19.6,-26.7,,,,15.0,-4.01
7:21:25 PM,42.4914759,-82.7982208,19.0,R2,Jib,Full,Port,Shk-out,5.0,295.3,300.1,-4.8,2.2,1.1,,,,305.2,300.4,4.7,,,,,,,,,,,,,,,15.6,-4.32
7:21:26 PM,42.4914859,-82.7982451,,R2,Jib,Full,Port,Shk-out,4.2,295.7,299.2,-3.5,3.5,1.8,,,,302.7,296.5,6.2,,,,,,,,,,20.0,-22.1,,,,11.5,
7:21:27 PM,42.4914935,-82.7982681,19.2,R2,Jib,Full,Port,Shk-out,4.0,295.7,,,,,,,,,297.4,,,,,,,,,,,19.4,-35.0,,,,25.7,-4.53
7:21:28 PM,42.4914997,-82.7982898,,R2,Jib,Full,Port,Shk-out,3.8,299.1,298.8,0.3,0.6,0.3,,,,304.3,295.4,8.9,3.28,15.41,10.00,0.00,48.09,19.20,66.18,0.00,0.00,19.9,-14.5,,,,2.2,-3.95
7:21:29 PM,42.4915109,-82.7983169,19.1,R2,Jib,Full,Port,Shk-out,2.9,296.3,298.5,-2.2,2.5,-1.4,,,,304.6,297.8,6.8,,,,,,,,,,20.2,-25.6,,,,26.5,-3.80
7:21:30 PM,42.4915177,-82.7983365,,R2,Jib,Full,Port,Shk-out,3.6,303.2,300.3,2.9,1.2,2.8,,,,302.4,298.7,3.7,,,,,,,,,,19.2,-21.1,,,,10.3,-3.62
7:21:31 PM,42.4915266,-82.7983544,19.3,R2,Jib,Full,Port,Shk-out,3.7,301.5,303.7,-2.3,5.5,-1.2,,,,315.2,301.9,13.3,3.28,15.41,10.00,0.00,48.09,19.20,66.77,0.00,,19.7,-25.2,,,,16.2,-3.50
7:21:32 PM,42.4915382,-82.7983721,,R2,Jib,Full,Port,Shk-out,3.3,305.2,304.0,1.3,-1.3,0.5,,,,300.6,,,,,,,,,,,0.00,17.1,-19.5,,,,8.7,-3.04
7:21:33 PM,42.4915498,-82.7983862,19.1,R2,Jib,Full,Port,Shk-out,3.4,304.2,309.0,-4.8,,,,,,,303.5,,,,,,,,,,,21.1,-41.3,18.8,-47.8,257.6,27.9,-3.15
7:21:34 PM,42.4915598,-82.7984006,,R2,Jib,Full,Port,Beat,4.3,311.1,318.6,-7.5,1.6,1.5,,,,312.8,311.4,1.4,,,,,,,,,,18.5,-38.8,15.9,-46.6,262.8,27.9,-3.20
7:21:35 PM,42.4915723,-82.7984176,19.0,R2,Jib,Full,Port,Beat,5.2,321.5,321.9,-0.5,2.2,-0.2,,,,318.7,318.3,0.4,3.28,15.41,10.00,0.01,48.09,19.20,63.34,0.00,,19.3,-42.6,16.2,-53.8,261.6,27.9,-3.56
7:21:36 PM,42.4915899,-82.7984367,,R2,Jib,Full,Port,Beat,5.8,317.7,324.6,-7.0,5.7,1.5,,,,321.0,321.2,-0.2,,,,,,,,,0.00,18.9,-43.9,15.4,-58.4,262.0,28.5,-4.65
7:21:37 PM,42.491611,-82.7984638,19.4,R2,Jib,Full,Port,Beat,6.7,315.7,324.6,-8.9,5.2,3.2,,,,324.1,322.1,2.0,,,,,,,,,,18.8,-41.0,14.6,-57.7,266.4,28.6,-5.75
7:21:38 PM,42.4916301,-82.7984934,,R2,Jib,Full,Port,Beat,6.5,311.1,,,4.2,1.8,,,,324.4,319.1,5.3,,,,,,,,,,,,,,,28.1,-6.26
7:21:39 PM,42.4916492,-82.7985235,19.2,R2,Jib,Full,Port,Beat,6.3,313.3,318.8,-5.5,8.0,2.8,,,,318.0,315.8,2.2,3.28,15.41,10.00,0.00,48.09,19.20,65.28,0.00,,22.1,-41.9,17.8,-56.2,268.7,28.3,-6.89
7:21:40 PM,42.4916674,-82.7985538,,R2,Jib,Full,Port,Beat,6.4,302.0,317.4,-15.4,3.3,2.1,,,,317.0,314.4,2.5,,,,,,,,,0.00,22.8,-38.7,18.3,-51.0,270.4,,-6.46
7:21:41 PM,42.4916841,-82.7985877,19.2,R2,Jib,Full,Port,Beat,6.4,304.4,315.3,-10.9,,,,,,,312.2,,,,,,,,,,,20.4,-34.3,15.6,-47.6,275.4,26.2,-6.27
7:21:42 PM,42.4916996,-82.7986186,,R2,Jib,Full,Port,Beat,6.0,304.3,314.9,-10.5,4.3,0.5,,,,314.0,313.5,0.5,,,,,,,,,,22.4,-31.6,17.3,-42.7,277.1,21.1,-6.04
7:21:43 PM,42.4917145,-82.7986507,19.1,R2,Jib,Full,Port,Beat,6.4,304.3,315.7,-11.4,2.8,-1.1,,,,314.2,,,3.28,15.41,10.00,0.00,48.09,19.20,65.51,0.00,,22.5,-32.3,17.6,-43.0,276.1,22.9,-6.37
7:21:44 PM,42.4917313,-82.7986886,,R2,Jib,Full,Port,Beat,,,312.7,,2.5,0.5,,,,310.9,312.1,-1.2,,,,,,,,,0.00,21.6,-32.1,16.6,-43.7,275.1,20.6,-6.27
7:21:45 PM,42.4917471,-82.7987174,19.2,R2,Jib,Full,Port,Beat,6.1,304.3,313.4,-9.0,3.6,0.9,,,,311.4,309.9,1.5,,,,,,,,,,21.9,-32.9,17.2,-43.9,272.6,20.6,-6.10
7:21:46 PM,42.4917648,-82.798748,19.2,R2,Jib,Full,Port,Beat,6.0,298.9,311.5,-12.7,2.0,1.4,,,,309.5,310.8,-1.3,,,,,,,,,,21.5,-34.0,16.9,-45.4,272.1,23.5,
7:21:47 PM,42.4917802,-82.7987778,,R2,Jib,Full,Port,Beat,5.9,302.6,309.9,-7.4,3.2,-1.5,,,,,309.0,,3.28,15.41,10.00,0.00,48.09,19.20,66.02,0.00,,22.6,-36.4,18.2,-47.4,267.9,26.5,-6.03
7:21:48 PM,42.4917959,-82.798804,19.1,R2,Jib,Full,Port,Beat,5.6,303.2,,,6.2,1.7,,,,307.9,307.9,-0.1,,,,,,,,,0.00,21.4,-34.4,17.0,-45.2,266.9,20.7,-5.60
7:21:49 PM,42.4918088,-82.7988334,19.6,R2,Jib,Full,Port,Beat,5.8,306.2,311.4,-5.2,3.0,-0.4,,,,310.6,307.9,2.8,,,,,,,,,,20.0,-32.8,15.6,-44.2,269.8,28.2,-5.81
7:21:50 PM,42.4918212,-82.798866,,R2,Jib,Full,Port,Beat,6.2,297.9,307.9,-10.1,7.2,0.1,,,,307.2,303.7,3.5,,,,,,,,,,21.3,-36.3,16.9,-48.4,263.0,26.6,-5.77
7:21:51 PM,42.4918338,-82.7988992,19.2,R2,Jib,Full,Port,Beat,5.9,298.9,305.5,-6.7,,,,,,303.4,302.9,0.5,,,,,,,,,,21.7,-32.6,17.0,-43.4,266.1,26.6,-5.89
7:21:52 PM,42.4918458,-82.7989411,,R2,Jib,Full,Port,Beat,6.5,293.6,303.8,-10.2,6.9,-1.8,,,,302.6,301.1,1.5,3.28,15.41,10.00,0.00,48.09,19.20,66.04,0.00,0.00,21.2,-31.9,16.1,-44.0,264.3,27.4,-5.63
7:21:53 PM,42.491857,-82.7989755,19.4,R2,Jib,Full,Port,Beat,6.1,295.5,303.1,-7.7,6.4,-0.3,,,,303.1,,,,,,,,,,,,,,,,,27.4,-6.51
7:21:54 PM,42.4918672,-82.7990145,,R2,Jib,Full,Port,Beat,6.9,292.0,301.5,-9.5,5.4,0.3,,,,299.7,300.7,-1.1,,,,,,,,,,22.0,-28.5,16.6,-39.3,268.6,27.5,-5.95
7:21:55 PM,42.4918767,-82.7990534,19.4,R2,Jib,Full,Port,Beat,7.0,296.7,301.8,-5.1,6.4,0.6,,,,301.6,298.6,2.9,3.28,15.41,10.00,0.00,48.09,19.20,65.61,0.00,,21.9,-28.8,16.1,-41.0,264.8,27.9,-6.87
7:21:56 PM,42.4918844,-82.7990949,,R2,Jib,Full,Port,Beat,6.7,287.3,299.9,-12.6,3.3,0.7,,,,,298.8,,,,,,,,,,0.00,22.8,-25.8,17.2,-35.3,271.3,26.8,-6.07
7:21:57 PM,42.4918941,-82.799134,19.4,R2,Jib,Full,Port,Beat,6.6,291.6,300.5,-8.9,4.1,0.5,,,,296.9,297.2,-0.3,,,,,,,,,,23.3,-26.7,17.6,-36.4,267.5,27.5,-6.35
7:21:58 PM,42.4919026,-82.799174,19.5,R2,Jib,Full,Port,Beat,6.6,290.4,298.0,-7.6,6.2,3.6,,,,299.2,296.2,3.0,,,,,,,,,,26.0,-25.0,20.3,-32.8,270.4,27.1,-6.33
7:21:59 PM,42.4919099,-82.7992081,19.5,R2,Jib,Full,Port,Beat,6.3,290.8,,,5.8,-1.3,,,,299.8,295.2,4.7,3.28,15.41,10.00,0.00,48.09,19.20,67.13,0.00,,22.3,-28.4,16.9,-39.1,263.2,28.3,-6.68
7:22:00 PM,42.4919172,-82.7992463,,R2,Jib,Full,Port,Beat,6.4,289.8,295.5,-5.6,,,,,,298.3,292.7,5.6,,,,,,,,,0.00,24.0,-24.4,18.4,-32.5,267.2,26.3,-5.43
7:22:01 PM,42.4919231,-82.7992758,19.3,R2,Jib,Full,Port,Beat,5.4,288.4,294.0,-5.6,6.0,0.2,,,,298.8,292.1,6.7,,,,,,,,,,24.3,-23.2,19.1,-30.0,268.0,26.6,-5.84
7:22:02 PM,42.4919326,-82.7993075,,R2,Jib,Full,Port,Beat,6.1,288.4,295.1,-6.7,3.9,-1.1,,,,,295.1,,,,,,,,,,,23.4,-22.8,18.1,-30.1,267.0,,-5.13
7:22:03 PM,42.4919396,-82.7993371,19.2,R2,Jib,Full,Port,Beat,4.9,,299.3,,4.6,-0.3,,,,301.0,296.4,4.5,3.28,15.41,10.00,0.00,48.09,19.20,66.13,0.00,,23.1,-22.8,18.2,-29.4,269.9,26.5,-5.62
7:22:04 PM,42.4919526,-82.7993679,,R2,Jib,Full,Port,Beat,6.5,,299.2,,7.3,2.6,,,,300.8,,,,,,,,,,,0.00,21.5,-27.5,16.4,-37.4,263.4,27.2,-5.26
7:22:05 PM,42.491962,-82.7994022,19.9,R2,Jib,Full,Port,Beat,5.1,,296.9,,6.8,-1.1,,,,300.6,297.0,3.6,,,,,,,,,,22.8,-23.2,18.0,-30.0,271.3,28.2,-4.93
7:22:06 PM,42.4919698,-82.7994367,19.2,R2,Jib,Full,Port,Beat,4.8,,293.5,,5.1,1.8,,,,297.1,293.0,4.1,,,,,,,,,,23.8,-24.4,18.7,-31.7,267.4,27.5,-5.43
7:22:07 PM,42.491977,-82.7994751,,R2,Jib,Full,Port,Beat,6.0,,292.3,,2.2,-1.1,,,,296.8,290.2,6.6,3.28,15.41,10.00,0.00,48.09,19.20,66.46,0.00,,24.6,-21.5,19.5,-27.5,268.4,27.0,-5.35
7:22:08 PM,,,19.0,R2,Jib,Full,Port,Beat,5.3,,293.2,,2.2,1.4,,,,,290.1,,,,,,,,,,0.00,23.1,-23.1,18.4,-29.6,265.1,26.9,-5.16
7:22:09 PM,42.4919844,-82.7995063,,R2,Jib,Full,Port,Beat,5.2,,,,2.2,0.0,,,,297.7,291.3,6.5,,,,,,,,,,23.0,-23.0,18.5,-29.2,265.3,26.4,-5.17
7:22:10 PM,42.4919908,-82.7995355,19.0,R2,Jib,Full,Port,Beat,5.1,,295.1,,3.8,-0.4,,,,299.5,293.7,5.8,,,,,,,,,,22.7,-26.1,18.3,-33.0,263.0,26.5,-4.69
7:22:11 PM,42.4919997,-82.7995679,,R2,Jib,Full,Port,Beat,5.2,,296.0,,,,,,,300.7,295.1,5.6,3.28,15.41,10.00,0.01,48.09,19.20,66.34,0.00,,21.6,-28.3,17.1,-36.6,261.1,26.8,-4.38
7:22:12 PM,42.4920102,-82.799597,19.3,R2,Jib,Full,Port,Beat,5.9,,298.0,,4.6,-0.5,,,,302.6,295.6,7.1,,,,,,,,,0.00,20.2,-29.0,15.5,-39.2,260.4,28.0,-4.90
7:22:13 PM,42.4920218,-82.7996362,,R2,Jib,Full,Port,Beat,5.6,,295.9,,4.7,0.2,,,,300.4,290.0,10.5,,,,,,,,,,20.7,-27.4,15.9,-36.8,261.8,27.5,-5.35
7:22:14 PM,42.4920325,-82.7996717,19.1,R2,Jib,Full,Port,Beat,5.1,284.4,286.4,-2.0,3.8,-0.1,,,,291.3,,,,,,,,,,,,20.7,-24.3,16.3,-31.5,261.6,27.0,
7:22:15 PM,42.4920381,-82.7997047,,R2,Jib,Full,Port,Beat,4.1,275.3,270.6,4.7,2.6,0.3,,,,279.5,276.3,3.2,3.28,15.41,10.00,0.00,48.09,19.20,68.77,0.00,,,,,,,,-4.37
7:22:16 PM,42.49203949,-82.79972907,18.8,Full,Jib,Full,Tack,Tack,2.8,262.3,258.3,4.0,1.6,-1.5,,,,268.0,262.4,5.6,,,,,,,,,0.00,22.4,-5.0,18.6,-6.1,275.8,28.0,-2.99
7:22:17 PM,42.49203871,-82.79974823,,Full,Jib,Full,Tack,Tack,3.0,252.6,247.2,5.4,1.5,-1.3,,,,256.4,250.1,6.4,,,,,,,,,,20.8,-26.1,18.1,-30.4,238.3,21.8,-1.96
7:22:18 PM,42.49204033,-82.79976604,19.0,Full,Jib,Full,Tack,Tack,2.6,246.3,238.8,7.5,,,,,,,240.2,,,,,,,,,,,21.3,-18.4,19.1,-20.6,235.8,21.3,-1.26
7:22:19 PM,42.49203989,-82.79977327,,Full,Jib,Full,Tack,Tack,1.3,233.5,230.6,2.9,-0.6,0.0,,,,249.8,232.6,17.2,3.28,15.41,10.00,0.00,48.09,19.20,70.50,0.00,,19.9,-5.3,17.9,-5.9,241.0,-24.5,-0.65
7:22:20 PM,42.49203765,-82.79977687,19.2,Full,Jib,Full,Tack,Tack,1.1,221.6,,,0.9,-1.8,,,,242.8,224.5,18.3,,,,,,,,,0.00,19.8,33.4,18.9,35.4,272.6,-25.1,-0.24
7:22:21 PM,42.49203116,-82.79978215,19.2,Full,Jib,Full,Tack,Tack,2.2,210.4,224.1,-13.7,-2.5,2.0,,,,236.6,217.2,19.4,,,,,,,,,,18.7,38.0,17.5,41.2,273.8,-25.3,
7:22:22 PM,42.49202192,-82.7997846,,Full,Jib,Full,Star,Beat,2.1,186.6,215.8,-29.2,-5.5,-5.2,,,,229.7,213.8,15.8,,,,,,,,,,18.8,30.0,17.2,33.0,258.6,-25.7,0.18
7:22:23 PM,42.4920108,-82.7997887,19.2,Full,Jib,Full,Star,Beat,3.0,187.6,215.9,-28.3,-6.1,1.9,,,,230.7,210.7,20.0,3.28,15.41,10.00,0.00,48.09,19.20,73.30,0.00,,17.3,33.3,15.1,39.0,261.8,,1.06
7:22:24 PM,42.4919966,-82.7997934,19.4,Full,Jib,Full,Star,Beat,2.4,183.2,211.2,-28.0,-8.0,-4.9,,,,231.1,211.6,19.5,,,,,,,,,0.00,17.3,29.2,14.9,34.4,252.8,-26.0,1.39
7:22:25 PM,42.4919844,-82.7997999,,Full,Jib,Full,Star,Beat,3.5,195.9,214.6,-18.7,-8.1,2.9,,,,,,,,,,,,,,,,17.1,33.8,14.3,42.0,260.0,-26.4,1.68
7:22:26 PM,42.491964,-82.7998084,19.4,Full,Jib,Full,Star,Beat,3.3,193.0,212.8,-19.8,-11.0,-3.4,,,,231.8,209.7,22.2,,,,,,,,,,20.0,31.8,16.8,38.9,255.4,-26.5,1.34
7:22:27 PM,42.4919451,-82.7998204,,Full,Jib,Full,Star,Beat,5.0,199.2,213.9,-14.7,,,,,,237.8,211.8,26.0,3.28,15.41,10.00,0.00,48.09,19.20,73.14,0.00,,18.6,30.7,14.7,40.3,257.4,-26.6,1.67
7:22:28 PM,42.4919237,-82.7998357,19.4,Full,Jib,Full,Star,Beat,5.3,209.1,214.9,-5.8,-9.1,0.9,,,,238.1,212.2,26.0,,,,,,,,,0.00,19.9,27.8,15.4,37.1,252.8,-26.8,0.59
7:22:29 PM,42.4919008,-82.7998544,19.4,Full,Jib,Full,Star,Beat,6.2,214.4,218.6,-4.2,-7.4,2.1,,,,243.5,214.8,28.7,,,,,,,,,,18.9,27.2,13.8,38.9,255.1,-26.8,0.53
7:22:30 PM,42.4918748,-82.7998825,,Full,Jib,Full,Star,Beat,6.3,217.6,,,-7.0,1.6,,,,244.6,217.2,27.4,,,,,,,,,,21.4,25.0,15.9,34.7,252.7,-26.5,-0.59
7:22:31 PM,42.4918519,-82.7999098,19.2,Full,Jib,Full,Star,Beat,6.3,220.7,220.7,0.0,-7.1,2.1,,,,245.7,220.3,25.4,3.28,15.41,10.00,0.00,48.09,19.20,73.56,0.00,,21.4,23.6,15.8,32.7,252.3,-26.5,-0.67
7:22:32 PM,42.491831,-82.7999352,,Full,Jib,Full,Star,Beat,6.2,226.0,223.9,2.1,-3.9,0.3,,,,248.9,225.3,23.5,,,,,,,,,0.00,21.3,18.9,15.6,26.3,248.1,-26.1,
7:22:33 PM,42.4918109,-82.7999672,19.0,Full,Jib,Full,Star,Beat,5.5,231.5,229.7,1.7,-3.3,0.3,,,,251.8,228.8,23.0,,,,,,,,,,22.7,17.6,17.4,23.3,249.0,-25.2,-1.48
7:22:34 PM,42.4917945,-82.799996,,Full,Jib,Full,Star,Beat,5.2,233.3,230.3,3.0,-3.0,1.0,,,,249.9,225.2,24.7,,,,,,,,,,21.9,16.9,16.9,22.1,249.3,-25.2,-1.84
7:22:35 PM,42.4917785,-82.8000216,19.1,Full,Jib,Full,Star,Beat,4.9,229.3,225.2,4.0,-2.2,-0.8,,,,242.8,,,3.28,13.69,10.00,0.00,48.09,17.29,74.79,0.00,,,,,,,-25.2,-1.94
7:22:36 PM,42.4917615,-82.8000425,19.0,Full,Jib,Full,Star,Beat,4.7,218.7,217.2,1.4,,,,,,,218.1,,,,,,,,,,0.00,22.5,14.8,17.8,18.9,243.7,-25.5,-1.50
7:22:37 PM,42.4917427,-82.8000611,19.0,Full,Jib,Full,Star,Beat,5.1,212.3,210.7,1.6,-3.2,0.3,,,,238.5,211.1,27.4,,,,,,,,,,21.8,15.9,17.1,20.4,240.6,-25.7,-0.63
7:22:38 PM,42.4917196,-82.8000801,,Full,Jib,Full,Star,Beat,6.0,209.5,207.8,1.7,-6.4,1.1,,,,237.2,206.2,31.0,,,,,,,,,,20.0,18.9,15.1,25.4,240.3,-26.2,-0.14
7:22:39 PM,42.4916961,-82.8000993,19.2,Full,Jib,Full,Star,Beat,6.6,209.0,206.9,2.1,-8.1,1.2,,,,237.8,205.4,32.4,3.28,13.69,10.00,0.00,48.09,17.29,76.51,0.00,,20.2,19.7,14.7,27.7,238.6,-26.3,0.12
7:22:40 PM,42.4916687,-82.8001197,,Full,Jib,Full,Star,Beat,6.9,208.9,209.9,-1.0,-9.1,0.3,,,,236.9,205.9,31.0,,,,,,,,,0.00,21.9,18.9,15.7,26.9,235.9,-26.4,0.07
7:22:41 PM,42.4916396,-82.8001452,19.3,Full,Jib,Full,Star,Beat,8.0,208.7,,,-8.2,1.1,,,,238.5,207.9,30.6,,,,,,,,,,23.6,18.1,16.7,26.0,235.9,-26.5,0.09
7:22:42 PM,42.4916092,-82.8001729,,Full,Jib,Full,Star,Beat,7.3,209.5,211.3,-1.8,-9.6,2.7,,,,239.6,208.9,30.7,,,,,,,,,,23.7,19.5,16.4,28.9,239.9,-26.5,0.05
7:22:43 PM,42.4915795,-82.8001998,19.4,Full,Jib,Full,Star,Beat,8.2,212.2,211.3,0.9,-9.1,-1.3,,,,239.0,211.7,27.2,3.28,13.69,10.00,0.00,48.09,17.29,75.64,0.00,,26.1,17.0,18.8,24.0,234.9,-26.6,-0.02
7:22:44 PM,42.4915492,-82.8002294,19.2,Full,Jib,Full,Star,Beat,7.7,212.1,213.5,-1.3,-9.5,0.0,,,,238.7,210.8,27.9,,,,,,,,,0.00,25.8,18.3,18.5,26.0,238.5,-26.4,-0.57
7:22:45 PM,42.4915165,-82.8002628,,Full,Jib,Full,Star,Beat,7.9,214.8,213.8,1.1,,,,,,,212.9,,,,,,,,,,,25.4,19.2,18.0,27.6,241.2,-26.7,-0.61
7:22:46 PM,42.491487,-82.8002921,19.2,Full,Jib,Full,Star,Beat,7.7,219.7,216.4,3.3,-10.4,1.6,,,,239.5,,,,,,,,,,,,26.3,17.8,19.0,25.0,238.8,-26.6,-0.80
7:22:47 PM,42.491459,-82.8003229,,Full,Jib,Full,Star,Beat,7.5,218.8,217.3,1.5,-9.8,-0.5,,,,238.5,215.7,22.8,3.28,13.69,10.00,0.00,48.09,17.29,74.14,0.00,,25.3,17.6,18.2,24.8,240.2,,-1.66
7:22:48 PM,42.4914327,-82.8003525,19.4,Full,Jib,Full,Star,Beat,7.4,220.1,217.5,2.6,-8.1,-1.0,,,,238.5,214.2,24.3,,,,,,,,,0.00,,,,,,-26.6,-1.70
7:22:49 PM,42.4914066,-82.8003823,,Full,Jib,Full,Star,Beat,7.0,,217.7,,-7.2,-0.4,,,,239.0,215.6,23.4,,,,,,,,,,24.8,17.2,17.8,24.3,240.2,-26.5,-1.81
7:22:50 PM,42.4913825,-82.8004109,19.4,Full,Jib,Full,Star,Beat,6.9,223.0,219.6,3.4,,,,,,,217.4,,,,,,,,,,,23.9,15.6,17.2,22.0,238.5,-26.5,-1.92
7:22:51 PM,42.4913593,-82.8004372,19.2,Full,Jib,Full,Star,Beat,6.3,223.8,,,-6.8,2.2,,,,241.2,217.5,23.6,3.28,13.69,10.00,0.00,48.09,17.29,73.75,0.00,,22.7,18.4,16.5,25.7,242.9,-26.2,-2.21
7:22:52 PM,42.4913364,-82.8004655,,Full,Jib,Full,Star,Beat,5.6,222.4,221.3,1.1,-6.4,0.1,,,,242.9,217.5,25.4,,,,,,,,,0.00,24.2,16.8,18.3,22.4,240.5,-26.5,-1.89
7:22:53 PM,42.4913171,-82.8004886,19.4,Full,Jib,Full,Star,Beat,6.0,221.4,217.7,3.7,-6.6,-4.2,,,,239.9,216.2,23.7,,,,,,,,,,23.9,16.4,18.6,21.3,239.9,-26.6,-1.89
7:22:54 PM,42.4912963,-82.8005122,,Full,Jib,Full,Star,Beat,6.2,218.6,216.7,1.9,-7.8,-0.7,,,,239.6,214.7,24.8,,,,,,,,,,22.7,19.5,17.3,26.0,244.0,-26.6,-1.59
7:22:55 PM,42.491275,-82.8005352,19.2,Full,Jib,Full,Star,Beat,6.1,220.3,217.5,2.8,-7.7,-1.4,,,,242.2,216.3,26.0,3.28,13.69,10.00,0.00,48.09,17.29,74.17,0.00,,23.1,17.7,17.6,23.6,240.7,-26.5,
7:22:56 PM,42.4912548,-82.8005584,,Full,Jib,Full,Star,Beat,5.6,219.5,218.2,1.3,-7.8,0.0,,,,241.6,,,,,,,,,,,0.00,20.8,19.5,15.5,26.6,244.0,-26.6,-1.75
7:22:57 PM,42.4912337,-82.8005828,19.2,Full,Jib,Full,Star,Beat,5.0,217.7,218.2,-0.5,,,,,,,215.7,,,,,,,,,,,23.8,17.8,18.4,23.2,240.3,-26.6,-1.64
7:22:58 PM,42.4912142,-82.8006022,,Full,Jib,Full,Star,Beat,5.8,213.7,215.5,-1.8,-8.6,2.3,,,,240.6,212.1,28.6,,,,,,,,,,25.8,22.2,21.0,27.7,244.8,-26.8,-1.76
7:22:59 PM,42.4911941,-82.8006237,19.2,Full,Jib,Full,Star,Beat,5.5,213.9,212.1,1.8,-10.4,0.7,,,,242.8,212.2,30.6,3.28,13.69,10.00,0.00,48.09,17.29,70.63,0.00,,23.2,22.0,18.4,28.2,243.6,-26.6,-0.94
7:23:00 PM,42.4911709,-82.8006447,,Full,Jib,Full,Star,Beat,,,211.6,,-11.9,-3.1,,,,240.1,211.2,28.9,,,,,,,,,0.00,21.9,23.6,17.1,30.8,244.7,-26.8,-1.07
7:23:01 PM,42.4911499,-82.8006619,19.5,Full,Jib,Full,Star,Beat,5.2,211.6,,,-12.7,0.4,,,,238.4,209.0,29.5,,,,,,,,,,23.3,19.3,18.2,25.0,237.7,-27.1,-1.02
7:23:02 PM,42.4911286,-82.8006812,,Full,Jib,Full,Star,Beat,6.0,216.5,213.5,3.0,-12.3,3.4,,,,240.6,209.7,30.9,,,,,,,,,,20.6,23.3,15.6,31.5,244.3,-27.0,-1.35
7:23:03 PM,42.4911048,-82.8007034,19.4,Full,Jib,Full,Star,Beat,5.5,209.3,212.0,-2.7,-11.4,-0.9,,,,241.0,211.5,29.5,3.28,13.69,10.00,0.00,48.09,17.29,71.74,0.00,,,,,,,-27.3,-0.95
7:23:04 PM,42.4910823,-82.8007262,,Full,Jib,Full,Star,Beat,6.0,216.2,213.3,2.9,-11.0,1.1,,,,240.9,212.2,28.6,,,,,,,,,0.00,21.2,20.6,15.8,28.3,239.7,-27.0,-1.92
7:23:05 PM,42.4910603,-82.8007505,18.9,Full,Jib,Full,Star,Beat,6.1,218.6,215.2,3.4,,,,,,,214.2,,,,,,,,,,,20.5,20.1,15.0,28.0,240.2,-26.8,-1.70
7:23:06 PM,42.4910384,-82.8007738,,Full,Jib,Full,Star,Beat,6.1,219.7,216.3,3.4,-7.2,0.4,,,,241.4,214.3,27.1,,,,,,,,,,21.4,19.4,15.8,26.8,240.4,-26.8,-2.17
7:23:07 PM,42.4910167,-82.8007973,18.8,Full,Jib,Full,Star,Beat,5.9,221.0,216.0,5.0,-6.9,-2.2,,,,240.2,,,3.28,13.69,10.00,0.00,48.09,17.29,74.86,0.00,,22.9,19.0,17.3,25.5,239.7,-26.7,-2.00
7:23:08 PM,42.4909926,-82.8008216,,Full,Jib,Full,Star,Beat,6.0,215.6,213.4,2.2,-6.8,-0.7,,,,236.2,211.4,24.8,,,,,,,,,0.00,22.1,19.5,16.7,26.3,240.7,-27.1,-1.96
7:23:09 PM,42.4909696,-82.800845,19.2,Full,Jib,Full,Star,Beat,6.3,217.3,210.6,6.7,-6.4,-1.0,,,,234.1,209.7,24.4,,,,,,,,,,22.1,20.0,16.4,27.4,239.9,-27.1,-2.03
7:23:10 PM,42.4909446,-82.8008663,,Full,Jib,Full,Star,Beat,6.4,213.0,208.7,4.2,-6.7,1.4,,,,232.8,207.5,25.3,,,,,,,,,,20.9,21.0,15.2,29.6,240.5,-27.2,-1.69
7:23:11 PM,42.490919,-82.8008891,19.2,Full,Jib,Full,Star,Beat,6.2,213.7,208.9,4.8,-7.7,-1.0,,,,232.3,206.7,25.6,3.28,13.69,10.00,0.00,48.09,17.29,75.88,0.00,,22.1,20.6,15.8,29.5,238.1,-27.2,-1.50
7:23:12 PM,42.4908923,-82.8009089,19.0,Full,Jib,Full,Star,Beat,7.2,213.9,,,-8.6,-1.9,,,,232.0,205.5,26.5,,,,,,,,,0.00,22.7,20.6,16.8,28.4,235.8,-27.3,-1.47
7:23:13 PM,42.4908662,-82.800933,,Full,Jib,Full,Star,Beat,7.1,213.9,209.2,4.7,,,,,,,207.5,,,,,,,,,,,20.9,19.7,14.7,28.8,236.2,,-1.76
7:23:14 PM,42.4908398,-82.8009565,19.2,Full,Jib,Full,Star,Beat,7.3,213.9,209.6,4.4,-6.7,-0.1,,,,231.2,208.0,23.2,,,,,,,,,,22.0,21.3,15.7,30.7,239.5,-27.1,-2.14
7:23:15 PM,42.4908134,-82.8009803,19.2,Full,Jib,Full,Star,Beat,6.9,212.2,210.9,1.3,-8.3,0.6,,,,232.4,209.1,23.3,3.28,13.69,10.00,0.00,48.09,17.29,75.14,0.00,,,,,,,-27.1,-2.03
7:23:16 PM,42.4907857,-82.801007,,Full,Jib,Full,Star,Beat,6.5,215.4,211.4,4.0,-6.7,0.7,,,,233.3,206.8,26.5,,,,,,,,,0.00,22.4,18.3,15.8,26.3,234.9,-27.2,-2.14
7:23:17 PM,42.4907598,-82.8010291,19.3,Full,Jib,Full,Star,Beat,6.2,213.7,209.3,4.4,-8.0,-2.2,,,,230.9,,,,,,,,,,,,21.2,20.8,15.0,30.2,239.3,-26.9,-1.91
7:23:18 PM,42.4907329,-82.8010506,,Full,Jib,Full,Star,Beat,6.8,213.7,207.8,5.9,-8.5,-1.8,,,,229.1,206.5,22.7,,,,,,,,,,21.6,20.1,15.4,28.9,237.3,-27.2,-2.13
7:23:19 PM,42.490704,-82.8010738,19.4,Full,Jib,Full,Star,Beat,7.2,213.7,208.1,5.6,-8.6,0.8,,,,228.0,206.2,21.8,3.28,13.69,10.00,0.00,48.09,17.29,75.72,0.00,,22.7,18.9,16.2,27.1,234.1,-27.2,-2.30
7:23:20 PM,42.4906745,-82.8010965,19.2,Full,Jib,Full,Star,Beat,7.4,209.4,209.0,0.4,,,,,,,205.3,,,,,,,,,,0.00,21.7,21.2,15.0,31.6,239.4,-27.1,-1.87
7:23:21 PM,42.4906446,-82.8011207,,Full,Jib,Full,Star,Beat,7.7,210.3,210.0,0.3,-8.7,0.1,,,,229.3,206.7,22.6,,,,,,,,,,21.8,19.9,14.8,30.1,237.8,-27.2,-2.13
7:23:22 PM,42.4906148,-82.8011462,19.3,Full,Jib,Full,Star,Beat,7.8,214.2,,,-7.9,-0.2,,,,229.6,208.5,21.1,,,,,,,,,,22.6,18.9,15.5,28.1,235.7,-27.2,-2.69
7:23:23 PM,42.4905835,-82.8011751,,Full,Jib,Full,Star,Beat,7.2,214.4,211.5,2.9,-9.0,-0.4,,,,231.9,210.9,21.1,3.28,13.69,10.00,0.00,48.09,17.29,75.16,0.00,,22.7,20.1,15.8,29.5,239.1,-27.3,-2.42
7:23:24 PM,,,19.2,Full,Jib,Full,Star,Beat,7.5,216.6,214.4,2.2,-7.3,0.2,,,,233.1,211.3,21.8,,,,,,,,,0.00,22.6,18.6,15.6,27.4,238.4,-26.9,-2.97
7:23:25 PM,42.4905564,-82.8012027,,Full,Jib,Full,Star,Beat,7.1,216.9,212.8,4.1,-6.1,-1.0,,,,231.2,209.5,21.7,,,,,,,,,,23.3,17.6,16.4,25.4,236.8,-26.9,
7:23:26 PM,42.4905299,-82.8012294,18.9,Full,Jib,Full,Star,Beat,7.2,212.3,208.6,3.8,-7.2,-0.3,,,,225.6,203.4,22.2,,,,,,,,,,22.7,18.5,16.0,26.9,237.9,-26.9,-2.97
7:23:27 PM,42.4905014,-82.8012511,,Full,Jib,Full,Star,Beat,7.5,209.4,204.9,4.5,,,,,,222.5,,,3.28,13.69,10.00,0.00,48.09,17.29,76.64,0.00,,23.5,18.2,16.8,26.0,233.5,-27.5,-2.10
7:23:28 PM,42.4904728,-82.8012718,19.1,Full,Jib,Full,Star,Beat,8.1,209.4,204.0,5.4,-6.8,0.2,,,,222.5,201.3,21.2,,,,,,,,,0.00,23.0,21.9,16.1,32.2,236.3,-27.3,
7:23:29 PM,42.4904411,-82.8012927,,Full,Jib,Full,Star,Beat,7.8,207.4,205.7,1.7,-8.7,1.5,,,,,202.1,,,,,,,,,,,23.0,19.8,16.0,29.1,233.0,-27.4,-2.49
7:23:30 PM,42.4904102,-82.8013149,19.2,Full,Jib,Full,Star,Beat,8.0,210.6,205.6,5.0,-7.8,0.0,,,,225.0,204.7,20.3,,,,,,,,,,23.5,20.3,16.1,30.4,234.4,-27.4,-2.45
7:23:31 PM,42.4903773,-82.8013407,,Full,Jib,Full,Star,Beat,8.2,,201.8,,-9.7,0.2,,,,223.4,200.3,23.1,3.28,13.69,10.00,0.00,48.09,17.29,76.84,0.00,,24.6,20.5,17.1,30.2,233.6,-27.4,-2.39
7:23:32 PM,42.49034007,-82.80136469,19.2,Full,Jib,Full,Star,Beat,7.1,,,,-9.9,0.5,,,,222.1,200.4,21.8,,,,,,,,,0.00,,,,,,-27.4,-2.53
7:23:33 PM,42.4903049,-82.80138859,,Full,Jib,Full,Star,Beat,8.7,,201.5,,-10.5,0.7,,,,220.2,198.1,22.1,,,,,,,,,,24.1,22.1,16.3,33.7,234.7,-27.5,-2.61
7:23:34 PM,42.49026817,-82.80141053,19.4,Full,Jib,Full,Star,Beat,9.6,,201.8,,-11.5,1.7,,,,222.7,199.0,23.7,,,,,,,,,,24.6,21.4,16.7,32.6,232.1,-27.6,-2.95
7:23:35 PM,42.49022823,-82.80143472,,Full,Jib,Full,Star,Beat,9.1,,203.2,,-12.9,0.8,,,,224.9,204.1,20.7,3.28,13.69,10.00,0.00,48.09,17.29,76.17,0.00,,23.8,23.8,15.8,37.5,236.5,-27.6,-2.88
7:23:36 PM,42.49019033,-82.80146155,19.4,Full,Jib,Full,Star,Beat,9.3,,207.3,,-10.7,1.0,,,,227.9,207.1,20.8,,,,,,,,,0.00,23.9,23.3,15.9,36.5,239.0,,-2.82
7:23:37 PM,42.49015345,-82.80148894,19.4,Full,Jib,Full,Star,Beat,9.1,213.2,209.7,3.5,,,,,,,,,,,,,,,,,,24.1,21.4,15.9,33.7,237.7,-27.6,-3.95
7:23:38 PM,42.49011858,-82.80151746,,Full,Jib,Full,Star,Beat,9.7,211.4,208.8,2.6,-10.2,0.4,,,,227.3,206.6,20.7,,,,,,,,,,25.2,22.4,17.1,34.2,241.1,-27.6,
7:23:39 PM,42.4900784,-82.801548,19.2,Full,Jib,Full,Star,Beat,9.0,209.1,208.2,0.9,-12.1,1.9,,,,226.2,204.8,21.4,3.28,13.69,10.00,0.00,48.09,17.29,75.67,0.00,,25.7,23.5,17.9,34.7,242.4,-27.6,-3.85
7:23:40 PM,42.490043,-82.8015761,,Full,Jib,Full,Star,Beat,9.3,212.0,209.8,2.2,-9.3,0.8,,,,228.3,206.9,21.4,,,,,,,,,0.00,24.6,22.0,16.5,33.9,240.7,-27.8,-3.80
7:23:41 PM,42.4900082,-82.8016057,19.2,Full,Jib,Full,Star,Beat,9.1,209.5,208.5,1.0,-11.1,0.7,,,,227.1,206.0,21.1,,,,,,,,,,24.7,23.7,16.8,36.2,244.0,-27.7,-4.22
7:23:42 PM,42.4899731,-82.8016325,,Full,Jib,Full,Star,Beat,8.6,212.2,209.6,2.6,-9.9,1.3,,,,229.1,207.5,21.5,,,,,,,,,,24.7,22.0,16.7,33.8,241.3,-27.7,-3.63
7:23:43 PM,42.4899384,-82.8016618,19.5,Full,Jib,Full,Star,Beat,9.1,211.5,,,-9.7,1.9,,,,227.4,206.7,20.8,3.28,13.69,10.00,0.00,48.09,17.29,75.91,0.00,,24.8,22.7,16.7,34.8,242.7,-27.7,-4.38
7:23:44 PM,42.4899034,-82.8016907,,Full,Jib,Full,Star,Beat,9.5,211.4,207.0,4.4,,,,,,,205.6,,,,,,,,,,0.00,25.7,22.7,17.7,34.1,241.2,-27.7,-4.08
7:23:45 PM,42.4898686,-82.8017196,19.5,Full,Jib,Full,Star,Beat,8.9,206.5,206.5,0.1,-11.1,1.7,,,,227.8,203.2,24.6,,,,,,,,,,25.2,23.1,17.4,34.7,241.3,-27.7,-3.75
7:23:46 PM,42.4898288,-82.8017499,19.6,Full,Jib,Full,Star,Beat,9.4,207.3,206.8,0.5,-10.8,-0.1,,,,226.6,202.5,24.0,,,,,,,,,,23.7,23.0,15.6,36.6,242.6,-28.1,
7:23:47 PM,42.489791,-82.8017773,,Full,Jib,Full,Star,Beat,9.0,210.6,206.2,4.3,-12.2,-0.1,,,,226.3,203.8,22.4,3.28,13.69,10.00,0.00,48.09,17.29,75.80,0.00,,24.6,22.4,16.3,35.1,239.6,-28.1,-3.81
7:23:48 PM,42.4897525,-82.8018072,19.3,Full,Jib,Full,Star,Beat,9.6,207.3,206.5,0.8,-11.5,1.0,,,,226.9,,,,,,,,,,,0.00,,,,,,-28.0,-4.15
7:23:49 PM,42.4897151,-82.8018371,,Full,Jib,Full,Star,Beat,9.6,211.0,207.1,3.8,-10.1,1.3,,,,228.8,204.2,24.6,,,,,,,,,,24.5,21.5,16.2,33.7,238.8,-28.0,-4.04
7:23:50 PM,42.4896771,-82.8018663,19.4,Full,Jib,Full,Star,Beat,9.3,207.3,203.8,3.5,-12.8,1.1,,,,224.9,201.7,23.2,,,,,,,,,,23.9,24.0,15.6,38.4,243.7,-27.6,-3.52
7:23:51 PM,42.4896392,-82.8018902,,Full,Jib,Full,Star,Beat,8.9,205.9,203.3,2.7,-14.0,-0.9,,,,223.8,199.6,24.2,,,,,,,,,,24.2,24.7,16.3,38.4,242.6,-27.7,-3.34
7:23:52 PM,42.4896016,-82.8019139,19.5,Full,Jib,Full,Star,Beat,9.3,204.7,205.9,-1.3,-12.4,0.4,,,,225.7,201.1,24.6,3.28,13.69,10.00,0.00,48.09,17.29,74.10,0.00,0.00,23.1,24.8,15.2,39.5,242.4,-27.6,-3.63
7:23:53 PM,42.4895653,-82.8019402,19.4,Full,Jib,Full,Star,Beat,8.8,206.9,,,,,,,,227.1,202.7,24.4,,,,,,,,,,22.5,23.1,14.5,37.5,241.3,-28.0,
7:23:54 PM,42.4895253,-82.8019707,19.3,Full,Jib,Full,Star,Beat,8.8,203.1,205.8,-2.7,-11.8,-0.8,,,,,201.4,,,,,,,,,,,24.0,23.4,15.9,36.7,239.9,-27.7,-3.93
7:23:55 PM,42.4894884,-82.8019926,,Full,Jib,Full,Star,Beat,8.9,207.7,202.6,5.2,-13.1,-0.1,,,,224.6,202.3,22.3,3.28,13.69,10.00,0.00,48.09,17.29,74.90,0.00,,24.4,23.5,16.7,35.8,238.9,-28.2,-3.65
7:23:56 PM,42.4894502,-82.8020183,19.6,Full,Jib,Full,Star,Beat,9.2,211.9,205.8,6.1,-13.1,0.4,,,,226.7,205.9,20.8,,,,,,,,,0.00,24.1,24.3,16.3,37.5,241.3,-28.1,-3.82
7:23:57 PM,42.4894133,-82.8020477,,Full,Jib,Full,Star,Beat,9.0,216.1,210.0,6.1,-12.1,1.4,,,,230.9,209.8,21.1,,,,,,,,,,24.3,22.2,16.4,34.0,240.1,-27.0,-4.52
7:23:58 PM,42.489379,-82.80208,19.5,Full,Jib,Full,Star,Beat,8.8,213.0,211.6,1.4,-10.8,2.2,,,,232.4,,,,,,,,,,,,23.2,21.9,15.2,34.6,242.5,-27.6,-5.56
7:23:59 PM,42.4893454,-82.8021099,19.5,Full,Jib,Full,Star,Beat,8.9,210.8,209.9,0.9,-11.0,3.0,,,,230.6,209.2,21.3,3.28,13.69,10.00,0.00,48.09,17.29,74.80,0.00,,22.9,23.4,15.2,36.7,246.2,,-5.32
7:24:00 PM,42.48931,-82.8021379,,Full,Jib,Full,Star,Beat,9.0,209.9,206.9,3.0,,,,,,227.6,204.6,23.0,,,,,,,,,0.00,24.5,22.6,16.7,34.5,242.3,-28.2,-4.42
7:24:01 PM,42.4892739,-82.802166,19.4,Full,Jib,Full,Star,Beat,8.8,209.0,207.7,1.3,-11.5,1.5,,,,,204.2,,,,,,,,,,,24.4,22.6,16.3,35.0,242.3,-28.1,-4.52
7:24:02 PM,42.4892335,-82.8021971,,Full,Jib,Full,Star,Beat,9.1,213.1,211.7,1.4,-11.6,1.4,,,,228.5,206.8,21.7,,,,,,,,,,,,,,,-28.2,-5.20
7:24:03 PM,42.4891981,-82.8022295,19.6,Full,Jib,Full,Star,Beat,8.7,218.4,,,-10.9,1.3,,,,231.5,213.6,17.9,3.28,13.69,10.00,0.00,48.09,17.29,74.54,0.00,,23.7,22.3,15.7,35.2,242.6,-28.1,-5.68
7:24:04 PM,42.4891674,-82.8022645,,Full,Jib,Full,Star,Beat,8.2,226.4,218.7,7.8,-7.4,0.9,,,,238.0,220.4,17.5,,,,,,,,,0.00,22.7,20.2,14.8,32.0,242.9,-27.6,-5.54
7:24:05 PM,42.4891414,-82.8023021,19.2,Full,Jib,Full,Star,Beat,7.5,231.0,225.0,6.0,-5.8,1.0,,,,243.1,224.8,18.4,,,,,,,,,,23.0,17.5,15.4,26.6,242.4,-27.1,-5.79
7:24:06 PM,42.489118,-82.8023374,19.0,Full,Jib,Full,Star,Beat,6.9,230.0,228.1,1.9,-3.6,-0.3,,,,244.4,225.4,19.0,,,,,,,,,,23.5,16.0,16.3,23.4,244.7,-27.1,-5.95
7:24:07 PM,42.4890979,-82.8023688,,Full,Jib,Full,Star,Beat,5.9,226.0,225.4,0.6,,,,,,240.6,218.5,22.1,3.28,13.69,10.00,0.00,48.09,17.29,73.43,0.00,,23.3,16.6,16.9,23.1,247.2,-26.8,-5.21
7:24:08 PM,42.4890778,-82.8023943,19.2,Full,Jib,Full,Star,Beat,5.8,214.5,217.8,-3.3,-4.9,-2.2,,,,231.7,,,,,,,,,,,0.00,25.0,16.9,19.4,22.1,245.3,-27.2,-4.46
7:24:09 PM,42.4890523,-82.8024169,,Full,Jib,Full,Star,Beat,,,209.3,,-6.7,-1.4,,,,227.1,209.4,17.7,,,,,,,,,,22.5,18.6,16.8,25.2,244.4,-27.4,-3.95
7:24:10 PM,42.4890245,-82.8024351,19.2,Full,Jib,Full,Star,Beat,6.6,210.4,207.3,3.0,-9.4,-0.4,,,,228.8,204.5,24.3,,,,,,,,,,21.1,20.2,15.0,28.9,241.1,-27.4,
7:24:11 PM,42.4889936,-82.8024576,,Full,Jib,Full,Star,Beat,7.8,209.0,209.0,0.1,-10.2,0.9,,,,,206.4,,3.28,13.69,10.00,0.00,48.09,17.29,75.19,0.00,,20.3,20.4,13.4,32.0,242.8,-27.3,-4.06
7:24:12 PM,42.4889618,-82.8024843,19.8,Full,Jib,Full,Star,Beat,8.0,211.1,211.8,-0.7,-10.7,-0.2,,,,232.7,209.0,23.7,,,,,,,,,0.00,22.9,19.7,15.5,29.8,239.3,-27.8,-4.42
7:24:13 PM,42.4889299,-82.8025115,,Full,Jib,Full,Star,Beat,8.0,212.8,211.4,1.4,-10.3,-0.4,,,,233.7,207.8,25.9,,,,,,,,,,23.2,19.4,15.7,29.2,238.8,-27.8,-5.11
7:24:14 PM,42.488897,-82.8025391,19.6,Full,Jib,Full,Star,Beat,8.5,212.8,,,-9.5,1.7,,,,232.6,206.5,26.1,,,,,,,,,,22.9,19.9,15.6,30.0,238.9,-28.0,-5.48
7:24:15 PM,42.4888646,-82.8025661,,Full,Jib,Full,Star,Beat,8.2,212.8,209.3,3.5,-9.5,2.9,,,,232.1,206.4,25.6,3.28,13.69,10.00,0.00,48.09,17.29,75.22,0.00,,21.9,20.0,14.5,31.3,239.2,-28.0,-5.16
7:24:16 PM,42.488832,-82.8025942,19.6,Full,Jib,Full,Star,Beat,9.0,212.8,210.3,2.6,,,,,,232.3,208.0,24.4,,,,,,,,,0.00,23.3,20.8,15.8,31.5,240.3,-27.5,-5.27
7:24:17 PM,42.4887958,-82.8026213,,Full,Jib,Full,Star,Beat,8.4,209.6,207.4,2.1,-10.8,3.7,,,,231.1,206.7,24.3,,,,,,,,,,24.2,21.0,16.8,31.0,238.7,-28.2,-4.52
7:24:18 PM,42.4887626,-82.8026492,19.4,Full,Jib,Full,Star,Beat,8.9,213.1,209.7,3.4,-11.3,0.1,,,,231.4,206.9,24.5,,,,,,,,,,,,,,,-28.3,-5.61
7:24:19 PM,42.4887286,-82.8026783,,Full,Jib,Full,Star,Beat,8.7,211.8,210.2,1.6,-11.9,-1.0,,,,,,,3.28,13.69,10.00,0.00,48.09,17.29,74.56,0.00,,23.5,22.2,16.0,33.6,241.9,-28.4,-5.67
7:24:20 PM,42.4886937,-82.8027087,19.5,Full,Jib,Full,Star,Beat,8.5,211.9,210.5,1.4,-11.3,-1.1,,,,231.2,206.7,24.5,,,,,,,,,0.00,22.4,21.8,14.8,34.1,242.4,-28.3,-5.42
7:24:21 PM,42.4886589,-82.8027344,,Full,Jib,Full,Star,Beat,9.1,211.0,206.9,4.1,-11.3,1.3,,,,230.5,206.0,24.5,,,,,,,,,,21.7,21.7,14.0,34.8,243.0,-27.9,-5.77
7:24:22 PM,42.4886241,-82.8027608,19.4,Full,Jib,Full,Star,Beat,8.8,211.4,205.0,6.4,,,,,,229.5,205.1,24.4,,,,,,,,,,24.2,21.0,16.4,31.8,238.9,-27.3,-5.67
7:24:23 PM,42.4885912,-82.8027871,,Full,Jib,Full,Star,Beat,8.4,211.4,206.7,4.7,-11.0,2.1,,,,228.9,205.4,23.5,,,,,,,,,,23.2,22.2,15.8,33.6,238.8,-28.3,-5.41
7:24:24 PM,42.4885564,-82.8028142,19.2,Full,Jib,Full,Star,Beat,7.9,207.1,,,,,,,,,205.6,,,,,,,,,,,22.7,22.9,15.8,34.0,239.9,-28.5,
7:24:25 PM,42.4885238,-82.8028394,,Full,Jib,Full,Star,Beat,8.1,208.6,208.5,0.1,,,,,,,203.4,,,,,,,,,,,22.7,23.7,15.6,35.8,242.0,,-5.90
7:24:26 PM,42.4884868,-82.8028668,19.2,Full,Jib,Full,Star,Beat,8.9,209.3,206.2,3.1,,,,,,,201.6,,,,,,,,,,,22.7,23.2,15.2,35.9,241.2,-28.4,-5.08
7:24:27 PM,42.4884518,-82.8028907,,Full,Jib,Full,Star,Beat,8.0,204.4,203.7,0.8,,,,,,,202.2,,,,,,,,,,,22.1,22.4,14.8,34.8,240.0,-28.4,-4.86
7:24:28 PM,42.4884158,-82.8029168,18.8,Full,Jib,Full,Star,Beat,7.9,204.4,204.8,-0.5,-10.8,1.1,,,,225.3,202.6,22.7,,,,,,,,,,22.0,21.9,14.3,34.9,239.9,-28.4,-4.85
7:24:29 PM,42.48838,-82.8029426,,Full,Jib,Full,Star,Beat,8.8,204.4,203.6,0.8,,,,,,,,,,,,,,,,,,22.0,19.8,14.1,32.1,236.6,-28.4,-5.13
7:24:30 PM,42.4883445,-82.8029688,19.3,Full,Jib,Full,Star,Beat,8.7,208.7,204.3,4.3,-10.1,0.2,,,,223.9,202.5,21.4,,,,,,,,,,21.4,20.7,13.5,34.2,236.7,-28.4,-5.32
7:24:31 PM,,,19.3,Full,Jib,Full,Star,Beat,8.9,208.9,204.5,4.4,-9.2,0.1,,,,222.7,201.8,20.9,3.28,13.69,10.00,0.00,48.09,17.29,75.66,0.00,,22.1,20.3,14.0,33.2,235.0,-28.4,-5.27
7:24:32 PM,42.4883053,-82.8029971,,Full,Jib,Full,Star,Beat,8.9,207.7,204.0,3.7,-9.7,0.4,,,,221.2,201.6,19.6,,,,,,,,,0.00,22.6,21.3,14.7,34.0,236.3,-27.4,-5.69
7:24:33 PM,42.4882662,-82.80302425,19.2,Full,Jib,Full,Star,Beat,8.6,203.7,202.7,0.9,-8.8,2.5,,,,219.7,200.5,19.1,,,,,,,,,,,,,,,-28.0,-5.28
7:24:34 PM,42.48823054,-82.80304683,,Full,Jib,Full,Star,Beat,8.7,206.3,,,-10.0,1.4,,,,219.2,201.0,18.2,,,,,,,,,,22.2,20.9,14.4,33.3,235.8,-28.2,-5.75
7:24:35 PM,42.48819489,-82.80307093,19.2,Full,Jib,Full,Star,Beat,8.6,206.0,202.9,3.1,-10.9,-1.0,,,,221.5,201.8,19.6,3.28,13.69,10.00,0.00,48.09,17.29,75.67,0.00,,21.9,23.4,14.4,37.4,239.5,-28.0,-5.14
7:24:36 PM,42.48815957,-82.80309537,,Full,Jib,Full,Star,Beat,8.4,208.3,204.8,3.5,,,,,,,201.7,,,,,,,,,,0.00,22.5,22.1,14.9,34.9,237.1,-28.4,-5.48
7:24:37 PM,42.48812386,-82.80312013,19.6,Full,Jib,Full,Star,Beat,8.8,207.6,205.1,2.5,-10.5,-0.5,,,,220.8,201.5,19.4,,,,,,,,,,22.9,22.6,15.3,35.1,237.7,-28.4,-5.77
7:24:38 PM,42.4880873,-82.80314424,,Full,Jib,Full,Star,Beat,8.8,208.9,203.2,5.7,-10.1,1.7,,,,219.3,203.0,16.3,,,,,,,,,,20.9,24.2,13.5,39.5,243.5,-28.5,
7:24:39 PM,42.48805242,-82.80317168,19.0,Full,Jib,Full,Star,Beat,8.7,205.9,204.5,1.4,-10.4,2.3,,,,223.1,,,,,,,,,,,,21.0,23.8,13.3,39.7,242.3,-28.5,-5.99
7:24:40 PM,42.4880134,-82.8031991,,Full,Jib,Full,Star,Beat,8.7,210.2,206.2,4.0,-10.9,0.2,,,,223.0,203.2,19.8,3.28,13.69,10.00,0.00,48.09,17.29,75.03,0.00,0.00,21.9,23.6,14.4,37.4,240.6,-28.5,-6.49
7:24:41 PM,42.487979,-82.8032279,19.1,Full,Jib,Full,Star,Beat,8.6,208.5,204.6,3.9,,,,,,,203.3,,,,,,,,,,,22.0,23.6,14.6,37.2,240.6,-28.5,-5.80
7:24:42 PM,42.487944,-82.8032512,,Full,Jib,Full,Star,Beat,8.6,207.8,202.9,4.9,,,,,,,200.3,,,,,,,,,,,22.0,23.3,14.8,36.2,239.5,-28.6,-5.27
7:24:43 PM,42.4879094,-82.8032756,19.2,Full,Jib,Full,Star,Beat,7.3,198.2,199.1,-0.9,,,,,,,198.1,,,,,,,,,,,22.0,23.0,14.7,35.7,237.3,-28.0,-5.51
7:24:44 PM,42.487875,-82.8032935,,Full,Jib,Full,Star,Beat,7.8,202.1,,,,,,,,,196.6,,,,,,,,,,,21.7,24.7,14.8,37.9,236.9,-28.6,-4.85
7:24:45 PM,42.4878431,-82.803312,19.4,Full,Jib,Full,Star,Beat,9.6,202.1,197.7,4.4,,,,,,,196.9,,,,,,,,,,,21.7,26.0,14.5,41.1,240.1,-28.4,-5.05
7:24:46 PM,42.4878051,-82.8033312,,Full,Jib,Full,Star,Beat,6.6,,197.7,,-11.1,3.3,,,,217.2,196.4,20.9,,,,,,,,,,23.6,24.7,16.8,36.1,233.7,-28.8,-4.40
7:24:47 PM,42.4877711,-82.803347,19.3,Full,Jib,Full,Star,Beat,7.5,,199.8,,-10.8,0.3,,,,217.9,197.7,20.3,3.28,13.69,10.00,0.00,48.09,17.29,76.03,0.00,,,,,,,-30.0,-4.87
7:24:48 PM,42.4877339,-82.8033691,19.2,Full,Jib,Full,Star,Beat,8.0,,201.3,,-9.8,-1.4,,,,218.7,196.1,22.6,,,,,,,,,0.00,21.1,28.6,14.6,43.7,242.4,,
7:24:49 PM,42.4876995,-82.8033877,,Full,Jib,Full,Star,Beat,8.3,,198.5,,-11.9,-1.7,,,,218.3,196.7,21.6,,,,,,,,,,21.2,34.8,15.4,52.1,251.0,-34.2,-4.94
7:24:50 PM,42.4876647,-82.8034077,19.2,Full,Jib,Full,Star,Beat,8.3,199.9,196.3,3.6,-11.8,-0.4,,,,216.6,,,,,,,,,,,,20.6,33.4,14.5,51.7,249.2,-34.9,-5.05
7:24:51 PM,42.4876275,-82.8034257,,Full,Jib,Full,Star,Beat,9.0,199.7,196.9,2.8,-11.7,0.2,,,,216.5,195.7,20.8,3.28,13.69,10.00,0.00,48.09,17.29,76.36,0.00,,21.3,35.9,15.2,55.5,252.3,-37.7,-5.79
7:24:52 PM,42.4875883,-82.8034449,19.5,Full,Jib,Full,Star,Beat,9.8,198.4,196.9,1.5,,,,,,,194.4,,,,,,,,,,0.00,21.1,37.0,15.0,58.2,254.6,-40.5,
7:24:53 PM,42.487547,-82.8034663,,Full,Jib,Full,Star,Beat,9.8,203.0,198.1,4.9,-11.7,-0.1,,,,216.1,194.6,21.5,,,,,,,,,,21.0,36.5,14.5,59.5,255.1,-40.9,-5.74
7:24:54 PM,42.4875061,-82.8034899,19.3,Full,Jib,Full,Star,Beat,10.0,200.3,197.5,2.8,-11.9,1.5,,,,217.3,195.5,21.9,,,,,,,,,,22.6,35.8,15.8,56.6,253.1,-41.0,-6.37
7:24:55 PM,42.4874601,-82.8035131,,Full,Jib,Full,Star,Beat,10.2,203.3,,,-11.6,1.8,,,,216.7,196.7,20.0,,,,,,,,,,22.1,34.1,15.4,53.7,249.7,-41.3,-5.19
7:24:56 PM,42.4874178,-82.8035358,19.2,Full,Jib,Full,Star,Beat,9.4,199.0,199.9,-0.9,-11.6,1.3,,,,216.8,196.8,20.0,3.28,13.69,10.00,0.00,48.09,17.29,76.18,0.00,0.00,21.2,34.7,14.2,58.0,256.0,-41.3,
7:24:57 PM,42.4873762,-82.803558,,Full,Jib,Full,Star,Beat,9.6,202.4,200.0,2.5,-12.2,-0.8,,,,218.0,198.8,19.2,,,,,,,,,,21.4,32.1,14.2,53.4,253.6,-41.4,-5.81
7:24:58 PM,42.4873337,-82.8035816,19.4,Full,Jib,Full,Star,Beat,9.9,207.7,200.9,6.8,-10.4,0.3,,,,217.6,198.8,18.8,,,,,,,,,,21.4,30.3,13.7,52.2,251.6,-41.4,-5.98
7:24:59 PM,42.4872918,-82.803609,,Full,Jib,Full,Star,Beat,9.8,201.4,198.9,2.5,-9.4,1.4,,,,,196.2,,3.28,13.69,10.00,0.00,48.09,17.29,76.87,0.00,,22.7,31.9,15.3,51.7,250.9,-41.4,-7.39
7:25:00 PM,42.4872489,-82.8036316,19.0,Full,Jib,Full,Star,Beat,9.1,197.0,197.5,-0.5,-10.9,2.5,,,,213.2,,,,,,,,,,,0.00,,,,,,-41.4,-6.36
7:25:01 PM,42.4872075,-82.8036503,,Full,Jib,Full,Star,Beat,9.7,201.3,200.0,1.3,-10.2,0.6,,,,213.1,195.5,17.6,,,,,,,,,,20.9,33.0,14.1,54.1,252.5,-41.5,
7:25:02 PM,42.4871647,-82.803674,18.9,Full,Jib,Full,Star,Beat,10.0,205.4,200.8,4.6,-9.7,-0.8,,,,214.6,197.4,17.2,,,,,,,,,,21.2,31.8,13.9,53.5,251.1,-41.5,-6.92
7:25:03 PM,42.4871174,-82.8037016,,Full,Jib,Full,Star,Beat,,,199.7,,-10.5,0.5,,,,213.4,198.7,14.7,3.28,13.69,10.00,0.00,48.09,17.29,76.63,0.00,,22.9,31.2,15.1,51.5,250.0,-41.5,-7.15
7:25:04 PM,42.4870746,-82.8037255,19.5,Full,Jib,Full,Star,Beat,10.1,201.8,202.1,-0.4,,,,,,216.4,198.9,17.6,,,,,,,,,0.00,23.3,31.7,15.7,51.2,250.4,-41.6,-6.72
7:25:05 PM,42.4870304,-82.803753,,Full,Jib,Full,Star,Beat,10.9,205.1,,,-10.1,-0.3,,,,215.4,200.1,15.4,,,,,,,,,,23.5,30.4,15.5,49.8,249.6,-41.5,-8.29
7:25:06 PM,42.4869885,-82.8037759,19.4,Full,Jib,Full,Star,Beat,10.0,198.5,200.4,-1.8,-10.4,1.7,,,,,200.1,,,,,,,,,,,22.2,32.2,14.8,52.8,252.9,-41.6,-6.84
7:25:07 PM,42.4869479,-82.8038018,,Full,Jib,Full,Star,Beat,9.2,204.5,202.5,2.0,-9.4,0.4,,,,217.3,201.6,15.7,3.28,13.69,10.00,0.00,48.09,17.29,76.38,0.00,,22.5,30.1,15.0,48.8,248.7,-41.5,-6.62
7:25:08 PM,42.4869077,-82.8038314,19.2,Full,Jib,Full,Star,Beat,9.9,207.4,205.4,2.0,-10.1,0.6,,,,219.3,204.8,14.5,,,,,,,,,0.00,23.1,30.2,15.5,48.6,250.5,-41.4,-7.11
7:25:09 PM,42.4868698,-82.8038613,,Full,Jib,Full,Star,Beat,9.0,208.3,210.7,-2.3,-8.0,0.7,,,,223.2,210.7,12.5,,,,,,,,,,23.2,29.8,15.6,47.6,253.1,-41.4,
7:25:10 PM,42.4868364,-82.8038961,19.4,Full,Jib,Full,Star,Beat,9.3,216.2,213.7,2.5,-6.8,-0.2,,,,226.7,,,,,,,,,,,,23.2,27.7,15.6,43.7,251.2,-40.9,-8.29
7:25:11 PM,42.4868008,-82.8039306,,Full,Jib,Full,Star,Beat,8.8,215.8,207.5,8.3,-6.5,-1.4,,,,221.6,209.8,11.9,3.28,13.69,10.00,0.00,48.09,17.29,75.53,0.00,,21.3,29.5,14.7,45.7,254.2,-41.4,-7.71
7:25:12 PM,42.4867674,-82.8039577,19.1,Full,Jib,Full,Star,Beat,8.9,210.9,202.4,8.6,,,,,,216.9,203.8,13.1,,,,,,,,,0.00,20.2,30.9,13.6,49.4,254.5,-41.0,-6.49
7:25:13 PM,42.4867324,-82.8039768,,Full,Jib,Full,Star,Beat,8.2,210.9,202.8,8.1,-9.3,0.0,,,,218.5,198.2,20.3,,,,,,,,,,20.7,30.4,14.2,47.3,248.1,,-6.59
7:25:14 PM,42.486698,-82.8040004,19.5,Full,Jib,Full,Star,Beat,8.7,210.3,207.2,3.0,-8.6,0.4,,,,,203.5,,,,,,,,,,,18.9,29.4,12.2,49.3,252.9,-41.4,-5.83
7:25:15 PM,42.4866657,-82.8040284,,Full,Jib,Full,Star,Beat,8.6,,,,-6.7,0.1,,,,223.4,206.4,17.0,3.28,13.69,10.00,0.00,48.09,17.29,75.92,0.00,,20.2,26.6,13.0,43.8,250.8,-41.4,-6.52
7:25:16 PM,42.4866332,-82.8040546,19.4,Full,Jib,Full,Star,Beat,8.5,,208.6,,-7.5,1.0,,,,223.9,205.6,18.3,,,,,,,,,0.00,20.8,26.8,14.0,42.2,249.9,-41.1,-6.38
7:25:17 PM,42.4866021,-82.8040827,,Full,Jib,Full,Star,Beat,8.5,212.7,208.6,4.1,-6.9,0.7,,,,224.6,205.4,19.2,,,,,,,,,,20.2,26.8,13.5,42.5,248.5,-41.1,-6.89
7:25:18 PM,42.4865671,-82.804112,19.4,Full,Jib,Full,Star,Beat,8.0,210.3,207.3,3.0,,,,,,224.1,204.5,19.6,,,,,,,,,,,,,,,-41.1,-6.85
7:25:19 PM,42.4865365,-82.8041366,,Full,Jib,Full,Star,Beat,7.8,208.2,206.3,1.9,-6.7,0.8,,,,223.8,204.9,18.9,3.28,13.69,10.00,0.00,48.09,17.29,75.26,0.00,,20.0,26.3,13.3,41.9,247.3,-41.1,-6.30
7:25:20 PM,42.486505,-82.8041621,19.4,Full,Jib,Full,Star,Beat,8.1,210.4,206.7,3.7,-7.8,-0.4,,,,223.0,203.1,19.9,,,,,,,,,0.00,20.8,26.9,14.0,42.2,247.5,-41.1,-6.45
7:25:21 PM,42.4864741,-82.8041869,,Full,Jib,Full,Star,Beat,7.8,208.8,206.3,2.5,-7.5,-1.3,,,,223.0,,,,,,,,,,,,19.5,25.3,12.9,40.3,245.6,-41.2,-6.73
7:25:22 PM,42.4864433,-82.8042083,19.2,Full,Jib,Full,Star,Beat,7.9,207.2,203.3,4.0,-7.5,0.9,,,,221.6,202.2,19.4,,,,,,,,,,18.1,27.1,11.7,44.7,248.5,-40.8,
7:25:23 PM,42.4864118,-82.8042297,,Full,Jib,Full,Star,Beat,7.7,207.9,199.9,8.0,-8.4,3.6,,,,217.7,200.8,16.9,3.28,13.69,10.00,0.00,48.09,17.29,75.38,0.00,,17.8,28.9,11.6,47.9,250.5,-41.0,-6.25
7:25:24 PM,42.4863791,-82.8042502,19.3,Full,Jib,Full,Star,Beat,8.2,206.3,200.1,6.3,-8.1,1.8,,,,,199.1,,,,,,,,,,0.00,20.5,25.0,14.0,38.2,239.6,-41.5,-4.96
7:25:25 PM,42.4863468,-82.8042677,,Full,Jib,Full,Star,Beat,6.7,207.9,200.8,7.1,-9.5,-1.4,,,,217.8,197.3,20.5,,,,,,,,,,20.5,28.6,14.5,42.7,240.3,-41.5,-5.75
7:25:26 PM,42.486309,-82.8042912,19.2,Full,Jib,Full,Star,Beat,8.1,,,,,,,,,219.2,198.5,20.7,,,,,,,,,,19.4,28.9,13.0,46.1,243.1,-40.2,-6.93
7:25:27 PM,42.4862745,-82.8043132,,Full,Jib,Full,Star,Beat,8.3,,202.5,,-11.0,-1.9,,,,221.1,200.1,21.0,3.28,13.69,10.00,0.00,48.09,17.29,75.65,0.00,,19.3,28.3,12.6,46.5,245.0,-41.0,-6.86
7:25:28 PM,42.48624,-82.8043346,19.4,Full,Jib,Full,Star,Beat,8.2,,201.6,,-10.9,-0.3,,,,219.1,198.9,20.2,,,,,,,,,0.00,19.7,27.1,12.9,44.1,242.7,-41.6,-6.28
7:25:29 PM,42.4862039,-82.8043588,,Full,Jib,Full,Star,Beat,8.8,,202.8,,-10.1,1.3,,,,220.1,199.2,20.9,,,,,,,,,,19.2,29.9,12.4,50.2,249.3,-41.3,-7.15
7:25:30 PM,42.4861669,-82.8043821,19.3,Full,Jib,Full,Star,Beat,8.9,205.5,203.9,1.6,-11.7,0.3,,,,222.2,202.3,19.9,,,,,,,,,,20.4,29.0,13.4,47.5,248.3,-41.5,-6.93
7:25:31 PM,42.4861305,-82.8044067,,Full,Jib,Full,Star,Beat,8.6,206.3,206.3,0.0,-11.4,0.3,,,,227.4,,,3.28,13.69,10.00,0.01,48.09,17.29,74.83,0.00,,21.0,27.5,13.7,45.1,247.3,-41.5,-7.32
7:25:32 PM,42.486095,-82.8044324,19.5,Full,Jib,Full,Star,Beat,8.9,210.8,205.2,5.6,,,,,,,205.4,,,,,,,,,,0.00,22.6,29.0,15.7,44.4,249.5,-41.5,-6.93
7:25:33 PM,42.4860565,-82.8044619,,Full,Jib,Full,Star,Beat,9.0,210.9,205.3,5.6,-12.9,-0.6,,,,229.4,204.5,24.9,,,,,,,,,,,,,,,-41.5,-7.52
7:25:34 PM,42.4860214,-82.8044879,19.7,Full,Jib,Full,Star,Beat,9.3,207.8,205.7,2.1,-12.2,0.6,,,,228.7,203.3,25.4,,,,,,,,,,20.4,28.7,13.7,46.0,250.1,-40.7,-7.55
7:25:35 PM,42.4859871,-82.804509,,Full,Jib,Full,Star,Beat,7.7,207.6,206.0,1.6,-13.5,2.7,,,,228.2,201.2,26.9,3.28,13.69,10.00,0.00,48.09,17.29,73.26,0.00,,20.9,28.3,13.9,45.6,249.7,-40.2,
7:25:36 PM,42.4859524,-82.8045349,19.6,Full,Jib,Full,Star,Beat,8.1,207.6,,,-11.7,1.6,,,,230.0,204.3,25.6,,,,,,,,,0.00,21.5,24.3,14.1,38.9,243.5,,-7.11
7:25:37 PM,42.4859177,-82.8045616,,Full,Jib,Full,Star,Beat,9.1,209.7,207.4,2.3,-11.3,1.4,,,,230.5,203.8,26.7,,,,,,,,,,21.3,24.6,13.8,39.9,244.7,-41.2,-7.30
7:25:38 PM,42.4858818,-82.8045862,19.6,Full,Jib,Full,Star,Beat,9.3,207.1,205.2,1.9,-10.5,0.2,,,,222.4,203.0,19.4,,,,,,,,,,21.5,24.8,14.0,39.9,244.9,-41.2,-7.52
7:25:39 PM,42.4858461,-82.8046132,,Full,Jib,Full,Star,Beat,8.8,208.7,206.5,2.2,-10.8,0.6,,,,223.9,204.9,19.0,3.28,13.69,10.00,0.00,48.09,17.29,75.43,0.00,,21.1,25.7,13.7,41.9,246.8,-41.5,-7.26
7:25:40 PM,42.4858092,-82.8046417,19.4,Full,Jib,Full,Star,Beat,9.3,210.9,208.6,2.3,-9.5,1.3,,,,225.4,205.8,19.6,,,,,,,,,0.00,21.3,23.3,13.4,38.7,244.2,-41.5,-7.94
7:25:41 PM,,,,Full,Jib,Full,Star,Beat,9.1,213.5,209.3,4.1,,,,,,223.0,,,,,,,,,,,,21.5,23.5,13.6,39.0,245.1,-41.5,-7.94
7:25:42 PM,42.4857696,-82.8046744,19.4,Full,Jib,Full,Star,Beat,8.9,210.4,208.8,1.6,-8.7,0.1,,,,223.2,206.6,16.6,,,,,,,,,,21.0,22.2,13.2,36.9,244.4,-41.5,-7.45
7:25:43 PM,42.4857345,-82.8047026,,Full,Jib,Full,Star,Beat,9.0,214.0,210.6,3.3,-7.9,0.6,,,,225.1,207.6,17.5,3.28,13.69,10.00,0.00,48.09,17.29,75.94,0.00,,20.8,21.2,12.9,35.5,242.5,-41.5,
7:25:44 PM,42.4857001,-82.8047345,19.2,Full,Jib,Full,Star,Beat,8.8,212.8,209.5,3.3,-6.4,1.4,,,,,207.4,,,,,,,,,,0.00,,,,,,-41.5,-7.73
7:25:45 PM,42.4856667,-82.8047639,,Full,Jib,Full,Star,Beat,8.1,211.7,209.1,2.5,-7.6,0.9,,,,224.3,206.0,18.3,,,,,,,,,,21.5,21.8,13.9,35.0,243.0,-41.4,-7.38
7:25:46 PM,42.4856345,-82.8047924,19.4,Full,Jib,Full,Star,Beat,8.0,211.1,,,-6.0,1.1,,,,224.1,205.3,18.8,,,,,,,,,,20.8,19.4,13.2,31.5,238.4,-41.3,-6.85
7:25:47 PM,42.4856028,-82.8048196,,Full,Jib,Full,Star,Beat,7.4,208.8,207.0,1.8,-6.1,1.6,,,,222.8,202.3,20.4,3.28,13.69,10.00,0.00,48.09,17.29,75.52,0.00,,21.0,20.1,13.7,31.9,238.1,-41.1,-6.94
7:25:48 PM,42.4855718,-82.8048438,19.3,Full,Jib,Full,Star,Beat,7.8,206.9,204.1,2.8,-6.1,1.6,,,,220.9,199.9,21.0,,,,,,,,,0.00,22.0,19.9,14.8,30.5,235.2,-41.2,-6.51
7:25:49 PM,42.4855411,-82.8048649,19.3,Full,Jib,Full,Star,Beat,8.0,207.1,202.5,4.7,-8.0,0.5,,,,220.9,199.5,21.4,,,,,,,,,,22.5,21.3,15.7,31.5,234.3,-41.2,-7.10
7:25:50 PM,42.48550598,-82.80488877,,Full,Jib,Full,Star,Beat,7.4,206.0,201.0,5.0,-7.7,-2.2,,,,219.9,200.3,19.5,,,,,,,,,,20.1,23.3,13.5,35.9,237.7,-41.4,-5.79
7:25:51 PM,42.48547465,-82.80491066,19.0,Full,Jib,Full,Star,Beat,7.2,204.0,201.0,3.0,-7.6,3.2,,,,219.0,,,,,,,,,,,,20.6,21.6,13.6,33.9,234.0,-40.8,-6.48
7:25:52 PM,42.48544365,-82.80493013,,Full,Jib,Full,Star,Beat,7.7,205.4,199.0,6.4,-6.8,0.8,,,,218.1,197.4,20.7,3.28,13.69,10.00,0.00,48.09,17.29,75.08,0.00,0.00,20.7,23.0,14.3,34.7,233.9,-41.3,-6.26
7:25:53 PM,42.48541222,-82.80494998,19.0,Full,Jib,Full,Star,Beat,7.7,205.0,199.4,5.6,-8.5,0.2,,,,219.4,196.6,22.8,,,,,,,,,,19.5,22.7,12.8,36.0,233.7,-41.1,
7:25:54 PM,42.48537971,-82.8049695,,Full,Jib,Full,Star,Beat,7.5,205.1,202.1,3.0,,,,,,,197.1,,,,,,,,,,,20.1,23.1,13.3,36.3,234.9,-41.2,-6.22
7:25:55 PM,42.48534698,-82.80499061,19.4,Full,Jib,Full,Star,Beat,7.6,208.3,204.1,4.2,-8.2,1.5,,,,222.3,200.7,21.6,3.28,13.69,10.00,0.00,48.09,17.29,75.26,0.00,,18.9,20.9,12.1,33.9,232.2,-41.2,-5.92
7:25:56 PM,42.4853119,-82.8050159,,Full,Jib,Full,Star,Beat,7.5,207.1,,,-7.0,-0.9,,,,223.4,201.3,22.1,,,,,,,,,0.00,18.2,22.9,11.5,37.9,237.3,-40.9,-6.47
7:25:57 PM,42.4852813,-82.8050375,19.4,Full,Jib,Full,Star,Beat,7.6,208.0,202.7,5.3,-7.3,-1.6,,,,222.4,201.3,21.0,,,,,,,,,,19.5,21.0,12.8,33.1,233.9,,-6.27
7:25:58 PM,42.4852495,-82.805059,,Full,Jib,Full,Star,Beat,7.4,206.1,201.6,4.5,-7.8,1.1,,,,220.3,199.2,21.1,,,,,,,,,,19.8,21.4,13.2,33.2,233.9,-40.8,
7:25:59 PM,42.4852192,-82.8050792,19.2,Full,Jib,Full,Star,Beat,7.8,207.0,201.5,5.4,-7.5,-0.6,,,,220.5,199.1,21.4,3.28,13.69,10.00,0.00,48.09,17.29,75.82,0.00,,19.9,14.2,12.8,22.5,221.8,-41.1,-5.86
7:26:00 PM,42.4851871,-82.8050996,,Full,Jib,Full,Star,Beat,7.4,202.6,199.6,3.0,-7.4,-0.8,,,,220.1,197.2,22.8,,,,,,,,,0.00,,,,,,-41.0,-6.33
7:26:01 PM,42.4851562,-82.8051188,19.0,Full,Jib,Full,Star,Beat,7.5,207.0,200.9,6.1,,,,,,,,,,,,,,,,,,20.1,20.2,13.4,31.1,230.2,-41.2,-5.96
7:26:02 PM,42.4851243,-82.8051396,,Full,Jib,Full,Star,Beat,7.3,206.9,199.9,7.0,-7.0,1.1,,,,216.0,198.0,18.0,,,,,,,,,,19.0,21.5,12.2,34.8,231.8,-41.0,-7.12
7:26:03 PM,42.4850893,-82.8051615,19.3,Full,Jib,Full,Star,Beat,7.5,206.9,202.1,4.8,-6.0,-0.2,,,,218.8,199.3,19.5,3.28,13.69,10.00,0.00,48.09,17.29,76.33,0.00,,19.8,19.2,12.8,30.6,227.9,-41.2,-6.50
7:26:04 PM,42.4850577,-82.8051819,,Full,Jib,Full,Star,Beat,7.5,206.8,202.6,4.2,-7.4,-1.6,,,,219.2,199.5,19.7,,,,,,,,,0.00,19.3,22.0,12.6,35.0,233.3,-41.1,
7:26:05 PM,42.4850259,-82.8052028,19.2,Full,Jib,Full,Star,Beat,7.3,207.9,202.0,5.9,-6.8,1.1,,,,218.4,198.6,19.9,,,,,,,,,,18.4,22.4,11.9,35.9,234.9,-41.0,-6.46
7:26:06 PM,42.4849945,-82.8052229,,Full,Jib,Full,Star,Beat,7.2,204.3,201.1,3.2,-6.7,2.2,,,,219.5,198.7,20.8,,,,,,,,,,19.0,21.8,12.3,34.8,233.9,-41.1,-6.06
7:26:07 PM,42.4849639,-82.8052419,19.4,Full,Jib,Full,Star,Beat,7.1,206.0,,,-7.4,-1.2,,,,220.0,199.6,20.3,3.28,13.69,10.00,0.00,48.09,17.29,76.09,0.00,,20.5,20.5,13.9,30.9,229.8,-41.1,-6.02
7:26:08 PM,42.4849326,-82.8052628,,Full,Jib,Full,Star,Beat,7.4,204.3,200.7,3.6,-7.2,-0.1,,,,217.8,198.2,19.6,,,,,,,,,0.00,19.5,21.8,13.1,33.5,232.7,-41.0,-6.31
7:26:09 PM,42.4849021,-82.8052829,19.2,Full,Jib,Full,Star,Beat,7.6,206.2,201.8,4.4,-6.5,1.2,,,,222.2,199.7,22.5,,,,,,,,,,19.6,19.8,12.8,31.3,229.5,-41.1,-5.65
7:26:10 PM,42.4848677,-82.8053061,,Full,Jib,Full,Star,Beat,7.5,207.3,202.2,5.1,-8.3,0.1,,,,222.6,200.4,22.2,,,,,,,,,,20.0,21.2,13.3,33.0,233.0,-40.9,-6.58
7:26:11 PM,42.4848369,-82.8053253,19.2,Full,Jib,Full,Star,Beat,7.6,207.5,201.7,5.7,,,,,,,200.3,,3.28,13.69,10.00,0.00,48.09,17.29,75.17,0.00,,20.0,19.8,13.5,30.1,230.4,-41.0,-6.35
7:26:12 PM,42.4848067,-82.8053467,,Full,Jib,Full,Star,Beat,6.9,203.8,201.9,1.9,-7.1,-0.8,,,,223.6,,,,,,,,,,,0.00,18.7,21.6,12.4,33.9,234.4,-40.5,-5.28
7:26:13 PM,42.4847767,-82.8053653,19.2,Full,Jib,Full,Star,Beat,7.4,206.1,202.9,3.2,-8.5,-0.9,,,,223.4,199.8,23.6,,,,,,,,,,18.7,20.4,12.3,32.0,231.6,-40.9,-5.68
7:26:14 PM,42.4847465,-82.8053859,,Full,Jib,Full,Star,Beat,7.3,208.1,203.4,4.6,-7.9,-0.5,,,,223.5,199.9,23.6,,,,,,,,,,19.8,20.7,13.2,32.0,232.8,-40.9,-6.06
7:26:15 PM,42.4847162,-82.8054063,19.2,Full,Jib,Full,Star,Beat,7.5,207.7,203.2,4.5,-8.0,-0.1,,,,223.6,200.5,23.1,,,,,,,,,,18.7,19.9,12.0,32.1,232.7,-41.0,-6.03
7:26:16 PM,42.4846859,-82.8054272,,Full,Jib,Full,Star,Beat,7.3,205.0,201.8,3.2,-8.0,0.5,,,,224.1,200.1,24.0,3.28,13.69,10.00,0.00,48.09,17.29,75.23,0.00,0.00,,,,,,-41.3,-6.17
7:26:17 PM,42.4846561,-82.8054481,19.3,Full,Jib,Full,Star,Beat,6.7,205.3,,,-7.1,2.6,,,,221.9,200.2,21.7,,,,,,,,,,12.5,36.1,,,,-40.5,-5.80
7:26:18 PM,42.4846222,-82.8054689,,Full,Jib,Full,Star,Beat,,,199.7,,,,,,,,198.1,,,,,,,,,,,19.6,22.1,13.2,33.9,233.7,,-6.60
7:26:19 PM,42.4845924,-82.8054879,19.4,Full,Jib,Full,Star,Beat,7.2,205.1,200.8,4.4,-7.3,1.9,,,,221.6,198.6,23.0,3.28,13.69,10.00,0.00,48.09,17.29,75.69,0.00,,18.2,22.7,11.9,36.2,235.2,-41.1,-5.97
7:26:20 PM,42.4845612,-82.8055076,,Full,Jib,Full,Star,Beat,7.8,204.7,202.0,2.7,-7.7,-1.9,,,,220.6,197.5,23.1,,,,,,,,,0.00,18.7,21.9,12.1,35.1,234.5,-41.1,-6.43
7:26:21 PM,42.4845316,-82.8055247,19.5,Full,Jib,Full,Star,Beat,6.6,201.7,199.1,2.6,-7.4,-0.3,,,,217.5,197.9,19.6,,,,,,,,,,18.2,21.8,12.0,34.3,233.2,-41.1,-6.23
7:26:22 PM,42.4845003,-82.8055442,,Full,Jib,Full,Star,Beat,7.7,205.2,198.8,6.3,-6.1,2.2,,,,218.0,,,,,,,,,,,,16.5,24.3,10.2,41.8,239.2,-40.5,-6.28
7:26:23 PM,42.4844688,-82.8055624,19.4,Full,Jib,Full,Star,Beat,7.4,202.3,200.3,1.9,-8.0,-0.8,,,,218.0,197.3,20.7,3.28,13.69,10.00,0.00,48.09,17.29,75.70,0.00,,18.2,23.9,11.9,38.5,236.9,-40.8,-6.11
7:26:24 PM,42.4844376,-82.8055809,,Full,Jib,Full,Star,Beat,7.5,204.1,203.0,1.2,-6.9,0.0,,,,220.1,198.9,21.2,,,,,,,,,0.00,17.6,23.0,11.2,38.1,236.4,-40.9,-5.47
7:26:25 PM,42.484405,-82.805601,19.3,Full,Jib,Full,Star,Beat,7.9,205.0,203.8,1.1,-7.5,0.4,,,,220.2,201.0,19.1,,,,,,,,,,17.6,23.6,11.0,39.7,240.4,-40.8,-6.65
7:26:26 PM,42.4843697,-82.8056243,,Full,Jib,Full,Star,Beat,7.1,206.0,203.5,2.5,-7.1,0.0,,,,219.5,200.5,19.0,,,,,,,,,,17.9,23.0,11.3,38.2,239.5,-40.9,-6.63
7:26:27 PM,42.4843377,-82.8056455,19.2,Full,Jib,Full,Star,Beat,7.4,208.0,,,-7.7,1.3,,,,217.0,199.4,17.6,3.28,13.69,10.00,0.00,48.09,17.29,76.35,0.00,,17.6,25.4,11.2,42.4,242.0,-40.6,-7.26
7:26:28 PM,42.4843052,-82.8056638,,Full,Jib,Full,Star,Beat,8.2,206.7,200.9,5.9,-6.7,0.4,,,,218.0,198.7,19.3,,,,,,,,,0.00,17.6,23.1,10.9,39.3,237.9,-41.2,-6.09
7:26:29 PM,42.4842718,-82.8056846,19.3,Full,Jib,Full,Star,Beat,8.2,206.7,200.9,5.8,-6.7,2.3,,,,215.8,197.7,18.1,,,,,,,,,,17.2,26.1,10.7,44.7,241.5,-41.1,-7.16
7:26:30 PM,42.484239,-82.8057038,,Full,Jib,Full,Star,Beat,7.5,206.7,199.0,7.8,-6.6,1.5,,,,216.3,197.8,18.6,,,,,,,,,,,,,,,-41.3,-6.46
7:26:31 PM,42.4842075,-82.8057208,19.3,Full,Jib,Full,Star,Beat,7.8,203.0,198.5,4.5,,,,,,,196.5,,3.28,13.69,10.00,0.00,48.09,17.29,76.44,0.00,,17.0,25.3,10.5,43.5,241.5,-41.1,-5.98
7:26:32 PM,42.4841753,-82.8057386,,Full,Jib,Full,Star,Beat,8.3,203.7,197.7,6.1,-6.8,0.3,,,,216.0,195.3,20.7,,,,,,,,,0.00,18.0,25.4,11.4,42.3,239.5,-40.4,-6.72
7:26:33 PM,42.4841443,-82.8057552,19.4,Full,Jib,Full,Star,Beat,6.6,197.7,198.4,-0.7,-8.0,-1.4,,,,214.4,,,,,,,,,,,,19.4,25.5,13.4,38.7,237.1,-40.4,-5.22
7:26:34 PM,42.4841102,-82.8057727,,Full,Jib,Full,Star,Beat,6.8,198.1,200.1,-2.0,-8.2,-0.9,,,,215.6,195.2,20.4,,,,,,,,,,18.4,26.6,12.6,40.9,238.5,-41.3,-5.16
7:26:35 PM,42.4840789,-82.8057916,19.4,Full,Jib,Full,Star,Beat,7.6,200.2,201.4,-1.3,-6.2,0.6,,,,217.9,198.8,19.1,3.28,13.69,10.00,0.00,48.09,17.29,76.49,0.00,,17.7,25.7,11.5,42.2,241.6,-41.1,-5.89
7:26:36 PM,42.4840472,-82.8058103,,Full,Jib,Full,Star,Beat,7.4,203.1,201.2,1.9,-7.9,0.8,,,,217.3,198.8,18.5,,,,,,,,,0.00,18.1,27.6,11.9,44.8,244.1,-41.1,-6.41
7:26:37 PM,42.4840151,-82.8058306,19.2,Full,Jib,Full,Star,Beat,7.6,203.0,202.1,0.9,-6.1,-0.1,,,,216.5,200.4,16.1,,,,,,,,,,18.1,23.4,11.6,38.5,239.0,-40.6,-6.17
7:26:38 PM,42.4839828,-82.8058497,,Full,Jib,Full,Star,Beat,8.0,202.5,,,-7.0,0.6,,,,215.7,199.5,16.3,,,,,,,,,,17.8,24.9,11.4,41.0,241.8,-40.9,-6.56
7:26:39 PM,42.4839512,-82.8058698,19.2,Full,Jib,Full,Star,Beat,7.5,203.8,202.2,1.6,-6.3,-0.3,,,,,199.9,,,,,,,,,,,18.2,23.9,11.7,38.8,239.7,-41.0,-5.93
7:26:40 PM,42.4839188,-82.8058885,19.1,Full,Jib,Full,Star,Beat,7.7,203.8,200.7,3.1,,,,,,218.0,197.3,20.7,3.28,13.69,10.00,0.00,48.09,17.29,76.65,0.00,0.00,18.0,23.1,11.4,38.1,237.8,-41.2,
7:26:41 PM,42.4838829,-82.8059087,,Full,Jib,Full,Star,Beat,7.8,202.3,199.9,2.4,,,,,,,196.6,,,,,,,,,,,17.8,23.6,11.2,39.5,238.9,-41.0,-6.55
7:26:42 PM,42.4838496,-82.8059285,19.4,Full,Jib,Full,Star,Beat,8.1,201.3,200.9,0.5,,,,,,,198.5,,,,,,,,,,,17.9,23.6,11.1,39.9,240.0,,-5.95
7:26:43 PM,42.4838163,-82.8059477,,Full,Jib,Full,Star,Beat,8.1,201.3,201.3,0.0,,,,,,,,,,,,,,,,,,17.8,22.3,11.1,37.6,236.9,-40.2,-6.53
7:26:44 PM,42.4837833,-82.8059676,19.3,Full,Jib,Full,Star,Beat,8.0,206.0,201.5,4.5,,,,,,,198.9,,,,,,,,,,,18.2,23.3,11.4,39.2,238.5,-41.0,-6.89
7:26:45 PM,42.4837505,-82.8059873,,Full,Jib,Full,Star,Beat,8.0,201.6,199.6,2.1,,,,,,,196.2,,,,,,,,,,,18.2,23.7,11.4,40.0,238.3,-41.0,-6.14
7:26:46 PM,42.4837166,-82.8060072,19.4,Full,Jib,Full,Star,Beat,7.9,202.4,199.5,2.9,-8.5,1.1,,,,217.8,196.7,21.1,,,,,,,,,,,,,,,-41.3,-6.84
7:26:47 PM,42.4836813,-82.8060262,,Full,Jib,Full,Star,Beat,8.8,203.0,197.8,5.2,-8.8,0.7,,,,215.5,196.7,18.8,,,,,,,,,,19.0,24.0,11.9,40.1,238.1,-40.2,-7.20
7:26:48 PM,42.4836421,-82.8060475,19.6,Full,Jib,Full,Star,Beat,9.1,203.3,,,-7.9,0.5,,,,215.5,196.1,19.4,3.28,13.69,10.00,0.00,48.09,17.29,76.64,0.00,0.00,18.1,24.6,11.2,42.1,238.7,-41.3,-7.32
7:26:49 PM,42.4836059,-82.8060682,,Full,Jib,Full,Star,Beat,8.6,203.3,198.3,5.0,-9.1,0.2,,,,215.3,196.2,19.2,,,,,,,,,,18.2,24.1,11.0,42.1,238.0,-41.3,-6.72
7:26:50 PM,42.4835689,-82.8060876,19.2,Full,Jib,Full,Star,Beat,7.9,,197.9,,,,,,,,195.2,,,,,,,,,,,18.6,26.2,11.6,45.2,240.6,-41.3,-7.53
7:26:51 PM,42.4835309,-82.8061082,,Full,Jib,Full,Star,Beat,9.3,,197.6,,-8.9,-0.1,,,,213.6,195.0,18.6,,,,,,,,,,19.5,24.1,12.2,40.6,235.5,-41.5,-7.04
7:26:52 PM,42.4834956,-82.8061238,19.2,Full,Jib,Full,Star,Beat,7.7,,194.4,,-9.2,4.4,,,,214.0,193.4,20.6,3.28,13.69,10.00,0.00,48.09,17.29,76.56,0.00,0.00,17.2,28.3,10.9,48.8,241.1,-41.7,-7.08
7:26:53 PM,42.4834601,-82.8061395,19.2,Full,Jib,Full,Star,Beat,8.4,202.1,194.1,8.0,-9.4,2.0,,,,214.4,,,,,,,,,,,,18.6,27.0,11.8,45.6,237.9,-40.9,-7.03
7:26:54 PM,42.483423,-82.8061579,,Full,Jib,Full,Star,Beat,8.6,202.0,195.1,6.9,-9.6,0.4,,,,213.2,192.0,21.2,,,,,,,,,,19.0,26.7,12.2,44.3,235.7,-41.7,-6.94
7:26:55 PM,42.4833863,-82.8061769,19.2,Full,Jib,Full,Star,Beat,8.8,,198.4,,-10.3,-0.1,,,,216.5,193.8,22.6,3.28,13.69,10.00,0.00,48.09,17.29,76.33,0.00,,19.8,27.1,12.8,44.8,237.6,-41.5,-7.53
7:26:56 PM,,,,Full,Jib,Full,Star,Beat,8.6,,200.9,,-9.0,-0.1,,,,217.8,196.2,21.6,,,,,,,,,0.00,19.3,27.1,12.6,44.2,239.4,-41.5,-7.22
7:26:57 PM,42.4833473,-82.8061986,19.3,Full,Jib,Full,Star,Beat,8.0,202.2,203.4,-1.2,,,,,,,199.7,,,,,,,,,,,19.2,26.9,12.5,43.8,242.3,-41.3,-7.36
7:26:58 PM,42.4833125,-82.8062205,,Full,Jib,Full,Star,Beat,8.1,205.6,201.6,4.0,-9.2,-1.2,,,,220.1,201.1,19.0,,,,,,,,,,17.0,29.6,10.8,51.1,250.6,-41.0,-7.44
7:26:59 PM,42.4832793,-82.8062403,19.4,Full,Jib,Full,Star,Beat,7.2,202.5,,,-8.0,4.6,,,,219.6,200.0,19.6,,,,,,,,,,19.8,25.4,13.4,39.6,241.7,-41.5,-5.62
7:27:00 PM,42.4832473,-82.8062598,,Full,Jib,Full,Star,Beat,6.8,202.2,201.0,1.2,-6.7,3.0,,,,217.6,198.7,18.9,3.28,13.69,10.00,0.00,48.09,17.29,75.82,0.00,0.00,23.5,24.3,17.2,34.1,235.4,-41.3,-6.81
7:27:01 PM,42.48321507,-82.80627833,19.2,Full,Jib,Full,Star,Beat,6.4,202.2,201.8,0.4,-8.2,3.0,,,,219.0,197.6,21.3,,,,,,,,,,,,,,,-41.1,-6.67
7:27:02 PM,42.48318575,-82.80629353,,Full,Jib,Full,Star,Beat,7.1,205.3,202.5,2.7,-8.1,1.2,,,,221.6,200.5,21.1,,,,,,,,,,20.0,29.4,14.5,42.8,243.8,-40.6,-6.62
7:27:03 PM,42.48315636,-82.80631133,19.2,Full,Jib,Full,Star,Beat,7.6,207.6,205.0,2.6,-7.9,0.5,,,,222.9,203.3,19.6,,,,,,,,,,19.2,28.2,13.6,41.9,243.2,-40.7,-5.94
7:27:04 PM,42.4831241,-82.8063343,,Full,Jib,Full,Star,Beat,7.0,206.8,205.5,1.2,-7.8,-0.7,,,,223.5,,,3.28,13.69,10.00,0.00,48.09,17.29,76.34,0.00,0.00,18.5,26.9,12.6,41.6,244.1,-40.9,
7:27:05 PM,42.4830947,-82.8063552,19.2,Full,Jib,Full,Star,Beat,7.0,208.6,206.3,2.3,,,,,,,204.3,,,,,,,,,,,18.0,26.0,11.9,41.6,245.9,-40.9,-6.24
7:27:06 PM,42.4830656,-82.8063774,,Full,Jib,Full,Star,Beat,7.4,208.6,205.9,2.6,-6.7,-0.9,,,,222.7,204.1,18.7,,,,,,,,,,19.3,25.1,13.1,38.7,243.5,,-6.34
7:27:07 PM,42.4830358,-82.8063986,18.9,Full,Jib,Full,Star,Beat,6.8,207.5,204.9,2.6,-6.3,1.6,,,,221.8,201.9,19.9,3.28,13.69,10.00,0.00,48.09,17.29,75.87,0.00,,18.4,26.6,12.6,40.9,245.1,-40.9,-6.67
7:27:08 PM,42.4830067,-82.8064191,,Full,Jib,Full,Star,Beat,6.8,205.8,203.8,2.0,-6.7,1.5,,,,221.7,201.5,20.2,,,,,,,,,0.00,18.2,27.6,12.3,43.1,246.6,-41.1,-6.01
7:27:09 PM,42.4829771,-82.8064373,19.1,Full,Jib,Full,Star,Beat,6.6,207.6,,,-7.1,-0.2,,,,223.1,202.7,20.4,,,,,,,,,,19.2,26.2,13.2,39.9,243.5,-40.8,-5.67
7:27:10 PM,42.4829478,-82.8064581,,Full,Jib,Full,Star,Beat,6.8,209.4,205.3,4.1,-6.9,0.1,,,,224.7,204.3,20.4,,,,,,,,,,19.0,26.4,13.0,40.4,244.0,-40.8,-6.68
7:27:11 PM,42.4829188,-82.80648,18.9,Full,Jib,Full,Star,Beat,6.9,208.7,205.6,3.1,,,,,,,203.2,,,,,,,,,,,18.8,25.7,12.9,39.3,243.6,-40.8,-6.68
7:27:12 PM,42.4828874,-82.8065028,,Full,Jib,Full,Star,Beat,7.2,208.2,204.3,3.9,-5.3,0.8,,,,222.1,202.7,19.4,3.28,13.69,10.00,0.00,48.09,17.29,76.06,0.00,0.00,18.9,24.5,12.8,37.9,241.8,-40.8,-6.34
7:27:13 PM,42.4828579,-82.8065232,18.4,Full,Jib,Full,Star,Beat,6.7,205.2,204.2,1.0,-6.5,0.9,,,,222.9,202.6,20.3,,,,,,,,,,18.3,27.0,12.7,40.8,244.5,-40.7,-6.59
7:27:14 PM,42.4828295,-82.8065424,,Full,Jib,Full,Star,Beat,6.8,208.9,205.7,3.2,-6.5,-1.1,,,,223.4,,,,,,,,,,,,17.0,24.5,11.0,39.5,242.5,-41.1,-6.41
7:27:15 PM,42.4828026,-82.806562,19.2,Full,Jib,Full,Star,Beat,7.0,210.9,205.8,5.1,-6.0,-2.3,,,,223.0,202.4,20.5,3.28,13.69,10.00,0.00,48.09,17.29,76.10,0.00,,19.1,22.6,13.0,34.4,237.5,-40.9,-5.88
7:27:16 PM,42.4827741,-82.8065829,,Full,Jib,Full,Star,Beat,6.7,204.4,202.6,1.9,-7.1,-0.7,,,,220.6,201.7,18.9,,,,,,,,,0.00,,,,,,-40.5,-6.28
7:27:17 PM,42.4827458,-82.8066007,18.9,Full,Jib,Full,Star,Beat,6.8,205.5,200.6,4.9,,,,,,,199.8,,,,,,,,,,,19.7,23.1,13.9,33.7,236.9,-41.1,-6.16
7:27:18 PM,42.4827142,-82.8066209,18.7,Full,Jib,Full,Star,Beat,6.2,204.6,199.0,5.7,-6.0,0.1,,,,219.1,197.4,21.7,,,,,,,,,,18.6,23.1,12.7,35.2,236.1,-41.0,-6.52
7:27:19 PM,42.4826847,-82.8066375,,Full,Jib,Full,Star,Beat,7.5,204.7,,,-8.1,-0.3,,,,220.6,197.6,23.0,3.28,13.69,10.00,0.00,48.09,17.29,76.81,0.00,,19.1,24.3,13.0,37.2,235.8,-41.0,-6.66
7:27:20 PM,42.4826537,-82.8066538,19.2,Full,Jib,Full,Star,Beat,7.7,204.7,198.2,6.5,-7.5,-0.3,,,,217.8,195.4,22.4,,,,,,,,,0.00,18.3,24.8,12.0,39.5,236.9,-41.4,-6.57
7:27:21 PM,42.4826219,-82.8066716,,Full,Jib,Full,Star,Beat,7.6,202.0,197.9,4.1,-8.4,0.5,,,,217.2,195.4,21.8,,,,,,,,,,18.5,25.0,12.0,40.5,236.6,-41.3,-7.26
7:27:22 PM,42.4825885,-82.806688,19.4,Full,Jib,Full,Star,Beat,8.2,202.1,197.9,4.2,-8.9,-0.6,,,,218.2,197.1,21.1,,,,,,,,,,18.8,25.0,12.3,40.3,236.5,-41.3,-6.68
7:27:23 PM,42.4825545,-82.8067072,,Full,Jib,Full,Star,Beat,7.2,197.8,199.4,-1.6,-9.3,2.9,,,,218.3,196.4,21.9,,,,,,,,,,17.5,28.3,11.2,47.6,244.4,-41.2,-7.10
7:27:24 PM,42.4825218,-82.8067249,19.5,Full,Jib,Full,Star,Beat,7.6,202.6,200.3,2.3,,,,,,,,,3.28,13.69,10.00,0.00,48.09,17.29,75.16,0.00,0.00,20.1,25.6,13.4,40.4,238.3,-41.5,
7:27:25 PM,42.482489,-82.8067444,,Full,Jib,Full,Star,Beat,8.0,201.0,200.4,0.6,-8.1,3.2,,,,222.0,197.3,24.8,,,,,,,,,,19.7,25.6,13.1,40.6,239.4,-41.4,-7.52
7:27:26 PM,42.4824549,-82.8067618,19.2,Full,Jib,Full,Star,Beat,7.3,199.0,198.1,0.9,-10.9,3.2,,,,221.7,197.4,24.3,,,,,,,,,,19.3,26.8,13.2,41.4,240.6,-41.5,-7.04
7:27:27 PM,42.4824188,-82.806781,,Full,Jib,Full,Star,Beat,,,200.1,,-9.3,0.4,,,,221.3,197.1,24.2,,,,,,,,,,19.5,23.9,12.9,38.0,237.6,-41.6,-5.69
7:27:28 PM,42.4823847,-82.8067996,19.3,Full,Jib,Full,Star,Beat,7.7,202.1,198.6,3.4,-9.7,1.1,,,,218.5,197.2,21.3,3.28,13.69,10.00,0.00,48.09,17.29,75.45,0.00,0.00,19.5,25.0,12.9,39.8,238.7,-41.6,-6.65
7:27:29 PM,42.4823508,-82.8068176,,Full,Jib,Full,Star,Beat,7.7,200.6,198.5,2.1,-9.1,0.9,,,,217.2,197.1,20.1,,,,,,,,,,19.2,24.2,12.3,39.8,237.7,-41.6,-6.31
7:27:30 PM,42.4823154,-82.806837,19.2,Full,Jib,Full,Star,Beat,7.8,202.1,,,,,,,,,196.9,,,,,,,,,,,19.4,26.4,12.6,43.2,240.3,-41.6,-6.85
7:27:31 PM,42.482279,-82.8068533,19.2,Full,Jib,Full,Star,Beat,8.5,202.0,198.2,3.8,-10.5,2.1,,,,218.4,197.7,20.7,,,,,,,,,,,,,,,,-6.91
7:27:32 PM,42.4822415,-82.8068711,,Full,Jib,Full,Star,Beat,8.3,,199.5,,-11.6,2.3,,,,219.3,198.4,20.9,3.28,13.69,10.00,0.00,48.09,17.29,76.10,0.00,0.00,19.7,26.0,12.6,43.3,241.5,-42.0,-7.32
7:27:33 PM,42.482203,-82.8068917,19.6,Full,Jib,Full,Star,Beat,9.4,,201.6,,-11.9,1.5,,,,220.8,199.6,21.2,,,,,,,,,,20.5,25.5,13.1,42.3,241.8,-42.2,
7:27:34 PM,42.4821616,-82.8069168,,Full,Jib,Full,Star,Beat,8.7,204.0,203.2,0.8,,,,,,,199.8,,,,,,,,,,,21.2,23.6,13.6,38.6,238.3,-42.0,-7.49
7:27:35 PM,42.4821245,-82.8069406,19.4,Full,Jib,Full,Star,Beat,8.7,203.3,201.8,1.6,-10.0,0.0,,,,222.1,,,,,,,,,,,,20.4,17.7,12.3,30.4,230.5,-41.5,-8.07
7:27:36 PM,42.4820882,-82.8069615,,Full,Jib,Full,Star,Beat,8.3,200.9,201.2,-0.3,-8.4,1.7,,,,217.9,197.9,19.9,3.28,13.69,10.00,0.00,48.09,17.29,76.19,0.00,0.00,21.2,24.0,13.9,38.5,239.4,-41.5,-8.11
7:27:37 PM,42.4820523,-82.8069839,19.3,Full,Jib,Full,Star,Beat,8.6,,199.8,,-8.4,1.6,,,,219.7,199.2,20.5,,,,,,,,,,20.8,25.4,13.5,41.4,241.1,-41.6,-7.43
7:27:38 PM,42.4820161,-82.8070037,,Full,Jib,Full,Star,Beat,9.0,,201.2,,-10.1,-0.2,,,,216.9,198.6,18.3,,,,,,,,,,21.5,24.7,14.3,38.7,238.9,-41.6,-6.80
7:27:39 PM,42.4819812,-82.807025,19.4,Full,Jib,Full,Star,Beat,8.5,,200.2,,-8.3,0.6,,,,218.2,198.7,19.5,,,,,,,,,,20.4,23.6,13.1,38.7,239.7,-41.6,-7.20
7:27:40 PM,42.481947,-82.8070459,,Full,Jib,Full,Star,Beat,8.2,,,,-8.8,0.2,,,,216.8,198.4,18.4,3.28,13.69,10.00,0.00,48.09,17.29,76.00,0.00,0.00,20.8,24.1,13.7,38.2,238.3,-41.6,-7.70
7:27:41 PM,42.4819115,-82.807065,19.4,Full,Jib,Full,Star,Beat,8.5,,200.2,,-9.6,0.0,,,,215.8,197.6,18.3,,,,,,,,,,20.3,24.6,13.4,39.1,238.4,-41.6,-7.76
7:27:42 PM,42.4818728,-82.8070864,,Full,Jib,Full,Star,Beat,8.0,,200.2,,-8.2,1.9,,,,214.1,196.5,17.7,,,,,,,,,,19.2,24.2,12.1,40.6,239.5,-41.7,-7.42
7:27:43 PM,42.481838,-82.8071052,19.5,Full,Jib,Full,Star,Beat,7.9,,198.2,,-9.6,0.2,,,,214.5,196.5,18.1,3.28,13.70,10.00,0.00,48.09,17.18,76.62,0.00,,19.7,24.8,12.6,41.1,239.1,-41.7,-7.26
7:27:44 PM,42.4818009,-82.8071237,19.3,Full,Jib,Full,Star,Beat,8.4,,197.7,,,,,,,,195.8,,,,,,,,,,0.00,20.2,26.4,13.1,43.1,241.0,-41.7,-7.61
7:27:45 PM,42.4817632,-82.8071416,,Full,Jib,Full,Star,Beat,8.6,199.5,198.5,1.0,-10.9,-0.2,,,,214.4,,,,,,,,,,,,,,,,,-41.7,-7.31
7:27:46 PM,42.4817258,-82.8071609,19.2,Full,Jib,Full,Star,Beat,8.2,199.4,199.7,-0.3,-9.4,1.2,,,,212.9,195.5,17.3,,,,,,,,,,18.5,27.7,11.6,47.4,244.9,-41.8,-6.94
7:27:47 PM,42.4816884,-82.8071801,,Full,Jib,Full,Star,Beat,9.0,199.4,199.1,0.3,-9.4,2.7,,,,214.4,196.3,18.1,3.28,13.70,10.00,0.00,48.09,17.18,76.73,0.00,,20.2,26.8,12.9,44.8,243.6,-41.9,-6.81
7:27:48 PM,42.4816501,-82.8071992,19.4,Full,Jib,Full,Star,Beat,9.1,,199.7,,-9.2,2.3,,,,214.3,196.6,17.6,,,,,,,,,0.00,21.3,26.6,14.1,42.5,241.4,-42.0,-7.37
7:27:49 PM,42.4816079,-82.8072219,,Full,Jib,Full,Star,Beat,9.0,,198.7,,-10.3,0.9,,,,216.3,197.8,18.5,,,,,,,,,,21.5,26.6,14.2,42.8,242.4,-42.0,-7.87
7:27:50 PM,42.4815703,-82.807242,19.7,Full,Jib,Full,Star,Beat,8.5,201.0,,,-9.9,-0.8,,,,215.1,197.9,17.1,,,,,,,,,,20.4,27.9,13.4,45.1,244.0,-42.0,-6.89
7:27:51 PM,42.4815325,-82.8072614,,Full,Jib,Full,Star,Beat,8.7,203.7,200.1,3.6,,,,,,,197.1,,,,,,,,,,,20.6,27.9,13.5,45.5,243.1,-42.1,-7.51
7:27:52 PM,42.4814938,-82.8072809,19.6,Full,Jib,Full,Star,Beat,8.9,201.3,200.2,1.0,,,,,,,197.8,,,,,,,,,,,20.7,28.1,13.4,46.5,245.7,-42.1,-8.34
7:27:53 PM,42.4814558,-82.8073032,,Full,Jib,Full,Star,Beat,8.6,204.8,201.1,3.7,,,,,,,198.7,,,,,,,,,,,20.6,28.1,13.5,45.9,244.2,-41.9,-8.09
7:27:54 PM,42.4814176,-82.8073241,19.4,Full,Jib,Full,Star,Beat,9.3,,201.1,,-11.0,0.1,,,,214.1,198.9,15.2,3.28,13.70,10.00,0.00,48.09,17.18,76.85,0.00,0.00,20.8,26.9,13.5,44.2,242.2,-42.0,-8.55
7:27:55 PM,42.4813802,-82.8073465,,Full,Jib,Full,Star,Beat,8.5,,203.0,,,,,,,,,,,,,,,,,,,20.8,26.3,13.5,43.3,242.6,-42.1,-8.40
7:27:56 PM,42.4813458,-82.8073682,19.4,Full,Jib,Full,Star,Beat,7.7,,202.9,,,,,,,,200.4,,,,,,,,,,,20.8,25.9,13.8,41.3,241.7,-42.1,-7.14
7:27:57 PM,42.4813083,-82.8073925,,Full,Jib,Full,Star,Beat,7.9,,202.9,,,,,,,,200.6,,,,,,,,,,,20.8,26.1,14.1,40.4,241.2,-41.9,-7.72
7:27:58 PM,42.4812743,-82.807415,19.5,Full,Jib,Full,Star,Beat,9.0,,202.8,,-9.5,-0.5,,,,217.9,202.1,15.9,,,,,,,,,,20.6,26.8,14.0,41.7,243.3,,
7:27:59 PM,42.4812407,-82.8074373,19.6,Full,Jib,Full,Star,Beat,8.2,,203.9,,-9.9,-0.3,,,,218.7,201.4,17.3,3.28,13.70,10.00,0.00,48.09,17.18,76.75,0.00,,20.4,24.4,13.4,38.8,241.1,-41.6,-7.06
7:28:00 PM,42.4812065,-82.80746,,Full,Jib,Full,Star,Beat,8.1,205.8,,,-8.9,0.4,,,,218.3,200.5,17.9,,,,,,,,,0.00,,,,,,-41.9,-7.48
7:28:01 PM,42.4811702,-82.8074794,19.6,Full,Jib,Full,Star,Beat,8.8,204.8,202.2,2.6,-10.4,1.3,,,,215.3,198.0,17.3,,,,,,,,,,21.0,25.0,13.9,39.6,242.1,-41.9,-8.03
7:28:02 PM,42.4811332,-82.8075007,,Full,Jib,Full,Star,Beat,8.7,204.3,200.7,3.6,,,,,,,200.3,,,,,,,,,,,20.4,26.2,13.5,42.1,242.4,-41.9,-7.57
7:28:03 PM,42.4810971,-82.8075228,19.5,Full,Jib,Full,Star,Beat,8.8,,203.4,,-10.4,1.2,,,,219.5,201.9,17.6,3.28,13.70,10.00,0.00,48.09,17.18,76.11,0.00,,20.4,25.6,13.1,42.0,242.7,-41.9,-8.03
7:28:04 PM,42.4810582,-82.8075509,,Full,Jib,Full,Star,Beat,8.6,,205.3,,-9.3,0.1,,,,220.7,202.6,18.1,,,,,,,,,0.00,20.2,24.2,12.9,39.8,242.6,-41.9,-7.59
7:28:05 PM,,,19.4,Full,Jib,Full,Star,Beat,7.7,,203.3,,-9.3,2.0,,,,218.9,,,,,,,,,,,,19.5,26.4,12.5,43.8,247.6,-41.9,-6.75
7:28:06 PM,42.481025,-82.8075732,,Full,Jib,Full,Star,Beat,8.1,,203.5,,-9.8,2.3,,,,218.5,202.4,16.2,,,,,,,,,,21.5,23.0,14.1,36.5,241.1,-41.6,
7:28:07 PM,42.4809905,-82.8075958,19.2,Full,Jib,Full,Star,Beat,8.3,205.9,204.4,1.6,-8.9,-0.8,,,,219.0,200.0,19.0,3.28,13.70,10.00,0.00,48.09,17.18,75.96,0.00,,21.3,25.3,14.4,38.9,241.8,-41.9,-7.86
7:28:08 PM,42.4809564,-82.8076186,,Full,Jib,Full,Star,Beat,7.7,206.7,203.3,3.4,,,,,,,202.1,,,,,,,,,,0.00,19.9,24.0,12.7,39.6,242.3,-41.9,-7.61
7:28:09 PM,42.4809219,-82.807642,19.1,Full,Jib,Full,Star,Beat,7.8,207.1,202.2,4.9,-8.8,0.2,,,,216.4,200.1,16.3,,,,,,,,,,20.1,24.6,13.0,39.9,241.1,-41.9,-8.20
7:28:10 PM,42.4808875,-82.8076626,,Full,Jib,Full,Star,Beat,8.3,206.3,,,-7.6,-0.9,,,,216.7,200.7,16.0,,,,,,,,,,20.1,23.1,12.8,38.1,239.4,-41.7,-8.10
7:28:11 PM,42.4808518,-82.8076855,19.0,Full,Jib,Full,Star,Beat,7.8,202.9,201.2,1.7,-9.1,0.4,,,,214.7,198.5,16.1,3.28,13.70,10.00,0.00,48.09,17.18,75.85,0.00,,21.4,23.5,14.3,36.5,237.9,-41.8,-7.76
7:28:12 PM,42.4808176,-82.8077056,,Full,Jib,Full,Star,Beat,7.4,203.4,200.6,2.8,-7.7,1.9,,,,215.0,197.1,17.9,,,,,,,,,0.00,20.7,23.6,13.8,36.9,236.5,-41.7,-8.27
7:28:13 PM,42.4807843,-82.807724,18.7,Full,Jib,Full,Star,Beat,7.9,,199.4,,-8.3,1.5,,,,213.4,193.9,19.5,,,,,,,,,,20.6,25.3,13.9,39.5,236.3,-41.8,-7.23
7:28:14 PM,42.48074661,-82.80774319,19.0,Full,Jib,Full,Star,Beat,8.0,,196.7,,-9.2,0.7,,,,211.0,192.7,18.3,,,,,,,,,,,,,,,-42.0,-7.19
7:28:15 PM,42.48071123,-82.80775945,,Full,Jib,Full,Star,Beat,8.5,,195.4,,-8.4,0.4,,,,210.5,192.9,17.6,3.28,13.70,10.00,0.00,48.09,17.18,76.50,0.00,,19.7,26.1,13.0,42.0,235.9,-42.2,-7.52
7:28:16 PM,42.4806746,-82.80777685,19.2,Full,Jib,Full,Star,Beat,9.0,201.2,195.4,5.8,,,,,,,,,,,,,,,,,0.00,20.2,25.2,13.0,41.3,233.5,-41.9,
7:28:17 PM,42.48063727,-82.80779374,,Full,Jib,Full,Star,Beat,9.0,199.8,197.4,2.4,-9.4,1.6,,,,210.4,193.4,17.0,,,,,,,,,,19.6,25.6,12.4,43.1,237.3,-41.9,-8.15
7:28:18 PM,42.48059953,-82.8078115,19.3,Full,Jib,Full,Star,Beat,8.6,198.2,199.2,-1.0,-10.0,1.7,,,,212.7,195.8,16.9,,,,,,,,,,20.1,25.7,12.7,43.2,238.7,-41.9,-8.06
7:28:19 PM,42.48056156,-82.80783079,,Full,Jib,Full,Star,Beat,8.9,198.2,200.4,-2.2,-8.8,0.1,,,,214.4,198.3,16.1,3.28,13.70,10.00,0.00,48.09,17.18,76.18,0.00,,20.5,23.4,12.9,39.0,237.9,-41.9,-7.54
7:28:20 PM,42.4805196,-82.8078548,19.2,Full,Jib,Full,Star,Beat,8.8,199.8,199.5,0.2,-8.7,0.6,,,,214.2,197.9,16.4,,,,,,,,,0.00,20.1,24.4,12.6,41.2,241.5,,-7.80
7:28:21 PM,42.4804815,-82.8078757,,Full,Jib,Full,Star,Beat,8.9,198.9,,,-10.5,1.0,,,,211.9,196.5,15.4,,,,,,,,,,21.4,25.9,14.0,41.7,240.7,-41.9,-7.96
7:28:22 PM,42.4804431,-82.807895,19.5,Full,Jib,Full,Star,Beat,8.7,200.3,200.4,-0.1,-9.0,0.5,,,,214.6,199.0,15.6,,,,,,,,,,21.0,23.6,13.4,39.0,239.2,-41.9,-8.00
7:28:23 PM,42.4804051,-82.8079157,,Full,Jib,Full,Star,Beat,9.0,203.7,202.6,1.1,-8.4,2.5,,,,216.8,200.1,16.7,3.28,13.70,10.00,0.00,48.09,17.18,76.02,0.00,,20.5,24.0,12.7,41.2,240.7,-42.0,-9.03
7:28:24 PM,42.4803677,-82.807938,19.6,Full,Jib,Full,Star,Beat,9.3,204.5,203.5,1.0,-10.2,2.7,,,,,200.7,,,,,,,,,,0.00,23.3,25.1,15.6,39.4,240.9,-41.7,-8.32
7:28:25 PM,42.4803302,-82.80796,,Full,Jib,Full,Star,Beat,8.4,202.0,203.7,-1.7,,,,,,217.6,203.0,14.5,,,,,,,,,,24.7,22.9,17.0,34.3,238.3,-41.8,-7.28
7:28:26 PM,42.4802941,-82.8079823,19.6,Full,Jib,Full,Star,Beat,8.2,,205.3,,-8.9,1.2,,,,220.6,,,,,,,,,,,,23.9,23.1,16.3,35.0,240.7,-41.9,-7.56
7:28:27 PM,42.4802584,-82.8080059,,Full,Jib,Full,Star,Beat,8.7,,205.7,,-9.6,0.1,,,,220.9,203.7,17.1,3.28,13.70,10.00,0.00,48.09,17.18,75.90,0.00,,21.1,24.4,13.9,38.8,244.8,-41.9,-7.99
7:28:28 PM,42.4802199,-82.80803,19.6,Full,Jib,Full,Star,Beat,8.4,,205.9,,-9.5,-1.1,,,,218.7,201.8,16.9,,,,,,,,,0.00,,,,,,-42.0,-6.48
7:28:29 PM,42.4801861,-82.8080548,,Full,Jib,Full,Star,Beat,8.3,,205.9,,-8.4,-0.2,,,,220.0,203.4,16.7,,,,,,,,,,20.5,20.3,13.0,33.2,240.2,-41.5,-7.28
7:28:30 PM,42.4801526,-82.8080773,19.4,Full,Jib,Full,Star,Beat,8.3,,205.2,,-9.4,0.6,,,,218.7,202.3,16.4,,,,,,,,,,20.9,22.8,13.6,36.7,244.0,-41.5,
7:28:31 PM,42.4801195,-82.808098,,Full,Jib,Full,Star,Beat,8.7,,,,-8.8,1.2,,,,225.6,204.7,20.9,3.28,13.70,10.00,0.00,48.09,17.18,74.83,0.00,,21.2,20.3,13.9,31.7,238.3,-41.7,-6.98
7:28:32 PM,42.480086,-82.8081232,18.9,Full,Jib,Full,Star,Beat,7.7,,206.2,,,,,,,,202.3,,,,,,,,,,0.00,20.2,21.7,12.8,35.6,243.8,-41.6,-8.00
7:28:33 PM,42.4800535,-82.8081446,19.1,Full,Jib,Full,Star,Beat,7.5,,205.5,,-9.5,-0.2,,,,223.2,201.6,21.6,,,,,,,,,,20.9,20.6,13.8,32.2,239.4,-41.6,-7.36
7:28:34 PM,42.4800211,-82.8081666,,Full,Jib,Full,Star,Beat,7.7,204.8,205.0,-0.2,-8.8,-0.1,,,,221.7,202.6,19.2,,,,,,,,,,21.7,19.7,14.6,30.1,236.2,-41.6,-6.76
7:28:35 PM,42.4799889,-82.8081885,19.2,Full,Jib,Full,Star,Beat,8.1,207.1,205.5,1.6,-8.7,-0.3,,,,222.0,201.8,20.2,3.28,13.70,10.00,0.00,48.09,17.18,76.10,0.00,,21.9,21.3,14.9,32.4,236.7,-41.6,-7.18
7:28:36 PM,42.4799535,-82.8082115,,Full,Jib,Full,Star,Beat,7.9,205.6,203.6,2.0,-8.8,0.7,,,,218.2,,,,,,,,,,,0.00,22.7,20.6,15.8,30.3,234.4,-41.7,-6.52
7:28:37 PM,42.4799221,-82.808234,19.4,Full,Jib,Full,Star,Beat,7.7,205.7,203.3,2.4,-8.2,2.1,,,,219.2,202.3,16.9,,,,,,,,,,20.9,21.6,14.1,33.1,236.3,-41.5,-7.22
7:28:38 PM,42.479891,-82.8082558,,Full,Jib,Full,Star,Beat,7.2,205.2,203.6,1.6,-9.2,-0.9,,,,219.6,202.2,17.5,,,,,,,,,,20.2,22.2,13.6,34.3,237.6,-41.6,-7.30
7:28:39 PM,42.4798608,-82.8082768,19.4,Full,Jib,Full,Star,Beat,8.1,206.4,205.1,1.3,-8.2,-0.7,,,,220.3,202.1,18.2,3.28,13.70,10.00,0.00,48.09,17.18,75.94,0.00,,22.1,20.9,15.2,31.3,234.5,-41.6,-7.30
7:28:40 PM,42.4798289,-82.8082994,,Full,Jib,Full,Star,Beat,8.7,207.3,205.3,2.0,-9.5,0.3,,,,220.2,202.8,17.3,,,,,,,,,0.00,22.1,22.5,15.1,34.0,237.9,-41.6,-7.49
7:28:41 PM,42.4797966,-82.8083218,19.4,Full,Jib,Full,Star,Beat,8.1,,,,-9.4,-0.6,,,,223.6,204.2,19.3,,,,,,,,,,,,,,,-41.6,-6.98
7:28:42 PM,42.4797639,-82.8083459,,Full,Jib,Full,Star,Beat,8.0,,207.4,,-9.5,-0.2,,,,222.4,203.8,18.6,,,,,,,,,,21.9,21.9,14.9,33.2,238.2,-41.7,-7.76
7:28:43 PM,42.4797312,-82.8083692,19.4,Full,Jib,Full,Star,Beat,7.5,208.9,207.1,1.7,,,,,,,205.5,,3.28,13.70,10.00,0.00,48.09,17.18,75.87,0.00,,22.5,22.2,15.4,33.5,239.5,-41.7,-7.75
7:28:44 PM,42.4796958,-82.8083946,,Full,Jib,Full,Star,Beat,,,208.2,,-9.7,1.1,,,,224.2,206.6,17.6,,,,,,,,,0.00,21.7,22.6,14.7,34.6,240.9,,
7:28:45 PM,42.4796638,-82.8084194,19.2,Full,Jib,Full,Star,Beat,8.0,210.6,206.8,3.8,-9.1,1.4,,,,224.0,203.9,20.1,,,,,,,,,,22.0,22.0,14.8,33.9,240.7,-41.7,-7.78
7:28:46 PM,42.479632,-82.8084421,,Full,Jib,Full,Star,Beat,7.8,,206.7,,-9.0,-1.3,,,,222.8,,,,,,,,,,,,23.0,20.8,16.0,30.7,236.8,-41.8,-6.77
7:28:47 PM,42.4796002,-82.808464,19.3,Full,Jib,Full,Star,Beat,7.7,,205.0,,-9.9,-1.9,,,,221.7,202.4,19.3,3.28,13.70,10.00,0.00,48.09,17.18,76.02,0.00,,22.9,22.3,16.1,32.7,237.8,-41.7,-6.71
7:28:48 PM,42.4795685,-82.8084836,19.4,Full,Jib,Full,Star,Beat,7.3,,203.1,,-10.0,0.4,,,,218.7,200.3,18.4,,,,,,,,,0.00,21.2,23.6,14.6,35.5,238.2,-41.8,-7.01
7:28:49 PM,42.4795357,-82.8085047,,Full,Jib,Full,Star,Beat,8.5,204.6,202.1,2.5,-10.4,0.8,,,,219.0,200.2,18.8,,,,,,,,,,21.4,23.6,14.6,35.7,238.9,-42.0,-7.35
7:28:50 PM,42.4795023,-82.8085241,19.6,Full,Jib,Full,Star,Beat,8.1,204.8,202.1,2.6,-10.8,1.4,,,,219.0,201.2,17.8,,,,,,,,,,22.1,23.2,15.1,35.3,238.0,-42.2,
7:28:51 PM,42.4794654,-82.8085454,,Full,Jib,Full,Star,Beat,8.0,204.8,,,,,,,,220.2,200.8,19.4,3.28,13.70,10.00,0.00,48.09,17.18,75.96,0.00,,22.7,23.5,15.8,34.9,237.7,-42.1,-7.55
7:28:52 PM,42.4794303,-82.8085693,19.4,Full,Jib,Full,Star,Beat,8.0,202.8,204.4,-1.6,-10.3,-0.4,,,,,201.4,,,,,,,,,,0.00,21.6,23.2,14.4,36.4,240.4,-42.1,-7.79
7:28:53 PM,42.4793952,-82.8085906,,Full,Jib,Full,Star,Beat,8.0,202.8,203.3,-0.4,-11.4,-0.7,,,,218.1,201.4,16.7,,,,,,,,,,22.3,23.5,14.9,36.6,240.4,-42.2,-7.41
7:28:54 PM,42.4793602,-82.8086103,19.4,Full,Jib,Full,Star,Beat,8.2,202.4,202.5,-0.1,-11.1,1.2,,,,219.2,201.5,17.7,,,,,,,,,,22.8,22.0,15.4,33.6,236.5,-42.2,-7.32
7:28:55 PM,42.4793254,-82.8086314,,Full,Jib,Full,Star,Beat,8.5,205.8,201.4,4.4,-10.1,2.5,,,,218.9,,,3.28,13.70,10.00,0.00,48.09,17.18,75.66,0.00,,22.6,23.1,15.6,34.5,237.5,-41.9,-7.98
7:28:56 PM,42.4792895,-82.8086531,19.5,Full,Jib,Full,Star,Beat,8.5,202.4,203.1,-0.7,-11.7,0.0,,,,220.5,200.7,19.9,,,,,,,,,0.00,21.2,24.3,14.3,37.7,240.2,-42.0,
7:28:57 PM,42.4792552,-82.8086733,,Full,Jib,Full,Star,Beat,8.4,202.8,204.4,-1.6,-11.3,-1.0,,,,220.9,200.8,20.1,,,,,,,,,,21.3,23.1,14.0,36.6,240.4,-42.3,-7.53
7:28:58 PM,42.4792198,-82.8086949,19.2,Full,Jib,Full,Star,Beat,8.2,202.8,203.6,-0.8,-10.4,1.2,,,,219.8,201.3,18.5,,,,,,,,,,,,,,,-42.2,-7.51
7:28:59 PM,42.4791819,-82.8087196,19.2,Full,Jib,Full,Star,Beat,7.9,202.8,201.1,1.7,-9.9,2.8,,,,218.3,201.6,16.7,3.28,13.70,10.00,0.00,48.09,17.18,76.00,0.00,,22.0,22.2,14.9,33.9,237.7,-42.1,-7.35
7:29:00 PM,42.4791467,-82.8087369,,Full,Jib,Full,Star,Beat,7.7,202.8,,,-11.1,-0.1,,,,,197.8,,,,,,,,,,0.00,20.9,23.8,13.9,37.4,240.2,-42.3,
7:29:01 PM,42.4791113,-82.8087553,19.0,Full,Jib,Full,Star,Beat,8.4,200.1,200.4,-0.2,,,,,,217.5,199.3,18.2,,,,,,,,,,21.6,22.7,14.4,35.4,236.3,-42.2,-7.74
7:29:02 PM,42.479075,-82.8087728,,Full,Jib,Full,Star,Beat,8.2,200.6,200.5,0.1,-11.2,1.4,,,,217.4,196.4,21.0,,,,,,,,,,21.2,25.3,14.0,40.2,241.0,-42.4,-8.37
7:29:03 PM,42.4790373,-82.8087933,19.0,Full,Jib,Full,Star,Beat,8.8,203.4,200.6,2.9,-11.7,-1.4,,,,217.2,199.0,18.2,3.28,13.70,10.00,0.00,48.09,17.18,75.79,0.00,,21.0,23.8,13.5,38.7,238.4,-42.3,-7.11
7:29:04 PM,42.4790001,-82.8088133,,Full,Jib,Full,Star,Beat,8.5,201.7,201.8,-0.1,-12.7,0.9,,,,217.9,202.5,15.3,,,,,,,,,0.00,20.6,26.0,13.4,42.2,242.5,-42.4,-7.94
7:29:05 PM,42.4789628,-82.8088381,19.3,Full,Jib,Full,Star,Beat,9.2,206.3,205.0,1.3,-11.5,1.6,,,,221.1,,,,,,,,,,,,21.8,24.4,14.1,39.5,241.1,,-8.48
7:29:06 PM,42.4789262,-82.8088644,,Full,Jib,Full,Star,Beat,9.0,204.1,206.9,-2.8,-10.5,0.6,,,,222.3,203.7,18.6,,,,,,,,,,22.7,23.9,14.9,38.1,243.2,-42.4,-8.74
7:29:07 PM,42.4788858,-82.8088934,19.3,Full,Jib,Full,Star,Beat,8.4,205.8,205.9,-0.2,-10.1,0.5,,,,219.5,203.9,15.6,3.28,13.70,10.00,0.00,48.09,17.18,76.00,0.00,,22.8,23.2,15.1,36.6,242.1,-42.4,-9.18
7:29:08 PM,42.47885,-82.8089195,,Full,Jib,Full,Star,Beat,8.6,205.8,205.6,0.2,-7.2,0.7,,,,220.3,203.5,16.8,,,,,,,,,0.00,22.3,20.8,14.3,33.5,239.3,-42.3,-8.46
7:29:09 PM,42.4788145,-82.8089444,19.2,Full,Jib,Full,Star,Beat,9.0,205.8,202.9,2.9,-8.4,0.4,,,,216.1,202.6,13.5,,,,,,,,,,22.6,23.4,14.9,37.0,241.9,-42.3,-8.57
7:29:10 PM,42.4787789,-82.8089673,,Full,Jib,Full,Star,Beat,9.0,205.0,,,,,,,,,200.5,,,,,,,,,,,22.6,22.2,15.0,34.5,237.7,-42.1,-8.34
7:29:11 PM,42.4787437,-82.8089895,19.2,Full,Jib,Full,Star,Beat,8.1,202.6,201.3,1.3,-8.7,0.5,,,,216.5,199.8,16.7,3.28,13.70,10.00,0.00,48.09,17.18,76.12,0.00,,20.8,21.9,13.1,36.5,237.6,-42.1,-8.51
7:29:12 PM,42.4787087,-82.8090092,,Full,Jib,Full,Star,Beat,8.4,200.4,200.6,-0.2,-9.9,0.2,,,,215.7,198.2,17.4,,,,,,,,,0.00,21.0,22.2,13.7,35.4,236.3,-41.6,-8.49
7:29:13 PM,42.4786733,-82.809031,19.2,Full,Jib,Full,Star,Beat,7.8,204.5,200.9,3.7,-8.5,-0.3,,,,217.0,199.1,18.0,,,,,,,,,,,,,,,-41.9,-7.43
7:29:14 PM,42.4786384,-82.8090508,,Full,Jib,Full,Star,Beat,8.0,201.0,199.7,1.3,-8.6,-1.0,,,,216.4,198.3,18.1,,,,,,,,,,20.4,21.3,12.9,35.0,234.4,-41.9,-7.79
7:29:15 PM,42.4786005,-82.8090721,19.1,Full,Jib,Full,Star,Beat,8.3,203.4,199.3,4.1,-8.7,-0.1,,,,215.3,,,3.28,13.70,10.00,0.00,48.09,17.18,75.96,0.00,,21.5,20.7,14.1,32.8,232.2,-41.7,-7.38
7:29:16 PM,42.4785654,-82.809092,,Full,Jib,Full,Star,Beat,8.1,202.4,200.1,2.2,,,,,,,196.8,,,,,,,,,,0.00,21.2,21.5,14.0,33.6,232.9,-41.9,-7.29
7:29:17 PM,42.4785306,-82.8091101,19.3,Full,Jib,Full,Star,Beat,8.2,200.9,197.5,3.4,-9.2,0.8,,,,216.5,197.1,19.4,,,,,,,,,,20.6,23.3,13.5,37.4,235.8,-41.9,-7.75
7:29:18 PM,42.4784952,-82.8091306,,Full,Jib,Full,Star,Beat,8.4,198.7,198.1,0.6,-7.8,-0.3,,,,213.0,196.0,17.0,,,,,,,,,,22.0,20.6,14.5,32.2,231.1,-42.0,-7.60
7:29:19 PM,42.4784596,-82.8091481,19.2,Full,Jib,Full,Star,Beat,9.5,200.6,196.7,3.9,-9.1,0.8,,,,213.2,194.8,18.4,3.28,13.70,10.00,0.00,48.09,17.18,76.67,0.00,,22.9,23.3,15.6,35.5,232.3,-42.0,-8.27
7:29:20 PM,42.4784238,-82.8091663,,Full,Jib,Full,Star,Beat,8.5,201.0,,,-8.1,0.3,,,,213.4,195.8,17.6,,,,,,,,,0.00,23.5,21.2,16.0,32.0,228.1,-42.0,-7.46
7:29:21 PM,42.4783875,-82.809186,19.2,Full,Jib,Full,Star,Beat,8.9,201.0,198.9,2.1,-9.0,1.5,,,,213.7,196.2,17.6,,,,,,,,,,23.7,22.4,16.1,34.2,231.5,-42.0,-7.79
7:29:22 PM,,,,Full,Jib,Full,Star,Beat,9.0,203.1,196.9,6.2,-7.5,-0.3,,,,213.5,196.0,17.5,,,,,,,,,,24.1,20.8,16.8,30.7,227.5,-41.9,-7.32
7:29:23 PM,42.478348,-82.8092068,19.2,Full,Jib,Full,Star,Beat,7.9,198.2,197.2,0.9,-9.8,-0.4,,,,213.9,195.9,18.0,3.28,13.70,10.00,0.00,48.09,17.18,76.62,0.00,,25.0,23.0,17.8,33.4,230.4,-41.6,-7.48
7:29:24 PM,42.4783127,-82.809225,19.2,Full,Jib,Full,Star,Beat,8.1,201.4,199.1,2.3,,,,,,,197.8,,,,,,,,,,0.00,24.9,21.8,17.6,31.6,228.9,-41.8,-7.46
7:29:25 PM,42.4782782,-82.8092444,,Full,Jib,Full,Star,Beat,8.8,203.4,199.9,3.5,-8.5,0.7,,,,215.6,,,,,,,,,,,,25.0,22.3,17.9,32.1,229.5,-41.9,-7.89
7:29:26 PM,42.4782437,-82.8092645,19.2,Full,Jib,Full,Star,Beat,8.2,203.4,199.0,4.4,-10.5,0.8,,,,215.7,196.8,18.9,,,,,,,,,,25.5,24.3,18.5,34.6,232.0,-42.3,-7.82
7:29:27 PM,42.4782083,-82.8092824,,Full,Jib,Full,Star,Beat,8.1,203.4,204.5,-1.1,-12.5,-1.2,,,,218.6,200.2,18.3,3.28,13.70,10.00,0.00,48.09,17.18,76.50,0.00,,24.2,24.3,17.0,36.0,236.8,,-7.89
7:29:28 PM,42.4781707,-82.8093034,19.6,Full,Jib,Full,Star,Beat,9.3,207.8,207.7,0.0,-13.0,-0.1,,,,222.7,203.6,19.0,,,,,,,,,0.00,24.9,23.3,17.4,34.5,238.0,-42.3,-8.35
7:29:29 PM,42.47813159,-82.80933065,19.6,Full,Jib,Full,Star,Beat,8.2,209.9,209.1,0.8,,,,,,,206.7,,,,,,,,,,,25.6,20.7,17.7,30.6,236.4,-42.5,
7:29:30 PM,42.47809677,-82.80935766,,Full,Jib,Full,Star,Beat,8.2,207.9,208.7,-0.8,-11.2,-0.3,,,,226.6,206.0,20.6,,,,,,,,,,,,,,,-42.3,-8.35
7:29:31 PM,42.47806329,-82.80938452,19.4,Full,Jib,Full,Star,Beat,8.4,211.1,,,-9.1,0.4,,,,227.1,205.7,21.4,3.28,13.70,10.00,0.00,48.09,17.18,75.60,0.00,,24.8,19.2,17.0,28.7,236.3,-42.2,-7.93
7:29:32 PM,42.47803091,-82.80941152,,Full,Jib,Full,Star,Beat,7.8,209.6,207.4,2.3,-7.4,0.9,,,,224.5,202.8,21.6,,,,,,,,,0.00,24.6,17.6,17.0,26.0,232.7,-42.0,-8.09
7:29:33 PM,42.47799878,-82.80943529,19.2,Full,Jib,Full,Star,Beat,8.2,205.8,202.9,2.9,-9.6,0.7,,,,221.1,199.8,21.3,,,,,,,,,,25.0,18.9,17.7,27.3,233.5,-42.0,-7.43
7:29:34 PM,42.47796575,-82.80945461,,Full,Jib,Full,Star,Beat,7.6,201.0,200.9,0.1,-10.5,-1.6,,,,222.7,200.9,21.8,,,,,,,,,,23.0,22.7,16.3,33.0,236.2,-42.0,-7.42
7:29:35 PM,42.4779336,-82.80947356,19.2,Full,Jib,Full,Star,Beat,7.2,204.6,202.8,1.8,-11.4,-0.4,,,,223.2,201.5,21.7,3.28,13.70,10.00,0.00,48.09,17.18,75.75,0.00,,23.1,21.6,15.9,32.3,233.6,-42.2,-7.78
7:29:36 PM,42.4778976,-82.8094969,,Full,Jib,Full,Star,Beat,7.3,207.0,204.8,2.2,,,,,,,,,,,,,,,,,0.00,24.4,21.6,17.3,31.2,233.4,-42.2,-7.58
7:29:37 PM,42.4778656,-82.8095208,19.3,Full,Jib,Full,Star,Beat,8.0,206.6,204.9,1.7,-10.2,-0.3,,,,225.3,203.3,22.0,,,,,,,,,,24.2,20.5,17.0,29.8,233.4,-42.2,-8.44
7:29:38 PM,42.4778328,-82.809545,19.2,Full,Jib,Full,Star,Beat,8.1,206.6,204.2,2.4,-9.8,0.2,,,,223.5,202.1,21.4,,,,,,,,,,24.6,21.8,17.3,31.8,235.8,-42.2,-7.83
7:29:39 PM,42.4777987,-82.8095685,19.2,Full,Jib,Full,Star,Beat,7.9,205.9,,,-9.5,1.1,,,,222.9,201.3,21.6,3.28,13.70,10.00,0.00,48.09,17.18,76.22,0.00,,23.5,21.3,16.4,31.4,234.9,-42.2,
7:29:40 PM,42.4777654,-82.8095905,,Full,Jib,Full,Star,Beat,8.5,207.6,203.9,3.6,-10.3,0.3,,,,225.3,202.0,23.3,,,,,,,,,0.00,23.4,23.4,16.1,35.4,238.0,-42.2,-7.82
7:29:41 PM,42.4777307,-82.809613,19.2,Full,Jib,Full,Star,Beat,9.0,202.9,201.4,1.5,-11.9,-1.1,,,,224.9,200.2,24.6,,,,,,,,,,23.6,23.1,16.2,34.9,238.2,-42.3,-8.19
7:29:42 PM,42.4776962,-82.8096353,,Full,Jib,Full,Star,Beat,8.4,204.1,203.4,0.7,-12.1,0.3,,,,224.7,200.9,23.8,,,,,,,,,,23.0,23.7,15.7,36.1,239.1,-42.3,-8.28
7:29:43 PM,42.4776614,-82.8096575,19.6,Full,Jib,Full,Star,Beat,8.5,207.9,205.3,2.6,-10.6,-0.1,,,,226.1,203.5,22.6,3.28,13.70,10.00,0.00,48.09,17.18,75.84,0.00,,24.2,21.4,16.4,32.6,236.1,-42.4,-7.97
7:29:44 PM,42.4776229,-82.8096855,,Full,Jib,Full,Star,Beat,8.1,207.4,204.3,3.1,,,,,,,200.6,,,,,,,,,,0.00,,,,,,-42.4,-8.23
7:29:45 PM,42.4775885,-82.8097081,19.5,Full,Jib,Full,Star,Beat,7.8,205.1,203.7,1.4,-11.0,-0.2,,,,223.1,201.1,22.0,,,,,,,,,,24.0,21.9,16.6,32.5,235.1,-42.5,-7.87
7:29:46 PM,42.4775535,-82.8097321,,Full,Jib,Full,Star,Beat,8.5,205.2,203.3,1.9,-11.2,0.4,,,,222.8,,,,,,,,,,,,23.9,22.3,16.4,33.6,236.8,-42.5,-7.46
7:29:47 PM,42.4775175,-82.8097552,19.3,Full,Jib,Full,Star,Beat,9.4,205.2,203.0,2.2,-11.9,-0.5,,,,221.6,200.4,21.2,3.28,13.70,10.00,0.00,48.09,17.18,76.64,0.00,,23.9,22.4,16.4,33.7,236.5,-42.5,-8.10
7:29:48 PM,42.4774803,-82.8097785,,Full,Jib,Full,Star,Beat,9.2,205.2,200.8,4.4,-11.9,1.2,,,,218.9,200.0,18.9,,,,,,,,,0.00,23.6,22.9,15.9,35.4,237.7,-42.7,-9.00
7:29:49 PM,42.4774416,-82.8098012,19.4,Full,Jib,Full,Star,Beat,9.4,205.5,,,-11.6,0.1,,,,219.0,199.2,19.8,,,,,,,,,,23.7,21.8,15.6,34.4,235.0,-42.7,-8.81
7:29:50 PM,42.4774017,-82.8098237,,Full,Jib,Full,Star,Beat,8.7,205.2,202.9,2.3,-10.5,0.7,,,,219.9,200.2,19.7,,,,,,,,,,21.7,22.7,13.7,37.7,238.1,-42.6,-9.01
7:29:51 PM,42.47736,-82.8098483,19.6,Full,Jib,Full,Star,Beat,9.2,201.3,202.7,-1.3,,,,,,217.4,200.2,17.3,3.28,13.70,10.00,0.00,48.09,17.18,76.94,0.00,,20.9,21.4,12.8,36.8,236.9,-42.6,-9.32
7:29:52 PM,42.4773156,-82.8098739,,Full,Jib,Full,Star,Beat,,,199.4,,-10.5,1.3,,,,,197.7,,,,,,,,,,0.00,23.1,24.9,15.2,39.7,239.8,,-8.71
7:29:53 PM,42.477275,-82.8098967,19.4,Full,Jib,Full,Star,Beat,9.6,203.1,201.9,1.2,-11.9,0.3,,,,218.7,200.0,18.7,,,,,,,,,,23.0,24.2,14.9,39.0,239.3,-42.7,-8.76
7:29:54 PM,42.4772356,-82.809921,,Full,Jib,Full,Star,Beat,9.3,204.9,203.4,1.5,-11.3,0.2,,,,220.2,200.3,19.8,,,,,,,,,,22.9,22.6,14.6,37.1,237.6,-42.7,-9.11
7:29:55 PM,42.4771958,-82.8099476,19.5,Full,Jib,Full,Star,Beat,9.5,204.1,201.8,2.4,-9.4,0.7,,,,216.4,199.7,16.8,,,,,,,,,,23.3,21.8,14.8,35.6,236.6,-42.7,-8.86
7:29:56 PM,42.4771562,-82.809973,,Full,Jib,Full,Star,Beat,9.2,205.6,201.0,4.6,-9.7,0.7,,,,216.7,,,3.28,13.70,10.00,0.00,48.09,17.18,76.63,0.00,0.00,,,,,,-42.7,-9.19
7:29:57 PM,42.4771157,-82.8099968,19.4,Full,Jib,Full,Star,Beat,9.4,202.9,200.2,2.7,-10.5,0.2,,,,215.5,198.2,17.2,,,,,,,,,,23.0,23.4,14.9,38.0,238.6,-42.7,-9.05
7:29:58 PM,42.4770751,-82.8100198,,Full,Jib,Full,Star,Beat,9.2,202.9,200.8,2.1,-10.9,-0.5,,,,215.9,197.9,18.0,,,,,,,,,,22.6,23.8,14.6,38.8,238.4,-42.7,-8.96
7:29:59 PM,42.4770314,-82.8100453,19.6,Full,Jib,Full,Star,Beat,9.4,202.9,,,-10.4,0.2,,,,215.8,198.5,17.3,3.28,13.70,10.00,0.00,48.09,17.18,76.30,0.00,,22.5,23.2,14.4,37.9,237.6,-42.7,-9.24
7:30:00 PM,42.4769913,-82.8100695,,Full,Jib,Full,Star,Beat,9.1,202.9,201.1,1.8,-11.1,0.9,,,,213.5,198.0,15.6,,,,,,,,,0.00,23.0,23.2,14.9,37.5,237.5,-42.7,-8.99
7:30:01 PM,42.4769519,-82.8100909,19.6,Full,Jib,Full,Star,Beat,9.1,202.9,198.9,4.0,,,,,,,197.3,,,,,,,,,,,22.8,24.3,14.8,39.2,237.8,-42.7,-8.01
7:30:02 PM,42.4769119,-82.8101102,,Full,Jib,Full,Star,Beat,9.1,201.8,199.6,2.1,-11.4,1.2,,,,215.0,198.0,16.9,,,,,,,,,,22.2,24.0,14.3,39.1,237.6,-42.7,-8.23
7:30:03 PM,42.4768725,-82.8101345,19.6,Full,Jib,Full,Star,Beat,9.4,207.1,201.8,5.3,-10.3,0.6,,,,215.8,198.6,17.2,3.28,13.70,10.00,0.00,48.09,17.18,76.61,0.00,,22.5,23.0,14.3,37.9,236.0,-42.5,-8.79
7:30:04 PM,42.476833,-82.8101565,,Full,Jib,Full,Star,Beat,9.3,203.0,201.0,2.0,-10.6,0.6,,,,214.3,199.4,14.9,,,,,,,,,0.00,22.7,23.4,14.7,37.9,237.5,-42.6,-8.90
7:30:05 PM,42.4767932,-82.8101801,19.4,Full,Jib,Full,Star,Beat,9.4,204.9,200.6,4.3,-10.6,1.0,,,,214.3,198.5,15.8,,,,,,,,,,22.2,23.5,14.2,38.7,237.7,-42.6,-8.98
7:30:06 PM,42.4767488,-82.8102055,,Full,Jib,Full,Star,Beat,9.6,204.4,200.2,4.1,-9.6,1.5,,,,214.0,,,,,,,,,,,,22.2,23.0,14.1,37.9,237.2,-42.6,-8.93
7:30:07 PM,42.4767049,-82.8102301,19.5,Full,Jib,Full,Star,Beat,8.9,203.0,198.3,4.7,-10.1,1.2,,,,211.3,196.9,14.3,3.28,13.70,10.00,0.00,48.09,17.18,76.93,0.00,,22.6,23.5,14.5,38.5,236.4,-42.5,-8.42
7:30:08 PM,42.4766659,-82.8102492,,Full,Jib,Full,Star,Beat,8.6,203.6,199.2,4.5,-10.3,-0.6,,,,,194.9,,,,,,,,,,0.00,23.1,22.9,15.1,36.6,233.8,-42.5,-8.17
7:30:09 PM,42.4766266,-82.8102712,19.6,Full,Jib,Full,Star,Beat,8.7,202.8,198.9,3.8,,,,,,213.3,197.1,16.2,,,,,,,,,,22.4,23.6,14.4,38.4,235.9,-42.5,-8.22
7:30:10 PM,42.4765871,-82.810292,19.6,Full,Jib,Full,Star,Beat,9.3,202.1,,,-10.8,0.1,,,,212.2,196.7,15.5,,,,,,,,,,21.8,24.2,14.0,39.8,237.7,-42.5,-8.84
7:30:11 PM,42.4765483,-82.8103124,,Full,Jib,Full,Star,Beat,9.2,201.3,198.7,2.6,-10.3,1.0,,,,213.2,197.8,15.4,3.28,13.70,10.00,0.00,48.09,17.18,76.54,0.00,,,,,,,-42.5,-8.63
7:30:12 PM,42.4765056,-82.8103371,19.5,Full,Jib,Full,Star,Beat,9.5,201.3,200.1,1.1,-9.4,0.6,,,,212.6,197.4,15.2,,,,,,,,,0.00,22.4,22.0,14.3,35.9,234.7,-42.6,-8.76
7:30:13 PM,42.4764666,-82.8103561,,Full,Jib,Full,Star,Beat,9.2,199.0,197.1,1.8,-9.8,1.0,,,,209.3,195.0,14.3,,,,,,,,,,22.3,23.3,14.3,38.1,236.5,-42.6,-7.67
7:30:14 PM,42.4764223,-82.8103742,19.5,Full,Jib,Full,Star,Beat,9.2,196.0,195.8,0.1,-11.2,0.6,,,,208.3,191.8,16.5,,,,,,,,,,23.1,24.2,15.1,38.8,236.1,-42.7,-8.49
7:30:15 PM,,,,Full,Jib,Full,Star,Beat,9.6,196.7,196.3,0.3,-12.8,-0.3,,,,211.4,195.7,15.6,3.28,13.70,10.00,0.00,48.09,17.18,77.06,0.00,,23.5,25.0,15.5,39.7,236.3,-42.8,-8.49
7:30:16 PM,42.4763808,-82.810392,19.7,Full,Jib,Full,Star,Beat,9.4,202.3,200.5,1.8,-13.1,0.8,,,,,,,,,,,,,,,0.00,22.6,26.3,14.7,43.0,239.8,,-9.11
7:30:17 PM,42.4763389,-82.8104142,19.7,Full,Jib,Full,Star,Beat,9.2,199.1,198.4,0.7,-11.5,0.3,,,,216.0,198.0,18.0,,,,,,,,,,22.2,24.4,14.1,40.4,237.8,-42.8,-9.09
7:30:18 PM,42.4762984,-82.8104342,,Full,Jib,Full,Star,Beat,9.2,201.6,200.1,1.5,-10.4,0.6,,,,212.0,197.1,14.9,,,,,,,,,,22.2,23.9,14.0,39.8,237.4,-42.5,-9.54
7:30:19 PM,42.4762571,-82.8104558,19.6,Full,Jib,Full,Star,Beat,9.5,202.5,201.4,1.1,-11.3,0.1,,,,212.3,198.0,14.4,3.28,13.70,10.00,0.00,48.09,17.18,76.85,0.00,,22.9,25.8,15.0,41.8,240.4,-42.5,-8.86
7:30:20 PM,42.476216,-82.8104781,,Full,Jib,Full,Star,Beat,9.7,204.4,,,-9.9,0.9,,,,214.6,199.6,14.9,,,,,,,,,0.00,22.0,25.1,13.9,42.3,241.4,-42.5,-8.86
7:30:21 PM,42.4761748,-82.8105019,19.5,Full,Jib,Full,Star,Beat,9.3,203.6,200.6,3.0,,,,,,212.0,198.3,13.8,,,,,,,,,,22.5,26.3,14.6,43.2,242.9,-42.5,-9.45
7:30:22 PM,42.4761333,-82.8105235,,Full,Jib,Full,Star,Beat,9.7,202.9,199.4,3.5,-10.5,1.3,,,,,198.9,,,,,,,,,,,23.3,26.0,15.3,42.1,241.6,-42.5,-9.25
7:30:23 PM,42.47608838,-82.81054799,19.5,Full,Jib,Full,Star,Beat,7.9,203.2,200.9,2.3,-10.7,2.3,,,,214.2,200.2,14.0,3.28,13.70,10.00,0.00,48.09,17.18,76.11,0.00,,23.2,25.7,15.5,40.5,241.1,-42.3,-8.44
7:30:24 PM,42.47604978,-82.81057039,,Full,Jib,Full,Star,Beat,8.9,,203.9,,-10.5,1.0,,,,217.3,203.0,14.4,,,,,,,,,0.00,,,,,,-42.5,-8.70
7:30:25 PM,42.4760113,-82.81059552,19.6,Full,Jib,Full,Star,Beat,8.8,,203.5,,-9.7,2.2,,,,219.1,200.6,18.6,,,,,,,,,,22.9,25.0,15.0,40.3,243.9,-42.5,-8.85
7:30:26 PM,42.47597403,-82.8106198,,Full,Jib,Full,Star,Beat,9.1,,202.9,,-10.5,0.1,,,,217.3,,,,,,,,,,,,23.3,24.5,15.7,38.0,241.6,-42.5,
7:30:27 PM,42.47593624,-82.81064128,19.6,Full,Jib,Full,Star,Beat,9.8,204.1,204.6,-0.5,-12.3,-0.3,,,,219.2,199.8,19.4,3.28,13.70,10.00,0.00,48.09,17.18,75.82,0.00,,22.1,26.7,14.8,42.0,244.8,-42.5,-8.43
7:30:28 PM,42.4758985,-82.81066413,,Full,Jib,Full,Star,Beat,8.6,206.1,207.7,-1.7,-11.4,-0.3,,,,221.0,202.6,18.3,,,,,,,,,0.00,22.1,26.8,14.8,42.4,246.0,-42.5,-8.25
7:30:29 PM,42.47586269,-82.81068936,19.6,Full,Jib,Full,Star,Beat,9.3,206.6,207.9,-1.3,-11.2,0.2,,,,221.3,205.6,15.7,,,,,,,,,,21.9,24.6,14.2,39.8,243.8,-42.4,-8.78
7:30:30 PM,42.4758229,-82.8107183,19.6,Full,Jib,Full,Star,Beat,9.3,206.6,,,-10.1,0.8,,,,224.2,206.8,17.4,,,,,,,,,,22.3,23.9,14.6,38.2,245.6,-42.5,-8.61
7:30:31 PM,42.4757877,-82.8107472,,Full,Jib,Full,Star,Beat,8.6,206.6,208.9,-2.3,-9.5,1.0,,,,220.8,206.4,14.4,3.28,13.70,10.00,0.00,48.09,17.18,76.17,0.00,,22.7,23.9,14.9,38.1,247.3,-42.5,-8.80
7:30:32 PM,42.4757522,-82.8107756,19.6,Full,Jib,Full,Star,Beat,8.9,207.1,207.7,-0.6,,,,,,,205.3,,,,,,,,,,0.00,22.6,22.6,14.9,35.7,244.0,-42.5,-8.54
7:30:33 PM,42.4757172,-82.8108035,,Full,Jib,Full,Star,Beat,8.4,206.5,206.7,-0.1,-8.3,0.4,,,,220.6,202.8,17.8,,,,,,,,,,22.3,23.6,14.8,37.2,244.2,-42.2,
7:30:34 PM,42.4756821,-82.8108285,19.3,Full,Jib,Full,Star,Beat,8.3,208.4,206.3,2.2,-8.4,-0.5,,,,219.0,203.1,15.9,,,,,,,,,,22.1,22.5,14.6,35.6,240.7,-42.2,-8.01
7:30:35 PM,42.475647,-82.8108542,,Full,Jib,Full,Star,Beat,8.6,205.0,203.3,1.7,-8.8,0.0,,,,217.1,200.7,16.4,3.28,13.70,10.00,0.00,48.09,17.18,76.14,0.00,,21.9,25.1,14.8,39.0,243.1,-42.2,-8.19
7:30:36 PM,42.475609,-82.8108796,19.2,Full,Jib,Full,Star,Beat,8.3,206.2,203.9,2.3,-8.1,-0.5,,,,217.4,,,,,,,,,,,0.00,20.9,25.2,13.6,40.7,243.3,-42.2,-8.87
7:30:37 PM,42.4755743,-82.8109029,,Full,Jib,Full,Star,Beat,8.8,206.5,202.6,3.9,-8.4,-1.3,,,,216.8,200.3,16.5,,,,,,,,,,,,,,,-42.3,-8.11
7:30:38 PM,42.4755386,-82.8109257,19.2,Full,Jib,Full,Star,Beat,8.0,203.4,200.4,2.9,-9.3,-1.1,,,,215.5,199.1,16.4,,,,,,,,,,21.7,24.4,14.3,38.9,240.5,-42.2,-7.60
7:30:39 PM,42.4755042,-82.8109474,,Full,Jib,Full,Star,Beat,7.5,203.5,200.7,2.8,-9.4,0.7,,,,215.9,199.0,16.9,,,,,,,,,,22.5,24.1,15.3,36.9,237.4,-42.2,-8.30
7:30:40 PM,42.4754684,-82.810969,19.5,Full,Jib,Full,Star,Beat,8.8,203.7,,,,,,,,,198.6,,3.28,13.70,10.00,0.00,48.09,17.18,76.28,0.00,0.00,21.4,26.0,14.4,40.8,240.7,,-8.19
7:30:41 PM,42.4754322,-82.8109909,,Full,Jib,Full,Star,Beat,8.5,203.7,201.7,2.0,-8.9,0.3,,,,217.4,199.5,18.0,,,,,,,,,,21.8,24.4,14.4,38.6,239.0,-42.2,-8.58
7:30:42 PM,42.4753965,-82.8110131,19.4,Full,Jib,Full,Star,Beat,9.0,205.0,200.6,4.4,-8.5,1.9,,,,216.6,199.4,17.2,,,,,,,,,,20.7,25.5,13.5,41.0,241.2,-42.2,-8.06
7:30:43 PM,42.47536,-82.8110357,19.4,Full,Jib,Full,Star,Beat,8.4,204.1,200.4,3.7,-9.0,1.2,,,,217.8,198.6,19.2,3.28,13.70,10.00,0.00,48.09,17.18,75.95,0.00,,21.2,25.4,14.1,40.1,239.9,-42.2,-7.35
7:30:44 PM,42.475321,-82.8110593,,Full,Jib,Full,Star,Beat,8.2,204.7,201.2,3.5,-9.0,1.1,,,,217.8,199.6,18.1,,,,,,,,,0.00,21.0,25.8,13.9,41.1,240.7,-42.2,-8.05
7:30:45 PM,42.4752863,-82.8110814,19.6,Full,Jib,Full,Star,Beat,9.1,205.6,202.8,2.8,-9.1,0.7,,,,219.0,200.8,18.2,,,,,,,,,,20.8,26.0,13.6,42.1,242.3,-42.2,-8.39
7:30:46 PM,42.47525,-82.8111045,,Full,Jib,Full,Star,Beat,8.5,205.3,202.9,2.5,-9.5,0.7,,,,219.3,,,,,,,,,,,,20.9,26.0,13.6,42.6,244.1,-42.2,-8.37
7:30:47 PM,42.4752136,-82.8111276,19.4,Full,Jib,Full,Star,Beat,8.6,206.4,203.5,2.9,-9.5,0.7,,,,219.4,200.5,18.9,3.28,13.70,10.00,0.00,48.09,17.18,76.35,0.00,,20.6,26.3,13.2,43.8,245.3,-42.2,-9.12
7:30:48 PM,42.4751763,-82.8111523,,Full,Jib,Full,Star,Beat,8.7,206.6,202.4,4.1,,,,,,,200.0,,,,,,,,,,0.00,20.8,24.5,13.2,40.7,242.0,-42.2,
7:30:49 PM,42.4751388,-82.8111773,19.4,Full,Jib,Full,Star,Beat,9.0,203.4,201.0,2.4,-8.8,0.1,,,,219.4,199.8,19.6,,,,,,,,,,20.8,26.6,13.4,44.1,245.2,-42.2,-8.42
7:30:50 PM,42.4751018,-82.8111997,,Full,Jib,Full,Star,Beat,9.0,207.7,,,-9.9,1.3,,,,217.9,200.1,17.8,,,,,,,,,,20.8,23.7,13.0,40.2,240.5,-42.2,-8.57
7:30:51 PM,42.4750646,-82.8112251,19.2,Full,Jib,Full,Star,Beat,8.8,207.2,203.8,3.5,-9.2,2.4,,,,220.6,200.8,19.8,3.28,13.70,10.00,0.00,48.09,17.18,75.53,0.00,,,,,,,-42.1,-8.28
7:30:52 PM,42.4750258,-82.8112504,,Full,Jib,Full,Star,Beat,,,204.3,,-8.6,1.3,,,,221.1,201.3,19.9,,,,,,,,,0.00,21.7,23.8,14.1,38.5,240.0,-42.3,-8.29
7:30:53 PM,42.4749906,-82.8112748,19.2,Full,Jib,Full,Star,Beat,8.4,206.6,203.7,2.9,-10.2,0.5,,,,220.3,201.6,18.8,,,,,,,,,,21.5,24.8,14.0,40.1,242.3,-42.3,-8.70
7:30:54 PM,42.4749548,-82.8112991,,Full,Jib,Full,Star,Beat,8.8,207.0,204.4,2.6,-9.7,-0.2,,,,221.2,202.6,18.6,,,,,,,,,,21.9,24.1,14.4,38.6,241.2,-42.3,
7:30:55 PM,42.4749188,-82.8113247,19.4,Full,Jib,Full,Star,Beat,8.9,208.1,202.5,5.6,-9.1,-0.1,,,,218.0,200.4,17.6,3.28,13.70,10.00,0.00,48.09,17.18,75.72,0.00,,22.7,22.6,14.9,35.8,238.2,-42.3,-8.47
7:30:56 PM,42.4748829,-82.8113489,,Full,Jib,Full,Star,Beat,8.8,206.5,201.7,4.8,-9.8,0.7,,,,218.1,,,,,,,,,,,0.00,22.5,23.1,14.8,36.6,238.7,-42.3,-8.61
7:30:57 PM,42.4748469,-82.8113721,19.3,Full,Jib,Full,Star,Beat,8.4,207.6,202.1,5.5,,,,,,,199.4,,,,,,,,,,,22.6,23.4,15.0,36.7,236.9,-42.4,-8.20
7:30:58 PM,42.4748111,-82.8113951,,Full,Jib,Full,Star,Beat,8.2,,200.7,,-9.9,1.2,,,,218.4,199.6,18.7,,,,,,,,,,22.1,23.0,14.5,36.5,236.0,-42.3,-8.29
7:30:59 PM,42.4747707,-82.8114195,19.5,Full,Jib,Full,Star,Beat,8.1,,203.0,,-10.5,0.2,,,,216.9,199.0,17.8,3.28,13.70,10.00,0.00,48.09,17.18,75.93,0.00,,22.4,23.0,14.9,35.9,234.7,-42.4,-8.18
7:31:00 PM,42.4747347,-82.8114437,,Full,Jib,Full,Star,Beat,8.5,,,,-9.1,-0.5,,,,220.0,201.8,18.3,,,,,,,,,0.00,22.4,21.3,14.6,33.8,233.7,-42.4,-8.81
7:31:01 PM,42.4746989,-82.8114676,19.6,Full,Jib,Full,Star,Beat,8.6,,202.5,,-10.1,1.1,,,,218.1,199.9,18.2,,,,,,,,,,23.5,22.9,15.9,35.1,235.4,-42.6,-8.45
7:31:02 PM,42.474663,-82.8114927,,Full,Jib,Full,Star,Beat,9.6,,203.3,,-9.4,1.6,,,,218.8,200.1,18.8,,,,,,,,,,21.9,23.4,14.2,37.6,238.1,-42.6,-8.35
7:31:03 PM,42.4746271,-82.811518,19.6,Full,Jib,Full,Star,Beat,9.0,,203.6,,-10.2,1.0,,,,220.2,201.8,18.4,3.28,13.70,10.00,0.00,48.09,17.18,75.92,0.00,,22.1,23.0,14.3,37.0,237.9,,-8.56
7:31:04 PM,42.4745904,-82.8115436,19.6,Full,Jib,Full,Star,Beat,8.7,207.1,205.6,1.6,,,,,,,203.3,,,,,,,,,,0.00,22.0,22.9,14.2,37.1,239.4,-42.6,-8.66
7:31:05 PM,42.4745539,-82.8115702,,Full,Jib,Full,Star,Beat,8.8,207.6,205.4,2.1,-10.8,0.1,,,,222.3,202.5,19.7,,,,,,,,,,21.3,20.9,13.4,34.5,237.5,-42.6,-8.60
7:31:06 PM,42.4745174,-82.8115964,19.5,Full,Jib,Full,Star,Beat,8.6,207.2,205.1,2.1,-9.7,-0.7,,,,221.6,,,,,,,,,,,,,,,,,-42.5,-8.80
7:31:07 PM,42.4744792,-82.8116211,19.4,Full,Jib,Full,Star,Beat,7.8,203.0,203.6,-0.6,-9.3,1.2,,,,219.1,200.6,18.5,3.28,13.70,10.00,0.00,48.09,17.18,74.74,0.00,,19.6,22.1,12.2,37.1,240.0,-42.1,-7.84
7:31:08 PM,42.4744444,-82.8116432,,Full,Jib,Full,Star,Beat,7.7,206.2,203.0,3.2,-9.2,1.0,,,,221.1,200.5,20.6,,,,,,,,,0.00,20.4,20.4,12.8,33.7,235.4,-42.2,-7.75
7:31:09 PM,42.4744104,-82.8116661,19.3,Full,Jib,Full,Star,Beat,8.6,206.2,202.4,3.8,-9.2,0.5,,,,220.3,199.9,20.4,,,,,,,,,,22.5,21.4,15.2,32.9,234.5,-42.2,-8.09
7:31:10 PM,42.4743766,-82.8116878,,Full,Jib,Full,Star,Beat,8.2,206.8,,,-9.0,1.1,,,,218.3,199.4,18.8,,,,,,,,,,22.4,21.7,15.1,33.1,233.9,-42.2,-8.18
7:31:11 PM,42.4743432,-82.8117085,19.3,Full,Jib,Full,Star,Beat,7.8,205.4,201.0,4.4,-8.6,0.7,,,,218.7,198.6,20.1,3.28,13.70,10.00,0.00,48.09,17.18,75.34,0.00,,23.0,21.7,15.8,32.5,232.9,-42.2,-7.93
7:31:12 PM,42.4743092,-82.8117304,,Full,Jib,Full,Star,Beat,7.5,206.1,201.7,4.4,-9.6,0.9,,,,,199.7,,,,,,,,,,0.00,21.3,22.7,14.2,35.3,234.7,-42.2,-7.83
7:31:13 PM,42.4742764,-82.8117511,19.3,Full,Jib,Full,Star,Beat,8.1,204.8,202.2,2.6,,,,,,221.0,200.5,20.5,,,,,,,,,,21.5,21.8,14.4,33.8,234.0,-42.1,-7.74
7:31:14 PM,42.4742397,-82.8117768,,Full,Jib,Full,Star,Beat,8.3,207.8,204.3,3.5,-9.4,0.6,,,,222.9,200.7,22.3,,,,,,,,,,21.0,22.1,13.8,34.8,235.3,-42.1,-8.18
7:31:15 PM,42.4742076,-82.8117998,19.2,Full,Jib,Full,Star,Beat,8.0,205.4,203.3,2.1,-8.9,0.4,,,,220.4,200.0,20.5,3.28,13.70,10.00,0.00,48.09,17.18,75.91,0.00,,21.8,21.2,14.6,32.5,234.1,-42.1,-7.77
7:31:16 PM,42.4741744,-82.8118203,,Full,Jib,Full,Star,Beat,7.1,203.9,201.1,2.8,-10.2,1.2,,,,219.5,,,,,,,,,,,0.00,21.7,23.5,14.8,35.7,236.6,-42.1,
7:31:17 PM,42.4741412,-82.8118437,19.3,Full,Jib,Full,Star,Beat,8.1,203.8,203.1,0.7,-9.9,0.9,,,,221.9,200.2,21.7,,,,,,,,,,20.6,21.5,13.5,34.1,236.0,-42.3,-7.47
7:31:18 PM,42.4741076,-82.8118673,,Full,Jib,Full,Star,Beat,8.2,,202.4,,-9.2,0.0,,,,221.6,200.6,21.0,,,,,,,,,,20.9,21.9,13.5,35.2,237.5,-42.3,-8.01
7:31:19 PM,42.4740738,-82.8118877,19.4,Full,Jib,Full,Star,Beat,7.4,,203.4,,-9.9,1.6,,,,220.1,199.0,21.1,3.28,13.70,10.00,0.00,48.09,17.18,75.56,0.00,,21.0,23.3,14.0,36.3,237.6,-42.3,-7.71
7:31:20 PM,42.4740396,-82.8119111,,Full,Jib,Full,Star,Beat,8.3,,,,-10.0,1.7,,,,223.7,201.9,21.8,,,,,,,,,0.00,20.2,24.1,13.1,38.9,242.2,-42.3,-7.92
7:31:21 PM,42.4740067,-82.8119364,19.6,Full,Jib,Full,Star,Beat,8.3,,205.7,,-10.1,1.8,,,,225.3,204.3,21.0,,,,,,,,,,20.2,23.7,13.2,38.1,242.4,-42.3,-7.68
7:31:22 PM,42.4739713,-82.8119637,,Full,Jib,Full,Star,Beat,7.8,209.0,207.2,1.7,-9.5,0.6,,,,227.0,206.3,20.7,,,,,,,,,,,,,,,-42.3,-7.85
7:31:23 PM,42.4739419,-82.8119878,19.4,Full,Jib,Full,Star,Beat,7.4,210.0,208.4,1.5,,,,,,,206.9,,3.28,13.70,10.00,0.00,48.09,17.18,75.41,0.00,,20.7,23.1,13.6,36.8,241.4,-41.9,-8.04
7:31:24 PM,42.4739125,-82.8120132,,Full,Jib,Full,Star,Beat,7.5,213.7,209.9,3.8,-8.8,-1.4,,,,227.4,206.8,20.6,,,,,,,,,0.00,21.9,22.0,15.1,32.8,238.8,-41.9,-7.89
7:31:25 PM,42.4738839,-82.8120397,19.3,Full,Jib,Full,Star,Beat,7.5,213.1,210.2,2.9,-8.8,-0.9,,,,227.6,207.3,20.3,,,,,,,,,,21.2,23.7,14.7,35.4,243.0,-41.9,-7.35
7:31:26 PM,42.4738556,-82.8120634,,Full,Jib,Full,Star,Beat,7.3,209.9,209.5,0.5,-9.0,1.5,,,,226.8,,,,,,,,,,,,20.0,25.2,13.7,38.7,246.7,,-7.52
7:31:27 PM,42.473827,-82.8120877,19.2,Full,Jib,Full,Star,Beat,7.6,214.3,210.0,4.3,-7.1,1.6,,,,228.1,208.6,19.5,3.28,13.70,10.00,0.00,48.09,17.18,75.22,0.00,,19.9,22.8,13.3,35.5,243.2,-41.9,-7.42
7:31:28 PM,42.4737992,-82.8121113,,Full,Jib,Full,Star,Beat,7.4,215.2,210.7,4.5,-6.4,1.1,,,,228.8,208.6,20.2,,,,,,,,,0.00,21.1,22.3,14.6,33.3,242.1,-41.8,-6.77
7:31:29 PM,42.4737689,-82.8121372,19.2,Full,Jib,Full,Star,Beat,7.1,214.1,208.7,5.4,-6.9,1.0,,,,227.8,208.3,19.4,,,,,,,,,,21.0,21.9,14.6,32.5,241.4,-41.7,-6.96
7:31:30 PM,,,19.2,Full,Jib,Full,Star,Beat,7.3,212.5,,,-6.9,0.2,,,,225.3,206.2,19.0,,,,,,,,,,20.4,21.9,14.2,32.3,240.8,-41.7,-6.45
7:31:31 PM,42.473738,-82.81216213,,Full,Jib,Full,Star,Beat,7.0,209.1,206.4,2.7,-8.2,-0.2,,,,223.2,203.2,20.1,3.28,13.70,10.00,0.00,48.09,17.18,75.69,0.00,,20.3,23.5,14.2,34.7,242.2,-41.7,-6.59
7:31:32 PM,42.47370918,-82.81218298,19.2,Full,Jib,Full,Star,Beat,7.6,208.4,204.3,4.1,,,,,,,202.6,,,,,,,,,,0.00,20.2,24.0,13.9,36.2,241.6,-41.8,-7.51
7:31:33 PM,42.47367923,-82.81220453,19.2,Full,Jib,Full,Star,Beat,7.3,205.3,204.1,1.2,-9.9,0.1,,,,224.2,202.7,21.6,,,,,,,,,,20.5,26.1,14.0,40.1,245.0,-41.9,-7.40
7:31:34 PM,42.47364724,-82.81222708,19.2,Full,Jib,Full,Star,Beat,8.2,208.9,207.1,1.8,-10.7,0.9,,,,226.1,206.9,19.2,,,,,,,,,,21.3,23.3,14.3,36.0,241.1,-42.1,-7.66
7:31:35 PM,42.47361548,-82.8122525,,Full,Jib,Full,Star,Beat,8.1,208.1,208.4,-0.4,-10.5,2.6,,,,229.3,207.4,21.8,3.28,13.70,10.00,0.00,48.09,17.18,74.90,0.00,,21.2,24.0,14.4,36.7,243.6,-42.2,-8.45
7:31:36 PM,42.47358452,-82.81227738,19.4,Full,Jib,Full,Star,Beat,8.3,211.6,209.6,2.0,-9.9,0.9,,,,229.6,,,,,,,,,,,0.00,21.8,22.0,14.8,33.6,241.2,-42.3,-7.67
7:31:37 PM,42.4735504,-82.8123071,19.3,Full,Jib,Full,Star,Beat,7.2,211.1,207.0,4.0,-9.7,0.7,,,,228.8,207.1,21.7,,,,,,,,,,22.1,22.1,15.2,33.2,240.7,-42.3,-7.83
7:31:38 PM,42.4735194,-82.8123323,,Full,Jib,Full,Star,Beat,8.8,209.3,205.5,3.8,-9.6,-1.9,,,,226.3,204.6,21.6,,,,,,,,,,,,,,,-42.3,-7.11
7:31:39 PM,42.4734872,-82.8123558,19.6,Full,Jib,Full,Star,Beat,8.2,209.3,206.0,3.3,-11.3,-0.9,,,,224.7,201.5,23.2,3.28,13.70,10.00,0.00,48.09,17.18,75.22,0.00,,21.3,25.2,14.5,38.6,244.9,-42.5,-7.56
7:31:40 PM,42.4734544,-82.8123788,,Full,Jib,Full,Star,Beat,8.1,,,,-11.1,0.1,,,,225.1,202.1,23.0,,,,,,,,,0.00,21.3,23.7,14.3,36.9,241.8,-42.3,-7.82
7:31:41 PM,42.4734213,-82.8124017,19.4,Full,Jib,Full,Star,Beat,8.5,206.7,205.1,1.6,-10.8,1.1,,,,223.5,202.3,21.2,,,,,,,,,,21.7,23.2,14.6,36.0,240.6,-42.4,-8.32
7:31:42 PM,42.4733866,-82.8124251,,Full,Jib,Full,Star,Beat,8.0,209.1,204.3,4.8,-10.0,-0.8,,,,226.2,204.1,22.1,,,,,,,,,,21.3,23.3,14.0,36.7,241.1,-42.3,-7.74
7:31:43 PM,42.4733515,-82.8124524,19.2,Full,Jib,Full,Star,Beat,8.6,209.7,206.4,3.3,-9.5,0.1,,,,221.0,202.8,18.2,3.28,13.70,10.00,0.00,48.09,17.18,76.26,0.00,,20.9,23.2,13.3,38.1,241.9,-42.3,-8.74
7:31:44 PM,42.4733128,-82.81248,,Full,Jib,Full,Star,Beat,8.8,208.1,205.4,2.7,,,,,,,203.7,,,,,,,,,,0.00,21.6,21.9,13.9,35.1,239.1,-42.4,-8.30
7:31:45 PM,42.4732768,-82.8125067,19.3,Full,Jib,Full,Star,Beat,8.7,208.3,206.1,2.2,-9.2,0.7,,,,223.2,204.7,18.6,,,,,,,,,,21.2,23.1,13.6,37.9,242.3,-42.4,
7:31:46 PM,42.4732409,-82.8125337,,Full,Jib,Full,Star,Beat,8.9,210.1,207.8,2.3,-9.4,0.2,,,,225.5,,,,,,,,,,,,21.8,22.9,14.0,37.2,242.2,-42.4,-8.76
7:31:47 PM,42.4732047,-82.8125627,19.2,Full,Jib,Full,Star,Beat,8.8,209.1,207.5,1.6,-10.3,2.6,,,,226.1,205.9,20.2,3.28,13.70,10.00,0.00,48.09,17.18,75.43,0.00,,21.6,23.8,14.1,38.3,243.7,-42.4,-9.02
7:31:48 PM,42.4731708,-82.8125896,,Full,Jib,Full,Star,Beat,8.4,210.8,208.5,2.3,-9.4,1.5,,,,227.2,207.0,20.2,,,,,,,,,0.00,21.4,22.3,13.8,36.0,241.9,-42.3,-8.36
7:31:49 PM,42.4731377,-82.812618,19.4,Full,Jib,Full,Star,Beat,8.4,211.1,207.7,3.5,-9.7,1.9,,,,226.7,206.9,19.8,,,,,,,,,,21.3,23.0,13.9,37.0,243.7,-42.3,-8.55
7:31:50 PM,42.4731049,-82.8126443,,Full,Jib,Full,Star,Beat,8.6,213.0,,,-9.9,0.1,,,,227.5,206.6,21.0,,,,,,,,,,22.2,22.4,14.7,35.1,241.9,-41.8,-8.27
7:31:51 PM,42.4730681,-82.8126741,19.4,Full,Jib,Full,Star,Beat,8.3,211.5,207.8,3.7,-10.5,-0.5,,,,226.0,205.1,20.9,,,,,,,,,,23.0,22.9,15.6,34.8,242.3,,-8.15
7:31:52 PM,42.4730359,-82.812702,,Full,Jib,Full,Star,Beat,8.2,213.1,209.3,3.9,,,,,,,207.0,,3.28,13.70,10.00,0.00,48.09,17.18,75.07,0.00,0.00,21.8,22.0,14.4,34.6,241.3,-42.3,-7.66
7:31:53 PM,42.4730023,-82.8127293,19.4,Full,Jib,Full,Star,Beat,8.3,211.9,208.8,3.1,-9.2,0.3,,,,226.6,206.2,20.3,,,,,,,,,,21.9,22.5,14.6,35.0,241.9,-42.3,-8.05
7:31:54 PM,42.4729685,-82.8127569,,Full,Jib,Full,Star,Beat,8.6,209.1,207.8,1.4,-9.3,0.0,,,,225.4,205.4,20.0,,,,,,,,,,,,,,,-42.3,-8.54
7:31:55 PM,42.4729335,-82.8127833,19.5,Full,Jib,Full,Star,Beat,8.5,211.2,208.4,2.8,-11.4,0.8,,,,226.8,207.0,19.8,,,,,,,,,,22.2,24.6,14.9,38.4,246.1,-42.4,-8.44
7:31:56 PM,42.4728995,-82.8128109,,Full,Jib,Full,Star,Beat,8.9,210.8,210.9,0.0,-11.6,0.1,,,,229.9,,,3.28,13.70,10.00,0.00,48.09,17.18,75.07,0.00,0.00,23.5,23.3,15.9,35.9,243.7,-42.4,-9.04
7:31:57 PM,42.4728666,-82.8128388,19.7,Full,Jib,Full,Star,Beat,8.6,210.8,209.8,1.0,-9.2,0.9,,,,227.7,207.4,20.3,,,,,,,,,,23.2,22.2,15.5,34.3,243.1,-42.4,
7:31:58 PM,42.4728329,-82.8128698,,Full,Jib,Full,Star,Beat,7.8,211.4,208.5,2.9,-7.9,1.4,,,,226.9,207.6,19.4,,,,,,,,,,22.3,20.8,14.5,33.1,242.3,-42.3,-8.40
7:31:59 PM,42.4727968,-82.8129035,19.4,Full,Jib,Full,Star,Beat,8.5,210.5,207.1,3.4,-8.3,-0.3,,,,225.0,205.7,19.2,3.28,13.70,10.00,0.00,48.09,17.18,75.42,0.00,,20.8,21.2,13.4,34.2,241.8,-42.1,-8.50
7:32:00 PM,42.4727639,-82.8129295,,Full,Jib,Full,Star,Beat,8.0,207.4,,,-9.3,-0.5,,,,,204.0,,,,,,,,,,0.00,21.0,22.3,13.7,35.5,242.2,-42.1,-7.91
7:32:01 PM,42.472731,-82.8129534,19.4,Full,Jib,Full,Star,Beat,7.8,207.3,205.4,1.9,-9.6,1.5,,,,222.7,202.7,20.0,,,,,,,,,,23.7,22.6,16.5,33.5,239.7,-42.2,-7.73
7:32:02 PM,42.4726986,-82.8129765,,Full,Jib,Full,Star,Beat,8.2,207.3,205.8,1.6,,,,,,223.0,204.1,18.9,,,,,,,,,,24.2,21.3,17.1,31.1,236.4,-42.2,-7.54
7:32:03 PM,42.4726663,-82.812999,19.4,Full,Jib,Full,Star,Beat,8.2,,205.3,,-9.4,1.6,,,,222.3,204.6,17.7,3.28,13.70,10.00,0.00,48.09,17.18,75.47,0.00,,23.5,21.7,16.6,31.6,236.8,-42.0,-7.20
7:32:04 PM,42.4726346,-82.8130239,,Full,Jib,Full,Star,Beat,8.3,206.4,206.7,-0.3,-8.0,0.6,,,,223.2,203.6,19.6,,,,,,,,,0.00,23.0,20.8,15.8,31.2,235.7,-42.0,-8.04
7:32:05 PM,42.4726026,-82.8130465,19.4,Full,Jib,Full,Star,Beat,8.2,206.5,206.2,0.3,-9.7,-0.7,,,,223.7,203.6,20.1,,,,,,,,,,24.0,21.4,16.8,31.4,237.6,-42.0,-7.39
7:32:06 PM,42.4725657,-82.8130717,19.4,Full,Jib,Full,Star,Beat,8.1,,205.7,,-10.0,0.3,,,,223.4,203.3,20.1,,,,,,,,,,23.6,22.0,16.4,32.5,238.3,-42.1,-7.96
7:32:07 PM,42.4725317,-82.8130957,,Full,Jib,Full,Star,Beat,,,204.5,,-11.0,1.1,,,,222.7,,,3.28,13.70,10.00,0.00,48.09,17.18,75.56,0.00,,21.5,22.7,14.3,35.6,240.5,-42.2,
7:32:08 PM,42.472498,-82.8131201,19.7,Full,Jib,Full,Star,Beat,8.5,206.2,206.9,-0.7,-10.7,0.4,,,,226.3,203.6,22.7,,,,,,,,,0.00,21.8,20.6,14.2,32.9,236.8,-42.3,-7.95
7:32:09 PM,42.4724639,-82.8131445,,Full,Jib,Full,Star,Beat,8.8,,203.7,,-10.0,-0.5,,,,220.9,202.3,18.6,,,,,,,,,,22.8,21.0,15.3,32.2,237.4,-42.3,-8.22
7:32:10 PM,42.4724293,-82.8131677,19.7,Full,Jib,Full,Star,Beat,8.5,207.1,,,,,,,,,202.1,,,,,,,,,,,22.8,20.4,15.3,31.2,234.5,-42.3,-8.30
7:32:11 PM,42.4723957,-82.8131907,,Full,Jib,Full,Star,Beat,8.1,207.7,204.3,3.3,-9.2,0.3,,,,221.3,201.3,20.0,3.28,13.70,10.00,0.00,48.09,17.18,75.91,0.00,,,,,,,-42.3,-8.01
7:32:12 PM,42.472362,-82.8132127,19.5,Full,Jib,Full,Star,Beat,8.6,205.7,203.4,2.4,-8.6,-0.7,,,,220.2,201.3,19.0,,,,,,,,,0.00,23.2,19.9,15.8,30.1,233.3,-42.3,-8.35
7:32:13 PM,42.4723274,-82.8132341,,Full,Jib,Full,Star,Beat,7.6,205.9,201.8,4.0,-9.3,-0.3,,,,219.5,200.0,19.5,,,,,,,,,,22.4,21.9,15.2,33.3,235.4,-42.3,-7.39
7:32:14 PM,42.4722906,-82.8132555,19.4,Full,Jib,Full,Star,Beat,7.8,203.7,200.3,3.4,-9.7,2.5,,,,219.1,197.8,21.3,,,,,,,,,,21.2,23.6,14.2,36.8,238.3,-42.5,-7.55
7:32:15 PM,42.4722556,-82.8132776,,Full,Jib,Full,Star,Beat,8.7,204.7,201.0,3.8,-10.1,0.8,,,,219.1,196.9,22.2,3.28,13.70,10.00,0.00,48.09,17.18,75.84,0.00,,21.7,21.3,14.4,33.3,233.6,,-8.17
7:32:16 PM,42.4722215,-82.8132955,19.5,Full,Jib,Full,Star,Beat,7.8,199.9,200.8,-0.9,-12.2,-1.0,,,,219.5,198.9,20.6,,,,,,,,,0.00,22.7,24.6,16.2,35.9,235.8,-42.1,-5.84
7:32:17 PM,42.4721885,-82.8133122,,Full,Jib,Full,Star,Beat,7.5,199.8,202.7,-2.9,-11.1,-0.7,,,,219.8,,,,,,,,,,,,20.8,25.2,14.3,38.1,238.5,-41.9,-7.20
7:32:18 PM,42.4721565,-82.813334,19.6,Full,Jib,Full,Star,Beat,8.8,199.8,203.0,-3.2,,,,,,220.2,201.8,18.3,,,,,,,,,,22.3,24.3,15.6,36.1,239.2,-42.4,-7.67
7:32:19 PM,42.4721243,-82.813356,,Full,Jib,Full,Star,Beat,8.0,199.8,203.8,-3.9,-10.9,-1.8,,,,221.0,202.1,18.9,3.28,13.70,10.00,0.00,48.09,17.18,75.92,0.00,,23.3,24.4,16.4,35.9,241.1,-42.4,-7.63
7:32:20 PM,42.4720907,-82.8133775,19.4,Full,Jib,Full,Star,Beat,7.8,202.2,204.2,-2.0,-10.7,0.0,,,,222.4,201.1,21.3,,,,,,,,,0.00,24.6,25.8,17.9,36.9,240.5,-42.4,-7.78
7:32:21 PM,42.472054,-82.8134026,,Full,Jib,Full,Star,Beat,8.0,204.3,,,-11.9,1.6,,,,,203.2,,,,,,,,,,,23.9,26.4,17.0,38.7,243.0,-42.4,-7.84
7:32:22 PM,42.4720213,-82.8134288,19.6,Full,Jib,Full,Star,Beat,8.1,210.1,207.8,2.3,-9.9,0.3,,,,224.8,206.6,18.2,,,,,,,,,,24.3,24.3,17.1,35.9,240.8,-42.4,-7.95
7:32:23 PM,42.4719887,-82.8134531,,Full,Jib,Full,Star,Beat,7.7,206.5,207.3,-0.9,,,,,,224.4,205.3,19.1,,,,,,,,,,25.9,23.9,18.8,33.9,240.4,-42.3,-7.86
7:32:24 PM,42.4719569,-82.8134753,19.2,Full,Jib,Full,Star,Beat,7.7,208.0,206.2,1.7,-9.9,-1.7,,,,223.8,203.4,20.4,3.28,13.70,10.00,0.00,48.09,17.18,75.63,0.00,0.00,24.3,25.1,17.5,36.1,242.5,-42.4,
7:32:25 PM,42.4719243,-82.8134982,19.3,Full,Jib,Full,Star,Beat,8.0,208.7,204.5,4.2,-10.3,0.4,,,,220.4,200.2,20.2,,,,,,,,,,22.3,26.4,15.6,39.5,244.1,-42.4,-7.46
7:32:26 PM,42.4718899,-82.8135204,,Full,Jib,Full,Star,Beat,8.3,202.4,203.7,-1.3,-12.5,-2.2,,,,220.7,201.7,19.0,,,,,,,,,,,,,,,-42.8,-7.49
7:32:27 PM,42.4718544,-82.8135427,19.3,Full,Jib,Full,Star,Beat,7.8,202.0,206.2,-4.2,-15.7,-0.3,,,,224.4,,,3.28,13.70,10.00,0.00,48.09,17.18,75.44,0.00,,23.2,27.4,16.3,41.0,245.2,-42.8,-7.88
7:32:28 PM,42.4718177,-82.8135676,,Full,Jib,Full,Star,Beat,9.1,206.3,208.8,-2.5,-15.7,-1.2,,,,226.6,205.1,21.4,,,,,,,,,0.00,22.9,27.9,15.8,42.7,247.8,-43.0,-9.02
7:32:29 PM,42.4717754,-82.8135984,19.9,Full,Jib,Full,Star,Beat,9.3,207.6,213.3,-5.7,-17.3,0.0,,,,231.2,207.9,23.2,,,,,,,,,,24.5,26.5,16.9,40.3,248.7,-43.0,-9.01
7:32:30 PM,42.4717392,-82.8136308,,Full,Jib,Full,Star,Beat,10.1,212.8,217.9,-5.1,,,,,,,212.9,,,,,,,,,,,25.2,31.4,17.9,47.0,257.3,-43.0,-9.43
7:32:31 PM,42.4717048,-82.8136668,20.1,Full,Jib,Full,Star,Beat,9.3,213.1,,,-14.8,0.2,,,,235.5,215.0,20.5,3.28,13.70,10.00,0.00,48.09,17.18,75.03,0.00,,26.7,23.6,18.5,35.2,250.4,-43.0,-9.76
7:32:32 PM,42.4716677,-82.8136998,,Full,Jib,Full,Star,Beat,9.6,213.1,216.5,-3.4,-13.8,-0.6,,,,233.0,212.7,20.3,,,,,,,,,0.00,26.7,25.1,18.5,37.5,254.2,-43.0,-9.32
7:32:33 PM,42.4716306,-82.8137312,19.9,Full,Jib,Full,Star,Beat,9.9,213.1,215.2,-2.1,-15.7,-0.9,,,,232.2,212.8,19.4,,,,,,,,,,25.4,26.1,17.4,39.9,256.0,-43.1,-9.15
7:32:34 PM,42.4715949,-82.8137638,,Full,Jib,Full,Star,Beat,9.7,214.9,214.9,-0.1,-14.3,-0.8,,,,231.5,211.5,20.0,,,,,,,,,,25.6,24.0,17.6,36.4,251.4,-43.1,-8.99
7:32:35 PM,42.4715588,-82.8137947,19.7,Full,Jib,Full,Star,Beat,10.2,211.2,212.2,-1.0,-14.0,-1.0,,,,230.1,210.3,19.8,3.28,13.70,10.00,0.00,48.09,17.18,75.57,0.00,,25.1,24.8,17.2,37.9,252.1,-43.1,-8.84
7:32:36 PM,42.4715208,-82.8138244,,Full,Jib,Full,Star,Beat,9.1,211.2,211.1,0.1,-15.1,-0.2,,,,230.2,209.3,21.0,,,,,,,,,0.00,23.7,26.0,15.6,41.7,254.8,-43.1,-8.96
7:32:37 PM,,,19.8,Full,Jib,Full,Star,Beat,9.2,211.2,212.0,-0.8,-14.3,0.2,,,,231.2,210.4,20.8,,,,,,,,,,23.1,24.9,14.8,41.1,253.6,-43.1,-9.95
7:32:38 PM,42.4714777,-82.8138588,19.8,Full,Jib,Full,Star,Beat,9.6,211.2,212.3,-1.1,,,,,,,,,,,,,,,,,,23.3,23.7,14.9,39.0,251.8,-43.1,
7:32:39 PM,42.4714398,-82.8138905,,Full,Jib,Full,Star,Beat,9.8,213.3,212.6,0.6,-12.8,0.1,,,,230.9,210.9,20.0,3.28,13.70,10.00,0.00,48.09,17.18,75.41,0.00,,,,,,,,-9.62
7:32:40 PM,42.4714017,-82.8139233,19.7,Full,Jib,Full,Star,Beat,9.3,211.2,211.9,-0.7,-12.7,0.6,,,,230.2,209.9,20.3,,,,,,,,,0.00,23.1,24.3,14.7,40.2,252.9,-43.1,-9.91
7:32:41 PM,42.4713628,-82.8139554,,Full,Jib,Full,Star,Beat,9.8,212.6,209.6,3.0,-11.6,-0.5,,,,229.1,209.9,19.2,,,,,,,,,,22.0,23.3,13.6,39.7,251.7,-43.1,-9.42
7:32:42 PM,42.4713242,-82.8139875,19.7,Full,Jib,Full,Star,Beat,9.4,209.3,,,-11.1,-0.2,,,,225.5,207.0,18.4,,,,,,,,,,19.8,20.8,11.2,38.9,250.5,-43.1,-9.53
7:32:43 PM,42.4712854,-82.8140188,,Full,Jib,Full,Star,Beat,9.7,211.4,209.3,2.1,,,,,,,206.6,,3.28,13.48,10.00,0.00,48.09,17.27,75.42,0.00,,21.3,24.0,13.1,41.5,251.1,-43.0,-9.33
7:32:44 PM,42.4712469,-82.8140493,19.7,Full,Jib,Full,Star,Beat,9.3,211.4,208.1,3.3,-10.6,0.7,,,,224.7,205.3,19.4,,,,,,,,,0.00,21.4,22.8,13.1,39.2,246.7,-43.0,-9.88
7:32:45 PM,42.47120523,-82.81408245,,Full,Jib,Full,Star,Beat,10.0,208.0,207.3,0.7,-9.8,0.0,,,,223.6,203.9,19.7,,,,,,,,,,21.7,24.6,13.7,41.3,248.6,-42.9,-9.18
7:32:46 PM,42.47116736,-82.81411064,19.6,Full,Jib,Full,Star,Beat,9.5,208.0,205.5,2.5,-10.9,0.0,,,,220.5,204.0,16.5,,,,,,,,,,21.8,25.4,14.0,41.9,248.1,-42.9,-9.09
7:32:47 PM,42.47112882,-82.81413755,,Full,Jib,Full,Star,Beat,9.4,211.0,208.8,2.2,-12.9,-0.6,,,,225.4,205.9,19.6,3.28,13.48,10.00,0.00,48.09,17.27,75.56,0.00,,20.7,28.9,13.2,49.2,254.9,-42.9,-8.95
7:32:48 PM,42.47109106,-82.8141686,19.6,Full,Jib,Full,Star,Beat,9.6,210.4,207.2,3.3,-11.5,0.3,,,,223.9,,,,,,,,,,,0.00,22.1,25.7,14.2,42.7,249.3,-42.9,
7:32:49 PM,42.47105227,-82.81419811,,Full,Jib,Full,Star,Beat,10.0,207.9,206.2,1.7,-12.3,-0.7,,,,223.7,203.5,20.1,,,,,,,,,,21.5,26.9,13.6,45.7,251.4,-42.9,-9.35
7:32:50 PM,42.47101224,-82.81422762,19.7,Full,Jib,Full,Star,Beat,9.7,208.1,205.0,3.1,-12.1,-0.6,,,,222.4,202.8,19.6,,,,,,,,,,,,,,,-42.9,-9.63
7:32:51 PM,42.4709684,-82.8142583,,Full,Jib,Full,Star,Beat,9.8,206.8,204.4,2.5,-11.6,-0.8,,,,,201.1,,3.28,13.48,10.00,0.00,48.09,17.27,75.89,0.00,,21.8,26.0,13.7,44.1,249.1,-42.8,
7:32:52 PM,42.4709269,-82.814286,19.6,Full,Jib,Full,Star,Beat,10.0,204.9,,,-11.5,0.0,,,,221.6,201.3,20.3,,,,,,,,,0.00,21.5,26.2,13.3,45.4,248.8,-42.8,-9.61
7:32:53 PM,42.4708859,-82.8143126,,Full,Jib,Full,Star,Beat,9.9,205.3,204.3,1.0,,,,,,221.4,201.7,19.7,,,,,,,,,,21.9,27.0,13.7,46.6,250.0,-42.8,-9.72
7:32:54 PM,42.470844,-82.8143412,19.6,Full,Jib,Full,Star,Beat,9.8,206.8,204.9,1.9,-12.0,-0.4,,,,222.5,201.8,20.7,,,,,,,,,,22.3,26.2,13.9,45.3,248.6,-42.9,-9.67
7:32:55 PM,42.4708018,-82.8143705,,Full,Jib,Full,Star,Beat,10.4,206.4,203.3,3.1,-11.9,-0.3,,,,220.4,200.7,19.7,3.28,13.48,10.00,0.00,48.09,17.27,76.46,0.00,,22.4,26.5,14.0,45.6,248.6,-42.9,-9.63
7:32:56 PM,42.470758,-82.8143991,19.5,Full,Jib,Full,Star,Beat,10.7,206.2,203.6,2.6,-11.8,0.1,,,,222.5,202.5,20.0,,,,,,,,,0.00,22.5,26.6,14.0,46.1,248.9,-42.9,-10.25
7:32:57 PM,42.4707143,-82.8144293,,Full,Jib,Full,Star,Beat,11.0,207.5,205.7,1.8,-13.3,-0.1,,,,223.4,202.4,21.1,,,,,,,,,,22.8,27.4,14.2,47.5,250.6,-43.0,-10.55
7:32:58 PM,42.4706658,-82.8144621,19.9,Full,Jib,Full,Star,Beat,10.7,207.0,204.7,2.3,-13.9,-0.4,,,,224.5,,,,,,,,,,,,22.8,26.6,14.2,45.9,250.2,-43.1,-10.80
7:32:59 PM,42.4706232,-82.8144932,19.9,Full,Jib,Full,Star,Beat,10.2,208.7,206.9,1.8,-13.4,-0.5,,,,224.6,205.2,19.4,3.28,13.48,10.00,0.00,48.09,17.27,75.84,0.00,,21.9,25.7,13.4,45.3,249.7,-42.9,-10.52
7:33:00 PM,42.4705812,-82.8145237,19.9,Full,Jib,Full,Star,Beat,10.6,210.9,209.2,1.8,,,,,,,206.0,,,,,,,,,,0.00,22.1,23.7,13.4,41.7,246.7,-43.0,-9.53
7:33:01 PM,42.4705396,-82.8145569,,Full,Jib,Full,Star,Beat,10.5,209.6,208.5,1.1,-11.7,0.6,,,,226.1,205.9,20.1,,,,,,,,,,22.0,24.0,13.3,42.4,248.6,-43.0,-10.10
7:33:02 PM,42.4704981,-82.8145897,19.7,Full,Jib,Full,Star,Beat,10.6,208.2,208.1,0.1,-11.6,0.3,,,,225.6,205.1,20.5,,,,,,,,,,22.5,24.2,13.8,42.0,249.2,-43.0,-9.74
7:33:03 PM,42.470458,-82.8146228,,Full,Jib,Full,Star,Beat,9.5,211.5,,,-10.6,1.3,,,,224.8,205.6,19.2,3.28,13.48,10.00,0.00,48.09,17.27,75.78,0.00,,22.4,23.7,13.8,40.7,246.8,-43.0,-9.41
7:33:04 PM,42.4704188,-82.8146555,19.6,Full,Jib,Full,Star,Beat,10.2,210.3,207.9,2.4,-10.1,0.0,,,,224.5,205.3,19.2,,,,,,,,,0.00,21.8,23.7,13.3,41.2,247.2,,-10.22
7:33:05 PM,42.4703789,-82.8146844,,Full,Jib,Full,Star,Beat,9.9,208.5,205.6,2.9,-10.4,0.1,,,,222.5,203.3,19.2,,,,,,,,,,22.2,24.3,13.9,41.2,245.9,-43.0,-9.74
7:33:06 PM,42.470335,-82.8147166,19.4,Full,Jib,Full,Star,Beat,9.7,209.1,205.5,3.6,-10.3,0.7,,,,222.6,202.9,19.7,,,,,,,,,,,,,,,-43.0,-9.33
7:33:07 PM,42.4702958,-82.8147463,,Full,Jib,Full,Star,Beat,9.5,208.9,205.3,3.6,,,,,,,202.2,,3.28,13.48,10.00,0.00,48.09,17.27,75.73,0.00,,22.3,23.5,13.9,39.6,243.6,-43.0,-9.16
7:33:08 PM,42.4702564,-82.8147753,19.4,Full,Jib,Full,Star,Beat,9.4,208.6,203.8,4.8,-9.7,1.4,,,,222.3,200.0,22.4,,,,,,,,,0.00,21.8,23.1,13.4,39.6,242.9,-43.0,-9.31
7:33:09 PM,42.4702169,-82.814803,,Full,Jib,Full,Star,Beat,10.1,207.1,202.2,4.9,-9.4,0.4,,,,220.1,,,,,,,,,,,,22.4,22.6,14.1,37.7,239.6,-43.0,-9.70
7:33:10 PM,42.4701767,-82.8148292,19.0,Full,Jib,Full,Star,Beat,9.5,203.7,201.7,2.0,-9.7,0.5,,,,219.0,199.0,20.1,,,,,,,,,,22.0,22.9,13.6,38.8,239.3,-43.0,
7:33:11 PM,42.4701368,-82.8148539,,Full,Jib,Full,Star,Beat,10.0,203.7,202.3,1.4,-9.9,0.9,,,,218.4,198.5,19.9,3.28,13.48,10.00,0.00,48.09,17.27,75.99,0.00,,21.4,23.8,13.3,40.5,241.4,-42.9,-9.30
7:33:12 PM,42.4700978,-82.8148801,18.4,Full,Jib,Full,Star,Beat,8.8,200.8,,,-9.3,1.8,,,,219.4,199.1,20.3,,,,,,,,,0.00,22.3,22.7,14.0,37.9,239.1,-42.5,-9.10
7:33:13 PM,42.470056,-82.8149053,,Full,Jib,Full,Star,Beat,8.1,200.3,200.2,0.0,-9.2,2.6,280.79,1.58,-0.80,218.0,198.0,20.0,,,,,,,,,,22.5,23.5,14.5,38.2,236.7,-43.1,1.88
7:33:14 PM,42.4700189,-82.814928,17.6,Full,Jib,Full,Star,Beat,8.4,205.2,200.1,5.1,-9.2,2.6,280.87,1.58,-0.80,217.6,198.8,18.8,,,,,,,,,,21.8,22.9,14.0,37.2,235.8,-43.0,1.84
7:33:15 PM,42.4699811,-82.8149502,,Full,Jib,Full,Star,Beat,9.1,204.7,198.9,5.8,-10.3,-0.5,280.98,1.58,-0.81,216.6,196.9,19.8,,,,,,,,,,21.9,23.7,14.3,38.0,235.0,-42.8,2.20
7:33:16 PM,42.4699429,-82.8149733,17.7,Full,Jib,Full,Star,Beat,9.0,204.7,200.2,4.5,,,281.07,1.58,-0.81,,198.0,,3.28,13.48,10.00,0.00,48.09,17.27,76.55,0.00,0.00,20.7,22.3,12.9,37.7,234.5,-42.8,2.12
7:33:17 PM,42.4699038,-82.8149974,,Full,Jib,Full,Star,Beat,9.1,202.4,200.5,1.8,-9.3,0.0,281.16,1.58,-0.81,218.3,197.9,20.5,,,,,,,,,,21.2,23.8,13.2,40.3,237.9,-42.8,2.09
7:33:18 PM,42.469866,-82.8150202,18.3,Full,Jib,Full,Star,Beat,8.9,207.3,202.9,4.4,-9.7,1.4,281.24,1.58,-0.81,218.1,200.8,17.3,,,,,,,,,,21.7,22.3,13.8,36.6,234.6,-42.8,1.89
7:33:19 PM,42.4698284,-82.8150451,,Full,Jib,Full,Star,Beat,8.8,206.1,202.1,4.0,-8.2,0.5,281.33,1.58,-0.81,221.2,199.4,21.8,3.28,13.48,10.00,0.00,48.09,17.27,75.98,0.00,,21.2,20.9,13.1,35.1,233.7,-42.8,2.53
7:33:20 PM,42.4697877,-82.8150702,18.5,Full,Jib,Full,Star,Beat,8.9,205.7,200.2,5.4,-8.1,1.1,281.42,1.58,-0.81,218.1,,,,,,,,,,,0.00,20.8,21.6,13.1,35.7,235.0,-42.7,2.25
7:33:21 PM,42.4697508,-82.8150934,,Full,Jib,Full,Star,Beat,,,,,-7.2,1.4,281.51,1.58,-0.82,217.8,198.1,19.7,,,,,,,,,,19.6,21.5,12.0,36.8,234.8,-42.5,2.12
7:33:22 PM,42.4697149,-82.8151151,18.6,Full,Jib,Full,Star,Beat,8.0,203.5,198.8,4.7,-8.1,0.1,281.59,1.58,-0.82,218.0,196.8,21.2,,,,,,,,,,20.3,22.0,12.7,36.7,234.0,-42.4,1.64
7:33:23 PM,42.46968,-82.8151341,,Full,Jib,Full,Star,Beat,7.9,202.5,197.4,5.1,-7.9,-0.6,281.67,1.58,-0.82,215.6,194.9,20.7,3.28,13.48,10.00,0.00,48.09,17.27,75.89,0.00,,20.6,21.8,13.4,34.8,231.4,-42.4,1.74
7:33:24 PM,42.4696441,-82.815154,18.6,Full,Jib,Full,Star,Beat,8.5,202.6,197.2,5.4,-8.3,0.6,281.75,1.58,-0.82,213.1,194.7,18.4,,,,,,,,,0.00,20.0,22.9,12.7,37.6,232.5,-42.4,1.58
7:33:25 PM,42.4696088,-82.8151727,18.7,Full,Jib,Full,Star,Beat,7.8,201.4,197.4,4.1,,,281.84,1.58,-0.82,,195.3,,,,,,,,,,,20.1,21.3,12.7,35.3,229.6,-42.4,1.55
7:33:26 PM,42.4695733,-82.8151921,,Full,Jib,Full,Star,Beat,8.5,203.3,196.7,6.6,-6.9,0.5,281.92,1.58,-0.83,215.0,194.3,20.7,,,,,,,,,,,,,,,-42.0,1.68
7:33:27 PM,42.4695337,-82.8152107,18.7,Full,Jib,Full,Star,Beat,8.4,201.8,194.9,6.9,-8.6,0.6,282.00,1.57,-0.83,214.0,192.2,21.8,3.28,13.48,10.00,0.00,48.09,17.27,76.25,0.00,,20.5,24.0,13.3,38.7,233.4,,1.45
7:33:28 PM,42.4694985,-82.8152288,18.8,Full,Jib,Full,Star,Beat,9.0,198.0,196.7,1.3,-7.2,-0.6,282.08,1.57,-0.83,213.0,194.3,18.7,,,,,,,,,0.00,20.7,23.6,13.7,37.1,232.4,-42.5,0.71
7:33:29 PM,42.469463,-82.8152484,18.9,Full,Jib,Full,Star,Beat,8.0,198.3,195.3,3.0,-7.9,-0.6,282.17,1.57,-0.83,213.6,192.2,21.3,,,,,,,,,,18.8,24.4,11.8,41.1,236.3,-42.0,0.88
7:33:30 PM,42.4694279,-82.8152649,,Full,Jib,Full,Star,Beat,8.0,198.3,193.7,4.6,-9.1,-1.5,282.25,1.57,-0.83,210.4,,,,,,,,,,,,18.1,26.5,11.3,45.6,239.7,-42.1,0.94
7:33:31 PM,42.469391,-82.8152807,18.9,Full,Jib,Full,Star,Beat,8.1,198.3,193.2,5.1,-9.2,0.1,282.33,1.57,-0.83,210.5,191.1,19.4,3.28,13.48,10.00,0.00,48.09,17.27,76.35,0.00,,17.9,27.2,11.0,47.9,240.2,-42.4,0.90
7:33:32 PM,42.469354,-82.8152968,,Full,Jib,Full,Star,Beat,8.9,198.3,,,-9.3,-0.1,282.42,1.57,-0.84,,191.0,,,,,,,,,,0.00,18.3,26.1,11.2,45.7,236.5,-42.3,0.90
7:33:33 PM,42.4693171,-82.8153144,19.0,Full,Jib,Full,Star,Beat,8.7,198.3,194.2,4.1,,,282.50,1.57,-0.84,211.3,192.2,19.1,,,,,,,,,,18.5,26.9,11.4,47.0,238.1,-42.4,0.88
7:33:34 PM,42.4692784,-82.8153327,,Full,Jib,Full,Star,Beat,8.8,198.3,194.3,4.0,-9.6,0.0,282.59,1.57,-0.84,211.3,191.9,19.4,,,,,,,,,,18.8,28.1,11.7,48.9,240.6,-42.4,0.89
7:33:35 PM,42.46924,-82.8153494,18.8,Full,Jib,Full,Star,Beat,8.7,198.3,192.9,5.4,-9.3,1.0,282.67,1.57,-0.84,209.1,190.7,18.4,3.28,13.48,10.00,0.00,48.09,17.27,76.89,0.00,,19.2,26.0,11.7,46.0,237.5,-42.4,0.89
7:33:36 PM,42.4691967,-82.8153683,,Full,Jib,Full,Star,Beat,9.1,198.5,193.3,5.2,-8.7,1.3,282.77,1.57,-0.84,208.6,191.0,17.6,,,,,,,,,0.00,19.2,26.0,11.8,45.6,236.6,-42.4,0.87
7:33:37 PM,42.4691574,-82.8153862,19.0,Full,Jib,Full,Star,Beat,9.5,199.3,193.9,5.4,-8.0,0.9,282.86,1.57,-0.85,208.9,191.3,17.6,,,,,,,,,,18.6,26.3,11.2,47.0,237.5,-42.4,0.78
7:33:38 PM,42.4691177,-82.8154043,,Full,Jib,Full,Star,Beat,9.5,198.2,193.6,4.6,-8.4,-0.2,282.95,1.57,-0.85,208.9,191.5,17.3,,,,,,,,,,18.6,25.9,11.3,46.4,237.0,-42.4,0.73
7:33:39 PM,42.4690783,-82.8154222,18.8,Full,Jib,Full,Star,Beat,9.4,198.6,193.4,5.2,-9.0,0.1,283.04,1.57,-0.85,208.1,190.7,17.4,3.28,13.48,10.00,0.00,48.09,17.27,77.03,0.00,,,,,,,-42.4,0.86
7:33:40 PM,42.469039,-82.8154386,,Full,Jib,Full,Star,Beat,9.2,198.6,193.5,5.1,-9.1,-0.2,283.13,1.57,-0.85,,191.4,,,,,,,,,,0.00,18.8,26.8,11.4,48.0,238.4,-42.4,0.85
7:33:41 PM,42.4690009,-82.8154573,18.9,Full,Jib,Full,Star,Beat,8.7,199.0,195.3,3.8,-7.9,0.1,283.22,1.57,-0.85,208.8,,,,,,,,,,,,19.2,26.3,11.9,45.9,235.9,-42.4,0.83
7:33:42 PM,42.4689619,-82.8154775,,Full,Jib,Full,Star,Beat,9.1,200.6,,,,,283.31,1.57,-0.85,210.1,192.9,17.2,,,,,,,,,,18.7,26.3,11.4,47.0,237.5,-42.4,1.18
7:33:43 PM,42.4689182,-82.815496,18.9,Full,Jib,Full,Star,Beat,8.7,196.9,192.6,4.3,-7.0,0.8,283.39,1.57,-0.86,205.2,190.2,15.0,3.28,13.48,10.00,0.00,48.09,17.27,76.93,0.00,,18.6,25.9,11.3,46.1,236.9,-42.4,1.02
7:33:44 PM,42.4688805,-82.8155135,18.8,Full,Jib,Full,Star,Beat,8.0,198.5,192.9,5.6,-6.9,1.1,283.49,1.57,-0.86,205.5,190.7,14.8,,,,,,,,,0.00,18.5,26.4,11.3,46.7,236.6,-42.4,0.77
7:33:45 PM,42.4688437,-82.8155293,,Full,Jib,Full,Star,Beat,8.7,198.4,192.4,5.9,-7.7,1.0,283.58,1.57,-0.86,202.6,189.7,12.9,,,,,,,,,,18.9,27.2,11.9,46.7,236.7,-42.3,0.70
7:33:46 PM,42.4688048,-82.8155448,19.0,Full,Jib,Full,Star,Beat,8.7,197.4,191.6,5.8,-7.9,0.1,283.66,1.57,-0.86,204.1,189.1,15.1,,,,,,,,,,19.3,25.7,12.1,43.9,233.7,-42.2,0.25
7:33:47 PM,42.4687671,-82.8155596,,Full,Jib,Full,Star,Beat,8.5,194.3,191.1,3.2,-7.8,-0.8,283.75,1.57,-0.86,,189.4,,3.28,13.48,10.00,0.00,48.09,17.27,76.45,0.00,,18.9,27.0,11.9,45.9,235.3,-42.2,0.25
7:33:48 PM,42.4687295,-82.8155764,18.8,Full,Jib,Full,Star,Beat,8.7,197.8,192.5,5.4,-8.1,0.2,283.84,1.57,-0.87,205.9,190.1,15.8,,,,,,,,,0.00,18.6,26.8,11.7,46.0,234.6,,0.62
7:33:49 PM,42.4686926,-82.8155899,18.7,Full,Jib,Full,Star,Beat,8.1,197.5,189.9,7.5,,,283.92,1.57,-0.87,204.1,188.1,16.0,,,,,,,,,,18.6,26.0,11.7,44.1,231.5,-42.2,0.51
7:33:50 PM,42.4686544,-82.8156048,,Full,Jib,Full,Star,Beat,9.0,197.5,191.2,6.3,-7.7,-1.0,284.01,1.57,-0.87,205.3,189.0,16.3,,,,,,,,,,18.0,27.4,11.0,48.6,236.3,-42.2,0.53
7:33:51 PM,42.4686134,-82.8156207,18.7,Full,Jib,Full,Star,Beat,8.7,197.5,191.8,5.7,-9.1,-0.1,284.10,1.57,-0.87,205.7,,,3.28,13.48,10.00,0.00,48.09,17.27,76.71,0.00,,18.0,26.0,11.1,45.4,233.6,-42.0,0.50
7:33:52 PM,42.4685768,-82.8156361,,Full,Jib,Full,Star,Beat,8.6,197.5,,,-7.2,0.2,284.18,1.57,-0.87,206.3,189.3,17.0,,,,,,,,,0.00,18.4,25.5,11.4,44.2,232.9,-42.1,0.46
7:33:53 PM,,,18.3,Full,Jib,Full,Star,Beat,8.5,197.5,190.6,6.9,-7.0,1.2,284.27,1.57,-0.88,199.3,187.6,11.7,,,,,,,,,,,,,,,-42.1,0.50
7:33:54 PM,42.4685387,-82.8156489,,Full,Jib,Full,Star,Beat,8.5,197.5,187.0,10.5,-7.3,-0.7,284.35,1.57,-0.88,,184.6,,,,,,,,,,,18.2,26.8,11.4,46.3,231.5,-42.1,0.46
7:33:55 PM,42.4685004,-82.8156616,18.3,Full,Jib,Full,Star,Beat,8.3,197.5,185.7,11.7,-7.2,1.9,284.44,1.57,-0.88,199.0,183.0,16.0,,,,,,,,,,17.6,27.6,10.7,49.8,232.4,-41.7,0.46
7:33:56 PM,42.4684611,-82.8156728,,Full,Jib,Full,Star,Beat,8.6,192.0,186.4,5.6,-6.6,0.9,284.53,1.57,-0.88,196.9,184.0,12.9,3.28,13.48,10.00,0.00,48.09,17.27,77.48,0.00,0.00,19.0,26.6,11.9,45.5,229.3,-41.9,-0.37
7:33:57 PM,42.4684226,-82.8156848,18.3,Full,Jib,Full,Star,Beat,9.0,190.2,183.9,6.3,-6.6,0.5,284.61,1.57,-0.88,196.3,181.0,15.3,,,,,,,,,,17.9,27.6,11.0,49.1,232.5,-41.9,-0.44
7:33:58 PM,42.4683829,-82.8156949,,Full,Jib,Full,Star,Beat,8.8,187.4,182.5,4.9,-7.4,0.9,284.70,1.57,-0.89,190.7,180.4,10.3,,,,,,,,,,18.3,29.1,11.5,51.2,234.0,-41.9,-1.10
7:33:59 PM,42.4683422,-82.815703,18.6,Full,Jib,Full,Star,Beat,9.1,187.7,184.0,3.7,,,284.79,1.57,-0.89,191.7,181.7,10.0,,,,,,,,,,16.7,28.9,10.0,54.0,235.1,-41.9,-1.14
7:34:00 PM,42.46829674,-82.81571333,,Full,Jib,Full,Star,Beat,8.3,189.2,182.4,6.8,-6.5,-0.7,284.88,1.57,-0.89,193.5,180.1,13.4,3.28,13.48,10.00,0.00,48.09,17.27,77.73,0.00,0.00,17.1,29.5,10.4,54.0,233.9,-41.2,-0.87
7:34:01 PM,42.46825774,-82.81572082,18.7,Full,Jib,Full,Star,Beat,8.7,189.2,180.9,8.2,,,284.97,1.57,-0.89,,,,,,,,,,,,,16.9,30.9,10.5,55.7,234.4,-41.2,-0.94
7:34:02 PM,42.46821801,-82.81572566,,Full,Jib,Full,Star,Beat,8.8,189.2,,,,,285.05,1.57,-0.89,,179.3,,,,,,,,,,,16.9,31.8,10.7,56.8,235.3,-42.1,-0.85
7:34:03 PM,42.46817741,-82.81573256,18.6,Full,Jib,Full,Star,Beat,8.1,189.2,182.4,6.8,,,285.14,1.57,-0.90,,180.2,,,,,,,,,,,17.0,32.4,10.8,57.1,235.9,-41.8,-0.87
7:34:04 PM,42.46813612,-82.81573931,,Full,Jib,Full,Star,Beat,7.8,189.2,182.7,6.5,,,285.23,1.57,-0.90,,179.8,,,,,,,,,,,17.0,32.8,11.0,57.1,235.6,-41.7,-1.01
7:34:05 PM,42.46809849,-82.81574469,18.7,Full,Jib,Full,Star,Beat,8.7,189.8,184.7,5.1,,,285.31,1.57,-0.90,,182.8,,,,,,,,,,,17.0,33.1,10.9,58.4,239.2,-41.8,-0.90
7:34:06 PM,42.46805928,-82.81575448,,Full,Jib,Full,Star,Beat,8.6,193.1,187.6,5.5,-8.8,0.9,285.40,1.57,-0.90,203.0,185.3,17.7,,,,,,,,,,19.1,32.2,12.6,53.8,236.6,-41.7,-0.78
7:34:07 PM,42.4680159,-82.8157669,18.2,Full,Jib,Full,Star,Beat,8.4,187.9,185.2,2.7,-9.5,1.7,285.50,1.57,-0.91,198.0,182.6,15.4,3.28,13.48,10.00,0.00,48.09,17.27,77.01,0.00,,18.9,34.2,12.7,56.8,241.0,-41.7,-0.76
7:34:08 PM,42.4679763,-82.8157751,,Full,Jib,Full,Star,Beat,9.2,191.1,186.0,5.1,-9.3,1.4,285.59,1.57,-0.91,197.7,183.5,14.1,,,,,,,,,0.00,17.9,34.3,11.8,59.0,242.3,-41.7,-0.99
7:34:09 PM,42.4679373,-82.8157863,18.7,Full,Jib,Full,Star,Beat,9.0,191.1,187.2,3.9,-8.1,-0.5,285.67,1.57,-0.91,197.4,185.0,12.4,,,,,,,,,,19.3,31.3,12.6,52.6,237.0,-41.4,-0.66
7:34:10 PM,42.4678977,-82.8157971,,Full,Jib,Full,Star,Beat,9.1,191.1,186.8,4.3,-10.1,0.2,285.76,1.57,-0.91,197.4,184.6,12.9,,,,,,,,,,19.8,33.7,13.4,54.8,239.7,-41.5,-0.71
7:34:11 PM,42.4678576,-82.815805,18.8,Full,Jib,Full,Star,Beat,8.7,191.1,189.7,1.5,-8.9,0.1,285.85,1.57,-0.91,199.9,,,3.28,13.48,10.00,0.00,48.09,17.27,76.89,0.00,,19.0,32.1,12.4,54.2,239.8,,-0.83
7:34:12 PM,42.4678172,-82.8158178,,Full,Jib,Full,Star,Beat,9.1,193.0,190.5,2.5,,,285.94,1.57,-0.92,200.1,187.9,12.2,,,,,,,,,0.00,19.0,33.9,12.7,56.8,244.1,-41.5,-0.42
7:34:13 PM,42.4677774,-82.8158302,18.5,Full,Jib,Full,Star,Beat,9.2,191.0,,,-10.5,0.5,286.03,1.57,-0.92,,188.8,,,,,,,,,,,,,,,,-41.8,-0.78
7:34:14 PM,42.4677378,-82.8158426,18.7,Full,Jib,Full,Star,Beat,8.7,196.5,191.9,4.6,-10.2,1.2,286.11,1.57,-0.92,202.5,190.1,12.4,,,,,,,,,,18.6,33.4,12.2,57.0,246.8,-41.9,-0.74
7:34:15 PM,42.4676931,-82.8158601,,Full,Jib,Full,Star,Beat,9.3,198.6,194.8,3.8,-8.9,0.7,286.21,1.57,-0.92,205.7,192.6,13.1,3.28,13.48,10.00,0.00,48.09,17.27,76.87,0.00,,19.1,30.5,12.2,52.8,243.1,-42.0,0.16
7:34:16 PM,42.4676524,-82.8158773,19.1,Full,Jib,Full,Star,Beat,9.2,198.7,194.5,4.2,-9.4,1.5,286.30,1.57,-0.92,206.2,192.2,14.0,,,,,,,,,0.00,19.2,32.4,12.5,55.6,247.5,-41.9,0.34
7:34:17 PM,42.4676119,-82.8158943,,Full,Jib,Full,Star,Beat,9.5,193.2,194.9,-1.7,,,286.40,1.57,-0.93,,192.2,,,,,,,,,,,20.5,31.3,13.4,52.3,245.5,-41.9,0.38
7:34:18 PM,42.4675709,-82.8159114,19.2,Full,Jib,Full,Star,Beat,9.0,197.9,196.9,1.0,-10.5,0.7,286.49,1.57,-0.93,208.0,194.4,13.6,,,,,,,,,,19.9,31.3,12.9,53.4,247.4,-42.3,0.61
7:34:19 PM,42.467531,-82.8159285,,Full,Jib,Full,Star,Beat,9.8,201.8,197.9,3.9,,,286.58,1.57,-0.93,,195.3,,,,,,,,,,,20.0,31.0,13.0,52.4,247.7,-42.2,0.04
7:34:20 PM,42.4674904,-82.815948,19.2,Full,Jib,Full,Star,Beat,9.2,200.0,197.4,2.6,,,286.67,1.57,-0.93,,195.5,,,,,,,,,,,20.0,30.6,13.1,50.9,247.0,-41.7,0.24
7:34:21 PM,42.4674515,-82.8159663,19.2,Full,Jib,Full,Star,Beat,8.8,200.7,199.5,1.2,,,286.77,1.57,-0.93,,197.4,,,,,,,,,,,20.0,30.2,13.1,49.9,245.7,-42.0,0.56
7:34:22 PM,42.467409,-82.8159899,,Full,Jib,Full,Star,Beat,8.9,200.7,199.6,1.0,,,286.86,1.57,-0.94,,,,,,,,,,,,,19.9,29.2,12.8,49.3,246.8,-42.0,0.64
7:34:23 PM,42.467369,-82.8160119,18.8,Full,Jib,Full,Star,Beat,9.2,200.7,,,-10.5,1.2,286.95,1.57,-0.94,215.7,197.5,18.2,3.28,13.48,10.00,0.00,48.09,17.27,75.62,0.00,,19.9,28.9,12.7,49.3,247.9,-42.0,0.60
7:34:24 PM,42.4673301,-82.8160328,,Full,Jib,Full,Star,Beat,9.0,204.0,200.5,3.5,,,287.04,1.57,-0.94,,198.6,,,,,,,,,,0.00,18.8,28.7,11.8,50.2,250.4,-42.0,0.56
7:34:25 PM,42.4672932,-82.8160568,19.1,Full,Jib,Full,Star,Beat,8.6,205.0,202.6,2.4,-8.9,1.3,287.13,1.57,-0.94,216.8,200.5,16.3,,,,,,,,,,20.1,27.6,12.9,46.4,246.6,-42.0,1.03
7:34:26 PM,42.467256,-82.8160802,,Full,Jib,Full,Star,Beat,8.2,203.6,201.7,1.9,-8.7,1.6,287.22,1.57,-0.94,216.0,199.2,16.9,,,,,,,,,,20.0,26.8,12.9,44.5,244.9,-42.0,1.17
7:34:27 PM,42.4672185,-82.8161018,19.2,Full,Jib,Full,Star,Beat,7.9,203.9,201.1,2.8,-8.8,0.3,287.31,1.57,-0.95,213.9,198.7,15.2,3.28,13.48,10.00,0.00,48.09,17.27,75.80,0.00,,18.6,26.8,11.8,45.5,244.9,-42.0,0.90
7:34:28 PM,42.4671825,-82.8161236,,Full,Jib,Full,Star,Beat,8.3,204.8,202.8,2.0,-8.2,-0.9,,,,214.9,200.7,14.3,,,,,,,,,0.00,18.2,29.5,11.6,50.6,250.8,-41.9,
7:34:29 PM,42.4671474,-82.8161456,19.2,Full,Jib,Full,Star,Beat,8.7,204.3,204.4,-0.1,-8.8,0.0,287.43,1.57,-0.95,217.4,202.5,15.0,,,,,,,,,,18.5,25.7,11.5,44.1,247.0,-41.9,1.26
7:34:30 PM,42.4671094,-82.8161724,,Full,Jib,Full,Star,Beat,8.9,209.2,205.0,4.2,-7.9,0.6,287.56,1.57,-0.95,218.9,202.7,16.1,,,,,,,,,,18.7,24.2,11.6,41.4,243.5,-41.8,0.97
7:34:31 PM,42.4670752,-82.8161965,19.1,Full,Jib,Full,Star,Beat,8.2,203.8,201.9,1.9,-7.9,1.6,287.64,1.57,-0.95,216.8,199.5,17.3,3.28,13.48,10.00,0.00,48.09,17.27,75.78,0.00,,,,,,,-41.5,1.65
7:34:32 PM,42.4670412,-82.8162185,,Full,Jib,Full,Star,Beat,8.2,204.0,203.3,0.7,-6.4,0.2,287.72,1.57,-0.95,217.3,,,,,,,,,,,0.00,19.1,25.8,12.4,42.1,244.9,-41.5,0.86
7:34:33 PM,42.4670062,-82.8162418,18.7,Full,Jib,Full,Star,Beat,7.9,204.0,,,-7.4,0.9,287.81,1.57,-0.96,213.8,200.9,12.9,,,,,,,,,,18.3,24.5,11.4,41.8,244.6,-41.5,0.89
7:34:34 PM,42.4669725,-82.8162629,,Full,Jib,Full,Star,Beat,8.0,203.7,200.0,3.7,,,287.89,1.57,-0.96,,197.8,,,,,,,,,,,18.8,25.9,12.2,42.5,243.3,,0.83
7:34:35 PM,42.4669384,-82.8162833,18.7,Full,Jib,Full,Star,Beat,8.4,205.4,199.4,6.0,-6.3,1.7,287.97,1.57,-0.96,214.1,197.0,17.2,3.28,13.48,10.00,0.00,48.09,17.27,76.17,0.00,,17.5,25.8,10.9,44.6,243.5,-41.5,0.81
7:34:36 PM,42.4669027,-82.8163042,,Full,Jib,Full,Star,Beat,7.6,200.5,199.0,1.5,-7.8,0.9,288.06,1.57,-0.96,215.4,195.9,19.4,,,,,,,,,0.00,17.5,28.5,10.9,50.1,247.8,-41.5,1.14
7:34:37 PM,42.4668653,-82.816324,18.8,Full,Jib,Full,Star,Beat,7.5,200.8,197.9,2.9,-9.2,-1.2,,,,215.3,195.2,20.1,,,,,,,,,,19.4,26.6,12.7,43.1,240.4,-42.1,
7:34:38 PM,42.4668298,-82.8163431,,Full,Jib,Full,Star,Beat,8.7,199.7,196.9,2.8,-7.6,-0.5,288.18,1.57,-0.96,214.6,194.5,20.1,,,,,,,,,,18.8,26.0,11.9,43.8,239.5,-41.9,0.68
7:34:39 PM,42.4667938,-82.816361,18.8,Full,Jib,Full,Star,Beat,,,197.1,,-10.3,-0.4,288.30,1.57,-0.97,214.0,195.2,18.8,3.28,13.48,10.00,0.00,48.09,17.27,75.93,0.00,,19.1,29.0,12.5,47.7,243.4,-41.4,0.21
7:34:40 PM,42.4667573,-82.8163808,,Full,Jib,Full,Star,Beat,8.0,199.1,199.3,-0.2,-8.4,-0.3,,,,216.4,197.2,19.2,,,,,,,,,0.00,19.7,26.3,12.7,43.0,240.3,-41.9,
7:34:41 PM,42.4667195,-82.8164034,19.0,Full,Jib,Full,Star,Beat,9.0,199.1,196.6,2.5,-7.3,1.4,288.43,1.57,-0.97,212.3,194.0,18.4,,,,,,,,,,19.3,26.4,12.1,45.1,243.2,-41.8,0.10
7:34:42 PM,42.466682,-82.8164229,,Full,Jib,Full,Star,Beat,9.0,199.1,196.6,2.5,-7.1,2.0,288.52,1.57,-0.97,212.2,,,,,,,,,,,,19.3,26.1,12.2,44.2,240.1,-41.7,0.09
7:34:43 PM,42.4666461,-82.8164415,19.0,Full,Jib,Full,Star,Beat,7.6,200.0,198.8,1.1,-6.2,-0.4,288.61,1.57,-0.97,213.7,194.1,19.6,3.28,13.48,10.00,0.00,48.09,17.27,75.95,0.00,,19.2,24.4,12.0,41.4,237.7,-41.7,0.21
7:34:44 PM,42.4666102,-82.816462,,Full,Jib,Full,Star,Beat,8.6,200.0,,,,,288.69,1.57,-0.97,,196.3,,,,,,,,,,0.00,18.9,27.2,12.2,45.3,242.2,-41.6,0.18
7:34:45 PM,42.4665711,-82.8164837,18.9,Full,Jib,Full,Star,Beat,8.1,200.0,198.3,1.7,-7.5,-0.1,288.79,1.57,-0.98,211.5,196.1,15.4,,,,,,,,,,18.8,27.5,12.0,46.5,243.3,-41.6,0.17
7:34:46 PM,42.4665352,-82.8165034,,Full,Jib,Full,Star,Beat,8.3,201.7,198.9,2.7,-7.7,1.0,288.87,1.57,-0.98,212.5,196.8,15.7,,,,,,,,,,,,,,,-41.7,0.16
7:34:47 PM,42.4664981,-82.8165262,18.8,Full,Jib,Full,Star,Beat,8.8,205.0,200.0,4.9,-6.5,-0.2,288.96,1.57,-0.98,213.7,197.3,16.4,3.28,13.48,10.00,0.00,48.09,17.27,76.63,0.00,,19.0,24.9,11.8,42.6,239.4,-41.7,0.47
7:34:48 PM,42.4664612,-82.8165442,,Full,Jib,Full,Star,Beat,7.9,200.6,197.4,3.2,-7.3,-0.5,289.04,1.57,-0.98,207.8,195.5,12.3,,,,,,,,,0.00,18.9,26.5,12.0,44.8,241.8,-41.8,0.66
7:34:49 PM,42.466425,-82.8165648,18.8,Full,Jib,Full,Star,Beat,8.9,202.1,197.9,4.2,-7.1,0.6,289.12,1.57,-0.98,211.3,195.7,15.6,,,,,,,,,,18.3,26.3,11.3,45.6,241.7,-41.8,0.05
7:34:50 PM,42.4663878,-82.8165838,,Full,Jib,Full,Star,Beat,8.8,202.9,195.1,7.8,-7.1,0.9,289.25,1.57,-0.98,209.0,192.7,16.3,,,,,,,,,,18.6,25.9,11.4,45.2,241.2,-41.8,0.41
7:34:51 PM,42.4663501,-82.8166016,18.5,Full,Jib,Full,Star,Beat,9.1,200.0,195.6,4.4,-8.6,2.0,289.34,1.57,-0.99,209.2,193.2,16.0,3.28,13.48,10.00,0.00,48.09,17.27,76.61,0.00,,19.8,26.0,12.5,43.7,238.9,-41.8,-0.26
7:34:52 PM,42.4663132,-82.8166187,,Full,Jib,Full,Star,Beat,8.4,195.8,198.2,-2.4,,,289.43,1.57,-0.99,210.5,,,,,,,,,,,0.00,19.8,25.5,12.6,42.6,238.2,-42.2,-0.38
7:34:53 PM,42.4662723,-82.816641,18.7,Full,Jib,Full,Star,Beat,8.6,203.0,199.1,3.9,-7.1,0.5,289.52,1.57,-0.99,,196.2,,,,,,,,,,,18.4,27.5,11.5,47.8,242.5,-41.9,0.61
7:34:54 PM,42.4662357,-82.8166625,18.7,Full,Jib,Full,Star,Beat,9.0,203.3,,,-8.9,-0.6,289.60,1.57,-0.99,212.0,196.9,15.1,,,,,,,,,,19.0,26.2,11.8,45.2,241.3,-42.0,0.69
7:34:55 PM,42.4661983,-82.8166819,,Full,Jib,Full,Star,Beat,8.9,201.7,199.0,2.7,-8.5,0.8,289.69,1.57,-0.99,211.8,196.4,15.4,3.28,13.48,10.00,0.00,48.09,17.27,76.44,0.00,,18.6,26.3,11.5,46.0,242.7,-42.0,0.32
7:34:56 PM,42.4661593,-82.8167023,18.4,Full,Jib,Full,Star,Beat,9.4,200.7,198.4,2.3,-7.3,-0.2,289.78,1.57,-1.00,211.1,196.2,14.8,,,,,,,,,0.00,18.9,26.5,11.6,46.6,243.5,-41.9,0.13
7:34:57 PM,42.4661213,-82.8167212,,Full,Jib,Full,Star,Beat,8.4,200.7,198.0,2.6,-9.5,-0.6,289.87,1.57,-1.00,211.6,196.1,15.6,,,,,,,,,,19.4,26.4,12.1,45.5,243.1,-42.1,0.12
7:34:58 PM,42.466083,-82.816744,18.5,Full,Jib,Full,Star,Beat,8.9,200.7,201.0,-0.3,-8.2,0.0,,,,215.2,199.0,16.1,,,,,,,,,,19.6,26.2,12.2,45.1,245.1,,
7:34:59 PM,42.4660415,-82.8167706,18.7,Full,Jib,Full,Star,Beat,9.0,204.7,201.9,2.8,-7.6,1.0,290.02,1.57,-1.00,215.5,199.6,16.0,3.28,13.48,10.00,0.00,48.09,17.27,76.11,0.00,,19.3,26.1,11.9,45.7,245.1,-42.0,0.11
7:35:00 PM,42.4660035,-82.8167941,18.7,Full,Jib,Full,Star,Beat,9.5,205.5,201.2,4.3,-8.9,0.9,290.11,1.57,-1.00,214.9,198.7,16.2,,,,,,,,,0.00,,,,,,-42.0,0.74
7:35:01 PM,42.4659663,-82.816818,,Full,Jib,Full,Star,Beat,9.2,204.9,202.9,2.0,-7.8,0.4,290.20,1.57,-1.00,217.0,200.8,16.1,,,,,,,,,,19.7,27.2,12.4,46.5,246.4,-42.0,0.62
7:35:02 PM,42.4659299,-82.8168431,18.6,Full,Jib,Full,Star,Beat,9.4,207.6,201.9,5.7,,,290.29,1.57,-1.01,,199.0,,,,,,,,,,,19.0,25.7,11.6,45.6,245.8,-42.0,0.75
7:35:03 PM,42.4658929,-82.8168665,,Full,Jib,Full,Star,Beat,8.9,205.1,200.4,4.7,-7.0,0.0,290.38,1.57,-1.01,214.0,,,3.28,13.48,10.00,0.00,48.09,17.27,76.26,0.00,,18.4,24.9,11.0,44.5,244.3,-42.0,1.22
7:35:04 PM,42.4658558,-82.8168888,18.7,Full,Jib,Full,Star,Beat,8.7,203.7,,,-6.5,0.8,290.47,1.57,-1.01,213.5,197.8,15.7,,,,,,,,,0.00,17.9,25.9,10.7,46.9,245.7,-41.9,0.74
7:35:05 PM,42.4658186,-82.8169103,,Full,Jib,Full,Star,Beat,8.6,203.9,199.6,4.3,-6.7,0.6,290.56,1.57,-1.01,213.2,197.2,16.0,,,,,,,,,,17.8,26.2,10.6,47.5,245.3,-41.9,0.59
7:35:06 PM,42.4657824,-82.816931,18.8,Full,Jib,Full,Star,Beat,8.5,203.9,199.7,4.2,-6.9,1.5,290.64,1.57,-1.01,213.7,197.2,16.4,,,,,,,,,,17.8,26.2,10.7,46.9,244.0,-41.8,0.36
7:35:07 PM,42.4657429,-82.8169557,,Full,Jib,Full,Star,Beat,8.6,205.8,200.3,5.5,-5.6,0.1,290.77,1.57,-1.02,214.3,198.1,16.2,3.28,13.48,10.00,0.00,48.09,17.27,75.98,0.00,,18.2,23.6,10.8,42.1,238.7,-41.7,0.64
7:35:08 PM,42.4657078,-82.8169759,18.8,Full,Jib,Full,Star,Beat,7.5,203.5,199.3,4.2,-5.4,0.1,290.86,1.56,-1.02,212.1,196.8,15.4,,,,,,,,,0.00,18.7,24.1,11.7,40.8,238.2,-41.5,0.49
7:35:09 PM,42.4656735,-82.8169966,,Full,Jib,Full,Star,Beat,8.3,203.9,199.5,4.4,-6.2,-0.4,290.94,1.56,-1.02,211.1,197.0,14.0,,,,,,,,,,19.2,23.8,12.1,39.5,236.9,-41.5,0.39
7:35:10 PM,,,19.2,Full,Jib,Full,Star,Beat,8.0,204.1,198.6,5.4,-5.0,-0.1,291.02,1.56,-1.02,210.1,196.1,14.1,,,,,,,,,,18.7,22.4,11.6,37.9,234.5,-41.5,0.31
7:35:11 PM,42.4656392,-82.8170169,,Full,Jib,Full,Star,Beat,8.1,203.6,198.2,5.5,,,291.10,1.56,-1.02,,195.8,,3.28,13.48,10.00,0.00,48.09,17.27,76.11,0.00,,19.0,23.9,12.0,39.9,236.0,-41.5,0.38
7:35:12 PM,42.4656051,-82.8170366,19.0,Full,Jib,Full,Star,Beat,7.8,201.7,198.3,3.5,-6.9,0.1,291.19,1.56,-1.02,210.9,196.0,14.9,,,,,,,,,0.00,19.1,24.8,12.3,40.7,237.1,-41.5,0.10
7:35:13 PM,42.4655701,-82.8170556,,Full,Jib,Full,Star,Beat,8.5,203.1,198.2,4.9,-6.7,0.1,291.26,1.56,-1.02,216.9,,,,,,,,,,,,18.6,26.0,11.6,44.8,240.9,-41.6,0.17
7:35:14 PM,42.4655344,-82.8170768,18.9,Full,Jib,Full,Star,Beat,8.4,199.6,,,-8.7,3.3,291.35,1.56,-1.03,216.8,195.4,21.3,,,,,,,,,,20.0,24.5,13.0,39.6,236.2,-41.6,0.13
7:35:15 PM,42.4654989,-82.8170949,,Full,Jib,Full,Star,Beat,8.0,198.9,197.6,1.3,-7.9,2.2,,,,218.1,195.7,22.5,3.28,13.48,10.00,0.00,48.09,17.27,76.22,0.00,,19.1,24.5,11.9,41.6,238.0,-41.9,
7:35:16 PM,42.46545892,-82.81711761,19.2,Full,Jib,Full,Star,Beat,8.6,202.4,198.9,3.5,-9.7,0.6,291.48,1.56,-1.03,216.0,196.5,19.6,,,,,,,,,0.00,,,,,,-41.9,-0.19
7:35:17 PM,42.46542251,-82.81713921,,Full,Jib,Full,Star,Beat,8.5,202.0,199.3,2.7,-11.2,0.8,291.57,1.56,-1.03,218.5,197.1,21.5,,,,,,,,,,20.3,26.6,13.2,43.5,240.3,-41.9,0.09
7:35:18 PM,42.4653867,-82.8171598,19.3,Full,Jib,Full,Star,Beat,8.4,206.3,203.8,2.5,-10.2,2.8,291.66,1.56,-1.03,,201.8,,,,,,,,,,,20.4,23.9,13.0,39.6,238.1,-42.0,0.01
7:35:19 PM,42.4653513,-82.8171843,19.4,Full,Jib,Full,Star,Beat,8.8,209.8,207.3,2.5,,,291.74,1.56,-1.03,222.3,205.5,16.9,3.28,13.48,10.00,0.00,48.09,17.27,75.37,0.00,,19.9,23.4,12.4,39.5,239.4,-41.9,0.67
7:35:20 PM,42.4653167,-82.8172123,,Full,Jib,Full,Star,Beat,7.8,211.2,209.8,1.4,-9.4,2.8,291.83,1.56,-1.04,224.7,207.9,16.8,,,,,,,,,0.00,19.4,22.9,11.9,39.2,241.8,-40.6,1.22
7:35:21 PM,42.4652847,-82.8172403,19.2,Full,Jib,Full,Star,Beat,8.4,217.1,212.9,4.1,-5.9,1.7,291.91,1.56,-1.04,226.5,210.8,15.7,,,,,,,,,,19.3,16.6,11.6,28.5,232.9,-39.7,1.27
7:35:22 PM,42.4652543,-82.8172696,,Full,Jib,Full,Star,Beat,7.4,217.3,214.9,2.4,-3.5,0.0,291.99,1.56,-1.04,224.4,212.8,11.6,,,,,,,,,,20.1,16.7,12.8,26.8,235.4,-39.0,2.17
7:35:23 PM,42.4652237,-82.8173016,18.7,Full,Jib,Full,Star,Beat,6.8,217.5,216.7,0.8,-4.1,-0.7,292.07,1.56,-1.04,226.8,,,3.28,13.48,10.00,0.00,48.09,17.27,74.01,0.00,,20.2,18.6,13.7,28.1,239.3,,1.94
7:35:24 PM,42.4651994,-82.8173266,18.6,Full,Jib,Full,Star,Beat,5.8,221.7,,,-3.7,0.6,292.13,1.56,-1.04,230.2,214.8,15.3,,,,,,,,,0.00,18.3,19.1,12.2,29.3,241.9,-38.7,1.79
7:35:25 PM,42.4651802,-82.8173511,,Full,Jib,Full,Tack,Tack,4.8,227.4,221.6,5.8,-2.8,1.3,292.19,1.56,-1.04,240.9,220.5,20.3,,,,,,,,,,16.7,14.0,,,,-35.5,1.96
7:35:26 PM,42.4651667,-82.817374,18.8,Full,Jib,Full,Tack,Tack,3.8,238.1,233.6,4.4,,,292.23,1.56,-1.04,,233.1,,,,,,,,,,,18.1,2.1,,,,-22.9,1.95
7:35:27 PM,42.4651593,-82.8173948,,Full,Jib,Full,Tack,Tack,2.7,249.5,248.9,0.6,-2.8,0.4,292.26,1.56,-1.04,254.6,248.7,5.9,3.28,13.48,10.00,0.00,48.09,17.27,69.69,0.00,,15.5,-11.9,,,,-17.5,2.57
7:35:28 PM,42.4651589,-82.8174114,19.0,Full,Jib,Full,Tack,Tack,1.9,254.2,262.1,-7.9,0.2,-2.4,292.28,1.56,-1.04,270.8,260.7,10.1,,,,,,,,,0.00,15.6,-46.7,,,,33.7,3.04
7:35:29 PM,42.4651597,-82.8174272,,Full,Jib,Full,Port,Beat,2.2,292.3,272.7,19.6,3.0,1.8,292.28,1.56,-1.04,280.0,271.9,8.1,,,,,,,,,,15.3,-38.6,,,,32.3,1.72
7:35:30 PM,42.4651679,-82.8174401,18.8,Full,Jib,Full,Port,Beat,2.3,302.4,279.7,22.7,5.6,0.9,292.27,1.56,-1.04,291.8,278.1,13.7,,,,,,,,,,13.1,-34.2,,,,33.7,2.81
7:35:31 PM,42.4651755,-82.8174531,,Full,Jib,Full,Port,Beat,3.0,305.2,285.7,19.5,7.3,2.3,292.26,1.56,-1.04,296.2,284.1,12.1,,,,,,,,,,,,,,,33.6,2.49
7:35:32 PM,42.4651861,-82.8174665,19.0,Full,Jib,Full,Port,Beat,3.5,309.3,292.8,16.5,,,292.25,1.56,-1.04,,291.2,,3.28,13.48,10.00,0.00,48.09,17.27,70.38,0.00,0.00,13.7,-33.3,,,,33.9,2.92
7:35:33 PM,42.465199,-82.8174846,,Full,Jib,Full,Port,Beat,4.2,298.1,292.3,5.8,6.2,0.4,292.23,1.55,-1.04,302.0,,,,,,,,,,,,14.1,-27.1,11.1,-35.3,247.7,34.2,3.18
7:35:34 PM,42.4652099,-82.817504,19.0,Full,Jib,Full,Port,Beat,4.1,303.3,294.3,9.1,6.4,2.5,292.22,1.55,-1.04,296.3,289.7,6.5,,,,,,,,,,13.1,-30.0,9.8,-41.8,245.7,33.8,4.13
7:35:35 PM,42.465225,-82.8175274,,Full,Jib,Full,Port,Beat,5.4,293.0,,,6.8,0.8,292.21,1.55,-1.04,302.3,292.9,9.4,3.28,13.48,10.00,0.00,48.09,17.27,70.04,0.00,,14.1,-27.1,10.4,-38.1,251.0,34.8,4.37
7:35:36 PM,42.4652377,-82.8175586,18.8,Full,Jib,Full,Port,Beat,5.3,295.7,295.2,0.6,5.9,1.3,292.20,1.55,-1.04,300.9,292.3,8.6,,,,,,,,,0.00,16.1,-26.7,11.7,-38.4,255.8,33.8,5.42
7:35:37 PM,42.4652531,-82.8175907,,Full,Jib,Full,Port,Beat,6.1,287.2,292.7,-5.6,,,,,,,290.4,,,,,,,,,,,17.1,-27.1,12.5,-38.5,254.7,34.7,
7:35:38 PM,42.4652625,-82.8176234,19.2,Full,Jib,Full,Port,Beat,5.7,286.1,292.8,-6.7,6.3,1.6,292.20,1.55,-1.03,297.3,290.1,7.2,,,,,,,,,,16.6,-25.0,11.6,-37.2,258.0,34.8,5.58
7:35:39 PM,42.4652713,-82.8176594,,Full,Jib,Full,Port,Beat,,,290.7,,8.3,1.3,292.20,1.55,-1.03,294.1,288.4,5.6,3.28,13.48,10.00,0.01,48.09,17.27,70.66,0.00,,17.6,-26.2,12.6,-38.0,255.6,34.7,5.86
7:35:40 PM,42.4652789,-82.8176954,19.2,Full,Jib,Full,Port,Beat,5.5,287.1,290.6,-3.5,7.9,0.1,292.20,1.55,-1.03,294.8,288.0,6.8,,,,,,,,,0.00,17.8,-22.2,12.5,-32.5,261.0,34.8,5.92
7:35:41 PM,42.4652871,-82.8177352,,Full,Jib,Full,Port,Beat,6.2,280.8,288.4,-7.6,6.6,1.1,292.21,1.54,-1.03,290.4,285.8,4.6,,,,,,,,,,17.5,-21.8,12.1,-32.6,261.3,34.3,5.94
7:35:42 PM,42.4652932,-82.8177736,19.0,Full,Jib,Full,Port,Beat,6.3,282.8,288.0,-5.2,5.7,0.4,292.22,1.54,-1.03,289.8,285.7,4.0,,,,,,,,,,17.5,-19.1,12.0,-28.5,263.7,34.3,6.28
7:35:43 PM,42.4652987,-82.8178124,,Full,Jib,Full,Port,Beat,6.1,279.4,288.4,-9.0,6.4,-0.9,292.23,1.54,-1.03,290.0,286.3,3.7,,,,,,,,,,18.1,-19.0,12.5,-28.2,264.3,34.3,5.93
7:35:44 PM,42.4653062,-82.8178501,18.9,Full,Jib,Full,Port,Beat,5.9,284.6,292.4,-7.8,7.2,0.3,292.24,1.54,-1.03,292.9,,,3.28,13.48,10.00,0.00,48.09,17.27,69.91,0.00,0.00,17.2,-20.8,11.8,-31.1,260.6,35.0,6.02
7:35:45 PM,42.4653131,-82.8178913,,Full,Jib,Full,Port,Beat,6.3,283.8,,,6.8,-0.4,292.25,1.54,-1.03,295.6,290.5,5.1,,,,,,,,,,17.9,-19.3,12.0,-29.5,265.7,35.0,6.02
7:35:46 PM,42.4653226,-82.8179303,18.9,Full,Jib,Full,Port,Beat,6.6,284.9,293.6,-8.7,8.3,1.2,292.26,1.53,-1.03,295.5,291.3,4.2,,,,,,,,,,,,,,,34.7,6.65
7:35:47 PM,42.4653318,-82.8179687,,Full,Jib,Full,Port,Beat,5.9,288.2,294.7,-6.5,,,292.26,1.53,-1.02,,292.6,,3.28,13.48,10.00,0.00,48.09,17.27,69.14,0.00,,17.3,-20.7,11.7,-31.7,262.9,34.9,6.26
7:35:48 PM,42.4653401,-82.8180096,19.1,Full,Jib,Full,Port,Beat,6.8,283.9,294.7,-10.8,6.0,0.6,292.27,1.53,-1.02,296.6,292.1,4.4,,,,,,,,,0.00,16.6,-17.8,10.6,-28.9,271.1,,6.46
7:35:49 PM,42.4653492,-82.8180476,,Full,Jib,Full,Port,Beat,6.3,286.8,294.0,-7.2,7.8,0.3,292.28,1.53,-1.02,294.6,292.0,2.6,,,,,,,,,,17.4,-19.9,11.6,-30.8,266.8,34.7,6.29
7:35:50 PM,42.4653564,-82.8180874,18.9,Full,Jib,Full,Port,Beat,6.7,284.7,294.6,-9.9,6.9,-1.4,292.28,1.53,-1.02,295.8,292.3,3.5,,,,,,,,,,17.9,-18.4,11.8,-28.5,270.6,34.9,6.36
7:35:51 PM,42.4653665,-82.8181261,,Full,Jib,Full,Port,Beat,6.3,287.3,296.5,-9.2,6.9,0.9,292.29,1.53,-1.02,296.8,294.3,2.6,3.28,13.48,10.00,0.00,48.09,17.27,68.89,0.00,,16.4,-20.0,10.4,-32.5,266.7,34.9,6.31
7:35:52 PM,42.4653759,-82.8181666,18.6,Full,Jib,Full,Port,Beat,7.1,284.1,297.1,-13.0,6.4,2.1,292.30,1.52,-1.02,297.0,294.9,2.1,,,,,,,,,0.00,17.2,-18.7,11.0,-30.0,272.2,35.5,6.98
7:35:53 PM,42.4653876,-82.8182079,,Full,Jib,Full,Port,Beat,6.6,289.4,297.8,-8.4,,,292.30,1.52,-1.02,,295.6,,,,,,,,,,,19.3,-19.9,13.3,-29.6,270.3,35.0,6.54
7:35:54 PM,42.4653982,-82.8182481,18.3,Full,Jib,Full,Port,Beat,6.6,287.8,298.4,-10.6,7.7,-0.3,292.30,1.52,-1.02,298.2,296.4,1.8,,,,,,,,,,19.0,-19.3,12.8,-29.3,272.7,35.1,6.55
7:35:55 PM,42.4654094,-82.8182887,,Full,Jib,Full,Port,Beat,6.6,290.0,299.7,-9.7,7.7,-0.3,292.31,1.52,-1.01,300.1,,,,,,,,,,,,19.6,-19.0,13.4,-28.4,274.1,35.1,6.60
7:35:56 PM,42.4654218,-82.8183293,18.5,Full,Jib,Full,Port,Beat,7.0,291.4,,,8.2,0.9,292.31,1.52,-1.01,300.1,297.5,2.6,3.28,13.48,10.00,0.00,48.09,17.27,68.25,0.00,0.00,18.6,-20.3,12.3,-31.7,271.6,35.1,7.04
7:35:57 PM,42.4654347,-82.818371,,Full,Jib,Full,Port,Beat,7.2,291.6,302.2,-10.5,8.2,0.2,292.30,1.51,-1.01,302.0,300.3,1.7,,,,,,,,,,19.4,-21.3,12.9,-33.1,272.8,35.4,7.15
7:35:58 PM,42.4654495,-82.8184135,19.1,Full,Jib,Full,Port,Beat,7.6,291.6,303.8,-12.1,10.1,1.4,,,,303.2,301.8,1.3,,,,,,,,,,19.2,-22.0,12.5,-35.1,273.9,35.7,
7:35:59 PM,42.4654645,-82.8184602,,Full,Jib,Full,Port,Beat,7.9,294.7,306.4,-11.7,9.9,0.9,292.30,1.51,-1.01,305.2,304.5,0.8,3.28,13.48,10.00,0.00,48.09,17.27,67.32,0.00,,,,,,,36.1,7.54
7:36:00 PM,42.46548,-82.8185106,19.4,Full,Jib,Full,Port,Beat,8.2,293.9,308.8,-14.9,8.9,0.8,292.30,1.51,-1.01,306.0,306.6,-0.6,,,,,,,,,0.00,18.4,-21.6,11.3,-36.7,276.1,36.1,7.66
7:36:01 PM,42.4654968,-82.8185568,,Full,Jib,Full,Port,Beat,8.3,297.1,310.2,-13.1,8.7,0.5,292.29,1.50,-1.01,,307.9,,,,,,,,,,,18.9,-22.9,11.7,-38.8,275.2,36.1,8.18
7:36:02 PM,42.4655129,-82.8186054,19.3,Full,Jib,Full,Port,Beat,8.9,295.3,310.2,-14.9,9.1,1.1,292.29,1.50,-1.00,307.4,308.0,-0.6,,,,,,,,,,20.4,-20.5,12.8,-33.8,284.8,35.9,8.65
7:36:03 PM,42.4655301,-82.8186545,19.2,Full,Jib,Full,Port,Beat,8.6,295.5,311.4,-15.9,,,292.28,1.50,-1.00,305.8,309.3,-3.5,3.28,13.48,10.00,0.00,48.09,17.27,67.11,0.00,,21.0,-22.8,13.3,-37.7,280.9,35.9,9.04
7:36:04 PM,42.4655483,-82.8187049,,Full,Jib,Full,Port,Beat,8.6,296.1,311.9,-15.8,8.2,0.6,292.28,1.50,-1.00,307.2,309.6,-2.4,,,,,,,,,0.00,20.9,-21.8,13.1,-36.5,284.1,35.9,9.32
7:36:05 PM,42.4655674,-82.8187568,19.2,Full,Jib,Full,Port,Beat,9.1,296.7,311.8,-15.1,9.6,0.9,292.27,1.49,-1.00,306.6,,,,,,,,,,,,21.2,-23.1,13.3,-38.6,282.8,36.0,9.05
7:36:06 PM,42.4655852,-82.8188089,,Full,Jib,Full,Port,Beat,9.3,296.4,,,10.8,0.6,292.27,1.49,-1.00,306.6,309.3,-2.8,,,,,,,,,,21.1,-22.8,13.1,-38.7,283.2,36.3,9.40
7:36:07 PM,42.4656052,-82.8188622,19.3,Full,Jib,Full,Port,Beat,9.4,299.6,311.7,-12.1,12.5,0.5,292.26,1.49,-1.00,305.5,309.4,-3.9,3.28,13.48,10.00,0.00,48.09,17.27,66.05,0.00,,21.8,-24.0,13.6,-40.6,279.4,36.4,9.53
7:36:08 PM,42.4656262,-82.818922,,Full,Jib,Full,Port,Beat,9.8,293.8,312.4,-18.6,13.4,0.8,,,,,309.7,,,,,,,,,,0.00,23.9,-26.3,15.8,-42.2,278.9,36.7,
7:36:09 PM,42.4656434,-82.8189801,19.3,Full,Jib,Full,Port,Beat,9.9,293.1,308.9,-15.8,16.2,1.9,292.25,1.49,-0.99,310.3,306.5,3.8,,,,,,,,,,21.9,-22.1,13.2,-38.6,284.7,36.7,9.78
7:36:10 PM,42.4656572,-82.8190392,,Full,Jib,Full,Port,Beat,10.0,286.7,307.3,-20.6,13.5,0.0,292.25,1.48,-0.99,306.7,304.7,2.0,,,,,,,,,,22.8,-18.0,13.6,-31.3,292.8,,10.07
7:36:11 PM,42.4656721,-82.8190969,19.6,Full,Jib,Full,Port,Beat,10.3,289.0,307.4,-18.4,12.0,1.0,292.27,1.48,-0.99,302.9,305.1,-2.2,3.28,13.48,10.00,0.00,48.09,17.27,67.02,0.00,,22.3,-18.3,13.2,-32.1,289.1,36.7,10.01
7:36:12 PM,42.4656875,-82.8191548,,Full,Jib,Full,Port,Beat,10.1,289.9,306.4,-16.5,12.2,0.3,292.27,1.48,-0.99,302.8,303.8,-1.0,,,,,,,,,0.00,22.5,-19.2,13.3,-33.7,285.5,36.7,9.85
7:36:13 PM,42.4657011,-82.8192128,19.2,Full,Jib,Full,Port,Beat,9.7,287.1,304.9,-17.8,11.5,0.7,292.28,1.47,-0.98,302.1,302.4,-0.4,,,,,,,,,,,,,,,36.7,10.07
7:36:14 PM,42.465715,-82.8192722,,Full,Jib,Full,Port,Beat,9.9,287.6,304.1,-16.5,,,292.29,1.47,-0.98,301.8,301.9,-0.2,,,,,,,,,,22.4,-17.9,13.2,-31.3,288.1,36.7,10.00
7:36:15 PM,42.4657313,-82.8193351,19.2,Full,Jib,Full,Port,Beat,9.9,287.3,303.5,-16.1,9.3,0.4,,,,302.4,,,3.28,13.48,10.00,0.00,48.09,17.27,67.13,0.00,,22.3,-16.7,13.2,-29.1,288.1,36.7,
7:36:16 PM,42.4657464,-82.81939,,Full,Jib,Full,Port,Beat,9.4,288.6,,,9.4,0.6,292.29,1.47,-0.98,301.8,301.0,0.8,,,,,,,,,0.00,21.4,-18.3,12.6,-32.2,282.3,36.5,9.95
7:36:17 PM,42.4657609,-82.8194448,18.9,Full,Jib,Full,Port,Beat,9.5,288.9,302.2,-13.4,8.7,0.6,292.30,1.46,-0.98,301.1,299.7,1.4,,,,,,,,,,20.6,-17.3,11.9,-31.0,283.5,36.5,9.35
7:36:18 PM,,,,Full,Jib,Full,Port,Beat,8.7,287.0,301.6,-14.5,8.2,-0.4,292.30,1.46,-0.98,302.5,299.4,3.1,,,,,,,,,,19.4,-16.5,11.0,-30.1,283.2,36.1,9.48
7:36:19 PM,42.4657748,-82.8194967,19.1,Full,Jib,Full,Port,Beat,8.8,288.8,301.0,-12.2,6.9,-0.1,292.31,1.46,-0.98,,298.6,,3.28,13.48,10.00,0.00,48.09,17.27,67.39,0.00,,18.7,-15.3,10.4,-28.4,283.3,35.8,8.78
7:36:20 PM,42.4657892,-82.8195472,,Full,Jib,Full,Port,Beat,8.1,292.6,301.2,-8.6,7.4,0.8,292.31,1.46,-0.97,302.3,299.2,3.1,,,,,,,,,0.00,20.0,-17.5,12.2,-29.7,278.0,35.7,8.69
7:36:21 PM,42.4658048,-82.8195938,18.7,Full,Jib,Full,Port,Beat,8.2,289.9,303.1,-13.3,5.6,-0.2,292.30,1.45,-0.97,304.6,300.9,3.7,,,,,,,,,,20.5,-14.4,12.6,-23.8,285.9,35.7,8.32
7:36:22 PM,42.4658173,-82.8196413,18.3,Full,Jib,Full,Port,Beat,8.1,294.4,302.9,-8.5,,,292.31,1.45,-0.97,304.0,300.9,3.1,,,,,,,,,,20.1,-18.7,12.5,-30.9,277.2,35.3,8.26
7:36:23 PM,42.4658324,-82.8196872,,Full,Jib,Full,Port,Beat,7.9,293.9,304.2,-10.3,8.0,0.4,292.30,1.45,-0.97,305.6,301.9,3.7,3.28,13.48,10.00,0.00,48.09,17.27,66.93,0.00,,19.2,-16.9,11.8,-28.2,281.8,35.4,7.79
7:36:24 PM,42.46584901,-82.81973609,18.6,Full,Jib,Full,Port,Beat,8.2,291.0,305.2,-14.2,6.9,0.5,292.30,1.45,-0.97,305.9,302.9,3.0,,,,,,,,,0.00,19.4,-17.1,12.0,-28.5,284.1,35.5,8.07
7:36:25 PM,42.46586423,-82.81978203,,Full,Jib,Full,Port,Beat,7.7,296.7,306.6,-9.9,8.1,1.1,292.30,1.45,-0.97,306.8,304.5,2.3,,,,,,,,,,19.4,-20.7,12.3,-33.8,276.6,35.3,8.06
7:36:26 PM,42.46588158,-82.81982525,18.3,Full,Jib,Full,Port,Beat,8.2,296.4,307.2,-10.8,7.3,0.3,292.29,1.44,-0.97,,,,,,,,,,,,,18.7,-20.4,11.4,-34.8,278.3,36.2,7.74
7:36:27 PM,42.46589797,-82.81987063,,Full,Jib,Full,Port,Beat,8.1,294.8,,,8.7,0.0,292.28,1.44,-0.96,306.7,304.9,1.8,3.28,13.48,10.00,0.00,48.09,17.27,66.62,0.00,,19.5,-20.8,12.2,-34.5,279.4,35.8,8.11
7:36:28 PM,42.46591365,-82.8199153,18.3,Full,Jib,Full,Port,Beat,8.0,295.4,306.9,-11.5,,,292.28,1.44,-0.96,306.0,304.7,1.3,,,,,,,,,0.00,,,,,,35.8,8.12
7:36:29 PM,42.46592932,-82.81996078,,Full,Jib,Full,Port,Beat,8.5,295.1,307.8,-12.6,8.2,0.1,292.27,1.44,-0.96,306.9,305.4,1.5,,,,,,,,,,19.5,-20.2,12.1,-33.7,281.3,35.9,8.41
7:36:30 PM,42.4659465,-82.8200128,18.7,Full,Jib,Full,Port,Beat,8.4,294.6,308.2,-13.6,8.3,1.4,292.27,1.43,-0.96,307.3,306.1,1.2,,,,,,,,,,20.3,-21.1,13.0,-34.5,280.1,36.0,8.38
7:36:31 PM,42.4659629,-82.8200615,,Full,Jib,Full,Port,Beat,8.5,297.0,308.4,-11.4,9.7,0.7,292.26,1.43,-0.96,307.0,306.2,0.7,3.28,13.48,10.00,0.00,48.09,17.27,66.39,0.00,,20.7,-22.9,13.3,-37.3,278.4,36.3,8.54
7:36:32 PM,42.4659803,-82.8201109,18.8,Full,Jib,Full,Port,Beat,8.9,294.3,308.7,-14.4,10.0,0.3,292.26,1.43,-0.95,,306.3,,,,,,,,,,0.00,21.1,-22.7,13.6,-37.0,279.4,36.3,8.82
7:36:33 PM,42.4659961,-82.8201625,,Full,Jib,Full,Port,Beat,8.8,293.0,307.8,-14.8,8.8,0.8,292.26,1.43,-0.95,306.7,305.6,1.1,,,,,,,,,,20.5,-21.8,12.8,-36.5,281.5,36.3,8.82
7:36:34 PM,42.466012,-82.820214,18.8,Full,Jib,Full,Port,Beat,8.8,295.1,309.8,-14.7,8.6,1.5,292.26,1.42,-0.95,305.5,307.6,-2.1,,,,,,,,,,20.1,-22.0,12.4,-37.4,280.0,36.3,8.74
7:36:35 PM,42.4660289,-82.8202635,,Full,Jib,Full,Port,Beat,9.1,294.3,310.2,-15.9,7.9,0.6,292.25,1.42,-0.95,307.1,307.8,-0.6,3.28,13.48,10.00,0.01,48.09,17.27,66.42,0.00,,19.7,-20.1,11.8,-34.9,284.3,,8.99
7:36:36 PM,42.4660463,-82.8203153,18.7,Full,Jib,Full,Port,Beat,9.0,295.2,309.0,-13.7,,,292.25,1.42,-0.95,307.5,,,,,,,,,,,0.00,19.9,-23.0,12.1,-39.7,280.1,36.3,8.99
7:36:37 PM,42.4660635,-82.8203647,,Full,Jib,Full,Port,Beat,8.8,294.8,,,9.0,0.5,292.24,1.42,-0.95,306.3,306.7,-0.4,,,,,,,,,,19.7,-21.5,11.9,-37.4,281.9,36.3,8.82
7:36:38 PM,42.4660821,-82.8204197,18.8,Full,Jib,Full,Port,Beat,9.1,294.4,309.8,-15.4,8.9,0.3,,,,307.9,307.5,0.4,,,,,,,,,,19.8,-21.4,11.9,-37.2,282.8,36.3,
7:36:39 PM,42.466099,-82.8204718,,Full,Jib,Full,Port,Beat,8.8,295.1,309.1,-14.0,9.2,0.2,292.24,1.41,-0.94,306.4,306.4,0.0,3.28,13.48,10.00,0.00,48.09,17.27,66.39,0.00,,19.9,-22.1,12.1,-38.2,281.6,36.3,8.88
7:36:40 PM,42.4661163,-82.8205228,18.2,Full,Jib,Full,Port,Beat,8.7,294.3,308.2,-14.0,9.2,0.4,292.23,1.41,-0.94,,305.9,,,,,,,,,,0.00,19.8,-21.4,12.0,-36.9,282.2,36.3,8.61
7:36:41 PM,42.4661319,-82.8205736,,Full,Jib,Full,Port,Beat,8.8,293.2,308.7,-15.5,6.2,0.8,,,,306.9,306.6,0.3,,,,,,,,,,19.5,-19.6,11.7,-34.1,286.0,36.3,
7:36:42 PM,42.4661481,-82.820624,18.5,Full,Jib,Full,Port,Beat,8.6,298.1,308.3,-10.2,8.5,1.3,292.23,1.41,-0.94,307.2,306.1,1.2,,,,,,,,,,19.9,-23.1,12.4,-39.0,277.8,36.0,8.61
7:36:43 PM,42.4661652,-82.820671,,Full,Jib,Full,Port,Beat,8.4,295.7,309.5,-13.8,7.6,-0.5,292.23,1.40,-0.94,306.9,307.3,-0.4,3.28,13.48,10.00,0.00,48.09,17.27,66.53,0.00,,20.3,-20.3,12.8,-33.5,283.7,36.0,8.45
7:36:44 PM,42.4661818,-82.8207174,18.8,Full,Jib,Full,Port,Beat,8.6,296.7,309.5,-12.8,,,292.22,1.40,-0.94,308.7,307.2,1.5,,,,,,,,,0.00,19.3,-22.8,11.8,-39.2,278.8,36.1,8.39
7:36:45 PM,42.4661992,-82.8207641,,Full,Jib,Full,Port,Beat,8.3,298.4,309.1,-10.8,8.1,1.4,292.21,1.40,-0.93,308.2,306.8,1.4,,,,,,,,,,20.4,-23.1,13.1,-37.6,278.7,36.1,8.61
7:36:46 PM,42.4662195,-82.820814,18.3,Full,Jib,Full,Port,Beat,9.1,,310.5,,9.5,0.5,292.20,1.40,-0.93,308.0,,,,,,,,,,,,,,,,,36.1,8.41
7:36:47 PM,42.4662366,-82.8208612,,Full,Jib,Full,Port,Beat,8.3,296.4,309.9,-13.5,8.4,0.0,292.19,1.39,-0.93,307.7,308.0,-0.3,3.28,13.48,10.00,0.00,48.09,17.27,66.51,0.00,,20.0,-20.8,12.5,-34.6,285.2,36.1,7.78
7:36:48 PM,42.4662539,-82.8209079,18.6,Full,Jib,Full,Port,Beat,8.4,295.7,,,10.3,-0.2,292.19,1.39,-0.93,307.4,307.6,-0.2,,,,,,,,,0.00,19.9,-23.2,12.7,-38.3,279.7,36.3,8.56
7:36:49 PM,42.46627,-82.8209567,,Full,Jib,Full,Port,Beat,8.4,,309.6,,9.4,1.0,292.18,1.39,-0.93,307.5,307.4,0.1,,,,,,,,,,19.6,-21.7,12.2,-36.5,282.5,36.3,8.35
7:36:50 PM,42.4662853,-82.821007,18.8,Full,Jib,Full,Port,Beat,8.6,296.9,310.0,-13.1,10.6,0.8,292.18,1.39,-0.93,,307.6,,,,,,,,,,,20.1,-23.1,12.7,-38.3,282.1,36.3,8.60
7:36:51 PM,42.4663023,-82.8210574,,Full,Jib,Full,Port,Beat,8.6,295.1,309.4,-14.3,10.1,0.5,292.18,1.38,-0.92,305.5,307.3,-1.8,3.28,13.48,10.00,0.00,48.09,17.27,65.74,0.00,,19.9,-22.1,12.3,-37.4,282.2,36.3,8.55
7:36:52 PM,42.4663193,-82.8211092,18.9,Full,Jib,Full,Port,Beat,9.2,295.1,310.8,-15.7,11.8,2.1,292.17,1.38,-0.92,308.8,308.3,0.5,,,,,,,,,0.00,19.8,-23.0,12.0,-40.2,280.5,36.3,8.78
7:36:53 PM,42.4663372,-82.8211615,,Full,Jib,Full,Port,Beat,10.6,301.1,311.0,-9.9,,,292.17,1.38,-0.92,307.2,308.6,-1.4,,,,,,,,,,20.4,-23.8,12.5,-41.0,278.6,36.7,9.03
7:36:54 PM,42.4663599,-82.821219,19.5,Full,Jib,Full,Port,Beat,9.6,301.7,310.6,-8.8,12.9,-0.8,292.15,1.38,-0.92,308.0,308.4,-0.4,,,,,,,,,,22.4,-22.3,14.0,-37.1,279.4,36.8,8.88
7:36:55 PM,42.4663761,-82.8212714,,Full,Jib,Full,Port,Beat,,,310.5,,13.0,2.0,292.15,1.37,-0.92,306.6,307.9,-1.3,3.28,13.48,10.00,0.00,48.09,17.27,65.84,0.00,,22.4,-23.2,14.3,-38.3,277.8,36.8,9.03
7:36:56 PM,42.4663927,-82.8213243,19.4,Full,Jib,Full,Port,Beat,9.8,301.7,309.3,-7.6,13.2,-0.1,292.15,1.37,-0.91,305.4,307.0,-1.6,,,,,,,,,0.00,22.4,-22.3,13.9,-37.6,277.5,36.8,9.47
7:36:57 PM,42.4664093,-82.8213796,,Full,Jib,Full,Port,Beat,9.9,301.7,308.2,-6.4,14.1,1.7,292.15,1.37,-0.91,303.8,,,,,,,,,,,,21.4,-22.2,12.9,-39.0,284.3,36.8,9.47
7:36:58 PM,42.4664236,-82.821431,19.3,Full,Jib,Full,Port,Beat,9.7,292.9,,,10.9,0.0,292.15,1.37,-0.91,,305.8,,,,,,,,,,,22.4,-21.0,13.9,-35.4,284.1,,9.60
7:36:59 PM,42.4664379,-82.8214864,,Full,Jib,Full,Port,Beat,10.1,290.3,307.5,-17.2,,,292.16,1.36,-0.91,304.1,304.9,-0.9,3.28,13.48,10.00,0.00,48.09,17.27,66.08,0.00,,,,,,,36.8,9.66
7:37:00 PM,42.4664537,-82.8215426,19.1,Full,Jib,Full,Port,Beat,9.6,290.7,305.0,-14.3,12.4,1.6,292.16,1.36,-0.91,301.4,302.5,-1.2,,,,,,,,,0.00,21.8,-24.8,13.6,-42.4,276.5,36.8,9.53
7:37:01 PM,42.4664712,-82.8215953,,Full,Jib,Full,Port,Beat,9.9,287.9,302.1,-14.2,12.9,-1.0,292.17,1.36,-0.91,300.4,299.5,0.9,,,,,,,,,,22.1,-22.9,13.8,-38.5,277.8,36.8,9.19
7:37:02 PM,42.4664808,-82.8216508,19.2,Full,Jib,Full,Port,Beat,9.0,283.7,299.8,-16.2,10.8,1.6,292.17,1.36,-0.90,299.5,297.1,2.4,,,,,,,,,,20.3,-21.7,12.1,-38.3,277.7,36.8,9.30
7:37:03 PM,42.4664865,-82.8217094,,Full,Jib,Full,Port,Beat,9.3,284.5,297.5,-13.0,8.9,0.7,292.19,1.35,-0.90,297.4,295.2,2.3,3.28,13.48,10.00,0.00,48.09,17.27,66.79,0.00,,20.8,-20.8,12.7,-35.7,276.5,36.8,9.19
7:37:04 PM,42.466495,-82.8217627,18.4,Full,Jib,Full,Port,Beat,8.0,284.5,296.9,-12.4,9.4,-0.3,292.22,1.35,-0.90,298.4,294.5,3.9,,,,,,,,,0.00,21.2,-21.6,13.8,-34.4,272.5,36.8,8.04
7:37:05 PM,42.4665025,-82.8218154,,Full,Jib,Full,Port,Beat,8.5,284.5,296.2,-11.7,9.0,0.3,292.24,1.35,-0.90,298.3,293.9,4.5,,,,,,,,,,21.0,-21.3,13.4,-34.6,270.3,36.8,8.33
7:37:06 PM,42.4665112,-82.8218641,18.2,Full,Jib,Full,Port,Beat,7.6,288.4,296.8,-8.5,8.3,-0.5,292.26,1.35,-0.90,299.4,294.6,4.9,,,,,,,,,,20.0,-20.8,12.9,-33.6,269.4,36.4,7.63
7:37:07 PM,42.4665179,-82.821913,17.8,Full,Jib,Full,Port,Beat,8.3,286.3,297.1,-10.8,10.3,0.7,292.28,1.34,-0.90,298.5,,,3.28,13.48,10.00,0.00,48.09,17.27,66.38,0.00,,19.7,-22.8,12.4,-37.8,264.9,36.4,8.41
7:37:08 PM,42.4665279,-82.8219648,,Full,Jib,Full,Port,Beat,8.1,288.9,,,,,292.29,1.34,-0.90,,294.9,,,,,,,,,,0.00,20.0,-23.3,12.8,-38.3,262.9,36.5,8.11
7:37:09 PM,42.4665409,-82.8220169,18.4,Full,Jib,Full,Port,Beat,8.6,289.1,298.3,-9.2,11.5,0.4,,,,301.2,296.3,4.9,,,,,,,,,,19.9,-25.7,12.7,-43.0,260.1,36.7,
7:37:10 PM,42.4665534,-82.8220693,,Full,Jib,Full,Port,Beat,9.4,286.0,298.1,-12.2,12.7,1.3,292.30,1.34,-0.89,301.0,295.6,5.4,,,,,,,,,,19.9,-26.0,12.3,-45.2,259.6,36.8,8.96
7:37:11 PM,42.4665652,-82.8221207,19.1,Full,Jib,Full,Port,Beat,9.3,283.8,296.0,-12.2,13.1,0.6,292.31,1.33,-0.89,299.1,293.3,5.7,3.28,13.48,10.00,0.00,48.09,17.27,67.07,0.00,,20.6,-23.3,12.6,-40.5,265.9,36.8,9.26
7:37:12 PM,42.4665756,-82.8221776,,Full,Jib,Full,Port,Beat,9.9,281.2,294.6,-13.4,10.6,1.2,292.33,1.33,-0.89,297.3,292.1,5.1,,,,,,,,,0.00,21.0,-22.4,12.7,-38.8,266.4,36.8,9.22
7:37:13 PM,42.4665868,-82.8222358,18.5,Full,Jib,Full,Port,Beat,9.3,282.8,294.4,-11.6,10.6,0.9,292.34,1.33,-0.89,296.5,292.2,4.2,,,,,,,,,,21.1,-20.9,12.8,-36.0,266.5,36.8,9.05
7:37:14 PM,42.4665991,-82.8223011,18.2,Full,Jib,Full,Port,Beat,9.3,282.8,294.3,-11.4,8.2,1.0,292.35,1.33,-0.89,296.9,291.8,5.1,,,,,,,,,,20.7,-21.9,12.6,-37.7,264.0,36.4,9.21
7:37:15 PM,42.4666125,-82.822359,,Full,Jib,Full,Port,Beat,8.7,287.3,294.6,-7.3,7.9,-0.2,292.37,1.32,-0.89,298.2,292.3,6.0,3.28,13.48,10.00,0.00,48.09,17.27,67.38,0.00,,,,,,,36.3,8.94
7:37:16 PM,42.4666225,-82.8224143,18.1,Full,Jib,Full,Port,Beat,8.7,283.6,294.7,-11.2,,,292.38,1.32,-0.89,298.0,292.5,5.5,,,,,,,,,0.00,20.2,-20.2,12.4,-34.1,266.5,36.3,8.73
7:37:17 PM,42.466632,-82.8224691,,Full,Jib,Full,Port,Beat,8.3,285.4,295.2,-9.8,7.3,0.6,292.39,1.32,-0.88,,293.1,,,,,,,,,,,20.0,-20.1,12.4,-33.6,266.7,36.2,7.96
7:37:18 PM,42.4666416,-82.822517,18.1,Full,Jib,Full,Port,Beat,8.4,288.0,296.6,-8.6,7.5,0.4,292.41,1.32,-0.88,298.3,,,,,,,,,,,,19.7,-20.4,12.3,-33.9,266.9,36.3,8.32
7:37:19 PM,42.4666525,-82.8225626,,Full,Jib,Full,Port,Beat,8.2,289.1,,,7.8,0.1,292.42,1.31,-0.88,300.0,294.6,5.4,3.28,13.48,10.00,0.00,48.09,17.27,66.92,0.00,,19.2,-19.9,11.9,-33.5,267.1,36.3,8.49
7:37:20 PM,42.466664,-82.8226091,18.3,Full,Jib,Full,Port,Beat,8.3,288.7,298.5,-9.8,7.4,0.9,292.43,1.31,-0.88,301.1,296.3,4.8,,,,,,,,,0.00,18.6,-19.7,11.2,-33.9,268.3,36.3,8.23
7:37:21 PM,42.466675,-82.8226583,,Full,Jib,Full,Port,Beat,8.5,289.5,299.8,-10.3,7.8,0.1,292.43,1.31,-0.88,302.9,297.6,5.3,,,,,,,,,,19.2,-19.9,11.8,-33.6,270.1,36.3,8.12
7:37:22 PM,42.4666887,-82.8227067,18.2,Full,Jib,Full,Port,Beat,8.3,290.6,301.5,-10.9,8.6,1.1,292.44,1.31,-0.88,303.5,299.3,4.2,,,,,,,,,,18.9,-21.1,11.5,-36.4,269.5,36.3,8.30
7:37:23 PM,42.4667045,-82.8227561,,Full,Jib,Full,Port,Beat,8.4,294.0,303.0,-9.0,8.6,0.3,292.44,1.30,-0.88,,301.0,,3.28,13.48,10.00,0.00,48.09,17.27,66.45,0.00,,19.1,-20.3,11.5,-35.2,271.3,36.3,8.38
7:37:24 PM,42.4667209,-82.8228127,17.9,Full,Jib,Full,Port,Beat,8.8,291.7,304.6,-12.9,8.0,1.2,292.44,1.30,-0.87,304.9,302.5,2.5,,,,,,,,,0.00,18.4,-21.1,10.8,-37.8,272.7,36.3,8.84
7:37:25 PM,42.4667357,-82.8228643,17.7,Full,Jib,Full,Port,Beat,8.7,292.8,305.8,-13.1,8.1,0.4,292.45,1.30,-0.87,306.3,303.4,2.9,,,,,,,,,,18.5,-20.8,10.8,-37.5,275.9,,8.73
7:37:26 PM,42.466752,-82.8229158,,Full,Jib,Full,Port,Beat,8.7,292.8,305.6,-12.8,,,292.44,1.30,-0.87,304.4,303.5,0.9,,,,,,,,,,18.5,-21.5,10.8,-38.7,273.4,36.3,8.73
7:37:27 PM,42.4667654,-82.8229684,17.9,Full,Jib,Full,Port,Beat,8.8,292.8,306.6,-13.8,8.3,0.4,,,,305.9,304.3,1.6,3.28,13.48,10.00,0.00,48.09,17.27,66.58,0.00,,18.0,-20.8,10.3,-38.5,279.5,36.3,
7:37:28 PM,42.4667778,-82.8230195,,Full,Jib,Full,Port,Beat,8.7,293.7,307.1,-13.4,7.8,1.0,292.45,1.29,-0.87,304.5,,,,,,,,,,,0.00,18.6,-22.1,11.4,-38.0,276.9,36.3,8.89
7:37:29 PM,42.4667838,-82.8230556,17.8,Full,Jib,Full,Port,Beat,6.7,295.7,,,7.6,0.4,292.46,1.29,-0.87,306.7,304.9,1.8,,,,,,,,,,18.3,-22.2,,,,36.3,8.77
7:37:30 PM,42.4667543,-82.8230784,17.4,Full,Jib,Full,Port,Beat,7.8,295.7,308.9,-13.2,7.7,0.7,292.50,1.29,-0.87,306.0,306.3,-0.3,,,,,,,,,,,,,,,36.3,3.73
7:37:31 PM,42.4667206,-82.8231,,Full,Jib,Full,Port,Beat,,,308.3,,,,292.65,1.29,-0.87,,306.1,,3.28,13.48,10.00,0.01,48.09,17.27,66.45,0.00,,19.7,-32.5,,,,36.3,7.51
7:37:32 PM,42.4666931,-82.8231199,18.2,Full,Jib,Full,Port,Beat,,,309.5,,9.6,0.1,292.73,1.29,-0.87,306.8,307.2,-0.4,,,,,,,,,0.00,19.4,-24.8,,,,36.6,6.89
7:37:33 PM,42.4666657,-82.8231398,,Full,Jib,Full,Port,Beat,,,308.5,,10.8,0.5,292.81,1.29,-0.87,305.4,306.1,-0.7,,,,,,,,,,20.0,-26.8,,,,36.6,6.89
7:37:34 PM,42.4666382,-82.8231597,17.6,Full,Jib,Full,Port,Beat,,,309.3,,9.3,0.7,292.89,1.29,-0.87,305.9,307.0,-1.2,,,,,,,,,,19.6,-26.2,,,,36.6,6.89
7:37:35 PM,42.4666107,-82.8231797,,Full,Jib,Full,Port,Beat,,,308.1,,10.6,1.2,292.97,1.29,-0.87,304.9,305.7,-0.8,3.28,13.48,10.00,0.00,48.09,17.27,66.47,0.00,,19.6,-26.8,,,,36.6,6.89
7:37:36 PM,42.4665833,-82.8231996,17.9,Full,Jib,Full,Port,Beat,,,307.9,,10.6,0.0,293.06,1.29,-0.88,305.4,305.6,-0.2,,,,,,,,,0.00,19.9,-26.8,,,,36.6,6.89
7:37:37 PM,42.4665558,-82.8232195,,Full,Jib,Full,Port,Beat,,,309.0,,11.5,1.2,293.14,1.29,-0.88,306.1,306.8,-0.8,,,,,,,,,,19.6,-27.3,,,,36.7,6.89
7:37:38 PM,,,18.2,Full,Jib,Full,Port,Beat,,,307.2,,,,,,,,,,,,,,,,,,,20.0,-28.3,,,,36.7,
7:37:39 PM,42.4665283,-82.8232395,,Full,Jib,Full,Port,Beat,,,306.3,,12.0,1.7,293.27,1.29,-0.88,303.8,304.8,-1.0,3.28,13.48,10.00,0.00,48.09,17.27,66.81,0.00,,19.9,-25.1,,,,36.7,6.89
7:37:40 PM,42.46649819,-82.82326143,18.2,Full,Jib,Full,Port,Beat,,,,,10.3,0.6,293.40,1.29,-0.88,303.3,304.0,-0.7,,,,,,,,,0.00,20.3,-22.6,,,,36.7,6.90
7:37:41 PM,42.46647073,-82.82328136,,Full,Jib,Full,Port,Beat,,,307.2,,9.0,0.2,293.48,1.29,-0.88,302.5,304.7,-2.2,,,,,,,,,,20.4,-24.9,,,,36.8,6.90
7:37:42 PM,42.46644327,-82.82330128,17.3,Full,Jib,Full,Port,Beat,,,307.3,,9.4,0.9,293.56,1.29,-0.88,303.1,305.1,-2.0,,,,,,,,,,20.1,-24.6,,,,36.7,6.90
7:37:43 PM,42.46641581,-82.82332121,,Full,Jib,Full,Port,Beat,,,306.3,,9.7,1.3,293.64,1.29,-0.88,302.7,303.9,-1.2,3.28,14.37,10.00,0.00,48.09,17.38,66.67,0.00,,19.1,-23.1,,,,36.7,6.90
7:37:44 PM,42.46638835,-82.82334114,17.8,Full,Jib,Full,Port,Beat,,,305.8,,9.4,-0.2,293.72,1.29,-0.89,302.7,303.6,-0.8,,,,,,,,,0.00,19.5,-22.5,,,,36.7,6.90
7:37:45 PM,42.46636089,-82.82336107,,Full,Jib,Full,Port,Beat,,,305.4,,10.0,0.6,293.80,1.29,-0.89,302.8,303.0,-0.2,,,,,,,,,,19.5,-23.7,,,,36.7,6.90
7:37:46 PM,42.46633343,-82.823381,17.1,Full,Jib,Full,Port,Beat,,,304.9,,9.1,0.0,293.88,1.29,-0.89,,302.6,,,,,,,,,,,,,,,,36.7,6.90
7:37:47 PM,42.4663032,-82.8234029,,Full,Jib,Full,Port,Beat,,,304.2,,9.1,0.5,293.98,1.29,-0.89,303.2,301.8,1.4,3.28,14.37,10.00,0.01,48.09,17.38,66.65,0.00,,19.3,-22.9,,,,36.7,6.90
7:37:48 PM,42.4662757,-82.8234228,17.0,Full,Jib,Full,Port,Beat,,,303.1,,9.5,0.1,294.06,1.29,-0.89,302.5,300.8,1.8,,,,,,,,,0.00,19.6,-23.0,,,,36.7,6.90
7:37:49 PM,42.4662482,-82.8234427,,Full,Jib,Full,Port,Beat,,,302.5,,,,294.14,1.29,-0.89,302.6,,,,,,,,,,,,19.5,-22.8,,,,36.7,6.90
7:37:50 PM,42.4662208,-82.8234626,17.0,Full,Jib,Full,Port,Beat,,,,,8.9,0.0,294.22,1.29,-0.89,302.6,300.1,2.4,,,,,,,,,,19.7,-22.3,,,,,6.90
7:37:51 PM,42.4661933,-82.8234826,,Full,Jib,Full,Port,Beat,,,301.7,,8.4,0.5,294.31,1.29,-0.89,302.1,299.5,2.6,3.28,14.37,10.00,0.00,48.09,17.38,66.84,0.00,,19.6,-22.0,,,,36.7,6.90
7:37:52 PM,42.4661659,-82.8235025,17.1,Full,Jib,Full,Port,Beat,,,301.7,,8.6,0.9,294.38,1.29,-0.90,302.3,299.3,3.0,,,,,,,,,0.00,19.4,-22.8,,,,36.7,6.90
7:37:53 PM,42.4661357,-82.8235244,,Full,Jib,Full,Port,Beat,,,301.6,,8.3,-0.4,294.47,1.29,-0.90,302.6,299.5,3.1,,,,,,,,,,19.9,-21.8,,,,36.7,6.90
7:37:54 PM,42.4661082,-82.8235444,17.7,Full,Jib,Full,Port,Beat,,,301.6,,8.6,0.8,294.56,1.29,-0.90,302.4,299.2,3.2,,,,,,,,,,19.4,-22.8,,,,36.7,6.90
7:37:55 PM,42.4660807,-82.8235643,17.8,Full,Jib,Full,Port,Beat,,,300.2,,8.5,0.6,294.64,1.29,-0.90,301.2,297.9,3.3,3.29,14.37,10.00,0.00,48.09,17.38,66.54,0.00,,19.8,-22.5,,,,36.7,6.90
7:37:56 PM,42.4660505,-82.8235862,,Full,Jib,Full,Port,Beat,,,301.2,,,,294.72,1.29,-0.90,,298.9,,,,,,,,,,0.00,19.2,-21.8,,,,36.7,6.90
7:37:57 PM,42.4660231,-82.8236061,16.6,Full,Jib,Full,Port,Beat,,,301.4,,7.1,-0.3,294.81,1.29,-0.90,302.9,299.1,3.8,,,,,,,,,,19.3,-22.9,,,,36.7,6.90
7:37:58 PM,42.4659956,-82.8236261,16.8,Full,Jib,Full,Port,Beat,,,302.4,,7.5,0.8,294.89,1.29,-0.90,301.5,300.3,1.2,,,,,,,,,,19.4,-21.5,,,,36.7,6.90
7:37:59 PM,42.4659681,-82.823646,,Full,Jib,Full,Port,Beat,,,303.0,,8.1,0.2,294.97,1.29,-0.90,303.5,,,,,,,,,,,,19.5,-22.4,,,,36.7,6.90
7:38:00 PM,42.4659407,-82.8236659,16.9,Full,Jib,Full,Port,Beat,,,,,8.0,0.7,295.06,1.29,-0.91,303.3,300.8,2.5,3.29,14.37,10.00,0.00,48.09,17.38,66.48,0.00,0.00,20.9,-22.5,,,,36.7,6.90
7:38:01 PM,42.4659105,-82.8236878,,Full,Jib,Full,Port,Beat,,,304.4,,8.1,-0.2,295.13,1.29,-0.91,304.3,302.3,1.9,,,,,,,,,,21.0,-21.6,,,,36.7,6.90
7:38:02 PM,42.4659022,-82.8236937,16.8,Full,Jib,Full,Port,Beat,,,304.2,,8.7,1.2,295.13,1.29,-0.91,302.7,301.9,0.8,,,,,,,,,,21.0,-22.9,,,,36.4,0.00
7:38:03 PM,42.4659022,-82.8236937,,Full,Jib,Full,Port,Beat,,,304.9,,7.1,0.5,295.13,1.29,-0.91,305.2,302.9,2.3,3.29,14.37,10.00,0.00,48.09,17.38,66.48,0.00,,20.4,-21.4,,,,36.6,0.00
7:38:04 PM,42.4659022,-82.8236937,16.1,Full,Jib,Full,Port,Beat,,,305.3,,9.2,0.7,295.13,1.29,-0.91,304.6,302.9,1.6,,,,,,,,,0.00,20.6,-28.5,,,,36.6,0.00
7:38:05 PM,42.4659022,-82.8236937,,Full,Jib,Full,Port,Beat,,,305.3,,9.8,0.6,295.13,1.29,-0.91,302.8,303.3,-0.4,,,,,,,,,,,,,,,36.6,0.00
7:38:06 PM,42.4659022,-82.8236937,16.9,Full,Jib,Full,Port,Beat,,,306.0,,9.7,0.4,295.13,1.29,-0.91,304.9,303.5,1.4,,,,,,,,,,20.0,-22.7,,,,36.7,0.00
7:38:07 PM,42.4659022,-82.8236937,,Full,Jib,Full,Port,Beat,,,304.7,,,,295.13,1.29,-0.91,,302.3,,3.29,14.37,10.00,0.00,48.09,17.38,66.74,0.00,,19.6,-23.3,,,,36.7,0.00
7:38:08 PM,42.4659022,-82.8236937,16.6,Full,Jib,Full,Port,Beat,,,304.9,,10.7,0.1,293.17,1.22,-0.83,302.4,302.7,-0.3,,,,,,,,,0.00,20.8,-24.2,,,,36.9,0.00
7:38:09 PM,42.4671972,-82.8248612,,Full,Jib,Full,Port,Beat,,,304.5,,10.0,0.9,292.83,1.21,-0.82,303.3,,,,,,,,,,,,21.6,-23.8,,,,36.8,9.16
7:38:10 PM,42.467179,-82.8248978,16.8,Full,Jib,Full,Port,Beat,,,304.4,,11.1,0.8,292.91,1.21,-0.82,302.5,302.2,0.2,,,,,,,,,,21.9,-24.3,,,,36.9,8.74
7:38:11 PM,42.4672516,-82.8249694,16.4,Full,Jib,Full,Port,Beat,,,,,10.8,0.7,292.78,1.20,-0.81,302.0,301.8,0.2,3.29,14.37,10.00,0.00,48.09,17.38,66.37,0.00,,21.5,-22.3,,,,36.8,9.31
7:38:12 PM,42.4672788,-82.8250109,,Full,Jib,Full,Port,Beat,,,303.9,,10.5,0.0,292.74,1.20,-0.81,302.0,301.7,0.3,,,,,,,,,0.00,21.0,-23.4,,,,37.0,9.52
7:38:13 PM,42.4672982,-82.8250493,16.5,Full,Jib,Full,Port,Beat,9.6,290.2,304.2,-14.1,11.8,1.0,292.72,1.20,-0.81,301.5,301.8,-0.3,,,,,,,,,,21.3,-23.6,13.2,-40.3,273.5,,9.52
7:38:14 PM,42.4673221,-82.82509,,Full,Jib,Full,Port,Beat,9.9,290.4,304.1,-13.7,,,292.69,1.19,-0.80,,301.6,,,,,,,,,,,21.6,-24.3,13.3,-42.0,270.5,37.0,9.58
7:38:15 PM,42.4673564,-82.8251516,16.8,Full,Jib,Full,Port,Beat,10.0,290.7,303.4,-12.8,11.7,0.2,292.65,1.19,-0.80,302.0,301.0,1.0,3.29,14.37,10.00,0.00,48.09,17.38,66.14,0.00,,21.2,-24.5,12.8,-43.4,270.7,37.3,10.08
7:38:16 PM,42.4673888,-82.8251976,,Full,Jib,Full,Port,Beat,10.0,289.1,302.7,-13.7,11.9,0.7,292.60,1.19,-0.80,301.2,300.2,1.0,,,,,,,,,0.00,21.6,-23.4,13.0,-41.5,272.9,37.3,10.33
7:38:17 PM,42.467416,-82.8252408,16.9,Full,Jib,Full,Port,Beat,10.2,288.2,302.5,-14.2,10.9,0.7,,,,300.4,299.9,0.5,,,,,,,,,,21.5,-22.9,12.7,-41.3,271.9,37.3,
7:38:18 PM,42.4674438,-82.8253003,,Full,Jib,Full,Port,Beat,10.3,290.2,301.7,-11.5,12.4,0.9,292.57,1.18,-0.80,299.6,299.2,0.4,,,,,,,,,,21.6,-23.2,12.8,-41.7,269.0,37.3,10.08
7:38:19 PM,42.4674702,-82.8253492,17.3,Full,Jib,Full,Port,Beat,10.6,287.1,298.9,-11.8,13.3,-0.3,292.54,1.18,-0.79,298.8,296.4,2.4,3.29,14.37,10.00,0.00,48.09,17.38,66.64,0.00,,21.5,-22.0,12.4,-40.6,274.2,37.3,10.70
7:38:20 PM,42.4674846,-82.8254071,,Full,Jib,Full,Port,Beat,10.6,285.0,297.5,-12.6,10.8,0.5,292.52,1.18,-0.79,297.1,,,,,,,,,,,0.00,21.2,-20.4,11.9,-38.2,274.2,37.3,10.36
7:38:21 PM,42.4674986,-82.8254694,16.8,Full,Jib,Full,Port,Beat,10.7,283.5,,,8.9,0.7,292.53,1.18,-0.79,296.8,295.2,1.6,,,,,,,,,,20.9,-19.6,11.7,-36.7,273.6,37.2,10.44
7:38:22 PM,42.4675173,-82.8255381,,Full,Jib,Full,Port,Beat,10.0,284.2,296.7,-12.4,,,292.54,1.17,-0.79,296.8,294.4,2.3,,,,,,,,,,19.9,-20.2,11.0,-38.6,269.9,37.0,9.86
7:38:23 PM,42.4675335,-82.825605,16.7,Full,Jib,Full,Port,Beat,9.6,282.9,296.0,-13.1,8.7,0.3,292.55,1.17,-0.79,,293.7,,3.29,14.37,10.00,0.01,48.09,17.38,67.00,0.00,,19.1,-21.2,10.6,-40.5,266.2,37.0,9.64
7:38:24 PM,42.4675481,-82.8256664,,Full,Jib,Full,Port,Beat,9.8,286.1,295.6,-9.5,8.8,0.0,292.55,1.17,-0.78,296.7,293.3,3.4,,,,,,,,,0.00,,,,,,37.0,9.65
7:38:25 PM,42.4675678,-82.8257268,17.0,Full,Jib,Full,Port,Beat,9.7,285.1,295.6,-10.5,9.4,0.4,292.56,1.16,-0.78,297.2,293.3,3.9,,,,,,,,,,19.1,-22.4,10.9,-41.9,261.6,37.0,9.57
7:38:26 PM,42.467582,-82.8258354,,Full,Jib,Full,Port,Beat,9.4,284.1,295.0,-10.9,8.1,0.4,292.56,1.16,-0.78,297.4,292.5,4.9,,,,,,,,,,19.0,-20.9,10.7,-39.5,264.7,37.0,9.58
7:38:27 PM,42.4675924,-82.8259216,16.3,Full,Jib,Full,Port,Beat,9.2,285.0,294.1,-9.1,8.3,-0.1,292.61,1.16,-0.78,296.8,291.8,5.0,3.29,14.37,10.00,0.00,48.09,17.38,67.50,0.00,,18.9,-21.8,10.7,-40.7,262.4,36.6,9.26
7:38:28 PM,42.4676085,-82.8260002,,Full,Jib,Full,Port,Beat,9.0,283.0,293.2,-10.2,8.7,1.1,292.66,1.15,-0.78,296.5,291.0,5.5,,,,,,,,,0.00,19.2,-21.0,11.3,-37.6,264.8,36.6,8.86
7:38:29 PM,42.4676206,-82.8260658,16.2,Full,Jib,Full,Port,Beat,8.6,286.0,292.7,-6.7,8.0,-0.3,292.68,1.15,-0.77,296.8,290.4,6.5,,,,,,,,,,19.0,-20.6,11.2,-36.8,262.7,36.6,8.88
7:38:30 PM,42.4676317,-82.8261297,16.0,Full,Jib,Full,Port,Beat,8.7,284.1,293.5,-9.4,,,292.70,1.15,-0.77,,,,,,,,,,,,,18.6,-20.2,10.9,-36.1,264.3,36.6,8.41
7:38:31 PM,42.4676457,-82.8261896,,Full,Jib,Full,Port,Beat,8.4,285.2,293.8,-8.6,7.6,-0.2,292.72,1.14,-0.77,297.4,291.0,6.4,3.29,14.37,10.00,0.00,48.09,17.38,67.17,0.00,,19.5,-21.0,11.9,-35.8,262.6,36.5,7.83
7:38:32 PM,42.4676598,-82.8262465,15.4,Full,Jib,Full,Port,Beat,8.2,286.8,,,8.2,0.4,292.74,1.14,-0.77,297.7,291.7,6.0,,,,,,,,,0.00,19.1,-19.8,11.6,-33.7,264.4,36.5,8.19
7:38:33 PM,42.4676763,-82.8263025,,Full,Jib,Full,Port,Beat,8.6,288.1,294.7,-6.6,8.9,0.7,292.75,1.14,-0.77,299.1,292.8,6.3,,,,,,,,,,19.3,-21.4,12.0,-36.0,262.2,36.4,8.39
7:38:34 PM,42.4676968,-82.826362,15.3,Full,Jib,Full,Port,Beat,8.6,287.3,296.6,-9.3,8.2,0.3,292.75,1.14,-0.77,300.1,294.5,5.6,,,,,,,,,,18.9,-21.2,11.3,-37.1,263.3,36.4,8.28
7:38:35 PM,42.4677181,-82.8264164,,Full,Jib,Full,Port,Beat,8.5,290.7,300.1,-9.4,8.1,0.3,292.72,1.13,-0.76,302.5,298.2,4.3,3.29,14.37,10.00,0.00,48.09,17.38,66.30,0.00,,19.1,-20.8,11.5,-36.1,266.7,36.5,8.47
7:38:36 PM,,,15.1,Full,Jib,Full,Port,Beat,8.8,291.8,302.5,-10.7,8.4,1.2,292.73,1.13,-0.76,304.1,300.3,3.8,,,,,,,,,0.00,18.6,-23.0,11.0,-41.3,265.2,36.5,8.96
7:38:37 PM,42.4677352,-82.8264743,,Full,Jib,Full,Port,Beat,9.2,294.8,303.8,-9.0,9.9,0.5,292.73,1.13,-0.76,305.1,301.6,3.4,,,,,,,,,,19.3,-24.2,11.7,-42.9,263.5,,9.21
7:38:38 PM,42.46775573,-82.82653976,16.8,Full,Jib,Full,Port,Beat,9.6,291.7,303.8,-12.1,,,,,,,301.4,,,,,,,,,,,19.1,-23.7,11.2,-43.1,267.8,36.6,
7:38:39 PM,42.46777155,-82.82659839,,Full,Jib,Full,Port,Beat,9.4,294.1,304.9,-10.8,9.4,1.4,292.73,1.12,-0.76,303.2,302.7,0.6,3.29,14.37,10.00,0.00,48.09,17.38,66.51,0.00,,19.3,-24.7,11.4,-44.8,265.7,36.6,9.45
7:38:40 PM,42.46779119,-82.82665748,16.3,Full,Jib,Full,Port,Beat,9.6,293.9,304.6,-10.7,10.6,0.5,292.73,1.12,-0.75,304.8,302.4,2.4,,,,,,,,,0.00,19.3,-25.3,11.3,-46.6,264.9,36.6,9.58
7:38:41 PM,42.46780803,-82.82671928,,Full,Jib,Full,Port,Beat,9.7,292.4,305.5,-13.1,11.8,0.7,,,,304.0,,,,,,,,,,,,20.4,-23.9,12.1,-42.8,270.2,36.7,
7:38:42 PM,42.4678311,-82.8267884,17.1,Full,Jib,Full,Port,Beat,10.1,290.2,,,10.8,0.6,292.73,1.11,-0.75,304.2,303.3,0.9,,,,,,,,,,20.8,-25.4,12.3,-46.2,269.4,37.0,9.92
7:38:43 PM,42.4678531,-82.8268572,,Full,Jib,Full,Port,Beat,11.0,294.6,305.6,-11.0,11.7,1.3,292.73,1.11,-0.75,302.3,303.5,-1.2,3.29,14.37,10.00,0.00,48.09,17.38,65.68,0.00,,21.1,-24.4,12.4,-44.5,269.6,37.0,10.52
7:38:44 PM,42.4678763,-82.8269266,17.4,Full,Jib,Full,Port,Beat,10.8,292.4,307.0,-14.5,12.2,0.0,292.72,1.11,-0.75,303.9,304.9,-0.9,,,,,,,,,0.00,,,,,,37.6,10.40
7:38:45 PM,42.4679002,-82.8269894,,Full,Jib,Full,Port,Beat,11.0,294.7,307.9,-13.2,12.2,1.0,292.71,1.10,-0.74,303.8,305.6,-1.8,,,,,,,,,,20.6,-24.6,11.8,-46.9,270.5,37.6,10.77
7:38:46 PM,42.4679287,-82.8270469,17.7,Full,Jib,Full,Port,Beat,11.3,293.8,308.1,-14.4,12.4,0.9,292.68,1.10,-0.74,304.0,305.9,-1.9,,,,,,,,,,21.1,-25.1,12.1,-47.8,271.0,37.6,11.16
7:38:47 PM,42.4679561,-82.8271043,,Full,Jib,Full,Port,Beat,11.7,294.1,308.8,-14.7,11.1,0.4,292.61,1.10,-0.74,305.2,306.7,-1.5,3.29,14.37,10.00,0.00,48.09,17.38,65.95,0.00,,21.4,-23.5,11.9,-45.7,273.3,37.6,11.50
7:38:48 PM,42.4679896,-82.8271681,17.6,Full,Jib,Full,Port,Beat,11.3,293.6,309.0,-15.4,,,292.59,1.09,-0.73,,306.7,,,,,,,,,,0.00,21.2,-22.3,11.4,-44.7,278.5,37.6,11.37
7:38:49 PM,42.4680151,-82.8272245,17.2,Full,Jib,Full,Port,Beat,11.3,293.5,308.2,-14.7,10.5,0.3,292.56,1.09,-0.73,303.2,305.8,-2.7,,,,,,,,,,21.6,-22.5,11.9,-44.1,278.7,37.6,11.37
7:38:50 PM,42.4680413,-82.8272807,16.8,Full,Jib,Full,Port,Beat,11.2,295.8,308.0,-12.2,10.3,0.1,292.54,1.09,-0.73,303.2,305.7,-2.5,,,,,,,,,,21.8,-22.3,12.1,-43.0,277.9,37.6,11.11
7:38:51 PM,42.4680657,-82.8273357,,Full,Jib,Full,Port,Beat,11.1,293.1,307.8,-14.6,10.0,-0.1,292.53,1.08,-0.73,303.7,,,3.29,14.37,10.00,0.00,48.09,17.38,66.51,0.00,,21.3,-23.2,11.9,-45.1,274.9,37.6,11.25
7:38:52 PM,42.4680875,-82.8273922,16.4,Full,Jib,Full,Port,Beat,11.0,294.3,,,9.9,-0.1,,,,303.2,305.3,-2.1,,,,,,,,,0.00,20.4,-23.7,11.2,-47.0,273.0,37.6,
7:38:53 PM,42.4681093,-82.8274518,,Full,Jib,Full,Port,Beat,11.1,293.4,306.9,-13.5,10.5,0.0,292.51,1.08,-0.73,303.6,304.6,-1.0,,,,,,,,,,20.1,-24.3,11.0,-48.3,271.0,37.6,10.88
7:38:54 PM,42.4681289,-82.8275124,17.2,Full,Jib,Full,Port,Beat,10.9,293.8,307.3,-13.5,11.1,0.0,292.51,1.08,-0.72,303.8,304.9,-1.1,,,,,,,,,,20.2,-24.6,11.2,-48.7,270.7,37.6,11.12
7:38:55 PM,42.4681495,-82.8275795,17.1,Full,Jib,Full,Port,Beat,11.2,292.6,306.6,-14.0,,,292.50,1.07,-0.72,302.7,304.3,-1.6,3.29,14.37,10.00,0.00,48.09,17.38,66.18,0.00,,21.8,-23.9,12.6,-44.5,273.8,37.5,10.92
7:38:56 PM,42.4681693,-82.8276383,,Full,Jib,Full,Port,Beat,10.9,292.3,306.7,-14.4,9.6,0.6,292.50,1.07,-0.72,303.2,304.4,-1.3,,,,,,,,,0.00,21.2,-22.5,12.0,-42.7,275.9,37.5,10.63
7:38:57 PM,42.4681921,-82.827697,16.9,Full,Jib,Full,Port,Beat,10.4,293.3,306.7,-13.4,8.3,-0.1,292.48,1.07,-0.72,302.7,304.1,-1.4,,,,,,,,,,21.7,-24.1,12.7,-44.1,273.3,37.4,10.89
7:38:58 PM,42.4682139,-82.8277525,,Full,Jib,Full,Port,Beat,10.7,289.7,305.5,-15.8,9.6,0.7,292.46,1.06,-0.71,,303.3,,,,,,,,,,,22.0,-23.4,12.9,-42.4,274.0,37.4,10.30
7:38:59 PM,42.468237,-82.8278085,16.4,Full,Jib,Full,Port,Beat,10.1,293.1,304.9,-11.8,9.8,0.0,,,,303.1,302.6,0.5,3.29,14.37,10.00,0.01,48.09,17.38,66.18,0.00,,21.0,-23.7,12.2,-43.6,272.7,37.4,
7:39:00 PM,42.4682571,-82.8278616,,Full,Jib,Full,Port,Beat,10.2,292.1,304.7,-12.6,9.2,-0.7,292.45,1.06,-0.71,301.8,302.3,-0.5,,,,,,,,,0.00,20.0,-23.0,11.3,-43.8,272.3,37.4,9.85
7:39:01 PM,42.4682752,-82.827915,17.3,Full,Jib,Full,Port,Beat,10.4,291.3,305.1,-13.8,8.9,-0.2,292.44,1.06,-0.71,301.9,,,,,,,,,,,,20.1,-21.8,11.2,-41.7,274.9,,10.69
7:39:02 PM,42.468292,-82.8279707,16.1,Full,Jib,Full,Port,Beat,10.0,292.1,304.9,-12.9,8.4,0.4,292.44,1.05,-0.71,301.9,302.7,-0.7,,,,,,,,,,19.6,-21.6,11.0,-41.4,274.2,37.4,10.13
7:39:03 PM,42.4683074,-82.8280253,,Full,Jib,Full,Port,Beat,9.5,291.8,,,,,292.44,1.05,-0.71,303.6,302.8,0.8,3.29,14.37,10.00,0.00,48.09,17.38,66.60,0.00,,,,,,,37.3,10.13
7:39:04 PM,42.4683209,-82.8280828,16.4,Full,Jib,Full,Port,Beat,9.4,294.3,304.3,-10.0,8.4,0.4,292.46,1.05,-0.70,302.6,302.0,0.6,,,,,,,,,0.00,19.6,-21.9,11.1,-41.5,273.8,37.1,9.66
7:39:05 PM,42.4683351,-82.828138,16.1,Full,Jib,Full,Port,Beat,9.7,292.2,304.5,-12.2,8.1,0.4,292.46,1.05,-0.70,303.1,302.2,0.9,,,,,,,,,,19.7,-21.0,11.1,-39.2,275.7,37.0,9.49
7:39:06 PM,42.4683482,-82.8281929,,Full,Jib,Full,Port,Beat,9.4,293.2,304.7,-11.5,7.7,0.4,292.46,1.04,-0.70,,302.3,,,,,,,,,,,19.6,-20.6,11.1,-38.4,276.1,37.0,9.43
7:39:07 PM,42.4683626,-82.8282475,16.1,Full,Jib,Full,Port,Beat,9.6,293.9,304.1,-10.2,8.1,0.2,,,,303.2,301.7,1.4,3.29,14.37,10.00,0.00,48.09,17.38,66.64,0.00,,19.6,-21.3,11.3,-38.9,275.9,37.0,
7:39:08 PM,42.4683753,-82.8283037,15.8,Full,Jib,Full,Port,Beat,9.3,290.4,304.1,-13.7,7.1,0.3,292.48,1.04,-0.70,302.6,301.9,0.7,,,,,,,,,0.00,19.4,-20.2,11.1,-37.2,276.4,37.0,9.74
7:39:09 PM,42.4683875,-82.8283569,,Full,Jib,Full,Port,Beat,8.9,292.8,303.3,-10.5,7.0,0.7,292.50,1.04,-0.70,303.8,300.8,3.1,,,,,,,,,,19.1,-20.5,10.9,-37.8,277.6,37.0,9.17
7:39:10 PM,42.4683995,-82.8284043,15.7,Full,Jib,Full,Port,Beat,8.7,290.5,303.5,-13.0,7.6,0.1,292.51,1.04,-0.70,302.1,301.4,0.7,,,,,,,,,,19.4,-20.7,11.5,-36.7,275.4,36.6,9.19
7:39:11 PM,42.468413,-82.8284598,,Full,Jib,Full,Port,Beat,8.7,293.9,303.6,-9.7,7.5,0.6,292.52,1.03,-0.69,303.1,301.2,1.9,3.29,14.37,10.00,0.00,48.09,17.38,66.70,0.00,,19.0,-21.2,11.2,-37.7,275.3,36.6,8.73
7:39:12 PM,42.4684286,-82.8285115,16.0,Full,Jib,Full,Port,Beat,8.9,290.5,304.0,-13.5,7.5,0.1,292.53,1.03,-0.69,302.2,,,,,,,,,,,0.00,19.1,-21.3,11.4,-37.5,274.3,36.5,8.26
7:39:13 PM,42.4684435,-82.8285618,,Full,Jib,Full,Port,Beat,,,,,,,292.53,1.03,-0.69,,301.7,,,,,,,,,,,18.9,-21.1,11.2,-37.4,276.7,36.5,8.46
7:39:14 PM,42.4684619,-82.828615,16.4,Full,Jib,Full,Port,Beat,8.5,291.6,303.4,-11.8,7.4,0.7,292.53,1.03,-0.69,301.6,301.1,0.5,,,,,,,,,,19.2,-22.0,11.7,-38.0,275.2,36.5,8.77
7:39:15 PM,42.4684808,-82.8286705,16.3,Full,Jib,Full,Port,Beat,8.6,290.5,303.1,-12.5,7.3,0.4,292.52,1.02,-0.69,301.2,300.7,0.5,3.29,14.37,10.00,0.00,48.09,17.38,65.96,0.00,,18.7,-20.5,10.9,-36.7,276.7,36.5,8.02
7:39:16 PM,42.4684987,-82.828723,,Full,Jib,Full,Port,Beat,8.9,289.6,304.3,-14.7,6.7,0.2,292.52,1.02,-0.69,302.6,301.9,0.6,,,,,,,,,0.00,18.9,-21.3,11.3,-37.6,276.1,36.5,8.49
7:39:17 PM,42.4685166,-82.828775,15.3,Full,Jib,Full,Port,Beat,8.8,290.0,303.8,-13.9,7.4,0.9,292.51,1.02,-0.68,300.9,301.5,-0.6,,,,,,,,,,19.1,-21.4,11.5,-37.5,275.0,36.5,8.21
7:39:18 PM,42.468532,-82.8288253,,Full,Jib,Full,Port,Beat,8.7,290.4,304.1,-13.8,6.9,0.1,292.50,1.02,-0.68,301.9,301.8,0.1,,,,,,,,,,,,,,,36.5,8.78
7:39:19 PM,42.4685477,-82.8288842,15.5,Full,Jib,Full,Port,Beat,8.7,287.9,303.5,-15.6,7.3,1.2,292.51,1.01,-0.68,301.5,301.0,0.5,3.29,14.37,10.00,0.00,48.09,17.38,66.24,0.00,,18.9,-20.4,11.1,-36.5,278.0,36.4,8.08
7:39:20 PM,42.4685668,-82.8289332,,Full,Jib,Full,Port,Beat,8.7,288.4,303.1,-14.7,,,292.51,1.01,-0.68,,300.7,,,,,,,,,,0.00,19.2,-20.9,11.5,-36.7,277.1,36.4,8.76
7:39:21 PM,42.4685776,-82.8289759,15.8,Full,Jib,Full,Port,Beat,8.8,287.3,301.3,-14.0,6.4,0.6,292.50,1.01,-0.68,301.8,298.9,2.8,,,,,,,,,,18.9,-18.7,11.3,-32.7,282.0,36.4,8.42
7:39:22 PM,42.4685917,-82.8290238,,Full,Jib,Full,Port,Beat,8.5,290.7,302.5,-11.8,7.4,1.1,292.51,1.01,-0.68,300.5,,,,,,,,,,,,18.8,-20.8,11.3,-36.0,275.1,36.4,8.42
7:39:23 PM,42.4686005,-82.8290647,15.8,Full,Jib,Full,Port,Beat,8.2,287.9,302.6,-14.6,5.8,0.2,292.51,1.00,-0.67,302.0,300.3,1.7,3.29,14.37,10.00,0.01,48.09,17.38,66.26,0.00,,18.9,-17.3,11.3,-30.0,282.1,36.4,7.80
7:39:24 PM,42.4686168,-82.8291131,,Full,Jib,Full,Port,Beat,8.2,291.2,,,6.8,0.9,292.52,1.00,-0.67,300.8,300.2,0.6,,,,,,,,,0.00,18.7,-20.4,11.3,-35.1,275.4,36.4,8.19
7:39:25 PM,42.4686282,-82.829151,15.7,Full,Jib,Full,Port,Beat,8.0,292.1,303.2,-11.0,6.4,0.1,292.51,1.00,-0.67,302.9,301.1,1.8,,,,,,,,,,18.8,-19.0,11.4,-32.5,277.7,36.4,8.24
7:39:26 PM,42.468642,-82.8291979,,Full,Jib,Full,Port,Beat,8.7,288.8,304.5,-15.7,8.1,1.2,292.52,1.00,-0.67,303.0,302.1,1.0,,,,,,,,,,18.4,-22.5,11.0,-39.6,273.8,36.4,8.28
7:39:27 PM,42.4686547,-82.8292409,15.8,Full,Jib,Full,Port,Beat,8.6,293.0,304.4,-11.3,8.4,0.7,292.52,1.00,-0.67,303.5,302.1,1.4,3.29,14.37,10.00,0.00,48.09,17.38,65.90,0.00,,18.9,-22.1,11.5,-38.1,273.5,36.5,8.61
7:39:28 PM,42.4686645,-82.8292849,,Full,Jib,Full,Port,Beat,8.5,291.9,305.0,-13.1,7.2,0.3,292.53,0.99,-0.67,,302.5,,,,,,,,,,0.00,18.8,-20.6,11.1,-36.7,278.5,,7.91
7:39:29 PM,42.4686783,-82.8293351,15.4,Full,Jib,Full,Port,Beat,8.7,290.4,304.4,-14.0,,,292.53,0.99,-0.67,303.1,302.3,0.8,,,,,,,,,,18.9,-23.9,11.3,-42.8,271.7,36.6,8.88
7:39:30 PM,42.4686895,-82.8293827,15.1,Full,Jib,Full,Port,Beat,9.1,296.2,305.1,-8.9,8.4,1.0,292.54,0.99,-0.66,304.2,302.6,1.5,,,,,,,,,,19.1,-21.5,11.4,-38.0,273.8,36.6,8.82
7:39:31 PM,42.4687037,-82.8294354,,Full,Jib,Full,Port,Beat,9.1,288.9,304.3,-15.5,7.5,1.6,292.55,0.99,-0.66,303.4,302.0,1.5,3.29,14.37,10.00,0.00,48.09,17.38,66.10,0.00,,19.1,-21.0,11.2,-37.7,279.6,36.6,9.05
7:39:32 PM,42.4687186,-82.8294836,15.1,Full,Jib,Full,Port,Beat,8.7,290.9,304.2,-13.3,6.8,0.6,292.55,0.98,-0.66,303.7,301.7,2.0,,,,,,,,,0.00,18.6,-20.8,10.8,-37.5,278.0,36.6,8.68
7:39:33 PM,42.4687324,-82.8295286,,Full,Jib,Full,Port,Beat,8.8,290.2,303.4,-13.2,6.5,0.5,292.55,0.98,-0.66,302.6,,,,,,,,,,,,17.1,-21.2,9.6,-40.0,275.0,36.3,8.89
7:39:34 PM,42.4687497,-82.8295761,15.1,Full,Jib,Full,Port,Beat,8.5,292.3,,,6.1,0.1,292.54,0.98,-0.66,302.6,301.0,1.5,,,,,,,,,,,,,,,36.4,8.34
7:39:35 PM,42.4687654,-82.8296204,15.1,Full,Jib,Full,Port,Beat,8.4,291.1,303.4,-12.2,,,292.53,0.98,-0.66,,301.0,,3.29,14.37,10.00,0.00,48.09,17.38,66.15,0.00,,17.1,-21.3,9.7,-39.6,274.2,36.4,8.61
7:39:36 PM,,,,Full,Jib,Full,Port,Beat,8.2,292.1,304.0,-11.9,6.2,0.5,292.52,0.98,-0.66,302.6,301.7,1.0,,,,,,,,,0.00,17.0,-22.5,9.8,-41.6,271.7,36.3,8.34
7:39:37 PM,42.4687812,-82.829663,15.3,Full,Jib,Full,Port,Beat,8.5,290.4,303.4,-13.0,7.1,0.5,292.52,0.97,-0.65,302.5,301.1,1.4,,,,,,,,,,17.3,-23.5,10.2,-42.5,270.1,36.4,8.20
7:39:38 PM,42.4687973,-82.8297094,,Full,Jib,Full,Port,Beat,8.2,293.1,304.0,-10.9,6.6,-0.1,292.51,0.97,-0.65,303.1,301.6,1.5,,,,,,,,,,17.2,-22.4,10.0,-41.0,271.3,36.4,8.20
7:39:39 PM,42.468812,-82.8297529,14.5,Full,Jib,Full,Port,Beat,8.7,291.8,303.4,-11.6,7.8,0.9,292.50,0.97,-0.65,302.1,301.0,1.1,3.29,14.37,10.00,0.00,48.09,17.38,66.10,0.00,,16.7,-25.1,9.7,-47.0,265.8,36.4,8.59
7:39:40 PM,42.4688315,-82.8298043,,Full,Jib,Full,Port,Beat,8.9,291.8,302.3,-10.5,9.1,1.0,292.50,0.97,-0.65,301.1,299.8,1.3,,,,,,,,,0.00,17.8,-25.5,10.8,-45.3,266.6,36.5,8.45
7:39:41 PM,42.4688454,-82.8298496,15.9,Full,Jib,Full,Port,Beat,8.6,291.8,302.2,-10.4,9.3,0.2,,,,302.4,299.8,2.7,,,,,,,,,,16.9,-27.9,10.0,-52.3,259.4,36.6,
7:39:42 PM,42.4688605,-82.8299087,15.8,Full,Jib,Full,Port,Beat,9.1,287.2,301.3,-14.1,,,292.51,0.96,-0.65,,298.8,,,,,,,,,,,19.5,-25.2,12.0,-43.7,267.6,36.6,8.55
7:39:43 PM,42.46887496,-82.82996577,,Full,Jib,Full,Port,Beat,9.3,287.1,301.2,-14.1,10.0,1.0,292.52,0.96,-0.64,300.6,,,3.29,14.37,10.00,0.00,48.09,17.38,65.82,0.00,,19.2,-25.0,11.5,-44.8,266.3,36.7,9.71
7:39:44 PM,42.46888943,-82.83002212,16.3,Full,Jib,Full,Port,Beat,9.5,289.4,,,8.1,0.7,292.53,0.96,-0.64,300.7,299.1,1.6,,,,,,,,,0.00,19.3,-25.1,11.6,-45.1,264.8,36.7,9.36
7:39:45 PM,42.46890161,-82.83007638,,Full,Jib,Full,Port,Beat,9.4,288.5,301.3,-12.8,8.9,1.3,292.55,0.95,-0.64,300.4,298.9,1.5,,,,,,,,,,19.2,-25.3,11.4,-45.8,265.0,36.7,9.57
7:39:46 PM,42.46891607,-82.83013205,16.1,Full,Jib,Full,Port,Beat,9.4,288.4,301.5,-13.2,8.6,0.8,292.55,0.95,-0.64,300.7,299.3,1.5,,,,,,,,,,19.3,-24.7,11.5,-44.5,266.0,36.7,9.53
7:39:47 PM,42.468928,-82.83018282,,Full,Jib,Full,Port,Beat,9.3,288.9,300.6,-11.7,8.4,0.2,292.57,0.95,-0.64,299.5,298.2,1.3,3.29,14.37,10.00,0.01,48.09,17.38,66.45,0.00,,19.6,-24.3,11.7,-43.4,266.3,36.7,9.40
7:39:48 PM,42.46893969,-82.83023345,16.8,Full,Jib,Full,Port,Beat,9.3,287.3,300.0,-12.7,,,292.58,0.95,-0.64,,297.7,,,,,,,,,,0.00,19.1,-23.8,11.2,-43.3,266.4,36.7,8.89
7:39:49 PM,42.46895734,-82.83029601,,Full,Jib,Full,Port,Beat,9.1,289.0,300.3,-11.3,7.5,0.6,292.58,0.94,-0.63,299.8,297.9,1.9,,,,,,,,,,19.2,-24.8,11.5,-44.4,264.1,36.7,9.09
7:39:50 PM,42.4689748,-82.8303517,15.6,Full,Jib,Full,Port,Beat,9.1,289.2,300.0,-10.8,7.6,0.8,292.57,0.94,-0.63,300.6,297.7,3.0,,,,,,,,,,,,,,,36.6,9.32
7:39:51 PM,42.4689916,-82.8303986,,Full,Jib,Full,Port,Beat,8.8,292.1,300.9,-8.9,7.5,0.3,292.56,0.94,-0.63,299.3,298.7,0.6,3.29,14.37,10.00,0.00,48.09,17.38,66.49,0.00,,19.6,-25.0,12.0,-43.6,263.9,36.6,8.77
7:39:52 PM,42.4690104,-82.8304454,15.2,Full,Jib,Full,Port,Beat,8.9,289.1,299.8,-10.7,6.8,0.7,292.54,0.94,-0.63,299.9,297.5,2.4,,,,,,,,,0.00,17.8,-23.6,10.4,-43.6,263.9,,8.76
7:39:53 PM,42.4690287,-82.8304922,15.1,Full,Jib,Full,Port,Beat,8.6,289.8,299.6,-9.8,7.7,0.1,292.52,0.93,-0.63,300.3,,,,,,,,,,,,17.6,-24.2,10.3,-44.4,263.4,36.6,8.78
7:39:54 PM,42.469048,-82.8305395,15.1,Full,Jib,Full,Port,Beat,8.5,290.2,299.9,-9.8,8.7,0.8,,,,299.6,297.3,2.3,,,,,,,,,,17.5,-25.7,10.4,-47.0,260.0,36.6,
7:39:55 PM,42.4690617,-82.8305939,15.5,Full,Jib,Full,Port,Beat,8.9,287.1,,,8.2,0.5,292.54,0.93,-0.63,299.8,297.6,2.2,3.29,14.37,10.00,0.00,48.09,17.38,66.44,0.00,,19.5,-23.0,12.0,-39.4,268.3,36.6,8.66
7:39:56 PM,42.4690734,-82.8306511,,Full,Jib,Full,Port,Beat,8.8,289.8,299.7,-9.9,7.5,0.4,292.56,0.93,-0.62,300.1,297.4,2.7,,,,,,,,,0.00,19.9,-22.4,12.2,-38.3,269.0,36.6,8.60
7:39:57 PM,42.4690854,-82.8307101,15.8,Full,Jib,Full,Port,Beat,8.7,289.4,300.7,-11.2,7.9,0.7,292.58,0.93,-0.62,299.9,298.2,1.7,,,,,,,,,,20.1,-22.4,12.5,-37.8,269.0,36.6,8.56
7:39:58 PM,42.4690951,-82.8307619,,Full,Jib,Full,Port,Beat,8.8,290.8,300.7,-10.0,,,292.60,0.92,-0.62,,298.6,,,,,,,,,,,20.1,-22.0,12.5,-37.2,269.5,36.6,8.44
7:39:59 PM,42.4691046,-82.8308123,15.4,Full,Jib,Full,Port,Beat,8.9,291.0,301.1,-10.1,7.5,0.2,292.62,0.92,-0.62,301.0,298.8,2.1,,,,,,,,,,20.3,-24.2,12.7,-40.8,266.7,36.6,8.74
7:40:00 PM,42.4691165,-82.8308639,,Full,Jib,Full,Port,Beat,9.0,289.6,301.3,-11.7,9.7,0.9,292.63,0.92,-0.62,300.9,299.0,1.9,3.29,14.37,10.00,0.00,48.09,17.38,65.96,0.00,0.00,20.4,-24.0,12.8,-40.6,267.5,36.7,8.76
7:40:01 PM,42.4691256,-82.8309231,16.4,Full,Jib,Full,Port,Beat,9.2,289.6,301.7,-12.2,9.2,0.5,292.66,0.92,-0.62,301.7,299.4,2.3,,,,,,,,,,19.9,-23.0,12.0,-40.4,268.9,36.7,8.97
7:40:02 PM,42.4691348,-82.8309805,15.9,Full,Jib,Full,Port,Beat,9.7,289.6,301.0,-11.5,8.7,0.6,292.69,0.91,-0.62,301.5,298.5,3.0,,,,,,,,,,20.2,-23.2,12.3,-40.5,268.8,36.7,9.22
7:40:03 PM,42.4691492,-82.8310333,,Full,Jib,Full,Port,Beat,8.9,289.6,300.1,-10.5,8.4,1.4,292.70,0.91,-0.61,299.9,297.9,2.0,3.29,14.37,10.00,0.00,48.09,17.38,66.59,0.00,,19.8,-22.4,11.9,-39.5,269.0,36.7,9.12
7:40:04 PM,42.4691613,-82.8310895,15.2,Full,Jib,Full,Port,Beat,8.9,289.6,299.2,-9.7,6.4,0.1,292.72,0.91,-0.61,300.1,,,,,,,,,,,0.00,19.3,-21.9,11.5,-38.7,268.7,36.6,9.59
7:40:05 PM,42.4691713,-82.8311482,15.2,Full,Jib,Full,Port,Beat,8.3,290.7,,,7.3,0.5,292.75,0.91,-0.61,,296.9,,,,,,,,,,,19.8,-20.4,12.2,-34.2,271.4,36.3,8.77
7:40:06 PM,42.4691786,-82.8312013,,Full,Jib,Full,Port,Beat,8.3,290.7,298.7,-7.9,5.7,0.7,292.78,0.90,-0.61,300.0,296.3,3.7,,,,,,,,,,,,,,,36.3,7.50
7:40:07 PM,42.4691903,-82.8312496,15.0,Full,Jib,Full,Port,Beat,8.1,288.8,298.4,-9.6,,,292.79,0.90,-0.61,299.2,296.3,3.0,3.29,14.37,10.00,0.00,48.09,17.38,67.03,0.00,,19.2,-20.9,11.7,-35.7,268.6,36.3,8.51
7:40:08 PM,42.4692008,-82.8312928,,Full,Jib,Full,Port,Beat,,,298.5,,5.5,-0.3,292.80,0.90,-0.61,299.6,296.1,3.6,,,,,,,,,0.00,18.2,-20.6,11.0,-35.7,269.7,36.3,8.00
7:40:09 PM,42.4692121,-82.8313345,14.9,Full,Jib,Full,Port,Beat,7.9,291.1,298.9,-7.8,6.9,0.2,292.81,0.90,-0.61,298.9,296.7,2.2,,,,,,,,,,18.1,-21.9,11.1,-37.4,265.9,36.6,8.08
7:40:10 PM,42.4692239,-82.8313782,,Full,Jib,Full,Port,Beat,8.0,290.0,299.8,-9.8,6.3,0.7,292.81,0.89,-0.60,300.7,297.5,3.2,,,,,,,,,,17.6,-21.0,10.6,-36.7,268.4,36.6,8.03
7:40:11 PM,42.4692357,-82.831425,15.0,Full,Jib,Full,Port,Beat,8.3,289.9,300.2,-10.3,8.8,0.6,292.82,0.89,-0.60,300.4,298.0,2.4,3.29,14.37,10.00,0.01,48.09,17.38,66.23,0.00,,18.3,-24.9,11.5,-42.4,262.5,36.6,8.09
7:40:12 PM,42.4692521,-82.8314818,,Full,Jib,Full,Port,Beat,8.4,291.7,300.4,-8.7,10.2,1.0,292.83,0.89,-0.60,301.5,298.3,3.2,,,,,,,,,0.00,19.0,-25.2,11.8,-43.1,261.8,37.0,8.94
7:40:13 PM,42.4692669,-82.8315482,15.5,Full,Jib,Full,Port,Beat,8.9,288.3,301.1,-12.9,,,292.84,0.89,-0.60,,298.7,,,,,,,,,,,18.6,-22.8,10.9,-41.5,267.8,37.0,8.68
7:40:14 PM,42.4692796,-82.8316042,,Full,Jib,Full,Port,Beat,9.6,287.6,301.9,-14.3,9.6,1.5,292.86,0.88,-0.60,302.4,,,,,,,,,,,,18.2,-22.8,10.3,-43.2,266.6,,9.15
7:40:15 PM,42.4692903,-82.831661,15.8,Full,Jib,Full,Port,Beat,9.6,285.9,,,9.2,0.9,292.87,0.88,-0.60,303.0,299.7,3.4,3.29,14.37,10.00,0.00,48.09,17.38,66.33,0.00,,19.9,-21.5,11.8,-38.0,271.9,36.8,9.22
7:40:16 PM,42.4693005,-82.8317119,,Full,Jib,Full,Port,Beat,9.3,290.4,303.5,-13.1,7.5,1.4,292.91,0.88,-0.59,304.2,301.3,2.9,,,,,,,,,0.00,20.4,-22.8,12.4,-39.5,271.3,36.8,9.30
7:40:17 PM,42.469311,-82.8317696,15.6,Full,Jib,Full,Port,Beat,9.3,292.0,302.7,-10.7,9.5,1.3,292.94,0.88,-0.59,302.4,300.3,2.1,,,,,,,,,,20.5,-23.7,12.5,-41.1,268.3,36.8,9.25
7:40:18 PM,42.4693205,-82.8318257,,Full,Jib,Full,Port,Beat,8.9,290.2,302.2,-12.0,9.2,0.7,292.97,0.87,-0.59,302.3,299.8,2.5,,,,,,,,,,20.3,-22.5,12.4,-39.0,271.8,36.8,8.93
7:40:19 PM,42.4693331,-82.8318862,15.6,Full,Jib,Full,Port,Beat,9.3,288.8,301.3,-12.5,8.5,0.7,292.99,0.87,-0.59,301.4,298.9,2.5,3.29,14.37,10.00,0.00,48.09,17.38,66.66,0.00,,20.2,-22.7,12.2,-39.6,270.9,36.8,9.46
7:40:20 PM,42.4693487,-82.8319502,,Full,Jib,Full,Port,Beat,9.3,292.4,302.3,-9.9,8.7,0.4,293.01,0.87,-0.59,,300.3,,,,,,,,,,0.00,20.5,-22.3,12.5,-38.6,271.4,36.8,9.17
7:40:21 PM,42.4693636,-82.8320055,15.3,Full,Jib,Full,Port,Beat,9.1,293.2,302.2,-9.0,10.1,0.9,293.02,0.87,-0.59,302.6,299.8,2.8,,,,,,,,,,,,,,,36.8,9.56
7:40:22 PM,42.4693771,-82.8320653,15.1,Full,Jib,Full,Port,Beat,9.4,292.5,301.7,-9.2,,,293.04,0.86,-0.59,301.3,299.4,1.9,,,,,,,,,,20.6,-23.8,12.6,-41.3,268.5,36.9,9.74
7:40:23 PM,42.4693896,-82.8321289,,Full,Jib,Full,Port,Beat,9.9,292.1,302.1,-10.0,10.5,0.6,293.06,0.86,-0.58,302.1,299.7,2.3,3.29,14.37,10.00,0.00,48.09,17.38,66.64,0.00,,20.3,-23.2,12.1,-41.8,268.2,36.9,10.17
7:40:24 PM,42.4694045,-82.8321868,15.6,Full,Jib,Full,Port,Beat,9.3,290.2,302.8,-12.6,8.9,1.0,293.08,0.86,-0.58,301.1,,,,,,,,,,,0.00,20.2,-21.7,11.7,-39.5,271.5,36.9,9.89
7:40:25 PM,42.4694172,-82.832245,,Full,Jib,Full,Port,Beat,9.6,290.6,302.5,-11.9,7.4,1.0,293.10,0.85,-0.58,,300.6,,,,,,,,,,,20.3,-20.8,11.7,-37.8,274.9,36.9,9.70
7:40:26 PM,42.4694298,-82.832308,15.0,Full,Jib,Full,Port,Beat,9.3,291.0,,,9.4,0.2,293.12,0.85,-0.58,301.5,300.2,1.3,,,,,,,,,,20.2,-21.2,11.9,-38.0,272.9,36.9,9.56
7:40:27 PM,42.4694448,-82.8323774,15.1,Full,Jib,Full,Port,Beat,9.5,285.8,302.0,-16.2,9.8,0.7,293.15,0.85,-0.58,300.6,299.4,1.2,3.29,14.37,10.00,0.00,48.09,17.38,66.79,0.00,,21.3,-23.0,13.2,-39.0,272.3,36.9,9.21
7:40:28 PM,42.4694591,-82.8324368,,Full,Jib,Full,Port,Beat,9.0,287.8,302.1,-14.3,9.1,0.3,293.16,0.85,-0.58,301.5,299.9,1.6,,,,,,,,,0.00,21.3,-21.9,13.1,-37.5,272.6,37.1,9.39
7:40:29 PM,42.4694762,-82.8324967,15.2,Full,Jib,Full,Port,Beat,9.9,287.8,302.3,-14.6,,,,,,301.0,300.0,1.1,,,,,,,,,,21.1,-22.3,12.7,-39.2,271.9,37.1,
7:40:30 PM,42.4694883,-82.8325627,,Full,Jib,Full,Port,Beat,9.4,287.7,303.2,-15.6,10.3,0.8,293.17,0.84,-0.57,,301.2,,,,,,,,,,,21.2,-21.4,12.8,-37.5,273.5,37.2,9.49
7:40:31 PM,42.4694986,-82.8326257,15.8,Full,Jib,Full,Port,Beat,10.0,290.6,303.5,-12.9,9.4,0.1,293.21,0.84,-0.57,302.4,301.1,1.3,3.29,14.37,10.00,0.01,48.09,17.38,66.27,0.00,,20.9,-22.6,12.4,-40.5,271.0,37.2,9.76
7:40:32 PM,42.4695123,-82.8326907,,Full,Jib,Full,Port,Beat,9.9,293.7,303.7,-9.9,10.2,0.4,293.24,0.84,-0.57,301.5,301.4,0.2,,,,,,,,,0.00,21.4,-22.0,12.7,-39.3,274.1,37.2,9.98
7:40:33 PM,42.4695268,-82.8327547,15.9,Full,Jib,Full,Port,Beat,10.0,290.9,303.0,-12.1,10.9,1.2,293.27,0.83,-0.57,300.8,300.7,0.1,,,,,,,,,,21.0,-22.8,12.2,-41.7,271.5,37.2,10.26
7:40:34 PM,42.469542,-82.8328175,,Full,Jib,Full,Port,Beat,10.1,289.9,303.0,-13.1,11.3,-0.2,293.29,0.83,-0.57,302.2,300.6,1.6,,,,,,,,,,22.0,-21.1,13.0,-37.2,276.3,37.4,10.52
7:40:35 PM,42.4695586,-82.8328859,15.4,Full,Jib,Full,Port,Beat,10.2,291.3,303.1,-11.8,11.9,1.6,293.31,0.83,-0.56,301.7,,,3.29,14.37,10.00,0.00,48.09,17.38,67.02,0.00,,22.3,-22.9,13.5,-40.0,271.5,37.4,10.24
7:40:36 PM,42.4695722,-82.8329513,15.5,Full,Jib,Full,Port,Beat,10.1,289.7,302.2,-12.5,11.3,-0.3,293.35,0.82,-0.56,301.0,300.7,0.3,,,,,,,,,0.00,22.7,-20.8,13.7,-36.1,275.7,37.4,10.37
7:40:37 PM,42.4695882,-82.8330145,,Full,Jib,Full,Port,Beat,10.0,289.5,,,,,293.37,0.82,-0.56,300.4,299.9,0.5,,,,,,,,,,,,,,,,10.14
7:40:38 PM,42.4696043,-82.8330765,15.4,Full,Jib,Full,Port,Beat,10.4,287.3,302.5,-15.1,11.0,0.1,293.38,0.82,-0.56,,300.1,,,,,,,,,,,22.6,-22.0,13.6,-38.5,274.1,37.4,10.21
7:40:39 PM,42.4696186,-82.8331331,,Full,Jib,Full,Port,Beat,10.0,290.7,302.9,-12.2,9.6,-0.1,293.40,0.81,-0.56,300.9,300.8,0.1,3.29,14.37,10.00,0.00,48.09,17.38,66.57,0.00,,22.3,-20.9,13.3,-36.7,275.6,37.4,10.39
7:40:40 PM,42.4696336,-82.833192,15.8,Full,Jib,Full,Port,Beat,10.2,290.6,303.4,-12.8,10.4,0.2,293.41,0.81,-0.55,301.0,301.0,0.1,,,,,,,,,0.00,21.5,-22.5,12.7,-40.4,271.3,37.4,10.16
7:40:41 PM,42.4696472,-82.83325,,Full,Jib,Full,Port,Beat,10.3,288.0,302.7,-14.7,10.1,0.6,293.43,0.81,-0.55,300.8,300.2,0.7,,,,,,,,,,21.1,-21.9,12.2,-40.1,273.3,37.4,10.25
7:40:42 PM,42.4696634,-82.8333133,15.5,Full,Jib,Full,Port,Beat,10.5,287.4,302.4,-15.0,9.2,-0.2,,,,300.7,300.3,0.4,,,,,,,,,,21.0,-21.1,12.1,-38.8,274.5,37.4,
7:40:43 PM,42.4696772,-82.8333657,15.4,Full,Jib,Full,Port,Beat,10.0,291.8,303.6,-11.8,,,293.45,0.80,-0.55,,301.5,,,,,,,,,,,20.6,-20.7,11.6,-38.7,274.1,37.4,10.28
7:40:44 PM,42.4696904,-82.8334182,,Full,Jib,Full,Port,Beat,10.0,290.9,303.9,-13.0,8.0,0.8,293.46,0.80,-0.55,301.0,301.9,-1.0,3.29,14.37,10.00,0.01,48.09,17.38,66.91,0.00,0.00,20.8,-21.6,12.1,-39.2,272.8,37.3,9.95
7:40:45 PM,42.4697035,-82.8334731,15.3,Full,Jib,Full,Port,Beat,10.0,287.3,304.1,-16.9,,,293.47,0.80,-0.55,,,,,,,,,,,,,20.2,-21.5,11.5,-40.0,273.5,37.4,9.98
7:40:46 PM,42.4697159,-82.8335296,,Full,Jib,Full,Port,Beat,9.8,292.3,304.0,-11.8,,,293.49,0.80,-0.55,,301.7,,,,,,,,,,,20.2,-21.3,11.5,-39.6,274.0,37.4,9.95
7:40:47 PM,42.4697279,-82.8335843,15.3,Full,Jib,Full,Port,Beat,9.6,289.9,303.5,-13.5,,,293.52,0.79,-0.54,,301.5,,,,,,,,,,,20.2,-21.2,11.6,-39.2,275.4,37.3,9.76
7:40:48 PM,42.4697399,-82.8336443,,Full,Jib,Full,Port,Beat,10.1,288.4,,,,,293.54,0.79,-0.54,,300.9,,,,,,,,,,,20.2,-20.7,11.6,-38.0,276.3,37.4,9.62
7:40:49 PM,42.4697559,-82.8336997,14.7,Full,Jib,Full,Port,Beat,9.5,291.4,303.6,-12.3,,,293.57,0.79,-0.54,,301.5,,,,,,,,,,,20.3,-20.4,11.7,-37.3,275.7,37.2,9.78
7:40:50 PM,42.4697715,-82.8337661,,Full,Jib,Full,Port,Beat,9.5,292.9,304.4,-11.5,,,293.59,0.78,-0.54,,302.5,,,,,,,,,,,20.3,-20.2,11.7,-36.8,276.4,37.2,9.60
7:40:51 PM,42.4697908,-82.833817,14.8,Full,Jib,Full,Port,Beat,9.9,292.6,305.1,-12.5,8.6,0.1,293.58,0.78,-0.54,303.4,303.1,0.3,3.29,14.37,10.00,0.01,48.09,17.38,66.77,0.00,,19.8,-20.4,11.2,-38.1,275.9,37.2,9.78
7:40:52 PM,42.4698113,-82.8338698,,Full,Jib,Full,Port,Beat,9.7,295.9,305.4,-9.5,8.6,0.7,,,,303.8,303.2,0.6,,,,,,,,,0.00,20.4,-21.9,12.0,-39.4,272.8,37.2,
7:40:53 PM,,,14.9,Full,Jib,Full,Port,Beat,9.6,291.7,306.1,-14.4,10.0,0.7,293.57,0.78,-0.53,303.6,303.7,-0.1,,,,,,,,,,,,,,,37.2,9.64
7:40:54 PM,42.4698315,-82.8339287,,Full,Jib,Full,Port,Beat,10.2,293.6,306.6,-13.0,9.3,0.8,293.57,0.78,-0.53,303.4,304.6,-1.2,,,,,,,,,,20.1,-20.5,11.5,-37.9,277.5,37.2,10.01
7:40:55 PM,42.4698544,-82.8339863,15.1,Full,Jib,Full,Port,Beat,9.9,295.1,307.6,-12.5,9.1,0.9,293.55,0.77,-0.53,304.5,,,3.29,14.37,10.00,0.00,48.09,17.38,66.76,0.00,,20.2,-20.1,11.4,-37.5,278.6,37.2,9.97
7:40:56 PM,42.4698786,-82.8340447,,Full,Jib,Full,Port,Beat,9.8,293.5,306.7,-13.2,8.0,-0.1,293.52,0.77,-0.53,304.2,305.4,-1.1,,,,,,,,,0.00,20.7,-20.3,12.1,-36.4,279.5,37.2,9.87
7:40:57 PM,42.4699036,-82.8341007,15.1,Full,Jib,Full,Port,Beat,9.6,292.9,306.9,-14.0,9.4,0.9,293.49,0.77,-0.52,303.4,304.4,-1.0,,,,,,,,,,21.1,-21.2,12.4,-37.9,278.5,37.0,10.05
7:40:58 PM,42.46992692,-82.83416214,,Full,Jib,Full,Port,Beat,9.9,293.5,,,,,293.48,0.76,-0.52,,304.6,,,,,,,,,,,21.3,-19.1,12.4,-34.2,282.4,37.0,10.36
7:40:59 PM,42.4699458,-82.8342216,15.0,Full,Jib,Full,Port,Beat,10.0,293.5,306.5,-13.0,9.5,0.4,293.48,0.76,-0.52,304.0,304.0,0.0,3.29,14.37,10.00,0.00,48.09,17.38,66.84,0.00,,20.9,-20.3,12.1,-36.6,280.1,37.0,9.82
7:41:00 PM,42.4699647,-82.8342815,,Full,Jib,Full,Port,Beat,9.6,290.2,305.5,-15.3,10.0,0.5,293.48,0.76,-0.52,303.1,303.0,0.1,,,,,,,,,0.00,20.1,-19.7,11.3,-36.8,280.3,37.0,9.18
7:41:01 PM,42.4699845,-82.8343403,14.7,Full,Jib,Full,Port,Beat,9.7,292.5,305.1,-12.6,8.7,0.3,293.48,0.75,-0.52,303.2,302.8,0.4,,,,,,,,,,19.3,-18.3,10.3,-35.8,283.3,,10.06
7:41:02 PM,42.4700007,-82.834396,,Full,Jib,Full,Port,Beat,9.6,294.1,305.7,-11.7,6.8,0.4,,,,302.5,303.7,-1.2,,,,,,,,,,19.6,-17.5,10.7,-33.4,283.5,37.0,
7:41:03 PM,42.4700171,-82.8344487,14.4,Full,Jib,Full,Port,Beat,9.6,293.7,306.4,-12.6,7.3,0.1,293.49,0.75,-0.51,304.1,304.0,0.1,3.29,14.37,10.00,0.00,48.09,17.38,67.07,0.00,,19.7,-18.3,11.1,-34.1,281.5,37.0,9.91
7:41:04 PM,42.4700376,-82.8345062,,Full,Jib,Full,Port,Beat,9.2,293.0,305.5,-12.5,7.7,0.4,293.48,0.75,-0.51,303.5,303.1,0.3,,,,,,,,,0.00,19.7,-19.2,11.2,-35.2,280.5,37.0,9.12
7:41:05 PM,42.4700583,-82.8345638,14.5,Full,Jib,Full,Port,Beat,9.0,292.2,305.7,-13.6,6.9,0.6,293.49,0.74,-0.51,,303.4,,,,,,,,,,,19.4,-18.5,11.1,-33.8,279.8,36.8,9.13
7:41:06 PM,42.4700717,-82.8346187,,Full,Jib,Full,Port,Beat,9.2,293.6,305.0,-11.4,7.4,0.4,293.49,0.74,-0.51,304.6,,,,,,,,,,,,19.3,-19.2,11.1,-34.8,279.8,36.8,9.06
7:41:07 PM,42.470087,-82.83467,14.4,Full,Jib,Full,Port,Beat,,,305.0,,7.4,-0.2,293.49,0.74,-0.51,302.5,302.5,-0.1,3.29,14.37,10.00,0.00,48.09,17.38,66.98,0.00,,19.7,-19.0,11.7,-33.3,280.2,36.8,8.75
7:41:08 PM,42.4701028,-82.8347199,,Full,Jib,Full,Port,Beat,8.9,293.8,304.5,-10.7,,,293.50,0.74,-0.50,303.5,302.9,0.7,,,,,,,,,0.00,19.7,-19.8,11.8,-34.4,279.4,36.8,8.81
7:41:09 PM,42.4701176,-82.8347722,14.3,Full,Jib,Full,Port,Beat,8.9,293.7,,,7.4,0.1,293.49,0.73,-0.50,303.3,302.2,1.1,,,,,,,,,,,,,,,36.8,8.75
7:41:10 PM,42.4701348,-82.8348195,14.3,Full,Jib,Full,Port,Beat,8.4,293.9,304.6,-10.7,8.1,0.2,293.49,0.73,-0.50,303.8,302.2,1.5,,,,,,,,,,19.6,-20.8,11.9,-35.7,276.8,36.8,8.55
7:41:11 PM,42.4701513,-82.8348684,,Full,Jib,Full,Port,Beat,8.4,293.9,304.1,-10.3,8.0,0.6,293.48,0.73,-0.50,304.5,301.9,2.5,3.29,14.37,10.00,0.00,48.09,17.38,66.61,0.00,,19.5,-21.1,11.8,-36.2,275.6,36.8,8.71
7:41:12 PM,42.470168,-82.8349183,14.2,Full,Jib,Full,Port,Beat,8.8,291.8,304.7,-12.9,7.2,0.7,293.48,0.73,-0.50,,302.2,,,,,,,,,,0.00,19.4,-21.0,11.7,-36.5,276.5,36.8,8.69
7:41:13 PM,42.4701848,-82.8349669,,Full,Jib,Full,Port,Beat,8.5,293.1,304.3,-11.2,7.9,0.2,293.47,0.72,-0.50,303.9,302.1,1.9,,,,,,,,,,19.7,-21.5,12.2,-36.5,275.2,36.7,8.57
7:41:14 PM,42.4702011,-82.8350155,14.7,Full,Jib,Full,Port,Beat,8.6,292.3,304.3,-12.0,7.6,0.4,293.46,0.72,-0.49,305.5,301.8,3.8,,,,,,,,,,19.5,-21.7,11.9,-37.1,275.6,36.7,8.59
7:41:15 PM,42.4702191,-82.835058,,Full,Jib,Full,Port,Beat,8.6,296.1,304.7,-8.6,9.0,0.8,293.45,0.72,-0.49,304.2,302.6,1.6,3.29,14.37,10.00,0.00,48.09,17.38,66.61,0.00,,19.4,-22.7,11.9,-38.8,271.3,36.7,8.45
7:41:16 PM,42.470237,-82.8351101,14.7,Full,Jib,Full,Port,Beat,8.5,292.9,305.1,-12.2,6.9,1.1,293.44,0.72,-0.49,305.2,,,,,,,,,,,0.00,19.1,-19.6,11.4,-34.3,279.0,36.7,8.65
7:41:17 PM,42.4702564,-82.8351615,,Full,Jib,Full,Port,Beat,8.8,292.9,305.3,-12.3,,,293.43,0.72,-0.49,303.7,302.7,1.0,,,,,,,,,,19.5,-21.5,11.9,-37.0,275.9,36.7,8.40
7:41:18 PM,42.4702741,-82.8352103,14.9,Full,Jib,Full,Port,Beat,8.6,293.0,305.2,-12.2,8.6,0.2,,,,304.4,303.2,1.2,,,,,,,,,,19.3,-19.3,11.4,-33.8,280.3,36.7,
7:41:19 PM,42.4702937,-82.8352618,,Full,Jib,Full,Port,Beat,9.2,293.0,,,7.4,0.8,293.42,0.71,-0.49,302.0,302.5,-0.5,3.29,14.37,10.00,0.00,48.09,17.38,66.48,0.00,,19.6,-20.4,11.7,-35.5,277.7,36.7,9.08
7:41:20 PM,42.4703115,-82.8353252,14.9,Full,Jib,Full,Port,Beat,8.8,293.0,304.4,-11.4,8.5,0.5,293.43,0.71,-0.48,,302.3,,,,,,,,,,0.00,,,,,,36.7,8.84
7:41:21 PM,42.4703284,-82.8353743,14.9,Full,Jib,Full,Port,Beat,8.9,292.0,305.0,-12.9,7.1,0.8,293.42,0.70,-0.48,304.9,302.3,2.7,,,,,,,,,,19.2,-18.4,11.2,-32.9,280.9,36.7,8.86
7:41:22 PM,42.4703445,-82.8354243,,Full,Jib,Full,Port,Beat,8.7,291.6,304.0,-12.4,7.9,0.4,293.42,0.70,-0.48,303.4,301.3,2.1,,,,,,,,,,19.6,-20.2,11.8,-35.0,278.4,,8.72
7:41:23 PM,42.470362,-82.8354742,14.6,Full,Jib,Full,Port,Beat,8.7,292.3,303.6,-11.3,7.1,1.1,,,,302.2,301.5,0.6,3.29,14.37,10.00,0.00,48.09,17.38,66.73,0.00,,19.4,-19.7,11.6,-34.4,277.8,36.7,
7:41:24 PM,42.4703759,-82.8355189,,Full,Jib,Full,Port,Beat,8.5,292.5,304.5,-12.0,6.5,0.6,293.42,0.70,-0.48,303.1,302.2,1.0,,,,,,,,,0.00,19.3,-19.4,11.6,-33.5,278.9,36.7,8.63
7:41:25 PM,42.4703894,-82.8355629,14.2,Full,Jib,Full,Port,Beat,8.2,292.6,303.7,-11.1,7.4,0.1,293.42,0.70,-0.48,303.3,301.4,1.9,,,,,,,,,,19.4,-20.6,11.8,-35.4,276.9,36.7,8.16
7:41:26 PM,42.4704046,-82.8356141,,Full,Jib,Full,Port,Beat,8.4,295.4,305.4,-10.1,6.8,0.5,293.43,0.69,-0.47,302.5,303.6,-1.1,,,,,,,,,,19.2,-20.9,11.8,-35.8,274.3,36.5,8.35
7:41:27 PM,42.4704184,-82.8356624,14.4,Full,Jib,Full,Port,Beat,8.3,293.2,305.6,-12.4,,,293.43,0.69,-0.47,303.7,,,3.29,14.37,10.00,0.00,48.09,17.38,66.17,0.00,,19.1,-19.2,11.5,-33.0,280.6,36.6,8.24
7:41:28 PM,42.470435,-82.8357144,,Full,Jib,Full,Port,Beat,8.5,294.7,306.2,-11.5,6.7,0.4,293.43,0.69,-0.47,303.2,303.5,-0.2,,,,,,,,,0.00,19.2,-22.3,11.8,-38.3,274.3,36.6,8.47
7:41:29 PM,42.4704544,-82.8357683,14.3,Full,Jib,Full,Port,Beat,8.4,293.2,,,8.7,0.0,293.42,0.69,-0.47,304.1,303.8,0.3,,,,,,,,,,19.3,-20.9,11.8,-35.8,278.3,36.6,8.38
7:41:30 PM,42.470471,-82.8358177,14.3,Full,Jib,Full,Port,Beat,8.6,293.0,305.8,-12.7,7.1,0.6,293.42,0.68,-0.47,304.4,303.5,0.9,,,,,,,,,,19.3,-22.0,11.9,-37.5,277.7,36.6,8.46
7:41:31 PM,42.4704863,-82.8358661,,Full,Jib,Full,Port,Beat,8.4,293.3,305.1,-11.8,7.3,1.0,293.42,0.68,-0.47,303.1,302.4,0.7,3.29,14.37,10.00,0.00,48.09,17.38,67.01,0.00,,18.8,-22.2,11.5,-38.4,275.5,36.6,8.55
7:41:32 PM,42.4704997,-82.8359132,14.0,Full,Jib,Full,Port,Beat,7.9,291.1,304.3,-13.3,7.2,0.5,293.43,0.68,-0.46,,301.8,,,,,,,,,,0.00,18.1,-20.6,10.7,-36.5,278.2,36.6,8.62
7:41:33 PM,42.4705122,-82.8359577,,Full,Jib,Full,Port,Beat,8.3,290.7,303.9,-13.2,6.2,0.4,293.43,0.68,-0.46,303.5,301.4,2.1,,,,,,,,,,18.4,-22.8,11.1,-39.8,273.5,36.6,8.31
7:41:34 PM,42.4705267,-82.8360077,14.2,Full,Jib,Full,Port,Beat,8.2,293.8,303.3,-9.5,8.8,0.9,293.44,0.67,-0.46,303.1,301.5,1.6,,,,,,,,,,18.5,-23.1,11.4,-39.5,270.7,36.5,8.20
7:41:35 PM,42.47054,-82.8360512,,Full,Jib,Full,Port,Beat,8.3,292.9,304.3,-11.5,7.4,0.6,293.44,0.67,-0.46,304.4,302.2,2.2,3.29,14.37,10.00,0.00,48.09,17.38,66.77,0.00,,18.0,-21.7,10.8,-38.2,273.8,36.5,7.77
7:41:36 PM,42.4705551,-82.8360948,14.5,Full,Jib,Full,Port,Beat,8.5,292.7,304.5,-11.7,,,293.44,0.67,-0.46,303.6,302.2,1.4,,,,,,,,,0.00,18.7,-23.4,11.4,-40.5,271.4,36.5,8.42
7:41:37 PM,42.4705709,-82.8361432,14.3,Full,Jib,Full,Port,Beat,8.8,293.6,304.9,-11.3,8.8,0.5,293.44,0.67,-0.46,304.9,,,,,,,,,,,,,,,,,36.5,8.61
7:41:38 PM,42.4705862,-82.8361935,,Full,Jib,Full,Port,Beat,8.9,292.7,305.9,-13.2,8.5,1.0,293.44,0.67,-0.46,304.8,302.7,2.1,,,,,,,,,,19.3,-22.4,11.8,-38.6,274.0,36.5,8.77
7:41:39 PM,42.4706034,-82.8362512,14.7,Full,Jib,Full,Port,Beat,8.8,289.8,306.6,-16.8,8.3,1.1,293.45,0.66,-0.45,304.9,303.7,1.2,3.29,14.37,10.00,0.00,48.09,17.38,66.27,0.00,,19.5,-21.8,11.8,-37.9,278.3,36.5,8.85
7:41:40 PM,42.4706241,-82.8363035,,Full,Jib,Full,Port,Beat,9.0,289.8,,,7.5,0.9,293.43,0.66,-0.45,,304.3,,,,,,,,,,0.00,19.6,-21.5,11.8,-37.7,279.9,36.5,9.10
7:41:41 PM,42.4706454,-82.8363599,14.6,Full,Jib,Full,Port,Beat,9.3,294.4,306.9,-12.5,8.3,0.1,293.41,0.66,-0.45,304.4,304.8,-0.4,,,,,,,,,,19.7,-22.7,11.9,-40.0,277.1,36.7,9.29
7:41:42 PM,42.470672,-82.8364222,14.6,Full,Jib,Full,Port,Beat,9.5,295.3,307.6,-12.2,,,293.38,0.65,-0.45,305.7,305.3,0.4,,,,,,,,,,19.7,-22.3,11.9,-39.2,276.4,36.7,9.04
7:41:43 PM,42.4706973,-82.8364831,,Full,Jib,Full,Port,Beat,8.6,296.1,308.6,-12.6,8.9,0.6,293.35,0.65,-0.44,305.8,306.4,-0.6,3.29,14.37,10.00,0.00,48.09,17.38,66.44,0.00,,19.7,-22.7,11.8,-40.2,276.0,,8.93
7:41:44 PM,42.470722,-82.8365424,14.4,Full,Jib,Full,Port,Beat,9.3,295.8,308.5,-12.7,9.4,0.7,293.32,0.65,-0.44,306.3,306.1,0.2,,,,,,,,,0.00,19.4,-24.0,11.6,-42.7,274.6,36.7,9.47
7:41:45 PM,42.470746,-82.8366008,14.6,Full,Jib,Full,Port,Beat,9.0,294.3,307.9,-13.5,9.4,0.1,293.30,0.65,-0.44,305.5,305.5,0.0,,,,,,,,,,19.9,-23.4,12.0,-41.1,277.4,36.7,9.10
7:41:46 PM,42.4707695,-82.8366597,,Full,Jib,Full,Port,Beat,9.2,293.1,307.8,-14.7,9.5,0.4,293.27,0.64,-0.44,305.6,305.2,0.3,,,,,,,,,,19.7,-24.1,11.8,-43.0,274.8,36.7,9.29
7:41:47 PM,42.4707928,-82.8367176,14.5,Full,Jib,Full,Port,Beat,9.5,290.0,306.8,-16.8,9.9,0.8,293.25,0.64,-0.44,304.3,,,3.29,14.37,10.00,0.00,48.09,17.38,66.68,0.00,,19.7,-24.6,11.8,-43.9,276.4,36.7,9.61
7:41:48 PM,42.4708137,-82.8367789,14.5,Full,Jib,Full,Port,Beat,9.4,291.3,306.0,-14.8,,,,,,304.4,304.6,-0.2,,,,,,,,,0.00,19.6,-22.5,11.5,-40.8,278.1,36.7,
7:41:49 PM,42.4708318,-82.836841,,Full,Jib,Full,Port,Beat,9.3,292.5,306.3,-13.8,8.3,0.4,293.24,0.64,-0.43,303.6,303.5,0.0,,,,,,,,,,19.3,-21.7,11.1,-40.2,277.9,36.7,9.44
7:41:50 PM,42.4708463,-82.8368926,14.7,Full,Jib,Full,Port,Beat,9.3,293.5,,,7.4,0.7,293.26,0.63,-0.43,,304.2,,,,,,,,,,,19.4,-22.2,11.3,-40.3,276.6,36.7,9.42
7:41:51 PM,42.470863,-82.8369469,,Full,Jib,Full,Port,Beat,9.4,292.3,305.8,-13.6,8.0,0.5,,,,303.6,303.2,0.4,3.29,14.37,10.00,0.00,48.09,17.38,66.51,0.00,,,,,,,36.7,
7:41:52 PM,42.47088,-82.8370045,14.7,Full,Jib,Full,Port,Beat,9.0,293.3,305.6,-12.4,8.4,0.8,293.26,0.63,-0.43,304.0,303.6,0.4,,,,,,,,,0.00,19.8,-23.0,11.9,-40.7,273.9,36.7,9.45
7:41:53 PM,42.470896,-82.8370568,,Full,Jib,Full,Port,Beat,9.2,293.3,305.9,-12.6,7.9,0.3,293.27,0.62,-0.43,304.9,303.2,1.7,,,,,,,,,,19.6,-22.2,11.6,-39.8,276.0,36.7,9.07
7:41:54 PM,42.4709113,-82.8371082,14.5,Full,Jib,Full,Port,Beat,9.2,292.1,304.9,-12.8,8.1,0.6,,,,303.9,302.4,1.6,,,,,,,,,,19.6,-22.0,11.6,-39.1,275.9,36.7,
7:41:55 PM,42.4709266,-82.8371558,,Full,Jib,Full,Port,Beat,9.1,293.3,304.9,-11.7,,,293.28,0.62,-0.42,304.5,302.6,1.8,3.29,14.37,10.00,0.00,48.09,17.38,66.92,0.00,,19.7,-22.6,11.8,-40.1,274.2,36.7,9.21
7:41:56 PM,42.4709419,-82.8372072,14.8,Full,Jib,Full,Port,Beat,8.7,293.6,305.1,-11.5,8.0,0.7,293.28,0.62,-0.42,304.2,303.2,1.0,,,,,,,,,0.00,18.7,-23.7,11.0,-43.2,270.6,36.7,9.15
7:41:57 PM,42.4709572,-82.8372605,14.7,Full,Jib,Full,Port,Beat,9.1,294.1,305.3,-11.2,7.1,0.2,293.29,0.61,-0.42,304.8,302.9,1.9,,,,,,,,,,18.0,-22.4,10.2,-42.2,274.7,36.7,8.60
7:41:58 PM,42.4709712,-82.8373119,,Full,Jib,Full,Port,Beat,9.0,294.0,304.3,-10.3,8.4,0.6,293.30,0.61,-0.42,,,,,,,,,,,,,18.0,-24.9,10.5,-46.0,267.6,36.7,9.02
7:41:59 PM,,,14.6,Full,Jib,Full,Port,Beat,9.0,291.6,304.0,-12.3,7.5,0.5,293.30,0.61,-0.42,304.8,302.1,2.7,,,,,,,,,,17.9,-23.3,10.3,-43.5,271.2,36.7,9.05
7:42:00 PM,42.4709857,-82.8373613,14.2,Full,Jib,Full,Port,Beat,8.4,293.5,,,7.3,1.6,293.31,0.61,-0.41,304.7,301.8,2.8,3.29,14.37,10.00,0.00,48.09,17.38,67.05,0.00,0.00,17.4,-23.4,9.8,-44.6,268.5,36.7,9.02
7:42:01 PM,42.4710012,-82.8374122,,Full,Jib,Full,Port,Beat,8.7,292.6,305.3,-12.7,6.8,0.0,293.32,0.61,-0.41,305.7,302.8,2.9,,,,,,,,,,18.7,-22.0,11.1,-39.2,274.3,36.7,8.63
7:42:02 PM,42.4710144,-82.8374563,14.4,Full,Jib,Full,Port,Beat,8.2,,305.7,,8.7,0.9,293.30,0.60,-0.41,305.2,303.9,1.2,,,,,,,,,,18.9,-24.3,11.5,-42.7,270.2,36.7,8.88
7:42:03 PM,42.471034,-82.8375046,,Full,Jib,Full,Port,Beat,8.9,294.7,306.3,-11.5,,,293.28,0.60,-0.41,,304.1,,3.29,14.37,10.00,0.00,48.09,17.38,66.53,0.00,,18.8,-24.3,11.3,-43.3,269.7,36.7,8.89
7:42:04 PM,42.4710523,-82.8375537,14.2,Full,Jib,Full,Port,Beat,9.2,293.3,306.0,-12.8,9.1,0.8,293.27,0.60,-0.41,305.2,303.8,1.4,,,,,,,,,0.00,18.9,-23.5,11.2,-42.3,271.2,36.7,9.04
7:42:05 PM,42.471071,-82.8376072,,Full,Jib,Full,Port,Beat,9.1,292.3,307.5,-15.2,8.9,1.0,293.28,0.59,-0.41,306.0,305.1,0.8,,,,,,,,,,19.4,-23.2,11.6,-41.0,276.1,36.9,10.15
7:42:06 PM,42.47108785,-82.83766604,14.6,Full,Jib,Full,Port,Beat,9.6,293.6,306.8,-13.2,9.9,1.0,293.27,0.59,-0.40,305.3,304.3,1.1,,,,,,,,,,20.2,-24.8,12.4,-43.2,271.2,36.9,9.29
7:42:07 PM,42.47110609,-82.8377202,,Full,Jib,Full,Port,Beat,9.7,291.2,306.0,-14.8,10.4,0.5,293.26,0.59,-0.40,304.2,303.8,0.4,3.29,14.37,10.00,0.00,48.09,17.38,66.66,0.00,,19.9,-23.0,11.7,-41.7,274.7,36.9,9.43
7:42:08 PM,42.4711243,-82.83777552,14.8,Full,Jib,Full,Port,Beat,9.7,291.2,306.0,-14.8,8.7,1.2,293.27,0.59,-0.40,304.1,,,,,,,,,,,0.00,,,,,,,9.59
7:42:09 PM,42.47113992,-82.83783099,,Full,Jib,Full,Port,Beat,9.6,291.3,305.6,-14.3,9.0,0.4,293.29,0.58,-0.40,303.4,303.7,-0.3,,,,,,,,,,19.7,-22.6,11.5,-41.4,276.7,36.9,9.67
7:42:10 PM,42.4711546,-82.83788383,14.3,Full,Jib,Full,Port,Beat,9.6,291.8,305.5,-13.6,8.2,0.3,293.29,0.58,-0.40,302.5,303.1,-0.6,,,,,,,,,,19.8,-22.0,11.6,-39.9,276.7,36.9,9.60
7:42:11 PM,42.47117003,-82.83793263,,Full,Jib,Full,Port,Beat,9.6,293.0,,,8.4,0.1,293.30,0.58,-0.40,303.8,303.4,0.3,3.29,14.37,10.00,0.00,48.09,17.38,66.56,0.00,,19.9,-21.0,11.6,-38.1,277.8,36.9,9.45
7:42:12 PM,42.47118368,-82.83798251,14.2,Full,Jib,Full,Port,Beat,10.0,293.9,306.1,-12.3,,,293.30,0.58,-0.39,,304.0,,,,,,,,,,0.00,19.8,-24.2,11.8,-43.7,271.2,36.9,9.53
7:42:13 PM,42.4712008,-82.8380378,,Full,Jib,Full,Port,Beat,10.0,293.9,306.9,-13.0,11.5,0.4,293.30,0.57,-0.39,304.3,304.6,-0.2,,,,,,,,,,20.3,-24.9,12.0,-45.1,272.4,37.2,9.91
7:42:14 PM,42.4712184,-82.8380923,14.7,Full,Jib,Full,Port,Beat,,,306.8,,10.8,0.8,293.31,0.57,-0.39,304.7,304.4,0.3,,,,,,,,,,21.1,-23.3,12.5,-41.9,274.0,37.2,10.28
7:42:15 PM,42.4712356,-82.83815,,Full,Jib,Full,Port,Beat,10.0,294.2,306.0,-11.8,12.6,0.2,293.31,0.57,-0.39,303.7,303.5,0.2,3.29,14.37,10.00,0.00,48.09,17.38,66.29,0.00,,23.0,-25.4,14.0,-44.8,269.2,37.3,11.82
7:42:16 PM,42.4712548,-82.838211,14.6,Full,Jib,Full,Port,Beat,10.1,293.8,304.5,-10.8,14.2,-0.1,293.32,0.57,-0.39,303.4,301.4,2.0,,,,,,,,,0.00,23.5,-25.7,14.9,-43.3,269.9,37.4,10.22
7:42:17 PM,42.471272,-82.8382737,,Full,Jib,Full,Port,Beat,10.3,291.1,301.7,-10.6,13.9,0.0,293.33,0.56,-0.38,300.8,298.9,1.9,,,,,,,,,,23.2,-24.7,14.4,-42.4,270.2,37.5,10.25
7:42:18 PM,42.4712879,-82.838334,15.1,Full,Jib,Full,Port,Beat,10.5,287.5,299.0,-11.4,,,293.37,0.56,-0.38,,,,,,,,,,,,,23.1,-25.3,14.3,-43.7,269.6,37.5,10.59
7:42:19 PM,42.471305,-82.8384004,,Full,Jib,Full,Port,Beat,9.3,,298.1,,13.2,0.4,293.37,0.56,-0.38,298.0,296.3,1.7,,,,,,,,,,23.0,-24.4,14.9,-39.7,266.2,37.5,9.36
7:42:20 PM,42.4713186,-82.8384589,15.1,Full,Jib,Full,Port,Beat,10.3,285.5,297.8,-12.4,12.9,0.3,293.41,0.55,-0.38,298.2,295.8,2.4,3.29,14.37,10.00,0.00,48.09,17.38,66.56,0.00,0.00,23.6,-24.5,14.6,-41.9,265.2,37.5,10.34
7:42:21 PM,42.4713324,-82.838524,15.1,Full,Jib,Full,Port,Beat,10.8,285.4,,,,,293.44,0.55,-0.38,,295.4,,,,,,,,,,,23.5,-24.1,14.3,-42.2,263.6,37.6,10.73
7:42:22 PM,42.4713483,-82.8385887,,Full,Jib,Full,Port,Beat,11.0,286.6,298.4,-11.9,,,293.46,0.55,-0.38,,296.0,,,,,,,,,,,23.1,-23.7,13.7,-42.5,263.6,37.6,11.18
7:42:23 PM,42.4713659,-82.8386524,15.4,Full,Jib,Full,Port,Beat,10.7,287.2,297.9,-10.8,,,293.48,0.55,-0.37,,295.8,,,,,,,,,,,,,,,,37.6,10.93
7:42:24 PM,42.4713866,-82.8387273,,Full,Jib,Full,Port,Beat,10.9,288.1,299.1,-11.0,,,293.49,0.54,-0.37,,297.3,,,,,,,,,,,22.5,-23.3,13.1,-42.7,263.4,37.6,11.06
7:42:25 PM,42.4714044,-82.8387884,15.2,Full,Jib,Full,Port,Beat,11.0,289.3,300.8,-11.5,10.5,0.1,293.49,0.54,-0.37,301.7,298.5,3.2,,,,,,,,,,22.4,-22.7,12.9,-42.2,264.5,37.6,11.02
7:42:26 PM,42.4714265,-82.8388552,,Full,Jib,Full,Port,Beat,11.0,292.0,302.1,-10.2,,,293.50,0.54,-0.37,,300.1,,,,,,,,,,,22.2,-21.8,12.6,-40.7,267.0,37.6,11.04
7:42:27 PM,42.4714447,-82.838914,15.0,Full,Jib,Full,Port,Beat,11.1,290.8,302.1,-11.3,9.9,0.5,293.50,0.53,-0.37,302.5,299.6,2.9,3.29,14.37,10.00,0.00,48.09,17.38,66.71,0.00,,22.3,-23.1,12.9,-42.8,266.2,37.6,11.11
7:42:28 PM,42.4714625,-82.8389712,,Full,Jib,Full,Port,Beat,11.1,293.6,302.1,-8.4,11.3,0.0,293.52,0.53,-0.36,301.3,300.1,1.2,,,,,,,,,0.00,22.7,-22.0,13.1,-40.4,268.6,37.6,11.14
7:42:29 PM,42.471479,-82.8390319,14.8,Full,Jib,Full,Port,Beat,11.1,291.7,303.3,-11.6,12.1,0.3,,,,302.3,,,,,,,,,,,,22.2,-23.0,12.8,-42.7,266.4,37.6,
7:42:30 PM,42.4715026,-82.8391194,14.9,Full,Jib,Full,Port,Beat,,291.0,303.5,-12.5,11.2,-0.3,293.55,0.53,-0.36,303.4,301.2,2.2,,,,,,,,,,23.0,-20.2,,,242.2,37.6,11.04
7:42:31 PM,42.4715193,-82.8392163,,Full,Jib,Full,Port,Beat,11.5,288.3,,,11.4,0.5,293.65,0.52,-0.36,303.3,301.2,2.2,3.29,14.37,10.00,0.00,48.09,17.38,67.07,0.00,,22.2,-20.9,11.0,-46.2,275.7,37.6,11.50
7:42:32 PM,42.4715344,-82.8392697,15.1,Full,Jib,Full,Port,Beat,10.8,292.5,303.3,-10.8,10.9,-0.3,293.65,0.52,-0.36,303.3,301.0,2.4,,,,,,,,,0.00,22.3,-21.1,12.6,-39.7,272.4,37.6,10.84
7:42:33 PM,42.4715512,-82.8393223,,Full,Jib,Full,Port,Beat,10.8,294.0,303.1,-9.2,10.5,0.0,,,,303.5,301.0,2.5,,,,,,,,,,22.4,-20.8,12.8,-38.2,272.4,,
7:42:34 PM,42.4715721,-82.8393684,14.8,Full,Jib,Full,Port,Beat,10.7,293.4,303.9,-10.5,10.6,0.6,293.65,0.51,-0.35,303.7,301.7,2.0,,,,,,,,,,21.8,-21.0,12.3,-39.7,271.7,37.6,10.87
7:42:35 PM,42.4715906,-82.839422,,Full,Jib,Full,Port,Beat,10.7,294.3,304.3,-9.9,10.2,0.3,293.62,0.51,-0.35,304.1,302.2,1.9,3.29,14.37,10.00,0.00,48.09,17.38,66.66,0.00,,21.6,-19.6,12.0,-37.0,274.8,37.6,10.92
7:42:36 PM,42.4716105,-82.8394775,15.1,Full,Jib,Full,Port,Beat,10.7,292.8,304.9,-12.1,9.4,0.1,293.61,0.51,-0.35,,302.1,,,,,,,,,,0.00,21.5,-20.3,12.1,-38.2,275.7,37.6,10.82
7:42:37 PM,42.4716285,-82.839533,,Full,Jib,Full,Port,Beat,10.7,293.3,304.4,-11.1,10.0,0.1,293.60,0.51,-0.35,303.2,301.8,1.4,,,,,,,,,,,,,,,37.5,10.67
7:42:38 PM,42.4716497,-82.8395875,14.4,Full,Jib,Full,Port,Beat,10.2,294.7,303.9,-9.2,,,293.60,0.50,-0.34,303.4,301.7,1.7,,,,,,,,,,21.8,-19.5,12.5,-35.8,277.4,37.5,10.49
7:42:39 PM,42.4716667,-82.8396375,14.9,Full,Jib,Full,Port,Beat,10.4,293.0,304.0,-11.0,8.9,0.3,293.58,0.50,-0.34,303.8,,,3.29,14.37,10.00,0.00,48.09,17.38,67.11,0.00,,21.4,-19.2,12.2,-35.2,278.7,37.5,10.30
7:42:40 PM,42.4716812,-82.8396924,,Full,Jib,Full,Port,Beat,10.0,293.8,304.4,-10.6,8.4,0.2,293.59,0.50,-0.34,303.7,301.8,1.9,,,,,,,,,0.00,21.5,-19.7,12.4,-35.9,277.3,37.5,10.17
7:42:41 PM,42.4716984,-82.8397441,14.7,Full,Jib,Full,Port,Beat,9.9,293.8,304.2,-10.4,10.7,0.0,293.58,0.49,-0.34,303.5,301.9,1.6,,,,,,,,,,21.9,-19.9,12.8,-35.6,275.9,37.2,10.40
7:42:42 PM,42.4717169,-82.8398064,15.0,Full,Jib,Full,Port,Beat,9.9,292.1,,,9.6,0.4,,,,303.7,301.8,1.9,,,,,,,,,,20.9,-18.0,11.7,-33.5,280.1,37.2,
7:42:43 PM,42.4717283,-82.839862,,Full,Jib,Full,Port,Beat,9.8,291.0,303.8,-12.8,8.7,0.3,293.60,0.49,-0.34,302.9,301.4,1.5,3.29,14.22,10.00,0.00,48.09,17.40,66.93,0.00,,21.2,-17.5,12.0,-31.9,281.8,37.2,9.91
7:42:44 PM,42.4717407,-82.8399195,14.2,Full,Jib,Full,Port,Beat,9.7,293.0,303.2,-10.2,9.7,0.8,293.64,0.49,-0.33,,301.0,,,,,,,,,,0.00,21.1,-18.6,12.2,-33.4,278.7,37.2,9.64
7:42:45 PM,42.471753,-82.8399762,,Full,Jib,Full,Port,Beat,10.0,292.3,303.0,-10.7,9.3,-0.1,293.69,0.49,-0.33,303.1,300.4,2.8,,,,,,,,,,20.9,-18.7,12.0,-33.8,278.4,37.2,9.64
7:42:46 PM,42.4717643,-82.8400368,14.8,Full,Jib,Full,Port,Beat,9.6,294.1,302.8,-8.7,8.8,0.6,293.72,0.48,-0.33,300.9,301.2,-0.3,,,,,,,,,,19.8,-16.6,10.7,-31.8,280.0,37.2,9.83
7:42:47 PM,42.4717793,-82.8400929,,Full,Jib,Full,Port,Beat,10.0,295.5,305.1,-9.6,7.9,1.0,293.78,0.48,-0.33,303.3,303.4,-0.1,3.29,14.22,10.00,0.00,48.09,17.40,66.33,0.00,,19.4,-17.0,10.3,-33.5,280.7,37.2,9.72
7:42:48 PM,42.4717974,-82.840151,14.4,Full,Jib,Full,Port,Beat,10.0,295.9,306.5,-10.6,9.0,0.6,293.79,0.48,-0.33,304.3,304.3,0.0,,,,,,,,,0.00,19.9,-18.6,11.0,-35.4,278.4,37.2,9.79
7:42:49 PM,42.4718215,-82.840217,,Full,Jib,Full,Port,Beat,9.9,294.7,306.1,-11.4,,,293.79,0.47,-0.33,305.4,304.1,1.3,,,,,,,,,,19.9,-18.3,11.0,-34.7,280.7,37.2,9.73
7:42:50 PM,42.4718424,-82.8402796,15.0,Full,Jib,Full,Port,Beat,9.9,294.4,307.1,-12.8,8.5,0.7,293.78,0.47,-0.32,305.9,,,,,,,,,,,,20.1,-19.1,11.3,-35.7,280.5,37.2,9.74
7:42:51 PM,42.471866,-82.8403406,14.7,Full,Jib,Full,Port,Beat,9.7,297.8,307.1,-9.3,8.7,0.5,293.77,0.47,-0.32,306.0,305.0,1.0,3.29,14.22,10.00,0.00,48.09,17.40,66.91,0.00,,20.2,-20.2,11.6,-37.1,278.5,37.2,9.89
7:42:52 PM,42.4718862,-82.8404073,,Full,Jib,Full,Port,Beat,9.8,295.5,,,9.1,0.0,293.75,0.47,-0.32,,304.5,,,,,,,,,,0.00,19.8,-19.9,11.2,-37.2,278.9,37.2,9.62
7:42:53 PM,42.471909,-82.8404683,14.5,Full,Jib,Full,Port,Beat,9.8,293.5,307.1,-13.6,9.0,0.6,293.75,0.46,-0.32,305.3,305.2,0.2,,,,,,,,,,,,,,,37.2,9.64
7:42:54 PM,42.471931,-82.8405325,14.4,Full,Jib,Full,Port,Beat,9.8,296.0,307.8,-11.7,8.5,-0.1,293.74,0.46,-0.32,306.4,305.4,1.0,,,,,,,,,,20.0,-18.8,11.2,-35.0,282.9,37.2,9.70
7:42:55 PM,42.47196,-82.8405906,,Full,Jib,Full,Port,Beat,9.6,296.9,307.7,-10.8,9.5,0.2,293.66,0.45,-0.31,305.9,305.4,0.6,3.29,14.22,10.00,0.01,48.09,17.40,66.74,0.00,,20.0,-20.5,11.5,-37.6,278.7,37.2,9.75
7:42:56 PM,42.471986,-82.8406552,14.1,Full,Jib,Full,Port,Beat,9.6,294.8,308.4,-13.6,8.8,0.7,293.63,0.45,-0.31,306.6,306.4,0.2,,,,,,,,,0.00,20.4,-19.3,11.8,-35.1,281.3,,9.42
7:42:57 PM,42.4720071,-82.840715,13.9,Full,Jib,Full,Port,Beat,9.5,294.1,308.5,-14.5,9.2,0.0,293.61,0.45,-0.31,306.6,306.0,0.7,,,,,,,,,,20.7,-19.8,12.2,-35.0,282.8,37.2,9.31
7:42:58 PM,42.4720273,-82.8407726,,Full,Jib,Full,Port,Beat,9.3,294.9,308.0,-13.1,,,,,,305.9,305.7,0.2,,,,,,,,,,21.2,-21.0,12.9,-36.1,281.1,37.2,
7:42:59 PM,42.4720487,-82.8408291,14.2,Full,Jib,Full,Port,Beat,9.4,295.6,308.0,-12.4,8.9,0.1,293.60,0.44,-0.30,305.8,305.9,-0.1,3.29,14.22,10.00,0.01,48.09,17.40,66.71,0.00,,21.4,-21.0,13.0,-36.1,280.9,37.2,9.60
7:43:00 PM,42.4720742,-82.8408869,,Full,Jib,Full,Port,Beat,9.5,295.8,308.2,-12.4,10.0,0.8,293.57,0.44,-0.30,305.4,,,,,,,,,,,0.00,21.0,-22.9,12.8,-39.5,276.5,37.2,9.33
7:43:01 PM,42.4720968,-82.8409462,14.3,Full,Jib,Full,Port,Beat,9.6,297.0,309.3,-12.3,10.5,0.4,293.52,0.44,-0.30,306.4,306.3,0.1,,,,,,,,,,19.9,-21.9,11.6,-39.6,278.1,37.2,9.49
7:43:02 PM,42.4721198,-82.8410076,,Full,Jib,Full,Port,Beat,10.2,296.8,,,10.0,0.5,293.48,0.43,-0.30,,307.1,,,,,,,,,,,19.9,-22.0,11.5,-40.4,277.9,37.2,9.70
7:43:03 PM,42.4721416,-82.8410669,15.0,Full,Jib,Full,Port,Beat,10.1,295.7,310.2,-14.5,10.3,0.7,,,,306.3,308.2,-1.9,3.29,14.22,10.00,0.01,48.09,17.40,66.12,0.00,,19.9,-22.7,11.4,-42.3,278.8,37.2,
7:43:04 PM,42.4721633,-82.8411259,,Full,Jib,Full,Port,Beat,10.0,298.1,310.9,-12.8,9.9,0.6,293.45,0.43,-0.29,307.0,308.7,-1.7,,,,,,,,,0.00,20.3,-23.0,11.8,-42.5,278.6,37.2,9.92
7:43:05 PM,42.4721872,-82.8411874,14.3,Full,Jib,Full,Port,Beat,10.6,294.2,311.6,-17.4,9.0,0.9,293.43,0.43,-0.29,307.7,309.4,-1.7,,,,,,,,,,20.2,-23.8,11.6,-44.8,278.0,37.2,10.31
7:43:06 PM,42.472209,-82.8412438,,Full,Jib,Full,Port,Beat,10.4,293.4,311.7,-18.3,9.8,0.3,293.40,0.42,-0.29,307.1,309.4,-2.3,,,,,,,,,,19.9,-25.2,11.6,-47.3,275.3,37.2,10.55
7:43:07 PM,42.4722282,-82.841306,14.2,Full,Jib,Full,Port,Beat,10.0,296.9,311.3,-14.4,8.6,0.5,293.37,0.42,-0.29,307.6,308.9,-1.3,3.29,14.22,10.00,0.00,48.09,17.40,66.65,0.00,,19.3,-23.5,10.7,-45.8,279.3,37.2,10.44
7:43:08 PM,42.4722494,-82.8413651,,Full,Jib,Full,Port,Beat,9.9,296.6,311.1,-14.6,7.8,-0.1,293.38,0.42,-0.29,306.6,308.6,-2.0,,,,,,,,,0.00,19.4,-22.3,10.8,-42.9,281.9,37.2,10.03
7:43:09 PM,42.4722681,-82.8414262,14.0,Full,Jib,Full,Port,Beat,9.8,294.7,310.3,-15.6,,,293.36,0.41,-0.28,306.6,307.6,-1.0,,,,,,,,,,19.3,-22.8,11.0,-43.2,280.5,37.2,9.92
7:43:10 PM,42.4722861,-82.8414857,,Full,Jib,Full,Port,Beat,9.5,296.2,309.7,-13.5,7.3,-0.1,293.37,0.41,-0.28,306.4,,,,,,,,,,,,19.1,-22.1,10.8,-41.9,280.7,37.2,9.81
7:43:11 PM,42.4723047,-82.8415405,14.2,Full,Jib,Full,Port,Beat,9.3,297.8,309.0,-11.2,6.8,0.1,293.37,0.41,-0.28,305.7,307.2,-1.6,3.29,14.22,10.00,0.00,48.09,17.40,66.68,0.00,,,,,,,36.9,9.56
7:43:12 PM,42.472323,-82.841597,,Full,Jib,Full,Port,Beat,9.2,297.6,,,7.5,-0.1,,,,306.0,306.8,-0.7,,,,,,,,,0.00,19.4,-23.7,11.4,-43.0,275.8,36.9,
7:43:13 PM,42.4723441,-82.8416544,14.4,Full,Jib,Full,Port,Beat,9.0,296.0,309.0,-13.0,7.7,0.3,293.36,0.40,-0.28,306.6,306.9,-0.2,,,,,,,,,,18.0,-23.8,10.3,-45.1,273.4,36.9,9.13
7:43:14 PM,,,,Full,Jib,Full,Port,Beat,8.8,296.2,308.6,-12.4,6.4,0.5,293.34,0.40,-0.27,,306.2,,,,,,,,,,,17.4,-21.5,9.6,-41.8,278.5,36.7,8.91
7:43:15 PM,42.472361,-82.8417058,14.0,Full,Jib,Full,Port,Beat,8.8,295.3,308.4,-13.1,6.6,-0.1,293.35,0.40,-0.27,306.6,305.9,0.7,3.29,14.22,10.00,0.00,48.09,17.40,66.94,0.00,,17.7,-24.2,10.4,-44.5,274.3,36.7,8.70
7:43:16 PM,42.4723767,-82.8417572,,Full,Jib,Full,Port,Beat,8.7,295.1,307.0,-11.9,,,,,,305.9,304.2,1.7,,,,,,,,,0.00,17.8,-22.5,10.3,-41.3,277.3,36.6,
7:43:17 PM,42.4723937,-82.8418063,14.0,Full,Jib,Full,Port,Beat,8.5,295.5,306.7,-11.2,7.7,0.4,293.33,0.39,-0.27,304.9,304.8,0.1,,,,,,,,,,17.5,-23.6,10.2,-43.5,273.1,36.6,8.74
7:43:18 PM,42.4724094,-82.8418534,,Full,Jib,Full,Port,Beat,8.7,296.8,308.2,-11.4,6.8,0.6,293.33,0.39,-0.27,307.3,305.7,1.6,,,,,,,,,,17.2,-23.2,10.0,-42.7,274.5,36.6,8.33
7:43:19 PM,42.472424,-82.8419053,14.5,Full,Jib,Full,Port,Beat,8.6,297.4,308.6,-11.2,5.6,0.3,293.34,0.39,-0.27,307.6,306.8,0.8,3.29,14.22,10.00,0.00,48.09,17.40,66.21,0.00,,17.4,-23.5,10.1,-43.2,273.0,36.6,8.52
7:43:20 PM,42.47244168,-82.84196427,,Full,Jib,Full,Port,Beat,8.6,298.5,309.9,-11.4,6.0,0.7,293.35,0.39,-0.26,,,,,,,,,,,,0.00,17.7,-25.3,10.5,-45.8,270.5,36.6,8.49
7:43:21 PM,42.47246005,-82.8420202,14.3,Full,Jib,Full,Port,Beat,8.6,299.1,310.0,-10.9,7.9,0.5,293.34,0.38,-0.26,308.3,307.8,0.5,,,,,,,,,,17.7,-26.8,10.7,-48.1,267.9,,8.56
7:43:22 PM,42.47248081,-82.84207065,,Full,Jib,Full,Port,Beat,,,309.0,,8.6,0.7,293.29,0.38,-0.26,308.8,307.6,1.1,,,,,,,,,,17.3,-24.8,10.1,-46.0,272.2,36.6,8.70
7:43:23 PM,42.47250103,-82.84212362,14.0,Full,Jib,Full,Port,Beat,8.7,296.6,,,6.6,0.8,293.29,0.38,-0.26,308.4,306.6,1.8,3.29,14.22,10.00,0.00,48.09,17.40,66.83,0.00,,17.2,-24.0,9.8,-45.3,275.6,36.6,8.66
7:43:24 PM,42.47251744,-82.84218022,,Full,Jib,Full,Port,Beat,8.8,293.5,308.4,-14.9,8.4,0.6,293.28,0.37,-0.26,306.9,305.4,1.4,,,,,,,,,0.00,17.7,-27.0,10.6,-49.3,269.0,36.6,8.81
7:43:25 PM,42.47253487,-82.84222783,13.8,Full,Jib,Full,Port,Beat,8.9,296.0,307.3,-11.3,,,293.27,0.37,-0.25,305.6,305.2,0.3,,,,,,,,,,17.4,-24.6,10.1,-45.6,272.8,36.5,8.70
7:43:26 PM,42.4725532,-82.8422822,,Full,Jib,Full,Port,Beat,8.6,292.9,308.0,-15.1,7.7,0.4,293.27,0.37,-0.25,306.2,305.7,0.5,,,,,,,,,,,,,,,36.5,8.55
7:43:27 PM,42.472569,-82.8423304,14.0,Full,Jib,Full,Port,Beat,8.6,295.0,307.7,-12.7,7.3,1.0,293.25,0.37,-0.25,305.5,305.6,-0.1,3.29,14.22,10.00,0.00,48.09,17.40,66.46,0.00,,17.3,-25.2,10.0,-47.6,270.8,36.5,8.86
7:43:28 PM,42.4725856,-82.8423782,,Full,Jib,Full,Port,Beat,8.9,295.4,308.0,-12.5,8.2,0.6,293.24,0.37,-0.25,,305.6,,,,,,,,,,0.00,17.6,-25.4,10.3,-46.9,270.6,36.5,8.96
7:43:29 PM,42.4726032,-82.8424298,14.2,Full,Jib,Full,Port,Beat,9.1,294.2,307.7,-13.5,7.5,0.8,293.23,0.36,-0.25,305.9,305.7,0.2,,,,,,,,,,17.3,-24.5,10.0,-46.3,272.5,36.5,9.09
7:43:30 PM,42.472621,-82.8424806,,Full,Jib,Full,Port,Beat,8.8,294.0,308.8,-14.7,6.9,0.8,293.21,0.36,-0.25,305.7,306.6,-0.9,,,,,,,,,,17.4,-24.8,10.0,-46.7,271.7,36.5,9.17
7:43:31 PM,42.4726398,-82.8425332,14.1,Full,Jib,Full,Port,Beat,9.0,295.0,309.2,-14.3,7.6,0.8,293.18,0.36,-0.24,306.2,,,3.29,14.22,10.00,0.00,48.09,17.40,65.85,0.00,,17.5,-25.8,10.1,-49.0,269.6,36.5,8.85
7:43:32 PM,42.4726603,-82.8425864,,Full,Jib,Full,Port,Beat,9.3,298.8,310.1,-11.4,8.3,0.2,293.15,0.35,-0.24,305.1,307.2,-2.1,,,,,,,,,0.00,17.6,-25.8,10.3,-48.4,268.3,36.5,8.74
7:43:33 PM,42.4726809,-82.8426409,14.5,Full,Jib,Full,Port,Beat,9.1,297.0,,,6.8,0.8,293.15,0.35,-0.24,307.0,307.9,-0.9,,,,,,,,,,17.2,-24.8,9.6,-48.6,271.3,36.7,9.27
7:43:34 PM,42.4727012,-82.8427042,,Full,Jib,Full,Port,Beat,9.3,297.0,309.3,-12.3,7.5,0.5,293.15,0.35,-0.24,306.0,307.0,-1.0,,,,,,,,,,17.7,-26.0,10.2,-49.4,269.6,36.7,9.19
7:43:35 PM,42.4727183,-82.8427582,14.1,Full,Jib,Full,Port,Beat,9.5,296.9,309.5,-12.6,7.1,0.4,293.12,0.35,-0.24,306.6,307.2,-0.6,3.29,14.22,10.00,0.00,48.09,17.40,66.34,0.00,,17.5,-25.3,10.0,-48.3,271.6,36.7,9.22
7:43:36 PM,42.472738,-82.8428107,14.0,Full,Jib,Full,Port,Beat,8.8,296.2,310.4,-14.2,,,293.09,0.34,-0.23,307.3,308.3,-1.0,,,,,,,,,0.00,17.5,-25.0,10.0,-47.7,272.4,36.7,9.19
7:43:37 PM,42.4727579,-82.8428624,,Full,Jib,Full,Port,Beat,8.8,294.8,311.3,-16.5,7.6,0.5,293.06,0.34,-0.23,308.4,309.3,-0.9,,,,,,,,,,17.5,-25.5,10.1,-48.2,273.7,36.7,8.72
7:43:38 PM,42.4727782,-82.8429166,14.2,Full,Jib,Full,Port,Beat,9.1,298.7,312.7,-14.1,6.6,0.2,293.04,0.34,-0.23,,310.9,,,,,,,,,,,17.4,-25.6,10.0,-48.6,273.2,36.7,8.99
7:43:39 PM,42.4728001,-82.842977,,Full,Jib,Full,Port,Beat,9.0,300.1,314.5,-14.4,6.3,0.5,293.04,0.34,-0.23,309.3,312.7,-3.3,3.29,14.22,10.00,0.00,48.09,17.40,65.69,0.00,,17.7,-26.4,10.3,-49.6,272.2,36.7,8.96
7:43:40 PM,42.4728206,-82.8430411,14.3,Full,Jib,Full,Port,Beat,9.1,302.3,316.8,-14.4,7.9,1.2,292.95,0.33,-0.23,311.3,314.9,-3.6,,,,,,,,,0.00,17.8,-28.3,10.6,-52.9,269.4,36.7,9.07
7:43:41 PM,42.4728484,-82.8430973,,Full,Jib,Full,Port,Beat,9.3,303.5,318.4,-14.9,7.7,0.8,292.80,0.33,-0.22,313.0,,,,,,,,,,,,,,,,,36.7,9.30
7:43:42 PM,42.4728837,-82.8431585,14.6,Full,Jib,Full,Port,Beat,9.6,302.7,318.5,-15.8,7.6,1.3,292.73,0.33,-0.22,313.0,316.3,-3.2,,,,,,,,,,17.7,-27.5,10.3,-52.5,273.8,36.8,9.38
7:43:43 PM,42.4729137,-82.8432315,,Full,Jib,Full,Port,Beat,9.4,302.2,,,,,292.68,0.32,-0.22,,316.2,,3.29,14.22,10.00,0.00,48.09,17.40,66.23,0.00,,18.7,-28.6,11.3,-52.4,274.9,36.8,9.30
7:43:44 PM,42.47294,-82.8433006,14.3,Full,Jib,Full,Port,Beat,9.6,301.6,317.9,-16.3,8.2,0.5,292.60,0.32,-0.21,312.5,315.4,-2.9,,,,,,,,,0.00,19.3,-28.0,11.8,-50.2,278.5,36.7,9.45
7:43:45 PM,42.4729675,-82.8433676,14.3,Full,Jib,Full,Port,Beat,9.5,300.8,317.3,-16.5,8.8,0.8,292.58,0.32,-0.21,312.1,314.7,-2.6,,,,,,,,,,19.2,-29.4,11.9,-52.5,276.2,36.7,9.43
7:43:46 PM,42.472989,-82.8434305,,Full,Jib,Full,Port,Beat,9.4,299.5,316.2,-16.7,9.8,0.5,292.55,0.31,-0.21,311.3,313.6,-2.3,,,,,,,,,,19.5,-28.8,12.1,-51.1,277.2,36.8,9.38
7:43:47 PM,42.473009,-82.8434877,14.4,Full,Jib,Full,Port,Beat,9.7,298.5,315.2,-16.7,9.8,0.6,292.54,0.31,-0.21,310.0,312.7,-2.7,3.29,14.22,10.00,0.00,48.09,17.40,66.29,0.00,,19.2,-28.3,11.7,-51.3,277.0,36.8,9.63
7:43:48 PM,42.4730271,-82.8435432,,Full,Jib,Full,Port,Beat,9.5,299.1,314.1,-15.0,8.8,0.6,292.54,0.31,-0.21,309.3,311.8,-2.5,,,,,,,,,0.00,19.2,-27.7,11.6,-50.4,277.1,36.8,9.46
7:43:49 PM,42.4730418,-82.8436084,14.2,Full,Jib,Full,Port,Beat,9.6,297.4,313.7,-16.4,9.4,1.1,292.55,0.30,-0.20,308.7,311.3,-2.6,,,,,,,,,,19.4,-27.9,11.8,-50.5,275.6,36.8,9.74
7:43:50 PM,42.4730599,-82.8436635,,Full,Jib,Full,Port,Beat,9.7,296.1,312.3,-16.2,9.9,0.1,292.53,0.30,-0.20,307.4,309.8,-2.4,,,,,,,,,,19.5,-27.7,11.8,-50.3,274.4,36.8,9.58
7:43:51 PM,42.4730787,-82.8437194,14.7,Full,Jib,Full,Port,Beat,10.0,296.0,311.2,-15.3,11.0,0.9,292.52,0.30,-0.20,306.8,,,3.29,14.22,10.00,0.01,48.09,17.40,66.00,0.00,,19.4,-26.9,11.5,-49.8,275.4,,9.77
7:43:52 PM,42.473097,-82.8437713,,Full,Jib,Full,Port,Beat,10.0,296.3,310.4,-14.1,9.5,0.3,292.50,0.30,-0.20,,308.6,,,,,,,,,,0.00,,,,,,36.9,10.11
7:43:53 PM,42.4731174,-82.8438222,14.8,Full,Jib,Full,Port,Beat,10.3,296.8,310.5,-13.7,,,,,,305.8,308.3,-2.5,,,,,,,,,,19.3,-26.0,11.2,-49.1,275.6,36.9,
7:43:54 PM,42.4731399,-82.8438758,,Full,Jib,Full,Port,Beat,10.0,295.9,,,10.0,0.8,292.42,0.29,-0.20,305.3,308.5,-3.2,,,,,,,,,,19.6,-26.1,11.4,-49.3,272.8,37.0,10.13
7:43:55 PM,42.4731625,-82.8439299,14.8,Full,Jib,Full,Port,Beat,10.3,295.1,310.2,-15.1,9.5,0.5,292.36,0.29,-0.19,305.9,307.8,-2.0,3.29,14.22,10.00,0.00,48.09,17.40,65.92,0.00,,19.6,-24.5,11.1,-47.0,276.0,37.2,10.33
7:43:56 PM,42.4731844,-82.8439862,14.8,Full,Jib,Full,Port,Beat,10.5,294.9,310.1,-15.2,,,292.29,0.29,-0.19,,307.9,,,,,,,,,,0.00,19.4,-25.1,11.0,-48.6,273.6,37.1,10.42
7:43:57 PM,42.4732086,-82.8440486,,Full,Jib,Full,Port,Beat,10.5,295.7,309.7,-14.1,9.5,0.9,292.24,0.28,-0.19,305.5,307.2,-1.7,,,,,,,,,,20.1,-24.7,11.5,-47.0,275.2,37.2,10.47
7:43:58 PM,42.4732292,-82.8441076,14.8,Full,Jib,Full,Port,Beat,10.3,297.5,308.5,-11.0,10.8,0.3,292.16,0.28,-0.19,304.4,306.1,-1.7,,,,,,,,,,19.8,-24.7,11.2,-47.8,273.3,37.1,10.44
7:43:59 PM,42.4732509,-82.8441657,,Full,Jib,Full,Port,Beat,10.8,294.6,309.1,-14.6,9.5,0.9,292.12,0.28,-0.19,306.0,306.8,-0.8,,,,,,,,,,18.7,-23.6,10.0,-48.7,274.1,37.2,10.66
7:44:00 PM,42.4732709,-82.8442218,15.1,Full,Jib,Full,Port,Beat,10.4,295.4,308.3,-12.9,8.8,0.0,292.08,0.27,-0.18,305.8,305.8,0.0,3.29,14.22,10.00,0.00,48.09,17.40,66.19,0.00,0.00,19.7,-24.8,11.1,-48.4,272.3,37.1,10.42
7:44:01 PM,42.473292,-82.8442784,,Full,Jib,Full,Port,Beat,10.4,296.1,307.4,-11.3,9.6,0.6,,,,304.9,,,,,,,,,,,,19.5,-25.9,11.1,-50.3,268.3,37.1,
7:44:02 PM,42.4733123,-82.8443367,14.5,Full,Jib,Full,Port,Beat,10.3,294.5,307.0,-12.5,9.3,0.0,292.02,0.27,-0.18,304.5,304.8,-0.2,,,,,,,,,,19.5,-23.8,10.8,-46.7,271.7,37.1,10.47
7:44:03 PM,42.4733294,-82.8443903,14.3,Full,Jib,Full,Port,Beat,10.3,295.9,308.2,-12.4,7.3,0.7,291.99,0.27,-0.18,304.9,304.7,0.2,3.29,14.22,10.00,0.01,48.09,17.40,66.27,0.00,,19.0,-22.6,10.2,-45.6,273.1,37.1,10.63
7:44:04 PM,42.4733494,-82.8444511,,Full,Jib,Full,Port,Beat,10.4,296.2,,,8.8,0.5,291.96,0.27,-0.18,305.7,306.2,-0.5,,,,,,,,,0.00,19.8,-24.7,11.3,-47.2,269.6,37.1,10.39
7:44:05 PM,42.4733697,-82.8445022,14.5,Full,Jib,Full,Port,Beat,9.9,301.5,308.9,-7.3,9.4,0.2,291.93,0.26,-0.17,306.4,306.4,0.0,,,,,,,,,,19.4,-24.1,11.0,-46.3,269.8,37.1,10.01
7:44:06 PM,42.4733904,-82.8445521,,Full,Jib,Full,Port,Beat,10.3,295.4,308.8,-13.4,8.3,0.2,291.86,0.26,-0.17,307.5,306.6,1.0,,,,,,,,,,19.3,-22.6,10.7,-44.1,274.5,37.1,10.00
7:44:07 PM,42.4734094,-82.8446048,14.7,Full,Jib,Full,Port,Beat,10.3,297.4,309.9,-12.5,,,291.80,0.26,-0.17,,307.7,,3.29,14.22,10.00,0.00,48.09,17.40,66.18,0.00,,19.2,-23.0,10.6,-45.1,274.3,37.1,10.45
7:44:08 PM,42.4734329,-82.8446565,,Full,Jib,Full,Port,Beat,10.1,301.0,311.0,-10.0,8.0,0.6,291.74,0.25,-0.17,307.6,308.7,-1.1,,,,,,,,,0.00,20.3,-24.5,11.9,-45.1,272.9,37.1,10.25
7:44:09 PM,42.4734581,-82.8447165,14.6,Full,Jib,Full,Port,Beat,10.0,301.0,310.7,-9.8,9.6,0.0,291.57,0.25,-0.17,307.6,308.7,-1.1,,,,,,,,,,,,,,,37.1,9.76
7:44:10 PM,42.473483,-82.8447785,,Full,Jib,Full,Port,Beat,10.1,298.9,311.1,-12.2,9.7,0.3,291.49,0.25,-0.16,307.2,308.7,-1.5,,,,,,,,,,20.0,-23.6,11.5,-44.0,274.6,37.4,10.21
7:44:11 PM,42.4735048,-82.8448363,14.4,Full,Jib,Full,Port,Beat,10.4,298.5,311.6,-13.1,9.3,0.2,291.42,0.24,-0.16,307.3,,,3.29,14.22,10.00,0.00,48.09,17.40,66.15,0.00,,19.9,-23.3,11.3,-44.4,276.3,37.4,10.60
7:44:12 PM,42.4735328,-82.8448998,,Full,Jib,Full,Port,Beat,10.5,295.9,312.3,-16.4,10.2,0.2,,,,307.1,309.3,-2.2,,,,,,,,,0.00,20.7,-25.1,12.2,-46.1,274.5,37.4,
7:44:13 PM,42.4735599,-82.8449549,14.3,Full,Jib,Full,Port,Beat,10.4,299.1,312.2,-13.1,10.2,0.4,291.26,0.24,-0.16,308.4,310.1,-1.7,,,,,,,,,,20.8,-24.6,12.2,-45.3,276.7,37.4,10.15
7:44:14 PM,42.4735842,-82.8450102,,Full,Jib,Full,Port,Beat,10.6,300.4,,,10.2,0.5,291.11,0.24,-0.16,307.1,309.7,-2.7,,,,,,,,,,20.9,-24.6,12.3,-45.3,277.5,,10.39
7:44:15 PM,42.4736064,-82.8450664,14.2,Full,Jib,Full,Port,Beat,10.7,295.4,312.3,-17.0,8.5,0.1,290.99,0.23,-0.15,308.2,310.4,-2.2,3.29,14.22,10.00,0.00,48.09,17.40,66.02,0.00,,20.5,-24.1,11.7,-45.5,278.0,37.4,10.35
7:44:16 PM,42.4736331,-82.8451161,,Full,Jib,Full,Port,Beat,10.6,302.1,313.6,-11.5,,,290.89,0.23,-0.15,308.9,311.6,-2.6,,,,,,,,,0.00,21.0,-24.3,12.2,-45.1,277.5,37.4,10.45
7:44:17 PM,42.4736621,-82.8451714,14.3,Full,Jib,Full,Port,Beat,10.6,298.8,314.1,-15.3,11.7,0.2,290.70,0.23,-0.15,,311.5,,,,,,,,,,,21.6,-26.2,13.0,-47.1,274.8,37.4,10.29
7:44:18 PM,42.4736879,-82.845227,14.2,Full,Jib,Full,Port,Beat,11.0,297.2,313.4,-16.2,13.8,-0.1,290.43,0.22,-0.14,309.0,310.9,-1.9,,,,,,,,,,21.2,-26.4,12.5,-49.0,275.0,37.4,10.94
7:44:19 PM,42.4737176,-82.8452905,,Full,Jib,Full,Port,Beat,11.4,296.5,313.5,-17.0,12.0,0.3,290.26,0.22,-0.14,307.6,311.6,-4.1,3.29,14.22,10.00,0.00,48.09,17.40,65.22,0.00,,20.8,-23.4,11.5,-45.9,280.7,37.5,11.14
7:44:20 PM,42.4737468,-82.8453483,14.7,Full,Jib,Full,Port,Beat,11.6,299.5,314.8,-15.3,11.5,0.8,290.07,0.22,-0.14,308.5,312.8,-4.3,,,,,,,,,0.00,21.1,-23.3,11.5,-46.3,281.4,37.6,11.63
7:44:21 PM,42.4737747,-82.8454044,,Full,Jib,Full,Port,Beat,11.5,300.5,314.7,-14.2,13.2,0.3,,,,308.7,312.3,-3.6,,,,,,,,,,22.9,-23.8,13.1,-44.8,280.9,37.6,
7:44:22 PM,42.4738029,-82.84546,14.3,Full,Jib,Full,Port,Beat,11.6,298.3,314.5,-16.2,,,289.80,0.21,-0.14,308.6,,,,,,,,,,,,22.9,-22.8,12.9,-43.3,285.6,37.6,11.31
7:44:23 PM,42.4738286,-82.8455172,,Full,Jib,Full,Port,Beat,11.6,299.1,314.7,-15.6,13.0,-0.2,289.51,0.21,-0.13,307.8,311.9,-4.1,3.29,14.22,10.00,0.00,48.09,17.40,65.48,0.00,,,,,,,37.8,12.02
7:44:24 PM,42.473855,-82.8455729,14.0,Full,Jib,Full,Port,Beat,11.8,300.7,,,12.6,0.2,,,,308.2,312.7,-4.5,,,,,,,,,0.00,22.7,-22.1,12.6,-42.7,285.0,37.8,
7:44:25 PM,42.4738824,-82.8456381,,Full,Jib,Full,Port,Beat,12.1,302.2,314.8,-12.5,13.9,-0.3,289.23,0.21,-0.13,307.8,312.3,-4.5,,,,,,,,,,23.0,-23.0,13.0,-43.9,283.6,37.8,11.53
7:44:26 PM,42.47391,-82.8457056,14.5,Full,Jib,Full,Port,Beat,12.7,296.3,314.4,-18.1,15.0,-0.2,288.99,0.20,-0.13,307.7,312.1,-4.4,,,,,,,,,,23.2,-22.5,12.7,-44.3,284.9,37.9,12.30
7:44:27 PM,42.473937,-82.8457818,,Full,Jib,Full,Port,Beat,13.2,294.8,314.5,-19.7,16.1,-0.2,288.86,0.20,-0.12,,312.0,,3.29,14.22,10.00,0.00,48.09,17.40,65.44,0.00,,23.0,-23.0,12.6,-45.6,287.2,37.9,12.19
7:44:28 PM,42.473964,-82.8458546,14.8,Full,Jib,Full,Port,Beat,12.4,299.1,314.0,-14.8,15.3,-0.8,288.73,0.19,-0.12,307.1,311.6,-4.5,,,,,,,,,0.00,22.9,-21.6,11.9,-45.2,289.4,38.0,13.21
7:44:29 PM,42.4739922,-82.845922,,Full,Jib,Full,Port,Beat,12.1,298.5,312.8,-14.3,19.0,0.2,288.54,0.19,-0.12,306.6,310.0,-3.4,,,,,,,,,,23.1,-23.4,12.6,-46.8,280.8,38.0,12.22
7:44:30 PM,42.4740178,-82.8459927,15.1,Full,Jib,Full,Port,Beat,,,310.1,,,,288.39,0.19,-0.12,305.7,307.5,-1.8,,,,,,,,,,22.9,-23.6,12.7,-46.4,278.3,38.1,11.92
7:44:31 PM,,,,Full,Jib,Full,Port,Beat,12.3,293.8,310.6,-16.8,15.9,-1.2,288.27,0.18,-0.11,304.2,308.6,-4.3,3.29,14.22,10.00,0.00,48.09,17.40,66.03,0.00,,22.9,-20.7,12.2,-41.6,286.8,38.1,12.21
7:44:32 PM,42.4740412,-82.8460606,15.3,Full,Jib,Full,Port,Beat,12.5,294.5,310.1,-15.5,15.6,0.3,288.13,0.18,-0.11,304.5,,,,,,,,,,,0.00,22.6,-21.9,12.2,-43.9,283.4,38.0,12.22
7:44:33 PM,42.4740649,-82.8461246,,Full,Jib,Full,Port,Beat,12.4,295.0,308.4,-13.4,15.8,-1.3,,,,303.8,307.2,-3.4,,,,,,,,,,23.4,-20.6,12.7,-40.6,283.4,38.0,
7:44:34 PM,42.4740915,-82.8462018,15.3,Full,Jib,Full,Port,Beat,12.5,294.8,,,15.6,-1.4,287.98,0.18,-0.11,305.0,306.2,-1.2,,,,,,,,,,23.5,-21.4,12.6,-42.7,280.0,38.1,12.29
7:44:35 PM,42.4741154,-82.8462773,,Full,Jib,Full,Port,Beat,12.8,294.8,309.9,-15.0,15.0,0.0,287.84,0.17,-0.10,,308.0,,3.29,14.22,10.00,0.00,48.09,17.40,65.14,0.00,,23.2,-20.7,11.7,-44.6,278.3,38.2,12.65
7:44:36 PM,42.47414779,-82.84636339,14.9,Full,Jib,Full,Port,Beat,14.7,,311.3,,15.1,-1.1,,,,305.3,309.1,-3.8,,,,,,,,,0.00,23.8,-20.9,11.8,-46.2,259.9,38.2,
7:44:37 PM,42.47419313,-82.84642459,,Full,Jib,Full,Port,Beat,12.3,,311.6,,16.2,-0.9,287.04,0.17,-0.10,305.9,309.4,-3.5,,,,,,,,,,23.4,-22.3,12.6,-45.0,275.7,,12.35
7:44:38 PM,42.47422279,-82.84649398,15.0,Full,Jib,Full,Port,Beat,12.9,296.8,311.5,-14.7,15.0,-0.9,286.77,0.16,-0.10,307.1,309.2,-2.1,,,,,,,,,,23.2,-20.9,12.0,-43.5,283.3,38.2,12.35
7:44:39 PM,42.47424926,-82.84656635,,Full,Jib,Full,Port,Beat,12.6,294.6,311.1,-16.5,10.7,0.3,286.54,0.16,-0.09,306.5,308.7,-2.1,,,,,,,,,,22.3,-18.6,11.1,-39.8,288.5,38.2,12.65
7:44:40 PM,42.47427889,-82.84662227,14.2,Full,Jib,Full,Port,Beat,11.8,297.3,312.5,-15.1,,,286.18,0.16,-0.09,307.6,310.2,-2.6,3.29,14.22,10.00,0.00,48.09,17.40,66.81,0.00,0.00,23.6,9.2,,,,26.1,12.37
7:44:41 PM,42.47427824,-82.84665311,14.0,Full,Jib,Full,Port,Beat,8.6,297.3,312.9,-15.6,-2.1,-0.3,286.46,0.15,-0.09,307.3,311.0,-3.7,,,,,,,,,,22.4,-2.0,,,,-17.2,6.99
7:44:42 PM,42.4742688,-82.8466982,,Full,Jib,Full,Port,Beat,9.5,297.3,314.7,-17.3,0.8,0.7,,,,,,,,,,,,,,,,19.9,-15.3,,,,4.8,
7:44:43 PM,42.4742929,-82.8467659,13.7,Full,Jib,Full,Port,Beat,10.7,,315.7,,-1.4,-1.3,286.76,0.15,-0.09,307.9,312.7,-4.8,3.29,14.22,10.00,0.01,48.09,17.40,67.92,0.00,,,,,,,-5.9,9.89
7:44:44 PM,42.4743194,-82.846816,13.2,Full,Jib,Full,Port,Beat,5.4,,313.9,,-0.2,-0.8,286.22,0.15,-0.09,309.4,313.1,-3.8,,,,,,,,,0.00,19.3,-26.7,,,,1.9,10.79
7:44:45 PM,42.4743382,-82.8468454,,Full,Jib,Full,Port,Beat,7.0,297.3,,,2.3,-1.0,285.92,0.15,-0.08,309.7,311.1,-1.4,,,,,,,,,,17.4,-34.4,,,,5.0,5.89
7:44:46 PM,42.4743587,-82.8468917,13.2,Full,Jib,Full,Port,Beat,12.1,295.4,312.7,-17.3,1.2,-1.1,285.65,0.14,-0.08,309.3,310.6,-1.3,,,,,,,,,,16.3,-37.9,,,,17.5,7.14
7:44:47 PM,42.4743891,-82.8469722,13.0,Full,Jib,Full,Port,Beat,13.3,297.3,313.5,-16.2,1.1,-0.5,285.38,0.14,-0.08,310.9,311.1,-0.3,3.29,14.22,10.00,0.00,48.09,17.40,66.74,0.00,,15.9,-60.3,,,,35.1,12.94
7:44:48 PM,42.4744207,-82.8470551,13.2,Full,Jib,Full,Port,Beat,13.5,297.3,311.7,-14.4,3.5,-0.7,285.05,0.14,-0.08,308.2,308.6,-0.4,,,,,,,,,0.00,16.5,-54.5,,,,35.0,13.05
7:44:49 PM,42.4744494,-82.8471301,,Full,Jib,Full,Port,Beat,,,310.1,,4.3,0.5,284.70,0.13,-0.07,307.6,307.8,-0.2,,,,,,,,,,15.0,-40.2,,,,34.9,13.15
7:44:50 PM,42.4744809,-82.8472125,12.7,Full,Jib,Full,Port,Beat,,,309.2,,,,284.34,0.13,-0.07,,306.6,,,,,,,,,,,14.7,-29.7,,,,35.0,13.13
7:44:51 PM,42.4745095,-82.8472875,12.8,Full,Jib,Full,Port,Beat,,,307.3,,2.6,0.0,283.95,0.13,-0.07,306.4,304.5,1.9,3.29,14.22,10.00,0.00,48.09,17.40,65.83,0.00,,14.8,-28.5,,,,35.1,13.11
7:44:52 PM,42.4745381,-82.8473624,,Full,Jib,Full,Port,Beat,,,305.4,,4.2,0.8,283.54,0.12,-0.07,303.9,302.8,1.1,,,,,,,,,0.00,15.2,-28.1,,,,35.1,13.08
7:44:53 PM,42.4745668,-82.8474374,13.5,Full,Jib,Full,Port,Beat,,,303.7,,4.8,0.2,283.11,0.12,-0.06,302.3,,,,,,,,,,,,15.1,-24.3,,,,35.3,13.06
7:44:54 PM,42.4745954,-82.8475123,13.3,Full,Jib,Full,Port,Beat,,,303.0,,3.4,0.7,282.64,0.11,-0.06,301.4,301.2,0.2,,,,,,,,,,15.1,-24.7,,,,35.4,13.03
7:44:55 PM,42.474624,-82.8475873,,Full,Jib,Full,Port,Beat,,,,,4.9,0.6,281.89,0.11,-0.06,301.0,300.5,0.5,3.29,14.22,10.00,0.00,48.09,17.40,65.81,0.00,,,,,,,35.4,12.99
7:44:56 PM,42.4746527,-82.8476622,12.2,Full,Jib,Full,Port,Beat,,,303.2,,5.4,0.6,281.34,0.11,-0.05,302.6,301.1,1.5,,,,,,,,,0.00,15.5,-26.3,,,,35.7,12.95
7:44:57 PM,42.4746842,-82.8477447,,Full,Jib,Full,Port,Beat,,,303.4,,4.6,0.7,,,,,301.0,,,,,,,,,,,15.3,-23.3,,,,35.7,
7:44:58 PM,42.4747128,-82.8478196,12.4,Full,Jib,Full,Port,Beat,,,303.4,,4.8,0.8,280.46,0.10,-0.05,302.4,301.4,1.0,,,,,,,,,,15.5,-22.8,,,,35.7,12.89
7:44:59 PM,42.4747414,-82.8478946,13.0,Full,Jib,Full,Port,Beat,,,306.6,,4.4,0.2,279.81,0.10,-0.05,304.4,305.4,-1.0,3.29,14.22,10.00,0.00,48.09,17.40,65.30,0.00,,15.4,-23.9,,,,,12.85
7:45:00 PM,42.4747701,-82.8479696,,Full,Jib,Full,Port,Beat,,,310.4,,,,279.11,0.09,-0.04,308.1,308.8,-0.7,,,,,,,,,0.00,15.3,-20.9,,,,36.0,12.80
7:45:01 PM,42.4747987,-82.8480445,13.0,Full,Jib,Full,Port,Beat,,,313.4,,3.6,1.1,277.96,0.09,-0.04,310.0,311.8,-1.9,,,,,,,,,,15.7,-24.1,,,,36.0,12.71
7:45:02 PM,42.4748273,-82.8481195,,Full,Jib,Full,Port,Beat,,,315.2,,5.8,0.7,,,,311.3,312.9,-1.6,,,,,,,,,,15.8,-25.0,,,,36.0,
7:45:03 PM,42.474856,-82.8481944,13.3,Full,Jib,Full,Port,Beat,,,315.5,,6.5,0.6,276.65,0.08,-0.04,311.7,,,3.29,14.22,10.00,0.00,48.09,17.40,65.73,0.00,,15.7,-24.4,,,,36.0,12.61
7:45:04 PM,42.4748846,-82.8482694,,Full,Jib,Full,Port,Beat,,,316.0,,5.7,0.6,275.69,0.08,-0.03,310.6,313.2,-2.6,,,,,,,,,0.00,15.4,-23.2,,,,36.1,12.52
7:45:05 PM,42.4749132,-82.8483443,13.0,Full,Jib,Full,Port,Beat,,,317.0,,6.3,1.2,274.63,0.08,-0.03,311.4,314.2,-2.8,,,,,,,,,,16.6,-24.8,,,,36.1,12.43
7:45:06 PM,42.4749419,-82.8484193,,Full,Jib,Full,Port,Beat,,,,,6.1,0.9,273.47,0.07,-0.03,,314.8,,,,,,,,,,,16.7,-24.5,,,,36.1,12.32
7:45:07 PM,42.4749734,-82.8485017,12.9,Full,Jib,Full,Port,Beat,,,317.3,,7.0,0.7,272.07,0.07,-0.03,311.1,315.3,-4.2,3.29,14.22,10.00,0.01,48.09,17.40,65.66,0.00,,17.0,-26.5,,,,36.1,12.19
7:45:08 PM,42.475002,-82.8485767,,Full,Jib,Full,Port,Beat,,,317.4,,7.1,0.6,270.80,0.06,-0.02,310.9,315.3,-4.4,,,,,,,,,0.00,16.9,-27.0,,,,36.1,12.06
7:45:09 PM,42.4750306,-82.8486516,12.4,Full,Jib,Full,Port,Beat,,,317.9,,,,268.40,0.06,-0.02,311.7,315.5,-3.8,,,,,,,,,,16.8,-28.0,,,,36.1,11.79
7:45:10 PM,42.4750593,-82.8487266,,Full,Jib,Full,Port,Beat,,,317.8,,7.8,0.9,266.57,0.06,-0.02,311.1,315.3,-4.2,,,,,,,,,,,,,,,35.9,11.58
7:45:11 PM,42.4750879,-82.8488016,13.0,Full,Jib,Full,Port,Beat,,,317.2,,5.6,0.3,264.51,0.05,-0.01,311.1,314.7,-3.6,3.29,14.22,10.00,0.00,48.09,17.40,66.25,0.00,,15.0,-24.1,,,,35.9,11.33
7:45:12 PM,42.4751165,-82.8488765,,Full,Jib,Full,Port,Beat,,,316.7,,4.4,0.5,262.21,0.05,-0.01,309.7,314.6,-4.9,,,,,,,,,0.00,14.6,-24.8,,,,35.9,11.02
7:45:13 PM,42.4751452,-82.8489515,13.2,Full,Jib,Full,Port,Beat,,,317.8,,5.8,0.1,,,,310.2,,,,,,,,,,,,16.0,-27.0,,,,35.5,
7:45:14 PM,42.4751738,-82.8490264,,Full,Jib,Full,Port,Beat,,,318.4,,7.2,0.3,258.17,0.05,-0.01,,315.9,,,,,,,,,,,16.0,-27.7,,,,35.8,10.45
7:45:15 PM,42.4752053,-82.8491089,13.5,Full,Jib,Full,Port,Beat,,,318.3,,,,254.69,0.04,0.00,,316.3,,,,,,,,,,,15.7,-26.3,,,,35.8,9.92
7:45:16 PM,42.4752339,-82.8491838,,Full,Jib,Full,Port,Beat,,,,,6.5,0.6,251.07,0.04,0.00,311.7,316.1,-4.4,3.29,14.22,10.00,0.00,48.09,17.40,65.73,0.00,,15.8,-26.2,,,,35.2,9.32
7:45:17 PM,42.4752597,-82.8492513,13.5,Full,Jib,Full,Port,Beat,,,319.3,,,,245.16,0.04,0.00,,317.0,,,,,,,,,,,15.8,-26.1,,,,35.3,8.27
7:45:18 PM,42.4752597,-82.8492513,,Full,Jib,Full,Port,Beat,,,319.2,,,,,,,,316.9,,,,,,,,,,,15.1,-27.4,,,,35.3,0.00
7:45:19 PM,42.4752597,-82.8492513,13.5,Full,Jib,Full,Port,Beat,,,319.3,,,,,,,,316.9,,,,,,,,,,,14.9,-27.8,,,,35.3,0.00
7:45:20 PM,42.4752597,-82.8492513,,Full,Jib,Full,Port,Beat,,,318.9,,,,,,,,316.4,,,,,,,,,,,14.9,-28.0,,,,35.3,
7:45:21 PM,42.4752597,-82.8492513,13.8,Full,Jib,Full,Port,Beat,,,319.0,,4.6,0.1,,,,312.2,316.8,-4.6,,,,,,,,,,13.8,-28.3,,,,35.3,0.00
7:45:22 PM,42.4752597,-82.8492513,,Full,Jib,Full,Port,Beat,,,319.1,,4.7,0.4,,,,312.3,316.5,-4.2,,,,,,,,,,13.5,-29.6,,,,,0.00
7:45:23 PM,42.4752597,-82.8492513,14.5,Full,Jib,Full,Port,Beat,,,319.1,,5.4,0.1,,,,312.3,317.0,-4.7,3.29,14.22,10.00,0.01,48.09,17.40,66.01,0.00,,13.8,-30.7,,,,35.3,0.00
7:45:24 PM,42.4752597,-82.8492513,14.1,Full,Jib,Full,Port,Beat,,,318.7,,,,,,,,,,,,,,,,,,0.00,13.7,-29.2,,,,35.3,0.00
7:45:25 PM,42.4752597,-82.8492513,,Full,Jib,Full,Port,Beat,,,318.7,,4.7,-0.1,,,,312.4,316.3,-3.9,,,,,,,,,,13.3,-29.6,,,,35.0,0.00
7:45:26 PM,42.4752597,-82.8492513,13.5,Full,Jib,Full,Port,Beat,,,318.5,,4.4,0.4,,,,311.9,316.6,-4.7,,,,,,,,,,12.5,-30.4,,,,35.0,0.00
7:45:27 PM,42.4752597,-82.8492513,,Full,Jib,Full,Port,Beat,,,,,4.7,-0.6,,,,311.7,315.7,-3.9,3.29,14.22,10.00,0.00,48.09,17.40,65.86,0.00,,12.6,-31.8,,,,35.0,0.00
7:45:28 PM,42.4752597,-82.8492513,14.0,Full,Jib,Full,Port,Beat,,,317.4,,6.4,-0.4,,,,311.5,314.9,-3.4,,,,,,,,,0.00,12.7,-33.1,,,,35.0,0.00
7:45:29 PM,42.4752597,-82.8492513,,Full,Jib,Full,Port,Beat,,,316.9,,6.0,0.0,,,,310.9,314.7,-3.8,,,,,,,,,,,,,,,35.0,0.00
7:45:30 PM,42.4752597,-82.8492513,14.6,Full,Jib,Full,Port,Beat,,,317.9,,4.7,1.1,,,,311.3,315.7,-4.4,,,,,,,,,,12.8,-32.3,,,,35.0,0.00
7:45:31 PM,42.4752597,-82.8492513,,Full,Jib,Full,Port,Beat,,,318.3,,4.8,0.3,,,,311.9,315.9,-4.0,3.29,14.22,10.00,0.00,48.09,17.40,65.53,0.00,,13.1,-32.4,,,,35.0,0.00
7:45:32 PM,42.4752597,-82.8492513,14.6,Full,Jib,Full,Port,Beat,,,317.2,,,,,,,,314.2,,,,,,,,,,0.00,13.5,-34.1,,,,35.0,0.00
7:45:33 PM,42.4752597,-82.8492513,,Full,Jib,Full,Port,Beat,,,315.0,,5.8,0.6,,,,312.1,312.1,0.1,,,,,,,,,,13.5,-34.1,,,,35.0,0.00
7:45:34 PM,42.4752597,-82.8492513,14.0,Full,Jib,Full,Port,Beat,,,312.7,,,,,,,,,,,,,,,,,,,13.4,-33.4,,,,35.1,0.00
7:45:35 PM,42.4752597,-82.8492513,,Full,Jib,Full,Port,Beat,,,311.7,,,,,,,,310.0,,,,,,,,,,,14.6,-33.2,,,,35.1,0.00
7:45:36 PM,42.4752597,-82.8492513,14.7,Full,Jib,Full,Port,Beat,,,311.4,,,,,,,,309.2,,,,,,,,,,,14.7,-32.7,,,,35.1,0.00
7:45:37 PM,42.4752597,-82.8492513,,Full,Jib,Full,Port,Beat,,,,,,,,,,,309.1,,,,,,,,,,,14.7,-32.9,,,,35.1,
7:45:38 PM,42.4752597,-82.8492513,14.8,Full,Jib,Full,Port,Beat,,,311.3,,,,,,,,308.7,,,,,,,,,,,14.7,-33.2,,,,35.1,0.00
7:45:39 PM,42.4752597,-82.8492513,,Full,Jib,Full,Port,Beat,,,310.8,,5.1,0.0,,,,306.0,308.4,-2.4,3.29,14.22,10.00,0.00,48.09,17.40,65.74,0.00,,14.9,-32.7,,,,35.1,0.00
7:45:40 PM,42.4752597,-82.8492513,15.9,Full,Jib,Full,Port,Beat,,,310.5,,5.8,0.6,,,,306.1,308.5,-2.4,,,,,,,,,0.00,14.8,-33.9,,,,35.1,0.00
7:45:41 PM,,,,Full,Jib,Full,Port,Beat,,,311.5,,5.1,0.6,,,,307.3,309.4,-2.0,,,,,,,,,,14.6,-31.8,,,,35.1,0.00
7:45:42 PM,42.4752597,-82.8492513,15.1,Full,Jib,Full,Port,Beat,,,311.4,,5.3,0.3,,,,308.3,308.9,-0.6,,,,,,,,,,15.0,-35.4,,,,35.2,0.00
7:45:43 PM,42.4752597,-82.8492513,,Full,Jib,Full,Port,Beat,,,311.2,,8.4,0.5,,,,307.9,308.9,-1.0,3.29,14.22,10.00,0.00,48.09,17.40,65.41,0.00,,15.0,-35.7,,,,35.3,
7:45:44 PM,42.4752597,-82.8492513,15.5,Full,Jib,Full,Port,Beat,,,311.5,,7.5,0.2,,,,307.8,,,,,,,,,,,0.00,15.3,-33.0,,,,35.5,0.00
7:45:45 PM,42.4752597,-82.8492513,,Full,Jib,Full,Port,Beat,,,310.9,,,,,,,,309.0,,,,,,,,,,,15.8,-32.6,,,,35.5,0.00
7:45:46 PM,42.47532383,-82.84967087,16.4,Full,Jib,Full,Port,Beat,10.6,293.7,310.6,-17.0,6.1,0.8,215.68,0.02,0.01,306.3,308.4,-2.1,,,,,,,,,,,,,,,,0.00
7:45:47 PM,42.47533628,-82.84971019,,Full,Jib,Full,Port,Beat,8.3,297.3,,,6.2,1.2,211.23,0.02,0.02,307.0,308.0,-1.0,3.29,14.22,10.00,0.00,48.09,17.40,66.15,0.00,,16.5,-32.0,11.0,-52.7,263.6,35.5,0.82
,,,,,,,,,,,,,,,,,,,,,,,,,,,,,,,,,,,,
,,,,,,,,,,,,,,,,,,,,,,,,,,,,,,,,,,,,
,,,,,,,,,,,,,,,,,,,,,,,,,,,,,,,,,,,,
,,,,,,,,,,,,,,,,,,,,,,,,,,,,,,,,,,,,
,,,,,,,,,,,,,,,,,,,,,,,,,,,,,,,,,,,,
,,,,,,,,,,,,,,,,,,,,,,,,,,,,,,,,,,,,
,,,,,,,,,,,,,,,,,,,,,,,,,,,,,,,,,,,,
,,,,,,,,,,,,,,,,,,,,,,,,,,,,,,,,,,,,
,,,,,,,,,,,,,,,,,,,,,,,,,,,,,,,,,,,,
,,,,,,,,,,,,,,,,,,,,,,,,,,,,,,,,,,,,
,,,,,,,,,,,,,,,,,,,,,,,,,,,,,,,,,,,,
,,,,,,,,,,,,,,,,,,,,,,,,,,,,,,,,,,,,
,,,,,,,,,,,,,,,,,,,,,,,,,,,,,,,,,,,,
,,,,,,,,,,,,,,,,,,,,,,,,,,,,,,,,,,,,
,,,,,,,,,,,,,,,,,,,,,,,,,,,,,,,,,,,,
,,,,,,,,,,,,,,,,,,,,,,,,,,,,,,,,,,,,
,,,,,,,,,,,,,,,,,,,,,,,,,,,,,,,,,,,,
,,,,,,,,,,,,,,,,,,,,,,,,,,,,,,,,,,,,
,,,,,,,,,,,,,,,,,,,,,,,,,,,,,,,,,,,,
,,,,,,,,,,,,,,,,,,,,,,,,,,,,,,,,,,,,
,,,,,,,,,,,,,,,,,,,,,,,,,,,,,,,,,,,,
,,,,,,,,,,,,,,,,,,,,,,,,,,,,,,,,,,,,
,,,,,,,,,,,,,,,,,,,,,,,,,,,,,,,,,,,,
,,,,,,,,,,,,,,,,,,,,,,,,,,,,,,,,,,,,
,,,,,,,,,,,,,,,,,,,,,,,,,,,,,,,,,,,,
,,,,,,,,,,,,,,,,,,,,,,,,,,,,,,,,,,,,
,,,,,,,,,,,,,,,,,,,,,,,,,,,,,,,,,,,,
,,,,,,,,,,,,,,,,,,,,,,,,,,,,,,,,,,,,
,,,,,,,,,,,,,,,,,,,,,,,,,,,,,,,,,,,,
,,,,,,,,,,,,,,,,,,,,,,,,,,,,,,,,,,,,
,,,,,,,,,,,,,,,,,,,,,,,,,,,,,,,,,,,,
,,,,,,,,,,,,,,,,,,,,,,,,,,,,,,,,,,,,
,,,,,,,,,,,,,,,,,,,,,,,,,,,,,,,,,,,,
,,,,,,,,,,,,,,,,,,,,,,,,,,,,,,,,,,,,
,,,,,,,,,,,,,,,,,,,,,,,,,,,,,,,,,,,,
,,,,,,,,,,,,,,,,,,,,,,,,,,,,,,,,,,,,
,,,,,,,,,,,,,,,,,,,,,,,,,,,,,,,,,,,,
,,,,,,,,,,,,,,,,,,,,,,,,,,,,,,,,,,,,
,,,,,,,,,,,,,,,,,,,,,,,,,,,,,,,,,,,,
,,,,,,,,,,,,,,,,,,,,,,,,,,,,,,,,,,,,
,,,,,,,,,,,,,,,,,,,,,,,,,,,,,,,,,,,,
,,,,,,,,,,,,,,,,,,,,,,,,,,,,,,,,,,,,
,,,,,,,,,,,,,,,,,,,,,,,,,,,,,,,,,,,,
,,,,,,,,,,,,,,,,,,,,,,,,,,,,,,,,,,,,
,,,,,,,,,,,,,,,,,,,,,,,,,,,,,,,,,,,,
,,,,,,,,,,,,,,,,,,,,,,,,,,,,,,,,,,,,
,,,,,,,,,,,,,,,,,,,,,,,,,,,,,,,,,,,,
,,,,,,,,,,,,,,,,,,,,,,,,,,,,,,,,,,,,
,,,,,,,,,,,,,,,,,,,,,,,,,,,,,,,,,,,,
,,,,,,,,,,,,,,,,,,,,,,,,,,,,,,,,,,,,
,,,,,,,,,,,,,,,,,,,,,,,,,,,,,,,,,,,,
,,,,,,,,,,,,,,,,,,,,,,,,,,,,,,,,,,,,
,,,,,,,,,,,,,,,,,,,,,,,,,,,,,,,,,,,,
,,,,,,,,,,,,,,,,,,,,,,,,,,,,,,,,,,,,
,,,,,,,,,,,,,,,,,,,,,,,,,,,,,,,,,,,,
,,,,,,,,,,,,,,,,,,,,,,,,,,,,,,,,,,,,
,,,,,,,,,,,,,,,,,,,,,,,,,,,,,,,,,,,,
,,,,,,,,,,,,,,,,,,,,,,,,,,,,,,,,,,,,
,,,,,,,,,,,,,,,,,,,,,,,,,,,,,,,,,,,,
,,,,,,,,,,,,,,,,,,,,,,,,,,,,,,,,,,,,
,,,,,,,,,,,,,,,,,,,,,,,,,,,,,,,,,,,,
,,,,,,,,,,,,,,,,,,,,,,,,,,,,,,,,,,,,
,,,,,,,,,,,,,,,,,,,,,,,,,,,,,,,,,,,,
,,,,,,,,,,,,,,,,,,,,,,,,,,,,,,,,,,,,
,,,,,,,,,,,,,,,,,,,,,,,,,,,,,,,,,,,,
,,,,,,,,,,,,,,,,,,,,,,,,,,,,,,,,,,,,
,,,,,,,,,,,,,,,,,,,,,,,,,,,,,,,,,,,,
,,,,,,,,,,,,,,,,,,,,,,,,,,,,,,,,,,,,
,,,,,,,,,,,,,,,,,,,,,,,,,,,,,,,,,,,,
,,,,,,,,,,,,,,,,,,,,,,,,,,,,,,,,,,,,
,,,,,,,,,,,,,,,,,,,,,,,,,,,,,,,,,,,,
,,,,,,,,,,,,,,,,,,,,,,,,,,,,,,,,,,,,
,,,,,,,,,,,,,,,,,,,,,,,,,,,,,,,,,,,,
,,,,,,,,,,,,,,,,,,,,,,,,,,,,,,,,,,,,
,,,,,,,,,,,,,,,,,,,,,,,,,,,,,,,,,,,,
,,,,,,,,,,,,,,,,,,,,,,,,,,,,,,,,,,,,
,,,,,,,,,,,,,,,,,,,,,,,,,,,,,,,,,,,,
,,,,,,,,,,,,,,,,,,,,,,,,,,,,,,,,,,,,
,,,,,,,,,,,,,,,,,,,,,,,,,,,,,,,,,,,,
,,,,,,,,,,,,,,,,,,,,,,,,,,,,,,,,,,,,
,,,,,,,,,,,,,,,,,,,,,,,,,,,,,,,,,,,,
,,,,,,,,,,,,,,,,,,,,,,,,,,,,,,,,,,,,
,,,,,,,,,,,,,,,,,,,,,,,,,,,,,,,,,,,,
,,,,,,,,,,,,,,,,,,,,,,,,,,,,,,,,,,,,
,,,,,,,,,,,,,,,,,,,,,,,,,,,,,,,,,,,,
,,,,,,,,,,,,,,,,,,,,,,,,,,,,,,,,,,,,
,,,,,,,,,,,,,,,,,,,,,,,,,,,,,,,,,,,,
,,,,,,,,,,,,,,,,,,,,,,,,,,,,,,,,,,,,
,,,,,,,,,,,,,,,,,,,,,,,,,,,,,,,,,,,,
,,,,,,,,,,,,,,,,,,,,,,,,,,,,,,,,,,,,
,,,,,,,,,,,,,,,,,,,,,,,,,,,,,,,,,,,,
,,,,,,,,,,,,,,,,,,,,,,,,,,,,,,,,,,,,
,,,,,,,,,,,,,,,,,,,,,,,,,,,,,,,,,,,,
,,,,,,,,,,,,,,,,,,,,,,,,,,,,,,,,,,,,
,,,,,,,,,,,,,,,,,,,,,,,,,,,,,,,,,,,,
,,,,,,,,,,,,,,,,,,,,,,,,,,,,,,,,,,,,
,,,,,,,,,,,,,,,,,,,,,,,,,,,,,,,,,,,,
,,,,,,,,,,,,,,,,,,,,,,,,,,,,,,,,,,,,
,,,,,,,,,,,,,,,,,,,,,,,,,,,,,,,,,,,,
,,,,,,,,,,,,,,,,,,,,,,,,,,,,,,,,,,,,
,,,,,,,,,,,,,,,,,,,,,,,,,,,,,,,,,,,,
,,,,,,,,,,,,,,,,,,,,,,,,,,,,,,,,,,,,
,,,,,,,,,,,,,,,,,,,,,,,,,,,,,,,,,,,,
,,,,,,,,,,,,,,,,,,,,,,,,,,,,,,,,,,,,
,,,,,,,,,,,,,,,,,,,,,,,,,,,,,,,,,,,,
,,,,,,,,,,,,,,,,,,,,,,,,,,,,,,,,,,,,
,,,,,,,,,,,,,,,,,,,,,,,,,,,,,,,,,,,,
,,,,,,,,,,,,,,,,,,,,,,,,,,,,,,,,,,,,
,,,,,,,,,,,,,,,,,,,,,,,,,,,,,,,,,,,,
,,,,,,,,,,,,,,,,,,,,,,,,,,,,,,,,,,,,
,,,,,,,,,,,,,,,,,,,,,,,,,,,,,,,,,,,,
,,,,,,,,,,,,,,,,,,,,,,,,,,,,,,,,,,,,
,,,,,,,,,,,,,,,,,,,,,,,,,,,,,,,,,,,,
,,,,,,,,,,,,,,,,,,,,,,,,,,,,,,,,,,,,
,,,,,,,,,,,,,,,,,,,,,,,,,,,,,,,,,,,,
,,,,,,,,,,,,,,,,,,,,,,,,,,,,,,,,,,,,
,,,,,,,,,,,,,,,,,,,,,,,,,,,,,,,,,,,,
,,,,,,,,,,,,,,,,,,,,,,,,,,,,,,,,,,,,
,,,,,,,,,,,,,,,,,,,,,,,,,,,,,,,,,,,,
,,,,,,,,,,,,,,,,,,,,,,,,,,,,,,,,,,,,
,,,,,,,,,,,,,,,,,,,,,,,,,,,,,,,,,,,,
,,,,,,,,,,,,,,,,,,,,,,,,,,,,,,,,,,,,
,,,,,,,,,,,,,,,,,,,,,,,,,,,,,,,,,,,,
,,,,,,,,,,,,,,,,,,,,,,,,,,,,,,,,,,,,
,,,,,,,,,,,,,,,,,,,,,,,,,,,,,,,,,,,,
,,,,,,,,,,,,,,,,,,,,,,,,,,,,,,,,,,,,
,,,,,,,,,,,,,,,,,,,,,,,,,,,,,,,,,,,,
,,,,,,,,,,,,,,,,,,,,,,,,,,,,,,,,,,,,
,,,,,,,,,,,,,,,,,,,,,,,,,,,,,,,,,,,,
,,,,,,,,,,,,,,,,,,,,,,,,,,,,,,,,,,,,
,,,,,,,,,,,,,,,,,,,,,,,,,,,,,,,,,,,,
,,,,,,,,,,,,,,,,,,,,,,,,,,,,,,,,,,,,
,,,,,,,,,,,,,,,,,,,,,,,,,,,,,,,,,,,,
,,,,,,,,,,,,,,,,,,,,,,,,,,,,,,,,,,,,
,,,,,,,,,,,,,,,,,,,,,,,,,,,,,,,,,,,,
,,,,,,,,,,,,,,,,,,,,,,,,,,,,,,,,,,,,
,,,,,,,,,,,,,,,,,,,,,,,,,,,,,,,,,,,,
,,,,,,,,,,,,,,,,,,,,,,,,,,,,,,,,,,,,
,,,,,,,,,,,,,,,,,,,,,,,,,,,,,,,,,,,,
,,,,,,,,,,,,,,,,,,,,,,,,,,,,,,,,,,,,
,,,,,,,,,,,,,,,,,,,,,,,,,,,,,,,,,,,,
,,,,,,,,,,,,,,,,,,,,,,,,,,,,,,,,,,,,
,,,,,,,,,,,,,,,,,,,,,,,,,,,,,,,,,,,,
,,,,,,,,,,,,,,,,,,,,,,,,,,,,,,,,,,,,
,,,,,,,,,,,,,,,,,,,,,,,,,,,,,,,,,,,,
,,,,,,,,,,,,,,,,,,,,,,,,,,,,,,,,,,,,
,,,,,,,,,,,,,,,,,,,,,,,,,,,,,,,,,,,,
,,,,,,,,,,,,,,,,,,,,,,,,,,,,,,,,,,,,
,,,,,,,,,,,,,,,,,,,,,,,,,,,,,,,,,,,,
,,,,,,,,,,,,,,,,,,,,,,,,,,,,,,,,,,,,
,,,,,,,,,,,,,,,,,,,,,,,,,,,,,,,,,,,,
,,,,,,,,,,,,,,,,,,,,,,,,,,,,,,,,,,,,
,,,,,,,,,,,,,,,,,,,,,,,,,,,,,,,,,,,,
,,,,,,,,,,,,,,,,,,,,,,,,,,,,,,,,,,,,
,,,,,,,,,,,,,,,,,,,,,,,,,,,,,,,,,,,,
,,,,,,,,,,,,,,,,,,,,,,,,,,,,,,,,,,,,
,,,,,,,,,,,,,,,,,,,,,,,,,,,,,,,,,,,,
,,,,,,,,,,,,,,,,,,,,,,,,,,,,,,,,,,,,
,,,,,,,,,,,,,,,,,,,,,,,,,,,,,,,,,,,,
,,,,,,,,,,,,,,,,,,,,,,,,,,,,,,,,,,,,
,,,,,,,,,,,,,,,,,,,,,,,,,,,,,,,,,,,,
,,,,,,,,,,,,,,,,,,,,,,,,,,,,,,,,,,,,
,,,,,,,,,,,,,,,,,,,,,,,,,,,,,,,,,,,,
,,,,,,,,,,,,,,,,,,,,,,,,,,,,,,,,,,,,
,,,,,,,,,,,,,,,,,,,,,,,,,,,,,,,,,,,,
,,,,,,,,,,,,,,,,,,,,,,,,,,,,,,,,,,,,
,,,,,,,,,,,,,,,,,,,,,,,,,,,,,,,,,,,,
,,,,,,,,,,,,,,,,,,,,,,,,,,,,,,,,,,,,
,,,,,,,,,,,,,,,,,,,,,,,,,,,,,,,,,,,,
,,,,,,,,,,,,,,,,,,,,,,,,,,,,,,,,,,,,
,,,,,,,,,,,,,,,,,,,,,,,,,,,,,,,,,,,,
,,,,,,,,,,,,,,,,,,,,,,,,,,,,,,,,,,,,
,,,,,,,,,,,,,,,,,,,,,,,,,,,,,,,,,,,,
,,,,,,,,,,,,,,,,,,,,,,,,,,,,,,,,,,,,
,,,,,,,,,,,,,,,,,,,,,,,,,,,,,,,,,,,,
,,,,,,,,,,,,,,,,,,,,,,,,,,,,,,,,,,,,
,,,,,,,,,,,,,,,,,,,,,,,,,,,,,,,,,,,,
,,,,,,,,,,,,,,,,,,,,,,,,,,,,,,,,,,,,
,,,,,,,,,,,,,,,,,,,,,,,,,,,,,,,,,,,,
,,,,,,,,,,,,,,,,,,,,,,,,,,,,,,,,,,,,
,,,,,,,,,,,,,,,,,,,,,,,,,,,,,,,,,,,,
,,,,,,,,,,,,,,,,,,,,,,,,,,,,,,,,,,,,
,,,,,,,,,,,,,,,,,,,,,,,,,,,,,,,,,,,,
,,,,,,,,,,,,,,,,,,,,,,,,,,,,,,,,,,,,
,,,,,,,,,,,,,,,,,,,,,,,,,,,,,,,,,,,,
,,,,,,,,,,,,,,,,,,,,,,,,,,,,,,,,,,,,
,,,,,,,,,,,,,,,,,,,,,,,,,,,,,,,,,,,,
,,,,,,,,,,,,,,,,,,,,,,,,,,,,,,,,,,,,
,,,,,,,,,,,,,,,,,,,,,,,,,,,,,,,,,,,,
,,,,,,,,,,,,,,,,,,,,,,,,,,,,,,,,,,,,
,,,,,,,,,,,,,,,,,,,,,,,,,,,,,,,,,,,,
,,,,,,,,,,,,,,,,,,,,,,,,,,,,,,,,,,,,
,,,,,,,,,,,,,,,,,,,,,,,,,,,,,,,,,,,,
,,,,,,,,,,,,,,,,,,,,,,,,,,,,,,,,,,,,
,,,,,,,,,,,,,,,,,,,,,,,,,,,,,,,,,,,,
,,,,,,,,,,,,,,,,,,,,,,,,,,,,,,,,,,,,
,,,,,,,,,,,,,,,,,,,,,,,,,,,,,,,,,,,,
,,,,,,,,,,,,,,,,,,,,,,,,,,,,,,,,,,,,
,,,,,,,,,,,,,,,,,,,,,,,,,,,,,,,,,,,,
,,,,,,,,,,,,,,,,,,,,,,,,,,,,,,,,,,,,
,,,,,,,,,,,,,,,,,,,,,,,,,,,,,,,,,,,,
,,,,,,,,,,,,,,,,,,,,,,,,,,,,,,,,,,,,
,,,,,,,,,,,,,,,,,,,,,,,,,,,,,,,,,,,,
,,,,,,,,,,,,,,,,,,,,,,,,,,,,,,,,,,,,
,,,,,,,,,,,,,,,,,,,,,,,,,,,,,,,,,,,,
,,,,,,,,,,,,,,,,,,,,,,,,,,,,,,,,,,,,
,,,,,,,,,,,,,,,,,,,,,,,,,,,,,,,,,,,,
,,,,,,,,,,,,,,,,,,,,,,,,,,,,,,,,,,,,
,,,,,,,,,,,,,,,,,,,,,,,,,,,,,,,,,,,,
,,,,,,,,,,,,,,,,,,,,,,,,,,,,,,,,,,,,
,,,,,,,,,,,,,,,,,,,,,,,,,,,,,,,,,,,,
,,,,,,,,,,,,,,,,,,,,,,,,,,,,,,,,,,,,
,,,,,,,,,,,,,,,,,,,,,,,,,,,,,,,,,,,,
,,,,,,,,,,,,,,,,,,,,,,,,,,,,,,,,,,,,
,,,,,,,,,,,,,,,,,,,,,,,,,,,,,,,,,,,,
,,,,,,,,,,,,,,,,,,,,,,,,,,,,,,,,,,,,
,,,,,,,,,,,,,,,,,,,,,,,,,,,,,,,,,,,,
,,,,,,,,,,,,,,,,,,,,,,,,,,,,,,,,,,,,
,,,,,,,,,,,,,,,,,,,,,,,,,,,,,,,,,,,,
,,,,,,,,,,,,,,,,,,,,,,,,,,,,,,,,,,,,
,,,,,,,,,,,,,,,,,,,,,,,,,,,,,,,,,,,,
,,,,,,,,,,,,,,,,,,,,,,,,,,,,,,,,,,,,
,,,,,,,,,,,,,,,,,,,,,,,,,,,,,,,,,,,,
,,,,,,,,,,,,,,,,,,,,,,,,,,,,,,,,,,,,
,,,,,,,,,,,,,,,,,,,,,,,,,,,,,,,,,,,,
,,,,,,,,,,,,,,,,,,,,,,,,,,,,,,,,,,,,
,,,,,,,,,,,,,,,,,,,,,,,,,,,,,,,,,,,,
,,,,,,,,,,,,,,,,,,,,,,,,,,,,,,,,,,,,
,,,,,,,,,,,,,,,,,,,,,,,,,,,,,,,,,,,,
,,,,,,,,,,,,,,,,,,,,,,,,,,,,,,,,,,,,
,,,,,,,,,,,,,,,,,,,,,,,,,,,,,,,,,,,,
,,,,,,,,,,,,,,,,,,,,,,,,,,,,,,,,,,,,
,,,,,,,,,,,,,,,,,,,,,,,,,,,,,,,,,,,,
,,,,,,,,,,,,,,,,,,,,,,,,,,,,,,,,,,,,
,,,,,,,,,,,,,,,,,,,,,,,,,,,,,,,,,,,,
,,,,,,,,,,,,,,,,,,,,,,,,,,,,,,,,,,,,
,,,,,,,,,,,,,,,,,,,,,,,,,,,,,,,,,,,,
,,,,,,,,,,,,,,,,,,,,,,,,,,,,,,,,,,,,
,,,,,,,,,,,,,,,,,,,,,,,,,,,,,,,,,,,,
,,,,,,,,,,,,,,,,,,,,,,,,,,,,,,,,,,,,
,,,,,,,,,,,,,,,,,,,,,,,,,,,,,,,,,,,,
,,,,,,,,,,,,,,,,,,,,,,,,,,,,,,,,,,,,
,,,,,,,,,,,,,,,,,,,,,,,,,,,,,,,,,,,,
,,,,,,,,,,,,,,,,,,,,,,,,,,,,,,,,,,,,
,,,,,,,,,,,,,,,,,,,,,,,,,,,,,,,,,,,,
,,,,,,,,,,,,,,,,,,,,,,,,,,,,,,,,,,,,
,,,,,,,,,,,,,,,,,,,,,,,,,,,,,,,,,,,,
,,,,,,,,,,,,,,,,,,,,,,,,,,,,,,,,,,,,
,,,,,,,,,,,,,,,,,,,,,,,,,,,,,,,,,,,,
,,,,,,,,,,,,,,,,,,,,,,,,,,,,,,,,,,,,
,,,,,,,,,,,,,,,,,,,,,,,,,,,,,,,,,,,,
,,,,,,,,,,,,,,,,,,,,,,,,,,,,,,,,,,,,