timestamp,LAT,LON,DBS,SOG,COGt,HDGt,ROT,LEE,ROLL,PITCH,BRG,DTG,XTE,MFIT,MFITT,MSOLV,MNOIS,MAGB,MAGBT,MINCL,MCALF,MCALH,AWS,AWA,TWS,TWA,TWD,MROT,VMG,VMC,TGTA,TGTS,TVMG,PSPD,PSR,PVMG,PVMGR,BTA,BTVMG,GBA,GBVMG,VMAX,VMAXA,OWA,TACK
2026-08-12 17:45:10,42.470071059999995,-82.88211743,5.3051,0.0914,354.9474,188.0935,2.2036,0.0,-0.3073,-0.2501,78.2461,1.4533,-0.0001,3.1991,0.0,10.0,0.0013,48.092,0.0,63.5995,0.0,0.0,9.3313,70.1979,9.3014,70.7279,257.6347,-11.2645,0.0349,0.0094,41.8922,7.5888,5.6001,10.5001,0.009,5.6001,0.0064,41.8922,5.6001,137.6122,8.5867,14.0508,120.0,25.8423,229.9207
2026-08-12 17:45:20,42.47006666145486,-82.88211478142983,5.3051,0.1205,354.9474,188.179,2.7734,0.0,-0.5138,-0.2537,78.2345,1.4532,0.0002,3.1992,0.0,10.0,0.001,48.092,0.0,63.6909,0.0,0.0,13.584,75.1692,13.5501,75.7204,262.7224,-11.2685,0.0332,0.0143,50.0,10.4636,6.7259,14.905,0.0093,6.7259,0.0049,50.0,6.7259,144.2149,12.0394,18.3116,120.0,26.2385,238.1172
2026-08-12 17:45:30,42.47006104530246,-82.88210063701118,5.3051,0.1283,354.9474,188.0034,1.2134,0.0,-0.5296,-0.2129,78.2162,1.4526,0.0006,3.1993,0.0,10.0,0.0012,48.092,0.0,63.7484,0.0,0.0,14.8553,67.0011,14.8075,67.4442,254.5408,-11.269,0.0451,0.0148,50.0,11.0689,7.1149,15.3149,0.0082,7.1149,0.0064,50.0,7.1149,148.633,13.3373,19.6501,120.0,18.6905,238.0063
2026-08-12 17:45:40,42.47005733,-82.88210339,5.3051,0.0778,354.9474,188.3221,-4.1777,0.0,-0.273,-0.2025,78.2099,1.4528,0.0008,3.1994,0.0,10.0,0.0018,48.092,0.0,63.7565,0.0,0.0,13.3275,59.0762,13.2852,59.3847,247.0365,-11.2702,0.0427,0.0101,50.0,10.4636,6.7259,12.6801,0.0066,6.7259,0.0063,50.0,6.7259,144.2148,12.0394,18.3116,120.0,9.4421,238.2647
2026-08-12 17:45:50,42.47005600999999,-82.88210506,5.3051,0.0719,354.9474,188.4344,1.6933,0.0,-0.2504,-0.2108,78.2075,1.4529,0.0008,3.1994,0.0,10.0,0.001,48.092,0.0,63.8226,0.0,0.0,13.4732,62.5965,13.4431,62.8433,250.774,-11.2698,0.0297,0.0071,50.0,10.504,6.7518,13.3044,0.0049,6.7518,0.0044,50.0,6.7518,144.5815,12.1271,18.3996,120.0,12.9214,238.436
2026-08-12 17:46:00,42.47005756,-82.88210201999999,5.3051,0.0778,354.9474,188.1015,4.6024,0.0,-0.3327,-0.2001,78.2099,1.4527,0.0008,3.1995,0.0,10.0,0.0004,48.092,0.0,63.9558,0.0,0.0,14.0236,55.605,13.9787,55.8768,243.4369,-11.2736,0.0448,0.01,49.8238,10.8018,6.9653,12.7469,0.0065,6.9653,0.0064,49.8238,6.9653,147.7618,12.8493,19.1157,120.0,6.8328,237.9684
2026-08-12 17:46:10,42.47005866000001,-82.88209788999998,5.3051,0.1341,354.9474,187.8021,-0.3705,0.0,-0.2974,-0.217,78.2112,1.4526,0.0008,3.1996,0.0,10.0,0.0004,48.092,0.0,63.6976,0.0,0.0,13.3101,61.8694,13.2605,62.3065,249.2187,-11.2736,0.0501,0.0127,49.8916,10.3992,6.6984,12.7446,0.0084,6.6984,0.0075,49.8916,6.6984,143.9302,11.9464,18.2129,120.0,10.9634,237.7194
2026-08-12 17:46:20,42.47005749,-82.88209333,5.3051,0.0972,354.9474,187.8774,-4.1486,0.0,-0.2561,-0.2115,78.207,1.4524,0.0009,3.1997,0.0,10.0,0.0014,48.092,0.0,63.6061,0.0,0.0,12.0839,66.9867,12.0452,67.4232,254.4111,-11.2702,0.0383,0.0116,48.5395,9.7106,6.4117,12.7954,0.0079,6.4117,0.006,48.5395,6.4117,141.1813,10.978,17.1746,120.0,19.2296,236.4178
2026-08-12 17:46:30,42.47005885555555,-82.88209484444445,5.3051,0.1594,355.2086,188.2331,0.0529,0.0,-0.6109,-0.217,78.2099,1.4524,0.0008,3.1998,0.0,10.0,0.0018,48.092,0.0,63.7699,0.0,0.0,17.0196,67.6702,16.965,68.1217,255.4069,-11.9504,0.0538,0.0173,50.0,11.648,7.4872,16.1305,0.0088,7.4872,0.0072,50.0,7.4872,149.8248,14.5278,20.9816,120.0,17.69,238.1706
2026-08-12 17:46:40,42.47005726530719,-82.88209880133459,5.3051,0.0894,355.2739,188.4515,3.4007,0.0,-0.1963,-0.2065,78.208,1.4526,0.0008,3.1999,0.0,10.0,0.0011,48.092,0.0,63.7828,0.0,0.0,13.3551,61.4315,13.3082,61.8024,249.4908,-16.2927,0.0469,0.012,50.0,10.5254,6.7656,13.3658,0.0078,6.7656,0.007,50.0,6.7656,144.7765,12.1738,18.4464,120.0,13.0788,238.451
2026-08-12 17:46:50,42.47005616,-82.88210547,5.3051,0.0952,355.2739,188.4009,-0.3552,0.0,-0.3005,-0.2144,78.2077,1.4529,0.0008,3.2,0.0,10.0,0.0008,48.092,0.0,63.5474,0.0,0.0,13.266,59.2152,13.2181,59.572,247.2352,-16.2927,0.0487,0.0109,50.0,10.4969,6.7473,12.5357,0.0075,6.7473,0.0072,50.0,6.7473,144.5177,12.1118,18.3843,120.0,8.8069,238.4274
2026-08-12 17:47:00,42.47005934,-82.88211489,5.3051,0.1263,355.2739,188.1055,0.0112,0.0,-0.2025,-0.2254,78.2189,1.4533,0.0006,3.2001,0.0,10.0,0.0016,48.092,0.0,63.6257,0.0,0.0,12.4901,61.0193,12.4267,61.5513,248.7154,-16.2927,0.0634,0.0164,49.5389,10.0375,6.5103,12.428,0.0109,6.5103,0.0098,49.5389,6.5103,141.611,11.3105,17.5576,120.0,12.4757,237.6977
2026-08-12 17:47:10,42.47006330000001,-82.88212428,5.3051,0.1102,355.2739,188.5132,4.2004,0.0,-0.076,-0.1816,78.2311,1.4536,0.0002,3.2002,0.0,10.0,0.0011,48.092,0.0,63.6939,0.0,0.0,11.9066,55.1264,11.8463,55.5475,242.9758,-16.2851,0.0598,0.0134,49.5211,9.9268,6.4431,11.3086,0.0096,6.4431,0.0093,49.5211,6.4431,140.6781,11.0832,17.3286,120.0,7.0215,237.9489
2026-08-12 17:47:20,42.470067799999995,-82.88213266,5.3051,0.105,355.2739,188.432,1.2773,0.0,-0.0793,-0.1959,78.2439,1.4539,-0.0001,3.2003,0.0,10.0,0.0011,48.092,0.0,63.9534,0.0,0.0,10.5095,56.9739,10.4516,57.465,244.5248,-16.2744,0.061,0.0128,45.1108,8.6519,6.0942,10.5021,0.0106,6.0942,0.01,45.1108,6.0942,140.0,9.9074,15.931,120.0,11.6295,233.5535
2026-08-12 17:47:30,42.4700672,-82.88213384000001,5.3051,0.14,355.2739,187.9673,6.6862,0.0,-0.22,-0.2115,78.2441,1.454,-0.0001,3.2004,0.0,10.0,0.0008,48.092,0.0,63.6388,0.0,0.0,11.706,58.3243,11.647,58.7944,246.1946,-16.2767,0.0609,0.0125,48.3461,9.5104,6.315,11.3377,0.0103,6.315,0.0096,48.3461,6.315,140.0,10.651,16.8369,120.0,10.1328,236.4146
2026-08-12 17:47:40,42.470065773208745,-82.88213035163909,5.3051,0.0933,355.2739,187.7091,2.9591,0.0,-0.1553,-0.2071,78.239,1.4539,0.0,3.2005,0.0,10.0,0.0006,48.092,0.0,63.6772,0.0,0.0,10.2744,58.5436,10.2301,58.9541,245.606,-16.28,0.044,0.0116,44.7564,8.5833,6.07,10.9248,0.008,6.07,0.0073,44.7564,6.07,140.0,9.826,15.8318,120.0,14.9555,232.4594
2026-08-12 17:47:50,42.47006361922489,-82.88213515246869,5.3051,0.0739,355.2739,187.834,-0.7792,0.0,-0.1247,-0.2042,78.2356,1.4541,0.0001,3.2006,0.0,10.0,0.001,48.092,0.0,63.9472,0.0,0.0,11.3441,56.1962,11.3034,56.5047,243.3884,-16.2744,0.0414,0.0088,47.0943,9.1567,6.2295,10.734,0.007,6.2295,0.0067,47.0943,6.2295,140.0,10.3633,16.4864,120.0,9.1318,234.8889
2026-08-12 17:48:00,42.470064099999995,-82.88213665999999,5.3051,0.068,355.2739,188.1755,-0.7521,0.0,-0.2598,-0.212,78.2374,1.4542,0.0001,3.2007,0.0,10.0,0.0025,48.092,0.0,64.0138,0.0,0.0,14.1926,60.3456,14.1584,60.6067,248.42,-16.2775,0.0334,0.0079,49.4903,10.5294,6.8304,13.0769,0.0053,6.8304,0.005,49.4903,6.8304,144.8833,12.3714,18.6633,120.0,10.7565,237.6693
2026-08-12 17:48:10,42.470064480000005,-82.8821303,5.3051,0.0734,355.2739,188.4295,3.8666,0.0,-0.8017,-0.2443,78.2357,1.4539,0.0001,3.2008,0.0,10.0,0.0009,48.092,0.0,63.5742,0.0,0.0,16.0742,67.4945,16.0464,67.7398,255.6328,-17.1138,0.0292,0.0095,50.0,11.3247,7.2794,15.4274,0.0049,7.2794,0.004,50.0,7.2794,147.7847,13.8399,20.2612,120.0,17.116,238.3915
2026-08-12 17:48:20,42.470061779999995,-82.88212719999999,5.3051,0.0933,355.2739,188.5791,4.597,0.0,-0.3167,-0.2195,78.2293,1.4538,0.0003,3.2009,0.0,10.0,0.0016,48.092,0.0,63.6829,0.0,0.0,15.0228,66.6078,14.9877,66.9193,255.0923,-17.9817,0.0334,0.0104,50.0,11.2236,7.2144,15.4052,0.0056,7.2144,0.0046,50.0,7.2144,149.4401,13.6637,19.9978,120.0,17.3247,238.5175
2026-08-12 17:48:30,42.470059599999985,-82.88212437777779,5.3051,0.0797,355.2739,189.0071,-1.5344,0.0,-0.3799,-0.2348,78.2228,1.4537,0.0005,3.201,0.0,10.0,0.0017,48.092,0.0,63.5616,0.0,0.0,13.6424,67.2312,13.6141,67.5181,255.8288,-17.9841,0.0279,0.009,50.0,10.5674,6.7926,14.0501,0.0051,6.7926,0.0041,50.0,6.7926,145.158,12.265,18.5379,120.0,17.2183,238.9397
2026-08-12 17:48:40,42.470058143342776,-82.88212022215804,5.3051,0.0661,355.2739,189.2928,1.3919,0.0,-0.5822,-0.2784,78.2177,1.4535,0.0006,3.2011,0.0,10.0,0.0009,48.092,0.0,63.6528,0.0,0.0,15.5639,73.9714,15.5444,74.2266,262.9117,-17.9818,0.0196,0.0084,50.0,11.1632,7.1756,16.0892,0.0043,7.1756,0.0027,50.0,7.1756,148.3326,13.5229,19.8753,120.0,23.5926,239.2624
2026-08-12 17:48:50,42.47005933,-82.88211641999999,5.3051,0.0778,355.2739,189.1386,3.8621,0.0,-0.4193,-0.2429,78.2192,1.4534,0.0005,3.2012,0.0,10.0,0.002,48.092,0.0,63.783,0.0,0.0,15.1226,70.4179,15.0983,70.6796,259.2949,-17.983,0.0244,0.0098,50.0,11.1569,7.1715,15.8944,0.0047,7.1715,0.0034,50.0,7.1715,149.7911,13.5348,19.8362,120.0,21.0347,239.1764
2026-08-12 17:49:00,42.4700584,-82.88211331999999,5.3051,0.0713,355.2739,188.8857,1.4821,0.0,-0.3113,-0.2199,78.2159,1.4532,0.0006,3.2013,0.0,10.0,0.0011,48.092,0.0,64.0733,0.0,0.0,14.8432,60.779,14.8104,61.0093,249.4404,-17.9853,0.0327,0.0093,50.0,11.0448,7.0995,14.3561,0.005,7.0995,0.0046,50.0,7.0995,149.3721,13.3013,19.5817,120.0,12.8929,238.9277
2026-08-12 17:49:10,42.47005804999999,-82.88211695,5.3051,0.0952,355.2739,188.6472,1.3029,0.0,-0.1522,-0.2093,78.2165,1.4534,0.0006,3.2014,0.0,10.0,0.0014,48.092,0.0,63.8769,0.0,0.0,12.0454,54.7566,11.9927,55.1193,243.0266,-17.983,0.0511,0.0114,49.2933,9.9743,6.4974,11.1787,0.0081,6.4974,0.0079,49.2933,6.4974,141.665,11.2669,17.5017,120.0,5.9407,237.97
2026-08-12 17:49:20,42.47005708,-82.88211620000001,5.3051,0.0758,355.2739,188.8351,3.7957,0.0,-0.2162,-0.239,78.2138,1.4534,0.0007,3.2015,0.0,10.0,0.0022,48.092,0.0,64.1988,0.0,0.0,10.96,61.9507,10.9247,62.2956,250.4239,-17.987,0.0363,0.0101,46.5473,9.0346,6.1922,11.3161,0.0066,6.1922,0.0059,46.5473,6.1922,140.0,10.2376,16.3333,120.0,14.2736,235.3798
2026-08-12 17:49:30,42.47005746,-82.88211684000001,5.3051,0.07,355.2739,188.6444,0.4431,0.0,-0.1708,-0.218,78.2153,1.4534,0.0006,3.2015,0.0,10.0,0.0008,48.092,0.0,64.3977,0.0,0.0,11.6798,75.7171,11.6631,76.0454,264.0422,-17.9811,0.0184,0.0081,47.5889,9.4659,6.3455,13.2462,0.0052,6.3455,0.0029,47.5889,6.3455,141.1619,10.7549,16.9038,120.0,26.6033,236.275
2026-08-12 17:49:40,42.47005405555555,-82.88210895555557,5.3051,0.0661,355.2739,188.7309,0.0481,0.0,-0.0961,-0.2311,78.204,1.4531,0.0009,3.2016,0.0,10.0,0.0016,48.092,0.0,64.1356,0.0,0.0,8.7099,89.0722,8.709,89.5371,277.3241,-17.9784,0.0023,0.0084,70.816,8.7885,6.6324,11.602,0.006,6.6324,0.0005,41.3007,5.6778,138.6394,8.7007,14.3064,120.0,17.1645,259.522
2026-08-12 17:49:50,42.47005019097608,-82.88210452476059,5.3051,0.0778,355.2739,188.9776,1.738,0.0,-0.0818,-0.2289,78.1924,1.4529,0.0012,3.2017,0.0,10.0,0.002,48.092,0.0,63.9601,0.0,0.0,8.4227,77.8735,8.4067,78.3777,266.3223,-17.9791,0.0144,0.0099,69.5587,8.3908,6.3716,10.6429,0.0072,6.3716,0.0028,40.0,5.532,138.1434,8.2811,13.7388,120.0,10.0692,258.5034
2026-08-12 17:50:00,42.47004678006572,-82.88210644798328,5.3051,0.1127,355.2739,188.8647,-1.1471,0.0,-0.1003,-0.208,78.1864,1.4531,0.0014,3.2018,0.0,10.0,0.0011,48.092,0.0,64.0299,0.0,0.0,8.6679,63.7629,8.6192,64.4131,251.9551,-17.9789,0.0458,0.0127,40.0,7.2899,5.5844,10.0932,0.0106,5.5844,0.0082,40.0,5.5844,138.5994,8.3921,13.9258,120.0,25.0829,228.8796
2026-08-12 17:50:10,42.47004715,-82.88211378999999,5.3051,0.121,355.2739,188.8638,1.993,0.0,-0.0292,-0.2134,78.1901,1.4534,0.0013,3.2019,0.0,10.0,0.0018,48.092,0.0,64.1656,0.0,0.0,9.3522,59.6269,9.285,60.3918,247.6821,-17.9749,0.0659,0.0156,42.0128,7.8793,5.8411,10.3351,0.0129,5.8411,0.0114,42.0128,5.8411,139.6374,9.1072,14.9149,120.0,17.6937,230.8672
2026-08-12 17:50:20,42.47005105,-82.88211429,5.3051,0.0719,355.2739,188.9636,1.8102,0.0,0.0424,-0.1886,78.1992,1.4534,0.0011,3.202,0.0,10.0,0.0015,48.092,0.0,64.0471,0.0,0.0,5.9869,61.3259,5.953,61.9447,249.6281,-17.9664,0.0362,0.0102,40.0,5.9711,4.5742,7.886,0.01,4.5742,0.0079,40.0,4.5742,131.421,6.391,10.5631,120.0,22.541,228.9572
2026-08-12 17:50:30,42.47005537,-82.88211220000001,5.3051,0.0661,355.2739,188.982,2.6444,0.0,0.0439,-0.2167,78.2084,1.4532,0.0008,3.2021,0.0,10.0,0.0019,48.092,0.0,63.9869,0.0,0.0,8.0909,56.0409,8.0512,56.4773,244.5278,-17.9669,0.0387,0.009,40.0057,6.9572,5.3291,8.8926,0.0083,5.3291,0.0072,40.0057,5.3291,136.3739,7.8518,13.0149,120.0,17.8011,228.9531
2026-08-12 17:50:40,42.47005767,-82.88211522,5.3051,0.0719,355.2739,189.1611,2.6432,0.0,0.0604,-0.1823,78.2141,1.4533,0.0007,3.2022,0.0,10.0,0.0008,48.092,0.0,63.9789,0.0,0.0,8.28,38.6036,8.2203,38.9364,227.3674,-17.9639,0.0549,0.0085,40.3279,6.882,5.389,6.9423,0.0104,5.2719,0.0104,40.3279,5.389,136.7039,8.0061,13.2404,120.0,-0.5066,229.4923
2026-08-12 17:50:50,42.47006408,-82.88212123999999,5.3051,0.0778,355.2739,189.033,2.0016,0.0,0.1187,-0.2028,78.2306,1.4535,0.0003,3.2023,0.0,10.0,0.0013,48.092,0.0,64.0516,0.0,0.0,8.7732,41.5432,8.7138,41.8855,230.2379,-17.96,0.0469,0.01,42.0561,6.8809,5.6568,7.6137,0.0092,5.2711,0.0089,42.0561,5.6568,138.0086,8.7208,14.2592,120.0,-2.0894,231.1457
2026-08-12 17:51:00,42.4700707,-82.88212785555555,5.3051,0.0933,355.2739,188.9291,6.1268,0.0,0.0569,-0.2073,78.2486,1.4537,-0.0002,3.2024,0.0,10.0,0.001,48.092,0.0,64.0559,0.0,0.0,8.4217,46.0069,8.361,46.4334,234.4572,-17.9639,0.0579,0.0107,40.202,7.0164,5.3789,7.8192,0.0109,5.3678,0.0108,40.202,5.3789,136.691,7.974,13.1999,120.0,6.9829,229.1254
2026-08-12 17:51:10,42.47007283247824,-82.88212942361638,5.3051,0.0836,355.2739,189.0178,0.1384,0.0,0.0283,-0.2024,78.2551,1.4537,-0.0004,3.2025,0.0,10.0,0.0017,48.092,0.0,64.0086,0.0,0.0,8.6276,45.7425,8.5687,46.1596,234.2732,-17.9578,0.0604,0.0107,40.7355,7.1358,5.5889,7.8308,0.0112,5.4664,0.0111,40.7355,5.5889,138.2014,8.4642,13.9685,120.0,4.7117,229.7347
2026-08-12 17:51:20,42.47007344,-82.88212631,5.3051,0.1037,355.2739,189.0617,3.474,0.0,0.303,-0.1616,78.2553,1.4536,-0.0004,3.2026,0.0,10.0,0.0009,48.092,0.0,64.0392,0.0,0.0,7.8535,51.2143,7.7914,51.7962,239.6056,-17.3915,0.0619,0.0113,40.0,6.9826,5.3286,8.2528,0.012,5.349,0.0116,40.0,5.3286,136.3736,7.8504,13.0132,120.0,11.2021,229.0153
2026-08-12 17:51:30,42.470075050000005,-82.88212016,5.2789,0.1458,355.2739,188.906,-0.8062,0.0,1.1485,0.1534,78.2569,1.4533,-0.0004,3.2027,0.0,10.0,0.0024,48.092,0.0,63.7059,0.0,0.0,9.5471,34.8898,9.4123,35.3496,223.2022,-14.0565,0.0652,0.0182,41.4305,7.3764,5.7793,9.3894,0.0123,5.6451,0.0115,41.4305,5.7793,139.4458,8.9268,14.6733,120.0,-0.9614,230.3802
2026-08-12 17:51:40,42.47007875,-82.88211589,5.2395,0.0952,355.2739,188.5698,-2.4049,0.0,0.9605,0.2863,78.264,1.4531,-0.0006,3.2028,0.0,10.0,0.0011,48.092,0.0,63.9298,0.0,0.0,9.6854,35.3953,9.611,35.7203,223.5596,-11.7858,0.0773,0.0119,42.0411,7.1483,5.7296,6.9395,0.0144,5.4759,0.0141,42.0411,5.7296,138.6508,8.8736,14.5183,120.0,-9.6608,230.5897
2026-08-12 17:51:50,42.470083089999996,-82.88211048000001,5.2133,0.1322,355.2739,188.7654,-3.6213,0.0,0.8382,0.1548,78.2721,1.4528,-0.0008,3.2029,0.0,10.0,0.0009,48.092,0.0,64.0421,0.0,0.0,11.6637,38.4071,11.5524,38.8464,226.7734,-11.6779,,0.0231,48.7026,,6.3489,,,,,48.7026,6.3489,140.1353,10.7652,16.9692,120.0,-9.7497,237.521
2026-08-12 17:52:00,42.47008468,-82.88210697999997,5.2176,0.1983,356.1649,188.6114,0.9782,0.0,0.9003,0.041,78.2745,1.4526,-0.0009,3.203,0.0,10.0,0.0015,48.092,0.0,64.0602,0.0,0.0,9.8648,37.0503,9.7352,37.626,224.9863,-11.6735,0.0928,0.0238,43.0675,7.4826,5.9506,6.8519,0.0169,5.732,0.0162,43.0675,5.9506,139.9641,9.4291,15.3442,120.0,-5.0465,231.6637
2026-08-12 17:52:10,42.47008402222222,-82.88210655555557,5.202,0.1205,355.6607,188.9282,-0.7211,0.0,0.8788,-0.0125,78.2732,1.4526,-0.0008,3.2031,0.0,10.0,0.0018,48.092,0.0,63.8528,0.0,0.0,9.4886,35.9957,9.3861,36.4616,224.3582,-11.6753,0.0673,0.0175,41.4498,7.2242,5.7191,6.3741,0.0131,5.534,0.0122,41.4498,5.7191,138.9101,8.8009,14.4591,120.0,-5.3886,230.3156
2026-08-12 17:52:20,42.47008193236558,-82.88210746548393,5.1739,0.1575,354.96,189.0837,0.6398,0.0,0.6592,-0.0813,78.2681,1.4527,-0.0007,3.2032,0.0,10.0,0.0015,48.092,0.0,63.5658,0.0,0.0,9.5724,44.9875,9.4673,45.6891,233.2409,-11.6713,0.1201,0.0202,42.8801,7.5475,5.8835,8.3854,0.0214,5.7168,0.021,42.8801,5.8835,139.492,9.2712,15.0981,120.0,1.3203,231.9581
2026-08-12 17:52:30,42.470076539999994,-82.88210654000001,5.1739,0.1166,354.2369,188.995,0.6226,0.0,0.719,-0.0696,78.2552,1.4527,-0.0004,3.2033,0.0,10.0,0.0008,48.092,0.0,64.0524,0.0,0.0,7.1227,54.5402,7.0559,55.323,242.6687,-11.6621,0.0681,0.0111,40.0,6.6155,5.0896,8.3614,0.0146,5.0678,0.0134,40.0,5.0896,134.3204,7.3464,12.1642,120.0,15.9863,228.9701
2026-08-12 17:52:40,42.470073940000006,-82.88210867000001,5.1739,0.105,354.2369,189.0737,-2.7426,0.0,0.5285,-0.0589,78.2501,1.4528,-0.0002,3.2034,0.0,10.0,0.0003,48.092,0.0,64.1234,0.0,0.0,8.302,32.4707,8.2215,32.8684,221.0433,-11.6702,0.0643,0.0106,40.8618,5.7925,5.1562,6.4921,0.0147,4.4374,0.0145,40.8618,5.1562,135.6532,7.6697,12.6232,120.0,-4.3,229.9344
2026-08-12 17:52:50,42.470073449999994,-82.88210833,5.1739,0.1108,354.2369,188.9777,4.4042,0.0,0.3276,-0.0635,78.2489,1.4528,-0.0002,3.2035,0.0,10.0,0.0012,48.092,0.0,64.0104,0.0,0.0,11.5693,22.4502,11.467,22.6617,211.1152,-11.6644,,0.0112,46.833,,6.2391,,,,,46.833,6.2391,140.387,10.3958,16.5061,120.0,-23.9919,235.7777
2026-08-12 17:53:00,42.47007314,-82.88210772,5.1739,0.1069,354.2369,189.2892,3.9832,0.0,0.3608,0.0992,78.248,1.4528,-0.0002,3.2035,0.0,10.0,0.0012,48.092,0.0,63.6554,0.0,0.0,9.5422,31.5762,9.4515,31.9123,220.4296,-11.6626,,0.0106,41.5842,,5.8535,,,,,41.5842,5.8535,140.0,9.097,14.9436,120.0,-10.3155,230.8497
2026-08-12 17:53:10,42.47007412000001,-82.88210755,5.1739,0.1089,354.2369,189.4211,4.0115,0.0,0.3516,0.1059,78.2501,1.4528,-0.0002,3.2036,0.0,10.0,0.0014,48.092,0.0,63.7433,0.0,0.0,7.0817,42.9779,7.0026,43.5884,231.7185,-11.6598,0.0788,0.011,40.0,6.6264,5.0253,6.8731,0.0156,5.0761,0.0155,40.0,5.0253,133.7338,7.208,11.9309,120.0,3.2679,229.4508
2026-08-12 17:53:20,42.470072022222226,-82.88210776666666,5.1739,0.0952,354.2369,188.7517,1.6989,0.0,0.3859,0.1391,78.2455,1.4528,-0.0001,3.2037,0.0,10.0,0.0016,48.092,0.0,63.5995,0.0,0.0,8.4018,39.7298,8.3321,40.1416,228.4626,-11.6621,0.0674,0.0097,40.1701,6.8545,5.3397,7.0671,0.0129,5.2508,0.0129,40.1701,5.3397,136.369,7.8884,13.0589,120.0,0.9126,229.0065
2026-08-12 17:53:30,42.470065190653756,-82.88210848489976,5.1739,0.1263,354.2369,189.2496,-0.2209,0.0,0.2359,0.2629,78.2287,1.4529,0.0003,3.2038,0.0,10.0,0.0022,48.092,0.0,63.551,0.0,0.0,8.4186,37.3742,8.3259,37.8912,226.1998,-11.6365,0.0966,0.0136,40.3282,7.0279,5.5493,6.7842,0.0183,5.3837,0.0181,40.3282,5.5493,138.0988,8.3457,13.8124,120.0,-2.7737,229.5029
2026-08-12 17:53:40,42.47005663,-82.88210747,5.2001,0.0907,354.2369,189.6905,2.638,0.0,0.0719,0.3228,78.2097,1.453,0.0008,3.2039,0.0,10.0,0.0011,48.092,0.0,63.6659,0.0,0.0,10.086,36.5583,10.0119,36.8738,225.8861,-11.6352,0.0994,0.0098,43.0372,7.4295,5.9526,7.2755,0.0176,5.6913,0.0175,43.0372,5.9526,140.0,9.4309,15.3504,120.0,-5.5472,232.6562
2026-08-12 17:53:50,42.47005212999999,-82.88210190999999,5.2001,0.105,354.2369,189.4352,-2.6417,0.0,0.085,0.275,78.1974,1.4528,0.0011,3.204,0.0,10.0,0.0012,48.092,0.0,63.8048,0.0,0.0,9.6678,31.5003,9.563,31.9,220.5561,-11.6384,,0.013,43.8566,,5.9718,,,,,43.8566,5.9718,139.6802,9.5414,15.4487,120.0,-11.3337,233.3837
2026-08-12 17:54:00,42.47005139999999,-82.88210468,5.2133,0.1069,354.2369,189.3074,-0.9977,0.0,0.2706,0.3187,78.1962,1.453,0.0011,3.2041,0.0,10.0,0.0011,48.092,0.0,63.9436,0.0,0.0,8.2199,37.7199,8.1324,38.2027,226.2886,-11.6369,0.0879,0.0111,40.0,7.2151,5.3443,7.0069,0.0162,5.5271,0.0159,40.0,5.3443,136.5103,7.8837,13.0692,120.0,-3.2442,229.3317
2026-08-12 17:54:10,42.47004968,-82.88210830999999,5.2067,0.0991,354.2369,189.1958,3.1497,0.0,0.2635,0.3061,78.1939,1.4531,0.0012,3.2042,0.0,10.0,0.0018,48.092,0.0,63.9198,0.0,0.0,8.8587,39.5115,8.78,39.9549,228.2857,-11.6422,0.0851,0.0116,41.4634,6.7917,5.5163,6.7622,0.0165,5.2028,0.0164,41.4634,5.5163,137.1373,8.3726,13.736,120.0,-1.492,230.6451
2026-08-12 17:54:20,42.47005113000001,-82.88211147000001,5.2001,0.0914,354.2369,189.4583,3.5921,0.0,0.1938,0.258,78.1984,1.4532,0.0011,3.2043,0.0,10.0,0.002,48.092,0.0,63.8763,0.0,0.0,9.6935,43.325,9.6257,43.7101,231.7581,-11.6403,0.0694,0.01,42.364,7.5959,5.8282,7.8842,0.0122,5.7059,0.0122,42.364,5.8282,139.3173,9.11,14.882,120.0,-0.1775,231.7452
2026-08-12 17:54:30,42.47005516895266,-82.88211213639184,5.1739,0.0929,354.2369,189.9834,0.7277,0.0,0.1578,0.2666,78.2082,1.4532,0.0008,3.2044,0.0,10.0,0.0013,48.092,0.0,63.7767,0.0,0.0,9.9178,58.0971,9.8679,58.5446,246.2913,-11.6403,0.044,0.0094,43.1433,8.1472,5.9599,10.3419,0.0084,5.9484,0.0074,43.1433,5.9599,140.0,9.4553,15.3801,120.0,14.8159,233.0892
2026-08-12 17:54:40,42.47005857387017,-82.8821116125921,5.187,0.0855,354.2369,189.7302,-4.2202,0.0,0.2201,0.3017,78.2157,1.4531,0.0006,3.2045,0.0,10.0,0.0021,48.092,0.0,63.7703,0.0,0.0,10.621,37.8529,10.551,38.158,227.1115,-11.6403,,0.0088,45.4012,,6.114,,,,,45.4012,6.114,140.0,9.9742,16.0123,120.0,-6.5919,235.1959
2026-08-12 17:54:50,42.47006144,-82.88210787999999,5.187,0.1147,354.2369,189.4433,-3.0183,0.0,0.3146,0.3054,78.221,1.4529,0.0005,3.2046,0.0,10.0,0.001,48.092,0.0,63.8205,0.0,0.0,9.8045,48.6207,9.7305,49.1535,236.7823,-11.6438,0.0766,0.0113,43.0369,7.9517,5.9157,9.2899,0.0137,5.8503,0.0131,43.0369,5.9157,139.6784,9.3526,15.2185,120.0,4.3408,232.5197
2026-08-12 17:55:00,42.47006126,-82.8821024,5.2395,0.1089,354.2369,189.1172,10.7168,0.0,0.2088,0.3798,78.2189,1.4527,0.0006,3.2047,0.0,10.0,0.0011,48.092,0.0,63.5919,0.0,0.0,10.8961,43.0488,10.8005,43.5203,231.7341,-9.2746,0.103,0.0129,45.5409,8.5747,6.1282,8.9771,0.0173,6.0218,0.0168,45.5409,6.1282,140.2148,10.0567,16.0625,120.0,-0.6018,234.7345
2026-08-12 17:55:10,42.4700577,-82.88209923000002,5.2395,0.1458,354.3452,189.1067,-0.196,0.0,0.3837,0.4813,78.2088,1.4526,0.0008,3.2048,0.0,10.0,0.0008,48.092,0.0,63.4575,0.0,0.0,10.4493,31.5016,10.3321,31.8977,219.5714,-8.8701,,0.0131,44.1582,,6.0291,,,,,44.1582,6.0291,140.0,9.6885,15.6643,120.0,-11.4379,233.2202
2026-08-12 17:55:20,42.47005582,-82.88210056999999,5.2614,0.0914,355.0104,189.2634,-0.5493,0.0,0.0905,0.3031,78.2051,1.4527,0.0009,3.2049,0.0,10.0,0.0014,48.092,0.0,63.4101,0.0,0.0,10.2116,32.2622,10.1368,32.5315,221.1222,-8.4948,,0.0121,44.1472,,6.0284,,,,,44.1472,6.0284,140.0,9.686,15.6612,120.0,-12.7139,233.4366
2026-08-12 17:55:30,42.47005853,-82.88210125,5.2395,0.0836,355.0104,189.4007,-3.8296,0.0,0.0866,0.2686,78.211,1.4527,0.0008,3.205,0.0,10.0,0.0007,48.092,0.0,63.536,0.0,0.0,9.4111,47.7465,9.3579,48.1084,236.3885,-8.4948,0.0516,0.0092,41.1377,7.7927,5.823,8.7614,0.009,5.8416,0.0088,41.1377,5.823,140.0,8.9944,14.8186,120.0,5.921,230.5269
2026-08-12 17:55:40,42.47006036666667,-82.88210545555555,5.2789,0.1296,355.0104,189.2579,-3.0004,0.0,0.15,0.2609,78.2176,1.4529,0.0006,3.2051,0.0,10.0,0.0007,48.092,0.0,63.5835,0.0,0.0,7.7346,50.757,7.666,51.3908,240.0232,-8.4948,0.0658,0.0115,40.0889,6.8732,5.2799,8.1126,0.0129,5.2638,0.0125,40.0889,5.2799,135.8968,7.7548,12.8426,120.0,10.6853,229.3798
2026-08-12 17:55:50,42.47006313709523,-82.88211148155807,5.2395,0.0797,355.0104,189.2098,3.2231,0.0,0.032,0.2442,78.2264,1.4531,0.0004,3.2052,0.0,10.0,0.0014,48.092,0.0,63.8997,0.0,0.0,9.014,60.7629,8.9764,61.195,249.4989,-8.4971,0.0395,0.0102,40.7105,7.4791,5.644,9.9738,0.0081,5.6598,0.007,40.7105,5.644,138.6964,8.579,14.1645,120.0,19.2413,229.901
2026-08-12 17:56:00,42.47006723,-82.88210834,5.2395,0.1283,355.0104,189.1585,1.5439,0.0,0.048,0.2321,78.2345,1.4529,0.0002,3.2053,0.0,10.0,0.0009,48.092,0.0,64.0615,0.0,0.0,9.1404,69.2395,9.1029,69.8764,257.8516,-8.4973,0.0369,0.0122,40.6637,7.6269,5.7816,10.8564,0.0101,5.7835,0.0064,40.6637,5.7816,139.9211,8.8662,14.6535,120.0,29.2683,229.8622
2026-08-12 17:56:10,42.47006768,-82.88210992,5.2395,0.0855,355.0104,189.1322,3.2173,0.0,0.0699,0.1611,78.2362,1.453,0.0001,3.2054,0.0,10.0,0.0015,48.092,0.0,63.9188,0.0,0.0,7.4335,55.4054,7.3839,55.97,244.3929,-8.4971,0.0482,0.0099,40.0,6.8115,5.1845,8.759,0.0105,5.2179,0.0093,40.0,5.1845,135.1192,7.5451,12.4989,120.0,17.3708,229.0106
2026-08-12 17:56:20,42.47007014,-82.88210989000001,5.2395,0.0739,355.0104,189.1385,4.8927,0.0,-0.0449,0.0565,78.2418,1.4529,-0.0,3.2055,0.0,10.0,0.0021,48.092,0.0,64.1239,0.0,0.0,8.021,69.2669,7.9941,69.7642,258.6695,-8.4902,0.0293,0.0092,40.0,6.966,5.3253,9.6544,0.0081,5.3363,0.0055,40.0,5.3253,136.3445,7.8433,13.0012,120.0,27.9003,229.2777
2026-08-12 17:56:30,42.47007042222222,-82.88211106666667,5.2395,0.0778,355.0104,188.6816,5.6428,0.0,0.1291,0.0132,78.243,1.453,-0.0001,3.2056,0.0,10.0,0.0012,48.092,0.0,64.0767,0.0,0.0,5.5123,46.7561,5.4628,47.3148,235.6418,-8.4973,0.0422,0.0087,40.0,5.6916,4.2068,6.9104,0.0112,4.36,0.0104,40.0,4.2068,132.0828,5.9445,9.8313,120.0,10.9016,228.7332
2026-08-12 17:56:40,42.47006784708499,-82.88210929665989,5.2395,0.0739,355.0104,188.6278,2.7576,0.0,0.0481,0.0708,78.2362,1.4529,0.0001,3.2057,0.0,10.0,0.0008,48.092,0.0,63.7962,0.0,0.0,5.5823,42.4319,5.5246,42.9778,230.571,-8.4856,0.0561,0.0083,40.0,5.418,4.0373,5.5473,0.014,4.1504,0.0137,40.0,4.0373,130.6223,5.5866,9.2285,120.0,0.7901,228.7142
2026-08-12 17:56:50,42.47006689,-82.88210987,5.2395,0.0836,355.0104,188.5387,-0.5772,0.0,0.3337,0.4213,78.2345,1.453,0.0002,3.2057,0.0,10.0,0.0014,48.092,0.0,63.6376,0.0,0.0,8.0511,64.2824,8.0141,64.9021,252.2705,-7.8734,0.036,0.0099,41.2902,6.7336,5.0661,8.9199,0.0098,5.0323,0.0073,41.2902,5.0661,134.0166,7.464,12.2277,120.0,23.7161,229.7515
2026-08-12 17:57:00,42.470064789999995,-82.88211188999999,5.2395,0.1205,355.0104,188.9485,5.3044,0.0,0.1234,0.5103,78.2305,1.4531,0.0003,3.2058,0.0,10.0,0.0009,48.092,0.0,63.925,0.0,0.0,10.0198,49.5371,9.9515,50.0109,238.2604,-7.7958,0.0647,0.0123,44.4013,8.3481,6.0167,9.734,0.0113,5.9694,0.0109,44.4013,6.0167,139.7469,9.6828,15.6286,120.0,6.9394,233.3578
2026-08-12 17:57:10,42.47006005,-82.88211118000001,5.2395,0.0778,355.0104,188.9488,2.8319,0.0,0.1501,0.552,78.2195,1.4531,0.0005,3.2059,0.0,10.0,0.0025,48.092,0.0,63.7675,0.0,0.0,7.962,45.5296,7.9083,45.9124,234.2724,-7.7958,0.0481,0.0089,40.0,6.9187,5.3153,7.7627,0.0093,5.3001,0.009,40.0,5.3153,136.2576,7.8222,12.9656,120.0,7.023,228.9484
2026-08-12 17:57:20,42.47005848,-82.88210616,5.2395,0.1205,355.0104,188.8351,1.1467,0.0,0.0996,0.5271,78.214,1.4529,0.0007,3.206,0.0,10.0,0.0011,48.092,0.0,63.7383,0.0,0.0,6.5965,47.76,6.5293,48.4209,235.4276,-7.7958,0.0682,0.0136,40.0,6.3232,4.8415,7.0725,0.0142,4.8439,0.014,40.0,4.8415,132.1344,6.8187,11.2751,120.0,7.3212,228.8541
2026-08-12 17:57:30,42.47005849,-82.88210523000001,5.2395,0.0739,355.0104,189.1195,0.8092,0.0,0.1025,0.5318,78.2123,1.4529,0.0007,3.2061,0.0,10.0,0.0008,48.092,0.0,63.8169,0.0,0.0,8.5452,48.3369,8.4937,48.7313,237.0763,-7.7958,0.0515,0.0092,40.0642,7.1415,5.4679,8.0786,0.0096,5.4656,0.0095,40.0642,5.4679,137.5471,8.1507,13.5123,120.0,7.9091,229.1022
2026-08-12 17:57:40,42.47006263333334,-82.88210744444444,5.2395,0.0972,355.0104,189.0922,-0.5069,0.0,0.0324,0.6225,78.2234,1.4529,0.0004,3.2062,0.0,10.0,0.0013,48.092,0.0,63.8839,0.0,0.0,6.6139,59.544,6.56,60.3813,247.3894,-7.7969,0.0529,0.0095,40.0186,6.2845,4.8069,8.056,0.0128,4.8126,0.011,40.0186,4.8069,133.4492,6.8868,11.3964,120.0,18.9002,229.1367
2026-08-12 17:57:50,42.47006542536708,-82.88211179855111,5.2395,0.0756,355.0104,189.6857,1.2913,0.0,-0.0261,0.722,78.232,1.4531,0.0002,3.2063,0.0,10.0,0.0014,48.092,0.0,63.9358,0.0,0.0,7.6312,67.8501,7.6039,68.368,256.346,-7.7912,0.0275,0.0089,40.0,6.7593,5.1778,9.3105,0.008,5.1779,0.0053,40.0,5.1778,135.061,7.531,12.475,120.0,28.0896,229.6626
2026-08-12 17:58:00,42.47006591,-82.88211417999999,5.2395,0.0816,355.0104,189.21,2.382,0.0,-0.059,0.7334,78.2336,1.4532,0.0002,3.2064,0.0,10.0,0.0013,48.092,0.0,63.972,0.0,0.0,7.7359,54.8992,7.6852,55.4326,243.3401,-7.7958,0.0499,0.0101,40.042,6.7357,5.1674,8.4928,0.0104,5.1569,0.0096,40.042,5.1674,134.9451,7.5124,12.4392,120.0,16.0407,229.3129
2026-08-12 17:58:10,42.47006602999999,-82.88211553000001,5.2395,0.0739,355.0104,189.2096,5.937,0.0,-0.1508,0.7093,78.2342,1.4532,0.0002,3.2065,0.0,10.0,0.0023,48.092,0.0,64.0386,0.0,0.0,10.646,51.665,10.6,51.9782,240.3006,-7.7958,0.0477,0.0087,44.4745,8.483,6.0507,9.5141,0.0081,6.0476,0.0079,44.4745,6.0507,140.0,9.7612,15.7529,120.0,6.9375,233.6851
2026-08-12 17:58:20,42.47006313,-82.88211765,5.2395,0.1283,355.3043,189.3227,-0.4985,0.0,-0.0551,0.6514,78.2284,1.4534,0.0003,3.2066,0.0,10.0,0.0016,48.092,0.0,64.026,0.0,0.0,8.2777,52.6061,8.2,53.347,240.9604,-7.7958,0.0727,0.0162,42.1606,7.5248,5.5132,9.0821,0.0142,5.5276,0.0136,42.1606,5.5132,136.6964,8.4255,13.7505,120.0,11.7896,231.5109
2026-08-12 17:58:30,42.47006200443522,-82.8821151655336,5.2286,0.1037,356.3454,189.3458,2.8319,0.0,0.1563,0.4963,78.2248,1.4533,0.0004,3.2067,0.0,10.0,0.0019,48.092,0.0,64.015,0.0,0.0,5.847,43.1176,5.7674,43.8657,231.7358,-7.7969,0.0787,0.0149,40.0,5.7523,4.3612,6.2384,0.0181,4.4065,0.018,40.0,4.3612,130.9942,6.0625,10.0172,120.0,4.6742,229.3374
2026-08-12 17:58:40,42.47005981,-82.88210683,5.1739,0.1536,356.3454,189.1474,1.5638,0.0,0.267,0.7198,78.217,1.4529,0.0006,3.2068,0.0,10.0,0.0008,48.092,0.0,63.7845,0.0,0.0,7.0817,56.9287,7.0047,57.9104,246.2487,-7.7983,0.0736,0.0208,40.0,6.4276,4.876,8.1101,0.0171,4.9238,0.0149,40.0,4.876,132.7098,6.9154,11.4394,120.0,16.3582,229.2258
2026-08-12 17:58:50,42.470061980000004,-82.88210272,5.1739,0.1322,356.3454,189.3837,-0.5103,0.0,0.1223,0.5399,78.2199,1.4527,0.0005,3.2069,0.0,10.0,0.0011,48.092,0.0,63.7779,0.0,0.0,8.5415,41.2957,8.4467,41.8716,230.4792,-7.8004,0.0942,0.0165,40.4822,7.1201,5.4008,7.3375,0.0176,5.4096,0.0174,40.4822,5.4008,136.7152,8.0443,13.2882,120.0,2.7788,229.801
2026-08-12 17:59:00,42.47006461,-82.88210998000001,5.1739,0.1186,356.3454,189.7388,3.2498,0.0,-0.1885,0.3916,78.2281,1.453,0.0003,3.207,0.0,10.0,0.0017,48.092,0.0,63.731,0.0,0.0,9.6812,46.6047,9.5781,47.2653,235.692,-7.8004,0.1,0.0183,41.9553,7.9059,5.8788,8.5449,0.0172,5.879,0.017,41.9553,5.8788,140.0,9.1822,15.0475,120.0,5.1433,231.6649
2026-08-12 17:59:10,42.47006696999999,-82.88211643000001,5.1739,0.1672,356.3454,189.546,0.306,0.0,-0.0664,0.5213,78.2365,1.4532,0.0001,3.2071,0.0,10.0,0.0015,48.092,0.0,63.5832,0.0,0.0,8.8737,45.9587,8.7615,46.721,234.6042,-7.7996,0.1073,0.0244,40.3711,7.4614,5.6703,8.2368,0.0191,5.6797,0.0189,40.3711,5.6703,139.1262,8.6055,14.2456,120.0,6.4955,229.9619
2026-08-12 17:59:20,42.4700681,-82.88211564999999,5.187,0.1361,356.3893,189.8198,3.6883,0.0,0.221,0.8366,78.2394,1.4532,0.0,3.2072,0.0,10.0,0.0014,48.092,0.0,63.7014,0.0,0.0,6.1656,44.4143,6.0652,45.3572,233.0832,-7.8004,0.1042,0.0226,40.0,6.1498,4.6914,6.7443,0.0221,4.711,0.0219,40.0,4.6914,130.8463,6.5023,10.7421,120.0,5.7217,229.7368
2026-08-12 17:59:30,42.47006677,-82.88211403999999,5.1739,0.1322,356.3912,190.5027,-8.071,0.0,-0.1204,0.8413,78.235,1.4532,0.0001,3.2073,0.0,10.0,0.0019,48.092,0.0,63.9227,0.0,0.0,6.3783,34.6203,6.2615,35.3743,224.2739,-7.8047,0.1415,0.019,40.0,6.0445,4.6627,5.8985,0.0311,4.6304,0.0306,40.0,4.6627,130.5782,6.44,10.6371,120.0,-3.905,230.5418
2026-08-12 17:59:40,42.470066866108205,-82.88211444489862,5.187,0.1633,356.4221,190.0643,-4.6868,0.0,-0.0415,0.7746,78.236,1.4532,0.0001,3.2074,0.0,10.0,0.0011,48.092,0.0,64.0183,0.0,0.0,6.9257,30.4009,6.7751,31.1849,219.6484,-7.7981,,0.0214,40.0,,4.8972,,,,,40.0,4.8972,132.9266,6.963,11.5199,120.0,-8.0166,230.1389
2026-08-12 17:59:50,42.470070443084325,-82.88211153240363,5.2001,0.0778,356.4943,189.4085,-7.2399,0.0,0.5232,0.9227,78.2432,1.453,-0.0001,3.2075,0.0,10.0,0.0023,48.092,0.0,63.9451,0.0,0.0,5.93,25.3622,5.8585,25.6857,214.3112,-7.769,,0.0108,40.0,,4.4363,,,,,40.0,4.4363,130.7697,6.1461,10.1534,120.0,-15.4329,229.3783
2026-08-12 18:00:00,42.47006555,-82.88211533,5.2133,0.0894,356.4943,189.6038,2.3323,0.0,0.4904,1.0106,78.2323,1.4532,0.0002,3.2076,0.0,10.0,0.0016,48.092,0.0,64.0646,0.0,0.0,6.6921,30.3582,6.6126,30.7672,219.4346,-7.7591,0.0973,0.0143,40.0,6.6333,4.7438,5.8435,0.0206,5.0814,0.0191,40.0,4.7438,131.4447,6.6256,10.9505,120.0,-10.0211,229.5545
2026-08-12 18:00:10,42.47006179,-82.88211773,5.2264,0.0855,356.4943,189.5024,6.4981,0.0,0.4323,0.9435,78.2253,1.4534,0.0004,3.2077,0.0,10.0,0.0005,48.092,0.0,64.0931,0.0,0.0,7.0408,46.1312,6.9812,46.6525,235.0438,-7.755,0.0612,0.0117,40.0,6.5124,4.9948,7.105,0.0124,4.9888,0.0123,40.0,4.9948,133.4943,7.1455,11.8258,120.0,5.4468,229.5295
2026-08-12 18:00:20,42.470063409999995,-82.88212078,5.2001,0.0991,356.4943,189.5165,3.573,0.0,0.4037,0.9288,78.2303,1.4535,0.0003,3.2077,0.0,10.0,0.001,48.092,0.0,64.1575,0.0,0.0,7.6729,45.6184,7.6076,46.1283,234.5008,-7.1134,0.0648,0.0129,40.0,6.8285,5.199,7.5212,0.0125,5.2309,0.0124,40.0,5.199,135.2451,7.5758,12.5505,120.0,6.2888,229.4248
2026-08-12 18:00:30,42.47006322,-82.8821211,5.1848,0.095,356.4943,189.5931,2.3327,0.0,0.2487,0.9302,78.2298,1.4535,0.0003,3.2078,0.0,10.0,0.0004,48.092,0.0,63.9271,0.0,0.0,6.4753,44.8607,6.4048,45.4926,233.716,-6.2545,0.0714,0.015,40.0,6.2393,4.7688,6.7765,0.015,4.7796,0.0149,40.0,4.7688,131.5015,6.6647,11.0156,120.0,4.9348,229.5737
2026-08-12 18:00:40,42.47006305000001,-82.88212164,5.1739,0.0933,356.4943,189.5032,-1.8453,0.0,0.0644,0.8917,78.2296,1.4535,0.0003,3.2079,0.0,10.0,0.0008,48.092,0.0,63.7506,0.0,0.0,5.7359,69.1751,5.7046,70.0463,257.8243,-6.2494,0.0342,0.0134,40.0,5.6799,4.3605,7.4888,0.0126,4.351,0.0078,40.0,4.3605,130.547,6.0231,9.9485,120.0,27.4759,229.5921
2026-08-12 18:00:50,42.47006323333333,-82.8821162,5.1958,0.1886,356.4943,189.5831,-2.652,0.0,0.0926,1.0771,78.2281,1.4533,0.0003,3.208,0.0,10.0,0.001,48.092,0.0,63.7616,0.0,0.0,6.2346,77.5427,6.2067,78.8651,265.7708,-6.2408,0.0268,0.0205,40.0,6.0732,4.6421,8.1621,0.0175,4.6524,0.0058,40.0,4.6421,130.5446,6.4089,10.5855,120.0,38.4888,229.5396
2026-08-12 18:01:00,42.47006381276255,-82.88210893895575,5.2264,0.0836,356.4943,189.9381,1.2384,0.0,0.2121,1.1252,78.2264,1.453,0.0004,3.2081,0.0,10.0,0.001,48.092,0.0,63.6531,0.0,0.0,4.7325,73.0044,4.7037,74.309,261.6087,-6.2316,0.0264,0.0123,40.0,4.7417,3.719,6.3276,0.0168,3.6324,0.0075,40.0,3.719,130.0593,5.1021,8.4239,120.0,34.5554,229.9084
2026-08-12 18:01:10,42.47006028,-82.88210331,5.1739,0.0972,356.4943,189.682,11.1127,0.0,-0.0984,1.0202,78.2155,1.4528,0.0006,3.2082,0.0,10.0,0.0018,48.092,0.0,63.6675,0.0,0.0,7.6623,54.0765,7.5957,54.7306,243.073,-6.2362,0.0626,0.0168,40.0,6.6322,5.1133,8.1093,0.0135,5.0801,0.0119,40.0,5.1133,134.4998,7.3944,12.2449,120.0,15.7972,229.728
2026-08-12 18:01:20,42.470053209999996,-82.88210543,5.1739,0.138,356.4943,189.6171,3.1902,0.0,0.001,0.7205,78.2001,1.453,0.001,3.2083,0.0,10.0,0.0013,48.092,0.0,63.6323,0.0,0.0,9.8638,56.2864,9.7938,56.9116,245.2658,-6.3175,0.0732,0.015,42.2172,7.9956,5.8967,9.9468,0.0132,5.899,0.0124,42.2172,5.8967,140.0,9.2424,15.1208,120.0,13.4837,231.8865
2026-08-12 18:01:30,42.47004615000001,-82.88210670000001,5.1739,0.1361,356.4943,189.7731,3.5833,0.0,0.1775,0.5571,78.1853,1.4531,0.0014,3.2084,0.0,10.0,0.001,48.092,0.0,63.665,0.0,0.0,9.148,58.4008,9.076,59.1485,247.3252,-6.3818,0.0723,0.02,40.6537,7.6195,5.79,10.1724,0.014,5.7852,0.0125,40.6537,5.79,140.0,8.8831,14.683,120.0,18.7744,230.3937
2026-08-12 18:01:40,42.47004455,-82.88210517,5.1608,0.1253,356.4943,188.5145,1.4565,0.0,0.2652,0.9635,78.1804,1.4531,0.0015,3.2085,0.0,10.0,0.0009,48.092,0.0,63.4467,0.0,0.0,8.8937,55.3315,8.8247,55.9827,243.3077,-6.3851,0.0695,0.0178,40.2021,7.4578,5.6818,9.544,0.0131,5.6943,0.0122,40.2021,5.6818,139.3268,8.6155,14.2806,120.0,15.8546,228.854
2026-08-12 18:01:50,42.47005172,-82.88210081,5.1608,0.0836,356.4943,188.8894,0.2166,0.0,0.2999,1.1796,78.194,1.4528,0.0012,3.2086,0.0,10.0,0.0005,48.092,0.0,63.6751,0.0,0.0,7.4653,46.7344,7.4114,47.1842,235.1342,-6.3869,0.055,0.0125,40.0,6.791,5.1903,7.7155,0.0108,5.2022,0.0107,40.0,5.1903,135.1698,7.5574,12.5196,120.0,7.8596,228.8798
2026-08-12 18:02:00,42.47005600000001,-82.88209910999998,5.1739,0.1263,356.4943,188.5628,5.9809,0.0,0.1193,1.1045,78.2046,1.4526,0.0009,3.2087,0.0,10.0,0.0009,48.092,0.0,63.8466,0.0,0.0,5.6681,55.7981,5.5978,56.8301,243.2409,-6.3897,0.0664,0.0143,40.0,5.6319,4.3447,6.9055,0.0166,4.3143,0.0151,40.0,4.3447,130.7827,6.0218,9.9483,120.0,14.6188,228.6022
2026-08-12 18:02:10,42.4700561214808,-82.88210190340256,5.1739,0.1244,356.4943,188.7375,-2.7685,0.0,-0.1469,0.6739,78.2066,1.4527,0.0009,3.2088,0.0,10.0,0.0013,48.092,0.0,63.9053,0.0,0.0,5.653,50.6317,5.5692,51.7143,238.2351,-6.3895,0.083,0.0196,40.0,5.5227,4.241,6.611,0.021,4.2306,0.0197,40.0,4.241,130.0,5.8124,9.5961,120.0,12.8737,228.7652
2026-08-12 18:02:20,42.47005268020228,-82.88210352285529,5.1608,0.1361,356.9573,188.1526,12.2517,0.0,-0.1891,0.4945,78.1993,1.4529,0.0011,3.2089,0.0,10.0,0.001,48.092,0.0,63.8061,0.0,0.0,5.1847,44.0562,5.0808,45.1716,230.9563,-6.3783,0.1028,0.0242,40.0,5.2811,3.962,5.6423,0.0252,4.0455,0.0252,40.0,3.962,130.0,5.43,8.9648,120.0,4.7003,228.1213
2026-08-12 18:02:30,42.47005117,-82.88210665,5.1345,0.1866,357.073,191.9609,25.1983,0.0,-0.0871,0.4272,78.1967,1.453,0.0011,3.209,0.0,10.0,0.0013,48.092,0.0,63.4479,0.0,0.0,3.4537,67.7731,3.4185,69.6971,257.4899,-6.3829,0.037,0.013,40.0,3.5309,2.6818,4.4873,0.0235,2.7048,0.0133,40.0,2.6818,130.0,3.6754,6.068,120.0,26.9613,231.5973
2026-08-12 18:02:40,42.47004971,-82.88210792,5.1476,0.1127,357.073,192.3498,-5.7692,0.0,-0.1367,0.415,78.1939,1.4531,0.0012,3.2091,0.0,10.0,0.0005,48.092,0.0,63.4636,0.0,0.0,5.0574,81.9664,5.0425,83.4564,272.8725,-6.3869,0.0136,0.0174,40.0,4.8439,3.6509,6.4852,0.0199,3.7107,0.0039,40.0,3.6509,130.1696,5.0182,8.2864,120.0,43.1639,232.4529
2026-08-12 18:02:50,42.47005059,-82.88210919999999,5.0645,0.1253,357.073,191.41,20.859,0.0,-0.2172,0.289,78.1962,1.4531,0.0011,3.2092,0.0,10.0,0.0002,48.092,0.0,63.2327,0.0,0.0,6.1908,79.2721,6.1661,80.4532,270.1286,-6.3829,0.012,0.0204,40.0,6.1249,4.6527,8.333,0.0153,4.692,0.0026,40.0,4.6527,130.9927,6.462,10.6767,120.0,43.3016,231.4931
2026-08-12 18:03:00,42.47005134999999,-82.88211174,5.187,0.1186,356.8616,193.0774,-2.2204,0.0,-0.0461,0.4044,78.1988,1.4532,0.0011,3.2093,0.0,10.0,0.0008,48.092,0.0,63.0648,0.0,0.0,4.6972,52.4792,4.6217,53.6814,244.2134,-6.3851,0.0745,0.0187,40.0,4.7314,3.5869,5.762,0.0221,3.6245,0.0204,40.0,3.5869,130.0,4.9159,8.1161,120.0,13.386,233.0129
2026-08-12 18:03:10,42.4700586,-82.88210992222223,5.5151,0.6045,119.6674,192.8229,-38.4428,0.0,0.5209,0.0937,78.2177,1.453,0.0006,3.2094,0.0,10.0,0.0007,48.092,0.0,63.1979,0.0,0.0,8.3681,61.7487,8.1283,65.0553,252.323,-6.3557,0.2232,0.236,40.2886,6.8479,5.1461,9.3459,0.0549,5.2102,0.0411,40.2886,5.1461,135.5952,7.5727,12.5196,120.0,23.6779,233.7744
2026-08-12 18:03:20,42.47011008585305,-82.88208919430186,6.5518,1.1274,48.1749,177.6723,-154.2057,0.0,0.2213,0.2561,78.3325,1.4515,-0.0023,3.2095,0.0,10.0,0.0004,48.092,0.0,66.1059,0.0,0.0,8.5438,95.4709,8.7445,102.5377,268.1969,-6.266,-0.1672,0.4575,79.9613,9.5949,6.3677,11.5678,0.0965,6.5962,0.0569,43.0212,5.5657,136.6425,8.6101,13.9694,120.0,15.9106,260.9131
2026-08-12 18:03:30,42.47017572249847,-82.88209800038601,7.1686,1.211,335.9842,145.4041,-209.3962,0.0,-0.2524,0.4674,78.4886,1.4512,-0.0063,3.2096,0.0,10.0,0.0007,48.092,0.0,69.7636,0.0,0.0,8.6929,126.7928,9.3703,132.0558,268.4502,-6.2723,-0.7308,-0.1919,139.3553,11.7072,8.8741,13.1448,0.0841,8.8961,0.0829,41.297,5.7598,139.3553,8.8741,14.5988,120.0,-7.4239,289.1583
2026-08-12 18:03:40,42.4702066,-82.88212143000001,7.3775,0.3801,320.1542,116.9245,-76.5961,0.0,0.1652,1.0596,78.5635,1.4518,-0.0082,3.2097,0.0,10.0,0.0007,48.092,0.0,71.729,0.0,0.0,10.6634,156.783,11.0684,157.89,271.7009,-6.2763,-0.4197,-0.1517,140.144,13.0936,10.1081,10.4486,0.0469,10.0554,0.0428,45.8339,6.1537,140.144,10.1081,16.1681,120.0,13.4823,259.0938
2026-08-12 18:03:50,42.47019591,-82.88208754000001,7.4377,1.2207,92.8759,105.3719,-18.3488,0.0,0.0524,1.4102,78.5279,1.4505,-0.0073,3.2097,0.0,10.0,0.0002,48.092,0.0,71.7709,0.0,0.0,8.6451,168.1259,9.7544,169.4328,274.0347,-5.9585,-1.0891,1.0525,139.8261,12.2062,9.3494,6.6562,0.1691,9.3304,0.1167,42.8669,5.921,139.8261,9.3494,15.2314,120.0,28.9833,245.8972
2026-08-12 18:04:00,42.470173669999994,-82.88199272,7.4759,1.9477,109.443,101.9816,-2.9337,0.0,0.0809,1.3267,78.4445,1.4467,-0.0051,3.2098,0.0,10.0,0.0006,48.092,0.0,71.8727,0.0,0.0,7.2422,171.5534,9.2281,173.603,277.5422,-5.9027,-1.9635,1.6263,138.6408,12.1933,9.2334,5.8407,0.3537,9.1488,0.2212,43.6173,5.836,138.6408,9.2334,14.9556,120.0,35.3095,240.8508
2026-08-12 18:04:10,42.47014095555556,-82.8818617888889,7.5558,2.457,108.3062,99.5921,-16.2953,0.0,0.09,1.1648,78.3238,1.4416,-0.0021,3.2099,0.0,10.0,0.0002,48.092,0.0,71.512,0.0,0.0,5.411,151.6907,7.6341,160.353,262.4386,-5.9088,-2.3052,2.1178,135.3155,10.6731,7.5929,5.928,0.4213,7.5848,0.3041,40.0,5.2071,135.3155,7.5929,12.5794,120.0,26.4679,235.1914
2026-08-12 18:04:20,42.47010872684359,-82.88171388588724,7.5033,2.735,104.9939,97.3216,2.7098,0.0,-0.0441,0.8496,78.1879,1.4352,0.0013,3.21,0.0,10.0,0.0002,48.092,0.0,71.4831,0.0,0.0,6.4304,137.9902,8.5738,149.9215,248.9893,-5.905,-2.2931,2.379,137.7129,11.1608,8.2641,8.4579,0.3173,8.2558,0.2793,40.3821,5.5086,137.7129,8.2641,13.6693,120.0,12.7682,234.961
2026-08-12 18:04:30,42.47007456000001,-82.88154702,7.558,2.527,105.7835,98.8904,10.0352,0.0,-0.0363,0.785,78.0438,1.4282,0.0049,3.2101,0.0,10.0,0.0003,48.092,0.0,71.4693,0.0,0.0,6.4894,138.7429,8.631,150.2958,250.5032,-5.905,-2.2613,2.2143,139.3257,11.3458,8.6275,9.1488,0.2902,8.5915,0.2635,40.2556,5.6853,139.3257,8.6275,14.2951,120.0,9.6541,237.932
2026-08-12 18:04:40,42.470039629999995,-82.88138106,7.6564,2.5309,105.3377,97.8683,-5.1321,0.0,0.0188,0.75,77.903,1.4216,0.0084,3.2102,0.0,10.0,0.0004,48.092,0.0,71.5775,0.0,0.0,4.5916,128.549,7.142,132.5417,272.7268,-5.9063,-2.5449,2.3381,133.8343,10.433,7.2324,4.6648,0.5711,7.228,0.3542,40.0,5.0369,133.8343,7.2324,11.9721,120.0,36.4582,232.0368
2026-08-12 18:04:50,42.47001085000001,-82.88123846,7.4442,2.6307,106.4365,100.0245,11.0063,0.0,-0.1817,0.9329,77.7815,1.4158,0.0114,3.2103,0.0,10.0,0.0002,48.092,0.0,71.9991,0.0,0.0,6.2212,159.2615,8.7487,165.5106,267.1661,-11.4931,-2.5332,2.3437,138.1282,11.2818,8.4355,6.3088,0.4222,8.4056,0.3031,40.688,5.5772,138.1282,8.4355,13.9252,120.0,27.2599,237.7096
2026-08-12 18:05:00,42.46997212,-82.88107923,7.3655,2.735,107.3769,101.1679,-1.4943,0.0,-0.0796,0.8559,77.6382,1.4098,0.0148,3.2104,0.0,10.0,0.0002,48.092,0.0,71.5459,0.0,0.0,8.1547,173.2305,10.8772,174.9354,277.8595,-17.2184,-2.7344,2.3754,140.0,13.1536,10.1255,6.5548,0.4195,10.0762,0.2715,46.0597,6.1589,140.0,10.1255,16.1967,120.0,34.4878,241.1905
2026-08-12 18:05:10,42.46993038,-82.88090779000001,7.4442,2.7233,106.4842,99.6842,14.2903,0.0,-0.0919,0.6595,77.4695,1.4029,0.0189,3.2105,0.0,10.0,0.0006,48.092,0.0,71.3909,0.0,0.0,7.164,163.7885,9.7753,168.1955,269.659,-17.1717,-2.6242,2.4161,140.0,12.2823,9.4411,6.697,0.4032,9.4088,0.279,43.0817,5.9557,140.0,9.4411,15.3629,120.0,29.7222,239.5844
2026-08-12 18:05:20,42.46989531111112,-82.88075436666668,7.4486,2.5892,108.218,102.3662,-8.7641,0.0,-0.072,0.6239,77.3194,1.3965,0.0225,3.2106,0.0,10.0,0.0002,48.092,0.0,71.7753,0.0,0.0,6.955,161.0375,9.4052,166.0848,271.0009,-16.9556,-2.4852,2.2137,139.955,11.891,9.0825,7.1566,0.3655,9.1084,0.2729,41.569,5.8473,139.955,9.0825,14.9209,120.0,25.0302,242.3741
2026-08-12 18:05:30,42.46986251225777,-82.88060908217604,7.3524,2.6592,105.54,100.6793,1.4725,0.0,-0.329,0.654,77.1725,1.3902,0.0259,3.2107,0.0,10.0,0.0002,48.092,0.0,72.0276,0.0,0.0,7.5331,136.6263,10.1471,138.513,276.2285,-10.6663,-2.5973,2.3153,139.9719,12.4513,9.5617,5.9957,0.4419,9.5309,0.2735,43.6361,5.9903,139.9719,9.5617,15.5066,120.0,34.8884,240.5876
2026-08-12 18:05:40,42.469821223714646,-82.88044616498907,7.3786,2.8905,111.3349,109.4753,92.6805,0.0,-0.3163,0.6647,77.0073,1.3839,0.0298,3.2108,0.0,10.0,0.0005,48.092,0.0,72.19,0.0,0.0,7.4363,146.778,9.9057,155.798,264.8924,-11.4318,-2.5896,2.2888,139.9324,12.4535,9.6016,8.7512,0.3384,9.5231,0.2733,43.8517,6.0005,139.9324,9.6016,15.5507,120.0,17.871,246.8967
2026-08-12 18:05:50,42.469752510000006,-82.88030331999998,7.687,2.389,138.8918,140.797,222.5602,0.0,-0.5029,0.6141,76.7873,1.3789,0.035,3.2109,0.0,10.0,0.0003,48.092,0.0,70.5035,0.0,0.0,6.376,135.9284,8.2565,147.8071,286.8454,-11.1909,-2.088,1.2235,137.4587,11.1289,8.2584,8.5529,0.288,8.168,0.2549,40.6265,5.4961,137.4587,8.2584,13.6335,120.0,13.1273,276.1091
2026-08-12 18:06:00,42.46965619,-82.88023031,7.8904,2.6825,162.4444,168.4723,23.2956,0.0,-0.4158,0.9959,76.5188,1.3771,0.0414,3.211,0.0,10.0,0.0017,48.092,0.0,68.3174,0.0,0.0,5.6228,80.3161,5.7859,106.8348,272.7885,-11.0364,-0.7945,0.1969,130.0127,9.4513,6.0998,9.0711,0.2842,6.0752,0.1306,40.0,4.4499,130.0127,6.0998,10.0707,120.0,-21.0652,293.6731
2026-08-12 18:06:10,42.469508809999994,-82.88016517000001,9.1962,3.67,164.1587,165.3376,-12.8662,0.0,-0.368,0.8461,76.1472,1.3764,0.0503,3.2111,0.0,10.0,0.0007,48.092,0.0,68.3805,0.0,0.0,6.3872,73.3452,6.4005,107.1056,272.6676,-11.0069,-1.0974,0.1275,131.174,9.7472,6.4623,9.5881,0.3762,6.3835,0.173,40.0,4.6416,131.174,6.4623,10.6788,120.0,-23.6329,296.9996
2026-08-12 18:06:20,42.46932884,-82.88009368000002,9.5833,4.1151,162.1339,163.6482,-8.0054,0.0,-0.4117,0.695,75.6816,1.376,0.0615,3.2112,0.0,10.0,0.0014,48.092,0.0,68.4362,0.0,0.0,6.7955,64.7833,6.2949,102.2607,265.929,-10.986,-0.8886,0.2581,132.2915,9.9108,6.697,9.4716,0.4506,6.6915,0.1339,40.0,4.7429,132.2915,6.697,11.0754,120.0,-30.2168,296.2278
2026-08-12 18:06:30,42.46913766,-82.88001181000001,9.5538,4.3173,159.2605,161.1442,-14.6238,0.0,-0.3522,0.6045,75.1952,1.3754,0.0731,3.2113,0.0,10.0,0.0006,48.092,0.0,68.4105,0.0,0.0,7.5842,60.1731,6.618,94.7101,255.1981,-10.9837,-0.3962,0.4088,94.6765,8.8179,5.7699,9.0219,0.4744,6.0742,0.0782,40.0,4.7036,131.9319,6.6124,10.9327,120.0,1.4127,256.3385
2026-08-12 18:06:40,42.46895887777778,-82.87992065555555,9.3624,4.1287,158.33,160.5665,30.2934,0.0,-0.4538,0.4007,74.7012,1.3743,0.0849,3.2114,0.0,10.0,0.0005,48.092,0.0,68.5962,0.0,0.0,8.4994,59.6008,7.3357,89.95,249.9463,-10.9865,0.002,0.5079,87.1238,8.8699,6.2584,9.8487,0.4357,6.3976,0.026,40.0,5.1341,134.6807,7.4384,12.3191,120.0,2.8459,247.1025
2026-08-12 18:06:50,42.46879840173095,-82.87984610824918,9.1896,3.462,165.0325,165.5299,8.5909,0.0,-0.2687,0.2056,74.2453,1.3736,0.0957,3.2115,0.0,10.0,0.0012,48.092,0.0,68.3355,0.0,0.0,7.2249,54.358,5.9412,84.7666,250.7586,-10.9849,0.1858,-0.0498,58.0,6.6966,4.657,7.6704,0.4764,4.8013,0.0434,40.0,4.3509,131.0813,6.0559,10.0071,120.0,28.3456,223.3269
2026-08-12 18:07:00,42.46862852,-82.87977253,9.1043,4.2939,155.6858,152.1382,-142.5951,0.0,0.1568,0.5484,73.8171,1.3733,0.106,3.2116,0.0,10.0,0.0012,48.092,0.0,69.2957,0.0,0.0,9.256,55.7992,7.7694,82.1978,235.5532,-10.9814,0.6655,0.4426,50.4549,7.2662,5.538,9.8845,0.4111,5.4888,0.1315,40.0,5.2904,136.0406,7.7693,12.8766,120.0,29.2134,205.8662
2026-08-12 18:07:10,42.468460760000006,-82.87958424000001,9.2618,4.8149,128.0521,120.6559,-108.1309,0.0,0.2858,0.4036,73.2987,1.3677,0.1179,3.2117,0.0,10.0,0.0008,48.092,0.0,70.6035,0.0,0.0,6.4368,60.4534,5.9126,108.0517,233.3543,-10.9849,-1.4205,2.6596,130.9789,9.3346,6.1408,9.0601,0.5424,6.1275,0.2437,40.0,4.4192,130.9789,6.1408,10.1463,120.0,-24.8648,255.8154
2026-08-12 18:07:20,42.46833877,-82.87930116,8.5367,5.1771,115.5,108.7996,-36.5295,0.0,-0.2868,0.3496,72.8618,1.358,0.1273,3.2118,0.0,10.0,0.0013,48.092,0.0,71.669,0.0,0.0,8.5696,91.6035,10.1451,122.479,232.4057,-10.9852,-2.6343,3.9434,138.9483,12.2516,9.1507,14.456,0.3652,9.2854,0.2795,42.9318,5.8246,138.9483,9.1507,14.8897,120.0,-19.3925,248.4295
2026-08-12 18:07:30,42.468239520000004,-82.87900013999999,8.2776,5.3942,112.3427,105.7682,-10.6677,0.0,-0.5345,0.2591,72.4831,1.3479,0.1353,3.2118,0.0,10.0,0.0006,48.092,0.0,72.0034,0.0,0.0,9.7394,114.845,12.9918,137.1721,245.2069,-10.9871,-3.9823,4.2193,143.0097,14.7362,11.7511,15.8808,0.3424,11.8022,0.3377,50.0,6.6407,143.0097,11.7511,18.0223,120.0,-5.9174,249.1186
2026-08-12 18:07:40,42.468148389999996,-82.8786733,9.5571,5.4447,110.8438,103.4842,1.9397,0.0,-0.5888,0.3884,72.0647,1.3356,0.1437,3.2119,0.0,10.0,0.0005,48.092,0.0,71.9239,0.0,0.0,6.7095,118.9321,10.5159,146.1319,253.2403,-10.986,-4.4797,4.3256,140.0,13.0139,9.8793,11.9242,0.4687,9.9829,0.4508,44.9882,6.0858,140.0,9.8793,15.8967,120.0,5.1739,243.6163
2026-08-12 18:07:50,42.46805897777777,-82.87835245555556,9.5899,5.3961,108.544,103.3315,-6.5096,0.0,-0.4275,0.5179,71.6584,1.3238,0.1518,3.212,0.0,10.0,0.0006,48.092,0.0,72.0685,0.0,0.0,8.7077,131.2845,12.9386,149.6905,255.1696,-10.9916,-4.7047,4.4317,141.8215,14.5895,11.4067,12.8467,0.4248,11.5211,0.4093,49.7386,6.5388,141.8215,11.4067,17.664,120.0,8.4691,245.3099
2026-08-12 18:08:00,42.46797690152528,-82.87803942782566,9.8064,5.5361,107.382,98.2886,-28.6487,0.0,-0.159,0.4458,71.2639,1.3123,0.1595,3.2121,0.0,10.0,0.0009,48.092,0.0,71.8548,0.0,0.0,10.1333,125.015,14.0667,144.138,245.2056,-10.986,-4.4828,4.3916,146.5377,15.2782,12.7515,15.6777,0.3553,12.7202,0.3547,50.0,6.9399,146.5377,12.7515,19.0496,120.0,-2.2013,245.4842
2026-08-12 18:08:10,42.4679041508668,-82.87771059137859,9.7343,5.5866,104.8874,95.7924,8.4629,0.0,-0.2396,0.4928,70.8573,1.2994,0.167,3.2122,0.0,10.0,0.0003,48.092,0.0,72.2291,0.0,0.0,7.5083,103.1403,10.3365,135.4505,235.2166,-10.9865,-3.9716,4.6092,140.4023,12.8707,9.8948,13.8116,0.4054,9.9228,0.4022,44.6399,6.084,140.4023,9.8948,15.8708,120.0,-4.7051,236.1488
2026-08-12 18:08:20,42.467829110000004,-82.87737356,9.3143,5.5283,106.2722,97.3449,3.4477,0.0,-0.19,0.4296,70.4483,1.2867,0.1745,3.2123,0.0,10.0,0.0002,48.092,0.0,71.6221,0.0,0.0,6.1031,105.4571,9.3484,141.7914,243.0467,-10.9837,-4.3274,4.4893,138.681,11.8842,8.9953,11.4095,0.499,8.9398,0.4906,42.5386,5.767,138.681,8.9953,14.67,120.0,2.517,235.8753
2026-08-12 18:08:30,42.46775369999999,-82.87703428,9.5593,5.3801,107.2819,99.0118,6.018,0.0,-0.2068,0.474,70.0297,1.2741,0.182,3.2124,0.0,10.0,0.0008,48.092,0.0,71.8981,0.0,0.0,7.6271,112.5796,10.9358,140.3375,242.4173,-10.9852,-4.1459,4.2847,140.2593,13.2375,10.1818,13.2599,0.4149,10.1903,0.4114,46.0347,6.1756,140.2593,10.1818,16.2519,120.0,-0.3222,239.1297
2026-08-12 18:08:40,42.4676769,-82.87670667,10.3576,5.3417,106.9976,97.8187,-8.1624,0.0,-0.091,0.5655,69.6132,1.2622,0.1894,3.2125,0.0,10.0,0.0004,48.092,0.0,71.7727,0.0,0.0,6.6772,115.9125,10.2057,143.9956,246.1201,-10.9849,-4.3132,4.2484,140.0,12.5317,9.5844,11.6455,0.4614,9.5999,0.4501,43.7052,5.9982,140.0,9.5844,15.5375,120.0,3.7257,238.0095
2026-08-12 18:08:50,42.467612009999996,-82.87637203,8.7566,5.262,104.3219,94.7427,-14.8171,0.0,-0.0479,0.5696,69.2278,1.2503,0.1959,3.2126,0.0,10.0,0.0002,48.092,0.0,71.5494,0.0,0.0,7.1086,129.8756,11.2669,151.3168,249.9815,-10.9878,-4.6267,4.3717,140.4926,13.5545,10.4323,11.3528,0.4742,10.4744,0.4447,46.8819,6.2499,140.4926,10.4323,16.5452,120.0,10.3582,235.4412
2026-08-12 18:09:00,42.46757106114348,-82.87606065372724,9.7014,5.4466,102.2604,91.1919,-9.8873,0.0,0.0121,0.7242,68.8794,1.2377,0.2014,3.2127,0.0,10.0,0.0003,48.092,0.0,71.3412,0.0,0.0,6.0119,143.1485,10.7985,160.4971,256.6128,-10.9929,-5.0066,4.4864,140.0,13.2983,10.1951,9.2651,0.5818,10.1871,0.4921,46.3624,6.1796,140.0,10.1951,16.2815,120.0,19.6881,231.425
2026-08-12 18:09:10,42.467537253880295,-82.87574553892682,9.6249,5.2328,94.9655,83.7322,-81.4591,0.0,0.3286,0.6762,68.542,1.2251,0.2065,3.2128,0.0,10.0,0.0005,48.092,0.0,71.5141,0.0,0.0,4.2487,144.3122,9.0101,164.1207,255.231,-10.9878,-5.0495,4.5615,139.1746,11.7188,8.8985,6.9709,0.7672,8.8652,0.5722,41.5946,5.7593,139.1746,8.8985,14.6081,120.0,24.6111,224.0317
2026-08-12 18:09:20,42.46754227,-82.87540535,10.292,5.225,78.8843,68.7805,-80.9079,0.0,0.3234,0.5886,68.3092,1.2116,0.2091,3.2129,0.0,10.0,0.0002,48.092,0.0,71.7494,0.0,0.0,2.8009,63.8888,7.9529,69.2863,253.6842,-10.9871,-5.1866,5.1062,80.0876,10.8515,7.7926,4.5988,1.151,7.8154,0.6682,23.7904,5.2929,80.0876,7.7926,12.8933,72.0,24.2884,220.1524
2026-08-12 18:09:30,42.46761726,-82.87507170999999,10.9591,5.3369,69.0147,51.8348,-17.8021,0.0,0.0974,0.699,68.2459,1.1958,0.2076,3.213,0.0,10.0,0.0009,48.092,0.0,72.4103,0.0,0.0,5.0592,-137.8664,9.67,-159.6992,262.1055,-10.9849,-5.0143,5.3124,-139.9759,11.8323,9.0444,7.612,0.7052,9.0608,0.5536,-41.381,5.8368,-139.9759,9.0444,14.8768,-120.0,-21.185,276.2183
2026-08-12 18:09:40,42.46771668,-82.87475842,11.1056,5.3086,64.5425,46.3931,-25.0291,0.0,0.152,0.6788,68.2655,1.1809,0.2047,3.2131,0.0,10.0,0.0007,48.092,0.0,72.2929,0.0,0.0,7.3189,-133.2209,11.6212,-152.8913,261.243,-10.9852,-4.7559,5.2734,-140.4488,14.0543,10.8393,11.2051,0.4762,10.838,0.4399,-48.6985,6.3708,-140.4488,10.8393,17.0433,-120.0,-13.3513,267.1189
2026-08-12 18:09:50,42.46782887,-82.87445274,11.4403,5.3533,62.4719,43.2375,-2.1513,0.0,0.0132,0.7522,68.3286,1.1654,0.2007,3.2132,0.0,10.0,0.0004,48.092,0.0,72.5507,0.0,0.0,4.1583,-111.2403,7.8794,-151.6361,263.918,-10.986,-4.7164,5.3524,-136.6913,11.1306,8.1374,7.9796,0.6824,8.1058,0.5907,-40.9126,5.4274,-136.6913,8.1374,13.399,-120.0,-15.2914,266.8486
2026-08-12 18:10:00,42.467946466666675,-82.87415273333335,8.9742,5.7499,60.8166,39.9201,-9.6662,0.0,0.0489,0.7459,68.4135,1.1502,0.1964,3.2133,0.0,10.0,0.0005,48.092,0.0,72.1696,0.0,0.0,4.004,-89.9282,7.0322,-147.4851,266.3468,-10.984,-4.8251,5.7195,-133.2438,10.1272,6.9492,7.4366,0.7874,6.9989,0.7075,-40.4654,4.8209,-133.2438,6.9492,11.4533,-120.0,-14.1257,266.9781
2026-08-12 18:10:10,42.46808178893591,-82.87384261077601,9.5636,6.0395,56.3303,36.295,-27.5459,0.0,0.2279,0.7511,68.5342,1.1351,0.1915,3.2134,0.0,10.0,0.0007,48.092,0.0,71.7898,0.0,0.0,10.7493,-126.6172,15.1289,-145.2585,258.3398,1.2088,-4.9589,5.8677,-148.5656,15.4688,13.1683,16.0328,0.3759,13.2168,0.3761,-50.0,7.0615,-148.5656,13.1683,19.4574,-120.0,2.8785,248.4187
2026-08-12 18:10:20,42.4682399900909,-82.87354646893695,9.9377,6.4283,52.9212,31.068,-1.7086,0.0,0.1693,1.2142,68.7414,1.1195,0.1849,3.2135,0.0,10.0,0.0009,48.092,0.0,71.5994,0.0,0.0,10.6759,-114.641,14.4345,-137.906,260.9639,8.4883,-4.7125,6.0296,-148.1657,15.3625,13.0546,17.0312,0.369,13.0501,0.3614,-50.0,7.0275,-148.1657,13.0546,19.3406,-120.0,8.9904,243.8054
2026-08-12 18:10:30,42.4684434,-82.87318015999999,11.1231,8.0358,53.9709,32.1186,2.8205,0.0,0.0903,1.7946,69.0239,1.1003,0.1764,3.2136,0.0,10.0,0.0003,48.092,0.0,71.8355,0.0,0.0,9.9389,-101.6934,13.9322,-135.72,265.7454,9.4528,-5.6793,7.7204,-146.563,15.1009,12.6011,17.0969,0.4649,12.6002,0.4511,-50.0,6.8919,-146.563,12.6011,18.8751,-120.0,10.8306,245.2752
2026-08-12 18:10:40,42.4686688,-82.87276929000001,11.5278,8.1015,52.1875,30.842,-11.8611,0.0,0.2524,1.5948,69.3461,1.0786,0.1669,3.2137,0.0,10.0,0.001,48.092,0.0,71.7252,0.0,0.0,10.0998,-95.6977,13.5449,-132.1822,267.8429,10.803,-5.4135,7.6586,-145.4481,14.9755,12.3344,17.3804,0.465,12.3231,0.4403,-50.0,6.8131,-145.4481,12.3344,18.6075,-120.0,13.2563,245.6894
2026-08-12 18:10:50,42.46890574999999,-82.87236187999999,11.893,8.1253,51.4946,30.6558,16.5803,0.0,0.1665,1.5983,69.7199,1.057,0.1567,3.2138,0.0,10.0,0.0008,48.092,0.0,71.612,0.0,0.0,10.3262,-92.4471,13.4214,-129.8284,269.2118,14.845,-5.2408,7.6528,-144.5294,14.8803,12.1146,17.455,0.4663,12.1214,0.4329,-50.0,6.7481,-144.5294,12.1146,18.387,-120.0,14.3204,245.9403
2026-08-12 18:11:00,42.469139919999996,-82.87191308999999,11.8799,8.2147,52.9384,31.4758,-7.5539,0.0,0.2883,1.7037,70.0763,1.0336,0.1469,3.2138,0.0,10.0,0.0007,48.092,0.0,71.3724,0.0,0.0,12.4989,-98.0565,15.8798,-128.9685,269.6186,19.0439,-5.0891,7.8004,-149.0894,16.0135,13.7133,19.4621,0.4201,13.7513,0.3709,-50.0,7.2321,-149.0894,13.7133,20.0678,-120.0,20.5909,242.5382
2026-08-12 18:11:10,42.469343300000006,-82.87143354,11.9193,8.3702,53.9268,33.0824,2.0317,0.0,0.1053,1.8847,70.3193,1.0097,0.1393,3.2139,0.0,10.0,0.0007,48.092,0.0,71.3839,0.0,0.0,12.4448,-110.0292,17.1771,-137.1372,263.585,24.9309,-6.0006,7.9732,-150.0,17.1673,14.8245,19.7226,0.4232,14.8673,0.4038,-50.0,7.5806,-150.0,14.8245,21.3179,-120.0,13.8192,242.818
2026-08-12 18:11:20,42.469511955555554,-82.87106152222222,11.893,8.1039,53.5847,33.0453,-0.4675,0.0,0.1625,1.9137,70.5569,0.9895,0.1324,3.214,0.0,10.0,0.001,48.092,0.0,71.2025,0.0,0.0,9.3282,-116.6293,14.8722,-145.8982,256.6474,24.4377,-6.6442,7.7756,-149.6942,15.5581,13.3861,16.5057,0.4938,13.4397,0.4946,-50.0,7.1247,-149.6942,13.3861,19.668,-120.0,4.4769,243.3997
2026-08-12 18:11:30,42.46970655347717,-82.87066757230886,12.0112,8.0086,54.3874,32.8256,34.4909,0.0,-0.0844,1.9919,70.8811,0.9683,0.1242,3.2141,0.0,10.0,0.0004,48.092,0.0,71.3825,0.0,0.0,8.3391,-118.429,14.0502,-148.5631,254.7912,22.3361,-6.839,7.695,-147.1939,15.1853,12.7521,14.9077,0.5392,12.7758,0.5357,-50.0,6.9365,-147.1939,12.7521,19.0265,-120.0,-1.3722,245.6344
2026-08-12 18:11:40,42.46995203,-82.87029665,11.9587,7.9659,58.1054,37.3909,-30.1095,0.0,0.0944,1.9178,71.3817,0.9489,0.1135,3.2142,0.0,10.0,0.0006,48.092,0.0,71.5284,0.0,0.0,7.2475,-120.5624,13.2081,-151.8121,256.8223,16.2538,-6.9889,7.7881,-144.2547,14.8392,12.0489,13.2588,0.6017,12.0335,0.5811,-50.0,6.7287,-144.2547,12.0489,18.3211,-120.0,-7.1148,253.1358
2026-08-12 18:11:50,42.47019372,-82.86990725000001,11.9849,7.9834,51.3548,30.5177,-13.7892,0.0,0.3437,1.9157,71.8862,0.9282,0.1029,3.2143,0.0,10.0,0.0013,48.092,0.0,71.238,0.0,0.0,8.9367,-115.3348,14.286,-145.6084,254.6859,16.4908,-6.6118,7.4774,-147.2925,15.1931,12.7757,15.367,0.5188,12.792,0.5174,-50.0,6.9435,-147.2925,12.7757,19.0502,-120.0,0.9051,243.6391
2026-08-12 18:12:00,42.47043162,-82.86952243,11.9783,7.9287,51.2065,29.6884,5.3285,0.0,0.072,1.7153,72.4099,0.9076,0.0924,3.2144,0.0,10.0,0.0009,48.092,0.0,71.3874,0.0,0.0,8.1692,-106.6956,12.92,-142.7396,257.6187,16.6326,-6.355,7.3519,-143.2988,14.7397,11.8202,14.705,0.5406,11.811,0.5384,-50.0,6.6611,-143.2988,11.8202,18.0917,-120.0,0.055,246.2553
2026-08-12 18:12:10,42.47063615,-82.8690993,12.1949,8.1719,54.9134,32.8024,31.5944,0.0,-0.5132,1.701,72.8054,0.887,0.0842,3.2145,0.0,10.0,0.0004,48.092,0.0,71.4512,0.0,0.0,9.8839,-106.0871,14.4699,-139.2852,262.9379,23.011,-6.1303,7.8064,-146.7427,15.2899,12.7744,16.715,0.4885,12.7828,0.4829,-50.0,6.9461,-146.7427,12.7744,19.0686,-120.0,7.5936,245.392
2026-08-12 18:12:20,42.47081335,-82.86855671,12.1949,8.4557,57.7599,37.4965,0.8925,0.0,-0.2921,1.5828,72.9909,0.861,0.0789,3.2146,0.0,10.0,0.001,48.092,0.0,71.5354,0.0,0.0,12.4522,-120.3265,18.2427,-143.9101,261.337,26.2116,-6.789,8.2604,-150.0,17.6662,15.2904,18.9737,0.4466,15.2994,0.4439,-50.0,7.7288,-150.0,15.2904,21.8558,-120.0,6.7039,247.1403
2026-08-12 18:12:30,42.47104163333333,-82.8681824111111,12.1621,8.3332,55.1036,34.2046,-43.332,0.0,0.1625,1.4864,73.5631,0.84,0.0687,3.2147,0.0,10.0,0.001,48.092,0.0,71.161,0.0,0.0,11.1079,-123.1558,17.1389,-147.1401,256.3321,25.8076,-6.9913,7.919,-150.0,17.0471,14.765,17.6273,0.4729,14.7632,0.4736,-50.0,7.5617,-150.0,14.765,21.2491,-120.0,2.9836,244.9676
2026-08-12 18:12:40,42.47128601604168,-82.8678301100083,12.1293,8.3507,50.143,28.8132,-1.3079,0.0,0.0123,1.3181,74.2331,0.8212,0.0576,3.2148,0.0,10.0,0.0007,48.092,0.0,71.141,0.0,0.0,11.1245,-116.5749,16.6239,-143.2551,254.6213,25.7882,-6.7037,7.6343,-150.0,16.6617,14.4295,17.9287,0.4656,14.4295,0.4646,-50.0,7.455,-150.0,14.4295,20.8617,-120.0,6.5561,239.1517
2026-08-12 18:12:50,42.47153444120217,-82.867423995069,12.1686,8.2127,50.5091,28.863,5.946,0.0,-0.2102,1.2889,74.9638,0.7985,0.0458,3.2149,0.0,10.0,0.0003,48.092,0.0,71.0145,0.0,0.0,10.7918,-117.8342,16.38,-144.3713,253.5438,25.7776,-6.7174,7.5681,-150.0,16.457,14.2522,17.6007,0.4714,14.2522,0.4713,-50.0,7.3986,-150.0,14.2522,20.657,-120.0,5.9346,238.934
2026-08-12 18:13:00,42.47177594,-82.86702668000001,12.0899,8.1253,51.6957,30.0163,0.3254,0.0,-0.2563,1.2359,75.6634,0.7777,0.0351,3.215,0.0,10.0,0.0008,48.092,0.0,71.5022,0.0,0.0,10.5086,-122.1534,16.4454,-147.2518,251.9571,25.3624,-6.9192,7.5349,-150.0,16.5474,14.3304,17.132,0.4819,14.3304,0.4829,-50.0,7.4235,-150.0,14.3304,20.7474,-120.0,3.0277,239.9757
2026-08-12 18:13:10,42.47201999,-82.86662434999998,12.1818,8.1447,50.8258,29.6048,5.3106,0.0,-0.1897,1.1801,76.3358,0.7587,0.0254,3.2151,0.0,10.0,0.0014,48.092,0.0,71.9507,0.0,0.0,10.043,-124.2377,16.1623,-149.0929,249.9485,25.0754,-7.0329,7.3716,-150.0,16.2929,14.1101,16.4904,0.4977,14.1101,0.4984,-50.0,7.3534,-150.0,14.1101,20.4929,-120.0,1.0274,239.6876
2026-08-12 18:13:20,42.47225592000001,-82.86620174,12.1818,8.2574,52.3695,31.2398,-3.4425,0.0,-0.2338,1.2757,77.0825,0.7367,0.0151,3.2152,0.0,10.0,0.0011,48.092,0.0,71.7702,0.0,0.0,9.1189,-120.3695,15.0596,-148.6002,252.5154,25.0252,-7.0389,7.4973,-149.2209,15.7411,13.5254,15.8062,0.5212,13.5254,0.5211,-50.0,7.1716,-149.2209,13.5254,19.846,-120.0,0.4084,241.7577
2026-08-12 18:13:30,42.472505809999994,-82.865809,12.1402,8.1155,50.0507,29.2142,-14.6784,0.0,-0.071,1.2249,77.835,0.7185,0.0052,3.2153,0.0,10.0,0.0018,48.092,0.0,71.8207,0.0,0.0,8.9295,-115.5968,14.4348,-146.1111,252.9608,25.0106,-6.7558,7.217,-147.8991,15.2546,12.9208,15.5158,0.5242,12.9208,0.5234,-50.0,6.9864,-147.8991,12.9208,19.1958,-120.0,1.5388,241.5921
2026-08-12 18:13:40,42.4727687,-82.86543881,12.1293,8.0145,49.3827,27.6581,5.2945,0.0,-0.3586,1.2883,78.8403,0.6988,-0.0071,3.2154,0.0,10.0,0.0008,48.092,0.0,71.7287,0.0,0.0,8.8798,-114.8997,14.3172,-145.7951,251.9039,24.8832,-6.6742,6.989,-147.7933,15.2422,12.8955,15.6043,0.5179,12.8955,0.5179,-50.0,6.9789,-147.7933,12.8955,19.1704,-120.0,2.0329,239.8781
2026-08-12 18:13:50,42.47301281111111,-82.86507643333333,12.1686,8.0689,49.8278,28.3122,1.6738,0.0,-0.2653,1.3035,79.8452,0.6796,-0.0189,3.2155,0.0,10.0,0.0014,48.092,0.0,71.1507,0.0,0.0,8.0488,-116.2453,13.6631,-148.1144,250.9753,24.6543,-6.8338,6.8691,-145.4797,14.9796,12.342,14.3975,0.5592,12.342,0.5537,-50.0,6.8153,-145.4797,12.342,18.6151,-120.0,-2.6089,242.8893
2026-08-12 18:14:00,42.47324200867304,-82.86470068040208,12.1949,8.0339,51.1061,29.464,11.5222,0.0,-0.8329,1.3333,80.8048,0.6601,-0.0294,3.2156,0.0,10.0,0.0007,48.092,0.0,71.4124,0.0,0.0,8.0827,-119.9647,13.938,-149.8451,250.3292,24.067,-6.8855,6.9663,-146.5867,15.1035,12.6068,14.4994,0.553,12.6068,0.5464,-50.0,6.8936,-146.5867,12.6068,18.8808,-120.0,-2.7375,242.6113
2026-08-12 18:14:10,42.473453526856666,-82.86426267011862,12.2474,7.9697,52.3251,32.1818,9.8889,0.0,-0.7269,1.358,81.6162,0.6397,-0.0375,3.2157,0.0,10.0,0.0008,48.092,0.0,71.2841,0.0,0.0,7.1076,-122.1012,13.2625,-153.0762,249.9082,24.0332,-7.1584,6.9842,-144.5031,14.8752,12.1083,13.0346,0.6184,12.1083,0.592,-50.0,6.7463,-144.5031,12.1083,18.3807,-120.0,-8.4496,247.2431
2026-08-12 18:14:20,42.47365676,-82.86380962999999,12.2824,8.133,53.4174,33.5417,6.1364,0.0,-0.8759,1.2919,82.4227,0.6193,-0.045,3.2158,0.0,10.0,0.0009,48.092,0.0,71.3269,0.0,0.0,6.5015,-125.935,12.978,-156.0778,248.6353,23.8728,-7.3269,7.0385,-143.09,14.7206,11.7703,12.0119,0.67,11.7703,0.6225,-50.0,6.6464,-143.09,11.7703,18.0416,-120.0,-12.5122,250.5162
2026-08-12 18:14:30,42.473899519999996,-82.86344892000001,12.3327,7.9289,53.8947,34.0607,-12.6177,0.0,-0.6425,1.2979,83.7003,0.5999,-0.0569,3.2159,0.0,10.0,0.0006,48.092,0.0,71.5229,0.0,0.0,6.1357,-139.1287,13.1609,-162.2365,243.1859,23.1879,-7.4955,6.8387,-143.8327,14.8,11.948,11.0252,0.7219,11.948,0.6273,-50.0,6.6989,-143.8327,11.948,18.2199,-120.0,-17.2975,250.4121
2026-08-12 18:14:40,42.47414947,-82.86307925999999,12.3917,7.9386,55.2096,35.0633,21.8679,0.0,-1.0507,1.3173,84.932,0.5827,-0.0677,3.2159,0.0,10.0,0.0019,48.092,0.0,71.5903,0.0,0.0,5.4313,-141.3687,12.6531,-164.6295,242.3645,19.1052,-7.6505,6.8707,-142.8174,14.678,11.6918,9.9414,0.8002,11.6918,0.6557,-49.9423,6.6231,-142.8174,11.6918,17.96,-120.0,-22.006,251.5947
2026-08-12 18:14:50,42.47437222000001,-82.86267203,12.523,7.8726,53.0043,33.6887,-11.7647,0.0,-0.7485,1.3214,86.0485,0.5649,-0.0766,3.216,0.0,10.0,0.0012,48.092,0.0,71.2318,0.0,0.0,6.4739,-139.0599,13.4621,-161.7274,242.5463,18.6875,-7.5103,6.6558,-144.2231,14.8102,12.0108,10.8876,0.7359,12.0108,0.6284,-49.8673,6.7174,-144.2231,12.0108,18.2764,-120.0,-17.9966,249.6869
2026-08-12 18:15:00,42.47457827777779,-82.86229071111111,12.6083,7.9309,55.04,34.702,28.5772,0.0,-1.0237,1.3825,87.3048,0.5461,-0.0859,3.2161,0.0,10.0,0.0006,48.092,0.0,71.7115,0.0,0.0,6.8203,-129.2018,13.3338,-156.7502,248.7351,17.4373,-7.2936,6.7017,-144.7799,14.9057,12.1746,12.186,0.6508,12.1746,0.5998,-50.0,6.7658,-144.7799,12.1746,18.4472,-120.0,-12.2887,249.4672
2026-08-12 18:15:10,42.47478833235451,-82.86188500532334,12.8051,7.995,56.4684,37.8384,7.7624,0.0,-0.7859,1.3816,88.6365,0.527,-0.0949,3.2162,0.0,10.0,0.0005,48.092,0.0,71.7131,0.0,0.0,6.5621,-125.0257,12.8913,-155.3912,252.8223,9.1884,-7.1948,6.7407,-142.7148,14.6812,11.6805,12.1327,0.6575,11.6805,0.616,-50.0,6.6198,-142.7148,11.6805,17.9516,-120.0,-11.7715,254.8698
2026-08-12 18:15:20,42.47499483,-82.86144262,12.8292,7.9654,58.8759,40.3124,15.6968,0.0,-1.0015,1.2612,90.0044,0.5069,-0.1032,3.2163,0.0,10.0,0.0003,48.092,0.0,71.6154,0.0,0.0,6.533,-137.6724,13.4977,-160.9829,249.4797,8.0484,-7.5026,6.7992,-144.8788,14.9135,12.1982,11.4008,0.6973,12.1982,0.6151,-50.0,6.7728,-144.8788,12.1982,18.4709,-120.0,-15.8525,255.1656
2026-08-12 18:15:30,42.47517405,-82.86099318000001,12.8511,7.9989,61.1976,42.6551,7.7617,0.0,-0.9403,1.3319,91.3011,0.4866,-0.1098,3.2164,0.0,10.0,0.0007,48.092,0.0,71.3483,0.0,0.0,6.7854,-132.6054,13.5711,-158.4491,254.3642,8.1284,-7.4593,6.9481,-145.0296,14.9312,12.2343,11.9593,0.6712,12.2343,0.61,-50.0,6.7835,-145.0296,12.2343,18.5071,-120.0,-13.4157,257.5255
2026-08-12 18:15:40,42.47534098,-82.86053593,12.8182,8.0689,64.3025,46.0549,28.196,0.0,-1.0783,1.3319,92.5187,0.4677,-0.1152,3.2165,0.0,10.0,0.0009,48.092,0.0,71.6428,0.0,0.0,8.8651,-138.568,15.8714,-158.309,256.217,10.4262,-7.5184,7.1496,-150.0,16.0714,13.9182,14.0483,0.5771,13.9182,0.5402,-50.0,7.2923,-150.0,13.9182,20.2714,-120.0,-8.092,255.4693
2026-08-12 18:15:50,42.47549417999999,-82.86007731000001,12.7264,8.1389,65.9406,48.8378,42.2973,0.0,-1.0145,1.3684,93.8359,0.4476,-0.1202,3.2166,0.0,10.0,0.0005,48.092,0.0,72.1546,0.0,0.0,8.3525,-144.7399,15.6917,-162.1006,254.8852,14.184,-7.675,7.1817,-150.0,15.9768,13.8364,13.1107,0.6182,13.8364,0.5547,-50.0,7.2663,-150.0,13.8364,20.1768,-120.0,-11.4209,257.9299
2026-08-12 18:16:00,42.47563327,-82.85960591,12.792,8.1816,68.8117,52.5405,16.9966,0.0,-0.7409,1.3573,95.0591,0.4287,-0.1239,3.2167,0.0,10.0,0.0009,48.092,0.0,71.7916,0.0,0.0,9.7535,-147.2733,17.2225,-162.2319,257.7493,15.7541,-7.8063,7.3339,-150.0,17.043,14.7596,13.8956,0.5906,14.7596,0.5294,-50.0,7.56,-150.0,14.7596,21.243,-120.0,-12.3867,262.1207
2026-08-12 18:16:10,42.47576117000001,-82.85911743,12.8292,8.2224,73.1077,56.3724,28.4409,0.0,-1.1163,1.4096,96.331,0.4091,-0.1269,3.2168,0.0,10.0,0.001,48.092,0.0,72.7824,0.0,0.0,8.7596,-148.1094,16.3478,-163.5771,260.6506,16.5779,-7.8919,7.5247,-150.0,16.3818,14.1871,13.0375,0.6325,14.1871,0.5563,-50.0,7.3779,-150.0,14.1871,20.5818,-120.0,-13.2114,265.8687
2026-08-12 18:16:20,42.475851855555554,-82.85865757777778,12.8182,8.2497,77.1436,61.5826,19.9206,0.0,-1.193,1.4264,97.5822,0.3879,-0.1283,3.2169,0.0,10.0,0.0006,48.092,0.0,72.44,0.0,0.0,10.5201,-160.3076,18.5396,-168.9711,258.9207,22.2425,-8.1304,7.7202,-150.0,17.9055,15.5066,13.0274,0.6376,15.5066,0.5244,-50.0,7.7976,-150.0,15.5066,22.1055,-120.0,-18.357,270.9879
2026-08-12 18:16:30,42.47590469929838,-82.85819675550624,12.7395,8.0497,85.3465,71.8516,88.6205,0.0,-1.8083,1.576,98.5388,0.3672,-0.1273,3.217,0.0,10.0,0.0013,48.092,0.0,72.9323,0.0,0.0,8.5705,-168.3448,16.5398,-173.9652,263.8393,14.9959,-8.022,7.7802,-150.0,16.7463,14.5027,10.6095,0.7661,14.5027,0.5539,-50.0,7.4783,-150.0,14.5027,20.9463,-120.0,-23.4042,279.7344
2026-08-12 18:16:40,42.47594751999999,-82.85767709000001,12.582,8.0339,86.1282,70.9498,-80.9773,0.0,-0.4942,1.4149,99.5244,0.3453,-0.1252,3.2171,0.0,10.0,0.0005,48.092,0.0,71.5007,0.0,0.0,7.4829,161.2333,15.2666,170.8392,249.1345,-0.4522,-7.9401,7.973,119.8522,15.8046,13.6669,10.3602,0.7861,13.6669,0.5811,40.0,7.2132,119.8522,13.6669,19.9866,96.0,15.7144,227.5081
2026-08-12 18:16:50,42.476035339999996,-82.85717573999999,12.4902,8.0164,74.3728,57.9526,-28.8393,0.0,-0.5267,1.1845,101.1201,0.324,-0.1258,3.2172,0.0,10.0,0.0008,48.092,0.0,71.7719,0.0,0.0,5.8,-126.7183,13.6514,-134.3999,252.7127,13.3763,-7.9337,7.1691,-87.2843,15.0039,12.3932,8.3833,0.9559,12.3932,0.6403,-30.0,6.8305,-87.2843,12.3932,18.6665,-72.0,-16.5223,259.1179
2026-08-12 18:17:00,42.47614064,-82.85668621999999,12.5558,8.0145,73.2125,56.7983,-14.7972,0.0,-0.8552,0.9381,103.1021,0.3039,-0.1276,3.2173,0.0,10.0,0.0018,48.092,0.0,72.2408,0.0,0.0,8.8593,-154.0407,16.4445,-166.501,258.1174,12.8691,-7.7948,6.9362,-148.7152,16.5136,14.1214,12.1032,0.68,14.1214,0.5572,-50.0,7.3639,-148.7152,14.1214,20.5526,-120.0,-17.9989,267.8579
2026-08-12 18:17:10,42.476267039999996,-82.85619983999999,12.9823,8.1194,63.9392,46.1307,-63.6105,0.0,-0.1129,1.0754,105.461,0.2858,-0.1306,3.2174,0.0,10.0,0.0017,48.092,0.0,71.3605,0.0,0.0,9.8603,-149.2814,17.3024,-163.1891,251.5696,16.1163,-7.7618,6.1005,-150.0,17.2312,14.9226,13.5772,0.5949,14.9226,0.5204,-50.0,7.6118,-150.0,14.9226,21.4312,-120.0,-14.1462,257.1026
2026-08-12 18:17:20,42.476435519999995,-82.85571461999999,13.1791,8.0436,61.3924,42.1008,-7.4221,0.0,-0.8545,1.1484,108.6884,0.2686,-0.136,3.2175,0.0,10.0,0.0013,48.092,0.0,71.8021,0.0,0.0,8.4918,-132.7327,15.1699,-155.7852,256.0637,18.758,-7.3656,5.4715,-149.319,15.7981,13.588,14.2281,0.5695,13.588,0.5429,-50.0,7.191,-149.319,13.588,19.9148,-120.0,-6.478,252.742
2026-08-12 18:17:30,42.476614355555554,-82.85529305555555,13.5794,7.9425,59.5693,40.3778,2.8727,0.0,-0.8441,1.271,112.4375,0.2543,-0.1428,3.2176,0.0,10.0,0.0013,48.092,0.0,71.9985,0.0,0.0,9.041,-140.2217,15.9981,-158.834,250.6096,18.5526,-7.4067,4.7953,-149.94,16.1637,13.99,14.0704,0.5686,13.99,0.53,-50.0,7.3155,-149.94,13.99,20.3565,-120.0,-8.3959,250.5172
2026-08-12 18:17:40,42.47679850954269,-82.85491566154056,13.6253,7.9289,57.71,37.3748,2.5054,0.0,-0.6132,1.2628,116.3439,0.2437,-0.1502,3.2177,0.0,10.0,0.0006,48.092,0.0,71.6022,0.0,0.0,8.2548,-135.8174,14.9758,-157.4048,250.1781,18.5431,-7.3285,4.0933,-149.666,15.494,13.3728,13.457,0.5892,13.3728,0.5481,-50.0,7.1207,-149.666,13.3728,19.6537,-120.0,-8.2591,247.7868
2026-08-12 18:17:50,42.476980800465704,-82.85449091043267,13.8222,7.581,62.7764,42.9969,33.7472,0.0,-0.9063,1.1288,120.9803,0.232,-0.1573,3.2178,0.0,10.0,0.0007,48.092,0.0,71.9603,0.0,0.0,8.2665,-127.0742,14.2373,-152.5434,259.4049,18.3922,-6.7843,3.9976,-148.1309,15.3651,13.045,14.351,0.5344,13.045,0.5211,-50.0,7.0247,-148.1309,13.045,19.3308,-120.0,-4.4132,253.8627
2026-08-12 18:18:00,42.47711526,-82.85406179,14.0978,7.7132,68.076,48.2524,7.9794,0.0,-0.8801,1.0843,125.0765,0.2211,-0.1611,3.2179,0.0,10.0,0.0009,48.092,0.0,72.2194,0.0,0.0,7.2586,-125.1976,13.2673,-153.4569,264.9085,12.8531,-6.8493,4.21,-143.9493,14.8128,11.9759,12.81,0.5996,11.9759,0.5719,-50.0,6.7071,-143.9493,11.9759,18.2478,-120.0,-9.2022,263.7983
2026-08-12 18:18:10,42.47724458999999,-82.85361990999999,14.2892,7.7093,70.7878,51.6045,29.7105,0.0,-1.3437,1.1818,129.9846,0.21,-0.1648,3.218,0.0,10.0,0.001,48.092,0.0,72.4283,0.0,0.0,7.8609,-141.9726,14.683,-160.6823,260.1758,13.2988,-7.2117,3.9252,-148.5682,15.3708,13.1144,12.6994,0.6114,13.1144,0.5504,-50.0,7.0444,-148.5682,13.1144,19.3951,-120.0,-11.2338,262.6677
2026-08-12 18:18:20,42.47735361,-82.85316234999999,14.4587,7.6879,74.6982,57.8655,29.7652,0.0,-1.1501,1.0977,135.0248,0.1998,-0.167,3.218,0.0,10.0,0.0007,48.092,0.0,72.3704,0.0,0.0,6.9597,-86.1554,14.2394,-97.5496,257.2813,12.2845,-7.5514,3.7738,-147.2471,15.1784,12.7648,10.2295,0.7709,12.7648,0.5916,-50.0,6.9403,-147.2471,12.7648,19.0393,-120.0,-21.1116,269.9961
2026-08-12 18:18:30,42.477443019999995,-82.85267086,14.6008,7.7773,79.5523,63.7014,14.3545,0.0,-1.2717,1.0142,140.6707,0.1896,-0.1679,3.2181,0.0,10.0,0.0005,48.092,0.0,72.287,0.0,0.0,6.2314,-169.1309,13.9262,-175.1505,257.1659,14.0121,-7.7554,3.7154,-146.6532,15.1115,12.6227,8.4495,0.9215,12.6227,0.6144,-50.0,6.8983,-146.6532,12.6227,18.8968,-120.0,-28.6058,276.4
2026-08-12 18:18:40,42.47750737,-82.85219065,14.8589,7.8259,83.1665,66.807,18.0078,0.0,-0.969,0.9922,146.6624,0.1802,-0.1675,3.2182,0.0,10.0,0.0011,48.092,0.0,72.2128,0.0,0.0,6.252,2.4147,14.0026,1.0441,256.5477,-2.0931,-7.7508,3.442,-58.0899,15.0741,12.5439,7.8853,0.9869,12.5439,0.618,-20.0,6.875,-58.0899,12.5439,18.8177,-48.0,-11.9943,260.37
2026-08-12 18:18:50,42.47754943333333,-82.8517289,15.1083,7.8006,83.5355,67.7145,-12.7609,0.0,-1.5107,1.1533,153.2506,0.1717,-0.1657,3.2183,0.0,10.0,0.0011,48.092,0.0,71.852,0.0,0.0,6.7476,64.5278,14.368,68.6186,252.9024,-8.9773,-7.7251,2.7251,147.4004,15.2071,12.8094,8.3975,0.9275,12.8094,0.6035,50.0,6.9537,147.4004,12.8094,19.0853,120.0,28.5908,215.4819
2026-08-12 18:19:00,42.47759048233576,-82.85126382918119,15.2986,7.892,81.7471,65.8937,9.696,0.0,-1.3129,1.2833,160.1176,0.1657,-0.1639,3.2184,0.0,10.0,0.0006,48.092,0.0,71.9881,0.0,0.0,9.463,-39.3624,17.1508,-37.9815,249.8814,-11.9829,-7.8416,1.5831,30.0,16.8753,14.6144,10.5083,0.757,14.6144,0.5369,10.0,7.5138,30.0,14.6144,21.0753,24.0,3.071,239.5578
2026-08-12 18:19:10,42.47762086,-82.85076201000001,15.4167,8.0728,88.1284,72.3441,53.8271,0.0,-1.6255,1.1946,168.2197,0.1611,-0.161,3.2185,0.0,10.0,0.0009,48.092,0.0,72.5649,0.0,0.0,9.4572,11.5417,17.2365,15.4396,255.1338,-15.3512,-7.9679,1.4745,50.0,17.0137,14.7343,9.758,0.8236,14.7343,0.5409,16.6667,7.5519,50.0,14.7343,21.2137,40.0,8.1355,241.5358
2026-08-12 18:19:20,42.477616770000004,-82.85026185999999,15.6179,7.717,94.2487,83.1503,36.74,0.0,-2.113,0.9535,175.421,0.158,-0.1567,3.2186,0.0,10.0,0.0008,48.092,0.0,73.4568,0.0,0.0,9.2314,127.657,16.7622,135.081,258.9544,-23.355,-7.7312,1.1534,150.0,16.7998,14.549,11.5151,0.6874,14.549,0.5311,50.0,7.493,150.0,14.549,20.9998,120.0,20.2241,231.8716
2026-08-12 18:19:30,42.47759046,-82.84983415,15.5282,6.1872,91.3816,76.6763,-71.9593,0.0,-1.3058,0.0448,182.2695,0.1559,-0.1512,3.2187,0.0,10.0,0.0007,48.092,0.0,72.1565,0.0,0.0,8.8432,160.7926,14.9099,168.7523,252.6076,-21.8982,-6.1893,-0.0054,149.5741,15.4989,13.3645,10.7876,0.5857,13.3645,0.463,50.0,7.1185,149.5741,13.3645,19.6474,120.0,19.0473,228.3447
2026-08-12 18:19:40,42.477616319999996,-82.84943949999999,15.0295,6.1639,82.8881,65.7563,-38.7167,0.0,-1.2298,0.2424,188.5174,0.159,-0.1491,3.2188,0.0,10.0,0.0006,48.092,0.0,71.9952,0.0,0.0,8.2792,101.6955,14.1479,104.2789,250.2011,-3.8045,-6.0955,-1.6366,114.8538,15.1329,12.6591,9.1361,0.6838,12.6591,0.4824,38.8889,6.9091,114.8538,12.6591,18.9333,93.3333,19.2057,221.3563
2026-08-12 18:19:50,42.47770127,-82.84908179,15.3904,5.5536,53.6632,35.2247,-330.4495,0.0,1.1069,0.1384,193.8338,0.1669,-0.1505,3.2189,0.0,10.0,0.0006,48.092,0.0,69.9845,0.0,0.0,8.3003,-151.7061,13.4386,-162.4357,242.3483,19.7715,-5.5728,-4.0277,-144.3041,14.8545,12.0607,10.0685,0.6025,12.0607,0.4636,-50.0,6.7322,-144.3041,12.0607,18.333,-120.0,-22.0352,258.0581
2026-08-12 18:20:00,42.47790021311458,-82.8490031115406,15.4626,4.4708,243.475,326.6005,-319.3812,0.0,2.6544,0.6992,194.0329,0.1797,-0.1618,3.219,0.0,10.0,0.0012,48.092,0.0,68.8444,0.0,0.0,13.8847,-91.0349,14.7773,-108.5864,219.9797,24.2389,-1.9784,-4.1598,-129.2439,14.4687,11.9506,18.0781,0.263,11.9506,0.1561,-50.0,7.0311,-148.4258,13.0704,19.3494,-120.0,14.8805,206.2188
2026-08-12 18:20:10,42.47804314,-82.84913678,15.8311,2.9309,309.2648,282.9662,-207.0226,0.0,1.1219,1.623,191.5707,0.1869,-0.1716,3.2191,0.0,10.0,0.0013,48.092,0.0,67.0379,0.0,0.0,16.8129,-48.1148,15.163,-57.2598,228.7286,11.9455,1.0365,-1.5791,-50.0,10.8604,7.0646,14.5775,0.2381,6.981,0.1469,-50.0,7.0646,-148.2067,13.1718,19.4745,-120.0,-10.9071,236.0852
2026-08-12 18:20:20,42.478088299999996,-82.84926548000001,15.7907,2.1596,296.8649,272.2582,33.803,0.0,0.0217,1.5453,189.8639,0.1883,-0.1751,3.2192,0.0,10.0,0.0024,48.092,0.0,64.0269,0.0,0.0,17.2653,-34.7735,15.6507,-38.9641,231.0105,-3.7596,1.4956,-0.5776,-50.0,11.0694,7.1361,9.5654,0.2225,7.1152,0.2102,-50.0,7.1361,-149.7462,13.4226,19.7083,-120.0,13.7938,221.4031
2026-08-12 18:20:30,42.478124130000005,-82.84938071000002,15.4692,2.2996,279.9449,256.1868,-237.0754,0.0,0.7634,1.5265,188.1839,0.1897,-0.1783,3.2193,6.7966,10.0,0.0026,48.092,9.5388,64.5695,0.0,0.0,15.532,-22.8536,13.7141,-26.09,227.903,5.9575,1.4925,-0.1731,-50.0,11.0208,6.8472,9.499,0.2232,7.0841,0.2107,-50.0,6.8472,-145.8264,12.448,18.725,-120.0,21.6884,208.2692
2026-08-12 18:20:40,42.478124550000004,-82.84950823,15.7185,2.0838,278.4374,266.9991,76.5976,0.0,0.6705,2.3147,186.5482,0.1889,-0.1793,3.2194,13.5932,10.0,0.0024,48.092,19.0776,62.7643,0.0,0.0,16.1337,-7.2588,14.0704,-8.3465,246.9426,17.718,,-0.0147,-50.0,,6.8414,,,,,-50.0,6.8414,-145.8481,12.4301,18.7036,-120.0,40.4193,208.2392
2026-08-12 18:20:50,42.47816983,-82.84965484,15.9952,2.5931,286.3781,267.1515,-24.4657,0.0,0.8632,1.8144,184.5569,0.191,-0.1833,3.2195,13.5932,10.0,0.0023,48.092,19.0776,63.8628,0.0,0.0,17.7191,-17.1157,15.2567,-19.9823,244.2572,18.6497,,-0.5715,-50.0,,7.1794,,,,,-50.0,7.1794,-149.797,13.5596,19.8647,-120.0,30.0219,217.5706
2026-08-12 18:21:00,42.47819482,-82.84982014,16.0925,2.5659,280.578,261.6753,-54.4623,0.0,1.0902,1.6209,182.334,0.1921,-0.1864,3.2196,13.5932,10.0,0.0029,48.092,19.0776,64.1744,0.0,0.0,17.4129,-7.379,14.7992,-8.7047,250.8183,4.0307,,-0.4609,-50.0,,7.0692,,,,,-50.0,7.0692,-149.0651,13.2008,19.4768,-120.0,39.7084,212.6624
2026-08-12 18:21:10,42.47820531280139,-82.84997778218712,15.8169,2.3423,274.7808,259.9595,22.6299,0.0,0.4124,1.5792,180.117,0.1927,-0.1885,3.2197,13.5932,10.0,0.0013,48.092,19.0776,63.597,0.0,0.0,16.5395,-3.8706,14.1532,-4.5304,253.2746,8.1637,,-0.1804,-40.0,,6.9214,,,,,-40.0,6.9214,-117.9615,12.7008,18.9751,-96.0,35.517,219.5347
2026-08-12 18:21:20,42.47822023688559,-82.85012619950594,16.0444,2.486,277.4803,261.7119,9.0989,0.0,0.6627,1.8146,178.112,0.1937,-0.1908,3.2198,13.5932,10.0,0.0028,48.092,19.0776,63.4907,0.0,0.0,15.96,-8.2047,13.5137,-9.6818,249.3182,5.6189,,-0.3874,-40.0,,6.779,,,,,-40.0,6.779,-115.9476,12.2192,18.4919,-96.0,31.9579,221.4211
2026-08-12 18:21:30,42.47824519,-82.8502764,15.9022,2.5814,282.4688,264.1383,33.0257,0.0,0.6137,1.8764,176.2755,0.1954,-0.1935,3.2199,13.5932,10.0,0.0038,48.092,19.0776,63.768,0.0,0.0,16.9623,-16.0285,14.5915,-18.7676,242.3429,15.7688,,-0.6624,-50.0,,6.9946,,,,,-50.0,6.9946,-147.1965,12.9346,19.2371,-120.0,31.0113,213.9854
2026-08-12 18:21:40,42.47826997,-82.85041899,15.9088,2.043,283.8124,264.4928,-13.654,0.0,0.8054,1.4701,174.4865,0.1974,-0.1963,3.22,13.5932,10.0,0.0017,48.092,19.0776,64.4769,0.0,0.0,18.7732,-15.0119,16.7559,-16.8361,245.8609,10.9801,,-0.7108,-50.0,,7.4656,,,,,-50.0,7.4656,-150.0,14.4629,20.9003,-120.0,32.917,214.7804
2026-08-12 18:21:50,42.47827966999999,-82.85055439,15.5348,2.1985,276.5788,258.4683,-49.5108,0.0,0.3341,1.2482,172.8456,0.1986,-0.198,3.22,13.5932,10.0,0.0032,48.092,19.0776,64.4549,0.0,0.0,17.5165,-10.5475,15.4004,-12.0073,244.9337,8.0551,,-0.534,-50.0,,7.2288,,,,,-50.0,7.2288,-149.6832,13.7132,20.0461,-120.0,37.6649,209.5064
2026-08-12 18:22:00,42.478275950000004,-82.85068565,15.4167,2.3093,265.111,250.7074,-31.5746,0.0,-0.2266,1.6017,171.2433,0.1993,-0.199,3.2201,13.5932,10.0,0.0038,48.092,19.0776,64.469,0.0,0.0,17.3665,-2.7742,15.0669,-3.1835,245.8938,2.3399,,-0.1835,-20.0,,7.1353,,,,,-20.0,7.1353,-59.7665,13.4149,19.7105,-48.0,15.4986,231.2107
2026-08-12 18:22:10,42.4782726,-82.8508326,14.7539,2.3326,271.3746,254.1764,114.0748,0.0,0.4097,1.3721,169.3382,0.2001,-0.2001,3.2202,13.5932,10.0,0.0027,48.092,19.0776,64.6153,0.0,0.0,16.2758,-3.1342,13.99,-3.6593,246.8632,2.1319,,-0.4836,-38.8889,,6.9046,,,,,-38.8889,6.9046,-113.9573,12.6439,18.918,-93.3333,35.1182,215.271
2026-08-12 18:22:20,42.47828483333333,-82.8509793,15.5304,2.6592,277.0675,260.333,5.1031,0.0,0.8924,1.8995,167.4619,0.2023,-0.2022,3.2203,13.5932,10.0,0.0032,48.092,19.0776,64.5235,0.0,0.0,16.2885,-13.8346,13.8092,-16.3554,241.2326,5.3173,,-0.8064,-50.0,,6.8056,,,,,-50.0,6.8056,-145.3425,12.3092,18.5822,-120.0,35.9552,210.0028
2026-08-12 18:22:30,42.47830021530895,-82.85112742610713,15.456,2.5134,276.2585,259.2266,4.2212,0.0,0.5199,1.7911,165.6708,0.2047,-0.2045,3.2204,13.5932,10.0,0.0022,48.092,19.0776,64.2137,0.0,0.0,17.7519,-12.8772,15.3662,-14.9132,241.4658,7.4432,,-0.8494,-50.0,,7.166,,,,,-50.0,7.166,-149.9136,13.5197,19.8143,-120.0,34.2512,209.1462
2026-08-12 18:22:40,42.47832384000001,-82.85128511999999,15.3773,2.3218,283.5091,262.8195,-4.5413,0.0,0.9194,1.7154,163.8987,0.208,-0.2074,3.2205,13.5932,10.0,0.0038,48.092,19.0776,64.2069,0.0,0.0,16.261,-17.4734,14.0088,-20.4186,239.7696,19.1409,,-1.2446,-50.0,,6.8989,,,,,-50.0,6.8989,-146.5439,12.6228,18.9008,-120.0,29.4168,212.735
2026-08-12 18:22:50,42.47834211000001,-82.85144953,15.4035,2.6456,276.9919,257.9082,-26.1983,0.0,0.7674,1.8674,162.0263,0.2112,-0.2099,3.2206,13.5932,10.0,0.0025,48.092,19.0776,64.4583,0.0,0.0,16.5795,-8.4687,14.0602,-10.0394,245.256,16.0559,,-1.0713,-50.0,,6.8758,,,,,-50.0,6.8758,-146.3353,12.5467,18.8205,-120.0,39.2785,208.5585
2026-08-12 18:23:00,42.478341820000004,-82.85160661999998,15.2515,2.424,271.064,254.609,-8.2536,0.0,0.6492,1.5475,160.4127,0.2132,-0.2112,3.2207,13.5932,10.0,0.0021,48.092,19.0776,64.4238,0.0,0.0,16.1635,-4.6929,13.7267,-5.5123,246.4832,14.7673,,-0.8668,-40.0,,6.8345,,,,,-40.0,6.8345,-116.724,12.4069,18.6802,-96.0,34.9846,214.8712
2026-08-12 18:23:10,42.47833888000001,-82.85176507,15.0383,2.5406,265.9212,251.5226,-6.8622,0.0,0.3828,1.3301,158.6088,0.2155,-0.2124,3.2208,13.5932,10.0,0.0041,48.092,19.0776,64.3304,0.0,0.0,15.5399,-4.0605,13.0161,-4.8488,244.0453,21.7918,,-0.7481,-50.0,,6.684,,,,,-50.0,6.684,-143.6223,11.8976,18.1694,-120.0,44.455,201.7481
2026-08-12 18:23:20,42.47834253,-82.85192703000001,14.9289,2.6747,269.2478,254.6846,25.1292,0.0,0.4006,1.3955,156.8394,0.2185,-0.2142,3.2209,13.5932,10.0,0.0022,48.092,19.0776,64.3561,0.0,0.0,15.5359,-3.9322,12.8601,-4.7517,246.6741,24.2142,,-0.9948,-50.0,,6.5921,,,,,-50.0,6.5921,-142.3224,11.5866,17.8574,-120.0,45.0897,204.1431
2026-08-12 18:23:30,42.478349800000004,-82.85207575,14.8196,3.6136,217.6506,256.074,1.7911,0.0,0.5434,1.4009,155.3204,0.2216,-0.216,3.221,13.5932,10.0,0.0035,48.092,19.0776,64.4411,0.0,0.0,16.6075,0.5884,13.0573,1.626,249.7393,17.4456,,-2.4872,-20.3624,,6.7729,,,,,-20.3624,6.7729,-58.4348,12.1987,18.4535,-48.0,19.3768,235.6129
2026-08-12 18:23:40,42.47837529160632,-82.85215552962258,14.8064,2.0713,126.5167,259.6642,57.3047,0.0,0.1637,1.4435,154.4575,0.2251,-0.2185,3.2211,13.5932,10.0,0.0029,48.092,19.0776,64.0692,0.0,0.0,15.9697,-0.2079,13.4908,-0.2784,246.6705,-1.9802,,-2.2347,19.2885,,6.6644,,,,,19.2885,6.6644,58.4024,11.8325,18.0606,48.0,-16.5721,278.3816
2026-08-12 18:23:50,42.47843145,-82.8524945,14.7014,5.9482,281.3469,269.7043,28.8104,0.0,1.3726,1.3183,151.7819,0.2342,-0.2246,3.2212,13.5932,10.0,0.0024,48.092,19.0776,64.2641,0.0,0.0,16.4753,-22.2429,12.17,-34.4124,234.9883,9.1797,8.5558,-3.087,-48.3494,7.1241,6.3828,6.8237,1.5938,5.4574,1.5678,-48.3494,6.3828,-141.1504,10.9256,17.0611,-120.0,17.3576,218.1918
2026-08-12 18:24:00,42.47845212,-82.85263652,14.6161,3.6525,306.8029,270.4518,13.6677,0.0,1.5439,0.7794,150.5603,0.2379,-0.2266,3.2213,13.5932,10.0,0.0019,48.092,19.0776,65.1588,0.0,0.0,16.6175,-19.536,13.4114,-23.9577,241.4356,23.1623,,-3.2868,-50.0,,6.7037,,,,,-50.0,6.7037,-143.9016,11.9644,18.2364,-120.0,27.3641,220.2665
2026-08-12 18:24:10,42.478502119999995,-82.85272876999998,14.603,1.697,314.7211,273.5184,8.6192,0.0,2.3131,0.5773,150.0474,0.243,-0.2308,3.2214,13.5932,10.0,0.0032,48.092,19.0776,65.0339,0.0,0.0,14.369,-18.6701,13.0257,-20.7416,248.5365,38.6488,,-1.6185,-50.0,,6.7074,,,,,-50.0,6.7074,-143.9527,11.9767,18.2487,-120.0,26.3266,223.2864
2026-08-12 18:24:20,42.478202267934364,-82.85261128415083,14.5768,14.4168,172.2337,272.3843,4.4313,0.0,1.2404,0.9626,148.9033,0.2254,-0.2127,3.2215,13.5932,10.0,0.0014,48.092,19.0776,65.32,0.0,0.0,12.4514,-16.3833,5.1421,-103.5406,290.2679,23.9702,-5.6436,10.4568,-103.1049,6.6979,4.6133,6.2577,2.255,4.4342,2.0134,-40.1049,3.7086,-131.0,5.1829,8.5546,-120.0,1.5024,169.2743
2026-08-12 18:24:30,42.47759466884791,-82.85255079689965,14.5636,13.4708,179.3129,283.8824,79.0071,0.0,1.2603,1.4234,143.943,0.1933,-0.1761,3.2216,13.5932,10.0,0.0025,48.092,19.0776,65.1167,0.0,0.0,11.5773,-36.6013,8.0765,-121.5168,309.7538,25.685,-7.0032,10.9784,-135.6777,10.754,7.6803,12.6884,1.0746,7.7382,0.9149,-40.0,5.2481,-135.6777,7.6803,12.7267,-120.0,14.218,147.2257
2026-08-12 18:24:40,42.47840793,-82.85295985,14.5768,14.0695,257.737,287.6325,13.5142,0.0,0.3412,1.0858,147.0405,0.2437,-0.2272,3.2217,13.5932,10.0,0.0026,48.092,19.0776,65.3812,0.0,0.0,13.6219,-38.9976,9.81,-108.4574,228.6542,23.7742,-5.5014,-1.7174,-119.7233,11.2419,8.5952,13.896,0.991,8.5836,0.6864,-42.6416,5.8139,-139.0276,9.1033,14.841,-120.0,8.7988,167.7538
2026-08-12 18:24:50,42.47817944,-82.8537045,14.498,15.1814,232.5808,287.0172,-14.8511,0.0,0.1689,0.7102,139.1504,0.2525,-0.2203,3.2218,13.5932,10.0,0.0019,48.092,19.0776,65.6417,0.0,0.0,13.3175,-41.7908,10.3113,-120.6237,180.8995,22.1682,-7.6349,-0.9074,-140.0,12.6636,9.7094,15.5973,0.9738,9.7009,0.7872,-44.2493,6.0354,-140.0,9.7094,15.6898,-120.0,19.6936,147.4065
2026-08-12 18:25:00,42.47815816,-82.85364495000002,14.334,10.2421,237.4669,286.8541,-0.1998,0.0,0.7516,0.1837,140.756,0.2528,-0.2205,3.2219,13.1296,10.0,0.003,48.092,19.1984,65.6856,0.0,0.0,12.861,-49.2377,11.3131,-108.7686,89.8376,31.995,-6.0837,-2.9035,-121.5261,12.5925,9.4791,15.2701,0.7879,9.4867,0.6454,-46.9198,6.2176,-140.0,10.3232,16.4375,-120.0,8.6988,165.1384
2026-08-12 18:25:10,42.47873708,-82.85275991,14.3876,5.0695,317.7045,297.5716,-2.9001,0.0,1.8777,0.4713,151.343,0.2558,-0.2447,3.222,13.1296,10.0,0.0018,48.092,19.1984,65.2616,0.0,0.0,14.0678,-49.4379,11.4475,-69.1116,223.2553,42.1458,1.7252,-4.7632,-48.4575,9.5048,6.3299,12.6911,0.4023,6.3161,0.2739,-48.4575,6.3299,-140.1029,10.7012,16.8928,-120.0,-21.2609,245.3241
2026-08-12 18:25:20,42.478919000000005,-82.85307051000001,14.2815,11.8846,303.313,294.7273,14.7567,0.0,0.4822,-0.3546,150.2114,0.271,-0.2576,3.2221,13.1296,10.0,0.0024,48.092,19.1984,66.6718,0.0,0.0,14.0824,-37.218,10.1153,-82.1507,201.297,35.4723,-0.0709,-7.7368,-61.9118,8.8474,6.4783,11.706,0.8988,6.6295,0.5097,-42.5278,5.8503,-139.4123,9.1708,14.9668,-120.0,-14.6883,232.7023
2026-08-12 18:25:30,42.47895173333333,-82.85396968888888,13.9244,17.4557,270.4361,298.4611,-1.0921,0.0,0.9579,-0.0951,144.0905,0.2935,-0.2675,3.2221,13.1296,10.0,0.0025,48.092,19.1984,66.6742,0.0,0.0,14.6353,-39.1511,11.072,-123.4346,132.7573,40.3779,-9.6533,-10.3387,-140.0,13.438,10.2897,16.0159,1.0882,10.2941,0.9375,-46.7742,6.2077,-140.0,10.2897,16.3968,-120.0,16.3617,158.3664
2026-08-12 18:25:40,42.478957756656854,-82.8550222449009,13.7762,17.4557,270.4361,300.3122,30.5616,0.0,3.0029,0.1555,136.803,0.3266,-0.2783,3.2222,13.1296,10.0,0.0024,48.092,19.1984,66.6859,0.0,0.0,15.0152,-38.0697,10.8505,-121.3152,129.8774,41.4626,-9.4035,-12.0393,-140.0,13.2654,10.1529,15.9477,1.0946,10.1619,0.9254,-46.1788,6.1671,-140.0,10.1529,16.2301,-120.0,17.6848,160.2362
2026-08-12 18:25:50,42.47896383,-82.8561028,13.7916,13.9645,270.4361,290.1532,-58.999,0.0,3.6263,-0.3635,131.5001,0.3597,-0.288,3.2223,13.1296,10.0,0.0032,48.092,19.1984,67.3677,0.0,0.0,16.8485,-35.3431,11.2844,-96.3468,180.5222,41.3296,-4.9037,-11.4717,-130.0,12.2736,9.4995,14.6896,0.971,9.2094,0.5838,-45.5288,6.1302,-140.1057,10.0288,16.0734,-120.0,25.9394,160.95
2026-08-12 18:26:00,42.47936309000001,-82.85546734999998,13.615,4.4145,232.5487,314.8182,384.5712,0.0,-0.2254,0.3265,137.5104,0.362,-0.3059,3.2224,13.1296,10.0,0.0017,48.092,19.1984,66.187,0.0,0.0,13.9703,-53.0971,14.2522,-71.9767,243.649,42.7758,-0.9962,-3.0826,-76.8598,12.2018,8.093,13.8246,0.4669,8.9015,0.2521,-48.9491,6.8592,-145.8003,12.4693,18.7351,-120.0,13.5658,232.1691
2026-08-12 18:26:10,42.48021724,-82.85380868,13.5072,10.3782,28.3815,94.798,63.371,0.0,-0.5933,-0.5012,151.616,0.3561,-0.3412,3.2225,13.1296,10.0,0.002,48.092,19.1984,70.3205,0.0,0.0,7.1402,-108.3827,14.2874,-151.6799,230.4718,42.4552,-8.8207,-5.6847,-146.6442,15.1245,12.6206,14.51,0.7111,12.6427,0.6965,-50.0,6.8977,-146.6442,12.6206,18.8946,-120.0,-2.3524,215.4898
2026-08-12 18:26:20,42.48064874999999,-82.85349432999999,13.7088,10.419,28.3328,10.5883,-22.7006,0.0,0.1328,-0.5482,155.2244,0.3723,-0.3627,3.2226,13.1296,10.0,0.002,48.092,19.1984,69.9661,0.0,0.0,6.6501,-119.1056,14.8339,-156.9491,224.9678,42.1891,-9.5483,-6.2534,-149.2591,15.4603,13.289,13.7107,0.762,13.2869,0.7189,-50.0,7.0962,-149.2591,13.289,19.5717,-120.0,-7.1467,221.4317
2026-08-12 18:26:30,42.48107793000001,-82.85318169000001,13.8615,10.419,28.3328,12.7929,44.8888,0.0,0.1667,-0.4152,158.6843,0.3908,-0.3853,3.2227,13.1296,10.0,0.0006,48.092,19.1984,70.288,0.0,0.0,6.0994,-129.7133,15.0527,-161.8517,220.8448,42.2068,-9.8698,-6.7451,-149.6579,15.5255,13.3926,12.6267,0.8255,13.4018,0.7365,-50.0,7.127,-149.6579,13.3926,19.6768,-120.0,-11.5935,222.321
2026-08-12 18:26:40,42.48134612350453,-82.85298626620036,14.0846,2.0838,28.3328,22.0509,58.1854,0.0,0.2061,-0.6371,160.7886,0.4036,-0.4001,3.2228,13.1296,10.0,0.0012,48.092,19.1984,71.3344,0.0,0.0,5.8253,-134.21,7.9592,-141.8138,241.8959,42.3399,-2.7226,-1.5586,-137.2684,11.3821,8.6223,9.5361,0.2485,8.4561,0.2177,-43.1799,5.3963,-137.2684,8.6223,13.5299,-120.0,-8.6132,243.8022
2026-08-12 18:26:50,42.48134990577037,-82.85298354790169,14.2749,0.0,28.3328,39.7968,234.0762,0.0,0.192,-0.5173,160.8293,0.4038,-0.4004,3.2229,13.1296,10.0,0.0009,48.092,19.1984,73.0078,0.0,0.0,5.3775,-156.08,5.3775,-156.08,242.5337,29.8241,-0.0002,0.0,-130.0,8.7691,5.5818,4.8639,0.0,5.6367,0.0,-40.0,4.0727,-130.0,5.5818,9.2153,-120.0,-24.0211,268.7462
2026-08-12 18:27:00,42.481146069999994,-82.85256905000001,14.3668,5.3417,86.971,109.6184,317.8665,0.0,-2.1052,0.2311,162.891,0.3879,-0.3862,3.223,13.1296,10.0,0.0019,48.092,19.1984,73.9475,0.0,0.0,7.1627,72.1297,10.4262,88.4651,257.3429,-46.9326,-3.7523,0.9937,79.6102,12.3232,9.5284,9.3128,0.4736,9.2037,0.3753,28.2807,5.8382,79.6102,9.5284,15.1959,66.6667,6.0495,263.8259
2026-08-12 18:27:10,42.480823120000004,-82.85231634,14.3274,8.5412,144.147,139.1075,-15.1685,0.0,-2.1142,0.0632,163.5722,0.365,-0.3638,3.2231,13.1296,10.0,0.0022,48.092,19.1984,71.6088,0.0,0.0,13.609,70.7442,13.3586,106.6325,246.826,-47.9865,-2.5162,7.7676,143.6007,14.7947,11.881,17.8091,0.4588,11.9344,0.2116,49.9501,6.6791,143.6007,11.881,18.1502,120.0,-34.2836,282.9869
2026-08-12 18:27:20,42.48049964,-82.85195737000001,14.3274,8.9125,138.4787,135.2779,16.2682,0.0,-1.8595,-0.4828,165.2128,0.3419,-0.3414,3.2232,13.1296,10.0,0.0017,48.092,19.1984,70.4858,0.0,0.0,12.7896,71.1515,13.116,112.6597,247.9548,-48.0779,-3.448,8.105,143.7423,14.8008,11.9263,18.1012,0.5058,11.9445,0.2896,50.0,6.6925,143.7423,11.9263,18.1982,120.0,-31.8665,278.0259
2026-08-12 18:27:30,42.48016319,-82.85160179999998,14.3668,9.068,145.1909,145.2489,48.049,0.0,-1.9384,-0.5259,167.0006,0.319,-0.3189,3.2233,13.1296,10.0,0.0019,48.092,19.1984,69.8963,0.0,0.0,12.6039,73.5305,13.2712,114.3289,258.7178,-48.1148,-3.7199,8.3227,144.3176,14.8622,12.064,18.2925,0.4919,12.0761,0.3081,50.0,6.7332,144.3176,12.064,18.3362,120.0,-30.0741,288.4948
2026-08-12 18:27:40,42.47981093,-82.85129752,14.4849,9.1283,147.8403,146.3363,-5.8214,0.0,-2.1729,-0.3849,168.6716,0.2948,-0.2948,3.2234,13.1296,10.0,0.002,48.092,19.1984,70.3744,0.0,0.0,13.6886,69.4494,13.537,108.6578,255.5086,-48.415,-2.9402,8.575,144.7045,14.8925,12.1565,18.2012,0.4997,12.1475,0.2425,50.0,6.7605,144.7045,12.1565,18.4291,120.0,-36.1857,291.0591
2026-08-12 18:27:50,42.4794528,-82.85098950000001,14.1689,9.0713,147.1903,144.8205,-34.659,0.0,-0.699,-0.4209,170.5749,0.2716,-0.2714,3.2235,13.1296,10.0,0.0015,48.092,19.1984,69.9347,0.0,0.0,12.7194,72.5126,13.3237,114.1845,259.7038,-56.8295,-3.8484,8.429,146.0567,14.963,12.4311,18.5548,0.5027,12.3573,0.3113,49.7778,6.8417,146.0567,12.4311,18.6939,120.0,-31.8158,291.8889
2026-08-12 18:28:00,42.47915071297424,-82.85068432142245,14.4313,8.3546,138.4249,132.9329,-43.7912,0.0,-0.3133,-0.7008,173.0807,0.2507,-0.2498,3.2236,13.1296,10.0,0.0016,48.092,19.1984,70.2839,0.0,0.0,10.757,76.7023,11.9163,118.544,253.8178,-53.9257,-3.8315,6.6888,140.7403,14.0482,10.8624,16.8483,0.4922,10.9032,0.349,48.4953,6.3775,140.7403,10.8624,17.0564,120.0,-23.7651,275.5813
2026-08-12 18:28:10,42.47889555000001,-82.85029582,14.8852,8.0067,129.6506,124.7188,-56.7167,0.0,-0.5426,-0.6885,176.7941,0.2342,-0.2315,3.2237,13.1296,10.0,0.0014,48.092,19.1984,71.3704,0.0,0.0,9.9972,86.9963,12.4537,126.6937,253.5023,-53.8851,-4.8122,5.4509,141.6213,14.5662,11.4189,17.0277,0.4699,11.4178,0.4213,50.0,6.5425,141.6213,11.4189,17.6891,120.0,-14.6822,266.8509
2026-08-12 18:28:20,42.478667390000005,-82.84988127000001,14.0715,7.752,124.4006,119.5137,-33.4332,0.0,-0.6844,-0.6205,181.131,0.2208,-0.2152,3.2238,13.1296,10.0,0.0014,48.092,19.1984,71.435,0.0,0.0,9.9158,89.2007,12.5376,127.7739,249.4094,-53.8971,-4.7446,4.3657,141.6429,14.561,11.4241,16.979,0.461,11.4063,0.416,50.0,6.544,141.6429,11.4241,17.6943,120.0,-14.1684,261.7103
2026-08-12 18:28:30,42.47846884,-82.84946950999999,15.6726,7.7812,123.0868,117.5103,29.4275,0.0,-1.0852,-0.5605,185.7752,0.2108,-0.201,3.2239,13.1296,10.0,0.0011,48.092,19.1984,72.0196,0.0,0.0,9.8137,93.4657,12.8467,130.301,249.8377,-53.8014,-4.9539,3.4355,142.7013,14.6854,11.6773,17.0182,0.4526,11.6903,0.4236,50.0,6.6189,142.7013,11.6773,17.9483,120.0,-12.6746,260.085
2026-08-12 18:28:40,42.47824847000001,-82.84903690000002,15.6201,8.516,123.3355,117.2823,-39.3221,0.0,-0.8723,-0.7695,191.4589,0.2009,-0.1846,3.224,13.1296,10.0,0.0015,48.092,19.1984,71.5375,0.0,0.0,10.6631,90.1975,13.6397,128.6012,248.6636,-53.9921,-5.2678,3.3273,145.1757,14.9539,12.2693,17.7947,0.4756,12.2849,0.4291,50.0,6.7938,145.1757,12.2693,18.5422,120.0,-16.628,263.2383
2026-08-12 18:28:50,42.47807396666666,-82.84859815555555,14.8797,7.8531,118.9728,118.1826,203.5608,0.0,-1.6913,-0.6878,197.9651,0.1951,-0.1694,3.2241,13.1296,10.0,0.001,48.092,19.1984,72.4805,0.0,0.0,8.9444,101.66,13.0666,137.9413,255.2064,-53.4055,-5.8457,1.2935,143.9303,14.8036,11.9713,15.9709,0.4972,11.952,0.4894,50.0,6.7058,143.9303,11.9713,18.2433,120.0,-6.5152,258.5689
2026-08-12 18:29:00,42.4778393130846,-82.8483741913371,15.7448,6.1328,171.6845,184.8236,247.1335,0.0,-2.0284,-0.2208,202.7198,0.1853,-0.1528,3.2241,13.1296,10.0,0.0018,48.092,19.1984,69.49,0.0,0.0,13.5099,56.7514,11.6291,80.9483,261.4018,-44.2399,-0.2623,4.6732,84.8587,11.5017,8.3378,14.2331,0.4493,8.5472,0.3108,48.0016,6.3521,140.8571,10.7768,16.9461,120.0,4.3526,263.8413
2026-08-12 18:29:10,42.4775862,-82.84840977000002,15.4539,4.6866,185.5753,188.2798,28.622,0.0,-0.1504,-0.709,204.2446,0.1704,-0.1379,3.2242,13.1296,10.0,0.002,48.092,19.1984,67.4749,0.0,0.0,13.666,44.4437,10.8313,61.9592,249.599,-38.2179,2.3796,4.4873,45.9833,8.8822,6.1537,11.039,0.4367,6.1584,0.386,45.9833,6.1537,140.0,10.1079,16.1753,120.0,13.9884,233.2233
2026-08-12 18:29:20,42.47735139,-82.84844786000001,15.2242,5.6196,191.7369,193.4144,19.6181,0.0,-1.4336,-0.2934,205.8116,0.1568,-0.1243,3.2243,13.1296,10.0,0.0016,48.092,19.1984,67.3474,0.0,0.0,12.813,42.8244,9.4863,66.3222,260.1659,-50.3751,2.1535,5.4511,42.2855,7.9533,5.8967,11.0687,0.5037,5.8859,0.3678,42.2855,5.8967,139.9597,9.2483,15.1234,120.0,25.3625,235.5789
2026-08-12 18:29:30,42.47710216,-82.84853315000001,15.1411,5.1065,201.4537,203.2955,100.3646,0.0,-0.6805,-0.6412,207.0242,0.1424,-0.1111,3.2244,13.1296,10.0,0.0029,48.092,19.1984,65.7503,0.0,0.0,13.2383,23.7643,9.0574,37.3039,240.2522,-39.4377,3.3061,5.0445,40.3344,7.5962,5.7312,9.0586,0.5954,5.7779,0.5722,40.3344,5.7312,139.678,8.7314,14.4616,120.0,2.5907,241.8274
2026-08-12 18:29:40,42.476933190000004,-82.84865495999999,15.3445,3.6039,205.4294,204.631,-39.675,0.0,-0.0484,-0.5763,206.9403,0.131,-0.1023,3.2245,13.1296,10.0,0.0031,48.092,19.1984,65.9488,0.0,0.0,12.0074,30.1594,9.1416,41.645,246.4397,-38.0222,2.2347,3.5651,40.5651,7.4261,5.7307,8.8763,0.4114,5.6586,0.3949,40.5651,5.7307,139.5366,8.75,14.4682,120.0,-2.7771,245.704
2026-08-12 18:29:50,42.47674791000001,-82.84874929,15.4298,4.4047,200.1307,200.5142,-1.4778,0.0,-0.8297,-0.3985,207.5505,0.1191,-0.0922,3.2246,13.1296,10.0,0.0021,48.092,19.1984,66.2302,0.0,0.0,13.8102,32.8835,10.3266,46.5576,246.8268,-48.8167,2.8648,4.503,44.1858,8.0686,6.031,8.8508,0.4905,5.9278,0.4829,44.1858,6.031,140.0,9.6949,15.672,120.0,2.5807,244.7253
2026-08-12 18:30:00,42.47653991111111,-82.84884152222223,15.4035,5.2764,196.3934,196.9366,-16.319,0.0,-1.127,-0.2009,208.7236,0.106,-0.0807,3.2247,13.3189,10.0,0.0024,48.092,19.3674,66.0087,0.0,0.0,17.1437,31.1664,12.9441,43.292,240.2534,-49.3511,3.8749,5.1379,49.7695,10.3545,6.5821,9.2236,0.6009,6.6557,0.5822,49.7695,6.5821,142.4039,11.5532,17.8124,120.0,-6.979,246.8388
2026-08-12 18:30:10,42.476305320689946,-82.84894933068048,15.1531,5.8996,200.0849,201.8843,71.1843,0.0,-2.3364,0.9335,210.3994,0.091,-0.0675,3.2248,13.3189,10.0,0.0024,48.092,19.3674,66.1033,0.0,0.0,17.1535,31.0462,12.5372,44.954,249.0058,-49.7873,4.0007,5.8932,50.0,10.2247,6.5642,9.815,0.613,6.5723,0.6091,50.0,6.5642,141.9287,11.4924,17.7629,120.0,-4.6971,252.4159
2026-08-12 18:30:20,42.47607477622479,-82.84908352863134,14.65,5.2542,203.781,203.4968,-16.9502,0.0,-1.2408,-0.1486,211.8521,0.0756,-0.0548,3.2249,13.3189,10.0,0.0013,48.092,19.3674,65.3706,0.0,0.0,16.8385,28.7523,12.4826,40.5008,243.9035,-49.7764,,5.2689,50.0,,6.535,,,,,50.0,6.535,141.5145,11.3934,17.6635,120.0,-8.969,253.8114
2026-08-12 18:30:30,42.47584893999999,-82.84920325000002,15.0951,5.8315,201.0675,201.615,37.4813,0.0,-2.5745,0.0061,214.2883,0.062,-0.0431,3.225,13.3189,10.0,0.0033,48.092,19.3674,65.8696,0.0,0.0,17.6827,33.3518,13.2919,47.0743,248.742,-50.4888,3.9139,5.4643,50.0,10.4653,6.6929,10.0366,0.5869,6.7269,0.5816,50.0,6.6929,143.7487,11.9279,18.1997,120.0,-4.2559,251.3474
2026-08-12 18:30:40,42.47557476,-82.84936755,14.8852,6.8209,204.4674,205.2843,11.6529,0.0,-2.5868,0.0283,218.4474,0.0448,-0.0288,3.2251,13.3189,10.0,0.0025,48.092,19.3674,65.4282,0.0,0.0,18.7883,30.7,13.424,45.6417,250.5653,-50.743,4.6564,6.668,50.0,10.6445,6.7783,10.112,0.6895,6.8421,0.6807,50.0,6.7783,144.9556,12.2166,18.4894,120.0,-3.7042,254.7213
2026-08-12 18:30:50,42.47531462,-82.84954574999999,15.3062,5.159,211.2083,208.4859,87.462,0.0,-0.6762,-0.0724,226.1782,0.0275,-0.0147,3.2252,13.3189,10.0,0.0055,48.092,19.3674,64.0983,0.0,0.0,16.504,22.4059,11.9439,33.6218,241.3575,-38.838,4.3199,5.0005,48.9613,9.7571,6.381,9.1593,0.686,6.3825,0.6764,48.9613,6.381,140.3391,10.8735,17.0905,120.0,-10.5049,256.8875
2026-08-12 18:31:00,42.47515817,-82.84967415,15.8169,3.5339,205.477,206.0623,-62.1243,0.0,-0.6539,0.015,235.8947,0.0172,-0.0067,3.2253,13.3189,10.0,0.0039,48.092,19.3674,65.3307,0.0,0.0,14.2581,32.8219,11.5226,42.352,248.8499,-45.5841,2.4758,2.9713,48.4485,9.4028,6.3581,8.8876,0.4003,6.2903,0.3939,48.4485,6.3581,140.5111,10.7968,16.9882,120.0,-12.2461,255.9701
2026-08-12 18:31:10,42.47496906,-82.84978273,15.864,4.8907,203.8269,203.574,18.7502,0.0,-1.4931,0.3783,283.5545,0.01,0.0037,3.2254,13.3189,10.0,0.0033,48.092,19.3674,65.332,0.0,0.0,15.7724,32.0674,12.0125,44.2118,247.7538,-49.5084,3.6216,0.6525,49.1392,10.0301,6.3969,8.8758,0.5777,6.4473,0.5617,49.1392,6.3969,140.3935,10.9273,17.1534,120.0,-4.921,252.7679
2026-08-12 18:31:20,42.47477076666667,-82.8499317,15.4812,5.2289,214.898,214.081,54.1058,0.0,-1.8562,0.2752,306.0543,0.0138,0.0135,3.2255,13.3189,10.0,0.0031,48.092,19.3674,64.6068,0.0,0.0,17.8773,26.3393,13.3643,36.6537,249.9084,-45.5233,3.8081,-3.4901,49.8554,9.7511,6.7276,8.7987,0.6128,6.3727,0.5976,49.8554,6.7276,144.3793,12.0455,18.3105,120.0,-12.427,262.9779
2026-08-12 18:31:30,42.47460253609179,-82.85011844548117,15.853,4.8635,216.244,212.7152,-91.7642,0.0,-2.2633,-0.1457,13.1712,0.0245,0.0221,3.2256,13.3189,10.0,0.004,48.092,19.3674,64.4779,0.0,0.0,17.2841,25.007,12.9935,34.2697,247.7679,-43.7254,,-4.5071,50.0,,6.6981,,,,,50.0,6.6981,143.822,11.9454,18.2173,120.0,-16.3514,265.1961
2026-08-12 18:31:40,42.474358519999996,-82.85020726,15.8497,6.6985,172.6408,159.7827,-459.8403,0.0,-0.0271,0.0031,14.1148,0.0402,0.0362,3.2257,13.3189,10.0,0.0016,48.092,19.3674,67.4667,0.0,0.0,14.2299,46.7081,11.2098,72.8349,233.0613,-47.6176,2.1894,-5.7597,55.6101,9.3876,6.6794,11.529,0.6007,6.7404,0.3949,46.538,6.2069,140.2169,10.2873,16.3827,120.0,5.9456,226.3723
2026-08-12 18:31:50,42.474129160000004,-82.84991076000001,15.7185,7.7423,116.0337,110.6686,69.7489,0.0,-0.8962,0.2635,266.2967,0.0525,0.0518,3.2258,13.3189,10.0,0.001,48.092,19.3674,71.0841,0.0,0.0,8.8126,128.3618,14.6695,151.8614,263.3312,-49.4229,-6.046,-3.8061,147.316,15.2946,12.8342,15.0071,0.5252,12.8856,0.4677,50.0,6.962,147.316,12.8342,19.1169,120.0,-3.0591,258.059
2026-08-12 18:32:00,42.47390142,-82.8495035,14.0453,8.8075,137.0022,138.6751,32.2529,0.0,-2.1244,-0.1701,342.3788,0.0686,0.0682,3.2259,13.3189,10.0,0.0015,48.092,19.3674,72.3918,0.0,0.0,11.8123,103.4729,16.1813,135.1947,272.1919,-50.3041,-6.2947,-7.9178,149.8237,16.2841,14.0883,18.6022,0.4718,14.0774,0.4464,50.0,7.3474,149.8237,14.0883,20.4742,120.0,-12.8692,287.0058
2026-08-12 18:32:10,42.4735743,-82.84913916999999,13.0698,8.9805,140.7986,142.5075,-19.5726,0.0,-0.9883,-0.3594,336.6562,0.0912,0.0893,3.226,13.3189,10.0,0.0016,48.092,19.3674,71.2508,0.0,0.0,12.5478,87.3587,15.1137,124.0089,266.3893,-50.37,-5.0795,-8.809,149.6698,15.7949,13.6331,19.6719,0.4619,13.6335,0.3724,50.0,7.2034,149.6698,13.6331,19.9542,120.0,-25.6353,293.4061
2026-08-12 18:32:20,42.473283333333335,-82.8488108,13.107,7.9719,140.3244,142.9719,-20.4279,0.0,-0.7603,-0.4085,333.091,0.116,0.1119,3.2261,13.3189,10.0,0.0021,48.092,19.3674,71.2327,0.0,0.0,10.5366,87.7926,13.0018,125.8783,267.996,-50.273,-4.7932,-7.8259,143.9954,14.8196,11.9869,17.7215,0.4584,11.9869,0.3997,50.0,6.7104,143.9954,11.9869,18.2589,120.0,-17.8574,286.7894
2026-08-12 18:32:30,42.47303127500521,-82.84850006820224,13.7369,7.4663,134.9184,137.1094,-62.1388,0.0,-0.8814,-0.429,330.762,0.1357,0.1294,3.2262,13.3189,10.0,0.0018,48.092,19.3674,71.3705,0.0,0.0,10.0801,87.7635,12.2956,125.0222,261.5798,-50.1775,-4.2719,-7.1604,141.0001,14.4434,11.2249,16.9916,0.4391,11.2249,0.3812,49.8022,6.4851,141.0001,11.2249,17.4846,120.0,-15.9959,278.7417
2026-08-12 18:32:40,42.47278646,-82.84813761000001,13.4416,8.133,132.5773,133.4065,18.1429,0.0,-1.915,0.216,328.1879,0.1572,0.1476,3.2262,13.3189,10.0,0.0012,48.092,19.3674,72.1049,0.0,0.0,10.0886,92.7492,13.2257,130.3482,263.4901,-50.4903,-5.1613,-7.7721,144.1133,14.8306,12.0151,17.3586,0.4649,12.0151,0.4293,50.0,6.7187,144.1133,12.0151,18.2872,120.0,-14.3367,277.6122
2026-08-12 18:32:50,42.47255459,-82.84775717,13.4941,6.9259,121.718,118.4826,-231.1678,0.0,-0.9091,-0.6685,325.9987,0.1772,0.1639,3.2263,13.3189,10.0,0.0006,48.092,19.3674,70.7079,0.0,0.0,8.6648,101.307,12.1917,136.0599,258.224,-47.6895,-5.0279,-6.4218,141.8574,14.3749,11.3084,15.6851,0.4585,11.3084,0.4456,49.2732,6.5096,141.8574,11.3084,17.5423,120.0,-7.1013,263.2459
2026-08-12 18:33:00,42.47253276,-82.84740494,13.4154,5.4525,59.1585,41.1555,-415.2225,0.0,3.0583,-0.1985,322.261,0.1869,0.168,3.2264,13.3189,10.0,0.001,48.092,19.3674,69.7708,0.0,0.0,6.4331,-15.9622,9.4266,-47.942,261.727,15.9986,-4.6418,-0.8073,-53.2596,11.7746,8.7599,8.8791,0.7993,8.7599,0.5882,-15.1222,5.4689,-53.2596,8.7599,14.0543,-48.0,-3.6552,248.676
2026-08-12 18:33:10,42.47279575,-82.8471966,14.4915,7.3302,23.9708,314.4586,52.7511,0.0,0.9454,0.1307,316.6737,0.1808,0.154,3.2265,13.3189,10.0,0.0013,48.092,19.3674,70.5434,0.0,0.0,10.0549,-91.0367,12.5187,-126.7709,197.3098,42.3756,-4.3477,2.8061,-142.1145,14.5385,11.4747,17.0653,0.4233,11.4747,0.3794,-49.7291,6.5589,-142.1145,11.4747,17.7316,-120.0,15.0104,218.3583
2026-08-12 18:33:20,42.47308255,-82.84695887000001,14.603,6.8831,38.0977,10.4461,80.537,0.0,-0.0026,-0.3284,310.7994,0.1767,0.1402,3.2266,13.3189,10.0,0.0011,48.092,19.3674,71.6754,0.0,0.0,6.6812,-108.6219,10.9961,-144.8218,241.1092,42.1919,-5.3712,0.4218,-140.0,13.4314,10.289,13.0361,0.5478,10.289,0.5223,-46.7712,6.2075,-140.0,10.289,16.3959,-120.0,-1.1618,229.457
2026-08-12 18:33:30,42.47330222,-82.84666392999999,14.5626,5.9443,46.2641,23.4259,27.9856,0.0,0.5114,-0.2682,304.9082,0.1788,0.13,3.2267,13.3189,10.0,0.0023,48.092,19.3674,71.8698,0.0,0.0,5.6848,-124.8542,10.4988,-153.8357,241.2936,40.5052,-5.6195,-1.1401,-140.0,12.9661,9.9326,10.0424,0.6271,9.9326,0.5668,-45.2202,6.1016,-140.0,9.9326,15.9617,-120.0,-13.5469,242.3551
2026-08-12 18:33:40,42.473473344539904,-82.84639741771318,14.7277,5.7365,46.4745,22.939,-38.963,0.0,0.5494,-0.0997,299.9123,0.1835,0.1219,3.2268,13.3189,10.0,0.0011,48.092,19.3674,71.597,0.0,0.0,6.5238,-136.2675,11.3681,-156.6622,237.4316,39.6927,-5.2527,-1.6141,-140.0,13.6782,10.4781,10.204,0.5633,10.4781,0.5018,-47.5939,6.2637,-140.0,10.4781,16.6263,-120.0,-16.4086,243.4414
2026-08-12 18:33:50,42.473661544838606,-82.84617160110437,14.0322,5.6702,41.5962,18.2343,-6.4259,0.0,0.6803,0.0137,295.2458,0.1872,0.1126,3.2269,13.3189,10.0,0.0011,48.092,19.3674,71.6666,0.0,0.0,6.5633,-132.3269,11.1481,-154.2634,234.863,39.7941,-5.0962,-1.6074,-140.0,13.6974,10.4928,10.54,0.5348,10.4928,0.4859,-47.6579,6.268,-140.0,10.4928,16.6442,-120.0,-14.7617,238.6951
2026-08-12 18:34:00,42.47386676000001,-82.84593804,14.0584,5.7382,40.7711,16.9173,-9.2968,0.0,0.9295,-0.0368,290.4903,0.192,0.0448,3.227,13.3189,10.0,0.0008,48.092,19.3674,71.8259,0.0,0.0,6.2287,-126.0419,10.6641,-151.844,236.4337,39.74,-5.0559,-2.1071,-140.0,13.0242,9.9771,10.438,0.5505,9.9771,0.507,-45.4139,6.1149,-140.0,9.9771,16.0159,-120.0,-11.7859,237.0396
2026-08-12 18:34:10,42.47408638,-82.84570533,13.879,6.0317,37.8387,14.2134,-19.2655,0.0,0.6651,-0.4618,286.0469,0.1975,0.0135,3.2271,13.3189,10.0,0.0009,48.092,19.3674,71.5048,0.0,0.0,7.4199,-125.6103,11.9513,-149.6931,234.9537,41.5737,-5.2025,-2.2631,-140.2397,14.2176,10.93,12.0561,0.499,10.93,0.4763,-49.3107,6.3978,-140.2397,10.93,17.1645,-120.0,-9.8656,233.9885
2026-08-12 18:34:20,42.47432478,-82.84547603000001,13.6909,6.2028,31.3425,7.9965,-99.7065,0.0,0.6595,-0.147,281.5283,0.2038,0.0299,3.2272,13.3189,10.0,0.001,48.092,19.3674,70.9637,0.0,0.0,7.2172,-120.1434,11.588,-147.4645,231.7031,40.9635,-5.2011,-2.1908,-140.2256,14.0178,10.7746,12.3085,0.4988,10.7746,0.483,-48.6493,6.3516,-140.2256,10.7746,16.9759,-120.0,-7.7288,228.4094
2026-08-12 18:34:30,42.47457664,-82.84544312999999,13.9797,5.26,228.4062,320.4422,-556.5725,0.0,3.0918,-0.1491,277.279,0.2035,0.0446,3.2273,13.3189,10.0,0.0013,48.092,19.3674,70.1073,0.0,0.0,11.1423,-61.7679,10.3322,-87.6022,230.3972,37.6449,-1.8451,1.7704,-101.655,11.2272,8.2014,12.9848,0.4521,8.4504,0.3403,-44.0508,6.0218,-140.0,9.6638,15.6342,-120.0,0.3569,221.9237
2026-08-12 18:34:40,42.47467509,-82.84565139,13.8878,2.7389,294.7209,270.7146,37.6235,0.0,-0.5368,-0.0314,275.7563,0.1932,0.0474,3.2274,13.3189,10.0,0.0023,48.092,19.3674,66.6105,0.0,0.0,12.7175,-29.273,10.2591,-37.2513,229.1731,24.8514,,2.861,-44.1159,,6.0263,,,,,-44.1159,6.0263,-140.0,9.6788,15.6525,-120.0,7.5672,226.6658
2026-08-12 18:34:50,42.474746644444444,-82.8457943111111,14.0103,3.0389,308.2023,280.5763,46.7423,0.0,0.1994,0.8049,274.5875,0.1862,0.0493,3.2275,13.3189,10.0,0.0018,48.092,19.3674,65.3097,0.0,0.0,12.5133,-38.0515,10.3964,-48.0587,228.9027,27.7187,1.9503,2.5072,-44.1838,8.4611,6.0309,9.1719,0.3287,6.0446,0.3227,-44.1838,6.0309,-140.0,9.6944,15.6715,-120.0,-2.92,235.8289
2026-08-12 18:35:00,42.4748488074964,-82.84595869677712,13.9534,4.2142,310.1151,283.349,-3.4041,0.0,0.4885,0.9002,272.7378,0.1783,0.0527,3.2276,12.9619,10.0,0.0022,48.092,19.3123,64.8388,0.0,0.0,15.2357,-33.339,11.946,-44.458,234.9223,16.0479,2.5599,3.3463,-47.7946,9.4501,6.3317,9.5892,0.4112,6.3608,0.4014,-47.7946,6.3317,-140.7685,10.7081,16.8669,-120.0,2.6242,235.2744
2026-08-12 18:35:10,42.474988079999996,-82.84615462000001,13.9993,4.6477,312.6596,284.3394,47.8229,0.0,0.2069,0.3553,270.0822,0.1696,0.0576,3.2277,12.9619,10.0,0.0023,48.092,19.3123,64.9849,0.0,0.0,15.7099,-37.0545,12.323,-50.3455,230.7083,10.5834,3.0126,3.4471,-49.8455,10.1074,6.5329,10.0355,0.4706,6.5222,0.4619,-49.8455,6.5329,-141.6349,11.3867,17.6491,-120.0,0.1683,234.1863
2026-08-12 18:35:20,42.475151270000005,-82.84637040000001,14.3821,5.3942,316.7368,288.2136,-59.1995,0.0,1.4641,0.7847,266.5593,0.1603,0.0636,3.2278,12.9619,10.0,0.0033,48.092,19.3123,64.7546,0.0,0.0,15.8898,-44.0654,12.5671,-61.6059,224.6047,18.8811,2.6413,3.4332,-49.8841,10.1371,6.5428,12.0934,0.4379,6.5338,0.4041,-49.8841,6.5428,-141.7378,11.4201,17.6846,-120.0,-10.6334,238.6103
2026-08-12 18:35:30,42.475343730000006,-82.84668764,14.4521,6.6635,301.6514,275.7703,-102.9105,0.0,3.601,0.4524,261.9653,0.1481,0.0694,3.2279,12.9619,10.0,0.0025,48.092,19.3123,65.3378,0.0,0.0,17.729,-28.6623,12.3409,-43.6081,225.586,32.6402,3.7319,5.0612,-49.2697,10.4514,6.5181,11.4405,0.5877,6.718,0.5575,-49.2697,6.5181,-141.9809,11.3371,17.5709,-120.0,1.3889,228.1509
2026-08-12 18:35:40,42.47544325,-82.84703685000001,14.3001,4.6905,291.9724,263.221,86.2852,0.0,3.9183,-0.1717,258.3945,0.1334,0.0698,3.228,12.9619,10.0,0.0033,48.092,19.3123,64.7355,0.0,0.0,18.0723,-21.3242,14.0739,-27.6454,230.0766,22.86,3.2101,3.9162,-29.9623,10.9612,6.7974,9.7663,0.4745,7.0457,0.4557,-29.9623,6.7974,-87.063,12.2814,18.5525,-72.0,4.1641,233.4948
2026-08-12 18:35:50,42.47562544,-82.84741949000001,15.0755,8.5529,301.5706,276.3704,-44.8922,0.0,10.2729,1.2255,252.1774,0.121,0.0739,3.2281,12.9619,10.0,0.0039,48.092,19.3123,64.6517,0.0,0.0,21.5151,-23.086,14.2961,-36.0514,232.5086,41.0254,,5.3114,-50.0,,6.9699,,,,,-50.0,6.9699,-147.6665,12.8651,19.14,-120.0,13.2037,226.5199
2026-08-12 18:36:00,42.475825455555565,-82.84788187777777,14.872,8.5237,302.4008,274.8567,37.4993,0.0,8.0774,0.7376,242.0418,0.1062,0.0786,3.2282,12.9619,10.0,0.0033,48.092,19.3123,64.2223,0.0,0.0,20.8144,-22.247,13.3631,-36.2192,229.6622,42.0178,,4.3921,-50.0,,6.7586,,,,,-50.0,6.7586,-144.6779,12.1501,18.4227,-120.0,14.6673,224.1894
2026-08-12 18:36:10,42.476058104560614,-82.8483000146339,15.8169,10.0885,308.6613,281.4412,9.0883,0.0,9.2809,0.661,228.9588,0.0983,0.0857,3.2283,12.9619,10.0,0.0021,48.092,19.3123,64.7228,0.0,0.0,21.3166,-25.3895,13.0411,-44.5326,229.1308,43.2519,6.9555,1.833,-50.0,10.3867,6.6687,9.5218,1.065,6.6764,1.0418,-50.0,6.6687,-143.4057,11.8458,18.1174,-120.0,6.1196,231.5093
2026-08-12 18:36:20,42.47633429999999,-82.84881349,15.5479,10.316,305.8695,280.1187,-8.9424,0.0,7.9965,0.4634,212.8713,0.0961,0.0933,3.2283,12.9619,10.0,0.0049,48.092,19.3123,65.4121,0.0,0.0,22.0499,-24.543,13.3291,-43.4662,227.6342,43.3789,,-0.6008,-50.0,,6.7628,,,,,-50.0,6.7628,-144.7365,12.1642,18.4367,-120.0,6.7238,229.6689
2026-08-12 18:36:30,42.476617909999995,-82.8493157,16.0389,9.379,305.7876,279.1312,-2.1662,0.0,7.1314,0.3344,197.7525,0.1016,0.1013,3.2284,12.9619,10.0,0.0035,48.092,19.3123,65.3705,0.0,0.0,20.8849,-24.6702,12.9421,-42.3976,228.762,43.0743,6.7547,-2.9944,-50.0,10.1889,6.6533,8.958,1.0672,6.5493,1.0314,-50.0,6.6533,-143.1884,11.7938,18.0652,-120.0,8.1997,229.182
2026-08-12 18:36:40,42.476878479999996,-82.84980605,16.3069,9.9233,305.9572,280.8898,7.3988,0.0,7.7231,0.7185,184.4239,0.1132,0.1088,3.2285,12.9619,10.0,0.0023,48.092,19.3123,65.6429,0.0,0.0,20.4046,-25.7674,12.3301,-46.0268,226.4694,43.2007,6.7932,-5.2386,-50.0,10.1366,6.5146,9.2801,1.0621,6.5157,1.0426,-50.0,6.5146,-141.226,11.3243,17.5942,-120.0,4.1416,230.5431
2026-08-12 18:36:50,42.477154819999996,-82.85032698,16.1385,10.176,305.634,280.1655,10.7433,0.0,7.4873,0.37,173.4144,0.1308,0.1168,3.2286,12.9619,10.0,0.0031,48.092,19.3123,65.6579,0.0,0.0,20.5471,-24.9258,12.1216,-45.6312,226.2108,43.1224,6.951,-6.7765,-49.9431,10.0208,6.4567,9.491,1.0848,6.4436,1.0788,-49.9431,6.4567,-140.463,11.1287,17.3952,-120.0,3.8699,230.3052
2026-08-12 18:37:00,42.47744765,-82.85084447,16.0225,10.6678,307.6377,282.0755,-11.3671,0.0,8.862,0.6364,165.6267,0.1521,0.1254,3.2287,12.9619,10.0,0.0031,48.092,19.3123,64.9121,0.0,0.0,21.2695,-26.7878,12.8075,-48.4742,226.1369,43.3081,6.9821,-8.4112,-50.0,10.2567,6.5822,9.8179,1.0676,6.5929,1.0592,-50.0,6.5822,-142.1828,11.5532,17.8239,-120.0,1.8997,232.3377
2026-08-12 18:37:10,42.47771351018505,-82.8513867798095,15.7437,9.9157,299.8689,275.4366,-5.1906,0.0,6.9538,0.0405,159.0855,0.1752,0.1324,3.2288,12.9619,10.0,0.0032,48.092,19.3123,65.7721,0.0,0.0,21.6362,-24.2223,13.2051,-42.3088,224.7225,42.9352,7.2037,-7.6631,-50.0,10.6909,6.7284,10.1088,1.0625,6.872,1.0483,-50.0,6.7284,-144.2509,12.048,18.3202,-120.0,6.4976,225.9385
2026-08-12 18:37:20,42.477937229999995,-82.85187991999999,15.6004,9.3732,301.5231,275.4435,-56.7561,0.0,8.1287,0.6193,154.4279,0.1967,0.1377,3.2289,12.9619,10.0,0.0041,48.092,19.3123,65.7893,0.0,0.0,22.5333,-23.3271,14.3703,-38.6478,229.0736,43.0348,6.7518,-7.9003,-50.0,10.4024,6.9121,9.0675,1.053,6.6866,1.0097,-50.0,6.9121,-145.7805,12.6514,18.9615,-120.0,10.6822,226.2713
2026-08-12 18:37:30,42.47813247,-82.85238549,15.175,8.9261,298.3941,272.4227,11.1364,0.0,8.0328,0.8333,150.6331,0.2161,0.1407,3.229,12.9619,10.0,0.0048,48.092,19.3123,64.5623,0.0,0.0,23.1605,-23.4347,15.5061,-36.5036,227.7567,42.9683,,-7.3364,-50.0,,7.2453,,,,,-50.0,7.2453,-149.9906,13.7701,20.1007,-120.0,14.1597,221.801
2026-08-12 18:37:40,42.478300000000004,-82.8529029,14.6424,8.0008,286.6279,261.8132,-82.8982,0.0,5.6446,-0.1516,146.9869,0.2366,0.1424,3.2291,12.9619,10.0,0.0035,48.092,19.3123,65.9083,0.0,0.0,23.1115,-21.1568,15.6903,-32.3948,222.324,42.5071,,-6.3977,-50.0,,7.2472,,,,,-50.0,7.2472,-150.0,13.7762,20.1074,-120.0,16.0498,213.6172
2026-08-12 18:37:50,42.47838091999999,-82.85332086999999,14.1503,5.2017,288.8951,262.9625,14.6332,0.0,0.6408,-0.2768,143.9547,0.2513,0.1405,3.2292,12.9619,10.0,0.003,48.092,19.3123,64.6847,0.0,0.0,18.7957,-19.6038,13.9839,-26.6917,229.8815,29.8138,,-4.2506,-50.0,,6.9167,,,,,-50.0,6.9167,-146.8098,12.6833,18.9611,-120.0,24.7166,212.5841
2026-08-12 18:38:00,42.47846683,-82.85358005,14.0584,4.1812,287.7629,262.4637,-22.013,0.0,0.6242,0.0135,142.7168,0.2616,0.1416,3.2293,12.9619,10.0,0.0028,48.092,19.3123,64.8253,0.0,0.0,18.0308,-29.1877,14.4739,-37.4232,220.5671,18.0693,,-3.4847,-50.0,,6.9973,,,,,-50.0,6.9973,-148.0529,12.9576,19.2327,-120.0,12.9277,212.5073
2026-08-12 18:38:10,42.47851507,-82.85382677999999,13.9283,4.0929,283.2009,258.7982,-11.5793,0.0,0.6213,0.1112,141.2474,0.2707,0.1406,3.2294,12.9619,10.0,0.004,48.092,19.3123,64.9589,0.0,0.0,17.979,-32.357,14.6328,-41.1242,213.6662,19.5617,,-3.254,-50.0,,7.0437,,,,,-50.0,7.0437,-148.7099,13.1148,19.3904,-120.0,8.2909,208.7717
2026-08-12 18:38:20,42.47856235555556,-82.85406424444444,13.9928,3.9965,282.4447,255.9482,-34.0492,0.0,0.4281,0.2459,139.8372,0.2802,0.1396,3.2295,12.9619,10.0,0.0032,48.092,19.3123,64.9136,0.0,0.0,17.7762,-29.1824,14.4233,-36.9421,215.213,14.011,,-3.139,-50.0,,7.0236,,,,,-50.0,7.0236,-148.4251,13.0466,19.322,-120.0,12.5121,206.602
2026-08-12 18:38:30,42.4785854360089,-82.85428009023889,13.7752,3.7613,282.7432,256.8202,-15.6979,0.0,0.6497,0.1689,138.5979,0.2871,0.1377,3.2296,12.9619,10.0,0.004,48.092,19.3123,64.2165,0.0,0.0,16.7491,-33.4785,13.8338,-42.0868,211.1136,14.0613,2.3723,-3.0636,-50.0,10.7611,6.8586,11.5487,0.3477,6.9171,0.3432,-50.0,6.8586,-146.0918,12.4884,18.762,-120.0,8.9636,206.5943
2026-08-12 18:38:40,42.47861824,-82.85452687,13.4154,3.668,277.7052,253.0845,-11.9921,0.0,0.2805,0.0016,137.2816,0.2959,0.1359,3.2297,12.9619,10.0,0.0037,48.092,19.3123,64.4042,0.0,0.0,17.891,-25.803,14.6538,-32.0432,216.9091,5.2946,,-2.9239,-50.0,,6.9776,,,,,-50.0,6.9776,-147.7749,12.8911,19.166,-120.0,17.3337,203.2376
2026-08-12 18:38:50,42.478635180000005,-82.85471849,13.6188,3.046,280.7459,254.5405,21.8026,0.0,-0.1987,0.1659,136.1983,0.3027,0.1339,3.2298,12.9619,10.0,0.0025,48.092,19.3123,64.0724,0.0,0.0,15.6832,-26.6083,13.0488,-32.6352,218.0031,3.8072,,-2.4163,-50.0,,6.7422,,,,,-50.0,6.7422,-144.4276,12.0943,18.3673,-120.0,16.0332,204.2921
2026-08-12 18:39:00,42.478654410000004,-82.85489190999999,13.5532,2.56,287.1447,257.767,8.8763,0.0,-0.2348,-0.3843,135.3824,0.3085,0.1325,3.2299,12.9619,10.0,0.0049,48.092,19.3123,63.9191,0.0,0.0,15.3632,-29.2748,13.1422,-34.8213,219.6976,6.8357,,-2.3797,-50.0,,6.6806,,,,,-50.0,6.6806,-143.5739,11.886,18.1577,-120.0,16.722,207.6603
2026-08-12 18:39:10,42.47868193,-82.85506059,13.6581,2.5542,290.5131,259.3018,-22.7845,0.0,1.0354,-0.3079,134.619,0.3146,0.1313,3.23,12.9619,10.0,0.0039,48.092,19.3123,64.0767,0.0,0.0,16.3851,-38.7044,14.5037,-45.0551,211.6015,18.0017,1.7862,-2.2654,-50.0,11.1023,6.9824,10.7957,0.254,7.1364,0.2505,-50.0,6.9824,-147.2714,12.8975,19.1916,-120.0,5.2936,209.0878
2026-08-12 18:39:20,42.47872133333333,-82.85522575555555,13.435,2.5054,285.5711,254.3895,30.9611,0.0,0.2636,-0.686,133.9849,0.3219,0.1311,3.2301,12.9619,10.0,0.0045,48.092,19.3123,63.9194,0.0,0.0,18.1573,-19.0143,15.7391,-22.1127,228.2961,2.1603,,-2.3082,-50.0,,7.3028,,,,,-50.0,7.3028,-149.3624,13.9403,20.32,-120.0,25.6505,203.9616
2026-08-12 18:39:30,42.478755375178594,-82.85533283368808,13.4219,2.5076,303.9432,266.7405,38.6072,0.0,1.3244,-0.1903,133.6387,0.3269,0.1314,3.2302,12.9619,10.0,0.003,48.092,19.3123,63.5706,0.0,0.0,15.6771,-36.0249,14.0011,-41.5981,222.5984,22.7074,1.4314,-2.3247,-50.0,10.6096,6.8865,11.812,0.2163,6.8197,0.2104,-50.0,6.8865,-146.4869,12.5829,18.8569,-120.0,11.9546,215.5089
2026-08-12 18:39:40,42.47882035093938,-82.8555375438644,13.435,3.4542,287.9617,258.1675,-64.0483,0.0,1.3417,-0.5372,133.0959,0.3358,0.132,3.2303,12.9619,10.0,0.004,48.092,19.3123,64.2071,0.0,0.0,17.095,-16.4837,13.921,-20.4897,232.7389,23.9881,,-3.1896,-50.0,,6.8549,,,,,-50.0,6.8549,-146.0393,12.4759,18.7494,-120.0,27.8368,208.9875
2026-08-12 18:39:50,42.47885837,-82.85572189000001,13.4088,2.9721,287.6454,255.4926,50.3467,0.0,0.6903,-0.4846,132.381,0.3442,0.1313,3.2303,12.9619,10.0,0.0035,48.092,19.3123,63.6989,0.0,0.0,16.5593,-28.969,14.0156,-34.9444,216.886,4.9176,,-2.7182,-50.0,,6.8757,,,,,-50.0,6.8757,-146.334,12.5464,18.8202,-120.0,16.0166,205.4182
2026-08-12 18:40:00,42.478896520000006,-82.85587267,13.3497,2.56,288.6785,257.5353,-3.173,0.0,0.6848,-0.3506,131.9367,0.3503,0.1312,3.2304,14.133,10.0,0.004,48.092,20.0369,63.7575,0.0,0.0,15.8486,-35.7921,13.9027,-41.8301,213.8382,9.2555,1.7076,-2.2696,-50.0,10.6309,6.9068,9.2147,0.2624,6.8334,0.2499,-50.0,6.9068,-146.7739,12.6516,18.9257,-120.0,9.9271,207.3844
2026-08-12 18:40:10,42.478936759999996,-82.85602603000001,13.2557,2.1324,294.9369,260.1975,6.0111,0.0,1.2887,-0.0159,131.5051,0.3569,0.1312,3.2305,14.133,10.0,0.0039,48.092,20.0369,63.7385,0.0,0.0,15.4557,-35.0618,13.7647,-40.1889,217.2878,17.0954,,-2.016,-50.0,,6.8449,,,,,-50.0,6.8449,-145.8977,12.442,18.7154,-120.0,9.4805,209.9191
2026-08-12 18:40:20,42.47898581,-82.85617551,13.1791,2.2117,293.1634,259.3074,-7.2665,0.0,0.8788,-0.159,131.1754,0.3635,0.1317,3.2306,14.133,10.0,0.0033,48.092,20.0369,63.8717,0.0,0.0,15.2899,-24.7772,13.3145,-28.8226,227.2728,10.461,,-2.0129,-50.0,,6.7458,,,,,-50.0,6.7458,-144.4968,12.1068,18.3792,-120.0,19.3993,209.4834
2026-08-12 18:40:30,42.479027439999996,-82.85626463,13.2448,1.7339,302.418,264.8897,39.7591,0.0,0.5109,0.2036,131.0411,0.3684,0.1326,3.2307,14.133,10.0,0.0037,48.092,20.0369,63.8981,0.0,0.0,14.4458,-29.5961,12.8871,-33.6266,227.9913,9.808,1.4166,-1.8597,-50.0,10.7373,6.6246,9.3562,0.2153,6.9018,0.2052,-50.0,6.6246,-142.7829,11.6968,17.9679,-120.0,18.7969,214.002
2026-08-12 18:40:40,42.47909886666667,-82.85634666666665,13.3497,2.1849,311.2496,267.7371,1.4091,0.0,0.6456,0.4785,131.1754,0.3739,0.1354,3.2308,14.133,10.0,0.003,48.092,20.0369,64.1051,0.0,0.0,16.379,-35.1264,14.6601,-40.0336,225.4631,19.2066,1.4306,-2.095,-50.0,10.8502,7.0502,10.2238,0.2084,6.9743,0.2051,-50.0,7.0502,-148.8018,13.1368,19.4124,-120.0,9.8357,217.7498
2026-08-12 18:40:50,42.47916752507179,-82.85644436810222,13.3869,2.2121,306.1669,266.0197,1.14,0.0,0.488,0.364,131.2158,0.3799,0.1378,3.2309,14.133,10.0,0.0025,48.092,20.0369,64.4614,0.0,0.0,16.33,-30.1825,14.4835,-34.5467,228.5522,15.1079,,-2.2353,-50.0,,7.016,,,,,-50.0,7.016,-148.3184,13.0211,19.2964,-120.0,15.2181,216.2122
2026-08-12 18:41:00,42.4792147,-82.85655406,13.4875,2.0605,304.4973,264.7503,-20.2732,0.0,0.6156,0.5052,131.057,0.3855,0.1389,3.231,14.133,10.0,0.0026,48.092,20.0369,64.5658,0.0,0.0,14.7076,-30.5784,12.9276,-35.3862,226.4709,12.778,,-2.121,-50.0,,6.674,,,,,-50.0,6.674,-143.4805,11.8637,18.1353,-120.0,14.1097,215.2053
2026-08-12 18:41:10,42.479248350000006,-82.85664654000001,13.4482,1.3587,313.4016,264.429,46.5836,0.0,-0.3094,0.7436,130.8867,0.39,0.1394,3.2311,14.133,10.0,0.0028,48.092,20.0369,63.9243,0.0,0.0,13.1373,-28.9108,11.979,-32.0221,229.331,10.1569,,-1.2782,-49.5802,,6.4453,,,,,-49.5802,6.4453,-140.6514,11.0904,17.3388,-120.0,18.1011,214.0958
2026-08-12 18:41:20,42.47930752,-82.85668959,13.3979,1.4909,321.8768,266.1694,-28.8973,0.0,-0.1338,0.7799,131.0998,0.3937,0.1421,3.2312,14.133,10.0,0.0014,48.092,20.0369,63.9393,0.0,0.0,14.4789,-33.4584,13.2384,-37.1726,226.9426,16.9869,,-1.4917,-49.7806,,6.6626,,,,,-49.7806,6.6626,-143.5311,11.8254,18.0861,-120.0,12.1326,216.795
2026-08-12 18:41:30,42.47937581,-82.85672879,13.3891,1.7516,328.1062,265.9205,-54.326,0.0,0.4555,0.1175,131.3616,0.3976,0.1452,3.2313,14.133,10.0,0.0028,48.092,20.0369,64.1771,0.0,0.0,15.6579,-30.6533,14.1672,-34.3599,228.8095,15.8903,,-1.67,-50.0,,6.9175,,,,,-50.0,6.9175,-146.9249,12.6877,18.962,-120.0,14.9553,215.842
2026-08-12 18:41:40,42.47942963,-82.85678826,13.3629,1.697,324.4339,266.0932,17.9935,0.0,0.8414,-0.0325,131.4661,0.4016,0.1474,3.2314,14.133,10.0,0.0019,48.092,20.0369,64.2395,0.0,0.0,16.233,-33.1823,14.9017,-36.8944,226.539,9.407,1.2938,-1.5677,-50.0,11.1006,7.0929,11.4303,0.1828,7.1354,0.1813,-50.0,7.0929,-149.3445,13.2801,19.5583,-120.0,16.1548,215.7631
2026-08-12 18:41:50,42.47949619,-82.85686587,13.3169,1.6076,315.8642,260.1355,-36.9787,0.0,0.5915,-0.1841,131.5747,0.4068,0.15,3.2315,14.133,10.0,0.0043,48.092,20.0369,64.599,0.0,0.0,16.3793,-32.446,15.0041,-36.0443,221.7222,17.219,1.3807,-1.7436,-50.0,11.0549,7.1209,11.8863,0.1928,7.1059,0.1943,-50.0,7.1209,-149.6963,13.374,19.654,-120.0,11.6932,210.6444
2026-08-12 18:42:00,42.4795576,-82.85696098888889,13.1726,2.2101,315.8052,266.3819,107.0377,0.0,1.3816,0.0384,131.5663,0.4125,0.152,3.2316,14.133,10.0,0.0029,48.092,20.0369,63.8821,0.0,0.0,15.3659,-36.5537,13.8354,-41.7773,221.1943,23.1841,1.697,-2.1028,-50.0,10.4848,6.8702,10.0426,0.2574,6.7395,0.2518,-50.0,6.8702,-146.2564,12.5278,18.8015,-120.0,10.2002,215.4132
2026-08-12 18:42:10,42.47968721771719,-82.85711714085677,13.119,6.7354,324.5497,296.8475,311.2406,0.0,2.7602,1.4351,131.8301,0.4253,0.1586,3.2317,14.133,10.0,0.0013,48.092,20.0369,62.751,0.0,0.0,16.2201,-40.1479,12.1329,-61.0278,231.947,44.9685,3.0189,-6.2043,-49.4862,10.0545,6.5018,11.5349,0.5186,6.5176,0.4644,-49.4862,6.5018,-141.5413,11.2817,17.526,-120.0,-9.1245,243.2727
2026-08-12 18:42:20,42.480086670000006,-82.85717182,13.2448,9.1944,14.8385,341.9812,166.2693,0.0,-0.0615,0.241,133.9488,0.4417,0.1797,3.2318,14.133,10.0,0.0007,48.092,20.0369,69.0971,0.0,0.0,12.2232,-69.0417,12.3266,-112.7025,239.6975,46.0069,-2.4708,-4.6351,-131.975,13.5539,10.7827,16.6682,0.5571,10.3144,0.2716,-49.7948,6.4874,-141.0396,11.2326,17.492,-120.0,24.1462,207.6199
2026-08-12 18:42:30,42.480459960000005,-82.85698024,13.3366,7.0523,26.1836,225.0578,-27.8445,0.0,0.8686,-0.2893,136.5912,0.4508,0.2022,3.2319,14.133,10.0,0.0006,48.092,20.0369,71.2535,0.0,0.0,8.1944,-98.745,11.706,-136.3254,223.9441,44.4247,-5.1234,-2.4914,-140.0,14.0846,10.8017,15.0609,0.4869,10.7895,0.4749,-49.002,6.3598,-140.0,10.8017,17.0206,-120.0,5.2344,219.8862
2026-08-12 18:42:40,42.48075802,-82.85679769000001,13.4219,6.9265,27.9858,2.823,8.6192,0.0,1.4703,-0.1295,138.8098,0.4585,0.2213,3.232,14.133,10.0,0.0005,48.092,20.0369,71.1559,0.0,0.0,8.4283,-110.8986,12.6725,-141.7396,233.3983,44.0907,-5.3555,-2.4663,-142.4343,14.3254,11.3719,14.522,0.4743,11.3527,0.4731,-48.9491,6.5283,-142.4343,11.3719,17.59,-120.0,1.2502,220.0162
2026-08-12 18:42:50,42.48102651111111,-82.8565833888889,13.4613,7.0795,37.5224,18.7204,303.9789,0.0,0.8238,0.043,141.0595,0.465,0.2403,3.2321,14.133,10.0,0.0003,48.092,20.0369,73.0959,0.0,0.0,8.1919,-131.7498,13.5535,-153.711,232.1136,41.1527,-6.0543,-1.8747,-145.7224,15.0273,12.4,14.0677,0.509,12.443,0.4868,-50.0,6.8325,-145.7224,12.4,18.6734,-120.0,-5.3634,228.7347
2026-08-12 18:43:00,42.481082779079166,-82.85622020379559,13.6056,7.651,112.282,109.9794,466.4348,0.0,-6.6639,1.7368,142.9626,0.4574,0.2492,3.2322,14.133,10.0,0.0014,48.092,20.0369,75.3134,0.0,0.0,11.0991,78.8642,15.1255,101.3989,250.3085,-43.4635,-5.5136,5.7041,116.0479,15.423,12.9401,14.9847,0.5388,12.935,0.4335,38.8676,6.9988,116.0479,12.9401,19.238,93.3333,-5.7164,257.5267
2026-08-12 18:43:10,42.48076147,-82.85586645,13.7478,9.5676,147.4369,147.5328,-85.7275,0.0,-5.2653,0.5738,143.053,0.4335,0.2368,3.2323,14.133,10.0,0.0011,48.092,20.0369,71.2617,0.0,0.0,16.9847,58.0118,14.4332,92.1682,241.0962,-44.029,-0.5373,9.4565,118.7567,13.9757,11.2543,17.7259,0.5376,11.1532,0.0595,50.0,7.0309,148.3235,13.0678,19.3502,120.0,-24.2714,268.8607
2026-08-12 18:43:20,42.480412369999996,-82.855472,13.6975,9.7542,134.656,133.6758,-43.8679,0.0,-2.5364,-0.1322,143.2349,0.4065,0.2231,3.2324,14.133,10.0,0.0014,48.092,20.0369,70.6368,0.0,0.0,13.4029,64.9408,12.8031,108.9462,243.1557,-44.0972,-2.897,9.7538,142.8951,14.6785,11.7236,17.5546,0.5662,11.6738,0.2489,50.0,6.6326,142.8951,11.7236,17.9948,120.0,-36.0782,277.1948
2026-08-12 18:43:30,42.48012683,-82.85505222999998,13.5532,8.6987,131.582,131.4612,-11.6815,0.0,-2.8566,0.0861,143.9491,0.381,0.2131,3.2324,14.133,10.0,0.0016,48.092,20.0369,71.2184,0.0,0.0,11.309,79.5412,13.0084,121.2917,252.9109,-44.1092,-4.4381,8.5487,143.361,14.7433,11.8351,17.9905,0.4925,11.8201,0.3755,50.0,6.6655,143.361,11.8351,18.1066,120.0,-22.7635,274.978
2026-08-12 18:43:40,42.479863679999994,-82.85461699,13.5663,8.2419,127.7085,127.1092,-1.1589,0.0,-2.0244,-0.0222,144.9472,0.357,0.2048,3.2325,14.133,10.0,0.0025,48.092,20.0369,71.2256,0.0,0.0,10.4911,89.7379,13.3957,128.6216,256.5898,-44.0766,-5.1724,7.979,144.7307,14.8922,12.1628,17.7123,0.4751,12.1509,0.4258,50.0,6.7624,144.7307,12.1628,18.4354,120.0,-16.6311,271.9585
2026-08-12 18:43:50,42.47963459,-82.85420134,13.4963,7.5188,128.0005,128.0523,-3.1451,0.0,-1.7248,-0.2057,146.1331,0.3361,0.1984,3.2326,14.133,10.0,0.0011,48.092,20.0369,71.4859,0.0,0.0,9.4973,98.4132,13.0049,133.7561,261.6719,-43.7985,-5.2482,7.2266,143.3626,14.7516,11.8355,16.5444,0.4591,11.8398,0.4433,50.0,6.6656,143.3626,11.8355,18.107,120.0,-9.7047,271.5398
2026-08-12 18:44:00,42.47940056,-82.85381402,13.6581,8.1369,130.0608,130.6713,8.1455,0.0,-2.8647,0.2555,147.3329,0.3145,0.1909,3.2327,14.133,10.0,0.001,48.092,20.0369,71.9491,0.0,0.0,11.4645,92.5645,14.4024,127.5064,258.1131,-43.8165,-5.0225,7.8327,146.4323,15.2185,12.7199,18.1994,0.4465,12.6527,0.3988,50.0,6.9304,146.4323,12.7199,19.017,120.0,-18.1022,276.8866
2026-08-12 18:44:10,42.47914775431796,-82.8534180932582,13.8484,9.2041,128.9436,127.1452,-2.6135,0.0,-2.6236,0.2388,148.7405,0.2907,0.1821,3.2328,14.133,10.0,0.0024,48.092,20.0369,71.4946,0.0,0.0,11.5737,89.7781,14.7318,128.2249,256.035,-43.9609,-5.585,8.648,149.1947,15.5042,13.2958,19.0442,0.4796,13.3166,0.4199,50.0,7.0987,149.1947,13.2958,19.5819,120.0,-21.2797,276.582
2026-08-12 18:44:20,42.47891580490555,-82.85299766964529,14.2487,8.4246,127.6905,127.7889,11.5775,0.0,-1.8132,-0.0604,150.6649,0.2685,0.1751,3.2329,14.133,10.0,0.0014,48.092,20.0369,71.1266,0.0,0.0,11.1889,87.447,13.7492,125.5498,253.2598,-43.9341,-4.9966,7.7941,146.3563,15.0574,12.5517,18.3041,0.4649,12.5043,0.3991,50.0,6.8773,146.3563,12.5517,18.8255,120.0,-20.2602,273.7074
2026-08-12 18:44:30,42.478671510000005,-82.85261535000001,14.393,7.5946,132.9279,133.7505,15.8071,0.0,-1.6993,0.0582,152.2407,0.249,0.1675,3.233,14.133,10.0,0.0036,48.092,20.0369,71.185,0.0,0.0,10.4857,88.0099,12.7278,124.5919,257.6157,-43.8864,-4.2928,7.1887,142.5928,14.6693,11.6513,17.5208,0.4343,11.6524,0.3686,50.0,6.6112,142.5928,11.6513,17.9223,120.0,-18.2717,276.0753
2026-08-12 18:44:40,42.478420729999996,-82.85226688999998,14.5505,8.1738,136.2052,139.295,28.6027,0.0,-2.7229,0.7503,153.7965,0.23,0.1593,3.2331,14.133,10.0,0.0027,48.092,20.0369,71.1156,0.0,0.0,10.7517,84.6731,12.8413,123.6017,259.439,-43.9048,-4.5003,7.6555,142.54,14.6484,11.6387,17.5039,0.4609,11.6036,0.388,50.0,6.6075,142.54,11.6387,17.9096,120.0,-18.7923,278.7203
2026-08-12 18:44:50,42.47809887,-82.85191607,14.8589,8.7609,144.2032,147.6866,16.3194,0.0,-2.5403,0.5487,155.323,0.2062,0.1467,3.2332,14.133,10.0,0.0027,48.092,20.0369,70.7232,0.0,0.0,12.7911,74.325,13.4065,113.1892,259.5296,-44.0222,-3.5729,8.5835,145.0684,14.9207,12.2436,18.4128,0.4741,12.2081,0.292,50.0,6.7862,145.0684,12.2436,18.5164,120.0,-30.8837,292.559
2026-08-12 18:45:00,42.47776275,-82.85160644,15.0558,9.1857,144.3453,147.8888,-15.7227,0.0,-3.0931,0.4399,156.5793,0.1827,0.1328,3.2333,13.782,10.0,0.0019,48.092,20.3596,70.6404,0.0,0.0,13.4783,72.3333,13.7932,111.324,258.7718,-44.1875,-3.1709,8.7705,145.6803,15.0225,12.39,18.5934,0.485,12.4269,0.2551,50.0,6.8295,145.6803,12.39,18.6633,120.0,-34.8873,293.8406
2026-08-12 18:45:10,42.477420159999994,-82.85125467,15.2789,9.4237,140.189,141.5149,-24.8369,0.0,-2.8701,0.3185,158.8139,0.1572,0.1183,3.2334,13.782,10.0,0.0027,48.092,20.3596,70.5154,0.0,0.0,13.4796,74.7838,14.3403,114.8956,256.2435,-44.1007,-3.9947,8.9102,147.5234,15.1908,12.8309,19.0121,0.5013,12.7898,0.3122,50.0,6.9598,147.5234,12.8309,19.1056,120.0,-32.6285,289.4009
2026-08-12 18:45:20,42.477095488888885,-82.85086925555555,15.3718,10.2713,138.7389,140.8009,11.7636,0.0,-4.0891,0.5154,163.0489,0.131,0.1047,3.2335,13.782,10.0,0.0019,48.092,20.3596,70.8931,0.0,0.0,13.2274,80.5328,15.3719,121.8872,261.8862,-44.162,-5.3179,9.3753,149.8579,15.6581,13.5064,19.6751,0.519,13.5371,0.3925,50.0,7.1621,149.8579,13.5064,19.8009,120.0,-28.2288,290.3733
2026-08-12 18:45:30,42.476721649524265,-82.8504626209697,15.5413,11.0916,141.8936,144.1268,16.3427,0.0,-4.1107,-0.1518,168.7556,0.1056,0.0901,3.2336,13.782,10.0,0.0009,48.092,20.3596,70.5069,0.0,0.0,15.1944,76.9871,16.7168,117.682,261.2293,-44.4009,-5.2451,9.8693,150.0,16.7138,14.4839,20.8871,0.5346,14.4745,0.3624,50.0,7.4723,150.0,14.4839,20.9246,120.0,-31.829,294.0254
2026-08-12 18:45:40,42.47630107436517,-82.8500429688451,15.4156,11.3131,143.7935,145.858,-35.6125,0.0,-4.1226,-0.3037,178.8582,0.0778,0.0723,3.2337,13.782,10.0,0.0015,48.092,20.3596,70.3634,0.0,0.0,15.3975,75.6068,16.7541,117.1175,262.2796,-44.4301,-5.1818,9.2887,150.0,16.7207,14.4424,20.8781,0.5486,14.4806,0.3582,50.0,7.4591,150.0,14.4424,20.8767,120.0,-32.9197,296.0687
2026-08-12 18:45:50,42.47591884999999,-82.84961747999998,14.6424,9.311,135.7509,137.7715,-29.4913,0.0,-1.5371,-0.6544,196.4841,0.0585,0.0579,3.2338,13.782,10.0,0.002,48.092,20.3596,69.7242,0.0,0.0,12.0004,79.6595,13.8759,121.7848,259.3043,-44.2582,-5.0468,4.8864,146.3412,15.2249,12.6267,18.8517,0.5107,12.7097,0.3969,50.0,6.9012,146.3412,12.6267,18.9126,120.0,-24.6398,284.3754
2026-08-12 18:46:00,42.47563153,-82.84924217000001,14.0486,8.1719,147.5762,153.0046,350.3442,0.0,-4.4201,0.8438,220.0274,0.0512,0.0479,3.2339,13.782,10.0,0.0025,48.092,20.3596,69.497,0.0,0.0,12.262,85.5036,14.2702,120.6416,272.1819,-42.7439,-4.625,1.3274,146.2515,15.1661,12.5953,18.4316,0.4511,12.6238,0.3701,50.0,6.8917,146.2515,12.5953,18.8796,120.0,-21.0156,294.8654
2026-08-12 18:46:10,42.47533177,-82.84919942,14.9563,5.0821,198.8577,207.0585,134.0842,0.0,-2.717,-0.5144,239.8801,0.0409,0.0314,3.234,13.782,10.0,0.0017,48.092,20.3596,66.0135,0.0,0.0,17.3634,25.1134,12.9902,34.9222,248.1659,-1.5671,2.2206,3.6414,60.0,10.5171,7.3013,13.6296,0.4846,6.7603,0.3324,50.0,6.6718,143.4462,11.8564,18.1282,120.0,-14.4856,265.9988
2026-08-12 18:46:20,42.475151069999995,-82.84933915,15.4429,3.9402,217.033,224.6687,81.6195,0.0,-1.2081,-0.1659,252.2927,0.0304,0.0187,3.2341,13.782,10.0,0.0042,48.092,20.3596,65.7181,0.0,0.0,16.4544,19.5105,12.7801,25.514,248.8441,8.3479,,3.1941,50.0,,6.6114,,,,,50.0,6.6114,142.595,11.6519,17.9228,120.0,-23.8596,271.1815
2026-08-12 18:46:30,42.47502063,-82.84949034999998,15.2329,3.2443,223.7383,227.2634,64.2568,0.0,-0.6195,-0.0499,265.8825,0.0226,0.0093,3.2342,13.782,10.0,0.0041,48.092,20.3596,65.1817,0.0,0.0,14.6388,15.236,11.3298,19.8604,247.6752,8.1789,,2.6716,48.0365,,6.3004,,,,,48.0365,6.3004,140.0929,10.602,16.7725,120.0,-27.2509,274.4316
2026-08-12 18:46:40,42.47493655555556,-82.84961693333334,15.4757,2.422,227.5061,229.1974,-50.4634,0.0,0.4845,-0.489,283.3803,0.0168,0.002,3.2343,13.782,10.0,0.0054,48.092,20.3596,64.9546,0.0,0.0,13.3173,11.6901,11.0043,14.1932,244.2142,10.9107,,1.2405,46.6756,,6.201,,,,,46.6756,6.201,140.0,10.267,16.3692,120.0,-32.249,276.7505
2026-08-12 18:46:50,42.474863064109364,-82.84970415830075,14.3548,2.0449,214.842,220.8963,-37.2148,0.0,-0.1914,0.3038,304.2088,0.015,-0.0037,3.2344,13.782,10.0,0.0047,48.092,20.3596,64.8597,0.0,0.0,12.1956,16.8638,10.2657,20.1625,242.2879,10.5177,,0.0431,44.5702,,6.0573,,,,,44.5702,6.0573,140.0,9.7832,15.7797,120.0,-24.8112,266.1339
2026-08-12 18:47:00,42.47478001,-82.84976900000001,15.0033,1.94,204.9115,214.3906,-6.6654,0.0,0.0665,0.1452,323.7347,0.0164,-0.0092,3.2344,13.782,10.0,0.0039,48.092,20.3596,65.1914,0.0,0.0,12.6208,19.5685,10.7523,23.1659,239.2353,7.5697,,-0.9825,45.7256,,6.1361,,,,,45.7256,6.1361,140.0,10.0487,16.1032,120.0,-22.8947,260.6319
2026-08-12 18:47:10,42.47470099,-82.84981710000001,15.8038,1.9147,201.4818,213.6339,17.4309,0.0,-0.0788,0.043,337.4194,0.0196,-0.0145,3.2345,13.782,10.0,0.0045,48.092,20.3596,64.9878,0.0,0.0,12.681,21.2628,10.9528,24.83,240.0457,7.1063,,-1.3048,46.327,,6.1772,,,,,46.327,6.1772,140.0,10.1869,16.2716,120.0,-21.4549,259.8588
2026-08-12 18:47:20,42.474621109999994,-82.84985947999999,15.8147,2.3391,198.8737,206.9267,-85.8512,0.0,-0.6927,0.4255,345.726,0.0234,-0.0194,3.2346,13.782,10.0,0.0043,48.092,20.3596,65.3799,0.0,0.0,13.0606,40.3721,11.556,47.8983,255.0884,-15.7892,1.3263,-1.9284,47.9686,9.6607,6.2892,11.2035,0.2325,6.3509,0.2089,47.9686,6.2892,140.0,10.5642,16.7312,120.0,-5.0523,256.2786
2026-08-12 18:47:30,42.47445697,-82.84995699999999,16.0225,4.2104,205.7251,205.1619,-3.7145,0.0,-0.69,0.6517,276.8344,0.0322,-0.0296,3.2347,13.782,10.0,0.0042,48.092,20.3596,64.7781,0.0,0.0,13.2997,28.1407,9.8355,39.6273,243.5784,-18.089,2.4882,-3.6883,43.3709,8.6295,5.9754,9.9979,0.4282,6.0785,0.4127,43.3709,5.9754,140.0,9.5076,15.4438,120.0,-2.4996,248.112
2026-08-12 18:47:40,42.474267688888894,-82.8500755,15.8957,4.7333,206.0723,203.2813,-1.7679,0.0,-0.6821,0.2352,4.7697,0.0438,-0.0423,3.2348,13.782,10.0,0.0058,48.092,20.3596,65.0287,0.0,0.0,12.6902,37.6567,9.4204,55.4419,259.2442,-28.5724,2.6537,-4.3951,41.1731,7.7495,5.8012,9.6047,0.5024,5.8096,0.4587,41.1731,5.8012,139.7893,8.9512,14.7421,120.0,13.5976,244.5138
2026-08-12 18:47:50,42.47406279364315,-82.85022004229884,15.9547,5.6177,208.3252,206.4591,13.0818,0.0,-1.7272,0.2985,10.3195,0.0573,-0.0565,3.2349,13.782,10.0,0.0049,48.092,20.3596,64.654,0.0,0.0,14.0021,38.2604,10.3118,57.2923,262.43,-34.2581,2.818,-5.364,43.8732,8.2568,6.0062,10.2099,0.5547,5.971,0.4765,43.8732,6.0062,139.9693,9.6155,15.5719,120.0,14.3179,250.2861
2026-08-12 18:48:00,42.473838869999994,-82.85041589,15.7382,5.3961,215.9707,213.4696,17.9725,0.0,-1.5603,0.2593,15.1651,0.0722,-0.072,3.235,13.782,10.0,0.0059,48.092,20.3596,64.3685,0.0,0.0,16.7216,25.8896,12.1542,37.1165,249.4504,-21.5072,3.5985,-5.0791,49.51,9.8408,6.4234,9.9953,0.5631,6.4242,0.5605,49.51,6.4234,140.41,11.0165,17.2612,120.0,-9.7886,262.441
2026-08-12 18:48:10,42.47362683,-82.85061411000001,15.7437,5.5702,215.5626,215.8419,52.2316,0.0,-2.0924,0.0101,18.5048,0.0867,-0.0867,3.2351,13.782,10.0,0.004,48.092,20.3596,64.2494,0.0,0.0,16.0259,31.405,11.7951,45.1097,261.4661,-21.7664,3.68,-5.3493,48.3863,9.7643,6.3492,9.4353,0.5821,6.4137,0.5744,48.3863,6.3492,140.4449,10.7666,16.9549,120.0,-6.1117,263.483
2026-08-12 18:48:20,42.473449169999995,-82.85085231,15.6726,4.8946,223.6042,223.8167,33.0062,0.0,-0.2732,-0.8449,27.0831,0.7802,-0.0594,3.2352,13.782,10.0,0.0054,48.092,20.3596,63.7088,0.0,0.0,15.8339,15.2655,11.338,21.8753,245.8563,-7.7052,3.7221,-4.8237,47.9678,10.1557,6.3014,9.8568,0.5712,6.528,0.5702,47.9678,6.3014,140.1728,10.6053,16.7724,120.0,-21.649,270.9975
2026-08-12 18:48:30,42.47334033333333,-82.85103524444445,15.7448,3.6836,231.6176,227.8305,36.2858,0.0,-0.3255,-0.4345,40.0256,2.3777,0.0299,3.2353,13.782,10.0,0.0034,48.092,20.3596,63.4405,0.0,0.0,13.7236,12.5229,10.2454,16.8766,242.2257,8.4814,,-3.5181,44.5537,,6.0561,,,,,44.5537,6.0561,140.0,9.7794,15.775,120.0,-29.2637,272.1947
2026-08-12 18:48:40,42.473263822123506,-82.85118309901158,15.6179,2.3404,242.9387,237.5945,124.5098,0.0,1.0978,-0.2841,29.7098,0.5705,0.0044,3.2354,13.782,10.0,0.0051,48.092,20.3596,62.7337,0.0,0.0,11.9063,9.4966,9.5283,12.3445,248.6736,13.2273,,-2.1818,41.8751,,5.8666,,,,,41.8751,5.8666,139.9413,9.1495,15.0009,120.0,-27.0285,277.4476
2026-08-12 18:48:50,42.47325387928753,-82.85124684765636,15.7316,0.5637,261.8045,245.0703,0.1835,0.0,1.9835,-0.1642,28.0226,0.1186,-0.0035,3.2355,13.782,10.0,0.005,48.092,20.3596,62.1537,0.0,0.0,10.4651,-0.4805,9.8768,-0.4261,243.6417,22.881,,-0.3509,-17.9387,,5.9311,,,,,-17.9387,5.9311,-56.0,9.3585,15.2622,-48.0,17.9188,227.3547
2026-08-12 18:49:00,42.47325647,-82.8512388,15.6944,1.0166,89.5132,231.819,-170.785,0.0,1.3917,-0.0327,27.9268,0.1183,-0.0033,3.2356,13.782,10.0,0.0047,48.092,20.3596,63.2325,0.0,0.0,9.1153,-0.0303,8.1675,0.0729,235.8115,19.3281,,0.527,-16.4722,,5.5016,,,,,-16.4722,5.5016,-56.4124,8.257,13.6476,-48.0,16.1959,218.7985
2026-08-12 18:49:10,42.4732573,-82.85116966000001,15.561,1.0458,111.4919,207.0128,-137.5099,0.0,0.6286,-0.2181,26.5543,0.1169,-0.0005,3.2357,13.782,10.0,0.0056,48.092,20.3596,64.2497,0.0,0.0,9.9189,32.0638,9.0733,35.3871,243.7944,-9.6929,0.752,0.1965,41.4401,8.1086,5.6641,8.7154,0.128,5.9417,0.1265,41.4401,5.6641,138.4378,8.6837,14.2627,120.0,-7.9896,251.9898
2026-08-12 18:49:20,42.473179269999996,-82.85114078000001,14.5024,1.8985,178.2682,191.2787,-4.9996,0.0,0.0778,-0.063,25.084,0.1203,0.0026,3.2358,13.782,10.0,0.0038,48.092,20.3596,64.8539,0.0,0.0,11.202,39.4467,9.8306,46.3205,238.5256,-12.7994,1.1179,-1.6084,42.7208,8.0263,5.931,9.2124,0.1935,5.9164,0.189,42.7208,5.931,140.0,9.3582,15.2618,120.0,3.9097,233.938
2026-08-12 18:49:30,42.47308053333333,-82.85116018888888,15.5807,2.3482,185.7031,189.5374,-28.5547,0.0,0.216,0.1354,24.2892,0.1259,0.0044,3.2359,13.782,10.0,0.0027,48.092,20.3596,65.4382,0.0,0.0,11.2843,42.758,9.6979,52.3942,242.4566,-13.7475,1.4394,-2.1842,42.5317,7.9743,5.9181,9.386,0.254,5.8984,0.2441,42.5317,5.9181,140.0,9.3147,15.2089,120.0,8.0432,232.3191
2026-08-12 18:49:40,42.4729623296795,-82.85118229751573,15.6288,2.7914,187.4873,193.125,42.0608,0.0,-0.1647,0.1986,23.3776,0.1333,0.0068,3.236,13.782,10.0,0.0036,48.092,20.3596,65.0412,0.0,0.0,11.3746,41.4275,9.4815,52.6618,247.2416,-10.6537,1.6392,-2.6723,41.5474,7.8421,5.847,9.4054,0.2936,5.8519,0.2799,41.5474,5.847,139.9659,9.0802,14.9193,120.0,11.925,234.8249
2026-08-12 18:49:50,42.47284446,-82.85120622,15.4101,1.9672,189.4852,203.3459,30.3141,0.0,0.5554,-0.0274,22.6457,0.14,0.009,3.2361,13.782,10.0,0.0015,48.092,20.3596,64.3544,0.0,0.0,12.6975,36.0937,11.1722,42.306,244.3677,-2.964,1.6196,-1.9811,47.1097,9.1954,6.2306,9.1883,0.2617,6.2395,0.2598,47.1097,6.2306,140.0,10.3668,16.4907,120.0,-4.3363,247.8938
2026-08-12 18:50:00,42.472774920000006,-82.85120738999998,15.514,1.351,166.289,197.9156,-58.7558,0.0,0.5195,-0.0691,22.0209,0.1439,0.0108,3.2362,14.243,10.0,0.0043,48.092,19.9939,64.6808,0.0,0.0,12.028,33.7309,10.9812,37.5236,237.3703,-4.0429,,-1.0657,46.3494,,6.1787,,,,,46.3494,6.1787,140.0,10.1921,16.2778,120.0,-10.2925,244.7383
2026-08-12 18:50:10,42.47271718,-82.85117705,15.607,1.559,161.1822,193.8359,-25.913,0.0,0.353,0.3268,21.0898,0.1464,0.0133,3.2363,14.243,10.0,0.0029,48.092,19.9939,64.9825,0.0,0.0,12.172,40.6626,11.0246,46.0055,242.0198,-10.165,1.0818,-1.2116,46.7696,9.075,6.2074,9.0313,0.1758,6.2095,0.1742,46.7696,6.2074,140.0,10.2887,16.3955,120.0,-0.4121,241.0005
2026-08-12 18:50:20,42.47265042,-82.85114994000001,15.6004,1.6678,163.0031,196.016,21.1769,0.0,0.1817,0.1317,20.0735,0.1499,0.0163,3.2364,14.243,10.0,0.0042,48.092,19.9939,64.9446,0.0,0.0,13.4477,43.9984,12.3026,49.4159,246.8893,-11.5703,1.0845,-1.3223,48.8641,9.7804,6.4344,9.7826,0.171,6.4265,0.1687,48.8641,6.4344,141.1888,11.0544,17.2673,120.0,-0.0151,244.4196
2026-08-12 18:50:30,42.472569220000004,-82.85112590000001,15.5741,1.6803,167.0325,198.5146,18.5879,0.0,-0.1468,0.0129,19.0942,0.154,0.0193,3.2365,14.243,10.0,0.0035,48.092,19.9939,64.4296,0.0,0.0,13.4143,40.9842,12.1849,46.2752,246.6782,-9.9845,1.1757,-1.4439,49.9244,10.0279,6.4764,9.522,0.1836,6.4546,0.1822,49.9244,6.4764,140.7598,11.1954,17.4612,120.0,-3.4054,248.3602
2026-08-12 18:50:40,42.47249427999999,-82.85109854999999,15.4954,1.5356,159.5332,196.5664,-62.6052,0.0,0.3409,0.069,18.1268,0.1581,0.0225,3.2365,14.243,10.0,0.0034,48.092,19.9939,65.0074,0.0,0.0,12.7684,36.8179,11.5899,41.3913,240.1598,-5.5791,,-1.2014,48.8094,,6.3731,,,,,48.8094,6.3731,140.3749,10.8471,17.0566,120.0,-7.638,245.8929
2026-08-12 18:50:50,42.47242502222222,-82.85107172222222,15.3609,1.8369,167.1771,195.3804,18.0851,0.0,0.5763,0.1451,17.1877,0.162,0.0257,3.2367,14.243,10.0,0.0043,48.092,19.9939,65.3441,0.0,0.0,12.0723,43.7862,10.8371,50.42,246.0474,-10.1827,1.1563,-1.5861,46.1134,8.9044,6.1626,9.5816,0.1906,6.1659,0.1876,46.1134,6.1626,140.0,10.1379,16.2118,120.0,3.5984,239.5245
2026-08-12 18:51:00,42.472349508428294,-82.85106213667852,15.3992,1.6562,179.1307,199.4498,16.0665,0.0,0.4729,0.0442,16.6136,0.1662,0.028,3.2367,14.243,10.0,0.0038,48.092,19.9939,64.6404,0.0,0.0,11.7404,41.6363,10.575,47.5443,248.496,-9.4975,1.0985,-1.4962,45.4742,8.7283,6.119,9.0637,0.1811,6.119,0.1795,45.4742,6.119,140.0,9.991,16.0328,120.0,2.4599,244.6482
2026-08-12 18:51:10,42.47228049,-82.85105747,15.3379,1.5026,172.8843,197.7323,-26.083,0.0,0.3416,0.0338,16.1488,0.1701,0.03,3.2368,14.243,10.0,0.0039,48.092,19.9939,64.5221,0.0,0.0,11.5258,39.5958,10.4346,44.7742,244.6699,-8.2914,1.0385,-1.3045,44.8068,8.5542,6.0734,8.5232,0.1734,6.0716,0.171,44.8068,6.0734,140.0,9.8376,15.8459,120.0,0.0815,243.2275
2026-08-12 18:51:20,42.472213870000004,-82.85105081,15.4429,1.7125,174.0079,194.2326,11.8472,0.0,0.6184,0.2608,15.7224,0.1736,0.0319,3.2369,14.243,10.0,0.003,48.092,19.9939,65.1251,0.0,0.0,11.6026,43.2733,10.4559,49.5339,245.1614,-10.6256,1.091,-1.6208,44.675,8.5399,6.0644,9.1085,0.1818,6.0676,0.1798,44.675,6.0644,140.0,9.8073,15.809,120.0,3.9223,238.7505
2026-08-12 18:51:30,42.47213413,-82.85105292,15.292,1.6868,181.1922,198.2603,12.6769,0.0,0.6077,0.389,15.3365,0.1781,0.0339,3.237,14.243,10.0,0.005,48.092,19.9939,64.9518,0.0,0.0,11.584,42.6119,10.4195,48.8233,248.2432,-9.917,1.0803,-1.6094,44.7659,8.5495,6.0706,9.2776,0.1804,6.0702,0.178,44.7659,6.0706,140.0,9.8282,15.8344,120.0,4.622,242.5615
2026-08-12 18:51:40,42.47205859,-82.8510494,14.9234,1.5434,179.4991,197.5479,-15.288,0.0,0.8598,0.1894,14.9208,0.1824,0.036,3.2371,14.243,10.0,0.0036,48.092,19.9939,64.9618,0.0,0.0,10.5248,37.0711,9.3399,42.8029,242.5401,-8.2822,1.1128,-1.5157,41.8922,7.8023,5.8472,7.9478,0.1925,5.8076,0.1918,41.8922,5.8472,139.7622,9.1099,14.9323,120.0,1.1611,239.9351
2026-08-12 18:51:50,42.47199871,-82.85104451,15.1345,1.454,173.8406,192.4578,-21.9783,0.0,1.0589,0.2805,14.567,0.1859,0.0378,3.2372,14.243,10.0,0.0041,48.092,19.9939,65.4744,0.0,0.0,9.6768,36.0582,8.5649,41.7062,236.0114,-7.7168,1.0571,-1.3297,40.0,7.2847,5.5804,7.5197,0.1893,5.5804,0.1894,40.0,5.5804,138.5648,8.3836,13.9116,120.0,2.0046,232.5672
2026-08-12 18:52:00,42.47194561111111,-82.85103803333332,15.0689,1.4054,170.5231,189.5344,-1.5615,0.0,1.0964,0.3412,14.2152,0.1891,0.0396,3.2373,14.243,10.0,0.0054,48.092,19.9939,65.9332,0.0,0.0,8.9937,34.5706,7.8729,40.4209,232.1235,-6.4287,1.0775,-1.2396,40.0,6.9506,5.3245,7.0197,0.2023,5.3245,0.2024,40.0,5.3245,136.3373,7.8415,12.9983,120.0,0.6237,229.6152
2026-08-12 18:52:10,42.47189448321127,-82.85102046338613,15.1859,1.073,165.5029,192.5917,9.8615,0.0,1.2011,0.3223,13.7574,0.1919,0.0417,3.2374,14.243,10.0,0.0047,48.092,19.9939,65.8355,0.0,0.0,8.9505,35.5344,8.0789,40.1012,234.5235,-5.9021,0.8629,-0.98,40.0,7.0213,5.3855,6.921,0.1619,5.3786,0.1605,40.0,5.3855,136.8681,7.9707,13.2159,120.0,-0.6173,232.3452
2026-08-12 18:52:20,42.471851573473685,-82.8509939530077,15.2001,1.1721,160.4173,192.7111,5.2735,0.0,1.0613,0.1886,13.2703,0.194,0.0438,3.2375,14.243,10.0,0.0033,48.092,19.9939,65.9901,0.0,0.0,8.7725,44.529,8.0213,50.2994,244.8433,-9.9272,0.7083,-0.8815,40.0,6.9672,5.3319,8.0013,0.137,5.3372,0.1328,40.0,5.3319,136.4022,7.8574,13.0249,120.0,8.8604,232.8968
2026-08-12 18:52:30,42.471784480000004,-82.85098282000001,15.2329,1.4326,181.9003,200.9418,43.434,0.0,0.6195,0.4448,12.8572,0.1978,0.046,3.2376,14.243,10.0,0.0032,48.092,19.9939,65.5037,0.0,0.0,9.6439,39.7964,8.5859,46.4288,248.8968,-8.5612,0.9572,-1.4362,40.6521,6.9246,5.517,8.3907,0.1903,5.3046,0.1804,40.6521,5.517,137.6256,8.3049,13.7091,120.0,7.011,241.0408
2026-08-12 18:52:40,42.47172006,-82.85097686,14.9836,1.3866,168.1529,197.8779,-21.9324,0.0,0.9202,0.2944,12.5316,0.2016,0.048,3.2377,14.243,10.0,0.0039,48.092,19.9939,65.7932,0.0,0.0,10.1781,36.5358,9.1579,41.6433,242.3604,-9.4472,1.0665,-1.2128,41.3799,7.3791,5.791,7.9768,0.1894,5.6527,0.1888,41.3799,5.791,139.5773,8.9472,14.7131,120.0,-0.5178,240.1119
2026-08-12 18:52:50,42.47164697999999,-82.85096904,15.0623,1.4112,172.7485,198.055,11.8155,0.0,1.0254,0.198,12.1814,0.2057,0.0502,3.2378,14.243,10.0,0.0056,48.092,19.9939,65.0665,0.0,0.0,10.824,37.0241,9.7827,41.8831,241.6935,-5.8563,1.1012,-1.3368,42.3074,7.3229,5.8605,7.985,0.1972,5.6097,0.1963,42.3074,5.8605,139.6315,9.1735,14.995,120.0,-0.463,240.0944
2026-08-12 18:53:00,42.471579090000006,-82.85095448,15.3726,1.6328,174.2342,198.7314,40.5089,0.0,0.6255,0.6727,11.7741,0.2095,0.0526,3.2379,14.243,10.0,0.0049,48.092,19.9939,65.1479,0.0,0.0,11.872,49.7546,10.9006,56.3547,256.2814,-12.7646,0.8851,-1.5558,45.5959,8.7224,6.1273,10.2569,0.1545,6.1111,0.1446,45.5959,6.1273,140.0,10.0189,16.0669,120.0,10.2986,243.9657
2026-08-12 18:53:10,42.47150888888889,-82.8509558888889,14.8786,1.2188,174.237,201.537,-38.7071,0.0,0.9843,-0.1967,11.5474,0.2138,0.0545,3.238,14.243,10.0,0.0036,48.092,19.9939,64.6835,0.0,0.0,13.2332,35.0502,12.2515,38.4282,242.5315,-6.1153,1.0332,-1.1627,49.4001,9.6749,6.434,9.9167,0.1631,6.3549,0.1626,49.4001,6.434,140.6659,11.0525,17.2919,120.0,-9.4268,252.3052
2026-08-12 18:53:20,42.471452678310676,-82.85093788001046,15.292,1.6076,166.576,195.6178,-7.8982,0.0,0.5039,-0.1211,11.1594,0.217,0.0567,3.2381,14.243,10.0,0.0048,48.092,19.9939,65.0213,0.0,0.0,13.1549,42.2303,12.0028,47.4721,244.8108,-11.7595,1.0982,-1.4946,49.2755,9.8851,6.4832,9.3914,0.172,6.4612,0.17,49.2755,6.4832,141.4817,11.219,17.4528,120.0,-2.3574,245.1798
2026-08-12 18:53:30,42.47138877,-82.85091648,15.6234,1.3238,162.3487,195.7623,-15.7617,0.0,0.4371,0.3642,10.7213,0.2206,0.0593,3.2382,14.243,10.0,0.0048,48.092,19.9939,65.2184,0.0,0.0,11.4676,42.4361,10.528,47.3389,244.7794,-9.6286,0.8896,-1.2055,45.5618,8.7809,6.125,8.9053,0.1466,6.1326,0.1452,45.5618,6.125,140.0,10.0111,16.0573,120.0,1.3118,241.2859
2026-08-12 18:53:40,42.47132061,-82.85089730000001,15.6857,1.4657,172.2048,198.7681,32.5581,0.0,0.3693,0.4459,10.3278,0.2243,0.0618,3.2383,14.243,10.0,0.004,48.092,19.9939,64.9529,0.0,0.0,12.4753,41.6002,11.4192,46.6615,246.9783,-7.5408,1.0106,-1.4083,46.7661,8.5938,6.234,9.2284,0.1686,6.0776,0.1663,46.7661,6.234,140.3799,10.3787,16.4857,120.0,0.2742,245.1617
2026-08-12 18:53:50,42.47125500999999,-82.85088023,15.7907,1.4255,167.1923,197.4278,-4.6397,0.0,0.4236,0.4715,9.963,0.2281,0.0642,3.2384,14.243,10.0,0.004,48.092,19.9939,64.9746,0.0,0.0,13.1637,44.2335,12.185,49.0566,247.9427,-10.2168,0.9161,-1.351,49.8547,10.0065,6.4943,10.1922,0.1444,6.4647,0.1418,49.8547,6.4943,141.0796,11.2559,17.5184,120.0,-2.042,247.1569
2026-08-12 18:54:00,42.47118228,-82.85086358999999,14.9245,1.5551,172.6562,199.9846,11.2917,0.0,0.1484,0.3345,9.6146,0.2321,0.0667,3.2385,14.243,10.0,0.0067,48.092,19.9939,64.5769,0.0,0.0,12.2675,41.9988,11.1608,47.3776,249.2287,-9.5553,1.0392,-1.4906,47.2695,9.2354,6.2415,9.5193,0.1681,6.2479,0.1664,47.2695,6.2415,140.0,10.4035,16.5355,120.0,1.505,247.3243
2026-08-12 18:54:10,42.4711214,-82.85084121,14.1306,1.559,159.8369,194.3459,-19.0971,0.0,0.0662,0.0531,9.2251,0.2356,0.0692,3.2385,14.243,10.0,0.002,48.092,19.9939,64.9502,0.0,0.0,12.3002,43.3011,11.2745,48.5696,244.6353,-10.313,0.9949,-1.3918,47.4055,9.2401,6.2508,9.6166,0.1617,6.2515,0.1592,47.4055,6.2508,140.0,10.4348,16.5735,120.0,0.5926,242.1349
2026-08-12 18:54:20,42.471048630000006,-82.85081892999999,15.082,1.6873,173.0648,197.8303,18.8543,0.0,0.0085,-0.17,8.8191,0.2398,0.0721,3.2387,14.243,10.0,0.0045,48.092,19.9939,64.8396,0.0,0.0,11.6169,43.2669,10.4511,49.6259,247.8515,-9.2167,1.0944,-1.627,44.9067,8.5894,6.0802,9.2889,0.1823,6.0798,0.1799,44.9067,6.0802,140.0,9.8605,15.8739,120.0,4.7544,240.7613
2026-08-12 18:54:30,42.470969,-82.85080997777777,15.6529,1.9127,178.0002,197.9814,8.0577,0.0,0.4744,0.0341,8.5415,0.2448,0.0747,3.2387,14.243,10.0,0.0042,48.092,19.9939,65.1972,0.0,0.0,11.0389,48.2461,9.889,56.4977,255.62,-11.7331,1.0653,-1.8746,43.3005,8.1855,5.9706,9.9349,0.1883,5.9648,0.1786,43.3005,5.9706,140.0,9.4914,15.4241,120.0,11.4179,241.43
2026-08-12 18:54:40,42.470881668401134,-82.85081539155499,15.8038,1.9672,183.9991,200.5761,9.0194,0.0,-0.0908,0.0156,8.408,0.2504,0.077,3.2388,14.243,10.0,0.0056,48.092,19.9939,64.5423,0.0,0.0,12.7785,41.0249,11.3736,47.8663,250.4709,-7.9059,1.1659,-1.9608,46.1748,8.5432,6.2113,10.0915,0.2031,6.0518,0.1923,46.1748,6.2113,140.6294,10.3025,16.38,120.0,4.1543,246.6638
2026-08-12 18:54:50,42.47079427,-82.85081433000002,15.5545,1.8466,176.5678,198.0987,-36.9497,0.0,-0.4201,-0.0044,8.2265,0.2554,0.0793,3.2389,14.243,10.0,0.004,48.092,19.9939,64.9339,0.0,0.0,13.8099,33.3245,12.3249,38.061,238.7636,0.6806,,-1.8448,49.8132,,6.5071,,,,,49.8132,6.5071,141.3011,11.2994,17.56,120.0,-11.8262,248.2898
2026-08-12 18:55:00,42.47070613,-82.85080659,15.6835,1.7456,172.9301,197.5955,11.8381,0.0,0.235,0.0416,8.0017,0.2601,0.0817,3.239,14.18,10.0,0.0046,48.092,20.0442,64.5764,0.0,0.0,13.4618,44.6869,12.2802,50.4679,249.912,-11.1495,1.1344,-1.7027,50.0,10.0953,6.4855,10.1302,0.1761,6.4891,0.1749,50.0,6.4855,140.8151,11.226,17.4956,120.0,0.103,247.5415
2026-08-12 18:55:10,42.470623159999995,-82.85079640000001,15.1203,1.6155,175.313,199.9663,14.7602,0.0,-0.0141,0.0674,7.7526,0.265,0.0843,3.2391,14.18,10.0,0.0037,48.092,20.0442,64.578,0.0,0.0,12.7968,41.2928,11.6132,46.6855,247.8998,-12.1474,1.1166,-1.6047,48.8778,9.6669,6.3714,9.1966,0.1777,6.3628,0.1756,48.8778,6.3714,140.2842,10.8411,17.054,120.0,-1.8923,248.4862
2026-08-12 18:55:20,42.4705334,-82.85079014000002,15.3773,2.8302,177.6387,192.121,-148.9511,0.0,-1.3089,0.6853,7.546,0.2703,0.087,3.2392,14.18,10.0,0.0026,48.092,20.0442,65.8265,0.0,0.0,12.5604,52.0168,11.3532,63.345,258.0032,-25.4384,1.0283,-2.7507,47.7641,9.3397,6.2753,11.051,0.2263,6.2761,0.1638,47.7641,6.2753,140.0,10.5172,16.6739,120.0,12.2892,241.4924
2026-08-12 18:55:30,42.47028865,-82.85070696,14.4368,7.5907,159.3327,155.5945,-272.8024,0.0,-2.0904,0.9963,6.4728,0.2842,0.0965,3.2393,14.18,10.0,0.0011,48.092,20.0442,68.0326,0.0,0.0,13.7975,62.2024,12.4444,95.5943,252.4345,-49.1158,-0.4758,-6.5307,104.5671,12.2542,9.3888,15.7227,0.4608,8.8822,0.1147,49.8511,6.5079,141.2749,11.3018,17.5643,120.0,-11.4196,262.8725
2026-08-12 18:55:40,42.47009413333333,-82.85038552222221,14.5243,6.5488,101.2697,78.1137,-641.4354,0.0,2.4882,-0.0403,3.4594,0.2947,0.1144,3.2394,14.18,10.0,0.002,48.092,20.0442,67.6323,0.0,0.0,7.1022,12.8523,11.0341,33.5617,249.3576,-10.5256,-4.7856,-1.6287,109.2323,13.3755,10.32,11.9963,0.6543,10.3172,0.4741,37.5022,6.2081,109.2323,10.32,16.3835,93.3333,-2.334,238.6641
2026-08-12 18:55:50,42.47026417962962,-82.85023981259931,14.3209,5.8957,181.2351,291.6294,-281.0538,0.0,3.678,0.6929,2.2592,0.2838,0.1157,3.2395,14.18,10.0,0.0023,48.092,20.0442,69.5031,0.0,0.0,11.8833,-74.4279,11.4522,-101.5078,240.6434,45.2355,-1.3339,5.301,-112.6926,12.0734,9.0176,14.3277,0.4136,8.9106,0.1668,-47.0316,6.2253,-140.0,10.3489,16.4688,-120.0,4.1519,231.9225
2026-08-12 18:56:00,42.47055462,-82.85033646000001,14.1743,6.6635,343.9328,316.0103,-44.7064,0.0,1.9455,0.0573,3.3813,0.2663,0.1038,3.2396,14.18,10.0,0.001,48.092,20.0442,69.3127,0.0,0.0,15.308,-51.765,12.3639,-76.6533,238.9989,44.0254,1.3577,6.1644,-50.0,10.1252,6.5097,14.3063,0.4636,6.5084,0.2086,-50.0,6.5097,-141.1572,11.3079,17.5777,-120.0,-27.7808,265.857
2026-08-12 18:56:10,42.4708033,-82.85049303999999,15.023,4.984,325.3369,295.0086,-64.7786,0.0,1.7803,-0.3671,5.0927,0.2527,0.0915,3.2397,14.18,10.0,0.002,48.092,20.0442,68.313,0.0,0.0,15.8255,-45.2371,12.7598,-61.8595,230.9894,37.1897,2.3417,4.0288,-49.9503,10.2223,6.5743,12.7568,0.4111,6.5804,0.3558,-49.9503,6.5743,-142.1187,11.5265,17.7946,-120.0,-13.01,246.1653
2026-08-12 18:56:20,42.47099314,-82.8507018,15.5085,5.1512,321.0257,288.0495,-21.4737,0.0,1.3842,0.1582,7.5026,0.2424,0.0782,3.2398,14.18,10.0,0.0021,48.092,20.0442,66.5388,0.0,0.0,16.6101,-46.0684,13.6041,-61.5947,224.9642,36.6875,2.375,3.4278,-50.0,10.5496,6.781,13.249,0.3799,6.7811,0.3502,-50.0,6.781,-144.9947,12.226,18.4987,-120.0,-11.8127,238.784
2026-08-12 18:56:30,42.471162750000005,-82.85089103,14.9377,3.9868,314.8924,279.556,-101.0125,0.0,1.3999,-0.2605,9.7314,0.2341,0.0668,3.2399,14.18,10.0,0.0022,48.092,20.0442,66.4539,0.0,0.0,17.2112,-40.3997,14.3988,-50.9734,225.6318,26.9987,2.4332,2.4371,-50.0,10.9229,7.001,12.3244,0.3469,7.0211,0.3466,-50.0,7.001,-148.1058,12.9702,19.2454,-120.0,-3.2537,231.2362
2026-08-12 18:56:40,42.47127541,-82.85105228,14.6883,3.8235,310.55,275.4271,9.8702,0.0,1.3438,0.074,11.7582,0.2287,0.0575,3.24,14.18,10.0,0.0029,48.092,20.0442,65.2852,0.0,0.0,16.361,-43.0352,13.8202,-53.9531,220.1017,16.8534,2.2542,1.8438,-50.0,10.6586,6.8487,11.6819,0.3329,6.8512,0.3291,-50.0,6.8487,-145.9514,12.4548,18.7283,-120.0,-2.1847,225.4147
2026-08-12 18:56:50,42.47137776666666,-82.8512230111111,15.2133,3.3045,304.008,269.1524,-66.7408,0.0,0.7143,0.497,14.096,0.2241,0.0474,3.2401,14.18,10.0,0.0046,48.092,20.0442,64.9703,0.0,0.0,16.3319,-40.1499,13.9161,-49.3758,217.8512,12.683,2.0733,1.2478,-50.0,10.6898,6.8694,12.0946,0.3027,6.8713,0.3017,-50.0,6.8694,-146.2449,12.525,18.7988,-120.0,-0.3617,219.9978
2026-08-12 18:57:00,42.47145478517492,-82.85139172043759,15.3904,3.5125,300.8527,267.8257,-33.3974,0.0,1.2045,0.5261,16.4398,0.2215,0.038,3.2402,14.18,10.0,0.0024,48.092,20.0442,64.5998,0.0,0.0,15.7369,-44.0245,13.4463,-54.5628,210.9137,16.2295,2.0483,0.8864,-50.0,10.5409,6.783,11.357,0.3119,6.7755,0.3021,-50.0,6.783,-145.0222,12.2325,18.5053,-120.0,-2.9632,217.9886
2026-08-12 18:57:10,42.471525230073055,-82.85159565760824,15.2898,2.9216,290.0736,259.3456,-47.0532,0.0,0.3874,0.0919,18.9662,0.2203,0.0281,3.2403,14.18,10.0,0.0035,48.092,20.0442,64.1997,0.0,0.0,14.7998,-37.5878,12.4038,-46.8009,210.0104,18.0427,2.1484,0.2097,-49.9472,10.2389,6.5359,10.6546,0.3282,6.5815,0.3266,-49.9472,6.5359,-141.579,11.3967,17.6642,-120.0,1.4336,210.4174
2026-08-12 18:57:20,42.47155551000001,-82.85176512000001,15.2395,2.568,287.5911,253.775,-26.5864,0.0,0.2138,0.1093,20.8484,0.2212,0.021,3.2404,14.18,10.0,0.0044,48.092,20.0442,63.2457,0.0,0.0,13.1973,-30.4545,11.1009,-37.2157,214.2299,14.0282,,-0.4213,-46.8135,,6.2104,,,,,-46.8135,6.2104,-140.0,10.2987,16.4078,-120.0,8.8678,207.5311
2026-08-12 18:57:30,42.47159388000001,-82.85187753,15.2395,1.9419,290.8494,254.5628,36.6825,0.0,0.788,0.1191,22.1439,0.2208,0.016,3.2405,14.18,10.0,0.0035,48.092,20.0442,63.3703,0.0,0.0,12.6553,-33.5009,10.9812,-39.6378,212.2889,16.5689,,-0.1513,-46.5776,,6.1943,,,,,-46.5776,6.1943,-140.0,10.2445,16.3417,-120.0,7.8086,207.4005
2026-08-12 18:57:40,42.47162201,-82.85199535000001,15.2515,1.8272,297.2058,264.658,145.9507,0.0,0.1116,0.2196,23.6332,0.2213,0.0103,3.2406,14.18,10.0,0.003,48.092,20.0442,62.7428,0.0,0.0,12.0603,-40.2166,10.6113,-47.1635,214.0802,22.5991,1.3952,0.0542,-45.9602,8.8713,6.1521,8.706,0.2303,6.1573,0.2264,-45.9602,6.1521,-140.0,10.1027,16.1689,-120.0,0.7561,216.0832
2026-08-12 18:57:50,42.4717263,-82.85208607777778,15.2657,4.5389,335.174,307.1489,311.6589,0.0,0.7891,0.9466,25.2337,0.2176,0.0041,3.2406,14.18,10.0,0.0023,48.092,20.0442,62.3229,0.0,0.0,10.6642,-57.6611,9.2889,-81.2739,223.2132,36.173,0.6249,2.6641,-51.9122,8.5978,6.1836,11.373,0.3545,6.5121,0.1316,-41.1236,5.7996,-139.8048,8.9436,14.7346,-120.0,-23.9857,248.2459
2026-08-12 18:58:00,42.47199979593644,-82.85212287740774,15.3051,6.817,76.3071,333.2656,66.6843,0.0,0.7347,0.2487,27.7253,0.2031,-0.005,3.2407,14.18,10.0,0.0022,48.092,20.0442,67.8544,0.0,0.0,9.351,-72.7546,9.7961,-114.3536,228.1123,39.4179,-2.5582,6.0802,-140.0,12.2871,9.4046,14.9129,0.4567,9.4125,0.2731,-42.9228,5.9448,-140.0,9.4046,15.3184,-120.0,28.5266,190.7061
2026-08-12 18:58:10,42.472306640000006,-82.85207736,15.339,6.4147,5.2534,336.4874,26.3923,0.0,0.895,-0.1957,29.7979,0.1862,-0.0113,3.2408,14.18,10.0,0.0012,48.092,20.0442,69.9017,0.0,0.0,8.1987,-76.2483,9.1512,-119.5108,227.4995,38.957,-3.1787,5.86,-140.0,11.5921,8.8791,14.6365,0.4421,8.8801,0.3579,-40.636,5.7887,-140.0,8.8791,14.6781,-120.0,20.5944,196.1818
2026-08-12 18:58:20,42.47260523999999,-82.85201363,15.0951,6.4147,12.4951,343.8597,28.1024,0.0,1.1157,-0.0587,31.9112,0.17,-0.0165,3.2409,14.18,10.0,0.001,48.092,20.0442,70.5846,0.0,0.0,8.16,-79.5538,9.4432,-121.6521,232.8296,38.7341,-3.3258,6.0265,-140.0,11.783,9.0481,14.6154,0.4412,9.0263,0.3676,-41.3714,5.8389,-140.0,9.0481,14.884,-120.0,18.7878,203.1216
2026-08-12 18:58:30,42.47292647,-82.85192378999999,15.1673,7.1786,8.4689,341.6579,-48.5354,0.0,1.9634,0.0815,34.4218,0.1521,-0.0214,3.241,14.18,10.0,0.0012,48.092,20.0442,70.5768,0.0,0.0,8.6462,-83.4268,10.5305,-125.4206,227.7158,38.9105,-4.1204,6.3305,-140.0,12.8918,9.835,15.2643,0.465,9.8757,0.4186,-44.7955,6.0726,-140.0,9.835,15.8427,-120.0,14.1834,202.2886
2026-08-12 18:58:40,42.47326324444444,-82.85185456666666,15.2789,7.7307,13.3579,342.7683,92.6545,0.0,1.2385,0.3672,38.3117,0.1336,-0.0276,3.2411,14.18,10.0,0.0012,48.092,20.0442,71.0059,0.0,0.0,9.5266,-84.2626,11.6428,-125.5407,229.6899,39.9236,-4.3989,6.914,-140.0,14.0782,10.7718,16.5308,0.4693,10.7848,0.408,-48.8718,6.3509,-140.0,10.7718,16.9841,-120.0,15.4523,202.4675
2026-08-12 18:58:50,42.47357694064235,-82.8517144474638,15.1017,7.1183,21.0997,354.0361,-0.1868,0.0,1.3824,0.1015,41.8094,0.115,-0.0307,3.2412,14.18,10.0,0.0007,48.092,20.0442,71.6276,0.0,0.0,7.731,-101.0771,11.5217,-138.8493,227.8069,39.9291,-5.3211,6.7704,-140.0,13.8823,10.6362,14.3616,0.5067,10.6345,0.5003,-48.2818,6.3106,-140.0,10.6362,16.8189,-120.0,2.2708,213.6119
2026-08-12 18:59:00,42.473863722929565,-82.85154176465895,15.4046,5.9784,36.1339,167.9255,132.419,0.0,0.002,-0.0671,45.3105,0.097,-0.0315,3.2413,14.18,10.0,0.0008,48.092,20.0442,72.8941,0.0,0.0,6.5497,-120.7623,10.8244,-149.2506,234.4711,38.9318,-5.182,6.0713,-140.0,13.251,10.1529,11.6277,0.5507,10.1508,0.511,-46.1788,6.1671,-140.0,10.1529,16.2301,-120.0,-6.5699,225.7988
2026-08-12 18:59:10,42.47409345,-82.85135048999999,15.6398,6.5119,19.311,273.9214,-182.6108,0.0,2.7656,0.6413,47.9587,0.0815,-0.0299,3.2414,14.18,10.0,0.0015,48.092,20.0442,70.3948,0.0,0.0,7.339,-124.155,11.7796,-150.0387,206.5755,39.8756,-5.4736,5.4042,-140.0874,14.031,10.7093,11.2015,0.5812,10.7625,0.5088,-48.5092,6.3323,-140.0874,10.7093,16.9036,-120.0,-13.9074,218.8376
2026-08-12 18:59:20,42.474411329999995,-82.85123688999998,15.3182,6.7879,16.8839,349.6791,10.9943,0.0,1.389,-0.0515,57.915,0.0654,-0.034,3.2415,14.18,10.0,0.0008,48.092,20.0442,71.8388,0.0,0.0,7.5969,-98.9101,10.9734,-137.0042,225.1873,40.5195,-5.033,5.1273,-140.0,13.5417,10.3488,14.1783,0.4894,10.3736,0.485,-47.0312,6.2252,-140.0,10.3488,16.4687,-120.0,3.2797,209.1947
2026-08-12 18:59:30,42.47470002,-82.85111368,15.4757,6.5391,20.9273,352.3815,69.3436,0.0,1.3819,0.3169,70.1036,0.0534,-0.0367,3.2416,14.18,10.0,0.0012,48.092,20.0442,71.5708,0.0,0.0,8.0351,-106.4455,11.6851,-138.7501,225.3526,40.961,-4.8723,4.257,-140.7466,13.7931,10.7171,14.1473,0.4587,10.6708,0.4568,-47.8566,6.3344,-140.7466,10.7171,16.8791,-120.0,2.0065,211.0823
2026-08-12 18:59:40,42.474989019999995,-82.85091876999999,15.5479,6.7296,31.9304,50.8813,38.6101,0.0,1.3371,-0.2089,89.3126,0.0416,-0.0368,3.2417,14.18,10.0,0.0008,48.092,20.0442,72.9659,0.0,0.0,7.3234,-120.672,12.2709,-149.1616,232.4638,42.2733,-5.7939,3.6042,-141.2363,14.495,11.3019,12.9591,0.5316,11.2954,0.5136,-49.8914,6.5079,-141.2363,11.3019,17.5663,-120.0,-6.7732,223.4275
2026-08-12 18:59:50,42.475225200000004,-82.85068587,15.7579,5.9967,38.5406,14.8849,61.2714,0.0,0.6924,0.007,113.1516,0.0343,-0.0339,3.2418,14.18,10.0,0.0011,48.092,20.0442,73.6126,0.0,0.0,6.7064,-134.9665,11.8044,-156.3545,229.2046,41.9444,-5.5643,1.5466,-140.3028,14.2242,10.9388,11.0052,0.5589,10.9501,0.5082,-49.2836,6.4004,-140.3028,10.9388,17.1721,-120.0,-15.0045,233.3948
2026-08-12 19:00:00,42.47541013041021,-82.85047980489736,15.6791,5.9695,35.0415,144.597,-88.4028,0.0,2.1907,0.5137,139.0351,0.0334,-0.0305,3.2419,14.2444,10.0,0.0013,48.092,19.9669,72.3036,0.0,0.0,6.9467,-142.9551,12.1964,-160.1742,219.1586,36.6269,-5.6384,-1.5476,-141.1133,14.2406,11.1176,10.0458,0.5964,11.0758,0.5088,-49.2177,6.4532,-141.1133,11.1176,17.3482,-120.0,-19.5985,230.2354
2026-08-12 19:00:10,42.47569063413847,-82.8502478244283,15.876,7.4859,33.3589,46.0799,-9.7995,0.0,1.7865,0.2524,164.5781,0.0438,-0.0287,3.242,14.2444,10.0,0.0007,48.092,19.9669,72.8521,0.0,0.0,6.3914,-124.9328,12.4179,-155.0753,220.3138,40.1809,-6.8461,-5.1346,-141.4632,14.5598,11.3798,11.8821,0.649,11.4028,0.6014,-49.9942,6.5309,-141.4632,11.3798,17.6495,-120.0,-12.9422,224.2782
2026-08-12 19:00:20,42.47599917,-82.84999932999999,15.6234,7.3127,29.5274,43.5583,42.8124,0.0,1.3387,0.0704,179.4626,0.0606,-0.027,3.2421,14.2444,10.0,0.0019,48.092,19.9669,72.3241,0.0,0.0,6.0982,-127.3612,12.0849,-156.3545,229.0494,40.1525,-6.7801,-6.3301,-140.8567,14.4018,11.1913,11.0164,0.6708,11.1517,0.6079,-49.8055,6.4752,-140.8567,11.1913,17.4511,-120.0,-15.7216,222.3615
2026-08-12 19:00:30,42.47628944,-82.84973959999999,15.1476,7.3983,35.2501,11.0057,16.8748,0.0,0.4578,0.0926,187.9828,0.0785,-0.0245,3.2422,14.2444,10.0,0.0013,48.092,19.9669,72.7543,0.0,0.0,5.5095,-135.9443,11.9361,-161.3247,223.8973,40.1482,-6.9393,-6.5294,-140.194,14.2793,10.9489,9.9943,0.7374,10.9715,0.6324,-49.4404,6.4034,-140.194,10.9489,17.1899,-120.0,-20.2694,230.2593
2026-08-12 19:00:40,42.476545709999996,-82.84946736,15.7185,6.6246,37.4984,15.7593,28.8139,0.0,0.5049,-0.1502,193.6377,0.095,-0.0207,3.2423,14.2444,10.0,0.0007,48.092,19.9669,73.026,0.0,0.0,5.5978,-142.2224,11.6402,-162.8955,224.5136,39.6814,-6.4401,-6.1495,-140.0,14.0761,10.7898,9.3088,0.7241,10.783,0.5973,-48.9502,6.3562,-140.0,10.7898,17.006,-120.0,-22.971,235.2789
2026-08-12 19:00:50,42.47676522,-82.84921783,15.5545,6.0706,40.9367,17.2643,0.6788,0.0,0.6295,-0.1885,197.6148,0.1106,-0.0166,3.2424,14.2444,10.0,0.0006,48.092,19.9669,72.7431,0.0,0.0,5.8221,-147.3739,11.4379,-164.0732,225.2554,39.7643,-5.8761,-5.6435,-140.0,13.8474,10.6159,8.9117,0.6861,10.6077,0.554,-48.1936,6.3046,-140.0,10.6159,16.7942,-120.0,-24.0189,237.0762
2026-08-12 19:01:00,42.47697453000001,-82.84897296,15.4888,6.0667,40.5477,17.5685,-105.5316,0.0,0.7142,0.0674,200.5984,0.1263,-0.0125,3.2425,14.2444,10.0,0.0006,48.092,19.9669,72.6064,0.0,0.0,5.6084,-147.2264,11.165,-164.2232,225.6753,39.5901,-5.8107,-5.6985,-140.0,13.5971,10.4182,8.6577,0.698,10.416,0.5579,-47.3334,6.2459,-140.0,10.4182,16.5534,-120.0,-24.1046,237.9703
2026-08-12 19:01:10,42.47726197777777,-82.84882652222223,15.7185,9.8144,80.9177,300.2345,-52.0001,0.0,5.6996,1.8637,200.6913,0.1464,-0.0145,3.2426,14.2444,10.0,0.0021,48.092,19.9669,68.8554,0.0,0.0,8.2911,-88.9816,11.1045,-138.0157,218.0707,44.5312,-6.4566,-9.0013,-140.0,13.4814,10.3243,12.9496,0.6846,10.3274,0.6255,-46.9248,6.218,-140.0,10.3243,16.4389,-120.0,-0.3525,203.245
2026-08-12 19:01:20,42.477773648730206,-82.84867155066755,15.6201,13.1909,19.013,344.8182,52.9288,0.0,5.8755,0.9432,199.2899,0.1792,-0.0219,3.2426,14.2444,10.0,0.0022,48.092,19.9669,70.8129,0.0,0.0,9.625,-55.5011,10.9557,-133.504,234.5332,46.2427,-8.8011,-13.0268,-140.0,13.3363,10.1896,14.6646,0.8824,10.2162,0.8601,-46.3385,6.178,-140.0,10.1896,16.2748,-120.0,7.1499,203.7192
2026-08-12 19:01:30,42.47836909286851,-82.84831101105856,15.7119,14.6695,30.1153,237.5327,48.8141,0.0,6.8716,0.0832,200.2222,0.2181,-0.023,3.2427,14.2444,10.0,0.0008,48.092,19.9669,72.5958,0.0,0.0,10.7193,-51.3835,11.5642,-133.4982,240.328,47.0847,-9.9224,-14.3758,-140.0772,13.7952,10.5925,15.1113,0.9609,10.5721,0.9382,-48.0114,6.2976,-140.0772,10.5925,16.7617,-120.0,6.7524,215.525
2026-08-12 19:01:40,42.47896661,-82.84775520000001,15.3379,15.8851,37.6347,8.1398,16.8537,0.0,8.5793,-0.1902,90.6192,1.4882,-0.0627,3.2428,14.2444,10.0,0.001,48.092,19.9669,73.2863,0.0,0.0,11.2858,-53.272,12.9719,-135.6989,254.8334,47.6327,-11.3199,6.9134,-142.6272,14.6636,11.6596,15.9939,0.9947,11.6375,0.9731,-50.0,6.6136,-142.6272,11.6596,17.9305,-120.0,7.1593,224.9525
2026-08-12 19:01:50,42.479547579999995,-82.84711281000001,15.5479,15.6479,41.0037,15.827,-17.2418,0.0,7.4858,-0.4656,43.1144,1.9824,-0.0818,3.2429,14.2444,10.0,0.0007,48.092,19.9669,73.3134,0.0,0.0,10.3857,-53.7818,12.7681,-138.9808,257.2459,47.6519,-11.9081,15.631,-143.0081,14.7285,11.7507,15.5403,1.018,11.785,1.0109,-50.0,6.6406,-143.0081,11.7507,18.0219,-120.0,4.0679,232.3514
2026-08-12 19:02:00,42.48010215000001,-82.84649761,15.4298,15.1309,37.5253,13.4676,-58.4807,0.0,7.8083,-0.0972,43.198,1.9408,-0.0829,3.243,14.2444,10.0,0.0009,48.092,19.9669,73.0594,0.0,0.0,10.2011,-54.8692,12.4796,-138.0524,254.451,47.6236,-11.2838,15.1217,-141.4889,14.5536,11.3872,15.1902,0.9978,11.3879,0.9913,-50.0,6.5332,-141.4889,11.3872,17.6573,-120.0,3.3472,231.5414
2026-08-12 19:02:10,42.48067841,-82.84590725000001,14.8032,15.3758,38.1166,11.4887,-11.4898,0.0,6.4133,-0.2678,43.3398,1.8971,-0.0858,3.2431,14.2444,10.0,0.0015,48.092,19.9669,73.2127,0.0,0.0,9.9765,-54.7522,12.6315,-139.8272,253.1934,47.6283,-11.7121,15.2999,-142.1036,14.6128,11.5343,15.1047,1.0205,11.5251,1.0164,-50.0,6.5766,-142.1036,11.5343,17.8049,-120.0,2.6634,229.4226
2026-08-12 19:02:20,42.48125584,-82.8453417,14.9245,15.1756,34.5929,9.9041,-36.3017,0.0,6.6791,-0.6346,43.5009,1.8573,-0.0892,3.2432,14.2444,10.0,0.0007,48.092,19.9669,72.9241,0.0,0.0,9.6605,-57.7818,12.836,-140.449,249.6791,47.5136,-11.5893,14.9016,-142.6646,14.6933,11.6685,15.1736,0.9935,11.7076,0.99,-50.0,6.6163,-142.6646,11.6685,17.9395,-120.0,2.3013,227.6045
2026-08-12 19:02:30,42.48182061880411,-82.84481504793183,15.2592,14.9265,34.9078,9.7497,-3.9022,0.0,5.1672,-0.5523,43.7088,1.8157,-0.0937,3.2433,14.2444,10.0,0.0005,48.092,19.9669,73.6675,0.0,0.0,9.4451,-60.2529,13.1906,-141.5863,248.2071,47.5015,-11.8474,14.7828,-144.096,14.8432,12.0109,15.3024,0.9864,12.0375,0.9841,-50.0,6.7175,-144.096,12.0109,18.283,-120.0,2.5529,225.1504
2026-08-12 19:02:40,42.48233628,-82.84435275999999,15.7327,12.7283,31.2205,7.7933,-47.049,0.0,4.1905,-0.2604,43.934,1.7774,-0.0987,3.2434,14.2444,10.0,0.0008,48.092,19.9669,72.9515,0.0,0.0,9.2462,-68.0149,12.6637,-137.4404,246.2637,47.198,-9.5928,12.4607,-142.2133,14.6284,11.5605,15.4311,0.8385,11.5608,0.8301,-50.0,6.5844,-142.2133,11.5605,17.8312,-120.0,4.4258,225.8741
2026-08-12 19:02:50,42.48285024,-82.84401638999998,15.561,12.0382,21.9769,304.7173,-26.5248,0.0,3.9896,0.4768,44.279,1.7457,-0.1074,3.2435,14.2444,10.0,0.0004,48.092,19.9669,72.1878,0.0,0.0,8.6708,-70.5459,12.2958,-138.3853,233.5152,47.1016,-8.9256,11.2874,-141.4996,14.5085,11.378,15.1761,0.7938,11.3352,0.7877,-49.9488,6.5304,-141.4996,11.378,17.6456,-120.0,3.7129,214.8124
2026-08-12 19:03:00,42.48339383,-82.84373597999999,15.1039,12.9712,20.4288,351.9662,-1.3552,0.0,4.4312,0.4939,44.7469,1.7135,-0.1194,3.2436,14.2444,10.0,0.0006,48.092,19.9669,72.0905,0.0,0.0,8.938,-66.4293,12.4118,-138.7461,233.6887,46.8434,-9.6742,11.7147,-141.034,14.4437,11.1881,14.8778,0.8647,11.2708,0.8594,-49.6069,6.4742,-141.034,11.1881,17.4381,-120.0,1.8599,211.234
2026-08-12 19:03:10,42.483998310000004,-82.84340602,15.7218,14.7499,23.4191,353.6796,28.9,0.0,6.4381,-0.0126,45.2295,1.6802,-0.1312,3.2437,14.2444,10.0,0.0003,48.092,19.9669,71.6875,0.0,0.0,10.5802,-59.8536,13.0393,-135.7551,239.2893,47.4379,-10.4743,13.5648,-143.7565,14.7975,11.9297,16.2705,0.8976,11.9365,0.8783,-50.0,6.6935,-143.7565,11.9297,18.2016,-120.0,7.7943,209.4229
2026-08-12 19:03:20,42.48464573,-82.84294413,15.607,15.9978,30.078,135.9669,35.6349,0.0,7.3081,-0.5983,45.6957,1.6389,-0.1412,3.2438,14.2444,10.0,0.0007,48.092,19.9669,72.7463,0.0,0.0,11.1249,-54.6775,13.1792,-136.5112,247.8474,47.9341,-11.5535,15.4666,-143.6952,14.7753,11.9151,16.1374,0.9898,11.8909,0.9717,-50.0,6.6892,-143.6952,11.9151,18.1869,-120.0,7.3373,216.9026
2026-08-12 19:03:30,42.485287789999994,-82.84244564999999,15.4495,15.2747,29.7915,3.0681,-13.8958,0.0,5.9066,-0.4235,46.1486,1.5946,-0.15,3.2439,14.2444,10.0,0.0015,48.092,19.9669,72.9886,0.0,0.0,10.1498,-57.7661,13.0744,-138.973,245.2206,47.9053,-11.5261,14.6723,-144.0513,14.8075,12.0003,15.8192,0.9718,11.9617,0.9635,-50.0,6.7143,-144.0513,12.0003,18.2723,-120.0,5.5294,218.9724
2026-08-12 19:03:40,42.485839862868346,-82.84201581499535,14.8742,13.0388,29.4761,4.9184,-42.5769,0.0,4.8941,-0.2322,46.543,1.558,-0.1572,3.244,14.2444,10.0,0.0008,48.092,19.9669,73.0787,0.0,0.0,8.674,-64.2032,12.1736,-140.2661,243.4848,47.6574,-10.2151,12.72,-140.7586,14.4678,11.207,14.5508,0.9151,11.1897,0.9128,-49.9759,6.4799,-140.7586,11.207,17.4753,-120.0,0.5787,224.0125
2026-08-12 19:03:50,42.48633565000001,-82.84171114,15.2723,11.0993,21.6802,355.8439,-5.8094,0.0,3.2649,-0.1035,47.0067,1.5272,-0.1664,3.2441,14.2444,10.0,0.0007,48.092,19.9669,72.7467,0.0,0.0,8.7534,-68.69,11.4191,-134.4279,233.9649,47.4762,-8.0982,10.1755,-140.0,13.9327,10.6575,14.8043,0.7678,10.6731,0.7579,-48.3746,6.3169,-140.0,10.6575,16.8449,-120.0,4.7696,216.9592
2026-08-12 19:04:00,42.48678916,-82.84148944,14.9377,10.2557,15.7689,348.6974,-26.4462,0.0,3.9863,0.7298,47.5238,1.5009,-0.177,3.2442,14.2444,10.0,0.0006,48.092,19.9669,70.9789,0.0,0.0,8.4392,-78.4258,11.9123,-136.0849,228.7221,47.1285,-7.1799,8.5324,-140.4254,13.9968,10.8083,14.9645,0.6749,10.7827,0.665,-48.5879,6.3616,-140.4254,10.8083,17.0067,-120.0,5.0743,209.2764
2026-08-12 19:04:10,42.48728052,-82.84128181999999,14.7977,10.2887,21.0327,352.1562,44.3278,0.0,1.5928,-0.2658,48.1245,1.4744,-0.1892,3.2443,14.2444,10.0,0.0008,48.092,19.9669,72.7285,0.0,0.0,7.9735,-73.3035,11.151,-136.8965,233.0336,46.9561,-7.7233,9.346,-140.2772,13.6884,10.5074,14.3073,0.7349,10.5343,0.7306,-47.4327,6.2722,-140.2772,10.5074,16.6477,-120.0,3.2847,211.0364
2026-08-12 19:04:20,42.48769622,-82.84112172,14.8917,10.2188,8.4185,342.3887,-80.2756,0.0,5.7247,1.3373,48.6419,1.4533,-0.1995,3.2444,14.2444,10.0,0.0007,48.092,19.9669,69.881,0.0,0.0,8.1431,-77.8012,11.1958,-135.6195,223.0304,47.1366,-6.8072,7.3951,-140.6302,13.2598,10.2823,14.1393,0.6691,10.2547,0.6613,-46.0861,6.2053,-140.6302,10.2823,16.3553,-120.0,4.8101,202.2371
2026-08-12 19:04:30,42.48823826666666,-82.84098332222221,15.0492,13.4106,17.5663,344.4576,62.1846,0.0,4.0788,0.1676,49.4756,1.427,-0.2164,3.2445,14.2444,10.0,0.0014,48.092,19.9669,71.7352,0.0,0.0,9.5383,-53.9593,11.0285,-135.6031,233.6034,47.9034,-9.3485,11.326,-140.0781,13.6144,10.4212,14.7326,0.9129,10.4448,0.8966,-47.2652,6.2467,-140.0781,10.4212,16.553,-120.0,5.81,203.0297
2026-08-12 19:04:40,42.488790453596685,-82.84069342843391,14.9639,13.473,23.6733,309.9604,48.0137,0.0,3.8978,0.0373,50.2006,1.3947,-0.2289,3.2446,14.2444,10.0,0.0017,48.092,19.9669,72.1676,0.0,0.0,9.3859,-55.4979,11.2957,-136.6316,232.0988,47.8018,-9.9413,11.9627,-140.0,13.5931,10.4129,14.0468,0.9637,10.413,0.9553,-47.3102,6.2443,-140.0,10.4129,16.5468,-120.0,2.5262,214.6417
2026-08-12 19:04:50,42.48933709000001,-82.84033237999999,15.3773,12.6894,26.6219,135.4676,-26.0043,0.0,3.9815,0.1227,50.821,1.3619,-0.2381,3.2447,14.2444,10.0,0.0003,48.092,19.9669,71.8207,0.0,0.0,8.5743,-55.4459,10.5311,-137.8254,228.1616,47.6293,-9.3183,11.5372,-140.0,12.9244,9.8738,13.3971,0.9471,9.9007,0.9412,-44.9644,6.0842,-140.0,9.8738,15.89,-120.0,2.4684,220.5411
2026-08-12 19:05:00,42.48988678999999,-82.83998122,15.2329,13.2764,25.1614,317.969,18.1521,0.0,4.3505,0.0926,51.4724,1.3304,-0.2474,3.2447,14.6661,10.0,0.0009,48.092,19.8881,72.2682,0.0,0.0,9.7238,-53.4378,10.8345,-133.8358,240.8205,47.6258,-9.1457,11.8809,-140.0,13.1207,10.0705,14.3184,0.9255,10.0511,0.9101,-45.8205,6.1426,-140.0,10.0705,16.1297,-120.0,5.9314,217.8769
2026-08-12 19:05:10,42.490453499999994,-82.83958922,15.2734,13.8246,28.3849,47.169,-10.9683,0.0,5.0038,-0.2021,52.1698,1.2961,-0.2565,3.2448,14.6661,10.0,0.0007,48.092,19.8881,72.5426,0.0,0.0,9.4037,-58.3584,11.9505,-137.981,239.1927,47.6671,-10.1841,12.5608,-140.4328,14.1023,10.8941,14.6071,0.9428,10.8693,0.9378,-48.9537,6.3871,-140.4328,10.8941,17.1109,-120.0,2.5936,221.2423
2026-08-12 19:05:20,42.491031969999995,-82.83918807,14.9377,12.9907,26.6374,47.4567,-50.5425,0.0,3.2755,-0.6038,52.9537,1.2593,-0.2661,3.2449,14.6661,10.0,0.0005,48.092,19.8881,73.0429,0.0,0.0,8.3207,-58.0056,11.2929,-141.4629,236.3852,46.9822,-10.3791,11.7419,-140.8677,13.7877,10.6405,13.7248,0.9775,10.705,0.9707,-47.3975,6.3116,-140.8677,10.6405,16.7795,-120.0,-0.2457,221.2333
2026-08-12 19:05:30,42.49154035,-82.83893078000001,15.2515,11.6319,15.2894,346.5851,32.4785,0.0,6.2324,0.9204,53.7178,1.2332,-0.2766,3.245,14.6661,10.0,0.001,48.092,19.8881,70.7672,0.0,0.0,8.637,-54.7495,9.5642,-132.7115,230.6641,46.8885,-7.7297,8.8332,-139.9442,11.8309,9.0836,13.0117,0.872,9.0543,0.8538,-41.5851,5.8471,-139.9442,9.0836,14.9209,-120.0,6.6636,207.4739
2026-08-12 19:05:40,42.49211016,-82.83863491,15.3576,13.8682,26.598,265.3588,50.9921,0.0,5.5588,-0.0217,54.6612,1.2035,-0.2892,3.2451,14.6661,10.0,0.0015,48.092,19.8881,72.5019,0.0,0.0,10.3425,-49.3293,10.5808,-132.1365,238.123,47.7805,-9.157,12.1774,-140.0,13.0256,10.0321,14.6078,0.9453,9.9782,0.918,-45.6534,6.1312,-140.0,10.0321,16.083,-120.0,8.7125,214.0253
2026-08-12 19:05:50,42.49264070976039,-82.83826296118725,15.0492,13.2162,25.6301,237.548,-30.2235,0.0,7.3053,0.0044,55.5049,1.1703,-0.2979,3.2452,14.6661,10.0,0.0013,48.092,19.8881,71.8774,0.0,0.0,10.592,-46.7587,9.7913,-128.0015,242.6261,47.7966,-8.3993,11.5359,-140.0,12.1719,9.3124,13.989,0.9527,9.3242,0.9016,-42.5216,5.9174,-140.0,9.3124,15.206,-120.0,9.5073,218.2232
2026-08-12 19:06:00,42.49321387182308,-82.83789844258746,15.876,14.7051,26.6815,267.2506,28.3043,0.0,7.8192,-0.2079,56.5418,1.1353,-0.3088,3.2453,14.6661,10.0,0.0008,48.092,19.8881,72.531,0.0,0.0,11.8704,-45.4392,10.6103,-126.8625,252.0502,48.228,-8.533,12.8444,-140.0,12.9106,9.8729,15.2275,0.9653,9.8901,0.8617,-44.9605,6.0839,-140.0,9.8729,15.889,-120.0,14.5653,216.596
2026-08-12 19:06:10,42.49383411,-82.83744416,15.9285,15.1367,28.6771,2.4692,-3.0726,0.0,7.4851,-0.4688,57.5711,1.0985,-0.3178,3.2454,14.6661,10.0,0.0014,48.092,19.8881,72.6092,0.0,0.0,10.693,-50.5751,11.6658,-134.9198,248.5465,48.2026,-10.442,13.0814,-140.2328,13.8252,10.6704,14.9706,1.0013,10.6231,0.9833,-48.1886,6.3207,-140.2328,10.6704,16.8487,-120.0,5.8829,222.2859
2026-08-12 19:06:20,42.49445839,-82.83700374000001,15.6944,14.7149,26.4134,200.1658,-9.2999,0.0,6.8711,-0.661,58.704,1.0626,-0.3274,3.2455,14.6661,10.0,0.0024,48.092,19.8881,72.6157,0.0,0.0,10.6752,-51.3625,11.6335,-134.2238,226.1365,48.1192,-10.4165,12.536,-140.0,14.0834,10.7698,15.1015,0.9815,10.792,0.9652,-48.8634,6.3503,-140.0,10.7698,16.9818,-120.0,5.5256,220.5425
2026-08-12 19:06:30,42.49507421999999,-82.83658349999999,15.7841,14.6488,26.442,135.6441,-0.5309,0.0,6.2869,-0.4939,59.9131,1.0281,-0.3373,3.2456,14.6661,10.0,0.0004,48.092,19.8881,72.9906,0.0,0.0,10.4033,-51.6696,11.5456,-134.9822,233.7472,48.0301,-10.3008,12.3255,-140.0,13.9334,10.6634,14.9331,0.9808,10.6736,0.9648,-48.4001,6.3187,-140.0,10.6634,16.852,-120.0,5.4753,220.725
2026-08-12 19:06:40,42.49569023,-82.83616677999999,15.6923,14.825,26.3166,239.6267,4.4206,0.0,6.5421,-0.4356,61.2137,0.9942,-0.3474,3.2457,14.6661,10.0,0.0011,48.092,19.8881,72.5913,0.0,0.0,9.8841,-52.5134,11.8002,-138.354,236.581,48.0344,-11.1102,12.165,-140.0904,14.1985,10.8781,14.4877,1.0241,10.8938,1.0202,-49.2402,6.3824,-140.0904,10.8781,17.109,-120.0,1.443,219.3136
2026-08-12 19:06:50,42.49627580280143,-82.8358019208064,15.7316,14.0034,22.06,356.6171,-35.7745,0.0,5.4921,-0.3194,62.6419,0.9623,-0.3586,3.2458,14.6661,10.0,0.0006,48.092,19.8881,72.1877,0.0,0.0,9.196,-59.0275,12.2244,-139.859,222.1461,47.8831,-10.7469,10.697,-140.7446,14.4787,11.2092,14.6936,0.9606,11.2154,0.9584,-50.0,6.4805,-140.7446,11.2092,17.4787,-120.0,1.2485,216.845
2026-08-12 19:07:00,42.496865517646356,-82.83550282464708,15.5413,14.3222,21.035,352.9125,14.0356,0.0,5.6848,-0.1728,64.2297,0.934,-0.372,3.2459,14.6661,10.0,0.0008,48.092,19.8881,71.9496,0.0,0.0,9.8946,-58.3982,12.431,-137.336,236.591,47.8512,-10.607,10.3485,-141.3705,14.5333,11.3532,15.1742,0.9425,11.3493,0.9349,-49.975,6.5231,-141.3705,11.3532,17.6219,-120.0,3.5703,211.181
2026-08-12 19:07:10,42.4974872,-82.83518737,15.6124,14.0306,19.5018,353.2694,-43.7522,0.0,6.38,-0.2053,65.9344,0.9063,-0.3855,3.246,14.6661,10.0,0.0005,48.092,19.8881,71.6429,0.0,0.0,10.4561,-59.3845,12.584,-134.3878,237.8061,47.9209,-9.826,9.7222,-142.1172,14.5969,11.5142,16.0919,0.8774,11.5263,0.8534,-49.8984,6.5706,-142.1172,11.5142,17.7797,-120.0,7.9128,211.4685
2026-08-12 19:07:20,42.49812706,-82.83484113,15.514,14.744,23.7583,356.125,-13.8751,0.0,6.4142,-0.2757,67.7456,0.878,-0.3984,3.2461,14.6661,10.0,0.0014,48.092,19.8881,72.1103,0.0,0.0,10.6477,-55.1731,12.3908,-135.1192,241.5936,48.2325,-10.5243,10.7143,-141.6483,14.491,11.4029,15.6581,0.9481,11.3386,0.9289,-49.9021,6.5377,-141.6483,11.4029,17.6682,-120.0,6.4866,214.1398
2026-08-12 19:07:30,42.49875364,-82.83450007000002,16.2894,14.0248,21.6887,353.7725,23.2585,0.0,6.1396,-0.2088,69.6596,0.851,-0.4112,3.2462,14.6661,10.0,0.0004,48.092,19.8881,72.0174,0.0,0.0,9.3997,-53.7722,11.3932,-138.3506,237.7996,48.0115,-10.4527,9.4471,-140.0,13.7602,10.5585,14.154,0.9964,10.5409,0.992,-47.9436,6.2875,-140.0,10.5585,16.7242,-120.0,2.1157,213.8201
2026-08-12 19:07:40,42.4993332,-82.83417559,16.0116,13.189,21.7478,354.0069,-13.8828,0.0,6.9323,-0.2313,71.5264,0.8265,-0.4228,3.2463,14.6661,10.0,0.0015,48.092,19.8881,72.1132,0.0,0.0,9.1435,-58.7901,11.4899,-137.1524,237.6697,47.8132,-9.7894,8.5071,-140.0,13.8793,10.6352,14.1269,0.9323,10.6321,0.9214,-48.2775,6.3103,-140.0,10.6352,16.8177,-120.0,1.7296,214.4281
2026-08-12 19:07:50,42.499927480000004,-82.83379962000001,16.7487,14.8077,29.168,222.8144,56.0868,0.0,8.0369,0.2195,73.5799,0.8002,-0.4337,3.2464,14.6661,10.0,0.0022,48.092,19.8881,72.6563,0.0,0.0,11.8207,-50.4663,11.6156,-128.2521,242.4423,48.2478,-9.172,10.3576,-140.0757,13.9965,10.7464,15.9505,0.921,10.7245,0.8556,-48.6826,6.3433,-140.0757,10.7464,16.9493,-120.0,11.158,217.2355
2026-08-12 19:08:00,42.500491177777775,-82.83331991111112,16.5387,14.7557,33.5971,8.0213,12.8927,0.0,7.5961,-0.3493,75.6322,0.7697,-0.44,3.2465,14.6661,10.0,0.0003,48.092,19.8881,73.0882,0.0,0.0,10.5571,-49.1393,11.2787,-134.8705,254.0639,48.22,-10.3873,11.087,-140.0,13.8059,10.5546,14.9104,1.0034,10.5759,0.9828,-47.9268,6.2864,-140.0,10.5546,16.7195,-120.0,6.564,227.3726
2026-08-12 19:08:10,42.5010343691155,-82.83280880849685,16.8537,14.711,36.9776,10.5082,37.9248,0.0,7.3307,-0.1991,77.6593,0.74,-0.4442,3.2466,14.6661,10.0,0.0007,48.092,19.8881,73.089,0.0,0.0,10.7795,-47.181,10.8772,-133.3097,257.8329,48.1523,-10.0874,11.0127,-140.0,13.2066,10.1218,14.487,1.0162,10.1169,0.9968,-46.0436,6.1578,-140.0,10.1218,16.1922,-120.0,6.7521,230.0856
2026-08-12 19:08:20,42.50156799,-82.83222436,16.9099,14.0442,40.7894,17.2793,4.9878,0.0,7.3888,-0.2539,79.7138,0.7089,-0.4456,3.2467,14.6661,10.0,0.0012,48.092,19.8881,73.1878,0.0,0.0,9.8832,-49.3658,10.8025,-135.9542,260.4876,48.165,-10.226,11.0257,-140.0,13.2059,10.1175,13.9544,1.0189,10.1163,1.0111,-46.0248,6.1566,-140.0,10.1175,16.1869,-120.0,3.9168,236.8556
2026-08-12 19:08:30,42.50208565,-82.83166502999998,16.7815,14.0617,36.2619,13.996,-22.4164,0.0,7.6543,-0.0937,81.9174,0.6794,-0.4471,3.2468,14.6661,10.0,0.0029,48.092,19.8881,72.9445,0.0,0.0,10.3698,-49.3675,10.7155,-132.7372,259.1146,48.1398,-9.4366,9.9083,-140.0,13.095,10.0271,14.5652,0.9636,10.0313,0.9407,-45.6316,6.1297,-140.0,10.0271,16.0768,-120.0,7.8872,234.6781
2026-08-12 19:08:40,42.502621330000004,-82.83110288,16.6842,15.0142,40.079,14.2456,13.6126,0.0,8.0697,-0.2649,84.4477,0.6506,-0.4493,3.2468,14.6661,10.0,0.0009,48.092,19.8881,73.1594,0.0,0.0,10.9106,-49.9938,11.6075,-133.8898,260.5843,48.2491,-10.4576,10.6809,-140.0343,13.8798,10.5945,15.0151,1.0022,10.6345,0.983,-48.0647,6.2982,-140.0343,10.5945,16.7663,-120.0,5.9869,233.9238
2026-08-12 19:08:50,42.503144510000006,-82.83049299000001,16.6503,13.9879,38.1252,17.1955,-97.696,0.0,6.8005,-0.4804,87.0397,0.6218,-0.4493,3.247,14.6661,10.0,0.001,48.092,19.8881,73.4375,0.0,0.0,10.0475,-55.1756,11.6481,-134.9691,259.3984,48.1558,-10.037,9.4762,-140.0,14.1141,10.8037,15.0516,0.9422,10.812,0.9281,-49.0106,6.3603,-140.0,10.8037,17.023,-120.0,4.9395,238.2259
2026-08-12 19:09:00,42.50366572,-82.83001171000001,16.7684,13.3715,32.0124,7.3801,-0.015,0.0,6.7094,0.1985,89.8843,0.5997,-0.4534,3.247,14.6661,10.0,0.0011,48.092,19.8881,73.0871,0.0,0.0,10.8551,-54.6139,11.4083,-129.1336,255.2641,48.0765,-8.5847,7.0984,-140.0,13.8287,10.6352,15.7047,0.8586,10.5934,0.81,-48.2777,6.3103,-140.0,10.6352,16.8178,-120.0,10.3725,227.9298
2026-08-12 19:09:10,42.50417180372406,-82.82958331707623,16.2491,13.6069,31.7413,6.7265,-4.1272,0.0,7.7992,0.0496,92.9269,0.5812,-0.459,3.2471,14.6661,10.0,0.0018,48.092,19.8881,72.5643,0.0,0.0,9.5543,-53.805,11.0475,-135.7702,249.8939,48.0476,-9.5774,6.4036,-140.0,13.3885,10.2494,14.2597,0.9444,10.2562,0.9338,-46.5989,6.1957,-140.0,10.2494,16.3477,-120.0,5.2091,226.7947
2026-08-12 19:09:20,42.50470337652892,-82.82913587978,16.9652,14.0792,34.4411,8.5843,28.3736,0.0,6.9234,-0.127,96.3919,0.5635,-0.465,3.2472,14.6661,10.0,0.0014,48.092,19.8881,73.5299,0.0,0.0,9.9005,-52.6456,11.3613,-136.1186,252.6325,48.0957,-10.1739,6.6122,-140.0,13.8038,10.5677,14.5976,0.9723,10.5744,0.9621,-47.984,6.2903,-140.0,10.5677,16.7355,-120.0,4.0939,228.2554
2026-08-12 19:09:30,42.50522968000001,-82.82862109,16.4993,13.7041,36.9323,11.2327,16.7143,0.0,6.7441,0.112,100.1056,0.5447,-0.4684,3.2473,14.6661,10.0,0.0006,48.092,19.8881,73.1169,0.0,0.0,8.624,-54.4226,11.0216,-140.5266,252.0568,48.004,-10.3181,6.0569,-140.0,13.2852,10.2057,13.26,1.0208,10.1771,1.0134,-46.4088,6.1828,-140.0,10.2057,16.2945,-120.0,-0.0318,231.3524
2026-08-12 19:09:40,42.50574985,-82.82804635999999,16.8996,15.0492,42.5146,16.6764,30.492,0.0,7.6776,0.0705,103.717,0.5272,-0.4695,3.2474,14.6661,10.0,0.0012,48.092,19.8881,73.4874,0.0,0.0,8.9231,-55.8888,12.5035,-143.7218,254.3879,48.1261,-12.0791,7.1089,-141.631,14.4927,11.3597,14.0671,1.068,11.3678,1.0622,-49.7323,6.5249,-141.631,11.3597,17.6165,-120.0,-1.804,233.8829
2026-08-12 19:09:50,42.50625215000001,-82.82740534999998,16.6568,13.6788,41.7503,22.1766,-20.6758,0.0,5.5898,-0.4043,107.7148,0.5084,-0.4677,3.2475,14.6661,10.0,0.0017,48.092,19.8881,73.4199,0.0,0.0,8.6376,-61.3339,12.3381,-142.141,256.4247,47.9899,-11.1542,5.909,-141.6257,14.5318,11.3894,14.2962,0.9827,11.384,0.9793,-49.8671,6.5338,-141.6257,11.3894,17.653,-120.0,-1.0588,240.2112
2026-08-12 19:10:00,42.50672992999999,-82.82685354999998,16.8077,13.622,38.8306,14.9487,15.9324,0.0,7.109,0.369,111.6303,0.4953,-0.4678,3.2476,14.81,10.0,0.0014,48.092,19.9242,73.0275,0.0,0.0,10.0513,-63.6073,12.6469,-134.6375,257.1876,48.0086,-9.5697,4.099,-142.0321,14.593,11.5107,15.7105,0.8521,11.495,0.8337,-49.972,6.5696,-142.0321,11.5107,17.7798,-120.0,6.4415,233.0387
2026-08-12 19:10:10,42.507208330000005,-82.82633259,16.7881,12.8566,38.9348,15.6866,15.9382,0.0,6.6129,0.1474,115.8271,0.4856,-0.4691,3.2477,14.81,10.0,0.0006,48.092,19.9242,72.9135,0.0,0.0,9.7624,-66.7306,12.6659,-134.9421,255.9894,48.0256,-8.9795,2.9192,-142.1551,14.6197,11.5466,16.0699,0.7994,11.5405,0.7781,-50.0,6.5803,-142.1551,11.5466,17.8172,-120.0,7.5859,233.5166
2026-08-12 19:10:20,42.507630077777776,-82.82585041111112,16.8209,11.5872,42.9604,20.5903,-31.9455,0.0,4.83,0.1819,119.7673,0.4784,-0.4695,3.2478,14.81,10.0,0.0011,48.092,19.9242,73.447,0.0,0.0,8.2914,-76.9201,12.7573,-140.8216,254.726,47.9146,-9.0202,2.6668,-142.3696,14.6394,11.5979,15.0426,0.7818,11.5851,0.7782,-50.0,6.5954,-142.3696,11.5979,17.8687,-120.0,1.8739,237.6754
2026-08-12 19:10:30,42.50801814351327,-82.82547068391885,16.974,10.9399,28.4955,95.2494,-64.1052,0.0,8.2727,1.0288,123.2846,0.4761,-0.472,3.2479,14.81,10.0,0.0005,48.092,19.9242,71.8705,0.0,0.0,8.9365,-79.9698,12.7436,-136.5201,233.0932,47.8155,-7.8227,-0.7937,-142.432,14.6592,11.6129,15.7743,0.6831,11.6304,0.6726,-50.0,6.5998,-142.432,11.6129,17.8837,-120.0,5.7744,224.2796
2026-08-12 19:10:40,42.50849809,-82.82512003000001,16.7159,11.5114,35.2661,167.2365,145.2259,0.0,4.2218,0.2756,127.2979,0.48,-0.4791,3.248,14.81,10.0,0.0014,48.092,19.9242,73.883,0.0,0.0,8.0542,-66.8591,11.2449,-139.0702,248.8075,47.7894,-8.7606,-0.7743,-140.3559,13.81,10.6006,14.1678,0.8323,10.64,0.825,-47.7563,6.2999,-140.3559,10.6006,16.7572,-120.0,1.7803,225.7407
2026-08-12 19:10:50,42.50880038000001,-82.82469135,16.2795,7.1358,68.8432,54.1881,380.0937,0.0,-1.2033,-0.1879,130.4701,0.476,-0.476,3.2481,14.81,10.0,0.0013,48.092,19.9242,76.2078,0.0,0.0,5.9863,-33.9495,11.2295,-57.4281,257.5956,15.3913,-6.6062,2.9287,-108.8889,13.3839,10.2216,10.0249,0.7624,10.2527,0.6451,-36.3052,6.1875,-108.8889,10.2216,16.3138,-93.3333,-7.8362,259.9029
2026-08-12 19:11:00,42.50875609,-82.82427266,16.2828,8.376,112.8566,106.128,25.9286,0.0,-2.8095,1.3917,131.5611,0.4607,-0.4607,3.2482,14.81,10.0,0.0019,48.092,19.9242,74.1813,0.0,0.0,7.8051,118.567,13.8584,150.4049,259.9826,-52.1013,-7.099,7.8877,145.0338,14.9636,12.221,13.6082,0.5952,12.3016,0.5764,49.9378,6.7796,145.0338,12.221,18.4907,120.0,7.4646,249.868
2026-08-12 19:11:10,42.50854001111111,-82.8237297888889,16.5912,12.4082,125.6242,122.1121,24.4596,0.0,-4.4329,2.1524,132.3961,0.4335,-0.4333,3.2483,14.81,10.0,0.0017,48.092,19.9242,73.9057,0.0,0.0,9.0878,95.6862,15.3323,145.3338,269.9277,-54.6574,-9.808,11.8008,149.6668,15.6372,13.4972,15.9187,0.7399,13.4762,0.7271,50.0,7.1602,149.6668,13.4972,19.7973,120.0,-2.2247,270.8901
2026-08-12 19:11:20,42.50825838301223,-82.82308047570116,16.6896,11.7991,112.82,110.0929,5.8266,0.0,-2.5026,0.2325,133.5179,0.3991,-0.3987,3.2484,14.81,10.0,0.0009,48.092,19.9242,71.093,0.0,0.0,8.3129,82.679,13.4301,142.4838,254.9078,-52.538,-9.2807,10.9994,145.5245,14.98,12.3661,15.6636,0.7659,12.3219,0.7546,50.0,6.8227,145.5245,12.3661,18.6413,120.0,-4.443,255.9707
2026-08-12 19:11:30,42.50801663221062,-82.82243088412868,17.1599,12.081,121.1892,119.9164,-5.1195,0.0,-4.2868,0.7649,134.8793,0.3686,-0.3676,3.2485,14.81,10.0,0.0008,48.092,19.9242,72.7711,0.0,0.0,9.0602,86.1379,14.6127,141.8597,263.0298,-54.0598,-9.5774,11.9983,147.6095,15.3074,12.9004,16.2938,0.7419,12.9505,0.7396,50.0,6.9815,147.6095,12.9004,19.1828,120.0,-4.8176,267.9936
2026-08-12 19:11:40,42.50773592,-82.82170790999999,17.2867,13.1015,113.3735,109.1844,-97.1035,0.0,-2.3009,0.3847,136.7246,0.3351,-0.3333,3.2485,14.81,10.0,0.0006,48.092,19.9242,71.7076,0.0,0.0,8.5144,77.6043,14.0063,143.6754,256.1441,-50.6543,-10.5565,11.7923,146.6361,15.209,12.6918,15.8528,0.833,12.715,0.8316,50.0,6.9204,146.6361,12.6918,18.9772,120.0,-3.2545,256.1682
2026-08-12 19:11:50,42.507412475,-82.820818475,16.939,11.9352,119.37,117.4755,9.3025,0.0,-3.7621,0.5494,138.9724,0.3047,-0.3016,3.2487,14.81,10.0,0.001,48.092,19.9242,72.266,0.0,0.0,8.4209,90.211,14.575,144.7956,263.8591,-54.3749,-9.7139,11.1117,147.6618,15.2418,12.8953,15.6305,0.7603,12.8385,0.7583,50.0,6.9796,147.6618,12.8953,19.1749,120.0,-2.4906,266.3283
2026-08-12 19:12:00,42.5071983,-82.82032383999999,17.1424,13.7702,120.096,116.6715,25.2862,0.0,-3.3758,0.4861,141.0334,0.2754,-0.271,3.2488,14.81,10.0,0.0007,48.092,19.9242,71.8424,0.0,0.0,9.0978,83.514,15.5744,144.5695,263.6653,-54.4775,-11.0594,12.5713,150.0,15.966,13.8305,17.0017,0.7982,13.8269,0.7995,50.0,7.2644,150.0,13.8305,20.1701,120.0,-5.4198,266.3566
2026-08-12 19:12:10,42.50688313,-82.81954118,17.3349,13.9004,117.4793,115.6587,-48.4955,0.0,-3.2021,-0.0588,144.7147,0.2387,-0.2317,3.2488,14.81,10.0,0.0008,48.092,19.9242,71.74,0.0,0.0,9.419,79.9408,15.4658,143.1654,260.5509,-54.7331,-11.2065,12.5317,150.0,15.815,13.6969,17.117,0.8179,13.6962,0.8182,50.0,7.2219,150.0,13.6969,20.0158,120.0,-6.8485,266.003
2026-08-12 19:12:20,42.50658999,-82.81875777999998,17.4377,13.9626,117.9394,116.8456,15.7174,0.0,-4.1515,0.2492,149.9614,0.2043,-0.1929,3.2489,14.81,10.0,0.0012,48.092,19.9242,72.5759,0.0,0.0,8.8925,83.804,15.6878,145.7426,263.6462,-54.2592,-11.4773,11.6501,149.9827,15.9173,13.8021,16.6831,0.8304,13.7795,0.8327,50.0,7.2555,149.9827,13.8021,20.1379,120.0,-4.2148,266.8701
2026-08-12 19:12:30,42.506282933333324,-82.81798213333333,17.687,15.095,119.7323,120.287,47.0387,0.0,-6.1754,-0.1123,157.1116,0.1713,-0.1535,3.249,14.81,10.0,0.0012,48.092,19.9242,72.5551,0.0,0.0,9.5251,77.8938,16.0119,144.4799,263.7025,-53.7107,-12.1151,11.7786,150.0,16.1215,13.9458,17.1753,0.8672,13.9617,0.8679,50.0,7.3011,150.0,13.9458,20.3033,120.0,-5.431,269.1438
2026-08-12 19:12:40,42.50593173669913,-82.81719647610116,17.6214,15.0181,120.414,119.6682,4.8778,0.0,-4.6121,-0.4902,167.2867,0.1398,-0.1125,3.2491,14.81,10.0,0.0009,48.092,19.9242,71.7252,0.0,0.0,9.3317,72.7125,15.1916,144.1671,264.397,-52.7644,-12.1831,10.3298,148.9414,15.8998,13.6519,16.8263,0.8972,13.6123,0.8958,50.0,7.2133,148.9414,13.6519,20.0022,120.0,-5.0171,268.9264
2026-08-12 19:12:50,42.50557439,-82.81643883,17.6936,14.1978,124.6269,124.7902,-13.8048,0.0,-5.128,-0.2997,181.2001,0.1151,-0.0735,3.2492,14.81,10.0,0.0008,48.092,19.9242,72.0554,0.0,0.0,8.3391,77.7452,14.8694,146.8252,271.6305,-51.5252,-11.9116,7.9077,148.9174,15.4064,13.1869,15.7718,0.9018,13.1997,0.9026,50.0,7.0655,148.9174,13.1869,19.4661,120.0,-1.983,273.8538
2026-08-12 19:13:00,42.50519534,-82.81568193999999,17.6739,14.6527,124.0196,123.6667,-3.3663,0.0,-4.5536,-0.3678,201.1422,0.0994,-0.0334,3.2493,14.81,10.0,0.0014,48.092,19.9242,71.2197,0.0,0.0,8.3009,73.308,14.5124,146.8056,270.6177,-51.8516,-12.1228,3.0842,148.7318,15.3441,13.12,15.7023,0.9247,13.1082,0.9251,50.0,7.0453,148.7318,13.12,19.3956,120.0,-2.0697,272.3861
2026-08-12 19:13:10,42.504823380000005,-82.81492604,17.6214,13.7663,124.6241,125.1029,19.4147,0.0,-3.7083,-0.1788,224.8687,0.0986,0.0072,3.2494,14.81,10.0,0.0025,48.092,19.9242,71.0305,0.0,0.0,8.0525,72.5094,13.7016,145.9343,270.7425,-51.395,-11.5058,-2.4761,145.9158,15.0284,12.4463,14.9292,0.9281,12.4469,0.9243,50.0,6.8462,145.9158,12.4463,18.7198,120.0,0.2497,270.6645
2026-08-12 19:13:20,42.50445448000001,-82.81422098,17.734,13.6613,123.4323,123.9356,-38.6639,0.0,-4.5997,0.1254,243.5042,0.1102,0.0428,3.2495,14.81,10.0,0.0016,48.092,19.9242,71.5627,0.0,0.0,8.4032,75.2368,14.0445,144.593,268.6876,-51.634,-11.0536,-6.5054,146.5402,15.1031,12.5957,15.4653,0.8775,12.6047,0.8765,50.0,6.8903,146.5402,12.5957,18.8696,120.0,-1.9892,271.2174
2026-08-12 19:13:30,42.50412145999999,-82.81341491999999,17.7789,14.8762,116.7144,114.0506,-22.1357,0.0,-3.9764,-0.1951,257.7461,0.1369,0.0827,3.2496,14.81,10.0,0.001,48.092,19.9242,71.0359,0.0,0.0,8.3486,74.1498,14.8813,147.3516,263.8632,-51.9055,-12.4295,-11.494,149.3135,15.5029,13.3332,15.8821,0.9319,13.3291,0.9328,50.0,7.1099,149.3135,13.3332,19.6207,120.0,-2.0516,263.6745
2026-08-12 19:13:40,42.50383507,-82.81261180999999,17.7461,13.3814,115.8824,116.1864,38.2602,0.0,-4.2532,-0.3028,266.2445,0.1705,0.1217,3.2497,14.81,10.0,0.0009,48.092,19.9242,71.5082,0.0,0.0,8.3647,69.3201,13.0342,143.0856,259.4089,-51.7894,-10.8078,-11.5361,143.5008,14.7671,11.8685,14.6806,0.9136,11.8701,0.9102,50.0,6.6754,143.5008,11.8685,18.1402,120.0,0.3272,259.2491
2026-08-12 19:13:50,42.50355470894434,-82.81189494943251,17.9298,13.4233,114.6406,114.4991,-55.0387,0.0,-3.7395,-0.0055,271.6301,0.2024,0.1571,3.2498,14.81,10.0,0.001,48.092,19.9242,70.4279,0.0,0.0,9.3689,65.6854,12.8818,138.5535,253.96,-51.6878,-10.1294,-12.2194,143.6687,14.7231,11.8706,15.6428,0.8613,11.8464,0.8541,49.8342,6.676,143.6687,11.8706,18.1341,120.0,-4.941,258.9977
2026-08-12 19:14:00,42.503328457804415,-82.8112345151849,17.8773,12.081,120.9875,123.8035,93.7378,0.0,-5.6971,0.5672,274.9059,0.2333,0.1891,3.2499,14.81,10.0,0.0019,48.092,19.9242,72.3809,0.0,0.0,8.5187,75.2258,12.7924,140.1046,261.1909,-51.1897,-9.2111,-10.7218,142.2101,14.5853,11.5159,14.8847,0.8057,11.5472,0.799,49.8091,6.5711,142.2101,11.5159,17.777,120.0,-1.4906,264.0012
2026-08-12 19:14:10,42.502987000000005,-82.81053325,18.1332,14.7285,121.7232,118.7359,-75.618,0.0,-6.4062,-0.0609,278.9525,0.2692,0.2288,3.25,14.81,10.0,0.0013,48.092,19.9242,69.5875,0.0,0.0,11.9439,64.2714,14.3639,131.6381,253.5096,-52.3919,-9.7929,-13.5709,147.4436,15.2212,12.8152,17.9556,0.8109,12.8479,0.7626,50.0,6.9553,147.4436,12.8152,19.0904,120.0,-15.0028,267.2003
2026-08-12 19:14:20,42.502656310000006,-82.80967602999999,18.1387,15.4535,115.9334,113.662,-45.5284,0.0,-6.6652,-0.2198,281.3867,0.3082,0.2685,3.2501,14.81,10.0,0.0019,48.092,19.9242,71.4905,0.0,0.0,12.0122,59.2328,13.9134,132.1043,247.3934,-52.6641,-10.3533,-15.059,146.4675,15.0896,12.5783,17.6698,0.8735,12.5753,0.8239,50.0,6.8852,146.4675,12.5783,18.8522,120.0,-14.233,260.3279
2026-08-12 19:14:30,42.50236405,-82.80874344,18.4285,16.2797,111.2604,107.4553,-34.2132,0.0,-8.3012,-0.1411,282.7697,0.3494,0.3085,3.2502,14.81,10.0,0.0009,48.092,19.9242,72.0672,0.0,0.0,11.7792,62.7219,15.0947,136.0082,246.9949,-52.6163,-11.5576,-15.9942,148.9876,15.5837,13.3472,18.0595,0.8971,13.3676,0.8639,50.0,7.1162,148.9876,13.3472,19.6487,120.0,-13.6522,257.3212
2026-08-12 19:14:40,42.50211711,-82.80778304999998,18.4941,15.8578,107.6559,104.2952,-6.7705,0.0,-7.6731,-0.9417,283.5215,0.3928,0.3492,3.2503,14.81,10.0,0.0012,48.092,19.9242,71.6609,0.0,0.0,10.9369,63.565,14.6307,138.0044,245.5625,-52.6778,-11.6919,-15.6611,148.6171,15.3641,13.1113,17.3487,0.9073,13.1227,0.8911,50.0,7.0431,148.6171,13.1113,19.3897,120.0,-10.6189,253.3423
2026-08-12 19:14:50,42.50191794016494,-82.80685171849564,18.435,15.879,103.5239,100.9474,-7.7716,0.0,-6.1657,-0.76,283.8125,0.4378,0.3902,3.2504,14.81,10.0,0.0013,48.092,19.9242,71.1374,0.0,0.0,9.8048,66.6662,14.968,143.0286,246.207,-52.6284,-12.4575,-15.9,149.6578,15.5379,13.4004,16.9795,0.9348,13.4072,0.9295,50.0,7.1295,149.6578,13.4004,19.6858,120.0,-7.5259,250.635
2026-08-12 19:15:00,42.50176033174126,-82.80592724668217,18.5488,15.2766,102.4506,98.7919,3.4985,0.0,-4.9283,-0.2104,283.7516,0.4803,0.4279,3.2505,14.957,10.0,0.0017,48.092,20.3886,72.6083,0.0,0.0,9.2727,72.5998,15.3437,144.8039,246.7743,-52.5982,-12.6003,-15.3685,149.8761,15.7,13.6062,16.6068,0.9257,13.5771,0.9283,50.0,7.1937,149.8761,13.6062,19.9155,120.0,-4.8235,248.6465
2026-08-12 19:15:10,42.50164312,-82.80507345000001,18.435,11.2121,95.2749,94.2107,-8.0401,0.0,-1.0435,-0.8863,283.5062,0.5197,0.462,3.2506,14.957,10.0,0.0009,48.092,20.3886,71.4644,0.0,0.0,6.9899,83.0431,12.5365,147.3432,243.0581,-46.0394,-9.7821,-11.3845,144.1297,14.4908,11.7875,13.8601,0.8467,11.6982,0.8318,48.9928,6.6511,144.1297,11.7875,18.0091,120.0,1.9732,238.7546
2026-08-12 19:15:20,42.50158549,-82.80452246000002,18.271,7.925,111.7726,112.5866,178.2598,0.0,-3.8458,1.2707,283.2778,0.5444,0.4829,3.2507,14.957,10.0,0.0016,48.092,20.3886,74.1688,0.0,0.0,7.6463,119.1912,13.2531,150.1251,261.5573,-48.544,-6.936,-7.7026,144.0433,14.7634,11.9206,13.0691,0.6215,11.9565,0.5831,49.6617,6.6907,144.0433,11.9206,18.1757,120.0,8.2799,252.8776
2026-08-12 19:15:30,42.50135654,-82.80403616,18.3169,10.211,126.1407,124.0208,-10.717,0.0,-3.8411,1.4732,284.1355,0.5686,0.5082,3.2508,14.957,10.0,0.0008,48.092,20.3886,71.7637,0.0,0.0,11.1734,81.933,14.0592,128.187,253.6387,-55.1342,-6.334,-9.4966,146.3667,15.1056,12.5659,18.0864,0.5605,12.5654,0.5051,50.0,6.8818,146.3667,12.5659,18.8415,120.0,-17.206,270.9168
2026-08-12 19:15:40,42.50103797,-82.80352454,18.5007,11.0916,141.7658,150.6713,193.4134,0.0,-7.6845,1.0288,285.3685,0.5953,0.5377,3.2509,14.957,10.0,0.0021,48.092,20.3886,71.7391,0.0,0.0,13.0196,72.5606,14.174,119.3326,262.5833,-55.9277,-5.7139,-8.7378,147.4441,15.1798,12.8119,18.5022,0.5954,12.7664,0.4458,50.0,6.9542,147.4441,12.8119,19.0866,120.0,-25.0864,293.0628
2026-08-12 19:15:50,42.50051075999999,-82.80315107999999,18.5007,14.0948,154.8235,159.0747,31.0119,0.0,-9.522,0.3789,287.6485,0.6185,0.5688,3.2509,14.957,10.0,0.0023,48.092,20.3886,70.1265,0.0,0.0,18.0,45.936,12.969,95.8052,254.8235,-56.1517,-1.5042,-9.3642,143.4684,14.7542,11.8608,16.8243,0.8164,11.8452,0.1267,50.0,6.6731,143.4684,11.8608,18.1324,120.0,-46.8156,303.7858
2026-08-12 19:16:00,42.49992515555555,-82.80275284444444,18.7566,15.298,150.1538,153.7147,-33.2813,0.0,-8.2635,-0.8611,290.309,0.6486,0.6076,3.251,14.957,10.0,0.0023,48.092,20.3886,69.2044,0.0,0.0,18.1855,42.1981,12.3375,97.8775,249.7105,-55.499,-1.8515,-11.4796,141.2625,14.5253,11.3331,16.3188,0.9259,11.3233,0.1633,50.0,6.5171,141.2625,11.3331,17.603,120.0,-44.3085,294.2958
2026-08-12 19:16:10,42.49933737667042,-82.80230477817703,18.9009,14.7382,151.6934,154.4827,7.1264,0.0,-8.1464,-0.7435,292.6931,0.6824,0.6487,3.2511,14.957,10.0,0.0022,48.092,20.3886,68.8892,0.0,0.0,17.402,38.4131,10.9194,95.6505,250.0089,-53.2571,-1.8519,-11.4483,112.4874,12.2801,9.6819,15.0602,1.0348,9.804,0.1975,45.9306,6.2132,141.5059,10.452,16.3551,120.0,-15.8751,267.4618
2026-08-12 19:16:20,42.49873630362063,-82.8018512725635,18.6385,14.2153,150.5412,153.5107,7.5162,0.0,-7.2109,-0.2106,294.5554,0.7123,0.6839,3.2512,14.957,10.0,0.0011,48.092,20.3886,68.7852,0.0,0.0,16.9167,34.9682,9.717,92.411,244.5669,-41.0821,-0.5521,-11.5115,129.0819,11.5279,8.7189,12.5769,1.1384,8.7193,0.0635,41.946,5.8503,139.7577,9.1212,14.9456,120.0,-36.7361,282.9633
2026-08-12 19:16:30,42.49816661999999,-82.80139582999999,19.019,14.538,150.8535,152.6518,10.1847,0.0,-8.4085,-0.5271,296.3674,0.7463,0.7228,3.2513,14.957,10.0,0.0023,48.092,20.3886,68.8496,0.0,0.0,18.6331,39.614,11.8806,90.4013,244.2005,-40.7053,-0.1408,-11.8363,103.9262,13.2241,8.9347,15.0229,0.9568,9.9078,0.0273,48.7886,6.349,140.0538,10.7655,16.9737,120.0,-13.3017,256.6946
2026-08-12 19:16:40,42.497526269999994,-82.80097785,19.3077,16.0056,155.6961,161.5505,-16.0012,0.0,-11.7843,-0.6875,298.2231,0.779,0.7604,3.2514,14.957,10.0,0.0023,48.092,20.3886,68.7208,0.0,0.0,20.5915,37.5295,12.5621,88.712,249.8818,-39.9788,0.3014,-12.7321,95.9305,12.1495,9.0158,15.6704,1.0241,8.7633,0.1183,49.9283,6.5454,141.731,11.4287,17.6954,120.0,-6.9174,256.7567
2026-08-12 19:16:50,42.49684618,-82.80053963999998,18.9425,16.0231,151.3015,151.7361,12.6367,0.0,-7.331,-0.7909,300.0979,0.8153,0.8012,3.2515,14.957,10.0,0.0013,48.092,20.3886,68.3464,0.0,0.0,19.4617,37.4134,11.8478,92.7855,244.9105,-40.8898,-0.6026,-13.6276,110.0036,12.8947,9.3866,15.3016,1.0483,9.5357,0.0952,49.3616,6.3909,140.093,10.9066,17.1436,120.0,-17.7086,261.982
2026-08-12 19:17:00,42.49620362,-82.80002839,18.7631,15.6382,148.5273,148.8808,-17.2991,0.0,-6.6445,-0.4703,301.5773,0.8549,0.8438,3.2516,14.957,10.0,0.0026,48.092,20.3886,68.9474,0.0,0.0,17.2892,38.8046,11.1135,102.0241,249.7382,-41.0318,-2.9762,-13.9961,140.0,13.5268,10.394,15.3474,1.0288,10.3622,0.2883,47.2279,6.2387,140.0,10.394,16.5238,120.0,-39.9959,289.3109
2026-08-12 19:17:10,42.49559378000001,-82.79951938,18.8714,14.6157,148.674,152.1242,63.5506,0.0,-5.8748,-0.6159,302.8415,0.8939,0.8853,3.2517,14.957,10.0,0.0017,48.092,20.3886,68.7617,0.0,0.0,16.4386,41.0361,11.0752,102.3286,253.8452,-40.9374,-3.4862,-13.1972,140.0,13.4277,10.2907,15.4819,0.9591,10.2862,0.3391,46.7783,6.208,140.0,10.2907,16.3979,120.0,-36.374,291.7114
2026-08-12 19:17:20,42.495038522222224,-82.79908543333333,19.1896,14.9632,150.5937,153.247,9.9647,0.0,-6.6217,-0.2381,304.0001,0.9307,0.9242,3.2518,14.957,10.0,0.0026,48.092,20.3886,69.4341,0.0,0.0,17.6166,40.9805,11.667,98.0582,250.5204,-41.0884,-2.1305,-13.3857,140.0337,14.0053,10.7443,15.6604,0.9486,10.7368,0.1989,48.7172,6.3427,140.0337,10.7443,16.9489,120.0,-41.8328,293.2135
2026-08-12 19:17:30,42.49447069979767,-82.79863755390087,19.0781,14.571,149.5575,152.2012,19.4939,0.0,-5.7114,-0.4587,305.0544,0.9677,0.9628,3.2519,14.957,10.0,0.0024,48.092,20.3886,69.0223,0.0,0.0,17.1756,40.7608,11.3318,98.1009,250.2157,-41.0445,-2.0322,-13.2738,140.0,13.673,10.4594,15.2321,0.959,10.4741,0.1941,47.5127,6.2581,140.0,10.4594,16.6036,120.0,-41.967,292.2308
2026-08-12 19:17:40,42.49386334999999,-82.79816858000001,19.2028,15.5391,150.8346,155.6726,-13.3434,0.0,-8.6785,-0.2106,305.9703,1.0017,0.9981,3.252,14.957,10.0,0.0026,48.092,20.3886,69.2954,0.0,0.0,19.7727,39.7245,12.6393,91.0145,246.1914,-41.1935,-0.5164,-13.9624,132.1515,14.0359,10.8187,15.8406,0.9701,10.8013,0.0486,49.7973,6.5145,141.4215,11.3245,17.5844,120.0,-39.8763,286.9726
2026-08-12 19:17:50,42.49321122,-82.79767464,19.3745,16.0814,149.3821,152.2125,-47.9138,0.0,-7.4562,-0.3108,306.974,1.0409,1.0386,3.2521,14.957,10.0,0.0026,48.092,20.3886,69.0618,0.0,0.0,19.7911,37.3401,12.0086,91.834,243.8575,-41.2992,-0.4527,-14.9025,122.0899,13.4552,10.0789,15.4517,1.0446,10.0788,0.0476,49.6676,6.4349,140.4199,11.0551,17.3077,120.0,-30.4137,273.9369
2026-08-12 19:18:00,42.49256448999999,-82.79716866999999,19.6424,16.2972,151.6848,155.4284,-28.7262,0.0,-10.7668,-1.0067,307.9006,1.0825,1.0811,3.2522,14.957,10.0,0.0032,48.092,20.3886,69.1691,0.0,0.0,20.2677,36.1583,11.9622,89.7096,244.8042,-41.3831,0.0613,-14.9537,76.8615,11.2818,7.7874,15.2832,1.0603,7.7908,0.0615,49.684,6.4351,140.4073,11.0559,17.3093,120.0,12.8668,232.1348
2026-08-12 19:18:10,42.49189070999999,-82.79668889,19.6752,15.8481,150.7687,151.8174,-87.457,0.0,-8.338,-0.8623,308.8712,1.1245,1.1238,3.2523,14.957,10.0,0.0015,48.092,20.3886,68.6349,0.0,0.0,19.5753,36.5934,11.6706,91.5599,242.3609,-41.2202,-0.249,-14.8739,109.7178,12.8354,9.367,15.1075,1.0617,9.4997,0.0427,49.2373,6.3758,140.0,10.8558,17.0865,120.0,-18.9668,261.0301
2026-08-12 19:18:20,42.491264830000006,-82.79620169,19.6161,15.436,149.7505,151.5217,-26.6078,0.0,-8.1159,-0.8284,309.6471,1.1651,1.1648,3.2524,14.957,10.0,0.0028,48.092,20.3886,68.7261,0.0,0.0,18.5187,37.6229,11.3394,94.165,245.615,-41.512,-1.1258,-14.7061,140.0,13.803,10.5637,15.0106,1.0342,10.5737,0.1066,47.9665,6.2891,140.0,10.5637,16.7306,120.0,-45.7197,291.7982
2026-08-12 19:18:30,42.49067123,-82.79571894999998,19.5112,14.1006,148.9192,152.043,57.5307,0.0,-6.8466,-0.7276,310.308,1.2045,1.2044,3.2525,14.957,10.0,0.002,48.092,20.3886,68.7759,0.0,0.0,17.2311,39.537,11.0119,94.6551,246.5025,-41.5195,-1.1806,-13.3298,140.0,13.2692,10.1848,14.4373,0.9899,10.1648,0.1168,46.3179,6.1766,140.0,10.1848,16.269,120.0,-45.3269,292.067
2026-08-12 19:18:40,42.49012902005432,-82.79529675727285,19.6096,14.5162,152.3501,155.9571,15.0753,0.0,-8.4832,-0.7446,310.8814,1.2391,1.2391,3.2526,14.957,10.0,0.0027,48.092,20.3886,68.9355,0.0,0.0,17.9225,44.6815,12.7606,98.6023,254.0719,-41.8607,-1.9277,-13.5751,142.3121,14.5264,11.5143,16.517,0.8818,11.4879,0.1684,49.6959,6.5706,142.3121,11.5143,17.7698,120.0,-44.7922,298.1701
2026-08-12 19:18:50,42.48953334667688,-82.79494178447077,19.6697,13.8596,163.156,169.9795,155.3571,0.0,-7.2802,-0.2605,311.6201,1.2748,1.2747,3.2527,14.957,10.0,0.0018,48.092,20.3886,67.3554,0.0,0.0,18.0679,40.3168,11.8972,90.497,259.1714,-41.1746,-0.9219,-12.6088,122.249,13.3185,10.1964,15.4639,0.9083,10.1456,0.2252,49.1083,6.4254,140.8261,11.0237,17.2486,120.0,-27.5383,289.0074
2026-08-12 19:19:00,42.48899739,-82.79484134,19.3209,9.6473,179.6475,186.0297,11.2788,0.0,-4.8946,0.5025,312.6286,1.302,1.3013,3.2528,14.957,10.0,0.0028,48.092,20.3886,66.2304,0.0,0.0,16.5114,32.0907,9.8294,63.3805,251.6943,-40.1883,4.2165,-6.5431,43.821,8.3217,6.0061,11.1565,0.8683,5.9946,0.7041,43.821,6.0061,140.0,9.611,15.5699,120.0,20.1919,229.9451
2026-08-12 19:19:10,42.4885509,-82.79486346,19.6227,10.003,183.7762,188.4765,23.1972,0.0,-8.0009,0.795,313.4776,1.3188,1.3173,3.2529,14.957,10.0,0.0031,48.092,20.3886,66.5008,0.0,0.0,18.0047,30.7286,10.7175,59.3376,249.6479,-40.3954,5.0046,-6.4488,45.2473,8.5964,6.1155,10.8979,0.9088,6.0757,0.8222,45.2473,6.1155,140.1705,9.9796,16.0102,120.0,14.0596,233.6375
2026-08-12 19:19:20,42.488070150000006,-82.7949743,19.8447,10.349,197.0115,202.2834,54.3466,0.0,-11.1041,1.5736,314.4705,1.3348,1.332,3.2529,14.957,10.0,0.0015,48.092,20.3886,65.2033,0.0,0.0,21.7278,25.3505,13.1865,45.1528,250.2482,-35.975,6.7192,-5.0631,50.0,10.3333,6.7003,10.6298,1.0167,6.6421,1.0115,50.0,6.7003,143.8527,11.9527,18.2246,120.0,-3.8243,252.2413
2026-08-12 19:19:30,42.48764504,-82.79518326,19.9114,9.3071,200.2482,204.4993,-44.0165,0.0,-9.656,1.8257,315.5322,1.3465,1.3419,3.253,14.957,10.0,0.0038,48.092,20.3886,64.8701,0.0,0.0,20.2273,21.7277,12.077,38.3342,245.2678,-33.5158,,-3.9008,49.7067,,6.4766,,,,,49.7067,6.4766,140.9719,11.1962,17.4511,120.0,-11.1653,254.5405
2026-08-12 19:19:40,42.4872358,-82.79541216,20.0164,9.2741,204.4508,204.8007,-64.7607,0.0,-10.0931,0.9585,316.5278,1.3568,1.35,3.2531,14.957,10.0,0.004,48.092,20.3886,64.593,0.0,0.0,20.1136,19.8908,11.7955,35.5113,241.4784,-33.2597,,-3.5846,48.577,,6.3761,,,,,48.577,6.3761,140.6413,10.8574,17.0555,120.0,-12.4658,253.8012
2026-08-12 19:19:50,42.48685352394115,-82.7956311308843,20.2264,9.3369,203.1307,203.54,2.7105,0.0,-11.0529,1.5356,317.5456,1.3676,1.3581,3.2532,14.957,10.0,0.0038,48.092,20.3886,64.8234,0.0,0.0,19.3949,22.11,11.2832,40.4711,243.2434,-33.6139,,-3.9771,47.7146,,6.2719,,,,,47.7146,6.2719,140.0,10.5058,16.6601,120.0,-7.0693,250.2451
2026-08-12 19:20:00,42.486498543009944,-82.79584916447996,20.0098,8.792,206.2682,205.1836,-56.0517,0.0,-10.1024,0.2903,318.4729,1.3773,1.3649,3.2533,15.0058,10.0,0.0023,48.092,20.313,63.8352,0.0,0.0,19.9804,19.4121,12.1091,33.2836,238.0738,-33.7571,,-3.2787,49.9933,,6.4594,,,,,49.9933,6.4594,140.4528,11.1378,17.4068,120.0,-16.3687,255.1889
2026-08-12 19:20:10,42.486135620000006,-82.79609008,19.8392,8.6365,207.15,206.3609,27.6279,0.0,-10.0324,-0.1525,319.3636,1.3864,1.3709,3.2534,15.0058,10.0,0.004,48.092,20.313,63.5884,0.0,0.0,20.0829,19.716,12.2152,33.7076,239.5324,-34.0105,,-3.3171,49.9698,,6.4663,,,,,49.9698,6.4663,140.5721,11.161,17.4289,120.0,-16.4906,256.1111
2026-08-12 19:20:20,42.4857834,-82.79635371000002,18.9534,8.6248,209.7026,206.6861,-8.1731,0.0,-8.0987,-0.2617,320.2622,1.3948,1.3757,3.2535,15.0058,10.0,0.0032,48.092,20.313,63.8227,0.0,0.0,19.9248,20.1379,12.3018,33.9752,239.1587,-34.5901,,-2.8574,49.9888,,6.5084,,,,,49.9888,6.5084,141.1497,11.3035,17.5728,120.0,-16.3201,256.9077
2026-08-12 19:20:30,42.48542241,-82.79661768,19.7999,9.035,207.0841,204.813,-88.9781,0.0,-8.9641,0.4028,321.2558,1.4048,1.3814,3.2536,15.0058,10.0,0.0033,48.092,20.313,63.8613,0.0,0.0,19.9545,21.1278,12.0121,36.8004,240.2037,-34.8286,,-3.7465,49.8376,,6.4353,,,,,49.8376,6.4353,140.2611,11.0562,17.3172,120.0,-12.7235,254.8231
2026-08-12 19:20:40,42.48501668,-82.79685707000002,19.8939,9.9874,200.7782,198.2904,17.3709,0.0,-9.9948,-0.8751,322.218,1.4176,1.3894,3.2537,15.0058,10.0,0.0052,48.092,20.313,64.4733,0.0,0.0,20.7449,23.3732,12.3125,42.0179,238.9735,-35.0955,7.0871,-5.1353,49.8353,9.9902,6.4822,8.9337,1.1288,6.429,1.1024,49.8353,6.4822,140.9267,11.2149,17.4763,120.0,-8.6342,248.8808
2026-08-12 19:20:50,42.48454823000001,-82.79707167,19.9377,10.5531,197.6469,195.0303,-5.0543,0.0,-9.6332,-0.1339,323.1652,1.4335,1.4001,3.2538,15.0058,10.0,0.0031,48.092,20.313,64.3162,0.0,0.0,21.1642,22.2925,12.0064,42.0896,236.4195,-35.1819,,-6.3084,49.1353,,6.4534,,,,,49.1353,6.4534,141.196,11.1184,17.3449,120.0,-7.2858,244.746
2026-08-12 19:21:00,42.484093866666655,-82.79723580000001,19.9311,10.7494,195.1004,195.218,0.1779,0.0,-11.7402,-0.3572,324.0475,1.4512,1.4125,3.2539,15.0058,10.0,0.0041,48.092,20.313,64.3839,0.0,0.0,21.4014,23.8436,12.4741,43.9556,238.8552,-35.4645,7.4035,-6.5907,49.6581,9.9554,6.5328,8.9709,1.1731,6.5132,1.1381,49.6581,6.5328,141.8144,11.3865,17.6397,120.0,-5.4821,244.4447
2026-08-12 19:21:10,42.48364322735319,-82.7974356463887,19.813,10.6367,198.5041,198.0278,-4.2445,0.0,-10.2647,-0.357,324.9653,1.4685,1.4237,3.254,15.0058,10.0,0.0019,48.092,20.313,64.0856,0.0,0.0,20.6976,23.0486,11.7143,43.9077,241.6551,-35.5831,7.1808,-6.148,49.1901,9.3495,6.4122,9.0527,1.1591,6.2766,1.1438,49.1901,6.4122,140.5606,10.979,17.2078,120.0,-6.093,247.3943
2026-08-12 19:21:20,42.483182500000005,-82.79766028999998,20.0033,10.592,200.5364,200.3638,-23.0096,0.0,-12.206,-0.1519,325.8622,1.4851,1.4339,3.2541,15.0058,10.0,0.0029,48.092,20.313,64.1945,0.0,0.0,21.2501,25.1288,12.4962,46.2411,246.4127,-35.7173,7.1985,-5.9587,49.7907,10.0608,6.4944,9.4019,1.1219,6.4978,1.1079,49.7907,6.4944,141.1429,11.2564,17.5157,120.0,-3.178,250.0275
2026-08-12 19:21:30,42.48271368,-82.79789394000001,19.9245,10.7786,202.6626,204.0045,38.675,0.0,-13.5605,0.3144,326.7954,1.5029,1.4446,3.2542,15.0058,10.0,0.0035,48.092,20.313,63.9598,0.0,0.0,22.6663,23.0147,13.4077,41.3744,245.7591,-35.8272,,-6.1751,50.0,,6.6603,,,,,50.0,6.6603,143.2869,11.8174,18.0889,120.0,-7.6089,252.9244
2026-08-12 19:21:40,42.482271409999996,-82.79818990999999,19.8119,10.0633,207.7751,204.9096,11.767,0.0,-9.4485,0.3231,327.7692,1.5184,1.4521,3.2543,15.0058,10.0,0.0036,48.092,20.313,63.807,0.0,0.0,21.8617,19.2948,12.5225,35.241,239.0178,-35.786,,-5.4101,49.9498,,6.6336,,,,,49.9498,6.6336,142.9584,11.7272,17.9959,120.0,-13.8529,255.7228
2026-08-12 19:21:50,42.48184893,-82.79846321000001,19.615,9.5268,207.6262,205.6524,53.0861,0.0,-8.0754,0.7195,328.6503,1.5334,1.4594,3.2544,15.0058,10.0,0.0045,48.092,20.313,62.9212,0.0,0.0,20.0496,19.1494,11.4541,35.0827,238.5128,-35.6008,,-5.1298,48.3786,,6.3203,,,,,48.3786,6.3203,140.0435,10.6688,16.8564,120.0,-13.1017,253.0734
2026-08-12 19:22:00,42.4815999,-82.79863879999999,19.2979,8.6734,202.4988,199.4635,-69.8134,0.0,-5.3653,0.4489,329.4544,1.5478,1.4663,3.2545,15.0058,10.0,0.0044,48.092,20.313,64.0329,0.0,0.0,20.0074,19.5158,12.1407,33.4691,231.1346,-35.3619,,-5.3136,49.637,,6.4512,,,,,49.637,6.4512,140.6802,11.1103,17.3616,120.0,-16.5963,249.7214
2026-08-12 19:22:10,42.48106478888889,-82.7989059111111,19.3143,10.5032,200.1087,198.7643,44.4554,0.0,-9.3719,0.494,330.1858,1.5645,1.4756,3.2546,15.0058,10.0,0.0037,48.092,20.313,64.6949,0.0,0.0,21.9364,22.2169,12.9443,39.8286,238.3652,-35.6632,,-6.5709,49.9157,,6.6145,,,,,49.9157,6.6145,142.7205,11.6625,17.9293,120.0,-9.9961,248.303
2026-08-12 19:22:20,42.480615766496435,-82.79916641341694,19.7867,11.2315,203.969,203.451,-45.9569,0.0,-10.7009,0.9577,331.0614,1.5829,1.4848,3.2547,15.0058,10.0,0.0032,48.092,20.313,64.2575,0.0,0.0,23.2215,20.8702,13.2348,38.6781,241.3562,-35.8042,,-6.6685,50.0,,6.6983,,,,,50.0,6.6983,143.8242,11.9459,18.2178,120.0,-11.394,253.166
2026-08-12 19:22:30,42.48011476,-82.79946354,19.7867,11.7039,204.2721,203.0809,33.2041,0.0,-10.8551,0.2927,331.9873,1.6029,1.4943,3.2548,15.0058,10.0,0.0035,48.092,20.313,63.9421,0.0,0.0,22.8011,21.0934,12.5522,40.8377,243.5162,-35.6835,,-7.2671,50.0,,6.5589,,,,,50.0,6.5589,141.853,11.4743,17.7447,120.0,-9.2759,253.0689
2026-08-12 19:22:40,42.47962493,-82.79977315,19.7146,11.317,205.2312,203.9119,-33.6727,0.0,-8.657,0.7526,332.8691,1.6219,1.5028,3.2549,15.0058,10.0,0.0042,48.092,20.313,64.0688,0.0,0.0,21.3081,20.3034,11.3024,40.8801,242.764,-35.4954,,-6.9763,48.0597,,6.3091,,,,,48.0597,6.3091,140.1937,10.6315,16.8032,120.0,-7.5097,251.7237
2026-08-12 19:22:50,42.479163760000006,-82.80007452,19.5243,10.4695,206.5719,203.5715,-9.3171,0.0,-7.2236,0.2659,333.7386,1.641,1.511,3.255,15.0058,10.0,0.0018,48.092,20.313,63.8592,0.0,0.0,19.9096,20.6441,10.6458,41.3021,243.0124,-35.1787,,-6.2249,45.2562,,6.1041,,,,,45.2562,6.1041,140.0,9.9408,15.9717,120.0,-3.6758,248.8691
2026-08-12 19:23:00,42.478743640000005,-82.80036356999999,19.498,9.0641,209.5862,205.5441,-7.6964,0.0,-4.2972,0.5055,334.5166,1.658,1.5177,3.255,15.0058,10.0,0.0049,48.092,20.313,63.321,0.0,0.0,18.808,18.9618,10.39,36.1153,238.9329,-34.8354,,-5.2711,44.759,,6.0702,,,,,44.759,6.0702,140.0,9.8266,15.8325,120.0,-8.0262,250.0935
2026-08-12 19:23:10,42.478402550000006,-82.80060514,19.3143,7.9814,205.9331,204.6222,-80.1296,0.0,-5.7109,0.6723,335.1331,1.6716,1.5228,3.2551,15.0058,10.0,0.0056,48.092,20.313,63.726,0.0,0.0,18.8273,19.1179,11.7498,31.6858,235.5357,-34.6606,,-4.912,47.7505,,6.2965,,,,,47.7505,6.2965,140.3135,10.5891,16.7454,120.0,-16.4912,252.4045
2026-08-12 19:23:20,42.47807673333333,-82.8008219111111,19.6555,8.581,207.5973,204.4735,93.7985,0.0,-7.9133,0.3338,335.7238,1.6858,1.5285,3.2552,15.0058,10.0,0.0044,48.092,20.313,63.7179,0.0,0.0,22.3653,18.6037,14.432,29.6352,232.9714,-34.8578,,-5.6237,50.0,,6.9193,,,,,50.0,6.9193,146.95,12.6937,18.968,120.0,-19.7099,254.7606
2026-08-12 19:23:30,42.47770299631742,-82.80105566736374,19.5833,9.7581,202.2524,200.2134,-48.4306,0.0,-8.5632,0.4295,336.4303,1.7042,1.5363,3.2553,15.0058,10.0,0.0022,48.092,20.313,64.264,0.0,0.0,21.9124,17.9046,12.9489,31.5061,230.5734,-34.9987,,-6.9131,49.9238,,6.6857,,,,,49.9238,6.6857,143.7204,11.9036,18.1716,120.0,-18.8781,250.5455
2026-08-12 19:23:40,42.47723875999999,-82.80130151,19.5965,11.0177,200.6429,198.4852,-11.7063,0.0,-9.6533,0.4795,337.0587,1.7235,1.5454,3.2554,15.0058,10.0,0.0031,48.092,20.313,64.5016,0.0,0.0,21.9811,19.2866,12.1324,36.7631,233.8736,-35.1991,,-7.9569,49.6623,,6.47,,,,,49.6623,6.47,140.9224,11.1741,17.4268,120.0,-13.018,247.9438
2026-08-12 19:23:50,42.47674887,-82.80156297,19.9158,11.2646,201.4594,200.534,4.9588,0.0,-9.7305,0.4199,337.7664,1.7457,1.5555,3.2555,15.0058,10.0,0.0035,48.092,20.313,64.3396,0.0,0.0,22.5044,20.123,12.5646,38.1555,237.6847,-35.335,,-8.0758,49.6597,,6.5588,,,,,49.6597,6.5588,142.1796,11.4743,17.7278,120.0,-11.8609,250.2281
2026-08-12 19:24:00,42.47626401,-82.80184275,19.8917,11.0332,206.5954,204.474,24.5001,0.0,-9.7073,0.193,338.5116,1.7685,1.5654,3.2556,15.0058,10.0,0.0045,48.092,20.313,63.7527,0.0,0.0,22.8539,18.9695,12.7531,35.6529,238.4052,-35.2844,,-7.5311,49.7761,,6.5769,,,,,49.7761,6.5769,142.324,11.5356,17.7951,120.0,-13.4113,253.4869
2026-08-12 19:24:10,42.475815850000004,-82.80213114,19.7014,10.4812,205.7205,204.0741,-19.5698,0.0,-8.6065,0.5799,339.2017,1.7889,1.5732,3.2557,15.0058,10.0,0.0038,48.092,20.313,63.626,0.0,0.0,21.8882,19.6533,12.5589,35.8941,238.1321,-35.3293,,-7.2296,49.9783,,6.5539,,,,,49.9783,6.5539,141.8037,11.4576,17.7268,120.0,-14.459,253.5925
2026-08-12 19:24:20,42.475388609999996,-82.80243468,19.708,10.6367,207.3947,204.9464,-19.2514,0.0,-8.4712,0.2286,339.8845,1.8081,1.5797,3.2558,15.0058,10.0,0.0039,48.092,20.313,64.3396,0.0,0.0,22.16,19.9495,12.6634,36.6709,239.2543,-35.299,,-7.363,50.0,,6.548,,,,,50.0,6.548,141.6992,11.4375,17.7078,120.0,-13.5229,254.9016
2026-08-12 19:24:30,42.474945266666666,-82.80272536666666,19.8994,11.7214,203.3192,202.2998,-77.3436,0.0,-9.9254,-0.2331,340.5809,1.8298,1.5878,3.2559,15.0058,10.0,0.0038,48.092,20.313,64.3466,0.0,0.0,22.6019,19.7299,12.4643,37.7462,237.6837,-35.406,,-8.1645,50.0,,6.5502,,,,,50.0,6.5502,141.7304,11.445,17.7153,120.0,-12.1457,252.0337
2026-08-12 19:24:40,42.47447037955556,-82.80301517386971,19.977,11.7175,204.8341,202.9653,26.4161,0.0,-10.9489,0.4499,341.246,1.8525,1.5966,3.256,15.0058,10.0,0.0022,48.092,20.313,64.0083,0.0,0.0,22.8334,20.7803,12.601,40.0186,241.4643,-35.6117,,-8.2917,50.0,,6.5795,,,,,50.0,6.5795,142.144,11.544,17.8146,120.0,-10.4992,252.5109
2026-08-12 19:24:50,42.47398151,-82.80334299,19.8939,11.8011,206.3868,203.9603,25.7823,0.0,-9.5132,0.4077,341.9472,1.8754,1.6047,3.2561,15.0058,10.0,0.0061,48.092,20.313,63.8368,0.0,0.0,22.0682,19.1594,11.7132,38.2648,239.166,-35.5543,,-8.0353,49.1467,,6.3885,,,,,49.1467,6.3885,140.2663,10.8986,17.125,120.0,-10.5574,253.1335
2026-08-12 19:25:00,42.47352206999999,-82.80367208999999,19.7014,10.3626,209.1766,205.9233,29.6871,0.0,-7.7052,0.4412,342.5774,1.8958,1.6112,3.2562,15.2774,10.0,0.0032,48.092,20.2133,63.7215,0.0,0.0,22.1091,18.2105,12.6505,33.1099,236.3656,-35.1665,,-7.1019,50.0,,6.5959,,,,,50.0,6.5959,142.3768,11.5997,17.8704,120.0,-17.0293,256.2557
2026-08-12 19:25:10,42.473094249999995,-82.80398846,19.6752,10.3898,209.0969,205.2897,-58.7316,0.0,-8.2082,0.7885,343.1744,1.9151,1.617,3.2563,15.2774,10.0,0.0034,48.092,20.2133,63.9305,0.0,0.0,21.4671,21.2623,12.2785,39.3639,242.1016,-35.1986,,-7.2908,49.8806,,6.4565,,,,,49.8806,6.4565,140.5197,11.1279,17.3913,120.0,-10.953,254.8911
2026-08-12 19:25:20,42.472667944444446,-82.80429708888887,19.6971,10.7864,205.7165,202.684,-0.2041,0.0,-7.5674,0.3267,343.8381,1.9377,1.6239,3.2564,15.2774,10.0,0.003,48.092,20.2133,64.0817,0.0,0.0,20.4465,21.9305,11.1823,43.086,242.315,-35.1946,,-8.0298,47.9862,,6.2904,,,,,47.9862,6.2904,140.0,10.5683,16.7361,120.0,-5.3543,250.8575
2026-08-12 19:25:30,42.47223195849368,-82.80460181534737,19.7135,11.0345,207.221,204.1001,-29.5173,0.0,-8.4828,0.5308,344.4317,1.9593,1.6309,3.2565,15.2774,10.0,0.0033,48.092,20.2133,63.5199,0.0,0.0,21.5192,21.1325,11.902,40.6899,241.7876,-35.1981,,-8.1208,49.5241,,6.4019,,,,,49.5241,6.4019,140.0925,10.9438,17.1889,120.0,-8.4464,253.5401
2026-08-12 19:25:40,42.471771940000004,-82.80492136000001,19.7474,10.8972,205.8259,202.6159,-31.1597,0.0,-8.6459,0.4211,345.0387,1.9822,1.6382,3.2566,15.2774,10.0,0.0027,48.092,20.2133,63.6929,0.0,0.0,21.5724,20.6794,12.0097,39.3694,239.3477,-35.2532,,-8.2698,49.8205,,6.4279,,,,,49.8205,6.4279,140.1736,11.0313,17.2914,120.0,-10.72,252.423
2026-08-12 19:25:50,42.47130821,-82.8052188,19.9267,11.1401,204.409,201.3027,-79.0174,0.0,-8.7141,0.8315,345.5835,2.0047,1.646,3.2567,15.2774,10.0,0.0057,48.092,20.2133,63.9627,0.0,0.0,21.2754,21.1349,11.6405,41.2766,239.9939,-35.3923,,-8.8292,49.3806,,6.3976,,,,,49.3806,6.3976,140.1702,10.9294,17.1674,120.0,-8.4902,250.6607
2026-08-12 19:26:00,42.47080037,-82.80547173999999,19.7736,11.941,194.4819,190.3616,-64.3691,0.0,-7.974,0.1751,346.0999,2.031,1.6571,3.2568,15.2774,10.0,0.003,48.092,20.2133,64.4479,0.0,0.0,19.8681,22.3322,9.9706,49.4181,236.2642,-35.4444,7.6418,-10.1965,43.4946,8.0888,5.9839,9.0995,1.3168,5.9332,1.2882,43.4946,5.9839,140.0,9.536,15.4785,120.0,4.7094,234.9689
2026-08-12 19:26:10,42.47022325,-82.80561373,19.872,13.0354,186.5957,184.2039,-44.0057,0.0,-10.2854,-0.0463,346.5244,2.0647,1.6757,3.2569,15.2774,10.0,0.0029,48.092,20.2133,65.2018,0.0,0.0,20.564,25.487,10.4792,57.6657,240.9082,-35.6816,6.9755,-12.1456,45.071,8.6101,6.0914,10.5776,1.2212,6.0864,1.1461,45.071,6.0914,140.0,9.8983,15.9199,120.0,12.2922,229.9532
2026-08-12 19:26:20,42.469599380000005,-82.80565700000002,19.8983,13.2823,179.2957,176.8922,-61.2955,0.0,-9.701,-0.4321,346.8097,2.1001,1.6983,3.257,15.2774,10.0,0.003,48.092,20.2133,65.7245,0.0,0.0,20.3597,27.7913,10.5899,63.9455,239.7556,-35.6599,5.9945,-12.8972,45.2986,8.7183,6.107,11.3534,1.1733,6.1133,0.9796,45.2986,6.107,140.0,9.9506,15.9836,120.0,17.7521,223.0369
2026-08-12 19:26:30,42.46899713333333,-82.80565662222223,20.1673,13.298,185.5053,187.4,111.6255,0.0,-13.2416,-0.237,347.0251,2.1351,1.7218,3.2571,15.2774,10.0,0.0021,48.092,20.2133,65.1102,0.0,0.0,22.5896,26.6224,12.3038,56.3336,244.8929,-35.73,6.9348,-12.9959,48.4612,9.6975,6.4236,11.3187,1.1831,6.4248,1.0758,48.4612,6.4236,141.4245,11.0182,17.211,120.0,9.9009,233.9894
2026-08-12 19:26:40,42.46846792764982,-82.80583022849554,19.9486,11.5231,199.2822,199.1495,-2.2762,0.0,-10.0719,0.1329,347.4337,2.166,1.7376,3.2571,15.2774,10.0,0.0032,48.092,20.2133,64.1863,0.0,0.0,22.6241,21.1637,12.4613,41.0012,241.2988,-35.6902,8.7527,-10.0016,49.7963,10.6425,6.5292,9.3708,1.3335,6.8409,1.2795,49.7963,6.5292,141.6296,11.3741,17.6341,120.0,-8.2069,249.0993
2026-08-12 19:26:50,42.467976579243185,-82.80604594064961,19.872,10.6542,197.5192,197.6266,-43.8543,0.0,-10.2418,0.0356,347.8336,2.192,1.7493,3.2572,15.2774,10.0,0.0027,48.092,20.2133,64.3707,0.0,0.0,21.7062,20.1301,12.2022,37.757,235.6758,-35.5709,,-9.3552,50.0,,6.4878,,,,,50.0,6.4878,140.8472,11.2337,17.5033,120.0,-12.2379,248.0481
2026-08-12 19:27:00,42.46748213,-82.80623457,19.7135,11.2101,194.7019,195.6837,25.2098,0.0,-10.8966,0.3207,348.22,2.2203,1.7628,3.2573,15.2774,10.0,0.0033,48.092,20.2133,64.4516,0.0,0.0,21.7837,21.9796,12.0943,42.4105,238.4169,-35.5854,,-9.9768,49.649,,6.434,,,,,49.649,6.434,140.4248,11.052,17.3037,120.0,-7.9037,245.0451
2026-08-12 19:27:10,42.46698234,-82.80644810999999,19.7539,10.8272,199.5217,200.7831,-16.144,0.0,-9.8009,0.3235,348.58,2.2456,1.7743,3.2574,15.2774,10.0,0.0052,48.092,20.2133,63.8747,0.0,0.0,22.2123,20.3551,12.6656,37.6186,238.1596,-35.5573,,-9.1637,50.0,,6.5729,,,,,50.0,6.5729,142.0518,11.5219,17.7924,120.0,-11.8571,250.365
2026-08-12 19:27:20,42.46652497,-82.80666848000001,19.5702,10.3607,198.9711,199.5276,16.7199,0.0,-10.409,-0.1025,348.9607,2.2708,1.7849,3.2575,15.2774,10.0,0.0021,48.092,20.2133,64.1534,0.0,0.0,21.0292,23.4509,12.293,43.0301,242.2276,-35.4353,7.2528,-8.8018,49.4453,9.4411,6.492,8.8529,1.1719,6.3006,1.1511,49.4453,6.492,141.4418,11.2485,17.4907,120.0,-7.4171,248.8695
2026-08-12 19:27:30,42.46606021,-82.80691482,19.603,10.5589,205.6621,204.2033,80.8936,0.0,-11.1798,0.2595,349.3453,2.2955,1.7947,3.2576,15.2774,10.0,0.0039,48.092,20.2133,63.4867,0.0,0.0,22.1922,23.419,13.0517,42.6176,246.4459,-35.3946,7.7855,-8.8223,50.0,10.3274,6.6447,9.192,1.2102,6.6383,1.1728,50.0,6.6447,143.0663,11.7646,18.0359,120.0,-6.7505,253.6344
2026-08-12 19:27:40,42.46566301111111,-82.80717435555556,19.498,9.73,204.7185,204.3931,-54.159,0.0,-8.9545,0.8307,349.7436,2.3175,1.8018,3.2577,15.2774,10.0,0.0043,48.092,20.2133,63.7414,0.0,0.0,21.0929,21.6383,12.5794,38.3043,242.5016,-35.2156,,-7.9327,49.7734,,6.5605,,,,,49.7734,6.5605,142.0944,11.48,17.7392,120.0,-11.7096,254.5335
2026-08-12 19:27:50,42.46526977112439,-82.80742172674044,18.75,9.7484,205.0329,202.8014,-33.7549,0.0,-8.4091,0.0765,350.1501,2.3411,1.8097,3.2578,15.2774,10.0,0.005,48.092,20.2133,63.7825,0.0,0.0,19.6107,21.5295,11.1867,40.0918,241.8361,-35.1935,,-8.3223,47.6908,,6.2703,,,,,47.6908,6.2703,140.0,10.5004,16.6534,120.0,-7.5238,250.7529
2026-08-12 19:28:00,42.46485681578762,-82.80767299974414,18.7828,9.6745,201.9745,201.5127,-27.2785,0.0,-8.6937,0.8866,350.4859,2.3616,1.8167,3.2579,15.2774,10.0,0.0058,48.092,20.2133,64.1944,0.0,0.0,19.5192,20.2984,10.8721,38.5113,238.8419,-35.1201,,-8.0705,46.8209,,6.2109,,,,,46.8209,6.2109,140.0,10.3004,16.4099,120.0,-8.5477,248.1196
2026-08-12 19:28:10,42.46441802,-82.80789601000001,19.0387,10.2421,200.3719,198.9894,-12.4279,0.0,-9.519,0.695,350.845,2.3875,1.827,3.258,15.2774,10.0,0.005,48.092,20.2133,64.246,0.0,0.0,20.6363,20.8322,11.6391,39.1315,237.4182,-35.3003,,-8.9082,47.9366,,6.3068,,,,,47.9366,6.3068,140.2788,10.6235,16.7892,120.0,-8.8974,246.9164
2026-08-12 19:28:20,42.46395845,-82.80814207,18.3235,10.5784,203.1697,200.3179,-33.3381,0.0,-8.8658,0.8807,351.1845,2.4116,1.8362,3.2581,15.2774,10.0,0.0032,48.092,20.2133,63.7993,0.0,0.0,20.9971,20.5581,11.6554,39.2481,237.103,-35.445,,-9.1817,49.1867,,6.3724,,,,,49.1867,6.3724,140.0,10.8441,17.0723,120.0,-10.3349,249.2776
2026-08-12 19:28:30,42.463499760000005,-82.80843096,18.4744,10.7106,207.9224,205.7512,2.9167,0.0,-9.6518,0.6278,351.5516,2.4354,1.8442,3.2582,15.2774,10.0,0.0047,48.092,20.2133,63.8965,0.0,0.0,21.6684,21.3023,12.3478,39.6632,243.4935,-35.4741,,-8.2834,49.7283,,6.4693,,,,,49.7283,6.4693,140.8477,11.1714,17.4274,120.0,-9.6708,255.0409
2026-08-12 19:28:40,42.46307381,-82.80877198,19.1175,10.2207,210.8038,208.4662,-4.2097,0.0,-9.3617,0.8243,352.0096,2.46,1.8499,3.2583,15.2774,10.0,0.0036,48.092,20.2133,63.4769,0.0,0.0,22.5135,19.0043,13.2134,33.7388,239.7505,-35.3877,,-8.1487,50.0,,6.6655,,,,,50.0,6.6655,143.3614,11.8352,18.1067,120.0,-15.6113,258.0416
2026-08-12 19:28:50,42.46273613333333,-82.80908515555556,18.166,8.3045,218.3485,215.1455,192.3813,0.0,-8.0254,1.0278,352.4007,2.4787,1.8528,3.2584,15.2774,10.0,0.0034,48.092,20.2133,62.9986,0.0,0.0,21.4582,14.5113,13.7839,23.9956,239.3471,-28.13,,-6.1793,50.0,,6.7868,,,,,50.0,6.7868,145.0765,12.2455,18.5184,120.0,-20.9028,263.1782
2026-08-12 19:29:00,42.46263069795419,-82.80934766989212,17.8314,4.3289,290.8723,274.4696,213.1613,0.0,1.3969,0.9022,352.6971,2.4838,1.848,3.2585,15.2774,10.0,0.0041,48.092,20.2133,60.9952,0.0,0.0,17.4236,-30.9832,14.1999,-39.4731,228.272,35.3613,,1.5576,-50.0,,6.9021,,,,,-50.0,6.9021,-146.4227,12.6308,18.9145,-120.0,13.8165,220.4925
2026-08-12 19:29:10,42.46275549,-82.80964732999999,17.9232,5.7382,305.5475,279.3261,24.9072,0.0,3.9442,0.8424,352.9789,2.4747,1.8331,3.2586,15.2774,10.0,0.004,48.092,20.2133,63.0837,0.0,0.0,17.4494,-26.0393,12.5818,-37.5197,235.496,36.4583,,3.8341,-50.0,,6.5639,,,,,-50.0,6.5639,-141.9242,11.4914,17.7618,-120.0,12.5502,229.8646
2026-08-12 19:29:20,42.462921079999994,-82.81003182,18.3432,7.3399,301.2555,277.8955,-5.6839,0.0,4.969,1.1377,353.3468,2.4627,1.8136,3.2587,15.2774,10.0,0.0032,48.092,20.2133,63.6142,0.0,0.0,18.1186,-26.2799,12.0555,-41.7336,229.5495,37.4539,,4.4911,-49.535,,6.4236,,,,,-49.535,6.4236,-140.3885,11.0171,17.263,-120.0,8.0242,228.5034
2026-08-12 19:29:30,42.46309235,-82.81044566,18.6056,7.3088,298.3059,272.1959,-23.0673,0.0,4.8247,0.6159,353.7482,2.4503,1.7928,3.2588,15.2774,10.0,0.0041,48.092,20.2133,65.3786,0.0,0.0,18.1321,-23.7831,11.9272,-37.8051,226.5844,35.9811,,4.0575,-49.4997,,6.412,,,,,-49.4997,6.412,-140.2585,10.9779,17.222,-120.0,11.5002,223.0655
2026-08-12 19:29:40,42.4632738,-82.81085453,18.9394,8.0572,301.6858,271.0892,65.2089,0.0,6.3658,0.6223,354.1414,2.4376,1.772,3.2589,15.2774,10.0,0.0032,48.092,20.2133,64.8775,0.0,0.0,18.7499,-22.8597,12.0106,-37.3928,224.1275,36.0018,,4.6234,-49.5258,,6.4306,,,,,-49.5258,6.4306,-140.4969,11.0409,17.2865,-120.0,12.4434,220.8424
2026-08-12 19:29:50,42.46348333,-82.81129937,18.9403,8.5043,304.9637,276.2561,24.5944,0.0,5.7925,1.0585,354.5698,2.4233,1.7491,3.259,15.2774,10.0,0.0014,48.092,20.2133,65.1023,0.0,0.0,18.8966,-24.4784,11.7879,-41.6221,225.7589,36.66,,5.4045,-48.9645,,6.3604,,,,,-48.9645,6.3604,-140.0459,10.804,17.0211,-120.0,8.172,226.445
2026-08-12 19:30:00,42.46372516,-82.81170619,18.9862,9.203,307.0914,277.4754,3.3193,0.0,8.6962,1.2814,354.9354,2.4083,1.7276,3.2591,14.0218,10.0,0.0038,48.092,20.8287,65.5318,0.0,0.0,21.6223,-25.8606,13.9734,-42.5246,227.0857,37.2731,6.0724,5.9299,-50.0,10.3644,6.8701,9.1842,0.9429,6.6621,0.9115,-50.0,6.8701,-146.2189,12.5266,18.8015,-120.0,7.1496,227.7862
2026-08-12 19:30:10,42.46401516666666,-82.8121726888889,19.4729,11.1693,310.2721,279.9349,-12.757,0.0,10.1618,0.8765,355.4232,2.388,1.6988,3.2591,14.0218,10.0,0.0033,48.092,20.8287,65.6956,0.0,0.0,21.2487,-27.1588,12.5064,-50.9973,221.0191,37.9988,6.9841,7.9156,-49.9865,10.1767,6.5473,10.242,1.0779,6.5415,1.0679,-49.9865,6.5473,-141.7017,11.4351,17.7046,-120.0,-0.6635,229.603
2026-08-12 19:30:20,42.46436839467138,-82.81272211788016,19.6227,12.1957,310.7981,279.704,25.3859,0.0,9.9821,0.4331,355.9787,2.3646,1.666,3.2592,14.0218,10.0,0.0043,48.092,20.8287,66.3241,0.0,0.0,21.0367,-27.3677,11.6033,-56.6963,216.5235,38.1526,6.886,8.5358,-49.0323,9.7388,6.3749,10.9433,1.12,6.3782,1.079,-49.0323,6.3749,-140.1853,10.853,17.0735,-120.0,-6.7138,230.5078
2026-08-12 19:30:30,42.46476487,-82.81330854,19.6818,12.6525,315.3651,283.5309,19.1742,0.0,9.172,0.3754,356.5636,2.3395,1.6312,3.2593,14.0218,10.0,0.0037,48.092,20.8287,67.1321,0.0,0.0,21.6009,-29.3364,12.2395,-59.9981,218.5923,38.5368,6.3229,9.529,-49.2035,9.9018,6.4477,11.9415,1.0632,6.4517,0.9795,-49.2035,6.4477,-141.0494,11.099,17.3288,-120.0,-10.9193,233.9578
2026-08-12 19:30:40,42.46520807,-82.81385764,19.6161,12.8896,319.0504,287.0536,17.5306,0.0,9.6056,0.1797,357.1237,2.3116,1.5955,3.2594,14.0218,10.0,0.0021,48.092,20.8287,66.774,0.0,0.0,20.7805,-30.096,11.5794,-64.1972,218.8944,38.4368,5.7316,10.2052,-48.7347,9.6035,6.3415,12.0813,1.071,6.3377,0.9045,-48.7347,6.3415,-140.0,10.7403,16.9457,-120.0,-14.866,238.0302
2026-08-12 19:30:50,42.46568926,-82.81438213,19.5243,13.4255,321.0754,289.2207,-25.7827,0.0,9.2518,-0.1198,357.6456,2.283,1.5606,3.2595,14.0218,10.0,0.0043,48.092,20.8287,67.671,0.0,0.0,19.9222,-31.7435,11.114,-70.7463,216.8466,38.6144,4.5215,10.6214,-47.1077,9.1698,6.2305,12.4102,1.0746,6.2331,0.7251,-47.1077,6.2305,-140.0,10.3664,16.4902,-120.0,-22.8668,241.8363
2026-08-12 19:31:00,42.46614462,-82.81493314000001,19.6424,12.9771,312.8888,282.7209,-78.6805,0.0,10.8527,-0.1417,358.2494,2.254,1.5234,3.2596,14.0218,10.0,0.0034,48.092,20.8287,68.3428,0.0,0.0,20.2145,-33.167,11.7263,-70.8487,210.6765,38.6413,4.1373,9.17,-48.6496,9.6247,6.3407,12.9563,1.0129,6.3444,0.6518,-48.6496,6.3407,-140.0706,10.7376,16.9388,-120.0,-23.1441,235.0219
2026-08-12 19:31:10,42.466514730306216,-82.81549416886274,19.5221,12.7807,309.0185,277.2508,26.1735,0.0,9.7502,0.1973,358.9034,2.23,1.4883,3.2597,14.0218,10.0,0.0022,48.092,20.8287,67.3874,0.0,0.0,20.6484,-30.7236,11.6181,-65.2703,208.6422,38.5323,5.3538,8.2667,-48.8608,9.651,6.3507,12.3119,1.0464,6.3474,0.8438,-48.8608,6.3507,-140.0078,10.7711,16.9829,-120.0,-16.6193,228.4654
2026-08-12 19:31:20,42.46690058861291,-82.81605479800109,19.1699,12.4192,313.9133,281.4456,-41.8059,0.0,9.3146,0.1436,359.5853,2.2044,1.4516,3.2598,14.0218,10.0,0.0027,48.092,20.8287,67.5241,0.0,0.0,19.5176,-31.1893,10.9705,-67.1375,211.1094,38.3273,4.8749,8.6679,-46.4791,8.9703,6.1876,11.9569,1.0423,6.1806,0.7898,-46.4791,6.1876,-140.0,10.2219,16.3142,-120.0,-20.4725,234.0194
2026-08-12 19:31:30,42.467261859999994,-82.81663099,19.0059,11.2587,312.0534,279.8077,14.7365,0.0,7.4517,0.219,80.207,2.1846,1.4206,3.2599,14.0218,10.0,0.0024,48.092,20.8287,67.8138,0.0,0.0,18.5867,-29.9401,10.4663,-62.407,212.8912,37.9406,5.1509,7.5688,-45.1639,8.7328,6.0978,11.4205,1.0022,6.1151,0.8431,-45.1639,6.0978,-140.0,9.9196,15.9459,-120.0,-17.5131,234.2838
2026-08-12 19:31:40,42.46758901,-82.81714668999999,18.75,11.1654,310.8262,280.3181,-6.4531,0.0,8.0665,0.5361,0.7779,2.1662,1.3921,3.26,14.0218,10.0,0.0037,48.092,20.8287,67.4912,0.0,0.0,18.9946,-31.2367,11.128,-62.5467,213.9491,38.0619,5.1001,7.231,-46.4129,9.0597,6.1943,11.5627,0.9567,6.201,0.8221,-46.4129,6.1943,-140.159,10.2447,16.3338,-120.0,-16.2271,234.311
2026-08-12 19:31:50,42.467951400000004,-82.81771534999999,18.5925,11.6475,312.0271,280.732,20.5887,0.0,7.748,0.1891,1.4181,2.1461,1.3607,3.2601,14.0218,10.0,0.0037,48.092,20.8287,67.1719,0.0,0.0,19.0497,-30.8466,10.8236,-64.5775,212.1748,38.1199,5.1364,7.5061,-46.2433,8.8881,6.1715,11.5802,1.011,6.1585,0.8335,-46.2433,6.1715,-140.0,10.1677,16.2481,-120.0,-17.8721,234.18
2026-08-12 19:32:00,42.46833194,-82.81827878,18.3104,11.8401,311.8514,281.7695,-10.2407,0.0,8.6594,0.1328,2.1254,2.1235,1.326,3.2602,14.0218,10.0,0.0022,48.092,20.8287,67.6273,0.0,0.0,20.3846,-31.7456,12.01,-63.4769,214.144,38.2579,5.1293,7.6529,-48.6947,9.652,6.4077,12.3103,0.9704,6.3835,0.8027,-48.6947,6.4077,-140.9747,10.9642,17.1684,-120.0,-15.382,232.9474
2026-08-12 19:32:10,42.46870331000001,-82.81882789,18.7456,11.5678,311.1052,279.859,-40.6398,0.0,8.2546,0.3586,2.7801,2.1031,1.2944,3.2603,14.0218,10.0,0.0032,48.092,20.8287,67.7562,0.0,0.0,20.4081,-30.3405,11.9733,-59.5838,215.2976,38.1411,5.7926,7.3076,-49.1273,9.82,6.4017,11.8422,0.9786,6.42,0.9018,-49.1273,6.4017,-140.4723,10.9435,17.169,-120.0,-10.9141,231.0722
2026-08-12 19:32:20,42.46903506666667,-82.81938114444443,18.7434,12.3065,308.1522,277.5991,12.2372,0.0,8.2963,0.3512,3.5122,2.0835,1.2613,3.2604,14.0218,10.0,0.0031,48.092,20.8287,66.5625,0.0,0.0,21.6132,-29.2718,12.538,-57.4993,214.0048,38.4093,6.5372,7.0118,-50.0,10.2043,6.5632,11.7218,1.0331,6.5592,0.9968,-50.0,6.5632,-141.9137,11.4889,17.7593,-120.0,-7.0677,227.3215
2026-08-12 19:32:30,42.46939063628131,-82.81995934632114,18.5652,12.909,308.8271,277.8932,9.7426,0.0,8.4157,0.0213,4.348,2.0618,1.224,3.2605,14.0218,10.0,0.0025,48.092,20.8287,66.8888,0.0,0.0,21.0582,-29.3067,11.6734,-62.0588,211.1663,38.4769,6.0433,7.2733,-49.0129,9.6833,6.3724,11.9593,1.0778,6.3609,0.9501,-49.0129,6.3724,-140.1686,10.8445,17.0641,-120.0,-12.9043,228.9109
2026-08-12 19:32:40,42.46977170785422,-82.82056717468134,18.4339,12.3745,311.6822,279.902,-18.141,0.0,6.9093,0.0655,5.1011,2.0423,1.1908,3.2606,14.0218,10.0,0.0025,48.092,20.8287,67.0909,0.0,0.0,19.3623,-29.9375,10.6487,-65.2051,211.7559,38.1755,5.3284,7.3,-46.0181,8.9386,6.1561,11.6631,1.0598,6.1716,0.8624,-46.0181,6.1561,-140.0,10.1159,16.1851,-120.0,-18.5618,234.0641
2026-08-12 19:32:50,42.4701689625,-82.8211929,18.2185,11.698,310.5431,278.5551,6.2524,0.0,6.5347,0.1593,5.8436,2.0237,1.1585,3.2607,14.0218,10.0,0.0026,48.092,20.8287,66.4391,0.0,0.0,18.9491,-29.4685,10.5161,-62.5473,211.5598,37.9842,5.2683,6.5649,-44.9122,8.5969,6.0806,11.2944,1.0304,6.082,0.8662,-44.9122,6.0806,-140.0,9.8618,15.8754,-120.0,-18.1945,233.8994
2026-08-12 19:33:00,42.47045465000001,-82.82170011999999,17.7986,10.0322,304.0464,272.5015,6.9282,0.0,4.8575,0.1814,6.5852,2.0076,1.1279,3.2608,14.0218,10.0,0.0024,48.092,20.8287,67.1897,0.0,0.0,17.9892,-25.9556,9.8824,-53.0889,211.9354,37.5332,6.0739,4.6125,-43.9729,8.3028,5.9757,9.7251,1.0605,5.9566,1.0211,-43.9729,5.9757,-139.6448,9.5595,15.4668,-120.0,-9.816,228.6926
2026-08-12 19:33:10,42.470748799999996,-82.82219793,17.3196,10.3132,314.1279,281.8487,35.269,0.0,4.9986,0.4981,7.2688,1.9931,1.0999,3.2609,14.0218,10.0,0.0025,48.092,20.8287,66.2115,0.0,0.0,16.5342,-31.8054,9.5228,-66.4566,212.2084,37.7397,4.3487,6.0217,-41.4256,7.7293,5.8232,10.6147,0.9689,5.8096,0.7512,-41.4256,5.8232,-139.8311,9.0194,14.8299,-120.0,-23.2754,239.311
2026-08-12 19:33:20,42.471072670000005,-82.82266459,16.9652,9.8222,309.9707,278.5826,-52.9978,0.0,5.5264,0.548,7.9464,1.9762,1.071,3.261,14.0218,10.0,0.0042,48.092,20.8287,67.7534,0.0,0.0,16.729,-34.8667,10.3102,-68.1523,208.7655,37.7498,3.6156,5.3226,-44.2689,8.4476,6.0367,11.6343,0.8561,6.0397,0.5989,-44.2689,6.0367,-140.0,9.714,15.6953,-120.0,-24.3495,235.1197
2026-08-12 19:33:30,42.47133771,-82.82317152999998,17.6673,9.3168,301.8978,271.9859,-1.5861,0.0,6.0955,0.6045,8.6447,1.9638,1.0441,3.2611,14.0218,10.0,0.0013,48.092,20.8287,66.7445,0.0,0.0,16.504,-31.1659,9.799,-60.7209,206.764,37.3567,4.5035,3.7526,-42.7316,8.0861,5.9318,10.6984,0.8724,5.9342,0.759,-42.7316,5.9318,-140.0,9.3607,15.2649,-120.0,-18.5996,229.9458
2026-08-12 19:33:40,42.4715604,-82.8236678222222,17.2277,9.4665,300.1594,269.6985,-22.9596,0.0,6.9928,0.8375,9.372,1.9536,1.0176,3.2612,14.0218,10.0,0.0039,48.092,20.8287,66.5134,0.0,0.0,17.0538,-29.0426,9.8906,-56.8934,206.7101,37.4851,5.1444,3.3624,-43.2956,8.2408,5.9703,10.3533,0.9244,5.9753,0.8615,-43.2956,5.9703,-140.0,9.4903,15.4228,-120.0,-14.2145,226.6655
2026-08-12 19:33:50,42.471763290839945,-82.82415593650988,17.7526,9.0583,297.7455,266.9877,-29.1742,0.0,7.6077,0.6762,10.1001,1.9448,0.9918,3.2612,14.0218,10.0,0.0045,48.092,20.8287,66.2618,0.0,0.0,18.2474,-26.5431,10.9232,-48.2984,210.5548,37.6203,5.8308,2.7536,-45.8155,8.7602,6.1423,9.4007,0.9673,6.1237,0.9515,-45.8155,6.1423,-140.0,10.0694,16.1283,-120.0,-3.681,221.5446
2026-08-12 19:34:00,42.47195344000001,-82.82467507999999,17.8379,8.963,295.0893,265.059,-9.1261,0.0,7.2729,0.8209,10.8313,1.9377,0.9669,3.2613,14.0218,10.0,0.0031,48.092,20.8287,66.2348,0.0,0.0,18.9072,-23.9296,11.334,-42.8801,212.8017,37.5156,6.3202,2.2671,-47.2509,8.7315,6.2412,8.9668,1.0426,6.1203,1.0327,-47.2509,6.2412,-140.0129,10.4024,16.5334,-120.0,3.0792,218.1037
2026-08-12 19:34:10,42.47212758,-82.82515532,17.8314,8.4276,298.9535,267.4943,-22.8717,0.0,8.0288,0.8075,11.4857,1.9317,0.9447,3.2614,14.0218,10.0,0.0069,48.092,20.8287,65.4367,0.0,0.0,18.3802,-24.9688,11.3527,-43.2865,216.0328,37.6432,6.0784,2.5569,-48.1097,9.164,6.2989,8.9574,0.9867,6.2324,0.9754,-48.1097,6.2989,-140.0,10.5966,16.7707,-120.0,6.578,218.8829
2026-08-12 19:34:20,42.47231902,-82.82564516,18.1277,8.7006,297.8842,267.4193,14.9654,0.0,7.1732,0.6974,12.1791,1.925,0.921,3.2615,14.0218,10.0,0.0047,48.092,20.8287,65.3285,0.0,0.0,18.2753,-24.1136,10.9816,-42.8815,215.399,37.664,6.2971,2.3335,-46.9218,8.8849,6.2178,8.69,1.0369,6.1613,1.022,-46.9218,6.2178,-140.0,10.3236,16.4381,-120.0,3.5774,220.3071
2026-08-12 19:34:30,42.47253937000001,-82.82612297,17.9364,9.5015,303.2396,272.4595,22.1208,0.0,8.2959,0.953,12.8452,1.9171,0.8976,3.2616,14.0218,10.0,0.0038,48.092,20.8287,64.7832,0.0,0.0,17.9675,-28.2491,10.6536,-53.0911,212.0988,37.8409,5.675,3.2563,-45.4388,8.7325,6.1166,9.9153,0.9561,6.1197,0.9273,-45.4388,6.1166,-140.0,9.9828,16.0229,-120.0,-6.1214,226.5451
2026-08-12 19:34:40,42.472804339999996,-82.82663167000001,17.9101,9.4976,307.7035,275.1104,39.6529,0.0,6.2454,0.6726,13.6124,1.9068,0.8701,3.2617,14.0218,10.0,0.0045,48.092,20.8287,65.5661,0.0,0.0,17.4571,-27.3799,10.0948,-52.6839,214.5075,37.7464,5.7273,3.7212,-43.9712,8.365,6.0164,9.6773,0.9795,6.0138,0.952,-43.9712,6.0164,-140.0,9.6455,15.6119,-120.0,-8.8692,230.559
2026-08-12 19:34:50,42.47306665555556,-82.8270468,18.2841,9.6531,311.6054,279.3881,-10.3824,0.0,8.5829,0.8829,14.2461,1.8963,0.8466,3.2618,14.0218,10.0,0.0048,48.092,20.8287,65.4064,0.0,0.0,17.5282,-32.1754,10.7748,-60.1886,214.4007,37.762,4.813,4.3042,-45.8052,8.7908,6.1416,10.9451,0.8621,6.1331,0.7853,-45.8052,6.1416,-140.0,10.067,16.1255,-120.0,-13.6679,233.1871
2026-08-12 19:35:00,42.47335588539699,-82.82751105376364,18.259,10.7728,305.9698,274.7797,-56.18,0.0,10.0945,0.6363,15.0232,1.884,0.8181,3.2619,15.0867,10.0,0.0034,48.092,20.5383,66.3752,0.0,0.0,19.9555,-31.0499,12.1141,-58.1633,212.1191,38.3273,5.4407,3.9464,-49.8533,9.9574,6.4573,11.7308,0.91,6.4423,0.8443,-49.8533,6.4573,-140.5584,11.1309,17.3929,-120.0,-9.0281,225.8782
2026-08-12 19:35:10,42.47362104050526,-82.828078494599,18.1594,9.8281,299.6197,268.8705,-19.8706,0.0,8.8919,0.4756,15.8883,1.8754,0.7888,3.262,15.0867,10.0,0.0045,48.092,20.5383,67.1539,0.0,0.0,19.6674,-26.3945,11.5604,-49.2815,211.6078,38.1122,6.4797,2.5308,-48.4995,9.564,6.3306,9.8341,1.0344,6.3279,1.0245,-48.4995,6.3306,-140.0723,10.7035,16.8972,-120.0,-1.8671,220.5435
2026-08-12 19:35:20,42.47385983,-82.82862162,18.1791,9.7659,302.1476,271.3803,30.5146,0.0,9.5159,0.7095,16.7652,1.8679,0.7596,3.2621,15.0867,10.0,0.0041,48.092,20.5383,66.3121,0.0,0.0,20.2631,-24.6846,12.0549,-44.5865,217.9242,38.058,6.8889,2.6925,-49.8585,9.9841,6.4403,8.9047,1.0979,6.4451,1.069,-49.8585,6.4403,-140.3117,11.0731,17.3352,-120.0,5.1093,221.3404
2026-08-12 19:35:30,42.474123989999995,-82.82913230999999,17.6148,9.9157,307.1003,274.667,47.5845,0.0,9.5732,0.6029,17.524,1.8599,0.7338,3.2622,15.0867,10.0,0.0021,48.092,20.5383,66.055,0.0,0.0,20.4196,-25.4564,12.3399,-45.3658,220.262,38.1961,6.6865,3.2573,-49.9688,10.1835,6.4896,9.4024,1.0395,6.5458,1.0215,-49.9688,6.4896,-140.9025,11.2398,17.5079,-120.0,4.9054,224.3668
2026-08-12 19:35:40,42.474419669999996,-82.82964551,16.729,10.7941,306.5977,274.9988,-23.2564,0.0,9.9813,0.5199,18.3628,1.85,0.7049,3.2623,15.0867,10.0,0.0045,48.092,20.5383,66.2001,0.0,0.0,20.7857,-27.7034,12.2483,-52.1187,216.0269,38.5489,6.7084,3.4752,-49.9242,10.0745,6.4898,10.4295,1.0395,6.4832,1.0346,-49.9242,6.4898,-140.9489,11.2406,17.5065,-120.0,-1.8437,225.266
2026-08-12 19:35:50,42.47472004,-82.83019924,15.9088,10.0224,307.7351,275.5131,46.8883,0.0,6.7942,0.3632,19.2455,1.841,0.6752,3.2624,15.0867,10.0,0.005,48.092,20.5383,66.6923,0.0,0.0,17.8977,-27.0989,10.1156,-53.9162,213.9007,37.9939,5.8879,3.0817,-45.062,8.6277,6.0942,10.0686,1.0061,6.0712,0.9691,-45.062,6.0942,-140.0475,9.9076,15.9288,-120.0,-9.5003,230.1076
2026-08-12 19:36:00,42.474997820000006,-82.83061991,15.5479,8.6481,313.9625,281.2616,-42.3695,0.0,7.0607,0.6882,19.9215,1.8323,0.6518,3.2625,15.0867,10.0,0.0044,48.092,20.5383,66.7744,0.0,0.0,16.6047,-30.0362,10.1148,-55.3634,220.6761,37.3877,5.0146,3.5541,-43.0721,8.1129,5.955,9.7777,0.8842,5.9356,0.8457,-43.0721,5.955,-140.0,9.4389,15.3602,-120.0,-11.2006,238.2088
2026-08-12 19:36:10,42.475221048191834,-82.83103023970845,15.876,8.4246,301.0085,270.4476,-7.7773,0.0,7.499,0.6337,20.6109,1.8254,0.6288,3.2626,15.0867,10.0,0.0059,48.092,20.5383,66.7437,0.0,0.0,18.7292,-26.2301,11.8486,-44.3973,218.4071,37.6323,5.531,1.5275,-48.9293,9.5973,6.392,9.8416,0.8856,6.3481,0.8715,-48.9293,6.392,-140.5259,10.9108,17.1264,-120.0,3.8195,222.1268
2026-08-12 19:36:20,42.47544647151624,-82.83148458800494,16.3156,9.4704,304.2354,273.3456,14.0664,0.0,8.6861,0.9673,21.4166,1.8196,0.6027,3.2627,15.0867,10.0,0.0033,48.092,20.5383,66.3763,0.0,0.0,20.2279,-24.916,12.3397,-43.6876,220.9815,37.967,,2.0279,-50.0,,6.4813,,,,,-50.0,6.4813,-140.755,11.2117,17.4812,-120.0,6.386,223.194
2026-08-12 19:36:30,42.47571318,-82.83199073,16.5978,10.1792,305.6208,273.5364,-6.1597,0.0,10.9009,0.5164,22.2453,1.8132,0.5757,3.2628,15.0867,10.0,0.0048,48.092,20.5383,66.0183,0.0,0.0,21.1264,-25.446,12.732,-45.4836,219.4521,38.2786,7.2324,2.2856,-50.0,10.2618,6.5874,9.1907,1.1278,6.5962,1.0964,-50.0,6.5874,-142.2566,11.5709,17.8416,-120.0,4.8242,223.5522
2026-08-12 19:36:40,42.47599777999999,-82.83254386,16.635,10.6659,304.3764,271.9064,-2.7743,0.0,10.1884,0.3294,23.1731,1.8069,0.5459,3.2629,15.0867,10.0,0.0046,48.092,20.5383,66.4567,0.0,0.0,21.8196,-24.4369,12.8977,-44.4592,218.5385,38.3923,7.5578,1.8499,-50.0,10.3371,6.6343,9.2838,1.1702,6.6446,1.1376,-50.0,6.6343,-142.9198,11.7296,18.0007,-120.0,5.1536,222.2356
2026-08-12 19:36:50,42.47624913,-82.83307451,16.1713,9.4062,302.159,270.292,2.6364,0.0,8.6675,0.1571,24.0454,1.8025,0.5183,3.263,15.0867,10.0,0.0036,48.092,20.5383,66.1792,0.0,0.0,19.9011,-23.9502,12.0203,-42.2381,218.6264,38.1497,,1.2088,-49.6621,,6.4799,,,,,-49.6621,6.4799,-141.0625,11.2076,17.4604,-120.0,7.4191,220.3008
2026-08-12 19:37:00,42.47648876666667,-82.83354235555555,16.0335,9.7678,303.0145,271.0067,-23.6265,0.0,10.0405,0.6481,24.8288,1.798,0.4934,3.2631,15.0867,10.0,0.0048,48.092,20.5383,66.0063,0.0,0.0,20.1243,-25.2439,12.0678,-45.3567,217.3917,38.3325,6.8601,1.4533,-49.6202,10.0015,6.4197,9.0172,1.088,6.4441,1.0646,-49.6202,6.4197,-140.2507,11.0037,17.2538,-120.0,4.8465,221.7206
2026-08-12 19:37:10,42.47673138286514,-82.83403467810885,15.7448,9.4976,306.7645,273.6789,30.9814,0.0,7.3581,0.6125,25.7046,1.7938,0.4659,3.2632,15.0867,10.0,0.0055,48.092,20.5383,65.6678,0.0,0.0,18.0709,-27.186,10.543,-51.5975,214.4188,37.9619,6.0431,1.7644,-45.3869,8.7597,6.113,9.4899,1.008,6.1222,0.9863,-45.3869,6.113,-140.0,9.9709,16.0083,-120.0,-5.4293,227.9934
2026-08-12 19:37:20,42.47699062235914,-82.83450140108269,15.3182,8.9533,304.8577,271.9051,-9.809,0.0,6.6701,0.6813,26.5138,1.789,0.4401,3.2632,15.0867,10.0,0.0035,48.092,20.5383,66.4056,0.0,0.0,17.3231,-30.6032,10.704,-55.5565,210.6588,37.7865,4.9871,1.2942,-45.6322,8.7608,6.1298,10.4449,0.8539,6.1268,0.8142,-45.6322,6.1298,-140.0,10.0273,16.077,-120.0,-10.2632,226.675
2026-08-12 19:37:30,42.47721034,-82.8349606,15.2854,8.7589,300.2161,268.4425,-55.6782,0.0,7.7046,0.6112,27.2851,1.7865,0.4162,3.2633,15.0867,10.0,0.0033,48.092,20.5383,66.7804,0.0,0.0,17.5655,-31.3156,11.085,-55.416,208.0029,37.6697,4.9236,0.4852,-47.0614,9.1234,6.2273,10.5565,0.82,6.2224,0.7913,-47.0614,6.2273,-140.0,10.3557,16.4772,-120.0,-8.3329,222.019
2026-08-12 19:37:40,42.47741764999999,-82.83546593000003,15.4703,8.7065,300.4522,267.8883,42.7396,0.0,5.8879,0.3317,28.0491,1.786,0.3928,3.2634,15.0867,10.0,0.0043,48.092,20.5383,66.4729,0.0,0.0,17.2738,-26.8753,10.2604,-49.633,210.6618,37.3671,5.5976,0.3394,-44.6996,8.537,6.0661,9.4426,0.9408,6.0626,0.9236,-44.6996,6.0661,-140.0,9.8129,15.8159,-120.0,-6.1244,222.8981
2026-08-12 19:37:50,42.47761817,-82.83587638000002,15.3281,7.4406,303.5467,270.8722,-33.0995,0.0,5.4049,0.3832,28.773,1.784,0.3704,3.2635,15.0867,10.0,0.0048,48.092,20.5383,66.6134,0.0,0.0,15.6219,-27.5914,9.757,-47.9135,215.5716,37.0305,4.8913,0.584,-42.5937,8.046,5.9224,8.7755,0.8383,5.9225,0.8259,-42.5937,5.9224,-140.0,9.329,15.2262,-120.0,-5.0997,228.2224
2026-08-12 19:38:00,42.47780105,-82.83627200999999,14.9836,7.0367,300.9255,268.5982,-1.7483,0.0,4.5384,0.3813,29.4102,1.783,0.3507,3.2636,15.0867,10.0,0.0059,48.092,20.5383,66.4941,0.0,0.0,15.5833,-26.5744,9.7814,-45.5363,214.6892,37.013,4.9188,0.1474,-42.4557,7.9853,5.9129,8.578,0.842,5.9038,0.8332,-42.4557,5.9129,-140.0,9.2973,15.1876,-120.0,-3.8287,226.1014
2026-08-12 19:38:10,42.47797154444444,-82.8366356111111,15.4167,7.6218,302.4753,270.7415,-2.534,0.0,6.261,0.5849,30.0355,1.782,0.3315,3.2637,15.0867,10.0,0.0028,48.092,20.5383,66.2101,0.0,0.0,16.9604,-26.0482,10.6229,-44.4944,218.1311,37.1184,5.0264,0.3091,-45.1429,8.1193,6.0964,8.3537,0.8544,5.9451,0.8455,-45.1429,6.0964,-140.0,9.9148,15.94,-120.0,1.0858,225.3951
2026-08-12 19:38:20,42.47814785900921,-82.83703746041047,15.3379,7.4449,298.2784,265.7506,-34.9703,0.0,5.4821,0.3727,30.7091,1.7819,0.3108,3.2638,15.0867,10.0,0.0033,48.092,20.5383,66.6578,0.0,0.0,17.202,-22.516,10.6694,-38.2448,218.1036,37.1975,,-0.2775,-45.6072,,6.128,,,,,-45.6072,6.128,-140.0,10.0215,16.07,-120.0,6.302,220.6431
2026-08-12 19:38:30,42.47828547164472,-82.83744035391462,14.9639,6.3933,292.6124,260.285,-23.9753,0.0,4.3607,-0.4086,31.3435,1.7841,0.2917,3.2639,15.0867,10.0,0.0057,48.092,20.5383,66.3589,0.0,0.0,16.2611,-18.7749,10.3586,-30.3587,219.3014,36.6669,,-0.9716,-44.6799,,6.0648,,,,,-44.6799,6.0648,-140.0,9.8084,15.8104,-120.0,13.7991,216.1939
2026-08-12 19:38:40,42.47840896,-82.83781945000001,15.1739,6.8618,295.1638,264.4007,25.1231,0.0,4.9377,-0.1913,31.9302,1.7865,0.2741,3.264,15.0867,10.0,0.0053,48.092,20.5383,65.6859,0.0,0.0,15.8955,-19.5934,9.77,-33.1541,220.7772,36.6486,,-0.8183,-42.9703,,5.9481,,,,,-42.9703,5.9481,-140.0,9.4155,15.3317,-120.0,10.7013,221.0371
2026-08-12 19:38:50,42.478569699999994,-82.83822094000001,15.514,7.8862,297.2161,265.9585,-31.5054,0.0,7.2828,0.1156,32.5308,1.7878,0.2557,3.2641,15.0867,10.0,0.0027,48.092,20.5383,65.7056,0.0,0.0,17.8567,-23.1075,11.1595,-38.9376,217.9875,37.178,5.6331,-0.6145,-46.3939,7.4778,6.1817,6.6116,1.0538,5.7283,0.9834,-46.3939,6.1817,-140.0,10.2023,16.2903,-120.0,7.8343,220.1727
2026-08-12 19:39:00,42.47873392000001,-82.83867673,15.7776,7.9784,295.9575,265.0938,50.1966,0.0,6.4381,-0.1741,33.2673,1.7905,0.2333,3.2642,15.0867,10.0,0.0041,48.092,20.5383,65.5648,0.0,0.0,18.3364,-23.2501,11.4904,-39.0551,215.8839,37.417,,-1.0482,-48.5756,,6.3307,,,,,-48.5756,6.3307,-140.0,10.7037,16.9012,-120.0,9.5529,215.7064
2026-08-12 19:39:10,42.47890728,-82.83910574000001,15.3642,7.7676,299.3916,267.6131,-11.1834,0.0,6.1845,0.0248,33.9486,1.7923,0.2124,3.2643,15.0867,10.0,0.0022,48.092,20.5383,65.5788,0.0,0.0,16.2391,-25.8818,9.8623,-46.0221,213.5119,37.2972,5.432,-0.6505,-42.8983,8.0265,5.9432,8.4646,0.9266,5.9162,0.9182,-42.8983,5.9432,-140.0,9.399,15.3115,-120.0,-2.1837,224.7133
2026-08-12 19:39:20,42.47909003,-82.83953368,15.4046,7.8317,302.3842,269.6982,57.3496,0.0,6.2661,-0.0383,34.6378,1.794,0.1911,3.2644,15.0867,10.0,0.0028,48.092,20.5383,65.3275,0.0,0.0,16.7366,-26.5727,10.3919,-46.138,214.4708,37.2464,5.1716,-0.3617,-44.8397,8.5736,6.0757,8.9742,0.8629,6.0755,0.851,-44.8397,6.0757,-140.0,9.8451,15.8551,-120.0,-0.8245,223.839
2026-08-12 19:39:30,42.47929384444444,-82.83994397777776,15.3182,9.0777,303.9541,272.6363,-50.9352,0.0,8.0589,0.407,35.3749,1.7944,0.1682,3.2645,15.0867,10.0,0.0041,48.092,20.5383,65.7204,0.0,0.0,17.2735,-30.041,10.5389,-55.1423,211.7824,37.4822,5.1035,-0.1961,-44.9142,8.637,6.0807,10.2147,0.8722,6.0909,0.8374,-44.9142,6.0807,-140.0,9.8623,15.876,-120.0,-10.0671,228.3471
2026-08-12 19:39:40,42.479519947940844,-82.840413896653,14.7977,8.8931,305.9446,272.7283,51.1907,0.0,6.2836,-0.0165,36.1946,1.7956,0.1427,3.2646,15.0867,10.0,0.0024,48.092,20.5383,65.6008,0.0,0.0,17.5133,-26.1005,10.2673,-48.6577,215.7724,37.5169,5.9267,-0.1549,-44.5741,8.53,6.0575,9.0828,0.99,6.0617,0.9776,-44.5741,6.0575,-140.0,9.7841,15.7807,-120.0,-4.3318,227.997
2026-08-12 19:39:50,42.47975877,-82.84084185,14.918,8.0216,311.1976,277.9226,26.1796,0.0,5.5162,-0.2706,36.9258,1.7953,0.1198,3.2647,15.0867,10.0,0.0033,48.092,20.5383,65.8174,0.0,0.0,15.9637,-27.6217,9.6344,-50.2361,220.5306,37.4169,5.1959,0.5618,-42.401,8.0473,5.9028,9.0436,0.8943,5.9208,0.8773,-42.401,5.9028,-139.9443,9.2711,15.1494,-120.0,-7.6814,235.5849
2026-08-12 19:40:00,42.480014520000005,-82.84120870000001,15.3718,7.5635,313.2767,280.1862,-13.4194,0.0,4.7013,-0.1615,37.596,1.793,0.0987,3.2648,14.8881,10.0,0.0023,48.092,20.7348,66.4312,0.0,0.0,15.982,-25.5611,9.7015,-45.4068,226.0601,37.1115,5.1603,0.8338,-42.2102,7.9971,5.8962,8.8435,0.8888,5.9011,0.8742,-42.2102,5.8962,-140.0,9.2408,15.1189,-120.0,-4.6459,238.1543
2026-08-12 19:40:10,42.480235089999994,-82.84153764999999,14.9902,6.7451,311.3,278.2629,-46.3416,0.0,4.7102,-0.6267,38.2591,1.7914,0.0779,3.2649,14.8881,10.0,0.0019,48.092,20.7348,66.5749,0.0,0.0,15.8567,-23.9646,10.1052,-39.748,229.6909,36.681,,0.3677,-42.9724,,5.9482,,,,,-42.9724,5.9482,-140.0,9.416,15.3323,-120.0,3.0125,235.6435
2026-08-12 19:40:20,42.48043626,-82.84187944,15.1345,7.4663,309.3216,277.1167,24.0445,0.0,6.6388,0.1569,38.865,1.7914,0.059,3.265,14.8881,10.0,0.0043,48.092,20.7348,66.0471,0.0,0.0,16.7191,-20.7526,10.1986,-35.6269,230.6046,37.0198,,-0.0145,-44.3491,,6.0422,,,,,-44.3491,6.0422,-140.0,9.7324,15.7177,-120.0,8.6805,232.578
2026-08-12 19:40:30,42.48066366,-82.84224812000001,15.1476,7.8531,311.0874,278.3518,-18.1479,0.0,6.7383,0.1146,39.5371,1.7912,0.038,3.2651,14.8881,10.0,0.0017,48.092,20.7348,66.6244,0.0,0.0,17.2838,-21.5542,10.3588,-37.8238,229.804,37.2565,,0.2086,-44.5133,,6.0534,,,,,-44.5133,6.0534,-140.0,9.7701,15.7637,-120.0,6.5953,233.9724
2026-08-12 19:40:40,42.48089045555556,-82.84259914444442,15.0886,7.8142,312.0282,278.8981,-50.9887,0.0,8.1286,0.0603,40.2411,1.7906,0.0159,3.2652,13.8411,10.0,0.0035,48.092,17.1975,66.8691,0.0,0.0,18.1727,-22.3608,11.3551,-37.5504,230.3895,37.3275,,0.2388,-47.2418,,6.2396,,,,,-47.2418,6.2396,-140.0,10.3972,16.5277,-120.0,10.0686,230.9046
2026-08-12 19:40:50,42.481117552041454,-82.8429661874354,14.8742,8.1427,307.9831,275.1849,20.6693,0.0,8.8106,0.4272,40.9082,1.7909,-0.0049,3.2653,13.8411,10.0,0.0041,48.092,17.1975,66.4146,0.0,0.0,18.6851,-22.6588,11.5989,-38.3995,227.1918,37.4456,,-0.4328,-48.7114,,6.3535,,,,,-48.7114,6.3535,-140.1927,10.781,16.9854,-120.0,10.3405,226.7008
2026-08-12 19:41:00,42.481374829217216,-82.84336792318297,15.257,8.1564,312.7433,278.8208,-7.8669,0.0,8.0756,0.0976,41.6504,1.791,-0.0281,3.2653,13.8411,10.0,0.003,48.092,17.1975,66.8244,0.0,0.0,17.3023,-25.5232,10.557,-44.9354,225.5334,37.4221,5.5285,0.0815,-45.5318,8.5079,6.1229,8.647,0.9236,6.0582,0.9124,-45.5318,6.1229,-140.0,10.0042,16.0489,-120.0,1.385,233.1924
2026-08-12 19:41:10,42.48153735,-82.84369407999999,14.8064,4.3434,264.3837,229.1472,-511.6051,0.0,3.0343,-0.7797,42.1981,1.7936,-0.0453,3.2654,13.8411,10.0,0.0057,48.092,17.1975,70.0097,0.0,0.0,14.5348,6.332,10.6363,6.0183,228.5841,1.1109,3.3822,-2.0964,-7.0639,8.3348,6.0687,8.7391,0.5671,6.005,0.5607,-7.0639,6.0687,-15.5556,9.8218,15.8267,-13.3333,4.951,226.4851
2026-08-12 19:41:20,42.48137663,-82.84390429999999,15.023,6.5877,218.6636,205.0796,-40.8664,0.0,-6.9031,0.348,42.2041,1.8072,-0.0459,3.2655,13.8411,10.0,0.0056,48.092,17.1975,68.4833,0.0,0.0,15.5304,29.5842,10.2708,48.1346,245.8341,-31.7626,4.3136,-6.5785,43.6744,8.3394,5.9961,8.9207,0.723,6.0049,0.7166,43.6744,5.9961,140.0,9.5773,15.5288,120.0,4.4977,248.4662
2026-08-12 19:41:30,42.481080680000005,-82.84420033999999,14.8917,8.4868,214.6495,200.6419,-2.7166,0.0,-6.0634,0.2499,42.133,1.8294,-0.0442,3.2656,13.8411,10.0,0.0019,48.092,17.1975,67.097,0.0,0.0,15.9011,27.6232,9.3047,52.4389,242.4423,-32.0462,5.1588,-8.3715,41.2951,7.7993,5.8337,9.171,0.911,5.8438,0.8829,41.2951,5.8337,140.0,9.0305,14.8626,120.0,10.7755,242.1315
2026-08-12 19:41:40,42.48075079,-82.84450478,14.7933,8.6132,213.1816,202.3046,-2.4905,0.0,-5.6589,0.0278,42.0377,1.8516,-0.0416,3.2657,13.8411,10.0,0.0067,48.092,17.1975,65.9893,0.0,0.0,15.9732,28.4803,9.3393,54.6716,249.2281,-32.1102,5.0423,-8.4897,41.2113,7.743,5.828,9.5154,0.9076,5.8264,0.8655,41.2113,5.828,140.0,9.0113,14.8392,120.0,13.0407,243.7577
2026-08-12 19:41:50,42.480430483346396,-82.84478337029928,14.486,7.995,212.3823,203.2001,12.6444,0.0,-4.3931,-0.3202,41.9204,1.875,-0.0383,3.2658,13.8411,10.0,0.0041,48.092,17.1975,64.8741,0.0,0.0,14.643,30.6318,8.7262,58.7992,256.1385,-32.1029,4.2369,-7.9743,40.1324,7.3854,5.6631,9.7617,0.8298,5.6492,0.7493,40.1324,5.6631,139.2057,8.57,14.2114,120.0,18.1248,242.8221
2026-08-12 19:42:00,42.48014194749412,-82.84504591356588,14.5702,7.5162,215.4309,208.158,28.992,0.0,-4.1494,-0.5866,41.8272,1.8968,-0.0357,3.2659,13.8411,10.0,0.0053,48.092,17.1975,64.4059,0.0,0.0,13.8145,31.6638,8.4007,59.7079,263.3125,-31.9447,3.7755,-7.4713,40.0,7.1927,5.506,9.6627,0.778,5.5099,0.6853,40.0,5.506,137.9176,8.2261,13.6462,120.0,19.9776,247.6249
2026-08-12 19:42:10,42.47984330999999,-82.84533192,13.8681,7.8376,214.4243,207.4215,-10.3008,0.0,-4.1271,-0.2388,41.7525,1.9186,-0.0336,3.266,13.8411,10.0,0.0047,48.092,17.1975,64.4429,0.0,0.0,13.799,34.3791,8.5635,65.5048,269.7269,-31.9139,3.33,-7.7279,40.0,7.2919,5.5859,10.0849,0.7746,5.586,0.5962,40.0,5.5859,138.6128,8.3953,13.9313,120.0,24.9913,247.5926
2026-08-12 19:42:20,42.47953377,-82.84560680000001,13.5138,7.8337,212.7862,207.3491,21.6358,0.0,-4.6236,-0.154,41.6608,1.939,-0.0309,3.2661,13.8411,10.0,0.0038,48.092,17.1975,64.0978,0.0,0.0,14.0156,33.0087,8.5813,62.8915,267.2241,-31.9161,3.5332,-7.7047,40.0,7.289,5.576,10.0015,0.7805,5.5837,0.6329,40.0,5.576,138.5263,8.3743,13.8958,120.0,22.7873,246.8906
2026-08-12 19:42:30,42.47920667000001,-82.84590320000001,13.9731,8.7317,215.0036,208.3276,11.2686,0.0,-4.9211,0.0129,41.566,1.9621,-0.028,3.2662,13.8411,10.0,0.0042,48.092,17.1975,64.0799,0.0,0.0,15.503,32.4736,9.398,62.3328,267.2698,-32.0268,4.0014,-8.5159,41.0791,7.7423,5.8078,10.5496,0.8233,5.8251,0.687,41.0791,5.8078,139.9024,8.9571,14.7621,120.0,21.5662,249.5823
2026-08-12 19:42:40,42.47885822,-82.84623024999999,14.3012,9.7289,214.7474,209.7039,2.987,0.0,-7.6153,0.1015,41.479,1.9871,-0.0253,3.2663,13.8411,10.0,0.0038,48.092,17.1975,63.9233,0.0,0.0,17.9168,29.5299,10.6118,56.2781,263.0699,-32.6776,5.3313,-9.5777,45.3119,8.7788,6.1079,10.5213,0.9172,6.1306,0.8687,45.3119,6.1079,140.0,9.9537,15.9873,120.0,11.5929,254.9449
2026-08-12 19:42:50,42.4784536,-82.84661404,14.7211,11.0449,215.5759,209.3857,-6.1585,0.0,-8.3576,-0.1935,41.386,2.0157,-0.0224,3.2664,13.8411,10.0,0.0033,48.092,17.1975,63.4097,0.0,0.0,19.0096,27.698,10.5583,56.8482,262.3497,-33.1396,6.09,-11.001,45.3502,8.6957,6.1105,10.4854,1.0491,6.1095,0.9969,45.3502,6.1105,140.0,9.9625,15.9981,120.0,11.0576,254.7681
2026-08-12 19:43:00,42.478045566666665,-82.84700558888889,14.5505,11.2568,215.4992,209.9909,7.71,0.0,-8.2595,-0.3605,41.2915,2.047,-0.0194,3.2665,13.8411,10.0,0.0057,48.092,17.1975,62.8155,0.0,0.0,18.475,28.3774,10.0604,60.8025,267.2519,-33.1984,5.5842,-11.3015,43.6197,8.2978,5.9924,10.8316,1.0464,5.9975,0.9311,43.6197,5.9924,140.0,9.5648,15.5135,120.0,16.5893,253.5049
2026-08-12 19:43:10,42.47763076271805,-82.8474162381806,14.3493,11.7486,215.926,210.3815,-2.3759,0.0,-8.995,-0.463,41.2079,2.0806,-0.0167,3.2666,13.8411,10.0,0.0044,48.092,17.1975,62.5913,0.0,0.0,18.4143,30.8469,10.3096,66.3817,273.6754,-33.3471,4.6419,-11.6829,44.3198,8.4552,6.0402,11.471,1.019,6.0433,0.768,44.3198,6.0402,140.0,9.7257,15.7096,120.0,21.9807,254.644
2026-08-12 19:43:20,42.47717585980281,-82.84786321237635,15.4539,12.0972,215.7995,210.2429,-0.7315,0.0,-8.8527,-0.4591,41.1242,2.1138,-0.0139,3.2667,13.8411,10.0,0.0032,48.092,17.1975,62.5342,0.0,0.0,18.4807,29.2929,9.9243,65.8943,272.9528,-33.5353,4.9873,-11.9469,43.2228,8.2014,5.9653,11.1298,1.082,5.9658,0.8354,43.2228,5.9653,140.0,9.4736,15.4024,120.0,22.2918,253.529
2026-08-12 19:43:30,42.47672978,-82.84831027,15.0689,11.2976,216.1804,208.9793,2.5031,0.0,-6.3414,-0.6519,41.0539,2.1464,-0.0115,3.2668,13.8411,10.0,0.0049,48.092,17.1975,62.0007,0.0,0.0,17.7973,26.487,9.2508,59.5774,263.1186,-33.5426,5.4073,-11.1899,41.1995,7.7424,5.8226,10.2299,1.1036,5.8226,0.9291,41.1995,5.8226,139.9598,8.9988,14.8194,120.0,19.6024,250.4703
2026-08-12 19:43:40,42.476346410000005,-82.84868528000001,14.9311,9.1322,216.7167,210.4078,1.2406,0.0,-5.7753,-0.4868,40.9854,2.1741,-0.0091,3.2669,13.8411,10.0,0.0055,48.092,17.1975,61.9279,0.0,0.0,17.9133,22.1103,10.0431,42.2205,247.7058,-33.478,6.5805,-9.1321,43.5793,8.0418,5.9896,8.5504,1.1232,5.9209,1.1115,43.5793,5.9896,140.0,9.5555,15.5022,120.0,-0.4919,253.8298
2026-08-12 19:43:50,42.47600514,-82.84901906,14.8261,8.8795,215.2436,211.3991,-14.5745,0.0,-6.9833,0.0414,40.9263,2.1992,-0.0069,3.267,13.8411,10.0,0.003,48.092,17.1975,62.2771,0.0,0.0,18.0169,22.6085,10.3412,42.0863,250.2947,-33.6448,6.7006,-8.9403,43.6968,7.495,5.9971,7.5867,1.1661,5.7415,1.167,43.6968,5.9971,139.9954,9.5814,15.5332,120.0,-1.7147,254.8809
2026-08-12 19:44:00,42.475650290000004,-82.84938002000001,14.9125,9.9408,217.0983,212.1739,10.862,0.0,-7.9095,0.0096,40.8791,2.225,-0.0052,3.2671,13.8411,10.0,0.0048,48.092,17.1975,62.4473,0.0,0.0,18.8728,23.2105,10.561,44.782,253.1723,-33.7641,6.9965,-9.9115,45.0981,8.6855,6.0933,8.5464,1.1632,6.1076,1.1455,45.0981,6.0933,140.0,9.9045,15.9275,120.0,-0.8031,257.0946
2026-08-12 19:44:10,42.47527769,-82.84977522999998,16.121,9.8339,218.6017,212.0215,11.1585,0.0,-7.0742,-0.1816,40.8438,2.2529,-0.0038,3.2672,13.8411,10.0,0.004,48.092,17.1975,62.0327,0.0,0.0,18.518,22.0261,10.0362,43.809,250.6757,-33.7634,7.1857,-9.877,43.5161,8.3979,5.9853,8.5767,1.2051,6.0268,1.1924,43.5161,5.9853,140.0,9.5409,15.4845,120.0,0.7189,255.401
2026-08-12 19:44:20,42.47497004444445,-82.85014233333334,16.1056,8.5296,225.8863,218.7446,44.9348,0.0,-5.6102,-0.3459,40.8489,2.2779,-0.0041,3.2673,13.8411,10.0,0.005,48.092,17.1975,61.8299,0.0,0.0,18.1218,20.5812,10.544,37.4255,251.0958,-33.668,,-8.5228,44.4018,,6.0458,,,,,44.4018,6.0458,140.0,9.7445,15.7325,120.0,-5.6748,262.1492
2026-08-12 19:44:30,42.474717433204496,-82.85049079814448,16.0203,7.9633,224.3614,217.4281,-24.7567,0.0,-5.5708,-0.0504,40.893,2.3001,-0.0059,3.2673,13.8411,10.0,0.0054,48.092,17.1975,62.47,0.0,0.0,18.0444,17.1872,10.6593,30.0316,242.6912,-33.6024,,-7.9441,45.8999,,6.148,,,,,45.8999,6.148,140.0,10.0888,16.152,120.0,-15.4154,263.8662
2026-08-12 19:44:40,42.47444044,-82.85081525999999,16.0608,8.17,214.4621,208.198,-116.0508,0.0,-7.0005,0.2977,40.8952,2.3207,-0.0061,3.2674,13.8411,10.0,0.0045,48.092,17.1975,63.4987,0.0,0.0,17.0785,20.4744,9.8993,38.0689,242.508,-33.5875,6.4135,-7.9075,43.2038,7.6198,5.9636,8.3308,1.1189,5.7859,1.1085,43.2038,5.9636,139.9964,9.4683,15.3956,120.0,-6.3731,252.1247
2026-08-12 19:44:50,42.474038039999996,-82.85108833999999,16.1778,10.3626,200.8939,194.5433,-56.636,0.0,-7.6946,0.4007,40.7339,2.347,0.0005,3.2675,13.8411,10.0,0.0044,48.092,17.1975,63.7101,0.0,0.0,17.4922,27.5961,9.6404,57.2971,247.811,-33.6954,5.7874,-9.7029,41.6534,7.8163,5.8582,9.7208,1.0566,5.8495,0.9901,41.6534,5.8582,140.0,9.1129,14.9629,120.0,14.0078,237.037
2026-08-12 19:45:00,42.47356896,-82.85129241000001,15.8825,10.5473,195.9762,191.0539,-9.382,0.0,-7.6971,0.1146,40.4522,2.3747,0.0122,3.2676,13.8411,10.0,0.0035,48.092,17.1975,63.278,0.0,0.0,16.5232,33.6381,9.6849,70.9432,259.7503,-33.6992,3.6873,-9.6915,42.4501,8.0101,5.9126,11.2403,0.9421,5.911,0.6231,42.4501,5.9126,140.0,9.296,15.186,120.0,26.9432,233.626
2026-08-12 19:45:10,42.47311607,-82.85147161,15.6726,9.83,197.7008,193.9579,18.0692,0.0,-7.8164,0.0977,40.1872,2.3994,0.0234,3.2677,13.7612,10.0,0.0028,48.092,17.1712,63.0889,0.0,0.0,16.2565,36.3929,10.1683,71.5908,264.0438,-33.7915,3.0987,-9.0991,43.6927,8.3031,5.9974,11.7089,0.8405,5.9993,0.5165,43.6927,5.9974,140.0,9.5815,15.534,120.0,27.979,237.3073
2026-08-12 19:45:20,42.47266309999999,-82.85168118,15.4757,10.3607,199.846,196.4422,-12.6351,0.0,-7.7907,0.1528,39.9432,2.4256,0.0339,3.2678,13.7612,10.0,0.0041,48.092,17.1712,62.967,0.0,0.0,16.5743,34.9701,10.0105,71.6528,266.8915,-34.0029,3.3277,-9.7817,43.8149,8.3164,6.0057,11.7087,0.8928,6.0027,0.5543,43.8149,6.0057,140.0,9.6096,15.5682,120.0,27.5155,240.2164
2026-08-12 19:45:30,42.47225805555556,-82.85188494444444,15.561,8.5665,198.7911,195.468,-29.7275,0.0,-5.0818,-0.1998,39.7192,2.4524,0.0439,3.2679,13.7612,10.0,0.0033,48.092,17.1712,62.418,0.0,0.0,14.3969,40.0806,9.5383,75.6781,270.4333,-33.5835,2.2913,-8.1039,41.6619,7.8408,5.8588,11.3992,0.7731,5.8581,0.3911,41.6619,5.8588,140.0,9.1148,14.9653,120.0,33.315,237.5696
2026-08-12 19:45:40,42.47193010040158,-82.85205250343276,15.3511,7.0717,206.0471,203.3153,99.7542,0.0,-3.9131,-0.152,39.5662,2.4713,0.0508,3.268,13.7612,10.0,0.0041,48.092,17.1712,62.4188,0.0,0.0,12.8082,46.0384,9.4007,79.3464,281.5444,-33.0333,1.2635,-6.8835,41.258,7.7626,5.8312,11.5752,0.621,5.8326,0.2164,41.258,5.8312,140.0,9.022,14.8522,120.0,38.5899,243.3101
2026-08-12 19:45:50,42.47164763862143,-82.85228118170815,15.4648,7.5529,212.9118,209.8637,-24.0341,0.0,-5.3362,0.137,39.4947,2.4912,0.0543,3.2681,13.7612,10.0,0.0065,48.092,17.1712,63.0193,0.0,0.0,14.2475,38.9902,9.6212,68.4282,277.4971,-33.077,2.5581,-7.3737,41.5754,7.8313,5.8529,11.083,0.6713,5.8548,0.4369,41.5754,5.8529,140.0,9.095,14.9411,120.0,28.5527,252.063
2026-08-12 19:46:00,42.471309070000004,-82.85253549,15.456,8.757,207.1185,204.4194,-0.7387,0.0,-6.9066,0.5144,39.3959,2.5147,0.0592,3.2682,13.7612,10.0,0.0039,48.092,17.1712,62.901,0.0,0.0,16.242,32.6535,10.0503,60.6571,263.7339,-33.5528,4.1887,-8.5414,43.6564,8.2884,5.9949,10.9066,0.7949,5.9948,0.699,43.6564,5.9949,140.0,9.5732,15.5238,120.0,17.4832,248.2167
2026-08-12 19:46:10,42.47092907,-82.8528115,15.4429,9.3868,208.9835,206.2965,15.8866,0.0,-7.8388,0.6974,39.2876,2.5389,0.0645,3.2683,13.7612,10.0,0.0038,48.092,17.1712,62.6034,0.0,0.0,16.8064,30.5136,9.9365,59.1869,263.7913,-33.6986,4.7692,-9.271,43.2011,8.1808,5.9638,10.6521,0.8813,5.9633,0.7997,43.2011,5.9638,140.0,9.4686,15.3963,120.0,16.2957,249.1367
2026-08-12 19:46:20,42.470556089999995,-82.85310831000001,15.2592,9.07,211.4398,207.8365,8.7663,0.0,-7.5721,0.7086,39.1947,2.5652,0.0694,3.2684,13.7612,10.0,0.005,48.092,17.1712,62.4133,0.0,0.0,16.7574,30.3287,10.0062,57.8586,263.8428,-33.8023,4.8597,-9.129,43.259,8.2012,5.9678,10.3894,0.8801,5.9682,0.814,43.259,5.9678,140.0,9.4819,15.4125,120.0,14.5926,251.0963
2026-08-12 19:46:30,42.47019386,-82.8534188,15.082,9.0758,211.9468,206.4066,-19.5629,0.0,-6.6491,0.6579,39.1294,2.5896,0.073,3.2685,13.7612,10.0,0.0032,48.092,17.1712,62.6477,0.0,0.0,16.7383,27.5108,9.6392,53.3443,256.5012,-33.8012,5.4333,-9.0873,42.3694,7.9978,5.9071,9.5433,0.9545,5.907,0.9198,42.3694,5.9071,140.0,9.2774,15.1634,120.0,10.9856,249.1596
2026-08-12 19:46:40,42.46983315555556,-82.8537034,14.8786,9.3596,206.9621,201.7629,-42.4256,0.0,-5.5875,0.55,39.0469,2.6143,0.0774,3.2686,13.7612,10.0,0.0046,48.092,17.1712,63.1812,0.0,0.0,16.0643,28.6782,9.0605,58.3395,257.6107,-33.7038,4.9248,-9.2084,40.4222,7.5766,5.7675,9.972,0.9361,5.7675,0.8538,40.4222,5.7675,139.9417,8.8158,14.5943,120.0,17.6976,243.132
2026-08-12 19:46:50,42.46945818770303,-82.8539353863031,14.6161,8.7823,202.0582,197.124,-8.6333,0.0,-5.3055,0.4961,38.9067,2.6395,0.0846,3.2687,13.7612,10.0,0.0048,48.092,17.1712,63.5925,0.0,0.0,15.8051,29.5459,9.2152,57.7978,252.254,-33.5343,4.7635,-8.5091,40.5681,7.6144,5.7841,9.8899,0.8959,5.7841,0.8235,40.5681,5.7841,140.0,8.8635,14.6591,120.0,16.8675,238.0828
2026-08-12 19:47:00,42.4690530432175,-82.85414913421037,14.7802,9.9157,201.9638,198.8787,13.9374,0.0,-7.6489,0.8564,38.7404,2.6637,0.0931,3.2688,13.7612,10.0,0.006,48.092,17.1712,63.4541,0.0,0.0,16.8217,31.1802,9.821,62.5314,259.7539,-33.721,4.5015,-9.378,42.507,8.0351,5.9164,10.7909,0.905,5.9164,0.7603,42.507,5.9164,140.0,9.309,15.202,120.0,20.0619,241.0315
2026-08-12 19:47:10,42.4686238,-82.85442900000001,14.7474,9.9972,208.1728,203.7065,40.0923,0.0,-7.0064,0.4353,38.5997,2.6919,0.1007,3.2689,13.7612,10.0,0.0059,48.092,17.1712,62.8075,0.0,0.0,17.1989,30.8089,10.0132,61.7639,263.1483,-33.81,4.6702,-9.9334,43.0834,8.1605,5.9558,10.8667,0.9248,5.9558,0.7839,43.0834,5.9558,140.0,9.4415,15.3634,120.0,19.1957,246.4744
2026-08-12 19:47:20,42.468200829999994,-82.85477278,14.8196,11.0935,211.744,208.4685,16.0314,0.0,-9.2094,0.5003,38.5159,2.7211,0.1057,3.269,13.7612,10.0,0.0044,48.092,17.1712,63.4597,0.0,0.0,18.6375,28.0722,10.2704,58.5939,264.6208,-34.0332,5.6796,-11.0533,44.2672,8.4359,6.0366,10.7047,1.0305,6.0366,0.9407,44.2672,6.0366,140.0,9.7136,15.6948,120.0,14.7016,252.5766
2026-08-12 19:47:30,42.46773208,-82.85515818,14.5768,12.2715,207.8055,202.633,-62.6846,0.0,-9.1551,0.2181,38.4352,2.7523,0.1108,3.2691,13.7612,10.0,0.0027,48.092,17.1712,63.5716,0.0,0.0,19.2236,26.8444,10.0161,60.3114,259.4061,-34.0958,6.1911,-12.0004,43.9056,8.3473,6.0119,10.6571,1.1379,6.0119,1.0295,43.9056,6.0119,140.0,9.6305,15.5936,120.0,15.3114,247.3568
2026-08-12 19:47:40,42.46722994444444,-82.85547392222223,14.3985,11.9391,203.0517,197.5653,-5.191,0.0,-7.5287,0.0239,38.2628,2.7875,0.1206,3.2692,13.7612,10.0,0.0036,48.092,17.1712,63.0944,0.0,0.0,17.4661,28.8333,9.0649,68.3984,262.3678,-34.106,4.483,-11.4811,40.6924,7.6247,5.7805,10.7316,1.1205,5.7805,0.7754,40.6924,5.7805,139.8944,8.8663,14.6506,120.0,27.4002,238.3336
2026-08-12 19:47:50,42.46679358860385,-82.85571451385786,13.9928,8.9125,200.7197,195.1345,18.5931,0.0,-3.7635,-0.0308,38.0974,2.8154,0.1299,3.2693,13.7612,10.0,0.0063,48.092,17.1712,62.4943,0.0,0.0,13.9327,31.7803,7.8127,69.1364,261.0823,-33.5439,3.3078,-8.6197,40.0,6.9174,5.299,9.617,0.9645,5.299,0.6257,40.0,5.299,136.1157,7.7876,12.9074,120.0,29.1013,235.0664
2026-08-12 19:48:00,42.46642969102494,-82.85590321734848,13.96,8.3177,201.9991,198.9319,12.3759,0.0,-5.074,0.4912,37.9648,2.8366,0.1374,3.2694,13.7612,10.0,0.005,48.092,17.1712,63.181,0.0,0.0,13.3261,38.193,8.547,74.8617,273.0858,-33.3503,2.2082,-7.943,40.0,7.2652,5.5655,10.4636,0.7883,5.5655,0.3972,40.0,5.5655,138.4346,8.3519,13.8582,120.0,34.3233,238.9865
2026-08-12 19:48:10,42.46606267999999,-82.85610385,14.0509,8.2008,202.6654,200.0657,5.678,0.0,-4.535,0.3396,37.8367,2.859,0.1449,3.2694,13.7612,10.0,0.0044,48.092,17.1712,62.6829,0.0,0.0,13.4501,37.4069,8.5235,73.5656,272.6651,-33.4391,2.2851,-8.0413,40.0,7.269,5.5684,10.4539,0.7921,5.5684,0.4107,40.0,5.5684,138.4598,8.3581,13.8685,120.0,33.9217,239.9263
2026-08-12 19:48:20,42.46573495,-82.85629502999998,13.8572,7.1008,202.7176,198.9581,-12.2835,0.0,-2.333,-0.2116,37.7275,2.8802,0.1515,3.2695,13.7612,10.0,0.0043,48.092,17.1712,62.8824,0.0,0.0,11.7988,35.9506,7.3469,70.7154,268.5326,-33.2516,2.3197,-6.8692,40.0,6.6998,5.1324,9.2858,0.7748,5.1324,0.4523,40.0,5.1324,134.6656,7.4347,12.3129,120.0,31.1147,239.2685
2026-08-12 19:48:30,42.46544362,-82.85645708999999,13.8244,6.8365,200.7535,198.7818,4.4542,0.0,-3.3175,0.204,37.6277,2.8983,0.1574,3.2696,13.7612,10.0,0.0045,48.092,17.1712,63.4133,0.0,0.0,13.0162,34.6724,8.3585,62.5416,260.6362,-33.1744,3.0706,-6.4261,40.1495,7.0881,5.4168,9.6332,0.7051,5.4168,0.5647,40.1495,5.4168,137.0522,8.0499,13.3333,120.0,23.0205,238.8376
2026-08-12 19:48:40,42.465126420000004,-82.85664159,13.8156,7.6918,205.8265,203.678,17.7594,0.0,-4.9651,0.5402,37.531,2.9174,0.1634,3.2697,13.7612,10.0,0.0052,48.092,17.1712,62.8978,0.0,0.0,15.8232,26.8311,9.6009,48.3362,250.833,-33.4121,4.7027,-7.5523,41.7756,7.7632,5.8435,9.1681,0.8442,5.8132,0.8078,41.7756,5.8435,139.8,9.0923,14.9152,120.0,8.5957,245.0774
2026-08-12 19:48:50,42.46479656,-82.85689070999999,13.9534,8.4343,211.7154,209.216,33.1485,0.0,-7.0651,0.9089,37.4637,2.9401,0.1681,3.2698,13.7612,10.0,0.004,48.092,17.1712,62.7026,0.0,0.0,16.7512,26.1704,9.9232,48.1415,255.9319,-33.6459,5.6097,-8.4175,43.2269,8.1877,5.9656,8.7737,0.9521,5.9654,0.9404,43.2269,5.9656,140.0,9.4745,15.4035,120.0,4.5102,252.0374
2026-08-12 19:49:00,42.46448796666667,-82.85718517777778,13.6253,8.1758,217.0479,212.0154,0.5558,0.0,-5.5398,0.5098,37.4458,2.962,0.1703,3.2699,13.7612,10.0,0.005,48.092,17.1712,62.3442,0.0,0.0,16.3568,22.7929,9.3541,42.6835,251.443,-33.7107,5.9515,-8.3392,41.7303,7.6691,5.8447,8.0757,1.0334,5.7858,1.0292,41.7303,5.8447,139.8374,9.091,14.9178,120.0,1.6284,253.7734
2026-08-12 19:49:10,42.46420883871771,-82.85747316801505,13.5619,7.8764,215.7157,210.83,-14.8755,0.0,-5.6548,0.3141,37.4436,2.9852,0.1717,3.27,13.7612,10.0,0.0035,48.092,17.1712,62.7531,0.0,0.0,16.3311,21.5393,9.4976,39.1606,246.8908,-33.7081,5.9551,-7.852,41.3096,7.389,5.8239,7.5348,1.0509,5.6603,1.0521,41.3096,5.8239,139.9058,9.011,14.8281,120.0,-1.6971,252.5398
2026-08-12 19:49:20,42.46389205746756,-82.85778017656054,13.3366,8.4149,215.7553,209.8726,-3.2005,0.0,-4.9333,0.4909,37.4283,3.009,0.1739,3.2701,13.7612,10.0,0.0062,48.092,17.1712,62.8016,0.0,0.0,17.0037,21.3211,9.6535,39.8457,245.6995,-33.3634,,-8.3939,42.4516,,5.9127,,,,,42.4516,5.9127,140.0,9.2963,15.1865,120.0,-2.8081,252.5508
2026-08-12 19:49:30,42.46357604,-82.85807793999999,12.9823,8.2376,212.603,206.89,-40.2499,0.0,-4.3767,0.5469,37.4081,3.0314,0.1762,3.2702,13.7612,10.0,0.0069,48.092,17.1712,63.4366,0.0,0.0,16.0579,21.9488,8.9862,41.9596,244.4913,-33.0256,6.1602,-8.1382,40.4118,7.4424,5.7484,7.739,1.0796,5.7012,1.0805,40.4118,5.7484,139.7821,8.7745,14.526,120.0,1.0269,247.5917
2026-08-12 19:49:40,42.46324509,-82.858349,12.7723,8.1855,209.3485,203.1973,-18.9703,0.0,-3.2884,0.2179,37.3638,3.053,0.1798,3.2703,13.7612,10.0,0.0067,48.092,17.1712,63.2052,0.0,0.0,15.4567,20.8419,8.3846,40.9945,239.057,-33.0277,6.1013,-8.0304,40.0,7.2418,5.5293,7.429,1.099,5.5475,1.0998,40.0,5.5293,138.1199,8.2754,13.7292,120.0,1.4847,243.368
2026-08-12 19:49:50,42.46292734000001,-82.85856704,12.5558,7.6859,205.8935,200.9423,-4.7879,0.0,-3.486,0.1805,37.2917,3.074,0.1849,3.2704,13.7612,10.0,0.0053,48.092,17.1712,63.7787,0.0,0.0,13.4887,23.8109,7.1675,49.4803,246.1463,-32.9875,5.0791,-7.4866,40.0,6.6161,5.0516,7.5266,1.0209,5.0682,1.002,40.0,5.0516,133.9623,7.2636,12.0245,120.0,8.6074,240.8702
2026-08-12 19:50:00,42.462589699999995,-82.85878988,12.0571,8.1175,206.7999,200.8789,-2.1998,0.0,-3.79,0.4258,37.2082,3.0964,0.1907,3.2705,13.7612,10.0,0.005,48.092,17.1712,63.397,0.0,0.0,14.0198,25.9676,7.6527,53.4892,250.2847,-32.9933,4.7588,-7.9653,40.0,6.8067,5.2213,8.4117,0.9699,5.2142,0.9127,40.0,5.2213,135.4396,7.6231,12.6302,120.0,13.9258,240.9671
2026-08-12 19:50:10,42.46226581,-82.85899634,12.2168,7.4469,205.1481,200.0339,22.0386,0.0,-3.488,0.3062,37.1237,3.1179,0.1967,3.2706,13.8002,10.0,0.0037,48.092,17.1411,63.641,0.0,0.0,13.6789,26.4698,7.7352,52.0377,248.4962,-33.0078,4.6282,-7.2986,40.0,6.8928,5.277,8.218,0.9093,5.2802,0.8766,40.0,5.277,135.9246,7.7411,12.8291,120.0,11.7608,239.7378
2026-08-12 19:50:20,42.46196412222222,-82.85921221111111,12.1621,8.1564,209.4258,205.2826,21.6903,0.0,-5.1003,0.4877,37.0657,3.1371,0.201,3.2707,13.8002,10.0,0.0049,48.092,17.1411,63.6547,0.0,0.0,13.8855,28.7839,7.8565,58.7524,261.5287,-33.0168,4.223,-7.9034,40.0,6.88,5.251,8.8619,0.9086,5.2704,0.8009,40.0,5.251,135.6984,7.6861,12.7363,120.0,18.0233,244.9214
2026-08-12 19:50:30,42.4616463352918,-82.85948754544292,12.582,8.2535,214.9331,209.6227,33.778,0.0,-4.4433,0.24,37.0307,3.1617,0.2045,3.2708,13.8002,10.0,0.0045,48.092,17.1411,62.6966,0.0,0.0,14.8485,28.7562,8.6074,56.1349,261.9617,-33.1937,4.512,-8.3272,40.0,7.2932,5.5813,9.401,0.878,5.5869,0.8078,40.0,5.5813,138.5727,8.3856,13.9148,120.0,17.0407,248.8314
2026-08-12 19:50:40,42.46135502,-82.85979553000001,12.5284,7.5149,220.0439,213.7718,22.4775,0.0,-4.9302,-0.0754,37.038,3.1836,0.2055,3.2709,13.8002,10.0,0.0036,48.092,17.1411,62.7207,0.0,0.0,15.2405,29.1757,9.4234,52.2107,262.7819,-34.0235,4.5659,-7.4931,41.4249,7.7196,5.7739,9.1866,0.8222,5.7748,0.7913,41.4249,5.7739,139.4025,8.9149,14.654,120.0,11.4248,254.9543
2026-08-12 19:50:50,42.46109353999999,-82.86008337000001,12.5361,6.9136,217.0861,210.6535,-27.4982,0.0,-3.3748,-0.5769,37.0506,3.2049,0.2062,3.271,13.8002,10.0,0.0049,48.092,17.1411,63.155,0.0,0.0,14.0159,32.2417,8.9792,56.6617,264.1413,-33.953,3.9247,-6.8671,40.9264,7.6401,5.7383,9.4372,0.7349,5.755,0.6801,40.9264,5.7383,139.3889,8.7971,14.5088,120.0,14.8504,251.7541
2026-08-12 19:51:00,42.460839269999994,-82.86034665,12.2113,6.8734,216.4039,208.4541,-27.0684,0.0,-1.6387,-0.4797,37.0521,3.2225,0.2072,3.2711,13.8002,10.0,0.0053,48.092,17.1411,62.8941,0.0,0.0,13.5963,37.2252,9.1424,64.1422,269.6662,-34.9005,3.0185,-6.8275,40.7005,7.5722,5.7589,10.4161,0.6589,5.7459,0.5252,40.7005,5.7589,139.7018,8.8213,14.5739,120.0,22.8221,249.5942
2026-08-12 19:51:10,42.46057763,-82.86057946999999,11.8941,6.6868,211.8489,204.601,-16.2212,0.0,-0.8,-0.4976,37.0308,3.2407,0.2096,3.2712,13.8002,10.0,0.0052,48.092,17.1411,62.9865,0.0,0.0,12.3683,40.5469,8.5086,71.0262,273.0938,-36.4288,2.2378,-6.5564,40.0,7.2692,5.5779,10.2851,0.6448,5.5685,0.4012,40.0,5.5779,138.543,8.3783,13.9026,120.0,30.234,244.9519
2026-08-12 19:51:20,42.46031335,-82.86079047000001,11.8012,6.2067,213.0366,206.7262,52.5372,0.0,-0.796,-0.6973,36.9958,3.2576,0.2127,3.2713,13.8002,10.0,0.0046,48.092,17.1411,62.4379,0.0,0.0,11.9673,41.3358,8.3747,70.9306,274.652,-36.4952,1.9554,-6.2982,40.0,7.2264,5.5246,10.2906,0.6135,5.5358,0.3538,40.0,5.5246,138.0794,8.2655,13.7126,120.0,31.5686,245.7105
2026-08-12 19:51:30,42.460133488888886,-82.86098542222221,11.729,4.3056,228.1472,222.2085,137.4629,0.0,-0.4097,-0.3573,36.9974,3.2724,0.2135,3.2714,13.8002,10.0,0.0046,48.092,17.1411,61.5457,0.0,0.0,10.6852,31.1962,7.3705,49.4432,267.9039,-33.2506,2.6227,-4.5207,40.0,6.7079,5.1306,8.128,0.5563,5.1386,0.5112,40.0,5.1306,134.6504,7.431,12.3067,120.0,12.1181,260.6168
2026-08-12 19:51:40,42.46008068418817,-82.86114655811171,11.7028,2.2685,254.9966,244.4084,67.8061,0.0,0.2568,-0.1229,37.0681,3.2802,0.21,3.2715,13.8002,10.0,0.0051,48.092,17.1411,61.5525,0.0,0.0,9.3428,-6.192,7.0667,-7.8677,233.0214,7.1374,,-1.918,-13.3333,,5.0478,,,,,-13.3333,5.0478,-44.996,7.2557,12.0113,-40.0,9.2535,230.0674
2026-08-12 19:51:50,42.460066666198735,-82.8612520205496,11.4294,1.454,255.2109,246.7129,0.0604,0.0,0.8237,-0.1343,37.1229,3.2836,0.2071,3.2715,13.8002,10.0,0.0035,48.092,17.1411,62.096,0.0,0.0,7.2876,-8.9847,5.8544,-11.1932,233.463,9.5161,,-1.1517,-40.0,,4.495,,,,,-40.0,4.495,-130.111,6.1701,10.1876,-120.0,29.0281,206.6928
2026-08-12 19:52:00,42.46005691,-82.86132093,11.2817,0.9525,261.3388,249.6211,59.0858,0.0,0.6557,-0.1372,37.1569,3.2858,0.2053,3.2716,13.8002,10.0,0.005,48.092,17.1411,62.1053,0.0,0.0,7.3633,-9.171,6.3728,-10.7411,237.2862,14.1772,,-0.7826,-40.0,,4.72,,,,,-40.0,4.72,-131.0772,6.5615,10.8416,-120.0,28.3314,209.39
2026-08-12 19:52:10,42.46006486,-82.86136862000001,11.1844,0.8378,275.9067,259.5514,71.4012,0.0,0.6642,-0.1416,37.1916,3.2867,0.2033,3.2717,13.8002,10.0,0.0041,48.092,17.1411,62.318,0.0,0.0,7.0175,-3.8041,6.1688,-4.3445,252.3851,18.4794,,-0.4074,-40.0,,4.6738,,,,,-40.0,4.6738,-130.9031,6.4831,10.7109,-120.0,36.0627,218.7935
2026-08-12 19:52:20,42.460079709999995,-82.8614181,11.3637,0.9486,294.2528,267.469,47.0616,0.0,0.8567,0.1106,37.2323,3.2874,0.201,3.2718,13.8002,10.0,0.0033,48.092,17.1411,62.348,0.0,0.0,7.1148,-16.5163,6.2654,-18.966,244.8586,25.3493,,-0.1887,-40.0,,4.6248,,,,,-40.0,4.6248,-130.5748,6.3878,10.5509,-120.0,23.3056,226.4089
2026-08-12 19:52:30,42.46011065555555,-82.86150191111112,11.3484,1.8583,302.7973,269.2511,-25.591,0.0,0.8928,0.6592,37.3056,3.2882,0.1969,3.2719,13.8002,10.0,0.0034,48.092,17.1411,63.2476,0.0,0.0,10.1515,-33.8148,8.6526,-40.8036,224.8457,31.4926,1.4037,-0.1515,-40.0,7.2642,5.5677,7.2241,0.2547,5.5647,0.2521,-40.0,5.5677,-138.4543,8.3567,13.8663,-120.0,-0.214,229.288
2026-08-12 19:52:40,42.4601505577246,-82.86161133381522,11.3025,1.8739,292.9298,258.9147,-43.9783,0.0,0.4208,0.5299,37.3986,3.2892,0.1916,3.272,13.8002,10.0,0.0036,48.092,17.1411,64.266,0.0,0.0,11.5233,-27.4706,9.8819,-32.7127,222.5631,30.7517,,-0.4411,-41.9283,,5.8769,,,,,-41.9283,5.8769,-140.0,9.1761,15.0399,-120.0,7.2368,217.8953
2026-08-12 19:52:50,42.46018292545041,-82.86170510993978,11.1669,1.2363,297.2723,257.2808,8.9339,0.0,0.3896,0.608,37.4761,3.2901,0.1872,3.2721,13.8002,10.0,0.0031,48.092,17.1411,64.3092,0.0,0.0,10.7028,-21.4813,9.527,-24.2914,229.4027,28.7271,,-0.2668,-42.6206,,5.921,,,,,-42.6206,5.921,-139.9719,9.3283,15.2223,-120.0,17.9015,214.3717
2026-08-12 19:53:00,42.460211619999995,-82.8617662,11.1188,0.959,305.7761,259.3813,18.5107,0.0,0.6925,0.7211,37.5311,3.2904,0.1841,3.2722,13.8002,10.0,0.0025,48.092,17.1411,64.2864,0.0,0.0,9.7455,-20.0162,8.841,-22.1971,233.8615,27.2297,,-0.0494,-40.1368,,5.7152,,,,,-40.1368,5.7152,-139.6565,8.6808,14.3975,-120.0,16.5702,219.0939
2026-08-12 19:53:10,42.460231269999994,-82.86181352,11.0663,0.6784,308.1728,261.5744,10.5932,0.0,0.762,0.8454,37.5727,3.2908,0.1817,3.2723,13.8002,10.0,0.0045,48.092,17.1411,64.4531,0.0,0.0,7.8623,-13.5789,7.2294,-14.7989,243.6171,23.2796,,0.0133,-40.0,,5.1042,,,,,-40.0,5.1042,-134.4207,7.3751,12.2125,-120.0,25.7072,221.4038
2026-08-12 19:53:20,42.4602498,-82.86184154000001,10.9875,0.5559,313.9837,261.3648,-6.047,0.0,0.8932,0.8788,37.5986,3.2906,0.1802,3.2724,13.8002,10.0,0.0032,48.092,17.1411,64.2588,0.0,0.0,7.6476,-17.8417,7.1097,-19.2326,239.4645,23.9524,,0.0645,-40.0,,5.0124,,,,,-40.0,5.0124,-133.6215,7.1806,11.8848,-120.0,21.385,221.4215
2026-08-12 19:53:30,42.460274729999995,-82.86187824000001,10.8169,0.7484,309.1176,259.1497,-27.1874,0.0,0.7068,0.9857,37.6346,3.2904,0.1781,3.2725,13.8002,10.0,0.0023,48.092,17.1411,64.8212,0.0,0.0,7.2333,-16.7109,6.5659,-18.4217,237.1635,19.3319,,0.0189,-40.0,,4.8588,,,,,-40.0,4.8588,-132.3316,6.8593,11.3437,-120.0,20.8164,219.3178
2026-08-12 19:53:40,42.46029188,-82.86193021,10.6529,1.1158,299.9847,258.9958,9.8852,0.0,0.8852,0.9063,37.6767,3.291,0.1758,3.2726,13.8002,10.0,0.0048,48.092,17.1411,64.8024,0.0,0.0,7.9796,-32.0581,7.0787,-36.7767,219.3793,26.651,0.9067,-0.1445,-40.0,6.6779,4.9077,6.5453,0.1788,5.1155,0.1769,-40.0,4.9077,-132.8531,6.9712,11.5327,-120.0,5.7913,219.0151
2026-08-12 19:53:50,42.460315433333335,-82.86202598888889,10.8432,1.8078,292.6084,257.4425,-54.6235,0.0,1.0964,0.9528,37.7542,3.2925,0.1714,3.2727,13.8002,10.0,0.0045,48.092,17.1411,65.05,0.0,0.0,9.544,-28.4905,7.9284,-35.0128,218.3255,23.0826,1.394,-0.4639,-40.0,7.0154,5.3429,7.1262,0.26,5.3741,0.2598,-40.0,5.3429,-136.4975,7.8805,13.064,-120.0,3.5192,218.293
2026-08-12 19:54:00,42.46033557033804,-82.86211767400133,11.2481,1.4715,279.832,250.6551,7.1276,0.0,0.6618,0.7964,37.8242,3.2941,0.1674,3.2728,13.8002,10.0,0.0041,48.092,17.1411,64.7648,0.0,0.0,9.0375,-26.6485,7.7302,-31.6272,215.484,13.7455,,-0.6968,-40.0,,5.2335,,,,,-40.0,5.2335,-135.5452,7.6488,12.6735,-120.0,9.3263,210.7793
2026-08-12 19:54:10,42.46035522,-82.8621984,11.2325,1.3121,289.5408,256.293,22.7544,0.0,0.7371,0.9074,37.8817,3.2953,0.1642,3.2729,13.8002,10.0,0.0025,48.092,17.1411,64.3217,0.0,0.0,9.8747,-27.3313,8.7292,-31.2938,221.8549,11.282,,-0.4451,-40.2935,,5.6143,,,,,-40.2935,5.6143,-138.6854,8.4804,14.0432,-120.0,8.7178,215.6418
2026-08-12 19:54:20,42.46037993,-82.86228863999999,11.2762,1.3607,291.8832,256.4898,-8.2158,0.0,0.7698,0.8206,37.9534,3.2966,0.1601,3.273,13.8002,10.0,0.0034,48.092,17.1411,63.9857,0.0,0.0,10.3834,-34.896,9.3175,-39.6129,214.5354,17.1158,,-0.3671,-41.0097,,5.8142,,,,,-41.0097,5.8142,-140.0,8.9649,14.7827,-120.0,1.3465,215.65
2026-08-12 19:54:30,42.46040885,-82.86237621000001,11.145,1.2907,295.9665,257.9697,23.4714,0.0,0.6448,0.8732,38.0225,3.2976,0.1562,3.2731,13.8002,10.0,0.0027,48.092,17.1411,63.8676,0.0,0.0,10.3204,-30.2271,9.225,-34.3013,220.5822,16.2599,,-0.2802,-40.9512,,5.7612,,,,,-40.9512,5.7612,-139.5729,8.8476,14.5912,-120.0,5.9205,216.6568
2026-08-12 19:54:40,42.460430439999996,-82.86244231,10.7841,1.106,294.3038,257.2832,-5.6883,0.0,0.7639,0.6628,38.079,3.2984,0.153,3.2732,13.8002,10.0,0.0027,48.092,17.1411,63.9818,0.0,0.0,10.6447,-26.8112,9.6658,-29.7888,224.8243,13.8372,,-0.2717,-42.3228,,5.9039,,,,,-42.3228,5.9039,-140.0,9.2667,15.1504,-120.0,12.2767,215.0591
2026-08-12 19:54:50,42.46044814,-82.86249164,10.5741,0.8086,303.9828,260.3724,27.6467,0.0,0.6155,0.6344,38.1212,3.2989,0.1506,3.2733,13.8002,10.0,0.0041,48.092,17.1411,63.8984,0.0,0.0,10.2794,-29.2981,9.5573,-31.7508,226.1637,13.0536,,-0.0627,-41.9596,,5.8791,,,,,-41.9596,5.8791,-140.0,9.1832,15.0487,-120.0,10.9062,217.8714
2026-08-12 19:55:00,42.46047032,-82.86251739,11.0138,0.8047,323.6558,267.1628,41.6029,0.0,0.7267,0.7047,38.1511,3.2986,0.1489,3.2734,13.8002,10.0,0.0039,48.092,17.1411,63.7739,0.0,0.0,10.3807,-37.8415,9.7808,-40.6399,225.0043,13.2267,0.5992,0.2052,-42.0961,7.3512,5.8413,6.9657,0.1096,5.6313,0.1064,-42.0961,5.8413,-139.59,9.1148,14.9188,-120.0,2.435,224.293
2026-08-12 19:55:10,42.46050160967589,-82.86251770833185,11.1056,0.7717,344.9745,272.2875,53.3836,0.0,0.6878,0.659,38.1716,3.297,0.1476,3.2735,14.0726,10.0,0.003,48.092,17.1832,64.3138,0.0,0.0,10.5727,-38.3167,9.9851,-41.0331,229.7238,13.3934,,0.4727,-43.8678,,6.0093,,,,,-43.8678,6.0093,-140.0,9.6218,15.583,-120.0,2.5614,227.8629
2026-08-12 19:55:20,42.460534885402254,-82.8625109028722,11.1778,1.2907,334.7025,279.5208,-34.967,0.0,0.7672,1.5488,38.194,3.2953,0.1462,3.2735,14.0726,10.0,0.0023,48.092,17.1832,65.0214,0.0,0.0,8.8035,-29.8982,7.7995,-34.2745,241.5562,13.4403,0.5453,0.3622,-40.0496,7.4984,5.3599,6.9189,0.0987,5.7441,0.0949,-40.0496,5.3599,-136.6159,7.9208,13.1264,-120.0,5.233,239.2016
2026-08-12 19:55:30,42.460629170000004,-82.86268991,11.0138,5.4875,302.6375,275.528,25.0379,0.0,0.2141,2.2904,38.3827,3.296,0.1354,3.2736,14.0726,10.0,0.0029,48.092,17.1832,64.513,0.0,0.0,11.593,-22.9831,7.1859,-39.0241,227.5993,13.4253,4.2887,-0.513,-40.0,6.584,4.9559,6.5534,0.8578,5.0436,0.8471,-40.0,4.9559,-133.1294,7.0609,11.683,-120.0,2.2051,235.446
2026-08-12 19:55:40,42.460811670000005,-82.8630355,10.7579,7.4384,309.6824,279.0399,29.1959,0.0,0.0177,1.8159,38.6862,3.2968,0.118,3.2737,14.0726,10.0,0.0019,48.092,17.1832,65.1522,0.0,0.0,14.3796,-26.2206,8.4195,-49.2281,221.8517,13.406,4.8068,0.0405,-40.1079,7.1099,5.5067,8.2221,0.9045,5.4465,0.8832,-40.1079,5.5067,-137.8596,8.2368,13.6526,-120.0,-8.0383,238.5383
2026-08-12 19:55:50,42.461046980000006,-82.86337866,10.4167,7.4682,311.7274,280.524,-1.6986,0.0,0.2264,1.7752,39.0402,3.2954,0.0976,3.2738,14.0726,10.0,0.0019,48.092,17.1832,65.6725,0.0,0.0,14.596,-29.9288,8.9248,-54.7405,219.7494,13.0217,4.3829,0.3517,-40.237,7.5112,5.7161,9.3138,0.8052,5.7318,0.7645,-40.237,5.7161,-139.6046,8.6912,14.4043,-120.0,-14.1323,240.3745
2026-08-12 19:56:00,42.46129088000001,-82.86373046,10.5873,7.581,309.8349,278.7148,-5.4404,0.0,0.263,1.8082,39.4143,3.2939,0.076,3.2739,14.0726,10.0,0.0028,48.092,17.1832,65.8873,0.0,0.0,13.7424,-29.5159,8.0647,-57.1097,215.9168,12.201,4.139,0.0564,-40.0,7.066,5.4114,9.1006,0.8325,5.4129,0.7648,-40.0,5.4114,-137.0935,8.0256,13.3083,-120.0,-16.7976,238.7949
2026-08-12 19:56:10,42.461508359999996,-82.86408991000002,10.3511,7.5615,308.9726,277.0945,-36.4178,0.0,0.5826,1.6992,39.7745,3.2939,0.0553,3.274,14.0726,10.0,0.0036,48.092,17.1832,66.2033,0.0,0.0,13.6892,-29.9092,8.0923,-57.66,213.9625,12.4537,3.9255,-0.1047,-40.0,7.0292,5.3827,9.2308,0.8183,5.3847,0.7287,-40.0,5.3827,-136.8445,7.965,13.2063,-120.0,-18.8188,237.669
2026-08-12 19:56:20,42.46168026666667,-82.86445994444446,10.3707,7.5324,298.7465,269.7717,-24.5547,0.0,0.5995,1.6588,40.1066,3.2965,0.0362,3.2741,14.0726,10.0,0.0023,48.092,17.1832,65.816,0.0,0.0,13.6491,-18.7834,6.9911,-38.9536,218.5524,7.3634,5.4806,-1.452,-40.0,6.5687,5.0246,6.7878,1.1158,5.0319,1.0912,-40.0,5.0246,-133.7274,7.2064,11.9282,-120.0,-0.8067,230.4123
2026-08-12 19:56:30,42.46184181122339,-82.86485548619545,9.9038,7.4993,299.0307,269.9681,21.2961,0.0,0.3924,1.7424,40.4685,3.3007,0.0154,3.2742,14.0726,10.0,0.0029,48.092,17.1832,65.3492,0.0,0.0,14.1177,-23.2087,7.8292,-45.2394,214.7346,5.0803,5.3482,-1.4976,-40.0,6.8708,5.2631,7.3524,1.0226,5.2634,1.0185,-40.0,5.2631,-135.8029,7.7115,12.7792,-120.0,-4.1664,229.5296
2026-08-12 19:56:40,42.46201456763563,-82.8652713442361,8.6188,7.3983,303.4081,273.5177,33.366,0.0,0.2423,1.9687,40.816,3.3047,-0.0046,3.2743,14.0726,10.0,0.0035,48.092,17.1832,65.0481,0.0,0.0,13.5712,-27.6217,7.8327,-53.511,212.7802,5.8189,4.4093,-1.0026,-40.0,6.9443,5.3389,8.471,0.8712,5.3197,0.8287,-40.0,5.3389,-136.4634,7.8722,13.05,-120.0,-13.1379,232.8765
2026-08-12 19:56:50,42.46221778,-82.86564410999999,10.4364,7.3758,312.1601,281.2565,49.5689,0.0,0.107,2.1219,41.1698,3.3062,-0.0251,3.2744,14.0726,10.0,0.0017,48.092,17.1832,64.9916,0.0,0.0,13.0491,-28.3921,7.4346,-56.6733,218.455,5.8387,4.1225,0.0854,-40.0,6.7386,5.1573,8.5187,0.8664,5.1621,0.7985,-40.0,5.1573,-134.8824,7.4875,12.4018,-120.0,-16.0049,240.5835
2026-08-12 19:57:00,42.46247317000001,-82.86596842,10.4692,7.478,318.9054,286.7677,24.125,0.0,0.4218,2.1176,41.5236,3.3042,-0.0455,3.2745,14.0726,10.0,0.0031,48.092,17.1832,65.9779,0.0,0.0,13.4954,-33.3065,8.3413,-62.8585,220.0192,5.8853,3.4211,0.9357,-40.1721,7.0774,5.4381,9.6189,0.7781,5.4112,0.6339,-40.1721,5.4381,-137.2242,8.0969,13.4101,-120.0,-22.589,246.2605
2026-08-12 19:57:10,42.4627391,-82.86626612,10.6091,7.3905,321.0666,288.8034,3.8679,0.0,0.5292,2.1192,41.889,3.3009,-0.0665,3.2746,14.0726,10.0,0.0016,48.092,17.1832,66.6041,0.0,0.0,12.2818,-35.1575,7.5576,-71.184,216.8586,6.1526,2.6281,1.1935,-40.2394,6.9254,5.3058,9.5037,0.796,5.2844,0.4905,-40.2394,5.3058,-136.0327,7.8225,12.9405,-120.0,-28.6068,248.4347
2026-08-12 19:57:20,42.46301258,-82.86656248,10.6266,7.4488,322.2401,289.862,-3.3762,0.0,0.566,2.0402,42.2275,3.2977,-0.0859,3.2747,14.0726,10.0,0.0025,48.092,17.1832,67.0845,0.0,0.0,11.7449,-37.3097,7.3614,-75.5466,215.0046,7.6512,1.8149,1.3229,-40.0,6.6359,5.0524,9.2578,0.8124,5.0834,0.356,-40.0,5.0524,-133.9692,7.2653,12.0274,-120.0,-36.175,249.817
2026-08-12 19:57:30,42.46329,-82.86686487,10.6529,7.7695,320.6977,288.5698,-2.55,0.0,0.6809,1.9569,42.5674,3.2947,-0.1054,3.2748,14.0726,10.0,0.002,48.092,17.1832,67.097,0.0,0.0,11.6475,-37.7025,7.29,-77.8097,212.2165,8.6564,1.6678,1.1001,-40.0,6.6567,5.1051,9.3463,0.8229,5.0993,0.3274,-40.0,5.1051,-134.4281,7.3769,12.2155,-120.0,-37.4782,248.6386
2026-08-12 19:57:40,42.4635648682067,-82.86716885999765,10.8235,7.651,320.4891,287.8682,-1.7086,0.0,0.6472,1.7837,42.9523,3.2915,-0.1274,3.2749,14.0726,10.0,0.003,48.092,17.1832,67.2359,0.0,0.0,11.43,-36.8918,7.0138,-78.5539,211.1736,8.663,1.4197,1.0059,-40.0,6.5862,5.0278,9.2512,0.841,5.0453,0.2831,-40.0,5.0278,-133.7556,7.2133,11.9398,-120.0,-39.2352,247.9155
2026-08-12 19:57:50,42.463837579999996,-82.86746300000001,10.9744,7.7322,319.9702,287.954,-0.8457,0.0,0.657,1.7992,43.3324,3.2883,-0.1491,3.275,14.0726,10.0,0.003,48.092,17.1832,67.3545,0.0,0.0,11.3132,-25.2614,5.4426,-62.7861,220.3719,9.236,3.3328,0.9693,-40.0,5.4951,4.1684,7.2002,1.0743,4.2095,0.7928,-40.0,4.1684,-130.0,5.713,9.432,-120.0,-24.2846,248.0477
2026-08-12 19:58:00,42.46411961,-82.86777699,11.1056,7.7423,320.3619,289.1189,-5.408,0.0,0.5481,1.8361,43.6976,3.2857,-0.1699,3.2751,14.0726,10.0,0.002,48.092,17.1832,67.2212,0.0,0.0,11.1924,-23.7172,5.1822,-60.6996,222.3756,10.8604,3.7879,0.9101,-40.0,5.219,4.0373,6.7291,1.1475,3.998,0.9482,-40.0,4.0373,-130.0,5.5332,9.1352,-120.0,-20.2739,249.0341
2026-08-12 19:58:10,42.464386260000005,-82.86808674,11.2238,7.5965,317.4221,286.7142,2.9986,0.0,0.9307,1.8139,44.0689,3.2837,-0.191,3.2752,14.0726,10.0,0.0022,48.092,17.1832,67.2869,0.0,0.0,10.5736,-29.1374,5.4295,-73.0118,213.2017,11.5295,2.4027,0.4698,-40.0,5.4695,4.1457,7.2579,1.0573,4.1899,0.5688,-40.0,4.1457,-130.1304,5.6931,9.4002,-120.0,-31.535,246.8751
2026-08-12 19:58:20,42.464650590000005,-82.86842924999999,11.2434,7.614,315.4201,284.6563,-13.7044,0.0,0.784,1.9694,44.4425,3.2829,-0.2124,3.2753,14.0726,10.0,0.0019,48.092,17.1832,67.1013,0.0,0.0,10.2017,-28.8306,5.0902,-75.2402,209.8328,10.8712,1.8484,0.1427,-40.0,5.0905,3.9056,6.7873,1.1267,3.8995,0.4732,-40.0,3.9056,-130.0,5.3527,8.8372,-120.0,-35.9251,244.9812
2026-08-12 19:58:30,42.46489365555556,-82.86876331111112,11.3419,7.5576,314.5836,283.0914,-6.3603,0.0,-0.0756,1.9164,44.8234,3.2828,-0.2341,3.2754,14.0726,10.0,0.0021,48.092,17.1832,67.031,0.0,0.0,11.0078,-26.7713,5.4458,-65.7276,213.7477,9.8525,2.9641,-0.0601,-40.0,5.3793,4.0985,7.1054,1.0702,4.1208,0.717,-40.0,4.0985,-130.0,5.6171,9.2737,-120.0,-27.3077,243.3353
2026-08-12 19:58:40,42.46513663175322,-82.86908950923404,11.4797,7.6743,314.8827,283.3475,-1.6043,0.0,-0.0401,1.9313,45.183,3.2828,-0.2547,3.2755,14.0726,10.0,0.0028,48.092,17.1832,66.8753,0.0,0.0,10.5061,-34.6569,6.0655,-80.6386,205.3137,9.7692,1.4299,-0.0153,-40.0,6.011,4.5981,8.0342,0.9533,4.6047,0.3116,-40.0,4.5981,-130.1583,6.3155,10.428,-120.0,-39.0603,243.3057
2026-08-12 19:58:50,42.465391350000004,-82.86943751999999,11.5715,7.6996,314.045,282.9104,9.2384,0.0,-0.1351,2.0459,45.5556,3.283,-0.276,3.2756,14.0726,10.0,0.0028,48.092,17.1832,66.6734,0.0,0.0,9.8993,-29.4092,4.9714,-78.827,205.9626,9.7711,1.1628,-0.2214,-40.0,5.13,3.8776,6.84,1.1339,3.9298,0.3057,-40.0,3.8776,-130.0,5.3144,8.774,-120.0,-40.3211,242.8143
2026-08-12 19:59:00,42.46564126,-82.86977163999998,11.6371,7.5576,315.8711,284.2683,-0.7613,0.0,-0.2529,2.1057,45.922,3.2831,-0.297,3.2756,14.0726,10.0,0.0017,48.092,17.1832,66.8045,0.0,0.0,10.7685,-27.0797,5.2995,-68.0503,213.7227,9.7688,2.7704,0.0055,-40.0,5.2094,3.9873,6.9188,1.1027,3.9906,0.6942,-40.0,3.9873,-130.0,5.4647,9.0221,-120.0,-28.7358,244.4045
2026-08-12 19:59:10,42.465886239999996,-82.87010026,11.6765,7.3499,314.5398,282.8468,-12.4286,0.0,-0.2461,1.8463,46.2843,3.2834,-0.3177,3.2757,14.0726,10.0,0.0025,48.092,17.1832,66.5967,0.0,0.0,10.6394,-27.1727,5.3125,-66.7137,213.0533,9.7718,2.9343,-0.2087,-40.0,5.3405,4.1143,7.0526,1.0459,4.091,0.7143,-40.0,4.1143,-130.0142,5.64,9.3117,-120.0,-26.186,242.9793
2026-08-12 19:59:20,42.4661246,-82.87044094,11.7137,7.3691,312.2906,281.0109,-12.8358,0.0,-0.3194,1.8704,46.6486,3.2845,-0.3386,3.2758,14.0726,10.0,0.0018,48.092,17.1832,66.5033,0.0,0.0,10.0989,-25.9346,4.7428,-68.7215,209.7431,9.7723,2.6827,-0.5474,-40.0,4.8254,3.6806,6.4116,1.1498,3.6964,0.7268,-40.0,3.6806,-130.0,5.0444,8.3281,-120.0,-28.6799,241.1679
2026-08-12 19:59:30,42.466351329999995,-82.87078376000001,11.7159,7.2758,312.4688,280.7442,0.0588,0.0,-0.4163,2.0352,46.9735,3.2861,-0.3573,3.2759,14.0726,10.0,0.0015,48.092,17.1832,66.2935,0.0,0.0,9.9222,-23.1777,4.2969,-65.3535,211.1569,9.7705,2.9731,-0.5875,-40.0,4.3084,3.2878,5.6881,1.2887,3.3004,0.9032,-40.0,3.2878,-130.0,4.506,7.4392,-120.0,-25.8199,240.6184
2026-08-12 19:59:40,42.46656138,-82.87114684999999,11.7028,7.2583,301.7849,270.4957,-90.3739,0.0,0.3643,1.9674,47.3183,3.2888,-0.3772,3.276,14.0726,10.0,0.0031,48.092,17.1832,66.8381,0.0,0.0,10.4629,-21.3558,4.5631,-56.8033,207.0494,9.7734,3.8309,-1.6661,-40.0,4.5428,3.4671,5.7239,1.2737,3.48,1.1054,-40.0,3.4671,-130.0,4.7518,7.8451,-120.0,-18.5066,232.6981
2026-08-12 19:59:50,42.4667045207717,-82.87154024577639,11.7159,7.4119,294.4104,265.0248,-22.6552,0.0,-0.3061,1.873,47.6689,3.2965,-0.3982,3.2761,14.0726,10.0,0.0019,48.092,17.1832,65.8733,0.0,0.0,11.6636,-19.4315,5.3143,-46.935,206.6936,9.7677,5.0176,-2.9034,-40.0,5.2983,4.0453,5.9206,1.2458,4.0588,1.2369,-40.0,4.0453,-130.0,5.5442,9.1533,-120.0,-7.0212,225.4389
2026-08-12 20:00:00,42.4668273336078,-82.87196345289796,11.729,7.4332,288.1113,259.966,-18.9519,0.0,-0.1772,1.808,47.9963,3.3059,-0.4181,3.2762,14.0726,10.0,0.0034,48.092,17.1832,65.74,0.0,0.0,10.9032,-17.1929,4.3905,-47.7472,199.6528,9.7705,4.9672,-3.7055,-40.0,4.5349,3.4253,5.1379,1.4687,3.474,1.4474,-40.0,3.4253,-130.0,4.6944,7.7504,-120.0,-8.1499,220.3316
2026-08-12 20:00:10,42.46693183000001,-82.87241519999999,11.7028,7.2933,286.8909,259.3439,-2.8774,0.0,-0.5108,1.7308,48.2934,3.3161,-0.4364,3.2763,13.6957,10.0,0.0043,48.092,17.1697,65.2542,0.0,0.0,11.5456,-15.1357,4.9276,-39.6676,204.7304,9.77,5.3318,-3.8146,-40.0,4.1223,3.4583,4.3345,1.6924,3.1579,1.6923,-40.0,3.4583,-130.2224,4.7587,7.8584,-120.0,-1.0475,219.3492
2026-08-12 20:00:20,42.46702912000001,-82.87285886,11.6371,7.2052,285.9626,259.0162,-5.5501,0.0,-0.3103,1.6291,48.6149,3.3278,-0.4565,3.2764,13.6957,10.0,0.004,48.092,17.1697,64.7353,0.0,0.0,14.4055,-15.5057,7.7003,-30.0461,215.3003,9.7679,,-3.9387,-40.0,,5.2506,,,,,-40.0,5.2506,-135.6946,7.6851,12.7348,-120.0,9.9448,219.0683
2026-08-12 20:00:30,42.4671238,-82.87329835,11.5322,7.1514,287.4054,260.0708,11.5313,0.0,-0.6068,1.6734,48.8848,3.3378,-0.4734,3.2765,13.6957,10.0,0.0028,48.092,17.1697,64.4641,0.0,0.0,13.9469,-13.9048,7.2185,-27.6754,217.2601,9.7648,,-3.7506,-40.0,,5.0587,,,,,-40.0,5.0587,-134.0248,7.2788,12.0502,-120.0,11.9402,219.8755
2026-08-12 20:00:40,42.467231549999994,-82.87373055,10.2647,7.3633,288.7518,261.858,-0.5294,0.0,-0.4403,1.5891,49.1874,3.3481,-0.4924,3.2766,13.6957,10.0,0.0041,48.092,17.1697,64.5534,0.0,0.0,13.3526,-19.3666,6.9117,-40.1515,209.9242,9.3815,5.491,-3.7416,-40.0,6.3982,4.9724,6.5103,1.132,4.9013,1.1201,-40.0,4.9724,-133.2734,7.0959,11.7421,-120.0,0.7901,221.8301
2026-08-12 20:00:50,42.467337640000004,-82.87417787000001,10.3117,7.4255,286.9602,259.9287,-10.518,0.0,-0.2962,1.4616,49.48,3.3586,-0.5109,3.2767,13.6957,10.0,0.0035,48.092,17.1697,64.5582,0.0,0.0,11.9163,-18.6849,5.4206,-44.8444,202.94,9.3299,5.2774,-3.9963,-40.0,5.521,4.2774,5.9643,1.2525,4.2293,1.2524,-40.0,4.2774,-130.1378,5.8741,9.6991,-120.0,-4.8194,220.2164
2026-08-12 20:01:00,42.467430155555554,-82.87460852222222,11.3965,7.4954,286.1884,259.1587,-10.5195,0.0,-0.2636,1.427,49.7582,3.3694,-0.5288,3.2768,13.6957,10.0,0.0038,48.092,17.1697,64.3435,0.0,0.0,11.9445,-20.4007,5.582,-48.304,200.0186,9.3299,5.0461,-4.096,-40.0,5.427,4.1583,6.1191,1.2347,4.1573,1.2243,-40.0,4.1583,-130.0,5.699,9.4089,-120.0,-7.6046,219.3366
2026-08-12 20:01:10,42.46751352909017,-82.8750374219963,11.0007,7.5265,282.1244,255.7283,-19.6669,0.0,-0.1394,1.3878,50.0463,3.3813,-0.5474,3.2769,13.6957,10.0,0.0051,48.092,17.1697,64.1871,0.0,0.0,12.1,-21.4515,5.7957,-49.7733,196.0733,9.3261,4.8401,-4.591,-40.0,5.8317,4.4613,6.7849,1.1069,4.4673,1.0837,-40.0,4.4613,-130.0,6.1144,10.0947,-120.0,-9.7946,216.0405
2026-08-12 20:01:20,42.46758624,-82.87551266,10.9744,7.5168,279.5003,254.1542,8.2903,0.0,-0.3217,1.4003,50.341,3.3952,-0.5669,3.277,13.6957,10.0,0.0033,48.092,17.1697,63.372,0.0,0.0,11.8314,-16.4016,5.1124,-40.7773,199.0002,9.3299,5.1969,-4.9034,-40.0,5.3877,3.9685,5.9631,1.2697,4.1272,1.2643,-40.0,3.9685,-130.0,5.4389,8.9795,-120.0,-3.2484,213.9784
2026-08-12 20:01:30,42.46765613,-82.87597274,11.2325,7.06,281.0083,254.7113,15.3744,0.0,-0.4846,0.8293,50.6029,3.4077,-0.5844,3.2771,13.6957,10.0,0.0026,48.092,17.1697,62.235,0.0,0.0,12.4272,-11.2339,5.6959,-25.157,211.5924,9.321,,-4.4739,-40.0,,4.2869,,,,,-40.0,4.2869,-130.0,5.8754,9.7001,-120.0,14.7063,214.7367
2026-08-12 20:01:40,42.46772387,-82.87639521,10.128,6.8726,284.5302,257.0209,7.6156,0.0,-0.6012,0.8459,50.8563,3.4197,-0.6014,3.2772,13.6957,10.0,0.0043,48.092,17.1697,62.0117,0.0,0.0,12.045,-13.5847,5.6045,-30.3045,210.2415,9.3254,,-4.0833,-40.0,,4.2811,,,,,-40.0,4.2811,-130.0,5.8674,9.6869,-120.0,10.126,216.9684
2026-08-12 20:01:50,42.46779456,-82.87680843,10.8432,6.5721,284.4925,256.116,0.2613,0.0,-0.6891,0.1743,51.0956,3.4308,-0.6174,3.2772,13.6957,10.0,0.0017,48.092,17.1697,62.6113,0.0,0.0,12.6024,-12.4657,6.3733,-25.358,214.7789,9.3322,,-3.9387,-40.0,,4.7136,,,,,-40.0,4.7136,-131.0211,6.5478,10.8187,-120.0,13.6751,216.6767
2026-08-12 20:02:00,42.46785174,-82.87713557999999,9.4455,4.4164,286.1242,258.4483,16.0951,0.0,-0.9107,0.4046,51.2973,3.4403,-0.6311,3.2774,13.6957,10.0,0.0018,48.092,17.1697,62.5031,0.0,0.0,9.6086,-15.7088,5.4508,-28.5027,216.6973,9.3287,,-2.5479,-40.0,,4.2929,,,,,-40.0,4.2929,-130.2512,5.9051,9.7513,-120.0,12.6328,217.7851
2026-08-12 20:02:10,42.46790499000001,-82.87737494,9.7725,3.9363,287.3206,259.6203,-0.9714,0.0,-0.7918,0.8923,51.4504,3.4466,-0.6413,3.2775,13.6957,10.0,0.0035,48.092,17.1697,62.0374,0.0,0.0,9.4189,-17.8812,5.8384,-29.7019,219.4856,9.3231,,-2.1948,-40.0,,4.4276,,,,,-40.0,4.4276,-130.0029,6.0684,10.0187,-120.0,10.3687,219.6779
2026-08-12 20:02:20,42.46795431111112,-82.87760311111111,10.2373,3.9246,287.7394,259.4195,2.2861,0.0,-0.8562,0.8785,51.5882,3.4525,-0.6505,3.2776,13.6957,10.0,0.0027,48.092,17.1697,62.0566,0.0,0.0,9.2661,-18.1154,5.6935,-30.4978,218.1367,9.3185,,-2.2323,-40.0,,4.2921,,,,,-40.0,4.2921,-130.4073,5.9174,9.7728,-120.0,9.6641,219.4116
2026-08-12 20:02:30,42.468005501544226,-82.87782919520643,10.1214,3.911,286.8118,258.5446,-4.3148,0.0,-0.8748,0.8661,51.7362,3.4586,-0.6605,3.2776,13.6957,10.0,0.0037,48.092,17.1697,62.4495,0.0,0.0,9.0726,-19.5232,5.5559,-33.0448,215.1484,9.3231,3.1505,-2.2362,-40.0,6.1054,4.3083,5.3901,0.723,4.677,0.6736,-40.0,4.3083,-130.3793,5.9372,9.8053,-120.0,6.4002,218.6254
2026-08-12 20:02:40,42.46805714,-82.87807139000002,10.3379,3.9674,285.4888,258.0363,9.0321,0.0,-1.0226,0.8198,51.8878,3.4652,-0.6707,3.2777,13.6957,10.0,0.002,48.092,17.1697,62.4008,0.0,0.0,9.1969,-12.2045,5.3912,-21.2278,223.5739,9.3236,,-2.3589,-40.0,,4.0727,,,,,-40.0,4.0727,-130.0,5.5818,9.2153,-120.0,17.9163,217.958
2026-08-12 20:02:50,42.46811305999999,-82.87831475,10.0886,3.841,288.3066,260.1304,10.6998,0.0,-1.0104,0.8244,52.0475,3.4719,-0.6815,3.2778,13.6957,10.0,0.0016,48.092,17.1697,62.3787,0.0,0.0,9.5507,-13.8465,5.8845,-22.8473,225.3406,9.3299,,-2.1373,-40.0,,4.5047,,,,,-40.0,4.5047,-130.0,6.1739,10.1929,-120.0,17.7796,219.9788
2026-08-12 20:03:00,42.46817339,-82.87855523,10.1148,3.8402,289.0833,260.8049,1.1008,0.0,-0.9885,0.8685,52.1968,3.4779,-0.6916,3.2779,13.6957,10.0,0.0045,48.092,17.1697,62.6851,0.0,0.0,8.8341,-11.8742,5.1491,-20.7488,225.6763,9.3276,,-2.0741,-40.0,,3.9348,,,,,-40.0,3.9348,-130.0,5.3928,8.9033,-120.0,18.0233,220.8586
2026-08-12 20:03:10,42.46824098675836,-82.87881088471494,10.631,3.9571,288.3099,260.9097,-3.4966,0.0,-0.9912,0.8614,52.3476,3.4837,-0.7018,3.278,13.6957,10.0,0.0042,48.092,17.1697,63.1,0.0,0.0,9.8687,-12.6638,6.0936,-20.8676,227.8311,9.3312,,-2.2132,-40.0,,4.6172,,,,,-40.0,4.6172,-130.4072,6.3629,10.5084,-120.0,20.4787,221.021
2026-08-12 20:03:20,42.468292603799256,-82.8790208409932,9.7802,3.9926,288.4573,261.085,15.4932,0.0,-1.0362,0.8879,52.4898,3.4895,-0.7114,3.2781,13.6957,10.0,0.0018,48.092,17.1697,63.2274,0.0,0.0,10.1649,-13.075,6.3361,-21.3661,228.1381,9.3322,,-2.2395,-40.0,,4.6401,,,,,-40.0,4.6401,-131.2447,6.4662,10.6858,-120.0,18.035,221.0264
2026-08-12 20:03:30,42.46834745,-82.87924892,8.8812,3.9402,287.9812,260.314,9.2948,0.0,-0.9149,0.9208,52.6432,3.496,-0.7219,3.2782,13.6957,10.0,0.002,48.092,17.1697,63.4865,0.0,0.0,10.2561,-11.2763,6.438,-18.1705,230.3302,9.3345,,-2.2513,-40.0,,4.7599,,,,,-40.0,4.7599,-131.424,6.6459,10.9838,-120.0,21.5876,220.603
2026-08-12 20:03:40,42.46840821,-82.87948169,9.2312,3.8721,295.8846,267.5685,106.4567,0.0,-1.1956,1.019,52.7894,3.5018,-0.7318,3.2783,13.6957,10.0,0.0024,48.092,17.1697,63.2319,0.0,0.0,10.2372,-14.1826,6.5834,-22.4804,233.8621,9.3338,,-1.79,-40.0,,4.8439,,,,,-40.0,4.8439,-132.1553,6.8238,11.2837,-120.0,18.9083,226.3759
2026-08-12 20:03:50,42.46851622999999,-82.87965932,9.4587,3.7749,322.6652,289.9081,142.9809,0.0,-1.323,1.119,52.9514,3.5039,-0.742,3.2784,13.6957,10.0,0.0021,48.092,17.1697,64.2706,0.0,0.0,10.3067,-26.3711,7.1361,-39.9972,241.1023,9.3368,2.817,-0.0771,-40.0,6.5462,4.9812,6.6823,0.5695,5.0147,0.5614,-40.0,4.9812,-133.35,7.1146,11.7735,-120.0,1.7786,247.1003
2026-08-12 20:04:00,42.46868313,-82.87976160000001,9.334,3.9285,335.3155,299.8984,10.4355,0.0,-0.8821,1.0698,53.1177,3.5017,-0.7514,3.2785,13.6957,10.0,0.0005,48.092,17.1697,67.061,0.0,0.0,10.5072,-37.9172,7.8359,-55.5703,240.8347,9.3312,2.2796,0.7918,-40.0,6.8944,5.2846,8.4315,0.4582,5.2814,0.432,-40.0,5.2846,-135.9903,7.7571,12.856,-120.0,-13.7567,259.6193
2026-08-12 20:04:10,42.468856220000006,-82.87985306000002,9.3274,3.9201,340.4108,303.6439,10.0599,0.0,-0.8963,1.0243,53.2912,3.4987,-0.7612,3.2786,13.6957,10.0,0.0011,48.092,17.1697,67.7512,0.0,0.0,10.195,-44.3874,7.8423,-65.4074,236.5763,9.3299,1.6842,1.1781,-40.0,6.9218,5.2985,9.4738,0.4232,5.3024,0.3177,-40.0,5.2985,-136.1114,7.7866,12.9057,-120.0,-25.0076,263.4073
2026-08-12 20:04:20,42.469031019999996,-82.87993525,9.4116,3.981,341.1253,306.073,22.5959,0.0,-0.5994,0.8237,53.4651,3.4954,-0.7708,3.2787,13.6957,10.0,0.0006,48.092,17.1697,68.0669,0.0,0.0,9.649,-48.4602,7.6265,-71.4425,233.9797,9.3338,1.3112,1.1807,-40.0,6.8346,5.2408,9.5042,0.4193,5.2356,0.2499,-40.0,5.2408,-135.6089,7.6643,12.6996,-120.0,-30.5726,265.64
2026-08-12 20:04:30,42.46920635785715,-82.88000519221954,9.6555,4.119,344.704,307.9862,-3.4816,0.0,-0.4227,0.7154,53.6412,3.4915,-0.7804,3.2788,13.6957,10.0,0.0006,48.092,17.1697,68.581,0.0,0.0,8.9557,-56.831,7.5474,-83.4902,228.0625,12.4898,0.5403,1.4445,-40.0,6.7514,5.1741,9.6787,0.4129,5.1718,0.1049,-40.0,5.1741,-135.0284,7.523,12.4616,-120.0,-42.283,267.9936
2026-08-12 20:04:40,42.469385165416995,-82.88008429830182,9.5243,4.2862,349.8773,310.2414,10.9626,0.0,-0.5573,0.7399,53.8278,3.4877,-0.7906,3.2789,13.6957,10.0,0.0009,48.092,17.1697,68.5206,0.0,0.0,7.8552,-54.974,6.4494,-86.9225,228.0038,13.634,0.234,1.74,-40.0,6.2878,4.8107,8.683,0.4814,4.8167,0.0481,-40.0,4.8107,-131.8661,6.7534,11.1651,-120.0,-46.7745,269.9538
2026-08-12 20:04:50,42.469568800000005,-82.88015546,8.8594,3.8352,346.8073,309.6334,-40.7014,0.0,-0.3012,0.6825,53.9989,3.4839,-0.7999,3.279,13.6957,10.0,0.001,48.092,17.1697,68.7145,0.0,0.0,8.5462,-55.9961,7.1444,-82.906,230.2377,13.6348,0.4928,1.4684,-40.0,6.5887,5.0458,9.3102,0.4177,5.0472,0.0973,-40.0,5.0458,-133.9125,7.2515,12.0041,-120.0,-42.6932,269.9921
2026-08-12 20:05:00,42.46972916000001,-82.88025900999999,7.7876,3.6641,322.3065,291.265,-217.1835,0.0,0.1518,0.5077,54.1641,3.4821,-0.8092,3.2791,13.6957,10.0,0.0007,48.092,17.1697,67.4408,0.0,0.0,8.8869,-49.6268,7.1346,-72.2751,219.6704,13.6288,0.873,0.1102,-40.0,6.5599,5.0251,9.0982,0.4025,5.0252,0.1733,-40.0,5.0251,-133.7319,7.2075,11.9301,-120.0,-35.6138,253.6214
2026-08-12 20:05:10,42.469809690000005,-82.88044111000002,7.4814,3.4471,295.1299,265.8709,-75.203,0.0,-0.212,0.7374,54.3097,3.4859,-0.8187,3.2792,14.2461,10.0,0.0009,48.092,17.1308,64.6619,0.0,0.0,8.6859,-29.7079,5.9458,-46.4197,213.8439,13.6329,2.2888,-1.6501,-40.0,5.9197,4.5261,6.7186,0.5191,4.5348,0.5109,-40.0,4.5261,-131.0018,6.2892,10.3915,-120.0,-7.8624,227.4294
2026-08-12 20:05:20,42.469866460000006,-82.88066069,7.4322,3.6525,286.8823,260.0354,-11.7968,0.0,-0.4083,0.7761,54.4462,3.4917,-0.8282,3.2793,14.2461,10.0,0.002,48.092,17.1308,63.0439,0.0,0.0,9.1397,-20.109,5.8136,-32.791,218.2719,13.6323,2.813,-2.2648,-40.0,5.7887,4.4869,5.4764,0.6541,4.4344,0.6344,-40.0,4.4869,-130.2276,6.169,10.1867,-120.0,6.9571,220.2696
2026-08-12 20:05:30,42.4699224,-82.88089593,7.5033,3.843,286.6485,259.4602,-2.6196,0.0,-0.4329,0.7347,54.5909,3.4983,-0.8384,3.2794,14.2461,10.0,0.0018,48.092,17.1308,62.3439,0.0,0.0,8.5756,-20.0852,5.1473,-34.9011,214.0525,13.6357,,-2.3276,-40.0,,3.9407,,,,,-40.0,3.9407,-130.0,5.4008,8.9166,-120.0,5.2188,219.474
2026-08-12 20:05:40,42.46998661111111,-82.8811214888889,7.4114,3.9071,286.6697,259.2002,-7.9623,0.0,-0.3528,0.6233,54.7331,3.504,-0.8482,3.2795,14.2461,10.0,0.0021,48.092,17.1308,62.4232,0.0,0.0,8.5145,-21.2234,5.0683,-37.4714,211.8869,13.559,,-2.3956,-40.0,,3.9058,,,,,-40.0,3.9058,-130.0,5.353,8.8376,-120.0,2.9927,219.2776
2026-08-12 20:05:50,42.470033251585185,-82.88135807197031,7.6017,3.9246,285.8091,258.5555,12.8484,0.0,-0.1641,0.7095,54.8827,3.5117,-0.8589,3.2796,14.2461,10.0,0.0019,48.092,17.1308,62.3397,0.0,0.0,8.1343,-21.0725,4.6602,-38.9106,209.2625,13.0301,,-2.4857,-40.0,,3.5615,,,,,-40.0,3.5615,-130.0,4.8812,8.0587,-120.0,1.141,218.5347
2026-08-12 20:06:00,42.47008885802147,-82.88159703262062,7.6083,3.6952,287.6569,259.8577,4.5233,0.0,-0.1109,0.6535,55.0233,3.5182,-0.8689,3.2797,14.2461,10.0,0.0012,48.092,17.1308,62.3674,0.0,0.0,8.7485,-21.0135,5.4507,-35.1627,214.9949,13.0026,,-2.244,-40.0,,4.1615,,,,,-40.0,4.1615,-130.0,5.7034,9.4162,-120.0,4.1979,219.8737
2026-08-12 20:06:10,42.47014284,-82.88182132,7.4978,3.3901,287.8746,259.4995,-13.0819,0.0,-0.0786,0.5133,55.1553,3.5243,-0.8783,3.2797,14.2461,10.0,0.0026,48.092,17.1308,62.411,0.0,0.0,8.876,-20.087,5.7633,-31.9366,217.7747,13.0026,,-2.0697,-40.0,,4.3718,,,,,-40.0,4.3718,-130.0,5.9917,9.8922,-120.0,7.9427,219.3338
2026-08-12 20:06:20,42.47017252,-82.88199674999998,7.4573,2.111,274.2606,242.4355,-226.2515,0.0,0.1601,-0.169,55.2476,3.5296,-0.8851,3.2798,14.2461,10.0,0.0022,48.092,17.1308,62.7073,0.0,0.0,8.5421,-18.3598,6.4685,-24.9275,212.2305,13.0026,,-1.5841,-40.0,,4.7609,,,,,-40.0,4.7609,-131.4324,6.6479,10.9873,-120.0,14.0544,205.4427
2026-08-12 20:06:30,42.47015698,-82.88207358,7.4639,0.8488,230.5436,203.8873,-181.188,0.0,-0.0014,0.035,55.2671,3.5328,-0.8871,3.2799,14.2461,10.0,0.0043,48.092,17.1308,63.3899,0.0,0.0,7.4198,22.0997,6.6176,24.6073,226.8886,12.9843,0.616,-0.8621,22.2222,6.3771,4.8142,6.2375,0.1291,4.8851,0.1261,22.2222,4.8142,73.4756,6.7609,11.1776,66.6667,-2.2719,228.07
2026-08-12 20:06:40,42.47011039,-82.88208653999999,6.9291,0.9622,205.803,195.7278,-57.2522,0.0,-0.1295,0.405,55.2354,3.5348,-0.8857,3.28,14.2461,10.0,0.0012,48.092,17.1308,63.3914,0.0,0.0,7.0118,39.0217,6.2977,44.5264,238.8133,12.9205,0.6707,-0.7987,40.0,6.1605,4.7223,6.6023,0.1422,4.7192,0.1423,40.0,4.7223,131.4897,6.6,10.9087,120.0,4.31,235.9138
2026-08-12 20:06:50,42.470074877777776,-82.88210276666666,5.9154,0.6298,196.3057,189.2192,-22.5153,0.0,-0.507,0.5466,55.2126,3.5367,-0.8848,3.2801,14.2461,10.0,0.0015,48.092,17.1308,63.1487,0.0,0.0,6.1911,45.9687,5.7584,50.5306,239.4479,10.4569,0.4308,-0.5435,40.0,5.7088,4.3735,6.621,0.1014,4.3732,0.0993,40.0,4.3735,130.0,5.994,9.8959,120.0,9.6856,229.4741
2026-08-12 20:07:00,42.470066908535266,-82.88210552943092,5.397,0.1672,190.8414,188.5214,2.0199,0.0,-0.1188,0.2861,55.2069,3.5371,-0.8846,3.2802,14.2461,10.0,0.0022,48.092,17.1308,62.3733,0.0,0.0,6.1975,53.1294,6.0898,54.4993,241.2574,5.8992,0.1164,-0.1402,40.0,6.0311,4.6201,7.376,0.027,4.6201,0.0252,40.0,4.6201,130.2076,6.3498,10.4851,120.0,14.1834,228.4473
2026-08-12 20:07:10,42.470063800000005,-82.88210931,5.2176,0.1186,188.9901,186.1973,-18.4542,0.0,-0.0268,0.0899,55.2058,3.5373,-0.8846,3.2803,14.2461,10.0,0.0017,48.092,17.1308,62.0296,0.0,0.0,5.6449,58.9767,5.5831,60.0543,244.1104,5.8412,0.062,-0.0807,40.0,5.6662,4.3406,7.2834,0.0167,4.3406,0.0143,40.0,4.3406,130.1702,5.9635,9.847,120.0,19.2978,226.5113
2026-08-12 20:07:20,42.47006209999999,-82.88211172000001,5.292,0.0894,188.9901,189.5788,17.7109,0.0,0.4875,0.0315,55.2056,3.5375,-0.8846,3.2804,14.2461,10.0,0.0021,48.092,17.1308,61.8962,0.0,0.0,5.2054,61.6712,5.1601,62.6229,249.9749,5.7129,0.0445,-0.0643,40.0,5.1632,3.9552,6.7578,0.0144,3.9552,0.0113,40.0,3.9552,130.0,5.4208,8.9495,120.0,22.65,229.1399
2026-08-12 20:07:30,42.47006207,-82.88210911,5.2614,0.1186,188.9901,186.5654,-7.8109,0.0,0.2634,-0.0054,55.2046,3.5374,-0.8845,3.2805,14.2461,10.0,0.0024,48.092,17.1308,61.8908,0.0,0.0,6.0434,64.4771,5.9942,65.491,249.8605,5.7101,0.0502,-0.0852,40.0,5.6605,4.3362,7.4928,0.0156,4.3362,0.0117,40.0,4.3362,130.7745,6.0094,9.9278,120.0,24.3177,227.0098
2026-08-12 20:07:40,42.470059879999994,-82.88210882,5.2133,0.1058,188.9901,190.8818,25.8054,0.0,0.3966,-0.0328,55.2028,3.5374,-0.8844,3.2806,14.2461,10.0,0.0027,48.092,17.1308,61.7798,0.0,0.0,5.8414,67.5622,5.8022,68.5216,256.9591,5.718,0.0381,-0.0687,40.0,5.8693,4.4962,7.8458,0.0135,4.4962,0.0085,40.0,4.4962,130.6049,6.2141,10.2642,120.0,28.9423,230.0526
2026-08-12 20:07:50,42.47005376,-82.88211067,5.152,0.1147,188.9901,192.2005,2.7798,0.0,0.3338,-0.0638,55.1989,3.5377,-0.8842,3.2807,14.2461,10.0,0.0026,48.092,17.1308,61.654,0.0,0.0,5.4411,59.9723,5.3835,61.0485,250.8022,5.7203,0.055,-0.0837,40.0,5.4034,4.1392,7.0395,0.0165,4.1392,0.0133,40.0,4.1392,130.0,5.6729,9.3659,120.0,21.7588,232.1126
2026-08-12 20:08:00,42.4700509,-82.88211431111112,5.6923,0.1438,188.9901,195.0553,22.8713,0.0,0.2123,-0.1927,55.1976,3.5379,-0.8842,3.2808,14.2461,10.0,0.0018,48.092,17.1308,61.2187,0.0,0.0,5.3801,52.1859,5.2958,53.3827,246.2385,5.7255,0.0832,-0.0942,40.0,5.3729,4.1158,6.5603,0.0216,4.1158,0.0201,40.0,4.1158,130.0,5.6409,9.3129,120.0,14.0131,234.9226
2026-08-12 20:08:10,42.47004927892366,-82.8821183486464,5.1608,0.1225,188.9901,196.2334,-7.1795,0.0,-0.3528,-0.3633,55.198,3.5381,-0.8843,3.2809,14.2461,10.0,0.002,48.092,17.1308,60.6897,0.0,0.0,4.7645,49.772,4.6947,50.7917,244.7979,5.7306,0.0691,-0.0673,40.0,4.6424,3.5563,5.4436,0.02,3.5563,0.0194,40.0,3.5563,130.0,4.874,8.0469,120.0,10.4562,236.3477
2026-08-12 20:08:20,42.47004923,-82.88211924999999,5.2133,0.0933,188.9901,189.8941,-32.5772,0.0,-0.2305,-0.3208,55.1981,3.5382,-0.8843,3.281,14.2461,10.0,0.0016,48.092,17.1308,61.0681,0.0,0.0,5.126,57.6742,5.0774,58.5523,246.7809,5.7178,0.0514,-0.0643,40.0,5.0764,3.8887,6.3467,0.0149,3.8887,0.0132,40.0,3.8887,130.0,5.3296,8.7991,120.0,16.8834,230.5548
2026-08-12 20:08:30,42.47005203,-82.88212162,5.6168,0.1438,188.9901,190.8878,27.1543,0.0,-0.2188,-0.2337,55.2015,3.5382,-0.8845,3.2811,14.2461,10.0,0.0024,48.092,17.1308,61.0232,0.0,0.0,5.1723,63.3322,5.1043,64.8733,253.06,5.7157,0.0621,-0.1076,40.0,5.1016,3.9081,6.7214,0.0218,3.9081,0.0159,40.0,3.9081,130.0,5.3561,8.8428,120.0,25.2543,230.4791
2026-08-12 20:08:40,42.47005039,-82.88212038999998,5.1739,0.0914,188.9901,194.1205,-2.225,0.0,-0.1862,-0.1798,55.2,3.5382,-0.8844,3.2812,14.2461,10.0,0.0027,48.092,17.1308,60.9546,0.0,0.0,5.1654,52.1074,5.108,52.97,245.5266,5.7178,0.0561,-0.0723,40.0,5.1153,3.9185,6.2887,0.0159,3.9185,0.0143,40.0,3.9185,130.0,5.3705,8.8665,120.0,14.9609,234.4233
2026-08-12 20:08:50,42.47005006,-82.88211745000001,5.1608,0.1015,188.9901,191.4122,1.645,0.0,-0.3132,0.1732,55.1981,3.5381,-0.8843,3.2813,14.2461,10.0,0.0017,48.092,17.1308,61.0034,0.0,0.0,6.2146,50.0003,6.1485,50.7537,240.492,5.718,0.0638,-0.0732,40.0,5.8389,4.4728,6.8024,0.0147,4.4728,0.0143,40.0,4.4728,130.8833,6.206,10.2532,120.0,9.9268,231.3777
2026-08-12 20:09:00,42.470051544444445,-82.88211745555557,5.1958,0.1186,188.9901,194.7082,15.5783,0.0,-0.2897,0.2828,55.1995,3.538,-0.8844,3.2814,14.2461,10.0,0.0031,48.092,17.1308,60.9109,0.0,0.0,6.6471,57.8709,6.5701,58.9442,251.7671,5.705,0.0774,-0.0897,40.0,6.2774,4.8088,7.9495,0.018,4.8088,0.0161,40.0,4.8088,131.8493,6.7494,11.1582,120.0,17.2353,234.247
2026-08-12 20:09:10,42.47005140267356,-82.88211702953741,5.1739,0.1186,188.9901,192.9122,-11.9439,0.0,-0.3255,0.123,55.1992,3.538,-0.8843,3.2815,14.2461,10.0,0.002,48.092,17.1308,60.6981,0.0,0.0,5.7961,67.6105,5.7546,68.6309,259.6005,5.6997,0.0418,-0.0777,40.0,5.7857,4.4321,7.718,0.0148,4.4321,0.0094,40.0,4.4321,130.5075,6.1179,10.1046,120.0,28.6354,233.194
2026-08-12 20:09:20,42.47005029,-82.88211673999999,5.187,0.1108,188.9901,194.8169,4.8717,0.0,-0.1934,0.7041,55.1982,3.5381,-0.8843,3.2816,14.2461,10.0,0.0025,48.092,17.1308,60.6957,0.0,0.0,5.474,53.6971,5.4093,54.6445,247.3144,5.6974,0.0617,-0.0777,40.0,5.4313,4.1606,6.7485,0.0166,4.1606,0.0149,40.0,4.1606,130.0,5.7022,9.4142,120.0,15.9717,234.6857
2026-08-12 20:09:30,42.47005093,-82.88211661,5.2832,0.1516,188.9901,190.1149,-40.5293,0.0,-0.1376,0.6462,55.1987,3.538,-0.8843,3.2817,14.2461,10.0,0.004,48.092,17.1308,61.173,0.0,0.0,5.7682,54.1882,5.6839,55.3842,243.3126,5.5553,0.0832,-0.1016,40.0,5.6291,4.3122,6.9137,0.0208,4.3122,0.0193,40.0,4.3122,130.0,5.91,9.7572,120.0,14.5551,230.7621
2026-08-12 20:09:40,42.47005302,-82.88211792000001,5.5217,0.1205,188.9901,190.3561,25.6681,0.0,0.31,0.6666,55.2009,3.538,-0.8844,3.2818,14.2461,10.0,0.0022,48.092,17.1308,61.1865,0.0,0.0,5.8561,62.2788,5.8012,63.3416,251.2017,4.964,0.0556,-0.0852,40.0,5.8109,4.4514,7.6,0.0161,4.4514,0.0125,40.0,4.4514,130.0,6.1008,10.0723,120.0,22.8174,230.0381
2026-08-12 20:09:50,42.47005352,-82.88211888999999,5.2264,0.1089,188.9901,193.874,3.5325,0.0,0.5017,0.8979,55.2016,3.538,-0.8845,3.2818,14.2461,10.0,0.0027,48.092,17.1308,61.138,0.0,0.0,5.394,59.192,5.3418,60.1703,252.0429,4.9576,0.0519,-0.0762,40.0,5.3255,4.0796,6.8491,0.0157,4.0796,0.0127,40.0,4.0796,130.0,5.5912,9.2309,120.0,20.7056,233.856
2026-08-12 20:10:00,42.47005274,-82.88211686,5.2942,0.1186,188.9901,188.7255,-29.7713,0.0,0.6231,0.9084,55.2001,3.538,-0.8844,3.2819,14.2461,10.0,0.0038,48.092,17.1308,61.4046,0.0,0.0,5.7834,67.6904,5.7375,68.8161,255.662,4.9502,0.0468,-0.0822,40.0,5.7208,4.3824,7.5733,0.0162,4.3824,0.0107,40.0,4.3824,130.0,6.0062,9.916,120.0,27.7707,229.262
2026-08-12 20:10:10,42.470053388888886,-82.88212086666665,5.2789,0.0929,188.9901,188.8006,11.1559,0.0,0.7395,0.9221,55.2023,3.5381,-0.8846,3.282,13.8414,10.0,0.0038,48.092,17.1462,61.4345,0.0,0.0,5.6799,69.4614,5.6482,70.3455,257.1513,4.9525,0.0316,-0.0628,40.0,5.7037,4.3693,7.599,0.0124,4.3693,0.0072,40.0,4.3693,130.0,5.9882,9.8864,120.0,30.256,228.5614
2026-08-12 20:10:20,42.47005083865186,-82.88212081747609,5.3161,0.1244,188.9901,189.1613,-0.9037,0.0,0.3137,1.1261,55.2004,3.5382,-0.8845,3.2821,13.8414,10.0,0.0029,48.092,17.1462,61.4643,0.0,0.0,4.468,74.0214,4.4366,75.5811,261.6005,4.9525,0.0299,-0.0837,40.0,4.3995,3.3702,5.8659,0.0211,3.3702,0.0091,40.0,3.3702,130.0,4.6189,7.6257,120.0,35.4386,229.1562
2026-08-12 20:10:30,42.470052283587485,-82.88212053082685,5.3182,0.1108,188.9901,189.3816,1.5775,0.0,0.3529,1.0825,55.2013,3.5381,-0.8845,3.2822,13.8414,10.0,0.0025,48.092,17.1462,61.6356,0.0,0.0,5.4449,74.308,5.4169,75.416,262.5239,4.9398,0.0274,-0.0794,40.0,5.4418,4.1687,7.2557,0.0155,4.1687,0.0066,40.0,4.1687,130.0,5.7133,9.4324,120.0,35.7765,229.3554
2026-08-12 20:10:40,42.470053730000004,-82.88212014000001,5.3051,0.0991,188.9901,189.3448,1.266,0.0,0.6543,0.7406,55.2023,3.538,-0.8845,3.2823,13.8414,10.0,0.0019,48.092,17.1462,61.6636,0.0,0.0,5.0624,71.7133,5.0329,72.7723,260.0093,4.9594,0.0276,-0.0673,40.0,5.0456,3.8652,6.7275,0.014,3.8652,0.0072,40.0,3.8652,130.0,5.2974,8.7458,120.0,32.7855,229.3779
2026-08-12 20:10:50,42.470054329999996,-82.88212092,5.292,0.1127,188.9901,189.4683,2.7342,0.0,0.5164,0.4554,55.203,3.5381,-0.8846,3.2824,13.8414,10.0,0.0033,48.092,17.1462,61.7816,0.0,0.0,5.5843,72.882,5.5535,73.9471,261.2236,4.9755,0.0294,-0.0792,40.0,5.5475,4.2496,7.3967,0.0146,4.2496,0.0069,40.0,4.2496,130.0,5.8243,9.6157,120.0,34.1416,229.4601
2026-08-12 20:11:00,42.4700544,-82.88212746999999,5.3051,0.0894,188.9901,189.5383,3.9752,0.0,0.4766,0.3004,55.2058,3.5383,-0.8848,3.2825,13.8414,10.0,0.0037,48.092,17.1462,61.8905,0.0,0.0,4.9009,65.0767,4.863,66.0473,253.5671,4.9709,0.0353,-0.0646,40.0,4.9135,3.764,6.4918,0.0141,3.764,0.0095,40.0,3.764,130.0,5.1586,8.5168,120.0,27.2585,229.504
2026-08-12 20:11:10,42.4700562,-82.8821302,5.3051,0.0778,188.9901,189.4723,14.7772,0.0,0.6471,0.1375,55.2084,3.5383,-0.885,3.2826,13.8414,10.0,0.0045,48.092,17.1462,61.9903,0.0,0.0,5.0918,59.7434,5.0568,60.4315,248.3299,4.9755,0.0383,-0.0403,40.0,5.0058,3.8346,6.4804,0.0118,3.8346,0.01,40.0,3.8346,130.0,5.2555,8.6766,120.0,19.9679,229.3815
2026-08-12 20:11:20,42.47005555555556,-82.88213098888887,5.2526,0.1166,188.9901,188.9622,-5.4839,0.0,0.2879,0.2136,55.2082,3.5384,-0.885,3.2827,13.8414,10.0,0.0033,48.092,17.1462,61.9135,0.0,0.0,4.7597,45.7857,4.6814,46.7859,233.6684,4.9665,0.0739,-0.0807,40.0,4.7023,3.6021,5.3161,0.021,3.6021,0.0205,40.0,3.6021,130.0,4.9368,8.1506,120.0,8.1068,229.0253
2026-08-12 20:11:30,42.47005519179683,-82.8821328765159,5.2395,0.138,188.9901,188.5911,0.217,0.0,-0.0571,-0.1281,55.2085,3.5385,-0.885,3.2828,13.8414,10.0,0.0027,48.092,17.1462,61.8391,0.0,0.0,3.777,57.3585,3.6897,59.6648,245.9079,4.976,0.0848,-0.1345,40.0,3.7984,2.9098,4.7718,0.0356,2.9098,0.0295,40.0,2.9098,130.0,3.9879,6.5839,120.0,18.2318,228.6342
2026-08-12 20:11:40,42.47005475460681,-82.88212892428727,5.2395,0.1147,189.0606,188.6591,-1.1761,0.0,-0.306,-0.1655,55.2066,3.5383,-0.8849,3.2829,13.8414,10.0,0.0025,48.092,17.1462,61.7211,0.0,0.0,4.4965,56.2829,4.4232,57.7325,244.0391,5.1053,0.0689,-0.0733,40.0,4.314,3.3047,5.4805,0.0239,3.3047,0.0209,40.0,3.3047,130.0,4.5292,7.4775,120.0,17.9657,228.6142
2026-08-12 20:11:50,42.470055349999996,-82.88212335,5.2286,0.1419,189.9813,189.1071,6.4511,0.0,-0.3426,0.0007,55.2049,3.5381,-0.8847,3.283,13.8414,10.0,0.0027,48.092,17.1462,61.8267,0.0,0.0,4.6881,55.8168,4.6086,57.3108,244.0506,5.1027,0.0824,-0.1024,40.0,4.6227,3.5412,5.8577,0.0263,3.5412,0.0232,40.0,3.5412,130.0,4.8533,8.0126,120.0,17.5327,229.0432
2026-08-12 20:12:00,42.470057430000004,-82.88212304999999,5.2264,0.1322,190.073,188.8041,-2.3377,0.0,-0.2724,0.1962,55.2065,3.538,-0.8848,3.2831,13.8414,10.0,0.0031,48.092,17.1462,61.7404,0.0,0.0,4.7482,57.5884,4.6792,58.9385,245.3019,5.1095,0.0686,-0.0974,40.0,4.6745,3.5809,5.9744,0.0219,3.5809,0.0192,40.0,3.5809,130.0,4.9077,8.1024,120.0,18.3691,228.8913
2026-08-12 20:12:10,42.47005831,-82.88212478,5.2001,0.1419,190.073,188.7082,3.8881,0.0,-0.1831,0.1867,55.208,3.5381,-0.8849,3.2832,13.8414,10.0,0.0015,48.092,17.1462,61.6551,0.0,0.0,4.0256,58.8303,3.9543,60.6046,246.6736,4.6922,0.0691,-0.0945,40.0,4.0483,3.1012,5.2618,0.027,3.1012,0.022,40.0,3.1012,130.0,4.2503,7.0171,120.0,20.8653,228.6312
2026-08-12 20:12:20,42.47005627,-82.88212555,5.2264,0.1419,190.073,188.7738,6.4057,0.0,0.576,0.4985,55.2066,3.5381,-0.8848,3.2833,13.8414,10.0,0.0016,48.092,17.1462,61.5174,0.0,0.0,3.8598,60.1743,3.7928,61.9987,247.0077,4.6317,0.0653,-0.0929,40.0,3.794,2.9064,4.9475,0.0279,2.9064,0.0225,40.0,2.9064,130.0,3.9832,6.5762,120.0,21.6045,228.7648
2026-08-12 20:12:30,42.470055259999995,-82.88212791,5.1739,0.1594,190.3687,188.4813,-2.7571,0.0,0.6697,0.2269,55.2067,3.5383,-0.8849,3.2834,13.8414,10.0,0.0047,48.092,17.1462,61.5254,0.0,0.0,4.3935,62.7665,4.3221,64.6797,249.6428,4.8329,0.0689,-0.1147,40.0,4.2709,3.2717,5.6158,0.0286,3.2717,0.0211,40.0,3.2717,130.0,4.4839,7.4029,120.0,24.5059,228.6569
2026-08-12 20:12:40,42.470055782782914,-82.88212634806412,5.2133,0.1253,190.5658,188.6172,11.4649,0.0,0.7274,0.3518,55.2065,3.5382,-0.8848,3.2835,13.8414,10.0,0.0018,48.092,17.1462,61.6083,0.0,0.0,4.8201,72.8744,4.7839,74.3338,260.0299,4.8265,0.0381,-0.0891,40.0,4.7235,3.6184,6.2882,0.0206,3.6184,0.0106,40.0,3.6184,130.0,4.9592,8.1875,120.0,32.966,228.454
2026-08-12 20:12:50,42.47005633684761,-82.88212640640575,5.1739,0.1438,190.5658,189.0618,-3.178,0.0,0.189,0.6056,55.2068,3.5382,-0.8848,3.2836,13.8414,10.0,0.0039,48.092,17.1462,61.6628,0.0,0.0,5.1355,75.1108,5.0977,76.7965,263.2455,4.8182,0.0346,-0.1122,40.0,5.1103,3.9147,6.8138,0.0219,3.9147,0.0088,40.0,3.9147,130.0,5.3653,8.8579,120.0,36.5117,229.0654
2026-08-12 20:13:00,42.47005763,-82.88212159,5.2395,0.1769,190.2873,188.6638,-0.6845,0.0,0.2346,0.8474,55.206,3.538,-0.8847,3.2837,13.8414,10.0,0.0032,48.092,17.1462,61.7014,0.0,0.0,4.1925,58.5095,4.108,60.6565,246.6013,4.736,0.0721,-0.1848,40.0,4.2868,3.2839,5.5346,0.0321,3.2839,0.0234,40.0,3.2839,130.0,4.5006,7.4304,120.0,23.3246,228.7167
2026-08-12 20:13:10,42.47005628,-82.88212059,5.2264,0.1477,189.6376,188.6221,3.0446,0.0,0.2811,0.7525,55.2046,3.538,-0.8847,3.2838,13.8414,10.0,0.0026,48.092,17.1462,61.6369,0.0,0.0,2.9054,56.2712,2.8313,58.5503,242.6035,4.7262,0.0794,-0.0998,40.0,2.9165,2.2342,3.5582,0.0407,2.2342,0.0347,40.0,2.2342,130.0,3.062,5.0553,120.0,16.6542,228.585
2026-08-12 20:13:20,42.47005466,-82.88212017000001,5.2176,0.1652,190.3171,188.5481,5.8691,0.0,0.1931,0.3486,55.203,3.538,-0.8846,3.2838,13.8414,10.0,0.0022,48.092,17.1462,61.5183,0.0,0.0,2.7267,75.4764,2.693,78.907,262.5573,4.7138,0.0292,-0.1219,40.0,2.6824,2.0548,3.576,0.0471,2.0548,0.0142,40.0,2.0548,130.0,2.8162,4.6495,120.0,39.1561,228.5212
2026-08-12 20:13:30,42.470055630000004,-82.88212222000001,5.187,0.1127,190.3652,188.0101,-0.6833,0.0,0.1887,0.1668,55.2043,3.5381,-0.8847,3.2839,13.8414,10.0,0.0014,48.092,17.1462,61.5571,0.0,0.0,4.7063,75.1668,4.6814,76.6358,261.7652,4.7136,0.0235,-0.0858,40.0,4.3762,3.3524,5.835,0.022,3.3524,0.0079,40.0,3.3524,130.0,4.5945,7.5855,120.0,37.8896,228.0787
2026-08-12 20:13:40,42.47005825555556,-82.88212141111111,5.2176,0.0778,190.3652,188.1138,1.83,0.0,0.1917,0.3328,55.2064,3.5379,-0.8848,3.284,13.8414,10.0,0.0026,48.092,17.1462,61.5752,0.0,0.0,6.3797,62.4921,6.3446,63.1065,249.9728,4.7157,0.033,-0.0567,40.0,6.1216,4.6894,8.0934,0.0093,4.6894,0.007,40.0,4.6894,131.0073,6.5135,10.7618,120.0,24.0717,228.0848
2026-08-12 20:13:50,42.470057131248026,-82.88212242072416,5.1958,0.0855,190.3652,188.2792,2.2773,0.0,0.0145,0.277,55.206,3.538,-0.8848,3.2841,13.8414,10.0,0.0007,48.092,17.1462,61.5548,0.0,0.0,5.341,66.0336,5.3067,66.8746,253.417,4.7171,0.0344,-0.0582,40.0,5.3601,4.1061,7.0828,0.0119,4.1061,0.0084,40.0,4.1061,130.0997,5.636,9.3058,120.0,26.0339,228.2671
2026-08-12 20:14:00,42.47005505,-82.88212135,5.1411,0.1089,190.3652,188.174,3.1226,0.0,0.0114,-0.1329,55.204,3.5381,-0.8846,3.2842,13.8414,10.0,0.0017,48.092,17.1462,61.4078,0.0,0.0,5.7406,65.8686,5.6973,66.8643,253.014,4.7234,0.0416,-0.075,40.0,5.7608,4.413,7.647,0.0142,4.413,0.0095,40.0,4.413,130.2654,6.071,10.0252,120.0,27.2799,228.1719
2026-08-12 20:14:10,42.47004951,-82.88211808999999,5.1739,0.0564,190.3652,187.6698,-3.1585,0.0,0.065,-0.4146,55.1986,3.5381,-0.8843,3.2843,13.8414,10.0,0.0017,48.092,17.1462,61.2289,0.0,0.0,4.5305,58.0419,4.4973,58.7357,245.0125,4.7222,0.0342,-0.0469,40.0,4.6808,3.5857,6.0259,0.0117,3.5857,0.0096,40.0,3.5857,130.0,4.9143,8.1134,120.0,20.2384,227.7551
2026-08-12 20:14:20,42.470049859999996,-82.88211428000002,5.152,0.0836,190.3652,187.5321,6.334,0.0,0.0551,-0.1164,55.1969,3.538,-0.8842,3.2844,13.8414,10.0,0.0026,48.092,17.1462,61.3799,0.0,0.0,5.3248,57.5321,5.2847,58.2289,244.2599,4.7234,0.0397,-0.0521,40.0,5.1442,3.9407,6.5547,0.0116,3.9407,0.0102,40.0,3.9407,130.0,5.4009,8.9167,120.0,17.9457,227.4047
2026-08-12 20:14:30,42.470054090000005,-82.88211728000002,5.1833,0.0855,190.3652,187.944,0.7395,0.0,-0.0496,0.1751,55.2014,3.5379,-0.8845,3.2845,13.8414,10.0,0.0021,48.092,17.1462,61.6162,0.0,0.0,5.7318,59.5334,5.6882,60.292,246.7135,4.7239,0.0442,-0.0674,40.0,5.7422,4.3988,7.4549,0.012,4.3988,0.01,40.0,4.3988,130.0,6.0287,9.9532,120.0,20.3801,227.9142
2026-08-12 20:14:40,42.470056670000005,-82.88211385999999,5.1739,0.0622,190.3652,188.1947,0.2322,0.0,-0.0895,0.1259,55.2023,3.5377,-0.8845,3.2846,13.8414,10.0,0.0022,48.092,17.1462,61.6406,0.0,0.0,4.893,57.9388,4.8587,58.5942,245.4387,4.7222,0.0335,-0.0414,40.0,4.9149,3.765,6.3022,0.0103,3.765,0.0089,40.0,3.765,130.0,5.1601,8.5192,120.0,18.8482,228.1956
2026-08-12 20:14:50,42.470055548095644,-82.88211368909137,5.187,0.0756,190.3652,188.1315,3.1482,0.0,-0.0673,0.1902,55.2011,3.5378,-0.8844,3.2847,13.8414,10.0,0.0022,48.092,17.1462,61.7487,0.0,0.0,5.5936,65.8932,5.5637,66.5948,253.318,4.7157,0.0296,-0.0536,40.0,5.4567,4.1801,7.1908,0.0101,4.1801,0.0072,40.0,4.1801,130.0,5.7289,9.4583,120.0,25.5539,228.164
2026-08-12 20:15:00,42.470057933844785,-82.88211599625174,5.1958,0.0758,190.3652,188.2741,6.1066,0.0,0.0539,0.2574,55.2039,3.5378,-0.8846,3.2848,13.8414,10.0,0.0024,48.092,17.1462,61.576,0.0,0.0,5.5678,62.9494,5.5339,63.6425,250.4487,4.681,0.0326,-0.0551,40.0,5.5878,4.2805,7.3486,0.0103,4.2805,0.0077,40.0,4.2805,130.0,5.8666,9.6856,120.0,24.4865,228.2105
