t,HDGt,COGt,SOG,ROLL,PITCH,AWA,TWA,hdg_rollstd,dev_deg,heading_bin_30
2026-08-10 15:40:23,120.7057,107.1431,4.3348,0.3545,1.2073,-4.6341,-6.5283,2.3318605867780984,-13.562599999999975,120
2026-08-10 15:40:25,120.0621,106.9483,4.4708,0.4292,1.1476,-4.6078,-6.5172,1.8086937036734922,-13.113799999999998,120
2026-08-10 15:40:27,120.2368,104.7367,4.432,0.1561,1.0899,-4.1482,-5.8717,1.452511810927738,-15.500100000000003,120
2026-08-10 15:40:28,121.048,104.4216,4.4514,,,-3.6243,-5.1257,1.2457272868142544,-16.62639999999999,120
2026-08-10 15:40:29,121.4215,105.7451,4.3736,-0.0106,1.0393,-3.7737,-5.3746,1.3110699160946209,-15.676400000000001,120
2026-08-10 15:40:30,121.7355,106.2951,4.2959,-0.0769,1.1007,-3.829,-5.4372,1.4388390996117117,-15.440400000000011,120
2026-08-10 15:40:32,122.3093,107.0514,4.432,0.0952,1.1811,-4.3874,-6.2764,2.8325255528086597,-15.257900000000006,120
2026-08-10 15:40:33,122.4298,107.7848,4.4708,0.1619,1.1541,-4.3471,-6.1959,2.8358365674300194,-14.644999999999982,120
2026-08-10 15:40:34,122.9978,107.7504,4.3931,0.0965,1.0864,-4.5945,-6.5503,2.8402248756049286,-15.247399999999999,120
2026-08-10 15:40:36,123.3,108.3922,4.5875,0.1095,1.2174,-4.8449,-6.8985,2.737250644698242,-14.907800000000009,120
2026-08-10 15:40:37,123.5759,108.4781,4.743,,,,,2.5737456888653134,-15.097800000000007,120
2026-08-10 15:40:38,123.8292,109.9449,4.4903,0.1046,1.1985,-5.004,-7.2861,2.422933802362346,-13.884299999999996,120
2026-08-10 15:40:39,123.8521,109.7157,4.5097,0.1417,0.9438,-5.2594,-7.7204,2.377533600769932,-14.13639999999998,120
2026-08-10 15:40:40,124.331,110.2199,4.4708,0.0009,1.0286,-5.3714,-7.9169,2.2794209937733525,-14.111100000000022,120
2026-08-10 15:40:41,132.3786,111.7726,4.5097,0.0484,1.204,-5.8589,-8.6495,2.1871191045358898,-20.605999999999995,120
2026-08-10 15:40:43,125.1567,112.6263,4.4514,-0.0089,1.019,-6.1558,-8.8602,2.0493133100926126,-12.530399999999986,120
2026-08-10 15:40:44,125.4357,113.1133,4.432,0.2056,1.1015,-6.3524,-9.109,1.9640827893672839,-12.322400000000016,120
2026-08-10 15:40:45,125.8555,112.8899,4.3931,0.0764,1.16,-6.2658,-8.9587,1.9060107848022767,-12.965599999999995,120
2026-08-10 15:40:46,124.9982,113.6691,4.1015,0.2024,1.1983,-6.7975,-9.7315,1.9060107848022767,-11.329099999999983,120
2026-08-10 15:40:47,124.0125,114.2134,4.4903,0.3042,0.9866,-7.0427,-10.3365,1.858181091461791,-9.79910000000001,120
2026-08-10 15:40:48,124.3431,114.2306,4.5097,,,-7.1243,-10.4361,1.8190141722908395,-10.112500000000011,120
2026-08-10 15:40:50,125.224,112.8383,4.3542,0.2372,1.1001,-6.7179,-9.748,1.8349030150824628,-12.385699999999986,120
2026-08-10 15:40:51,125.5789,113.5545,4.2764,0.0419,1.1687,-6.725,-9.735,1.8403135374228918,-12.024400000000014,120
2026-08-10 15:40:52,125.3533,113.7092,4.3153,0.1785,1.0262,-6.6872,-9.6362,0.6277458273783272,-11.644100000000009,120
2026-08-10 15:40:53,124.8979,113.8467,4.5875,0.2253,1.0236,-6.6094,-9.501,0.6375732557796204,-11.051199999999994,120
2026-08-10 15:40:54,124.6595,113.1878,4.2959,0.124,1.0666,-6.5693,-9.297,0.6999686461034715,-11.471699999999998,120
2026-08-10 15:40:55,124.712,113.4514,4.257,0.2415,1.0546,-6.8737,-9.6689,0.744391403056506,-11.26060000000001,120
2026-08-10 15:40:57,124.826,113.1935,4.1987,0.2378,1.1743,-7.1693,-10.0645,0.6914220907686593,-11.632499999999993,120
2026-08-10 15:40:58,124.9543,112.8039,4.2181,0.2272,1.114,-7.537,-10.5905,0.7658341239268518,-12.15039999999999,120
2026-08-10 15:40:59,123.9053,112.8039,4.257,0.2186,1.1801,-7.9182,-11.1614,1.0690212740551717,-11.101400000000012,120
2026-08-10 15:41:00,123.4558,111.721,4.2376,,,-8.0605,-11.375,1.2821396849541626,-11.734800000000007,120
2026-08-10 15:41:01,124.1486,112.5117,4.1987,0.1936,1.2088,-7.3319,-10.409,1.6940919562535035,-11.636899999999997,120
2026-08-10 15:41:03,123.9863,111.7611,4.257,0.3362,1.3244,-7.3622,-10.356,1.8177504844129069,-12.225200000000001,120
2026-08-10 15:41:04,123.3937,111.1252,4.2376,0.2266,1.213,-6.7754,-9.5337,1.9317226725484644,-12.268499999999989,120
2026-08-10 15:41:05,123.2238,111.0621,4.1987,0.4258,1.2876,-7.2814,-10.2546,1.9812471087369046,-12.161699999999996,120
2026-08-10 15:41:06,123.75,112.1851,4.0043,0.0433,1.2698,-6.4418,-9.0257,2.037294712628468,-11.564899999999994,120
2026-08-10 15:41:07,123.7338,112.294,4.432,0.3897,1.2729,-6.8504,-9.699,2.037294712628468,-11.439799999999991,120
2026-08-10 15:41:08,122.8822,112.9071,4.1598,0.2294,0.9965,-6.7035,-9.366,2.107859898873398,-9.975099999999998,120
2026-08-10 15:41:09,121.0186,109.3719,4.1793,0.3382,1.1392,-6.5864,-9.2076,2.1948128498592716,-11.64670000000001,120
2026-08-10 15:41:10,120.7397,110.1282,4.2959,0.2979,1.1689,-6.4249,-9.1163,2.384558054911367,-10.611499999999978,120
2026-08-10 15:41:11,128.9931,109.71,3.9071,0.1305,1.0779,,,2.6166914088043822,-19.28309999999999,120
2026-08-10 15:41:13,120.863,108.5984,4.1987,0.2671,1.1201,-5.0944,-7.4164,2.911000126451865,-12.264600000000002,120
2026-08-10 15:41:22,117.3826,107.527,4.0821,0.2402,1.2521,4.5162,7.1721,2.0230192047021465,-9.855599999999981,90
2026-08-10 15:41:23,116.3906,106.341,4.2764,0.4466,1.3804,5.8455,9.2518,1.972112068333889,-10.049599999999998,90
2026-08-10 15:41:24,114.302,104.6737,4.2959,,,5.7674,9.205,1.8624820798030257,-9.628300000000024,90
2026-08-10 15:41:25,115.2154,104.4273,4.4708,0.4376,1.2355,5.4337,8.0389,1.7756586876913867,-10.788099999999986,90
2026-08-10 15:41:26,116.4797,101.8031,4.257,0.123,1.1355,5.8817,8.6925,1.5724790882044464,-14.676600000000008,90
2026-08-10 15:41:28,117.4625,106.3696,4.3542,0.0063,1.1011,5.3534,7.7889,1.3988583295126782,-11.092899999999986,90
2026-08-10 15:41:29,117.2172,106.1863,4.257,0.4139,1.082,3.9726,5.7719,1.2223668577871925,-11.030900000000003,90
2026-08-10 15:41:30,116.6013,104.9028,4.257,0.0701,1.1402,4.5171,6.5456,1.0351012427512511,-11.698499999999996,90
2026-08-10 15:41:31,117.4148,106.2035,4.3736,0.168,0.9614,4.057,5.8592,0.9916341204515066,-11.211299999999994,90
2026-08-10 15:41:33,117.3692,106.0144,4.432,,,3.5345,5.1048,1.0724552810352945,-11.354800000000012,90
2026-08-10 15:41:34,116.7795,104.9258,4.0626,0.0227,1.3,3.2795,4.7746,1.1925773839952913,-11.853700000000003,90
2026-08-10 15:41:35,115.8539,105.3268,4.1209,,,3.0611,4.3947,1.1185058124232696,-10.52709999999999,90
2026-08-10 15:41:36,115.716,106.8624,4.2376,0.0975,1.1881,3.0056,4.5065,1.067691100756917,-8.8536,90
2026-08-10 15:41:37,114.9296,106.5358,4.3542,0.4377,1.316,3.1913,4.9139,1.1990155740633954,-8.393799999999999,90
2026-08-10 15:41:39,115.0835,106.3811,4.4708,0.2005,1.0403,4.4277,6.3777,1.258780275157024,-8.702400000000011,90
2026-08-10 15:41:40,116.5558,107.1832,4.3153,0.1346,0.943,4.5718,6.5682,1.3430130328132632,-9.372600000000006,90
2026-08-10 15:41:41,117.6249,107.1202,4.2959,0.2182,0.8025,4.5721,6.5611,1.39100471202848,-10.504700000000014,90
2026-08-10 15:41:43,118.3024,108.3635,4.2959,0.5031,1.099,2.6275,3.772,1.397186546367739,-9.93889999999999,90
2026-08-10 15:41:45,118.3389,107.4239,4.2764,0.4452,1.051,2.2947,3.486,1.4219891770810489,-10.914999999999992,90
2026-08-10 15:41:46,117.808,107.1889,4.3153,0.3987,1.0093,2.8181,3.9973,1.3612499464872483,-10.619100000000003,90
2026-08-10 15:41:47,119.3541,108.1401,4.1793,0.0308,1.1581,3.4322,4.7826,1.2573528910657104,-11.213999999999999,90
2026-08-10 15:41:49,118.7685,107.1947,4.3931,0.3319,0.8946,3.6621,5.3598,1.0318993368057416,-11.573800000000006,90
2026-08-10 15:41:50,119.1864,107.0171,4.3736,0.223,1.1798,4.0425,6.0413,0.771558909688429,-12.169300000000021,90
2026-08-10 15:41:51,119.0739,106.742,4.4708,0.2445,1.2438,3.9956,6.0088,0.6442922515298111,-12.33189999999999,90
2026-08-10 15:41:52,118.6127,108.9422,4.5097,,,3.279,4.8983,0.6341256907360909,-9.670500000000004,90
2026-08-10 15:41:53,118.5594,106.2951,4.3931,0.5422,0.899,4.1108,6.1252,0.6476438766412265,-12.264299999999992,90
2026-08-10 15:41:54,117.6953,107.2806,4.3931,0.6519,0.9809,3.2974,4.8911,0.6724983203368563,-10.414699999999982,90
2026-08-10 15:41:56,118.5436,105.854,4.4708,,,4.3783,6.565,0.6900439224749367,-12.689599999999984,90
2026-08-10 15:41:57,117.7283,106.7248,4.3542,0.2233,1.1747,4.063,6.0494,0.6446603958066088,-11.003500000000003,90
2026-08-10 15:41:58,117.6244,106.0258,4.5486,0.3096,1.0072,4.1602,6.1904,0.6336812866416452,-11.598599999999976,90
2026-08-10 15:41:59,119.4019,106.1175,4.1209,0.1424,1.0392,4.0031,5.9276,0.7009785158331737,-13.284400000000005,90
2026-08-10 15:42:00,119.6364,107.0113,4.2764,0.1404,1.118,4.1143,6.0692,0.9019097838086073,-12.625099999999975,90
2026-08-10 15:42:02,119.4035,107.3093,4.3348,0.3937,1.0638,4.1159,6.1399,1.1538735609356112,-12.0942,90
2026-08-10 15:42:03,119.4981,107.0915,4.257,0.1372,1.0627,4.3307,6.3149,1.3318907652929166,-12.406599999999997,90
2026-08-10 15:42:04,119.5836,107.6473,4.3153,0.5785,0.9826,4.1633,6.1782,1.5561936381174724,-11.936300000000017,90
2026-08-10 15:42:05,119.1759,106.6045,4.2764,,,4.479,6.5868,1.7820997187639833,-12.571399999999983,90
2026-08-10 15:42:07,119.0203,106.7821,4.3153,0.0687,1.0782,5.0928,7.5372,1.9955432595542721,-12.238200000000006,90
2026-08-10 15:42:08,118.9231,107.1832,4.3931,0.4066,1.4002,4.373,6.5469,2.2045510827285932,-11.739900000000006,90
2026-08-10 15:42:09,117.3873,106.5644,4.3542,0.4439,1.5492,4.5119,6.7078,2.3818662009569307,-10.822900000000004,90
2026-08-10 15:42:10,116.2903,105.5961,4.3542,0.5176,1.2069,4.2876,6.3229,2.36896613726076,-10.694199999999995,90
2026-08-10 15:42:12,115.5518,104.7023,4.3931,0.4578,0.8816,4.2644,6.371,2.486087201318273,-10.849500000000006,90
2026-08-10 15:42:13,115.5396,104.2439,4.3736,0.2436,0.7471,4.3673,6.503,2.61977442859694,-11.29570000000001,90
2026-08-10 15:42:14,114.7471,104.9888,4.2959,,,4.3475,6.4957,2.729031821195165,-9.75830000000002,90
2026-08-10 15:42:15,114.3002,102.0151,4.3736,0.6005,0.7066,5.3366,7.868,2.7269091032879436,-12.2851,90
2026-08-10 15:42:16,114.5657,102.4105,4.2959,0.5637,1.4616,5.9369,9.0248,2.647670834120507,-12.155200000000008,90
2026-08-10 15:42:17,114.4956,102.5824,4.3348,0.3647,1.263,7.3902,11.4515,2.699105545197748,-11.91319999999999,90
2026-08-10 15:42:18,113.2554,102.1698,4.6847,0.262,0.833,7.8344,12.1245,2.5751399239320794,-11.0856,90
2026-08-10 15:42:19,113.1343,102.2157,4.4125,0.3235,0.7235,8.1673,12.649,2.387923927463134,-10.918599999999998,90
2026-08-10 15:42:21,113.1473,100.0957,4.4514,0.3207,1.0872,8.5028,13.1521,2.325368736943884,-13.051600000000008,90
2026-08-10 15:42:22,120.1842,100.4395,4.3931,0.1785,1.2502,9.0383,14.0986,2.353998468778676,-19.744700000000023,120
2026-08-10 15:42:23,111.7065,100.4452,4.5097,0.3019,0.8973,9.0615,14.1258,2.339222772550547,-11.261300000000006,90
2026-08-10 15:42:24,111.0645,100.9208,4.3542,0.2555,1.5533,9.2574,14.2769,2.291593567426078,-10.143699999999995,90
2026-08-10 15:42:25,111.3237,101.9578,4.3931,0.3131,0.9059,9.154,14.4503,2.248473073334345,-9.36590000000001,90
2026-08-10 15:42:26,111.8949,99.815,4.4514,0.0907,0.4107,8.3574,13.0173,2.2442988660874854,-12.07990000000001,90
2026-08-10 15:42:27,111.2139,101.3734,4.4708,0.2915,0.5865,8.2985,12.9199,2.237770732153345,-9.840499999999992,90
2026-08-10 15:42:28,111.4596,103.2871,4.4514,0.3478,0.6792,8.1766,12.7688,2.1757802911972703,-8.172500000000014,90
2026-08-10 15:42:30,111.2129,102.187,4.4903,0.5223,1.0919,8.4556,13.7143,2.1308797407901934,-9.025900000000007,90
2026-08-10 15:42:31,110.4386,100.5484,4.5097,0.3369,1.121,8.0365,13.2345,2.0887743850407747,-9.890199999999993,90
2026-08-10 15:42:32,110.3932,100.726,4.5097,,,8.3079,13.848,2.1183918168700386,-9.66719999999998,90
2026-08-10 15:42:33,110.744,101.2416,4.5486,0.2178,0.8597,9.0316,14.883,0.6913319272115364,-9.502399999999994,90
2026-08-10 15:42:34,110.8835,100.7317,4.5291,0.3988,0.3776,9.1529,15.1359,1.0213108405004814,-10.15179999999998,90
2026-08-10 15:42:35,111.5085,101.6542,4.5097,0.4072,0.9236,8.9033,14.9306,1.2504861847224025,-9.854299999999995,90
2026-08-10 15:42:36,110.5332,99.5113,4.5486,0.5655,0.6736,8.3663,13.938,1.4222469822707156,-11.021899999999988,90
2026-08-10 15:42:38,111.0064,99.9639,4.4514,-0.1591,1.3489,9.0607,14.6623,1.8374540569987157,-11.042500000000018,90
2026-08-10 15:42:39,111.6525,101.2703,4.5097,0.6528,1.0642,9.9502,15.2325,2.359867329146332,-10.382200000000012,90
2026-08-10 15:42:40,111.8546,99.4483,4.4708,-0.4811,0.7691,10.5673,16.1313,2.8507147632597314,-12.406299999999987,90
2026-08-10 15:43:44,2.2472,35.9073,8.1836,-0.6544,1.7365,39.2188,70.8221,2.1189063153772807,33.6601,0
2026-08-10 15:43:45,4.0679,33.9764,8.6306,-0.3854,2.5721,32.2645,62.2485,2.1245517610853804,29.908500000000004,0
2026-08-10 15:43:46,3.4393,34.7728,8.0475,0.0359,3.0546,39.1808,72.0986,2.2144210975394842,31.333499999999987,0
2026-08-10 15:43:47,3.3465,32.7789,8.1641,-0.2185,2.3832,34.4116,63.8019,2.635234414102929,29.4324,0
2026-08-10 15:43:48,1.4799,33.73,7.1533,-0.1149,2.3593,40.2052,75.3109,2.663768981801727,32.2501,0
2026-08-10 15:43:49,4.5728,34.3947,7.7559,-1.0014,1.724,28.0059,59.5091,2.92500528827049,29.8219,0
2026-08-10 15:44:20,356.0956,27.1754,8.2419,-1.9532,2.8076,37.9211,74.0963,2.835817371048619,31.079800000000034,330
2026-08-10 15:44:21,355.8781,29.3068,8.4751,0.1309,1.8221,50.7763,87.8779,2.087336651517242,33.42869999999999,330
2026-08-10 15:44:22,359.6894,30.5959,8.2808,-0.7221,2.3412,33.6492,68.773,1.7510447203886856,30.90650000000005,330
2026-08-10 15:44:24,357.8844,29.5532,8.2808,0.627,2.2619,35.1393,71.6458,1.6285403635124847,31.668799999999976,330
2026-08-10 15:44:25,358.2723,31.1001,8.0086,-0.0706,2.3886,44.5083,82.0641,1.439474672828402,32.827800000000025,330
2026-08-10 15:44:26,356.7181,28.7739,8.7084,0.2661,2.2986,42.8869,80.7061,1.4967212981666873,32.05580000000003,330
2026-08-10 15:44:27,354.6834,29.175,8.203,-0.4613,2.156,43.2007,83.1485,1.5178786991047135,34.491600000000005,330
2026-08-10 15:44:29,355.2829,31.06,7.892,0.548,2.0423,44.2297,85.9532,1.8859856691674701,35.77710000000002,330
2026-08-10 15:44:30,356.8348,27.5936,8.203,-2.1308,2.9672,34.9406,68.7878,1.8971472810796484,30.758800000000008,330
2026-08-10 15:44:31,356.3141,30.3037,7.9503,1.4364,2.4641,31.8732,64.0588,1.9513925366634195,33.989599999999996,330
2026-08-10 15:44:32,357.3173,30.3037,8.378,-0.9083,2.5513,37.6346,72.4188,2.055096262657677,32.9864,330
2026-08-10 15:44:33,355.5515,29.748,8.378,-0.1673,1.6108,39.7079,75.6154,1.8407400939229597,34.196500000000015,330
2026-08-10 15:44:35,357.0056,25.743,7.717,0.4932,2.3905,41.1847,82.0875,1.9036700461430864,28.73739999999998,330
2026-08-10 15:44:36,354.3605,24.6658,8.2613,-0.1913,2.3685,37.173,77.1264,1.9486584465364654,30.30529999999999,330
2026-08-10 15:44:37,355.3521,27.8286,8.5335,-2.0734,2.9044,47.9812,94.9138,2.067106208339775,32.47649999999999,330
2026-08-10 15:44:38,353.8476,28.4588,7.6587,0.2767,2.3543,30.7087,68.7645,2.115259698862137,34.6112,330
2026-08-10 15:44:39,351.4337,29.4099,8.8056,-2.417,1.6709,51.1004,92.6032,2.1486005628890195,37.976200000000006,330
2026-08-10 15:44:40,353.2403,27.1639,9.0,-0.0904,2.7999,27.0723,63.095,2.1454016001158682,33.92360000000002,330
2026-08-10 15:44:42,353.1229,28.5333,8.2419,-0.1172,2.2008,37.4677,76.2216,2.21748704158616,35.41039999999998,330
2026-08-10 15:44:43,353.7551,29.9199,8.1447,,,39.5227,78.5871,2.4323910444845493,36.16479999999996,330
2026-08-10 15:44:44,355.7674,29.6849,7.8726,-0.2272,2.2343,41.7185,79.5443,2.5889690966413292,33.91750000000002,330
2026-08-10 15:44:45,359.0959,31.2892,9.1749,-2.0338,2.174,45.9068,86.8985,2.841903259621702,32.19330000000002,330
2026-08-10 15:44:46,358.7803,31.3465,8.6112,-0.7847,2.4328,41.5695,80.9453,2.9154427210184366,32.56619999999998,330
2026-08-10 15:44:47,358.6844,31.3465,8.2613,-0.3709,2.5585,,,2.9699069307691355,32.66210000000001,330
2026-08-10 15:44:50,355.673,27.3645,8.4363,0.2225,1.1996,38.9459,80.2156,2.966573162409634,31.69150000000002,330
2026-08-10 15:44:53,350.8977,23.1418,9.5054,-1.0332,2.4884,26.7033,56.6487,2.997908426834731,32.2441,330
2026-08-10 15:44:54,351.4404,26.2071,8.7667,,,48.5636,87.1996,2.990883273368625,34.766700000000014,330
2026-08-10 15:44:56,350.7832,28.3614,8.1058,-1.2464,1.9714,51.0514,88.2878,2.9233325443868345,37.57819999999998,330
2026-08-10 15:44:57,351.8613,28.2984,8.4946,0.6195,2.4617,44.4731,83.7712,2.6695227115614224,36.43709999999999,330
2026-08-10 15:44:59,354.1408,29.261,8.4751,1.3211,2.337,43.071,84.4126,2.434731691726174,35.12020000000001,330
2026-08-10 15:45:00,354.7147,29.6792,8.5723,0.3703,1.6195,39.9346,81.9234,2.1332803033632706,34.96449999999999,330
2026-08-10 15:45:23,11.325,35.913,8.2808,,,37.5124,69.4734,2.9744550339103806,24.587999999999994,0
2026-08-10 15:46:39,4.8986,34.6238,8.1058,-0.5888,1.9372,,,2.7659832732646557,29.7252,0
2026-08-10 15:46:40,7.1388,36.0734,8.1641,-1.0572,2.1123,31.824,61.1839,2.6831486300132052,28.93459999999999,0
2026-08-10 15:46:41,5.4452,35.7239,8.1253,0.6316,2.5502,41.0258,72.7804,2.6831486300132052,30.278700000000015,0
2026-08-10 15:46:42,4.9907,35.7296,8.5529,-1.1901,2.6296,40.5089,73.6769,2.6096206076036497,30.7389,0
2026-08-10 15:46:44,4.3116,35.7296,8.1253,0.5197,2.1285,26.9711,53.1605,2.1941501455613954,31.418000000000006,0
2026-08-10 15:46:45,1.9955,35.7296,8.4751,-0.6859,1.4103,44.0806,76.2453,2.157784815315643,33.73410000000001,0
2026-08-10 15:46:46,3.281,34.4348,8.5918,-1.0884,2.3641,36.4858,68.0733,2.361218237634518,31.15379999999999,0
2026-08-10 15:46:48,2.6546,35.6208,8.3002,-2.1839,2.7541,24.7079,49.9522,2.8343780147155595,32.966200000000015,0
2026-08-10 15:46:52,1.7002,32.4695,8.6695,-0.2989,2.2517,37.4234,70.8603,2.9037478480878414,30.769299999999987,0
2026-08-10 15:46:53,0.3324,33.0253,8.1253,-0.4628,2.1853,38.8324,72.6013,2.7618443719142274,32.69290000000001,0
2026-08-10 15:46:54,359.502,33.0482,8.9028,-0.4394,1.9697,41.2234,75.2016,2.8188451254144478,33.5462,330
2026-08-10 15:46:55,359.7268,30.2579,7.9503,-0.9325,2.8057,43.3941,76.8072,2.643859505461548,30.53109999999998,330
2026-08-10 15:46:56,358.233,30.4642,8.0864,0.6308,2.3907,31.4073,62.3211,2.5955763796051103,32.2312,330
2026-08-10 15:46:58,355.8734,30.573,7.8142,0.1768,2.5524,48.5418,83.4976,2.3133678430859725,34.699599999999975,330
2026-08-10 15:46:59,355.7838,30.5215,8.3002,-1.0992,2.8607,34.1033,65.0734,2.2982420329038766,34.73770000000002,330
2026-08-10 15:47:00,355.8421,30.5215,8.3391,-0.4914,2.4149,50.2785,84.7002,2.5735028160678914,34.67939999999999,330
2026-08-10 15:47:01,356.7416,30.5215,8.3391,-0.984,1.6266,28.1814,55.4617,2.614683978148546,33.7799,330
2026-08-10 15:47:02,359.9873,30.5215,8.1447,,,41.9526,76.033,2.614683978148546,30.5342,330
2026-08-10 15:47:03,356.6155,31.7877,8.825,-1.6238,2.3653,47.6316,83.0835,2.7602371013557128,35.172199999999975,330
2026-08-10 15:47:04,355.9817,31.272,8.5335,0.2803,3.4745,42.177,76.0115,2.9603877534381207,35.2903,330
2026-08-10 15:47:14,3.8882,32.6357,8.0281,-0.8367,1.7811,40.4193,73.2675,2.997899622900315,28.747500000000002,0
2026-08-10 15:47:15,2.5281,32.7388,8.1253,0.5049,2.3592,40.3146,74.881,2.6422612181179783,30.210700000000003,0
2026-08-10 15:47:16,2.5329,32.7388,8.514,-0.2071,2.0712,39.7865,71.7785,2.6003158524018546,30.205899999999986,0
2026-08-10 15:47:17,3.5563,32.7388,8.6112,-0.487,2.2635,39.5135,71.5877,2.1154385694685534,29.182500000000005,0
2026-08-10 15:47:18,3.169,32.7388,8.4751,-1.41,2.6195,37.8129,70.3152,1.942970340972859,29.569799999999987,0
2026-08-10 15:47:20,5.8038,34.1655,9.136,-1.255,2.4612,33.0836,65.1343,1.9015393055400578,28.361700000000013,0
2026-08-10 15:47:21,3.8975,34.1827,8.2419,-0.3183,2.5961,39.0751,71.0038,2.228762630167004,30.285200000000003,0
2026-08-10 15:47:22,5.169,34.1827,8.514,,,35.733,67.7269,2.2933810578792317,29.0137,0
2026-08-10 15:47:23,8.2676,34.1827,8.3974,-1.3927,2.2805,38.4576,71.0637,2.4019818669874766,25.915099999999995,0
2026-08-10 15:47:35,357.2192,29.9714,7.9697,-0.8692,2.0916,41.6953,72.7838,2.9569485291685806,32.752200000000016,330
2026-08-10 15:47:36,356.289,31.845,8.3391,-0.5526,1.8381,45.7901,78.3471,2.445884203377711,35.55600000000004,330
2026-08-10 15:47:37,0.5381,28.2927,8.5529,-2.5558,3.1708,31.2118,59.0449,2.0115666588871868,27.75460000000001,0
2026-08-10 15:47:39,359.6226,28.327,9.5831,,,36.286,68.4169,1.3448399291050104,28.70440000000002,330
2026-08-10 15:47:40,358.403,28.327,8.1253,-0.1299,1.374,43.5268,75.8492,1.2112959022966743,29.923999999999978,330
2026-08-10 15:47:42,356.5411,28.327,8.2419,-0.4117,2.2065,39.7599,70.7842,1.2785381367417048,31.785900000000026,330
2026-08-10 15:47:43,356.3112,30.4069,8.1836,-1.2483,2.2967,44.6757,77.257,1.2825065106928903,34.09570000000002,330
2026-08-10 15:47:45,357.7853,30.4699,8.378,-0.1601,2.0264,44.6329,77.0652,1.3631821250235623,32.68459999999999,330
2026-08-10 15:47:46,358.2199,31.7705,8.1253,,,42.8476,75.2539,1.4019145017369228,33.55060000000003,330
2026-08-10 15:47:47,358.3785,30.298,8.3196,-0.2523,2.6922,43.2209,74.5545,1.4461734778515012,31.919500000000028,330
2026-08-10 15:47:48,358.4243,29.3641,8.1058,-0.4719,1.8548,38.2696,69.6081,1.286220896917748,30.93979999999999,330
2026-08-10 15:47:50,357.5932,29.9714,8.4168,0.5402,1.9753,29.8193,56.9994,1.2061430696555586,32.37819999999999,330
2026-08-10 15:47:51,357.4223,27.9088,8.203,-0.6468,2.0867,48.6495,82.337,1.1710854952355743,30.486499999999978,330
2026-08-10 15:47:52,355.3994,29.3125,8.6112,-0.8888,2.8488,41.979,73.3959,1.1916846536693166,33.913099999999986,330
2026-08-10 15:47:53,356.4437,28.0004,8.5335,-0.2691,2.7292,44.3253,76.7308,1.2283109638776983,31.556700000000035,330
2026-08-10 15:47:54,355.8645,28.625,8.514,,,,,1.2656283490626214,32.76049999999998,330
2026-08-10 15:47:55,355.3269,29.6792,8.1836,-0.2766,2.3633,43.338,74.7715,1.2656283490626214,34.35229999999996,330
2026-08-10 15:47:57,355.5616,28.2869,8.6501,-0.6135,2.0253,41.3263,72.4698,1.1973090465663194,32.725300000000004,330
2026-08-10 15:48:00,356.387,29.1406,8.4946,-0.1982,2.3759,37.9802,69.0394,1.8394891356165386,32.753600000000006,330
2026-08-10 15:48:02,355.257,30.5902,7.6976,,,45.2321,77.4085,2.3897932630688823,35.33319999999998,330
2026-08-10 15:50:14,311.5083,356.1563,9.0,,,61.6365,114.2418,2.9096898683687518,44.64799999999997,300
2026-08-10 15:50:16,309.7476,356.4428,9.3887,-0.4094,1.7247,61.3179,113.4912,2.0934379206206897,46.6952,300
2026-08-10 15:50:17,311.8478,355.5146,9.3304,-1.269,2.3629,62.9526,117.198,1.5468014433779447,43.66679999999997,300
2026-08-10 15:50:18,310.5102,356.4428,9.3304,1.472,1.5235,49.1494,116.8693,1.5119841490992394,45.93259999999998,300
2026-08-10 15:50:19,308.7464,355.1765,9.5248,-2.2652,2.1429,72.2812,123.9657,1.4170785791778744,46.43009999999998,300
2026-08-10 15:50:20,310.4502,356.4313,9.3693,-0.2733,2.3253,59.4756,122.1165,1.54996609813859,45.981100000000026,300
2026-08-10 15:50:22,309.7913,356.162,9.5054,,,64.4128,124.4309,1.3648484925388435,46.3707,300
2026-08-10 15:50:23,310.3721,355.251,9.6026,0.1167,2.6052,63.4946,118.7645,1.3285223269636577,44.87889999999999,300
2026-08-10 15:50:24,311.8048,357.6918,9.3499,-0.7505,1.9673,64.8789,118.9444,1.4557482180902788,45.887,300
2026-08-10 15:50:25,312.7101,356.4256,9.1944,0.3814,2.0319,60.1874,114.4203,1.4883952492294574,43.71549999999996,300
2026-08-10 15:50:27,311.9092,357.7778,9.2527,-1.509,2.0168,65.0991,117.3573,1.4994045906090143,45.868600000000015,300
2026-08-10 15:50:28,313.2226,356.4714,9.2721,0.2203,2.726,63.832,118.5992,1.4647253612087052,43.24880000000002,300
2026-08-10 15:50:29,310.9494,354.8671,9.2138,0.7778,2.4874,62.5,116.0119,1.5337711696729937,43.91769999999997,300
2026-08-10 15:50:30,308.1935,353.3717,9.3887,-0.1407,1.9793,57.0976,109.6318,1.4820876504131635,45.178200000000004,300
2026-08-10 15:50:31,309.0826,355.7839,8.9028,,,,,1.482827445455473,46.7013,300
2026-08-10 15:50:32,310.412,354.214,9.0389,-2.2886,2.019,62.785,111.4599,1.482827445455473,43.80200000000002,300
2026-08-10 15:50:33,309.9069,353.6639,9.2332,-0.2923,2.4189,69.0381,120.0097,1.5964281139393843,43.757000000000005,300
2026-08-10 15:50:34,307.8032,354.1739,8.8639,1.3264,2.3471,64.567,119.4435,1.5949013600198334,46.3707,300
2026-08-10 15:50:35,308.7139,353.5608,9.2916,-1.4987,2.0821,57.5626,109.8846,1.5741403905611553,44.84689999999995,300
2026-08-10 15:50:37,309.366,355.7208,8.5918,0.0921,2.0702,57.2927,109.302,1.4929091278072149,46.35480000000001,300
2026-08-10 15:50:38,311.0396,355.7781,9.2527,-1.2261,2.501,58.6525,112.8077,1.4599960836158785,44.73849999999999,300
2026-08-10 15:50:39,312.2646,355.3656,8.9805,0.1713,2.6948,60.9083,114.343,1.3361906888203583,43.101,300
2026-08-10 15:50:40,310.5055,355.8526,8.9417,-0.2569,1.6583,58.8263,112.7214,1.333725852884212,45.34710000000001,300
2026-08-10 15:50:41,310.6791,356.1964,8.6695,-0.507,1.4357,65.1814,116.6013,1.358487514397151,45.51729999999998,300
2026-08-10 15:50:43,313.2098,356.2709,9.3304,-1.2276,2.2941,67.1475,116.724,1.4786318800705178,43.06110000000001,300
2026-08-10 15:50:44,310.7918,354.5348,9.2332,0.2589,1.8618,66.9986,119.6732,1.4763399687500192,43.742999999999995,300
2026-08-10 15:50:45,310.979,355.3885,9.2138,-1.4693,2.1481,61.2509,113.4242,1.4333332216864412,44.40950000000004,300
2026-08-10 15:50:46,310.5608,352.1227,9.2527,0.6001,2.5322,68.5,120.7445,1.385417787044649,41.56190000000004,300
2026-08-10 15:50:48,310.9736,354.9359,9.4082,-0.7151,2.6667,59.7709,116.2578,1.3694928219287292,43.96230000000003,300
2026-08-10 15:50:49,311.6725,354.7354,9.3693,,,63.1906,116.7284,1.4249573676374674,43.06290000000001,300
2026-08-10 15:50:50,309.8934,353.1998,8.8445,0.8184,2.4102,61.3455,117.2313,1.3995827639976381,43.3064,300
2026-08-10 15:50:51,307.9289,351.8591,8.9611,1.1612,2.7385,59.0723,112.6497,1.4076599417910998,43.93020000000001,300
2026-08-10 15:50:53,307.9596,353.9046,9.136,-0.4631,2.0188,47.3023,105.2786,1.3792635457812938,45.94499999999999,300
2026-08-10 15:50:54,310.374,354.7182,8.8445,-1.0392,2.5546,71.3631,124.3877,1.197795261795154,44.3442,300
2026-08-10 15:50:55,308.2755,355.3885,8.8833,0.3374,1.9674,63.7019,124.3021,1.1976302248577626,47.113,300
2026-08-10 15:50:56,309.7569,355.5661,9.0389,-1.2351,2.7694,60.6601,120.2587,1.1675012004615604,45.80920000000003,300
2026-08-10 15:50:57,309.8478,357.3194,9.0583,-1.2737,2.1444,62.6774,118.0771,1.155039924718337,47.47159999999997,300
2026-08-10 15:50:59,312.1624,355.337,9.0194,0.8295,2.6724,62.3612,114.2237,1.161287632925074,43.1746,300
2026-08-10 15:51:00,308.806,354.3286,8.6695,0.633,2.253,49.7684,104.5431,1.250175710460373,45.52260000000001,300
2026-08-10 15:51:01,309.5499,352.604,8.8639,-1.377,1.9521,67.9355,115.0461,1.2859864687342255,43.054100000000005,300
2026-08-10 15:51:02,309.4391,351.6185,9.3499,-0.3175,2.0472,70.0942,120.2847,1.3026167686434444,42.17939999999999,300
2026-08-10 15:51:03,310.6873,0.0,9.0194,-0.0923,2.1944,59.8608,111.3627,1.360644864199648,49.31270000000001,300
2026-08-10 15:51:05,309.0707,354.3916,9.0777,1.055,1.8944,61.0148,116.9016,1.3636610200932155,45.320899999999995,300
2026-08-10 15:51:06,310.0926,352.1112,9.311,-0.2248,2.3785,69.9527,120.6467,1.3700089530161121,42.01859999999999,300
2026-08-10 15:51:07,310.0739,353.1253,9.1555,,,57.2616,112.5985,1.3626327834735519,43.0514,300
2026-08-10 15:51:08,308.3746,351.8419,9.7581,-1.62,2.5784,67.5247,122.1471,1.3457757493020954,43.46730000000002,300
2026-08-10 15:51:10,306.6006,351.6414,8.8833,-0.508,1.8602,61.2032,114.4559,1.234432998969753,45.04079999999999,300
2026-08-10 15:51:11,307.9062,351.9508,8.7473,-1.0934,2.4244,,,1.2352860077688008,44.0446,300
2026-08-10 15:51:12,307.6716,353.3774,8.7084,-0.1489,2.1562,63.9498,117.7242,1.3979427143352536,45.70580000000001,300
2026-08-10 15:51:13,307.0371,352.5638,8.7278,,,62.1654,116.2321,1.487910675550009,45.526700000000005,300
2026-08-10 15:51:14,307.9482,353.4806,8.7667,0.1201,2.1893,65.7486,119.1055,1.4886287035327506,45.532399999999996,300
2026-08-10 15:51:16,308.097,352.7357,8.6695,0.6231,2.8837,68.5354,121.1996,1.515834436251522,44.63870000000003,300
2026-08-10 15:51:17,309.4805,352.6899,9.0583,-0.9147,2.5503,70.147,118.2492,1.526771352403186,43.20940000000002,300
2026-08-10 15:51:18,309.0048,353.9962,8.7667,-1.1245,2.2286,71.8103,123.4524,1.6491857972949806,44.9914,300
2026-08-10 15:51:20,311.294,354.6895,8.9417,-0.7413,2.6661,65.1598,118.5212,1.628677126469652,43.39550000000003,300
2026-08-10 15:51:21,308.6809,355.4344,8.9222,,,65.6993,119.3675,1.4783283189389143,46.753499999999974,300
2026-08-10 15:51:22,311.7114,355.9099,9.1166,-0.5957,1.9747,65.451,119.0904,1.437021734821257,44.19849999999997,300
2026-08-10 15:51:23,311.196,355.5547,9.3304,-1.6752,2.8434,68.0349,120.5309,1.3744439314009875,44.3587,300
2026-08-10 15:51:24,310.6988,355.4917,9.136,-0.0743,2.0471,55.9509,115.5929,1.2372783627301,44.792899999999975,300
2026-08-10 15:51:25,310.3325,354.9817,9.0194,-0.1489,2.5131,70.9539,122.6348,1.134444462138597,44.64920000000001,300
2026-08-10 15:51:27,310.3663,356.3396,8.6501,-0.5347,2.0461,63.3714,114.0021,1.3713885396340644,45.973299999999995,300
2026-08-10 15:51:28,311.9562,356.1907,8.8445,-0.3994,2.3729,63.8223,114.9202,1.4003597173066868,44.23449999999997,300
2026-08-10 15:51:29,310.9726,356.9355,9.0194,0.5882,2.1723,67.3198,118.5087,1.4728235389427018,45.96289999999999,300
2026-08-10 15:51:30,309.6841,353.7957,8.9028,,,61.5128,113.0664,1.4525796722612883,44.11160000000001,300
2026-08-10 15:51:31,310.2762,354.8442,8.9222,-0.4012,2.1481,64.0758,114.6943,1.4091726549982746,44.567999999999984,300
2026-08-10 15:51:32,308.671,354.4775,9.0389,-0.5952,2.2368,65.2587,115.1885,1.3882270202622808,45.80650000000003,300
2026-08-10 15:51:33,308.6719,353.6467,9.0,0.3241,2.6465,63.7838,116.0317,1.9783829132316728,44.974800000000016,300
2026-08-10 15:51:35,309.7678,352.1284,9.0389,,,62.7264,112.5466,2.004759897331404,42.36059999999998,300
2026-08-10 15:51:36,308.5132,354.0593,8.7667,-1.5492,3.02,74.2537,122.4369,2.0078992122774646,45.546100000000024,300
2026-08-10 15:51:37,306.303,353.1998,8.6501,0.7287,1.6185,57.6113,109.4718,1.9608320910363475,46.896799999999985,300
2026-08-10 15:51:38,308.5859,352.0768,8.7667,-1.0338,2.3686,69.4911,116.8406,1.993805956787448,43.49090000000001,300
2026-08-10 15:51:39,307.6946,355.4229,8.5918,-1.2892,2.1405,70.7686,119.871,1.9420296606673286,47.72830000000005,300
2026-08-10 15:51:40,310.793,355.7094,9.3499,-0.0325,2.0753,67.9787,119.5694,1.9373233618699075,44.91640000000001,300
2026-08-10 15:51:41,309.7521,354.8213,9.2916,-0.3186,2.2766,66.6028,118.6427,1.9895522017298206,45.06920000000002,300
2026-08-10 15:51:42,309.9233,354.34,9.0389,-0.7887,2.4254,67.1222,118.5495,1.9920154671519665,44.41669999999999,300
2026-08-10 15:51:43,316.31,355.1536,9.2916,-1.0945,2.277,68.582,119.4149,2.044937349788591,38.84359999999998,300
2026-08-10 15:51:45,309.9958,355.9386,9.2916,-0.649,2.0506,69.1648,120.5972,2.0160507773507432,45.942800000000034,300
2026-08-10 15:51:46,310.552,356.0302,9.1944,-1.2246,2.6441,,,2.016611210192759,45.47819999999996,300
2026-08-10 15:51:47,310.6465,357.4455,9.2332,-0.7431,1.65,66.0381,118.2363,2.0156189825621134,46.79899999999998,300
2026-08-10 15:51:48,311.6178,355.4802,9.7192,-2.0226,1.7252,62.048,116.1523,1.8814959152358453,43.86240000000004,300
2026-08-10 15:51:49,310.0863,356.2995,9.5637,-1.1483,2.6428,63.1241,118.263,1.8482069641466279,46.21320000000003,300
2026-08-10 15:51:50,310.7899,355.7781,9.5054,0.1644,2.5071,62.6161,122.8543,1.772883319288651,44.988200000000006,300
2026-08-10 15:51:52,310.4806,354.5004,9.3887,-0.2867,1.7351,61.666,120.3596,1.7735490665037625,44.01980000000003,300
2026-08-10 15:51:53,307.5966,354.7755,9.3887,,,59.5186,114.9141,1.8234153268969955,47.1789,300
2026-08-10 15:51:54,310.2544,355.337,9.3499,-1.5783,1.9949,57.5847,114.1951,1.0586095561274025,45.08260000000001,300
2026-08-10 15:51:55,308.0718,355.7037,9.311,-0.6853,2.2658,65.9465,127.0186,1.0343968744784282,47.63190000000003,300
2026-08-10 15:51:56,309.6428,354.2827,9.1166,0.4986,2.311,55.4014,122.291,1.089463851802464,44.639899999999955,300
2026-08-10 15:51:57,308.5414,353.3832,8.7278,0.4649,2.3998,57.4671,116.6354,1.137180813413914,44.84179999999998,300
2026-08-10 15:51:59,309.8204,354.3228,8.7278,-1.3329,2.279,63.623,115.9502,1.0454919205103155,44.502399999999966,300
2026-08-10 15:52:00,309.0535,353.9561,8.9611,-0.919,2.1229,64.7496,120.1842,1.0480266619993803,44.90260000000001,300
2026-08-10 15:52:01,310.8751,355.3885,9.0389,-1.1347,2.2096,70.8367,121.0248,1.0749794942908515,44.51340000000005,300
2026-08-10 15:52:02,309.8186,355.5432,9.1749,0.0787,2.2635,74.8837,126.7483,1.0467867611289121,45.72460000000001,300
2026-08-10 15:52:04,311.1684,354.1108,9.311,-0.2337,2.3978,67.997,123.025,1.0467305941318825,42.942399999999964,300
2026-08-10 15:52:05,310.4118,354.0593,9.2332,0.2559,2.7147,69.0383,122.8212,1.0718665299879544,43.64749999999998,300
2026-08-10 15:52:07,308.2548,352.8446,8.9805,0.3552,2.1504,62.777,117.8072,1.064893435215295,44.589800000000025,300
2026-08-10 15:52:08,309.7874,0.0,8.8833,-0.3272,2.1503,65.5246,118.4083,1.028826779656398,50.21260000000001,300
2026-08-10 15:52:10,310.1713,355.463,8.9611,0.2688,2.1512,64.1319,123.474,1.1190601225866932,45.29170000000005,300
2026-08-10 15:52:11,311.1481,355.0849,9.136,-0.6103,2.3706,64.794,122.1021,1.1087125534636684,43.936800000000005,300
2026-08-10 15:52:12,309.3327,354.5635,8.7667,-0.9714,2.3755,64.7452,123.3269,1.111008386843767,45.23079999999999,300
2026-08-10 15:52:13,310.2008,356.2709,9.311,-1.0066,1.9707,58.7995,120.9173,1.1396055026755383,46.07009999999997,300
2026-08-10 15:52:14,311.9196,355.0562,9.5637,-0.8866,2.2637,60.8982,122.032,1.1141776944299266,43.13659999999999,300
2026-08-10 15:52:16,308.1396,354.3801,9.5443,-1.9398,1.6075,58.8899,119.7334,1.1016134789435035,46.240500000000054,300
2026-08-10 15:52:17,309.7339,353.9103,9.2916,,,66.8221,128.1513,1.0714740762376604,44.1764,300
2026-08-10 15:52:18,310.5774,354.1051,9.5831,0.8417,2.6598,64.8317,125.3578,1.0361926418281246,43.52769999999998,300
2026-08-10 15:52:19,307.9399,355.7094,9.5443,-0.8656,2.2816,63.2666,125.5627,1.186736380899507,47.769499999999994,300
2026-08-10 15:52:20,308.9097,352.3404,9.3887,-0.3185,1.6792,62.2758,120.7131,1.4432391521619028,43.4307,300
2026-08-10 15:52:21,310.1913,354.615,9.8747,-2.1177,2.0278,71.0175,128.4502,1.475660232992258,44.4237,300
2026-08-10 15:52:23,310.8516,356.6319,9.4665,-0.9983,1.9838,66.2747,122.887,1.5347470144560509,45.780299999999954,300
2026-08-10 15:52:24,310.3679,356.7063,9.6609,-0.4155,2.288,65.58,121.1303,1.5398503547615556,46.33839999999998,300
2026-08-10 15:52:25,310.4829,355.251,9.5248,-0.6546,2.5386,65.4769,119.2941,1.36305730196193,44.768100000000004,300
2026-08-10 15:52:26,308.6645,353.8301,9.5443,0.1605,2.1198,,,1.3840728686547548,45.16560000000004,300
2026-08-10 15:52:27,309.0806,353.154,9.5637,-0.1703,2.027,62.2492,117.6508,1.4162793825158513,44.07339999999999,300
2026-08-10 15:52:29,307.3975,351.0627,9.4082,-0.7431,2.2655,62.008,117.2119,1.316791545159074,43.66520000000003,300
2026-08-10 15:52:30,305.9243,353.2228,9.0583,1.4305,2.6241,62.7008,121.6734,1.3514293574213654,47.29849999999999,300
2026-08-10 15:52:32,306.8729,353.6811,8.825,0.3217,2.0907,65.0457,120.2921,1.3834951832062692,46.8082,300
2026-08-10 15:52:33,308.6892,353.0967,9.0194,-0.3009,2.3268,59.2555,116.4308,1.4540168577041261,44.40749999999997,300
2026-08-10 15:52:34,307.8943,353.5092,9.0389,-1.2253,2.1725,69.3891,120.5109,1.4602498448636,45.614900000000034,300
2026-08-10 15:52:35,308.5285,353.4347,9.0389,-0.5732,2.3479,59.8797,117.853,1.455081166442167,44.90620000000001,300
2026-08-10 15:52:36,307.0867,353.3889,8.825,-0.3969,2.8876,65.6029,120.3944,1.401044054181869,46.30219999999997,300
2026-08-10 15:52:38,308.3903,353.3316,8.4946,-1.63,2.0052,66.9669,119.0863,1.4325050864336555,44.941299999999956,300
2026-08-10 15:52:39,308.4763,355.0276,8.7278,,,68.7325,117.5723,1.3983209098280294,46.551300000000026,300
2026-08-10 15:52:40,310.0698,355.8985,8.8639,-0.4681,2.013,66.03,120.5013,1.3657721204949018,45.828700000000026,300
2026-08-10 15:52:41,308.9629,354.5577,8.9417,-0.8174,3.3571,69.4365,121.7022,1.1717056117216245,45.59480000000002,300
2026-08-10 15:52:42,310.6241,355.7724,8.7473,0.2224,2.091,61.647,117.7756,1.1428868029908894,45.148300000000006,300
2026-08-10 15:52:43,311.1439,355.6234,8.9611,-1.7683,2.4896,66.0796,118.1436,1.057997590184268,44.47950000000003,300
2026-08-10 15:52:44,310.9322,355.6693,9.1166,-0.555,2.3016,66.5298,122.7452,1.0966526292235865,44.7371,300
2026-08-10 15:52:46,309.375,353.853,9.1749,-0.3731,2.2854,61.4063,113.9612,1.0671003255274432,44.47800000000001,300
2026-08-10 15:52:47,309.7115,355.1021,9.1749,-0.8204,2.3565,66.8915,117.2412,0.9169492985448637,45.390600000000006,300
2026-08-10 15:52:48,309.6073,353.4806,9.3499,0.8013,2.6087,68.0736,121.4909,0.8942771400388226,43.87329999999997,300
2026-08-10 15:52:49,308.2318,353.0795,9.1944,-0.3238,2.1389,68.2612,119.1297,0.9041645512025476,44.847699999999975,300
2026-08-10 15:52:50,308.2157,353.0451,9.2527,-1.1832,2.3129,67.5561,118.9078,0.9041954768073198,44.829399999999964,300
2026-08-10 15:52:51,309.0731,353.6868,9.3499,,,69.1716,121.0225,0.9275863800994691,44.613699999999994,300
2026-08-10 15:52:52,308.6597,354.7411,9.5637,-1.8466,2.774,72.1096,122.3334,0.9779014666021907,46.08140000000003,300
2026-08-10 15:52:54,310.447,355.7781,9.1749,,,69.4514,121.8872,1.0189288746586866,45.33109999999999,300
2026-08-10 15:52:55,309.8933,354.764,9.2916,-0.6423,1.7487,67.562,119.494,0.9637347572156527,44.8707,300
2026-08-10 15:52:56,310.3181,356.7407,9.2138,-2.3046,1.884,70.7084,125.258,1.1169080767084247,46.42259999999999,300
2026-08-10 15:52:57,310.1091,355.6464,9.3304,1.1755,2.6893,60.5928,116.4688,1.1462108527844643,45.537300000000016,300
2026-08-10 15:52:58,309.8219,355.1823,9.2916,0.0764,1.9425,61.3669,117.0712,1.5798044723644857,45.36039999999997,300
2026-08-10 15:52:59,311.0412,351.9852,9.311,-0.6862,2.1894,64.7729,117.2032,2.152628194742514,40.94400000000002,300
2026-08-10 15:53:00,311.1061,351.8362,9.4082,-0.8272,1.6975,69.1731,126.6065,2.719468253393004,40.73009999999999,300
2026-08-10 15:53:02,308.2555,353.1425,9.5443,,,,,2.7669396315575825,44.887,300
2026-08-10 15:53:03,307.671,353.2228,9.5054,-1.0124,2.1614,68.156,126.0627,2.7858951921273487,45.551800000000014,300
2026-08-10 15:53:25,350.8238,25.8289,8.6695,,,52.2376,95.4757,2.2821749651878984,35.00509999999997,330
2026-08-10 15:53:26,350.883,26.8832,8.5918,-0.0436,2.5595,44.484,88.3389,2.2749524016020435,36.00020000000001,330
2026-08-10 15:53:27,349.4979,25.2904,8.6306,-0.8877,2.076,46.429,88.7763,2.002743504471497,35.79249999999996,330
2026-08-10 15:53:28,349.4775,25.3763,9.0,-0.4978,2.464,48.6741,89.8603,1.961759328711865,35.898799999999994,330
2026-08-10 15:53:29,348.4396,25.3706,8.2224,0.2028,2.3759,47.4449,90.8664,2.0030003565377026,36.93100000000004,330
2026-08-10 15:53:30,347.574,26.293,8.3391,-0.9163,1.6308,46.9817,87.6478,2.0019735296462544,38.718999999999994,330
2026-08-10 15:53:31,345.7212,24.471,8.9611,-2.4701,2.1763,56.028,99.6164,2.00717775619677,38.74979999999999,330
2026-08-10 15:53:32,347.7728,25.6742,8.7862,0.8216,2.9731,30.3196,73.9445,2.150857386238287,37.90139999999997,330
2026-08-10 15:53:34,345.3235,22.2709,8.6695,-0.5939,2.5011,58.151,100.0196,2.03740219235967,36.94739999999996,330
2026-08-10 15:53:35,344.0431,22.2709,8.4557,-0.9635,2.2092,43.0517,83.6673,2.033356928211542,38.2278,330
2026-08-10 15:53:36,345.6089,22.2709,8.6306,,,57.7656,99.1502,1.8463387153011148,36.66199999999998,330
2026-08-10 15:53:37,346.0153,24.0528,8.2613,-1.6807,2.6009,43.8305,88.3435,1.6017045417116738,38.037499999999966,330
2026-08-10 15:53:38,346.3107,23.8293,8.4168,-0.7615,2.3167,46.5445,90.2513,1.4691215115579344,37.51859999999999,330
2026-08-10 15:53:40,347.917,23.0787,8.9222,0.4427,2.2054,,,1.2538776127814264,35.16170000000005,330
2026-08-10 15:53:41,347.2936,22.0302,8.7862,-0.8181,2.7384,47.7116,89.646,1.343790314184416,34.73659999999995,330
2026-08-10 15:53:42,343.4293,24.7403,9.136,-0.2567,2.023,52.7148,94.3259,1.363974568937194,41.31099999999998,330
2026-08-10 15:53:43,347.0893,22.374,8.5335,-0.6681,2.863,43.5694,85.4611,1.3466473919720905,35.28470000000004,330
2026-08-10 15:53:44,347.6262,24.5799,8.7084,-0.9431,2.0689,51.3434,93.3496,1.3752107321376863,36.953700000000026,330
2026-08-10 15:53:46,347.6429,24.8033,9.1166,-0.7479,3.9006,54.0945,97.1392,1.2856909882026322,37.16039999999998,330
2026-08-10 15:53:47,346.6908,24.769,8.5335,-1.1618,1.6938,50.2985,91.2634,1.2788737163459685,38.07819999999998,330
2026-08-10 15:53:48,346.9158,24.769,8.9028,-0.8522,2.4551,49.8882,93.0782,1.3157580256719164,37.853200000000015,330
2026-08-10 15:53:49,345.5396,24.5856,8.5335,-1.3009,1.9397,52.0751,92.1469,1.3573364745056589,39.04599999999999,330
2026-08-10 15:53:50,347.1435,23.623,9.3304,-1.4225,2.9951,27.7563,66.1403,1.3573364745056589,36.47949999999997,330
2026-08-10 15:53:51,343.9228,25.4909,8.5529,-1.354,2.4422,61.4041,103.0121,1.29132842799389,41.568100000000015,330
2026-08-10 15:53:52,345.1018,25.4909,8.6306,-1.2044,2.2555,41.4388,85.6605,1.2728702723036383,40.389099999999985,330
2026-08-10 15:53:54,344.2507,23.1532,9.1166,-1.4257,2.5634,40.0201,82.8013,1.1653771850796448,38.90250000000003,330
2026-08-10 15:53:55,345.7031,23.9783,8.6112,,,49.4815,91.0189,1.1354066199205952,38.275199999999984,330
2026-08-10 15:53:56,346.5855,26.3274,8.3974,-0.1945,1.6753,40.2298,84.2915,1.210829767485559,39.74189999999999,330
2026-08-10 15:53:57,346.2199,22.4943,9.1166,-1.6625,2.2953,51.7299,97.5737,1.141453708450071,36.274400000000014,330
2026-08-10 15:53:58,347.5619,24.4195,8.9805,-0.1271,2.8992,39.0427,86.5967,1.1173677665816666,36.85760000000005,330
2026-08-10 15:53:59,344.8169,24.1101,8.7862,-1.5711,1.9185,57.6392,102.1571,1.087374812333053,39.29320000000001,330
2026-08-10 15:54:01,346.1637,23.0845,9.0777,-0.5196,2.07,45.5595,85.6597,1.077958849454396,36.920799999999986,330
2026-08-10 15:54:02,345.1809,23.6402,8.9611,-0.835,2.084,49.8252,90.1552,1.0696378838897593,38.459299999999985,330
2026-08-10 15:54:03,347.4376,23.9554,8.6112,-0.3748,2.0813,52.8943,92.6145,1.0684760009670702,36.51780000000002,330
2026-08-10 15:54:04,344.9429,23.8637,8.7084,,,39.8386,82.4067,1.124124439093905,38.920799999999986,330
2026-08-10 15:54:06,343.8129,24.8492,8.825,1.5588,2.9936,38.0329,77.8094,1.4352524096712413,41.03629999999998,330
2026-08-10 15:54:07,345.1162,24.8606,8.2224,-1.0913,2.1637,54.9354,94.501,1.4237332558716278,39.744399999999985,330
2026-08-10 15:54:08,345.7186,24.8606,8.4751,-0.3745,2.707,52.0682,93.0672,1.4201808979657826,39.141999999999996,330
2026-08-10 15:54:09,344.9167,24.8606,8.5335,-0.1882,2.3785,51.5256,93.292,1.3435862020657423,39.943899999999985,330
2026-08-10 15:54:10,344.9736,23.3709,8.6501,-1.1611,2.8251,52.9251,94.3178,1.33369887547703,38.39730000000003,330
2026-08-10 15:54:11,343.9617,24.9409,8.4168,-1.1233,3.2094,53.1882,95.6967,1.432402406886501,40.97919999999999,330
2026-08-10 15:54:12,344.0396,22.6261,9.2721,,,50.5804,96.2258,1.4292199310720624,38.5865,330
2026-08-10 15:54:13,345.5444,25.1758,8.3002,-0.7329,2.309,46.8025,90.7351,1.462253025938286,39.631399999999985,330
2026-08-10 15:54:14,347.2969,26.1498,9.0194,-0.6055,1.9544,,,1.5209234876756161,38.85289999999998,330
2026-08-10 15:54:15,349.4925,24.8148,8.7667,-1.7954,2.6687,48.0267,92.5686,1.5195890352701393,35.322299999999984,330
2026-08-10 15:54:17,345.362,24.8434,8.8445,-0.408,1.2723,37.695,79.8205,1.4084784661585346,39.48139999999995,330
2026-08-10 15:54:18,345.3301,24.3106,8.8833,-1.1272,2.2589,41.4084,84.5342,1.4323347315801784,38.980500000000006,330
2026-08-10 15:54:19,345.8045,22.947,8.825,-0.2854,3.0952,46.0067,92.0632,1.442490142237097,37.142499999999984,330
2026-08-10 15:54:20,345.9082,23.8981,8.2613,-0.9179,1.9195,46.5118,93.7285,1.4558085953801085,37.98989999999998,330
2026-08-10 15:54:21,348.3227,23.5829,8.8056,-3.652,2.6531,43.9667,87.2462,1.469945146698459,35.2602,330
2026-08-10 15:54:22,345.7988,27.1238,8.6306,,,58.4345,101.8766,1.3938109306155815,41.32499999999999,330
2026-08-10 15:54:24,348.2107,25.2044,8.9417,-1.7705,2.6361,54.5118,96.0605,1.269528122160302,36.99370000000005,330
2026-08-10 15:54:25,344.9861,23.2277,9.0194,-0.8603,2.6326,51.0397,95.0993,1.282249432847712,38.24159999999995,330
2026-08-10 15:54:26,346.0578,24.5169,9.4082,-0.066,1.5584,48.5012,92.614,1.2273412715478946,38.459100000000035,330
2026-08-10 15:54:27,346.5338,24.5169,8.8445,-1.7703,2.2115,53.7255,96.9247,1.2273412715478946,37.983100000000036,330
2026-08-10 15:54:34,347.1712,22.0417,8.6695,,,57.5673,101.4526,2.620006003164266,34.87049999999999,330
2026-08-10 15:54:35,345.6149,22.0474,8.3585,0.3488,2.4135,41.9186,83.257,2.6042852365267164,36.432500000000005,330
2026-08-10 15:54:36,343.4581,22.0474,8.2419,-1.6638,2.5275,54.6556,96.9535,2.8337986200148024,38.58929999999998,330
2026-08-10 15:54:44,337.1124,19.6295,8.5918,-2.1657,3.4941,56.4482,97.2309,2.9867707594506374,42.51710000000003,330
2026-08-10 15:54:56,347.6947,23.9095,8.5529,-0.1544,3.5632,51.9299,94.033,2.9525975310392267,36.21479999999997,330
2026-08-10 15:54:57,347.5832,23.9095,8.4751,-0.143,1.7494,47.2996,88.0829,2.9278289329072185,36.3263,330
2026-08-10 15:54:59,345.6272,24.0012,8.5723,-0.9931,2.567,35.3494,73.3229,2.9125976864603156,38.37399999999997,330
2026-08-10 15:55:00,346.8249,24.5455,8.7084,-1.4318,1.9898,50.5815,92.8629,2.821355071823548,37.72059999999999,330
2026-08-10 15:55:01,347.6043,21.6578,8.6695,-1.8206,2.505,45.8678,84.0143,2.8552533500217785,34.053499999999985,330
2026-08-10 15:55:02,342.5375,23.6803,8.203,,,55.3809,94.8742,2.8552533500217785,41.142799999999966,330
2026-08-10 15:55:03,343.3465,23.6861,9.0389,0.2254,2.7247,30.5138,68.113,2.9443897850471816,40.33960000000002,330
2026-08-10 15:55:05,341.0557,22.2308,8.7473,-0.5429,1.9163,51.8199,93.043,2.7469945746908895,41.175099999999986,330
2026-08-10 15:55:06,341.3218,21.8755,9.0389,-1.6696,2.8029,50.9467,91.5118,2.379428685925014,40.55369999999999,330
2026-08-10 15:55:07,341.2228,23.56,8.7473,0.1501,2.2353,50.7049,93.321,2.235817769203045,42.337199999999996,330
2026-08-10 15:55:08,341.1049,21.9729,8.7473,-0.9646,2.2301,48.361,88.2517,2.058656892040594,40.867999999999995,330
2026-08-10 15:55:09,342.3513,23.1532,8.5529,-0.9943,2.3199,48.5897,88.9708,2.039257291714417,40.801900000000046,330
2026-08-10 15:55:10,345.0832,21.6406,8.3585,-3.686,2.2678,46.5623,88.0657,1.9638292249927378,36.55740000000003,330
2026-08-10 15:55:11,341.2979,23.4512,8.9417,,,56.5007,99.2576,1.7100694314943488,42.153299999999945,330
2026-08-10 15:55:13,341.3575,22.5172,8.3585,-0.6466,1.6384,38.9878,83.8653,1.2368626919497376,41.15969999999999,330
2026-08-10 15:55:14,343.6726,22.5172,8.5335,-0.5348,2.8585,54.6966,98.7307,1.773259938214391,38.844600000000014,330
2026-08-10 15:55:15,343.3992,22.5172,8.7278,-0.4324,2.394,44.1993,87.5158,2.1676585503933983,39.117999999999995,330
2026-08-10 15:55:16,343.4603,21.9958,8.7862,-1.2056,2.9102,51.4088,99.6286,2.5544848171377783,38.535499999999956,330
2026-08-10 15:55:18,340.8719,21.9386,8.7667,-1.4206,2.0566,61.4635,107.1501,2.870219468673778,41.066700000000026,330
2026-08-10 15:55:29,349.0864,24.8606,9.0389,0.003,1.7958,46.2722,89.1001,2.7200713198497506,35.77419999999995,330
2026-08-10 15:55:31,345.9588,24.8606,8.6306,-0.981,2.4251,47.9688,89.6922,2.0484154753275696,38.90179999999998,330
2026-08-10 15:55:33,348.9031,24.62,8.514,-1.1224,2.7501,49.8583,90.3715,1.157451623608153,35.71690000000001,330
2026-08-10 15:55:34,347.9308,25.1242,9.0389,0.1345,2.9908,51.6401,94.1246,1.1254316966176894,37.1934,330
2026-08-10 15:55:35,346.5423,23.9783,8.8639,-0.1515,1.5981,51.7887,91.1926,1.1296994007419598,37.43599999999998,330
2026-08-10 15:55:36,348.9614,25.2273,8.3196,-1.5845,1.9188,37.4894,71.8879,1.1551859702380594,36.26589999999999,330
2026-08-10 15:55:37,349.1539,23.9554,9.2527,,,45.7981,86.3707,1.1489201675178229,34.801499999999976,330
2026-08-10 15:55:38,346.5706,23.9554,8.6695,0.0474,2.9357,46.122,87.2366,1.106477394688278,37.384799999999984,330
2026-08-10 15:55:39,347.0002,24.5169,8.3974,-1.0599,2.3996,39.398,76.5943,1.2951267970408344,37.516700000000014,330
2026-08-10 15:55:40,347.3197,25.4221,7.892,-0.2633,2.4833,48.2866,87.2957,1.2316562190182712,38.10239999999999,330
2026-08-10 15:55:42,345.9292,25.7201,7.8531,-0.0523,1.6807,45.8526,86.1244,1.2637979509027772,39.79090000000002,330
2026-08-10 15:55:43,346.6732,25.7201,7.6782,-0.9982,1.9703,55.1888,92.2424,1.2337527138835724,39.046899999999994,330
2026-08-10 15:55:44,347.5346,25.7201,8.9417,-1.9503,2.4105,36.6803,72.6179,1.1659020605148929,38.18549999999999,330
2026-08-10 15:55:45,347.2577,26.0352,7.9697,-1.2926,2.1595,54.3546,93.0218,1.138719857053852,38.777499999999975,330
2026-08-10 15:55:47,346.1488,25.7545,9.2721,,,38.7023,78.6397,1.239231774134927,39.60570000000001,330
2026-08-10 15:55:48,346.0861,25.7545,8.6306,-0.5737,4.0211,55.0935,92.2417,1.160979251711586,39.66840000000002,330
2026-08-10 15:55:49,344.1294,25.7545,8.514,0.6201,2.3107,32.6853,66.728,1.2096080251747003,41.62510000000003,330
2026-08-10 15:55:50,345.8309,25.7545,8.5918,-1.8302,2.2092,54.7607,93.2985,1.2149605984181135,39.92360000000002,330
2026-08-10 15:55:51,345.5433,25.7545,8.825,-2.3496,2.0413,60.1195,101.1984,1.225481773835647,40.21120000000002,330
2026-08-10 15:55:52,346.1752,25.7545,7.5032,-0.7886,3.0206,36.5975,79.0092,1.1909519572390384,39.57929999999999,330
2026-08-10 15:55:53,346.4461,25.7545,9.0972,-0.7379,2.4037,51.4193,90.0208,1.4766930653525732,39.308400000000006,330
2026-08-10 15:55:55,347.3043,25.7545,8.9222,,,43.0495,80.0825,2.1884593302796076,38.450199999999995,330
2026-08-10 15:56:24,39.6612,54.1445,8.3391,-1.374,2.4499,30.6853,54.5403,2.7167780666456656,14.483299999999986,30
2026-08-10 15:56:26,39.6154,54.1388,8.203,-1.0444,2.5006,34.7036,60.3967,1.8687207522989835,14.52340000000001,30
2026-08-10 15:56:27,40.7121,55.0727,7.9114,-0.2936,1.8766,32.9163,57.8664,1.9472656039667344,14.360600000000005,30
2026-08-10 15:56:28,40.7541,55.5311,8.203,-1.3358,1.9038,33.3126,58.7171,1.6893924445977662,14.776999999999987,30
2026-08-10 15:56:29,40.4538,54.6201,8.1253,-0.1651,2.3781,31.5815,56.4581,1.4904632770433988,14.166300000000007,30
2026-08-10 15:56:30,40.8922,55.2732,8.1641,,,31.3082,55.8207,1.4648526844660514,14.381,30
2026-08-10 15:56:31,41.5709,54.8664,8.1253,-0.9158,2.4076,30.5752,55.3269,1.5623470541279354,13.295500000000004,30
2026-08-10 15:56:32,41.0453,53.4742,8.3002,-0.4324,2.1349,24.7762,48.8771,1.6171430687664154,12.428899999999999,30
2026-08-10 15:56:34,42.5395,55.5884,8.2808,-0.265,2.6474,27.9063,53.8633,1.479115135502688,13.048900000000003,30
2026-08-10 15:56:35,42.7485,56.614,8.1253,-0.4257,2.4142,28.5001,54.1246,1.3947893557438784,13.865499999999997,30
2026-08-10 15:56:36,43.2909,57.7484,8.0864,-0.2183,2.383,24.4445,47.2588,1.3995332705841308,14.457499999999982,30
2026-08-10 15:56:37,43.432,55.915,8.378,-2.3915,2.6736,38.9783,67.1295,1.2592402699665706,12.483000000000004,30
2026-08-10 15:56:38,42.7592,55.7603,8.1058,0.4597,2.9414,19.518,39.0359,1.1845180556166912,13.001100000000008,30
2026-08-10 15:56:40,42.8109,55.6514,8.1058,-0.7574,2.3959,30.6097,55.2026,0.9579658775233684,12.84050000000002,30
2026-08-10 15:56:41,44.0985,53.9669,8.2419,-1.1482,2.5996,31.7108,56.5284,0.8307812319097543,9.868400000000008,30
2026-08-10 15:56:42,43.8716,55.2331,8.1641,0.1534,1.8413,31.6633,56.5028,0.7455401578131202,11.361500000000007,30
2026-08-10 15:56:43,44.2241,54.4138,8.3391,,,27.8668,51.0917,0.5159375761015488,10.189700000000016,30
2026-08-10 15:56:44,43.3518,53.5716,8.0669,-1.0626,2.0031,41.9233,70.0014,0.5029457388057788,10.219799999999992,30
2026-08-10 15:56:47,43.5628,53.308,8.0086,-0.3673,3.1979,28.1515,50.9865,0.6990593462072866,9.745200000000011,30
2026-08-10 15:56:48,43.2084,56.7801,7.9114,0.2444,1.1809,40.1038,66.7685,0.8525723147891345,13.571699999999993,30
2026-08-10 15:56:49,44.0113,53.0903,7.7559,-0.7168,1.546,40.3681,66.7201,1.0952210131545375,9.079000000000008,30
2026-08-10 15:56:50,43.1411,56.677,7.7754,-2.1477,3.2874,18.3254,33.9436,1.0952210131545375,13.535899999999998,30
2026-08-10 15:56:52,42.6384,55.5654,8.0864,-0.7041,2.7052,32.0201,56.1682,1.4806877956192086,12.926999999999992,30
2026-08-10 15:56:53,43.1458,56.8202,8.1836,-0.5744,2.0469,33.5936,58.84,1.7421345066325284,13.674399999999991,30
2026-08-10 15:56:54,43.1575,55.2045,7.9503,0.5402,2.57,30.8211,54.7176,1.985156601360936,12.046999999999997,30
2026-08-10 15:56:55,43.2616,55.3477,7.9697,-0.7052,2.065,32.6217,56.5439,2.162748744765363,12.086099999999988,30
2026-08-10 15:56:56,42.3427,56.8546,8.0864,-0.4194,2.2691,28.5065,51.3525,2.162748744765363,14.511899999999997,30
2026-08-10 15:56:57,41.2243,56.5567,8.3002,0.3244,2.6274,35.9878,63.1484,2.2079930477329954,15.332400000000007,30
2026-08-10 15:56:58,41.0682,54.7576,7.9309,-0.6959,2.214,24.8775,45.6615,2.157145693625752,13.689400000000006,30
2026-08-10 15:56:59,40.089,55.3191,8.0475,-0.5083,1.7175,28.3275,51.2226,2.088933939517167,15.230099999999993,30
2026-08-10 15:57:01,39.6915,55.9665,8.203,-0.3165,2.8486,28.0447,54.1138,1.9023585758604848,16.275000000000006,30
2026-08-10 15:57:02,39.4824,54.6029,8.1058,-1.4538,1.9901,27.9544,53.0102,1.8650514771154274,15.120499999999993,30
2026-08-10 15:57:03,38.1758,54.3565,8.1447,,,35.5397,62.3193,1.8185980302038007,16.1807,30
2026-08-10 15:57:04,37.4011,54.1273,8.203,-0.3958,3.1989,31.8242,56.8448,1.7238757410048322,16.726200000000006,30
2026-08-10 15:57:05,37.6445,56.4478,8.1253,-1.2983,2.0325,31.4752,56.6262,1.6363086403620395,18.803300000000007,30
2026-08-10 15:57:07,38.2824,55.1988,8.1058,-1.0713,2.5369,32.0135,56.7562,1.425920016763548,16.91640000000001,30
2026-08-10 15:57:08,39.6249,55.6743,8.1641,-0.7294,1.6489,23.198,42.8599,1.3989644282382638,16.04939999999999,30
2026-08-10 15:57:09,40.5945,54.2018,8.0669,-1.4006,1.8191,40.5878,67.7072,1.3831798117183152,13.60730000000001,30
2026-08-10 15:57:10,41.0568,57.5307,7.8726,-0.5194,2.0239,31.0133,55.4286,1.3957737331045386,16.473900000000015,30
2026-08-10 15:57:12,41.5965,56.0582,8.1641,-1.0935,2.3578,27.3714,49.9296,1.3931517593564633,14.461700000000008,30
2026-08-10 15:57:13,41.6778,52.0876,8.0086,-1.3063,3.3016,38.9202,65.6066,1.4267296027987022,10.409800000000018,30
2026-08-10 15:57:14,41.5083,56.2415,8.1641,0.7279,2.383,28.8199,52.6634,1.3484018781469167,14.73320000000001,30
2026-08-10 15:57:15,41.9166,54.3852,8.1836,-1.4087,2.6733,34.8343,60.9499,1.183914992411594,12.46859999999998,30
2026-08-10 15:57:17,40.4154,54.2591,8.1253,0.6358,1.9591,36.2592,62.6732,1.0572150501233668,13.843700000000013,30
2026-08-10 15:57:18,40.3131,54.1273,7.9892,,,,,0.9581744055397405,13.8142,30
2026-08-10 15:57:19,40.6148,56.1671,7.7559,-0.1141,1.5063,32.7556,56.9081,1.1325073778479224,15.552300000000002,30
2026-08-10 15:57:20,40.7998,54.1846,8.1253,-0.4324,2.6598,23.9468,44.7313,1.308204350148132,13.384800000000013,30
2026-08-10 15:57:21,40.7839,53.0387,7.7948,-1.733,3.1121,17.2011,33.0984,1.3239803014734413,12.254799999999989,30
2026-08-10 15:57:22,38.8637,53.8638,8.378,-0.2355,3.0917,40.5098,68.3426,1.4028640120477298,15.000100000000003,30
2026-08-10 15:57:24,40.575,56.7973,8.2224,-0.5639,3.2569,34.7597,60.7348,1.438640203404488,16.22229999999999,30
2026-08-10 15:57:25,39.1998,55.703,7.9892,,,31.5219,56.7619,1.3892885833443924,16.503199999999993,30
2026-08-10 15:57:26,39.9061,53.1877,8.0281,0.4225,2.1211,29.4619,53.5159,1.236672632687549,13.281599999999997,30
2026-08-10 15:57:27,38.5062,55.3706,7.9114,-0.1524,1.9571,37.3204,63.9811,1.3045830440537265,16.86439999999999,30
2026-08-10 15:57:29,37.8029,55.5196,7.8337,-0.0421,2.483,40.6799,68.6217,1.2799739416010005,17.716700000000003,30
2026-08-10 15:57:30,37.552,54.4367,8.1447,-1.1487,2.199,27.9169,50.9558,1.2013294669921069,16.88470000000001,30
2026-08-10 15:57:31,38.8565,54.4826,8.1641,-0.841,2.7421,32.1544,57.5529,1.2436495035771522,15.626100000000008,30
2026-08-10 15:57:32,37.612,52.8439,8.0669,-1.3561,3.2962,24.0027,44.6781,1.2160981465831242,15.231899999999996,30
2026-08-10 15:57:33,37.3102,55.9035,7.9114,-0.0001,3.1516,39.7646,66.5152,1.2504036931507592,18.5933,30
2026-08-10 15:57:34,37.7463,52.3397,8.203,,,26.3132,47.9288,1.2504036931507592,14.593400000000003,30
2026-08-10 15:57:36,38.6703,52.546,8.0669,-0.1581,1.9936,28.1746,50.6472,1.3997260589726772,13.875699999999995,30
2026-08-10 15:57:37,36.9333,55.1586,7.9309,-1.4304,2.5629,33.965,59.4182,1.408623570412306,18.225300000000004,30
2026-08-10 15:57:38,37.1091,54.9868,8.1836,-1.6463,2.7533,36.0294,62.2641,1.715435741581938,17.877700000000004,30
2026-08-10 15:57:39,38.6384,54.0929,8.3974,-1.7331,2.5901,21.2492,40.0626,1.9817490645433737,15.454499999999996,30
2026-08-10 15:57:40,39.0689,55.2962,8.1253,-0.4205,1.9008,24.3395,44.9868,2.0682738141071466,16.227300000000014,30
2026-08-10 15:57:41,41.2002,52.6376,8.2419,-2.7635,3.1821,29.8339,54.0343,2.077104660106465,11.437399999999997,30
2026-08-10 15:57:42,40.4713,58.1781,8.3002,-2.4546,2.0618,42.1989,70.5975,2.2564385190739835,17.706799999999987,30
2026-08-10 15:57:45,41.6161,54.5628,8.3391,,,25.8287,49.3072,2.1636433427083146,12.946699999999993,30
2026-08-10 15:57:48,42.5395,56.4306,8.0864,-0.6244,2.3612,35.4834,62.8442,1.7333993316531433,13.891099999999994,30
2026-08-10 15:57:49,43.3406,56.4936,8.2613,-1.031,2.1917,31.5516,56.7063,1.4156763741554386,13.152999999999992,30
2026-08-10 15:57:50,42.0822,55.2904,8.2808,-0.5826,2.9456,33.6779,60.0729,1.273970493595069,13.208200000000005,30
2026-08-10 15:57:52,43.2053,55.0498,8.4168,-0.22,2.0956,36.8241,64.7349,1.5683429788223173,11.844499999999982,30
2026-08-10 15:57:53,42.8435,54.9581,8.1836,,,,,1.9586183059791282,12.114599999999996,30
2026-08-10 15:57:55,42.4742,54.4596,8.2419,-0.7278,2.4315,31.4586,56.5395,2.068215699362572,11.985399999999998,30
2026-08-10 15:57:56,40.8681,54.1388,8.203,-1.4015,2.8713,25.0745,46.225,2.0853301867284206,13.270700000000005,30
2026-08-10 15:57:57,40.3453,53.9554,8.2613,0.3885,2.5405,39.3693,66.7835,2.0276750730418183,13.610099999999989,30
2026-08-10 15:57:58,40.6051,55.3133,8.1058,-0.8496,2.1699,25.4532,46.218,2.0273849337916046,14.708200000000005,30
2026-08-10 15:58:00,39.8684,54.5456,8.0864,-1.2456,2.4688,35.6455,60.8685,1.9739830354712726,14.6772,30
2026-08-10 15:58:01,38.8424,53.4799,7.7948,-1.1174,2.8874,30.9732,52.6079,1.9888786688276794,14.637499999999989,30
2026-08-10 15:58:02,38.0833,51.8183,8.0086,-0.4561,2.2668,32.523,55.5715,1.9771894953236167,13.735000000000014,30
2026-08-10 15:58:05,37.6087,51.9386,7.9892,-2.1974,3.1108,35.5708,60.6241,1.8108871936942579,14.32990000000001,30
2026-08-10 15:58:06,39.2413,56.7572,7.9309,-0.1427,2.2941,24.0963,44.4392,1.846220672711669,17.515899999999988,30
2026-08-10 15:58:07,41.3436,54.4711,7.9892,-1.201,2.1521,32.0669,56.0771,2.1616056490789313,13.127499999999998,30
2026-08-10 15:58:08,42.7068,55.9207,8.1253,-0.8073,2.4186,28.3027,51.0878,2.2984038149691157,13.213899999999995,30
2026-08-10 15:58:09,42.4435,55.7087,8.0475,-1.0031,2.3491,31.1868,55.3076,2.4465740827809777,13.265199999999993,30
2026-08-10 15:58:11,42.3699,54.706,7.9892,-0.8964,2.7581,31.9598,56.005,2.572196650788708,12.336099999999988,30
2026-08-10 15:58:12,42.4288,54.1445,8.0864,,,34.0056,59.1676,2.7404189081852377,11.715699999999998,30
2026-08-10 15:58:13,41.6916,55.9894,8.2613,-0.3915,2.0499,32.1461,58.1676,2.7381537494373513,14.297799999999995,30
2026-08-10 15:58:14,40.4958,54.7977,8.3196,-0.3811,2.5078,31.8781,57.0998,2.6805547694968292,14.30189999999999,30
2026-08-10 15:58:16,37.7339,54.1502,8.1641,-0.5911,2.1517,27.3482,50.2745,2.7571746000395114,16.416300000000007,30
2026-08-10 15:58:17,35.3232,52.0074,8.3002,-0.4428,1.9406,39.6569,67.9076,2.8045803597064025,16.684200000000004,30
2026-08-10 15:58:18,36.4834,52.6491,8.2808,-1.5528,2.639,28.2962,50.9688,2.7863089041975098,16.165699999999987,30
2026-08-10 15:58:19,35.8763,52.6663,8.1253,0.3292,2.6028,37.0924,64.3997,2.6046010231931382,16.789999999999992,30
2026-08-10 15:58:20,35.9175,51.9902,8.0864,-0.169,1.5205,41.5129,68.8555,2.3727370961501846,16.072699999999998,30
2026-08-10 15:58:22,35.1221,53.9325,8.4557,-0.5271,1.8421,31.3584,57.3947,2.0908695485988984,18.810399999999987,30
2026-08-10 15:58:23,38.221,53.5887,8.2613,-0.2691,2.8592,32.1153,61.02,1.7126203104544768,15.367700000000013,30
2026-08-10 15:58:24,38.6736,53.245,8.2808,-0.2389,2.2783,31.3974,60.8408,1.3510889378512434,14.571399999999983,30
2026-08-10 15:58:26,35.9939,53.159,8.3585,0.0657,1.7605,31.9612,61.4477,1.1801355679080126,17.165099999999995,30
2026-08-10 15:58:27,36.7227,52.5517,8.2613,-1.0232,2.4359,32.1247,60.4871,1.2351393134251658,15.829000000000008,30
2026-08-10 15:58:28,36.2965,53.1991,8.3002,-0.5197,2.1521,29.1937,53.4567,1.1837150300355992,16.902600000000007,30
2026-08-10 15:58:29,36.7202,53.3309,8.203,-0.8575,2.7453,30.1527,54.8122,1.1674173897023583,16.61070000000001,30
2026-08-10 15:58:30,37.9027,52.4715,8.1836,-0.3111,1.9899,29.9966,53.6338,1.107322919833986,14.56880000000001,30
2026-08-10 15:58:32,37.7869,53.5601,8.1253,-1.6309,2.7509,,,1.0739072084837533,15.773200000000003,30
2026-08-10 15:58:33,37.7762,53.583,8.203,-0.5121,2.3581,28.5059,53.2138,0.9135573070333307,15.80680000000001,30
2026-08-10 15:58:34,38.2458,53.1705,8.2808,-1.4592,2.3369,30.4734,58.7718,0.9019354413430444,14.924700000000001,30
2026-08-10 15:58:35,39.1463,52.9642,8.2224,-1.1362,2.5834,29.8628,60.0751,0.8626875866152335,13.817900000000009,30
2026-08-10 15:58:37,38.7215,53.6804,8.2808,-1.3549,3.1597,29.5352,56.4123,0.7791535914907332,14.9589,30
2026-08-10 15:58:38,38.3967,54.2534,8.1836,-0.2638,3.5265,31.3798,57.7589,0.9842301017576928,15.85669999999999,30
2026-08-10 15:58:39,37.5695,53.7721,8.0864,,,31.2395,58.5454,1.107829418391669,16.202600000000018,30
2026-08-10 15:58:40,37.3488,52.5746,7.9114,-1.5967,2.5011,28.6764,53.3391,1.0961341898544992,15.225799999999992,30
2026-08-10 15:58:41,36.1728,52.8611,8.1641,0.5586,1.967,28.359,53.4271,1.0934703375643948,16.688299999999998,30
2026-08-10 15:58:42,38.2784,51.6235,8.0669,-0.6166,3.155,37.5701,67.2134,1.0934703375643948,13.345100000000002,30
2026-08-10 15:58:43,37.1035,52.0131,8.0864,0.1841,1.5402,32.5569,59.3748,1.2800606615082502,14.909600000000012,30
2026-08-10 15:58:44,37.6751,50.3,8.0086,-2.3603,3.8601,36.217,65.3256,1.409966208779006,12.624899999999997,30
2026-08-10 15:58:45,37.6135,53.6861,8.1447,0.8184,2.3198,26.0155,50.7511,1.5197133440505428,16.072599999999994,30
2026-08-10 15:58:46,37.4807,51.4803,8.7278,-0.5492,2.5758,40.2177,69.6083,1.6687015014107973,13.999599999999987,30
2026-08-10 15:58:48,34.8729,50.4489,8.3196,-0.8248,2.8499,34.8649,62.6526,1.715959750023716,15.575999999999993,30
2026-08-10 15:58:49,35.0143,52.7408,8.0086,-1.8015,2.7021,36.293,65.2114,1.8251880214251774,17.726499999999987,30
2026-08-10 15:58:50,37.1916,52.1907,8.0475,-0.5443,1.6328,30.2226,55.3761,2.043520354042398,14.999099999999999,30
2026-08-10 15:58:51,37.763,54.8607,8.1836,-0.9495,1.9799,34.8741,64.0529,2.5621810094613933,17.097700000000003,30
2026-08-10 15:59:23,104.3948,87.187,7.717,-1.3685,2.1727,14.2553,24.625,2.4176557367170397,-17.20780000000002,90
2026-08-10 15:59:24,104.7593,87.7657,7.5421,0.2476,1.9101,11.2606,19.3986,2.676134087218358,-16.993600000000015,90
2026-08-10 15:59:33,98.3992,84.5743,7.6004,-0.16,2.19,6.6903,11.6735,2.942379208268849,-13.824900000000014,90
2026-08-10 15:59:34,97.2222,81.8298,7.6976,-0.3654,2.1486,15.1809,25.9481,2.7259025250432014,-15.39240000000001,90
2026-08-10 15:59:35,95.8971,83.1476,7.6199,,,2.2145,3.8933,2.2914527576039343,-12.749500000000012,90
2026-08-10 15:59:37,96.4222,81.635,7.717,-2.5796,2.4453,18.4832,31.0724,1.2423911190997634,-14.787199999999984,90
2026-08-10 15:59:38,97.4649,78.4666,7.5032,-2.9586,1.5774,,,1.2147823655159988,-18.9983,90
2026-08-10 15:59:39,96.234,83.5201,7.4449,-0.2627,2.1132,14.6792,25.1051,1.0797436253649824,-12.713899999999995,90
2026-08-10 15:59:40,96.5136,79.75,7.5227,-1.1774,2.476,14.9886,25.398,1.1057486808789003,-16.763599999999997,90
2026-08-10 15:59:42,97.372,82.7981,7.5615,-0.8323,3.4418,7.7358,13.3301,0.9886150198452046,-14.57389999999998,90
2026-08-10 15:59:43,97.1569,83.2164,7.5615,,,15.6738,27.1915,0.8042433251757607,-13.940499999999986,90
2026-08-10 15:59:44,95.9964,81.0621,7.6199,-0.1184,2.4105,14.0664,24.1115,0.7128623943778719,-14.934300000000007,90
2026-08-10 15:59:45,96.9238,84.6316,7.6004,-0.2378,1.4814,17.6828,30.0224,0.7030201844146139,-12.29219999999998,90
2026-08-10 15:59:46,96.9954,83.3883,7.6587,-0.9808,2.0761,11.1385,19.487,0.6980541204298331,-13.607100000000003,90
2026-08-10 15:59:47,96.39,83.7951,7.717,-0.6281,2.6666,13.0647,22.7232,0.7281925200043415,-12.594899999999996,90
2026-08-10 15:59:48,96.8615,83.7378,7.7365,-0.1719,2.0768,17.0576,29.1916,0.8691425634893513,-13.123700000000014,90
2026-08-10 15:59:50,94.6969,82.4257,7.5615,,,12.3181,21.6566,1.0355936485183839,-12.271199999999993,90
2026-08-10 15:59:51,95.9329,81.4803,7.6587,-0.521,2.2121,13.3951,23.1878,1.056756967824366,-14.452600000000018,90
2026-08-10 15:59:52,97.3029,82.5689,7.6587,-0.6289,2.4393,13.4543,23.5409,1.056756967824366,-14.73399999999998,90
2026-08-10 15:59:53,97.453,82.5804,7.6199,-0.8535,2.368,14.122,24.7786,1.0726766166931703,-14.872600000000006,90
2026-08-10 15:59:54,97.3169,82.0074,7.9114,-0.7882,2.5662,12.5141,21.9975,1.0850085272769183,-15.309500000000014,90
2026-08-10 15:59:55,96.9074,84.0701,7.7365,0.3527,1.7755,12.3346,21.8617,2.0658368067211046,-12.837299999999999,90
2026-08-10 15:59:57,97.8579,83.8753,7.6976,-0.6514,2.6284,11.5915,21.4242,2.1303217581181952,-13.98259999999999,90
2026-08-10 15:59:58,98.8902,84.5628,7.8726,,,9.8034,18.1207,2.24589806960544,-14.327400000000011,90
2026-08-10 15:59:59,99.4888,84.8379,7.7948,-0.7938,1.9168,12.0963,22.2038,2.2529170655788633,-14.650899999999979,90
2026-08-10 16:00:00,97.5387,83.3367,7.9309,0.2274,2.36,11.6357,21.3501,2.2529170655788633,-14.201999999999998,90
2026-08-10 16:00:01,98.2245,83.1648,7.5227,-0.3168,2.4395,12.2842,21.8214,2.1478838388626773,-15.05970000000002,90
2026-08-10 16:00:03,98.0007,82.8783,7.7365,-0.2903,1.9176,12.2887,21.7272,2.1064851563173237,-15.122399999999999,90
2026-08-10 16:00:04,97.9373,82.9815,7.6393,-0.2532,1.9415,12.7184,22.5263,2.166156959472802,-14.95580000000001,90
2026-08-10 16:00:05,105.1307,82.7867,7.6393,,,12.9995,23.1602,2.1635475646472835,-22.343999999999994,90
2026-08-10 16:00:06,96.5174,83.6117,7.6976,-0.7584,1.9886,12.9239,22.7612,2.1536155061916733,-12.905699999999996,90
2026-08-10 16:00:07,95.5778,82.6377,7.717,-0.2773,2.5646,13.2811,23.2807,2.098049316474058,-12.940100000000001,90
2026-08-10 16:00:08,94.3563,81.572,7.717,0.3077,1.5789,11.5045,20.5184,2.120876107132632,-12.784300000000002,90
2026-08-10 16:00:09,96.5275,82.9987,7.6976,0.0824,1.9373,13.336,23.4236,2.148860157463558,-13.52879999999999,90
2026-08-10 16:00:11,97.2245,82.9299,7.6004,-0.3601,2.1941,11.6693,20.3573,2.1361241967066773,-14.294600000000003,90
2026-08-10 16:00:12,97.2864,83.1935,7.6393,-0.3238,2.2332,12.3071,21.6466,2.129004529360084,-14.092899999999986,90
2026-08-10 16:00:13,97.5915,82.1965,7.6587,-0.4333,2.3212,12.407,21.806,2.129004529360084,-15.394999999999982,90
2026-08-10 16:00:15,97.6048,83.0273,7.6587,0.437,2.3016,11.063,19.2809,2.1199457866380484,-14.577499999999986,90
2026-08-10 16:00:16,98.2204,84.242,7.6587,-1.2784,2.9029,13.0022,22.8121,0.9106298549907512,-13.978399999999993,90
2026-08-10 16:00:17,97.2399,81.8356,7.5032,0.5657,1.8233,16.0855,27.945,0.9112461494089329,-15.404300000000006,90
2026-08-10 16:00:18,96.4891,81.6981,7.6393,-0.0405,1.9802,12.491,22.0314,0.8607541889822024,-14.790999999999997,90
2026-08-10 16:00:19,95.782,80.2026,7.5615,-1.139,2.6425,11.3701,19.5483,0.6045099295300161,-15.579399999999993,90
2026-08-10 16:00:21,96.634,81.8184,7.5421,-0.8278,2.2922,14.6305,25.1056,0.59163701116151,-14.815600000000018,90
2026-08-10 16:00:22,96.7618,80.598,7.6199,,,14.4641,24.8069,0.667119955972385,-16.16379999999998,90
2026-08-10 16:00:24,97.459,84.2592,7.5421,-0.0172,2.2018,3.7997,6.8414,0.6869558300011936,-13.199799999999982,90
2026-08-10 16:00:25,97.8014,82.3455,8.0086,-0.9167,1.8042,19.597,33.4073,0.6869558300011936,-15.455899999999986,90
2026-08-10 16:00:26,97.019,81.4288,7.5032,-1.1329,2.0209,15.6278,26.9744,0.6655180389212264,-15.59020000000001,90
2026-08-10 16:00:27,97.1072,83.8524,7.6004,-0.0552,2.0135,10.9908,19.3611,0.5868029493277611,-13.254799999999989,90
2026-08-10 16:00:28,96.9216,82.2825,7.717,-0.8404,2.6834,11.0162,19.5513,0.6399970189246547,-14.639099999999985,90
2026-08-10 16:00:29,97.1726,82.4715,7.7365,-0.1181,2.1497,10.6315,18.8157,0.7145526596983259,-14.701099999999997,90
2026-08-10 16:00:30,97.1366,82.0991,7.6782,-1.1468,2.2671,13.6624,24.2302,0.6916518576295161,-15.037499999999994,90
2026-08-10 16:00:32,95.713,81.2282,7.8337,-0.1023,2.7117,12.3487,22.0277,1.112978481652202,-14.484800000000007,90
2026-08-10 16:00:33,95.9343,81.7152,7.717,0.4255,2.3934,12.2506,21.8839,1.242507684815682,-14.219099999999997,90
2026-08-10 16:00:34,96.6915,81.3371,7.7754,-0.4485,3.0519,13.657,24.4979,1.2665379086205155,-15.354399999999998,90
2026-08-10 16:00:36,96.5851,81.3084,7.7365,,,13.7126,24.0711,1.4300673724049993,-15.276700000000005,90
2026-08-10 16:00:37,96.137,82.6091,7.6976,-0.1049,2.1897,13.8013,24.5423,1.487647627819108,-13.527899999999988,90
2026-08-10 16:00:38,95.4073,83.0846,7.6976,0.1538,1.8241,12.7179,22.6824,1.4923726683242569,-12.322699999999998,90
2026-08-10 16:00:39,95.2076,82.3168,7.6393,-0.2837,2.25,13.8131,24.4457,1.491197469542713,-12.890800000000013,90
2026-08-10 16:00:40,96.5521,81.0392,7.6393,0.0376,1.6392,10.9072,19.3168,1.5107765607755321,-15.512900000000002,90
2026-08-10 16:00:42,100.3004,84.2191,7.6004,-1.4242,2.5587,7.6166,13.6048,1.5120475022979993,-16.0813,90
2026-08-10 16:00:43,99.1697,83.1476,7.4643,,,15.0712,27.0905,1.4592968005169855,-16.022100000000023,90
2026-08-10 16:00:44,98.628,84.6316,7.5615,-0.3276,3.2055,13.1055,23.1664,1.424709286910517,-13.996399999999994,90
2026-08-10 16:00:46,99.6485,84.0128,7.5421,-0.4967,2.5991,13.3737,23.2419,1.4223620891077082,-15.635699999999986,90
2026-08-10 16:00:47,98.8907,82.632,7.5227,-0.5483,2.0195,,,1.4467185030775023,-16.258699999999976,90
2026-08-10 16:00:48,97.7816,82.0304,7.5615,-0.9862,2.094,14.2305,24.7995,1.444766071731729,-15.751199999999983,90
2026-08-10 16:00:49,97.6051,83.182,7.5615,-0.0833,2.4756,13.7527,23.7861,1.359295841064271,-14.423099999999977,90
2026-08-10 16:01:02,94.5121,81.9502,7.8531,-0.4537,2.552,15.0353,26.5052,0.9493867000849929,-12.561900000000009,90
2026-08-10 16:01:08,95.2187,80.3516,7.6004,-1.4052,2.7037,14.6055,26.1273,1.3603403451539824,-14.867099999999994,90
2026-08-10 16:01:09,96.1052,82.0647,7.6587,,,19.276,33.7424,1.4281452682335651,-14.040500000000009,90
2026-08-10 16:01:10,96.1627,80.4089,7.581,-0.7331,2.7189,15.3316,27.4428,1.3983759950731747,-15.753800000000012,90
2026-08-10 16:01:11,96.4802,81.36,7.4838,-0.7485,2.3126,14.0963,25.1705,1.36548676556461,-15.120200000000011,90
2026-08-10 16:01:12,96.6749,81.0907,7.2311,-0.9315,2.9825,13.8249,24.9395,1.36548676556461,-15.58420000000001,90
2026-08-10 16:01:14,97.8634,84.2363,7.3672,-0.4825,1.1706,23.6699,41.0906,1.1429582064708053,-13.627099999999984,90
2026-08-10 16:01:15,97.759,83.1992,7.6976,0.3706,2.1611,11.8059,21.722,1.0329184671734086,-14.559799999999996,90
2026-08-10 16:01:16,98.6306,83.1877,7.6199,-0.7958,2.1511,16.2106,28.6289,1.0194997603469687,-15.442900000000009,90
2026-08-10 16:01:18,97.7411,82.3512,7.7948,-0.7058,2.6533,14.2169,26.1272,1.03693449059028,-15.389900000000011,90
2026-08-10 16:01:19,98.4443,82.7236,7.6782,-0.6771,1.8229,14.1878,25.7204,1.0269547855531553,-15.720699999999994,90
2026-08-10 16:01:20,97.213,78.3806,7.3477,-1.1604,1.2541,17.7257,30.5804,1.0206695089886315,-18.832400000000007,90
2026-08-10 16:01:21,97.067,78.2431,7.6004,-0.8598,2.2195,7.5278,13.8978,0.9739568279993284,-18.82389999999998,90
2026-08-10 16:01:23,96.2425,80.5063,8.0086,,,22.0842,38.8844,0.9509023703350427,-15.736199999999997,90
2026-08-10 16:01:24,95.4238,80.6495,7.5615,0.069,1.4805,12.1424,22.2728,0.9411284120200267,-14.774299999999982,90
2026-08-10 16:01:25,97.0578,82.2137,7.4449,0.3064,1.7869,9.2308,16.6505,0.9999012711797884,-14.844099999999997,90
2026-08-10 16:01:27,96.567,82.2538,7.6782,-0.3431,2.3443,14.692,26.515,0.947724537862611,-14.313199999999995,90
2026-08-10 16:01:28,98.8239,83.8925,7.3088,0.3675,2.4794,14.3958,25.8583,0.947724537862611,-14.931399999999996,90
2026-08-10 16:01:29,98.964,82.4773,7.6587,,,13.1447,23.8136,1.0419052241802302,-16.486699999999985,90
2026-08-10 16:01:30,98.4344,83.5716,7.5227,-0.7557,2.0932,13.3997,23.9044,1.1039857903294445,-14.862799999999993,90
2026-08-10 16:01:31,97.3939,81.0392,7.5032,-0.1352,1.9473,12.2568,21.9613,1.3603852260531577,-16.35470000000001,90
2026-08-10 16:01:32,97.2227,83.2221,7.581,-1.0254,1.3383,15.1214,26.2955,1.4164822029597646,-14.00060000000002,90
2026-08-10 16:01:34,96.7614,81.4975,7.6976,0.0564,2.6118,12.5548,22.4786,1.421910983867639,-15.263899999999978,90
2026-08-10 16:01:35,95.9995,78.5754,7.3866,-1.8529,2.5921,10.965,19.6672,1.4158073078422233,-17.42410000000001,90
2026-08-10 16:01:36,97.1748,83.0044,7.6004,-0.7265,2.4906,26.38,43.7403,1.449718955369175,-14.1704,90
2026-08-10 16:01:39,95.3282,81.9387,7.6587,-1.2016,2.6374,12.7232,22.525,1.2937099734184758,-13.389499999999998,90
2026-08-10 16:01:40,94.9496,81.148,7.6004,0.1118,3.1872,14.1014,25.3887,1.117298503629486,-13.801600000000008,90
2026-08-10 16:01:41,93.5069,80.1339,7.6004,-0.7691,3.4346,9.2195,16.5838,0.9671382147642301,-13.37299999999999,90
2026-08-10 16:01:42,94.9554,81.8126,7.5421,-0.6904,3.1541,14.0296,24.2371,0.9318044738455071,-13.142799999999994,90
2026-08-10 16:01:43,95.1992,78.8103,7.3283,-0.4988,2.3527,22.8007,38.3277,0.8866173742568748,-16.388900000000007,90
2026-08-10 16:01:44,95.7424,83.9039,7.4643,-0.1215,1.7553,9.909,17.4797,0.8815640782308486,-11.83850000000001,90
2026-08-10 16:01:45,95.5841,82.9586,7.581,,,11.4073,20.4201,0.8584690031933049,-12.625499999999988,90
2026-08-10 16:01:47,95.8181,80.787,7.5227,-1.0548,2.4425,23.7426,40.3722,0.824502365669305,-15.03109999999998,90
2026-08-10 16:01:48,96.1502,81.9043,7.6976,-0.4653,2.5881,12.9624,23.0051,0.8497690709216508,-14.245900000000006,90
2026-08-10 16:01:49,96.7806,81.635,7.6393,-1.0016,2.2792,14.2091,25.3147,0.8990077197201539,-15.145600000000002,90
2026-08-10 16:01:50,96.1156,82.7294,7.6199,0.0158,1.8657,12.4838,22.2377,0.9556650239484538,-13.386200000000002,90
2026-08-10 16:01:51,96.2178,82.5747,7.6782,-0.2655,1.6498,11.7972,20.988,0.9471559588391466,-13.643100000000004,90
2026-08-10 16:01:53,96.5056,83.7091,7.892,-1.2493,2.999,10.2728,18.9661,0.6991552373475304,-12.79649999999998,90
2026-08-10 16:01:54,96.6828,82.7809,7.6587,,,11.8503,21.4727,1.2193591855843584,-13.901900000000012,90
2026-08-10 16:01:55,95.6682,80.3344,7.6976,-1.3299,3.4003,20.3377,35.2489,2.7508990525962083,-15.333799999999997,90
2026-08-10 16:01:56,96.2143,83.5659,7.2894,-0.3659,2.1234,3.9878,7.1661,2.7950488871115327,-12.648399999999981,90
2026-08-10 16:02:22,137.6506,117.0667,7.5227,,,-3.1255,-5.4212,2.3054176705229286,-20.5839,120
2026-08-10 16:02:23,135.7668,116.0125,7.5032,0.3936,2.9611,-6.5732,-11.3183,1.5648552805746672,-19.7543,120
2026-08-10 16:02:24,135.037,115.938,7.5032,-0.1243,2.7746,-6.4126,-10.9643,1.4135125352793025,-19.09899999999999,120
2026-08-10 16:02:26,133.5061,116.5167,7.581,0.3817,2.2817,-0.3377,-0.5893,1.3131597410169615,-16.98939999999999,120
2026-08-10 16:02:27,134.6255,116.7745,7.6587,0.5422,2.7352,-3.5989,-6.3766,1.3131597410169615,-17.851,120
2026-08-10 16:02:28,134.6092,115.8463,7.4449,-0.2801,2.6563,-8.0174,-14.0965,1.0824115607391698,-18.762900000000002,120
2026-08-10 16:02:29,134.2008,112.8097,7.6587,,,-6.2914,-11.017,1.0554590814734588,-21.391099999999994,120
2026-08-10 16:02:30,135.4952,113.566,7.6782,-0.2222,2.1209,-6.8568,-12.0678,1.0917960933911168,-21.92920000000001,120
2026-08-10 16:02:31,135.6904,115.1244,7.6199,-0.5043,2.4351,-5.6189,-9.7875,1.0582590063416368,-20.56600000000003,120
2026-08-10 16:02:33,136.1838,115.7146,7.7754,-0.3201,2.732,-5.8066,-10.2755,0.9416517518209366,-20.4692,120
2026-08-10 16:02:36,136.1765,114.1332,7.8142,,,-3.1649,-5.609,1.0394045565604526,-22.043299999999988,120
2026-08-10 16:02:38,136.8369,114.1103,7.6199,-0.4393,2.8102,-5.88,-10.0665,0.9576226241255706,-22.72660000000002,120
2026-08-10 16:02:39,136.2631,114.1103,7.5421,-0.3006,2.8556,,,1.003355078569816,-22.152800000000013,120
2026-08-10 16:02:41,136.0475,115.0614,7.4449,0.1979,2.0801,-5.7562,-9.75,0.860305525428597,-20.98610000000002,120
2026-08-10 16:02:42,136.4605,114.8895,7.2894,,,-5.8916,-10.0902,0.8059239936594484,-21.570999999999998,120
2026-08-10 16:02:43,136.6456,115.239,7.5032,-0.2346,2.8856,-5.6734,-9.6875,0.7798581723068383,-21.406599999999997,120
2026-08-10 16:02:44,136.2574,114.8723,7.0561,-0.0999,2.8214,-5.6361,-9.6067,0.756861980295112,-21.385099999999994,120
2026-08-10 16:02:46,137.3838,116.3104,7.4449,-0.4385,2.579,-5.2362,-8.9607,0.7161559984392907,-21.073399999999992,120
2026-08-10 16:02:47,138.0816,115.6515,7.4643,-0.6413,2.2709,-5.3699,-9.0344,0.7081241849889249,-22.43010000000001,120
2026-08-10 16:02:48,137.1165,115.7088,7.5421,-0.8963,2.3861,-6.0651,-10.2357,0.71301904906588,-21.407700000000006,120
2026-08-10 16:02:49,138.4568,115.6744,7.581,,,-4.9311,-8.4597,0.7109513022544034,-22.782399999999996,120
2026-08-10 16:02:50,138.31,117.4793,7.6976,-0.1252,2.5119,-6.8978,-11.9813,0.6883475603120545,-20.830700000000007,120
2026-08-10 16:02:52,137.382,115.5255,7.6199,-0.2581,1.9764,-7.0437,-12.1284,0.6998432654298338,-21.85650000000001,120
2026-08-10 16:02:53,137.1494,116.087,7.6393,-0.2465,1.6457,-5.5218,-9.5479,0.7032775207904248,-21.062400000000025,120
2026-08-10 16:02:55,136.6576,116.4709,7.6782,-0.303,2.0347,-5.5568,-9.6939,0.6673364076331382,-20.186700000000002,120
2026-08-10 16:02:56,136.9005,116.5568,7.8531,-0.1678,2.2746,-5.341,-9.2286,0.6522235549321576,-20.343700000000013,120
2026-08-10 16:02:58,137.8478,117.8861,7.6199,-0.6988,2.1193,-4.6967,-8.1069,0.6386900646606959,-19.961700000000008,120
2026-08-10 16:02:59,137.2253,117.1126,7.7754,0.0805,2.5545,-5.6953,-10.0555,0.6833736264395757,-20.112700000000018,120
2026-08-10 16:03:00,136.6774,116.0411,8.0864,0.3767,2.4477,-5.4635,-9.9912,0.6400445696835997,-20.636300000000006,120
2026-08-10 16:03:01,136.1955,117.7486,8.0281,,,-5.9166,-10.8197,0.5785381405335879,-18.446900000000028,120
2026-08-10 16:03:02,136.08,117.8001,7.9697,-0.1595,2.6786,-5.6919,-10.4204,0.5785381405335879,-18.279899999999998,120
2026-08-10 16:03:04,136.7493,114.7806,7.9114,0.1188,2.1752,-4.5188,-8.2388,0.5757462361020221,-21.968700000000013,120
2026-08-10 16:03:05,136.9524,118.2585,7.6587,-0.3379,2.0759,-6.0458,-10.4966,0.5799600141390339,-18.693900000000014,120
2026-08-10 16:03:06,136.8622,116.8948,7.6004,0.3207,1.9571,-6.6016,-11.3845,0.585063080576589,-19.967399999999998,120
2026-08-10 16:03:07,137.6583,117.0438,7.7559,-0.5027,2.5879,-5.5509,-9.6545,0.6392268620203724,-20.614499999999992,120
2026-08-10 16:03:09,138.2073,115.7719,7.5421,-0.7261,1.5881,-3.712,-6.3509,0.862352164027231,-22.435400000000016,120
2026-08-10 16:03:10,137.9463,116.8318,7.6782,,,-5.3104,-9.1674,1.0032229227019032,-21.11450000000002,120
2026-08-10 16:03:11,136.9997,116.6256,7.6782,0.4989,1.6577,-3.7843,-6.5591,1.0236370666062817,-20.3741,120
2026-08-10 16:03:13,136.9115,116.8318,7.717,-0.1276,2.4289,-7.3745,-12.6798,0.9180417588477207,-20.079700000000003,120
2026-08-10 16:03:14,137.0549,116.1042,7.6393,-0.4484,2.3414,-8.1301,-14.0819,0.8950265151846621,-20.950699999999983,120
2026-08-10 16:03:15,137.6541,116.9865,7.7948,-0.7456,2.3434,-6.6705,-11.5565,0.8640280120934193,-20.667599999999993,120
2026-08-10 16:03:17,138.3005,116.2875,7.892,,,-6.1571,-10.6715,0.788855836089769,-22.013000000000005,120
2026-08-10 16:03:18,138.4264,117.4334,7.6782,-0.3431,2.4585,-6.447,-11.1242,0.8486804929976532,-20.992999999999995,120
2026-08-10 16:03:19,139.6687,117.9892,7.6976,0.3146,2.2355,-5.4405,-9.3745,0.8713830464310905,-21.67950000000002,120
2026-08-10 16:03:20,139.663,120.281,7.7559,0.0449,1.8196,-4.4564,-7.7359,0.8887551335592957,-19.382000000000005,120
2026-08-10 16:03:21,138.8675,118.8085,7.9114,-0.0356,2.1137,-3.9111,-6.9511,0.891169555770896,-20.059000000000026,120
2026-08-10 16:03:23,138.7224,118.1152,7.7559,-0.021,2.9973,-3.8776,-6.8005,0.8989587009874078,-20.607199999999978,120
2026-08-10 16:03:24,137.5934,118.0694,7.6976,,,-3.7742,-6.6681,0.8671234924705843,-19.524,120
2026-08-10 16:03:25,137.3114,117.5652,7.6976,0.2175,2.5778,-4.2063,-7.3418,0.839709386096548,-19.746199999999988,120
2026-08-10 16:03:26,137.7718,118.0694,7.7754,0.1041,1.9165,-4.925,-8.6341,0.8594705794349026,-19.70240000000001,120
2026-08-10 16:03:27,138.0382,118.9919,7.892,-0.0245,1.749,-4.74,-8.5337,0.8705509873684971,-19.046299999999974,120
2026-08-10 16:03:28,136.6298,117.7428,8.0475,-0.1404,1.4632,-5.2147,-9.505,0.8698020850970931,-18.887,120
2026-08-10 16:03:30,137.1931,117.5652,7.9309,-0.4741,2.466,-7.2479,-13.6251,0.7873665643046412,-19.627899999999983,120
2026-08-10 16:03:31,137.646,116.1385,7.8726,-0.0643,2.5778,-6.0254,-11.2196,0.6792841397155733,-21.507499999999993,120
2026-08-10 16:03:32,138.2297,118.6997,7.717,-0.2974,2.5514,-5.2887,-9.6975,0.6568807446608957,-19.53,120
2026-08-10 16:03:33,136.5787,117.7829,7.7948,-0.2145,2.2892,-5.4511,-9.9339,0.6476868641209215,-18.795799999999986,120
2026-08-10 16:03:34,137.7842,116.6026,7.7948,,,-4.5455,-8.2847,0.620762514492748,-21.181600000000003,120
2026-08-10 16:03:35,138.106,116.7803,7.892,-0.1596,1.9167,-4.4581,-8.0113,0.6274174187243878,-21.325699999999983,120
2026-08-10 16:03:37,139.1024,116.4078,7.581,-0.3939,2.3462,-5.7775,-10.1824,0.62024198893996,-22.69459999999998,120
2026-08-10 16:03:38,138.2349,115.1416,7.8142,0.2995,2.6153,-6.5569,-11.6071,0.6253123949998612,-23.0933,120
2026-08-10 16:03:39,137.7724,119.2096,7.7754,0.0225,2.5086,-6.1929,-10.8977,0.5521543146776088,-18.56280000000001,120
2026-08-10 16:03:40,138.5667,117.1298,7.6393,0.326,2.7884,-6.709,-11.8213,0.5565280887111015,-21.43689999999998,120
2026-08-10 16:03:41,138.2353,117.8173,7.581,0.1173,1.7285,-6.5415,-11.2735,0.5347308758316089,-20.418000000000006,120
2026-08-10 16:03:43,138.3317,118.6309,7.6782,0.119,2.0379,-7.2506,-12.6206,0.5583143324231287,-19.700800000000015,120
2026-08-10 16:03:44,138.2102,118.8658,7.7754,0.4621,2.331,-7.5605,-13.0008,0.39239426679342676,-19.344400000000007,120
2026-08-10 16:03:45,138.3502,116.8891,7.717,0.0783,2.6456,-7.2661,-12.4941,0.3806644498143979,-21.461099999999988,120
2026-08-10 16:03:46,138.353,119.1638,7.6199,-0.3042,2.8596,-7.2869,-12.3721,0.3851239523151432,-19.189200000000028,120
2026-08-10 16:03:47,138.2194,116.5912,7.5615,0.0125,2.8532,-7.0224,-11.965,0.3765122080343835,-21.628199999999993,120
2026-08-10 16:03:48,137.6202,116.4651,7.4449,-0.0706,2.1079,,,0.33534577192668863,-21.155100000000004,120
2026-08-10 16:03:50,138.6758,115.6114,7.406,-0.4611,1.6457,-6.8322,-11.6453,0.34329440486195395,-23.064400000000006,120
2026-08-10 16:03:51,138.7537,115.2161,7.27,,,-6.8244,-11.5505,0.34355639327176735,-23.537599999999998,120
2026-08-10 16:03:52,138.443,116.8376,7.27,-0.1507,1.7734,-7.2266,-12.0895,0.3434812414848384,-21.60540000000003,120
2026-08-10 16:03:53,139.0416,117.9663,7.3866,-0.8759,1.4261,-4.6492,-7.8019,0.36268487493675816,-21.07529999999997,120
2026-08-10 16:03:54,138.025,118.6825,7.8337,0.4899,2.4376,-7.073,-12.083,0.3659814974600448,-19.3425,120
2026-08-10 16:03:56,138.0078,116.8662,7.581,-0.0706,2.9728,-8.4224,-14.262,0.37471494169015185,-21.141599999999983,120
2026-08-10 16:03:57,138.5286,118.333,7.5615,-0.0227,2.2327,-7.9073,-13.5127,0.43769853479664966,-20.195600000000013,120
2026-08-10 16:03:58,138.5611,117.6798,7.7365,,,-7.0535,-12.2163,0.45173765999540155,-20.88130000000001,120
2026-08-10 16:03:59,138.9579,118.2986,7.7754,-0.3014,2.2309,-6.9875,-12.1866,0.4107465627037773,-20.6593,120
2026-08-10 16:04:01,138.5759,117.7944,7.7365,0.1568,2.0055,-7.2431,-12.5773,0.45792521994115787,-20.781499999999994,120
2026-08-10 16:04:02,138.2379,117.9262,7.717,0.5375,2.2858,-7.4044,-12.8399,0.47033500032790143,-20.311700000000002,120
2026-08-10 16:04:03,137.7863,117.0152,7.892,0.2271,2.6471,-7.7336,-13.5458,0.4858511295945634,-20.77110000000002,120
2026-08-10 16:04:23,137.4066,117.5423,7.6782,-0.3143,2.0061,,,0.7350945720359872,-19.864300000000014,120
2026-08-10 16:04:24,138.391,117.0782,7.6393,-0.6663,2.2407,-6.819,-11.7983,0.7311020890140046,-21.31279999999998,120
2026-08-10 16:04:27,137.6595,115.4281,7.6393,0.0478,1.8106,-7.038,-12.0855,0.902574612860381,-22.231400000000008,120
2026-08-10 16:04:28,137.8078,116.8547,7.8142,-0.292,2.0593,-6.399,-11.0237,0.9783888865645244,-20.953100000000006,120
2026-08-10 16:04:29,137.3701,115.8177,7.5615,0.1252,2.0064,-6.4356,-10.9452,0.9866070056488407,-21.552400000000006,120
2026-08-10 16:04:31,137.3619,117.548,7.3283,0.2829,2.0625,-5.6958,-9.6841,0.959690745018905,-19.81389999999999,120
2026-08-10 16:04:32,137.9702,117.2902,7.4643,0.565,2.6805,-6.3265,-10.5424,0.9791677498749289,-20.680000000000007,120
2026-08-10 16:04:33,138.3419,119.1523,7.4838,-0.0374,2.3322,-7.2434,-12.1175,0.9499313681238506,-19.189600000000013,120
2026-08-10 16:04:34,139.04,119.1466,7.3672,,,-6.5518,-11.0066,0.9222056560511751,-19.893399999999986,120
2026-08-10 16:04:35,139.9285,118.3101,7.3866,-0.6426,2.3832,-6.1115,-10.2749,0.9412117245025426,-21.61840000000001,120
2026-08-10 16:04:37,140.4325,120.006,7.3672,-0.3574,2.7163,-6.5257,-11.0436,1.0177277626673935,-20.426500000000004,120
2026-08-10 16:04:38,140.2155,119.5878,7.3672,-0.2161,2.3387,-6.4517,-10.9448,1.0149051533880178,-20.627700000000004,120
2026-08-10 16:04:39,138.0785,120.1722,7.5615,-0.1894,2.0774,-6.947,-11.7461,1.0063569862390407,-17.906299999999987,120
2026-08-10 16:04:40,137.5046,117.9033,7.4838,0.1187,1.7872,-7.708,-13.0446,1.0023205911795592,-19.60130000000001,120
2026-08-10 16:04:41,138.5939,116.7172,7.7754,-0.399,2.3139,-6.7686,-11.6279,1.0592165880455253,-21.87669999999997,120
2026-08-10 16:04:43,138.3932,118.522,7.6782,-0.2557,1.9448,-7.2103,-12.6051,1.3271004842073872,-19.871199999999988,120
2026-08-10 16:04:44,138.8791,119.3185,7.8726,-0.5065,1.8364,-7.2426,-12.5735,1.3648532242243319,-19.560599999999994,120
2026-08-10 16:04:45,137.6856,117.2501,7.7365,-0.3903,2.31,-7.723,-13.3405,1.3998942553781295,-20.43549999999999,120
2026-08-10 16:04:46,136.5417,116.6198,7.6004,-1.2293,2.2516,-6.2533,-10.8744,1.3443972037233773,-19.921899999999994,120
2026-08-10 16:04:47,137.9202,117.5423,7.6199,-0.3503,1.8883,-5.5073,-9.5089,1.3180523378750217,-20.37790000000001,120
2026-08-10 16:04:48,138.9706,118.3387,7.2894,,,-7.1448,-12.338,1.165951393463141,-20.631899999999973,120
2026-08-10 16:04:49,138.1974,119.2039,7.8337,-0.2758,2.02,-7.7668,-13.3373,1.0458782981009982,-18.993499999999983,120
2026-08-10 16:04:51,136.6575,116.9063,7.4643,0.1339,2.1614,-7.4779,-12.6978,1.1873445780381502,-19.751199999999983,120
2026-08-10 16:04:52,135.906,117.1813,7.581,-0.0214,2.1883,-8.6452,-14.8021,1.4799806428227975,-18.724700000000013,120
2026-08-10 16:04:53,135.6535,115.6515,7.5227,0.3419,1.8754,-4.3221,-7.3554,2.2843295022400363,-20.00200000000001,120
2026-08-10 16:05:20,165.1746,145.3709,7.5227,-0.6143,2.9504,-21.9285,-36.8712,1.7586227866208912,-19.803699999999992,150
2026-08-10 16:05:21,166.6797,145.9667,7.7948,-0.0944,2.102,-21.7954,-36.8317,1.295525821338767,-20.712999999999994,150
2026-08-10 16:05:22,167.3824,148.6596,7.1728,-0.588,2.514,-21.53,-37.5114,0.9831213887905447,-18.722799999999978,150
2026-08-10 16:05:23,167.9727,147.6627,7.7754,-0.6845,2.1697,-21.1667,-35.9344,1.0326670304325214,-20.310000000000002,150
2026-08-10 16:05:24,166.8144,146.5168,7.6976,,,-22.078,-37.5451,1.033309248474411,-20.297600000000017,150
2026-08-10 16:05:26,166.6792,147.1356,8.1447,0.1789,2.9185,-21.1766,-36.071,1.0889048825831966,-19.543599999999998,150
2026-08-10 16:05:27,166.4924,147.4564,8.0086,0.0722,2.6157,-21.6367,-37.1048,1.1424593228973885,-19.036,150
2026-08-10 16:05:28,166.0959,148.9289,8.7667,-0.0581,2.6201,-21.5671,-37.4646,1.2362521076657043,-17.167,150
2026-08-10 16:05:29,166.1806,148.9576,7.2894,-0.064,2.6553,-22.1203,-38.5852,1.3598257686918642,-17.222999999999985,150
2026-08-10 16:05:31,165.2178,148.9576,7.5615,0.9234,2.3302,-23.4168,-39.9836,1.4658857442884001,-16.260199999999998,150
2026-08-10 16:05:32,164.4557,148.9576,7.5615,,,-22.3544,-39.7061,1.5157105817305656,-15.498099999999994,150
2026-08-10 16:05:33,164.4242,148.9576,7.7559,0.4843,2.2466,-23.1805,-41.712,1.4690247400355139,-15.4666,150
2026-08-10 16:05:34,164.7511,147.5882,7.8142,0.688,1.941,,,1.3959793207539597,-17.162900000000008,150
2026-08-10 16:05:36,164.255,146.1272,7.7948,-0.0703,2.0412,-22.9369,-39.6383,1.3982315374750847,-18.127800000000008,150
2026-08-10 16:05:37,164.133,146.4308,7.9697,0.1244,2.5045,-23.1148,-40.0622,1.3727755088388995,-17.702200000000005,150
2026-08-10 16:05:38,163.6563,146.8262,8.4168,0.3871,2.1724,-23.6049,-40.6803,1.2652572672159583,-16.830099999999987,150
2026-08-10 16:05:39,163.1229,146.8262,7.6199,-0.2978,2.6123,-22.2948,-38.4402,1.1648030692937401,-16.296699999999987,150
2026-08-10 16:05:40,163.1677,146.8262,7.9892,,,-23.3758,-40.201,0.9658592446719542,-16.341499999999996,150
2026-08-10 16:05:42,163.1585,145.2677,7.892,-0.4102,2.5392,-22.6708,-38.9637,0.9499448778031251,-17.890800000000013,150
2026-08-10 16:05:43,163.3072,146.4881,7.8142,0.3544,2.1601,-24.3995,-41.3823,0.936111320769914,-16.81909999999999,150
2026-08-10 16:05:44,162.1674,146.7058,8.203,0.9795,3.3318,-23.8436,-41.6271,0.937031393863496,-15.461599999999976,150
2026-08-10 16:05:46,162.0697,147.1241,7.2505,0.3434,3.1875,-21.5551,-36.4002,0.9285389102270353,-14.945600000000013,150
2026-08-10 16:05:47,161.9204,145.2677,7.095,0.0482,2.2171,-20.8187,-35.4139,0.9108208541875493,-16.65270000000001,150
2026-08-10 16:05:49,162.5409,144.8724,7.4449,-0.6562,1.8766,-20.6375,-36.0252,0.9379803825377346,-17.668499999999995,150
2026-08-10 16:05:50,163.567,148.4075,7.6587,0.0475,1.4617,-20.0107,-36.0262,0.9771642915821641,-15.159500000000008,150
2026-08-10 16:05:51,164.8467,148.694,7.7754,,,-18.617,-33.5291,0.9780467957215159,-16.15270000000001,150
2026-08-10 16:05:52,164.7607,147.422,7.1533,1.0267,1.6804,-26.8045,-46.5944,0.9637328323141684,-17.338700000000017,150
2026-08-10 16:05:53,164.169,148.1955,7.1922,-0.0407,2.4919,-16.2242,-28.9876,0.992284617800206,-15.973500000000001,150
2026-08-10 16:05:55,164.8182,148.2815,7.7754,-0.0522,2.7444,-20.4,-37.1722,0.9911194324927707,-16.536699999999996,150
2026-08-10 16:05:56,164.1572,147.4507,7.6976,0.2015,2.7928,-19.606,-35.1412,1.0261150399268844,-16.706499999999977,150
2026-08-10 16:05:57,163.3196,147.7028,7.7754,,,-23.2025,-39.4712,0.9800005555137274,-15.616800000000012,150
2026-08-10 16:05:58,162.6698,145.4396,7.8726,0.0473,2.134,-21.4206,-36.5488,0.8894937266191707,-17.230199999999996,150
2026-08-10 16:06:00,162.2164,145.7605,7.7559,0.5437,2.7684,-21.2008,-35.7794,0.90676789556538,-16.455899999999986,150
2026-08-10 16:06:01,163.088,145.3651,7.7948,-0.0393,2.901,-20.708,-35.425,1.0209897602083033,-17.72289999999998,150
2026-08-10 16:06:02,164.0157,146.1902,7.6587,-0.0569,2.7284,-21.2681,-35.9369,1.0164494318867765,-17.825500000000005,150
2026-08-10 16:06:04,164.1677,147.0611,7.4255,0.1046,1.9118,-19.8903,-33.2233,0.933340805434279,-17.106599999999986,150
2026-08-10 16:06:06,164.9893,148.1153,7.406,,,-17.1134,-29.0326,0.8624184144387956,-16.873999999999995,150
2026-08-10 16:06:09,162.3792,145.812,7.7559,0.732,2.5231,-22.2461,-37.7039,0.8639331559534094,-16.567199999999985,150
2026-08-10 16:06:11,161.9764,146.8835,7.8337,0.0873,2.5796,,,0.8822066292722596,-15.092900000000014,150
2026-08-10 16:06:12,162.3991,145.5542,7.6976,,,-20.8203,-35.5421,1.0830031857848093,-16.844899999999996,150
2026-08-10 16:06:13,163.1993,147.3074,7.6004,0.5272,2.4965,-20.2351,-34.0753,1.116961463611657,-15.891899999999993,150
2026-08-10 16:06:14,163.2006,145.8751,7.7559,-0.3509,2.0437,-23.8073,-39.5526,1.108488726921527,-17.325500000000005,150
2026-08-10 16:06:16,162.4048,145.3651,7.6587,-0.2003,2.1421,-21.6551,-36.3355,1.0890683541066124,-17.039699999999982,150
2026-08-10 16:06:17,162.1642,144.9984,7.7754,-0.1601,2.1514,-22.057,-37.3897,0.9954538223399936,-17.16579999999999,150
2026-08-10 16:06:18,162.3558,144.6375,7.7559,-0.0836,2.6814,-21.0538,-35.6179,0.9954538223399936,-17.7183,150
2026-08-10 16:06:19,163.3653,144.9411,7.9114,-0.6501,1.7496,-20.3108,-34.4952,1.0008974011983327,-18.424199999999985,150
2026-08-10 16:06:20,164.1419,146.0126,7.8337,,,-20.49,-34.9591,1.087285212998119,-18.1293,150
2026-08-10 16:06:22,165.5749,149.1466,7.7948,0.0646,2.6598,-18.1463,-31.1269,1.0309523175132762,-16.428300000000007,150
2026-08-10 16:06:23,164.5608,146.4996,7.7365,-0.0759,2.241,-29.3531,-48.4561,1.0062454322086658,-18.061200000000014,150
2026-08-10 16:06:24,162.3318,147.4507,8.0864,1.8181,2.4774,-14.3925,-24.7966,1.0054329205874,-14.881099999999975,150
2026-08-10 16:06:25,162.4015,145.5657,7.6004,0.0441,1.9877,-22.7534,-37.5039,1.0136688914618208,-16.835800000000006,150
2026-08-10 16:06:26,162.258,146.1329,7.581,0.9889,1.9273,-17.6399,-29.7047,1.0136688914618208,-16.125100000000003,150
2026-08-10 16:06:27,163.8197,146.3392,7.7754,-0.1594,2.0072,-22.5188,-37.9055,1.0395999141238401,-17.480500000000006,150
2026-08-10 16:06:29,164.1509,147.359,7.6976,0.6979,2.5266,-23.5425,-39.1664,0.9643546882876743,-16.7919,150
2026-08-10 16:06:30,165.1044,146.7288,7.8531,0.287,2.3113,-21.2333,-35.6167,0.9660012537826261,-18.37559999999999,150
2026-08-10 16:06:31,164.248,148.1325,7.6393,-0.5575,2.204,-23.3206,-39.1004,0.9561396491128203,-16.115499999999997,150
2026-08-10 16:06:32,163.3098,147.571,7.581,-0.0438,1.6909,-23.7037,-39.2837,0.9561396491128203,-15.738799999999998,150
2026-08-10 16:06:33,163.818,146.3105,7.717,0.9836,2.7925,-24.3253,-42.0026,0.848877719287956,-17.50750000000002,150
2026-08-10 16:06:35,162.869,148.1039,7.7948,0.0273,1.9809,-25.0777,-43.2228,0.8205980634310092,-14.76509999999999,150
2026-08-10 16:06:37,162.0223,146.1214,7.7754,,,-17.3659,-30.9859,0.7376643443307546,-15.900900000000007,150
2026-08-10 16:06:38,163.6214,146.3793,7.7948,-0.5302,2.5825,-18.8561,-33.0176,0.7697952619655503,-17.242099999999994,150
2026-08-10 16:06:39,162.8636,144.7692,7.3088,-0.2862,2.1496,-19.6172,-34.3783,0.7516152751939432,-18.09439999999998,150
2026-08-10 16:06:40,163.2522,146.8835,7.6393,0.1589,1.7809,-20.157,-35.4193,0.7958213718565785,-16.36869999999999,150
2026-08-10 16:06:41,163.3815,148.7742,7.6782,0.9449,1.588,-23.4307,-40.8071,0.7121567302953952,-14.60729999999998,150
2026-08-10 16:06:43,162.365,145.411,7.4838,0.7267,2.9639,-18.1601,-32.3994,0.7042403000799775,-16.954000000000008,150
2026-08-10 16:06:44,162.7112,145.5198,8.1447,-0.3309,1.8757,-19.1932,-35.2705,0.6933360074588555,-17.191399999999987,150
2026-08-10 16:06:45,164.4647,146.7058,7.9114,0.0921,2.2125,-18.4369,-34.5954,0.7832593883568021,-17.758899999999983,150
2026-08-10 16:06:46,163.6836,146.2761,7.9309,,,-22.7269,-41.4746,0.8040717276973137,-17.4075,150
2026-08-10 16:06:47,163.565,148.3903,7.9892,0.9544,2.2114,-18.0619,-33.4838,0.8710410262741378,-15.174700000000001,150
2026-08-10 16:06:48,164.4981,146.8147,8.2419,0.1932,2.079,-20.7368,-38.4276,0.8382583436298041,-17.683400000000006,150
2026-08-10 16:06:49,163.8013,146.809,7.8531,-0.654,2.1862,-20.3481,-36.7804,0.8418020717205479,-16.9923,150
2026-08-10 16:06:50,162.1834,145.5256,7.3477,-0.3068,1.1383,-19.5162,-33.1943,0.8647608322996381,-16.65780000000001,150
2026-08-10 16:06:52,162.4812,146.5855,7.9309,0.0197,1.9764,-19.9589,-35.2635,0.9139112357153977,-15.895700000000005,150
2026-08-10 16:06:53,163.3736,146.5053,7.3866,1.7688,2.5139,-14.9747,-25.6522,0.9006814848061706,-16.868300000000005,150
2026-08-10 16:06:54,162.981,145.474,7.4643,-0.2458,2.3508,-29.686,-49.0555,0.88276329483066,-17.507000000000005,150
2026-08-10 16:06:55,161.5093,144.7807,7.6976,,,-14.6303,-25.6913,0.8996681756699013,-16.7286,150
2026-08-10 16:06:57,161.4234,144.3682,7.8142,0.8577,2.2102,-18.1826,-31.9124,0.9396845859439746,-17.055199999999985,150
2026-08-10 16:06:58,162.9068,145.6287,7.8142,0.1856,2.8048,-18.4448,-32.8577,1.1191822447935247,-17.278099999999995,150
2026-08-10 16:06:59,163.7101,145.7261,7.9503,0.2595,2.3562,-19.0066,-33.6528,1.1226679547344243,-17.98400000000001,150
2026-08-10 16:07:01,164.113,146.2933,7.717,1.0018,2.5536,-18.0783,-31.8583,1.154160973476528,-17.81970000000001,150
2026-08-10 16:07:02,163.8781,146.4136,7.6782,0.0154,2.0766,-18.4217,-32.3523,1.131241738741439,-17.464499999999987,150
2026-08-10 16:07:03,162.5025,147.5481,7.6782,,,-15.9396,-28.231,1.1035670623227907,-14.954399999999993,150
2026-08-10 16:07:04,162.9928,144.7521,7.5615,0.893,1.272,-21.1626,-36.3233,1.1254259502431698,-18.240699999999975,150
2026-08-10 16:07:05,164.0718,146.0813,7.5421,1.0863,2.4116,-20.8818,-35.2218,1.151673551077627,-17.990499999999997,150
2026-08-10 16:07:07,164.7047,148.4018,7.7948,0.8078,2.2958,-17.4813,-30.2696,1.0670323995675581,-16.302899999999994,150
2026-08-10 16:07:08,165.8056,148.1325,7.7365,0.1447,1.9883,-17.5865,-30.5315,0.9339252882684416,-17.673100000000005,150
2026-08-10 16:07:09,164.5546,147.7773,7.6587,-0.5576,2.34,-17.6453,-30.6667,0.9028726065051994,-16.777299999999997,150
2026-08-10 16:07:11,164.6611,147.2673,7.7365,-0.7397,1.5846,-22.3114,-37.1651,0.926588561395077,-17.3938,150
2026-08-10 16:07:12,164.1644,149.7941,7.6199,1.1748,1.6372,-22.9725,-37.2855,0.9348804318917606,-14.370300000000015,150
2026-08-10 16:07:13,163.2676,148.0981,7.6199,-0.7389,1.4924,-22.2868,-36.5797,0.9634675594749562,-15.1695,150
2026-08-10 16:07:14,162.6179,147.7429,7.6782,,,-22.4026,-36.3257,0.9203646607539444,-14.875,150
2026-08-10 16:07:16,163.4658,146.4652,7.5421,0.0893,1.9179,-17.8648,-29.9828,0.9125770159440307,-17.00059999999999,150
2026-08-10 16:07:17,165.3239,147.8689,7.6004,-0.0182,2.7252,,,0.9006959662675796,-17.455000000000013,150
2026-08-10 16:07:18,165.1165,148.0809,7.4838,0.1185,2.2792,-18.3473,-30.596,0.8904128501274186,-17.035599999999988,150
2026-08-10 16:07:19,163.5132,147.6054,7.6782,-0.0724,1.6482,-22.204,-36.7483,0.8001486127986159,-15.907800000000009,150
2026-08-10 16:07:20,163.0999,148.4476,7.9503,1.1597,2.346,-22.3496,-37.2442,0.9283635973364428,-14.652299999999997,150
2026-08-10 16:07:22,163.4402,147.6054,7.7754,0.7188,2.4924,-20.0707,-33.6166,1.267062974557904,-15.834800000000001,150
2026-08-10 16:07:24,163.0437,146.4824,7.7365,,,-19.8555,-33.4281,1.7228358328716058,-16.56129999999999,150
2026-08-10 16:07:25,163.5456,146.9637,7.6782,-0.2366,2.6097,-20.0986,-34.1251,1.951871206904461,-16.58190000000002,150
2026-08-10 16:07:26,164.8151,147.8747,7.8142,-0.0906,1.8611,-20.3022,-33.4573,1.9114240510298004,-16.94040000000001,150
2026-08-10 16:07:27,164.7753,147.8861,7.6587,-0.617,1.5715,-20.0394,-33.3671,1.904635164914502,-16.889199999999988,150
2026-08-10 16:07:28,163.8245,146.8663,7.6199,0.061,1.8601,-22.5399,-37.7504,1.8480123163472912,-16.958200000000005,150
2026-08-10 16:07:30,161.8633,148.0523,7.6393,0.4003,1.9455,-27.0633,-44.3948,1.733574070725853,-13.811000000000007,150
2026-08-10 16:07:31,161.2423,144.7291,7.7365,1.6952,1.4797,-21.3822,-35.5357,1.7498573884493434,-16.513200000000012,150
2026-08-10 16:07:32,160.5568,143.6462,7.6782,-0.3331,2.5145,-24.192,-40.8298,1.7010973360214665,-16.910600000000017,150
2026-08-10 16:07:34,158.6349,142.5175,7.6976,,,-17.8667,-30.5196,1.635376746104805,-16.117399999999975,150
2026-08-10 16:07:35,159.2661,143.4686,7.8531,0.1895,2.1187,-16.4762,-28.5425,1.663921933136086,-15.797499999999985,150
2026-08-10 16:07:36,161.7385,145.6287,7.6393,0.0178,1.6803,-16.9026,-29.6557,1.6884328103885362,-16.10979999999998,150
2026-08-10 16:07:37,162.9875,146.809,8.1836,-0.2791,1.8692,-17.3093,-30.3594,1.6014855109106552,-16.178500000000014,150
2026-08-10 16:07:39,161.4807,144.0702,7.892,,,-21.8285,-36.421,1.6294941298066747,-17.410500000000013,150
2026-08-10 16:07:40,161.3533,143.2853,7.6782,0.3476,1.9882,-16.9899,-29.552,1.6202299924668027,-18.067999999999984,150
2026-08-10 16:07:41,160.8185,143.4228,7.4838,0.2417,2.152,-17.3675,-30.6305,1.6665887956568846,-17.395700000000005,150
2026-08-10 16:07:42,161.6234,144.0874,8.0669,0.732,2.1672,-19.3099,-33.5701,1.6542429238722176,-17.536,150
2026-08-10 16:07:43,162.1042,144.5515,7.5421,0.1128,2.4555,-20.2193,-35.5304,1.6084802672601863,-17.552699999999987,150
2026-08-10 16:07:44,162.9876,145.05,7.3672,-0.3474,2.4668,-19.9288,-34.8129,1.5636564339121117,-17.937599999999975,150
2026-08-10 16:07:46,163.9434,145.8579,7.717,-0.2895,2.6475,-20.6635,-35.2931,1.097044618779713,-18.085499999999996,150
2026-08-10 16:07:47,163.7678,146.1902,7.6782,,,-19.2297,-32.729,1.1101271206122025,-17.57759999999999,150
2026-08-10 16:07:48,164.6225,147.7773,7.6782,-1.2731,2.0687,,,1.1407346931459539,-16.845200000000006,150
2026-08-10 16:07:49,164.3775,146.9866,7.8337,0.0069,1.6504,-21.0429,-35.4438,1.1131630607066039,-17.390899999999988,150
2026-08-10 16:07:50,163.4587,145.8922,7.5227,0.7199,2.092,-20.8264,-35.9106,1.085439953414341,-17.56649999999999,150
2026-08-10 16:07:52,162.0148,145.5256,7.7365,-0.1808,1.7507,-20.4404,-34.6178,1.6846645065184427,-16.48920000000001,150
2026-08-10 16:07:53,162.1842,144.626,7.9309,,,-19.8485,-33.2264,2.871427554854004,-17.5582,150
2026-08-10 16:07:54,162.3711,146.7001,7.6587,0.6698,1.8131,-19.783,-32.9765,2.914234495133748,-15.67100000000002,150
2026-08-10 16:08:17,195.4082,180.8484,8.514,1.2152,2.6461,,-62.7043,2.644132122173677,-14.559799999999996,180
2026-08-10 16:08:18,194.8922,183.3694,7.7754,0.233,3.4106,-33.0447,,1.9930324533966324,-11.52279999999999,180
2026-08-10 16:08:20,193.4673,182.6876,8.7278,1.7702,1.9066,-25.9909,-49.209,1.8088252769737587,-10.779699999999991,180
2026-08-10 16:08:21,192.2507,180.1437,7.8726,0.0861,3.2491,-39.728,-68.5418,1.6970356297754579,-12.107,180
2026-08-10 16:08:22,191.3069,179.2728,8.1253,0.9972,3.0489,-34.9734,-60.9458,1.677762588093537,-12.034100000000024,180
2026-08-10 16:08:23,190.9716,177.4221,8.1253,-0.4493,2.5913,-39.1649,-66.4526,1.7259661167533615,-13.549499999999995,180
2026-08-10 16:08:24,191.9746,179.989,7.8726,-0.4649,2.2832,-34.3912,-61.7571,1.95531803560226,-11.985600000000005,180
2026-08-10 16:08:26,191.8978,180.9057,8.2224,0.1748,1.5548,-32.7182,-57.9647,1.9234921700185246,-10.992099999999994,180
2026-08-10 16:08:27,192.6566,179.691,8.3391,2.0241,2.6381,-43.2538,-75.3165,2.1883762890233682,-12.965599999999995,180
2026-08-10 16:08:28,190.1593,179.3874,7.8142,0.9353,3.344,-22.076,-45.8114,2.0781908847701924,-10.771899999999988,180
2026-08-10 16:08:29,189.641,179.3587,8.2613,-0.1307,2.4154,-37.6671,-66.6344,1.982324081969901,-10.282299999999992,180
2026-08-10 16:08:31,191.3628,180.0062,8.2808,-0.0667,2.4956,-38.0521,-67.4177,1.9128306226796565,-11.356599999999986,180
2026-08-10 16:08:32,190.6636,179.204,8.2419,0.2248,2.3747,-40.3266,-69.5129,1.917921769034764,-11.459599999999995,180
2026-08-10 16:08:34,188.5925,177.3304,8.1447,0.0451,2.5536,-43.0549,-73.3687,1.9475711184983617,-11.262100000000004,180
2026-08-10 16:08:37,197.0243,179.565,8.1447,,,-37.4936,-66.602,2.2769121047124505,-17.459300000000013,180
2026-08-10 16:08:39,189.5942,179.7598,8.3391,0.2545,2.1615,-38.5645,-67.841,2.6583448443655113,-9.834399999999988,180
2026-08-10 16:08:41,190.9119,180.1036,8.3196,0.3172,2.6594,-36.033,-64.6875,2.9628839984837354,-10.808300000000003,180
2026-08-10 16:08:44,190.0276,182.9168,8.2224,0.5844,2.7336,-34.5915,-64.3778,2.988812441777767,-7.110800000000012,180
2026-08-10 16:08:46,188.9517,178.5451,7.8142,1.445,1.8163,-33.8748,-62.8862,2.9863416176269664,-10.406599999999997,180
2026-08-10 16:08:47,195.1442,178.6081,8.2419,0.3134,2.637,-39.9956,-72.9647,2.8996307370109187,-16.536100000000005,180
2026-08-10 16:08:48,186.9071,177.8117,8.378,,,,,2.3258057721274605,-9.095400000000012,180
2026-08-10 16:08:49,187.4494,178.6482,8.3002,0.7108,2.6888,-30.1825,-59.185,2.448508288479137,-8.801199999999994,180
2026-08-10 16:08:50,186.4335,178.2357,8.378,1.0488,2.3325,-46.3097,-80.674,2.942836501067657,-8.1978,180
2026-08-10 16:08:58,188.0358,179.0264,8.203,0.3896,1.6511,-44.3885,-75.7203,2.7627462715308386,-9.0094,180
2026-08-10 16:08:59,185.5396,178.5909,8.0864,1.5704,2.6019,-41.5717,-73.1446,2.770936254996028,-6.948700000000002,180
2026-08-10 16:09:00,182.3832,175.3537,8.0669,1.8007,2.5693,-40.6293,-72.1598,2.756871524488203,-7.0294999999999845,180
2026-08-10 16:09:03,182.1486,173.7151,8.2419,1.482,2.9497,-26.6697,-51.9546,2.755268997354941,-8.433499999999981,180
2026-08-10 16:09:04,183.5723,175.2621,8.203,0.7515,2.2297,-45.6532,-78.9428,2.695893937332438,-8.310200000000009,180
2026-08-10 16:09:05,185.046,173.3369,7.6393,1.6183,3.496,-27.4976,-53.5498,2.572345637411624,-11.709099999999978,180
2026-08-10 16:09:06,184.5474,173.4401,8.1058,0.5494,2.6588,-22.9307,-45.3694,2.1179032150531043,-11.10730000000001,180
2026-08-10 16:09:08,184.9318,174.2479,8.0864,,,-33.0965,-60.706,1.5347805519910067,-10.683900000000023,180
2026-08-10 16:09:09,184.9228,178.1498,8.203,1.9263,2.1098,-45.7577,-77.7528,1.3901925121105823,-6.772999999999996,180
2026-08-10 16:09:10,185.0647,176.7689,8.1836,-0.0787,2.2123,-29.0115,-55.9496,1.4128431937334764,-8.295799999999986,180
2026-08-10 16:09:11,185.8976,176.047,8.2419,0.0729,2.2662,-38.5402,-69.6031,1.377829828019534,-9.850600000000014,180
2026-08-10 16:09:12,186.4623,177.0611,8.1253,0.0606,2.2271,-38.3381,-67.3324,1.2350327066201006,-9.401199999999989,180
2026-08-10 16:09:14,185.919,176.7116,7.9503,0.4252,2.9553,-36.2913,-63.871,1.0695480061271738,-9.207400000000007,180
2026-08-10 16:09:15,184.3494,176.6486,8.1058,0.0816,1.8998,-35.7507,-63.1244,1.0666688405472489,-7.700800000000015,180
2026-08-10 16:09:16,185.3201,176.6773,8.203,0.4585,2.9558,-38.3387,-66.4006,1.1133859470429002,-8.642799999999994,180
2026-08-10 16:09:17,184.1671,176.133,8.2224,-0.0695,2.6145,-28.3813,-52.9387,1.222591908537927,-8.034099999999995,180
2026-08-10 16:09:19,182.3222,173.4687,8.1447,,,-33.225,-59.6667,1.3385953716106924,-8.853499999999997,180
2026-08-10 16:09:20,182.6784,173.9099,8.1447,0.7831,2.3088,-34.3098,-61.4924,1.3467107338373483,-8.768500000000017,180
2026-08-10 16:09:22,183.8816,174.2365,8.3002,1.5631,2.3936,-34.3161,-60.2659,1.3358583577167273,-9.645099999999985,180
2026-08-10 16:09:23,185.4652,176.196,8.2419,,,,,1.3051894360277738,-9.269200000000012,180
2026-08-10 16:09:24,184.5625,175.4053,8.1253,-0.079,2.4287,-35.4854,-63.3067,1.4647796179989097,-9.157199999999989,180
2026-08-10 16:09:26,186.0626,176.4194,8.3002,-0.3119,2.1735,-34.2638,-62.3229,1.8089237460519867,-9.643200000000007,180
2026-08-10 16:09:27,186.9023,178.6826,8.2419,0.6147,2.3147,-35.5273,-64.8968,1.8610942257745013,-8.219699999999989,180
2026-08-10 16:09:28,187.2431,178.3732,8.3391,-0.496,2.3315,-38.6906,-72.7438,1.8501194470858962,-8.869900000000001,180
2026-08-10 16:09:29,186.3543,178.8316,8.3391,0.3269,2.3746,-38.3672,-71.19,1.8501194470858962,-7.522699999999986,180
2026-08-10 16:09:30,185.8386,177.7831,8.3002,0.3143,2.066,-36.779,-70.2624,1.658029634457835,-8.055500000000023,180
2026-08-10 16:09:31,185.0893,177.1528,8.2224,0.1302,1.9149,-39.9069,-72.6751,1.447149332588435,-7.936499999999995,180
2026-08-10 16:09:32,185.0235,176.7861,8.203,0.778,2.5377,-34.3592,-67.6065,1.4348307924423278,-8.237400000000008,180
2026-08-10 16:09:33,185.7559,178.9576,8.2808,-0.0665,2.3087,-33.8591,-66.2685,1.2838232936144716,-6.798299999999983,180
2026-08-10 16:09:34,188.3121,179.565,8.4168,0.7273,2.4611,-32.3351,-64.9069,1.3816436234058496,-8.747099999999989,180
2026-08-10 16:09:36,189.7201,182.8767,8.5918,-1.0426,1.7007,-34.5539,-66.2685,1.2885283222882062,-6.843400000000003,180
2026-08-10 16:09:37,187.4643,179.565,8.3974,1.8804,2.05,-43.4739,-75.8535,1.2795390456558926,-7.899300000000011,180
2026-08-10 16:09:38,187.1727,180.0348,8.1836,-0.2191,2.757,-38.1086,-72.8847,1.2820361067320756,-7.137900000000002,180
2026-08-10 16:09:40,187.5328,178.7399,8.4168,-0.3952,1.6968,-39.7432,-70.9736,1.3295611333860862,-8.792900000000003,180
2026-08-10 16:09:41,187.8177,180.7166,8.3391,1.0782,2.5089,-36.9053,-66.6972,1.2861363736876628,-7.101100000000002,180
2026-08-10 16:09:42,187.7235,178.2586,8.3585,-0.0095,2.172,-40.6544,-73.493,1.1911532130911948,-9.4649,180
2026-08-10 16:09:43,187.1159,179.5994,8.378,,,-37.965,-67.9905,1.0515548138262951,-7.516500000000008,180
2026-08-10 16:09:44,189.4063,179.9832,8.3196,0.8712,2.6221,-39.9114,-72.7361,0.9566279058875157,-9.423099999999977,180
2026-08-10 16:09:46,188.3753,180.052,8.2419,0.4649,1.9522,-44.6105,-77.7881,0.9383827052051311,-8.323300000000017,180
2026-08-10 16:09:47,186.2701,180.0119,8.3391,0.0933,2.0728,-38.9259,-69.9938,0.8095724777050455,-6.258200000000016,180
2026-08-10 16:09:48,186.7373,178.3446,8.2613,-0.5616,2.1834,-43.2872,-76.064,0.8302167160944051,-8.39269999999999,180
2026-08-10 16:09:49,188.0719,181.0317,8.2224,0.8451,2.4786,-31.9331,-60.6002,0.8544748610762697,-7.040199999999999,180
2026-08-10 16:09:50,188.7968,180.6822,8.2224,,,-43.7048,-75.9337,0.8491245103473972,-8.114599999999996,180
2026-08-10 16:09:51,186.8161,179.479,8.0281,-0.235,2.2679,-39.4519,-71.3788,0.8732035210120195,-7.337099999999992,180
2026-08-10 16:09:53,186.48,179.055,8.2613,0.6442,1.9722,-40.8517,-72.5455,1.8534211575463184,-7.424999999999983,180
2026-08-10 16:09:54,187.0406,180.9229,8.3585,0.1948,2.585,-39.1272,-70.3563,2.0745621643202736,-6.1177000000000135,180
2026-08-10 16:09:55,186.8015,180.1207,8.4751,0.1474,2.0177,-37.1824,-68.4982,2.031567332907915,-6.680800000000005,180
2026-08-10 16:09:56,187.6625,180.8312,8.2419,0.7694,3.3248,-39.2227,-71.3566,2.112556908332645,-6.831299999999999,180
2026-08-10 16:09:58,188.2711,182.3782,8.4168,0.3482,2.6096,-46.6853,-79.6335,2.1523114557083964,-5.892899999999997,180
2026-08-10 16:09:59,188.4988,185.7243,7.5227,-0.9991,1.8767,-37.1578,-66.7062,2.1501596152144677,-2.774499999999989,180
2026-08-10 16:10:00,188.387,180.1723,7.9697,1.079,1.6835,,,2.1047812035636433,-8.214699999999993,180
2026-08-10 16:10:02,182.9056,175.7663,8.0864,0.4782,3.1894,-51.5197,-81.3579,2.0235695274162038,-7.1392999999999915,180
2026-08-10 16:10:03,182.2625,175.8694,8.0086,0.879,1.9092,-24.8291,-49.5158,1.9631334918721202,-6.393099999999976,180
2026-08-10 16:10:04,183.0883,176.2017,8.1253,,,-41.6017,-72.5516,1.996839404913509,-6.886600000000016,180
2026-08-10 16:10:06,183.4227,176.0184,8.2613,0.0385,2.425,-45.7347,-77.3492,2.053050288780658,-7.404299999999978,180
2026-08-10 16:10:07,183.6715,176.0012,8.3002,0.3276,2.3037,-24.507,-48.8048,2.152944342003186,-7.6702999999999975,180
2026-08-10 16:10:08,185.9726,178.1784,8.2224,0.5545,2.5772,-36.1614,-66.8254,2.3745756986832656,-7.794199999999989,180
2026-08-10 16:10:10,185.0551,177.1127,8.203,1.0688,2.6172,-36.1825,-66.3464,2.2336104100575036,-7.9424000000000206,180
2026-08-10 16:10:11,185.2904,178.0123,8.4557,-1.0147,2.5448,-41.46,-72.0282,1.9766948919698193,-7.278099999999995,180
2026-08-10 16:10:13,185.6494,178.2758,8.3391,,,-38.7472,-69.5614,1.9169138459234325,-7.37360000000001,180
2026-08-10 16:10:14,187.3867,181.7938,8.1836,-0.4339,2.8558,-36.8561,-66.9036,1.888195365535696,-5.592899999999986,180
2026-08-10 16:10:15,183.7033,177.5768,8.2224,0.8163,1.5905,-25.5623,-49.5018,1.902168949000929,-6.126500000000021,180
2026-08-10 16:10:16,183.3617,181.4787,8.1253,2.3603,1.284,-44.0075,-74.0977,1.902168949000929,-1.8830000000000098,180
2026-08-10 16:10:17,181.4443,176.0527,8.9417,1.977,2.9392,-18.2442,-39.2957,1.9021098390197022,-5.391600000000011,180
2026-08-10 16:10:18,180.0428,175.2048,8.1641,0.5707,2.6137,-44.8323,-76.2149,1.9120694622386178,-4.837999999999994,180
2026-08-10 16:10:19,180.3025,175.4626,7.7559,0.0505,1.4246,-40.8954,-72.2303,1.8443673416001707,-4.8399,180
2026-08-10 16:10:21,182.1535,174.8724,7.9309,-0.7519,1.7559,-30.0747,-57.5142,1.7933982991342325,-7.281100000000009,180
2026-08-10 16:10:22,183.3243,174.8667,8.1253,-0.1334,1.5732,-38.7006,-68.3522,1.7671954008497084,-8.457599999999985,180
2026-08-10 16:10:23,184.0291,178.5623,8.0864,1.0351,1.6081,-40.4023,-70.3833,1.7622582954866084,-5.466800000000006,180
2026-08-10 16:10:24,183.4193,177.3247,8.1836,0.8463,2.4038,-33.934,-63.2537,1.701357147644332,-6.094599999999986,180
2026-08-10 16:10:25,182.5517,176.0241,8.1836,0.138,2.4602,-38.1869,-69.1082,1.4270175469406048,-6.527600000000007,180
2026-08-10 16:10:27,183.9875,175.1704,8.4168,-0.1378,1.6611,-26.4627,-52.6705,1.5039945018702787,-8.81710000000001,180
2026-08-10 16:10:28,184.58,179.6681,8.203,1.6474,2.0598,-45.7746,-78.4994,1.4519571430257254,-4.911900000000003,180
2026-08-10 16:10:29,184.4005,177.3476,8.1641,-1.4206,3.2855,-30.1716,-56.3785,1.1691710628806227,-7.052899999999994,180
2026-08-10 16:10:30,183.6987,178.144,8.3585,2.6406,2.8519,-40.0565,-69.9127,0.8272722133429987,-5.554699999999997,180
2026-08-10 16:10:32,184.7828,177.2216,8.1058,1.1543,2.6409,-41.5336,-72.6857,0.6694282641131466,-7.561200000000014,180
2026-08-10 16:10:33,185.1845,177.1299,8.1836,0.2327,2.3274,-35.3697,-65.2189,0.7588779869437526,-8.054600000000022,180
2026-08-10 16:10:34,184.3788,177.8404,8.2613,,,-33.8154,-62.5589,0.819057413136116,-6.538400000000024,180
2026-08-10 16:10:35,184.0968,178.7915,8.2808,0.6537,1.8731,-42.9822,-74.7809,0.8423080937946843,-5.305299999999988,180
2026-08-10 16:10:37,184.7226,179.2327,8.1447,0.7093,2.3508,-30.2652,-57.992,0.8072069841654813,-5.489900000000006,180
2026-08-10 16:10:38,184.6452,177.8404,8.4751,0.4416,2.5301,-36.0981,-65.045,0.8681043481277806,-6.8048,180
2026-08-10 16:10:39,184.4555,177.9607,8.1641,0.4784,2.5184,-38.0219,-69.3559,0.880483769974348,-6.494799999999998,180
2026-08-10 16:10:40,185.263,178.7686,8.1641,0.9523,2.7843,-36.6734,-66.5727,0.8900351282976737,-6.494400000000013,180
2026-08-10 16:10:42,184.1623,177.2216,8.2419,1.0427,2.3478,-34.6242,-63.5676,0.8637897513069343,-6.9406999999999925,180
2026-08-10 16:10:43,182.4817,176.1903,8.2419,,,-33.1451,-61.1903,0.8415602913441969,-6.291399999999982,180
2026-08-10 16:10:44,182.8579,175.1074,8.2419,0.0717,2.3642,-37.2256,-67.8708,0.80761630320317,-7.750499999999988,180
2026-08-10 16:10:45,183.037,177.1872,8.3391,1.2699,3.2599,-39.3042,-70.9446,0.8436276737316526,-5.849800000000016,180
2026-08-10 16:10:46,183.2304,177.4393,8.1058,0.7132,2.8317,-38.4966,-69.0679,0.8571492736149592,-5.7911,180
2026-08-10 16:10:47,182.9413,175.073,8.3585,-0.3808,2.4746,-37.0451,-66.2839,0.8414960676941069,-7.868300000000005,180
2026-08-10 16:10:48,182.6581,176.2304,8.3391,0.6437,2.3545,-32.4154,-61.8226,0.8432714413711213,-6.427699999999987,180
2026-08-10 16:10:50,184.6497,179.1181,8.0086,-1.2015,1.3259,-31.477,-60.111,0.8898251399769976,-5.531599999999997,180
2026-08-10 16:10:51,183.9371,177.6857,8.1836,2.0314,2.3664,-48.5423,-80.8652,0.8950129508293364,-6.25139999999999,180
2026-08-10 16:10:52,184.1558,180.1322,8.1253,0.7294,2.8868,-22.043,-46.4412,0.8801008894720277,-4.023599999999988,180
2026-08-10 16:10:53,183.9265,176.6142,8.0864,0.3161,1.8376,-46.1928,-78.5259,0.8568712754353685,-7.312299999999993,180
2026-08-10 16:10:55,182.6519,177.3419,8.1836,1.6627,2.9978,-33.9873,-63.4076,0.9188862343400748,-5.310000000000002,180
2026-08-10 16:10:56,182.9974,175.5829,8.3002,,,-45.085,-77.0427,0.9296351190939313,-7.414500000000004,180
2026-08-10 16:10:57,183.1718,179.0321,8.3585,1.2513,1.6001,-27.3053,-55.3133,0.9281278371913567,-4.139699999999976,180
2026-08-10 16:10:58,182.4549,177.1872,8.6695,-0.2382,1.6003,-31.7001,-61.3505,0.9589791955990491,-5.267700000000019,180
2026-08-10 16:11:00,181.6298,175.3652,8.2224,1.0886,2.1061,-36.0423,-65.9765,0.9830110951170425,-6.2646000000000015,180
2026-08-10 16:11:01,181.0651,178.0524,8.1253,1.9345,3.0147,-24.0265,-47.6937,0.9016820347658956,-3.0126999999999953,180
2026-08-10 16:11:02,182.4731,174.5229,8.1253,,,-44.3535,-76.6737,1.1093626708205688,-7.950199999999995,180
2026-08-10 16:11:03,182.1374,176.7919,8.3391,-0.7728,2.3089,-29.9276,-56.6695,1.4149417747293347,-5.3455000000000155,180
2026-08-10 16:11:04,181.7503,174.225,8.7473,1.1449,2.3041,-29.3989,-56.9516,1.5437067372638236,-7.525300000000016,180
2026-08-10 16:11:06,182.241,178.3102,7.9697,0.7271,1.7605,-24.6396,-49.7559,1.6120728315067498,-3.930800000000005,180
2026-08-10 16:11:07,182.4386,174.8782,8.1447,0.5377,1.513,-33.6549,-62.1965,1.6572232143190218,-7.5604000000000156,180
2026-08-10 16:11:08,181.7317,175.0787,8.1641,1.4703,3.2597,-40.3119,-71.3446,1.7514015414316564,-6.652999999999992,180
2026-08-10 16:11:10,184.0171,176.8377,8.0864,-0.2216,1.7901,-31.3259,-58.4966,1.8252230850995572,-7.179399999999987,180
2026-08-10 16:11:12,185.6707,178.7342,8.3391,1.2279,2.7992,-37.6328,-67.115,1.77208278556367,-6.936500000000024,180
2026-08-10 16:11:13,186.7212,178.6024,8.0475,-0.8567,2.5341,-36.2729,-66.3771,1.8989181001437987,-8.118800000000022,180
2026-08-10 16:11:14,185.7149,179.6165,8.1058,0.7358,1.3585,-37.194,-64.1809,1.8909963983118483,-6.098399999999998,180
2026-08-10 16:11:15,185.2472,182.0344,8.0086,1.9228,2.3197,-33.8569,-62.1593,1.7768899626300814,-3.212799999999987,180
2026-08-10 16:11:16,184.692,177.4622,8.0669,1.441,3.1447,-35.0319,-64.2194,1.9282885013305788,-7.2298000000000116,180
2026-08-10 16:11:17,185.0221,180.8198,7.717,-0.2775,2.1779,-42.4759,-71.4214,2.3955608928064747,-4.202300000000008,180
2026-08-10 16:11:49,211.1062,208.6139,8.5529,0.2724,3.1042,-49.72,-93.0396,2.7289865667417272,-2.4923,210
2026-08-10 16:11:50,212.7225,208.7056,8.6695,,,-47.5122,-93.9643,2.714395030731511,-4.016899999999993,210
2026-08-10 16:11:51,212.9952,210.6995,8.8639,0.0923,2.1208,-52.215,-99.0282,2.4605564201914434,-2.2957000000000107,210
2026-08-10 16:11:52,212.5448,207.193,9.1555,0.2536,2.3097,-50.8398,-96.0088,2.2705928210133126,-5.351799999999997,210
2026-08-10 16:11:53,211.4878,208.7629,8.825,0.8744,2.1986,-53.0111,-92.6994,2.123148550925832,-2.724899999999991,210
2026-08-10 16:11:54,211.672,208.5796,8.9222,1.535,2.1167,-55.9878,-96.0483,2.184282225258761,-3.092399999999998,210
2026-08-10 16:11:55,210.3635,208.0868,8.6501,-0.4397,2.7367,-49.8146,-92.4123,2.2281388224118905,-2.276699999999977,210
2026-08-10 16:11:56,207.9316,206.6029,9.0,1.3068,2.3396,,,2.238068619868481,-1.3286999999999978,180
2026-08-10 16:11:57,216.524,206.4997,8.9611,-0.0611,2.1263,-51.5489,-95.5449,2.23549666721239,-10.02430000000001,210
2026-08-10 16:11:59,209.5053,206.4997,8.7473,,,-43.0429,-89.679,2.1596835995681682,-3.0056000000000154,180
2026-08-10 16:12:00,209.5154,210.9688,8.6112,0.3461,1.4777,-51.1489,-92.5034,2.1616337808725494,1.4533999999999878,180
2026-08-10 16:12:01,209.754,207.4394,8.7084,2.0625,2.1638,-55.7361,-92.8138,2.1482650632800744,-2.3145999999999844,180
2026-08-10 16:12:02,208.4299,208.591,8.7084,1.2329,2.4889,-38.3201,-75.7501,2.0552281173802704,0.16110000000000468,180
2026-08-10 16:12:03,207.4069,206.769,8.8639,0.4306,1.8252,-62.8404,-99.8184,1.9913907703735183,-0.6379000000000019,180
2026-08-10 16:12:05,207.6418,206.4138,9.0583,-0.0947,2.6287,-61.2181,-99.8566,1.920774358936803,-1.2279999999999802,180
2026-08-10 16:12:06,208.8131,207.9207,8.7473,0.0093,2.3657,-50.7199,-91.8101,1.9275834483130563,-0.8923999999999808,180
2026-08-10 16:12:07,210.1019,208.5967,8.9028,-0.0708,1.8623,-50.6113,-91.0647,1.905528066168419,-1.505200000000002,210
2026-08-10 16:12:08,210.1955,209.1124,8.8833,0.059,2.0549,-51.267,-89.8561,1.0028720933353696,-1.0831000000000017,210
2026-08-10 16:12:09,210.2948,209.7369,9.0777,,,-54.6191,-98.1062,0.9776437810307753,-0.5579000000000178,210
2026-08-10 16:12:10,209.6542,208.3504,8.6112,0.851,2.719,-51.3326,-93.5057,1.0758339080546209,-1.3037999999999954,180
2026-08-10 16:12:13,208.4839,208.7285,8.4168,0.7661,2.0683,-44.8288,-85.7736,1.0945245215875494,0.24459999999999127,180
2026-08-10 16:12:14,208.4421,209.7369,8.4557,1.2793,2.1197,-48.5242,-89.9164,0.9636678665813494,1.2947999999999809,180
2026-08-10 16:12:15,210.3766,207.8977,8.6501,,,-54.3588,-98.3932,0.9867576035091263,-2.47890000000001,210
2026-08-10 16:12:16,210.6256,208.9405,8.689,0.1485,2.2612,-54.2035,-98.7252,1.009881974648031,-1.6851000000000056,210
2026-08-10 16:12:17,210.9336,210.5104,8.7278,0.8719,2.6296,-55.1696,-97.5905,0.9719281290837795,-0.42320000000000846,210
2026-08-10 16:12:19,209.7086,211.0204,8.7084,2.0523,2.8691,-53.6121,-94.6247,1.0719212459598517,1.3118000000000052,180
2026-08-10 16:12:20,211.3488,211.5417,8.5723,1.1011,1.91,-45.9358,-87.6693,1.1091363480249157,0.1928999999999803,210
2026-08-10 16:12:21,210.0428,212.4642,8.4557,,,-57.8911,-97.3669,1.1100358009264688,2.4214000000000055,210
2026-08-10 16:12:22,208.8183,210.7625,8.7473,2.4855,2.0657,-60.2118,-104.2095,1.1301250795120046,1.944199999999995,180
2026-08-10 16:12:24,209.1794,209.4103,8.7862,1.4267,3.1078,-60.4237,-99.2164,1.0882518564920591,0.23090000000001965,180
2026-08-10 16:12:25,210.9938,210.4703,8.2808,0.1768,1.8842,-48.4945,-86.4173,1.0437256183931996,-0.5234999999999843,210
2026-08-10 16:12:26,212.2184,212.7621,8.5723,0.6135,1.9167,-57.9737,-97.5266,1.0760589672299552,0.5437000000000012,210
2026-08-10 16:12:27,209.7938,211.6449,8.6501,0.2002,2.6771,-52.3511,-91.4688,1.1050389291505929,1.8511000000000024,180
2026-08-10 16:12:29,208.3523,209.3989,8.6695,0.808,1.9795,-52.0884,-91.3261,2.1567066929590197,1.0465999999999838,180
2026-08-10 16:12:30,208.6048,209.8573,9.0389,-0.6128,2.4189,-50.9147,-90.7499,2.224121636625864,1.2524999999999977,180
2026-08-10 16:12:31,210.0686,212.2809,8.6306,0.7344,3.4777,-57.5425,-98.1709,2.5379493564892126,2.212299999999999,210
2026-08-10 16:12:32,211.3031,211.7824,8.0281,-0.8558,2.1579,-40.07,-79.3095,2.795403389068776,0.47929999999999495,210
2026-08-10 16:12:34,209.8199,209.863,8.8833,0.7856,2.9813,,,2.7679482331340703,0.043100000000009686,180
2026-08-10 16:12:38,217.3267,212.4528,8.514,,,-63.1934,-101.2989,2.8567021436457805,-4.873899999999992,210
2026-08-10 16:12:39,208.496,211.0605,8.8639,1.2166,2.5806,-60.6311,-100.6131,2.8567021436457805,2.564499999999981,180
2026-08-10 16:12:41,205.5418,207.7545,8.9222,1.2283,2.5733,-59.5787,-101.5078,2.855235323417763,2.2127000000000123,180
2026-08-10 16:12:42,205.49,206.769,8.7862,-0.4572,2.4215,-54.4053,-95.6836,2.8569120946730626,1.2789999999999964,180
2026-08-10 16:12:44,210.2548,210.5964,9.0194,-0.5643,2.3192,-60.2083,-99.1951,2.7863510865345904,0.3415999999999997,210
2026-08-10 16:12:46,208.2554,209.926,8.689,-0.8816,2.5388,-59.0908,-97.6046,2.7398532642869275,1.670599999999979,180
2026-08-10 16:12:47,206.2608,209.2213,8.7278,1.4393,2.1321,-56.8431,-91.9907,2.659475072583616,2.9605000000000246,180
2026-08-10 16:12:48,209.186,210.2182,8.825,-0.3501,1.7392,-60.0823,-97.8778,2.659475072583616,1.032199999999989,180
2026-08-10 16:12:50,209.3939,210.6709,8.9805,-0.0845,3.096,-58.5399,-96.7517,1.74795227979342,1.2769999999999868,180
2026-08-10 16:12:51,208.389,210.1781,8.7667,,,-58.7963,-97.1772,1.7051633908188446,1.7890999999999906,180
2026-08-10 16:12:52,207.8564,211.0375,8.9417,0.6788,1.8679,-58.7422,-97.2998,1.6264660218560978,3.1810999999999865,180
2026-08-10 16:12:54,209.5201,213.1747,8.5918,-0.7991,2.5198,-48.387,-88.9498,1.4616065390321176,3.654599999999988,180
2026-08-10 16:12:55,209.6715,211.6506,8.6306,0.0897,2.3825,-61.4241,-100.2599,1.5888020336971367,1.9790999999999883,180
2026-08-10 16:12:56,210.896,215.1055,8.5529,2.0206,2.8558,-57.7356,-95.9827,1.542881453402725,4.20950000000002,210
2026-08-10 16:12:57,209.6944,212.1777,9.0194,0.253,1.6911,-55.3082,-96.5595,1.6886946621675833,2.4832999999999856,180
2026-08-10 16:12:59,205.4878,210.075,8.9028,,,-61.5225,-101.58,2.721401943429435,4.587199999999996,180
2026-08-10 16:13:00,206.6589,209.6166,8.8833,0.4978,2.4464,-58.6056,-99.0556,2.914877123490177,2.957700000000017,180
2026-08-10 16:13:01,208.8728,211.6735,8.8056,-0.0524,2.9887,-58.7591,-99.2131,2.968943412765917,2.8006999999999778,180
2026-08-10 16:13:13,201.5249,206.0356,8.7667,0.5863,2.5966,-53.2113,-98.9196,2.9803176052196667,4.510699999999986,180
2026-08-10 16:13:14,202.033,207.2961,8.6501,,,-48.3764,-89.0393,2.9423851813255033,5.2631000000000085,180
2026-08-10 16:13:15,204.721,209.2499,8.7278,1.5831,1.9887,-50.0465,-88.2772,2.650665753246765,4.528899999999993,180
2026-08-10 16:13:16,201.8979,207.5482,8.6695,0.5852,2.3102,-55.3993,-94.551,1.9736686345575778,5.650300000000016,180
2026-08-10 16:13:17,201.6654,207.4451,8.7862,0.3651,2.2396,-52.4576,-92.4892,1.7615082129547173,5.779699999999991,180
2026-08-10 16:13:19,201.5743,207.8462,8.6501,0.4629,2.6573,-50.4534,-88.8212,1.6486151459576246,6.2719000000000165,180
2026-08-10 16:13:20,203.368,207.9207,8.4557,0.445,1.8077,-50.268,-86.904,1.6399381064002585,4.552700000000016,180
2026-08-10 16:13:21,204.4474,209.8171,8.7473,2.1971,2.8563,-49.0849,-86.6623,1.6591452420152926,5.369700000000023,180
2026-08-10 16:13:22,203.7303,206.6888,8.825,,,-57.5045,-93.1061,1.613314298269938,2.9584999999999866,180
2026-08-10 16:13:24,201.8086,207.7087,8.5918,0.6575,2.3831,-50.5227,-85.0227,1.5648939016165155,5.900099999999981,180
2026-08-10 16:13:25,204.5792,211.4272,8.6112,-0.9833,1.8217,-54.4839,-90.0326,1.5326621581836923,6.848000000000013,180
2026-08-10 16:13:26,206.6533,211.2381,8.1447,1.9497,3.0355,-49.1329,-83.6017,1.5516633251252685,4.584800000000001,180
2026-08-10 16:13:27,206.8899,211.0547,8.4751,0.2883,2.2763,-41.4637,-77.4428,1.4991386855758502,4.164799999999985,180
2026-08-10 16:13:29,202.509,207.0669,8.5918,-0.1423,3.1895,-61.9657,-100.0809,1.3857662618132518,4.557900000000018,180
2026-08-10 16:13:31,202.057,207.1701,8.7278,0.8594,2.4517,-52.8335,-93.6895,1.3164713789992823,5.113100000000003,180
2026-08-10 16:13:32,203.024,208.0754,8.7084,,,-49.2617,-91.232,1.3720095636766987,5.051400000000001,180
2026-08-10 16:13:33,203.428,207.0899,8.5918,0.3101,1.6552,-45.5078,-82.452,1.4191383096890147,3.661900000000003,180
2026-08-10 16:13:34,204.5417,209.9833,8.6112,3.2294,2.2908,-59.6579,-97.3341,1.3860658123306708,5.441600000000022,180
2026-08-10 16:13:35,204.1984,208.8317,8.9805,-0.5394,2.4807,-44.5572,-86.8317,1.4797028038526636,4.63330000000002,180
2026-08-10 16:13:37,203.9296,206.2018,8.4751,0.5145,2.3101,-37.0062,-74.5653,1.401813908878401,2.272199999999998,180
2026-08-10 16:13:38,203.7029,210.4646,8.825,0.4521,2.3555,-62.2146,-102.3177,1.3080536888917957,6.7616999999999905,180
2026-08-10 16:13:39,203.0246,207.5425,8.8833,-0.2455,2.8165,-53.3859,-94.462,1.3371439297021392,4.517899999999997,180
2026-08-10 16:13:40,204.0547,208.866,8.3585,,,-56.0195,-95.3268,1.3365454272803259,4.811300000000017,180
2026-08-10 16:13:42,205.6003,209.2327,8.4363,0.1138,2.1496,-52.1879,-88.2554,1.3069965551482114,3.63239999999999,180
2026-08-10 16:13:43,205.5313,211.6449,8.6695,1.9503,2.5654,-59.4735,-95.8651,1.3153138991094784,6.1136000000000195,180
2026-08-10 16:13:44,203.4594,210.9172,8.8833,0.9753,2.4184,-51.326,-93.0006,1.3551991713227938,7.45780000000002,180
2026-08-10 16:13:45,200.8976,207.7201,8.7862,2.2879,2.5041,-61.3285,-98.4747,1.3573740425126446,6.822499999999991,180
2026-08-10 16:13:47,202.2532,205.5887,8.7278,1.6281,2.6048,-60.1191,-99.9647,1.3762655301610747,3.335499999999996,180
2026-08-10 16:13:48,200.8376,209.2213,8.7278,2.4758,2.0914,-45.8833,-82.9463,1.3800744704161902,8.383700000000005,180
2026-08-10 16:13:49,202.1154,205.646,8.9805,0.5952,2.7937,-66.6196,-105.0206,1.5583863756214573,3.5305999999999926,180
2026-08-10 16:13:52,202.8896,207.8634,9.1555,,,-58.7015,-96.6289,1.566285487225019,4.973800000000011,180
2026-08-10 16:13:53,202.6215,206.9409,9.0777,1.7289,2.1843,-58.4601,-96.9682,1.6715498697758118,4.319400000000002,180
2026-08-10 16:13:58,202.0648,212.934,8.5529,0.6482,2.6838,-44.8578,-83.2309,2.0172530912071194,10.869200000000006,180
2026-08-10 16:14:25,225.3725,232.1109,9.4471,0.4187,2.6641,-64.1606,-117.7418,2.338156605585375,6.738399999999984,210
2026-08-10 16:14:27,225.7736,232.9646,9.4665,0.7124,1.5847,-63.9855,-115.5861,1.3745027673798247,7.1910000000000025,210
2026-08-10 16:14:28,225.6572,235.0273,9.3304,0.9706,2.2055,-64.1079,-114.1297,1.3119831673784919,9.370100000000008,210
2026-08-10 16:14:29,225.6685,229.7274,9.6998,-0.6688,2.6132,-64.8427,-115.5737,1.3119831673784919,4.058899999999994,210
2026-08-10 16:14:32,223.1242,230.7072,9.3693,0.1867,1.7001,-68.7657,-118.2111,1.307295312254779,7.582999999999998,210
2026-08-10 16:14:33,222.979,231.2859,9.5248,1.3801,2.0033,-69.162,-117.995,1.2704708463593795,8.306899999999985,210
2026-08-10 16:14:34,222.5764,229.9623,9.8553,0.189,2.7848,-71.8814,-122.9319,1.3284614177905814,7.385899999999992,210
2026-08-10 16:14:35,222.0537,230.753,9.3887,0.6108,2.208,-65.5154,-116.2042,1.3669387048116184,8.699299999999994,210
2026-08-10 16:14:36,222.004,229.8134,9.4859,0.7528,1.9717,-68.8106,-115.8873,1.3366928229774961,7.809400000000011,210
2026-08-10 16:14:37,222.2744,231.4062,9.3304,0.6748,2.2686,-69.2678,-115.4972,1.2992457067966425,9.131799999999998,210
2026-08-10 16:14:38,223.3113,230.9077,9.3693,-0.2994,2.2709,-68.1439,-115.9303,1.1677861686383821,7.596400000000017,210
2026-08-10 16:14:40,221.9349,231.7213,9.0,1.3236,2.2977,-70.5835,-113.352,0.7070148664794597,9.786400000000015,210
2026-08-10 16:14:41,222.434,230.3577,9.0194,,,-66.06,-112.6499,0.722108437893247,7.923699999999997,210
2026-08-10 16:14:42,223.1033,233.4631,9.3499,1.1764,2.0068,-66.7687,-113.2963,0.7136480389635872,10.359800000000007,210
2026-08-10 16:14:43,223.3775,233.5376,9.2916,1.9188,2.3286,-76.2933,-121.0912,0.9949358616426124,10.1601,210
2026-08-10 16:14:44,221.7064,233.0964,9.136,0.2833,2.608,-62.8911,-110.9815,1.218277275810777,11.389999999999986,210
2026-08-10 16:14:46,221.379,231.0109,8.8056,1.2737,2.3141,-72.1193,-115.1256,1.3816218479317737,9.631900000000002,210
2026-08-10 16:14:47,223.1883,232.4089,9.1749,0.1156,2.0177,-71.1603,-116.0687,1.405098897693712,9.22059999999999,210
2026-08-10 16:14:48,224.3079,233.9387,9.622,0.2952,2.8483,-71.8329,-116.2666,1.3734639681055554,9.630800000000022,210
2026-08-10 16:14:49,223.0357,233.2511,8.8833,,,-68.3738,-111.8251,1.373577754297659,10.215400000000017,210
2026-08-10 16:14:50,223.1335,232.7297,9.0194,0.5518,1.9648,-73.0298,-119.0214,1.379868029836056,9.59620000000001,210
2026-08-10 16:14:52,223.2676,234.1621,9.6026,1.1459,2.1039,-67.542,-118.8417,1.3856908433083404,10.894500000000022,210
2026-08-10 16:14:53,225.7647,234.8439,9.2527,-0.5943,2.4615,-65.841,-122.3067,1.3860453559450867,9.079199999999986,210
2026-08-10 16:14:54,225.9448,235.1361,8.7667,-0.4686,2.6154,-60.6665,-113.7305,1.385616234053927,9.191300000000012,210
2026-08-10 16:14:56,225.8757,236.4826,8.5335,-0.1439,2.5779,,,1.4665036216917378,10.606899999999996,210
2026-08-10 16:14:57,225.1288,235.9383,8.5529,1.392,2.2445,-66.2545,-116.4017,1.4225432663117794,10.809499999999986,210
2026-08-10 16:14:58,223.7895,235.0674,8.9611,1.0926,2.5793,-69.3963,-117.503,1.4322523420284967,11.277899999999988,210
2026-08-10 16:14:59,223.3012,234.0876,8.9805,,,-78.7809,-126.5874,1.467984878973021,10.786400000000015,210
2026-08-10 16:15:00,222.0433,234.4486,9.0389,0.9016,2.9919,-68.305,-121.7261,1.4662749810357598,12.405300000000011,210
2026-08-10 16:15:01,222.2541,231.813,9.0194,-0.2968,2.876,-71.6731,-123.5974,1.474392287682305,9.558899999999994,210
2026-08-10 16:15:02,221.9739,232.449,8.9222,0.6968,1.9656,-66.6758,-118.6108,1.474392287682305,10.475100000000026,210
2026-08-10 16:15:03,223.9163,234.5747,8.8833,1.0255,2.8368,-69.1998,-120.2283,1.5036561336773109,10.6584,210
2026-08-10 16:15:04,223.5543,233.4803,9.2332,-0.6053,2.7584,-67.9017,-119.9022,1.4639136438730695,9.925999999999988,210
2026-08-10 16:15:05,220.7873,233.6694,8.9805,,,-65.8827,-119.9292,1.3805254661858477,12.882100000000008,210
2026-08-10 16:15:07,222.0133,233.2225,9.2527,0.8014,2.4309,-66.0133,-118.6053,1.2204589694701562,11.20920000000001,210
2026-08-10 16:15:08,222.7297,231.3718,9.6414,0.4817,2.136,-65.7721,-118.7609,1.1732876885492944,8.6421,210
2026-08-10 16:15:09,221.7913,233.2511,8.9611,1.4016,2.7286,-67.9168,-120.0454,1.1756370713278559,11.459800000000001,210
2026-08-10 16:15:10,223.245,232.7125,9.3887,-0.7708,2.9432,-70.434,-121.4189,1.2060277335198182,9.467500000000001,210
2026-08-10 16:15:11,224.0917,235.0445,8.7667,-0.8202,1.8327,-62.781,-112.8535,1.1886829622412038,10.952799999999996,210
2026-08-10 16:15:13,224.7218,236.242,8.689,0.7281,1.9445,-68.3588,-114.2182,1.1921870029074304,11.520199999999988,210
2026-08-10 16:15:14,225.2395,236.8837,8.9611,1.0128,2.0985,-68.6981,-115.4504,1.4655318481121826,11.644200000000012,210
2026-08-10 16:15:15,224.8586,236.8035,9.1944,0.5275,2.4183,-70.191,-119.4206,1.6372164721187412,11.944900000000018,210
2026-08-10 16:15:16,223.3512,234.6778,9.3887,,,-71.6228,-120.6404,1.5906471386050633,11.326599999999985,210
2026-08-10 16:15:17,223.9513,236.3164,9.1166,0.9363,2.2175,-70.0466,-119.2892,1.5891530079713616,12.365099999999984,210
2026-08-10 16:15:19,223.8688,235.1304,9.5054,-0.4187,2.9378,-68.1154,-117.7292,1.6770935571649692,11.261600000000016,210
2026-08-10 16:15:20,222.0207,235.0674,9.5637,0.7392,2.1141,-73.1575,-120.9798,1.7150432662268138,13.046699999999987,210
2026-08-10 16:15:21,222.4618,235.119,9.4665,-0.1011,2.2088,-72.2252,-122.5329,1.7650140214789933,12.657199999999989,210
2026-08-10 16:15:22,222.1505,235.5143,9.2138,1.7553,2.6189,-70.3541,-119.4015,1.7828090915208585,13.363799999999998,210
2026-08-10 16:15:40,223.8429,238.6025,9.0583,-0.5637,2.2782,-73.564,-120.9461,2.2331297377405397,14.759600000000006,210
2026-08-10 16:15:41,225.9837,237.7603,8.9222,-0.2974,1.9631,-72.1197,-119.9399,2.2984982597019314,11.776600000000002,210
2026-08-10 16:15:42,226.6798,237.766,8.9805,,,-72.5933,-118.6175,2.2984982597019314,11.086199999999991,210
2026-08-10 16:15:43,228.3742,242.8596,8.6501,0.0921,2.9,-74.2483,-120.4863,2.3261019054719965,14.485399999999998,210
2026-08-10 16:15:46,226.1449,240.7798,8.3391,,,-75.3363,-123.0014,2.3376472378589606,14.634899999999988,210
2026-08-10 16:15:47,225.8317,240.0006,8.7862,0.3847,2.0913,-77.8618,-124.7997,2.3461464505139795,14.16889999999998,210
2026-08-10 16:15:48,226.0665,239.3932,8.514,0.3605,1.6933,-76.6619,-125.847,2.2628079245476047,13.326700000000017,210
2026-08-10 16:15:49,226.3207,239.7026,8.4557,0.3616,2.2669,-76.9375,-128.2914,2.219956354033317,13.381900000000002,210
2026-08-10 16:15:50,224.6479,240.6938,9.2916,2.1177,2.3584,-78.0514,-127.5008,2.1588600834743885,16.045900000000017,210
2026-08-10 16:15:51,221.8837,237.4681,9.4859,1.0359,2.7311,-78.0817,-130.901,2.1492128470582244,15.584399999999988,210
2026-08-10 16:15:53,222.055,237.2618,9.2138,0.2679,2.3298,-73.2247,-125.5,2.0708899473502194,15.206799999999987,210
2026-08-10 16:15:54,222.9421,237.2561,9.0,-0.0597,2.261,-73.5593,-124.104,1.9051823165545907,14.313999999999993,210
2026-08-10 16:15:55,222.7663,238.2301,9.4082,0.4392,2.0118,-74.4154,-123.8238,1.5689218542732613,15.463799999999992,210
2026-08-10 16:15:56,221.3499,235.6404,9.5637,,,-73.7021,-123.6576,1.5344463497122496,14.290500000000009,210
2026-08-10 16:15:57,222.2465,237.5025,9.3887,0.1368,2.7221,-73.8847,-123.6251,1.4616516385128604,15.256,210
2026-08-10 16:15:58,223.542,236.4138,9.0389,-1.0957,2.0915,-66.1592,-119.3588,1.4010326447777348,12.871800000000007,210
2026-08-10 16:16:00,225.0155,238.5682,8.825,-0.1899,2.613,-67.0348,-127.1508,1.5525881730239275,13.552699999999987,210
2026-08-10 16:16:01,224.6526,238.8833,9.1555,0.6163,2.529,-67.9891,-128.9182,1.5437604903684532,14.230699999999985,210
2026-08-10 16:16:02,224.7618,240.3615,9.0,0.3853,1.8216,-66.0631,-128.8931,1.8360987126874773,15.599700000000013,210
2026-08-10 16:16:03,224.6234,239.3016,9.0,-0.6656,2.3003,-67.6905,-130.9338,1.9118551536998907,14.678200000000004,210
2026-08-10 16:16:05,224.5362,237.0155,9.4276,,,-68.2165,-124.4567,2.0946035278904542,12.479299999999995,210
2026-08-10 16:16:06,223.3283,238.7114,9.0389,0.6199,2.3275,-70.362,-122.4448,2.1634653893882194,15.383099999999985,210
2026-08-10 16:16:07,223.0145,239.2213,8.7278,1.0968,2.0539,-71.1318,-125.2989,2.244159432609705,16.206800000000015,210
2026-08-10 16:16:08,222.7372,238.4192,9.2332,1.7737,2.4342,-71.4085,-125.0809,2.3082916605340857,15.681999999999988,210
2026-08-10 16:16:09,220.7246,236.9639,9.0389,1.225,1.7991,-69.9096,-125.9299,2.3666272626610927,16.239299999999986,210
2026-08-10 16:16:10,219.1731,235.119,9.311,0.5371,2.5578,-70.1476,-125.7938,2.3485363211777264,15.945899999999995,210
2026-08-10 16:16:12,218.6057,236.0815,8.8056,,,,,2.1514255677689045,17.475799999999992,210
2026-08-10 16:16:13,219.714,235.3997,9.2721,0.6403,1.8283,-71.0134,-120.7446,2.188705175942965,15.685699999999997,210
2026-08-10 16:16:14,220.5532,236.6258,8.9805,1.6428,2.0017,-73.6235,-121.4387,2.089841716968892,16.072599999999994,210
2026-08-10 16:16:15,219.2076,235.7148,9.1555,-0.0894,2.7554,-74.4713,-126.0111,2.3685760871792767,16.507199999999983,210
2026-08-10 16:16:16,219.7978,235.096,8.8639,0.5032,2.2585,-67.9375,-120.0146,2.6241000506427214,15.298200000000008,210
2026-08-10 16:16:17,219.4138,234.7809,9.0777,-0.7805,2.315,-68.1507,-120.3547,2.8777156121881595,15.367099999999994,210
2026-08-10 16:16:19,219.0856,234.6606,9.1555,1.6114,2.1649,-67.9555,-118.3454,2.9505160211139745,15.574999999999989,210
2026-08-10 16:16:20,219.6279,233.9387,9.0972,-1.6106,2.2997,-73.2376,-121.0806,2.9459703967189883,14.3108,210
2026-08-10 16:16:21,219.7752,235.5143,9.1555,0.907,2.5785,-56.4087,-113.3103,2.953574590949645,15.73909999999998,210
2026-08-10 16:16:22,223.6118,238.465,8.5723,-1.1331,2.3754,-74.5498,-121.6986,2.8754368931809093,14.853200000000015,210
2026-08-10 16:16:23,225.1544,240.161,8.7862,,,-70.4011,-121.5832,2.749622487566682,15.006599999999992,210
2026-08-10 16:16:25,226.3826,242.8883,8.4363,-0.3643,2.3563,-69.4273,-119.2761,2.7151550715159,16.50569999999999,210
2026-08-10 16:16:26,227.1408,242.8482,8.6501,0.2218,2.0781,-67.8437,-119.8893,2.582459411556273,15.707399999999978,210
2026-08-10 16:16:27,226.9011,240.8084,8.9028,1.0956,2.2657,-77.6884,-126.3574,2.4605049798934475,13.907299999999992,210
2026-08-10 16:16:28,224.8177,240.0177,8.825,2.0531,2.3428,-72.3461,-125.5469,2.3031114803171118,15.199999999999989,210
2026-08-10 16:16:29,222.6354,238.9864,8.7667,1.3027,2.2939,-72.401,-124.0937,2.238486001921216,16.351,210
2026-08-10 16:16:30,222.7376,238.6427,9.1166,,,-72.7607,-122.7382,2.0054615816213857,15.905100000000004,210
2026-08-10 16:16:32,222.8169,238.9922,8.825,-0.5319,2.5259,-73.0312,-121.6092,1.7233916619717147,16.175299999999993,210
2026-08-10 16:16:33,222.851,238.6197,8.8445,-0.7597,2.364,-71.5375,-119.1279,1.7268875542051576,15.768699999999995,210
2026-08-10 16:16:34,223.4233,238.9864,9.0583,0.1847,2.7657,-72.1322,-117.008,1.7275253254993739,15.563099999999991,210
2026-08-10 16:16:36,223.8025,240.0177,8.5529,0.1013,2.0144,-72.5121,-121.6091,1.6237801543503245,16.21519999999998,210
2026-08-10 16:16:37,222.9269,238.6885,8.9222,0.6022,2.0043,-73.3982,-121.6251,1.4053817677180762,15.761600000000016,210
2026-08-10 16:16:38,221.9406,238.8546,9.4082,0.6268,1.7946,-73.2933,-123.2833,1.0467589796176113,16.914000000000016,210
2026-08-10 16:16:39,223.1155,240.0808,8.9611,0.8075,3.1375,-76.1566,-125.0777,0.9312019274819225,16.965300000000013,210
2026-08-10 16:16:40,222.657,237.6686,9.136,-1.4256,2.1598,-66.0051,-121.503,0.9496566778663315,15.011599999999987,210
2026-08-10 16:16:41,220.6844,236.8665,9.0389,1.3035,2.9251,-78.809,-122.0664,1.0238962429511245,16.18209999999999,210
2026-08-10 16:16:43,224.2355,239.2901,8.6306,-0.0926,2.4561,-66.1115,-116.1425,1.0573746504144492,15.054599999999994,210
2026-08-10 16:16:44,222.2153,237.554,8.825,0.905,1.814,-76.7001,-122.5245,1.1337934310629243,15.338699999999989,210
2026-08-10 16:16:46,221.575,237.9494,8.6306,-0.1403,2.324,-71.5876,-119.1327,1.3167696162131695,16.37440000000001,210
2026-08-10 16:16:47,220.9259,238.276,8.9417,0.6645,2.7329,-70.2947,-118.0558,1.3136046111048316,17.350099999999998,210
2026-08-10 16:16:49,221.4887,237.7202,8.4557,0.4495,1.6772,-72.1697,-119.6505,1.2929311487457296,16.23150000000001,210
2026-08-10 16:16:50,221.6508,236.9238,9.1944,,,-68.4835,-118.3713,1.2340412868144293,15.272999999999996,210
2026-08-10 16:16:51,220.7308,237.4795,9.4082,1.1471,2.2075,-70.6613,-119.1466,1.1855390754725068,16.748700000000014,210
2026-08-10 16:16:53,221.0121,238.9177,9.2527,-1.0701,2.8009,-70.1482,-122.377,1.187501180552698,17.905599999999993,210
2026-08-10 16:16:54,220.2725,238.9177,8.8833,1.8024,2.0174,-64.8363,-114.3792,0.9941298744400474,18.64519999999999,210
2026-08-10 16:16:55,220.1645,238.9177,8.9611,-0.8355,2.2691,-76.4386,-123.2781,1.3412320415876557,18.753199999999993,210
2026-08-10 16:16:56,218.8654,238.0296,8.9222,1.3335,2.7643,-62.4232,-114.197,1.588113521742825,19.164199999999994,210
2026-08-10 16:16:57,219.3446,235.8638,8.9028,0.2119,2.6141,-74.4708,-121.1695,1.5563403416904609,16.519199999999984,210
2026-08-10 16:16:59,220.9836,236.58,9.0972,-1.2379,2.9527,-73.272,-123.3952,1.5656225204792877,15.596400000000017,210
2026-08-10 16:17:00,220.1354,239.0495,8.6306,1.0538,2.0537,-64.4431,-112.2865,1.6296538114954509,18.91409999999999,210
2026-08-10 16:17:01,220.2616,235.8122,8.4557,0.7934,2.0459,-66.3122,-115.4796,1.6722003917282378,15.550600000000003,210
2026-08-10 16:17:02,221.4121,236.8149,8.9417,0.4456,1.8629,-66.6833,-117.1203,1.6813463482986093,15.402799999999985,210
2026-08-10 16:17:04,218.793,234.7637,9.1166,1.0487,2.9417,-65.7617,-121.9802,1.5907244541943661,15.970699999999994,210
2026-08-10 16:17:05,216.4465,232.512,9.5443,,,-64.6641,-121.6234,1.591533730506465,16.065500000000014,210
2026-08-10 16:17:06,216.2457,231.3947,9.5443,2.0448,2.0848,-63.4906,-124.4316,1.5470589997117594,15.149000000000001,210
2026-08-10 16:17:07,218.956,235.0617,9.1944,0.3022,2.1948,-65.8195,-124.6115,1.5726597880762963,16.105700000000013,210
2026-08-10 16:17:08,218.4579,235.881,9.1166,-0.3762,2.4246,-64.7675,-119.1982,1.674864770842387,17.423100000000005,210
2026-08-10 16:17:10,216.9195,233.7209,9.1749,1.2176,2.4156,-73.066,-122.4227,1.6478733729784873,16.8014,210
2026-08-10 16:17:11,216.4836,231.3775,9.6803,0.3641,1.5461,-69.5205,-121.3315,1.659614954812532,14.893900000000002,210
2026-08-10 16:17:12,217.2065,233.6636,9.1166,1.1424,1.9989,-69.7219,-120.3403,1.6153237233856959,16.457099999999997,210
2026-08-10 16:17:13,219.014,235.119,9.2138,-0.0378,2.9355,-69.8752,-122.9974,1.4697491179832818,16.10499999999999,210
2026-08-10 16:17:14,217.3596,235.3424,9.311,-0.2931,2.0571,-67.3343,-120.3937,1.4697491179832818,17.982799999999997,210
2026-08-10 16:17:16,218.2926,234.0819,9.1166,-0.2516,2.0608,-68.463,-117.0675,1.4294239917900717,15.789299999999997,210
2026-08-10 16:17:17,219.7692,234.8153,9.4082,,,-69.1389,-116.937,1.333393850446853,15.046099999999996,210
2026-08-10 16:17:18,221.1212,237.0899,9.4859,-0.2067,1.8145,-71.3249,-119.5305,1.3369860033194494,15.968700000000013,210
2026-08-10 16:17:19,221.1585,238.4249,9.2332,-0.8869,2.715,-70.5793,-118.756,1.3807399698390996,17.266400000000004,210
2026-08-10 16:17:20,219.3275,236.9925,9.0194,-1.0283,2.3078,-70.3271,-119.6798,1.3825032441450025,17.66500000000002,210
2026-08-10 16:17:22,219.0853,235.4226,8.6306,-0.4034,2.3569,-72.1403,-125.189,2.4562861642267286,16.3373,210
2026-08-10 16:17:44,248.9099,269.2042,8.7278,-0.2047,2.0464,-96.579,-152.2234,2.7240131567496304,20.29430000000002,240
2026-08-10 16:17:46,248.5892,267.8119,8.8639,0.1523,2.2644,-102.1673,-154.2234,2.0353387712448345,19.222699999999975,240
2026-08-10 16:17:47,247.7304,267.5713,8.8639,0.8959,2.1862,-101.2722,-152.6824,2.0202102304932583,19.840900000000005,240
2026-08-10 16:17:48,247.6892,266.5056,8.9611,0.6289,2.2058,-101.0982,-153.8833,2.0446077745011495,18.816400000000016,240
2026-08-10 16:17:49,246.1671,265.7436,9.1749,0.9038,2.4923,-101.4281,-153.6484,2.090064915752696,19.57650000000001,240
2026-08-10 16:17:50,246.0054,265.4743,9.1555,-0.5048,2.8234,-100.0407,-154.902,2.0500523124143664,19.46890000000002,240
2026-08-10 16:17:52,245.6357,265.4513,9.0194,-0.0068,1.9938,-97.7921,-149.5727,1.7529780265850143,19.81559999999999,240
2026-08-10 16:17:54,244.6742,265.1534,9.1166,0.139,2.5197,-96.333,-148.5439,1.1890695256686543,20.479199999999963,240
2026-08-10 16:17:55,246.2029,265.7493,9.0972,-0.581,2.187,-95.8532,-149.9569,1.0100861894478983,19.546400000000006,240
2026-08-10 16:17:56,245.8752,266.1274,9.4665,0.385,2.2593,-94.9371,-148.5266,1.0100861894478983,20.252200000000016,240
2026-08-10 16:17:57,245.4495,266.0701,9.1944,-0.0755,2.9054,-99.9043,-150.6185,0.9232624496957964,20.620600000000024,240
2026-08-10 16:17:59,245.6206,266.9926,9.1749,0.1408,2.5706,-97.5137,-149.4534,1.0209776918269133,21.371999999999986,240
2026-08-10 16:18:00,246.1869,267.2103,9.0389,0.2764,2.4246,-97.8268,-149.2758,1.0728159993441564,21.02340000000001,240
2026-08-10 16:18:01,245.0222,266.4827,9.0583,0.3913,2.4219,,,1.2210365391192903,21.460500000000025,240
2026-08-10 16:18:02,245.0252,267.1473,8.8445,,,-98.0784,-149.2825,1.2210365391192903,22.12209999999996,240
2026-08-10 16:18:03,245.8052,267.6572,8.825,-1.0542,2.8234,-100.4236,-151.5328,1.3978855246514081,21.851999999999975,240
2026-08-10 16:18:04,246.2263,267.7604,9.0,-0.4427,2.2145,-96.7136,-149.1466,1.541891276013304,21.534099999999995,240
2026-08-10 16:18:05,245.2659,267.1702,9.0194,0.0904,1.9655,-93.5618,-149.2257,1.6056529701906908,21.904300000000035,240
2026-08-10 16:18:07,243.8059,264.7351,9.6026,1.0862,2.1715,-96.9418,-149.7,1.5637368824116398,20.92919999999998,240
2026-08-10 16:18:08,242.7569,264.5633,9.2916,0.3309,2.2361,-94.6399,-148.2678,1.5230111946339793,21.806400000000025,240
2026-08-10 16:18:09,243.0478,265.1821,9.0972,0.7468,1.9793,-91.076,-148.1698,1.5126640928670603,22.134299999999996,240
2026-08-10 16:18:10,243.4022,266.0128,9.2527,0.3091,2.4381,-90.1635,-147.5874,1.504401879399939,22.610600000000034,240
2026-08-10 16:18:11,242.2707,266.0014,9.4471,,,-91.8463,-148.796,1.5627998872314315,23.730699999999985,240
2026-08-10 16:18:13,241.7234,263.8184,9.2138,0.2667,1.7559,-88.2612,-145.8569,1.6060921698760189,22.095,240
2026-08-10 16:18:14,241.7287,263.9445,9.2138,0.762,2.9213,-93.6664,-144.6992,1.5644866367555033,22.2158,240
2026-08-10 16:18:15,242.4664,263.6924,9.0389,-0.1287,2.6576,-93.3013,-144.6054,1.502364741942791,21.226000000000028,240
2026-08-10 16:18:17,242.7243,265.1133,9.0389,-0.6851,2.127,-91.5846,-143.6261,1.4655733243938822,22.38899999999998,240
2026-08-10 16:18:18,243.9797,265.8868,9.0389,-0.5762,2.6299,-93.5865,-144.0739,1.5080015406224603,21.907099999999986,240
2026-08-10 16:18:19,245.3074,266.2077,9.0972,-0.804,2.8577,-93.8242,-144.6006,1.5504435127619753,20.900299999999987,240
2026-08-10 16:18:21,246.7857,270.396,8.7862,-0.6117,2.7513,-95.0753,-143.5616,1.6510652796409955,23.610300000000024,240
2026-08-10 16:18:22,245.9665,268.912,8.6501,-0.0381,2.1729,-95.772,-144.3009,1.6851743343393482,22.94549999999998,240
2026-08-10 16:18:23,244.7315,268.5109,8.6695,-0.1927,2.6266,-96.3616,-146.5204,1.7773494537130392,23.77939999999998,240
2026-08-10 16:18:24,245.0262,268.0125,9.0972,-0.0253,2.0453,-94.276,-149.2365,1.8706515315383567,22.9863,240
2026-08-10 16:18:25,245.3575,268.3792,8.825,-0.393,1.9222,-93.1,-150.1344,1.8788162821138916,23.02170000000004,240
2026-08-10 16:18:26,245.2211,268.7115,9.0,-0.1432,2.247,-95.5343,-150.474,1.928064471372474,23.490399999999994,240
2026-08-10 16:18:27,243.2395,267.6859,8.9805,-0.1817,2.6759,-97.7269,-150.9651,1.9460718467952502,24.44640000000001,240
2026-08-10 16:18:29,242.0036,265.3253,8.8639,0.5667,2.3845,-96.828,-147.8157,2.0636484226564926,23.32170000000002,240
2026-08-10 16:18:30,242.0775,265.9097,8.9805,,,-97.9219,-146.9694,2.0008555057890036,23.8322,240
2026-08-10 16:18:31,241.9368,265.4342,8.9805,0.3502,1.871,-101.1087,-149.8046,1.952524476123663,23.49739999999997,240
2026-08-10 16:18:32,241.6949,265.3368,9.2138,-0.2508,2.416,-101.4932,-149.2029,1.764818746721747,23.641899999999993,240
2026-08-10 16:18:33,240.6306,264.8154,9.0389,0.4305,2.4026,-98.2629,-147.1684,1.613647180533866,24.184800000000024,240
2026-08-10 16:18:34,240.4288,264.2711,8.8639,0.5046,2.3146,-98.9111,-147.3275,1.5541986786762263,23.842299999999994,240
2026-08-10 16:18:36,241.4243,266.0644,9.2138,1.1859,1.9195,-96.1717,-146.6307,1.1404372202049367,24.64009999999999,240
2026-08-10 16:18:37,241.1488,264.42,9.2916,-0.1693,2.908,-98.8458,-149.6017,0.7424554581293674,23.27120000000002,240
2026-08-10 16:18:38,240.6565,264.781,9.4665,,,-94.4339,-147.6838,0.657538616495199,24.124500000000012,240
2026-08-10 16:18:39,241.483,262.7527,9.6026,0.2565,2.8144,,,0.6651526138561307,21.2697,240
2026-08-10 16:18:40,242.041,265.8524,9.0389,-0.0792,2.5309,-95.7768,-147.2924,0.65685320366799,23.811399999999992,240
2026-08-10 16:18:41,242.2522,266.3681,9.2332,-0.2732,2.2339,-92.8139,-146.2175,0.628647715336101,24.11590000000004,240
2026-08-10 16:18:45,242.3129,269.5079,8.825,-0.4672,2.2268,-97.3357,-146.3412,0.6523711754964536,27.194999999999993,240
2026-08-10 16:18:48,240.5075,265.331,8.9417,0.3471,2.1229,-99.1558,-147.1134,0.8157655695717116,24.823500000000024,240
2026-08-10 16:18:49,240.6807,265.755,8.9805,0.2774,2.4261,-100.375,-147.2751,0.8392613725164008,25.074299999999994,240
2026-08-10 16:18:55,240.2259,266.5743,8.8445,-0.0996,2.2545,-98.4759,-146.3355,1.204400149622293,26.348399999999998,240
2026-08-10 16:18:56,241.1601,265.6347,9.0972,-0.4248,2.0237,-96.9487,-146.6927,1.0767905611883586,24.47460000000001,240
2026-08-10 16:18:57,240.6042,266.0071,9.1749,0.1852,2.2756,-97.1826,-146.7288,1.0468397482976046,25.40289999999999,240
2026-08-10 16:18:58,239.1115,263.7554,9.0583,0.9369,2.416,-97.0091,-145.7729,1.0372671776826694,24.643900000000002,210
2026-08-10 16:19:02,237.4152,265.0847,8.9028,0.9477,2.7923,-96.8137,-146.0276,1.1505789314874177,27.6695,210
2026-08-10 16:19:03,239.1109,265.6404,9.0,-0.4634,2.3276,-96.4334,-147.6525,1.2051180226648632,26.529500000000013,210
2026-08-10 16:19:05,238.971,265.7665,9.4082,,,-95.896,-146.8693,1.0465162456388324,26.795500000000004,210
2026-08-10 16:19:06,239.4999,268.0067,9.1555,-1.3648,2.7777,-94.6782,-144.8212,1.040334204638402,28.506800000000027,210
2026-08-10 16:19:07,240.5508,267.9552,9.1555,-0.3551,2.3853,-93.2663,-143.1221,1.3115825388866262,27.40439999999998,240
2026-08-10 16:19:08,239.2027,266.2649,8.9805,1.0967,2.3099,-95.7035,-142.9722,2.0598167585579974,27.06220000000002,210
2026-08-10 16:19:11,238.5792,265.2795,9.4276,0.6741,2.6111,-94.625,-150.1062,2.485867154879091,26.7003,210
2026-08-10 16:19:12,237.9584,263.996,9.2527,0.2496,2.4972,-91.0836,-149.5068,2.485867154879091,26.03759999999997,210
2026-08-10 16:19:13,237.6015,264.0247,9.2721,,,-88.7871,-148.338,2.5002898840641814,26.42320000000001,210
2026-08-10 16:19:14,239.0224,264.2768,9.3499,0.4863,2.0007,-87.3394,-146.9499,2.461336159568637,25.254399999999976,210
2026-08-10 16:19:15,238.7322,265.9384,9.1944,0.2979,1.8229,-86.2645,-146.7636,2.465364879958953,27.206199999999995,210
2026-08-10 16:19:17,234.9852,262.81,9.3887,0.8692,2.466,,,2.6136585773421293,27.82480000000001,210
2026-08-10 16:19:18,231.7947,260.0999,9.4082,1.375,2.6021,-86.5858,-148.8017,2.6067086506712895,28.305199999999985,210
2026-08-10 16:19:19,232.4873,258.7592,9.2916,-0.2718,1.7654,-89.0238,-149.0587,2.7178274443469492,26.271900000000016,210
2026-08-10 16:19:20,234.2851,259.6874,9.3887,0.0051,2.2369,-87.222,-142.6034,2.691920335174683,25.402300000000025,210
2026-08-10 16:19:21,235.331,261.6813,9.1555,,,-89.8017,-140.1822,2.7614557496975825,26.350300000000033,210
2026-08-10 16:19:23,236.1277,262.8444,8.8833,-0.4716,2.3553,-93.3572,-141.0445,2.7620947071070105,26.716700000000003,210
2026-08-10 16:19:24,237.8637,264.3799,8.689,-0.377,2.216,-93.7907,-141.9678,2.7625122781163594,26.516200000000026,210
2026-08-10 16:19:25,239.7404,265.0732,8.9222,-1.0815,2.2921,-95.4058,-142.4365,2.821486308094014,25.33279999999999,210
2026-08-10 16:19:26,240.7598,267.4796,8.8445,-0.7475,2.17,-95.9682,-142.3611,2.8066238857003643,26.719799999999992,240
2026-08-10 16:19:27,240.3816,267.6343,8.9611,-0.039,2.3219,-95.7806,-144.3525,2.728206767249968,27.252700000000004,240
2026-08-10 16:19:28,240.4446,267.4682,8.7667,0.175,2.6467,-96.3407,-146.8515,2.6652507893476747,27.023600000000016,240
2026-08-10 16:19:29,241.1673,268.0411,8.8056,-0.1431,2.2593,-98.6458,-147.7424,2.297483557290768,26.87379999999996,240
2026-08-10 16:19:30,239.7638,268.3677,8.7473,,,-98.5348,-147.7327,1.8581747085965028,28.60390000000001,210
2026-08-10 16:19:32,238.2695,266.5858,8.689,0.1265,2.4902,-99.6768,-148.1976,1.320897575211914,28.316300000000012,210
2026-08-10 16:19:33,238.4419,265.8123,8.2419,-0.6761,2.7977,-101.6592,-149.1705,1.320897575211914,27.37039999999999,210
2026-08-10 16:19:34,237.835,265.5545,8.6306,-0.2622,2.4839,-100.9259,-147.8902,1.1495992987581427,27.71950000000001,210
2026-08-10 16:19:36,237.2411,264.2138,8.3196,-0.8214,2.7284,-100.5974,-148.0357,1.2026884472625843,26.972700000000003,210
2026-08-10 16:19:37,237.7369,265.3138,8.4946,-0.7386,2.7317,-101.2247,-148.1222,1.1784939832892236,27.576900000000023,210
2026-08-10 16:19:38,238.3504,266.1905,8.4168,-1.3166,2.5765,-98.9131,-147.1307,1.190361554381926,27.84009999999998,210
2026-08-10 16:19:39,239.9867,268.4708,8.4363,-0.4028,2.0138,-98.0186,-145.9465,1.1674725313023167,28.484099999999984,210
2026-08-10 16:19:40,239.355,266.9296,8.5529,0.3662,2.2397,-94.7053,-145.0072,1.1220958307034878,27.574600000000004,210
2026-08-10 16:19:41,239.1195,266.2592,8.8833,,,-94.8635,-146.7764,1.1512221384308459,27.139700000000033,210
2026-08-10 16:19:42,239.7212,266.5858,8.8445,-0.1374,2.8708,-95.3765,-146.5946,1.1262918884332798,26.864599999999996,210
2026-08-10 16:19:44,240.3243,268.6141,8.8056,-0.7047,2.7182,-96.0729,-148.1186,1.7711157693747024,28.289800000000014,240
2026-08-10 16:19:45,240.7718,269.1584,8.6112,0.3419,2.0489,-97.3359,-148.4752,1.8052873162149599,28.38659999999996,240
2026-08-10 16:19:46,240.9993,269.3818,9.0194,0.4636,2.277,-99.5695,-149.6778,1.980456212756638,28.382499999999993,240
2026-08-10 16:19:47,240.263,268.4594,9.1944,0.3389,2.4791,-102.7322,-151.6648,2.091634896730304,28.19640000000001,240
2026-08-10 16:19:49,239.8425,268.5969,8.9805,-0.1281,2.1818,-100.0779,-151.0266,2.1520912943943076,28.754400000000004,210
2026-08-10 16:19:50,240.5909,269.9949,8.9417,0.2219,2.0287,-99.2076,-152.8394,2.2328567159136616,29.403999999999968,240
2026-08-10 16:19:52,238.6845,267.2848,9.1555,1.4429,2.4607,-95.6044,-155.1281,2.484612896258166,28.600300000000004,210
2026-08-10 16:19:53,236.1306,264.1106,9.0,,,,,2.506214558444192,27.97999999999999,210
2026-08-10 16:19:54,234.1651,262.6152,9.2527,0.3874,2.0955,-91.6781,-158.0498,2.452874495009313,28.45010000000002,210
2026-08-10 16:19:56,235.0263,263.234,9.136,0.0457,2.5891,-91.6157,-156.9202,2.1802864243389495,28.20769999999999,210
2026-08-10 16:19:57,235.5524,263.9788,8.8833,-0.4518,2.4661,-90.1161,-155.9851,1.949899024523524,28.426399999999973,210
2026-08-10 16:19:58,237.0079,265.1992,8.9028,-0.0478,1.9186,-92.937,-151.1741,1.7565059483128869,28.191300000000012,210
2026-08-10 16:19:59,236.928,264.3799,9.1166,-0.2674,1.7769,-93.2325,-149.7705,1.7219918770445293,27.451900000000023,210
2026-08-10 16:20:00,235.4231,263.4976,8.9611,0.3181,2.499,-93.2611,-148.7077,1.5482088512146297,28.074499999999972,210
2026-08-10 16:20:01,234.4895,262.2371,8.7667,-0.118,2.5831,-95.069,-148.491,1.2105369581569938,27.747600000000006,210
2026-08-10 16:20:02,234.5593,261.9277,8.7084,-0.6598,2.3576,-95.1533,-148.5292,1.994243014645648,27.36840000000001,210
2026-08-10 16:20:52,116.7521,96.9903,7.6976,-0.6501,2.6989,10.9638,18.8038,1.9443457987501693,-19.761799999999994,90
2026-08-10 16:20:53,118.2782,97.907,7.3283,-0.6525,1.6329,10.7407,18.39,1.9203770226530745,-20.371199999999988,90
2026-08-10 16:20:54,119.8203,99.8952,7.4255,-1.3433,3.5095,11.1755,20.1431,1.73739719765275,-19.925099999999986,90
2026-08-10 16:20:55,120.3707,98.8238,7.2894,,,9.8939,16.9609,1.7222929833528595,-21.546899999999994,120
2026-08-10 16:20:56,120.2736,99.7118,7.3672,-1.8561,2.6588,10.2636,18.2297,1.7118582130570874,-20.561800000000005,120
2026-08-10 16:20:58,118.9687,96.5548,7.0561,-0.5059,3.491,8.4696,14.0432,1.4701483823577437,-22.413900000000012,90
2026-08-10 16:20:59,118.7082,97.9987,7.2116,0.091,4.2076,8.6572,14.7352,1.2232848576827922,-20.70949999999999,90
2026-08-10 16:21:00,118.1157,96.7898,7.0173,-0.6217,2.6298,8.1945,13.6972,1.1474534937327636,-21.32589999999999,90
2026-08-10 16:21:01,118.2522,97.632,7.0756,-1.0935,4.0068,9.2179,15.6538,1.1774253833239416,-20.62020000000001,90
2026-08-10 16:21:02,118.4081,98.0732,6.9201,0.3037,4.104,10.2137,17.5079,0.9777195354786637,-20.334900000000005,90
2026-08-10 16:21:03,118.7358,95.2714,6.6479,-0.983,2.5007,8.623,14.2249,0.8208657076866653,-23.464400000000012,90
2026-08-10 16:21:04,118.9219,97.993,7.1922,,,10.4419,17.5571,0.7859348984584618,-20.9289,90
2026-08-10 16:21:05,118.8865,98.4456,7.3088,-1.1908,2.0724,9.8643,17.1314,0.7801963742911743,-20.4409,90
2026-08-10 16:21:07,119.1332,97.9872,7.4255,-0.6984,2.928,9.2822,15.8803,0.7056582890569425,-21.146000000000015,90
2026-08-10 16:21:08,119.3541,97.2997,7.4838,-0.5224,2.4613,8.1534,13.9593,0.9053154119560963,-22.054399999999987,90
2026-08-10 16:21:09,119.4598,98.0732,7.4643,-0.312,2.8956,8.3127,14.2513,0.9301175587926951,-21.386599999999987,90
2026-08-10 16:21:10,120.8608,99.0186,7.3477,-0.5324,2.3955,7.8501,13.4061,1.2079510501962019,-21.84219999999999,120
2026-08-10 16:21:11,120.5227,98.3482,7.2505,-0.3903,1.9116,8.4885,14.51,1.3047987896783289,-22.174499999999995,120
2026-08-10 16:21:12,119.8953,99.4483,7.2505,0.2456,2.9161,7.7942,13.0835,1.345700864391723,-20.447000000000003,90
2026-08-10 16:21:14,119.1195,95.4777,6.9784,-0.1168,1.1562,7.9903,13.8578,1.4459345535831087,-23.64179999999999,90
2026-08-10 16:21:15,118.9671,96.8757,7.27,-0.7836,2.2443,6.1298,10.27,1.4609175317971044,-22.09140000000002,90
2026-08-10 16:21:16,118.8922,99.3165,7.5227,-0.0071,2.9099,6.2168,10.5378,1.4858678653707151,-19.575699999999983,90
2026-08-10 16:21:17,118.4645,97.8898,7.4838,,,6.5088,11.3631,1.486109334950125,-20.574700000000007,90
2026-08-10 16:21:18,116.4512,96.7095,7.5227,-0.0678,2.5191,7.4605,12.865,1.4733030787466843,-19.74169999999998,90
2026-08-10 16:21:20,115.5923,95.0881,7.4255,-0.6097,2.6317,9.6301,16.3533,1.435436894150715,-20.504199999999997,90
2026-08-10 16:21:21,116.5534,94.0396,7.5615,0.312,1.6828,8.6755,14.5586,1.316726534406319,-22.513800000000003,90
2026-08-10 16:21:22,117.2077,94.624,7.3283,-1.4413,3.1977,9.8068,16.8886,1.1707900467123107,-22.58370000000002,90
2026-08-10 16:21:23,116.8551,94.1713,7.4449,-0.7091,2.905,10.2229,17.0622,1.1243432317741435,-22.68379999999999,90
2026-08-10 16:21:26,117.1895,92.7733,7.3477,,,9.83,16.5338,1.0844979578626324,-24.416200000000003,90
2026-08-10 16:21:27,116.8229,96.171,7.3283,-0.5954,3.5466,11.2463,18.4789,1.0776259004803979,-20.651900000000012,90
2026-08-10 16:21:28,118.5539,98.2737,7.1728,0.4981,2.7891,10.0253,16.8183,1.0704996881552704,-20.28019999999998,90
2026-08-10 16:21:29,118.9694,97.7409,7.406,-0.2581,2.1873,9.2044,15.4833,1.0314478474039313,-21.228499999999997,90
2026-08-10 16:21:30,118.7707,97.5461,7.4643,-0.6659,2.2788,9.5621,16.2955,1.022283250478696,-21.22460000000001,90
2026-08-10 16:21:32,118.5765,97.271,7.5227,-0.2803,2.8489,9.2451,15.789,0.8845422416969415,-21.305499999999995,90
2026-08-10 16:21:33,119.3757,97.4601,7.6199,,,9.0759,15.6393,0.9194454140055006,-21.915599999999984,90
2026-08-10 16:21:34,119.0034,99.328,7.717,0.2157,2.4915,8.6416,14.9729,0.8864090977562578,-19.675399999999996,90
2026-08-10 16:21:35,117.6791,97.4888,7.6004,-0.5189,1.8338,9.3886,16.3375,0.8631474318715334,-20.190300000000008,90
2026-08-10 16:21:36,116.6564,95.4261,7.581,-0.9496,2.2083,8.1708,14.172,0.8601956783065035,-21.2303,90
2026-08-10 16:21:38,118.283,95.7928,7.7559,-1.029,2.3618,9.8829,17.0669,0.6848646646379164,-22.490200000000016,90
2026-08-10 16:21:39,118.1065,94.5094,7.5227,-0.6257,1.4035,8.8231,15.1937,0.6843044986023239,-23.59710000000001,90
2026-08-10 16:21:40,118.6252,95.535,7.406,0.0857,2.0428,8.9651,15.3275,0.7073588845024004,-23.09020000000001,90
2026-08-10 16:21:41,118.9975,94.962,7.6199,-1.0237,1.7602,10.6481,18.3484,0.73960442929753,-24.035500000000013,90
2026-08-10 16:21:42,119.3382,95.3746,7.5421,-0.7232,1.6714,9.477,15.9384,0.73960442929753,-23.963599999999985,90
2026-08-10 16:21:43,119.6722,97.569,7.4643,-0.7497,3.6483,10.447,17.566,0.7989180034701312,-22.103200000000015,90
2026-08-10 16:21:44,119.4273,96.8757,7.3672,-0.1114,2.5417,,,0.7915198040427153,-22.551600000000008,90
2026-08-10 16:21:45,118.5363,95.1225,7.3866,0.0597,1.2482,10.5515,17.893,0.8165349766783359,-23.41379999999998,90
2026-08-10 16:21:47,118.902,97.483,7.3672,,,12.9061,21.0753,0.6829966750446123,-21.418999999999983,90
2026-08-10 16:21:48,118.7314,95.5522,7.2505,-0.388,2.7743,8.5263,14.2009,0.6829966750446123,-23.17919999999998,90
2026-08-10 16:21:49,118.737,95.6037,7.3477,-0.8392,2.9335,10.5284,17.1681,0.812827036547456,-23.13329999999999,90
2026-08-10 16:21:50,119.5084,96.0392,7.406,0.1876,2.2715,13.7115,22.4324,0.8160135457377246,-23.4692,90
2026-08-10 16:21:51,119.6597,96.3658,7.5032,-0.7191,2.4686,7.4257,12.5119,0.8262785670264795,-23.293900000000008,90
2026-08-10 16:21:53,120.113,97.8096,7.406,,,8.8682,14.8872,0.8307902239140602,-22.30340000000001,120
2026-08-10 16:21:54,119.1088,96.2225,7.3672,-1.1506,2.5995,10.4728,17.6252,0.8253862266473322,-22.886300000000006,90
2026-08-10 16:21:55,117.9355,96.2168,7.4255,-0.1864,2.2965,9.2252,15.4351,0.833042837892822,-21.718700000000013,90
2026-08-10 16:21:57,117.4198,93.8505,7.4449,-0.0731,2.1879,11.1655,18.7685,1.3820765360590597,-23.5693,90
2026-08-10 16:21:59,116.9459,94.7901,7.5615,0.4485,2.0255,14.7798,24.9112,1.3992993215988143,-22.1558,90
2026-08-10 16:22:00,118.0462,96.1366,7.6393,-0.3752,2.1129,13.6429,23.0874,1.4084444229625286,-21.90960000000001,90
2026-08-10 16:22:01,119.4018,97.0934,7.5227,-1.0627,2.0792,13.492,22.8515,1.4249892142070888,-22.308400000000006,90
2026-08-10 16:22:02,118.1593,93.9651,7.5227,0.5127,1.3802,6.3671,10.9741,1.467209779267065,-24.194199999999995,90
2026-08-10 16:22:03,118.6433,94.7099,7.4255,-0.1954,1.5833,11.9075,20.6983,1.4241337887546253,-23.933400000000006,90
2026-08-10 16:22:04,119.5847,96.2569,7.5615,-0.5492,1.9899,13.4658,22.9091,1.4354854869750218,-23.327799999999996,90
2026-08-10 16:22:06,122.5917,98.5373,7.4838,-0.5431,2.3657,13.4175,22.8302,1.4392167467713828,-24.054399999999987,120
2026-08-10 16:22:07,121.7716,99.0759,7.5421,-0.2713,1.6624,10.3587,17.5778,1.4040117574541382,-22.695699999999988,120
2026-08-10 16:22:08,120.145,96.7668,7.6587,-0.5707,1.8639,9.8316,16.7277,1.3558809956918874,-23.378199999999993,120
2026-08-10 16:22:09,119.6645,96.6351,7.4449,-0.1494,2.6856,10.1504,17.6857,1.3422774525713694,-23.02940000000001,90
2026-08-10 16:22:10,120.1731,97.6091,7.4838,-0.5365,2.7525,10.4879,17.9332,1.206670560226656,-22.56400000000002,120
2026-08-10 16:22:13,119.1786,95.8444,7.2505,-0.0646,2.9239,9.2121,15.4049,1.2192556247657376,-23.33420000000001,90
2026-08-10 16:22:14,118.2091,93.3004,7.4449,0.0776,2.2867,11.0015,18.3485,1.2799993525967748,-24.90870000000001,90
2026-08-10 16:22:15,119.3371,95.237,7.3866,-0.6537,2.7536,11.2028,18.7995,1.3233104851795248,-24.100099999999998,90
2026-08-10 16:22:17,119.9733,96.2626,7.3477,-0.4448,1.3613,9.859,16.5149,1.585335098404716,-23.710699999999974,90
2026-08-10 16:22:19,120.6419,96.7668,7.2894,,,13.9584,22.9025,2.235028110058196,-23.875100000000003,120
2026-08-10 16:22:22,117.9453,94.4234,7.1728,-0.2314,2.6296,10.5302,17.3986,2.4501104546226147,-23.521900000000016,90
2026-08-10 16:23:25,256.5235,301.0492,8.3585,0.6525,2.878,-177.7103,-179.4243,2.8840142718497654,44.52569999999997,240
2026-08-10 16:23:27,257.4843,300.906,8.1447,0.0617,1.9795,177.4273,179.3803,2.0896229763878296,43.42169999999999,240
2026-08-10 16:23:28,258.3826,301.4732,8.3974,0.0224,1.7919,-178.9982,-179.7395,2.0896229763878296,43.090599999999995,240
2026-08-10 16:23:29,260.4248,300.8028,8.6501,-1.2429,2.0743,-176.3476,-179.0521,1.968384049897306,40.377999999999986,240
2026-08-10 16:23:30,261.0061,301.393,8.7667,-0.7601,2.3553,-169.1475,-177.2718,1.6580667043857105,40.38689999999997,240
2026-08-10 16:23:31,261.333,303.4786,8.825,-0.8216,2.5964,-170.3066,-177.4519,1.5180879157081473,42.145599999999945,240
2026-08-10 16:23:32,260.8261,303.3009,8.6501,-0.5471,2.6243,,,1.5111487630696157,42.474800000000016,240
2026-08-10 16:23:34,259.9448,302.6993,8.3585,,,177.6428,179.3956,1.6234406510888826,42.75450000000001,240
2026-08-10 16:23:35,259.8075,302.7108,8.1836,-0.4694,2.9145,171.608,177.7869,1.6001956692075385,42.9033,240
2026-08-10 16:23:40,259.7345,300.0866,9.3304,,,162.656,175.7063,1.410290300678252,40.35209999999995,240
2026-08-10 16:23:41,258.5407,298.597,9.0777,0.5409,2.2082,167.6046,177.0419,1.4194766139614199,40.056299999999965,240
2026-08-10 16:23:42,257.5387,298.7574,8.9417,0.9488,3.0233,170.9833,177.6698,1.3378957985097453,41.21870000000001,240
2026-08-10 16:23:43,256.7489,297.4167,8.8056,0.5366,2.5222,163.917,175.9531,1.3853356090074278,40.6678,240
2026-08-10 16:23:44,256.995,298.173,8.7278,0.8111,2.2696,168.3434,177.0942,1.4421555468077467,41.178,240
2026-08-10 16:23:45,257.7782,297.9667,8.8833,-0.0482,2.1042,172.8295,178.2208,1.4727654887038226,40.188499999999976,240
2026-08-10 16:23:47,258.7583,299.1298,8.825,0.2747,1.9772,166.4731,176.479,1.492013705189542,40.37149999999997,240
2026-08-10 16:23:48,258.5689,298.8662,8.8833,0.6465,2.1994,173.8599,178.4267,1.4571869937914388,40.29730000000001,240
2026-08-10 16:23:49,258.9581,299.6741,8.7667,-0.3705,2.4566,173.6292,178.3865,1.4571869937914388,40.71600000000001,240
2026-08-10 16:23:50,260.4249,300.5049,8.4363,-0.9962,2.5712,168.6928,177.182,1.4194130477693283,40.08000000000004,240
2026-08-10 16:23:51,261.1075,302.4701,8.378,-0.6826,2.4151,176.7203,179.2456,1.4219447151772444,41.362599999999986,240
2026-08-10 16:23:53,261.2672,301.9201,8.4557,-0.2797,2.1132,168.3193,177.214,1.3549110384391045,40.65289999999999,240
2026-08-10 16:23:54,261.1659,301.5133,8.4557,0.1668,2.2636,172.0366,178.0839,1.1912430377108392,40.34739999999999,240
2026-08-10 16:23:55,260.5652,300.9232,8.3196,0.208,2.6474,177.7335,179.453,1.0870987152065597,40.358000000000004,240
2026-08-10 16:23:56,260.6941,300.5393,8.2419,-0.2272,2.9641,170.4861,177.4019,0.91798022807359,39.845200000000034,240
2026-08-10 16:23:57,260.4185,300.5908,8.1447,0.2586,2.5863,177.6522,179.3674,0.8955347940761247,40.17230000000001,240
2026-08-10 16:23:58,260.0434,300.0637,8.1836,0.4266,2.1623,-179.2053,-179.7864,0.8403483793541863,40.02029999999996,240
2026-08-10 16:24:00,259.7926,299.6225,8.514,,,171.8171,177.9985,1.4299824737956497,39.82990000000001,240
2026-08-10 16:24:01,259.8909,298.4709,8.7278,0.7613,2.2035,167.6835,177.2936,1.6699925701887333,38.579999999999984,240
2026-08-10 16:24:02,259.7904,300.7398,9.3304,-0.1611,1.7531,167.78,177.7422,1.7229923030595689,40.949400000000026,240
2026-08-10 16:24:03,260.7557,300.3731,9.4082,-0.7023,1.8085,164.6858,177.0809,1.7229923030595689,39.61740000000003,240
2026-08-10 16:24:05,262.1751,302.5274,9.6803,-1.1991,1.788,178.7538,179.7936,1.7274156584076161,40.352300000000014,240
2026-08-10 16:24:06,260.5928,300.6195,9.6026,0.4437,2.5084,,,1.6961074725928371,40.026700000000005,240
2026-08-10 16:24:07,259.951,301.0607,9.4471,-0.1964,2.272,170.7208,178.3211,1.6770809376908538,41.109699999999975,240
2026-08-10 16:24:09,257.3594,297.0672,8.8445,,,178.7043,179.7267,1.7306894370036692,39.70780000000002,240
2026-08-10 16:24:10,255.8893,295.99,8.6695,1.0511,2.3496,167.8736,177.3846,1.7306894370036692,40.10070000000002,240
2026-08-10 16:24:11,256.4105,296.3166,8.825,1.048,1.6162,171.1167,178.1663,1.7479223690373802,39.90609999999998,240
2026-08-10 16:24:12,257.5703,296.6718,8.7473,0.5223,1.8976,171.9184,178.1804,1.7768729949431852,39.101500000000044,240
2026-08-10 16:24:14,257.8554,297.3651,8.7473,0.003,2.5121,-179.8339,-179.9613,1.86924138293184,39.50970000000001,240
2026-08-10 16:24:15,257.489,297.2849,8.6501,0.2625,2.1425,-175.9566,-179.072,1.8286880767616465,39.79590000000002,240
2026-08-10 16:24:16,259.0323,298.9923,8.689,-0.6783,2.2033,-174.9753,-178.7769,1.7076498027124876,39.95999999999998,240
2026-08-10 16:24:17,260.2882,299.6684,8.6112,,,-172.9573,-178.1525,1.6804517281153026,39.3802,240
2026-08-10 16:24:18,260.8295,299.4564,8.8056,-0.4854,1.8347,-170.3509,-177.4338,1.7204872447993032,38.62689999999998,240
2026-08-10 16:24:19,260.8048,299.8976,9.136,-0.5266,2.1497,-176.0918,-178.9399,1.680153797791471,39.09280000000001,240
2026-08-10 16:24:21,260.3814,299.4392,9.136,-0.5798,2.1299,-175.7309,-178.905,1.4034606129445857,39.05780000000004,240
2026-08-10 16:24:22,260.7223,300.9461,9.2721,-0.3384,2.011,-172.4882,-178.1115,1.2230153119687077,40.22379999999998,240
2026-08-10 16:24:23,261.7184,300.3044,9.3304,-0.0425,1.862,-169.2844,-177.5742,1.136988799255847,38.58600000000001,240
2026-08-10 16:24:24,260.8585,299.508,9.3304,0.326,2.2427,-173.0633,-178.6029,1.1791031123020577,38.64949999999999,240
2026-08-10 16:24:25,260.3253,299.1642,9.2916,0.336,2.1642,-175.6674,-179.1952,1.194850852996632,38.83889999999997,240
2026-08-10 16:24:27,259.5011,298.7803,9.311,-0.2565,1.7744,-167.1274,-177.8556,1.1662133437912883,39.2792,240
2026-08-10 16:24:29,259.9379,298.1443,9.7386,-0.1073,1.1664,-165.4563,-177.6269,1.1646050561383738,38.206399999999974,240
2026-08-10 16:24:30,260.7113,299.0897,9.6026,-0.931,2.1373,-159.8352,-176.3474,1.151854830623518,38.3784,240
2026-08-10 16:24:31,259.2961,299.8575,9.7192,0.0914,2.0338,-147.684,-174.0987,1.152532487411681,40.56139999999999,240
2026-08-10 16:24:32,258.2086,298.0469,9.4276,0.6022,2.4531,-150.2275,-174.2022,1.1674343078907885,39.838300000000004,240
2026-08-10 16:24:34,258.0624,298.8319,8.7084,0.2311,1.8799,-158.7247,-176.1071,1.0338588941479443,40.769499999999994,240
2026-08-10 16:24:35,257.6858,297.9323,8.689,,,-163.5161,-176.6627,1.0255794699639136,40.246500000000026,240
2026-08-10 16:24:36,257.8874,297.0156,8.4946,0.3831,1.9246,-167.7653,-177.6407,1.0986938059470122,39.12819999999999,240
2026-08-10 16:24:37,258.7795,297.812,8.6306,-0.435,2.3777,-167.7182,-177.4248,1.1305495521442397,39.03250000000003,240
2026-08-10 16:24:38,260.0785,298.4709,8.4946,-0.8947,2.2481,-173.4861,-178.3986,1.1950132613492528,38.39239999999995,240
2026-08-10 16:24:40,260.555,300.9976,8.4751,-0.2606,2.2352,-167.3274,-176.5781,1.1846286709387541,40.44259999999997,240
2026-08-10 16:24:41,260.8654,300.4763,8.3974,-0.1834,2.5197,-173.922,-178.3129,1.1720313452405045,39.61089999999996,240
2026-08-10 16:24:42,260.7584,300.2356,8.3196,0.2697,2.9339,,,1.17818453519606,39.47719999999998,240
2026-08-10 16:24:43,259.6152,299.1012,8.2224,-0.2511,2.4908,-173.7223,-178.2,1.1715597124702826,39.48599999999999,240
2026-08-10 16:24:44,259.7593,299.0897,8.1447,,,178.7236,179.6448,1.201344557279555,39.3304,240
2026-08-10 16:24:45,260.7321,299.2043,8.1058,-0.2157,2.4597,179.6342,179.8968,1.1852141891966137,38.47219999999999,240
2026-08-10 16:24:46,261.4276,299.7371,8.1836,-0.8959,2.009,175.5126,178.7767,1.1213953638807297,38.309500000000014,240
2026-08-10 16:24:48,261.2995,299.4277,8.4363,-0.0291,2.6552,177.574,179.3025,1.0474032673835278,38.12819999999999,240
2026-08-10 16:24:49,260.6443,299.3418,8.203,0.0724,2.155,175.8787,178.8849,1.0458185378012046,38.69749999999999,240
2026-08-10 16:24:50,260.2911,298.7402,8.5335,0.4827,2.5206,-179.7692,-179.9348,1.0202134054161258,38.449100000000044,240
2026-08-10 16:24:51,259.1817,298.7058,8.514,0.0031,2.5557,173.5741,178.2648,1.0216803974110427,39.52410000000003,240
2026-08-10 16:24:52,259.0577,297.7031,8.5529,0.0653,2.3523,178.9606,179.724,1.016874145272574,38.645399999999995,240
2026-08-10 16:24:53,258.3044,297.5599,8.6306,0.3296,2.7306,-177.5691,-179.344,1.0142290209217266,39.25550000000004,240
2026-08-10 16:24:54,258.0285,297.1474,8.4363,,,-176.6046,-179.0719,1.053745752150584,39.1189,240
2026-08-10 16:24:55,258.3145,297.3594,8.4363,-0.3876,2.4685,-176.9955,-179.177,1.149760014976712,39.044899999999984,240
2026-08-10 16:24:57,258.7759,296.8666,8.4557,-0.279,1.94,-171.6386,-177.7102,1.2312707015185105,38.09070000000003,240
2026-08-10 16:24:58,258.9467,297.537,8.5335,0.3381,2.6075,-168.3676,-176.2411,1.2447638896809674,38.59029999999996,240
2026-08-10 16:24:59,259.923,298.9636,8.5529,-0.2075,2.1396,-171.5361,-177.27,1.2740602248124309,39.04059999999998,240
2026-08-10 16:25:00,259.4985,298.362,8.5529,-0.4364,2.5085,-171.6884,-177.2718,2.566662503517126,38.863500000000045,240
2026-08-10 16:25:01,260.5913,298.362,8.5335,-0.6638,2.8175,-171.883,-177.3412,2.574162013528043,37.77070000000003,240
2026-08-10 16:25:03,260.7103,300.1268,8.4557,-0.5969,2.5044,-169.955,-176.7054,2.599109533112978,39.416499999999985,240
2026-08-10 16:25:04,260.9881,300.0122,8.6306,-0.4844,2.1079,-173.6286,-178.0017,2.5873591081770284,39.02410000000003,240
2026-08-10 16:25:05,261.8153,300.3789,8.825,-0.7545,2.0891,-172.6254,-177.7934,2.559750222394208,38.56360000000001,240
2026-08-10 16:25:06,262.136,300.4361,8.9417,-0.5271,2.4395,-172.3519,-177.7821,2.5191543378174353,38.300099999999986,240
2026-08-10 16:25:08,261.4094,300.1955,9.3304,-1.0846,2.4115,-176.8537,-179.194,2.551896396842141,38.786099999999976,240
2026-08-10 16:25:09,261.7388,301.1753,9.2916,-1.2346,1.9088,-171.1721,-177.8996,2.6799861910560963,39.43649999999997,240
2026-08-10 16:25:10,269.7396,302.2295,9.4665,,,-170.6578,-177.6503,2.7732696286112506,32.48989999999998,240
2026-08-10 16:25:11,261.4279,300.0064,9.3887,-0.5585,1.8599,-168.1188,-177.0814,2.8001259048856926,38.57849999999996,240
2026-08-10 16:25:13,260.1052,299.5137,9.1749,,,-173.9251,-178.756,2.813892891120769,39.40849999999995,240
2026-08-10 16:25:14,258.5274,298.9751,9.0777,0.0155,1.9658,-174.5649,-178.9817,2.8169141689801442,40.4477,240
2026-08-10 16:25:15,258.5139,297.9953,9.0389,0.2372,1.5627,179.5782,179.9132,2.8150461463898786,39.48140000000001,240
2026-08-10 16:25:16,259.1658,298.1443,9.0972,0.1624,2.3127,-174.9261,-178.9165,2.7922791567183896,38.9785,240
2026-08-10 16:25:18,258.1709,296.7062,8.825,1.2006,2.5768,-171.6166,-178.1672,2.760944595835279,38.53530000000001,240
2026-08-10 16:25:19,256.9118,296.2937,8.6306,0.597,2.2769,,,2.7433550331426346,39.38189999999997,240
2026-08-10 16:25:20,257.5822,296.6661,8.5918,0.1317,2.4095,175.9197,179.1597,2.734838854353677,39.08389999999997,240
2026-08-10 16:25:21,258.6188,297.6344,8.5335,,,179.083,179.7975,1.2081273542886284,39.015600000000006,240
2026-08-10 16:25:23,259.2833,298.4079,8.8445,-0.6465,2.266,176.8272,179.2882,1.1641433148558784,39.12459999999999,240
2026-08-10 16:25:24,259.7366,298.6772,8.8445,-0.6771,2.3184,177.3351,179.3968,1.2748669493269462,38.94060000000002,240
2026-08-10 16:25:25,259.7737,299.3475,8.6501,-0.2717,2.5917,176.5826,179.1975,1.2838011971343328,39.573800000000006,240
2026-08-10 16:25:26,260.7972,300.4361,8.7667,-0.7345,2.4072,171.8697,178.0476,1.2831482762932032,39.638900000000035,240
2026-08-10 16:25:27,261.1116,299.3876,8.9028,-0.3727,2.2444,176.7397,179.1847,1.3171991364357192,38.27600000000001,240
2026-08-10 16:25:29,259.8725,297.7719,9.0389,0.3156,2.4296,175.0665,178.7697,1.2751971231061958,37.899400000000014,240
2026-08-10 16:25:30,258.4271,298.0813,8.7278,0.2451,2.6004,170.9668,177.6852,2.0383319261308777,39.6542,240
2026-08-10 16:25:31,258.2113,297.1187,8.7667,0.0152,2.2578,172.1105,178.0219,2.0508474012640954,38.907399999999996,240
2026-08-10 16:25:33,257.1097,297.0442,8.2224,,,178.7863,179.6783,2.13999468824932,39.934500000000014,240
2026-08-10 16:25:35,258.0535,296.7979,8.0281,-0.3448,2.1935,177.819,179.4317,2.1672115999853854,38.74440000000004,240
2026-08-10 16:25:36,258.755,297.4969,8.203,-0.0567,2.1025,-176.852,-179.1499,2.1698534234414892,38.74189999999999,240
2026-08-10 16:25:38,258.5363,297.2906,8.3391,0.6757,2.3622,-169.506,-177.1183,2.153512880664177,38.7543,240
2026-08-10 16:25:39,258.3301,296.8322,8.4946,0.0039,3.2215,-175.9879,-178.8728,2.153512880664177,38.502099999999984,240
2026-08-10 16:25:40,265.7978,296.7635,8.1836,0.2308,3.496,-179.0153,-179.7177,2.3927301409549258,30.965700000000027,240
2026-08-10 16:25:41,257.331,297.2963,7.9697,0.3367,3.0417,-175.8981,-178.8365,2.9402736577254105,39.96529999999996,240
2026-08-10 16:26:05,283.4848,327.8121,8.4751,-0.8587,2.596,97.0638,142.0481,2.6661385832971476,44.32729999999998,270
2026-08-10 16:26:06,283.4113,329.9607,8.3196,,,101.3928,143.701,2.327374072343624,46.54939999999999,270
2026-08-10 16:26:07,286.0948,333.9485,8.4946,-1.408,2.2355,101.0173,144.9973,1.972379299613256,47.8537,270
2026-08-10 16:26:08,289.1861,335.1459,8.9028,-2.2906,1.7487,99.5808,145.4432,1.9197591525253428,45.95979999999997,270
2026-08-10 16:26:09,288.1353,335.0772,9.136,-1.2672,2.2805,104.4275,149.0246,1.8312605018551638,46.94190000000003,270
2026-08-10 16:26:10,287.126,334.1146,9.136,-0.5437,2.8761,103.7134,150.9145,1.8545470880710788,46.98860000000002,270
2026-08-10 16:26:11,286.8191,334.9798,9.1749,-0.2775,2.6113,97.4349,146.8593,1.7998446326163522,48.16070000000002,270
2026-08-10 16:26:13,285.284,332.178,8.8639,0.709,2.602,96.4997,143.8056,1.7039290844154245,46.894000000000005,270
2026-08-10 16:26:14,283.9587,332.3041,8.7667,-0.043,2.053,94.6678,141.1317,1.6713646602440986,48.345399999999984,270
2026-08-10 16:26:15,285.2906,333.5932,8.8833,-0.6594,2.4958,89.0065,136.3193,1.6285861089878673,48.30260000000004,270
2026-08-10 16:26:16,285.9236,335.1287,8.8445,0.3076,2.2715,92.0992,140.2743,1.5499766128047512,49.20509999999996,270
2026-08-10 16:26:17,285.9312,334.8652,8.7667,,,89.7148,139.9175,1.4418464602080494,48.934000000000026,270
2026-08-10 16:26:18,285.9258,333.8167,8.6306,0.1699,2.2701,89.437,139.5592,1.5044980131687686,47.890900000000045,270
2026-08-10 16:26:19,283.8568,331.9546,8.4557,1.263,3.4799,91.4174,140.4009,1.292792733465269,48.09780000000001,270
2026-08-10 16:26:21,283.3037,332.5332,8.3002,-1.2017,2.1469,89.6727,135.1355,1.4866523424971478,49.22950000000003,270
2026-08-10 16:26:22,284.9422,334.7735,8.2808,-1.1741,2.4952,91.3817,137.7391,1.408719753108002,49.8313,270
2026-08-10 16:26:23,287.3196,336.6299,8.2613,-0.8402,2.3036,90.7282,140.3659,1.3762374532617334,49.31030000000004,270
2026-08-10 16:26:25,286.1641,333.6448,8.4751,-0.2643,2.19,89.4776,141.6538,1.4007997220581188,47.480699999999956,270
2026-08-10 16:26:26,285.0176,333.6219,8.6306,,,87.6261,137.8026,1.5176224965532044,48.60429999999997,270
2026-08-10 16:26:27,285.7477,333.0374,8.7084,-0.1164,1.8976,91.4621,141.2492,1.7475861970551059,47.28969999999998,270
2026-08-10 16:26:28,283.9904,332.7395,8.7667,0.5934,3.0688,89.4816,140.4835,1.8692007722875474,48.7491,270
2026-08-10 16:26:30,281.4166,330.9462,8.5918,1.0772,1.9038,88.2158,139.9435,1.8960476931976915,49.52959999999996,270
2026-08-10 16:26:31,282.7181,332.7452,8.7667,-0.935,2.2317,90.2587,137.9938,1.854632972814499,50.02710000000002,270
2026-08-10 16:26:32,284.7369,333.8969,9.2527,-1.1256,1.6879,88.6152,140.759,1.8440991032639775,49.160000000000025,270
2026-08-10 16:26:33,285.4101,334.3954,9.4082,-0.7896,2.3756,89.5007,142.2705,1.8896352031369037,48.985299999999995,270
2026-08-10 16:26:34,285.3627,334.3037,9.3499,-0.7219,3.2867,92.0824,143.1942,1.72655217688475,48.940999999999974,270
2026-08-10 16:26:36,282.3422,329.8002,8.6306,1.3744,1.9746,83.56,139.6506,1.6237784194607814,47.45800000000003,270
2026-08-10 16:26:37,280.7356,330.1727,8.3974,,,86.8593,138.155,1.6116883705501146,49.437100000000044,270
2026-08-10 16:26:38,281.0616,332.9687,8.378,-0.3661,2.4868,85.92,136.9489,1.5620861402963668,51.907100000000014,270
2026-08-10 16:26:39,284.1956,335.6215,8.8639,-1.6841,1.6556,88.1278,137.6967,1.6471568408552169,51.42590000000001,270
2026-08-10 16:26:40,286.3739,336.4523,8.8056,-1.4775,2.748,90.8627,140.19,1.658931057413721,50.07839999999999,270
2026-08-10 16:26:42,283.8299,335.9481,8.5529,0.326,2.5163,78.517,132.7101,1.5304537393763047,52.1182,270
2026-08-10 16:26:44,284.5508,332.9229,8.6306,-0.8669,2.9597,82.6318,132.817,1.7959114779795375,48.372100000000046,270
2026-08-10 16:26:45,285.0377,335.2147,8.5918,-0.0773,2.3664,87.0746,136.7187,1.8164367835818167,50.17700000000002,270
2026-08-10 16:26:46,284.601,334.699,8.4557,0.3712,2.2046,86.106,136.086,2.1489033224581497,50.09800000000001,270
2026-08-10 16:26:47,284.576,334.5501,8.3196,,,87.198,136.6002,2.341057983048819,49.974099999999964,270
2026-08-10 16:26:48,284.5723,334.6818,8.4363,-0.9763,2.4544,90.1615,136.7609,2.3755362200814707,50.109500000000025,270
2026-08-10 16:26:49,286.2002,335.5069,8.4363,-0.7064,3.3179,92.106,138.7505,2.4503171553710077,49.30669999999998,270
2026-08-10 16:26:50,285.954,336.7158,8.5529,0.1642,2.5491,92.278,140.4685,2.512982048366774,50.761799999999994,270
2026-08-10 16:26:52,285.0203,334.2808,8.6112,1.523,2.9405,92.2104,141.011,2.376998443153702,49.26049999999998,270
2026-08-10 16:26:53,281.4397,331.1009,8.5335,,,93.1404,142.7414,2.367788698572383,49.66120000000001,270
2026-08-10 16:26:54,281.0649,329.5653,8.5335,1.7499,2.5835,89.9093,139.5286,2.3023005350235697,48.500399999999956,270
2026-08-10 16:26:56,278.5704,328.1444,8.3585,1.3009,2.944,90.8148,138.7371,2.267633242980862,49.57400000000001,270
2026-08-10 16:26:57,279.4234,328.9637,8.203,1.4649,2.8381,91.6379,138.0719,2.2202448323893744,49.5403,270
2026-08-10 16:26:58,280.2412,327.7319,8.3196,-0.3562,2.8141,93.1132,138.7177,2.2116671006025923,47.490700000000004,270
2026-08-10 16:26:59,279.9424,329.0726,8.3391,0.1127,2.4977,95.9091,139.3152,2.236710231856996,49.1302,270
2026-08-10 16:27:01,281.6412,331.1639,8.2808,0.3118,2.2009,93.832,138.8083,1.9450122563241985,49.522699999999986,270
2026-08-10 16:27:02,281.9213,332.264,8.5529,-0.5438,2.3881,93.0545,140.159,2.1428969125064716,50.342700000000036,270
2026-08-10 16:27:03,282.2709,330.4477,8.6112,0.5635,2.6062,91.2838,139.8996,2.067484793543995,48.176800000000014,270
2026-08-10 16:27:04,283.0976,330.7227,8.378,-0.1539,2.8948,91.0272,138.884,2.2703745555613923,47.625099999999975,270
2026-08-10 16:27:06,283.6689,333.725,8.4168,-0.5257,2.7234,88.7239,138.795,2.2884753231722526,50.056100000000015,270
2026-08-10 16:27:07,283.2997,333.7708,8.4557,0.3587,2.4504,88.7128,136.8456,2.31462658822698,50.471100000000035,270
2026-08-10 16:27:08,284.4125,334.5386,8.378,-0.6553,2.4057,94.2993,141.4715,2.288907065165573,50.12609999999995,270
2026-08-10 16:27:09,284.9919,334.361,8.5723,-0.5494,1.9534,90.3252,139.9861,2.355125278848058,49.3691,270
2026-08-10 16:27:10,284.8219,332.0749,9.0777,-0.7516,2.5391,93.3161,141.3182,2.2698727856211787,47.252999999999986,270
2026-08-10 16:27:11,281.4673,330.23,8.7473,2.8066,3.4277,94.1644,145.4585,2.2698727856211787,48.762699999999995,270
2026-08-10 16:27:12,277.787,327.3938,8.3974,2.3249,3.0675,90.1328,139.054,2.260186771985312,49.60680000000002,270
2026-08-10 16:27:14,277.7873,328.9694,7.9697,-1.5736,2.1696,93.314,135.2604,2.240579045258312,51.18209999999999,270
2026-08-10 16:27:15,280.5459,333.5646,8.1253,-2.8626,1.6562,92.8885,138.7245,2.244073433017984,53.01869999999997,270
2026-08-10 16:27:16,284.0176,335.5241,8.4557,,,96.7852,145.7807,2.189615628768981,51.50649999999996,270
2026-08-10 16:27:17,285.4502,334.8595,8.8445,-0.7364,2.7258,,,2.244190658365878,49.40930000000003,270
2026-08-10 16:27:18,284.5315,334.8136,8.7473,-0.7273,2.4539,95.2557,144.7421,2.2818905225426325,50.282100000000014,270
2026-08-10 16:27:19,285.728,334.4125,9.0194,-1.2483,2.4893,92.7482,140.0057,2.273739828999346,48.684500000000014,270
2026-08-10 16:27:20,283.5692,333.5359,9.1166,0.1094,2.6688,89.7325,139.341,2.2049162425362754,49.9667,270
2026-08-10 16:27:22,283.7769,331.7254,9.4665,-0.7238,2.0705,80.6868,134.4683,2.215643522884397,47.94849999999997,270
2026-08-10 16:27:23,283.3274,333.4271,9.5248,-0.6789,2.919,84.6519,137.9723,1.9208915528398904,50.099699999999984,270
2026-08-10 16:27:24,283.3276,334.3438,9.3693,1.1881,2.8219,84.2776,138.4406,1.9564978457257358,51.01619999999997,270
2026-08-10 16:27:25,282.5433,333.0776,9.1749,,,82.5806,139.9506,1.5111154133596718,50.53430000000003,270
2026-08-10 16:27:26,282.3702,332.453,9.0389,0.6076,2.1787,77.5659,137.1329,1.338098267673763,50.08279999999996,270
2026-08-10 16:27:28,281.1358,331.4217,8.8833,0.5801,2.4955,80.9037,140.6945,1.380675217028301,50.28589999999997,270
2026-08-10 16:27:29,281.3717,333.4099,8.514,-0.0102,2.1599,79.4227,138.7486,1.4477135541052477,52.03820000000002,270
2026-08-10 16:27:30,282.7351,335.6616,8.6306,-1.0305,1.8167,79.1062,136.7691,1.3615651202834234,52.92650000000003,270
2026-08-10 16:27:31,284.3398,335.1574,8.825,-0.6752,1.6213,77.4985,138.6721,1.3703149413264544,50.81759999999997,270
2026-08-10 16:27:32,284.6756,335.06,9.0,-1.4688,1.8133,78.4274,137.8261,1.3321684286124242,50.38440000000003,270
2026-08-10 16:27:33,285.0349,333.725,9.0,0.0826,2.4207,79.1452,142.6973,1.3501797370610964,48.69010000000003,270
2026-08-10 16:27:34,285.7075,334.2922,8.9805,-0.3783,2.0621,79.723,139.1082,1.3499444813873664,48.5847,270
2026-08-10 16:27:36,284.6554,331.1524,9.1555,,,79.7385,137.5225,1.4025356152056545,46.497000000000014,270
2026-08-10 16:27:37,281.8322,330.1154,9.311,2.5444,2.3636,75.6651,131.2497,1.47819155831527,48.28320000000002,270
2026-08-10 16:27:38,282.1527,330.6883,8.9805,1.1448,2.6926,88.2875,136.9203,1.518528945978069,48.535600000000045,270
2026-08-10 16:27:39,281.2307,330.2471,8.6112,1.1311,2.3667,76.5823,129.2257,1.4867890392404257,49.016399999999976,270
2026-08-10 16:27:41,283.9241,333.6161,9.0194,-0.8652,2.7042,79.1376,135.4114,2.747110187452227,49.69200000000001,270
2026-08-10 16:27:43,284.3002,335.1116,8.2613,-0.5057,2.4418,78.2153,135.6419,2.8600360424206936,50.81139999999999,270
2026-08-10 16:27:44,283.2324,333.3812,8.0475,-0.4259,2.3702,80.4227,136.863,2.867143248155772,50.148799999999994,270
2026-08-10 16:27:46,284.3452,333.0546,8.5723,-0.6031,2.2596,89.0189,140.7547,2.822821766970452,48.70940000000002,270
2026-08-10 16:27:47,285.6,335.2204,8.8639,-1.6136,2.4553,88.3055,138.4436,2.904591876127136,49.62039999999996,270
2026-08-10 16:27:48,285.6553,334.7621,8.9028,-0.6635,1.8175,84.2921,139.0999,2.811586073272507,49.106799999999964,270
2026-08-10 16:27:49,286.0384,335.398,8.825,,,,,2.7280359904235265,49.3596,270
2026-08-10 16:27:50,294.2934,335.8106,9.0,-0.7091,2.4676,85.5052,139.4272,2.56256867426282,41.5172,270
2026-08-10 16:27:52,286.3121,336.0054,9.0972,-0.9592,1.6738,81.6921,138.1159,2.466674271302931,49.69330000000002,270
2026-08-10 16:27:53,287.8807,337.2659,8.9611,-0.2717,2.34,80.7872,137.5315,2.4833437893552497,49.3852,270
2026-08-10 16:27:54,284.172,333.1635,8.8639,-0.1352,2.4098,82.1788,139.669,2.4638698098892364,48.991499999999974,270
2026-08-10 16:27:55,283.3876,333.5588,9.0,1.1944,2.6708,81.1048,139.9292,2.390264096292266,50.1712,270
2026-08-10 16:27:56,283.3869,332.2811,8.8639,-0.9135,2.2191,79.4261,134.872,2.4229489866390845,48.894199999999955,270
2026-08-10 16:28:01,285.549,335.8278,9.2721,-1.7862,2.1026,84.816,139.7397,2.3332340459085574,50.27880000000005,270
2026-08-10 16:28:02,285.1718,333.6161,9.1749,-0.1474,2.7037,79.7546,139.0899,2.296711229099321,48.4443,270
2026-08-10 16:28:04,285.3846,334.9282,9.7386,-1.4396,1.3337,79.2718,135.9962,2.1107829065879042,49.543600000000026,270
2026-08-10 16:28:05,285.9646,334.5271,9.5831,0.2581,2.5761,81.9214,140.5769,2.224821724997748,48.5625,270
2026-08-10 16:28:06,282.7822,329.8575,9.3304,1.2867,3.1942,83.0429,139.7885,2.2617519049389854,47.07530000000003,270
2026-08-10 16:28:07,278.9838,328.5913,8.6501,1.9003,2.1903,76.7589,137.7481,2.324965097541494,49.607500000000016,270
2026-08-10 16:28:08,279.0455,329.5653,8.3196,0.0209,1.7905,78.2309,131.0302,2.271521795507681,50.519799999999975,270
2026-08-10 16:28:09,281.7241,330.4133,8.3391,-1.0639,2.3667,81.762,134.7482,2.3357032019533803,48.68919999999997,270
2026-08-10 16:28:11,284.1176,333.5703,8.2613,0.3347,2.995,83.96,141.7034,2.3905152311938167,49.45269999999999,270
2026-08-10 16:28:12,282.4753,333.5989,8.2224,,,82.4551,137.9565,2.4254750027578353,51.12360000000001,270
2026-08-10 16:28:13,285.6186,333.6734,8.1253,-0.8213,1.6517,86.6517,137.3387,2.816994220903639,48.0548,270
2026-08-10 16:28:38,314.6037,4.2342,8.6501,-1.1756,2.4417,59.4064,103.0025,2.5703097816451317,49.630499999999984,300
2026-08-10 16:28:39,314.165,2.9966,8.6306,-0.9037,2.6051,67.4121,109.4965,2.5165552194824894,48.83159999999998,300
2026-08-10 16:28:40,312.7203,3.4206,8.7473,-0.375,2.0242,61.2703,106.5955,2.1589613892789496,50.70029999999997,300
2026-08-10 16:28:41,317.1621,358.0413,8.6501,-1.408,3.2955,57.7544,107.4571,1.9788261680594559,40.87919999999997,300
2026-08-10 16:28:43,311.7592,359.6628,8.6306,-2.0652,3.217,33.6471,91.6185,2.10380021348703,47.90359999999998,300
2026-08-10 16:28:48,309.1786,2.8992,8.3391,-1.0562,2.4535,59.4124,105.1654,2.0646335799640543,53.72059999999999,300
2026-08-10 16:28:49,311.4627,4.28,8.2419,-0.5293,2.3656,55.5543,102.8077,2.0300748967151367,52.81729999999999,300
2026-08-10 16:28:53,316.2292,5.615,8.3196,,,60.4594,110.181,1.8011855865750874,49.38580000000002,300
2026-08-10 16:28:54,314.4748,7.5917,8.8833,-3.1466,3.5746,63.9981,125.3774,1.8055509665564475,53.11689999999999,300
2026-08-10 16:28:56,313.4462,0.5959,8.8639,-4.5077,2.9799,71.2616,110.204,1.7431474552944752,47.149699999999996,300
2026-08-10 16:28:57,310.4179,4.6581,8.8833,-0.1108,2.4236,,,1.6951687596165463,54.240200000000016,300
2026-08-10 16:28:58,313.4418,4.3602,9.0583,-2.7097,2.3945,32.9032,84.2947,1.8022489633481171,50.91840000000002,300
2026-08-10 16:28:59,312.5441,7.3339,9.0,1.1833,3.1125,64.3083,109.0829,1.6641449080970285,54.789800000000014,300
2026-08-10 16:29:00,312.6365,3.0481,8.9222,0.1189,2.1373,35.2599,81.8988,1.6725056079213576,50.411599999999964,300
2026-08-10 16:29:02,309.9882,1.484,8.7278,1.5037,3.1137,45.5273,94.3765,2.714600533774668,51.495799999999974,300
2026-08-10 16:29:03,310.7731,0.5271,8.5335,-1.8377,2.3845,50.0294,92.2769,2.7556153434774773,49.75400000000002,300
2026-08-10 16:29:04,311.5715,4.406,8.6501,-3.3904,2.4061,53.2241,98.7784,2.665323449571219,52.83449999999999,300
2026-08-10 16:29:05,311.639,7.3281,8.7473,-1.4038,2.5878,56.4134,111.6952,2.6463179669880743,55.689099999999996,300
2026-08-10 16:29:06,313.8812,5.7124,8.9222,-1.0879,1.9716,25.1578,91.1493,2.6463179669880743,51.831200000000024,300
2026-08-10 16:29:07,311.8105,3.1054,8.8445,-2.2163,2.0056,62.4171,108.7845,2.677089286564533,51.294899999999984,300
2026-08-10 16:29:08,315.4709,5.7468,9.1166,,,26.938,81.6106,2.736945397883771,50.275900000000036,300
2026-08-10 16:29:10,314.1729,5.8957,9.2332,-2.4622,2.22,63.2594,109.155,2.8736235388081943,51.72279999999995,300
2026-08-10 16:29:11,322.3778,3.0195,8.9028,-1.7791,2.6917,39.3077,88.726,2.9955840374678693,40.641700000000014,300
2026-08-10 16:29:22,308.4338,359.6628,8.5335,-0.7526,2.2189,50.5651,98.1421,1.7927740496373206,51.228999999999985,300
2026-08-10 16:29:23,308.2801,0.5959,8.4751,-0.9544,2.6586,51.6499,99.9787,1.6993017618244044,52.31579999999997,300
2026-08-10 16:29:24,309.2084,1.8678,8.4168,-2.1743,1.9849,52.4746,98.9977,1.697111799848196,52.659400000000005,300
2026-08-10 16:29:25,309.926,3.4034,8.5918,-0.8535,3.0288,55.2885,106.1464,1.6183559523815438,53.47739999999999,300
2026-08-10 16:29:27,310.677,4.0336,8.5335,,,53.9988,102.7743,1.5279309496925007,53.35659999999996,300
2026-08-10 16:29:28,312.0521,3.9706,8.6501,-0.4365,2.3977,59.2907,108.0718,1.5509746848663215,51.918499999999995,300
2026-08-10 16:29:29,312.7282,4.0966,8.6501,-1.0491,3.1878,51.5591,101.5848,1.7024125764381286,51.36840000000001,300
2026-08-10 16:29:30,313.0686,4.429,8.5335,-0.4216,2.3641,53.2699,102.1799,1.7005157971176508,51.36039999999997,300
2026-08-10 16:29:32,313.159,6.2166,8.689,0.3142,3.1494,54.2264,102.738,1.6443482190596022,53.05759999999998,300
2026-08-10 16:29:33,310.7564,3.4435,8.8056,,,49.1079,103.7784,1.523511397143423,52.68709999999999,300
2026-08-10 16:29:34,310.9206,1.4381,8.4751,0.0963,2.2491,46.684,96.5884,1.3327629550747997,50.51750000000004,300
2026-08-10 16:29:35,308.9669,0.9912,8.3391,-0.1662,3.2575,49.6543,98.8641,1.2594782588806555,52.02429999999998,300
2026-08-10 16:29:37,311.7299,5.1623,8.6306,-4.3731,2.5692,60.18,103.1621,1.2019615542159985,53.43240000000003,300
2026-08-10 16:29:38,311.8901,7.4542,8.6112,-1.484,2.6218,57.5561,107.9728,1.1877119076884959,55.564099999999996,300
2026-08-10 16:29:39,313.948,4.4863,8.6306,1.4401,3.0203,54.7442,101.2214,1.1863151417637805,50.53830000000005,300
2026-08-10 16:29:40,310.5091,1.6043,8.514,-0.5019,1.746,50.2909,93.1788,1.168374222180201,51.095200000000034,300
2026-08-10 16:29:41,311.183,2.0168,8.4168,-0.3414,2.501,52.8857,92.2,1.1228758812857365,50.8338,300
2026-08-10 16:29:43,312.007,3.1914,8.5335,-2.0082,2.2981,57.2362,101.4475,1.0879501959282134,51.18439999999998,300
2026-08-10 16:29:44,311.572,8.2792,8.7084,-2.9209,2.0308,59.0969,105.5556,1.068312427206596,56.7072,300
2026-08-10 16:29:45,313.0307,2.7788,8.6501,1.2498,3.6095,36.5556,89.2259,1.0581494043309527,49.748099999999965,300
2026-08-10 16:29:46,310.8593,3.0882,8.4363,-0.811,3.044,61.8167,106.6952,0.9907233666434613,52.22889999999995,300
2026-08-10 16:29:48,312.5407,3.4263,8.5723,-2.2211,2.1441,62.4716,105.3649,1.0854806092131772,50.88560000000001,300
2026-08-10 16:29:49,311.8429,5.9817,8.5529,0.5236,3.8969,63.3998,110.7752,1.0834328731657241,54.1388,300
2026-08-10 16:29:50,311.3065,3.8847,8.4557,,,46.1281,92.6012,0.9334532251421366,52.57819999999998,300
2026-08-10 16:29:51,311.2372,3.8445,8.5335,-0.4681,2.2027,52.8865,97.5162,0.9633385347252269,52.60730000000001,300
2026-08-10 16:29:53,312.6571,3.5638,8.7862,-1.6109,3.0782,56.2969,103.1001,1.0452757556165124,50.9067,300
2026-08-10 16:29:54,311.5292,2.796,8.689,-0.9295,2.4505,55.8871,103.9488,1.0605491526783868,51.26679999999999,300
2026-08-10 16:29:55,312.0996,3.6211,8.5723,-1.0686,2.852,54.8377,106.2464,1.0752291854580334,51.5215,300
2026-08-10 16:29:56,309.4341,2.8476,8.7473,-1.1754,1.8057,45.6775,97.4416,1.212891743742196,53.4135,300
2026-08-10 16:29:57,309.8429,4.5436,8.8639,-1.9191,2.1762,58.9205,110.1097,1.2976295019925979,54.70070000000004,300
2026-08-10 16:29:59,311.5369,3.2888,8.825,-0.1749,2.4263,53.1221,107.579,1.5441267470968978,51.75189999999998,300
2026-08-10 16:30:00,310.5662,1.3808,8.8445,,,,,1.4986886572300278,50.81460000000004,300
2026-08-10 16:30:01,310.0692,2.4924,8.7667,-0.6233,2.1794,51.9973,103.7033,1.6686364118312715,52.42319999999995,300
2026-08-10 16:30:02,311.6861,0.3953,8.8445,-0.9998,2.3208,56.9401,107.0595,1.7022614803624894,48.70920000000001,300
2026-08-10 16:30:03,309.3842,5.2311,8.9805,-3.4984,3.0649,60.2668,109.0541,2.0057369668617966,55.846900000000005,300
2026-08-10 16:30:06,307.969,1.6845,8.7473,0.7976,2.3686,66.1983,108.5821,2.200674707858206,53.71550000000002,300
2026-08-10 16:30:07,308.9211,358.7461,8.5335,-0.6206,2.563,48.923,90.8387,2.457024200534379,49.82499999999999,300
2026-08-10 16:30:08,307.1712,359.68,8.6695,-0.9649,2.5065,62.604,104.7741,2.5080477305295354,52.50880000000001,300
2026-08-10 16:30:09,307.8849,1.1287,8.5918,-2.2886,1.7488,63.9874,107.2536,2.6433680686995795,53.243799999999965,300
2026-08-10 16:30:10,310.1276,2.4981,8.7084,-4.0459,2.418,62.737,109.0716,2.644738191935617,52.37050000000005,300
2026-08-10 16:30:11,313.5539,8.3766,9.0389,-0.7491,2.9915,64.2902,115.1431,2.771833856049718,54.8227,300
2026-08-10 16:32:02,130.8497,108.0427,7.5615,0.142,1.2905,-3.2072,-5.4095,2.864822709831222,-22.807000000000016,120
2026-08-10 16:32:03,130.5909,104.7252,7.406,-0.0449,1.6747,-3.1392,-5.4365,2.4919570416031056,-25.865700000000004,120
2026-08-10 16:32:04,130.0984,104.2497,7.717,,,-2.6979,-4.6662,2.131027308031653,-25.848700000000008,120
2026-08-10 16:32:05,130.2254,103.6824,7.5615,0.2924,2.4561,-1.0829,-1.8451,2.1886077039371514,-26.543000000000006,120
2026-08-10 16:32:07,130.3407,104.4044,7.6004,0.0399,1.8611,-0.505,-0.8739,1.7689137379845337,-25.936300000000017,120
2026-08-10 16:32:08,131.0326,105.3784,7.4449,0.0331,1.9297,-1.0642,-1.837,1.6061417611609359,-25.654200000000003,120
2026-08-10 16:32:09,131.6241,104.0319,7.4255,0.1247,1.3092,-0.0645,-0.111,1.5224799220305854,-27.59219999999999,120
2026-08-10 16:32:10,131.9672,105.6649,7.3283,0.0868,0.9588,-0.8733,-1.4622,1.3875939678927058,-26.302300000000002,120
2026-08-10 16:32:11,132.9378,105.1492,6.9589,-0.1827,1.5645,-0.6807,-1.109,1.2876100628876226,-27.78860000000003,120
2026-08-10 16:32:13,133.303,106.1576,6.298,0.3669,1.7906,-1.0715,-1.7146,1.268525524874658,-27.145399999999995,120
2026-08-10 16:32:14,133.2769,106.2493,6.0842,,,-2.4781,-3.9903,1.1994883283619404,-27.027600000000007,120
2026-08-10 16:32:15,133.3881,105.0862,5.851,-0.4509,1.8996,-2.0068,-3.2181,1.0701088559277783,-28.30189999999999,120
2026-08-10 16:32:16,132.9065,106.6332,5.4622,0.472,0.2473,-2.018,-3.0554,0.94127090439048,-26.273300000000006,120
2026-08-10 16:32:17,132.8471,105.9514,5.3261,-0.3085,-0.6258,-1.214,-1.8187,0.9983751355927052,-26.895700000000005,120
2026-08-10 16:32:19,133.4422,105.6591,4.0432,0.0464,-0.1519,-1.846,-2.8104,1.1283778258049881,-27.78310000000002,120
2026-08-10 16:32:20,133.7452,106.4384,3.8682,,,-1.9307,-2.7603,1.4840455534172168,-27.30680000000001,120
2026-08-10 16:32:21,133.2979,103.8772,3.9071,0.153,-0.5491,-2.5681,-3.6235,1.930378439380326,-29.42070000000001,120
2026-08-10 16:33:18,143.8093,120.4415,2.9158,0.1231,3.6703,-14.4545,-18.81,2.773462066977454,-23.36779999999999,120
2026-08-10 16:33:19,143.742,120.6592,2.9158,0.0579,-1.2524,-14.0093,-17.5189,2.5805598991033025,-23.08279999999999,120
2026-08-10 16:33:20,143.7752,121.4441,2.9741,-0.4671,1.3619,-15.7959,-20.6038,2.5767824477250536,-22.331099999999992,120
2026-08-10 16:33:21,150.9147,120.579,2.9741,,,-15.968,-20.4627,2.629620042019116,-30.33570000000003,150
2026-08-10 16:33:23,142.4788,120.579,3.2657,-0.2878,-0.606,-14.0236,-18.541,2.8680430522149427,-21.899800000000027,120
2026-08-10 16:33:24,142.4095,118.9747,2.8963,-0.4452,0.0549,-15.3709,-19.8684,2.9119617346244664,-23.434799999999996,120
2026-08-10 16:33:25,141.5021,118.9346,3.324,-0.9215,3.1755,-13.4057,-17.752,2.985070716235094,-22.567499999999995,120
2026-08-10 16:33:33,137.8561,116.7172,3.7905,,,-16.5057,-22.2103,1.898306645096391,-21.13889999999998,120
2026-08-10 16:33:34,138.1436,115.9437,3.2657,0.2582,1.4316,-16.1247,-22.3319,1.679231011934684,-22.199899999999985,120
2026-08-10 16:33:35,138.7493,117.7428,3.8488,-0.255,0.0689,-13.2678,-17.869,1.3988175491391408,-21.006500000000017,120
2026-08-10 16:33:36,138.2352,115.789,3.5184,0.0637,1.8834,-14.439,-20.3667,1.1744294018057602,-22.446199999999976,120
2026-08-10 16:33:39,136.7533,114.7405,3.7516,0.5943,0.7108,-12.8085,-17.982,0.9403817249728066,-22.0128,120
2026-08-10 16:33:40,135.3988,115.8005,3.6544,-0.5455,1.2104,-12.1911,-17.2332,0.8650026514203799,-19.598299999999995,120
2026-08-10 16:33:41,137.4449,113.056,3.4406,,,-10.4891,-14.5839,0.8433087359170436,-24.38889999999998,120
2026-08-10 16:33:43,138.024,113.3998,3.9654,-0.4177,-0.4662,-11.464,-16.3492,0.8288550069932399,-24.624200000000002,120
2026-08-10 16:33:44,138.4555,116.1099,3.7322,-0.1807,1.354,-10.6473,-14.7649,0.9452880097288592,-22.34559999999999,120
2026-08-10 16:33:45,138.4514,115.9036,3.7127,-0.2051,1.7212,-11.54,-16.5136,0.9982006522222567,-22.547799999999995,120
2026-08-10 16:33:46,138.1506,114.2478,3.7516,-0.3813,-0.6591,-11.9634,-16.6786,1.0011210865043174,-23.902800000000013,120
2026-08-10 16:33:48,138.0588,115.4281,3.8682,-0.4964,0.0434,-13.7438,-19.1053,1.1261342493814603,-22.63069999999999,120
2026-08-10 16:33:49,137.3493,115.2791,3.6933,,,-15.0034,-21.0219,1.3606969464587573,-22.0702,120
2026-08-10 16:33:50,138.1222,113.4972,3.6155,0.1266,-0.5079,-14.3981,-20.3831,1.612734663726053,-24.625,120
2026-08-10 16:33:51,138.2362,116.0755,3.3628,0.3575,2.7623,-14.0441,-18.374,1.6696771366360061,-22.16069999999999,120
2026-08-10 16:33:53,138.9923,116.2359,3.5378,-0.2092,-0.1763,-16.2187,-22.4077,1.834509381107629,-22.756399999999985,120
2026-08-10 16:33:54,139.7846,121.1519,3.3628,0.2141,-1.3005,-15.022,-19.9571,2.051611101962476,-18.6327,120
2026-08-10 16:33:55,139.3313,114.0988,3.4406,-0.1346,1.8783,-16.5749,-21.7551,2.2434445503197997,-25.232500000000016,120
2026-08-10 16:33:56,137.1679,118.3387,3.3628,-0.6403,1.349,-18.0432,-24.61,2.341234043116518,-18.829200000000014,120
2026-08-10 16:33:58,135.7118,114.1103,3.5184,-0.6988,0.4387,-17.1745,-23.2027,2.5558182577671427,-21.601500000000016,120
2026-08-10 16:33:59,134.5064,113.2795,3.5184,,,-15.8402,-21.7687,2.5660872730439293,-21.2269,120
2026-08-10 16:34:00,133.9004,110.4892,3.4795,-0.2508,-0.4914,-14.4598,-19.5804,2.7031016869898434,-23.411200000000008,120
2026-08-10 16:34:01,134.7341,111.234,3.5572,-0.2084,1.6112,-14.3031,-20.2859,2.7557761097013054,-23.50010000000003,120
2026-08-10 16:34:02,134.2066,111.509,3.635,-0.3408,0.0255,-12.4902,-17.2727,2.677930420672707,-22.697600000000023,120
2026-08-10 16:34:04,133.2078,111.0793,3.4406,0.2626,2.426,-9.68,-13.4475,2.376316333914604,-22.128499999999974,120
2026-08-10 16:34:05,132.6991,110.1798,3.1879,-0.1505,1.6559,-11.1284,-14.5927,2.0040481201216984,-22.519299999999987,120
2026-08-10 16:34:06,133.0658,115.3822,3.0713,0.8187,-1.365,-11.8024,-16.1236,1.4603234596734547,-17.683600000000013,120
2026-08-10 16:34:07,132.3972,109.836,2.8769,,,-10.9891,-14.2272,1.1757747422861113,-22.561199999999985,120
2026-08-10 16:34:08,132.0585,110.9132,2.4687,0.2534,3.1137,-10.4633,-13.3173,1.1593829480800042,-21.14530000000002,120
2026-08-10 16:34:10,131.4545,110.3345,2.0605,0.494,-1.0887,-10.2763,-12.2455,1.1512840791233743,-21.120000000000005,120
2026-08-10 16:34:11,131.298,109.5381,1.905,-1.1373,2.7147,-8.5681,-10.4104,1.2193315381089314,-21.759900000000016,120
2026-08-10 16:34:12,132.3809,110.2485,1.5551,0.9636,-1.9383,-9.7495,-10.9785,1.2128587288920372,-22.13239999999999,120
2026-08-10 16:34:13,133.2678,114.4311,1.5551,-0.9633,0.0765,-8.9839,-10.412,1.3734562357058349,-18.836700000000008,120
2026-08-10 16:34:14,133.9052,112.2711,1.419,,,-9.304,-10.5454,1.5316129555934306,-21.63409999999999,120
2026-08-10 16:34:17,134.5538,123.1,1.0302,1.1804,2.4996,-9.4371,-10.4225,2.7011497211220683,-11.453800000000001,120
2026-08-10 16:34:52,144.1172,111.0278,7.5032,,,-11.9923,-21.3501,2.9416891529760005,-33.08940000000001,120
2026-08-10 16:34:56,133.5276,110.7757,7.7559,-0.4171,3.0183,-9.4591,-17.1583,2.8844357979781874,-22.751900000000006,120
2026-08-10 16:34:57,132.7409,110.8903,7.9892,0.067,1.9736,-9.0441,-15.7475,2.8824028966539372,-21.850600000000014,120
2026-08-10 16:34:58,133.6155,110.1053,7.7559,-0.0872,1.941,-7.619,-13.5439,2.9479280062500814,-23.510199999999998,120
2026-08-10 16:35:00,134.2962,110.7757,7.9114,,,-7.4875,-13.8995,2.8815151422080096,-23.5205,120
2026-08-10 16:35:01,133.6419,110.8903,7.7754,-0.3526,1.9946,-7.5183,-13.6213,2.8623677728490833,-22.751599999999996,120
2026-08-10 16:35:02,133.1995,110.8444,7.8726,0.2147,2.2177,-7.2228,-13.1759,2.827119744449057,-22.355099999999993,120
2026-08-10 16:35:03,132.5996,111.0392,7.8531,0.1222,1.8702,-7.6883,-14.0366,0.7096264119134642,-21.560400000000016,120
2026-08-10 16:35:04,132.575,109.0912,7.8726,-0.1438,1.755,-7.7341,-14.1081,0.7096264119134642,-23.483799999999974,120
2026-08-10 16:35:06,132.5858,109.349,7.8142,-0.3841,0.8212,-6.9451,-12.2136,0.690268773721302,-23.236800000000017,120
2026-08-10 16:35:07,133.2712,110.8444,7.9309,-0.3219,2.4069,-8.1171,-14.4856,0.7517848002670957,-22.426800000000014,120
2026-08-10 16:35:09,134.113,113.0274,7.6976,,,-10.2048,-18.3805,0.890056984700888,-21.0856,120
2026-08-10 16:35:10,133.6473,112.4086,7.6587,-0.5247,2.5469,-12.2823,-22.3607,0.890056984700888,-21.238699999999994,120
2026-08-10 16:35:11,132.2481,109.5896,7.6587,-0.0944,2.783,-11.1574,-19.749,0.8643526414541641,-22.658500000000004,120
2026-08-10 16:35:12,131.6522,108.7417,7.7754,-0.2295,3.7559,-6.0139,-10.4048,0.9272529052049228,-22.910500000000013,120
2026-08-10 16:35:13,132.5735,111.1996,7.7754,0.2719,2.641,-8.2568,-14.6601,0.9875288729266092,-21.373899999999992,120
2026-08-10 16:35:15,133.5118,112.6951,7.9697,0.0606,1.7805,,,0.9802040653475625,-20.816699999999997,120
2026-08-10 16:35:16,133.7448,112.5576,7.9114,-0.1902,2.1007,-9.5561,-17.4366,0.9802040653475625,-21.18720000000002,120
2026-08-10 16:35:17,134.454,112.9529,7.892,0.139,2.1123,-9.2312,-16.6268,1.0122631343118376,-21.501100000000008,120
2026-08-10 16:35:18,134.2452,112.2252,8.0864,-0.3215,2.363,-9.4202,-17.0787,1.0940600476375388,-22.02000000000001,120
2026-08-10 16:35:19,135.1261,113.7894,8.0475,-0.5235,2.0348,-9.2153,-17.1273,1.095609538833419,-21.336700000000008,120
2026-08-10 16:35:21,133.685,112.2138,8.2224,0.1066,2.3913,-10.661,-20.721,1.1161142021787462,-21.47120000000001,120
2026-08-10 16:35:22,131.866,109.9964,8.1641,-0.3242,0.9288,-9.742,-18.8589,1.201288614937692,-21.86960000000002,120
2026-08-10 16:35:23,131.7992,109.6584,8.0086,-0.0026,1.1405,-10.4193,-19.4431,1.2130151583033402,-22.140800000000013,120
2026-08-10 16:35:24,132.5119,110.4663,7.9309,0.1005,1.7633,-10.5853,-20.0415,1.2562090194980426,-22.04559999999998,120
2026-08-10 16:35:25,133.1145,110.598,8.0669,-0.1982,2.4773,-8.943,-16.5573,1.2562090194980426,-22.516500000000008,120
2026-08-10 16:35:27,131.974,107.6473,7.7948,-0.2708,1.1675,-10.3572,-18.9694,1.5055485941812023,-24.326699999999988,120
2026-08-10 16:35:28,131.3729,108.9708,7.8726,,,-7.7669,-14.2568,1.5608342062520115,-22.40209999999999,120
2026-08-10 16:35:29,131.8835,108.3177,7.9309,0.4383,1.2546,-8.4196,-15.3934,1.5038896548263578,-23.565799999999996,120
2026-08-10 16:35:31,131.5857,107.5213,7.8142,-0.1531,2.1902,-7.8967,-14.2288,1.1960927431603225,-24.064400000000006,120
2026-08-10 16:35:32,130.8463,107.888,7.8337,0.7698,2.174,-8.579,-15.6547,1.0753012002956952,-22.95830000000001,120
2026-08-10 16:35:33,131.4428,108.0427,7.892,0.0672,1.8636,-8.5649,-16.0258,1.068622787675393,-23.40010000000001,120
2026-08-10 16:35:34,131.3043,108.8505,7.9309,0.1908,2.1453,-8.9452,-17.0556,1.065969975335903,-22.4538,120
2026-08-10 16:35:36,130.0959,107.7447,7.9892,0.3995,2.7281,-8.1191,-16.0319,0.9457835485915624,-22.351200000000006,120
2026-08-10 16:35:37,129.2869,106.9139,7.9892,,,-9.413,-18.0046,1.0367989462987488,-22.37299999999999,120
2026-08-10 16:35:38,129.0018,106.2493,7.9892,0.1278,1.993,-7.9299,-15.5791,1.0471596503884661,-22.752499999999998,120
2026-08-10 16:35:39,129.8308,107.1775,7.9892,0.0095,2.5667,-8.858,-16.8742,1.1211000182056443,-22.6533,120
2026-08-10 16:35:40,131.0228,107.9166,7.8726,0.1633,2.2485,-7.218,-13.7677,1.1931930474976498,-23.1062,120
2026-08-10 16:35:41,130.52,108.3979,7.8531,-0.3677,1.9994,,,1.2455024627392925,-22.12209999999999,120
2026-08-10 16:35:43,131.673,108.8161,7.9697,-0.068,1.9297,-6.6455,-12.7456,1.4548181141579117,-22.856899999999996,120
2026-08-10 16:35:44,131.7228,108.0999,8.1641,0.1786,1.9022,-6.5722,-12.6606,1.4899196698565065,-23.622900000000016,120
2026-08-10 16:35:45,131.7814,108.862,8.0281,0.292,2.4442,-6.9242,-13.5402,1.5290504692452198,-22.919399999999996,120
2026-08-10 16:35:46,132.3346,109.6584,8.0281,0.1291,2.2341,-6.3029,-12.2521,1.5310725126101499,-22.676199999999994,120
2026-08-10 16:35:47,133.1343,110.5637,8.0475,-0.1299,1.474,-6.1183,-11.8058,1.476559834136726,-22.570600000000013,120
2026-08-10 16:35:49,132.8164,108.862,7.892,-0.3013,1.9383,-8.1819,-15.7457,1.0912143194257429,-23.954399999999993,120
2026-08-10 16:35:50,133.0345,110.3058,7.7948,-0.0802,2.2212,-7.969,-15.1095,0.8970096948580374,-22.728700000000003,120
2026-08-10 16:35:51,133.2454,110.7356,7.892,0.0812,1.6456,-8.4046,-15.7116,0.8131897870697178,-22.509799999999984,120
2026-08-10 16:35:52,133.6497,110.5866,7.8726,,,-7.6448,-14.4444,0.6383858392193985,-23.06309999999999,120
2026-08-10 16:35:53,133.9793,110.5637,7.892,0.3889,1.4199,-8.5569,-16.1187,0.6412378650753532,-23.415599999999984,120
2026-08-10 16:35:54,133.0947,111.6466,8.0281,-0.7605,2.1711,-8.0938,-15.0286,0.6721093657642603,-21.448099999999982,120
2026-08-10 16:35:56,133.3883,110.2886,7.9892,-0.1117,2.2534,-6.6106,-12.4157,0.8001693143790477,-23.099699999999984,120
2026-08-10 16:35:57,132.5998,109.7959,7.7559,-0.0405,3.176,-6.5571,-12.3613,1.0780363421035029,-22.8039,120
2026-08-10 16:35:58,132.9727,110.5465,7.8337,-0.0515,2.4586,-7.1468,-13.3752,1.1933102200722143,-22.426199999999994,120
2026-08-10 16:35:59,132.977,110.9705,7.8726,-0.4521,2.6332,-6.7026,-12.4363,1.239147791322054,-22.006500000000017,120
2026-08-10 16:36:00,133.0617,111.2913,8.1058,0.0905,2.6489,-7.0943,-13.0704,1.3228537313418396,-21.770399999999995,120
2026-08-10 16:36:01,132.3919,110.9475,8.0864,0.5052,2.2185,-7.8276,-14.457,1.317652111064181,-21.444399999999973,120
2026-08-10 16:36:03,132.1073,110.598,8.2808,,,-7.0902,-13.2795,1.2876022972777479,-21.509299999999996,120
2026-08-10 16:36:04,131.3791,108.5583,7.9309,0.2056,2.3543,-6.9659,-13.2269,1.2110779638795692,-22.82079999999999,120
2026-08-10 16:36:05,130.5716,109.2401,8.0281,-0.7589,2.5225,-8.7818,-16.4496,1.1695802313031483,-21.331500000000005,120
2026-08-10 16:36:07,129.6734,108.6844,7.892,0.1749,2.1327,-9.1972,-17.4825,1.069513464069491,-20.988999999999976,120
2026-08-10 16:36:08,130.3096,109.1599,7.9892,0.9626,1.6616,-8.9991,-17.2674,1.0583950031262914,-21.149699999999996,120
2026-08-10 16:36:09,130.5208,108.1744,8.0086,0.2669,2.6616,-8.4769,-16.5079,1.0286060985786443,-22.346400000000017,120
2026-08-10 16:36:11,131.3732,107.6359,7.892,0.3745,1.9222,-6.7868,-12.5794,1.4212566496332413,-23.737300000000005,120
2026-08-10 16:36:12,130.7823,107.7963,7.9114,0.7597,1.8636,-6.3044,-11.8345,1.7392438386593954,-22.98599999999999,120
2026-08-10 16:36:14,130.4156,107.9166,7.8337,-0.2854,2.0411,-6.7079,-12.6417,2.360959988349815,-22.499000000000024,120
2026-08-10 16:36:15,132.3303,108.014,7.8726,0.0633,2.1661,-6.2724,-11.9071,2.4153769444676003,-24.316300000000012,120
2026-08-10 16:36:16,132.2214,108.4151,7.9503,0.2943,2.44,-6.3028,-12.0186,2.686221322234537,-23.806299999999993,120
2026-08-10 16:36:17,132.0341,108.799,8.1058,-0.618,1.806,-5.2586,-9.8474,2.686221322234537,-23.23509999999999,120
2026-08-10 16:36:18,132.3737,109.3834,7.8337,0.2841,1.6682,-7.8721,-14.7848,2.6391739404353616,-22.99030000000002,120
2026-08-10 16:36:20,134.0237,109.922,7.9503,,,-5.6934,-10.7202,2.5996683110281196,-24.101699999999994,120
2026-08-10 16:36:58,141.125,122.2864,7.7559,0.4331,1.6737,-11.4955,-21.2778,1.215844969683251,-18.838599999999985,120
2026-08-10 16:36:59,142.0976,121.3696,7.8531,-0.4137,1.5527,-10.347,-19.1084,1.215844969683251,-20.72800000000001,120
2026-08-10 16:37:00,143.4554,122.9281,7.8337,0.0763,1.4574,-11.6037,-20.9198,1.272396438435064,-20.527299999999997,120
2026-08-10 16:37:01,143.6348,122.252,7.6004,0.5522,1.8468,-12.7676,-23.3161,1.3601007487357732,-21.38280000000003,120
2026-08-10 16:37:02,142.7128,122.4182,7.7948,,,-12.6343,-23.187,1.4062566825215679,-20.294600000000003,120
2026-08-10 16:37:04,140.328,118.4075,7.8531,0.2801,1.5872,,,1.4024513566097678,-21.920500000000004,120
2026-08-10 16:37:05,139.426,118.396,7.9697,0.4597,2.2559,-9.5081,-18.4544,1.4416081142567334,-21.029999999999973,120
2026-08-10 16:37:06,139.6356,119.8857,7.9892,0.068,2.7974,-9.5688,-19.0656,1.4271045106623286,-19.749900000000025,120
2026-08-10 16:37:07,141.309,119.8742,8.0669,0.4175,2.3328,-10.2455,-19.4601,1.4698061775070026,-21.434799999999996,120
2026-08-10 16:37:08,141.3603,118.9174,8.0281,-0.4806,1.2034,-10.1728,-19.0384,1.4541078861921315,-22.44290000000001,120
2026-08-10 16:37:10,139.3813,117.8803,7.9697,-0.0225,2.6247,-13.0041,-23.7731,1.427194255270398,-21.501000000000005,120
2026-08-10 16:37:11,138.8242,117.4277,8.2224,0.237,2.6867,-12.8577,-23.0189,1.2958310936734223,-21.396500000000003,120
2026-08-10 16:37:12,139.4112,119.7482,7.9114,-0.1165,1.3141,-13.0903,-24.0349,1.073114901060378,-19.66300000000001,120
2026-08-10 16:37:13,140.1749,119.9544,7.9697,,,-11.9247,-22.0702,0.9608011896096837,-20.220500000000015,120
2026-08-10 16:37:14,142.3149,121.2952,7.9114,-0.5734,1.8183,-10.9593,-19.8468,1.0403043677859802,-21.0197,120
2026-08-10 16:37:16,140.6502,119.3758,7.9697,-0.0382,1.7707,-11.6373,-20.7809,1.0650484549600439,-21.274400000000014,120
2026-08-10 16:37:17,139.4705,118.6767,7.9309,0.2665,2.4061,-12.006,-21.5181,1.0864751744045542,-20.793799999999976,120
2026-08-10 16:37:18,139.7121,119.2841,7.9892,-0.0612,2.2744,-11.8339,-21.5593,1.0512895215395726,-20.427999999999997,120
2026-08-10 16:37:19,140.4553,119.7539,7.8531,-0.0625,2.1811,-11.5442,-20.9271,0.9654042793905209,-20.70139999999998,120
2026-08-10 16:37:20,140.1034,119.3471,7.892,0.0231,2.0032,-11.8317,-21.2211,0.9513842411395255,-20.75630000000001,120
2026-08-10 16:37:22,139.1478,118.2413,7.7365,,,-13.2966,-23.4794,0.9573498454404055,-20.906499999999994,120
2026-08-10 16:37:23,138.4736,117.6913,7.5227,0.3472,2.1676,-12.6903,-22.6382,0.9828222120003884,-20.78230000000002,120
2026-08-10 16:37:24,138.0081,118.058,7.7754,0.0469,2.5908,-12.0252,-20.9764,1.0864095067694648,-19.95010000000002,120
2026-08-10 16:37:25,138.7094,117.8517,7.6782,0.2892,2.2014,-11.4777,-19.913,0.8397233393880743,-20.857699999999994,120
2026-08-10 16:37:26,139.7464,117.9204,7.8531,-0.0721,2.3182,-12.9821,-22.59,0.8175118393814301,-21.825999999999993,120
2026-08-10 16:37:27,138.8794,118.7512,7.8531,0.1847,2.2065,-12.6855,-22.3942,0.7812712165799159,-20.128199999999993,120
2026-08-10 16:37:29,139.562,118.8429,7.8142,-0.3659,2.4897,-11.2191,-20.3863,0.7977962803143213,-20.719100000000026,120
2026-08-10 16:37:30,140.2786,119.9086,7.7365,0.3724,3.1925,-11.5557,-21.0629,0.7575004987418769,-20.370000000000005,120
2026-08-10 16:37:31,140.2606,120.9858,7.7365,0.0842,1.9379,-10.8941,-19.6542,0.7748305220862005,-19.274800000000027,120
2026-08-10 16:37:32,138.8796,120.6649,7.4838,0.0097,2.3453,-11.4241,-20.5666,0.8113253536175422,-18.214699999999993,120
2026-08-10 16:37:34,137.6333,117.7829,8.0669,1.1406,2.1262,-10.9744,-19.7496,0.8672637593329141,-19.85039999999998,120
2026-08-10 16:37:35,139.6397,118.8887,7.5227,-0.7482,2.1104,-8.1855,-14.6148,0.8406425861916857,-20.751000000000005,120
2026-08-10 16:37:36,139.6012,119.668,7.6976,-0.0897,2.1015,-9.7648,-17.5171,0.8795314452887962,-19.9332,120
2026-08-10 16:37:38,138.8189,118.9288,7.7559,0.3895,1.5528,,,0.8848786345928898,-19.890100000000018,120
2026-08-10 16:37:39,139.9313,118.9747,7.8726,-0.6802,2.3014,-9.3609,-16.6643,0.8600562969883573,-20.95659999999998,120
2026-08-10 16:37:40,139.8382,119.0148,7.5032,0.2699,1.5377,-10.359,-18.4547,0.8991211820358345,-20.823399999999992,120
2026-08-10 16:37:41,138.085,118.8429,8.0669,0.383,2.1382,-11.071,-20.0302,0.8989780407391791,-19.242099999999994,120
2026-08-10 16:37:42,137.828,117.5423,7.8726,0.7581,2.83,-10.8922,-19.2844,0.8958155148191916,-20.28570000000002,120
2026-08-10 16:37:43,139.4877,117.5824,7.581,0.3627,1.9808,-9.8305,-17.7256,0.9097482182540145,-21.905299999999983,120
2026-08-10 16:37:44,140.5603,118.8601,7.7365,-0.2564,2.0712,-11.1574,-20.2464,0.9670961001946453,-21.700199999999995,120
2026-08-10 16:37:46,140.5691,118.6309,7.6782,-0.4134,2.5554,-9.1767,-16.6712,1.1801293932844432,-21.938199999999995,120
2026-08-10 16:37:47,140.0733,118.7111,7.9503,0.1396,2.9103,-11.8455,-21.6118,1.3067687938535952,-21.362199999999973,120
2026-08-10 16:37:48,139.0806,117.7371,8.1447,0.0128,2.4815,-11.7085,-21.3369,1.3480263415094886,-21.343500000000006,120
2026-08-10 16:37:49,139.4794,117.9262,7.717,0.405,2.8853,-11.7106,-21.3332,1.3032384525949694,-21.553200000000004,120
2026-08-10 16:37:50,140.5683,118.1554,7.892,0.1419,2.6456,-10.5836,-19.1086,1.3346284297453912,-22.41289999999998,120
2026-08-10 16:37:51,140.2757,118.1897,7.892,-0.6028,2.3908,-11.7319,-20.9835,1.3359427473831464,-22.086000000000013,120
2026-08-10 16:37:52,140.1925,119.7138,7.892,,,-10.0921,-18.2391,1.2049459151945854,-20.478700000000003,120
2026-08-10 16:37:54,141.2206,117.4965,7.7754,-0.3028,1.5909,-10.0972,-17.9626,1.0087790726978216,-23.724099999999993,120
2026-08-10 16:37:55,142.3078,119.3299,7.7754,0.7824,1.871,-15.7322,-27.7644,1.0088798950478284,-22.977899999999977,120
2026-08-10 16:37:56,142.4148,121.5645,7.9892,0.2185,1.5454,-8.9844,-16.0198,0.9856386089630771,-20.850300000000004,120
2026-08-10 16:37:57,142.5324,121.2035,7.8142,0.3681,1.4239,-14.0712,-24.7621,1.0044531190998873,-21.328899999999976,120
2026-08-10 16:37:58,142.181,121.3353,7.6587,0.2737,2.0359,-10.1655,-18.0813,0.9905614879851938,-20.845700000000022,120
2026-08-10 16:37:59,140.5061,120.1034,7.892,0.9422,2.2433,-11.9796,-21.3076,0.9005012094251761,-20.40270000000001,120
2026-08-10 16:38:01,141.0818,119.5018,7.581,0.4108,1.9012,-11.3667,-20.2028,1.0771693053109672,-21.579999999999984,120
2026-08-10 16:38:02,140.7811,119.2784,7.8531,,,-12.175,-21.6507,1.2893190198948281,-21.502700000000004,120
2026-08-10 16:38:04,141.9912,120.2352,8.203,0.1957,2.0991,-11.5702,-20.7232,1.3619557835366563,-21.755999999999972,120
2026-08-10 16:38:05,141.3513,119.8742,7.8337,0.1544,1.907,-12.6526,-22.9567,1.5086574295818922,-21.477100000000007,120
2026-08-10 16:38:06,140.5361,118.1324,7.717,0.4579,1.1277,-11.6364,-20.7052,1.4831867908374459,-22.403700000000015,120
2026-08-10 16:38:07,140.0378,119.3242,7.7365,0.336,1.8342,-11.4703,-20.1484,1.7486880639955675,-20.713599999999985,120
2026-08-10 16:38:08,140.4427,119.4674,7.7754,-0.0773,2.6757,-10.9507,-19.5629,1.7754028758715594,-20.975300000000004,120
2026-08-10 16:38:09,140.2502,117.7944,7.8726,0.2404,2.263,-11.0866,-19.8222,1.7362807201821315,-22.45580000000001,120
2026-08-10 16:38:10,138.2337,117.9606,7.9697,0.3853,1.764,,,1.783685483641011,-20.2731,120
2026-08-10 16:38:12,137.9057,116.5052,7.6199,,,-10.7232,-19.0122,2.278638068410555,-21.400499999999994,120
2026-08-10 16:38:13,139.151,117.4506,8.0086,0.2542,2.4067,-10.3941,-18.6925,2.6791623597355594,-21.700400000000002,120
2026-08-10 16:38:15,137.7387,117.909,7.8337,0.3261,2.1181,-10.5927,-18.8147,2.8989245639600414,-19.829700000000003,120
2026-08-10 16:38:26,131.5032,110.2543,7.9697,0.8669,2.644,-9.3521,-17.0618,2.9372591912922195,-21.248899999999992,120
2026-08-10 16:38:27,132.0325,109.7443,7.6587,0.1949,2.7009,-4.4757,-8.0179,2.9102166596991474,-22.288200000000018,120
2026-08-10 16:38:28,130.8687,110.7757,7.6976,-0.0101,2.6665,-10.4597,-18.0579,2.8501276654352017,-20.09299999999999,120
2026-08-10 16:38:29,129.4693,108.587,7.2116,0.5424,1.089,-5.9865,-10.2594,2.6320462152601345,-20.882299999999987,120
2026-08-10 16:38:30,128.643,107.2119,7.6587,-0.3297,2.7455,-5.5125,-9.797,2.262451122994442,-21.431100000000015,120
2026-08-10 16:38:31,128.4504,106.9368,7.6782,0.2936,1.5991,-6.3025,-10.9628,1.733943378122128,-21.513599999999997,120
2026-08-10 16:38:32,128.7341,107.8708,7.6976,0.2491,1.3865,-5.9557,-10.4547,1.3753595700013415,-20.86330000000001,120
2026-08-10 16:38:34,129.8746,107.6645,7.8531,-0.3666,1.8226,-5.3134,-9.5752,1.0670914300737524,-22.210099999999983,120
2026-08-10 16:38:35,130.1784,107.8192,7.9503,-0.3266,1.7669,-4.7753,-8.6685,1.0330583874558383,-22.359200000000016,120
2026-08-10 16:38:36,130.3199,108.1859,7.892,0.0094,2.5787,-7.7095,-13.6621,1.0336178073351503,-22.133999999999986,120
2026-08-10 16:38:37,129.6963,106.9025,8.0281,-0.4215,2.918,-5.3139,-9.7074,0.9270975733484959,-22.793800000000005,120
2026-08-10 16:38:39,129.223,106.3352,7.9309,-0.4785,2.7276,-3.116,-5.5407,0.5839318616246911,-22.887800000000027,120
2026-08-10 16:38:40,128.9132,107.3436,7.9114,0.6624,2.0193,-3.4618,-6.1562,0.5984129739281501,-21.56959999999998,120
2026-08-10 16:38:41,128.7513,105.9571,7.9503,0.8095,2.2281,-2.5735,-4.7668,0.6141483784594556,-22.79419999999999,120
2026-08-10 16:38:43,128.8857,106.9941,7.892,,,-0.9599,-1.8294,0.9017833491468112,-21.89160000000001,120
2026-08-10 16:38:44,130.1961,108.0369,7.892,-0.5231,2.2411,-1.989,-3.738,1.3122524023441353,-22.1592,120
2026-08-10 16:38:45,128.634,105.9571,7.9697,0.3122,1.662,0.1115,0.2126,1.350278277552368,-22.67689999999999,120
2026-08-10 16:38:46,128.5957,106.5415,8.1058,0.8993,1.7763,-2.3772,-4.4555,1.9186860827666237,-22.05419999999998,120
2026-08-10 16:38:47,129.2964,105.7336,7.9697,-0.2828,3.0488,,,2.534479564615069,-23.56280000000001,120
2026-08-10 16:39:04,140.3345,117.7027,7.7365,-0.1006,2.3249,-6.5811,-11.8078,2.741483489382043,-22.6318,120
2026-08-10 16:39:06,139.7773,117.2329,7.7948,0.1066,2.1464,-7.5687,-13.3488,2.3168630295405417,-22.544399999999996,120
2026-08-10 16:39:07,140.0071,118.5679,7.8337,0.5477,2.1981,-8.4922,-15.1315,1.962676345091674,-21.439200000000028,120
2026-08-10 16:39:08,140.8259,118.3043,7.8142,-0.5152,2.4364,-7.8954,-14.1592,1.7502476238154838,-22.521599999999978,120
2026-08-10 16:39:09,141.5995,119.0835,7.9892,,,-8.6543,-15.358,1.5732702353719357,-22.51600000000002,120
2026-08-10 16:39:11,142.2419,119.5247,7.5615,0.1133,1.0891,-8.3233,-15.1156,1.59454148388368,-22.71719999999999,120
2026-08-10 16:39:12,143.5716,120.4243,7.7365,0.2067,1.5425,-8.0714,-14.1099,1.6258504217424958,-23.147299999999973,120
2026-08-10 16:39:13,144.8845,122.1088,7.7365,-0.1458,2.8581,-7.8809,-14.1877,1.6096915206004692,-22.7757,120
2026-08-10 16:39:14,143.8618,121.3238,7.8337,0.2165,2.245,-9.2942,-16.7305,1.6015546953553785,-22.537999999999982,120
2026-08-10 16:39:16,142.6829,119.4101,7.7948,-0.0186,2.0175,-9.1795,-16.5715,1.833852954606547,-23.27279999999999,120
2026-08-10 16:39:17,140.3335,119.5362,7.9309,0.5711,2.8491,-9.7693,-17.8767,1.7709710664703964,-20.797300000000007,120
2026-08-10 16:39:18,140.2209,117.9491,7.892,-0.1808,2.0481,-8.5864,-15.2055,1.756569053016908,-22.271799999999985,120
2026-08-10 16:39:19,140.196,119.3013,7.8726,0.4765,2.0615,-9.8203,-17.1661,1.7912502255401228,-20.8947,120
2026-08-10 16:39:20,139.4645,119.0492,7.9114,,,,,1.8111963514491813,-20.415300000000002,120
2026-08-10 16:39:22,139.8094,119.7424,8.0086,0.4427,1.9449,-9.3961,-16.5645,1.9058125632808942,-20.067000000000007,120
2026-08-10 16:39:23,140.948,120.6076,7.2311,-0.0872,1.7296,-8.9657,-15.7439,1.9577889373925805,-20.34039999999999,120
2026-08-10 16:39:24,142.7414,120.705,8.0475,0.3563,1.8741,-9.4942,-16.5801,1.7818851578081132,-22.036400000000015,120
2026-08-10 16:39:25,144.7106,123.4266,7.9114,-0.3105,3.0579,-7.7729,-13.6603,1.676852919699977,-21.283999999999992,120
2026-08-10 16:39:26,144.5634,122.6473,7.7948,0.5837,2.6764,-8.3097,-14.2529,1.6762300458000174,-21.9161,120
2026-08-10 16:39:27,142.4484,122.3781,7.8337,-0.0288,1.8773,-9.084,-15.869,1.6663828563430114,-20.070299999999975,120
2026-08-10 16:39:29,140.1537,119.7367,7.9309,0.0085,2.3086,-8.7883,-15.2526,1.99816904919547,-20.416999999999973,120
2026-08-10 16:39:30,140.8264,119.9831,8.0475,,,-9.2231,-16.024,2.1364247117241337,-20.8433,120
2026-08-10 16:39:31,139.974,119.0377,7.6587,0.9555,1.6738,-9.1316,-16.2166,2.2771634474998965,-20.93629999999999,120
2026-08-10 16:39:32,139.3352,119.0091,8.0669,-0.2057,1.8524,-9.6246,-16.6576,2.2771634474998965,-20.326099999999997,120
2026-08-10 16:39:33,138.8178,118.5908,7.8142,0.041,1.8032,-10.2283,-17.9231,2.3478830289781016,-20.227000000000004,120
2026-08-10 16:39:34,140.3767,119.0778,7.7559,-0.4411,2.0853,-9.4191,-16.633,2.4002763949300308,-21.298900000000003,120
2026-08-10 16:39:35,140.002,118.7856,7.717,-0.2007,1.9414,-9.951,-17.527,2.4133261696192285,-21.21640000000002,120
2026-08-10 16:39:36,139.2673,118.6939,7.9114,1.1431,2.5028,-11.6908,-20.6308,2.202017662004184,-20.573399999999992,120
2026-08-10 16:39:38,137.9151,116.1615,7.7559,,,-9.3958,-16.8062,1.5252249700011882,-21.753600000000006,120
2026-08-10 16:39:39,136.7802,116.8146,8.0281,0.0947,2.4857,-9.4244,-16.3817,1.4850690097239396,-19.965599999999995,120
2026-08-10 16:39:41,136.7926,116.7917,7.6976,0.0876,1.2761,-7.4382,-13.2467,1.293913275589045,-20.0009,120
2026-08-10 16:39:43,137.6443,114.053,7.6782,1.2403,2.4698,,,1.200340757305305,-23.59129999999999,120
2026-08-10 16:39:44,137.5852,115.8234,7.5227,0.3304,2.3181,-11.9143,-20.2922,1.1713498933667315,-21.761799999999994,120
2026-08-10 16:39:45,136.405,116.3219,7.6976,0.3563,1.7613,-8.5697,-15.062,0.989806440542455,-20.0831,120
2026-08-10 16:39:46,135.7142,114.6832,7.7365,-0.4753,2.9849,-7.7972,-13.3295,1.153353714388234,-21.031000000000006,120
2026-08-10 16:39:48,137.7361,115.8922,7.6587,0.6692,2.8109,-6.6824,-11.4231,1.3314072895916036,-21.84389999999999,120
2026-08-10 16:39:49,137.9823,113.692,7.9114,-1.1397,3.4042,-5.653,-10.0018,1.6119194601592637,-24.290300000000002,120
2026-08-10 16:39:50,137.5287,115.6802,7.6004,1.0888,3.6257,-7.0288,-12.3763,1.8820258450019691,-21.8485,120
2026-08-10 16:39:51,137.2783,114.2249,7.581,-0.7759,1.7581,-7.0769,-11.9978,2.0559355186172104,-23.05340000000001,120
2026-08-10 16:39:53,137.0142,113.0102,7.6199,-0.1624,1.8073,-4.4402,-7.8471,2.6504495540253665,-24.00399999999999,120
2026-08-10 16:39:54,137.6014,114.7634,7.5421,0.1615,2.3513,-5.372,-9.3355,2.699383261764453,-22.838000000000022,120
2026-08-10 16:40:02,142.6087,119.8513,7.7559,0.1045,1.7328,-7.4397,-12.7948,2.804237932357618,-22.75740000000002,120
2026-08-10 16:40:03,145.4372,120.4357,7.717,-0.1165,2.1005,-7.5533,-12.8924,2.8858975220266743,-25.001499999999993,120
2026-08-10 16:40:05,146.9146,124.8762,7.6782,0.2331,1.6583,-11.2672,-18.9347,2.2654145872105618,-22.038400000000024,120
2026-08-10 16:40:06,146.8279,123.1057,7.7754,,,-12.0629,-20.5715,2.252446282209157,-23.722199999999987,120
2026-08-10 16:40:07,145.9762,123.4438,7.6393,-0.3069,1.7614,-12.7816,-21.7856,2.1697977600044775,-22.532399999999996,120
2026-08-10 16:40:08,143.2198,122.5328,7.6004,0.9146,2.4702,-11.5796,-19.7411,2.0171771735084962,-20.687000000000012,120
2026-08-10 16:40:09,143.2062,122.5843,8.0281,0.4616,2.4387,-10.9042,-19.0339,1.9835034390818642,-20.621899999999982,120
2026-08-10 16:40:10,143.4722,120.2753,7.5615,-0.2761,2.5619,-8.9372,-15.6072,1.8029819473084228,-23.19689999999997,120
2026-08-10 16:40:11,144.7089,119.9544,7.892,0.435,2.0087,-9.2723,-16.1382,1.6630202190266112,-24.754500000000007,120
2026-08-10 16:40:13,146.8541,123.0026,7.8142,-0.1547,2.5348,-9.812,-16.8585,1.3096736716502315,-23.851499999999987,120
2026-08-10 16:40:14,147.1359,121.8051,8.3002,-0.6267,1.9862,-13.8159,-23.7742,1.4832767095064567,-25.33080000000001,120
2026-08-10 16:40:15,147.0099,122.7447,7.7365,-0.111,1.5733,-12.3015,-21.5623,1.6992878296015221,-24.265199999999993,120
2026-08-10 16:40:16,146.2294,124.6126,7.8531,-0.4452,1.2481,,,1.8953998613141418,-21.616800000000012,120
2026-08-10 16:40:17,146.7626,124.2631,7.7948,-0.5238,2.1285,-12.2129,-21.3684,1.9451513432053709,-22.499500000000012,120
2026-08-10 16:40:19,146.1347,122.189,7.1922,,,-12.1681,-20.9329,1.9738616835096996,-23.945700000000016,120
2026-08-10 16:40:20,145.7434,122.2692,8.0475,0.0716,2.0394,-11.8413,-20.7315,1.8988205930354967,-23.474199999999996,120
2026-08-10 16:40:21,146.1046,123.1172,7.4643,0.5028,2.2314,-12.5982,-22.629,1.785280430182328,-22.987400000000008,120
2026-08-10 16:40:22,146.8448,121.9598,7.6587,-0.0306,2.208,-10.5739,-18.6408,1.698673922521981,-24.88499999999999,120
2026-08-10 16:40:23,147.1199,122.04,7.3672,-0.2015,2.1553,-12.0911,-21.2025,1.7455416012231182,-25.07990000000001,120
2026-08-10 16:40:24,148.9726,124.922,7.5421,0.4239,1.8091,-13.2281,-23.6462,1.764398224474617,-24.050600000000003,120
2026-08-10 16:40:25,150.0826,126.6982,7.717,-0.2047,2.4003,-13.2986,-23.7798,2.004107760466387,-23.384400000000028,150
2026-08-10 16:40:26,150.0638,126.3143,7.8337,-0.5963,2.8948,-15.33,-27.3036,2.2485235402081223,-23.749499999999983,150
2026-08-10 16:40:28,149.4506,125.7528,7.8142,0.1572,2.1798,-13.6963,-24.7838,2.228955700004516,-23.69780000000003,120
2026-08-10 16:40:29,149.3298,126.0106,7.8726,,,-13.1345,-24.1839,2.1812571527341222,-23.319200000000023,120
2026-08-10 16:40:30,150.3766,128.6519,7.8142,0.4775,2.737,-14.0417,-25.8367,2.0388768693564696,-21.724699999999984,150
2026-08-10 16:40:31,150.5723,128.9613,7.9114,-0.2201,2.5842,-15.3094,-27.982,1.8472955336142123,-21.61100000000002,150
2026-08-10 16:40:32,150.0772,128.8066,8.0475,0.8265,1.9868,-11.7848,-21.2537,2.1178017520709176,-21.2706,150
2026-08-10 16:40:33,150.5544,128.9785,7.7754,-0.2529,2.1464,-11.8028,-21.2249,1.9705310045596924,-21.57589999999999,150
2026-08-10 16:41:03,190.3226,173.4802,8.0281,0.9684,2.7354,-37.116,-66.7993,2.2457862793597565,-16.842399999999998,180
2026-08-10 16:41:04,188.3514,172.065,8.3196,2.531,2.9653,-25.5055,-46.9148,2.2033751385757205,-16.286400000000015,180
2026-08-10 16:41:05,188.0845,174.4714,8.3196,0.492,2.5184,-40.0453,-65.111,1.7336852674612457,-13.613100000000003,180
2026-08-10 16:41:07,186.9407,172.5462,8.3196,2.6348,2.0335,-38.899,-65.6087,0.8890003731863657,-14.394499999999994,180
2026-08-10 16:41:08,189.2677,171.1368,8.3196,,,-35.596,-62.1494,0.9892161082513957,-18.130899999999997,180
2026-08-10 16:41:09,189.2478,174.7521,8.3585,0.4148,2.9799,-36.8125,-62.5694,0.9625328596353341,-14.4957,180
2026-08-10 16:41:10,188.8985,171.2685,8.4751,1.3385,1.6603,-38.5333,-66.2109,0.9614623460242657,-17.630000000000024,180
2026-08-10 16:41:11,188.4635,172.8957,8.4168,1.3113,2.2669,-37.7719,-64.4241,0.9678028444949994,-15.567800000000005,180
2026-08-10 16:41:13,189.4906,173.7437,8.2808,0.1095,1.2474,-35.944,-62.4269,0.9484291728887906,-15.74690000000001,180
2026-08-10 16:41:14,189.482,177.1127,8.2419,1.7286,2.9398,-39.3949,-67.5592,0.9353804680880576,-12.36930000000001,180
2026-08-10 16:41:15,189.9716,173.9557,8.5918,,,-30.6014,-57.9105,0.9855527766141259,-16.015899999999988,180
2026-08-10 16:41:17,190.383,178.2243,8.0475,2.2014,3.2749,-36.5023,-63.0769,1.0198554243625668,-12.15870000000001,180
2026-08-10 16:41:18,191.0284,177.3992,8.2419,0.6083,3.3126,-37.1758,-66.4244,0.8510465508412577,-13.629199999999997,180
2026-08-10 16:41:19,189.6623,176.5111,8.4363,0.6937,2.3012,-31.5493,-58.6859,0.8496028547252826,-13.151199999999989,180
2026-08-10 16:41:20,189.2644,174.1964,8.3974,1.5005,1.8462,-37.0305,-70.66,0.8465755836423884,-15.067999999999984,180
2026-08-10 16:41:21,188.5338,175.3194,8.2808,-0.1773,2.6985,-33.6852,-67.5615,0.8525779513177736,-13.214400000000012,180
2026-08-10 16:41:22,188.4411,173.8812,7.892,0.8378,2.0306,-35.2481,-67.4263,0.7988511096685124,-14.559899999999999,180
2026-08-10 16:41:23,189.8953,175.623,8.1836,-0.1669,2.3377,-35.3212,-68.684,1.6725345999315424,-14.272300000000001,180
2026-08-10 16:41:25,190.7548,177.2961,8.6695,,,-33.0617,-64.5319,1.725691391826133,-13.458699999999993,180
2026-08-10 16:41:26,191.3381,177.869,8.1447,3.0273,3.4844,-37.1539,-71.6551,1.7834825308537283,-13.469099999999997,180
2026-08-10 16:41:27,189.6926,176.9179,8.2419,-1.227,2.5892,-32.1107,-63.4907,1.7369229958679575,-12.774699999999996,180
2026-08-10 16:41:28,188.5199,175.0787,8.3002,1.8375,2.0797,-40.2716,-75.6647,1.8091307029557715,-13.44120000000001,180
2026-08-10 16:41:29,189.8341,177.17,8.0669,-0.3657,2.4505,-33.0507,-62.4278,1.8895920246711286,-12.664100000000019,180
2026-08-10 16:41:30,189.4129,181.662,7.8726,4.0568,4.0074,-43.6383,-73.4459,2.0466197419732466,-7.7509000000000015,180
2026-08-10 16:41:32,189.8053,176.7174,8.2419,-0.4731,3.2248,,,2.216374552500718,-13.08789999999999,180
2026-08-10 16:41:33,196.2054,175.8006,8.0086,-0.5763,2.0202,-35.7447,-64.6703,2.2588200761093074,-20.404799999999994,180
2026-08-10 16:41:34,189.0869,178.7743,8.514,,,-37.1324,-65.4973,2.252608959551793,-10.312600000000003,180
2026-08-10 16:41:36,188.1965,177.72,8.3196,-0.6106,2.4699,-32.6266,-62.9027,2.2326397244245695,-10.476499999999987,180
2026-08-10 16:41:37,189.5079,177.2731,8.2224,3.1918,3.4523,-42.4171,-72.9398,2.1745045711368958,-12.234800000000007,180
2026-08-10 16:41:38,187.7005,179.6452,8.2613,1.0612,3.8753,-29.4152,-57.1306,2.165059515155261,-8.055300000000017,180
2026-08-10 16:41:39,187.055,172.5863,8.4168,-0.7619,2.179,-43.9064,-72.497,2.2317856810898116,-14.468700000000013,180
2026-08-10 16:41:40,186.1696,175.2506,8.203,1.1779,2.1483,-29.6553,-57.7548,2.3032401043731507,-10.919000000000011,180
2026-08-10 16:41:42,186.3888,173.6119,8.3002,,,-40.5959,-71.684,2.3418506823924794,-12.776900000000012,180
2026-08-10 16:41:43,187.2855,176.8835,8.2613,-0.8994,2.1771,-36.4879,-66.5915,2.315732127066684,-10.402000000000015,180
2026-08-10 16:41:44,189.1588,177.3362,8.4946,2.0377,2.7553,-41.3278,-70.9094,1.1744791468887497,-11.822600000000023,180
2026-08-10 16:41:46,187.9998,177.0325,8.3585,-0.352,2.6557,-34.9896,-65.0813,1.1139792298867213,-10.967299999999994,180
2026-08-10 16:41:47,187.6747,176.2074,8.3391,0.8596,2.5829,-41.9511,-73.1673,1.1438093910666947,-11.467299999999994,180
2026-08-10 16:41:48,188.3607,177.7888,8.0086,-1.222,2.9233,-37.0718,-71.2849,0.9803603242022417,-10.5719,180
2026-08-10 16:41:49,186.4272,175.6517,8.3974,-0.04,1.682,-37.2269,-68.2877,1.0039261381133415,-10.775499999999994,180
2026-08-10 16:41:50,185.7761,175.6574,8.3974,2.2493,2.0917,-38.1513,-69.5915,1.0292222768742314,-10.118700000000018,180
2026-08-10 16:41:51,186.102,174.7865,8.3391,-0.2688,2.2733,-36.0244,-69.733,1.098716250217239,-11.315500000000014,180
2026-08-10 16:41:52,185.8322,177.2961,8.4363,2.7292,2.1241,-34.7969,-63.5024,1.0716673989011707,-8.536100000000005,180
2026-08-10 16:41:53,186.8491,175.497,8.3196,,,-39.8255,-72.6462,1.1429815131697998,-11.352099999999979,180
2026-08-10 16:41:54,186.0576,177.5539,8.2419,-0.8088,2.2683,-30.6648,-58.8288,1.285814899354246,-8.50370000000001,180
2026-08-10 16:41:56,186.2646,177.7945,8.2808,-0.5794,3.0013,-32.9941,-58.9731,1.6252245043023112,-8.470100000000002,180
2026-08-10 16:41:58,186.2308,176.3335,8.203,-0.5664,1.6748,-29.9201,-57.8619,1.976499308241428,-9.897300000000001,180
2026-08-10 16:41:59,185.4501,178.2987,8.4557,0.998,2.4768,-39.9115,-69.73,2.295942585052842,-7.151399999999995,180
2026-08-10 16:42:01,184.9892,176.7575,8.1836,1.7911,2.0093,-42.1214,-70.989,2.921360678870782,-8.231700000000018,180
2026-08-10 16:42:02,186.2102,174.4943,8.2613,,,-28.0029,-54.8546,2.9828731159854875,-11.715899999999976,180
2026-08-10 16:42:09,178.8319,170.9477,8.1836,1.6182,2.6582,-39.695,-70.3325,2.677987167088041,-7.884199999999993,150
2026-08-10 16:42:10,177.78,170.0424,8.1058,2.1329,2.4265,-37.7727,-66.0932,2.552577677416558,-7.737600000000015,150
2026-08-10 16:42:11,179.2007,170.8331,8.1836,0.2437,1.4979,-32.1571,-59.2645,2.552577677416558,-8.36760000000001,150
2026-08-10 16:42:12,180.0361,173.2911,8.2613,,,,,2.487893571896876,-6.7450000000000045,180
2026-08-10 16:42:25,187.1042,177.8289,7.9503,-1.1161,3.0877,-34.7364,-62.3968,2.90986664500608,-9.275299999999987,180
2026-08-10 16:42:26,185.8027,174.7521,8.1253,-1.6455,2.9488,-41.1001,-71.2018,2.4958598573925506,-11.050599999999974,180
2026-08-10 16:42:27,184.0303,174.2537,8.2419,0.5291,2.8317,-40.807,-69.092,2.453741769768191,-9.776600000000002,180
2026-08-10 16:42:29,185.9622,175.6459,8.203,,,-30.134,-57.8798,2.251199744341543,-10.316299999999984,180
2026-08-10 16:42:30,184.556,176.7976,8.2224,-0.0101,1.6968,-34.6723,-61.6773,2.2073517247902297,-7.758400000000023,180
2026-08-10 16:42:31,186.1852,176.6543,8.3002,2.3037,2.9494,-34.616,-62.3203,2.248574603721101,-9.530900000000003,180
2026-08-10 16:42:33,187.0045,175.8064,8.4363,-0.1113,1.5996,-30.2934,-57.5664,2.296202520420421,-11.19810000000001,180
2026-08-10 16:42:34,182.5178,174.3625,8.1836,2.0908,2.8387,-41.6289,-69.9581,1.9768069281796568,-8.155299999999983,180
2026-08-10 16:42:35,182.0373,174.6547,8.203,0.0231,3.1917,-41.5892,-73.8783,1.75440903864302,-7.3825999999999965,180
2026-08-10 16:42:36,182.4982,175.3824,8.2613,1.847,2.9448,-41.1665,-71.1716,1.613255798928086,-7.115800000000007,180
2026-08-10 16:42:37,183.0522,173.3598,8.2224,-0.8221,1.6257,-36.6985,-65.7984,1.5531911726930328,-9.692399999999992,180
2026-08-10 16:42:38,183.2741,175.9954,7.9892,1.3796,3.0295,-34.8808,-63.5762,1.597213307663247,-7.278700000000015,180
2026-08-10 16:42:39,183.7064,173.3999,8.2613,,,-38.3365,-67.7355,1.6031333452317502,-10.3065,180
2026-08-10 16:42:40,182.964,174.798,8.2613,-0.5119,3.246,-36.7248,-63.6947,1.5013438427871464,-8.165999999999997,180
2026-08-10 16:42:42,182.6536,175.136,8.1836,-0.3893,2.5589,-35.2792,-63.0323,1.262312097573106,-7.517600000000016,180
2026-08-10 16:42:43,182.6035,174.3224,8.203,0.5795,1.9099,-35.7697,-62.3573,1.262312097573106,-8.28110000000001,180
2026-08-10 16:42:44,181.9795,173.3885,8.2613,-0.1704,2.0197,-34.9744,-60.7052,0.6025715711787091,-8.591000000000008,180
2026-08-10 16:42:45,181.5144,175.3365,8.1447,1.6323,3.2145,-39.3323,-66.9837,0.6218744641297184,-6.177899999999994,180
2026-08-10 16:43:01,178.8166,174.6776,7.9309,-0.5146,1.9086,-36.8157,-64.8736,1.9783039809199334,-4.138999999999982,150
2026-08-10 16:43:03,177.655,169.5955,8.0864,0.8812,2.017,-37.316,-67.1445,2.0368175745046666,-8.059500000000014,150
2026-08-10 16:43:04,178.2469,171.6352,8.1058,,,-33.1686,-61.4335,2.0062555408750247,-6.611700000000013,150
2026-08-10 16:43:05,180.4947,171.0737,8.3196,-0.1149,1.8308,-33.0089,-62.8311,2.0617958624670716,-9.420999999999992,180
2026-08-10 16:43:06,181.2288,174.4026,8.0669,1.0675,2.3918,-37.0745,-65.1522,2.0238206190667807,-6.8262,180
2026-08-10 16:43:07,182.2567,173.1135,8.378,-0.3398,3.4065,-33.9613,-63.9541,1.9675738643470844,-9.143200000000007,180
2026-08-10 16:43:09,183.3011,175.6918,8.1253,-0.8991,2.4477,-38.9691,-69.4554,1.913296263677812,-7.60929999999999,180
2026-08-10 16:43:10,182.8008,173.5088,8.1447,0.0309,1.9808,-34.0626,-62.0236,1.8760687834866336,-9.292000000000002,180
2026-08-10 16:43:11,184.417,177.7143,8.1058,-0.1105,1.8384,-39.9763,-70.0893,1.9092340996856438,-6.702699999999993,180
2026-08-10 16:43:12,183.4382,176.832,8.1058,2.7769,3.482,-33.3625,-61.9375,1.8169309696220903,-6.606200000000001,180
2026-08-10 16:43:14,180.0692,175.772,8.0086,,,-39.7798,-68.9782,1.5243798832058253,-4.297200000000004,180
2026-08-10 16:43:15,179.2586,173.2739,8.1836,1.5167,1.9552,-42.5409,-73.7464,1.3304408254908675,-5.984700000000004,150
2026-08-10 16:43:16,179.9389,172.0936,8.2613,0.883,1.8737,-32.6402,-60.4538,1.2934467358728716,-7.84529999999998,150
2026-08-10 16:43:17,181.7724,174.5974,7.7754,1.9363,3.1023,-38.0545,-68.5991,1.2952505507288485,-7.175000000000011,180
2026-08-10 16:43:18,181.9596,175.9553,8.1447,-0.3938,2.9423,-38.714,-68.0589,1.3260143683674515,-6.004300000000001,180
2026-08-10 16:43:19,182.3493,175.0787,8.2224,1.3807,2.7475,-39.8147,-70.1843,1.3260143683674515,-7.270600000000002,180
2026-08-10 16:43:21,182.6779,175.2907,8.0669,-0.047,2.1058,-39.1415,-68.6126,1.2764863698876825,-7.387200000000007,180
2026-08-10 16:43:22,180.8255,176.4309,7.9697,0.9344,2.2347,-41.0211,-70.2327,1.0612128409084551,-4.394599999999997,180
2026-08-10 16:43:23,181.4722,172.6608,8.1641,,,-32.2925,-60.1392,0.9521238667034838,-8.811399999999992,180
2026-08-10 16:43:24,181.8629,173.8984,7.9503,0.6011,3.054,-37.4685,-65.9079,1.0607716871309645,-7.964499999999987,180
2026-08-10 16:43:26,181.5537,174.1792,8.1447,0.7785,1.8602,-38.5244,-68.5279,0.9369266584776429,-7.374499999999983,180
2026-08-10 16:43:27,181.1663,173.2624,8.1641,-1.1051,1.9946,-34.9377,-62.4265,0.9754545442784109,-7.903899999999993,180
2026-08-10 16:43:28,180.5151,174.7235,8.2419,0.7021,2.8715,-41.9276,-74.0751,0.9919643861906573,-5.791599999999988,180
2026-08-10 16:43:30,180.7233,175.3767,8.2419,1.6459,2.4127,-38.7426,-68.24,1.1087972136419622,-5.346599999999995,180
2026-08-10 16:43:31,182.6557,173.9328,8.2224,-1.1764,1.8352,,,1.1087972136419622,-8.72290000000001,180
2026-08-10 16:43:32,181.6607,177.3419,8.1641,3.019,3.5068,-27.8659,-53.0962,1.1981164303178637,-4.318799999999982,180
2026-08-10 16:43:33,182.113,171.8472,8.3196,,,-38.6895,-65.9366,1.1530705104514374,-10.265800000000013,180
2026-08-10 16:43:34,183.5924,177.5081,8.0475,-1.8928,2.9953,-27.8546,-55.9609,1.1370874488036316,-6.084299999999985,180
2026-08-10 16:43:36,183.2081,177.8576,8.378,0.0893,2.6021,-36.1181,-63.7416,1.1724136276020933,-5.350500000000011,180
2026-08-10 16:43:37,184.1413,174.2021,8.1058,1.3931,0.6841,-43.622,-71.7637,1.2032537700402763,-9.9392,180
2026-08-10 16:43:38,182.8378,177.1127,8.1058,0.1016,2.4412,-30.7073,-58.8964,1.2043351333675365,-5.725099999999998,180
2026-08-10 16:43:39,183.7789,176.1272,8.2808,2.0281,2.6151,-38.6691,-66.65,1.1249390824437588,-7.651700000000005,180
2026-08-10 16:43:40,183.4424,175.0787,8.3974,-0.6223,1.7831,-40.3411,-70.989,1.0977987120762225,-8.363699999999994,180
2026-08-10 16:43:42,184.2041,177.0497,8.3585,,,-42.1683,-73.1217,1.046111235719182,-7.15440000000001,180
2026-08-10 16:43:43,183.2523,176.1272,8.3196,0.1408,2.6136,-41.3023,-72.0847,1.0247792163900746,-7.125100000000003,180
2026-08-10 16:43:44,181.8455,175.2563,8.1836,0.379,2.7642,-41.9493,-73.1489,1.027583328692687,-6.589199999999977,180
2026-08-10 16:43:46,181.1517,173.801,8.378,0.7016,2.0405,-38.8866,-70.646,1.9417823605106552,-7.3507000000000176,180
2026-08-10 16:43:47,181.017,174.0818,8.3002,1.7424,2.759,-39.6787,-71.1982,2.3134905460164044,-6.935200000000009,180
2026-08-10 16:43:48,181.1489,174.7808,8.4557,-0.9238,2.214,-37.5478,-71.8669,2.34195989805514,-6.368099999999998,180
2026-08-10 16:43:49,181.6573,175.0787,8.3974,2.0954,2.0524,-40.4364,-71.9689,2.3253306352196557,-6.5785999999999945,180
2026-08-10 16:43:50,182.0597,175.7605,8.3002,-0.56,3.001,-35.6875,-69.3579,2.258025238497094,-6.299199999999985,180
2026-08-10 16:43:51,182.975,175.623,8.4363,0.4094,2.9049,-39.1849,-70.5898,2.2684786923663487,-7.352000000000004,180
2026-08-10 16:43:53,183.0806,177.8461,8.0086,1.3227,3.0349,-43.7357,-75.0448,2.092806067946676,-5.234499999999997,180
2026-08-10 16:43:54,183.3924,177.5424,8.203,-1.519,1.1764,-28.3541,-56.8553,2.067267929686273,-5.850000000000023,180
2026-08-10 16:43:55,175.6381,169.2632,8.3391,2.8011,1.6016,-42.9493,-70.738,2.078368355360467,-6.374899999999997,150
2026-08-10 16:43:57,176.793,170.8503,8.1058,0.1788,2.0962,-33.7574,-61.0707,2.0796068098363714,-5.942700000000002,150
2026-08-10 16:43:58,178.9354,173.4572,8.2808,0.8887,1.2877,-38.2706,-65.8567,2.0810567259085713,-5.478199999999987,150
2026-08-10 16:43:59,182.0941,174.1104,8.0864,-0.1283,1.2693,-40.3204,-69.3159,2.0821699584122926,-7.983699999999999,180
2026-08-10 16:44:00,181.4601,179.5306,7.9114,,,-34.5289,-62.388,2.068887164752851,-1.9295000000000186,180
2026-08-10 16:44:03,180.327,173.887,8.3585,1.4279,2.0772,-34.3055,-63.3008,1.9697193015156504,-6.439999999999998,180
2026-08-10 16:44:04,179.1436,173.7609,8.4557,1.9102,1.6725,-43.0395,-74.3964,1.9474340114211202,-5.3827,150
2026-08-10 16:44:05,179.4052,173.6406,8.3196,0.6337,2.6841,-40.3659,-70.822,1.8015399192331552,-5.7646000000000015,150
2026-08-10 16:44:07,180.13,174.7178,8.1836,-0.8216,2.3747,-34.7412,-66.4297,1.5337665745803732,-5.412199999999984,180
2026-08-10 16:44:08,181.1388,172.8728,8.3391,0.8923,2.1864,-39.1066,-68.3061,2.0461022152252903,-8.265999999999991,180
2026-08-10 16:44:55,102.8533,83.3883,7.892,,,11.5212,20.5455,2.935281199993276,-19.465000000000003,90
2026-08-10 16:44:56,102.8699,81.7095,7.6782,-0.1804,2.1725,14.5131,26.3681,2.198359827727572,-21.16039999999998,90
2026-08-10 16:44:58,103.3015,81.7267,8.3391,-0.4907,1.1657,12.3617,21.1572,2.1194146216284637,-21.57480000000001,90
2026-08-10 16:44:59,102.9998,82.0934,7.9892,0.04,1.5012,8.5286,15.0186,1.8719013744991435,-20.90639999999999,90
2026-08-10 16:45:00,102.6747,83.3997,7.5227,-1.6257,3.2625,10.8048,19.581,2.266599289053835,-19.275000000000006,90
2026-08-10 16:45:01,102.1707,81.7725,7.6587,-0.0522,2.492,10.6853,19.0044,2.4116312676105247,-20.398200000000003,90
2026-08-10 16:45:02,103.2891,82.1163,7.6782,-0.9123,3.0248,8.9925,16.0624,2.30057374556084,-21.172799999999995,90
2026-08-10 16:45:04,102.1629,82.8612,8.1253,0.1816,1.4878,12.6535,22.2926,2.2111738932131826,-19.301699999999983,90
2026-08-10 16:45:05,100.9278,83.2794,7.4643,-0.2059,1.5591,11.6399,20.8522,2.1734589295432247,-17.64840000000001,90
2026-08-10 16:45:06,100.1885,79.6239,7.5421,,,7.7684,14.1653,2.227789068084989,-20.564599999999984,90
2026-08-10 16:45:07,99.2734,79.9906,7.6976,-0.8436,1.7229,13.9823,24.3739,2.2042898822895003,-19.28280000000001,90
2026-08-10 16:45:08,98.0652,80.2084,7.6976,-0.242,1.521,10.6605,19.0779,2.213025468049848,-17.85680000000002,90
2026-08-10 16:45:10,96.9009,79.1942,7.7754,-1.6268,1.8182,12.5419,22.605,2.0264159712966876,-17.706700000000012,90
2026-08-10 16:45:11,97.6876,77.4123,7.5615,0.1191,2.5164,8.0019,14.8836,1.8828271270951322,-20.275300000000016,90
2026-08-10 16:45:12,98.5349,78.352,7.9114,-0.635,1.6585,15.3412,27.1234,1.775278667002488,-20.18289999999999,90
2026-08-10 16:45:14,99.158,81.4517,7.581,-0.9872,1.7008,13.3746,23.62,1.428561749738828,-17.7063,90
2026-08-10 16:45:15,98.6697,80.9761,7.8531,,,14.3852,25.2031,1.3486154625663538,-17.693600000000004,90
2026-08-10 16:45:16,97.4562,78.9994,8.2224,-0.1647,1.5593,14.1487,24.9604,1.2762494759496852,-18.456799999999987,90
2026-08-10 16:45:19,97.6356,78.6041,7.7948,-0.9644,1.4667,16.3382,29.3507,1.3688460284178368,-19.031499999999994,90
2026-08-10 16:45:20,97.4232,77.5957,7.8726,-0.8662,1.702,13.8266,25.1643,1.3593310598572244,-19.827499999999986,90
2026-08-10 16:45:21,97.8378,80.9246,7.8726,0.3629,1.6748,13.2715,24.2739,1.3139416570376565,-16.913200000000018,90
2026-08-10 16:45:23,99.6195,80.9647,7.7365,-0.9103,2.0317,,,1.4569035165886914,-18.654800000000023,90
2026-08-10 16:45:24,100.6577,80.9188,8.1641,-1.5523,2.9461,13.8584,24.4977,1.5310126326512465,-19.7389,90
2026-08-10 16:45:25,101.5437,83.245,7.717,0.0129,1.7043,13.5061,23.9111,1.5522843277294316,-18.298699999999997,90
2026-08-10 16:45:26,99.9737,83.2393,8.1447,,,12.6168,22.4901,1.6111098326690787,-16.734399999999994,90
2026-08-10 16:45:28,97.2795,80.5521,7.8726,0.1509,2.263,12.8305,23.0877,1.6551506224810943,-16.72739999999999,90
2026-08-10 16:45:29,96.595,79.2802,7.9503,-0.1961,1.8367,14.0033,24.9952,1.6617474416362614,-17.31479999999999,90
2026-08-10 16:45:30,97.1893,80.5063,7.6393,-0.5463,2.3983,13.8986,24.8277,1.716907602328379,-16.682999999999993,90
2026-08-10 16:45:31,98.016,81.1251,8.0475,-0.7051,2.1096,11.9127,21.4042,1.7664233948906445,-16.890899999999988,90
2026-08-10 16:45:32,96.8361,81.4631,7.9892,-0.3581,1.5018,14.5561,25.7995,1.8518760298612404,-15.37299999999999,90
2026-08-10 16:45:33,96.0875,80.5407,8.0864,0.2796,2.275,10.3493,18.9626,1.8055921534050499,-15.546800000000019,90
2026-08-10 16:45:34,95.6789,80.237,7.9892,-0.4841,2.0177,11.0689,19.8686,1.72049591823995,-15.441900000000004,90
2026-08-10 16:45:36,96.0166,79.5151,8.0864,,,10.5882,18.778,1.2167092114946396,-16.501499999999993,90
2026-08-10 16:45:37,96.1742,79.263,7.8142,-1.2625,2.2185,14.4675,25.6183,1.0028443929452773,-16.911200000000008,90
2026-08-10 16:45:38,96.1269,80.2542,8.0475,0.439,2.3468,14.4931,26.3948,1.0681678284427987,-15.872700000000009,90
2026-08-10 16:45:39,97.0328,80.2542,8.0281,-0.457,1.1448,10.6144,18.9098,1.395422160781405,-16.778599999999983,90
2026-08-10 16:45:40,95.7676,80.2256,8.0086,-0.2103,1.7789,9.7329,17.7531,1.6319117995559569,-15.542000000000002,90
2026-08-10 16:45:42,95.155,77.9967,8.0669,-0.2885,2.5186,11.5474,21.2061,1.9171467842643748,-17.158299999999997,90
2026-08-10 16:45:43,96.7599,78.6556,7.892,0.4878,2.0762,11.1642,20.2421,2.0854240198526925,-18.104299999999995,90
2026-08-10 16:45:44,97.2363,78.3348,7.8726,-1.2588,2.1171,13.7066,24.2836,2.123222872031184,-18.9015,90
2026-08-10 16:45:45,99.0732,80.9647,7.8337,0.4863,1.4878,17.0773,29.8846,2.0433830646443316,-18.108499999999992,90
2026-08-10 16:45:46,98.469,81.3543,7.9309,,,14.7706,26.3766,1.9862685675026006,-17.1147,90
2026-08-10 16:45:48,98.7024,82.1621,7.6199,-0.3131,2.1835,12.7267,22.502,1.8958416709021755,-16.540300000000002,90
2026-08-10 16:45:49,100.8181,81.4288,7.6782,-0.4186,2.9286,12.5062,21.6181,1.861145346771383,-19.38929999999999,90
2026-08-10 16:45:50,100.8575,79.8703,7.0173,-1.186,2.7823,12.095,21.0863,1.882235689053945,-20.9872,90
2026-08-10 16:45:51,101.298,79.7672,7.8531,-0.0564,1.9642,11.0317,19.4819,1.7057467489729352,-21.5308,90
2026-08-10 16:45:53,101.1436,79.7672,8.1058,0.0337,2.7682,7.0873,12.9507,1.3383623095870356,-21.37639999999999,90
2026-08-10 16:45:54,100.3713,79.7672,7.8337,,,7.6523,13.7903,1.1902390138379524,-20.604100000000017,90
2026-08-10 16:45:55,98.7238,82.3226,7.406,-0.233,3.2311,12.8907,22.1366,1.0293566307003195,-16.401200000000017,90
2026-08-10 16:45:56,98.0296,78.5124,8.0086,0.6021,1.5122,8.7053,15.5315,1.1177472805350779,-19.517200000000003,90
2026-08-10 16:45:57,98.8728,80.3631,7.8337,-0.3895,1.9215,13.8021,24.439,1.2755050579570808,-18.50970000000001,90
2026-08-10 16:45:59,100.6406,81.8012,7.8531,-1.3685,2.635,13.0656,23.1215,1.6722930103740525,-18.839400000000012,90
2026-08-10 16:46:00,101.0612,83.8581,7.9697,-0.5985,2.7146,11.6884,20.9311,1.6653514478134144,-17.203100000000006,90
2026-08-10 16:46:01,99.7945,83.1591,7.4643,,,10.4057,18.4916,1.6331012810934866,-16.635400000000004,90
2026-08-10 16:46:02,100.1959,81.022,7.8726,-0.6717,2.648,15.8404,27.4509,1.577147771406397,-19.173900000000003,90
2026-08-10 16:46:03,99.5943,82.6377,8.0086,-0.6134,2.3841,12.0152,21.3453,1.538619826886005,-16.95660000000001,90
2026-08-10 16:46:05,99.2231,83.033,7.8726,-0.5163,2.0539,11.3248,20.4315,1.413055907373941,-16.1901,90
2026-08-10 16:46:06,97.8497,81.2798,7.6587,-0.3683,1.9235,10.9933,20.3092,1.416060182091489,-16.56990000000002,90
2026-08-10 16:46:07,96.8817,81.4975,7.4255,-0.2701,2.3332,,,1.447356200029171,-15.384199999999993,90
2026-08-10 16:46:08,95.6744,81.1767,7.6782,-0.0756,2.136,11.0708,20.6536,1.4486203787894767,-14.497700000000009,90
2026-08-10 16:46:09,96.5064,81.3887,7.6004,-0.4164,2.8271,11.5771,21.0362,1.4277627331134306,-15.117700000000013,90
2026-08-10 16:46:10,97.7642,82.2825,7.7948,-0.1211,2.4147,12.0688,22.0554,1.496401651259978,-15.48169999999999,90
2026-08-10 16:46:11,97.902,82.0762,7.8726,-0.5767,1.7888,11.7502,21.8796,1.4273411043503135,-15.825800000000015,90
2026-08-10 16:46:13,98.2487,81.3944,8.0086,-0.6054,2.2272,13.8821,25.9925,1.4295347452931848,-16.854299999999995,90
2026-08-10 16:46:14,99.6937,82.8497,7.9892,-0.2623,2.9475,8.4194,16.2939,1.4229059863006002,-16.843999999999994,90
2026-08-10 16:46:15,99.6568,83.4628,8.0086,-0.378,2.6331,10.1409,19.3451,1.3832181640369088,-16.194000000000017,90
2026-08-10 16:46:16,99.0864,82.9929,7.7559,-0.5238,2.5609,10.7426,19.995,1.3763146029996687,-16.093500000000006,90
2026-08-10 16:46:18,99.0272,82.9127,7.6587,-0.952,2.4716,11.71,20.5997,1.4065444834783,-16.114499999999992,90
2026-08-10 16:46:19,99.7916,82.3684,7.8142,-0.2595,2.0993,14.2245,24.6371,1.2051607365763608,-17.42320000000001,90
2026-08-10 16:46:20,101.4561,82.0934,7.5421,-0.5755,1.4634,14.3655,24.9336,1.0220655954373736,-19.362700000000018,90
2026-08-10 16:46:21,99.9928,82.97,7.7948,-0.5477,2.0813,14.0105,24.3866,1.0405515265275558,-17.022800000000018,90
2026-08-10 16:46:22,99.8586,82.7809,7.6782,-0.6133,1.9527,13.6798,23.5639,1.0799863151508087,-17.077699999999993,90
2026-08-10 16:46:24,97.9387,81.6866,7.9114,-1.1997,2.7183,13.3134,23.8131,1.7960859238294293,-16.252099999999984,90
2026-08-10 16:46:25,98.4741,81.2511,7.5227,-0.3431,1.8779,11.8894,21.9704,1.8479267451595076,-17.223000000000013,90
2026-08-10 16:46:26,98.3424,82.0246,7.4255,-0.5974,1.7089,12.5506,22.5153,1.9240953312687645,-16.317799999999977,90
2026-08-10 16:46:27,99.583,81.3027,7.5227,-0.1727,1.478,11.5325,20.1524,2.1493800681623267,-18.28030000000001,90
2026-08-10 16:46:28,100.9474,84.2477,7.6587,-1.9347,2.1095,15.8792,27.4329,2.2419279325809853,-16.699700000000007,90
2026-08-10 16:46:30,99.5194,82.3799,7.8531,-0.9489,1.497,11.6835,20.6265,2.320907639853237,-17.139499999999998,90
2026-08-10 16:46:31,97.5596,81.7725,7.7365,,,12.4267,22.2573,2.292273183933525,-15.78710000000001,90
2026-08-10 16:46:32,97.4444,83.6977,7.717,-1.4651,1.4894,13.1073,23.872,2.266965311080705,-13.746700000000004,90
2026-08-10 16:46:33,98.3592,82.4486,7.6782,-0.0422,2.2195,11.313,20.9151,2.255664559689145,-15.910599999999988,90
2026-08-10 16:46:34,105.601,82.9586,8.0864,-1.1346,1.6053,12.0233,22.2087,2.239128863706089,-22.64240000000001,90
2026-08-10 16:46:36,97.2811,81.2569,7.8337,0.0509,1.8689,10.925,20.262,2.3321095295864467,-16.024200000000008,90
2026-08-10 16:46:37,95.361,80.787,7.8726,0.4263,2.2092,10.9468,20.2427,2.3518111229978453,-14.574000000000012,90
2026-08-10 16:46:38,95.6531,79.5552,8.1058,-0.9064,1.5917,12.544,22.6404,2.3241004975781303,-16.09789999999998,90
2026-08-10 16:46:39,96.2577,79.9792,7.892,-0.6973,1.5698,12.2509,21.9019,2.219620206753193,-16.278500000000008,90
2026-08-10 16:46:40,98.2753,80.1224,8.1253,,,12.074,21.8966,2.194817286967512,-18.15289999999999,90
2026-08-10 16:46:42,98.274,83.033,7.892,-0.6291,1.9545,11.9718,22.0066,2.3185996959280564,-15.240999999999985,90
2026-08-10 16:46:43,97.3688,81.5376,7.9309,-0.0555,2.5575,,,2.453161857690606,-15.831199999999995,90
2026-08-10 16:46:44,96.3735,80.8214,7.892,-0.3093,2.9988,11.884,21.6049,2.6825142909918505,-15.552099999999996,90
2026-08-10 16:46:46,96.6789,80.7928,7.9114,-0.6154,2.1976,10.2843,17.7486,2.589907325873106,-15.886099999999999,90
2026-08-10 16:46:47,96.8536,81.6694,7.717,0.0052,1.9193,9.5107,16.9722,2.7537887884015855,-15.184200000000004,90
2026-08-10 16:46:48,98.4445,83.1247,7.7754,,,8.2285,14.75,2.676817379871461,-15.319799999999987,90
2026-08-10 16:46:49,98.901,81.423,7.8337,-1.2222,1.4421,11.7773,20.3888,2.7927392913440054,-17.47800000000001,90
2026-08-10 16:46:50,99.6623,84.2191,7.6587,-0.1358,2.4804,14.3228,25.3274,2.859165850829446,-15.44319999999999,90
2026-08-10 16:46:51,100.7027,82.0361,7.6393,-0.4411,2.8358,12.5928,22.5933,2.9866098677813246,-18.66659999999999,90
2026-08-10 16:46:53,101.5991,85.0327,8.378,-0.1774,2.1388,12.1127,21.3934,2.916711056398779,-16.566399999999987,90
2026-08-10 16:46:54,102.9408,85.1644,7.6199,-0.3015,2.216,12.0748,21.0874,2.7843856736932984,-17.776399999999995,90
2026-08-10 16:46:55,103.3019,84.7175,7.7559,-0.5731,2.2583,11.9756,21.1385,2.507049592028475,-18.584400000000016,90
2026-08-10 16:46:56,103.6714,85.1358,7.6587,-0.1239,1.577,10.7392,19.0199,2.4455302502672724,-18.535599999999988,90
2026-08-10 16:46:57,103.2141,83.2909,7.7754,-1.4779,2.3698,12.2519,21.8273,2.209406872671749,-19.92320000000001,90
2026-08-10 16:46:59,104.6797,85.8004,7.6393,,,13.2246,23.2227,1.989092323703463,-18.8793,90
2026-08-10 16:47:00,104.6657,86.1385,7.8337,-0.3742,2.4468,11.7111,20.9952,2.092048238650666,-18.527199999999993,90
2026-08-10 16:47:01,104.7257,86.2703,7.9309,-0.3599,3.1278,11.4572,20.282,2.138158921978737,-18.455399999999997,90
2026-08-10 16:47:02,103.3352,84.6545,7.4838,-0.5565,2.7385,10.6731,18.8089,2.135801217555179,-18.6807,90
2026-08-10 16:47:03,102.4771,84.1389,7.4643,-0.6535,2.499,10.9798,19.5432,2.0788362200374704,-18.338199999999972,90
2026-08-10 16:47:04,102.3811,83.4685,7.892,-0.6046,2.5038,11.741,21.2127,2.1343165704097773,-18.912599999999998,90
2026-08-10 16:47:05,101.591,84.1274,8.0475,-0.3427,2.278,11.3167,19.7885,2.1211430773689024,-17.463599999999985,90
2026-08-10 16:47:06,100.9319,83.7664,7.9114,-0.7126,2.324,11.6841,20.1422,2.105554067460806,-17.16550000000001,90
2026-08-10 16:47:08,99.6504,81.9444,7.4643,-1.1017,2.8758,13.4332,22.7642,2.0235250597175067,-17.706000000000017,90
2026-08-10 16:47:09,97.9065,78.7817,7.6393,-0.4356,3.1373,13.3268,21.9453,1.9822203076452065,-19.124799999999993,90
2026-08-10 16:47:10,97.8541,76.8737,7.9697,-0.3514,1.7608,14.3896,24.135,1.9103910864382465,-20.980400000000003,90
2026-08-10 16:47:11,98.9913,81.3428,7.892,-0.4857,1.5901,12.7666,22.374,1.8028768490240108,-17.648500000000013,90
2026-08-10 16:47:12,100.7792,82.122,7.717,0.0054,1.7292,11.9702,20.8521,1.6792758498686982,-18.65719999999999,90
2026-08-10 16:47:13,101.9676,83.5716,7.8142,-0.8034,2.127,11.0884,19.6836,1.6768989134256755,-18.396000000000015,90
2026-08-10 16:47:15,101.6985,82.9586,7.7754,-0.588,2.1395,,,1.6799704508826576,-18.739899999999977,90
2026-08-10 16:47:16,100.7885,83.056,8.3196,-0.6794,2.655,11.4004,20.6713,1.706276556615847,-17.732500000000016,90
2026-08-10 16:47:17,102.1536,82.6549,7.7948,,,11.3651,20.683,1.7524001039286403,-19.498699999999985,90
2026-08-10 16:47:18,101.986,82.6434,7.7754,-0.3952,2.7838,11.9663,21.7756,1.7166533883016422,-19.342600000000004,90
2026-08-10 16:47:19,102.5892,82.6434,8.1058,-0.6347,2.5262,12.6993,23.2348,1.6685605921506894,-19.94580000000002,90
2026-08-10 16:47:20,103.6366,84.9926,7.581,-0.641,2.1285,12.7394,23.1893,1.4156187764079802,-18.644000000000005,90
2026-08-10 16:47:21,103.017,84.7175,7.8337,-0.559,2.2859,12.3915,22.5936,1.079410374529968,-18.299499999999995,90
2026-08-10 16:47:23,103.2993,84.3738,7.4643,-0.9041,2.5552,11.5273,20.8115,0.8969472672998821,-18.9255,90
2026-08-10 16:47:24,102.8571,84.7691,7.1533,-0.4764,2.4589,11.6023,20.8321,1.116364872338166,-18.088000000000022,90
2026-08-10 16:47:25,101.8583,85.1014,7.3283,-0.9543,2.5612,12.4104,22.1503,1.3571595008018014,-16.7569,90
2026-08-10 16:47:26,102.6288,84.4425,7.7948,-0.2648,2.234,13.0177,23.3438,1.8547739588111505,-18.186300000000017,90
2026-08-10 16:47:28,102.3347,84.1045,7.5615,,,13.7811,25.2443,2.62245552016102,-18.230199999999996,90
2026-08-10 16:47:29,102.262,84.0987,8.1253,-0.967,1.9957,12.4291,22.1721,2.680794748378137,-18.163299999999992,90
2026-08-10 16:47:30,101.2233,83.7378,7.9114,-0.6095,2.2263,13.1993,23.1729,2.992696194926471,-17.485500000000002,90
2026-08-10 16:47:41,93.394,79.4005,7.7559,-0.815,1.8668,13.7454,25.4304,2.754605398283943,-13.993500000000012,90
2026-08-10 16:47:42,92.8398,78.4551,7.8726,-0.5489,2.281,10.1918,18.4654,2.681233669877719,-14.38470000000001,90
2026-08-10 16:47:43,91.185,77.355,7.9309,-1.1512,3.0593,18.2827,32.8069,2.4308959477966505,-13.829999999999984,90
2026-08-10 16:47:44,91.5158,78.3634,7.6004,-0.0765,3.044,14.5977,26.1733,2.124689860330787,-13.1524,90
2026-08-10 16:47:45,92.6176,78.7473,7.4643,-1.0132,2.6675,16.2073,28.9826,1.9405669867762088,-13.870299999999986,90
2026-08-10 16:47:47,94.4248,79.0453,7.6004,-1.1021,2.4408,13.736,24.5445,1.8559042970050184,-15.379500000000007,90
2026-08-10 16:47:48,95.3352,81.7038,7.7365,-1.1151,1.9814,13.5657,23.4686,1.9441039987689896,-13.631399999999985,90
2026-08-10 16:47:49,96.5914,82.1392,7.581,-0.6215,2.1017,13.9539,23.8769,2.0003606163921446,-14.452200000000005,90
2026-08-10 16:47:51,97.0196,81.085,7.4838,-0.0016,2.0529,15.1181,25.8089,2.019208931951164,-15.934599999999989,90
2026-08-10 16:47:52,95.8345,81.5663,7.5032,-0.2082,1.8786,,,2.1244121444733417,-14.268200000000007,90
2026-08-10 16:47:53,95.1337,81.3543,7.5421,-0.6363,2.0386,13.291,22.3946,2.2809931488219117,-13.77940000000001,90
2026-08-10 16:47:54,94.6345,77.4868,6.7646,-0.6658,1.1558,14.5038,24.038,2.298802952199871,-17.147699999999986,90
2026-08-10 16:47:56,96.3308,78.8906,7.9503,-0.5104,3.3104,16.2946,28.3725,1.9629177493401804,-17.440200000000004,90
2026-08-10 16:47:57,97.3203,81.3027,7.5421,-0.6204,2.7499,14.8078,24.7884,2.061167629929773,-16.017600000000016,90
2026-08-10 16:47:58,97.5624,82.7523,7.6199,-0.6608,2.0133,15.017,25.6525,2.099958655719698,-14.810099999999977,90
2026-08-10 16:48:00,96.48,80.7527,7.406,,,14.6042,24.979,2.3286469084740076,-15.727300000000014,90
2026-08-10 16:48:01,96.9274,81.3084,8.0669,-0.7844,1.8797,14.6575,25.3427,2.3878893164071138,-15.619,90
2026-08-10 16:48:02,98.6858,82.695,7.6782,-0.6211,2.1622,14.2536,24.4918,2.363381140893623,-15.990800000000007,90
2026-08-10 16:48:03,100.1553,82.357,7.6393,-1.2317,2.4748,14.6145,25.2965,2.2706178909183423,-17.798299999999983,90
2026-08-10 16:48:04,101.223,83.8352,7.6587,-1.2941,2.555,14.226,24.7881,2.1001018882078566,-17.3878,90
2026-08-10 16:48:06,100.7282,84.3337,7.7559,,,12.8061,23.4598,1.799798185232404,-16.394499999999994,90
2026-08-10 16:48:07,100.5819,84.3337,7.2894,-1.1558,2.4474,12.8656,23.5801,1.727936233621264,-16.248199999999997,90
2026-08-10 16:48:08,101.1083,84.0529,7.7559,-0.3653,2.6694,13.0974,24.3297,1.8829883076042941,-17.05540000000002,90
2026-08-10 16:48:09,102.2888,84.2592,8.0086,-1.1488,2.7441,14.3799,26.6625,2.259002171043135,-18.029599999999988,90
2026-08-10 16:48:10,101.1954,84.3795,7.8337,-0.7751,2.7179,12.8063,23.0086,2.414523164012134,-16.8159,90
2026-08-10 16:48:12,98.8659,82.1392,7.2894,,,14.663,24.9896,2.4604302944178147,-16.726699999999994,90
2026-08-10 16:48:13,98.0235,81.0334,7.7559,-0.559,2.2219,12.5011,22.418,2.5314778203501094,-16.990099999999984,90
2026-08-10 16:48:14,98.1115,80.1969,8.2419,-1.1686,2.5974,13.3518,23.1886,2.501386367541812,-17.914600000000007,90
2026-08-10 16:48:15,98.8018,80.2542,7.9309,-0.1898,1.842,10.4695,18.7077,2.3999047795717328,-18.54759999999999,90
2026-08-10 16:48:16,97.6228,81.4975,7.7754,-1.1365,1.9557,15.251,26.7633,2.370275828200457,-16.12529999999998,90
2026-08-10 16:48:18,95.5412,79.2343,7.9114,,,11.8729,21.8236,2.7823730511062514,-16.306899999999985,90
2026-08-10 16:48:19,93.6108,78.4322,8.1836,-0.0064,2.396,12.0466,22.4483,2.7952878887393577,-15.178600000000017,90
2026-08-10 16:48:20,94.4334,77.2863,8.0086,-0.5628,2.4166,13.3766,24.6214,2.798144239271711,-17.147100000000023,90
2026-08-10 16:48:30,102.3243,83.9154,7.4255,-0.6061,2.2141,11.2308,20.0141,2.869976980571542,-18.40889999999999,90
2026-08-10 16:48:31,103.8241,83.3367,7.2505,-1.7687,2.635,,,2.4122041974664117,-20.487400000000008,90
2026-08-10 16:48:32,103.5101,86.0697,7.0756,0.5087,2.3968,15.8852,27.5867,2.0897967771731767,-17.44040000000001,90
2026-08-10 16:48:33,101.8602,82.4773,7.6199,,,12.9098,22.8234,1.6690991527133205,-19.382900000000006,90
2026-08-10 16:48:34,101.0971,84.7118,7.7365,-1.2525,2.0079,12.928,22.7014,1.6224079321670304,-16.3853,90
2026-08-10 16:48:36,102.2796,83.1763,7.8142,-0.4986,1.8512,12.4402,22.3118,0.9949655618624035,-19.10329999999999,90
2026-08-10 16:48:37,103.1356,83.268,7.406,-0.4128,1.7286,12.1717,21.8351,0.8210349648484557,-19.86759999999998,90
2026-08-10 16:48:38,103.7046,83.268,7.4449,-0.6123,2.3327,11.3902,20.6026,0.8336228436195842,-20.4366,90
2026-08-10 16:48:39,102.2356,83.268,7.6004,,,11.6661,20.8525,0.812960113595805,-18.967600000000004,90
2026-08-10 16:48:40,101.4951,84.4998,7.7365,0.0814,2.8165,11.3193,20.6074,0.9433277757751463,-16.995299999999986,90
2026-08-10 16:48:41,101.8151,85.5025,7.3866,0.5807,2.4083,10.7388,19.5523,1.0912314682890623,-16.312600000000003,90
2026-08-10 16:48:43,102.1687,85.5025,7.892,-1.1353,1.905,13.2313,23.0835,1.0058558224641683,-16.666200000000003,90
2026-08-10 16:48:44,101.7768,82.7236,8.3002,-0.8669,2.0548,12.7092,22.9522,1.0575865138798697,-19.053200000000004,90
2026-08-10 16:48:45,103.1514,85.2962,7.3672,,,12.6772,22.8745,1.0807009098088558,-17.855199999999996,90
2026-08-10 16:48:46,103.3439,83.0044,7.7559,-0.3127,1.991,10.0274,17.9046,1.102321537872049,-20.339499999999987,90
2026-08-10 16:48:47,103.2857,85.0212,7.4255,-1.4181,2.1668,14.9277,26.1346,1.1276272373328402,-18.264499999999998,90
2026-08-10 16:48:49,102.0198,83.8295,7.7365,-0.917,1.9931,8.9195,15.8411,1.13209953852688,-18.190300000000008,90
2026-08-10 16:48:50,100.2808,81.8241,8.1836,-0.3921,2.3407,8.9468,16.1292,1.1805915403431948,-18.456700000000012,90
2026-08-10 16:48:51,100.0145,81.8585,7.9892,,,10.5535,18.5503,1.2097567878413147,-18.156000000000006,90
2026-08-10 16:48:52,101.5088,83.0101,7.8142,-1.0099,2.4559,11.7969,20.35,1.2351897891169286,-18.498699999999985,90
2026-08-10 16:48:53,101.1278,83.5602,7.7559,-0.4875,2.4849,12.2179,21.1479,1.2624605707258614,-17.5676,90
2026-08-10 16:48:54,100.5901,82.9987,8.0281,-0.7121,2.8171,13.0538,22.7333,1.2356320037552408,-17.59140000000002,90
2026-08-10 16:48:55,100.6732,82.5919,7.6976,-0.385,2.5852,12.6398,22.0865,1.2227414070404008,-18.0813,90
2026-08-10 16:48:58,99.5743,83.9727,7.9697,-0.1633,2.0993,14.0689,24.6162,0.9647172949640235,-15.60159999999999,90
2026-08-10 16:48:59,99.9892,82.9987,7.6782,0.1108,2.4084,10.6552,19.3934,1.4714672756341491,-16.990499999999997,90
2026-08-10 16:49:00,99.6685,83.0732,8.1447,-0.6904,2.1124,13.4212,25.4568,1.7290779981862692,-16.59530000000001,90
2026-08-10 16:49:01,100.0847,83.0732,7.406,-0.4747,2.2758,12.0327,22.4533,1.7645561314048874,-17.011500000000012,90
2026-08-10 16:49:03,99.4522,81.4517,8.0086,,,12.7445,23.2197,2.7608047960957087,-18.000499999999988,90
2026-08-10 16:49:48,299.341,351.2289,9.0583,-0.7937,2.2963,59.3782,111.3743,2.9320574104634787,51.8879,270
2026-08-10 16:49:50,297.9979,351.968,9.0194,-0.4207,1.9423,60.9733,112.0919,2.626092480771136,53.9701,270
2026-08-10 16:49:51,298.97,353.2457,8.9028,-1.619,2.3069,62.6314,114.4373,2.492390020842946,54.27569999999997,270
2026-08-10 16:49:52,298.7208,351.3893,9.0777,-0.3918,1.9273,,,2.4349295621279,52.668499999999995,270
2026-08-10 16:49:53,296.5457,351.8133,8.9805,-0.5963,2.4751,59.7711,113.5909,2.0917963349843016,55.267600000000016,270
2026-08-10 16:49:54,297.8825,348.8797,8.8639,1.2519,2.213,58.1434,113.8599,2.1871682501453598,50.99720000000002,270
2026-08-10 16:49:55,296.3743,349.3553,8.6695,0.3721,2.8571,62.7109,113.3342,2.3194192163647434,52.980999999999995,270
2026-08-10 16:49:56,297.3854,349.8137,8.689,0.4466,2.0476,62.129,116.6903,2.3623498465944577,52.42829999999998,270
2026-08-10 16:49:58,299.2537,353.4749,8.825,,,66.7087,120.2068,2.0738877714226756,54.22120000000001,270
2026-08-10 16:49:59,298.7045,353.2342,8.7862,-1.0695,2.4072,65.1825,120.3831,1.9737325114097626,54.52969999999999,270
2026-08-10 16:50:00,297.8289,349.4756,8.5723,0.4381,2.1515,61.4827,119.9922,1.9737325114097626,51.64670000000001,270
2026-08-10 16:50:01,295.3536,349.5845,8.6306,0.4932,2.7835,61.4289,115.6354,1.9844187335709742,54.23090000000002,270
2026-08-10 16:50:02,294.7217,348.5646,8.6112,1.0576,2.158,59.6691,117.4189,2.056881089595275,53.842899999999986,270
2026-08-10 16:50:04,293.3193,346.204,8.689,0.3459,1.6292,60.0662,113.4573,2.360912496714392,52.88470000000001,270
2026-08-10 16:50:05,293.9274,347.4301,8.7084,-0.7863,2.3324,61.4976,115.0796,2.360689915150194,53.502700000000004,270
2026-08-10 16:50:06,292.812,351.0742,8.9611,-1.6722,1.8008,62.1523,114.3282,2.3785980318323956,58.26220000000001,270
2026-08-10 16:50:07,295.8628,350.7705,8.8833,-0.9509,3.4776,61.7257,119.3104,2.4286331444756577,54.907700000000034,270
2026-08-10 16:50:08,294.4384,350.7648,8.7862,-0.3222,1.1995,55.2029,114.6578,2.456389331647765,56.32639999999998,270
2026-08-10 16:50:09,297.1708,350.9939,8.9805,,,60.831,115.0586,2.4829997375276855,53.82310000000001,270
2026-08-10 16:50:11,298.2364,354.5749,8.8056,-1.9372,3.048,55.9775,115.5445,2.542914346929979,56.33850000000001,270
2026-08-10 16:50:13,300.0213,356.2709,8.8445,0.8414,2.0371,57.4158,110.9286,2.418607606642422,56.24959999999999,300
2026-08-10 16:50:14,300.902,354.5234,8.5723,-0.4014,2.652,58.4634,105.3846,2.356566735887259,53.621399999999994,300
2026-08-10 16:50:15,297.8729,353.4519,8.689,0.1299,1.6792,61.3229,107.7294,2.5453774498396777,55.57900000000001,270
2026-08-10 16:50:16,298.3084,351.7961,8.7084,,,64.0233,107.583,2.421619149066599,53.48770000000002,270
2026-08-10 16:50:17,299.1566,352.18,8.825,-2.9304,2.3218,61.7034,112.2467,2.1221218031293074,53.02339999999998,270
2026-08-10 16:50:18,300.0893,354.8213,8.7862,-0.6833,2.3562,60.3295,111.468,2.2980104728318924,54.73200000000003,300
2026-08-10 16:50:19,299.8061,353.6639,9.0,-0.9105,2.137,60.5627,112.2429,2.2904425977470066,53.8578,270
2026-08-10 16:50:21,298.546,351.2174,8.7667,-1.6504,2.3748,60.2708,106.3377,2.3621675182725057,52.671400000000006,270
2026-08-10 16:50:22,297.3096,353.3774,8.9417,-0.028,2.4449,59.1311,107.3271,2.3621943143160964,56.067800000000034,270
2026-08-10 16:50:23,297.2982,352.2029,8.9805,-0.725,2.3209,58.4594,110.5731,2.3911886789017225,54.90469999999999,270
2026-08-10 16:50:24,297.9837,351.4007,9.136,,,58.321,113.6415,2.348900486748085,53.41699999999997,270
2026-08-10 16:50:25,303.9436,350.0715,9.0194,-0.7241,1.985,57.3472,113.6043,2.2458831699814343,46.12790000000001,300
2026-08-10 16:50:26,295.684,349.9855,9.0583,-0.4909,2.2843,56.9894,115.0964,2.2458100447195997,54.301499999999976,270
2026-08-10 16:50:28,293.8879,348.6849,8.9611,0.5456,2.123,58.2725,115.9909,2.347584413585933,54.797000000000025,270
2026-08-10 16:50:29,294.5188,347.9974,8.6306,-0.4362,2.6137,61.0099,113.9911,2.282102480467375,53.47860000000003,270
2026-08-10 16:50:30,294.994,349.2522,9.0194,-1.0001,1.8235,60.6343,112.7384,2.2434140089248285,54.25819999999999,270
2026-08-10 16:50:31,296.8322,350.6273,8.7278,,,63.2755,115.1774,2.208316618942793,53.79509999999999,270
2026-08-10 16:50:32,298.2531,352.392,8.8056,-2.2123,2.2781,65.1201,118.3344,2.200720764877356,54.13889999999998,270
2026-08-10 16:50:34,298.609,350.3923,8.6306,0.8876,2.7174,,,2.2662971123171274,51.7833,270
2026-08-10 16:50:35,297.1737,350.6731,8.4557,-0.2686,2.6942,60.8091,106.2629,2.2656873588499558,53.49939999999998,270
2026-08-10 16:50:36,297.7553,351.3205,8.4168,-0.5659,2.1161,60.3837,105.9759,1.6390096410660213,53.565200000000004,270
2026-08-10 16:50:37,300.0351,352.8847,8.4751,-2.4745,2.2972,61.6315,108.2102,1.6007566198837069,52.84960000000001,300
2026-08-10 16:50:39,298.3044,351.3893,8.5529,,,63.9838,118.2433,1.300555921551329,53.084900000000005,270
2026-08-10 16:50:40,298.9263,351.5784,8.689,-0.7158,1.4036,62.6033,112.8634,1.1449430649057208,52.65209999999996,270
2026-08-10 16:50:41,299.1833,352.3404,8.9611,-0.2722,2.1335,64.0615,115.9599,1.0339645520991916,53.157100000000014,270
2026-08-10 16:50:42,298.0027,351.756,8.9028,0.2315,2.8494,61.646,115.2022,1.0075058264688967,53.75329999999997,270
2026-08-10 16:50:43,297.0287,349.636,8.825,1.0156,2.0892,56.9477,113.3479,1.361242779501426,52.60730000000001,270
2026-08-10 16:50:45,297.5128,350.1861,9.0,-0.4753,2.8289,60.5711,111.0877,1.4041340997953458,52.67329999999998,270
2026-08-10 16:50:46,297.3469,351.4695,8.9611,-0.5131,2.1843,60.6496,113.9183,1.397542143193232,54.12259999999998,270
2026-08-10 16:50:47,298.2344,349.4699,9.0389,-1.2995,2.6651,58.7186,112.33,1.4765755946895227,51.2355,270
2026-08-10 16:50:48,297.187,352.0253,9.0583,,,61.8663,113.7891,1.4870141900680047,54.838300000000004,270
2026-08-10 16:50:49,297.2767,352.4034,8.9028,-0.2561,2.2766,60.9868,113.537,1.5079253724098014,55.12669999999997,270
2026-08-10 16:50:50,299.6833,352.4435,8.825,-1.2336,1.9385,60.2878,111.4762,1.498549636409218,52.7602,270
2026-08-10 16:50:51,300.2946,355.8469,9.2916,-2.0837,2.0678,60.2709,112.755,1.5415874039644692,55.5523,300
2026-08-10 16:50:53,302.1753,354.4202,9.5248,0.355,2.031,50.3126,111.4383,1.7030337513359288,52.24490000000003,300
2026-08-10 16:50:54,298.9027,356.2938,9.1944,-0.6701,2.4221,62.7159,113.9189,1.6400915109155265,57.391099999999994,270
2026-08-10 16:50:55,300.5497,355.039,9.311,-2.3804,2.024,53.3054,104.6408,1.6058201050895966,54.489300000000014,300
2026-08-10 16:50:57,301.0646,354.6494,9.0972,-1.9329,2.3618,61.4125,110.345,1.5162186042083576,53.58480000000003,300
2026-08-10 16:50:58,300.2518,355.3713,9.2721,,,57.1465,109.6909,1.502429319078173,55.119500000000016,300
2026-08-10 16:50:59,300.8167,353.5608,9.0972,-0.451,2.4339,61.3145,109.6953,1.4591117053598655,52.744099999999946,300
2026-08-10 16:51:00,298.8171,352.094,9.0194,-0.1501,2.3207,59.5221,110.3617,1.4630670529070824,53.27690000000001,270
2026-08-10 16:51:02,296.2593,350.7075,8.689,0.3903,2.1739,59.0949,104.3083,1.681667219676434,54.448199999999986,270
2026-08-10 16:51:03,297.3862,352.8732,8.6306,-1.7735,2.3649,63.8346,108.959,1.6402940717794552,55.48700000000002,270
2026-08-10 16:51:04,298.8201,353.3603,8.8056,0.1161,2.2673,61.9307,109.4673,1.6063066111877933,54.54019999999997,270
2026-08-10 16:51:05,299.8286,351.9164,8.7473,-0.3285,2.496,63.0719,109.1401,1.634695210393768,52.087800000000016,270
2026-08-10 16:51:06,298.4272,353.6926,8.9222,-0.5184,2.4422,62.7537,108.9415,1.745225029379947,55.2654,270
2026-08-10 16:51:07,298.8595,349.8194,8.7667,,,63.5834,108.755,1.7034109959650443,50.95989999999995,270
2026-08-10 16:51:08,299.6146,352.8618,8.6695,-1.7325,2.4398,61.884,109.5606,1.8049654523115668,53.24720000000002,270
2026-08-10 16:51:10,301.7391,352.7873,8.7473,0.3765,2.8548,64.0441,112.102,1.8094304553846674,51.04820000000001,300
2026-08-10 16:51:11,302.4096,354.4833,8.5335,-0.8286,2.338,58.6113,106.8025,1.8514736748134348,52.073699999999974,300
2026-08-10 16:51:12,301.9588,351.9393,8.7862,-0.8127,2.0125,65.8252,109.1738,1.799376240837196,49.980500000000006,300
2026-08-10 16:51:13,300.4881,353.7613,8.8445,-1.7045,2.2687,66.4736,112.5636,1.6142293143775808,53.27320000000003,300
2026-08-10 16:51:14,301.6875,354.1395,9.0194,-1.3667,2.5405,67.1424,113.327,1.5060987772600176,52.452,300
2026-08-10 16:51:16,302.5788,353.7441,9.0972,-0.6587,2.3777,,,1.629361305368133,51.1653,300
2026-08-10 16:51:17,299.3686,349.8194,8.9611,0.9502,3.6437,63.5235,112.1305,1.7811869029867187,50.45079999999996,270
2026-08-10 16:51:18,297.1294,351.0169,8.6112,,,65.1407,113.4232,1.8865289484869623,53.887500000000045,270
2026-08-10 16:51:19,298.9321,350.0658,8.825,0.6863,1.631,60.3402,107.5602,1.9086746318212326,51.13370000000003,270
2026-08-10 16:51:20,298.5933,353.9848,8.9222,-2.4768,2.1191,64.0196,107.6537,1.9086746318212326,55.39150000000001,270
2026-08-10 16:51:22,299.5776,352.7816,9.0,-1.3466,2.4705,57.47,108.1448,1.6803104766681258,53.20400000000001,270
2026-08-10 16:51:23,298.9374,351.3606,8.9417,0.9998,2.3532,63.032,111.7956,1.546469632505884,52.42319999999995,270
2026-08-10 16:51:24,299.6492,351.0455,8.9028,-2.3094,2.6118,54.3706,104.8845,1.502515221832037,51.3963,270
2026-08-10 16:51:25,297.9238,352.3347,8.9222,0.6249,2.106,61.8508,114.4439,1.3875118110925835,54.41089999999997,270
2026-08-10 16:51:26,297.7604,348.8683,8.8056,0.313,2.782,51.4221,112.0056,1.3875118110925835,51.10789999999997,270
2026-08-10 16:51:27,296.3931,347.8942,8.689,-0.0089,2.1209,55.431,110.9306,0.9719535400929225,51.50110000000001,270
2026-08-10 16:51:29,298.2599,348.8282,8.6501,-1.5959,2.3844,58.6228,109.5967,1.0916133274307183,50.568299999999965,270
2026-08-10 16:51:31,298.2184,351.6414,8.7667,-1.0093,2.5344,58.7405,115.8872,1.2111631080684901,53.423,270
2026-08-10 16:51:32,299.4003,350.8278,8.7278,-0.3582,2.4113,59.6894,113.9802,1.2359381139634278,51.42750000000001,270
2026-08-10 16:51:33,297.9437,350.7877,8.8639,0.8358,2.2054,58.8076,115.3716,1.2151283899414393,52.843999999999994,270
2026-08-10 16:51:34,298.164,348.175,8.9222,-1.5702,2.6224,64.2959,114.6897,1.214118695021878,50.011000000000024,270
2026-08-10 16:51:35,296.7288,349.7277,9.3887,0.2063,2.1314,61.0466,115.972,1.22288081230307,52.99890000000005,270
2026-08-10 16:51:37,298.7359,351.0799,8.9028,-1.7271,2.4389,62.906,115.2686,1.2386193716800196,52.343999999999994,270
2026-08-10 16:51:38,299.9723,351.7445,8.9611,,,64.6784,116.1023,1.1200858976431058,51.7722,270
2026-08-10 16:51:39,300.4578,353.2571,9.136,-1.1979,1.8161,62.2884,118.5981,1.0465014204369,52.79929999999996,300
2026-08-10 16:51:40,300.4281,351.9737,9.5637,-0.1485,2.4048,63.5033,116.8892,1.0546547079703137,51.545600000000036,300
2026-08-10 16:51:42,300.1989,351.5956,9.5248,-0.8716,2.3255,63.8956,119.3873,1.1202573889791683,51.39670000000001,300
2026-08-10 16:51:43,298.5265,352.5696,9.6998,1.2213,2.6354,60.4053,120.8855,1.1494094535198107,54.04309999999998,270
2026-08-10 16:51:44,298.8681,350.123,9.3304,-0.2052,1.8932,55.17,111.299,1.1215994201452413,51.254899999999964,270
2026-08-10 16:51:45,297.2223,349.785,9.3304,-0.2158,2.0264,58.5249,112.5049,1.16038658795008,52.56270000000001,270
2026-08-10 16:51:47,298.4878,351.8018,8.9222,,,61.8884,109.3702,1.234285329806145,53.31400000000002,270
2026-08-10 16:51:48,298.4039,353.6009,8.8833,-1.9143,2.335,62.0406,110.5257,1.213973823646191,55.197,270
2026-08-10 16:51:49,299.6014,353.7613,8.8056,-0.9337,2.1023,60.8411,110.3772,1.2865169223660267,54.15989999999999,270
2026-08-10 16:51:50,299.6349,352.8217,8.6501,-1.0138,1.6953,61.6621,107.5644,1.4683049826343384,53.186800000000005,270
2026-08-10 16:51:51,301.0223,353.8645,8.8056,-0.9549,1.4881,64.7731,111.662,1.666205716311475,52.84220000000005,300
2026-08-10 16:51:52,299.0946,352.0883,8.7862,-1.6969,3.0576,65.4451,112.645,2.071124702386603,52.99369999999999,270
2026-08-10 16:51:54,299.5314,351.6586,8.6306,-1.3886,1.7884,63.666,111.1833,2.479008569510886,52.12719999999996,270
2026-08-10 16:51:55,300.8056,353.2571,8.9028,-2.2369,1.9747,60.5299,106.3507,2.4934395326894467,52.45149999999995,300
2026-08-10 16:51:56,302.6822,355.0734,8.9805,-1.5931,2.9368,69.2947,116.6995,2.696126711482192,52.39119999999997,300
2026-08-10 16:52:06,307.4331,359.8347,9.0194,-3.5041,2.1353,56.0871,101.3393,2.9046678808343547,52.40159999999997,300
2026-08-10 16:52:07,307.6086,4.5493,9.0389,-0.4298,2.396,63.553,108.2623,2.866589643008269,56.94069999999999,300
2026-08-10 16:52:08,309.2348,2.0569,9.0194,-2.4881,2.5779,52.7803,100.8158,2.786524217486682,52.82209999999998,300
2026-08-10 16:52:09,309.3437,4.28,8.9028,-0.0235,2.6931,59.3016,106.5595,2.280751229198444,54.93629999999996,300
2026-08-10 16:52:11,308.6157,1.971,8.8833,-0.4132,1.7713,54.5414,100.5725,1.6332294893405137,53.3553,300
2026-08-10 16:52:12,308.4601,3.7185,9.0777,-1.6148,2.1077,59.976,105.8282,1.36970191236552,55.258399999999995,300
2026-08-10 16:52:13,309.3573,0.5157,8.9028,-0.0358,2.5312,48.32,96.3357,1.3811893468445047,51.15839999999997,300
2026-08-10 16:52:14,308.0534,0.4183,8.7862,-0.6323,2.5906,54.9475,101.217,1.374874681036347,52.36489999999998,300
2026-08-10 16:52:15,307.3862,359.3591,8.5529,0.0082,3.1661,56.7595,103.1334,1.5548113117921127,51.97290000000004,300
2026-08-10 16:52:16,308.0076,0.6646,8.4751,-1.1663,1.5605,54.8076,98.2925,1.7749102251458273,52.65699999999998,300
2026-08-10 16:52:18,306.5532,359.4737,8.6695,0.4301,2.3624,52.9873,101.6032,1.9856818941973045,52.920500000000004,300
2026-08-10 16:52:19,307.093,356.7121,8.6306,0.2685,3.2036,62.2557,106.4037,1.9423853653789036,49.6191,300
2026-08-10 16:52:20,306.0285,0.0,8.6112,,,51.9762,97.1436,1.931457074746136,53.97149999999999,300
2026-08-10 16:52:21,306.8516,356.3396,8.8445,-0.1049,1.898,57.7062,101.1859,1.9849570604628008,49.488,300
2026-08-10 16:52:23,305.5646,356.2193,8.6112,0.6582,2.4387,54.6709,101.6016,1.8865153227109401,50.65469999999999,300
2026-08-10 16:52:24,304.5373,355.9443,8.6695,-0.5621,2.1811,58.7223,103.3032,1.645733903131756,51.40699999999998,300
2026-08-10 16:52:25,303.8919,356.2193,8.7278,-0.6177,2.527,60.7352,106.1359,1.5087589691492804,52.327399999999955,300
2026-08-10 16:52:26,303.2301,355.5719,8.514,0.0374,2.4978,60.08,104.8729,1.429718995921742,52.341800000000035,300
2026-08-10 16:52:27,303.9035,356.7293,8.6695,-1.3958,2.1716,66.75,110.5913,1.2962862760389424,52.825800000000015,300
2026-08-10 16:52:28,304.3878,356.735,8.9417,-0.8527,2.5004,68.0832,111.7739,1.2962862760389424,52.34719999999999,300
2026-08-10 16:52:30,303.5281,354.8729,8.8445,0.2099,2.7476,59.6786,104.7158,1.7411029487391287,51.34480000000002,300
2026-08-10 16:52:31,303.3849,354.2827,8.9028,-1.4598,2.2034,59.8725,105.8143,2.0205809212002417,50.89779999999996,300
2026-08-10 16:52:32,303.789,356.7407,9.0583,-2.5139,2.2857,61.205,108.0112,1.986877963055512,52.95170000000002,300
2026-08-10 16:52:34,306.0224,358.0986,9.8164,-1.6918,2.274,62.8577,115.165,1.9441811805019373,52.07619999999997,300
2026-08-10 16:52:35,305.2795,355.9099,9.5637,-0.8935,2.635,,,2.0188886084458306,50.63040000000001,300
2026-08-10 16:52:36,304.1775,354.8786,9.5248,,,56.6313,108.7379,2.0685351359627004,50.7011,300
2026-08-10 16:52:37,303.1123,354.827,9.3304,0.4423,2.6553,55.0398,109.2278,2.124037793069789,51.71469999999999,300
2026-08-10 16:52:39,301.3253,351.0627,9.0389,0.4565,2.4971,60.9438,111.8898,2.273551661374274,49.73739999999998,300
2026-08-10 16:52:40,299.3682,349.8423,9.0389,0.1823,2.428,61.5107,110.7482,2.232106186766599,50.47410000000002,270
2026-08-10 16:52:41,299.0463,350.9997,8.9611,-1.0859,2.5406,63.2296,110.0606,2.1875860844387454,51.953400000000045,270
2026-08-10 16:52:42,300.3425,351.4924,9.0194,-1.735,2.0025,65.1964,111.8899,2.1604913926687095,51.1499,300
2026-08-10 16:52:44,301.315,353.5608,9.3693,-1.4244,2.5636,65.7568,114.3003,2.124199679159825,52.245799999999974,300
2026-08-10 16:52:45,300.038,353.9332,9.3887,,,66.1784,115.452,1.779274543100768,53.89519999999999,300
2026-08-10 16:52:46,300.3541,352.7701,9.3304,-0.4931,2.3618,64.0239,113.9437,1.6138992692292105,52.416,300
2026-08-10 16:52:48,299.2069,351.4867,8.8445,-1.7429,2.6656,66.2615,112.3659,1.2115262859867053,52.279799999999966,270
2026-08-10 16:52:49,298.9823,353.9504,9.0583,-1.569,1.8328,58.175,111.314,1.1782846166995045,54.96809999999999,270
2026-08-10 16:52:50,300.3734,353.0165,8.9028,-2.611,2.1708,65.817,113.8982,1.179191301166889,52.643100000000004,300
2026-08-10 16:52:51,301.8398,357.9497,8.9611,0.301,2.161,61.561,116.3406,1.164325359457265,56.10989999999998,300
2026-08-10 16:52:52,302.6729,355.3713,8.8639,,,58.891,109.4872,1.1299258200906157,52.69839999999999,300
2026-08-10 16:52:54,299.8561,353.0509,8.9028,0.3903,2.1569,62.1059,114.3416,1.2464352573961195,53.19479999999999,270
2026-08-10 16:52:55,300.7562,351.6586,8.7862,-0.8148,2.8529,66.5432,115.7515,1.2651460750288133,50.9024,300
2026-08-10 16:52:56,297.6438,351.7101,8.5723,-0.4266,2.6746,66.8108,115.3364,1.7167762204064012,54.06630000000001,270
2026-08-10 16:52:57,299.1737,351.4409,8.3585,-0.7876,2.2396,64.1096,111.4971,1.9380382649708259,52.2672,270
2026-08-10 16:52:58,301.2158,352.9305,8.2224,0.2087,2.639,64.1911,112.6718,2.133695149303716,51.71469999999999,300
2026-08-10 16:52:59,300.0059,353.6983,8.4168,-0.1562,2.9818,65.7735,113.3587,2.095348972287098,53.69240000000002,300
2026-08-10 16:53:01,300.3315,350.9653,8.378,,,65.5168,112.1002,2.047660927843628,50.63380000000001,300
2026-08-10 16:53:02,300.4565,354.4775,8.4557,-0.3878,1.7092,65.9174,112.683,2.1307275784828676,54.021000000000015,300
2026-08-10 16:53:03,302.3543,355.2109,8.3974,-1.4737,1.8725,67.2081,113.9791,2.1908175900689466,52.85659999999996,300
2026-08-10 16:53:04,301.8966,355.188,8.7084,-1.9426,2.7127,65.5623,115.595,2.1383552003193014,53.29140000000001,300
2026-08-10 16:53:06,305.3943,356.3396,8.7667,-2.7083,3.0519,69.0409,116.8064,2.063967786044137,50.94530000000003,300
2026-08-10 16:53:07,304.6028,0.7448,8.825,-0.8789,2.3545,56.9379,110.1877,1.8172842766918358,56.141999999999996,300
2026-08-10 16:53:08,305.3628,357.5085,9.2721,-0.7279,2.512,59.08,110.8544,1.6403432846180248,52.14570000000003,300
2026-08-10 16:53:09,302.5705,354.4374,8.689,,,57.8714,110.9429,1.7285199571496166,51.866900000000044,300
2026-08-10 16:53:10,301.7709,354.5635,8.7667,-1.0683,2.3214,60.5067,112.2075,1.623057598104351,52.79259999999999,300
2026-08-10 16:53:12,304.141,356.6089,9.3304,-0.8206,2.3831,66.2185,115.3207,1.5294377651182098,52.467899999999986,300
2026-08-10 16:53:13,304.086,358.0642,9.311,-1.4794,2.3102,63.5596,116.8345,1.4317737943157292,53.978200000000015,300
2026-08-10 16:53:14,302.7286,356.0073,9.0777,0.2731,2.4489,56.4224,108.9314,1.425961011409128,53.278700000000015,300
2026-08-10 16:53:15,301.68,353.5035,8.9805,,,56.5844,105.6887,1.4129046521967805,51.82349999999997,300
2026-08-10 16:53:16,301.446,353.9332,8.9028,-0.5661,1.7541,57.782,107.12,1.4370825455637062,52.48719999999997,300
2026-08-10 16:53:18,302.6854,355.9729,8.9805,-2.3292,2.8277,62.9613,110.5369,1.4357475749735782,53.287499999999966,300
2026-08-10 16:53:19,299.8991,356.9298,8.689,-1.0015,2.0016,53.6761,103.0227,1.2646865721342222,57.030700000000024,270
2026-08-10 16:53:20,303.1204,355.6636,8.5529,-1.5023,2.2727,58.6584,107.1928,1.5189567754855908,52.543199999999956,300
2026-08-10 16:53:21,302.0016,355.2052,8.6695,-1.176,2.1673,,,1.6163971056139872,53.203599999999994,300
2026-08-10 16:53:23,303.599,355.3656,9.1166,-1.0009,2.0585,61.4722,113.1644,1.5397068066110418,51.76659999999998,300
2026-08-10 16:53:24,302.7389,354.5921,9.1749,-1.1658,2.3169,61.9124,114.5485,1.4421766321229756,51.853200000000015,300
2026-08-10 16:53:25,302.265,351.6414,9.3304,-0.0151,1.8834,59.1806,115.0905,1.406531796198007,49.37639999999999,300
2026-08-10 16:53:26,301.0955,352.2258,9.5248,-0.2357,2.3172,61.7397,116.8082,1.4008821936412466,51.13029999999998,300
2026-08-10 16:53:27,299.9451,352.0253,9.5831,-0.3371,2.4232,62.4399,116.6643,1.4418418385412322,52.08019999999999,270
2026-08-10 16:53:28,300.3148,351.6872,9.4082,-0.7858,1.7476,62.9579,115.1773,1.5156473022883317,51.37240000000003,300
2026-08-10 16:53:30,298.4878,353.7556,9.2721,0.0112,1.7369,67.1084,117.3509,1.690986790038971,55.26780000000002,270
2026-08-10 16:53:31,299.5379,354.2197,9.4859,,,52.7969,111.6887,1.6780852607921464,54.68180000000001,270
2026-08-10 16:53:32,299.4889,353.4978,8.8445,-1.6447,1.7999,66.8513,117.8916,1.6780778611063556,54.00889999999998,270
2026-08-10 16:53:33,301.1192,353.3832,9.2138,-0.2507,2.3034,62.6848,113.4989,1.6780778611063556,52.26400000000001,300
2026-08-10 16:53:35,300.5357,354.1968,9.1166,-0.8826,2.2234,67.9585,115.2978,1.5615461303097717,53.661099999999976,300
2026-08-10 16:53:38,303.6005,356.4199,9.4276,-0.196,2.146,67.9955,117.0854,1.579658407552278,52.81939999999997,300
2026-08-10 16:53:39,304.4358,357.3939,9.3693,-1.4799,2.5373,57.0617,110.8768,1.5963923947682954,52.9581,300
2026-08-10 16:53:40,303.5232,354.7239,9.5054,,,67.4915,115.4802,1.732272485942034,51.20070000000004,300
2026-08-10 16:53:41,302.8594,355.1823,9.5054,0.6209,2.2135,57.6079,110.566,1.6197863901361609,52.322900000000004,300
2026-08-10 16:53:42,301.0788,353.8874,9.311,-0.3009,2.3901,64.5707,115.1978,1.5589717001832133,52.80860000000001,300
2026-08-10 16:53:44,301.3235,354.8843,9.3304,-1.7667,2.1352,59.2327,111.2152,1.8485349646912008,53.56079999999997,300
2026-08-10 16:53:45,300.8687,355.0333,9.1944,-0.5183,1.7253,57.125,112.8422,2.1195738965545634,54.16460000000001,300
2026-08-10 16:53:46,300.169,353.3144,9.3304,-2.1471,2.5688,63.1751,114.9701,2.36095736728983,53.145399999999995,300
2026-08-10 16:53:48,300.9743,353.4749,9.2721,,,68.3934,116.8343,2.7902561219315603,52.50059999999996,300
2026-08-10 16:53:49,302.6238,357.3652,9.1166,-1.4692,2.1268,56.5855,111.4602,2.707806426305773,54.7414,300
2026-08-10 16:53:50,304.6553,356.7293,9.2721,-2.9529,2.3815,67.8089,117.7812,2.6158257056887426,52.07400000000001,300
2026-08-10 16:53:51,303.6884,356.7923,9.2138,-0.0003,2.1517,68.0278,122.5918,2.502540961694321,53.10390000000001,300
2026-08-10 16:53:53,300.0998,347.8484,9.0972,1.3446,3.0851,67.2472,114.1196,2.447358508606091,47.74860000000001,300
2026-08-10 16:53:54,297.5512,348.3354,8.9805,0.5985,1.9225,68.5888,115.2254,2.4069580514738504,50.7842,270
2026-08-10 16:53:55,297.0159,346.0207,8.7667,-0.9694,2.8353,71.807,119.0395,2.4041932712791376,49.00479999999999,270
2026-08-10 16:53:56,297.0527,348.8339,8.5918,0.1055,2.365,64.0078,113.5094,2.4686199902189405,51.78120000000001,270
2026-08-10 16:53:57,295.974,348.2151,8.3391,-1.2525,3.0355,71.8542,118.3183,2.526281305266558,52.24110000000002,270
2026-08-10 16:53:58,296.6314,351.8935,8.1641,-0.499,1.6914,69.4711,115.074,2.526281305266558,55.26210000000003,270
2026-08-10 16:53:59,300.1144,352.8561,8.1836,-2.4872,2.4226,73.0373,117.8024,2.5985488928114324,52.74170000000004,300
2026-08-10 16:54:01,301.0586,355.4229,8.378,0.1744,2.5596,,,2.392019956030386,54.364300000000014,300
2026-08-10 16:54:03,300.5489,353.1425,8.4557,,,72.2497,116.3919,2.1419819828203943,52.59359999999998,300
2026-08-10 16:54:04,301.7507,353.3373,8.2419,-1.3422,1.9608,69.9191,114.5889,2.1359825463560775,51.58660000000003,300
2026-08-10 16:54:05,301.2088,357.0043,8.5723,-3.2883,2.4397,73.4357,116.7044,2.0790986811218977,55.795500000000004,300
2026-08-10 16:54:13,298.7939,351.2059,8.8639,-0.4043,2.3357,64.305,119.8933,1.8557027920153741,52.41199999999998,270
2026-08-10 16:54:14,299.7265,351.9794,8.689,-1.4972,2.9413,68.0543,119.6882,2.0049293321450605,52.25290000000001,270
2026-08-10 16:54:15,298.9048,352.8102,8.4363,0.8142,2.9886,70.4615,123.8092,2.0703905829769926,53.905399999999986,270
2026-08-10 16:54:18,299.3353,350.4267,8.0669,-0.595,2.725,70.8675,117.4773,2.0893142914762683,51.091399999999965,270
2026-08-10 16:54:19,299.9097,353.6124,8.3002,,,72.7212,119.4632,2.019502699921266,53.70269999999999,270
2026-08-10 16:54:20,301.4925,353.9619,8.2808,-0.5036,2.5908,71.5687,119.7197,1.9959060427289994,52.46940000000001,300
2026-08-10 16:54:21,303.5516,354.5004,8.4751,-0.9175,2.3562,70.639,119.2018,1.9959060427289994,50.948800000000006,300
2026-08-10 16:54:22,303.7014,358.2132,8.7862,-2.9479,2.6829,73.7278,120.7067,1.9713401238990618,54.511799999999994,300
2026-08-10 16:54:23,303.9942,357.2277,8.8833,-0.1378,2.0498,59.4274,116.101,2.051455177225958,53.23350000000005,300
2026-08-10 16:54:24,303.9907,355.8584,8.8639,-2.0543,3.3684,68.6633,118.6562,2.28400248590105,51.86770000000001,300
2026-08-10 16:54:25,303.2652,354.5176,8.8639,1.574,3.3555,65.8943,117.5297,2.460663959121902,51.25240000000002,300
2026-08-10 16:54:27,299.7017,352.8675,8.4363,-0.2039,2.8151,65.2306,110.2941,2.0765673269786857,53.16579999999999,270
2026-08-10 16:54:28,301.6814,353.3144,8.5529,-1.245,2.2458,65.9468,115.4942,2.0241189323017093,51.63299999999998,300
2026-08-10 16:54:29,301.4278,354.552,8.6306,-1.6575,2.9549,64.065,121.8418,1.8887018851283655,53.12420000000003,300
2026-08-10 16:54:30,302.8368,353.8186,8.9417,-0.3502,2.4639,67.3562,114.5428,1.8726049659777315,50.98180000000002,300
2026-08-10 16:54:32,302.8593,358.8893,9.0194,-2.2154,2.1763,67.9945,115.4914,1.9018880957763344,56.02999999999997,300
2026-08-10 16:54:33,304.5818,359.5597,9.3304,-1.598,1.9454,67.5947,117.1324,2.011306839303959,54.977900000000034,300
2026-08-10 16:54:34,306.9906,359.892,9.5054,-2.1876,1.9883,65.5061,118.5424,2.2993944097940533,52.901400000000024,300
2026-08-10 16:54:35,306.8196,357.7262,9.5637,-0.62,2.8665,65.7473,117.8004,2.335972901595828,50.906600000000026,300
2026-08-10 16:54:36,304.1804,355.5203,9.2916,,,64.0619,112.9315,2.418019838042593,51.3399,300
2026-08-10 16:54:37,302.8675,353.1941,9.4471,-0.5155,2.3753,62.3153,110.4627,2.5714140011555577,50.326599999999985,300
2026-08-10 16:54:38,302.4654,351.9852,9.3304,-0.0768,1.7625,67.1783,113.051,2.712511234765588,49.51980000000003,300
2026-08-10 16:54:40,300.0834,351.6872,9.1749,0.1643,2.099,57.4583,112.1172,2.919805851921504,51.603800000000035,300
2026-08-10 16:54:46,299.5304,350.6845,8.9611,-0.4111,2.0961,63.099,113.4364,2.118186073238176,51.15410000000003,270
2026-08-10 16:54:47,297.6175,350.7132,9.0,-0.5052,2.3592,64.2195,114.8141,1.8744185503583994,53.095699999999965,270
2026-08-10 16:54:48,297.6108,351.6242,8.8445,-0.8451,1.8109,62.4733,115.3556,1.7243015402017492,54.01339999999999,270
2026-08-10 16:54:49,300.8324,351.9107,8.9805,-0.225,2.8894,63.286,117.2234,1.531353682823089,51.07830000000001,300
2026-08-10 16:54:50,297.1504,351.0856,9.0,1.5496,2.1848,67.1018,121.0612,1.6295146537588339,53.93520000000001,270
2026-08-10 16:54:51,297.1604,349.5043,8.9222,-0.3211,1.9735,58.2337,112.077,1.6212320747318343,52.34390000000002,270
2026-08-10 16:54:52,297.884,348.3813,8.9611,,,65.0829,116.6252,1.4956650646076362,50.497299999999996,270
2026-08-10 16:54:54,298.8057,353.3316,9.0777,-2.1855,3.0686,68.8788,121.8971,1.2169108186722137,54.52589999999998,270
2026-08-10 16:54:55,297.6232,354.6208,9.0777,-0.4152,1.9126,65.3666,120.2364,1.2454749848796332,56.99759999999998,270
2026-08-10 16:54:56,300.2177,352.6498,9.136,-1.551,2.7783,67.3373,120.3387,1.2129705027354698,52.43210000000005,300
2026-08-10 16:54:57,297.524,353.0967,8.9805,0.4265,1.8747,69.6029,123.1435,1.2058877638199565,55.5727,270
2026-08-10 16:54:58,297.2564,350.3179,8.825,-1.2135,1.7114,63.4832,115.629,1.2291571790721536,53.061500000000024,270
2026-08-10 16:54:59,299.927,350.7075,9.136,0.7542,2.9443,70.9741,123.8598,1.2993556736353467,50.78049999999996,270
2026-08-10 16:55:00,295.9496,350.5127,9.0194,-0.5031,1.4505,67.668,118.8157,1.2664113871653067,54.56310000000002,270
2026-08-10 16:55:01,297.4604,351.4466,8.9805,,,67.0031,116.7615,1.2626087629459555,53.9862,270
2026-08-10 16:55:02,298.4975,352.157,9.0972,-1.974,1.5575,64.9307,119.9101,1.3943221317922811,53.65949999999998,270
2026-08-10 16:55:04,298.1388,351.7101,9.0972,-1.5006,2.3228,64.4146,118.2605,1.567737856750697,53.57130000000001,270
2026-08-10 16:55:05,299.4271,352.8217,9.0389,-0.8106,1.8333,65.3307,119.0347,1.6955979685193032,53.394600000000025,270
2026-08-10 16:55:06,298.4431,353.9504,9.933,-3.9085,2.1583,67.482,122.4264,1.7765525196577194,55.50729999999999,270
2026-08-10 16:55:07,299.3948,354.3343,9.4859,1.6578,2.9173,61.3079,123.0206,1.764912564766428,54.93950000000001,270
2026-08-10 16:55:09,296.3583,348.2953,8.8639,0.1609,1.8085,63.9812,112.0003,1.9574766810373414,51.93700000000001,270
2026-08-10 16:55:10,295.62,348.0833,8.7862,,,70.6797,115.706,1.9512731788194628,52.463300000000004,270
2026-08-10 16:55:11,297.2691,0.0,8.9028,-2.2601,1.8819,71.2621,119.8852,1.801667754386143,62.73090000000002,270
2026-08-10 16:55:12,300.6999,0.0,9.1749,-2.0773,2.5249,71.7241,120.1797,1.8013890247942754,59.300099999999986,300
2026-08-10 16:55:13,301.294,355.6234,9.3887,-1.7903,2.2836,67.608,119.6408,1.7915934299840865,54.32940000000002,300
2026-08-10 16:55:15,301.1647,354.0879,9.1555,-0.7707,1.7795,66.1223,114.6095,1.7278748162415338,52.92320000000001,300
2026-08-10 16:55:16,300.9861,0.0,9.2527,-0.6174,2.0957,63.4856,114.6113,1.7396064200037296,59.01389999999998,300
2026-08-10 16:55:17,299.9621,356.2594,9.1749,0.2505,1.6872,66.1949,114.4614,1.7672874254452011,56.29730000000001,270
2026-08-10 16:55:18,302.1236,0.0,9.0972,,,61.2547,116.3834,1.8182509236575577,57.87639999999999,300
2026-08-10 16:55:19,301.4884,0.0,9.0194,-2.1577,2.6033,64.0788,113.9776,1.7974741667241505,58.51159999999999,300
2026-08-10 16:55:20,298.5618,354.7869,8.5529,-0.4006,2.8512,67.9611,118.7298,1.662488914646652,56.2251,270
2026-08-10 16:55:21,298.9925,352.5467,8.6306,0.9525,2.6814,63.894,116.2423,1.4043615620048076,53.55419999999998,270
2026-08-10 16:55:23,299.0147,351.6185,9.622,-0.2514,2.6052,59.5369,116.5888,1.4317434889797096,52.60379999999998,270
2026-08-10 16:55:24,298.6035,352.7415,9.3304,-0.1565,1.0736,58.3385,115.2783,1.5929337594380593,54.13799999999998,270
2026-08-10 16:55:25,299.0576,352.2315,9.1555,-1.0581,2.3537,63.5892,117.879,1.5929337594380593,53.1739,270
2026-08-10 16:55:26,298.4718,352.3977,9.2138,0.1535,2.1761,63.2709,120.4582,1.7443386318051135,53.92590000000001,270
2026-08-10 16:55:27,297.7184,351.4466,9.0583,-1.8199,2.2982,64.1402,119.0771,1.7800784042185918,53.728200000000015,270
2026-08-10 16:55:29,297.8198,354.6036,8.9805,-1.3771,2.3413,65.0938,116.3101,1.884671011904762,56.783799999999985,270
2026-08-10 16:55:30,299.4688,355.5547,9.2138,-1.6025,2.6278,64.2384,118.6581,2.043571220386203,56.08590000000004,270
2026-08-10 16:55:31,300.2899,354.3515,8.8445,-1.3394,2.3636,64.5787,118.0832,2.0879931064847397,54.0616,300
2026-08-10 16:55:32,301.2619,354.976,8.8445,-0.208,1.9062,59.6571,115.0621,2.21960360403648,53.71409999999997,300
2026-08-10 16:55:33,302.2666,355.039,8.9222,-0.4509,2.395,59.7551,114.4929,2.2578347329982917,52.772400000000005,300
2026-08-10 16:55:34,303.2163,354.8385,9.0389,-1.935,2.4277,61.0758,114.6183,2.3254174886043333,51.62220000000002,300
2026-08-10 16:56:07,203.6523,242.3554,8.9028,1.4643,3.0767,-84.855,-132.255,2.514799085802481,38.703100000000006,180
2026-08-10 16:56:08,202.7165,239.8917,8.9611,-0.4604,2.4694,-85.4016,-135.574,1.827211575953617,37.17519999999999,180
2026-08-10 16:56:09,200.6145,238.2129,8.9611,1.3133,2.1287,-80.6143,-129.4364,1.582545275923394,37.5984,180
2026-08-10 16:56:10,200.7636,238.3848,9.0194,2.5219,2.7445,-82.0626,-130.2499,1.5142058770049989,37.621200000000016,180
2026-08-10 16:56:11,201.8679,236.3852,9.2721,0.4636,2.4241,-82.5125,-133.7068,1.5008063496601107,34.517300000000006,180
2026-08-10 16:56:13,203.6487,237.6228,9.2916,-1.0474,2.9004,-78.4658,-132.2746,2.225493826554993,33.97410000000002,180
2026-08-10 16:56:14,203.0911,237.0613,9.1555,0.9272,1.685,-73.703,-127.9951,2.655230459984044,33.97019999999998,180
2026-08-10 16:57:03,233.3459,258.6274,9.4082,-0.3724,1.6798,-76.5171,-142.8016,2.6242695161986593,25.281500000000023,210
2026-08-10 16:57:05,233.1069,257.3497,9.8941,2.1469,1.1844,-76.7863,-142.9395,2.460610073084938,24.24279999999999,210
2026-08-10 16:57:06,229.938,254.2558,10.108,1.1602,1.3243,-78.6563,-142.6223,2.467541836945415,24.317800000000005,210
2026-08-10 16:57:07,227.5147,250.0159,10.3218,3.2431,2.3734,-79.5002,-147.1015,2.488326221966587,22.501199999999983,210
2026-08-10 16:57:08,227.3247,249.7466,9.933,0.851,2.5634,-74.1414,-139.5337,2.439477330312169,22.421899999999994,210
2026-08-10 16:57:09,226.6622,249.6664,9.9136,0.11,1.5354,-74.2767,-139.4552,2.442844530919607,23.004199999999997,210
2026-08-10 16:57:11,225.6829,248.9788,9.5443,-0.5512,2.1375,-75.6274,-136.8918,2.4273784379376235,23.295900000000017,210
2026-08-10 16:57:12,226.5104,249.3169,9.311,,,-75.0929,-133.5628,2.432049729631275,22.8065,210
2026-08-10 16:57:13,228.9135,252.4452,9.4082,0.6496,2.1398,-74.2047,-136.3916,2.4505779148393665,23.5317,210
2026-08-10 16:57:14,230.7893,252.7202,9.136,-0.785,2.1556,-75.3359,-135.0107,2.323238161490098,21.93090000000001,210
2026-08-10 16:57:15,230.9033,253.2645,9.2138,-0.4149,2.4044,-75.5178,-133.3623,2.2706723187054165,22.361199999999997,210
2026-08-10 16:57:16,231.249,254.462,9.3499,0.1161,2.2263,-74.4462,-134.9194,2.117706696406255,23.212999999999994,210
2026-08-10 16:57:18,232.392,254.124,9.0583,-0.3298,2.1874,-75.5292,-134.9922,2.1420778026277256,21.732,210
2026-08-10 16:57:19,232.6941,255.2813,9.3499,,,-77.0983,-135.0298,2.3247731944271344,22.587199999999996,210
2026-08-10 16:57:20,232.7025,255.9402,9.5248,1.204,2.0679,-78.6998,-135.6641,2.5317342965461673,23.237700000000018,210
2026-08-10 16:57:21,231.1047,252.1243,9.6803,1.8452,2.2102,-78.6534,-138.5765,2.7799057317879186,21.019599999999997,210
2026-08-10 16:57:22,229.4966,250.9211,10.1857,0.8838,2.2646,-78.2602,-139.1513,2.5512932969215893,21.424499999999995,210
2026-08-10 16:57:24,228.5805,250.9612,9.9913,,,-77.7037,-140.113,2.5871719329006937,22.38069999999999,210
2026-08-10 16:57:25,228.6838,250.4513,9.7775,1.5305,2.3175,-79.3085,-138.5439,2.607052110023372,21.767500000000013,210
2026-08-10 16:57:26,228.8681,251.391,9.7581,-0.2585,1.9538,-76.709,-137.8361,2.653904084955367,22.522899999999993,210
2026-08-10 16:57:28,230.7452,254.0266,9.4276,-0.3713,2.394,-79.9324,-135.1574,2.7239568014523226,23.28139999999999,210
2026-08-10 16:57:29,234.2891,256.6163,9.3693,-1.4738,1.7474,-80.4286,-135.322,2.911849274216087,22.327200000000033,210
2026-08-10 16:57:35,234.1969,255.5907,10.0302,0.5866,2.0524,-74.5995,-151.0554,2.7030871462531545,21.3938,210
2026-08-10 16:57:36,235.0269,256.0778,9.7386,1.2872,2.5743,-75.9638,-149.5729,2.2475073628828084,21.050900000000013,210
2026-08-10 16:57:38,235.6278,259.1946,9.5637,0.0412,2.0138,-80.2294,-146.5084,1.5199233519944444,23.566799999999972,210
2026-08-10 16:57:39,237.2617,260.4036,9.8747,-0.173,1.7618,-78.8661,-145.3052,0.9409173826359757,23.141899999999993,210
2026-08-10 16:57:40,236.7722,258.3639,9.6803,0.9759,2.1912,-83.9548,-144.1836,0.9392218506295467,21.591700000000003,210
2026-08-10 16:57:41,235.8237,257.8081,9.622,0.1839,2.0059,-84.51,-146.9886,0.9576995394442303,21.984400000000022,210
2026-08-10 16:57:42,236.8875,259.2176,9.5637,0.4182,1.9357,-85.3392,-146.3288,1.057005765156884,22.330100000000016,210
2026-08-10 16:57:44,237.6227,258.9998,10.0108,-0.4196,1.7396,-82.4066,-144.515,1.0988123904497549,21.377099999999984,210
2026-08-10 16:57:45,236.8944,259.3436,10.1857,0.3576,2.551,-84.3714,-149.5278,1.32529510566968,22.44919999999999,210
2026-08-10 16:57:46,236.7381,259.2806,9.8941,0.015,2.1083,-80.657,-143.9061,1.26778447884585,22.54249999999999,210
2026-08-10 16:57:47,235.8617,258.381,9.797,1.5439,2.529,-81.4007,-146.4971,1.4298832653266846,22.51929999999996,210
2026-08-10 16:57:48,235.8337,258.2779,9.7386,-0.6737,2.1074,-77.9442,-145.4604,1.4001876666816984,22.444199999999995,210
2026-08-10 16:57:49,236.9585,258.7592,9.5248,0.79,2.0235,-80.9241,-146.2624,1.4341211997164915,21.800700000000035,210
2026-08-10 16:57:52,238.2447,260.1859,9.6803,1.0564,1.9756,-81.4133,-144.4358,1.973399620086573,21.94120000000001,210
2026-08-10 16:57:53,236.2196,259.9911,9.9136,,,-82.1076,-144.6208,2.0098038126498006,23.771500000000003,210
2026-08-10 16:57:54,234.7423,257.8425,9.797,2.012,1.987,-81.4843,-148.9464,2.381079995795883,23.100199999999973,210
2026-08-10 16:57:55,232.9823,254.8172,9.6414,0.2771,2.0644,-84.552,-144.922,2.6873884545556144,21.834900000000005,210
2026-08-10 16:58:01,233.1251,256.2554,10.3218,,,-82.5987,-145.9603,2.890261684829129,23.130300000000005,210
2026-08-10 16:58:02,230.8424,252.9551,10.1468,2.588,1.6406,-82.0142,-146.1285,2.890261684829129,22.11269999999999,210
2026-08-10 16:58:04,229.7115,250.8868,10.6134,1.1474,2.0718,-81.7325,-144.4819,2.40007807949172,21.175299999999993,210
2026-08-10 16:58:05,229.2342,250.7894,10.5356,0.8649,2.0407,-81.7743,-141.1909,2.334239752667624,21.555200000000013,210
2026-08-10 16:58:06,229.0006,251.3566,10.5551,0.9334,1.9682,-78.0896,-138.4819,2.3239286945834245,22.355999999999995,210
2026-08-10 16:58:07,229.7326,249.7924,9.9719,0.4459,1.2832,-79.0294,-138.6322,2.258503526200706,20.059799999999996,210
2026-08-10 16:58:09,231.1342,251.9983,10.0108,,,-76.785,-138.3043,2.1287592837151967,20.864100000000008,210
2026-08-10 16:58:10,231.2506,252.7145,9.797,-0.2109,2.3474,-79.2895,-138.8842,1.5238788126984806,21.463899999999995,210
2026-08-10 16:58:11,231.125,252.09,9.7192,0.2923,2.4898,-76.6674,-137.6669,1.11125078760661,20.965000000000003,210
2026-08-10 16:58:13,232.663,255.2355,9.4276,-0.5196,1.8385,-71.5076,-140.7438,1.009410270944342,22.57249999999999,210
2026-08-10 16:58:14,231.7334,253.7745,9.4665,0.3018,2.0243,-75.0337,-140.0807,0.9928343896512294,22.0411,210
2026-08-10 16:58:15,231.1355,253.1958,9.6803,0.5439,1.9136,-75.8768,-140.9568,0.9583224314236763,22.060299999999984,210
2026-08-10 16:58:16,231.9224,253.826,9.5831,-0.0671,2.2869,-77.8629,-142.172,0.9006855355266467,21.903599999999983,210
2026-08-10 16:58:17,231.9551,253.8547,9.6026,-0.2015,2.3977,-77.371,-142.3995,0.8570486271627638,21.89960000000002,210
2026-08-10 16:58:18,231.8445,252.8749,9.5054,0.047,2.1161,-77.3502,-140.139,0.8176097721976004,21.030399999999986,210
2026-08-10 16:58:20,231.4838,253.2072,9.6026,0.7555,1.885,-78.2853,-140.4234,0.9108366155668279,21.723399999999998,210
2026-08-10 16:58:21,231.5373,253.1041,9.6609,,,-75.1425,-142.1155,0.9105885516776467,21.5668,210
2026-08-10 16:58:22,231.712,252.7431,9.797,1.7727,2.3559,-77.4693,-144.9965,1.1443242285547877,21.03110000000001,210
2026-08-10 16:58:23,231.4016,252.5426,9.8941,-0.1118,2.0173,-80.9875,-148.69,1.3228082866317616,21.14099999999999,210
2026-08-10 16:58:24,231.7609,253.3333,9.4276,0.338,2.8849,-80.2359,-147.0912,1.5781456220727568,21.572400000000016,210
2026-08-10 16:58:26,232.914,255.2699,9.2721,0.0859,2.2178,-79.0518,-137.5859,2.357976929327536,22.35590000000002,210
2026-08-10 16:58:27,233.8786,255.2756,9.4471,-0.1762,1.6228,-79.5987,-138.6638,2.900941151057177,21.39699999999999,210
2026-08-10 16:58:40,242.2237,265.8753,8.2808,,,-81.2905,-143.4169,2.773398054921343,23.651599999999974,240
2026-08-10 16:58:41,243.6806,266.7921,8.2613,-0.1054,2.2967,-96.9861,-147.5232,2.4426670428160033,23.111500000000007,240
2026-08-10 16:58:42,243.0927,266.1962,8.203,-0.873,2.5262,-99.3858,-149.7285,2.373815707058465,23.10349999999997,240
2026-08-10 16:58:44,241.9527,264.1565,8.1447,-0.8765,2.5798,-101.0665,-150.5578,2.2025826305465133,22.2038,240
2026-08-10 16:58:45,240.9508,264.0075,8.1058,-0.229,2.6215,-101.4497,-150.1629,2.29229761668708,23.056700000000006,240
2026-08-10 16:58:46,239.3868,261.5495,8.0864,0.3841,2.6211,-101.6467,-148.8231,2.3119831318975157,22.16270000000003,210
2026-08-10 16:58:47,237.942,261.6756,8.1447,-0.4011,2.7709,-104.3488,-152.8507,2.533308675439632,23.733599999999967,210
2026-08-10 16:58:48,238.7223,260.9307,7.9697,-0.595,2.839,-104.2683,-150.0342,2.837527512707601,22.20840000000001,210
2026-08-10 16:59:43,239.9547,263.2225,7.9309,-1.6498,2.8284,-86.5378,-144.1524,2.820249120956929,23.267800000000022,210
2026-08-10 16:59:44,241.5041,264.5461,7.9697,-0.5746,2.541,-90.2745,-145.0203,2.5946362733112234,23.04200000000003,240
2026-08-10 16:59:46,241.9077,264.5575,8.0669,,,-94.4557,-151.4476,2.643331728812134,22.6498,240
2026-08-10 16:59:47,240.729,263.4116,8.203,0.1064,2.5075,-101.3568,-156.163,2.972154921462609,22.682600000000008,240
2026-08-10 16:59:57,231.0082,255.4418,9.6803,0.9812,2.145,-78.0342,-146.3111,2.9295985122814328,24.433600000000013,210
2026-08-10 16:59:59,232.6297,256.5762,9.5443,-0.6565,1.9512,-79.3242,-147.1389,2.176441770019192,23.946499999999958,210
2026-08-10 17:00:00,233.0614,256.5132,9.6026,0.3654,1.5737,-76.9613,-141.8526,1.689027154251767,23.45179999999999,210
2026-08-10 17:00:01,233.2844,256.5476,9.622,0.046,2.2094,-78.6905,-142.7658,1.4260711559036157,23.263199999999983,210
2026-08-10 17:00:02,233.1666,256.284,9.4859,0.167,2.4734,-81.3715,-143.8823,1.3930563999344012,23.117400000000004,210
2026-08-10 17:00:03,233.056,256.7195,9.2138,-0.4003,2.5934,-80.7828,-143.1539,1.403435551097441,23.66349999999997,210
2026-08-10 17:00:04,232.1491,256.3986,9.0389,,,-83.3273,-141.6986,1.5824042957275186,24.249499999999983,210
2026-08-10 17:00:05,233.5753,256.5991,9.136,-0.2787,1.877,-82.0736,-143.8391,1.654025016318601,23.023800000000023,210
2026-08-10 17:00:07,234.6447,257.6419,9.2721,-0.3676,2.0433,-85.3841,-143.4726,1.6292576022723908,22.99720000000002,210
2026-08-10 17:00:09,235.4693,258.1862,9.4471,1.0588,2.3486,-88.6882,-143.8793,1.446255029666773,22.71689999999998,210
2026-08-10 17:00:10,234.6576,257.0403,9.3304,0.142,2.3236,-90.048,-145.9718,1.4557185140104643,22.3827,210
2026-08-10 17:00:12,234.5472,257.5732,9.0389,,,-90.0531,-144.6052,1.7909690519823207,23.025999999999982,210
2026-08-10 17:00:13,236.1966,258.5529,9.0389,0.3979,2.3137,-90.2275,-144.8858,1.863248024139407,22.356300000000033,210
2026-08-10 17:00:14,237.3236,260.1286,9.3693,0.6744,1.8181,-88.0793,-144.1039,1.8339848345714698,22.805000000000007,210
2026-08-10 17:00:15,236.7591,260.4953,9.7386,1.1923,1.6048,-89.1895,-145.9104,1.7141261361002562,23.736199999999997,210
2026-08-10 17:00:16,234.0657,257.5044,10.2246,2.1262,2.0308,-89.5809,-148.1317,1.7865148727238362,23.438699999999983,210
2026-08-10 17:00:17,232.9179,255.5449,10.2052,1.8778,2.5396,-89.4179,-150.2631,1.7865148727238362,22.62700000000001,210
2026-08-10 17:00:19,234.6521,257.4242,9.9719,0.4521,1.9709,-85.7765,-147.4767,1.882732243417711,22.772099999999995,210
2026-08-10 17:00:20,236.3526,259.4009,9.6414,-1.3125,2.2202,-85.2358,-149.0331,1.9932861908891788,23.048299999999983,210
2026-08-10 17:00:21,237.4946,260.0369,9.622,-0.0223,2.3521,-85.7419,-146.0883,2.166674491440516,22.54230000000001,210
2026-08-10 17:00:22,239.0276,261.4177,9.3887,,,-84.3826,-146.986,2.3430403252254637,22.390100000000018,210
2026-08-10 17:00:23,238.2393,261.9792,9.2332,-0.7633,2.2872,-81.4434,-144.346,2.2946779444368426,23.739900000000006,210
2026-08-10 17:00:24,237.5042,260.9364,9.2916,0.9356,2.3714,-78.3385,-150.0497,2.4372171548916532,23.432199999999995,210
2026-08-10 17:00:25,238.1551,261.1771,9.311,0.6413,1.4277,-79.161,-151.4471,2.52788774409524,23.02199999999999,210
2026-08-10 17:00:26,239.4406,261.2516,9.7192,0.2247,1.6272,,,2.606925977171086,21.811000000000007,210
2026-08-10 17:00:28,238.924,261.6068,10.0108,,,-80.3434,-154.7599,2.17797916387882,22.682800000000015,210
2026-08-10 17:00:29,238.6073,260.6385,9.8553,-0.5514,2.4531,-84.2244,-155.9336,2.17797916387882,22.031200000000013,210
2026-08-10 17:00:30,239.891,263.6523,9.4276,-0.6057,2.279,-83.5183,-155.1487,2.032276486208743,23.761300000000034,210
2026-08-10 17:00:31,241.4853,266.2592,9.0777,-1.4899,2.7061,-89.01,-156.155,1.920724712110428,24.773900000000026,240
2026-08-10 17:00:32,241.8823,266.7119,8.8639,-0.3564,1.6749,-88.9827,-153.1327,1.793436087225642,24.829600000000028,240
2026-08-10 17:00:34,241.7373,264.6263,8.8445,0.3048,1.9053,-98.3129,-154.7392,1.8237683589623908,22.88900000000001,240
2026-08-10 17:00:35,241.0882,264.6263,8.9611,0.8172,2.2711,-99.4484,-155.6079,1.7297680030459197,23.538100000000014,240
2026-08-10 17:00:36,241.5113,263.3772,9.0583,-0.6716,2.3457,-100.1849,-155.4629,1.6767408874865832,21.86590000000001,240
2026-08-10 17:00:37,241.5171,265.6347,8.9222,0.4184,2.5059,-94.1039,-155.9403,1.651894378892262,24.11760000000001,240
2026-08-10 17:00:38,243.2155,266.4884,8.8639,,,-94.133,-153.3659,1.690086040259684,23.27290000000002,240
2026-08-10 17:00:40,243.5754,266.729,9.136,0.3009,1.9669,-95.0088,-153.4922,1.5480904851504709,23.153599999999983,240
2026-08-10 17:00:41,242.7141,265.0675,9.1944,0.9047,1.9904,-96.6232,-154.0026,1.5111791002916197,22.353399999999993,240
2026-08-10 17:00:42,240.3271,264.7753,9.3304,1.1912,2.2119,-98.3226,-154.9978,1.554914142016531,24.448200000000014,240
2026-08-10 17:00:43,239.3285,262.4261,9.3499,1.289,2.3105,-98.196,-156.3342,1.5678249259987684,23.09760000000003,210
2026-08-10 17:00:44,237.6913,261.3719,9.2527,0.7792,2.9291,-98.2012,-156.2485,1.5406821346431336,23.68059999999997,210
2026-08-10 17:00:45,238.7693,262.2428,9.0777,-0.1338,2.7398,-95.9601,-155.6808,1.536636341710156,23.4735,210
2026-08-10 17:00:47,241.2813,265.7092,9.0194,-1.039,2.1307,-91.8086,-153.9541,1.6386261476689024,24.427900000000022,240
2026-08-10 17:00:48,243.1036,266.8608,9.136,0.1155,1.9374,-94.2807,-154.0722,1.686002199730149,23.757199999999983,240
2026-08-10 17:00:49,242.5509,265.606,9.2527,-0.2499,2.8497,-95.5128,-154.9114,1.8620575962572161,23.05509999999998,240
2026-08-10 17:00:50,242.0291,266.1274,9.4276,,,-93.2655,-153.094,1.8611650285204728,24.098300000000023,240
2026-08-10 17:00:51,241.7575,264.5575,9.8164,0.5437,1.8981,-92.6278,-153.7875,1.810453914348901,22.80000000000001,240
2026-08-10 17:00:53,240.4012,263.3486,9.8553,,,-90.956,-155.18,1.9215636940368133,22.947399999999988,240
2026-08-10 17:00:54,240.3321,264.0762,9.5054,-0.2639,2.3061,-92.1854,-156.6902,2.0439657912732105,23.744099999999975,240
2026-08-10 17:00:55,241.1885,266.2077,9.5248,-0.4206,1.9075,-88.0555,-153.4547,2.1608077659899894,25.019199999999984,240
2026-08-10 17:00:56,242.4581,267.3708,9.1749,-1.0511,2.2543,-88.1384,-153.916,2.205151102469946,24.912699999999973,240
2026-08-10 17:00:57,243.496,268.7802,9.0,-1.105,2.5058,-86.7307,-152.3155,2.255045252188987,25.28419999999997,240
2026-08-10 17:00:59,245.1732,269.5938,8.9417,,,-89.1817,-151.0294,2.398124721608851,24.42059999999998,240
2026-08-10 17:01:00,243.4392,266.9697,9.2332,0.9482,1.855,-89.8951,-151.2176,2.5513060779167356,23.53049999999999,240
2026-08-10 17:01:01,240.739,263.8986,9.311,1.26,2.0565,-89.02,-152.1798,2.629471873154154,23.159599999999983,240
2026-08-10 17:01:02,238.8314,263.7267,9.4276,1.2039,1.8468,-90.2803,-154.2029,2.7299687908139796,24.89529999999999,210
2026-08-10 17:01:04,237.8088,261.3375,9.2138,-0.1985,2.5186,-93.0812,-152.2901,2.927424797533026,23.528699999999986,210
2026-08-10 17:01:10,236.2612,260.9651,8.8445,-0.1065,2.4431,-100.9277,-152.0406,2.4760622068660325,24.703900000000004,210
2026-08-10 17:01:11,236.8317,261.5438,8.825,-0.539,2.2832,-99.6218,-151.1848,2.1354059404297296,24.712099999999964,210
2026-08-10 17:01:12,236.1575,260.4036,8.8445,0.4769,2.4293,-99.5967,-149.3895,2.616473738912823,24.246099999999984,210
2026-08-10 17:01:40,231.6891,255.6996,8.9222,0.8569,2.1916,-89.1865,-143.0855,2.4051272338525806,24.010500000000008,210
2026-08-10 17:01:42,232.0242,256.2382,8.9222,1.2049,2.2931,,,2.1794593064352563,24.214,210
2026-08-10 17:01:43,231.9358,256.3757,9.0,0.0973,2.0665,-90.7377,-143.2356,2.4208565179836947,24.439899999999994,210
2026-08-10 17:01:44,231.7818,256.4674,9.0777,1.0248,2.6281,-88.8783,-144.9413,2.6921936404963023,24.685599999999994,210
2026-08-10 17:01:46,233.0817,257.6305,8.7667,-0.2307,2.3639,-90.6387,-145.5268,2.6799735223327903,24.54879999999997,210
2026-08-10 17:01:47,233.8159,258.9196,8.7084,-0.2888,2.2836,-90.4783,-144.006,2.7013286177208085,25.103700000000003,210
2026-08-10 17:01:48,233.7525,257.9972,8.6112,-0.3407,2.1367,-91.3143,-144.1032,2.6749121757713454,24.244700000000023,210
2026-08-10 17:01:49,234.4854,258.9712,8.6695,0.7715,2.5184,-92.5686,-142.9482,2.507653710879528,24.485800000000012,210
2026-08-10 17:01:51,235.7824,260.6729,8.7278,0.5431,2.2166,-94.8452,-144.8685,2.1933751493669633,24.89050000000003,210
2026-08-10 17:01:52,238.2058,261.4005,8.5918,-1.055,2.6254,-97.4354,-146.8348,2.1405209185106977,23.19470000000001,210
2026-08-10 17:01:53,238.0386,263.0277,8.5335,0.3999,2.9436,-95.5749,-145.6785,2.002793368665734,24.98909999999998,210
2026-08-10 17:01:54,238.1986,263.4689,8.4557,0.0672,2.8273,-98.6643,-146.4774,1.8793887518827435,25.27030000000002,210
2026-08-10 17:01:56,237.2448,262.9246,8.6695,0.4554,1.7988,-97.7934,-146.2314,1.7149058634869618,25.6798,210
2026-08-10 17:01:57,237.029,259.9853,9.2138,0.6818,1.8457,-98.4619,-151.7314,1.6299022538698278,22.9563,210
2026-08-10 17:01:58,236.9429,261.2172,9.2332,0.3128,2.0287,-96.9827,-151.342,1.5902784533565448,24.274299999999982,210
2026-08-10 17:01:59,236.7652,260.1973,9.3693,-0.3619,2.1284,-97.6274,-153.453,1.5661528507604683,23.43209999999999,210
2026-08-10 17:02:00,235.2202,261.3375,9.4665,0.8779,2.6629,-97.2752,-152.0335,1.5744975919916824,26.11729999999997,210
2026-08-10 17:02:01,234.2503,259.4811,9.1555,-0.0996,2.444,-95.71,-151.3868,1.5744975919916824,25.230800000000016,210
2026-08-10 17:02:02,234.3551,260.3005,8.9611,0.7619,2.6721,-94.7587,-150.6501,1.6229489215099888,25.945400000000006,210
2026-08-10 17:02:03,234.9406,260.1687,8.8639,-0.3388,2.2033,-91.899,-150.5973,1.5432729221556443,25.228100000000012,210
2026-08-10 17:02:05,233.9286,259.3035,8.7667,0.464,2.3039,-91.6324,-148.6301,1.3262458087092543,25.374899999999997,210
2026-08-10 17:02:06,233.4385,258.3352,8.7667,0.1573,2.1868,-91.7708,-149.6833,1.3262458087092543,24.89669999999998,210
2026-08-10 17:02:07,234.5376,259.3608,8.8833,0.0464,2.3841,-90.9974,-147.7993,1.571258242158632,24.823199999999986,210
2026-08-10 17:02:08,234.6326,259.4639,8.9805,-0.2861,2.0294,-88.8878,-148.3293,1.8576234093451904,24.831300000000027,210
2026-08-10 17:02:10,234.3212,256.7653,9.1555,0.6278,2.1547,-87.6477,-148.1462,2.0729494172750713,22.44410000000002,210
2026-08-10 17:02:15,237.1895,262.0193,8.4363,-1.3341,2.5366,-86.6594,-148.1702,2.2943868391752433,24.829799999999977,210
2026-08-10 17:02:33,228.9665,252.5254,9.6998,0.4702,2.3315,-82.5487,-140.5967,2.4213454483353463,23.558899999999994,210
2026-08-10 17:02:34,229.1147,253.8833,9.4859,,,-81.8214,-140.3775,2.008622585613514,24.768599999999992,210
2026-08-10 17:02:35,230.3282,254.3474,9.5637,0.292,2.0084,-82.3799,-138.9719,1.6149662438914012,24.019199999999984,210
2026-08-10 17:02:36,230.9794,254.886,9.4665,-0.5351,1.8753,-81.3339,-140.6944,1.414962313506126,23.906599999999997,210
2026-08-10 17:02:37,229.8809,256.6794,9.6803,-0.2958,2.5022,-84.1898,-141.1924,1.4578536452620094,26.79849999999999,210
2026-08-10 17:02:39,228.7171,254.7714,9.5248,0.9584,2.1177,-84.8295,-142.1591,1.7204653093204465,26.054300000000012,210
2026-08-10 17:02:40,229.3646,254.1698,9.2916,1.3811,1.6221,-83.2383,-144.1538,1.7203115936131554,24.805200000000013,210
2026-08-10 17:02:41,229.6582,254.3302,9.6609,1.1,1.8181,-84.5928,-144.5717,1.690931454003528,24.671999999999997,210
2026-08-10 17:02:42,227.4178,251.9639,9.797,0.8616,2.2777,-85.5941,-146.5255,1.690931454003528,24.546099999999996,210
2026-08-10 17:02:43,225.8744,251.093,9.8553,,,-85.9611,-145.4315,1.6458804277161285,25.21859999999998,210
2026-08-10 17:02:44,225.9102,249.9815,9.7192,0.5516,2.7124,-86.5223,-147.0416,1.648566617890945,24.071300000000008,210
2026-08-10 17:02:46,227.7788,253.5109,9.0194,-1.3145,2.5835,-87.2976,-144.9674,1.6437573780920316,25.732100000000003,210
2026-08-10 17:02:47,230.6799,255.86,9.0389,-1.6974,2.0609,-86.1992,-142.8048,1.613353897140988,25.18010000000001,210
2026-08-10 17:02:48,231.8999,257.1205,8.8833,-0.6418,2.052,-88.0659,-141.9305,1.64400177357166,25.22059999999999,210
2026-08-10 17:02:49,231.5402,257.3784,8.825,2.0168,2.0325,-89.0983,-139.9026,1.64400177357166,25.8382,210
2026-08-10 17:02:50,230.0488,255.5793,9.0194,0.907,1.4231,-87.2394,-145.1114,1.6903424846828699,25.53049999999999,210
2026-08-10 17:02:51,228.4943,254.4506,9.3887,,,-90.0133,-146.5792,1.7594001086182343,25.9563,210
2026-08-10 17:02:53,228.9321,253.7057,9.4859,-0.3073,1.7933,,,2.31810203254036,24.773600000000016,210
2026-08-10 17:02:54,228.7341,253.5338,10.1468,0.3778,2.0464,-83.7031,-146.7326,2.3340607145684245,24.7997,210
2026-08-10 17:02:55,228.6206,252.852,9.6998,-0.3024,2.0005,-83.2361,-147.2025,2.7132300096105206,24.231400000000008,210
2026-08-10 17:02:56,228.1352,252.9838,9.8941,0.9639,2.1705,-80.5355,-146.6406,2.9222946001815218,24.848600000000005,210
2026-08-10 17:02:57,227.3922,251.9696,9.8553,0.6413,1.2914,-78.3992,-151.542,2.962495909816256,24.57740000000001,210
2026-08-10 17:02:58,227.0094,251.5399,9.8358,,,-74.5961,-150.8685,2.8495889655984326,24.53049999999999,210
2026-08-10 17:03:00,226.9596,251.0415,9.4276,0.1324,2.6924,-77.6424,-148.8474,2.362111847173946,24.08190000000002,210
2026-08-10 17:03:01,226.2478,250.6576,9.8358,0.103,1.5474,-77.9158,-144.5421,2.276612685834831,24.40979999999999,210
2026-08-10 17:03:02,223.9971,248.6465,9.6609,0.896,1.934,-80.7169,-144.4083,2.2207456381219406,24.649400000000014,210
2026-08-10 17:03:03,222.9486,247.8845,9.6414,1.088,1.9443,-80.3003,-143.8554,2.2193449667854037,24.935900000000004,210
2026-08-10 17:03:05,221.8188,247.2026,9.2916,-0.1458,2.2978,-80.1161,-139.5607,2.343177715676101,25.38379999999998,210
2026-08-10 17:03:06,222.2214,247.9131,9.0194,-0.7338,2.5595,-82.0067,-137.6917,2.272848213186568,25.691699999999997,210
2026-08-10 17:03:07,225.2367,248.9788,8.7084,,,-82.3266,-138.0716,2.2079504524357714,23.742099999999994,210
2026-08-10 17:03:08,227.7898,250.7263,8.7278,-0.594,2.2132,-82.6561,-135.8554,2.1181735435049096,22.936499999999995,210
2026-08-10 17:03:09,228.0128,252.2905,8.7084,-0.4385,2.0084,-82.7478,-138.7034,2.054495324100878,24.27770000000001,210
2026-08-10 17:03:10,226.8757,250.9211,9.0583,0.5102,2.3667,-84.9287,-142.3468,2.054495324100878,24.0454,210
2026-08-10 17:03:12,225.8175,249.5288,9.2138,1.8991,1.8078,-81.8739,-144.9133,1.9540568582687685,23.711299999999994,210
2026-08-10 17:03:13,224.021,247.1912,9.5831,2.0922,2.5582,-85.3655,-146.1137,1.9496191094269117,23.170200000000023,210
2026-08-10 17:03:14,222.5686,245.8046,9.4276,0.655,2.3648,-81.9931,-147.4645,1.910042538173014,23.23599999999999,210
2026-08-10 17:03:15,221.4623,246.5724,9.5637,,,-79.2675,-147.4334,1.8576648333667178,25.11009999999999,210
2026-08-10 17:03:17,222.919,247.4261,9.2138,-0.199,1.7188,-79.8593,-139.412,1.6526742835182227,24.50709999999998,210
2026-08-10 17:03:18,224.7709,248.572,9.0583,0.6423,2.4774,-79.2878,-140.7618,1.6631398047181554,23.80109999999999,210
2026-08-10 17:03:19,225.5982,249.2767,8.7862,0.2527,2.4849,-81.4785,-139.373,1.5241147704691083,23.678500000000014,210
2026-08-10 17:03:21,225.6537,248.6751,8.7667,0.7764,2.2699,-83.6788,-140.1049,1.2545635655018261,23.0214,210
2026-08-10 17:03:22,225.2018,249.8039,9.1555,0.2941,2.221,-85.3467,-141.2905,1.2471265129014166,24.602100000000007,210
2026-08-10 17:03:23,224.5895,248.0793,8.825,1.0966,2.3145,-84.3315,-140.2865,1.2984755569737938,23.489800000000002,210
2026-08-10 17:03:24,224.2468,247.7813,9.0194,0.2824,2.498,-85.7707,-139.9886,1.3012242686527615,23.53449999999998,210
2026-08-10 17:03:25,224.956,246.6411,8.9222,0.555,1.8831,-83.5325,-137.1164,1.18098854494537,21.685100000000006,210
2026-08-10 17:03:26,225.0341,246.5609,9.3693,0.0148,2.066,-85.5988,-138.2163,0.8340265550106247,21.52680000000001,210
2026-08-10 17:03:28,225.8052,248.8986,9.2527,-0.3798,2.4123,-84.9475,-138.935,1.0460976249424236,23.093399999999974,210
2026-08-10 17:03:29,225.661,248.4574,9.1166,-0.2734,2.5888,-84.6555,-138.986,1.6608929300908801,22.796400000000006,210
2026-08-10 17:03:30,225.907,249.6091,9.0389,,,-84.1403,-138.1814,2.4588587860978155,23.7021,210
2026-08-10 17:03:31,225.6383,249.2366,8.9805,0.2516,2.4716,-83.1095,-135.9885,2.4588587860978155,23.598300000000023,210
2026-08-10 17:03:48,218.3738,238.8145,9.3499,,,-75.406,-133.4544,1.494933878145304,20.44070000000002,210
2026-08-10 17:03:52,218.0267,239.7656,9.2332,-0.6127,1.7172,-73.7809,-135.5477,2.474803666716353,21.7389,210
2026-08-10 17:03:54,217.0726,238.8948,9.2332,0.932,2.3349,-71.4575,-133.4986,2.9369050779661463,21.82220000000001,210
2026-08-10 17:05:00,210.3585,228.083,9.7775,,,-72.8092,-133.2217,2.88696100099656,17.724500000000006,210
2026-08-10 17:05:01,210.8401,229.3092,9.311,-0.502,2.1253,-68.4352,-125.9277,2.6852358660978255,18.469099999999997,210
2026-08-10 17:05:02,212.7534,231.2458,9.3499,-1.3274,2.8702,-69.6482,-125.9163,2.54125870520446,18.492400000000004,210
2026-08-10 17:05:03,211.4322,230.117,8.514,-0.6338,1.4522,-69.9966,-123.9139,2.5087883230615904,18.684799999999996,210
2026-08-10 17:05:04,210.6431,230.1686,8.8833,0.5994,2.083,-76.5683,-125.6047,2.380001622419423,19.525499999999994,210
2026-08-10 17:05:06,208.6646,227.3153,9.7192,,,-75.3939,-127.4081,2.2466467312128304,18.6507,180
2026-08-10 17:05:07,206.5108,223.2072,9.0777,1.3554,2.6588,-73.1448,-128.5869,2.2105536073867893,16.69640000000001,180
2026-08-10 17:05:08,206.1527,224.376,10.1274,2.1134,2.3518,-71.537,-127.3712,2.2005034436540494,18.223299999999995,180
2026-08-10 17:05:09,206.0479,222.7603,9.5443,-0.2879,2.1026,-62.7191,-123.6703,2.1300434985468835,16.712400000000002,180
2026-08-10 17:05:10,205.9227,223.1613,9.136,-0.2913,2.8074,-68.6974,-126.9904,2.0737148288241842,17.23860000000002,180
2026-08-10 17:05:12,206.8118,223.8317,8.9611,0.9638,1.4308,-65.6001,-118.2231,2.033988541627311,17.019900000000007,180
2026-08-10 17:05:13,207.9311,226.7423,9.2721,1.2356,1.7637,-68.4843,-120.7547,1.7862786894693454,18.811200000000014,180
2026-08-10 17:05:14,207.3243,224.3187,8.4363,-1.5669,2.6735,-68.604,-126.988,1.702692249890133,16.994400000000013,180
2026-08-10 17:05:16,208.2159,224.5765,8.8445,-0.3509,2.7101,-68.1161,-120.9202,1.6630828185436395,16.360600000000005,180
2026-08-10 17:05:17,209.4962,226.3126,9.2527,0.33,1.9748,-70.1204,-119.6985,1.6987431207784867,16.816400000000016,180
2026-08-10 17:05:18,211.3185,227.2179,8.8639,0.7313,1.7909,-69.2622,-122.6708,1.6758577283179343,15.899399999999986,210
2026-08-10 17:05:19,210.3759,227.2866,9.5443,-0.2338,2.5177,-71.4368,-123.8914,1.6580956366772976,16.91069999999999,210
2026-08-10 17:05:20,208.3298,224.9203,9.0777,0.8736,2.1663,-70.4349,-123.1088,1.7005879285683054,16.59049999999999,180
2026-08-10 17:05:21,208.5488,224.9604,9.0777,0.5157,2.3299,-69.4965,-123.2721,1.843643802401862,16.411599999999993,180
2026-08-10 17:05:23,209.851,224.8745,8.9417,-0.2963,1.6422,-68.0937,-123.0588,1.6995862117061067,15.023500000000013,180
2026-08-10 17:05:24,210.4504,227.2924,8.9028,2.1201,2.1395,-59.7171,-119.4907,1.7448821874416935,16.841999999999985,210
2026-08-10 17:05:25,210.624,227.2924,9.0583,0.2547,2.681,-68.8454,-124.2861,1.8376940544215277,16.66839999999999,210
2026-08-10 17:05:26,209.1743,227.2924,8.9417,0.0205,2.7245,-69.8627,-124.3359,1.8376940544215277,18.1181,180
2026-08-10 17:05:27,209.9483,226.0376,8.6306,-1.6988,2.987,-69.918,-126.6898,1.907015137710021,16.08930000000001,180
2026-08-10 17:05:29,211.1811,227.9226,8.5529,0.8236,1.8566,-60.588,-114.9006,2.3350218129406874,16.741500000000002,210
2026-08-10 17:05:30,212.5375,228.9826,8.6306,,,-66.1104,-118.2345,2.4830742825685324,16.445099999999996,210
2026-08-10 17:05:31,214.199,231.1827,9.0,-0.092,1.9229,-69.9211,-124.9508,2.5311056300331565,16.9837,210
2026-08-10 17:05:42,204.1265,217.3687,9.311,1.4323,2.0656,-67.038,-117.3376,2.726354686899585,13.242199999999997,180
2026-08-10 17:05:43,203.2935,215.816,9.3499,0.8082,2.217,-62.101,-116.0832,2.726354686899585,12.522500000000008,180
2026-08-10 17:05:44,203.6871,219.2709,9.1555,1.2042,2.1336,-69.3844,-119.473,2.61451138748945,15.583800000000025,180
2026-08-10 17:05:45,206.1077,219.2652,8.8056,-0.958,2.5154,-68.8283,-120.8383,2.7678851565960025,13.157499999999999,180
2026-08-10 17:05:49,207.33,220.7606,8.3974,-0.8296,2.6826,-67.0041,-114.9547,2.10582502624618,13.430599999999998,180
2026-08-10 17:05:51,209.0743,221.6602,8.7862,1.4188,2.479,-72.2044,-119.1289,2.137229748615063,12.58590000000001,180
2026-08-10 17:05:52,207.7503,221.6201,9.0777,0.0064,2.355,-63.6539,-112.6804,2.208276025721484,13.869799999999998,180
2026-08-10 17:05:54,205.2676,220.6403,9.2138,2.029,2.1966,-66.1979,-117.7622,2.3187677628174397,15.372700000000009,180
2026-08-10 17:05:55,203.0691,217.6609,9.5831,0.8027,3.0687,-68.3536,-117.0361,2.2464871634223122,14.591800000000006,180
2026-08-10 17:05:56,201.214,215.9363,9.3499,0.5624,1.7004,-69.6808,-123.7361,2.2647873869165935,14.72229999999999,180
2026-08-10 17:05:57,203.6589,215.5696,8.8833,1.4227,2.2892,-60.2689,-110.4668,2.2558306716193064,11.91070000000002,180
2026-08-10 17:05:59,206.1444,219.4314,8.9805,-0.3485,2.2363,-64.7982,-116.3659,2.249805524753243,13.287000000000006,180
2026-08-10 17:06:00,207.5843,218.9501,8.9417,-0.4635,2.4192,-64.9454,-115.0121,2.2549470018406903,11.365799999999979,180
2026-08-10 17:06:01,208.0367,219.4199,8.7862,0.3808,1.7969,-65.0797,-113.3217,2.314784441605609,11.383200000000016,180
2026-08-10 17:06:02,208.9979,220.4054,8.8639,0.8139,1.9724,-66.3797,-114.2965,2.3451485676693102,11.407499999999999,180
2026-08-10 17:06:03,210.0192,220.6289,8.7084,0.2409,2.2948,-68.7167,-117.3369,2.3723042151992813,10.609699999999975,210
2026-08-10 17:06:04,208.9958,221.6487,8.4363,-0.3336,1.9594,-63.0752,-114.9119,2.309199303926215,12.652899999999988,180
2026-08-10 17:06:05,208.4236,219.5345,8.6695,0.1888,2.0441,-71.05,-116.107,2.317985258176519,11.110900000000015,180
2026-08-10 17:06:06,208.3151,220.9153,8.5529,,,-70.8103,-118.6431,2.2588846927937327,12.600200000000001,180
2026-08-10 17:06:07,206.8892,218.4459,8.5529,-0.7727,1.9713,-67.4145,-116.4603,1.90462820636019,11.556700000000006,180
2026-08-10 17:06:08,207.2415,217.4547,8.825,1.2669,2.0307,-69.014,-119.0705,1.843851505242358,10.2132,180
2026-08-10 17:06:10,206.157,218.1823,9.6414,0.8107,2.4096,-66.1944,-123.5816,1.7818773720014898,12.025299999999987,180
2026-08-10 17:06:11,204.5755,215.9306,8.8833,-0.1273,2.9902,-65.0224,-121.5021,1.7949540012595901,11.355099999999993,180
2026-08-10 17:06:12,203.6465,215.8447,8.5723,0.758,2.1742,-64.5207,-116.8177,1.7980694212433723,12.198199999999986,180
2026-08-10 17:06:13,204.2808,215.0253,9.0,1.5391,2.2618,-66.2542,-113.9618,1.7953332772705977,10.744499999999988,180
2026-08-10 17:06:14,206.1172,216.8874,8.6695,-0.4671,3.2066,-64.9337,-117.2113,1.6938826808869645,10.770200000000017,180
2026-08-10 17:06:15,207.6686,217.0364,8.9417,0.511,1.8904,-62.5143,-111.6207,1.6121565702212153,9.367799999999988,180
2026-08-10 17:06:16,209.1467,218.5719,9.0389,,,-65.6966,-113.9115,1.6272091558087627,9.42519999999999,180
2026-08-10 17:06:18,210.0424,220.4111,9.1166,-1.1435,2.6966,-57.7734,-109.3227,1.9388502301376562,10.368700000000018,210
2026-08-10 17:06:19,206.7756,219.1735,9.1749,2.3934,2.421,-70.9686,-116.7262,2.155062644738825,12.397899999999993,180
2026-08-10 17:06:20,206.8442,217.363,9.2332,0.5421,1.9828,-66.6235,-117.6445,2.417230813441204,10.518799999999999,180
2026-08-10 17:06:21,206.3452,217.363,9.3499,1.0462,2.9364,,,2.4945165831424094,11.017799999999994,180
2026-08-10 17:06:22,206.33,215.816,8.4946,0.5439,2.2631,-67.9915,-115.9344,2.4435945993280135,9.48599999999999,180
2026-08-10 17:06:24,205.2549,213.6674,9.0583,,,-66.5465,-114.3727,2.183857219841095,8.412499999999994,180
2026-08-10 17:06:25,206.994,216.8817,8.6695,1.1616,2.8911,-69.5675,-114.7791,2.126520031603247,9.887699999999995,180
2026-08-10 17:06:26,208.6656,218.1365,8.8639,-0.6834,1.8763,-57.6856,-107.8705,2.1040957681205237,9.4709,180
2026-08-10 17:06:27,210.0822,219.5574,8.7473,-0.3494,2.9019,-66.3913,-112.6651,2.1443116565256126,9.475200000000001,210
2026-08-10 17:06:28,210.32,218.9902,8.4557,-0.7364,2.176,-67.5509,-113.4983,2.3149716437066186,8.670199999999994,210
2026-08-10 17:06:29,211.1275,220.8294,8.6306,0.625,2.5525,-65.0313,-110.2703,2.358459218502598,9.701899999999995,210
2026-08-10 17:06:30,212.6226,222.5712,8.7473,0.2324,2.3608,-67.8969,-115.6995,2.430383459267999,9.948599999999999,210
2026-08-10 17:06:31,210.7159,221.0185,8.689,-0.7865,3.0793,-62.8927,-119.9999,2.5161349684297964,10.302599999999984,210
2026-08-10 17:06:33,211.4007,221.7576,8.203,-0.2687,2.8396,-70.0174,-114.0119,2.599623970370868,10.356899999999996,210
2026-08-10 17:06:34,211.1264,221.219,8.1836,0.4674,1.7459,-68.3238,-112.4979,2.6356252908490965,10.092600000000004,210
2026-08-10 17:06:35,210.6672,221.1904,8.8056,3.1371,2.0946,-70.2443,-113.5733,2.884618970015654,10.523200000000003,210
2026-08-10 17:06:58,206.1569,215.9593,9.0194,-0.1886,2.6845,-67.5446,-114.8345,2.3813583659510607,9.802400000000006,180
2026-08-10 17:06:59,208.5558,216.9447,9.1555,0.1316,2.0421,-67.852,-114.3482,2.3149646143793006,8.388900000000007,180
2026-08-10 17:07:00,205.0781,214.0284,9.0194,1.6235,2.3769,-71.1565,-115.3044,2.183664345444683,8.950299999999999,180
2026-08-10 17:07:01,203.3756,211.2381,9.0389,1.46,2.4206,-61.993,-111.5659,2.2109479972561594,7.862500000000011,180
2026-08-10 17:07:02,204.4404,214.3951,9.0777,-0.1697,2.363,-68.9879,-116.1504,2.1771606901588645,9.954700000000003,180
2026-08-10 17:07:04,205.8302,214.2633,8.7084,-1.3027,3.3149,-66.9651,-115.4608,1.870540880625509,8.433099999999996,180
2026-08-10 17:07:05,206.1681,213.5586,8.6695,0.6578,2.0078,-67.6486,-111.8426,1.5165182777320065,7.390500000000003,180
2026-08-10 17:07:06,207.1001,214.9623,8.9417,0.5261,1.7708,-68.225,-112.8121,2.0127399774474872,7.862200000000001,180
2026-08-10 17:07:08,207.5131,216.3947,8.7667,0.3812,2.574,-69.1956,-114.3525,2.747658410096439,8.881599999999992,180
2026-08-10 17:07:47,202.9797,209.8859,9.1166,-0.5133,3.7583,-64.4193,-114.1289,2.5085201740076224,6.906199999999984,180
2026-08-10 17:07:49,205.0359,213.0429,8.4363,,,-68.8792,-113.4627,1.9558018472950935,8.007000000000005,180
2026-08-10 17:07:50,205.5805,211.0891,8.5335,-0.0955,2.2643,-59.1793,-106.3741,1.6892218400809293,5.508600000000001,180
2026-08-10 17:07:51,203.9579,210.4188,8.5529,0.8783,2.624,-65.8075,-110.7596,1.550293586056435,6.460900000000009,180
2026-08-10 17:07:52,203.8109,212.5788,9.1555,0.6327,1.7939,,,1.5353660637601527,8.767899999999997,180
2026-08-10 17:07:54,205.1813,209.9948,8.825,-0.9316,3.0119,-67.6565,-116.0588,1.5758103727333137,4.813500000000005,180
2026-08-10 17:07:55,202.4604,209.5708,8.8056,1.0711,2.2984,-61.5942,-111.0377,1.617952115797692,7.1103999999999985,180
2026-08-10 17:07:56,203.8517,209.3072,9.0,,,-63.5659,-109.8038,1.3209196655059334,5.455500000000001,180
2026-08-10 17:07:57,203.6092,209.3072,9.4276,1.9554,1.8424,-65.9304,-113.3284,1.2211394399956677,5.6980000000000075,180
2026-08-10 17:07:58,202.6838,209.3416,8.8833,0.5672,2.7126,-52.386,-106.0043,1.3700942570521846,6.657800000000009,180
2026-08-10 17:08:00,203.5535,208.3905,9.0583,-0.8311,2.6166,-52.4029,-105.8869,1.5500144822543402,4.836999999999989,180
2026-08-10 17:08:01,203.609,208.0352,8.8056,0.8203,2.2431,-66.5072,-110.9813,1.585265507912272,4.426199999999994,180
2026-08-10 17:08:02,205.2445,211.0146,8.8056,0.8944,1.943,-61.7473,-111.1348,1.592987288684325,5.7701000000000136,180
2026-08-10 17:08:03,205.8634,211.3011,9.1555,-0.5092,2.5346,-68.7249,-114.1501,1.605276559910778,5.437699999999978,180
2026-08-10 17:08:04,204.9375,210.9172,9.0583,0.7317,2.2623,-57.7662,-106.7493,1.5664882050071962,5.979700000000008,180
2026-08-10 17:08:06,204.5343,211.2495,8.9417,1.1171,1.8932,-64.4583,-110.7691,1.5375180171925478,6.71520000000001,180
2026-08-10 17:08:07,207.2754,211.387,8.8445,0.3227,2.7323,-62.5862,-114.0464,1.5047376206669985,4.11160000000001,180
2026-08-10 17:08:08,207.4711,214.1774,8.7862,0.1743,2.4231,-59.8333,-104.5788,1.484839685899634,6.706299999999999,180
2026-08-10 17:08:09,207.6167,213.8737,8.6306,1.0205,1.6842,-63.5547,-108.969,1.321109106150482,6.257000000000005,180
2026-08-10 17:08:10,206.5472,211.7767,8.9417,0.7319,2.6327,-65.8204,-111.2952,1.3726932548811432,5.229500000000002,180
2026-08-10 17:08:12,206.0364,212.9226,8.7278,2.2324,2.4597,-64.8424,-112.4573,1.3722087888139314,6.886200000000002,180
2026-08-10 17:08:13,206.5113,211.9027,8.7667,0.0857,2.4869,-63.5841,-118.1029,1.4345002500956627,5.391400000000004,180
2026-08-10 17:08:14,204.4971,209.9088,8.9417,,,-63.6485,-116.3917,1.6083101730952198,5.411700000000025,180
2026-08-10 17:08:15,203.3676,208.041,8.6695,0.1267,2.6224,-62.4511,-113.4783,1.673670302976067,4.673399999999987,180
2026-08-10 17:08:17,205.4192,209.9375,8.4168,1.1708,2.487,-54.8481,-109.3065,1.8365783522883137,4.518300000000011,180
2026-08-10 17:08:18,206.6879,210.6422,8.7084,0.8746,2.0271,-60.8123,-114.4157,2.1907627383111183,3.9542999999999893,180
2026-08-10 17:08:19,205.8006,207.5769,9.0194,0.7459,2.6976,-60.3432,-112.622,2.246918551674613,1.776299999999992,180
2026-08-10 17:08:20,203.4663,207.8576,8.9028,0.519,2.2621,-60.2072,-114.7714,2.0715422788523488,4.391300000000001,180
2026-08-10 17:08:21,203.1565,207.892,8.3974,2.7041,1.8245,-60.1594,-110.256,1.987730331718144,4.735500000000002,180
2026-08-10 17:08:24,202.3243,208.528,8.6501,0.6482,1.3587,-59.1617,-112.2337,1.963868548877933,6.203699999999998,180
2026-08-10 17:08:25,203.2823,209.4333,9.0583,1.9139,2.6296,-61.8744,-114.7577,2.0157528752212115,6.1510000000000105,180
2026-08-10 17:08:27,201.9196,205.2163,8.9028,1.4195,2.7246,-48.3594,-103.4934,2.082714163866696,3.296699999999987,180
2026-08-10 17:08:28,199.2482,206.4482,9.1944,0.3795,1.6936,-62.9069,-108.1577,2.0640357873507797,7.200000000000017,180
2026-08-10 17:08:29,200.5822,203.6292,8.9611,,,-54.6561,-104.3865,1.9991054114807676,3.046999999999997,180
2026-08-10 17:08:30,203.7176,205.7262,9.0583,0.5533,2.9455,-62.0289,-110.8084,1.9815070712160634,2.0086000000000013,180
2026-08-10 17:08:31,205.0619,205.9898,8.9805,-1.7547,2.1849,-56.7176,-107.5706,2.0118638482042095,0.927899999999994,180
2026-08-10 17:08:33,205.036,208.4592,8.8639,0.5459,2.1913,-60.4829,-106.9113,1.9688816505745155,3.4232000000000085,180
2026-08-10 17:08:34,206.8381,210.4875,8.7084,-0.0837,2.7854,-61.5904,-108.7731,2.0250682323242515,3.649400000000014,180
2026-08-10 17:08:36,206.5218,210.9802,8.8639,0.2794,2.4044,-63.6175,-114.3606,2.0161423542820023,4.458399999999983,180
2026-08-10 17:08:37,205.2649,209.7255,8.9222,1.5175,3.1099,-62.0959,-112.9077,2.0110709744253934,4.4605999999999995,180
2026-08-10 17:08:38,202.9917,209.0723,9.1166,,,-61.9657,-114.0969,2.2143857486619756,6.080600000000004,180
2026-08-10 17:08:40,201.5728,206.2419,8.9028,0.2806,2.0813,,,2.352104966805846,4.669099999999986,180
2026-08-10 17:08:41,201.9803,204.7465,8.6112,0.4152,2.4987,-63.2279,-108.1015,2.4077510766507775,2.7661999999999978,180
2026-08-10 17:08:42,202.3702,206.4653,8.825,0.8384,2.176,-61.4267,-106.188,2.5931166124478966,4.095100000000002,180
2026-08-10 17:08:43,202.7264,206.7633,8.8056,-0.7985,2.2408,-60.2608,-106.9906,2.6581571763094383,4.036899999999974,180
2026-08-10 17:08:45,202.8568,206.1158,9.0,-0.751,2.4798,-60.7388,-108.332,2.9040087407413253,3.2590000000000146,180
2026-08-10 17:08:46,203.5838,208.9004,8.689,0.0831,1.8716,-54.6948,-107.087,2.8636376722535677,5.316599999999994,180
2026-08-10 17:08:47,205.2543,208.9004,8.378,0.5094,3.2949,-54.9347,-105.4101,2.9415270513150493,3.64609999999999,180
2026-08-10 17:08:49,209.008,212.1777,8.4751,,,-51.19,-105.4691,2.9688557310256245,3.1696999999999775,180
2026-08-10 17:08:50,209.4839,212.9398,8.2808,1.1751,2.301,-62.1741,-108.4288,2.9286732593749636,3.4558999999999855,180
2026-08-10 17:09:22,213.0897,214.7446,9.2916,-0.0033,2.0365,-61.3772,-121.5063,2.7577953193198694,1.6548999999999978,210
2026-08-10 17:09:23,210.5765,214.3149,8.8833,,,-63.3275,-119.5944,2.3034051807067297,3.7383999999999844,210
2026-08-10 17:09:24,209.3362,212.4929,9.0,0.7502,2.7376,-63.7933,-118.2804,1.9770795039576698,3.1567000000000007,180
2026-08-10 17:09:26,212.2457,217.2312,9.4082,0.8994,1.4595,-62.7263,-118.9161,1.3911599971365483,4.985500000000002,210
2026-08-10 17:09:27,212.2523,215.054,9.0194,-0.5844,2.8104,-62.8136,-121.0696,1.509804092589548,2.801700000000011,210
2026-08-10 17:09:28,211.1647,214.0398,8.9222,-0.7219,2.3989,-60.7105,-115.829,1.5037437700603178,2.8751000000000033,210
2026-08-10 17:09:29,211.9719,215.7988,8.7862,1.2071,2.2225,-64.0795,-115.5361,1.5648337607074594,3.826899999999995,210
2026-08-10 17:09:32,210.6599,215.6556,9.0583,,,-53.5583,-112.2352,1.587587719648886,4.995699999999999,210
2026-08-10 17:09:33,209.1314,213.6044,9.1944,0.772,2.7543,-65.3595,-118.7638,1.7086080085825048,4.472999999999985,180
2026-08-10 17:09:34,211.3908,212.6074,9.2138,-0.3176,2.1002,-59.9311,-115.9995,2.045492047817991,1.2165999999999997,210
2026-08-10 17:09:35,212.5321,214.6414,8.7473,0.1167,2.1343,-62.3651,-114.9287,2.0495700436636413,2.1092999999999904,210
2026-08-10 17:09:36,214.3154,216.8989,8.8833,-0.6153,2.366,-59.83,-111.9178,2.5386505912488277,2.5834999999999866,210
2026-08-10 17:09:37,214.6207,218.0334,8.6695,2.0405,2.1684,,,2.859137502584575,3.412700000000001,210
2026-08-10 17:09:47,205.0189,209.3187,9.0,0.8401,1.7502,-60.9194,-112.9489,2.945953798627134,4.299800000000005,180
2026-08-10 17:09:48,206.5498,209.1239,8.7084,1.058,2.3175,-59.6545,-112.146,2.443740902880089,2.574099999999987,180
2026-08-10 17:09:49,207.6429,210.7339,9.5443,,,-60.5819,-111.6677,2.397140042531948,3.091000000000008,180
2026-08-10 17:09:50,204.8243,209.4161,9.0777,-1.0667,2.3093,-57.3946,-112.0687,1.9491479122989699,4.591800000000006,180
2026-08-10 17:09:52,204.9493,209.2155,8.689,0.3764,2.2423,-57.6319,-107.7303,1.6688294493715414,4.266199999999998,180
2026-08-10 17:09:53,206.441,210.1094,9.0,0.0823,1.9283,-57.8402,-109.4112,1.4085229761466556,3.6683999999999912,180
