timestamp,segment,HDGt,COGt,SOG,ROLL,TWA,TACK,MFIT,MAGB,MINCL,hdg_rollstd,dev_deg,heading_bin_30
2026-08-12 18:24:31,presail,287.207,306.2402,10.7494,1.0161,-78.1616,148.4441,3.2216,48.092,65.1909,2.7899774217332736,19.033200000000022,270
2026-08-12 18:24:32,presail,287.2193,333.4156,8.3002,-0.398,-70.6626,149.623,,,,1.9608985844970588,46.19630000000001,270
2026-08-12 18:24:34,presail,286.4756,265.0847,25.6781,0.6495,-136.4231,246.8483,,,,0.9188321982426356,-21.390899999999988,270
2026-08-12 18:24:35,presail,286.9908,229.5785,15.8423,0.18,-126.1159,146.943,3.2217,48.092,65.0762,0.8524777768155681,-57.41229999999999,270
2026-08-12 18:24:36,presail,287.8336,232.5808,15.1814,0.5148,-113.0409,147.1634,,,,0.9166532736297835,-55.25279999999998,270
2026-08-12 18:25:09,presail,295.9062,320.8277,6.2592,1.5639,,,,,,2.8467455276547105,24.92149999999998,270
2026-08-12 18:25:10,presail,294.4003,320.8334,6.6285,1.8623,-70.9602,250.3448,,,,2.2976649841827297,26.433099999999968,270
2026-08-12 18:25:11,presail,293.2111,320.8334,18.0777,1.716,-88.9705,250.4087,3.222,48.092,66.7081,2.3317367852426942,27.622299999999996,270
2026-08-12 18:25:12,presail,292.6998,320.8334,8.5918,0.4371,-85.8602,251.0482,,,,2.3317367852426942,28.1336,270
2026-08-12 18:25:14,presail,293.4451,320.8334,5.2678,0.582,-49.1498,251.7814,,,,2.2900207573255593,27.38829999999996,270
2026-08-12 18:25:15,presail,294.1602,320.8334,6.3952,-0.3351,-38.5453,252.6104,3.2221,48.092,67.0266,2.272004332648225,26.67320000000001,270
2026-08-12 18:25:17,presail,294.0107,270.4361,17.4557,-0.4749,-116.8311,253.9694,,,,2.2670543509500036,-23.574599999999975,270
2026-08-12 18:25:24,presail,297.8521,270.4361,17.4557,,-122.2861,158.4132,,,,2.3945952262051735,-27.415999999999997,270
2026-08-12 18:26:20,presail,9.7489,28.3328,10.419,0.9095,-158.991,221.135,,,,2.5568172284161954,18.5839,0
2026-08-12 18:27:28,presail,148.2135,148.8831,8.8445,-2.4413,114.4283,288.7633,,,,2.6154245988452556,0.6696000000000026,120
2026-08-12 18:27:29,presail,148.4473,149.5133,9.5443,-1.8464,111.8973,290.3557,,,,2.32471982297055,1.065999999999974,120
2026-08-12 18:27:31,presail,146.232,147.1012,9.2527,-1.641,110.6189,289.7671,3.2233,48.092,70.149,1.9758084533320093,0.8692000000000064,120
2026-08-12 18:27:32,presail,145.5926,146.4136,8.8833,-1.4821,109.017,288.5244,,,,1.920199326508134,0.820999999999998,120
2026-08-12 18:27:33,presail,144.8838,145.9553,8.4751,-1.6083,106.2158,288.5552,,,,1.8109116266573613,1.0714999999999861,120
2026-08-12 18:27:34,presail,144.8755,146.6256,8.7084,-1.5376,103.9443,289.1694,,,,1.3465286905537837,1.7501000000000033,120
2026-08-12 18:27:35,presail,145.5116,146.5168,8.8639,-1.5791,106.0076,290.054,3.2234,48.092,70.25,1.4683545921754888,1.005200000000002,120
2026-08-12 18:27:36,presail,146.4588,148.2872,9.1944,-3.5704,107.8562,,,,,1.481657356977193,1.8284000000000162,120
2026-08-12 18:27:37,presail,148.5191,148.9576,9.5637,-2.708,109.6879,293.1737,,,,1.838801588565921,0.4385000000000048,120
2026-08-12 18:27:39,presail,148.6172,149.2842,9.7386,,111.377,295.3565,3.2234,48.092,70.7243,2.5564545292843324,0.6670000000000016,120
2026-08-12 18:28:12,presail,121.3457,126.3888,7.8726,-1.0515,127.621,262.7629,,,,2.7822557084042807,5.04310000000001,120
2026-08-12 18:28:13,presail,119.691,125.5064,7.8531,,126.8339,262.1185,,,,2.8483773942739674,5.815400000000011,90
2026-08-12 18:28:15,presail,119.7045,123.5469,7.8726,-0.035,128.4969,261.7225,3.2238,48.092,71.8652,2.646271865685596,3.842399999999998,90
2026-08-12 18:28:16,presail,119.4803,124.8819,7.7948,-1.4593,127.7452,261.5272,,,,2.57672889673158,5.401600000000002,90
2026-08-12 18:28:17,presail,117.8001,122.126,7.5227,-0.3076,128.5564,260.748,,,,2.349019884158711,4.32589999999999,90
2026-08-12 18:28:18,presail,117.7375,122.9052,7.581,0.1859,129.3746,259.707,,,,1.945693069826444,5.167699999999996,90
2026-08-12 18:28:19,presail,117.2906,120.7394,7.7948,-0.8532,128.4187,259.9825,3.2238,48.092,70.7936,1.9040937174568833,3.4488000000000056,90
2026-08-12 18:28:20,presail,117.3374,122.9166,7.4643,-0.3206,130.0246,259.6109,,,,1.5582414361558237,5.579200000000014,90
2026-08-12 18:28:21,presail,116.5539,121.9598,7.4838,-0.4325,129.8471,259.0932,,,,1.5249283835184193,5.405900000000003,90
2026-08-12 18:28:23,presail,116.912,122.1947,7.5421,,129.7278,,3.2238,48.092,71.789,2.023922854066447,5.282699999999977,90
2026-08-12 18:28:24,presail,117.0782,122.6359,7.5227,-1.3663,129.9909,259.2179,,,,2.209077545421075,5.557700000000011,90
2026-08-12 18:28:25,presail,117.4877,122.2978,8.0475,-0.7101,,259.162,,,,2.1562202670461503,4.810099999999977,90
2026-08-12 18:28:27,presail,118.0846,123.6271,7.9697,-0.6936,130.1046,261.2285,3.2239,48.092,72.2501,2.5477265974998162,5.542500000000018,90
2026-08-12 18:29:32,presail,207.8382,209.9948,3.3628,0.2248,26.8593,248.8255,,,,2.9188608834625316,2.1565999999999974,180
2026-08-12 18:29:33,presail,206.4176,207.68,3.2462,0.3054,41.6047,246.9962,,,,2.8999134927310735,1.2624000000000137,180
2026-08-12 18:29:34,presail,203.5789,202.002,3.8099,-0.2388,58.857,246.8026,,,,2.972061556736782,-1.5768999999999949,180
2026-08-12 18:29:41,presail,201.5666,201.5837,3.7516,-1.6181,50.344,244.1008,,,,2.8128896050842576,0.017099999999999227,180
2026-08-12 18:29:43,presail,201.5078,200.9134,4.4903,-0.4851,49.6135,244.4438,3.2246,48.092,66.3739,2.441854286142605,-0.5944000000000074,180
2026-08-12 18:29:44,presail,200.5721,201.4462,4.0237,-1.166,46.9224,244.1435,,,,2.1598792386962344,0.8740999999999985,180
2026-08-12 18:29:45,presail,199.7891,200.7873,4.6458,-0.1027,42.2409,245.0658,,,,2.102021812868882,0.9981999999999971,180
2026-08-12 18:29:47,presail,199.7693,196.7594,4.1793,,46.077,245.3893,3.2246,48.092,66.0866,2.264786046054359,-3.0098999999999876,180
2026-08-12 18:29:49,presail,198.8043,197.0459,4.743,-0.8276,43.8079,245.0178,,,,2.055572832483804,-1.758400000000023,180
2026-08-12 18:29:50,presail,197.0724,196.9256,5.4039,-0.7432,42.4139,245.7742,,,,1.925861628232212,-0.14679999999998472,180
2026-08-12 18:29:51,presail,196.9813,195.7682,4.8596,-1.1848,43.5088,247.3042,3.2247,48.092,66.0549,1.7617987591523556,-1.2130999999999972,180
2026-08-12 18:29:52,presail,197.7922,198.3179,4.9957,-1.0843,39.4306,247.1794,,,,1.7273023170288782,0.5257000000000005,180
2026-08-12 18:29:54,presail,197.1371,195.9401,5.7343,-1.2693,41.1604,247.2557,,,,2.5520114732385077,-1.1970000000000027,180
2026-08-12 18:29:55,presail,197.4124,195.7911,5.5788,-0.3215,43.41,247.4605,3.2247,48.092,66.0706,2.594052709179536,-1.6212999999999909,180
2026-08-12 18:29:56,presail,195.7924,195.9229,5.2872,-1.5419,42.0888,246.6243,,,,2.665375211505649,0.13050000000001205,180
2026-08-12 18:30:09,presail,204.8013,199.5383,5.5205,-0.5747,42.5323,254.8026,,,,2.83117877939723,-5.263000000000005,180
2026-08-12 18:30:11,presail,203.4016,200.9077,5.7732,-1.868,43.5734,254.0218,,,,2.2124703960240186,-2.4938999999999965,180
2026-08-12 18:30:13,presail,204.5175,204.8668,5.1317,-2.1665,42.573,254.5776,,,,2.2021077041085304,0.3492999999999995,180
2026-08-12 18:30:14,presail,205.8187,205.4856,5.4233,-1.1237,40.9116,255.2219,,,,2.1806426842844044,-0.33310000000000173,180
2026-08-12 18:30:15,presail,204.3739,205.6517,5.1512,-1.0821,39.4651,,3.2249,48.092,65.2084,2.126267072021945,1.2778000000000134,180
2026-08-12 18:30:16,presail,203.3733,205.2278,4.9957,-0.9084,39.0435,254.687,,,,2.050619761548493,1.8545000000000016,180
2026-08-12 18:30:17,presail,201.9679,205.6861,5.0151,-0.852,37.8466,253.9654,,,,1.9852741674512286,3.7182000000000244,180
2026-08-12 18:30:19,presail,201.0244,200.9077,4.6847,-1.6671,39.2791,251.6604,3.225,48.092,65.5327,1.9039305329051457,-0.11670000000000869,180
2026-08-12 18:30:20,presail,199.9116,199.3607,5.5983,,40.4947,250.4209,,,,1.8769664217502808,-0.5508999999999844,180
2026-08-12 18:30:21,presail,199.209,199.3148,5.0345,-1.5685,41.069,249.7863,,,,1.8355283359693362,0.1057999999999879,180
2026-08-12 18:30:22,presail,199.1887,198.4611,5.1706,-2.1422,44.6529,249.5245,,,,1.87039023324139,-0.7276000000000238,180
2026-08-12 18:30:23,presail,200.9162,200.7186,5.1706,-2.7816,50.5582,249.7754,3.225,48.092,65.8137,1.8992446859798466,-0.19759999999999422,180
2026-08-12 18:30:24,presail,202.5222,200.9649,5.9093,-2.7086,49.3638,250.7714,,,,1.8996902128828423,-1.557299999999998,180
2026-08-12 18:30:26,presail,202.7129,202.9703,6.1231,-2.886,48.3224,252.3122,,,,2.4236552988830655,0.2574000000000183,180
2026-08-12 18:30:27,presail,202.9278,200.4779,6.1425,,50.6319,252.5042,3.225,48.092,65.9255,2.6494369332279004,-2.4498999999999853,180
2026-08-12 18:30:28,presail,203.9318,202.8099,6.5896,-3.7324,49.2108,253.0785,,,,2.6567849018602434,-1.1219000000000108,180
2026-08-12 18:30:29,presail,203.2148,204.3167,6.784,-2.8117,48.4647,253.5333,,,,2.6567849018602434,1.1019000000000005,180
2026-08-12 18:30:59,presail,203.3498,204.2365,4.1793,-1.0203,44.6887,250.7963,3.2253,48.092,65.6061,2.555028845228832,0.8867000000000189,180
2026-08-12 18:31:00,presail,202.6783,201.7499,4.3736,-0.1742,42.2285,249.4937,,,,2.0663817536284044,-0.9284000000000106,180
2026-08-12 18:31:01,presail,202.4574,205.2106,4.743,-0.6792,44.1917,249.8144,,,,2.240880413562866,2.7531999999999925,180
2026-08-12 18:31:02,presail,202.6583,205.1647,4.9957,-0.5555,45.0379,251.3746,,,,2.3041920295688842,2.5064000000000135,180
2026-08-12 18:31:03,presail,201.6541,200.2545,4.4125,-1.5111,41.3221,252.1551,3.2254,48.092,65.4905,2.9051711728030796,-1.3995999999999924,180
2026-08-12 18:32:07,presail,140.8142,139.074,8.7667,-0.0391,121.859,294.2598,3.226,48.092,70.5807,2.7040197678243336,-1.7401999999999873,120
2026-08-12 18:32:08,presail,137.6577,137.6875,8.5723,0.2451,123.9308,290.694,,,,2.72630222299377,0.029799999999994498,120
2026-08-12 18:32:09,presail,138.681,137.04,8.6695,-0.303,127.6052,287.0596,,,,2.783264607459544,-1.6410000000000196,120
2026-08-12 18:32:10,presail,139.8611,136.7593,8.2224,-0.4231,127.4173,285.6534,,,,2.8837297346587443,-3.1017999999999972,120
2026-08-12 18:32:15,presail,145.901,142.2769,7.8726,,127.7531,289.7127,3.2261,48.092,71.5117,2.815606704753204,-3.6240999999999985,120
2026-08-12 18:32:17,presail,143.5725,142.3743,7.7754,0.3804,124.1701,286.7542,,,,2.78777079753225,-1.1981999999999857,120
2026-08-12 18:33:29,presail,25.0217,46.5872,5.3456,0.8813,-155.6152,245.5061,,,,2.8937210899894237,21.565500000000014,0
2026-08-12 18:33:31,presail,26.3877,49.7843,5.7343,,-156.1439,245.2227,3.2268,48.092,72.0253,2.483249924607022,23.396600000000007,0
2026-08-12 18:33:33,presail,25.9501,49.9161,5.8315,0.8781,-154.2679,245.9992,,,,2.7109024520496168,23.966000000000008,0
2026-08-12 18:33:42,presail,20.1092,42.164,5.4622,,-154.2407,239.8022,,,,2.4601356623678847,22.0548,0
2026-08-12 18:33:43,presail,18.1258,41.1326,5.8704,0.9128,-154.1297,239.1908,3.2269,48.092,71.7272,2.434956531370201,23.0068,0
2026-08-12 18:33:44,presail,17.4229,41.4306,5.4428,0.7149,-155.2771,238.2416,,,,1.8346035679790307,24.0077,0
2026-08-12 18:33:45,presail,18.556,41.6598,5.7343,0.0902,-154.2001,238.2584,,,,1.6271458893618196,23.103800000000007,0
2026-08-12 18:33:47,presail,18.0477,41.7514,5.6955,1.5857,-151.5681,238.228,3.2269,48.092,71.606,1.5105163631213554,23.703699999999998,0
2026-08-12 18:33:48,presail,17.2386,41.7514,5.3456,0.6101,-153.2994,237.9136,,,,1.4305389526868957,24.5128,0
2026-08-12 18:33:49,presail,17.2051,41.6197,5.6566,0.8142,-152.9487,237.2501,,,,1.2995437940029335,24.414600000000007,0
2026-08-12 18:33:50,presail,16.1138,39.6487,5.7926,0.9767,-153.2512,236.8206,,,,1.3378373461524928,23.534899999999993,0
2026-08-12 18:33:51,presail,17.201,40.5368,5.5594,0.8794,-151.2455,237.0308,3.227,48.092,71.8728,1.3869960725068131,23.335800000000006,0
2026-08-12 18:33:53,presail,17.4052,40.5368,5.5788,,-151.5541,237.1623,,,,1.2372384488910293,23.13159999999999,0
2026-08-12 18:33:54,presail,17.1688,40.8175,6.6479,0.562,-151.1839,237.209,,,,1.2726969247478348,23.64869999999999,0
2026-08-12 18:33:55,presail,18.2568,41.1899,5.6177,-0.0547,-149.6285,237.6944,3.227,48.092,71.9449,1.4178630807947454,22.933099999999996,0
2026-08-12 18:33:56,presail,17.6137,41.1899,5.1317,1.3407,-150.7065,238.0889,,,,1.4114581880922497,23.5762,0
2026-08-12 18:33:57,presail,16.9544,41.1899,5.676,1.8134,-152.0584,237.5938,,,,1.4114581880922497,24.235500000000002,0
2026-08-12 18:33:58,presail,14.6244,41.1899,6.2397,1.0535,-154.3361,236.3902,,,,1.676043756559928,26.565499999999986,0
2026-08-12 18:34:00,presail,14.7201,39.2419,5.851,0.4156,-150.65,235.1022,,,,2.054632341434897,24.521799999999985,0
2026-08-12 18:34:01,presail,14.8644,39.4825,6.162,0.4722,-150.8346,234.9421,,,,2.171969901219032,24.6181,0
2026-08-12 18:34:02,presail,15.4529,39.1789,6.0842,0.4401,-150.074,235.3164,,,,2.1645190440929,23.726,0
2026-08-12 18:34:03,presail,15.4408,38.7434,6.1037,,-150.0751,234.807,3.2271,48.092,71.4291,2.4563652306097237,23.302600000000012,0
2026-08-12 18:34:04,presail,14.8085,37.46,6.0453,1.0147,,233.7764,,,,2.6830182728356853,22.6515,0
2026-08-12 18:34:05,presail,13.7102,37.5001,6.0065,0.5511,-150.0292,233.6903,,,,2.871334396422372,23.78989999999999,0
2026-08-12 18:34:08,presail,11.6286,36.1823,5.9676,0.6947,-149.0684,232.9797,,,,2.9836894842729,24.553699999999992,0
2026-08-12 18:34:49,presail,282.0618,309.2253,3.4989,0.6152,-53.1733,238.1763,,,,2.7015884048740166,27.1635,270
2026-08-12 18:34:50,presail,282.5041,307.7414,3.4406,1.1224,-53.8074,235.63,,,,2.287799443413149,25.237300000000005,270
2026-08-12 18:34:52,presail,284.0031,309.1222,4.0821,0.2265,-44.2784,236.2904,,,,1.4715925147812279,25.119100000000003,270
2026-08-12 18:34:53,presail,284.0378,311.0874,4.2181,0.1049,-39.5774,237.7294,,,,1.0289262287516812,27.049599999999998,270
2026-08-12 18:34:55,presail,282.851,309.9874,4.5486,,-41.6875,235.7717,3.2276,48.092,64.8699,0.7553892775518521,27.13639999999998,270
2026-08-12 18:35:01,presail,282.3456,311.3682,4.9762,1.6415,-58.6995,233.1013,,,,2.4773774029916718,29.02260000000001,270
2026-08-12 18:35:02,presail,284.4352,309.6894,5.0929,0.2453,-52.5204,234.3677,,,,2.4773774029916718,25.25419999999997,270
2026-08-12 18:35:03,presail,282.4764,310.4457,4.9179,0.3673,-49.1888,234.2235,3.2277,48.092,64.9275,2.81031384914877,27.969299999999976,270
2026-08-12 18:35:04,presail,283.0693,308.2857,4.3931,-0.4133,-45.8312,233.0394,,,,2.963651321958987,25.21640000000002,270
2026-08-12 18:35:05,presail,283.812,311.202,4.5486,0.3208,-43.3927,232.9635,,,,2.9565566277268784,27.389999999999986,270
2026-08-12 18:35:06,presail,284.979,313.385,4.5097,,-45.6087,233.7781,,,,2.8701305160983543,28.406000000000006,270
2026-08-12 18:35:08,presail,286.1302,316.2842,4.3153,-1.2204,-49.4639,235.6918,,,,2.828182796555304,30.153999999999996,270
2026-08-12 18:35:09,presail,287.4676,318.6276,4.3931,0.4517,-54.3428,237.1558,,,,2.878103859802951,31.159999999999968,270
2026-08-12 18:35:47,presail,275.4843,301.6852,8.3585,10.4693,-33.9152,225.6345,3.2281,48.092,64.8935,2.709613439662532,26.20089999999999,270
2026-08-12 18:35:48,presail,274.9059,301.668,8.378,12.3904,-34.8745,224.4682,,,,2.7486654736268776,26.762100000000032,270
2026-08-12 18:35:49,presail,272.196,295.6577,8.7473,,-31.2157,223.0703,,,,2.8954339037343177,23.46169999999995,270
2026-08-12 18:36:05,presail,284.4049,311.1505,10.1468,10.263,-47.1402,234.2367,,,,2.628609263732094,26.745600000000024,270
2026-08-12 18:36:06,presail,281.946,311.2765,10.9049,11.7528,-49.4898,233.095,,,,2.184085994744716,29.330499999999972,270
2026-08-12 18:36:07,presail,279.7077,305.375,10.0302,9.2877,-46.2164,231.0809,3.2283,48.092,65.652,2.0882026769140385,25.66730000000001,270
2026-08-12 18:36:08,presail,278.7936,304.2349,10.4773,,-42.2365,230.2362,,,,2.1503630707335097,25.441299999999956,270
2026-08-12 18:36:09,presail,278.7709,303.3468,10.0885,7.9676,-42.174,229.1235,,,,2.15276129993422,24.57589999999999,270
2026-08-12 18:36:11,presail,278.1808,304.825,10.2246,8.8139,-43.5295,228.3974,3.2283,48.092,65.4848,2.198646778585508,26.644200000000012,270
2026-08-12 18:36:12,presail,277.3793,301.9201,10.1468,8.9182,-44.0041,227.7187,,,,2.2877743662314387,24.54079999999999,270
2026-08-12 18:36:13,presail,277.4656,301.8227,10.3024,7.8214,-42.4451,227.5805,,,,2.312960048023902,24.357100000000003,270
2026-08-12 18:36:14,presail,279.8858,305.1058,10.3412,7.841,-43.038,228.1748,,,,2.312960048023902,25.21999999999997,270
2026-08-12 18:36:16,presail,280.3576,307.7929,10.5162,8.0799,-42.8719,229.9912,,,,1.79315883202579,27.435299999999984,270
2026-08-12 18:36:17,presail,282.0291,307.3518,10.1274,7.9933,-43.9884,232.1423,,,,1.710597027634626,25.322699999999998,270
2026-08-12 18:36:18,presail,283.544,309.9587,10.8078,6.6422,-43.2713,232.7261,,,,1.7861607654191924,26.41470000000004,270
2026-08-12 18:36:19,presail,282.1073,308.1825,10.4579,7.4177,-45.6559,231.8317,3.2284,48.092,65.8846,1.8287132073065233,26.075199999999995,270
2026-08-12 18:36:20,presail,279.8352,306.6012,10.108,8.1927,-43.0849,230.3856,,,,1.8539014482774117,26.76600000000002,270
2026-08-12 18:36:21,presail,278.8358,304.3208,9.3304,6.7239,-39.3552,229.588,,,,1.8222294682991755,25.485000000000014,270
2026-08-12 18:36:22,presail,277.7018,303.6161,9.3887,5.6684,-38.8544,228.5516,,,,1.8526267999353194,25.914300000000026,270
2026-08-12 18:36:23,presail,277.4979,304.613,8.8445,5.6554,-39.2783,,3.2284,48.092,65.7484,1.763956192019038,27.115099999999984,270
2026-08-12 18:36:25,presail,278.1166,305.4954,9.2721,7.4749,-42.4884,227.9634,,,,1.7146674375960018,27.378800000000012,270
2026-08-12 18:36:26,presail,278.9516,305.8506,8.9028,,-44.2954,228.1755,,,,1.6878556242906175,26.899,270
2026-08-12 18:36:27,presail,280.4413,306.4006,9.5637,7.3991,-44.3819,229.0378,3.2285,48.092,64.9927,1.8055237139409985,25.959299999999985,270
2026-08-12 18:36:28,presail,281.6693,306.3032,9.5637,7.6693,-44.7833,230.0876,,,,1.8446620841550265,24.633899999999983,270
2026-08-12 18:36:30,presail,281.1752,305.5756,9.6803,9.0778,-46.9424,231.2939,,,,1.6757033346496844,24.40039999999999,270
2026-08-12 18:36:31,presail,280.9078,304.5958,9.8747,8.2309,-44.6151,231.0224,3.2285,48.092,66.0165,1.6831483946371115,23.687999999999988,270
2026-08-12 18:36:32,presail,277.6396,302.6764,9.6998,7.1454,-43.4397,229.2678,,,,1.6505058407390751,25.036800000000028,270
2026-08-12 18:36:33,presail,279.4415,304.7161,9.311,6.6373,-44.6013,228.4433,,,,1.570780075321175,25.274599999999964,270
2026-08-12 18:36:35,presail,280.3342,306.0569,10.2829,,,229.8597,3.2285,48.092,65.4226,1.3923526573477207,25.722699999999975,270
2026-08-12 18:36:36,presail,281.2068,307.6096,10.0885,6.695,-45.6855,230.5835,,,,1.2973970015995402,26.402800000000013,270
2026-08-12 18:36:37,presail,282.8963,308.1539,10.1468,7.3973,-45.9557,231.5588,,,,1.2585677616154431,25.257600000000025,270
2026-08-12 18:36:38,presail,282.647,307.7929,10.0497,9.1338,-49.1995,232.3459,,,,1.2618878855002815,25.145899999999983,270
2026-08-12 18:36:39,presail,281.76,305.7016,10.3024,8.502,-48.5527,232.0789,3.2286,48.092,65.4894,1.271337141097617,23.941599999999994,270
2026-08-12 18:36:40,presail,281.4819,305.5813,10.3801,7.9998,-47.6591,231.7006,,,,1.2754945316710686,24.099400000000003,270
2026-08-12 18:36:41,presail,280.9216,305.9537,10.3218,8.365,-47.7438,231.3119,,,,1.3719792651290754,25.032100000000014,270
2026-08-12 18:36:42,presail,280.4157,306.0339,10.244,8.7464,-47.505,230.9107,,,,1.481246092846261,25.6182,270
2026-08-12 18:36:44,presail,280.112,303.7077,10.5162,8.7719,-46.5232,230.1654,,,,1.458111734235435,23.595699999999965,270
2026-08-12 18:36:45,presail,279.1733,303.4614,10.3218,7.7117,-44.7927,229.5841,,,,1.458111734235435,24.288100000000043,270
2026-08-12 18:36:46,presail,279.3971,305.1287,9.797,5.9658,-43.625,229.7911,,,,1.5650379157501844,25.731599999999958,270
2026-08-12 18:36:47,presail,279.6307,305.9365,9.8553,6.2013,-43.1088,229.489,3.2287,48.092,65.7513,1.5682811187929715,26.305800000000033,270
2026-08-12 18:36:48,presail,280.1917,306.8074,9.8553,6.8546,-43.7444,229.4587,,,,1.6278255231550236,26.615699999999947,270
2026-08-12 18:36:50,presail,281.9321,310.2738,10.0691,7.5358,-46.2949,231.1966,,,,1.7213676134214844,28.341700000000003,270
2026-08-12 18:36:51,presail,282.8752,309.105,10.2246,8.0107,-47.1394,232.2725,3.2287,48.092,64.7893,1.8136908700937056,26.22980000000001,270
2026-08-12 18:36:52,presail,283.1547,308.8758,10.3801,9.2158,-48.8879,232.7446,,,,1.9856840539208818,25.721100000000035,270
2026-08-12 18:36:53,presail,282.6953,308.9904,10.5162,9.2256,-47.9149,232.783,,,,2.302343277165424,26.295100000000048,270
2026-08-12 18:36:54,presail,284.4874,311.1046,10.4967,,-47.8065,233.5693,,,,2.8288404208862885,26.617200000000025,270
2026-08-12 18:37:07,presail,273.556,298.1386,9.1166,5.0739,-39.1368,223.1812,3.2288,48.092,65.2659,2.955803867606609,24.582600000000014,270
2026-08-12 18:37:47,presail,267.703,292.77,5.0151,0.7961,-37.2755,216.7402,3.2292,48.092,64.7893,2.974412853590508,25.067000000000007,240
2026-08-12 18:37:48,presail,266.4913,290.1401,5.0151,1.1795,-41.2268,216.5663,,,,2.7236314427444386,23.648799999999994,240
2026-08-12 18:37:49,presail,264.0542,289.2978,4.8013,,-40.7029,215.4901,,,,2.388052578348697,25.243600000000015,240
2026-08-12 18:37:50,presail,263.7416,287.8826,4.432,0.8743,-33.9913,213.7549,,,,2.33796440561389,24.14100000000002,240
2026-08-12 18:37:51,presail,262.07,287.3899,4.3153,-0.0661,-32.1794,212.6655,3.2293,48.092,65.0515,2.226759401436747,25.31990000000002,240
2026-08-12 18:37:52,presail,262.0189,287.4644,3.9849,0.7572,-29.5088,212.2469,,,,2.2646689954355206,25.445500000000038,240
2026-08-12 18:37:53,presail,262.203,288.5817,4.0237,0.2947,-29.1851,212.1134,,,,2.527330520279429,26.378700000000038,240
2026-08-12 18:37:55,presail,262.5462,289.8995,4.1987,0.9988,-37.9412,212.4368,3.2293,48.092,64.5878,2.7356123549904234,27.35329999999999,240
2026-08-12 18:37:56,presail,263.151,287.6076,4.3153,1.0105,-44.4761,212.9697,,,,2.77959801458383,24.45659999999998,240
2026-08-12 18:37:57,presail,262.2929,288.3754,4.1793,0.9184,-44.4296,212.5287,,,,2.818996169187026,26.08250000000004,240
2026-08-12 18:37:58,presail,261.6862,286.1867,4.3348,,-43.4687,211.9807,,,,2.4749935249255395,24.500499999999988,240
2026-08-12 18:38:00,presail,261.4915,282.1932,4.3153,1.0733,,,,,,2.0835254784316457,20.701700000000017,240
2026-08-12 18:38:01,presail,259.5719,284.4105,4.1015,-0.4549,-42.7971,211.3587,,,,2.000145233721714,24.838599999999985,240
2026-08-12 18:38:02,presail,258.7601,282.514,4.0237,0.5616,-43.1821,210.0209,,,,2.017752511589029,23.753899999999987,240
2026-08-12 18:38:05,presail,258.3032,282.3421,4.1793,1.3416,-41.0535,207.9918,,,,2.2567065599196536,24.038900000000012,240
2026-08-12 18:38:06,presail,258.0376,284.2272,4.1598,,-41.3149,208.0152,,,,2.425842721588926,26.189599999999984,240
2026-08-12 18:38:07,presail,258.3183,283.2417,4.1209,0.6633,-39.132,208.0218,3.2294,48.092,65.2137,2.34120934049156,24.92339999999996,240
2026-08-12 18:38:11,presail,258.3533,284.8975,4.0237,,-36.0557,208.2245,,,,2.0627125247414737,26.54419999999999,240
2026-08-12 18:38:13,presail,258.7715,282.8807,4.1987,0.9035,-38.2979,208.6803,,,,1.8221015163517975,24.109199999999987,240
2026-08-12 18:38:14,presail,256.409,283.5454,4.1404,0.7828,-38.2219,207.6294,,,,1.8750947872047925,27.13639999999998,240
2026-08-12 18:38:15,presail,255.6467,279.9185,4.0432,0.0614,-38.7104,206.7034,3.2295,48.092,65.104,1.8750947872047925,24.271799999999985,240
2026-08-12 18:38:16,presail,254.1996,284.2902,3.9071,0.9886,-40.0426,205.3513,,,,2.037526275435258,30.090600000000023,240
2026-08-12 18:38:17,presail,254.5995,278.234,3.8294,,-36.719,204.8519,,,,2.117214876073697,23.634499999999974,240
2026-08-12 18:38:19,presail,253.6578,279.1508,3.8099,-0.4301,-31.161,203.8023,3.2295,48.092,64.7232,2.0767997783349723,25.492999999999995,240
2026-08-12 18:38:20,presail,253.4991,278.1997,3.5961,-0.2646,-30.5275,203.6246,,,,2.217841795168201,24.70060000000001,240
2026-08-12 18:38:21,presail,254.2794,279.1966,3.3628,-0.5507,-30.2025,203.9114,,,,2.4159088329032072,24.91719999999998,240
2026-08-12 18:38:22,presail,255.7213,280.5545,3.1685,-0.2788,-29.7068,204.4372,,,,2.395403939415394,24.833200000000005,240
2026-08-12 18:38:23,presail,257.1627,282.3421,3.46,0.7958,-34.1518,205.8784,3.2296,48.092,64.0988,2.395403939415394,25.179400000000044,240
2026-08-12 18:38:24,presail,258.1976,284.1412,3.5184,,-34.1087,206.8013,,,,2.2862132579000005,25.943600000000004,240
2026-08-12 18:38:26,presail,260.0274,288.0603,3.9654,0.8634,-61.0867,209.2329,,,,2.3254555337581766,28.032899999999984,240
2026-08-12 18:38:27,presail,259.2061,286.8169,4.1015,2.5125,-57.3215,209.295,3.2296,48.092,64.3343,2.3984361221340897,27.610799999999983,240
2026-08-12 18:38:28,presail,258.2373,281.202,4.2764,1.5743,-53.236,208.9018,,,,2.4841381927678876,22.964699999999993,240
2026-08-12 18:38:29,presail,255.0512,279.4029,4.3736,0.6405,-34.8864,206.0138,,,,2.4841381927678876,24.351699999999994,240
2026-08-12 18:38:30,presail,252.4991,275.7245,4.1015,-0.2027,,203.495,,,,2.5137610644396533,23.22539999999998,240
2026-08-12 18:38:31,presail,251.4429,278.1596,3.6933,0.6725,-18.2915,202.1498,3.2296,48.092,64.3343,2.5222603386826083,26.716700000000003,240
2026-08-12 18:38:32,presail,253.6468,278.1997,3.7516,0.0642,-24.7256,202.7935,,,,2.5349348914420595,24.552899999999994,240
2026-08-12 18:38:34,presail,254.5124,279.019,4.1404,0.6984,-34.0824,204.1673,,,,2.535269573932389,24.50659999999999,240
2026-08-12 18:38:35,presail,254.4095,277.2256,3.9654,1.0495,-37.9737,203.9624,3.2297,48.092,64.8597,2.384413718556753,22.816099999999977,240
2026-08-12 18:38:36,presail,253.405,279.7065,3.4406,-0.488,-36.4147,203.4266,,,,2.3246995046341183,26.301500000000004,240
2026-08-12 18:38:37,presail,252.4914,276.836,3.4406,1.5658,-43.8576,,,,,1.9362642344463015,24.344600000000014,240
2026-08-12 18:38:38,presail,252.2685,276.3204,3.3045,-1.7035,-32.5753,202.8201,,,,1.5881388439871096,24.051900000000018,240
2026-08-12 18:38:40,presail,252.873,278.7841,3.2462,-0.2002,-33.2926,202.6482,,,,1.3385698328902513,25.911100000000033,240
2026-08-12 18:38:41,presail,253.252,277.346,3.0713,-0.9515,-31.175,202.7276,,,,1.358406744647198,24.093999999999994,240
2026-08-12 18:38:42,presail,253.6645,282.302,2.9158,0.6972,-34.1586,203.2537,,,,1.2893913675666842,28.637500000000017,240
2026-08-12 18:38:43,presail,254.4698,279.4143,2.8963,-0.3622,-32.6471,203.7374,3.2298,48.092,64.1838,1.4926348259908988,24.944500000000033,240
2026-08-12 18:38:45,presail,255.1953,279.6492,3.4017,-0.064,-37.3937,204.8175,,,,1.7023622976252084,24.453900000000004,240
2026-08-12 18:38:46,presail,255.3221,282.6286,3.149,,-38.923,204.9848,,,,1.977590459481811,27.3065,240
2026-08-12 18:38:47,presail,255.6608,280.9384,3.0713,0.204,-37.8972,205.2407,3.2298,48.092,63.961,2.2654026840790937,25.277600000000007,240
2026-08-12 18:38:48,presail,255.8866,282.3307,2.9935,-1.1997,-24.0656,205.5794,,,,2.2141177030750967,26.44409999999999,240
2026-08-12 18:38:50,presail,255.9721,283.3505,3.013,-1.5808,-26.7425,205.744,,,,2.0467667794606728,27.3784,240
2026-08-12 18:38:51,presail,255.8485,284.6282,2.527,0.5292,-33.4068,205.7221,3.2298,48.092,63.7001,1.9091166406868347,28.77969999999999,240
2026-08-12 18:38:52,presail,256.5163,286.3242,2.7214,-0.5578,-27.8866,206.4305,,,,1.788590106709765,29.807900000000018,240
2026-08-12 18:38:53,presail,257.7879,285.82,2.5659,0.251,-32.0011,206.6452,,,,1.744774671519538,28.032100000000014,240
2026-08-12 18:38:55,presail,258.1722,287.7738,2.5464,-0.363,-38.5132,207.9561,3.2299,48.092,63.6255,1.7250918854539832,29.60160000000002,240
2026-08-12 18:38:56,presail,259.2319,289.676,2.3132,-0.0456,-36.123,208.7895,,,,1.8030823447218085,30.44409999999999,240
2026-08-12 18:38:57,presail,260.3482,288.3467,2.4881,-0.1108,-40.9201,209.703,,,,1.7503007539425566,27.99849999999998,240
2026-08-12 18:38:58,presail,258.3601,289.6015,2.4687,-0.0577,-36.588,209.5288,,,,1.694139077728665,31.2414,240
2026-08-12 18:38:59,presail,257.6657,287.3555,2.2937,-0.1777,-41.2106,208.6552,3.2299,48.092,64.4316,1.632898008287201,29.68979999999999,240
2026-08-12 18:39:01,presail,258.2002,286.4961,2.0022,0.0091,-40.9491,208.4147,,,,2.0533934960854614,28.295900000000017,240
2026-08-12 18:39:02,presail,258.8471,294.3513,2.1188,,-38.0551,208.6688,,,,2.3945909706770943,35.50419999999997,240
2026-08-12 18:39:03,presail,260.0855,293.3257,2.041,0.8577,-39.3714,209.2065,3.2299,48.092,64.0565,2.770788454976191,33.24019999999996,240
2026-08-12 18:39:04,presail,260.2025,295.8869,2.6436,1.5015,-46.0336,209.7191,,,,2.8557735785981553,35.68440000000004,240
2026-08-12 18:39:08,presail,256.3951,286.2669,3.0324,0.7319,-50.0765,208.4615,,,,2.9781398275831235,29.871800000000007,240
2026-08-12 18:39:41,presail,254.8115,285.6825,3.0518,1.6898,-32.6028,204.7159,,,,2.858605001415788,30.87100000000001,240
2026-08-12 18:39:42,presail,255.7948,287.1092,2.9352,0.9062,-32.975,,,,,2.1577324557399304,31.314399999999978,240
2026-08-12 18:39:43,presail,256.2751,287.4529,3.013,1.0154,-35.9741,205.1506,3.2303,48.092,63.6989,1.803137594364116,31.17779999999999,240
2026-08-12 18:39:49,presail,255.0888,284.1412,1.7883,-0.3495,-29.2035,205.0888,,,,1.8971108677205695,29.052400000000034,240
2026-08-12 18:39:50,presail,254.3324,285.0121,2.4104,1.5327,-36.3083,204.819,,,,1.7134663516397648,30.67969999999997,240
2026-08-12 18:39:51,presail,255.4165,284.5423,3.2462,-0.3119,-39.2832,204.9231,3.2304,48.092,63.9263,1.661420446539986,29.125799999999998,240
2026-08-12 18:39:52,presail,256.8051,289.8823,2.4492,1.0776,,205.5238,,,,1.59458270421393,33.077200000000005,240
2026-08-12 18:39:53,presail,258.9077,286.9143,2.216,0.5527,-41.651,206.9476,,,,1.714978993366148,28.00660000000005,240
2026-08-12 18:39:55,presail,259.8148,289.8937,2.8963,,-41.7349,209.3713,3.2304,48.092,63.3776,1.8899423577497811,30.078900000000033,240
2026-08-12 18:39:56,presail,259.178,292.0309,2.7214,0.936,-41.5554,209.3062,,,,2.153144468732242,32.85289999999998,240
2026-08-12 18:39:57,presail,258.3195,287.6134,2.1771,0.3592,-46.5114,208.7748,,,,2.282691720387212,29.293900000000008,240
2026-08-12 18:39:58,presail,257.5085,292.7642,2.352,1.0333,-45.7293,208.2721,,,,2.3969663577147347,35.25569999999999,240
2026-08-12 18:40:00,presail,257.0378,289.6244,1.9633,0.9219,-41.6893,207.3798,,,,2.278220674165695,32.586599999999976,240
2026-08-12 18:40:01,presail,257.5854,286.8169,2.0216,1.5858,-40.361,207.3795,,,,1.9787816361934172,29.231499999999983,240
2026-08-12 18:40:02,presail,258.4509,294.443,2.0993,0.7859,-36.5521,207.9451,,,,1.777772622337298,35.99209999999999,240
2026-08-12 18:40:03,presail,260.1552,296.0244,1.8661,0.6971,-38.8799,208.417,3.2305,48.092,63.8464,1.6319544237355414,35.869200000000035,240
2026-08-12 18:40:05,presail,260.9348,299.3876,2.2549,1.6231,-39.5071,210.8492,,,,1.6245408769853058,38.452800000000025,240
2026-08-12 18:40:06,presail,262.3987,298.6485,2.4881,1.1378,-43.0531,211.7701,,,,1.640643793299755,36.24979999999999,240
2026-08-12 18:40:07,presail,261.9693,298.9465,2.1188,1.5206,-44.4009,211.8954,3.2306,48.092,63.6307,1.6579518457383222,36.97720000000004,240
2026-08-12 18:40:08,presail,262.2665,295.1191,2.041,1.6944,-39.7929,211.9214,,,,1.636083680176682,32.852599999999995,240
2026-08-12 18:40:09,presail,260.9791,296.6775,2.3326,1.632,-39.7436,211.8057,,,,1.5962078595649154,35.69839999999999,240
2026-08-12 18:40:10,presail,261.1141,294.2711,2.4687,1.6169,-37.9631,211.2409,,,,1.5515532920830446,33.15699999999998,240
2026-08-12 18:40:11,presail,260.2498,293.2513,2.3715,1.2486,-40.0942,210.9601,3.2306,48.092,63.9774,1.4063451192662442,33.00150000000002,240
2026-08-12 18:40:13,presail,259.6736,293.7841,2.4298,1.3175,-36.785,209.7126,,,,1.5981667695309583,34.1105,240
2026-08-12 18:40:14,presail,259.0139,292.9189,2.7603,1.0243,-26.7794,209.0007,,,,1.6415500792559083,33.90500000000003,240
2026-08-12 18:40:15,presail,258.2066,292.1053,2.3132,0.7808,-18.4067,,3.2306,48.092,63.9434,2.0665760059462257,33.89870000000002,240
2026-08-12 18:40:16,presail,258.7018,294.0248,1.8272,1.2719,-19.4266,208.4442,,,,2.4835701604735805,35.323000000000036,240
2026-08-12 18:40:17,presail,258.5227,293.0507,2.041,-0.328,-20.957,208.5806,,,,2.8345350059035157,34.52800000000002,240
2026-08-12 18:40:29,presail,268.6788,311.4885,2.0216,1.0069,-49.4561,217.9615,,,,2.85227504765291,42.809699999999964,240
2026-08-12 18:40:31,presail,267.216,308.3602,2.1382,0.5203,-47.342,217.6982,3.2308,48.092,64.1253,2.328383810976242,41.14420000000001,240
2026-08-12 18:40:32,presail,266.5095,306.2574,2.1382,0.8758,-36.9854,217.0287,,,,1.768372079790159,39.747900000000016,240
2026-08-12 18:40:33,presail,266.3222,306.9908,2.0799,-0.1187,-35.5526,216.7157,,,,1.5116028380748636,40.66859999999997,240
2026-08-12 18:40:35,presail,267.0194,307.5637,2.0605,0.1668,-35.7276,216.8962,3.2308,48.092,63.8304,1.5572427040011323,40.544299999999964,240
2026-08-12 18:40:36,presail,267.9865,317.115,1.9438,,-36.3222,217.478,,,,1.5942313986822083,49.12850000000003,240
2026-08-12 18:40:37,presail,269.0605,314.2387,2.4687,0.083,-39.318,218.4422,,,,1.6067421075440693,45.178200000000004,240
2026-08-12 18:40:38,presail,270.4351,316.7654,1.9633,2.0846,-40.3621,219.3583,,,,1.617580617547943,46.33030000000002,270
2026-08-12 18:40:39,presail,267.3477,314.2502,2.7214,0.8422,-43.5065,218.8473,3.2309,48.092,64.3598,1.6035255841973302,46.90250000000003,240
2026-08-12 18:40:41,presail,266.5391,306.2631,2.6825,0.121,-38.5619,216.6009,,,,1.5831526482806584,39.72399999999999,240
2026-08-12 18:40:42,presail,265.3225,306.2517,2.3326,1.2757,-33.9626,215.668,,,,1.5982002357942033,40.92920000000004,240
2026-08-12 18:40:43,presail,264.6745,304.6417,2.3715,-0.0112,-31.089,214.8312,3.2309,48.092,64.6186,1.6013467800528645,39.96719999999999,240
2026-08-12 18:40:44,presail,263.5998,303.3181,2.1188,,-29.716,214.3425,,,,1.6149954685215953,39.7183,240
2026-08-12 18:40:45,presail,265.92,303.0374,2.041,0.0605,-28.451,,,,,1.6041019113122246,37.117399999999975,240
2026-08-12 18:40:47,presail,267.8562,304.3838,1.8661,0.5191,-38.7281,216.4138,3.2309,48.092,64.3043,1.691168039458537,36.52760000000001,240
2026-08-12 18:40:48,presail,267.8595,304.2119,2.1965,0.0729,-38.5857,217.5035,,,,1.6925727782834168,36.35239999999999,240
2026-08-12 18:40:49,presail,266.3858,306.2631,2.1382,0.6825,,217.5332,,,,1.524258828827144,39.87729999999999,240
2026-08-12 18:40:50,presail,265.4399,302.7738,2.2354,-0.3005,-38.2526,216.8319,,,,1.7113282202599063,37.33389999999997,240
2026-08-12 18:40:52,presail,265.735,305.587,2.1188,,-32.162,215.7969,,,,1.9025343449276715,39.851999999999975,240
2026-08-12 18:40:53,presail,266.2439,304.1718,2.0799,0.904,-33.1628,216.0556,,,,1.9566172595265303,37.92790000000002,240
2026-08-12 18:40:54,presail,265.7413,308.3888,2.1771,0.1772,-35.8325,215.8961,,,,2.013202750815758,42.64749999999998,240
2026-08-12 18:40:55,presail,265.21,304.8651,2.1188,1.3528,-37.4812,215.5874,3.231,48.092,64.3225,2.0333041477905867,39.655100000000004,240
2026-08-12 18:40:56,presail,264.2252,307.0767,2.352,1.0704,-38.0255,215.1038,,,,2.0059816726557096,42.851500000000044,240
2026-08-12 18:40:58,presail,263.2413,302.2983,1.905,-0.0213,-35.4685,213.5698,,,,2.0074648349070707,39.05699999999996,240
2026-08-12 18:40:59,presail,262.1657,301.393,1.7495,0.5596,-31.2194,212.698,3.2311,48.092,65.0092,2.2035678446661926,39.22729999999996,240
2026-08-12 18:41:00,presail,261.5399,300.9346,1.5939,-0.1889,-27.2385,212.1229,,,,2.227141452525011,39.3947,240
2026-08-12 18:41:01,presail,261.8908,303.3754,1.4579,,-28.9868,212.0669,,,,2.5636243556191225,41.4846,240
2026-08-12 18:41:02,presail,262.0008,301.5305,1.2829,-0.0018,-27.0446,211.9739,,,,2.6777400214101648,39.52969999999999,240
2026-08-12 18:41:03,presail,262.5981,307.9591,1.3801,-0.4481,-30.7799,211.8345,3.2311,48.092,64.0712,2.7272036097788774,45.36099999999999,240
2026-08-12 18:41:05,presail,263.0389,315.2586,1.2052,-0.073,-32.1793,213.6687,,,,2.7214503719175682,52.21969999999999,240
2026-08-12 18:41:06,presail,264.8651,320.3751,1.2052,-0.1895,-32.6837,214.5709,,,,2.7998903694084754,55.50999999999999,240
2026-08-12 18:41:07,presail,266.233,322.5237,1.2635,,-33.6418,216.1214,3.2311,48.092,63.7773,2.8175479558517393,56.290700000000015,240
2026-08-12 18:41:08,presail,268.0349,325.927,1.4968,-0.6863,-35.4937,217.3697,,,,2.7402827479251695,57.89210000000003,240
2026-08-12 18:41:09,presail,269.6598,329.5882,1.4968,0.1086,-40.1612,218.8144,,,,2.7886853896399226,59.928399999999954,240
2026-08-12 18:41:11,presail,269.9985,326.8495,1.8272,0.3023,-41.7734,220.1814,3.2312,48.092,63.5567,2.618366572653389,56.851,240
2026-08-12 18:41:12,presail,269.1317,322.5409,1.7495,-0.842,-39.2452,219.1814,,,,2.45800287772006,53.4092,240
2026-08-12 18:41:13,presail,267.4063,318.215,1.5939,0.5628,-37.9782,217.7729,,,,2.344572917379502,50.80869999999999,240
2026-08-12 18:41:14,presail,264.6149,315.0351,1.4579,-0.9003,-34.8398,216.0501,,,,2.2490268333833776,50.42020000000002,240
2026-08-12 18:41:15,presail,264.1,319.6417,1.3801,0.299,-35.7826,214.8252,3.2312,48.092,64.322,2.379837431597304,55.54169999999999,240
2026-08-12 18:41:17,presail,263.4697,323.1768,1.2635,-0.7008,-34.9348,,,,,2.2348606857915385,59.707100000000025,240
2026-08-12 18:41:18,presail,264.4648,322.0825,1.2635,0.0159,-33.8844,213.9939,,,,2.3510590130590683,57.61769999999996,240
2026-08-12 18:41:20,presail,264.8472,329.0038,1.3218,-0.1831,-33.2066,214.3079,3.2312,48.092,63.7093,2.46528085447929,64.15660000000003,240
2026-08-12 18:41:22,presail,265.9487,334.6876,1.6911,,-32.986,214.7168,,,,2.4483641083907384,68.7389,240
2026-08-12 18:41:25,presail,270.0211,327.1933,2.1771,0.8048,-39.3114,215.7983,,,,2.2682487547163976,57.17220000000003,270
2026-08-12 18:41:26,presail,267.375,324.0592,1.8661,1.1149,-40.1373,219.2063,,,,2.7272332324028206,56.684199999999976,240
2026-08-12 18:41:28,presail,263.9513,319.4526,1.4579,,-30.2079,215.8905,,,,2.9361928513685984,55.501300000000015,240
2026-08-12 18:41:30,presail,262.3714,316.4904,1.8078,0.6227,-28.5701,213.2155,,,,2.960620080746647,54.11900000000003,240
2026-08-12 18:42:28,presail,358.2058,24.1387,6.9201,0.5125,-137.7481,218.2711,,,,2.1932197457217595,25.932900000000018,330
2026-08-12 18:42:29,presail,359.8253,25.531,6.5702,,-138.1044,219.0284,,,,2.1382570400838232,25.70569999999998,330
2026-08-12 18:42:31,presail,2.5374,26.6483,6.5507,0.2811,-139.8572,220.7543,3.2319,48.092,71.6631,1.8152847140517079,24.110900000000015,0
2026-08-12 18:42:33,presail,4.4742,29.4099,6.5507,1.2589,-141.7559,223.3917,,,,1.8661160560337018,24.935699999999997,0
2026-08-12 18:42:34,presail,4.0815,28.9,6.7257,1.0391,-143.7086,223.9896,,,,2.116173175958685,24.8185,0
2026-08-12 18:43:19,presail,132.3573,132.2329,9.136,-2.8746,114.5344,275.7918,3.2324,48.092,70.8341,1.6680137633469272,-0.1244000000000085,120
2026-08-12 18:43:20,presail,130.2184,130.7318,8.9028,-3.2341,119.4073,275.2553,,,,1.5324198174079215,0.5133999999999901,120
2026-08-12 18:43:22,presail,132.1948,131.7115,8.8639,-3.0742,120.1905,274.2808,,,,1.8151486689935226,-0.48329999999998563,120
2026-08-12 18:43:23,presail,131.9183,131.5282,8.8445,-2.3919,122.5283,274.4326,3.2324,48.092,71.2179,2.3135064582858837,-0.3900999999999897,120
2026-08-12 18:43:24,presail,131.6255,132.9491,8.5918,-3.2554,119.8165,274.8119,,,,2.876969541791488,1.323599999999999,120
2026-08-12 18:43:27,presail,130.9159,131.8777,8.514,-2.8984,121.6165,275.3291,3.2325,48.092,71.219,2.9756312846641153,0.9618000000000109,120
2026-08-12 18:43:28,presail,130.9232,131.2875,8.5723,,,275.9411,,,,2.9756312846641153,0.36429999999998586,120
2026-08-12 18:43:29,presail,131.2988,130.8292,8.9417,-3.411,123.7874,275.6859,,,,2.939381424343321,-0.469600000000014,120
2026-08-12 18:43:30,presail,130.5412,131.0526,8.4168,-2.6314,124.7648,275.9055,,,,2.8527779323941576,0.511400000000009,120
2026-08-12 18:43:32,presail,127.8092,128.0274,8.6695,-1.7677,127.1576,,,,,2.768452963672831,0.21819999999999595,120
2026-08-12 18:43:33,presail,125.0744,126.4059,8.4946,-0.8131,127.5855,271.6823,,,,2.6793649528149275,1.3315000000000055,120
2026-08-12 18:43:34,presail,122.9573,124.5324,8.4557,,128.9889,269.3543,,,,2.5952028995784104,1.575099999999992,120
2026-08-12 18:43:35,presail,124.1099,126.1023,8.1641,-1.0106,129.115,268.0154,3.2325,48.092,70.9513,2.5602973993547864,1.9924000000000035,120
2026-08-12 18:43:36,presail,126.846,126.9159,8.0475,-1.621,129.5474,269.127,,,,2.447391216283994,0.06989999999998986,120
2026-08-12 18:43:37,presail,129.0057,127.1164,7.3866,-2.4335,129.2852,271.9421,,,,2.433619900793058,-1.8892999999999915,120
2026-08-12 18:43:39,presail,130.5298,129.2535,7.581,-2.611,133.0995,273.4584,3.2326,48.092,71.3377,2.32250010062418,-1.276299999999992,120
2026-08-12 18:43:40,presail,129.9021,130.1187,7.7754,-1.7558,132.4794,272.9885,,,,2.174467491021374,0.21659999999999968,120
2026-08-12 18:43:41,presail,129.8646,128.7322,7.3088,-1.8331,132.367,272.7437,,,,2.1806180674937203,-1.1323999999999899,120
2026-08-12 18:43:42,presail,129.6691,127.2253,7.1728,-2.2823,133.2616,272.69,,,,2.1806180674937203,-2.4437999999999818,120
2026-08-12 18:43:43,presail,129.0534,129.4426,7.5615,-2.0608,134.2514,272.8731,3.2326,48.092,71.5431,2.3536155164072463,0.3891999999999882,120
2026-08-12 18:43:44,presail,128.5925,129.6374,8.0281,,134.8517,272.7634,,,,2.438691610633414,1.0449000000000126,120
2026-08-12 18:43:45,presail,126.6793,129.0702,7.6782,-1.5868,135.9977,271.9424,,,,2.156521768905497,2.390899999999988,120
2026-08-12 18:43:47,presail,126.2084,126.87,7.4255,-1.0372,133.2213,269.6798,3.2327,48.092,71.4286,1.8511996761911733,0.6616000000000213,120
2026-08-12 18:43:48,presail,126.092,125.4319,7.1728,-1.697,133.4665,269.6225,,,,1.8749633372128096,-0.6600999999999999,120
2026-08-12 18:43:49,presail,126.409,126.2455,7.4838,-2.4229,132.8825,269.856,,,,1.8353114921707008,-0.1634999999999991,120
2026-08-12 18:43:50,presail,128.5755,127.7925,7.4449,-1.8347,132.2371,270.805,,,,1.8377787826086631,-0.7830000000000155,120
2026-08-12 18:43:51,presail,130.6238,127.9071,7.4838,-2.9031,131.0991,271.617,3.2327,48.092,71.9613,1.9324236658303815,-2.716700000000003,120
2026-08-12 18:43:53,presail,131.5273,129.3624,7.8726,,128.7651,275.5153,,,,2.007921739315407,-2.1648999999999887,120
2026-08-12 18:43:54,presail,132.1069,129.3567,8.1836,-3.4296,128.2776,276.9048,,,,2.0115102397519675,-2.7502000000000066,120
2026-08-12 18:43:55,presail,131.1955,129.8093,8.0669,-3.6863,126.7108,278.2216,3.2327,48.092,72.0565,2.0425155401350317,-1.3862000000000023,120
2026-08-12 18:43:56,presail,130.5732,133.7455,8.5529,-3.1139,125.2449,281.025,,,,2.0463247383123204,3.1722999999999786,120
2026-08-12 18:43:58,presail,130.5086,130.7318,8.6695,-2.2071,125.3571,280.5894,,,,2.049908385146657,0.2231999999999914,120
2026-08-12 18:43:59,presail,130.2594,131.5969,9.0583,-1.8884,124.9755,280.1281,3.2328,48.092,71.8295,1.9807582203349348,1.3375000000000057,120
2026-08-12 18:44:00,presail,127.9725,129.0014,9.3887,-2.4672,125.6897,278.947,,,,2.0090080547378792,1.028899999999993,120
2026-08-12 18:44:01,presail,126.4635,129.5343,8.9805,,128.1952,277.2054,,,,2.067190813318253,3.0708000000000197,120
2026-08-12 18:44:02,presail,126.3975,129.5458,9.4276,-3.2129,128.9335,276.7383,,,,2.2553941314940937,3.148300000000006,120
2026-08-12 18:44:03,presail,127.9822,129.5458,9.8553,-2.8605,129.4755,276.8492,3.2328,48.092,71.8649,2.331440703659933,1.563600000000008,120
2026-08-12 18:44:04,presail,128.0921,129.5458,9.0583,-3.2648,128.3375,277.3695,,,,2.236050227861966,1.4537000000000262,120
2026-08-12 18:44:05,presail,127.136,129.5458,9.3499,-2.9561,,276.5453,,,,1.9713521656643935,2.4098000000000184,120
2026-08-12 18:44:07,presail,125.9617,127.2081,9.3693,-1.909,129.0716,274.9467,3.2328,48.092,71.1243,1.7659268959900845,1.2463999999999942,120
2026-08-12 18:44:08,presail,126.87,128.8582,9.0194,-2.161,127.9099,,,,,2.1143499794305027,1.9882000000000062,120
2026-08-12 18:44:09,presail,127.431,128.5603,8.9805,-2.1802,127.7565,275.1511,,,,2.1736145056086102,1.1293000000000006,120
2026-08-12 18:44:10,presail,125.9963,128.7551,9.1166,,127.6267,275.5703,,,,2.198832156631442,2.758800000000008,120
2026-08-12 18:44:12,presail,124.1616,125.2027,8.7084,-0.8104,127.2896,273.3806,,,,2.5001129703885288,1.0410999999999717,120
2026-08-12 18:44:13,presail,124.8041,124.8246,8.825,-1.6798,125.6851,272.2764,,,,2.936174316124295,0.02049999999999841,120
2026-08-12 18:44:24,presail,136.7528,135.3441,7.406,-2.232,123.5964,279.2595,,,,2.718699357592338,-1.4087000000000103,120
2026-08-12 18:44:25,presail,135.3368,134.8399,7.8531,-1.9823,124.7963,278.6602,,,,2.175029398281872,-0.4969000000000108,120
2026-08-12 18:44:26,presail,134.4612,133.5106,7.8726,-1.6996,126.1694,276.9264,,,,1.7645447129882195,-0.9505999999999801,120
2026-08-12 18:44:27,presail,133.423,133.419,7.581,-1.4516,124.7438,275.5953,3.233,48.092,71.2248,2.9708675154106245,-0.003999999999990678,120
2026-08-12 18:44:43,presail,147.7927,144.7692,9.0972,-3.3432,114.4592,,3.2332,48.092,71.0003,1.8960048125962408,-3.0234999999999843,120
2026-08-12 18:44:44,presail,148.0383,144.5802,9.0972,-2.1739,111.3594,295.0575,,,,2.0911435981266795,-3.4581000000000017,120
2026-08-12 18:44:46,presail,147.4724,145.686,8.2224,-2.043,112.6876,294.504,,,,2.0779329819527845,-1.7863999999999862,120
2026-08-12 18:44:47,presail,148.1759,144.1619,8.203,-1.4155,110.373,291.5224,3.2332,48.092,70.4462,2.0238113935407953,-4.01400000000001,120
2026-08-12 18:44:48,presail,148.3858,144.626,8.5918,-2.098,108.5698,290.9001,,,,1.7768268036767958,-3.7597999999999843,120
2026-08-12 18:44:49,presail,147.7314,144.139,8.8639,-2.0087,108.9274,290.3696,,,,1.6551315518254357,-3.592399999999998,120
2026-08-12 18:44:50,presail,146.5044,143.5775,8.0669,-3.1457,110.5974,289.8873,,,,1.780838035491168,-2.9269000000000176,120
2026-08-12 18:44:52,presail,148.2558,144.0932,8.8056,,110.0072,290.9406,,,,2.4330774674366493,-4.162599999999998,120
2026-08-12 18:44:54,presail,151.1247,147.5137,9.0777,-3.0123,110.1389,296.5874,,,,2.69975030592788,-3.61099999999999,150
2026-08-12 18:44:55,presail,149.1574,146.4881,9.0389,-3.8751,111.8514,298.2413,3.2333,48.092,70.7136,2.9647995978923047,-2.6692999999999927,120
2026-08-12 18:45:06,presail,140.305,139.2918,9.8941,-2.4398,115.6861,288.2171,,,,2.741543516483649,-1.0132000000000119,120
2026-08-12 18:45:07,presail,139.9483,138.2948,10.1274,-3.223,116.1362,288.5993,3.2334,48.092,70.6041,2.73508740380905,-1.6534999999999798,120
2026-08-12 18:45:08,presail,140.4201,138.2547,9.5248,-3.3668,115.5772,289.437,,,,2.3708972420240255,-2.165399999999977,120
2026-08-12 18:45:10,presail,139.0769,137.8365,9.7192,-3.4267,116.32,288.2998,,,,2.2464517815617726,-1.240399999999994,120
2026-08-12 18:45:11,presail,137.0912,137.2979,9.9913,-3.4275,118.3254,287.3078,3.2335,48.092,70.651,2.219267518710858,0.2067000000000121,120
2026-08-12 18:45:12,presail,137.0612,135.4587,10.0108,-2.736,119.7354,287.725,,,,2.258758929070791,-1.6025000000000205,120
2026-08-12 18:45:13,presail,138.6672,136.3811,9.797,-3.4653,121.9562,288.3102,,,,2.3390401934743017,-2.2861000000000047,120
2026-08-12 18:45:14,presail,140.5713,137.5729,9.8164,-3.8765,124.049,290.1573,,,,2.3129937074508233,-2.9984000000000037,120
2026-08-12 18:45:15,presail,142.4412,138.0255,10.0302,-4.7667,125.0861,291.1044,3.2335,48.092,70.9683,2.36562327290897,-4.415700000000015,120
2026-08-12 18:45:16,presail,143.2519,140.4491,10.4384,-5.3515,125.5453,,,,,2.4228155011697394,-2.802800000000019,120
2026-08-12 18:45:17,presail,144.2606,140.5637,10.5939,,126.1493,292.8108,,,,2.4981986627676838,-3.6968999999999994,120
2026-08-12 18:45:19,presail,144.7862,142.2597,11.352,-4.2642,119.2875,294.1516,3.2335,48.092,71.0599,2.806936244259656,-2.5264999999999986,120
2026-08-12 18:45:23,presail,144.0313,141.7268,11.0216,-3.8337,116.8136,293.4768,3.2336,48.092,70.5811,2.6776925684133497,-2.3044999999999902,120
2026-08-12 18:45:24,presail,143.2367,141.0737,11.3326,-4.2647,116.1078,293.7147,,,,2.292755267968519,-2.163000000000011,120
2026-08-12 18:45:26,presail,143.7733,143.2967,11.0216,,117.6458,293.5377,,,,2.0269365622971662,-0.476600000000019,120
2026-08-12 18:45:27,presail,144.663,142.2482,11.352,-4.0911,118.3413,293.9449,3.2336,48.092,70.4327,1.9761673350079416,-2.414800000000014,120
2026-08-12 18:45:28,presail,147.4885,144.6489,10.6717,-4.7984,119.3182,294.6,,,,2.0346928812144487,-2.83959999999999,120
2026-08-12 18:45:30,presail,148.1916,145.7662,11.2937,-4.9728,117.3076,297.7281,,,,2.2090100287356247,-2.4253999999999962,120
2026-08-12 18:45:31,presail,148.5371,146.4938,11.6242,-5.1105,115.9576,298.2509,3.2336,48.092,70.8243,2.4349516372574236,-2.0433000000000163,120
2026-08-12 18:45:32,presail,148.4541,145.7834,11.4687,-3.9348,115.7689,298.4637,,,,2.699572250411917,-2.6707000000000107,120
2026-08-12 18:46:18,presail,226.6734,223.4249,3.6933,-1.5818,26.7238,275.9463,,,,1.8421472297458101,-3.2484999999999786,210
2026-08-12 18:46:19,presail,226.4213,222.1185,4.2764,,23.975,276.4749,3.2341,48.092,65.5833,2.4064988119581217,-4.302799999999991,210
2026-08-12 18:46:21,presail,226.0337,223.614,3.946,-0.5655,23.0123,275.8581,,,,2.9476419221850754,-2.419700000000006,210
2026-08-12 18:46:26,presail,226.6613,224.7771,3.6544,-0.5923,18.546,272.302,,,,2.8458756031224577,-1.8842000000000212,210
2026-08-12 18:46:27,presail,226.8469,224.2958,3.149,-0.032,18.0473,272.5744,3.2342,48.092,64.9597,2.821064121799923,-2.551099999999991,210
2026-08-12 18:46:28,presail,229.5653,224.0322,2.7991,,18.0662,,,,,2.8346331325046394,-5.533100000000019,210
2026-08-12 18:46:29,presail,232.1144,225.4933,2.1188,-1.0139,16.9127,275.0291,,,,2.932703752416967,-6.621099999999984,210
2026-08-12 18:46:55,presail,214.3635,205.8809,2.2549,0.3791,23.1026,261.2942,3.2344,48.092,65.3056,2.5612372735693665,-8.48259999999999,210
2026-08-12 18:46:56,presail,212.2332,205.8523,1.7689,0.3918,26.4228,260.0731,,,,2.1196959748486206,-6.380899999999997,210
2026-08-12 18:46:58,presail,212.5667,201.7442,1.9438,0.7459,25.9267,258.8887,,,,1.909734485207417,-10.822499999999991,210
2026-08-12 18:46:59,presail,212.4466,203.3255,2.1188,-0.1225,24.5908,258.3937,3.2345,48.092,65.0334,1.6093650619120654,-9.121099999999984,210
2026-08-12 18:47:00,presail,212.4883,200.18,2.1382,,25.171,258.6646,,,,1.3166287154200553,-12.308300000000003,210
2026-08-12 18:47:01,presail,213.2689,203.0333,2.0799,-1.014,24.6713,259.1203,,,,1.1057241097308887,-10.235600000000005,210
2026-08-12 18:47:02,presail,214.3655,201.4806,1.9827,-0.0413,26.7272,259.8852,,,,0.9829563169279647,-12.884899999999988,210
2026-08-12 18:47:04,presail,214.0393,201.24,1.9438,-0.4489,25.6842,260.1866,,,,2.01305345654916,-12.799299999999988,210
2026-08-12 18:47:05,presail,214.9006,203.3255,1.8078,-0.3316,24.3986,260.2694,,,,2.7995098053008736,-11.575099999999992,210
2026-08-12 18:47:22,presail,208.5795,206.4539,4.4903,-1.2214,51.237,250.5206,,,,2.4399767260324214,-2.1255999999999915,180
2026-08-12 18:47:23,presail,208.0966,212.046,4.6069,-0.7168,38.0041,250.6941,3.2347,48.092,64.5229,2.4455646901267034,3.949399999999997,180
2026-08-12 18:47:25,presail,205.5397,209.078,4.1404,,20.8906,248.7672,,,,1.961162825342996,3.5382999999999925,180
2026-08-12 18:47:26,presail,204.9118,206.918,4.1015,0.2185,23.0745,248.7039,,,,2.0175485870452934,2.006200000000007,180
2026-08-12 18:47:27,presail,201.9881,203.7151,4.1793,0.02,33.5603,244.813,3.2348,48.092,65.0332,1.9991445141889115,1.7270000000000039,180
2026-08-12 18:47:28,presail,202.7364,202.9703,4.2181,-0.7994,39.4654,243.1947,,,,1.9435189404182822,0.23390000000000555,180
2026-08-12 18:47:30,presail,202.4716,203.5318,4.3153,-0.7617,44.7944,243.1411,,,,1.9147195399712216,1.060200000000009,180
2026-08-12 18:47:31,presail,202.5762,203.2167,4.3736,,60.7497,243.8679,3.2348,48.092,64.8613,1.926079932661842,0.640500000000003,180
2026-08-12 18:47:32,presail,202.471,206.4825,4.3153,-0.9469,69.683,245.154,,,,1.9542654640039068,4.011499999999984,180
2026-08-12 18:47:33,presail,201.9101,206.0414,4.8013,-1.0282,60.4525,244.9244,,,,1.69142023632458,4.13130000000001,180
2026-08-12 18:47:34,presail,203.8407,206.0242,4.9957,-0.9807,66.1998,245.1609,,,,1.6451313292857899,2.1835000000000093,180
2026-08-12 18:47:35,presail,204.761,208.8087,5.0151,-0.6937,65.9979,245.8906,3.2348,48.092,64.9397,1.8683248028133634,4.047699999999992,180
2026-08-12 18:47:37,presail,204.9381,207.9951,4.7624,-0.4615,38.7575,244.6901,,,,1.9557863871719783,3.0570000000000164,180
2026-08-12 18:47:38,presail,203.8416,206.7174,4.7818,-0.7032,51.4517,244.1311,,,,1.9535394719151764,2.875799999999998,180
2026-08-12 18:47:39,presail,202.7211,203.0677,5.1123,,57.062,243.6051,3.2349,48.092,65.2851,2.088742533771523,0.34659999999999513,180
2026-08-12 18:47:40,presail,202.898,204.672,5.2484,-1.8621,79.4448,245.4466,,,,2.3034578537044164,1.774000000000001,180
2026-08-12 18:47:41,presail,205.2527,205.2106,6.3952,-2.859,78.1127,250.1214,,,,2.504759875480976,-0.04210000000000491,180
2026-08-12 18:47:42,presail,206.4554,205.4512,5.5011,-2.0043,71.6154,252.8722,,,,2.473787247594518,-1.0041999999999973,180
2026-08-12 18:47:59,presail,212.9878,214.9222,4.4903,-1.371,27.9729,263.3023,3.2351,48.092,64.4144,2.854269912952938,1.9344000000000108,210
2026-08-12 18:48:19,presail,226.0864,232.0364,3.7127,-0.471,6.4713,272.8615,3.2353,48.092,63.7606,2.9915717963117747,5.949999999999989,210
2026-08-12 18:48:20,presail,226.1123,230.902,4.0626,-0.1891,7.3739,271.7607,,,,2.570867376894522,4.789699999999982,210
2026-08-12 18:48:21,presail,225.9692,230.1801,3.8294,-1.266,,270.5798,,,,2.5263310304273463,4.210900000000009,210
2026-08-12 18:48:22,presail,226.2645,230.0941,3.5767,,15.5104,270.528,,,,2.4893905904039655,3.8295999999999992,210
2026-08-12 18:48:23,presail,227.3617,229.4238,3.8877,-0.6733,17.7353,270.6564,3.2353,48.092,63.6329,2.7680469773114167,2.0620999999999867,210
2026-08-12 18:49:14,presail,191.0802,180.7854,1.9633,0.3992,52.5086,233.4046,,,,0.9634704989997529,-10.29479999999998,180
2026-08-12 18:49:15,presail,191.436,179.9374,2.0605,0.0521,35.8159,,3.2358,48.092,64.7025,1.0186956927127544,-11.49860000000001,180
2026-08-12 18:49:16,presail,191.2863,184.3492,1.9827,-0.0647,40.5394,233.1643,,,,0.9950104186140817,-6.937100000000015,180
2026-08-12 18:49:17,presail,191.2163,185.1169,1.8855,0.7515,42.3989,234.7301,,,,0.9950104186140817,-6.099400000000003,180
2026-08-12 18:49:19,presail,191.0322,185.879,1.9438,-0.0596,42.7571,235.1746,3.2358,48.092,64.7119,0.9671767276732002,-5.153199999999998,180
2026-08-12 18:49:21,presail,190.3104,183.4611,1.8661,0.1502,42.4048,234.1696,,,,0.9018124419338607,-6.8492999999999995,180
2026-08-12 18:49:22,presail,188.9998,185.0195,2.1382,0.5786,52.2205,234.1961,,,,0.9211498127297982,-3.9802999999999997,180
2026-08-12 18:49:23,presail,188.9717,184.1314,2.0605,-0.4605,53.4099,232.7742,3.2359,48.092,65.2565,0.9612053526208505,-4.840299999999985,180
2026-08-12 18:49:24,presail,189.2468,186.3946,2.6825,1.0866,56.3948,232.5856,,,,1.3578337467626236,-2.8522000000000105,180
2026-08-12 18:49:25,presail,189.076,183.9653,2.4492,-0.0095,56.3918,231.725,,,,2.008443877866572,-5.11069999999998,180
2026-08-12 18:49:26,presail,189.9999,187.4431,2.527,0.5057,54.1938,230.5288,,,,2.2864513810191553,-2.5568000000000097,180
2026-08-12 18:49:28,presail,190.1502,186.6696,2.5853,0.6224,55.7742,230.9063,,,,2.4333590067472035,-3.4806000000000097,180
2026-08-12 18:49:29,presail,189.544,187.1337,2.6631,-0.6983,54.5575,230.2722,,,,2.4333590067472035,-2.4103000000000065,180
2026-08-12 18:49:30,presail,189.8034,186.6353,2.5659,0.5134,53.8981,231.2639,,,,2.518783423015155,-3.1681000000000097,180
2026-08-12 18:49:31,presail,190.2446,183.9596,3.0907,0.3957,55.1673,231.3896,3.2359,48.092,65.3656,2.518783423015155,-6.284999999999997,180
2026-08-12 18:50:01,presail,193.5277,161.4194,1.5939,-0.8142,46.6123,240.0585,,,,2.4946859587011794,-32.108300000000014,180
2026-08-12 18:50:02,presail,193.446,160.0959,1.5356,0.3309,48.2927,239.7517,,,,1.792647084709531,-33.3501,180
2026-08-12 18:50:03,presail,193.214,160.4683,1.6328,0.756,46.8331,239.7859,3.2362,48.092,65.1011,1.2649394379647145,-32.7457,180
2026-08-12 18:50:04,presail,194.5039,162.0267,1.6717,-0.4475,48.7117,239.853,,,,1.078014927061124,-32.47719999999998,180
2026-08-12 18:50:06,presail,195.8146,161.0298,1.6328,,46.7273,241.264,,,,1.3558447487666367,-34.78480000000002,180
2026-08-12 18:50:07,presail,194.8906,162.7372,1.4579,-0.6515,47.4602,242.4109,3.2363,48.092,64.864,1.346829985495313,-32.153400000000005,180
2026-08-12 18:50:08,presail,194.4678,162.6226,1.5745,0.8958,45.4733,243.1406,,,,1.6632933402373493,-31.845200000000006,180
2026-08-12 18:50:09,presail,191.9933,160.9897,1.4579,1.5087,42.7203,242.8827,,,,1.8695604291910104,-31.003600000000006,180
2026-08-12 18:50:10,presail,194.123,168.0485,1.5939,0.1295,55.0845,241.517,,,,1.9216512254351628,-26.0745,180
2026-08-12 18:50:12,presail,194.2515,166.3067,1.5745,1.3907,59.0182,242.3849,,,,1.9264921528744876,-27.944799999999987,180
2026-08-12 18:50:13,presail,193.3307,156.5664,1.6523,,49.3849,241.4173,,,,1.880605816314986,-36.76430000000002,180
2026-08-12 18:50:14,presail,195.6494,164.1008,1.7106,-0.6473,59.2286,244.0932,,,,1.8381006889527034,-31.54860000000002,180
2026-08-12 18:50:15,presail,196.4503,158.1593,1.7495,0.5244,,244.3501,3.2364,48.092,64.6979,1.885460716275495,-38.291,180
2026-08-12 18:50:16,presail,197.4667,167.6704,1.7495,-0.2241,47.8532,246.5591,,,,1.9850440467352124,-29.796300000000002,180
2026-08-12 18:50:18,presail,198.5714,164.7827,1.6523,0.5421,42.7425,248.0643,,,,2.2881169840780973,-33.788700000000006,180
2026-08-12 18:50:19,presail,198.285,162.0955,1.6328,-0.2322,45.303,248.0914,3.2364,48.092,64.8397,2.3501116332393064,-36.18950000000001,180
2026-08-12 18:50:20,presail,197.5935,160.1016,1.6328,0.4482,42.4866,247.5834,,,,2.0740488923161378,-37.491900000000015,180
2026-08-12 18:50:22,presail,197.3269,164.9717,1.7106,-0.539,47.5452,247.4174,,,,2.068674084970685,-32.355199999999996,180
2026-08-12 18:50:23,presail,196.8112,164.8285,1.6911,,47.2135,247.2913,3.2364,48.092,64.2686,1.8737716394011221,-31.982700000000023,180
2026-08-12 18:50:24,presail,197.7986,163.7456,1.7689,-0.6102,47.8237,247.8933,,,,1.5352166521405306,-34.053,180
2026-08-12 18:50:25,presail,198.4129,168.3923,1.5551,-0.0831,50.1599,247.4513,,,,1.598897587768361,-30.0206,180
2026-08-12 18:50:26,presail,199.5494,169.1887,1.8661,-0.5679,50.9635,248.6611,,,,1.9173338233099477,-30.36069999999998,180
2026-08-12 18:50:28,presail,201.2789,173.1822,1.6523,,45.9629,249.6973,,,,2.1525268593962834,-28.0967,180
2026-08-12 18:50:29,presail,200.2003,167.8537,1.5551,1.6012,39.6357,250.3718,,,,2.635186329102192,-32.346599999999995,180
2026-08-12 18:50:30,presail,199.6405,167.6589,1.4773,0.8829,40.8442,250.345,,,,2.702048953421871,-31.981600000000014,180
2026-08-12 18:50:31,presail,200.8802,169.1715,1.3607,-0.0096,42.2638,,3.2365,48.092,64.5264,2.780400322810501,-31.708699999999993,180
2026-08-12 18:50:32,presail,200.347,157.6493,1.3801,-0.468,38.3842,250.4282,,,,2.8658530795544985,-42.6977,180
2026-08-12 18:50:33,presail,198.3625,163.0867,1.4384,0.7138,39.9883,249.7005,,,,2.9594028986109664,-35.275800000000004,180
2026-08-12 18:50:39,presail,191.1023,154.5496,1.6717,1.0538,43.2967,238.8411,3.2366,48.092,65.3743,2.9930993226114007,-36.552700000000016,180
2026-08-12 18:50:44,presail,191.877,166.9599,1.9633,,52.0306,237.657,,,,2.44817378187988,-24.917100000000005,180
2026-08-12 18:50:45,presail,194.9039,173.2854,1.7106,1.1181,50.4015,238.0403,,,,2.696112663196445,-21.618499999999983,180
2026-08-12 18:50:46,presail,196.2631,166.3755,1.8466,0.336,56.9916,242.0059,,,,2.7825185713392155,-29.88760000000002,180
2026-08-12 18:50:47,presail,196.8431,174.9699,1.7495,-0.2172,46.11,241.3248,3.2367,48.092,65.3441,2.8334446470462344,-21.873199999999997,180
2026-08-12 18:50:49,presail,197.015,171.2456,1.6911,1.0683,47.4396,243.6185,,,,2.9135701100747506,-25.76939999999999,180
2026-08-12 18:50:50,presail,198.2229,181.6735,1.8078,-0.5207,,244.3043,,,,2.4197942852154775,-16.54940000000002,180
2026-08-12 18:50:51,presail,198.387,177.3476,1.7106,0.7235,51.6525,243.9415,3.2367,48.092,64.7768,2.3971762389235036,-21.0394,180
2026-08-12 18:50:53,presail,198.4634,179.3358,2.0799,0.7231,48.8131,244.2075,,,,2.3044089420697214,-19.1276,180
2026-08-12 18:50:54,presail,199.1786,179.2269,1.5939,0.5271,46.3092,244.6483,,,,2.237838651532883,-19.951699999999988,180
2026-08-12 18:50:55,presail,200.2075,179.1983,1.5356,0.0303,47.3383,244.6429,3.2367,48.092,64.8636,1.5895130506065542,-21.00920000000002,180
2026-08-12 18:50:57,presail,200.007,178.2414,1.4968,1.2571,44.5962,244.8458,,,,1.4771728443645051,-21.765600000000006,180
2026-08-12 18:50:58,presail,200.6696,180.201,1.5356,0.3265,45.472,245.723,,,,1.6955895642753704,-20.46860000000001,180
2026-08-12 18:50:59,presail,200.4627,178.568,1.4384,0.4621,49.3249,245.5796,3.2368,48.092,64.2809,1.6955895642753704,-21.8947,180
2026-08-12 18:51:01,presail,200.0447,177.6971,1.3801,,49.0641,244.5985,,,,2.1171802876916,-22.3476,180
2026-08-12 18:51:02,presail,199.9176,174.2823,1.7689,0.8912,33.7117,244.2491,,,,2.3591425205392045,-25.6353,180
2026-08-12 18:51:03,presail,199.3079,172.5291,1.419,-0.5046,49.0774,244.4735,3.2368,48.092,64.2372,2.5752902206485104,-26.77879999999999,180
2026-08-12 18:51:04,presail,197.8093,172.3801,1.3996,0.8453,45.3494,243.5154,,,,2.7370267677803484,-25.42920000000001,180
2026-08-12 18:51:05,presail,197.9365,171.9962,1.419,-0.0383,44.1955,243.134,,,,2.836487215691247,-25.940300000000008,180
2026-08-12 18:51:06,presail,196.4793,174.2422,1.7106,0.5134,45.5837,,,,,2.804231921540702,-22.237099999999998,180
2026-08-12 18:51:07,presail,195.6406,171.4748,1.3996,,44.256,241.9405,3.2369,48.092,64.807,2.780293956741999,-24.16580000000002,180
2026-08-12 18:51:08,presail,194.7226,165.6135,1.4384,1.1283,46.5949,241.138,,,,2.6697408419107997,-29.109100000000012,180
2026-08-12 18:51:10,presail,194.5923,167.8766,1.5745,0.0088,46.4079,239.4656,,,,2.2232227290092,-26.7157,180
2026-08-12 18:51:11,presail,194.4221,171.7384,1.7689,0.0748,49.7217,239.3863,3.2369,48.092,65.2488,2.169860517563928,-22.683699999999988,180
2026-08-12 18:51:12,presail,193.686,169.3606,1.6911,-0.1833,47.519,238.6976,,,,1.9602382400087837,-24.325400000000002,180
2026-08-12 18:51:13,presail,192.736,169.4064,1.6911,0.8028,50.7573,238.3483,,,,1.7433689297185762,-23.3296,180
2026-08-12 18:51:14,presail,193.3651,172.0248,1.73,0.2398,51.0117,238.0136,,,,1.755793927665684,-21.340300000000013,180
2026-08-12 18:51:15,presail,193.3608,171.9676,1.5551,1.2453,45.8531,237.6826,3.2369,48.092,65.0293,1.9248603009389043,-21.393200000000007,180
2026-08-12 18:51:17,presail,194.3704,179.3186,1.8466,0.9261,45.8604,239.0731,,,,2.217184019237027,-15.051799999999986,180
2026-08-12 18:51:18,presail,195.3319,181.3297,1.73,2.0182,52.1952,239.4508,,,,2.2807429960782075,-14.002199999999988,180
2026-08-12 18:51:19,presail,196.2291,178.4878,1.6717,,51.824,239.0292,3.237,48.092,65.0972,2.3585478986041775,-17.741299999999995,180
2026-08-12 18:51:20,presail,195.8566,181.1693,1.9244,0.4065,44.5938,240.6911,,,,2.3751168918087746,-14.687299999999993,180
2026-08-12 18:51:21,presail,196.5972,177.7544,1.6717,0.176,59.2508,240.2469,,,,2.416508374163135,-18.842799999999983,180
2026-08-12 18:51:22,presail,196.9646,180.8083,1.6328,1.3569,51.2029,241.281,,,,2.4305464088237945,-16.156299999999987,180
2026-08-12 18:51:24,presail,199.41,179.7426,1.6911,0.1986,48.3082,243.5336,,,,2.156249268274453,-19.667399999999986,180
2026-08-12 18:51:25,presail,199.6004,185.73,1.5939,0.8425,,243.7604,,,,1.9688505428477454,-13.870400000000018,180
2026-08-12 18:51:27,presail,199.5997,181.7193,1.6911,0.3272,46.9116,243.4208,3.237,48.092,65.0347,1.6663038438030686,-17.88040000000001,180
2026-08-12 18:51:29,presail,198.798,181.2724,1.6523,,48.4517,243.3869,,,,1.679599653905448,-17.525599999999997,180
2026-08-12 18:51:30,presail,198.8449,178.717,1.6911,0.8739,43.7741,243.4863,,,,1.785039670789163,-20.127899999999983,180
2026-08-12 18:51:31,presail,199.0176,179.5478,1.5939,1.0006,46.0488,242.6207,3.2371,48.092,64.7787,2.026247936138101,-19.469799999999992,180
2026-08-12 18:51:33,presail,199.2201,178.7915,1.6523,-0.2276,45.5836,241.6131,,,,2.4178914268904435,-20.42859999999999,180
2026-08-12 18:51:34,presail,198.5715,184.0111,1.5939,1.8087,41.9165,240.7668,,,,2.6233294975287325,-14.560399999999987,180
2026-08-12 18:51:35,presail,199.4815,176.6257,1.5162,-0.3849,41.5474,241.0814,3.2371,48.092,64.746,2.812185935550129,-22.855800000000016,180
2026-08-12 18:51:36,presail,196.4106,184.0398,1.5162,1.4578,39.5535,237.811,,,,2.9054583224311537,-12.370799999999974,180
2026-08-12 18:51:37,presail,196.5332,177.107,1.4968,2.1404,41.4861,237.1684,,,,2.9902746714843658,-19.426199999999994,180
2026-08-12 18:51:38,presail,195.9574,177.5596,1.4773,,39.6884,236.4419,,,,2.9266722344838576,-18.397800000000018,180
2026-08-12 18:51:39,presail,193.894,176.4538,1.3024,0.3043,45.8317,236.0045,3.2372,48.092,65.3607,2.9799762942203225,-17.440200000000004,180
2026-08-12 18:51:46,presail,192.0012,171.6811,1.419,0.7868,43.8001,231.9673,,,,2.6008739938281122,-20.320100000000025,180
2026-08-12 18:51:47,presail,191.5868,175.8236,1.2052,1.0483,38.72,231.7471,3.2372,48.092,65.4032,2.4043625503546497,-15.763200000000012,180
2026-08-12 18:51:49,presail,191.6897,172.8098,1.7106,,38.8734,231.0513,,,,1.8459107752768358,-18.879899999999992,180
2026-08-12 18:51:50,presail,189.819,171.0508,1.7106,1.3454,40.515,230.3857,,,,1.7582245680211248,-18.76819999999998,180
2026-08-12 18:51:51,presail,188.9224,171.4404,1.0886,0.9138,40.9929,229.7602,3.2373,48.092,65.9072,1.5349778277088655,-17.482,180
2026-08-12 18:51:52,presail,188.3257,169.2403,1.3996,1.7479,37.0618,228.9842,,,,1.436767430201952,-19.08540000000002,180
2026-08-12 18:51:53,presail,188.4212,168.2204,1.5162,0.1114,45.1876,228.9112,,,,1.4708684766001725,-20.200799999999987,180
2026-08-12 18:51:55,presail,188.8382,168.4782,1.3801,-0.0085,42.7729,228.9147,3.2373,48.092,65.7879,1.5066402832318158,-20.360000000000014,180
2026-08-12 18:51:56,presail,190.4231,170.1169,1.3801,1.874,38.2728,,,,,1.5302996458567502,-20.30620000000002,180
2026-08-12 18:51:57,presail,190.2574,174.7235,1.5162,,,229.8246,,,,1.5866063630088505,-15.533899999999988,180
2026-08-12 18:51:58,presail,191.2684,172.5634,1.3024,0.2824,41.8139,230.1733,,,,1.6168521254480475,-18.705000000000013,180
2026-08-12 18:52:00,presail,192.6365,172.1509,1.2246,0.1891,45.0841,231.2293,,,,1.758213395098935,-20.485600000000005,180
2026-08-12 18:52:01,presail,192.2701,166.5073,1.2052,1.4378,37.3428,231.5213,,,,1.78739609146044,-25.762800000000027,180
2026-08-12 18:52:02,presail,191.4737,169.1543,1.1663,1.3591,45.8923,232.4107,,,,1.7240104216565144,-22.3194,180
2026-08-12 18:52:03,presail,192.863,169.1257,1.1274,1.5091,36.9545,232.0601,3.2374,48.092,65.7486,1.5688018295774622,-23.737300000000005,180
2026-08-12 18:52:04,presail,192.7491,167.3151,1.0691,1.9264,41.1353,232.5295,,,,1.308524116479978,-25.433999999999997,180
2026-08-12 18:52:06,presail,192.3662,161.6543,1.0886,0.9083,38.7875,232.9201,,,,0.979414120095587,-30.711899999999986,180
2026-08-12 18:52:13,presail,193.6288,155.1799,1.0108,1.4822,51.8738,233.6588,,,,2.344095451665777,-38.44890000000001,180
2026-08-12 18:52:14,presail,192.9137,154.647,1.0886,0.6013,44.7289,233.1737,,,,2.9554197091714713,-38.266700000000014,180
2026-08-12 18:52:37,presail,195.8885,169.9393,1.5939,1.5654,47.0134,236.2608,,,,2.8863308517733106,-25.94919999999999,180
2026-08-12 18:52:38,presail,196.1474,170.432,1.6134,0.1395,44.8562,235.8156,,,,2.519943424605288,-25.715400000000017,180
2026-08-12 18:52:39,presail,197.0477,173.9271,1.5356,0.8048,43.356,235.9171,3.2377,48.092,66.0096,2.1311865095226783,-23.120599999999996,180
2026-08-12 18:52:40,presail,197.2454,172.8041,1.6717,1.3609,47.6679,236.3053,,,,1.6738858982118066,-24.441299999999984,180
2026-08-12 18:52:42,presail,197.8241,174.7579,1.6134,0.4683,43.8074,237.3696,,,,1.3552482165872297,-23.06619999999998,180
2026-08-12 18:52:43,presail,198.6275,179.0722,1.8661,1.0127,44.1574,238.0922,3.2378,48.092,65.2833,1.2680217587012583,-19.55529999999999,180
2026-08-12 18:52:44,presail,198.6981,179.3587,1.4773,1.3153,32.6156,240.8496,,,,1.1550676676428637,-19.339400000000012,180
2026-08-12 18:52:45,presail,198.7078,177.7544,1.3218,0.5987,37.9818,241.4285,,,,1.249820245844881,-20.953399999999988,180
2026-08-12 18:52:46,presail,198.7179,169.1772,1.1663,1.2963,36.1049,243.2923,,,,1.2812220098706029,-29.540699999999987,180
2026-08-12 18:52:47,presail,196.9215,169.9164,1.108,0.5126,42.6072,242.5771,3.2378,48.092,64.8497,1.4001800379033038,-27.0051,180
2026-08-12 18:52:49,presail,197.6977,164.8973,1.3024,0.977,48.3851,241.6898,,,,2.2601416859829095,-32.800399999999996,180
2026-08-12 18:52:50,presail,196.1332,162.4908,1.2246,,48.9019,240.9658,,,,2.6072323494254315,-33.64239999999998,180
2026-08-12 18:52:51,presail,194.855,166.5302,1.3218,0.9503,53.0683,240.1489,3.2378,48.092,65.6524,2.862495666494496,-28.324799999999982,180
2026-08-12 18:52:52,presail,196.5282,163.568,1.6717,0.7631,69.9278,239.4551,,,,2.862495666494496,-32.960199999999986,180
2026-08-12 18:53:14,presail,195.8327,170.4607,1.4579,-0.1765,48.127,246.107,,,,2.609496158453086,-25.371999999999986,180
2026-08-12 18:53:15,presail,196.2942,167.9282,1.6328,1.6944,44.0353,245.9379,3.2381,48.092,65.0685,1.9644930362311956,-28.365999999999985,180
2026-08-12 18:53:16,presail,195.2995,167.1776,1.7689,,49.719,246.0544,,,,1.959178414409442,-28.121899999999982,180
2026-08-12 18:53:18,presail,195.8729,165.8885,1.4773,0.323,51.5817,242.1092,,,,0.6837768278944419,-29.984399999999994,180
2026-08-12 18:53:19,presail,194.6922,163.2128,1.419,1.177,42.9133,241.9536,3.2381,48.092,64.8351,0.6928082037250325,-31.479400000000027,180
2026-08-12 18:53:20,presail,196.9129,167.0745,1.3024,-0.4376,50.8712,242.0288,,,,0.6867415575998767,-29.838400000000007,180
2026-08-12 18:53:21,presail,196.6299,162.5367,1.2635,1.6783,43.0842,241.922,,,,0.6920596814580481,-34.093199999999996,180
2026-08-12 18:53:22,presail,196.2911,165.1092,1.2052,0.5969,49.5303,242.6049,,,,0.68075781528366,-31.181900000000013,180
2026-08-12 18:53:24,presail,196.4702,160.5943,1.2052,,48.7541,242.8227,,,,1.336685151991747,-35.8759,180
2026-08-12 18:53:25,presail,195.5135,157.4603,1.2829,0.5679,47.9571,242.2749,,,,1.7279782847032077,-38.053200000000004,180
2026-08-12 18:53:26,presail,194.6933,163.6425,1.3996,-0.6451,45.6752,241.7621,,,,2.029906292779773,-31.05079999999998,180
2026-08-12 18:53:28,presail,194.7489,163.631,1.4384,0.0005,47.7875,239.2305,,,,2.0574453348904678,-31.11789999999999,180
2026-08-12 18:53:29,presail,194.8388,165.5504,1.4968,0.9045,48.2452,237.2768,,,,2.1014042095649947,-29.288399999999996,180
2026-08-12 18:53:30,presail,195.6201,166.5474,1.5551,-0.056,50.4834,237.2554,,,,2.01314462406064,-29.072699999999998,180
2026-08-12 18:53:32,presail,196.2002,168.9595,1.6911,0.3851,53.6492,241.0438,,,,2.081383199418411,-27.240700000000004,180
2026-08-12 18:53:33,presail,198.7651,176.1043,1.419,-0.3457,48.9723,243.2304,,,,2.068194675493868,-22.660799999999995,180
2026-08-12 18:53:34,presail,199.7644,176.7403,1.73,0.4369,50.1004,244.5444,,,,2.012191008658186,-23.024100000000004,180
2026-08-12 18:53:35,presail,200.8288,180.0233,1.3607,0.5159,43.4515,246.8315,3.2383,48.092,64.6056,2.0019065455331297,-20.805499999999995,180
2026-08-12 18:53:36,presail,200.9754,172.6265,1.419,0.4633,,249.6802,,,,2.0095635604137496,-28.348900000000015,180
2026-08-12 18:53:38,presail,198.8709,170.9362,1.3412,0.632,42.0707,249.7081,,,,1.8383753750097367,-27.934699999999992,180
2026-08-12 18:53:39,presail,199.1199,166.3067,1.2829,,40.6238,249.3514,3.2383,48.092,64.7568,1.6941115560074433,-32.813199999999995,180
2026-08-12 18:53:40,presail,197.516,166.8854,1.3024,0.9325,41.7913,248.0644,,,,1.5510673583505143,-30.630599999999987,180
2026-08-12 18:53:42,presail,196.2933,161.3048,1.3218,1.2788,41.456,246.9389,,,,1.5735982430293454,-34.98849999999999,180
2026-08-12 18:53:43,presail,196.9199,164.5248,1.2246,0.1733,44.1061,246.9038,3.2383,48.092,64.8456,1.5078507076024683,-32.39510000000001,180
2026-08-12 18:53:45,presail,197.3121,162.7143,1.3607,-0.3118,51.1965,,,,,1.7329124022406552,-34.59779999999998,180
2026-08-12 18:53:47,presail,197.5228,165.6879,1.5551,0.2858,56.5913,246.9898,3.2384,48.092,65.1037,1.5628429764221266,-31.834899999999976,180
2026-08-12 18:53:48,presail,198.61,167.8537,1.7883,-0.1748,56.7284,246.4076,,,,1.516507398448227,-30.75630000000001,180
2026-08-12 18:53:49,presail,198.5743,178.7972,1.4773,,55.3067,247.9165,,,,1.5622872393990954,-19.77709999999999,180
2026-08-12 18:53:50,presail,199.5939,174.7235,1.8078,-0.8521,52.9721,247.9546,,,,1.5619112869365013,-24.87039999999999,180
2026-08-12 18:53:52,presail,201.2965,177.2445,1.6523,-0.55,53.2251,249.1147,,,,1.9811932619784225,-24.05200000000002,180
2026-08-12 18:53:54,presail,201.7555,175.7491,1.5939,0.199,48.3685,249.0112,,,,2.2434652604693315,-26.006400000000014,180
2026-08-12 18:53:55,presail,200.743,174.2708,1.4384,0.9233,44.2161,249.1087,3.2385,48.092,64.5155,2.4640774880038583,-26.472199999999987,180
2026-08-12 18:54:05,presail,193.7992,154.0397,1.3801,-0.0617,54.7395,242.152,,,,2.8760260654227796,-39.7595,180
2026-08-12 18:54:06,presail,190.288,160.3594,2.1577,-0.5282,,239.738,,,,2.7708052500790914,-29.928600000000017,180
2026-08-12 18:54:07,presail,193.1183,161.9752,1.73,0.1049,50.4565,240.3269,3.2386,48.092,65.1949,2.739792898970432,-31.143100000000004,180
2026-08-12 18:54:09,presail,194.7057,167.8938,1.6911,-0.4952,51.0856,240.5998,,,,2.8856247364782885,-26.81190000000001,180
2026-08-12 18:54:10,presail,194.9124,169.4293,1.8855,0.3669,48.3095,240.6384,,,,2.887269020182048,-25.48309999999998,180
2026-08-12 18:54:14,presail,195.4213,170.3633,1.6717,,51.8081,240.9886,,,,2.753075668918828,-25.057999999999993,180
2026-08-12 18:54:16,presail,199.8032,175.5715,1.6717,0.1523,51.425,239.1242,,,,2.6336762643397478,-24.231700000000018,180
2026-08-12 18:54:18,presail,200.2391,178.379,1.6134,-0.1331,49.494,243.1573,,,,1.684195429708343,-21.860100000000017,180
2026-08-12 18:54:19,presail,198.7754,171.4805,1.6328,-0.3523,50.2509,,3.2387,48.092,64.8396,1.6354754593697818,-27.294899999999984,180
2026-08-12 18:54:20,presail,198.7037,178.442,1.6328,0.7917,53.1997,243.295,,,,1.4743755758792514,-20.26169999999999,180
2026-08-12 18:54:21,presail,197.2008,172.7812,1.6911,0.1039,49.4312,241.7424,,,,1.256673369990804,-24.419599999999974,180
2026-08-12 18:54:22,presail,196.4972,177.3935,1.7689,1.044,55.3753,241.9663,,,,1.3674959419826922,-19.103700000000003,180
2026-08-12 18:54:23,presail,197.8573,172.0936,1.7495,,52.0811,240.389,3.2387,48.092,65.1564,1.4467623557004163,-25.7637,180
2026-08-12 18:54:25,presail,197.4289,175.1074,2.2549,0.5342,55.8229,240.8133,,,,1.3588104280794198,-22.321499999999986,180
2026-08-12 18:54:26,presail,198.0297,179.777,1.9827,0.7721,60.6191,241.1636,,,,1.4226783836365717,-18.252700000000004,180
2026-08-12 18:54:27,presail,198.9865,179.7712,2.0605,-0.009,61.0116,241.2068,3.2388,48.092,65.2379,1.5143346580644856,-19.215300000000013,180
2026-08-12 18:54:28,presail,198.796,182.6647,2.041,0.7455,56.9496,241.7516,,,,1.4943076171926835,-16.13129999999998,180
2026-08-12 18:54:29,presail,198.332,184.3148,2.0993,0.1593,63.461,240.9756,,,,1.4744010114172528,-14.017200000000003,180
2026-08-12 18:54:31,presail,199.4159,185.3003,2.3909,-0.5675,58.5907,240.3189,3.2388,48.092,65.0477,1.5137558451470803,-14.1156,180
2026-08-12 18:54:32,presail,200.7721,187.489,2.1188,-0.2742,55.4643,241.6385,,,,1.4242622129382954,-13.28309999999999,180
2026-08-12 18:54:33,presail,200.8259,186.2514,1.6911,,53.5145,242.6795,,,,1.2677738971564054,-14.5745,180
2026-08-12 18:54:34,presail,201.4333,184.9508,2.2743,0.069,54.1442,246.5784,,,,1.2135731179490739,-16.482500000000016,180
2026-08-12 18:54:36,presail,201.2173,183.9137,1.8078,-0.022,40.6972,251.235,,,,1.330676926554538,-17.30359999999999,180
2026-08-12 18:54:37,presail,201.3678,182.9397,1.8855,0.1581,,251.3139,,,,1.4443540616431847,-18.4281,180
2026-08-12 18:54:38,presail,200.3006,177.9378,1.7689,-0.3107,35.5201,250.7444,,,,1.550016394867589,-22.362799999999993,180
2026-08-12 18:54:39,presail,199.2763,182.5444,1.6911,0.2993,36.1108,251.2454,3.2389,48.092,64.2486,1.6592888830531725,-16.731899999999996,180
2026-08-12 18:54:40,presail,200.8615,173.3427,1.6717,-0.8096,26.9581,250.3598,,,,1.6931898037604611,-27.5188,180
2026-08-12 18:54:41,presail,199.0803,177.7487,1.7883,-0.2696,31.4644,250.2824,,,,1.738325804405794,-21.33159999999998,180
2026-08-12 18:54:42,presail,199.5002,179.2556,1.6911,,34.5438,249.6736,,,,1.7948027295343867,-20.24460000000002,180
2026-08-12 18:54:44,presail,198.6945,178.4993,1.8661,-0.4138,38.5887,248.8516,,,,1.7514908912643878,-20.1952,180
2026-08-12 18:54:45,presail,197.2115,175.0214,1.8466,-1.3378,43.6251,247.9715,,,,1.65917055316585,-22.1901,180
2026-08-12 18:54:46,presail,197.171,176.4424,1.9827,-0.0341,39.438,247.1994,,,,1.6179500478187714,-20.7286,180
2026-08-12 18:54:47,presail,196.6895,176.1158,1.9438,0.5031,43.344,246.4211,3.2389,48.092,64.897,1.4759505252620204,-20.573700000000002,180
2026-08-12 18:54:48,presail,196.9654,177.8576,1.9244,,42.1334,246.5776,,,,1.2783719139776992,-19.107799999999997,180
2026-08-12 18:54:49,presail,196.714,176.3621,1.7883,-0.3507,41.6116,246.4592,,,,1.196588292971193,-20.3519,180
2026-08-12 18:54:51,presail,196.8179,173.5776,1.9827,0.0738,50.6028,247.0772,3.239,48.092,64.9816,0.9895814224323909,-23.24030000000002,180
2026-08-12 18:54:52,presail,197.1384,173.6578,1.6911,-0.0171,54.9087,247.3057,,,,0.9828517414700418,-23.48059999999998,180
2026-08-12 18:54:53,presail,197.7518,170.2773,1.905,0.1308,54.4136,247.1835,,,,0.9187618284471242,-27.474500000000006,180
2026-08-12 18:54:54,presail,196.7884,175.1589,1.7883,1.1193,51.7872,247.3024,,,,1.0086168707264196,-21.629500000000007,180
2026-08-12 18:54:55,presail,196.73,168.0084,1.5356,-0.3845,51.4087,247.2438,3.239,48.092,64.5478,1.016731580315316,-28.721599999999995,180
2026-08-12 18:54:56,presail,198.7925,176.2475,1.6717,0.8889,52.9333,248.0931,,,,1.160654824947132,-22.544999999999987,180
2026-08-12 18:54:57,presail,198.6731,171.9905,1.905,0.0138,46.5227,,,,,1.357337913455416,-26.682600000000008,180
2026-08-12 18:54:58,presail,198.0724,172.0134,1.6523,0.1583,49.9696,248.2165,,,,1.4457704309980595,-26.058999999999997,180
2026-08-12 18:55:00,presail,198.3293,170.7758,1.6134,-0.2452,47.251,248.4465,,,,1.546603448335137,-27.553499999999985,180
2026-08-12 18:55:01,presail,199.4651,174.3453,1.6328,-0.4031,44.9388,248.4763,,,,1.550491725517531,-25.119799999999998,180
2026-08-12 18:55:03,presail,198.6536,173.3541,1.6717,-0.789,42.3581,247.8227,3.2391,48.092,64.5871,1.5898163495348123,-25.299500000000023,180
2026-08-12 18:55:04,presail,199.8469,172.1853,1.5939,-0.4532,54.1758,248.2506,,,,1.9911657520604185,-27.661599999999993,180
2026-08-12 18:56:12,presail,288.7245,322.3804,5.365,0.296,-63.7053,239.4572,,,,2.9523824718700378,33.65590000000003,270
2026-08-12 18:56:13,presail,287.8959,321.4007,5.1123,1.4337,-61.7391,238.9024,,,,2.4652177183012896,33.50479999999999,270
2026-08-12 18:56:33,presail,276.7086,311.0645,3.946,1.3704,-55.546,226.6425,,,,2.7435219042408794,34.35590000000002,270
2026-08-12 18:56:34,presail,275.8902,311.0932,4.0626,2.1202,-58.1621,225.939,,,,2.215734797914712,35.20300000000003,270
2026-08-12 18:56:35,presail,275.005,308.131,3.7905,0.4326,,225.3164,3.24,48.092,65.5363,2.7119353715403904,33.125999999999976,270
2026-08-12 18:56:50,presail,267.183,302.304,3.3823,1.7824,-46.0324,216.9467,,,,2.7446073927133687,35.12099999999998,240
2026-08-12 18:56:51,presail,268.8671,303.6161,3.0518,0.7222,-46.0358,217.447,3.2401,48.092,64.4505,2.625377322943119,34.749000000000024,240
2026-08-12 18:56:52,presail,269.9201,302.8598,3.149,0.4159,-46.2506,218.6489,,,,2.445350625738369,32.939700000000016,240
2026-08-12 18:56:53,presail,269.6151,306.1829,3.3045,1.8509,-53.0686,219.5301,,,,2.704285840427245,36.567800000000034,240
2026-08-12 18:56:54,presail,270.019,302.2066,3.6544,1.1526,-60.3702,219.8492,,,,2.4770080670512598,32.187599999999975,270
2026-08-12 18:57:13,presail,254.2726,265.4857,2.4298,1.0848,-37.6999,207.703,,,,2.7584944384108447,11.213099999999997,240
2026-08-12 18:57:14,presail,254.4998,251.4884,2.216,-0.7172,-35.8735,,,,,2.2691455307139,-3.0113999999999805,240
2026-08-12 18:57:16,presail,254.1508,301.0034,3.3434,0.5124,-36.1197,207.9929,,,,1.6708868903343346,46.852599999999995,240
2026-08-12 18:57:17,presail,253.1679,305.6615,1.9827,0.3128,-37.4934,207.4625,,,,1.3406644568701505,52.49359999999999,240
2026-08-12 18:57:18,presail,252.3206,320.3751,1.5162,0.3783,-34.9652,206.9359,,,,1.3263835628847647,68.05449999999996,240
2026-08-12 18:57:19,presail,251.4831,320.3751,1.4384,-0.2741,-34.747,205.5235,3.2404,48.092,62.7739,1.3704813634180262,68.89199999999997,240
2026-08-12 18:57:20,presail,252.6768,320.3751,1.73,0.6071,-34.8149,204.4316,,,,1.5591335960907817,67.69829999999999,240
2026-08-12 18:57:21,presail,253.0946,336.5497,1.5939,1.4359,-37.3014,204.8265,,,,1.5887917258643571,83.45509999999996,240
2026-08-12 18:57:23,presail,253.3987,300.6367,1.8078,0.5697,-36.959,205.667,3.2404,48.092,63.7585,2.132046184353756,47.23800000000003,240
2026-08-12 18:57:24,presail,254.1255,287.1378,1.9244,1.4057,-40.4096,206.079,,,,2.4022425306555992,33.01230000000004,240
2026-08-12 18:57:25,presail,254.7041,285.8658,1.6134,1.3612,-43.6914,206.6515,,,,2.7867689338409485,31.161699999999968,240
2026-08-12 18:57:26,presail,255.4747,260.3692,2.0022,0.2071,-41.0605,209.6571,,,,2.7867689338409485,4.894499999999965,240
2026-08-12 18:58:03,presail,335.0867,4.2342,6.2592,1.1432,-118.2653,195.0813,3.2408,48.092,69.7722,2.7479028642830663,29.14749999999998,330
2026-08-12 18:59:13,presail,348.8085,17.1372,6.9395,1.279,-134.4543,208.2982,,,,2.2087669866987016,28.328700000000026,330
2026-08-12 18:59:14,presail,349.9715,17.4351,6.8229,0.7632,-136.7349,209.3737,,,,2.2087669866987016,27.463599999999985,330
2026-08-12 18:59:15,presail,352.6305,20.5577,6.473,,-136.0528,210.0776,3.2415,48.092,72.597,2.267381733244149,27.927200000000028,330
2026-08-12 18:59:16,presail,350.2708,17.1715,6.3175,1.6511,-139.2923,211.3943,,,,2.7330941155960278,26.900699999999972,330
2026-08-12 19:00:32,race,13.5385,35.8843,6.4341,,-163.8535,233.4604,,,,2.7091780551933224,22.345799999999997,0
2026-08-12 19:00:33,race,15.3129,35.8843,7.2116,1.0694,-163.4583,234.5123,,,,2.5197401065677285,20.57140000000001,0
2026-08-12 19:00:34,race,15.9735,39.9753,6.8812,0.0107,-163.639,235.5086,,,,2.5197401065677285,24.001800000000003,0
2026-08-12 19:00:35,race,17.0813,40.9149,5.9482,0.4752,-161.1785,236.4767,3.2423,48.092,73.1147,2.3886925549837597,23.83359999999999,0
2026-08-12 19:00:36,race,17.0845,38.3423,6.7062,0.4287,-161.9746,236.6198,,,,2.3553227687906793,21.257800000000003,0
2026-08-12 19:00:37,race,17.463,37.397,6.9978,0.9825,-161.9487,236.7717,,,,2.2554356754137945,19.933999999999997,0
2026-08-12 19:00:39,race,17.9456,37.4084,6.2008,,-162.8018,237.7353,3.2423,48.092,73.2889,1.9975582213278784,19.462800000000016,0
2026-08-12 19:00:40,race,18.8029,45.0918,6.3175,0.5486,-163.9756,238.4738,,,,1.7843351655806188,26.288900000000012,0
2026-08-12 19:00:41,race,18.3455,42.6281,6.2203,0.2499,-163.8343,238.3662,,,,1.3517923081916132,24.282600000000002,0
2026-08-12 19:00:42,race,16.9813,40.4508,5.9676,0.9551,-163.9139,237.5852,,,,1.3699559241462946,23.46950000000001,0
2026-08-12 19:00:43,race,14.9911,37.8324,5.5788,0.8483,-164.8445,236.1889,3.2423,48.092,72.5296,1.085714173958239,22.84129999999999,0
2026-08-12 19:00:45,race,17.1469,39.7976,5.7343,0.3315,-164.7418,,,,,0.9653680306434862,22.6507,0
2026-08-12 19:00:46,race,17.1628,41.0868,6.3952,,-163.2901,236.6068,,,,1.0198512893611211,23.924000000000007,0
2026-08-12 19:00:47,race,16.826,40.0669,5.8898,0.7271,-163.2921,236.8142,3.2424,48.092,72.9566,1.0140767224568865,23.24090000000001,0
2026-08-12 19:00:48,race,16.4311,42.1124,6.1037,0.8241,-163.8804,236.9561,,,,1.0414356193573429,25.681299999999993,0
2026-08-12 19:00:49,race,18.6912,40.7602,6.5313,0.7459,-163.8236,237.2358,,,,1.6059289710410942,22.06899999999999,0
2026-08-12 19:01:46,race,18.4071,41.6483,15.5313,9.4117,-137.1097,234.7678,,,,2.7217640984575833,23.241199999999992,0
2026-08-12 19:01:47,race,16.4114,38.8408,15.2008,,-137.5693,235.3935,3.243,48.092,73.2301,2.5801681527608937,22.429399999999987,0
2026-08-12 19:01:48,race,14.6761,39.2075,15.5896,7.952,-142.2337,233.8608,,,,2.232036668569909,24.53140000000002,0
2026-08-12 19:01:49,race,15.0969,40.9378,15.2008,6.0573,-139.5619,234.7364,,,,2.232036668569909,25.840900000000005,0
2026-08-12 19:01:51,race,16.3515,39.9695,15.0648,7.6621,-136.9499,232.8931,3.243,48.092,73.2642,2.026679192068357,23.617999999999995,0
2026-08-12 19:01:52,race,14.434,38.8408,15.162,8.4781,-136.4289,232.1123,,,,2.1144112160924053,24.406800000000004,0
2026-08-12 19:01:53,race,14.3586,38.2335,15.4535,8.9782,-138.1453,231.9619,,,,2.259087301808737,23.874899999999997,0
2026-08-12 19:01:54,race,11.7974,35.2541,14.9676,8.0097,-136.217,231.904,,,,2.3359227712689306,23.456700000000012,0
2026-08-12 19:01:55,race,10.3965,37.9871,14.8509,7.8526,-138.1409,231.9093,3.243,48.092,72.8546,2.358154607377512,27.590599999999995,0
2026-08-12 19:02:02,race,12.0212,39.0299,14.8898,,-136.9642,229.5821,,,,1.4115996293622763,27.008700000000005,0
2026-08-12 19:02:03,race,11.596,38.1418,15.3758,7.3553,-138.1595,,3.2431,48.092,73.1504,1.2603441000866025,26.545800000000014,0
2026-08-12 19:02:04,race,11.776,37.8209,15.3369,7.3505,-140.1388,229.1644,,,,1.1863188902362731,26.044900000000013,0
2026-08-12 19:02:05,race,11.1706,37.8897,15.609,6.6619,-141.2,229.6173,,,,1.2277774387260283,26.719099999999997,0
2026-08-12 19:02:07,race,12.555,37.1105,15.1814,6.6432,-139.182,229.3077,3.2431,48.092,73.2749,1.303717467072909,24.555499999999995,0
2026-08-12 19:02:08,race,10.3716,36.1651,15.4341,6.034,-141.8202,230.874,,,,1.303717467072909,25.793499999999995,0
2026-08-12 19:02:09,race,10.9308,37.5345,15.0842,4.5527,-141.504,229.7129,,,,1.620819286862174,26.603700000000003,0
2026-08-12 19:02:10,race,13.6244,35.5062,15.0648,6.1978,-136.3101,228.9508,,,,1.7676173077129045,21.8818,0
2026-08-12 19:02:12,race,9.9406,36.3083,15.4147,,-141.5246,230.0301,,,,1.8270677003545415,26.367700000000013,0
2026-08-12 19:02:14,race,9.028,33.2717,14.987,,-141.295,227.4307,,,,1.9177033362455342,24.24369999999999,0
2026-08-12 19:02:16,race,9.5281,35.2254,14.987,,,226.5662,,,,1.868857087453836,25.697299999999984,0
2026-08-12 19:02:19,race,7.3993,34.5723,15.784,7.1095,-139.9246,225.715,,,,1.7748956177286042,27.173000000000002,0
2026-08-12 19:02:20,race,7.6901,35.3801,15.7257,6.8374,-141.0477,222.4931,,,,1.7920932630022912,27.689999999999998,0
2026-08-12 19:02:21,race,8.0209,32.9393,16.0172,7.4274,-142.6166,221.1156,,,,1.4247866895628944,24.91840000000002,0
2026-08-12 19:02:23,race,7.4337,36.3255,15.5118,,-141.7805,221.8396,3.2433,48.092,73.2345,1.4255256328522325,28.89179999999999,0
2026-08-12 19:02:24,race,11.6119,36.3656,15.0453,4.8902,-142.2852,224.19,,,,1.383943736095771,24.75370000000001,0
2026-08-12 19:02:25,race,11.2239,35.3171,14.7149,4.7669,-138.8079,226.6628,,,,1.3969718648656668,24.093199999999996,0
2026-08-12 19:02:26,race,10.5959,34.7957,14.2483,4.1471,-142.8664,227.9123,,,,1.408333248368398,24.199799999999982,0
2026-08-12 19:02:28,race,11.4304,34.2743,13.6652,3.7776,-142.2609,229.0458,,,,1.495458001640806,22.84389999999999,0
2026-08-12 19:02:30,race,8.3315,32.9795,13.5874,,-139.2752,227.6152,,,,2.481258610018093,24.647999999999996,0
2026-08-12 19:02:54,race,351.6387,19.0738,13.257,4.9159,-139.3395,211.9744,,,,0.7425157826231951,27.435100000000034,330
2026-08-12 19:02:55,race,351.9206,20.0764,12.8099,4.2485,-137.6471,210.1791,3.2436,48.092,72.3513,0.7229814111932795,28.1558,330
2026-08-12 19:02:56,race,352.0423,20.3343,12.8293,4.0488,,211.8077,,,,0.6771735483522024,28.291999999999973,330
2026-08-12 19:02:57,race,352.0205,20.3801,13.4319,4.1735,-139.2627,210.6624,,,,0.924234929196887,28.3596,330
2026-08-12 19:02:58,race,352.0411,21.7208,13.3153,4.7693,-136.1082,209.2705,,,,0.94609532927333,29.679700000000025,330
2026-08-12 19:02:59,race,352.1342,21.4916,13.7429,,-136.7015,207.8781,3.2436,48.092,71.8297,1.2124898747239707,29.357399999999984,330
2026-08-12 19:03:01,race,352.775,20.9817,14.4622,6.4524,-138.219,206.1758,,,,2.225429386184077,28.206700000000012,330
2026-08-12 19:03:02,race,352.2128,22.4714,14.3067,4.591,-140.3029,206.1108,,,,2.5036597115581993,30.2586,330
2026-08-12 19:03:03,race,353.308,22.013,14.0345,4.9258,-138.54,206.9469,3.2437,48.092,72.0413,2.5036597115581993,28.704999999999984,330
2026-08-12 19:03:04,race,353.4902,21.2338,13.8207,6.7621,-134.3021,208.517,,,,2.9875759425327404,27.743599999999958,330
2026-08-12 19:03:17,race,2.5255,29.8568,15.8812,,-136.8142,218.3055,,,,2.8322130128387104,27.3313,0
2026-08-12 19:03:18,race,2.0546,28.7739,15.9784,7.8341,-139.3838,216.9597,,,,2.3819047384517855,26.719300000000004,0
2026-08-12 19:03:20,race,0.0989,30.2751,15.8617,6.3261,-141.248,216.7424,,,,1.9401122441467198,30.176199999999994,0
2026-08-12 19:03:21,race,1.7682,31.3981,15.8423,7.2239,-139.2604,216.3277,,,,1.7305826945279008,29.629899999999992,0
2026-08-12 19:03:22,race,3.4394,29.2037,15.609,8.2197,-135.4803,217.1712,,,,1.5575431096464076,25.76429999999999,0
2026-08-12 19:03:23,race,4.6849,30.9053,15.6868,6.5825,-140.6786,218.3236,3.2439,48.092,73.0023,1.3051363819838355,26.220400000000012,0
2026-08-12 19:03:25,race,4.6274,28.3843,15.1231,5.8491,-139.6723,220.6698,,,,1.6458933418198114,23.7569,0
2026-08-12 19:03:26,race,4.5106,29.2667,15.162,5.2106,-135.4673,221.087,,,,1.775450163656019,24.756100000000004,0
2026-08-12 19:03:27,race,3.5372,28.3385,15.0842,5.8068,-138.821,,3.2439,48.092,72.9749,1.7779284957804553,24.801299999999998,0
2026-08-12 19:03:28,race,1.8224,31.8393,15.0259,4.3641,-140.7044,219.7151,,,,1.763133870177676,30.016899999999993,0
2026-08-12 19:03:29,race,3.1237,29.6849,14.4622,3.5762,-140.7861,220.3313,,,,1.7424589992755095,26.561199999999985,0
2026-08-12 19:03:30,race,4.6338,29.8511,14.0734,3.9568,-137.554,221.107,,,,2.1228278984679028,25.217299999999994,0
2026-08-12 19:03:32,race,3.9841,30.4871,13.5291,,,223.1067,,,,2.533768704352841,26.502999999999986,0
2026-08-12 19:04:43,race,0.6118,27.4103,12.2268,3.1249,-138.9433,221.8609,3.2446,48.092,71.8841,2.8917859378128936,26.79849999999999,0
2026-08-12 19:04:45,race,0.4847,25.1643,12.5183,4.4826,-140.0717,220.4324,,,,2.4808102015352436,24.679599999999994,0
2026-08-12 19:04:46,race,359.5673,27.565,12.6738,,-140.7133,219.8916,,,,2.2178243295718607,27.99770000000001,330
2026-08-12 19:04:47,race,359.4424,26.8087,12.8682,4.8118,-141.1597,219.696,3.2447,48.092,71.7572,2.020190323457287,27.366299999999967,330
2026-08-12 19:04:48,race,357.6003,24.0127,13.082,5.5483,-139.8111,219.6758,,,,1.9399007763228535,26.41239999999999,330
2026-08-12 19:04:50,race,356.3428,23.7606,13.3542,4.954,-136.1589,217.4873,,,,1.9032740831199266,27.4178,330
2026-08-12 19:04:51,race,357.0912,25.0841,13.2376,4.2193,-134.1438,216.9712,3.2447,48.092,71.9409,1.787820223957264,27.992899999999963,330
2026-08-12 19:04:52,race,358.8617,24.62,13.257,4.3987,-132.6301,217.5641,,,,2.0567701637474944,25.75830000000002,330
2026-08-12 19:04:53,race,358.1972,24.4023,13.0432,,-129.5541,218.2374,,,,2.046808254904284,26.205100000000016,330
2026-08-12 19:04:54,race,359.492,23.4111,13.4708,4.1314,-134.7291,218.3434,,,,2.110355652519402,23.919099999999958,330
2026-08-12 19:04:56,race,355.7332,26.1498,13.2376,2.4986,-135.2609,217.7896,,,,2.3548901976678227,30.416600000000017,330
2026-08-12 19:04:57,race,357.0606,27.0952,13.3542,3.9284,-132.246,216.9038,,,,2.4231156142530597,30.034599999999955,330
2026-08-12 19:04:58,race,0.0313,26.3217,13.3347,5.7856,-133.3765,217.6163,,,,2.550476824847522,26.290400000000005,0
2026-08-12 19:04:59,race,358.9105,27.0092,13.6069,4.8956,-139.4942,218.8971,3.2448,48.092,72.0163,2.5480148339114703,28.098700000000008,330
2026-08-12 19:05:01,race,359.1688,29.4558,13.8013,5.4196,-140.3433,219.1179,,,,2.336411157403726,30.287000000000035,330
2026-08-12 19:05:02,race,4.4701,26.2529,13.7818,,-133.9501,222.0315,,,,2.2271129016252225,21.78280000000001,0
2026-08-12 19:05:03,race,1.6563,27.4332,13.5291,5.8827,,222.4947,3.2448,48.092,72.6096,2.2615023580006426,25.776900000000012,0
2026-08-12 19:05:04,race,1.717,29.9772,13.9568,3.9719,-140.641,221.5587,,,,2.1961315586870755,28.260199999999998,0
2026-08-12 19:05:05,race,1.7083,31.1746,13.7235,3.0447,-138.2774,221.7441,,,,2.3964653979844264,29.46629999999999,0
2026-08-12 19:05:06,race,3.7779,28.4072,14.1123,4.8456,-137.9148,222.4587,,,,2.49140708837204,24.6293,0
2026-08-12 19:05:08,race,2.8701,27.9947,13.6652,5.1434,-138.1817,221.2612,,,,1.9646890586216004,25.124599999999987,0
2026-08-12 19:05:09,race,1.9838,26.3732,14.2095,5.9137,-138.5143,221.0813,,,,1.9650318677535858,24.389399999999995,0
2026-08-12 19:05:10,race,358.902,25.7258,14.9287,6.0212,-139.9403,218.0543,,,,1.9293246941147326,26.823800000000006,330
2026-08-12 19:05:11,race,0.5235,25.9951,14.3455,5.9879,-140.6625,216.7376,3.2449,48.092,71.949,2.63409625498295,25.471599999999995,0
2026-08-12 19:06:01,race,1.2492,29.3985,15.2008,7.5574,-134.9017,221.7486,,,,2.844921676092164,28.149299999999982,0
2026-08-12 19:06:02,race,1.5583,28.6479,14.8509,6.6573,-134.7083,221.539,,,,2.343033436955145,27.08959999999999,0
2026-08-12 19:06:03,race,3.7471,29.0146,15.0842,6.6075,-133.7239,222.6395,3.2454,48.092,72.934,1.9390838674870934,25.267500000000013,0
2026-08-12 19:06:05,race,2.8116,30.1204,15.1814,7.376,-133.909,222.8713,,,,1.7257851372916608,27.30879999999999,0
2026-08-12 19:06:06,race,2.292,29.2438,15.5507,8.6887,-135.4344,222.5403,,,,1.5043980122996694,26.95179999999999,0
2026-08-12 19:06:07,race,2.6747,28.6708,15.6868,,-136.6869,221.8188,3.2454,48.092,72.2844,1.4436005175263673,25.996100000000013,0
2026-08-12 19:06:08,race,3.6204,26.5681,14.8509,8.1738,-134.8159,222.678,,,,1.4421450146894075,22.947699999999998,0
2026-08-12 19:06:09,race,2.1379,26.5108,15.1231,7.8974,-138.2092,222.1561,,,,1.4719984596077353,24.372900000000016,0
2026-08-12 19:06:10,race,1.4096,25.4393,14.7732,6.9911,-131.0637,222.4744,,,,1.4963643453741893,24.02969999999999,0
2026-08-12 19:06:11,race,359.9549,25.1299,14.7343,8.0896,-135.5466,221.42,3.2455,48.092,72.7111,1.5540245494221858,25.17500000000001,330
2026-08-12 19:06:12,race,0.3007,25.4852,14.8121,7.0537,-135.8176,220.5768,,,,1.5826023602078407,25.184500000000014,0
2026-08-12 19:06:14,race,358.653,26.9347,14.9287,6.5173,-133.7307,219.17,,,,1.4840250632090264,28.2817,330
2026-08-12 19:06:15,race,358.8864,28.2239,14.5788,6.1906,-136.6552,219.0217,3.2455,48.092,72.5276,1.4564163380703121,29.337500000000034,330
2026-08-12 19:06:16,race,359.7553,26.505,14.5594,6.4224,-134.181,219.9121,,,,1.4443977579582663,26.74970000000002,330
2026-08-12 19:06:17,race,0.8553,26.6196,14.6177,7.1081,-132.2222,220.6035,,,,1.447582289227669,25.76429999999999,0
2026-08-12 19:06:18,race,2.1895,26.2014,14.6566,,-134.0453,221.167,,,,1.3800416695239373,24.011899999999997,0
2026-08-12 19:06:19,race,359.4875,26.4649,14.6954,7.0547,,221.0286,3.2455,48.092,72.6084,1.2585014468546418,26.97739999999999,330
2026-08-12 19:06:21,race,359.246,26.1211,15.0453,5.6455,-135.5945,219.4391,,,,1.2776803385372426,26.87510000000003,330
2026-08-12 19:06:22,race,359.8413,27.6624,14.8898,5.7157,-135.9147,219.9366,,,,1.3138846463955296,27.8211,330
2026-08-12 19:06:23,race,0.0235,27.4332,14.6371,6.1631,-132.9526,220.3206,3.2456,48.092,72.8136,1.4386620038079445,27.409699999999987,0
2026-08-12 19:06:24,race,2.2249,26.9634,14.2483,6.569,-134.5933,221.2233,,,,1.4000151169190487,24.738499999999988,0
2026-08-12 19:06:25,race,1.7438,27.4103,14.2289,6.9768,-128.3129,221.4796,,,,1.3646676889579847,25.666499999999985,0
2026-08-12 19:06:26,race,2.6245,26.0639,14.4622,5.7673,-136.3241,222.3164,,,,1.3373558469681326,23.439400000000006,0
2026-08-12 19:06:28,race,0.6227,25.9092,14.5205,6.6426,-138.9265,221.7774,,,,1.3489717916443966,25.28649999999999,0
2026-08-12 19:06:29,race,358.8257,25.5711,14.8315,,-140.7978,220.3067,,,,1.3576026918645232,26.745400000000018,330
2026-08-12 19:06:30,race,358.7047,25.4107,14.7343,6.2847,-139.0446,219.5809,,,,1.350759170828317,26.706000000000017,330
2026-08-12 19:06:31,race,358.6431,24.9237,14.9093,7.1853,-140.9685,219.1451,3.2457,48.092,72.2675,1.350759170828317,26.280599999999993,330
2026-08-12 19:06:33,race,357.65,26.9176,14.9676,6.3964,-141.5322,217.9658,,,,1.3396145177113936,29.267600000000016,330
2026-08-12 19:06:34,race,359.6809,27.1582,14.7926,5.9747,-140.3239,218.8778,,,,1.4246638139334127,27.477300000000014,330
2026-08-12 19:06:35,race,0.3981,27.0894,14.9676,6.536,-135.5162,219.8064,3.2457,48.092,72.7218,1.4729937138701164,26.691300000000012,0
2026-08-12 19:06:36,race,0.5787,27.0894,14.8121,6.869,-136.3254,220.0753,,,,1.8380051499882641,26.510699999999986,0
2026-08-12 19:06:37,race,359.5088,26.167,14.7732,6.4434,-136.6758,220.2042,,,,2.2114067862833684,26.658199999999965,330
2026-08-12 19:06:38,race,359.1893,25.7888,15.1036,6.6855,-137.0524,219.7666,,,,2.6968633532108237,26.599499999999978,330
2026-08-12 19:06:39,race,2.2864,26.3045,14.365,6.4517,-137.2881,218.7464,3.2457,48.092,72.7847,2.716567142116024,24.018100000000004,0
2026-08-12 19:06:51,race,350.3542,20.5233,14.365,5.947,-140.7793,210.4892,3.2459,48.092,71.3385,2.8406043578139304,30.169100000000014,330
2026-08-12 19:06:52,race,351.1042,20.9187,14.8121,5.9354,-138.9743,209.7887,,,,2.761718053212946,29.81450000000001,330
2026-08-12 19:06:53,race,351.5852,21.3942,14.7537,,-137.2769,209.1367,,,,2.4454007836109892,29.809000000000026,330
2026-08-12 19:06:54,race,353.4286,22.7292,14.3067,5.0965,,209.8496,,,,2.0906559511201555,29.300599999999974,330
2026-08-12 19:06:56,race,353.5473,20.8614,14.0345,6.3814,-134.9029,211.3258,,,,1.6766393298924267,27.314099999999996,330
2026-08-12 19:06:57,race,354.5541,20.4431,14.3455,5.4987,-139.4157,211.8478,,,,1.6539348204198032,25.88900000000001,330
2026-08-12 19:06:58,race,353.6424,21.4401,14.1123,4.719,-134.3723,213.6001,,,,1.7066888846687513,27.797699999999963,330
2026-08-12 19:06:59,race,355.7014,22.523,14.2483,4.1482,-134.2781,213.9038,3.2459,48.092,72.652,1.9766342143673568,26.821600000000046,330
2026-08-12 19:07:00,race,356.7185,22.9011,13.7041,4.7029,-131.7488,213.9784,,,,2.148477849639464,26.18259999999998,330
2026-08-12 19:07:02,race,354.1117,18.7987,13.9956,,-133.1314,212.9127,,,,2.1537755547893362,24.687000000000012,330
2026-08-12 19:07:03,race,353.5639,18.7987,13.8401,7.7189,-136.2361,210.9428,3.246,48.092,71.6429,2.1772034346491607,25.234800000000007,330
2026-08-12 19:07:07,race,352.906,19.5264,14.19,,-131.9458,210.4466,,,,2.975767729833387,26.620400000000018,330
2026-08-12 19:07:26,race,357.1148,21.8412,13.9568,6.4484,-138.9602,214.8105,,,,2.9565989483818713,24.726400000000012,330
2026-08-12 19:07:27,race,355.942,23.1074,13.8013,6.5049,-140.5108,215.564,3.2462,48.092,71.9854,2.8715331075409294,27.165399999999977,330
2026-08-12 19:07:28,race,357.4556,21.4,13.8401,,,216.1745,,,,2.8715331075409294,23.944399999999973,330
2026-08-12 19:07:29,race,356.6695,23.7147,13.7429,6.2558,-141.9174,216.8681,,,,2.651572441319971,27.045199999999966,330
2026-08-12 19:07:30,race,356.0772,24.9065,13.1404,4.8291,-139.7038,216.5358,,,,2.7608652118922294,28.82929999999999,330
2026-08-12 19:07:32,race,357.9331,21.1937,12.2462,6.4133,-138.9645,217.4714,,,,2.75989404872515,23.260599999999954,330
2026-08-12 19:07:33,race,356.4515,20.764,12.5572,8.7459,-135.9635,216.8343,,,,2.784952697655242,24.3125,330
2026-08-12 19:07:34,race,353.0524,19.6868,13.1209,7.7951,-145.5682,214.8128,,,,2.511230299120143,26.634400000000028,330
2026-08-12 19:07:35,race,352.2336,19.7556,13.2376,7.4661,-144.7002,213.173,3.2463,48.092,71.5256,2.6448417750276048,27.52199999999999,330
2026-08-12 19:07:36,race,352.0128,20.9874,13.3931,5.4738,-139.6707,212.6222,,,,2.7566249554888738,28.974599999999953,330
2026-08-12 19:07:57,race,10.8986,36.3542,14.9676,,-134.7556,229.5033,,,,2.920455739913599,25.455600000000004,0
2026-08-12 19:08:15,race,16.3229,38.8866,13.9373,8.7522,-133.4067,237.0978,3.2467,48.092,73.0667,2.3181539973234826,22.56370000000001,0
2026-08-12 19:08:16,race,15.3065,40.892,14.5399,8.0719,-138.7563,236.0778,,,,2.109952901432239,25.585499999999996,0
2026-08-12 19:08:18,race,19.0155,41.6139,14.1123,7.8579,-131.982,237.7849,,,,2.4473099609134157,22.598399999999998,0
2026-08-12 19:08:19,race,18.1698,40.2331,14.054,8.0809,-129.1791,237.6777,3.2467,48.092,72.9745,2.501032511324637,22.063299999999998,0
2026-08-12 19:08:20,race,17.1549,39.8435,14.19,6.7788,-136.8172,237.8671,,,,2.680996657379874,22.688600000000008,0
2026-08-12 19:08:23,race,16.6846,36.4,14.0928,7.4636,-132.6706,237.1071,3.2467,48.092,72.9984,2.96398063464732,19.71539999999999,0
2026-08-12 19:08:26,race,11.4623,33.1112,14.2483,7.834,-133.1733,232.8609,,,,2.861869506167124,21.648899999999998,0
2026-08-12 19:08:27,race,11.1741,35.5749,14.054,8.1062,-130.2602,231.8356,3.2468,48.092,72.8906,2.9578107907005733,24.400800000000004,0
2026-08-12 19:08:30,race,11.7178,38.1819,14.054,,-128.7919,231.0809,,,,2.849741301778325,26.464100000000002,0
2026-08-12 19:08:31,race,10.3901,37.8897,14.9481,8.5099,-131.3385,231.574,3.2468,48.092,72.6686,2.8284269471315646,27.499599999999987,0
2026-08-12 19:08:32,race,10.6242,38.5085,15.3369,9.1721,-131.5284,231.2393,,,,2.8284269471315646,27.884299999999996,0
2026-08-12 19:08:33,race,14.0794,41.6999,15.0453,8.5973,-136.25,231.3755,,,,2.741637819035315,27.620499999999993,0
2026-08-12 19:08:58,race,8.721,32.2804,13.3542,6.2858,-130.0519,228.2735,,,,2.1402627256818496,23.55940000000001,0
2026-08-12 19:09:00,race,7.9527,34.7499,13.7235,5.4013,-134.5535,228.3956,,,,1.49442991450187,26.797200000000004,0
2026-08-12 19:09:01,race,7.8251,33.2201,12.6933,5.6082,-138.9497,227.8892,,,,1.4386021427220528,25.39500000000001,0
2026-08-12 19:09:02,race,7.24,33.8389,13.2376,6.3575,-139.6756,227.4489,,,,1.471102586246197,26.598900000000015,0
2026-08-12 19:09:03,race,9.2575,34.3202,12.6738,8.8729,-136.1512,227.882,3.2471,48.092,72.6291,1.415786221800575,25.062700000000007,0
2026-08-12 19:09:05,race,5.2527,29.3469,14.054,9.0366,-136.1015,226.7345,,,,1.6130531658755172,24.0942,0
2026-08-12 19:09:06,race,4.5355,28.5333,13.879,9.5067,-133.2656,225.3498,,,,1.71178673658956,23.997800000000012,0
2026-08-12 19:09:07,race,4.3016,31.3866,13.9956,8.7872,-136.4403,224.4633,3.2472,48.092,72.4995,1.9070500325698552,27.085000000000008,0
2026-08-12 19:09:08,race,7.4473,31.8507,14.2095,8.0851,-133.4055,224.8829,,,,2.022085294590152,24.403400000000005,0
2026-08-12 19:09:10,race,6.2908,31.0085,13.8596,8.0482,-137.8433,226.0871,,,,2.1270895500420943,24.717700000000008,0
2026-08-12 19:09:11,race,6.5635,32.0169,14.4622,8.7241,-132.4372,226.2287,3.2472,48.092,73.2323,2.293084171790021,25.453399999999988,0
2026-08-12 19:09:12,race,5.5032,32.7102,14.19,,,225.9734,,,,2.6202044171614496,27.206999999999994,0
2026-08-12 19:09:13,race,6.8041,34.2801,14.365,6.251,-140.0189,226.2596,,,,2.8100798907159823,27.476,0
2026-08-12 19:09:14,race,10.4672,35.8328,14.4816,5.4281,-140.6024,227.6958,,,,2.9729330541716545,25.3656,0
2026-08-12 19:09:16,race,9.7437,37.3397,13.9373,6.3511,-136.1919,229.4867,,,,2.857941988457963,27.596000000000004,0
2026-08-12 19:09:17,race,10.8733,35.6838,14.0928,7.4797,-134.2251,230.3059,,,,2.6964657181303084,24.81049999999999,0
2026-08-12 19:09:18,race,10.4356,36.5031,13.6458,6.91,-134.8463,230.5021,,,,2.407679734543338,26.067499999999995,0
2026-08-12 19:09:19,race,10.5776,34.8015,13.5486,6.301,-134.4906,230.72,3.2473,48.092,73.741,2.3431142811686407,24.223899999999986,0
2026-08-12 19:09:21,race,11.3437,37.1735,13.5874,,-134.8336,231.0271,,,,2.159922641508687,25.829800000000006,0
2026-08-12 19:09:22,race,13.3029,38.1246,13.0432,5.477,-137.1344,232.563,,,,2.0450638845511424,24.821699999999993,0
2026-08-12 19:09:23,race,12.7347,36.1193,13.4319,5.2949,-141.8177,232.7057,3.2473,48.092,73.8204,1.6829570510819027,23.384600000000006,0
2026-08-12 19:09:24,race,12.7008,38.6632,13.6069,5.5952,-141.7732,232.9254,,,,1.8255270255608662,25.962400000000002,0
2026-08-12 19:09:25,race,11.5244,37.1047,13.6069,6.6125,-143.8075,232.1994,,,,2.4296513240395083,25.580299999999994,0
2026-08-12 19:09:26,race,11.1116,36.1364,13.4125,7.4207,-142.3404,232.2445,,,,2.8606872115124418,25.0248,0
2026-08-12 19:09:56,race,14.1128,39.8378,13.7624,5.4987,-134.5784,231.4854,,,,2.8774821400687376,25.724999999999994,0
2026-08-12 19:09:57,race,15.033,40.3706,13.4708,5.3872,-135.7792,231.3274,,,,2.4564783130550745,25.33760000000001,0
2026-08-12 19:10:00,race,15.4536,40.9206,12.9849,6.5846,-133.8055,232.7487,,,,1.75967205706166,25.466999999999985,0
2026-08-12 19:10:01,race,18.8829,38.7033,13.082,6.6645,-132.8523,235.161,,,,1.7019468703079514,19.820400000000006,0
2026-08-12 19:10:02,race,16.9502,39.1387,12.771,7.5434,-133.8757,235.7263,,,,1.7502361429030389,22.188500000000005,0
2026-08-12 19:10:03,race,17.0671,38.1303,12.6155,7.5777,-135.0798,234.732,3.2477,48.092,73.0099,1.879003798735551,21.063199999999995,0
2026-08-12 19:10:04,race,14.0287,38.073,12.6544,6.6895,-135.018,233.9119,,,,2.131477553175139,24.044299999999993,0
2026-08-12 19:10:06,race,13.8393,37.3511,12.9849,6.5118,-134.0856,232.5619,,,,2.589349006026228,23.511799999999994,0
2026-08-12 19:11:54,race,112.3187,118.4075,14.0151,-2.8411,145.2181,265.7666,,,,2.8806594013120566,6.088799999999992,90
2026-08-12 19:11:56,race,112.6813,118.1152,14.5205,-3.0555,146.153,262.8226,,,,2.80145259059673,5.433899999999994,90
2026-08-12 19:11:57,race,114.408,117.9033,13.9568,-2.0385,145.8234,263.6417,,,,2.6741319481765577,3.495299999999986,90
2026-08-12 19:11:58,race,117.4306,118.6997,13.879,-4.3288,142.1751,265.722,,,,2.665673080706966,1.2691000000000088,90
2026-08-12 19:11:59,race,117.3769,120.9056,14.0928,,142.1762,266.882,3.2488,48.092,71.768,2.7777640343117227,3.528700000000015,90
2026-08-12 19:12:00,race,118.6249,119.3528,14.2289,-4.4046,143.9001,267.8433,,,,2.9459263220532597,0.7279000000000053,90
2026-08-12 19:12:03,race,117.4677,117.9147,14.2678,-3.6722,,267.0555,3.2488,48.092,72.1666,2.2965337662441607,0.44700000000000273,90
2026-08-12 19:12:04,race,116.0846,117.7314,14.0734,-3.9768,143.5462,266.2642,,,,2.68028292787751,1.6467999999999847,90
2026-08-12 19:12:05,race,115.9349,116.6599,14.0345,-3.1851,142.0635,266.4084,,,,2.9322078293457903,0.7249999999999943,90
2026-08-12 19:12:06,race,115.0384,117.5366,13.9762,-1.8429,143.1713,266.0818,,,,2.888341310288733,2.498199999999997,90
2026-08-12 19:12:08,race,113.7354,114.4655,13.3347,-1.3223,142.1943,264.2543,,,,2.7661005009847486,0.7300999999999931,90
2026-08-12 19:12:09,race,111.4325,115.3421,12.8877,-1.1063,143.1443,262.6385,,,,2.786840788323641,3.9096000000000117,90
2026-08-12 19:12:10,race,111.6259,113.1706,13.0043,-1.7981,144.5058,262.307,,,,2.85614680400657,1.5446999999999775,90
2026-08-12 19:12:11,race,112.0972,113.3196,13.0626,-2.0441,146.8373,261.4387,3.2489,48.092,71.8435,2.8644226432799558,1.2223999999999933,90
2026-08-12 19:12:44,race,122.4045,124.9621,14.6566,-5.1418,147.1142,273.841,,,,2.950027732210244,2.557600000000008,120
2026-08-12 19:12:45,race,128.3639,124.5553,14.6954,-5.0574,147.3132,275.3844,,,,2.8033579876397487,-3.8086000000000126,120
2026-08-12 19:12:46,race,125.7434,125.9304,14.676,-6.0394,147.4741,276.8754,,,,2.538166048833413,0.18700000000001182,120
2026-08-12 19:12:47,race,123.5769,124.6928,14.4233,,145.3432,275.5129,3.2492,48.092,71.877,2.0567241272041255,1.1159000000000106,120
2026-08-12 19:12:49,race,122.0891,123.0541,14.0151,-4.1127,145.6131,272.8007,,,,1.652662016404416,0.9650000000000034,120
2026-08-12 19:12:50,race,123.8929,123.4094,14.3261,-3.6878,143.5853,272.9505,,,,1.652662016404416,-0.48349999999999227,120
2026-08-12 19:12:51,race,123.1458,124.4694,14.0734,-5.0111,146.5032,272.6093,3.2493,48.092,71.0739,1.6441508946808945,1.323599999999999,120
2026-08-12 19:12:52,race,122.6223,125.0309,14.9481,-3.2083,149.9709,271.3894,,,,1.8458179651573756,2.408600000000007,120
2026-08-12 19:12:53,race,123.1942,123.0599,14.501,-2.8073,150.2445,271.3927,,,,1.8554705381897745,-0.1342999999999961,120
2026-08-12 19:12:55,race,125.0159,125.6038,14.6954,,144.4062,274.2706,3.2493,48.092,71.3743,2.386371971309373,0.5878999999999905,120
2026-08-12 19:12:56,race,126.2741,126.0507,15.1425,-6.1757,144.9383,273.5413,,,,2.210441894521445,-0.22339999999999804,120
2026-08-12 19:12:57,race,123.9721,122.9911,14.6954,-6.0315,146.3689,,,,,2.8128920764679015,-0.9809999999999945,120
2026-08-12 19:12:58,race,122.0333,122.2978,14.5205,-5.5748,146.909,272.8324,,,,2.8128889963182284,0.2644999999999982,120
2026-08-12 19:12:59,race,122.8496,122.2692,14.365,-4.1331,148.3222,270.7716,3.2494,48.092,71.211,2.734226716349256,-0.5803999999999974,120
2026-08-12 19:13:01,race,122.444,123.2776,14.2095,-3.754,146.6241,268.8812,,,,2.7823327614684614,0.8335999999999899,120
2026-08-12 19:13:02,race,120.1837,120.2008,14.0345,-1.4059,147.0889,267.4446,,,,2.8141541309383524,0.017099999999999227,120
2026-08-12 19:13:03,race,121.8645,120.4472,13.257,-3.4189,143.2293,266.6254,3.2494,48.092,70.6676,2.7993876701297884,-1.4173000000000116,120
2026-08-12 19:13:04,race,126.1991,123.1344,13.2959,-4.4629,143.3663,269.0568,,,,2.8724029808041047,-3.064700000000016,120
2026-08-12 19:13:05,race,129.9703,126.3372,13.4125,,146.8639,272.0166,,,,2.793594310335087,-3.633100000000013,120
2026-08-12 19:13:07,race,131.3774,128.0733,13.4902,-4.97,147.2421,276.0057,3.2494,48.092,71.3934,2.916224311402474,-3.3041000000000054,120
2026-08-12 19:14:13,race,116.2186,118.0637,15.8034,-7.6315,131.1579,262.8816,,,,2.993591631843796,1.8451000000000022,90
2026-08-12 19:14:14,race,116.8837,117.8631,15.5313,-8.486,133.6645,262.7543,,,,2.9230615499426302,0.9793999999999983,90
2026-08-12 19:14:33,race,106.4577,108.2375,15.3758,-8.7094,138.1256,254.2174,,,,2.7785171767072976,1.7797999999999945,90
2026-08-12 19:14:34,race,105.5117,108.8792,15.6868,-8.427,137.2678,253.844,,,,2.7138716827729583,3.367500000000007,90
2026-08-12 19:14:35,race,101.8601,108.2948,16.6587,-7.4227,141.8015,252.9722,3.2503,48.092,71.9262,2.96239669216097,6.434699999999992,90
2026-08-12 19:14:36,race,104.4661,108.6156,16.0756,-7.2312,139.0729,252.4526,,,,2.776816188728642,4.149499999999989,90
2026-08-12 19:14:37,race,103.8641,108.352,16.095,,136.6257,253.6041,,,,2.8124111067051984,4.487900000000025,90
2026-08-12 19:14:40,race,103.4216,105.3956,16.4254,-9.0794,140.7309,252.943,,,,2.8768945636986567,1.9739999999999895,90
2026-08-12 19:14:41,race,100.026,104.582,16.6587,-5.851,141.3101,251.0298,,,,2.9241820403855603,4.555999999999983,90
2026-08-12 19:14:42,race,101.3892,107.8994,15.8423,-4.6127,139.2275,252.6702,,,,2.8751100746399336,6.5101999999999975,90
2026-08-12 19:14:44,race,101.6888,103.9575,15.4147,-7.5386,141.6743,252.7957,,,,2.9100625715456987,2.2686999999999955,90
2026-08-12 19:14:45,race,98.0343,103.8314,15.7257,-5.3904,147.5127,250.5764,,,,2.736974690731897,5.7971,90
2026-08-12 19:14:47,race,97.7961,101.5911,15.5702,-3.4533,145.217,247.6118,3.2504,48.092,70.8728,2.7015465643339387,3.795000000000016,90
2026-08-12 19:14:48,race,98.4802,100.4968,15.2786,,145.7099,247.5032,,,,2.73835504899187,2.0165999999999826,90
2026-08-12 19:14:53,race,96.7651,100.9609,15.4924,-4.9255,143.6711,246.8893,,,,2.670720670709163,4.195799999999991,90
2026-08-12 19:14:54,race,99.0774,102.2615,15.2397,-5.5347,,248.6673,,,,2.0573885560146143,3.184100000000001,90
2026-08-12 19:14:55,race,103.049,103.6423,15.3952,-5.5263,146.2977,251.2277,3.2505,48.092,72.9188,1.9386790589066119,0.5932999999999993,90
2026-08-12 19:15:56,race,150.3658,146.1558,15.3758,-8.638,98.7611,292.6313,,,,2.551279920942945,-4.210000000000008,150
2026-08-12 19:15:58,race,156.1191,150.3327,15.3563,-8.4232,98.9439,293.3654,,,,2.690732304037662,-5.786400000000015,150
2026-08-12 19:15:59,race,157.0907,151.2838,14.8898,-8.0961,98.3172,296.2162,3.2511,48.092,69.139,2.650579183819031,-5.806899999999985,150
2026-08-12 19:16:01,race,158.4776,153.5813,15.3175,-9.4742,108.1365,303.6127,,,,2.4964367895658004,-4.8962999999999965,150
2026-08-12 19:16:02,race,156.6438,153.3464,14.9481,,102.5505,305.4852,,,,2.636549393797749,-3.2974000000000103,150
2026-08-12 19:16:03,race,155.2226,152.7391,15.162,-9.9911,102.002,302.169,3.2511,48.092,68.9248,2.7865755585795586,-2.4834999999999923,150
2026-08-12 19:16:04,race,154.5455,151.2723,14.9093,-9.4889,99.2516,299.0082,,,,2.7086685318046406,-3.2732000000000028,150
2026-08-12 19:16:06,race,153.9356,151.576,14.4816,-6.3932,87.832,294.2319,,,,2.6198574708819757,-2.3596000000000004,150
2026-08-12 19:16:07,race,153.4008,151.0317,14.5205,-5.5773,81.3887,193.7605,3.2512,48.092,68.8535,2.474255084555439,-2.369100000000003,150
2026-08-12 19:16:08,race,150.4543,150.0978,14.4622,-8.1536,90.1636,191.665,,,,2.907566466621404,-0.3564999999999827,150
2026-08-12 19:16:49,race,154.2076,152.6875,16.0172,,92.606,291.9326,,,,2.8226598978992765,-1.5201000000000136,150
2026-08-12 19:16:50,race,153.7086,153.4037,15.3369,-8.0143,93.8164,293.0587,,,,2.3078047522910166,-0.3049000000000035,150
2026-08-12 19:16:51,race,148.5475,150.579,15.92,-6.1392,92.6794,292.9798,3.2516,48.092,68.6696,2.3078047522910166,2.031499999999994,120
2026-08-12 19:16:53,race,148.6572,150.7165,15.4535,-6.6428,99.9897,288.5999,,,,2.2597715765770467,2.0593000000000075,120
2026-08-12 19:16:54,race,148.2898,148.2757,15.8423,-6.8371,103.7692,289.0933,,,,2.5134626494939813,-0.014100000000013324,120
2026-08-12 19:16:55,race,146.6073,146.6772,15.92,-6.5762,103.6384,287.6386,3.2516,48.092,69.1733,2.5424022909082638,0.06989999999998986,120
2026-08-12 19:16:56,race,148.3751,146.5569,15.8812,-5.8068,107.0704,288.1418,,,,2.739463903376607,-1.8181999999999903,120
2026-08-12 19:16:57,race,145.9817,145.4683,15.4924,-5.558,103.8696,287.2331,,,,2.6644678720909396,-0.5133999999999901,120
2026-08-12 19:16:58,race,150.58,148.3732,15.6479,-7.3602,108.3835,287.3946,,,,2.6556924457540863,-2.2068000000000154,150
2026-08-12 19:16:59,race,149.1801,147.3934,15.4147,-7.0229,112.2943,289.2173,3.2517,48.092,68.9994,2.7055639439919394,-1.7866999999999962,120
2026-08-12 19:17:00,race,150.5337,148.3674,15.5896,-6.2343,109.9979,289.59,,,,2.7136710127743764,-2.1663000000000068,150
2026-08-12 19:17:02,race,150.7362,147.6455,14.676,,97.5263,291.2212,,,,2.8954888469866993,-3.0906999999999982,150
2026-08-12 19:17:06,race,155.2908,148.8143,14.1512,-3.8398,101.9601,294.4979,,,,2.892979740711504,-6.476499999999987,150
2026-08-12 19:17:07,race,151.1127,145.2964,13.6263,-2.9467,103.0739,292.4958,3.2517,48.092,68.3838,2.8015474196858627,-5.816299999999984,150
2026-08-12 19:17:08,race,150.7847,148.6367,13.9373,-5.5213,95.9604,290.4092,,,,2.5936203063840737,-2.147999999999996,150
2026-08-12 19:17:10,race,154.3078,150.178,14.4622,-7.9012,99.5414,292.8938,,,,2.4374057594982923,-4.129799999999989,150
2026-08-12 19:17:11,race,154.9441,151.1004,14.6177,,100.1734,293.9757,3.2518,48.092,69.4718,2.4495188732007342,-3.843699999999984,150
2026-08-12 19:17:12,race,154.3898,150.1493,14.4622,-6.5237,97.8622,294.3062,,,,2.4739737540553297,-4.240499999999997,150
2026-08-12 19:17:13,race,155.8758,152.4583,14.5594,-7.2294,95.1013,294.268,,,,2.5140939149202364,-3.4174999999999898,150
2026-08-12 19:17:16,race,152.0159,151.7135,15.473,-5.349,98.2892,293.2277,,,,2.4570716443437073,-0.30239999999997735,150
2026-08-12 19:17:17,race,149.7821,149.8915,15.6674,-4.8723,100.3247,291.376,,,,2.445626559903755,0.10939999999999372,120
2026-08-12 19:17:18,race,147.7292,148.3502,15.3175,,97.5735,289.1537,,,,2.4283098965879946,0.6210000000000093,120
2026-08-12 19:17:19,race,153.6353,148.333,15.3369,-5.6359,96.5552,290.9774,3.2518,48.092,69.2021,2.3891613656422157,-5.3023000000000025,150
2026-08-12 19:17:20,race,151.8291,150.4931,15.0453,-4.1734,98.9688,292.2991,,,,2.3218559907742145,-1.3360000000000127,150
2026-08-12 19:17:22,race,149.9134,149.3013,14.676,-4.2457,99.9923,290.1332,,,,2.3028910412272023,-0.6120999999999981,120
2026-08-12 19:17:23,race,149.9905,145.3422,14.2483,-5.4807,94.3897,290.194,3.2519,48.092,68.6865,2.2742891011705204,-4.648300000000006,120
2026-08-12 19:17:24,race,151.9553,148.3445,14.1123,-7.1592,97.6102,291.8612,,,,2.413538220370921,-3.6107999999999834,150
2026-08-12 19:17:25,race,153.1481,150.9056,14.2678,-7.9767,98.2901,292.7449,,,,2.954380127554922,-2.242500000000007,150
2026-08-12 19:17:59,race,154.865,152.762,16.1922,-11.8201,89.3833,205.4266,3.2522,48.092,68.9773,2.986299855734504,-2.1030000000000086,150
2026-08-12 19:18:00,race,155.0149,154.3548,16.4838,-10.7357,88.7817,204.8483,,,,2.9106371217838007,-0.6600999999999999,150
2026-08-12 19:18:01,race,155.5474,153.9194,16.7365,-10.6238,89.5504,202.5938,,,,2.9116378244234613,-1.6280000000000143,150
2026-08-12 19:18:02,race,152.0468,152.0745,16.5615,-9.6459,91.1593,291.8409,,,,2.8942595610672535,0.02770000000001005,150
2026-08-12 19:18:04,race,149.6019,150.2123,16.406,-6.6149,88.7903,290.6139,,,,2.8741753297278576,0.6103999999999985,120
2026-08-12 19:18:05,race,149.742,150.7452,15.6479,-7.0174,92.2209,289.702,,,,2.930590890939797,1.003200000000021,120
2026-08-12 19:18:06,race,150.2357,150.6077,15.473,,88.5408,289.8628,,,,2.8945865741392147,0.3719999999999857,150
2026-08-12 19:18:07,race,150.0258,148.2471,15.2591,-6.6099,91.3668,199.1818,3.2523,48.092,68.5921,2.333183604040961,-1.7787000000000148,150
2026-08-12 19:18:08,race,152.3248,150.1264,14.3455,-7.8365,93.7725,290.0495,,,,2.3511163233107384,-2.198400000000021,150
2026-08-12 19:18:10,race,152.8839,150.7165,15.2397,-7.7466,94.4557,291.6666,,,,2.362826706708026,-2.167400000000015,150
2026-08-12 19:18:11,race,152.8249,150.8999,15.3175,-8.7194,93.297,292.322,3.2523,48.092,68.6256,2.3324264921663516,-1.9250000000000114,150
2026-08-12 19:18:12,race,154.0305,152.3036,15.2786,-8.4216,91.9558,293.0292,,,,2.1551019801712403,-1.7269000000000005,150
2026-08-12 19:18:13,race,154.2912,153.6214,15.3952,-8.5973,92.0689,293.8881,,,,2.1397581680673783,-0.6698000000000093,150
2026-08-12 19:18:14,race,151.1532,150.7738,15.7257,,97.2404,293.3702,,,,2.1397581680673783,-0.37940000000000396,150
2026-08-12 19:18:15,race,150.9962,148.7398,15.3952,-8.2401,94.9341,292.2443,3.2524,48.092,68.9292,2.1809806652598356,-2.256399999999985,150
2026-08-12 19:18:16,race,149.8755,148.3273,15.6479,-8.5254,95.4094,291.8661,,,,2.525976761947977,-1.54819999999998,120
2026-08-12 19:18:18,race,149.8254,149.2097,15.6674,-7.0768,92.7476,289.637,,,,2.6774944372586442,-0.6157000000000039,120
2026-08-12 19:18:19,race,147.8149,144.689,15.2591,,94.6585,288.5097,3.2524,48.092,68.6235,2.7520235472490695,-3.1259000000000015,120
2026-08-12 19:18:20,race,146.6747,144.4427,14.7926,-4.9913,92.3152,287.1477,,,,2.6747750342993366,-2.2319999999999993,120
2026-08-12 19:18:21,race,147.6973,149.181,14.4233,-5.7217,93.984,288.6499,,,,2.663483131933195,1.483699999999999,120
2026-08-12 19:18:22,race,153.5807,150.3957,13.8401,-6.6055,96.2804,291.7888,,,,2.8453776287325976,-3.1850000000000023,150
2026-08-12 19:18:23,race,150.2489,147.7544,13.879,-4.7347,97.1108,292.8478,3.2525,48.092,68.4537,2.955973172921335,-2.494499999999988,150
2026-08-12 19:18:32,race,156.132,152.3151,13.8401,-8.8681,,295.4119,,,,2.987533224678832,-3.816900000000004,150
2026-08-12 19:18:56,race,186.956,177.594,8.9417,-5.87,64.9274,227.8589,,,,2.5263193656022067,-9.361999999999995,180
2026-08-12 19:18:57,race,186.739,177.594,9.1749,-5.2592,61.5213,227.7502,,,,2.376016058134279,-9.14500000000001,180
2026-08-12 19:18:58,race,185.3707,181.4099,8.7278,-6.0335,60.7619,227.275,,,,2.376016058134279,-3.960800000000006,180
2026-08-12 19:18:59,race,185.8431,181.0031,9.1944,-5.0767,61.8607,226.1606,3.2528,48.092,66.4981,2.6188937505310474,-4.840000000000003,180
2026-08-12 19:19:22,race,204.2437,198.1403,9.2332,,37.7593,254.7727,,,,1.5224857371618896,-6.1033999999999935,180
2026-08-12 19:19:23,race,204.342,198.1403,9.622,-9.0883,37.3537,253.7795,3.253,48.092,64.7588,1.2638617809232173,-6.201700000000017,180
2026-08-12 19:19:24,race,204.4507,201.1712,9.1166,-9.4865,36.591,253.8117,,,,1.3848546662853753,-3.279500000000013,180
2026-08-12 19:19:25,race,204.5101,201.1598,8.9611,-7.8907,35.4352,254.2964,,,,1.362741827655062,-3.3503000000000043,180
2026-08-12 19:19:27,race,203.2461,200.9077,9.5248,-10.7278,40.1601,253.7646,3.2531,48.092,64.9813,1.4285768818431201,-2.338400000000007,180
2026-08-12 19:19:28,race,205.1882,201.9848,9.7192,-10.3479,38.1919,254.5608,,,,1.8399651569235689,-3.203399999999988,180
2026-08-12 19:19:29,race,205.3105,199.6242,9.2138,-10.7544,39.2284,255.2589,,,,2.195940253971882,-5.686299999999989,180
2026-08-12 19:19:30,race,204.5098,203.1594,9.4665,,39.2954,254.4268,,,,2.2627014936328025,-1.3504000000000076,180
2026-08-12 19:19:31,race,206.8295,206.6544,9.7775,-11.7967,35.9524,254.7647,3.2531,48.092,64.6987,2.391138718327584,-0.17509999999998627,180
2026-08-12 19:19:32,race,208.3425,208.3332,9.8553,-10.3046,35.2443,256.0612,,,,2.356704985018264,-0.00929999999999609,180
2026-08-12 19:19:34,race,208.4809,207.1013,8.8833,-9.8291,34.5824,258.3719,,,,2.387225293772139,-1.3795999999999822,180
2026-08-12 19:19:35,race,206.2619,208.0524,9.2721,-9.4932,34.0412,258.025,3.2531,48.092,64.226,2.390049406224913,1.7905000000000086,180
2026-08-12 19:19:37,race,203.8864,200.3977,8.7667,-8.9569,,251.1891,,,,2.388668997420209,-3.488700000000023,180
2026-08-12 19:19:38,race,200.4152,199.8248,9.0583,-9.9045,35.9682,247.9889,,,,2.380123349629889,-0.5903999999999883,180
2026-08-12 19:19:39,race,199.6795,198.8851,9.2527,-10.096,38.463,245.5022,3.2532,48.092,64.8544,2.3759859197235964,-0.794399999999996,180
2026-08-12 19:19:41,race,201.4532,201.4233,9.5248,-11.8385,44.3286,246.2966,,,,2.4627779181221725,-0.029899999999997817,180
2026-08-12 19:19:43,race,202.7599,200.8733,9.6414,-12.1467,43.3526,248.8945,3.2532,48.092,64.7753,2.2047321013392125,-1.8865999999999872,180
2026-08-12 19:19:44,race,203.9237,199.7445,9.5443,-11.5649,43.4629,251.1714,,,,2.1601866854836134,-4.179200000000009,180
2026-08-12 19:19:45,race,203.6715,204.0016,9.4859,,40.5791,252.5145,,,,1.90799143502653,0.3300999999999874,180
2026-08-12 19:19:47,race,204.154,207.0784,9.0389,-9.809,36.8901,253.0368,3.2533,48.092,64.8715,1.8311993887878046,2.9243999999999915,180
2026-08-12 19:19:48,race,204.6867,204.4199,9.2332,-10.4157,37.9165,253.6564,,,,1.83146084520896,-0.26679999999998927,180
2026-08-12 19:19:49,race,204.9907,202.7526,9.4276,-10.6837,34.7692,253.8872,,,,1.621418475074457,-2.238100000000003,180
2026-08-12 19:19:50,race,205.7534,204.2022,8.7862,-10.6422,34.1819,254.549,,,,1.2659207821844811,-1.5511999999999944,180
2026-08-12 19:19:52,race,206.1449,207.0555,8.4946,,32.5084,255.9793,,,,1.0284729513238096,0.9105999999999881,180
2026-08-12 19:19:53,race,205.4221,206.4768,8.9611,-9.4429,34.1095,255.5141,,,,0.9225031765316735,1.0546999999999969,180
2026-08-12 19:19:54,race,205.3087,207.1472,9.0194,-10.5317,32.3466,255.5685,,,,0.7622928454470177,1.8385000000000105,180
2026-08-12 19:19:55,race,205.5994,207.1586,9.2138,-10.0462,32.0336,255.6531,3.2533,48.092,63.8937,0.7230033357203306,1.5592000000000041,180
2026-08-12 19:19:56,race,204.7624,206.5685,8.5529,-10.2156,32.0888,255.4998,,,,0.7307470124876198,1.8060999999999865,180
2026-08-12 19:19:58,race,203.9782,205.7205,8.9417,-10.7147,36.1034,254.3979,,,,1.1654858146050247,1.7423000000000002,180
2026-08-12 19:19:59,race,204.4994,206.4023,9.0583,-9.2424,32.5754,254.5432,3.2534,48.092,63.5595,1.173981616911193,1.9028999999999883,180
2026-08-12 19:20:00,race,206.2003,205.2335,8.9611,,33.8544,255.3723,,,,1.3688535334067626,-0.9668000000000063,180
2026-08-12 19:20:01,race,205.6875,204.9527,8.2613,-9.4576,32.6764,255.4639,,,,1.546972054172185,-0.734800000000007,180
2026-08-12 19:20:02,race,205.4235,207.6227,8.3002,-10.0067,34.8607,255.8091,,,,1.5228108354049152,2.199200000000019,180
2026-08-12 19:20:04,race,204.5651,205.2621,9.311,-9.6516,33.4296,255.2372,,,,1.5653129868940663,0.6970000000000027,180
2026-08-12 19:20:05,race,205.5234,205.0444,8.2613,-9.9209,33.902,255.298,,,,1.6013478698600219,-0.4790000000000134,180
2026-08-12 19:20:06,race,206.7324,209.9718,8.689,-10.4063,34.6008,255.8534,,,,1.5976276767329365,3.239399999999989,180
2026-08-12 19:20:07,race,208.6641,207.3935,9.0389,-10.5306,34.9424,256.7121,3.2534,48.092,63.512,1.5753214708452872,-1.2706000000000017,180
2026-08-12 19:20:08,race,208.0906,207.1472,8.6501,-10.0273,31.0479,257.5066,,,,1.5831406750093258,-0.9433999999999969,180
2026-08-12 19:20:10,race,208.8642,212.7736,8.8833,-8.4275,30.8198,258.7927,,,,1.413669152176505,3.9093999999999767,180
2026-08-12 19:20:11,race,209.0366,212.2923,8.3974,-7.855,30.3086,258.9808,3.2535,48.092,63.3389,1.4517344727909463,3.2557000000000187,180
2026-08-12 19:20:12,race,205.0886,209.1697,8.8833,-7.5912,30.627,256.7124,,,,1.4348414304534698,4.081099999999992,180
2026-08-12 19:20:13,race,204.4491,208.1556,8.2613,-7.5543,31.6202,255.4949,,,,1.41993744394816,3.7065000000000055,180
2026-08-12 19:20:14,race,205.5859,208.1613,8.5918,-7.0973,31.2607,255.4422,,,,1.480359310736156,2.575400000000002,180
2026-08-12 19:20:16,race,205.9808,207.3706,8.5918,-8.8903,37.084,256.1656,,,,1.7653821621491443,1.3898000000000081,180
2026-08-12 19:20:17,race,206.9491,210.8141,8.4946,-8.8485,37.9425,257.2068,,,,1.813687937373027,3.865000000000009,180
2026-08-12 19:20:18,race,207.9552,211.2839,9.0194,,35.7522,257.7032,,,,1.760317662563697,3.3286999999999978,180
2026-08-12 19:20:19,race,206.2649,207.2216,8.514,-8.9769,41.2591,257.0211,3.2536,48.092,64.0533,1.7500016007002825,0.9566999999999837,180
2026-08-12 19:20:20,race,207.1946,207.6857,8.9222,-9.7176,38.0028,257.0548,,,,2.001503894988854,0.49109999999998877,180
2026-08-12 19:20:22,race,206.4431,211.1922,8.6306,-8.8697,36.1528,256.6697,,,,2.4468494469879523,4.749100000000027,180
2026-08-12 19:20:35,race,198.659,198.2778,10.2635,-11.6486,44.6387,247.6674,3.2537,48.092,64.3428,2.996963476133973,-0.38119999999997844,180
2026-08-12 19:20:39,race,196.8808,199.0054,10.7106,-9.9755,40.0691,247.7216,3.2538,48.092,64.5585,2.9285464251014925,2.124600000000015,180
2026-08-12 19:20:40,race,195.9451,198.7591,10.2829,-8.8801,40.0654,246.6902,,,,2.58707385547672,2.813999999999993,180
2026-08-12 19:20:41,race,194.6242,198.7419,10.3218,-9.7511,39.8436,246.2797,,,,2.390223535510713,4.117699999999985,180
2026-08-12 19:20:43,race,197.7587,202.0879,10.5745,-10.9913,43.0292,247.2235,3.2538,48.092,64.1143,2.4793288540821927,4.329199999999986,180
2026-08-12 19:20:44,race,198.3979,201.9218,10.3607,-9.8736,41.9469,247.9075,,,,2.474886404159765,3.5238999999999976,180
2026-08-12 19:20:45,race,195.3569,197.8022,10.8466,-9.0263,40.8016,246.8313,,,,2.4374512314002263,2.445300000000003,180
2026-08-12 19:20:46,race,193.9651,195.6422,10.73,-9.5136,40.9825,245.67,,,,2.336276147749892,1.6770999999999958,180
2026-08-12 19:20:47,race,192.329,194.8343,10.3607,-9.0974,43.2732,241.9061,3.2538,48.092,64.5182,2.143820083259415,2.5053000000000054,180
2026-08-12 19:20:48,race,191.8653,194.3587,10.6911,-9.8354,43.9949,239.7478,,,,2.3619348859479476,2.4934000000000083,180
2026-08-12 19:20:50,race,192.3543,192.5253,11.0021,,46.9935,239.9697,,,,2.5412591911589852,0.17099999999999227,180
2026-08-12 19:20:51,race,193.2428,195.2468,10.4384,-10.8002,44.1845,242.1766,3.2539,48.092,64.4228,2.6104238958499604,2.004000000000019,180
2026-08-12 19:20:52,race,193.5447,190.1131,10.6134,-9.9427,41.3702,243.1481,,,,2.70674669949732,-3.431600000000003,180
2026-08-12 19:20:53,race,192.3165,194.9432,10.3801,-10.036,42.5392,242.8934,,,,2.6988539619017944,2.6266999999999996,180
2026-08-12 19:20:55,race,195.6303,195.0807,10.419,-12.4644,46.1685,,3.2539,48.092,64.4317,2.6020796268831186,-0.5495999999999981,180
2026-08-12 19:20:56,race,197.0025,193.0696,11.4881,-13.6216,45.9484,244.9958,,,,2.6772103990900376,-3.9328999999999894,180
2026-08-12 19:20:58,race,199.7629,199.7331,11.1188,,43.8348,247.9097,,,,2.627421226463694,-0.029799999999994498,180
2026-08-12 19:20:59,race,199.2738,199.1601,10.7106,-13.2502,40.0457,249.0934,3.2539,48.092,64.2971,2.462304668910427,-0.11369999999999436,180
2026-08-12 19:21:00,race,198.6992,199.1716,11.0021,-10.7567,40.3415,249.2083,,,,2.4634370363001254,0.4724000000000217,180
2026-08-12 19:21:02,race,198.455,198.1059,10.9244,-10.1893,40.5306,248.3861,,,,2.4883832507518515,-0.3491000000000213,180
2026-08-12 19:21:03,race,198.1517,198.358,10.9244,-10.0208,40.2831,247.6772,3.254,48.092,64.0956,2.407592006323788,0.20629999999999882,180
2026-08-12 19:21:04,race,196.973,199.6643,10.3412,-10.7389,,247.7542,,,,2.008125036105806,2.691299999999984,180
2026-08-12 19:21:05,race,196.7805,199.0627,10.2052,,42.6192,246.9237,,,,1.6988396288153753,2.2822000000000173,180
2026-08-12 19:21:07,race,198.3502,198.7304,10.8272,-10.0108,47.3168,247.1124,3.254,48.092,64.0756,1.4337878505216006,0.3802000000000021,180
2026-08-12 19:21:08,race,198.0804,198.4439,10.3024,-9.8935,50.0078,245.109,,,,1.4188559419324351,0.36350000000001614,180
2026-08-12 19:21:09,race,198.7322,195.5677,10.3024,-9.9247,49.2105,245.5277,,,,1.418424114579888,-3.164500000000004,180
2026-08-12 19:21:10,race,199.0949,197.1949,10.1663,-11.8537,50.3286,246.9523,,,,1.4329213608222626,-1.9000000000000057,180
2026-08-12 19:21:11,race,201.1365,200.7816,10.3995,-12.5107,46.737,249.9781,3.2541,48.092,64.1138,1.4664683975970412,-0.35490000000001487,180
2026-08-12 19:21:12,race,202.1994,204.185,10.2635,-11.0917,46.5796,249.9781,,,,1.4451596706409253,1.9856000000000051,180
2026-08-12 19:21:13,race,201.3053,203.675,10.2635,-11.7535,46.1931,251.7881,,,,1.472447732358134,2.369700000000023,180
2026-08-12 19:21:14,race,200.4041,200.8504,10.1274,-11.7113,47.1496,251.3107,,,,1.7094319608590975,0.4463000000000079,180
2026-08-12 19:21:16,race,199.8089,198.2549,11.1382,-11.8005,46.0735,250.3488,,,,2.2341835163168615,-1.554000000000002,180
2026-08-12 19:21:17,race,200.0637,198.7934,11.0604,-12.4692,46.5089,249.9908,,,,2.584383241856033,-1.2703000000000202,180
2026-08-12 19:21:18,race,200.4195,200.3404,10.9633,-13.7467,45.8528,250.0284,,,,2.5645220690079458,-0.07910000000001105,180
2026-08-12 19:21:19,race,198.8422,200.6097,10.7494,-12.9169,41.632,249.0259,3.2541,48.092,64.1636,2.83318593648179,1.7675000000000125,180
2026-08-12 19:22:12,race,203.8283,204.7407,10.9049,,38.5155,253.2117,,,,2.2841389399062373,0.912399999999991,180
2026-08-12 19:22:13,race,203.8888,203.6063,11.0993,-10.7432,38.9397,253.5919,,,,1.8335304966413446,-0.28249999999999886,180
2026-08-12 19:22:14,race,204.0636,205.3366,11.2937,-12.1359,39.5568,253.6996,,,,1.6959054108117637,1.2729999999999961,180
2026-08-12 19:22:15,race,205.0019,204.6663,11.4687,-12.3362,40.0067,254.4979,3.2547,48.092,64.028,1.3984933208117583,-0.33559999999999945,180
2026-08-12 19:22:16,race,204.0855,204.8897,11.3326,-10.6057,37.9408,254.4355,,,,1.5468886327365339,0.8042000000000087,180
2026-08-12 19:22:17,race,203.1242,205.0673,11.2937,-9.0365,36.9923,253.6727,,,,1.3482922700567195,1.943099999999987,180
2026-08-12 19:22:18,race,200.2909,204.6319,11.5853,-9.6301,37.9773,251.8419,,,,1.3301805939498481,4.341000000000008,180
2026-08-12 19:22:20,race,201.2911,201.2113,11.5658,-11.0272,41.0922,251.3587,,,,1.4297802964849562,-0.07980000000000587,180
2026-08-12 19:22:21,race,201.635,202.5692,11.5075,,41.9384,251.2177,,,,1.448474309958175,0.9342000000000041,180
2026-08-12 19:22:22,race,202.1794,204.1735,11.7019,-12.0725,41.5473,252.1405,,,,1.4103785440651921,1.994100000000003,180
2026-08-12 19:22:23,race,202.7206,202.2885,12.149,-11.4997,42.2798,252.4679,3.2547,48.092,64.0243,1.4223645443582706,-0.43209999999999127,180
2026-08-12 19:22:24,race,204.169,202.8786,11.8185,-12.1669,42.6322,253.085,,,,1.4626741909425978,-1.2904000000000053,180
2026-08-12 19:22:26,race,206.0107,207.9722,11.5075,-10.9421,40.319,255.3306,,,,1.4950887910754789,1.9614999999999725,180
2026-08-12 19:22:27,race,204.2223,207.1414,11.6242,-9.8864,39.7212,254.391,3.2548,48.092,63.8599,1.4982419534835996,2.9191000000000145,180
2026-08-12 19:22:28,race,203.979,206.6773,11.8185,-8.1629,37.6341,253.8126,,,,1.5411604596350563,2.698299999999989,180
2026-08-12 19:22:29,race,201.5214,200.8618,11.4298,-9.3104,39.0081,252.2823,,,,1.3464584770636994,-0.6596000000000117,180
2026-08-12 19:22:31,race,202.2623,204.609,11.6825,-9.9416,40.9618,252.1908,3.2548,48.092,64.392,1.2425264881073284,2.3466999999999985,180
2026-08-12 19:22:32,race,202.8104,204.4772,11.527,-10.2517,40.9192,251.5001,,,,1.1455838582196483,1.6668000000000234,180
2026-08-12 19:22:33,race,204.1961,206.7117,11.4103,-8.9601,41.1192,,,,,1.080514662817615,2.5156000000000063,180
2026-08-12 19:22:34,race,204.8123,208.5051,11.352,-8.5779,40.4577,251.3868,,,,1.0759180782731874,3.6928000000000054,180
2026-08-12 19:22:35,race,205.2261,207.0211,11.352,-8.278,39.9753,252.184,3.2549,48.092,63.8808,1.0750521902467327,1.7949999999999875,180
2026-08-12 19:22:36,race,204.5017,208.1269,11.2354,,39.7354,252.8088,,,,1.0515428766351285,3.6252000000000066,180
2026-08-12 19:22:37,race,204.1851,206.1502,11.1965,-8.1223,40.5307,252.387,,,,0.9310442991147954,1.9651000000000067,180
2026-08-12 19:22:39,race,203.3009,201.9046,10.8855,-7.4847,43.6975,249.2439,3.2549,48.092,63.9336,0.9675975298821359,-1.396300000000025,180
2026-08-12 19:22:40,race,203.0649,202.3802,11.1382,-8.2132,44.0044,248.356,,,,0.8306863835516214,-0.6846999999999923,180
2026-08-12 19:22:41,race,204.9358,207.2961,10.8272,-7.2252,,248.8707,,,,0.8144540621953086,2.360299999999995,180
2026-08-12 19:22:42,race,203.3852,205.8523,10.6911,-7.9403,41.9348,248.1883,,,,0.7232400785136203,2.4671000000000163,180
2026-08-12 19:22:43,race,203.8854,209.3932,10.4773,,42.8711,248.4222,3.2549,48.092,63.8665,0.6738366999975625,5.507800000000003,180
2026-08-12 19:22:45,race,204.099,207.3305,10.3412,-6.7356,41.4357,248.6879,,,,0.7304449275454538,3.231500000000011,180
2026-08-12 19:22:46,race,203.3853,205.709,10.4384,-6.3454,39.7943,249.0241,,,,0.6850916954850298,2.3237000000000023,180
2026-08-12 19:22:47,race,203.0088,204.6892,10.244,-6.8125,39.8738,249.3012,3.255,48.092,63.852,1.2299274095454953,1.6803999999999917,180
2026-08-12 19:22:48,race,202.8078,205.371,10.2246,-6.7815,37.6976,249.4702,,,,1.5216921510227337,2.5632000000000232,180
2026-08-12 19:22:50,race,204.4364,209.1926,10.0691,-6.6618,38.6519,250.0676,,,,1.6449759317854808,4.756200000000007,180
2026-08-12 19:22:51,race,204.2534,208.9921,9.2916,,36.8493,250.3445,3.255,48.092,63.5781,1.6326485915779247,4.738699999999994,180
2026-08-12 19:22:52,race,203.8107,208.0983,9.6609,-6.68,37.9595,250.5114,,,,1.6786243771332687,4.287599999999998,180
2026-08-12 19:22:53,race,204.0114,207.9321,9.7775,-5.8618,36.9271,250.4352,,,,1.6822122268867565,3.9206999999999823,180
2026-08-12 19:22:54,race,204.0228,206.1216,9.5054,-4.4699,38.0601,248.9442,,,,1.672511471271504,2.0988000000000113,180
2026-08-12 19:22:55,race,205.4508,207.3133,9.2527,-4.4196,39.5363,248.3032,3.255,48.092,63.5351,1.6254291922760074,1.8625000000000114,180
2026-08-12 19:22:57,race,208.2641,211.6162,8.514,-3.3552,33.4414,251.8868,,,,1.5867980279769454,3.3520999999999788,180
2026-08-12 19:22:58,race,207.9409,211.7251,7.8531,-2.0093,33.9947,250.8932,,,,1.523094050097295,3.7841999999999985,180
2026-08-12 19:22:59,race,207.7064,213.2377,7.2116,-1.2873,29.3144,249.7409,3.2551,48.092,62.8497,1.4320481944033385,5.5312999999999874,180
2026-08-12 19:23:00,race,205.2461,209.164,7.0756,,29.6229,249.7121,,,,1.4320481944033385,3.9178999999999746,180
2026-08-12 19:23:01,race,203.3124,205.6116,7.0756,-3.7145,30.8878,248.8704,,,,1.5467312994383384,2.2992000000000132,180
2026-08-12 19:23:03,race,203.3064,204.9126,7.7559,-5.2553,30.9388,251.4069,3.2551,48.092,63.7543,1.5479064875459456,1.6062000000000012,180
2026-08-12 19:23:04,race,204.9394,205.7377,7.8726,-5.742,31.2628,253.7211,,,,1.7481466790674256,0.7982999999999834,180
2026-08-12 19:23:05,race,204.7613,205.5371,8.0864,,29.5759,254.4435,,,,1.7694981421243197,0.7758000000000038,180
2026-08-12 19:23:06,race,204.8486,206.2018,8.6306,-5.8533,31.8864,254.606,,,,1.8522679872530194,1.3531999999999869,180
2026-08-12 19:23:07,race,205.1934,206.6716,8.4557,-5.8048,31.0033,255.2435,3.2552,48.092,63.6977,1.8267370055338465,1.4782000000000153,180
2026-08-12 19:23:08,race,204.7864,205.0559,8.8445,-7.5336,33.3281,,,,,1.6972728123637353,0.26950000000002206,180
2026-08-12 19:23:09,race,205.2056,204.8668,8.825,-7.9138,34.5706,255.2296,,,,1.5753523886866323,-0.338799999999992,180
2026-08-12 19:23:11,race,207.7627,210.7339,7.5615,-6.1659,28.1125,256.5186,3.2552,48.092,63.6119,1.6803721873773243,2.9712000000000103,180
2026-08-12 19:23:12,race,206.9836,211.1349,8.3585,,28.0218,257.0079,,,,1.8289104312224265,4.151299999999992,180
2026-08-12 19:23:13,race,204.3386,211.1349,8.3196,-6.2932,30.1547,256.6087,,,,1.899762201672629,6.796299999999974,180
2026-08-12 19:23:14,race,201.674,201.2285,8.2808,-8.175,30.9585,254.6222,,,,1.9498766037319502,-0.4455000000000098,180
2026-08-12 19:23:16,race,203.0646,207.4107,9.1555,-9.1926,31.245,252.9246,,,,2.2783873857208223,4.3460999999999785,180
2026-08-12 19:23:17,race,203.8975,205.5085,9.0,-8.9256,30.1062,253.9632,,,,2.5909348076651804,1.61099999999999,180
2026-08-12 19:23:18,race,203.5933,205.2449,9.1749,-7.8616,29.2513,254.274,,,,2.722119289723825,1.651600000000002,180
2026-08-12 19:23:23,race,201.0993,202.7698,9.9136,-9.3305,30.9754,251.4668,3.2553,48.092,64.1268,2.680428731868256,1.670500000000004,180
2026-08-12 19:23:25,race,201.1508,204.3912,9.7581,-8.2912,30.7248,251.0408,,,,2.529618014114471,3.240399999999994,180
2026-08-12 19:23:26,race,199.0849,203.698,9.6803,-8.3727,32.1056,250.1987,,,,2.529618014114471,4.613100000000003,180
2026-08-12 19:23:27,race,197.7648,201.2572,9.7192,-8.3716,33.9847,248.914,3.2554,48.092,64.4012,2.3971708431879377,3.4924000000000035,180
2026-08-12 19:23:28,race,198.4934,200.4378,10.2246,,34.7946,248.6521,,,,2.1774944797517386,1.9444000000000017,180
2026-08-12 19:23:30,race,196.3464,199.9451,10.5745,-7.9379,35.0738,245.9962,,,,1.9350899882866497,3.598700000000008,180
2026-08-12 19:23:31,race,195.9556,198.7591,10.4384,-8.7475,36.1679,245.291,3.2554,48.092,64.6423,1.9052892132690233,2.8034999999999854,180
2026-08-12 19:23:32,race,195.8865,198.6559,10.4967,-8.5422,35.6912,244.9504,,,,1.901057737499697,2.7693999999999903,180
2026-08-12 19:23:33,race,198.8237,201.3889,10.9438,-9.6522,36.7946,247.804,,,,1.885844912406061,2.5652000000000044,180
2026-08-12 19:23:34,race,197.3709,198.0142,10.9827,-10.189,36.2664,247.3373,,,,1.8477441109513495,0.6432999999999822,180
2026-08-12 19:23:35,race,200.4574,199.3263,11.1576,-10.4287,37.4986,247.8124,3.2554,48.092,64.4477,1.7998801631603913,-1.1311000000000035,180
2026-08-12 19:23:37,race,199.4399,201.8129,11.2937,-10.857,37.5754,249.8737,,,,1.811867459427014,2.373000000000019,180
2026-08-12 19:23:38,race,200.9436,203.824,11.1576,-10.4459,37.6122,250.262,,,,1.7981016121730529,2.8804000000000087,180
2026-08-12 19:23:39,race,201.1429,203.3886,11.6436,-10.0789,37.0806,250.6623,3.2555,48.092,64.4149,1.822079406205453,2.2456999999999994,180
2026-08-12 19:23:40,race,200.5543,204.4657,11.4103,-9.769,36.2064,250.7227,,,,1.865053052694543,3.911399999999986,180
2026-08-12 19:23:41,race,201.3761,200.7415,11.2743,-10.0876,37.1147,250.8028,,,,1.744786894094042,-0.634600000000006,180
2026-08-12 19:23:43,race,200.7203,199.9909,11.2548,-10.5125,37.4977,,3.2555,48.092,64.4007,1.4964672959132117,-0.7293999999999983,180
2026-08-12 19:23:44,race,200.2989,201.6983,11.527,-9.6333,36.9277,250.3991,,,,1.7107180960923125,1.3993999999999858,180
2026-08-12 19:23:45,race,199.7024,200.3462,11.0799,,35.9606,250.5739,,,,1.721217476340145,0.6437999999999988,180
2026-08-12 19:23:46,race,200.3614,202.9588,10.9244,-8.2748,39.2086,250.598,,,,2.140283259072183,2.5973999999999933,180
2026-08-12 19:23:48,race,200.3763,201.1827,11.1576,-9.978,,249.1381,,,,2.2515375994408076,0.8064000000000249,180
2026-08-12 19:23:49,race,200.8827,202.7354,11.1382,-10.3437,41.2438,248.5179,,,,2.290409282553337,1.8526999999999987,180
2026-08-12 19:23:50,race,202.0058,205.3939,11.4492,-9.9593,38.4068,250.8413,,,,2.26883630173383,3.3881000000000085,180
2026-08-12 19:23:51,race,201.6626,204.2136,11.5464,-10.314,37.8772,251.3385,3.2556,48.092,64.2633,2.2707181909810505,2.551000000000016,180
2026-08-12 19:23:53,race,204.8355,207.1128,11.663,-10.5383,39.0689,253.3361,,,,2.2405176848212576,2.2772999999999968,180
2026-08-12 19:23:54,race,204.7773,206.5627,10.8078,,34.8632,254.2727,,,,2.2654162411620176,1.7854000000000099,180
2026-08-12 19:23:55,race,205.1544,207.193,11.2743,-10.3869,34.6577,254.5191,3.2556,48.092,63.4446,2.238109945227275,2.0386000000000024,180
2026-08-12 19:23:56,race,207.0234,206.9524,11.1382,-10.9328,36.0889,255.5828,,,,2.126741350687644,-0.07099999999999795,180
2026-08-12 19:23:57,race,206.0396,208.0352,10.8272,-8.8704,33.4652,255.8395,,,,2.130987938248953,1.995599999999996,180
2026-08-12 19:23:58,race,204.2934,209.7083,10.244,-7.3753,32.2455,254.4139,,,,2.2976628398296652,5.414900000000017,180
2026-08-12 19:24:00,race,202.78,202.9015,10.0302,-7.9163,34.6296,253.2099,,,,2.3976838842926465,0.1214999999999975,180
2026-08-12 19:24:01,race,200.5177,204.5402,10.7689,-8.2936,35.2575,251.6253,,,,2.376400841236644,4.022500000000008,180
2026-08-12 19:24:02,race,200.6258,202.8557,10.6522,,36.2642,251.231,,,,2.2636310931115804,2.229900000000015,180
2026-08-12 19:24:03,race,201.775,203.7151,10.419,-8.645,36.4153,251.5535,3.2557,48.092,64.0526,2.2106956860500153,1.940100000000001,180
2026-08-12 19:24:05,race,204.5272,205.6804,10.6717,-7.6678,35.745,253.4498,,,,2.3111310592019647,1.1531999999999982,180
2026-08-12 19:24:06,race,204.3729,203.5891,10.0302,-8.976,35.7719,253.8995,,,,2.3402604776883478,-0.7837999999999852,180
2026-08-12 19:24:07,race,206.1511,205.7606,10.9244,-9.0728,36.8358,254.914,3.2557,48.092,63.1994,2.2860115160474077,-0.39050000000000296,180
2026-08-12 19:24:08,race,207.7443,210.4016,10.3412,-9.7456,37.4372,256.3997,,,,2.285311847754847,2.6572999999999922,180
2026-08-12 19:24:09,race,208.1728,211.2667,10.3995,-9.0655,35.5327,257.637,,,,2.351161890711718,3.0938999999999908,180
2026-08-12 19:24:10,race,207.9356,209.588,10.2635,,35.2153,258.0487,,,,2.332888413928174,1.6524,180
2026-08-12 19:24:11,race,206.8142,208.9176,10.108,-8.2948,35.1387,257.4801,3.2558,48.092,63.6498,2.3183652319850485,2.1033999999999935,180
2026-08-12 19:24:12,race,205.6936,208.5337,10.244,-7.6377,34.6104,256.1893,,,,2.1287772238905034,2.8401000000000067,180
2026-08-12 19:24:13,race,205.7702,209.3874,10.7494,-8.1739,37.0466,255.7746,,,,1.9873219015232142,3.6172000000000253,180
2026-08-12 19:24:15,race,203.1346,207.766,10.6717,-8.6193,36.4429,253.9553,3.2558,48.092,64.6638,2.062475087575564,4.631399999999985,180
2026-08-12 19:24:16,race,203.2788,206.6315,11.0216,-8.1746,36.8486,253.4736,,,,2.122165719679779,3.3526999999999987,180
2026-08-12 19:24:17,race,203.8521,205.6747,10.6134,-8.6915,37.7494,253.5948,,,,2.2710969704087836,1.8225999999999942,180
2026-08-12 19:24:18,race,203.0917,205.4168,10.8272,-9.6778,38.3198,253.0935,,,,2.2989566518402444,2.325099999999992,180
2026-08-12 19:24:21,race,203.2193,204.7178,12.3434,-12.1706,39.2931,,,,,1.7101451758795083,1.498500000000007,180
2026-08-12 19:24:22,race,203.7348,204.523,11.6242,-9.7523,37.1651,252.9439,,,,1.4676779717512805,0.7881999999999891,180
2026-08-12 19:24:23,race,202.2807,203.8527,11.7214,-8.2455,34.4214,253.5459,3.2559,48.092,64.3466,1.3377023313370406,1.5720000000000027,180
2026-08-12 19:24:25,race,200.941,202.1051,11.4103,-8.9176,37.1695,252.0585,,,,1.0911726390277239,1.1640999999999906,180
2026-08-12 19:24:27,race,201.1928,204.2365,11.5658,-9.1729,37.9653,251.3273,,,,1.127201643276045,3.043700000000001,180
2026-08-12 19:24:30,race,202.3718,199.9164,11.6047,,39.4396,251.2024,,,,1.6678090001176114,-2.4553999999999974,180
2026-08-12 19:24:31,race,200.7481,203.8183,11.4687,-11.0882,38.6692,251.3655,3.256,48.092,64.3187,1.6870120724849298,3.0702,180
2026-08-12 19:24:33,race,201.0308,203.5547,11.6436,-10.3622,39.3449,251.2183,,,,1.8070294577958368,2.5238999999999976,180
2026-08-12 19:24:34,race,202.6598,204.2365,11.8963,-10.7854,40.0126,251.9235,,,,1.8043753525265442,1.5767000000000166,180
2026-08-12 19:24:35,race,204.2905,206.7919,11.663,-10.6974,40.2088,253.1454,3.256,48.092,63.9494,1.745063951272438,2.5013999999999896,180
2026-08-12 19:24:36,race,202.7635,206.3507,11.527,-10.8465,40.0288,253.1957,,,,1.646787037619214,3.5871999999999957,180
2026-08-12 19:24:37,race,203.976,205.4741,12.1684,-11.2253,41.2511,253.3025,,,,1.5956344065084098,1.4980999999999938,180
2026-08-12 19:24:38,race,205.8818,207.1815,11.5658,,41.787,253.6762,,,,1.5250896913561505,1.2997000000000014,180
2026-08-12 19:24:40,race,206.5228,208.7572,11.7602,-10.6029,40.6273,255.2903,,,,1.5219459477227435,2.234400000000022,180
2026-08-12 19:24:41,race,204.1251,206.1273,11.7602,-10.4729,40.8266,253.8971,,,,1.6161003522244357,2.0021999999999878,180
2026-08-12 19:24:42,race,204.9464,206.1903,12.635,-9.9833,40.4658,252.9431,,,,1.611552643868624,1.2438999999999965,180
2026-08-12 19:24:44,race,202.3641,204.8267,11.838,-9.1018,38.6111,252.0576,,,,1.6873507398913394,2.4625999999999806,180
2026-08-12 19:24:45,race,202.8044,206.2705,11.8963,-9.2083,37.455,251.4518,,,,1.6611141334630122,3.4661000000000115,180
2026-08-12 19:24:46,race,203.4478,207.5712,11.5075,-8.6959,,252.1972,,,,1.705214633617261,4.123400000000004,180
2026-08-12 19:24:47,race,203.0248,205.6918,11.7797,-9.4949,35.676,252.7175,3.2561,48.092,63.7535,1.6346527318585766,2.6670000000000016,180
2026-08-12 19:24:48,race,204.4472,203.2682,11.216,-9.4769,36.5504,253.2898,,,,1.6327820038391718,-1.179000000000002,180
2026-08-12 19:24:50,race,204.9787,207.468,10.8272,,33.2884,254.9173,,,,1.6484638416475648,2.489299999999986,180
2026-08-12 19:24:51,race,206.2541,209.4619,10.3024,-8.879,34.2163,255.7936,3.2562,48.092,63.6526,1.6575588825434502,3.20780000000002,180
2026-08-12 19:24:52,race,207.1502,211.1464,10.8661,-8.8919,33.7643,,,,,1.6520303903700013,3.9961999999999875,180
2026-08-12 19:24:53,race,208.2352,211.685,10.6134,-7.8731,33.5836,256.6345,,,,1.6536616911898931,3.4498000000000104,180
2026-08-12 19:24:54,race,206.4473,210.7052,10.3412,-6.8998,31.952,257.55,,,,1.6109040902528817,4.257899999999978,180
2026-08-12 19:24:56,race,206.5611,210.3156,10.3024,,32.4693,256.7837,,,,1.394851979749737,3.754499999999979,180
2026-08-12 19:24:57,race,206.1111,209.2385,10.244,-7.4256,31.8664,256.763,,,,1.3247282839516406,3.1273999999999944,180
2026-08-12 19:24:58,race,204.0217,205.8294,10.0497,-6.9247,33.1295,256.1311,,,,1.1806545259241668,1.8076999999999828,180
2026-08-12 19:24:59,race,203.5505,205.9439,9.9913,-7.7807,35.5892,254.7507,3.2562,48.092,63.8615,1.1534334673101674,2.393400000000014,180
2026-08-12 19:25:00,race,206.4366,208.5452,10.1857,-8.9057,37.7562,254.1834,,,,1.1627405096996264,2.1085999999999956,180
2026-08-12 19:25:02,race,205.7719,208.7801,10.3995,-8.4435,38.5833,255.8492,,,,1.5242411091374495,3.0082000000000164,180
2026-08-12 19:25:03,race,205.4484,208.4764,10.3412,-8.5571,38.9685,255.6366,3.2563,48.092,64.0051,1.609085742835753,3.02800000000002,180
2026-08-12 19:25:04,race,204.6355,210.2411,11.0216,,38.9523,255.5758,,,,1.431592115501605,5.605599999999981,180
2026-08-12 19:25:05,race,204.586,208.5452,9.9525,-7.6961,38.3698,254.3572,,,,1.4644098327862545,3.9591999999999814,180
2026-08-12 19:25:07,race,204.6537,208.4019,10.6717,-7.5699,40.9199,254.1497,3.2563,48.092,63.856,1.4144044084383152,3.7482000000000255,180
2026-08-12 19:25:08,race,205.6927,209.4275,10.0302,-8.2744,41.8298,254.9402,,,,1.3771196740908693,3.734800000000007,180
2026-08-12 19:25:09,race,205.0931,210.0234,10.3024,-7.9029,40.4862,255.2441,,,,1.4169787115162407,4.930300000000017,180
2026-08-12 19:25:10,race,204.2763,208.5108,10.3607,-7.0234,40.833,254.293,,,,1.4832089946414946,4.234499999999997,180
2026-08-12 19:25:11,race,202.6863,204.2365,10.8466,,41.7711,252.4579,3.2563,48.092,64.1943,1.3379858786912833,1.550200000000018,180
2026-08-12 19:25:12,race,202.0188,205.583,10.5939,-8.0016,43.2928,251.5966,,,,1.366691046478818,3.5641999999999996,180
2026-08-12 19:25:13,race,202.0087,204.4084,11.2548,-7.9895,44.4612,250.6834,,,,1.314536092742283,2.3996999999999957,180
2026-08-12 19:25:15,race,202.33,204.5517,11.352,-7.3754,44.128,249.5735,3.2564,48.092,64.1537,1.3052590294690989,2.2216999999999985,180
2026-08-12 19:25:16,race,203.0077,203.4172,10.6134,-8.0688,44.9382,250.2176,,,,1.311447417227318,0.4095000000000084,180
2026-08-12 19:25:17,race,202.6034,205.2793,10.9049,-7.0362,42.629,250.1584,,,,1.276623526324491,2.675900000000013,180
2026-08-12 19:25:18,race,202.5411,207.5139,10.6522,-7.0582,42.7216,249.9833,,,,1.2700869580632415,4.9728000000000065,180
2026-08-12 19:25:21,race,203.6041,206.1158,11.0021,-9.3192,43.7567,251.7423,,,,1.11146143023184,2.511700000000019,180
2026-08-12 19:25:22,race,205.5448,207.829,11.1382,-9.1456,41.2813,254.0845,,,,1.102896739964627,2.2841999999999985,180
2026-08-12 19:25:23,race,204.9794,206.5799,11.2937,-8.9161,39.8449,254.5426,3.2565,48.092,63.6485,1.071384762639091,1.600500000000011,180
2026-08-12 19:25:24,race,205.0097,206.9581,11.1576,-8.5594,39.4808,254.6885,,,,1.0650378663423188,1.9483999999999924,180
2026-08-12 19:25:26,race,204.7287,208.8832,11.1382,-8.0918,41.3399,254.7047,,,,1.0553026575441402,4.1544999999999845,180
2026-08-12 19:25:27,race,204.019,209.2213,11.0216,,39.2924,254.3354,3.2565,48.092,63.3914,1.1019209657623694,5.202300000000008,180
2026-08-12 19:25:28,race,202.841,206.8836,10.4579,-8.1623,39.7078,253.4173,,,,1.1127217850748785,4.042599999999993,180
2026-08-12 19:25:30,race,203.0629,206.1731,10.5162,-8.8979,40.7074,253.0518,,,,1.1328536277431183,3.110199999999992,180
2026-08-12 19:25:31,race,203.1429,206.6544,11.1576,-8.7096,39.1441,252.7374,3.2565,48.092,63.8768,1.1308723639092528,3.5115000000000123,180
2026-08-12 19:25:32,race,203.6464,205.2392,10.9438,-9.1127,39.0811,252.864,,,,1.155566811245607,1.592800000000011,180
2026-08-12 19:25:33,race,202.5516,206.5456,10.7883,-8.5398,38.1667,252.7693,,,,1.0096941908870882,3.9939999999999998,180
2026-08-12 19:25:34,race,202.0944,206.7805,10.9438,-8.192,37.7112,252.243,,,,0.9326579752237814,4.686099999999982,180
2026-08-12 19:25:36,race,202.5081,206.5857,11.216,,39.9113,252.0012,,,,0.9710768554433592,4.07759999999999,180
2026-08-12 19:25:37,race,202.0208,205.3137,11.0021,-8.4307,39.355,251.669,,,,0.8934785459106717,3.292900000000003,180
2026-08-12 19:25:38,race,202.3668,204.6032,10.9438,-8.9571,40.4047,252.1479,,,,0.8564261463553822,2.236399999999975,180
2026-08-12 19:25:39,race,202.1493,205.0616,10.7689,-9.0165,40.6844,252.4566,3.2566,48.092,63.7062,0.9863485676014554,2.9122999999999877,180
2026-08-12 19:25:41,race,202.1051,206.5054,11.216,-9.0755,42.2236,251.5633,,,,2.2796031715579717,4.400300000000016,180
2026-08-12 19:26:36,race,197.7801,197.573,11.527,-8.8074,39.1978,247.8413,,,,1.954240903768537,-0.20709999999999695,180
2026-08-12 19:26:37,race,199.4676,199.9737,10.5162,,39.226,249.0968,,,,1.124830228540888,0.5061000000000035,180
2026-08-12 19:26:38,race,198.9255,199.2976,10.7883,-8.1298,37.8292,249.1111,,,,1.2086302491585994,0.372099999999989,180
2026-08-12 19:26:39,race,197.9568,201.028,10.1468,-9.9406,39.4168,248.5178,3.2572,48.092,64.1007,1.4588380085497161,3.0712000000000046,180
2026-08-12 19:26:40,race,198.9271,196.9313,10.5745,-10.5428,37.931,248.5716,,,,1.6198428299716452,-1.9958000000000027,180
2026-08-12 19:26:41,race,199.5048,197.7105,10.8661,-10.4207,37.5917,249.0992,,,,1.6475074442904611,-1.7942999999999927,180
2026-08-12 19:26:43,race,198.7431,196.4042,11.0216,-9.1355,36.1218,248.7889,3.2572,48.092,64.5329,2.069088386536258,-2.3388999999999953,180
2026-08-12 19:26:44,race,198.5433,198.8679,10.3995,-9.7021,37.2578,248.5136,,,,2.0239740434367897,0.3246000000000038,180
2026-08-12 19:26:45,race,196.876,198.0944,10.6522,-10.4435,37.3297,247.2642,,,,1.9708581337759201,1.2184000000000026,180
2026-08-12 19:26:46,race,197.608,198.0429,10.5356,-10.2993,37.4314,247.2754,,,,1.965358429233072,0.43489999999999895,180
2026-08-12 19:26:47,race,197.4145,198.0257,10.73,-10.6054,37.4284,247.1652,3.2573,48.092,64.2085,1.9669402946944516,0.6111999999999966,180
2026-08-12 19:26:48,race,196.3781,197.1834,10.4773,-10.3583,39.006,246.4561,,,,1.9218287111420038,0.8053000000000168,180
2026-08-12 19:26:49,race,194.6448,197.1605,10.419,-10.372,38.9287,,,,,1.9694657733110401,2.5157000000000096,180
2026-08-12 19:26:50,race,195.1626,194.9775,10.5939,-10.2848,38.9813,245.6454,,,,2.1808218526569494,-0.1851000000000056,180
2026-08-12 19:26:52,race,192.5493,192.0325,11.0799,-10.4067,43.8377,244.1404,,,,2.3038271272441886,-0.5167999999999893,180
2026-08-12 19:26:53,race,193.7748,192.8118,11.1382,-11.5094,44.436,243.1891,,,,2.3038271272441886,-0.9629999999999939,180
2026-08-12 19:26:54,race,194.483,194.6911,11.4298,-12.4307,44.083,242.85,,,,2.42665771349383,0.20810000000000173,180
2026-08-12 19:26:55,race,197.2931,194.6223,11.6825,-11.0308,42.9107,244.4215,3.2573,48.092,64.5183,2.523620780780405,-2.670800000000014,180
2026-08-12 19:26:56,race,196.5919,195.9057,11.5464,-9.5878,41.1718,245.5688,,,,2.6766681748103847,-0.6862000000000137,180
2026-08-12 19:26:57,race,196.0211,193.505,11.4298,-10.7282,,246.2049,,,,2.754205018837522,-2.5160999999999945,180
2026-08-12 19:26:59,race,199.5936,197.9397,11.352,-11.3634,42.3175,246.8424,3.2574,48.092,64.0843,2.9941741431234394,-1.6539000000000215,180
2026-08-12 19:27:00,race,200.986,200.0769,11.041,-11.0185,41.1182,249.0775,,,,2.880754020486148,-0.9090999999999951,180
2026-08-12 19:27:01,race,200.3307,199.269,11.1382,,39.6227,250.0982,,,,2.794877543158985,-1.0617000000000019,180
2026-08-12 19:27:02,race,199.9709,198.0257,11.3909,-9.6647,37.6785,250.1802,,,,2.7324815306870196,-1.9451999999999998,180
2026-08-12 19:27:04,race,200.7317,200.2487,10.8272,-9.7567,35.9591,250.1516,,,,1.9481806186344197,-0.48299999999997567,180
2026-08-12 19:27:05,race,200.4408,199.9565,10.9633,-10.8818,38.1382,249.9317,,,,1.6221074316041344,-0.4842999999999904,180
2026-08-12 19:27:06,race,201.2084,201.2514,10.6522,-10.0641,36.662,250.8826,,,,1.5295799100342469,0.042999999999977945,180
2026-08-12 19:27:08,race,201.792,199.4008,10.419,-8.8533,36.8775,251.2668,,,,0.9516814553805741,-2.3911999999999978,180
2026-08-12 19:27:09,race,200.804,198.6788,10.4579,-8.1862,35.4874,250.9477,,,,0.9254032234672063,-2.1252000000000066,180
2026-08-12 19:27:10,race,199.1606,198.146,9.797,-9.4384,37.6446,249.731,,,,0.9441639216671142,-1.0146000000000015,180
2026-08-12 19:27:11,race,199.9797,197.7564,9.797,,38.3565,249.6733,3.2575,48.092,63.792,0.9689430622313115,-2.2232999999999947,180
2026-08-12 19:27:12,race,199.8763,202.363,10.0302,-9.526,40.486,249.7924,,,,1.184774845890973,2.4867000000000132,180
2026-08-12 19:27:13,race,198.161,196.0547,10.5551,-9.5838,43.7726,249.2247,,,,1.6987363681202903,-2.1063000000000045,180
2026-08-12 19:27:14,race,198.2262,200.2831,10.0691,-10.2445,44.32,247.0583,,,,1.9231908824820805,2.0568999999999846,180
2026-08-12 19:27:16,race,199.2484,197.9684,10.7494,-11.7354,47.206,247.2723,,,,2.1812255317122315,-1.2800000000000011,180
2026-08-12 19:27:17,race,200.3465,200.7816,10.5356,-11.2287,44.6281,249.1541,,,,2.331884459738037,0.4351000000000056,180
2026-08-12 19:27:18,race,200.5303,198.8737,10.7106,-10.7694,42.7266,249.8894,,,,2.331884459738037,-1.6565999999999974,180
2026-08-12 19:27:19,race,200.2192,200.2831,10.9049,,45.6026,250.2403,3.2576,48.092,64.2904,2.5210797277038486,0.06389999999998963,180
2026-08-12 19:27:21,race,201.3703,203.4917,11.1771,-11.6205,45.6222,251.1597,,,,2.7137523091159585,2.1214000000000226,180
2026-08-12 19:27:22,race,203.0338,204.4657,11.1771,-11.8239,45.6324,252.7776,,,,2.787602592889748,1.4318999999999846,180
2026-08-12 19:27:23,race,205.5069,205.6002,11.0993,-11.5977,44.7036,254.6206,3.2576,48.092,63.3607,2.7543654959680466,0.09329999999999927,180
2026-08-12 19:27:24,race,204.9322,207.5941,10.419,-11.1943,43.0593,255.0813,,,,2.5050865743822075,2.661900000000003,180
2026-08-12 19:27:25,race,204.6861,208.3676,10.6328,-10.0751,40.7467,254.9664,,,,2.248814294903375,3.6814999999999998,180
2026-08-12 19:27:26,race,203.5954,205.0845,10.0302,-10.9695,39.7496,,,,,2.1961738768617374,1.4890999999999792,180
2026-08-12 19:27:27,race,204.862,206.8435,10.1857,-11.0756,,254.2893,3.2576,48.092,63.6128,1.938793116701951,1.9815000000000111,180
2026-08-12 19:27:29,race,205.6399,208.3848,9.6414,-9.8198,37.614,254.6427,,,,1.5641393796004035,2.7449000000000012,180
2026-08-12 19:27:30,race,205.8735,206.5054,9.9719,-8.9572,35.5371,255.4385,,,,1.2898049635562054,0.6319000000000017,180
2026-08-12 19:27:31,race,205.5362,205.159,9.5054,-9.4881,36.1207,255.6982,3.2577,48.092,63.6433,1.2891665569397193,-0.3772000000000162,180
2026-08-12 19:27:32,race,206.17,207.9608,9.7192,-8.6858,36.6572,255.7439,,,,1.1245278018498608,1.7908000000000186,180
2026-08-12 19:27:33,race,205.0917,206.2992,9.7775,-8.5869,36.1138,256.0764,,,,1.126760734583011,1.2075000000000102,180
2026-08-12 19:27:34,race,204.0638,203.8469,9.8164,-8.0323,37.3753,255.4509,,,,1.1300953233787008,-0.21689999999998122,180
2026-08-12 19:27:37,race,203.3658,204.7694,9.6026,-9.3412,42.8375,253.2183,,,,1.2285656993681395,1.403599999999983,180
2026-08-12 19:27:38,race,203.3044,205.0387,9.5054,-9.6003,41.2852,252.5209,,,,1.2605928348930042,1.7343000000000188,180
2026-08-12 19:27:39,race,203.5085,203.0849,9.7386,-9.2656,40.4073,252.1981,3.2578,48.092,64.0928,1.2559178134816567,-0.4235999999999933,180
2026-08-12 19:27:41,race,202.9886,206.2018,9.7581,-7.3454,39.4208,251.534,,,,1.1024569277231597,3.2132000000000005,180
2026-08-12 19:27:42,race,203.1344,203.8756,10.2635,-8.1992,41.6838,250.8685,,,,1.0385950939512405,0.7411999999999921,180
2026-08-12 19:27:43,race,202.9993,205.0902,9.8941,-8.5545,40.9559,250.9248,3.2578,48.092,63.8046,0.8950196701910595,2.090900000000005,180
2026-08-12 19:27:44,race,202.9518,206.6716,9.797,-8.6616,39.8324,251.1554,,,,0.7326608412498835,3.7198000000000206,180
2026-08-12 19:27:45,race,202.5266,205.7778,9.8747,-9.6304,41.8462,250.6136,,,,0.8191611488989641,3.2512000000000114,180
2026-08-12 19:27:46,race,202.8144,203.5604,9.4471,,40.0114,249.6689,,,,0.8191611488989641,0.7459999999999809,180
2026-08-12 19:27:48,race,202.3816,203.887,9.4471,-8.1838,38.6839,249.7171,,,,0.8411528092674031,1.5054000000000087,180
2026-08-12 19:27:49,race,202.6144,203.2568,9.5637,-7.8899,37.2209,252.0012,,,,0.8381746260356953,0.6424000000000092,180
2026-08-12 19:27:50,race,202.1739,200.3519,9.4665,-8.2956,38.9125,251.7985,,,,0.8082367618791467,-1.8220000000000027,180
2026-08-12 19:27:51,race,202.4706,204.6032,9.2332,-8.7084,40.9718,249.6893,3.2579,48.092,64.013,0.9083507094170026,2.1325999999999965,180
2026-08-12 19:27:52,race,201.6216,200.5524,9.5831,-8.7913,40.3852,248.0304,,,,2.126286393971182,-1.069199999999995,180
2026-08-12 19:27:53,race,200.7665,205.497,9.0777,-8.6771,38.9043,246.8104,,,,2.4818744423265375,4.730500000000006,180
2026-08-12 19:27:55,race,200.5308,201.79,9.8747,-8.9961,37.3375,247.5242,3.2579,48.092,64.3757,2.508867773743745,1.2591999999999928,180
2026-08-12 19:28:01,race,200.4907,199.8591,9.6414,-7.4917,39.3883,244.9659,,,,2.1134831971982235,-0.6315999999999917,180
2026-08-12 19:28:02,race,194.5948,196.7079,9.8747,-8.413,38.4461,243.7038,,,,1.9782384502157422,2.113100000000003,180
2026-08-12 19:28:03,race,196.2127,195.6823,10.0302,-9.9115,40.1916,243.6101,3.258,48.092,64.4423,1.8983453011724891,-0.5304000000000144,180
2026-08-12 19:28:04,race,198.6996,200.8847,10.2246,-9.607,41.2355,244.4824,,,,1.8626797044870764,2.1851000000000056,180
2026-08-12 19:28:06,race,199.6744,200.0826,10.4967,-10.6832,38.9351,248.912,,,,1.7703932264793658,0.4082000000000221,180
2026-08-12 19:28:07,race,200.1716,203.2912,10.6717,-10.4327,38.1048,249.7436,3.258,48.092,64.0497,1.7703932264793658,3.1195999999999913,180
2026-08-12 19:28:08,race,200.3909,202.8385,10.6328,-9.8448,39.3774,250.1284,,,,1.7420362874036077,2.4476000000000226,180
2026-08-12 19:28:09,race,201.6803,204.099,10.73,-9.022,38.8254,250.6075,,,,1.911727362954322,2.418700000000001,180
2026-08-12 19:28:10,race,200.4916,202.6437,10.5551,,38.2677,249.4975,,,,2.0837043370352135,2.15209999999999,180
2026-08-12 19:28:12,race,200.2329,202.5635,10.6328,-8.1479,37.8999,248.8341,,,,2.471404109284238,2.330600000000004,180
2026-08-12 19:28:13,race,199.0938,203.2396,10.1663,-8.6081,38.3408,248.9359,,,,2.3779955377054334,4.145800000000008,180
2026-08-12 19:28:14,race,199.6747,201.9905,10.5162,-8.9858,39.2928,248.6176,,,,2.3308240292229487,2.315799999999996,180
2026-08-12 19:28:15,race,199.6995,203.761,10.5162,-8.8807,38.0151,248.6815,3.2581,48.092,63.8783,2.4671480759427786,4.061499999999995,180
2026-08-12 19:28:16,race,199.5526,201.9046,10.4384,-8.3243,38.1706,248.6996,,,,2.6317991288401146,2.3519999999999754,180
2026-08-12 19:28:18,race,200.659,205.1017,10.7494,-9.5167,41.5544,250.0191,,,,2.740402325623257,4.442700000000002,180
2026-08-12 19:28:19,race,203.1388,205.7549,11.041,,41.8093,251.1806,3.2581,48.092,63.7673,2.8372978953444323,2.6160999999999888,180
2026-08-12 19:28:20,race,203.6903,203.3026,11.0021,-9.3985,41.8343,251.9527,,,,2.9224855639001204,-0.38769999999999527,180
2026-08-12 19:28:21,race,205.5374,205.5142,11.4881,-10.7256,41.9155,253.3902,,,,2.947544841030622,-0.023200000000002774,180
2026-08-12 19:28:23,race,205.7456,205.8637,10.9633,-8.4565,38.4572,255.2762,3.2582,48.092,63.8995,2.8834745863524844,0.11809999999999832,180
2026-08-12 19:28:24,race,205.6266,208.9978,10.5939,-9.8875,38.9851,255.5083,,,,2.6894415542518164,3.371200000000016,180
2026-08-12 19:28:25,race,206.0408,209.714,10.3412,-10.3854,,255.8093,,,,2.614575105741992,3.6732000000000085,180
2026-08-12 19:28:26,race,206.5659,209.0035,10.6717,-9.7018,40.3364,256.3178,,,,2.449653682301763,2.4376000000000033,180
2026-08-12 19:28:27,race,206.1786,209.8744,9.933,-9.4898,40.1772,255.9106,3.2582,48.092,63.8936,2.30597643373463,3.6958000000000197,180
2026-08-12 19:28:29,race,206.6248,207.7258,10.5745,-8.7561,37.8757,256.1405,,,,2.140175294128458,1.100999999999999,180
2026-08-12 19:28:30,race,206.304,209.5421,10.6328,-9.0783,36.5323,256.3131,,,,1.9845831751073233,3.238100000000003,180
2026-08-12 19:28:31,race,206.7304,210.2641,10.6717,-9.6174,36.5571,256.6028,3.2583,48.092,63.7179,1.893332267452069,3.5337000000000103,180
2026-08-12 19:28:32,race,206.2835,204.8954,10.73,-9.7018,36.2131,256.6742,,,,1.9823831119940978,-1.3881000000000085,180
2026-08-12 19:28:33,race,206.8952,207.3592,10.7689,-8.8414,33.7457,256.9785,,,,2.06129850683906,0.46399999999999864,180
2026-08-12 19:28:35,race,208.9642,208.4936,9.5248,-10.4317,34.5227,257.5349,3.2583,48.092,63.3086,2.220480661292109,-0.4706000000000188,180
2026-08-12 19:28:36,race,209.2973,210.6078,10.7689,-10.9296,34.9224,258.3749,,,,2.180133430625358,1.3104999999999905,180
2026-08-12 19:28:37,race,211.1704,215.4379,9.311,-8.9063,32.5829,259.216,,,,2.339492488246156,4.2675000000000125,210
2026-08-12 19:29:07,race,279.5593,301.8685,6.1814,4.797,-39.9633,231.4367,3.2586,48.092,63.5316,2.820014130272433,22.309199999999976,270
2026-08-12 19:29:08,race,276.9496,297.2677,6.0259,3.6832,-36.3217,228.7622,,,,2.5626498842907957,20.318100000000015,270
2026-08-12 19:29:09,race,276.3493,295.9843,6.2203,3.982,-37.2272,227.181,,,,2.4133870799792936,19.63499999999999,270
2026-08-12 19:29:10,race,277.7391,302.8941,5.9482,3.8774,-40.8667,226.6535,,,,2.533173534836866,25.154999999999973,270
2026-08-12 19:29:11,race,280.8862,303.4786,6.6285,4.7027,-39.4397,227.7911,3.2586,48.092,63.0836,2.66301279798272,22.592399999999998,270
2026-08-12 19:29:12,race,279.6373,302.6936,6.9395,,-44.102,230.2042,,,,2.737619594596949,23.05630000000002,270
2026-08-12 19:29:16,race,276.6741,297.9724,8.0086,5.2324,-42.8633,230.1646,,,,2.8838624158124366,21.298299999999983,270
2026-08-12 19:29:25,race,271.2726,300.6768,7.3672,7.5426,-39.2396,222.1972,,,,2.7265312601193177,29.404200000000003,270
2026-08-12 19:29:27,race,271.6712,294.5232,7.7948,5.3592,-37.2474,221.7191,3.2588,48.092,65.5052,2.002601973128505,22.851999999999975,270
2026-08-12 19:29:28,race,268.5461,297.3021,7.6199,5.6311,-35.8384,219.7231,,,,1.94182528818743,28.755999999999972,240
2026-08-12 19:29:29,race,271.0301,295.841,7.5032,3.6169,-33.2587,220.45,,,,1.902934553583729,24.810900000000004,270
2026-08-12 19:29:30,race,269.5282,298.6371,7.2116,5.5032,-34.4725,220.0842,,,,1.909837525689341,29.10889999999995,240
2026-08-12 19:29:31,race,269.6865,299.7658,7.4255,5.4739,-33.1021,219.7251,3.2588,48.092,64.8921,1.9313900749987931,30.07929999999999,240
2026-08-12 19:29:37,race,272.1655,300.8716,8.1836,7.5442,-39.6135,222.2148,,,,2.4572078021874115,28.706099999999992,270
2026-08-12 19:29:38,race,272.9766,299.6684,8.2613,6.7596,-39.1496,222.6272,,,,2.796422998856405,26.6918,270
2026-08-12 19:29:42,race,273.9559,302.9572,8.9222,6.4901,-42.3149,225.4768,,,,2.9900390625519973,29.001300000000015,270
2026-08-12 19:29:43,race,274.5839,302.9572,9.0,5.4946,-39.6458,225.3927,3.2589,48.092,64.9561,2.8814542655098827,28.373299999999972,270
2026-08-12 19:29:44,race,274.5096,302.9572,8.2224,5.7018,-40.8988,226.6204,,,,2.898323114029437,28.447600000000023,270
2026-08-12 19:29:45,race,276.4316,302.9572,8.0475,5.5956,-41.3175,226.4659,,,,2.822663824013117,26.525599999999997,270
2026-08-12 19:29:46,race,276.6224,302.9572,8.1253,5.4465,-41.2618,226.7464,,,,2.822663824013117,26.334799999999973,270
2026-08-12 19:29:48,race,278.3625,312.5542,8.7473,5.8918,-41.1703,227.5285,,,,2.530968464935456,34.19169999999997,270
2026-08-12 19:29:49,race,282.7516,313.4251,8.9222,,-47.2199,230.6179,,,,2.3623784043732416,30.67349999999999,270
2026-08-12 19:29:50,race,281.2695,308.3487,8.7084,10.1477,-46.3829,231.0616,,,,2.3029419909727014,27.079200000000014,270
2026-08-12 19:29:51,race,276.5584,302.6592,8.3974,6.5804,-40.5811,229.3927,3.259,48.092,66.4825,2.3409885495023186,26.100799999999992,270
2026-08-12 19:29:54,race,279.3413,311.3453,8.8445,,-42.3126,227.6328,,,,2.2391370610742563,32.00400000000002,270
2026-08-12 19:29:55,race,277.5788,310.6634,8.7473,10.0605,-44.2515,228.4597,3.2591,48.092,65.2387,2.1112333344188032,33.08460000000002,270
2026-08-12 19:29:57,race,276.112,302.6363,10.0885,9.592,-42.4947,226.7143,,,,2.094214185746066,26.524299999999982,270
2026-08-12 19:29:58,race,276.113,303.3582,10.0108,6.9424,,226.2254,,,,2.0392912816473134,27.24520000000001,270
2026-08-12 19:29:59,race,276.5855,308.767,9.9913,8.9663,-43.6994,226.4689,3.2591,48.092,64.8741,2.0389579850386492,32.18149999999997,270
2026-08-12 19:30:00,race,277.6205,309.9415,10.3218,8.6301,-44.9903,227.0531,,,,1.8246934945765183,32.321000000000026,270
2026-08-12 19:30:01,race,280.2146,310.5718,10.3607,,-47.5848,228.7023,,,,1.7228221148615774,30.357199999999978,270
2026-08-12 19:30:02,race,281.3927,312.4167,10.6134,7.3692,-49.0799,230.3512,,,,1.6942187400344564,31.024,270
2026-08-12 19:30:03,race,280.3245,312.537,10.8661,10.9356,-53.4347,230.4765,3.2591,48.092,65.8303,1.6498345300831636,32.21249999999998,270
2026-08-12 19:30:04,race,279.6851,307.7471,10.7494,11.848,-52.4193,230.1029,,,,1.5311599493606434,28.062000000000012,270
2026-08-12 19:30:06,race,280.0558,311.7635,11.9157,9.9363,-51.1886,230.0694,,,,1.5169943720395358,31.707700000000045,270
2026-08-12 19:30:07,race,281.1079,312.2162,12.0129,11.6408,-52.7126,230.3048,3.2592,48.092,65.561,1.5524331899774293,31.108300000000042,270
2026-08-12 19:30:08,race,279.4651,310.1134,11.838,10.8978,-52.887,229.8683,,,,1.4436361772376045,30.648300000000006,270
2026-08-12 19:30:09,race,279.5475,307.3174,11.9935,,-53.3021,229.4208,,,,1.2421147237550028,27.769900000000007,270
2026-08-12 19:30:10,race,278.9149,309.5748,12.3045,11.6039,-53.5044,,,,,1.3696162883424707,30.659899999999993,270
2026-08-12 19:30:11,race,278.8235,308.3602,11.8574,10.3852,-52.581,228.7865,3.2592,48.092,66.3329,1.4486648498650163,29.536699999999996,270
2026-08-12 19:30:13,race,279.2316,311.0473,11.9157,10.4715,-55.9403,229.1979,,,,1.5485479743582398,31.815699999999993,270
2026-08-12 19:30:14,race,278.6064,308.7154,11.9546,9.9766,-54.821,229.1538,,,,1.5990995544650313,30.10899999999998,270
2026-08-12 19:30:15,race,279.3847,307.9992,12.2268,8.0215,-55.9077,229.1903,3.2592,48.092,66.797,1.6753348028815844,28.614499999999964,270
2026-08-12 19:30:16,race,280.1013,312.749,12.0129,,-55.6496,230.4876,,,,1.741773791336408,32.64770000000004,270
2026-08-12 19:30:17,race,281.2187,312.6115,12.7127,9.5591,-59.5202,231.4398,,,,1.7755723293541805,31.392799999999966,270
2026-08-12 19:30:18,race,281.3507,314.1528,12.5572,9.825,-62.7085,233.2516,,,,2.0076318234620474,32.802099999999996,270
2026-08-12 19:30:20,race,283.9312,314.0267,12.4795,10.2977,-65.7724,236.5082,,,,2.4200615821596565,30.095500000000015,270
2026-08-12 19:30:21,race,283.4967,315.4133,12.771,10.8824,-60.7857,236.8345,,,,2.368807706214147,31.916600000000017,270
2026-08-12 19:30:22,race,282.6473,313.5626,12.6933,10.1546,-59.2897,233.3797,,,,2.381008367148376,30.915300000000002,270
2026-08-12 19:30:23,race,281.6903,312.3308,12.5766,,-57.4353,232.035,3.2593,48.092,67.0314,2.558090884617808,30.64050000000003,270
2026-08-12 19:30:24,race,282.2995,313.3965,12.6738,8.3261,-58.7256,231.9947,,,,2.701311513199099,31.09699999999998,270
2026-08-12 19:30:25,race,283.1031,315.1669,12.771,7.6492,-57.7451,232.4273,,,,2.605018746995315,32.063800000000015,270
2026-08-12 19:30:26,race,283.5732,318.6906,12.6544,8.2957,-59.9328,232.8999,,,,2.4344227355096155,35.11740000000003,270
2026-08-12 19:30:28,race,285.1137,315.0924,12.7322,8.2778,-58.2923,234.8418,,,,2.192048579998199,29.978700000000003,270
2026-08-12 19:30:29,race,285.9228,319.4182,12.2462,8.1416,-61.4039,235.5524,,,,2.0435042421214202,33.49540000000002,270
2026-08-12 19:30:30,race,286.4486,319.2005,12.8488,,,237.1241,,,,2.148604795601013,32.75189999999998,270
2026-08-12 19:30:32,race,286.0855,319.8766,12.4989,9.5722,-63.2716,237.3952,,,,2.1996439485516612,33.79109999999997,270
2026-08-12 19:30:33,race,287.3612,319.2635,12.6155,9.2852,-62.3506,237.8681,,,,2.183584042105081,31.902300000000025,270
2026-08-12 19:30:34,race,288.478,320.2662,12.9071,9.3589,-63.1298,238.5628,,,,1.9826813817347648,31.788200000000018,270
2026-08-12 19:30:35,race,287.633,318.5072,12.7322,11.0985,-66.8537,237.429,3.2594,48.092,67.1012,1.8865170790092085,30.87420000000003,270
2026-08-12 19:30:37,race,286.5288,317.728,13.0432,10.4396,-65.126,237.7694,,,,1.4798965049410986,31.19920000000002,270
2026-08-12 19:30:38,race,287.1747,318.0603,13.4708,9.6866,-64.8663,238.8124,,,,1.4798965049410986,30.88560000000001,270
2026-08-12 19:30:39,race,286.719,320.3865,13.3153,7.5122,-65.7234,239.989,3.2595,48.092,66.5662,1.3638330938841514,33.66750000000002,270
2026-08-12 19:30:40,race,288.7686,320.4095,13.4708,7.2013,-64.5142,240.5511,,,,1.263379943317355,31.640899999999988,270
2026-08-12 19:30:41,race,288.0259,321.8762,13.9373,8.1236,-65.9789,240.7829,,,,1.310922680173511,33.850300000000004,270
2026-08-12 19:30:43,race,289.0196,321.9736,13.257,,-68.1609,240.6353,3.2595,48.092,67.4752,1.5716247753348154,32.95399999999995,270
2026-08-12 19:30:44,race,289.0332,322.7127,13.4319,8.5892,-70.9294,243.4397,,,,1.9835892675402036,33.67949999999996,270
2026-08-12 19:30:45,race,290.5053,321.7215,13.3542,7.5481,-72.5524,244.5615,,,,2.457741899819473,31.216200000000015,270
2026-08-12 19:31:02,race,278.4134,308.7555,12.7516,10.1332,-66.2899,228.5295,,,,2.896172666456413,30.34209999999996,270
2026-08-12 19:31:03,race,277.4636,307.9534,12.7516,10.53,-67.8651,228.5375,3.2597,48.092,67.3915,2.4453914922466833,30.489800000000002,270
2026-08-12 19:31:05,race,277.362,305.673,12.9849,9.64,-65.4211,227.4896,,,,2.3407367165713886,28.31099999999998,270
2026-08-12 19:31:06,race,276.0645,307.4205,13.0043,,-64.0114,227.3031,,,,2.587375408158318,31.355999999999995,270
2026-08-12 19:31:07,race,276.0234,308.4919,12.5378,8.8151,-62.4945,226.8845,3.2597,48.092,67.3833,2.776959194814328,32.468500000000006,270
2026-08-12 19:31:11,race,277.1509,314.3017,12.635,,-64.9029,231.4347,,,,2.8000785942601327,37.150800000000004,270
2026-08-12 19:31:13,race,282.6922,314.5767,12.2851,6.844,-65.9168,236.46,,,,2.8962483830119354,31.884500000000003,270
2026-08-12 19:31:14,race,284.2752,317.3098,12.6738,7.1044,-68.1202,236.5957,,,,2.8873036337067624,33.03460000000001,270
2026-08-12 19:31:16,race,283.5974,312.9438,12.0712,10.5788,-68.8153,235.3807,,,,2.9213985213981553,29.346400000000017,270
2026-08-12 19:31:17,race,282.816,311.3911,12.7905,10.1368,-70.0783,235.4163,,,,2.8543663106243615,28.57510000000002,270
2026-08-12 19:31:18,race,281.0977,311.5458,12.7905,10.6077,-69.6895,233.256,,,,2.7623607974332396,30.44810000000001,270
2026-08-12 19:31:19,race,278.4897,312.05,12.8293,10.0215,-66.833,232.2787,3.2599,48.092,68.3961,2.703814101841974,33.560299999999984,270
2026-08-12 19:31:20,race,277.7813,309.7524,12.2268,8.4316,-64.5746,231.2396,,,,2.621709054201489,31.971100000000035,270
2026-08-12 19:31:22,race,277.2204,307.707,11.7019,8.2513,-63.7184,,,,,2.3935045173644873,30.48660000000001,270
2026-08-12 19:31:23,race,276.6531,306.8246,11.1771,8.4148,-59.9807,229.8301,3.2599,48.092,68.5358,2.329181145415692,30.17149999999998,270
2026-08-12 19:31:24,race,277.6863,309.9931,11.0993,4.9978,-60.0715,231.446,,,,2.351762681033834,32.30680000000001,270
2026-08-12 19:31:25,race,280.2222,314.4736,10.8466,3.9649,-60.12,235.216,,,,2.1994698808386834,34.25139999999999,270
2026-08-12 19:31:26,race,283.3208,318.0317,10.7494,5.8212,-62.069,237.3088,,,,2.1404491735417883,34.71089999999998,270
2026-08-12 19:31:28,race,283.3799,314.2444,10.8272,9.524,-64.0284,237.5432,,,,1.9335412846175906,30.864499999999964,270
2026-08-12 19:31:29,race,282.1978,312.9897,10.8466,9.6861,-63.3781,236.9837,,,,1.9242066904999489,30.791900000000055,270
2026-08-12 19:31:30,race,281.1547,309.6722,11.1965,7.6588,-63.3961,236.7685,,,,1.9442794237959367,28.517499999999984,270
2026-08-12 19:31:31,race,280.8143,308.4862,10.8466,,-64.7518,237.5238,3.26,48.092,67.9519,1.8771013601006288,27.671899999999994,270
2026-08-12 19:31:32,race,280.3994,310.9213,11.2743,7.1255,-62.8627,237.615,,,,1.8264404183099552,30.52189999999996,270
2026-08-12 19:31:33,race,281.3396,314.995,11.0216,6.946,-64.3439,236.7378,,,,1.6895845232638869,33.655399999999986,270
2026-08-12 19:31:35,race,279.2239,312.9094,10.7883,7.2467,-62.6156,235.2916,3.26,48.092,67.1745,1.2705517881014168,33.68549999999999,270
2026-08-12 19:31:36,race,279.9431,312.6172,10.7494,9.5916,-59.6992,231.8245,,,,1.3025845412015369,32.67410000000001,270
2026-08-12 19:31:37,race,281.4691,308.2857,11.3131,9.8352,-61.9584,230.595,,,,1.168101811078258,26.816599999999994,270
2026-08-12 19:31:38,race,279.1697,309.2253,11.3909,,-61.4167,230.3808,,,,1.1799546902363824,30.055600000000027,270
2026-08-12 19:31:39,race,279.3494,309.0649,11.9157,9.6956,-61.8758,229.6659,3.26,48.092,67.3472,1.0306047644864966,29.71550000000002,270
2026-08-12 19:31:41,race,279.0728,309.9243,11.9741,7.5035,-61.123,231.1533,,,,1.0549739799299092,30.851500000000044,270
2026-08-12 19:31:42,race,279.7593,310.9442,11.4881,7.5216,-62.7673,231.7663,,,,1.0616345402578828,31.184900000000027,270
2026-08-12 19:31:43,race,280.8824,311.1505,11.8963,7.8047,-65.3496,233.6847,3.2601,48.092,67.2108,1.0914872943980067,30.268100000000004,270
2026-08-12 19:31:44,race,279.8468,310.5087,11.0021,7.632,-65.9566,234.8452,,,,1.0976867781609754,30.661900000000003,270
2026-08-12 19:31:45,race,280.5336,313.4595,11.5658,5.8524,-63.2922,236.2526,,,,1.2082973208500796,32.92590000000001,270
2026-08-12 19:31:47,race,281.8631,312.0443,11.6047,7.4718,-65.9986,235.8472,3.2601,48.092,67.1331,1.2268032140716214,30.181200000000047,270
2026-08-12 19:31:48,race,282.017,312.6803,12.0324,,-66.7508,236.6068,,,,1.241625047068092,30.663299999999992,270
2026-08-12 19:31:49,race,281.8809,315.5565,11.663,9.3943,-68.5255,235.2801,,,,1.1903229444345378,33.67560000000003,270
2026-08-12 19:31:50,race,282.4584,311.288,11.7797,11.5039,-67.6545,235.0866,,,,1.1142441270310963,28.829600000000028,270
2026-08-12 19:31:51,race,281.1743,308.9274,12.2073,10.2368,-67.6229,235.998,3.2602,48.092,68.0232,1.1115242979518911,27.75309999999996,270
2026-08-12 19:31:52,race,280.0539,309.7066,11.6242,7.7552,-61.8872,234.6099,,,,0.9861940523320718,29.65269999999998,270
2026-08-12 19:31:54,race,281.481,316.118,11.2548,7.5566,-64.2086,231.7924,,,,0.9593671289012179,34.637,270
2026-08-12 19:31:55,race,283.076,313.0756,11.7214,9.1575,-65.3221,232.3317,3.2602,48.092,67.0601,1.0260742792152102,29.999599999999987,270
2026-08-12 19:31:56,race,282.9575,311.4599,12.2073,,-64.2567,232.4117,,,,1.0270429809153256,28.502400000000023,270
2026-08-12 19:31:57,race,281.0092,311.9182,11.8574,8.8239,-61.0209,231.7382,,,,1.3380023613308456,30.908999999999992,270
2026-08-12 19:32:00,race,281.9205,315.207,11.8963,7.1686,-62.0684,231.9662,,,,2.095805436236361,33.28649999999999,270
2026-08-12 19:32:01,race,282.3852,312.4339,11.3909,6.3288,-61.3901,233.7993,,,,2.2701611173363037,30.048699999999997,270
2026-08-12 19:32:02,race,282.3839,314.9091,11.7214,6.6969,-60.5673,234.029,,,,2.3223788883440046,32.52520000000004,270
2026-08-12 19:32:03,race,280.7813,313.3105,11.5464,8.153,-60.3997,,3.2603,48.092,67.8245,2.418526170116267,32.5292,270
2026-08-12 19:32:04,race,280.0947,312.3136,10.8078,7.7675,-59.2784,232.3472,,,,2.463682433963452,32.21890000000002,270
2026-08-12 19:32:05,race,279.2462,311.8953,11.7214,9.3947,,231.9252,,,,2.5094953617268607,32.64910000000003,270
2026-08-12 19:32:07,race,277.6819,307.5294,11.4881,,-57.8306,228.6343,3.2603,48.092,67.6879,2.208855734758411,29.847500000000025,270
2026-08-12 19:32:08,race,277.635,306.8304,11.5658,8.4954,-54.9254,228.1205,,,,2.161562656357163,29.195400000000006,270
2026-08-12 19:32:09,race,276.6025,307.1283,11.7408,10.3785,-57.8965,227.4548,,,,2.096599799029361,30.525800000000004,270
2026-08-12 19:32:10,race,276.4613,305.7647,12.4795,9.6846,-56.2569,227.0542,,,,2.03754177939307,29.30340000000001,270
2026-08-12 19:32:11,race,276.079,306.309,11.8769,9.9726,-56.34,226.4941,3.2603,48.092,66.5562,1.892318152044445,30.230000000000018,270
2026-08-12 19:32:13,race,277.2401,306.1886,11.9352,7.6584,-57.5525,226.8359,,,,1.355424298323479,28.948500000000024,270
2026-08-12 19:32:14,race,276.7167,308.7555,12.0518,7.5675,-55.7714,226.5635,,,,1.2489194079284816,32.03879999999998,270
2026-08-12 19:32:15,race,276.8929,307.0939,12.1101,5.6902,-56.0217,226.6285,3.2604,48.092,66.4556,1.1570147702999447,30.201000000000022,270
2026-08-12 19:32:16,race,277.8887,308.893,12.6738,,-56.5323,226.9191,,,,1.118116053774023,31.0043,270
2026-08-12 19:32:17,race,279.9798,312.1016,12.1296,6.9179,-58.5808,227.8675,,,,1.094221848134403,32.12180000000001,270
2026-08-12 19:32:18,race,279.5341,311.4885,12.6738,8.5014,-61.2113,229.4191,,,,1.1466286485707868,31.954399999999964,270
2026-08-12 19:32:20,race,278.7455,308.3831,12.7322,9.9152,-62.8848,228.9734,,,,1.2363570360425422,29.63760000000002,270
2026-08-12 19:32:21,race,278.9177,307.7643,12.9071,9.6828,-63.9873,229.2267,,,,1.1963498629179843,28.846599999999967,270
2026-08-12 19:32:22,race,277.6969,309.4602,13.2764,9.8425,-64.4995,229.8559,,,,1.1788525148314897,31.76329999999996,270
2026-08-12 19:32:23,race,277.6644,307.5867,13.4902,9.2659,-63.8179,229.2574,3.2605,48.092,66.9617,1.408352757162249,29.922300000000007,270
2026-08-12 19:32:24,race,276.2861,306.498,13.3347,7.7768,-62.7371,229.1461,,,,1.6206103697506506,30.211900000000014,270
2026-08-12 19:32:26,race,276.6137,309.4889,12.3628,7.0985,-59.0776,228.5045,,,,1.5178679667237014,32.87520000000001,270
2026-08-12 19:32:27,race,278.1292,308.2914,12.4406,5.7238,-59.8592,228.4601,3.2605,48.092,66.8158,1.5354618536463371,30.162199999999984,270
2026-08-12 19:32:28,race,279.0917,313.1444,12.5961,8.0527,-60.4361,228.0823,,,,1.5198841803185366,34.052700000000016,270
2026-08-12 19:32:30,race,279.6889,308.3372,13.0237,5.9278,-63.183,230.8589,,,,1.6112080944007152,28.648300000000006,270
2026-08-12 19:32:31,race,278.6202,311.202,12.6933,,-61.9956,232.0999,3.2605,48.092,66.3854,1.6166420539711646,32.58179999999999,270
2026-08-12 19:32:32,race,279.9399,315.1268,12.8877,6.2211,-62.768,232.3613,,,,1.6631775214457574,35.18689999999998,270
2026-08-12 19:32:33,race,281.7906,314.2845,12.771,7.2642,-66.4726,234.0031,,,,1.642563987695847,32.4939,270
2026-08-12 19:32:34,race,282.1964,313.3965,12.1879,6.7187,-67.6811,236.5405,,,,1.6184352419626737,31.20010000000002,270
2026-08-12 19:32:35,race,280.3839,312.5599,12.1296,7.1888,-67.0216,236.1172,3.2606,48.092,67.2977,1.5505280823250165,32.176000000000045,270
2026-08-12 19:32:36,race,279.4581,311.3854,12.2462,7.6129,-66.7413,235.1497,,,,1.5724979267262467,31.927300000000002,270
2026-08-12 19:32:38,race,279.1481,310.7265,11.8769,7.3406,-65.1764,234.835,,,,1.4555608152251536,31.578399999999988,270
2026-08-12 19:32:39,race,277.8915,308.5836,11.663,6.8141,-65.8059,233.7762,3.2606,48.092,67.5896,1.7442259416353203,30.692099999999982,270
2026-08-12 19:32:40,race,276.3339,309.5519,11.1576,6.9204,-62.0136,232.1645,,,,2.0691061562822792,33.21799999999996,270
2026-08-12 19:32:41,race,278.2325,309.867,12.0324,,-60.7839,,,,,2.5684445261515165,31.634500000000003,270
2026-08-12 19:33:24,race,270.0513,300.7799,9.5443,6.3936,-60.6646,230.1579,,,,2.8266639995470673,30.72859999999997,270
2026-08-12 19:33:25,race,268.3294,298.2704,9.1166,6.0448,-58.0051,228.0849,,,,2.818787510414617,29.940999999999974,240
2026-08-12 19:33:26,race,270.6092,300.5336,8.7278,5.4547,-56.8258,227.0621,,,,2.5862519105483415,29.92439999999999,270
2026-08-12 19:33:28,race,273.275,301.6737,9.2721,7.3014,-60.4005,229.4091,,,,2.3074204528112543,28.39870000000002,270
2026-08-12 19:33:29,race,273.1409,301.6737,9.2916,,-61.4855,228.8175,,,,2.069992532042627,28.53280000000001,270
2026-08-12 19:33:30,race,271.4755,302.6535,9.7192,9.2396,-58.5421,227.3443,,,,2.025209924143177,31.177999999999997,270
2026-08-12 19:33:31,race,269.7647,298.3047,10.1274,6.7904,-58.2042,226.7081,3.2611,48.092,67.0066,2.025209924143177,28.54000000000002,240
2026-08-12 19:33:32,race,268.7242,300.0809,9.7775,7.5684,-56.6507,224.0551,,,,1.9726399555558325,31.35669999999999,240
2026-08-12 19:33:33,race,269.4345,299.8403,9.7775,7.0673,-56.3663,223.3305,,,,1.8981933864909433,30.4058,240
2026-08-12 19:33:34,race,269.6418,298.7001,9.6803,6.8027,-57.6851,224.2976,,,,1.8967158368135766,29.05830000000003,240
2026-08-12 19:33:35,race,269.7878,301.0664,9.0777,,-57.699,226.1341,3.2612,48.092,66.4919,1.9459162949233229,31.278599999999983,240
2026-08-12 19:33:37,race,269.387,300.7627,8.6501,6.0932,-57.1257,229.0003,,,,2.0019924625541026,31.375699999999995,240
2026-08-12 19:33:38,race,270.3468,300.7627,9.0777,6.2786,-54.0097,228.5182,,,,1.994652874860791,30.415900000000022,270
2026-08-12 19:33:39,race,268.7237,300.7627,9.1166,7.1463,-58.1811,228.3929,3.2612,48.092,66.0418,1.8288148549020435,32.03899999999999,240
2026-08-12 19:33:40,race,266.8016,300.5278,8.9805,7.4638,-51.4851,226.5787,,,,1.4811584907663728,33.726200000000006,240
2026-08-12 19:33:42,race,266.5693,296.8838,9.0777,7.3371,,220.568,,,,1.2936465113362423,30.31450000000001,240
2026-08-12 19:33:43,race,267.2273,298.1271,8.6306,,-47.3014,220.0586,3.2612,48.092,66.4846,1.3196028785362373,30.89979999999997,240
2026-08-12 19:33:44,race,266.7909,297.4224,8.9805,8.0291,-48.0202,219.92,,,,1.4374924220232064,30.63149999999996,240
2026-08-12 19:33:46,race,268.0727,299.2444,9.3693,8.0319,-47.5626,221.245,,,,1.6069739663569231,31.171699999999987,240
2026-08-12 19:33:47,race,267.0875,297.4453,9.1749,8.4524,-48.4688,220.6629,3.2613,48.092,66.0391,1.6069739663569231,30.357799999999997,240
2026-08-12 19:33:48,race,267.2716,296.7348,9.5248,6.915,-48.305,221.6463,,,,1.8406167246247502,29.46320000000003,240
2026-08-12 19:33:49,race,266.0807,296.2478,9.0194,8.2266,-46.9817,221.1527,,,,1.6999195350563976,30.167100000000005,240
2026-08-12 19:33:50,race,267.8506,298.6141,10.0108,,-49.4154,221.4041,,,,1.6963084790206033,30.763500000000022,240
2026-08-12 19:33:52,race,266.8066,296.0358,9.8553,7.3755,-47.8644,222.4886,,,,1.6851316773372393,29.22919999999999,240
2026-08-12 19:33:53,race,266.6657,293.6294,9.2138,6.9962,-44.2084,221.6355,,,,1.6783407007360893,26.96369999999996,240
2026-08-12 19:33:54,race,264.9075,296.0072,8.9028,7.3107,-44.3568,220.6782,,,,1.716351856418735,31.099699999999984,240
2026-08-12 19:33:55,race,264.421,296.5744,8.825,7.9424,-41.0085,219.1838,3.2613,48.092,66.0251,1.9557201098939385,32.15340000000003,240
2026-08-12 19:33:56,race,263.8806,293.744,8.8445,7.1568,-40.7887,216.3895,,,,2.118838584941355,29.863400000000013,240
2026-08-12 19:33:58,race,262.2594,294.7352,8.203,7.1203,-37.8266,213.506,,,,2.2619361506287894,32.47579999999999,240
2026-08-12 19:33:59,race,263.6805,293.5607,8.1253,,-34.9118,212.6967,3.2614,48.092,65.8079,2.2817777670593333,29.880200000000002,240
2026-08-12 19:34:00,race,263.3647,296.0301,7.9697,5.6996,-38.8983,213.8804,,,,2.2952601372268187,32.66539999999998,240
2026-08-12 19:34:02,race,265.2578,295.6176,8.0281,,-37.4767,215.8084,,,,2.2362328219609693,30.359800000000007,240
2026-08-12 19:34:03,race,266.2722,297.9896,8.0669,6.3224,-41.5962,217.7086,3.2614,48.092,65.4631,2.2554696373382606,31.717399999999998,240
2026-08-12 19:34:04,race,267.8498,300.1955,8.1253,8.6302,-42.0265,218.4318,,,,2.3201841878499563,32.345699999999965,240
2026-08-12 19:34:05,race,269.8555,299.5022,9.2527,7.8779,-44.4254,220.0953,,,,2.289207786495151,29.64670000000001,240
2026-08-12 19:34:06,race,270.0639,302.3727,8.8056,9.3159,-48.4996,221.948,,,,2.229633036499638,32.30880000000002,270
2026-08-12 19:34:08,race,269.4364,301.7998,9.0194,8.7527,-48.7077,222.8394,,,,2.073166376228111,32.36340000000001,240
2026-08-12 19:34:10,race,267.35,297.5943,9.1944,,-45.3802,221.486,,,,1.7592250206659978,30.244299999999953,240
2026-08-12 19:34:11,race,267.6036,297.2677,9.2527,6.9452,-44.8983,221.7272,3.2615,48.092,65.6004,1.7700095686335977,29.66410000000002,240
2026-08-12 19:34:12,race,267.4259,298.1902,8.7667,7.7575,-44.2532,220.393,,,,1.993605293664374,30.76429999999999,240
2026-08-12 19:34:13,race,267.7195,298.2188,8.9805,6.9915,-42.5982,220.6321,,,,1.9067088316711884,30.499300000000005,240
2026-08-12 19:34:15,race,266.3831,298.385,8.514,7.587,-44.1417,219.3591,3.2615,48.092,65.4807,2.4102478805893672,32.00189999999998,240
2026-08-12 19:34:16,race,266.3766,295.7264,8.4168,6.4415,-40.2193,219.6369,,,,2.491821937365339,29.349800000000016,240
2026-08-12 19:34:17,race,266.4664,297.6516,8.4363,7.0282,-40.8391,219.1537,,,,2.557379089509075,31.185199999999952,240
2026-08-12 19:34:18,race,267.6758,298.1157,8.3391,,-40.4208,220.2353,,,,2.606625951610399,30.439900000000023,240
2026-08-12 19:34:19,race,269.7729,300.1554,8.7667,6.8281,-43.1831,,3.2616,48.092,64.9044,2.677492182697663,30.382499999999993,240
2026-08-12 19:34:20,race,270.2014,302.43,8.6306,6.0989,-44.0137,223.0038,,,,2.7316886581528625,32.22860000000003,270
2026-08-12 19:34:21,race,272.4288,303.6963,8.203,6.9123,-47.3365,225.3509,,,,2.7677246788599406,31.267499999999984,270
2026-08-12 19:34:22,race,272.6032,303.1061,8.825,8.8514,-50.8966,226.9748,,,,2.783931186354389,30.50290000000001,270
2026-08-12 19:34:24,race,273.7845,304.3323,9.797,,-57.762,227.988,,,,2.9385193935509055,30.547799999999995,270
2026-08-12 19:34:25,race,273.6954,303.8051,9.8358,9.6882,-57.6424,229.0077,,,,2.9385193935509055,30.109699999999975,270
2026-08-12 19:34:26,race,272.0562,303.3754,10.7494,10.0787,-56.8694,227.8579,,,,2.8139060668101683,31.319200000000023,270
2026-08-12 19:34:27,race,271.955,300.7169,9.8164,8.3182,-53.6866,226.164,3.2616,48.092,65.0466,2.505339203159939,28.761900000000026,270
2026-08-12 19:34:28,race,272.9519,302.579,9.7775,8.1212,-54.1301,225.911,,,,2.217503276710185,29.627099999999984,270
2026-08-12 19:34:30,race,272.8464,305.0255,10.2246,8.5698,-55.7878,226.5166,,,,1.8809842088555653,32.179100000000005,270
2026-08-12 19:34:31,race,273.4936,303.1462,10.108,7.0033,-51.5972,226.573,3.2617,48.092,65.914,1.8537686319004356,29.652600000000007,270
2026-08-12 19:34:32,race,273.6046,304.9339,9.9525,5.9037,-50.7045,227.8775,,,,1.8947929548738622,31.32929999999999,270
2026-08-12 19:34:33,race,275.1787,307.071,9.5054,4.9211,-50.277,229.732,,,,1.9472720452430343,31.892300000000034,270
2026-08-12 19:34:34,race,275.956,308.7612,9.2721,,-50.5991,230.8715,,,,2.181853918643109,32.80519999999996,270
2026-08-12 19:34:36,race,275.8244,309.168,9.3693,6.6048,-54.7073,231.8796,,,,2.5380237764924214,33.34359999999998,270
2026-08-12 19:34:37,race,274.5728,309.5748,8.9805,5.8075,-53.1189,232.6295,,,,2.6408465241658816,35.00200000000001,270
2026-08-12 19:34:38,race,276.7258,309.2024,8.8833,4.5231,-50.5124,233.9486,,,,2.6218539271890213,32.47660000000002,270
2026-08-12 19:34:39,race,277.7911,312.3193,9.2527,6.2699,-55.8104,234.9522,3.2618,48.092,65.1964,2.642686426552815,34.52820000000003,270
2026-08-12 19:34:41,race,277.7382,310.0676,9.1749,7.991,-57.818,233.1275,,,,2.4732165599532885,32.32940000000002,270
2026-08-12 19:34:42,race,277.0226,307.8273,9.4276,6.5682,-56.4936,234.2102,,,,2.3224577961328987,30.80469999999997,270
2026-08-12 19:34:43,race,277.5346,310.4113,9.2721,,-56.6074,232.6291,3.2618,48.092,65.4212,2.06897248288582,32.87669999999997,270
2026-08-12 19:34:44,race,279.6072,312.5198,9.5054,7.7333,-59.4055,231.7425,,,,2.1811355795381973,32.9126,270
2026-08-12 19:34:45,race,280.774,311.4083,9.5054,7.6073,,232.4024,,,,2.6109653652431053,30.634299999999996,270
2026-08-12 19:35:02,race,266.7212,298.7631,10.6328,10.1492,-51.0484,220.1414,,,,2.527092281929187,32.0419,240
2026-08-12 19:35:04,race,266.7605,297.5313,9.5054,8.4868,-49.9257,219.6724,,,,1.9080501483597205,30.77080000000001,240
2026-08-12 19:35:05,race,268.3177,297.6917,9.2721,8.4107,-49.978,220.8771,,,,1.7443247883387483,29.374000000000024,240
2026-08-12 19:35:06,race,268.2911,299.9491,9.5054,7.7744,-47.4975,222.2001,,,,1.7590933672056708,31.658000000000015,240
2026-08-12 19:35:07,race,268.9999,300.969,9.3693,8.5971,-46.4734,222.0104,3.262,48.092,66.688,1.755328126944922,31.96909999999997,240
2026-08-12 19:35:08,race,269.6288,301.1695,9.6998,8.3369,-46.4589,219.2861,,,,1.7288172656173568,31.540700000000015,240
2026-08-12 19:35:10,race,269.8851,300.0637,9.7192,,-43.4858,219.8493,,,,1.8233670572282474,30.17859999999996,240
2026-08-12 19:35:11,race,270.6304,300.0637,9.5248,8.6788,-45.1401,220.0725,3.2621,48.092,66.4635,1.860970789370044,29.433299999999974,270
2026-08-12 19:35:12,race,270.6778,302.1493,9.5637,8.9674,-45.0556,220.343,,,,1.9255956982808706,31.471499999999992,270
2026-08-12 19:35:13,race,271.2106,302.5045,9.6803,10.3741,-45.9756,220.837,,,,1.7932670210296855,31.293900000000008,270
2026-08-12 19:35:14,race,272.0583,299.4048,9.311,9.7031,-44.8688,221.3399,,,,1.9516502097267874,27.34650000000005,270
2026-08-12 19:35:15,race,272.0296,303.702,9.8164,9.501,-45.136,222.2655,3.2621,48.092,66.3983,1.7135332965870578,31.672399999999982,270
2026-08-12 19:35:17,race,272.1901,302.7509,9.7192,9.9251,-44.9054,222.2774,,,,1.8741339389813012,30.56080000000003,270
2026-08-12 19:35:18,race,271.2676,302.7452,9.8553,8.9685,,221.6726,,,,2.009949451946872,31.477599999999995,270
2026-08-12 19:35:19,race,272.4729,305.2203,10.2246,10.337,-42.6818,222.1098,3.2621,48.092,66.0744,2.205842123301998,32.74740000000003,270
2026-08-12 19:35:20,race,272.6111,304.3724,10.3218,,-44.672,222.3903,,,,2.205842123301998,31.761300000000006,270
2026-08-12 19:35:21,race,272.5515,303.9312,9.8358,9.3995,-42.594,222.5656,,,,2.297427786903525,31.379700000000014,270
2026-08-12 19:35:22,race,272.5302,303.3009,9.7386,9.2251,-43.2603,222.4678,,,,2.2659399188049796,30.770700000000033,270
2026-08-12 19:35:23,race,273.2727,305.3292,9.8164,7.7695,-42.2749,223.0836,3.2622,48.092,66.051,2.1436926369907314,32.05650000000003,270
2026-08-12 19:35:24,race,274.765,309.1336,9.2138,7.6925,-41.9038,223.5434,,,,2.0596343385379274,34.368600000000015,270
2026-08-12 19:35:26,race,275.333,308.7268,9.9913,9.4819,-45.1752,225.3008,,,,2.005872942796691,33.3938,270
2026-08-12 19:35:27,race,276.2492,307.558,9.622,10.663,-48.0955,225.8791,3.2622,48.092,66.059,1.960489613350804,31.30880000000002,270
2026-08-12 19:35:28,race,276.9031,310.9671,10.3995,10.8471,-48.739,226.6088,,,,1.9192969974224845,34.06400000000002,270
2026-08-12 19:35:29,race,277.787,310.5832,10.3024,10.7515,-51.0086,227.0859,,,,1.7532594063458262,32.7962,270
2026-08-12 19:35:31,race,277.5553,308.5779,10.9633,10.2582,-53.4181,227.7305,3.2623,48.092,65.7791,1.6315939671759965,31.02260000000001,270
2026-08-12 19:35:32,race,276.0995,309.1279,11.2354,10.6504,-52.8695,226.2836,,,,1.5285330767795149,33.02840000000003,270
2026-08-12 19:35:33,race,274.5133,305.6501,10.6522,11.0684,-53.2835,224.9816,,,,1.414243260724576,31.136799999999994,270
2026-08-12 19:35:34,race,272.7931,302.1837,10.8078,9.9402,-50.7052,,,,,1.3615960122757522,29.390600000000006,270
2026-08-12 19:35:35,race,273.2053,305.6042,11.1382,9.485,-49.7122,223.6524,3.2623,48.092,66.0688,1.3994035971119492,32.39889999999997,270
2026-08-12 19:35:37,race,275.1522,306.521,10.7494,9.4682,-52.8053,223.7145,,,,1.422709757114925,31.36880000000002,270
2026-08-12 19:35:38,race,275.7962,307.0481,10.8078,10.1744,-53.3354,224.4687,,,,1.467638906696526,31.251899999999978,270
2026-08-12 19:35:39,race,274.875,306.8533,10.7106,9.937,-53.3138,225.4238,3.2623,48.092,66.7523,1.5630464915106863,31.97829999999999,270
2026-08-12 19:35:41,race,274.358,306.2517,10.7883,,-55.108,224.953,,,,2.5110318272930527,31.893700000000024,270
2026-08-12 19:35:42,race,274.3794,308.5435,11.1188,9.3339,-56.0533,224.4512,,,,2.554148332607243,34.16410000000002,270
2026-08-12 19:35:43,race,274.1901,305.2719,10.5356,7.8988,-56.716,226.7799,3.2624,48.092,66.7242,2.9555769799032903,31.081800000000044,270
2026-08-12 19:36:09,race,273.6558,303.0546,8.8833,8.9723,-45.882,225.6013,,,,2.4545656092597183,29.398799999999994,270
2026-08-12 19:36:10,race,272.9782,303.0546,9.3693,9.9703,-43.592,223.1568,,,,2.26815968429311,30.07639999999998,270
2026-08-12 19:36:11,race,273.139,302.4759,9.1555,8.6548,-42.1829,223.0468,3.2626,48.092,66.3613,2.278888870136064,29.336900000000014,270
2026-08-12 19:36:12,race,272.7976,303.2551,9.4082,,-42.1928,222.7437,,,,2.278888870136064,30.45750000000004,270
2026-08-12 19:36:13,race,273.3762,303.2551,9.311,8.587,-42.6971,,,,,1.9771178982725734,29.878900000000044,270
2026-08-12 19:36:15,race,273.4158,304.6703,9.2332,9.0308,-44.5068,223.398,3.2627,48.092,66.4461,0.6967418003626233,31.254500000000007,270
2026-08-12 19:36:16,race,272.8812,304.6703,10.0691,9.0578,-43.97,223.3048,,,,0.4104726570194984,31.78910000000002,270
2026-08-12 19:36:17,race,273.5704,304.6703,10.0302,8.1333,-44.6731,223.035,,,,0.4104726570194984,31.09989999999999,270
2026-08-12 19:36:18,race,273.6597,304.6703,9.311,7.8068,-43.2076,223.3429,,,,0.3765639562535434,31.01060000000001,270
2026-08-12 19:36:19,race,274.2926,306.9621,9.7581,8.9358,-44.4339,223.5494,3.2627,48.092,66.3214,0.4873169141464622,32.66950000000003,270
2026-08-12 19:36:20,race,273.332,308.8071,9.6998,11.4338,-44.9905,223.9783,,,,0.5182034483525344,35.4751,270
2026-08-12 19:36:21,race,273.3417,306.1027,9.3887,,,223.8244,,,,0.5207317567033972,32.761000000000024,270
2026-08-12 19:36:23,race,273.0995,304.2406,9.7386,11.0781,-45.6482,223.3979,3.2628,48.092,66.1087,0.665420808825163,31.141099999999994,270
2026-08-12 19:36:24,race,272.8845,304.063,9.6998,10.915,-44.8872,222.7659,,,,0.6654765227509676,31.178499999999985,270
2026-08-12 19:36:25,race,273.3255,305.8621,10.8855,11.0531,-45.1245,222.9906,,,,0.6654765227509676,32.53660000000002,270
2026-08-12 19:36:28,race,273.9462,306.9965,10.5356,10.2453,-46.5395,223.8757,,,,1.221352908170539,33.05030000000005,270
2026-08-12 19:36:29,race,274.7242,306.2402,11.2354,11.7703,-48.4352,224.3536,,,,1.3686182167155936,31.51600000000002,270
2026-08-12 19:36:30,race,274.2357,303.9942,10.7106,10.1261,-46.7175,224.3275,,,,1.4888310363788986,29.75849999999997,270
2026-08-12 19:36:31,race,272.933,304.2062,11.0021,10.1836,-46.1212,223.55,3.2628,48.092,66.4001,1.5180426761198653,31.27320000000003,270
2026-08-12 19:36:32,race,272.2249,305.7131,11.0021,11.4068,-44.5793,222.9215,,,,1.6889851289680797,33.488200000000006,270
2026-08-12 19:36:33,race,271.9723,306.0053,11.1188,9.6667,-44.2715,222.3037,,,,1.7321111155593238,34.03299999999996,270
2026-08-12 19:36:34,race,273.3431,303.8682,10.73,9.2272,-42.9025,222.4924,,,,1.846773973062244,30.52510000000001,270
2026-08-12 19:36:36,race,271.926,307.6325,10.9633,12.2572,-46.5584,222.2915,,,,1.9073049250933907,35.706500000000005,270
2026-08-12 19:36:37,race,270.1825,299.9835,10.3607,10.6684,-43.5837,220.9579,,,,1.8424608735045682,29.800999999999988,270
2026-08-12 19:36:38,race,270.217,301.1523,10.0691,8.3274,-42.4308,220.4257,,,,1.7980065567618655,30.93530000000004,270
2026-08-12 19:36:39,race,270.1228,304.4469,9.6609,9.8325,-42.6079,220.2218,3.2629,48.092,66.6713,1.7072828921981116,34.324100000000044,270
2026-08-12 19:36:40,race,269.6457,303.0832,9.6998,9.8738,-43.3362,219.6809,,,,1.520823243148467,33.4375,240
2026-08-12 19:36:42,race,269.1173,301.1466,10.0885,7.4459,-41.4766,219.3257,,,,1.4251046033993136,32.02929999999998,240
2026-08-12 19:36:43,race,269.7934,303.5301,10.0108,8.8164,-42.0147,219.5505,3.2629,48.092,66.5099,1.4300014227365856,33.736699999999985,240
2026-08-12 19:36:44,race,269.014,302.0863,8.7473,,-42.0209,219.2919,,,,1.4191968242435553,33.072299999999984,240
2026-08-12 19:36:45,race,269.6001,302.7509,9.6803,8.515,-40.3183,219.3865,,,,1.2924374955858924,33.150800000000004,240
2026-08-12 19:36:47,race,270.7652,301.9774,8.6695,8.605,-43.0838,,3.263,48.092,65.8485,1.302397480263777,31.212199999999996,270
2026-08-12 19:36:48,race,272.1123,301.9774,8.9805,9.1047,-43.6576,222.1443,,,,1.3360957282801178,29.865099999999984,270
2026-08-12 19:36:49,race,272.2883,301.6795,8.2808,9.0746,-42.1046,223.0815,,,,1.3383885968311586,29.391200000000026,270
2026-08-12 19:36:50,race,272.2991,303.7135,9.4859,8.1993,-42.3673,223.7221,,,,1.3564044111460014,31.4144,270
2026-08-12 19:36:52,race,273.5256,303.7135,9.7386,11.6894,-47.3417,222.8446,,,,1.3103132257722707,30.187900000000013,270
2026-08-12 19:36:53,race,272.3236,303.7135,9.0194,,-47.3474,223.4156,,,,1.4170270171950947,31.38990000000001,270
2026-08-12 19:36:54,race,270.4203,304.6932,10.3607,11.4495,-45.7862,222.0917,,,,1.5459480126397842,34.27289999999999,270
2026-08-12 19:36:55,race,270.5426,300.8143,10.3801,10.4775,-45.4164,221.5453,3.2631,48.092,66.483,1.7830909406378108,30.27170000000001,270
2026-08-12 19:36:56,race,269.0302,303.7135,9.6026,10.3292,,220.5748,,,,1.7747263654939673,34.68330000000003,240
2026-08-12 19:36:57,race,269.8085,300.3387,9.7386,9.3998,-44.8579,219.6499,,,,2.2165366380498432,30.530200000000036,240
2026-08-12 19:36:59,race,270.104,303.7135,9.9913,9.4701,-45.189,220.0649,3.2631,48.092,65.945,2.5318605453530165,33.609500000000025,270
2026-08-12 19:37:00,race,269.5751,301.7597,10.0885,,-46.8583,220.4007,,,,2.5813431984148627,32.18459999999999,240
2026-08-12 19:37:01,race,269.9476,302.7681,9.2138,7.1692,-46.5177,222.7968,,,,2.608463962123168,32.82049999999998,240
2026-08-12 19:37:02,race,270.9448,301.5477,9.4665,8.0515,-48.8648,224.0776,,,,2.608463962123168,30.602900000000034,270
2026-08-12 19:37:03,race,273.5553,305.1974,9.3887,7.7697,-49.197,226.4797,3.2631,48.092,65.7146,2.603171571215656,31.642100000000028,270
2026-08-12 19:37:04,race,273.8614,306.6527,9.8941,6.3323,-50.4652,229.3202,,,,2.6022397904551706,32.79129999999998,270
2026-08-12 19:37:05,race,275.6793,309.042,9.1749,6.6851,-52.4718,230.5778,,,,2.550495943057999,33.36269999999996,270
2026-08-12 19:37:07,race,277.6541,312.3365,9.4082,7.6695,-56.0626,232.3426,3.2632,48.092,65.6209,2.6263831530506323,34.68239999999997,270
2026-08-12 19:37:08,race,276.3144,310.2738,9.8941,8.7253,-56.3429,231.5708,,,,2.6092445422201482,33.95940000000002,270
2026-08-12 19:37:09,race,275.5781,306.8361,9.1944,7.6072,-56.8131,230.9908,,,,2.547420386616714,31.25799999999998,270
2026-08-12 19:37:10,race,274.62,306.7387,9.3499,,-57.1442,230.9434,,,,2.5435209610835248,32.11869999999999,270
2026-08-12 19:37:11,race,274.215,304.9511,9.4082,6.7395,-57.7957,230.5102,3.2632,48.092,66.6418,2.423906606307596,30.73610000000002,270
2026-08-12 19:37:13,race,273.1769,306.5324,9.4082,7.0096,-56.5563,228.4582,,,,2.383940025775627,33.355500000000006,270
2026-08-12 19:37:14,race,272.7632,305.9308,9.1555,6.2348,-55.1285,228.2217,,,,2.6096271205912975,33.16759999999999,270
2026-08-12 19:37:15,race,272.0646,305.6501,8.514,7.4639,-55.5378,225.5355,3.2632,48.092,66.6185,2.8924828433345557,33.585500000000025,270
2026-08-12 19:37:19,race,271.8055,305.2719,8.3974,5.9559,-54.2208,224.105,3.2633,48.092,65.9564,2.8792733428070942,33.46640000000002,270
2026-08-12 19:37:21,race,272.4479,305.2719,8.3196,6.3751,-55.3314,,,,,2.5149344439727805,32.82400000000001,270
2026-08-12 19:37:22,race,271.137,302.9514,8.4168,7.3344,-56.994,225.2064,,,,2.302543722514282,31.814399999999978,270
2026-08-12 19:37:23,race,270.4362,300.4591,8.1641,7.4148,-56.5748,224.5227,3.2633,48.092,67.0498,2.302543722514282,30.022899999999993,270
2026-08-12 19:37:24,race,268.2839,298.7918,8.6501,6.9681,-55.0071,223.776,,,,2.1428259040925957,30.507900000000006,240
2026-08-12 19:37:25,race,267.0448,297.6,8.9805,7.9869,-54.7853,222.175,,,,1.9641565626535926,30.555200000000013,240
2026-08-12 19:37:26,race,266.5903,296.8322,8.8056,,-54.1907,219.541,,,,1.818260677620509,30.241899999999987,240
2026-08-12 19:37:27,race,266.4523,299.1928,9.2916,7.6779,-57.2453,219.4585,3.2634,48.092,66.5109,1.8495892321270684,32.7405,240
2026-08-12 19:37:28,race,267.0675,299.1069,9.2721,9.3211,-54.5871,219.4334,,,,1.854029555528701,32.0394,240
2026-08-12 19:37:29,race,266.5228,296.3911,9.4665,8.5586,-54.6625,219.4595,,,,1.8130660358456931,29.868299999999977,240
2026-08-12 19:37:30,race,267.6228,298.1329,9.5443,7.566,-54.1023,220.6526,,,,1.6463298550143537,30.510100000000023,240
2026-08-12 19:37:32,race,267.9411,298.9923,9.933,8.5422,-54.1314,220.5371,,,,1.7659549328633202,31.051199999999994,240
2026-08-12 19:37:34,race,267.7472,301.4159,9.2916,4.1389,-49.2622,222.1446,,,,2.212746958540484,33.6687,240
2026-08-12 19:37:35,race,268.0386,301.3128,8.4557,,-49.1106,224.2548,3.2634,48.092,66.6416,2.2780649382931553,33.27420000000001,240
2026-08-12 19:37:36,race,267.73,301.3128,8.203,4.9276,-49.1732,224.5713,,,,2.255437461666955,33.58279999999996,240
2026-08-12 19:37:38,race,268.0105,301.7081,7.3866,4.3697,-45.957,224.9224,,,,2.1404740869595824,33.69760000000002,240
2026-08-12 19:37:39,race,268.1281,302.7165,7.1728,4.5487,-45.8558,225.529,3.2635,48.092,66.7954,2.0917508055486227,34.58839999999998,240
2026-08-12 19:37:40,race,269.8072,304.0859,6.9589,,-42.7436,227.0347,,,,1.9684620531149744,34.27869999999996,240
2026-08-12 19:37:41,race,271.4869,305.7876,6.9784,3.8951,-44.8328,227.9371,,,,1.913201237875574,34.300700000000006,270
2026-08-12 19:37:43,race,274.0671,306.7903,7.3477,4.684,-48.1348,229.5677,3.2635,48.092,66.4436,1.8684816642063542,32.72320000000002,270
2026-08-12 19:37:44,race,272.0539,304.6417,7.2505,4.2105,-47.3052,230.8998,,,,1.834986211525484,32.587800000000016,270
2026-08-12 19:37:45,race,271.1629,305.7818,7.6587,7.3641,-51.2566,228.8147,,,,1.8205532088057772,34.6189,270
2026-08-12 19:37:46,race,270.356,302.1436,7.5615,5.7465,-49.8361,228.3281,,,,1.8358163822251123,31.787599999999998,270
2026-08-12 19:37:48,race,268.377,300.9232,7.9114,5.9256,-49.4319,226.5626,,,,1.8086118475264439,32.5462,240
2026-08-12 19:37:49,race,268.0373,300.8315,7.5421,,-50.0404,226.2516,,,,1.7712798198553341,32.79419999999999,240
2026-08-12 19:37:50,race,269.0915,301.5534,7.5615,4.2885,-46.9876,227.0535,,,,1.7820855812760064,32.461900000000014,240
2026-08-12 19:37:51,race,269.1383,299.7257,7.2894,5.1462,-48.1932,226.7738,3.2636,48.092,66.4479,1.812170003730039,30.587400000000002,240
2026-08-12 19:37:52,race,269.3356,299.7257,7.1533,5.1634,-47.8058,226.5917,,,,1.8610478518785418,30.390100000000018,240
2026-08-12 19:37:54,race,268.5553,300.2471,7.0173,4.8277,-46.7418,226.7107,,,,1.5536644899093404,31.6918,240
2026-08-12 19:37:55,race,268.0151,299.273,7.2311,4.5829,-46.5379,226.0272,3.2636,48.092,66.5761,1.4693790871338008,31.257900000000006,240
2026-08-12 19:37:56,race,267.7528,300.1382,6.6868,4.2797,-45.1113,225.5546,,,,1.4215636191666572,32.385400000000004,240
2026-08-12 19:37:57,race,267.9823,301.6107,6.784,,-44.6568,225.1555,,,,1.4479257823729887,33.6284,240
2026-08-12 19:37:58,race,268.0694,301.1466,6.7062,3.74,-42.6585,225.1216,,,,1.4071249265210253,33.077200000000005,240
2026-08-12 19:37:59,race,269.4434,302.6879,6.5702,3.8342,-40.0542,225.2527,3.2637,48.092,66.4583,1.3839633310911017,33.244500000000016,240
2026-08-12 19:38:01,race,271.168,303.427,6.5313,5.4772,-43.6404,227.0913,,,,1.4004626680103078,32.259000000000015,270
2026-08-12 19:38:02,race,272.2754,304.3781,7.2894,7.001,-47.1854,228.6845,,,,1.43836723264558,32.10270000000003,270
2026-08-12 19:38:03,race,272.0405,300.5507,7.9503,6.6267,-44.6789,228.7787,3.2637,48.092,66.191,1.5674011078635153,28.510199999999998,270
2026-08-12 19:38:04,race,271.1624,300.1726,7.8726,6.8937,-43.7042,226.4014,,,,1.622118353072442,29.010199999999998,270
2026-08-12 19:38:05,race,270.7637,300.8831,7.9309,,-43.2347,224.1012,,,,1.8532570090030227,30.11940000000004,270
2026-08-12 19:38:06,race,269.8488,301.6164,8.0669,6.1815,-43.4848,224.3057,,,,2.144152187882584,31.767600000000016,240
2026-08-12 19:38:08,race,269.4774,302.8999,7.9503,6.6803,-43.8951,222.8133,,,,2.650089334270366,33.422500000000014,240
2026-08-12 19:38:09,race,269.1958,302.9801,8.1058,7.1173,-45.5216,222.4803,,,,2.8407095976604735,33.78429999999997,240
2026-08-12 19:38:10,race,268.7124,301.2956,8.203,6.2655,-42.6763,,,,,2.9058859618859083,32.58319999999998,240
2026-08-12 19:38:21,race,262.9073,293.9732,6.9006,4.9244,-33.4379,216.9461,,,,2.899255648086915,31.0659,240
2026-08-12 19:38:22,race,260.41,290.6787,6.5507,4.4657,-32.9427,215.7797,,,,2.643376091064945,30.268699999999967,240
2026-08-12 19:38:23,race,258.317,287.1263,6.298,,-29.6813,215.2607,3.2639,48.092,67.2808,2.5788043884566303,28.809300000000007,240
2026-08-12 19:38:24,race,257.1762,291.0626,6.3952,3.3465,-29.4295,215.0409,,,,2.3783456620845054,33.88639999999998,240
2026-08-12 19:38:25,race,259.4811,289.1775,6.3564,4.3331,-28.3753,214.8203,,,,2.1279545161100732,29.696399999999983,240
2026-08-12 19:38:26,race,259.9584,291.9965,6.2592,3.8309,-28.0007,216.098,,,,2.0519160232360547,32.03810000000004,240
2026-08-12 19:38:27,race,261.7673,294.1909,5.6566,3.7101,-27.2501,216.1236,3.2639,48.092,65.4371,2.185633432612444,32.42360000000002,240
2026-08-12 19:38:28,race,262.2629,296.2364,6.1231,5.2608,-29.5693,217.049,,,,2.4744365161593698,33.9735,240
2026-08-12 19:38:35,race,262.612,293.9102,6.7451,4.8225,-33.0577,219.8531,3.264,48.092,65.649,2.7359534259389453,31.29819999999995,240
2026-08-12 19:38:37,race,265.9449,299.1012,6.9201,,-32.6496,220.1148,,,,2.2419987759474345,33.15629999999999,240
2026-08-12 19:38:38,race,267.3051,298.6714,6.9201,5.409,-34.9638,222.924,,,,2.1145080849691156,31.366300000000024,240
2026-08-12 19:38:39,race,268.5708,301.0664,7.0173,4.308,-38.0595,227.4968,3.2641,48.092,65.3089,2.023899082162021,32.49559999999997,240
2026-08-12 19:38:40,race,267.7754,301.0607,7.2311,5.315,-38.755,227.8985,,,,2.023899082162021,33.28530000000001,240
2026-08-12 19:38:42,race,267.0912,298.872,7.3088,6.8018,-37.6336,220.5293,,,,2.047200969665922,31.7808,240
2026-08-12 19:38:43,race,266.8772,298.4938,7.8337,8.3698,-39.4363,,3.2641,48.092,65.4651,2.022045860188798,31.616600000000005,240
2026-08-12 19:38:44,race,266.4608,297.3937,8.0475,7.846,,218.6179,,,,1.884990924568288,30.932900000000018,240
2026-08-12 19:38:46,race,266.769,296.1791,8.2419,,-39.3754,218.8074,,,,1.583092665429423,29.4101,240
2026-08-12 19:38:47,race,264.8222,295.6061,8.1253,7.3767,-39.1416,218.9625,3.2641,48.092,65.9461,1.5935411388217886,30.783900000000017,240
2026-08-12 19:38:48,race,264.0523,295.3024,8.0669,7.3627,-39.7106,217.6413,,,,1.5943636208275054,31.250099999999975,240
2026-08-12 19:38:49,race,263.8195,294.2367,8.1641,7.6897,-38.9344,216.6497,,,,1.595936349417281,30.41719999999998,240
2026-08-12 19:38:53,race,264.2027,295.205,8.3002,,-40.0483,214.569,,,,1.7799384810804333,31.00229999999999,240
2026-08-12 19:38:57,race,264.166,294.38,7.7559,5.1217,-37.9811,216.263,,,,1.8566762064886024,30.214,240
2026-08-12 19:38:58,race,266.0537,297.1588,7.3672,6.4667,-38.4765,216.7515,,,,1.8934484205558595,31.105099999999993,240
2026-08-12 19:38:59,race,267.3288,299.1298,7.1145,5.4224,-39.8944,220.2017,3.2642,48.092,65.6169,1.79458122527001,31.800999999999988,240
2026-08-12 19:39:01,race,267.8557,301.668,7.406,6.6501,-45.0874,223.9004,,,,1.5952881256305436,33.81229999999999,240
2026-08-12 19:39:02,race,268.8959,299.3246,7.5421,6.1108,-43.3911,225.0011,,,,1.4315183091700967,30.428699999999992,240
2026-08-12 19:39:03,race,268.7287,302.3613,7.8531,8.0274,-49.9119,226.2111,3.2643,48.092,65.3443,1.379440047495877,33.632600000000025,240
2026-08-12 19:39:04,race,268.2355,301.0378,7.7365,,-45.6128,226.1614,,,,1.191707967270444,32.8023,240
2026-08-12 19:39:06,race,266.6416,296.1447,7.9892,5.4025,-45.9174,225.4729,,,,1.5911343916482452,29.503100000000018,240
2026-08-12 19:39:07,race,266.3442,298.7001,7.6976,6.1669,-46.1317,224.1263,3.2643,48.092,65.8134,1.5911343916482452,32.35590000000002,240
2026-08-12 19:39:09,race,266.5903,300.0179,7.892,5.7653,-48.5522,222.4945,,,,2.452577317130296,33.427599999999984,240
2026-08-12 19:39:10,race,267.3952,302.5618,8.1447,9.0494,-42.7407,221.2696,,,,2.9352197499179002,35.16660000000002,240
2026-08-12 19:39:11,race,266.3406,296.8437,8.203,6.3393,-41.8932,222.4451,3.2644,48.092,65.8574,2.9352197499179002,30.503100000000018,240
2026-08-12 19:39:20,race,275.5304,308.5034,8.4168,7.064,-54.2709,231.1221,,,,2.869978458283871,32.97300000000001,270
2026-08-12 19:39:22,race,274.9485,306.5783,8.4168,8.6684,-56.4892,232.2878,,,,2.4623391412602973,31.62979999999999,270
2026-08-12 19:39:23,race,274.0816,305.3349,8.6501,8.8684,-58.9072,231.4549,3.2645,48.092,65.6398,2.4623391412602973,31.253300000000024,270
2026-08-12 19:39:24,race,273.174,301.7425,9.3499,8.6548,-57.4297,229.6436,,,,2.1856326957583656,28.56850000000003,270
2026-08-12 19:39:25,race,272.4632,303.0718,9.622,,-55.236,227.2869,,,,1.9740762430966274,30.608600000000024,270
2026-08-12 19:39:26,race,270.6098,303.2723,9.5443,8.1691,-54.3426,226.3353,,,,2.0209241713827013,32.662499999999966,270
2026-08-12 19:39:27,race,270.1171,300.969,9.2527,7.8479,-53.5501,224.97,3.2645,48.092,65.8011,2.1745258964863563,30.8519,270
2026-08-12 19:39:29,race,270.1659,300.9174,9.4859,7.7109,-52.6159,223.8855,,,,2.4192493797283814,30.751499999999965,270
2026-08-12 19:39:30,race,269.8982,301.7368,9.2916,7.8065,-51.8045,223.786,,,,2.5743348824141865,31.838600000000042,240
2026-08-12 19:39:31,race,270.5058,301.8972,9.5248,6.5946,-48.4622,223.9944,3.2645,48.092,65.6837,2.643967312847106,31.391399999999976,270
2026-08-12 19:39:32,race,269.8471,302.0061,9.1166,6.1692,-47.0241,224.8271,,,,2.6778867624487823,32.15899999999999,240
2026-08-12 19:39:34,race,270.6281,304.7104,8.6695,5.3614,-45.7517,225.197,,,,2.8639956471928842,34.082299999999975,270
2026-08-12 19:39:46,race,278.4097,311.9297,7.3283,4.7926,-50.3884,235.368,,,,2.7328011568944657,33.52000000000004,270
2026-08-12 19:39:47,race,279.2567,313.1329,7.9114,4.7821,-52.2384,237.4468,3.2647,48.092,65.8259,2.643979648116264,33.87619999999998,270
2026-08-12 19:39:48,race,281.1079,313.8663,7.5032,5.1448,-50.6938,239.713,,,,2.5600171562093985,32.75840000000005,270
2026-08-12 19:39:50,race,282.6665,314.7773,7.7559,4.631,-48.2968,241.585,,,,2.5228357684830387,32.11080000000004,270
2026-08-12 19:39:51,race,283.7254,318.4499,8.0086,5.8742,,,3.2647,48.092,65.8781,2.4769285236963823,34.724500000000035,270
2026-08-12 19:39:52,race,283.739,317.1608,8.0475,,-49.5291,240.6445,,,,2.3834933948534487,33.42180000000002,270
2026-08-12 19:39:53,race,282.6252,315.9862,8.2613,5.9375,-48.6733,240.0447,,,,2.2541868415404873,33.36099999999999,270
2026-08-12 19:39:54,race,280.2532,312.5084,7.8531,5.362,-48.127,238.9347,,,,2.1736056398000176,32.2552,270
2026-08-12 19:39:55,race,277.5098,310.2566,7.6782,5.1773,-46.5193,237.236,3.2648,48.092,67.0955,2.152868696276569,32.74680000000001,270
2026-08-12 19:39:56,race,276.9278,309.0133,7.4838,3.9194,-44.7719,236.1586,,,,2.1279466353837444,32.085500000000025,270
2026-08-12 19:39:57,race,276.4659,310.2108,7.2894,4.3558,-43.9984,236.1346,,,,2.216714950150899,33.74490000000003,270
2026-08-12 19:39:58,race,278.0625,310.566,6.6091,3.4913,-41.254,235.8527,,,,2.3857922865629506,32.503499999999974,270
2026-08-12 19:39:59,race,279.8866,313.8376,6.6479,3.5636,-37.4916,236.7981,3.2648,48.092,66.3199,2.4170366634823934,33.95100000000002,270
2026-08-12 19:40:01,race,279.8029,314.9205,6.9589,4.757,-42.5363,237.2792,,,,2.4879015047290247,35.11759999999998,270
2026-08-12 19:40:02,race,279.7483,311.9755,6.8034,4.4879,-39.8171,237.2114,,,,2.332561066676068,32.22720000000004,270
2026-08-12 19:40:03,race,279.3411,310.99,6.7062,,-38.6949,237.6399,3.2649,48.092,66.4939,2.0468375449409986,31.648900000000026,270
2026-08-12 19:40:04,race,278.6544,311.0072,6.8034,4.2246,-41.8283,237.4401,,,,1.7353939578687874,32.3528,270
2026-08-12 19:40:05,race,277.9829,310.1936,6.9395,4.6463,-44.0762,237.0903,,,,1.608975626757282,32.21070000000003,270
2026-08-12 19:40:06,race,278.2291,310.5202,6.8812,4.1941,-41.0736,236.8078,,,,1.652584217837379,32.29109999999997,270
2026-08-12 19:40:07,race,276.6783,310.9442,6.5702,4.0185,-37.6504,235.5861,3.2649,48.092,66.6559,1.6901574622226465,34.265900000000045,270
2026-08-12 19:40:08,race,275.6658,309.2883,6.6868,5.6207,-37.547,231.4233,,,,1.7795652181698873,33.6225,270
2026-08-12 19:40:10,race,275.7757,307.4377,6.8034,5.5662,-33.0263,227.3654,,,,1.88092163157503,31.662000000000035,270
2026-08-12 19:40:11,race,275.164,305.9079,6.8229,5.1026,-32.5421,227.4237,3.2649,48.092,66.3931,1.8400376875947244,30.743899999999996,270
2026-08-12 19:40:12,race,274.9265,307.5294,7.3283,,-35.8095,228.934,,,,1.8284947830965703,32.602900000000034,270
2026-08-12 19:40:13,race,275.1496,306.4579,7.3283,6.5688,-34.4102,231.0578,,,,1.7625229022927305,31.308299999999974,270
2026-08-12 19:40:14,race,276.172,306.9564,7.2894,6.6194,-37.3937,233.3726,,,,1.731216627297356,30.78439999999995,270
2026-08-12 19:40:15,race,277.386,309.2654,7.3672,7.0225,-35.1595,234.9582,3.265,48.092,65.8194,1.7341158271036405,31.879399999999976,270
2026-08-12 19:40:17,race,278.964,312.5427,8.1058,7.1602,-37.319,235.0965,,,,1.7760530518855926,33.578700000000026,270
2026-08-12 19:40:18,race,280.1494,312.9553,7.9114,7.5571,-38.7673,235.9123,,,,1.773654517607557,32.80590000000001,270
2026-08-12 19:40:19,race,280.3634,313.047,8.0669,7.3547,,236.5322,3.265,48.092,65.9287,1.7632860902428413,32.68360000000001,270
2026-08-12 19:40:20,race,279.8357,313.0928,8.0281,7.2797,-39.5451,235.7987,,,,1.7632860902428413,33.25710000000004,270
2026-08-12 19:40:21,race,278.6043,311.7635,7.9697,,-38.8555,233.7959,,,,1.7506279998739938,33.1592,270
2026-08-12 19:40:23,race,277.967,310.8181,7.8337,6.6552,-37.4246,232.607,3.265,48.092,66.26,1.465794507451874,32.85110000000003,270
2026-08-12 19:40:24,race,278.6366,311.6833,7.9114,6.0028,-35.7037,233.9929,,,,1.2591152783913098,33.04669999999999,270
2026-08-12 19:40:25,race,278.7351,311.6088,8.0281,6.061,-37.7713,,,,,1.2907867518436242,32.873699999999985,270
2026-08-12 19:40:26,race,277.9165,309.6149,7.8531,6.8771,-38.425,234.9937,,,,1.2820607731562836,31.698399999999992,270
2026-08-12 19:40:28,race,276.7671,310.6692,7.6976,6.955,-37.2118,233.9535,3.2651,48.092,66.9887,1.3011093781470366,33.90209999999996,270
2026-08-12 19:40:33,race,276.9624,312.0901,7.5032,,-35.4621,229.3953,,,,1.9030079221503085,35.127700000000004,270
2026-08-12 19:40:35,race,281.1064,314.9606,7.8337,7.817,-36.4128,228.1572,,,,2.193538807559232,33.85419999999999,270
2026-08-12 19:40:37,race,280.3367,310.3999,7.8337,,-39.017,231.8567,,,,2.174169540222061,30.063199999999995,270
2026-08-12 19:40:38,race,278.4842,310.291,8.1253,7.5021,-39.7734,231.2347,,,,2.174169540222061,31.80680000000001,270
2026-08-12 19:40:39,race,277.601,310.2853,8.1058,8.6495,-39.9858,229.7543,3.2652,48.092,66.8691,2.1809896740462937,32.68430000000001,270
2026-08-12 19:40:40,race,275.5745,306.3147,8.1641,9.8462,-40.1281,227.8899,,,,2.1359749244273734,30.740200000000016,270
2026-08-12 19:40:41,race,274.8453,307.1398,8.2224,9.0018,-37.641,225.93,,,,2.121734068643102,32.29449999999997,270
2026-08-12 19:40:43,race,274.2634,307.432,7.8142,8.5891,-36.521,224.6422,3.2652,48.092,66.5462,2.150131975609234,33.168600000000026,270
2026-08-12 19:40:44,race,274.481,307.432,7.7365,,-36.5721,224.424,,,,2.237420931831742,32.95100000000002,270
2026-08-12 19:40:45,race,274.2476,307.432,8.1641,8.1934,-38.6035,225.9709,,,,2.2201139108438523,33.18440000000004,270
2026-08-12 19:40:46,race,275.2636,307.5695,7.9697,8.8069,-38.4841,226.7608,,,,2.0379575765669995,32.30590000000001,270
2026-08-12 19:40:47,race,275.5645,309.254,8.0475,8.8025,-39.008,227.7294,3.2653,48.092,66.2829,2.0021929421774125,33.68950000000001,270
2026-08-12 19:40:49,race,277.2392,310.4285,8.2808,8.4007,-41.0902,229.9745,,,,1.900232712418248,33.1893,270
2026-08-12 19:40:50,race,278.0936,311.712,8.4751,7.792,,230.5314,,,,1.94127830185653,33.61840000000001,270
2026-08-12 19:41:15,race,206.0884,219.6033,7.095,-7.913,49.4697,251.5413,3.2655,48.092,68.2975,2.6743336142458003,13.514899999999983,180
2026-08-12 19:41:16,race,207.222,220.7836,7.1922,,,252.5308,,,,2.2593660102588657,13.561599999999999,180
2026-08-12 19:41:17,race,206.7382,222.7144,7.6004,-6.8405,47.2798,252.0649,,,,2.264914906232213,15.976200000000006,180
2026-08-12 19:41:18,race,201.7242,220.4169,7.6004,-6.1383,47.8366,249.686,,,,2.386055118183849,18.692700000000002,180
2026-08-12 19:41:20,race,199.9977,216.5322,7.9309,-6.1348,50.4027,243.4325,,,,2.5405547068765704,16.53449999999998,180
2026-08-12 19:41:21,race,200.1445,215.7473,8.3196,-6.2735,52.7284,241.861,,,,2.4393566629609027,15.602800000000002,180
2026-08-12 19:41:22,race,200.9347,214.9852,8.3585,-6.2955,52.1501,241.3354,,,,2.3681880456961912,14.0505,180
2026-08-12 19:41:23,race,201.4674,214.5039,8.5918,-6.6651,53.285,242.0406,3.2656,48.092,67.131,2.3519765704615714,13.03649999999999,180
2026-08-12 19:41:24,race,202.1132,215.69,8.3196,,50.8187,243.1937,,,,2.403029284201142,13.576799999999992,180
2026-08-12 19:41:26,race,201.3501,213.8966,8.6112,-6.3759,52.3061,242.6287,,,,2.3409590130777698,12.546500000000009,180
2026-08-12 19:41:27,race,200.8312,213.8565,8.7084,-5.7001,53.5786,241.9426,3.2657,48.092,67.0629,2.0008169364001174,13.025300000000016,180
2026-08-12 19:41:28,race,199.7768,213.8278,8.7278,-5.3597,54.4094,241.0544,,,,1.6721601684803338,14.050999999999988,180
2026-08-12 19:41:29,race,199.1614,211.7824,8.8056,-5.103,53.3968,240.6876,,,,1.6818125574405707,12.62100000000001,180
2026-08-12 19:41:30,race,200.7159,213.0887,8.6695,-4.8225,55.0047,241.471,,,,1.6376040300208305,12.372799999999984,180
2026-08-12 19:41:31,race,201.3638,213.6216,8.4363,-5.5225,54.2435,242.4586,3.2657,48.092,66.1254,1.6446782686189987,12.257800000000003,180
2026-08-12 19:41:32,race,202.2176,213.232,8.378,-6.1944,54.1761,,,,,1.6280416151331223,11.014399999999995,180
2026-08-12 19:41:33,race,203.4645,214.1602,8.5723,-6.9766,53.776,243.5561,,,,1.6665365838284507,10.695700000000016,180
2026-08-12 19:41:34,race,205.4791,215.18,8.6501,,56.041,244.5865,,,,1.6891247884806686,9.700900000000019,180
2026-08-12 19:41:36,race,205.102,213.8164,8.6112,-5.945,53.563,246.1111,,,,1.6799992448040508,8.714399999999983,180
2026-08-12 19:41:37,race,201.8283,211.9772,8.6306,-5.0234,54.2023,244.8789,,,,1.732549152641995,10.148899999999998,180
2026-08-12 19:41:38,race,199.8644,210.8542,8.6306,-5.1524,55.3133,243.3209,,,,1.7504390151779687,10.989800000000002,180
2026-08-12 19:41:39,race,200.7062,210.9344,8.7667,-4.7458,57.1129,241.6162,3.2658,48.092,66.0952,1.7479968723146713,10.228200000000015,180
2026-08-12 19:41:40,race,201.2653,211.8683,8.5723,-4.7335,58.554,240.8216,,,,1.7424303274325907,10.603000000000009,180
2026-08-12 19:41:42,race,202.7013,212.7851,8.0864,-4.6787,58.1312,242.0514,,,,2.1025793448057613,10.083799999999997,180
2026-08-12 19:41:43,race,203.4757,212.4356,8.1253,-4.6469,56.7736,243.0703,3.2658,48.092,64.8928,2.409569672190989,8.959900000000005,180
2026-08-12 19:41:44,race,203.1084,211.5876,8.0086,-4.3234,56.544,243.9284,,,,2.6792981905103144,8.47920000000002,180
2026-08-12 19:41:45,race,202.7197,211.4386,7.9503,-3.8,58.2005,243.4497,,,,2.9006221169127158,8.71890000000002,180
2026-08-12 19:41:46,race,203.2851,211.5188,7.717,-4.4117,60.8471,242.9625,,,,2.970547861651385,8.233699999999999,180
2026-08-12 19:41:49,race,204.9615,213.5586,7.6587,-4.4675,,244.3985,,,,2.824618070916945,8.597100000000012,180
2026-08-12 19:41:50,race,206.2383,215.2087,7.6199,-4.1656,59.9039,244.7448,,,,2.644164334965893,8.970399999999984,180
2026-08-12 19:41:51,race,208.6769,217.2599,7.5032,-4.1943,60.7482,246.4017,3.2659,48.092,64.2391,2.4892777522439333,8.582999999999998,180
2026-08-12 19:41:53,race,208.7384,215.7874,7.4643,-4.2683,56.9324,248.2829,,,,2.5418365132378424,7.048999999999978,180
2026-08-12 19:41:54,race,208.8856,215.1113,7.5227,-4.3902,58.1865,248.6783,,,,2.449742461556328,6.225699999999989,180
2026-08-12 19:41:56,race,208.4809,215.667,7.5032,-3.8309,58.6337,248.5392,,,,2.071454946574531,7.18610000000001,180
2026-08-12 19:41:57,race,207.8534,214.7389,7.5227,-3.9446,60.4288,247.8945,,,,1.8770692212936246,6.8855000000000075,180
2026-08-12 19:41:58,race,207.2904,214.6357,7.5615,-3.8859,61.3166,247.53,,,,1.768545754781517,7.345300000000009,180
2026-08-12 19:41:59,race,208.2373,214.4868,7.5615,-4.5336,62.2188,247.5399,3.266,48.092,64.5112,1.8211793726812646,6.249499999999983,180
2026-08-12 19:42:01,race,209.1287,215.5525,7.8337,-4.8027,65.5124,248.7781,,,,1.8017112608301762,6.4238,180
2026-08-12 19:42:02,race,210.3263,216.9046,7.8531,-4.6928,66.6933,249.6888,,,,1.8365669302678642,6.5782999999999845,210
2026-08-12 19:42:03,race,210.1371,217.5807,7.9309,,66.0055,250.125,3.266,48.092,64.4366,1.8298262298551633,7.4436000000000035,210
2026-08-12 19:42:04,race,209.2693,216.4978,7.5421,-4.3151,65.6873,249.5352,,,,1.8216759747513094,7.228500000000025,180
2026-08-12 19:42:05,race,205.0134,215.2832,7.9697,-3.4537,65.6655,247.9321,,,,1.7869296492829356,10.269800000000004,180
2026-08-12 19:42:07,race,205.176,212.2064,7.892,-3.8521,65.9071,245.3995,3.266,48.092,64.4492,1.7831661969144357,7.030400000000014,180
2026-08-12 19:42:08,race,205.151,211.8454,7.7365,-3.2536,65.1188,245.2841,,,,1.8419012553899874,6.694400000000002,180
2026-08-12 19:42:09,race,205.1703,211.0204,7.9503,,66.3431,245.2003,,,,1.8880947026965185,5.850099999999998,180
2026-08-12 19:42:10,race,205.3728,211.0089,7.9892,-4.2119,65.2714,245.3455,,,,1.9323843455289345,5.636099999999999,180
2026-08-12 19:42:11,race,205.9862,211.9256,7.9309,-4.1602,63.4069,245.7859,3.2661,48.092,63.8721,1.9323843455289345,5.939400000000006,180
2026-08-12 19:42:13,race,205.8416,212.7507,7.6782,-3.3584,60.5219,246.1102,,,,1.8814351913455365,6.909099999999995,180
2026-08-12 19:42:14,race,206.364,212.7564,7.5032,-4.0897,60.8258,,,,,1.8128704393473456,6.392400000000009,180
2026-08-12 19:42:15,race,206.8612,212.1491,7.5032,-4.766,60.9617,246.3302,3.2661,48.092,63.8857,1.7611461439695844,5.287900000000008,180
2026-08-12 19:42:16,race,208.0658,213.1632,7.581,-5.2861,62.9777,246.9454,,,,1.679390622484628,5.097399999999993,180
2026-08-12 19:42:17,race,209.1841,213.5643,7.8726,-5.543,65.0403,247.8083,,,,1.6326095226984716,4.380200000000002,180
2026-08-12 19:42:18,race,209.3245,213.5299,8.1058,-5.6243,66.0055,248.6796,,,,1.5908739310901434,4.205399999999997,180
2026-08-12 19:42:19,race,209.1421,214.6013,8.4363,-5.4766,62.9404,248.9773,3.2661,48.092,64.5356,1.4828411443734761,5.45920000000001,180
2026-08-12 19:42:22,race,209.1055,215.8447,8.6112,-4.7831,63.0747,250.0851,,,,1.403745697517018,6.7391999999999825,180
2026-08-12 19:42:23,race,209.7205,215.4837,8.8056,-5.8555,62.797,251.3592,3.2662,48.092,64.0706,1.3936870658489426,5.763200000000012,180
2026-08-12 19:42:24,race,209.2258,216.2171,8.9028,-5.5459,63.1109,251.4254,,,,1.2595335451912506,6.991299999999995,180
2026-08-12 19:42:25,race,208.205,215.7644,8.8833,-4.1555,60.6895,249.996,,,,1.1372701795059321,7.559399999999982,180
2026-08-12 19:42:26,race,206.6848,215.0425,8.9805,-3.8533,61.3309,248.6311,,,,1.0606118403896125,8.357699999999994,180
2026-08-12 19:42:27,race,207.5124,213.931,8.4946,-3.4791,61.3281,247.641,3.2662,48.092,64.0892,1.0481459643342914,6.418599999999998,180
2026-08-12 19:42:29,race,207.839,213.6273,8.8445,-5.9719,62.5487,249.7179,,,,1.0757239247976704,5.7882999999999925,180
2026-08-12 19:42:30,race,208.581,214.143,8.9222,-6.9107,62.0053,249.8897,,,,1.0779565103144424,5.562000000000012,180
2026-08-12 19:42:31,race,209.4865,214.2805,9.1166,-7.3954,58.3669,252.0844,3.2663,48.092,63.7807,1.120769464072678,4.793999999999983,180
2026-08-12 19:42:32,race,211.5763,216.1655,9.3499,-7.6209,57.6338,254.9206,,,,1.0952826498874382,4.589200000000005,210
2026-08-12 19:42:33,race,209.6403,215.5467,9.4276,-7.2067,54.8356,256.5016,,,,1.1248340163651502,5.906399999999991,180
2026-08-12 19:42:34,race,209.5827,216.1942,9.6803,-7.3511,54.0862,256.6099,,,,1.1199367522267496,6.611500000000007,180
2026-08-12 19:42:35,race,209.4317,214.0456,9.6609,,54.3611,256.5116,3.2663,48.092,63.862,1.1268350514768688,4.613900000000001,180
2026-08-12 19:42:37,race,209.6682,213.6903,10.2829,-8.338,55.5154,256.1468,,,,0.9190231132793311,4.022099999999995,180
2026-08-12 19:42:38,race,210.0929,215.1915,10.2635,-8.2329,54.9774,255.825,,,,0.80447398087153,5.098600000000005,210
2026-08-12 19:42:39,race,209.2756,214.418,10.4967,-7.9797,56.0882,254.6828,3.2663,48.092,64.1271,0.7831400721610386,5.142400000000009,180
2026-08-12 19:42:40,race,209.3992,215.2087,10.6911,-8.57,56.9044,254.117,,,,0.7030178893795731,5.809499999999986,180
2026-08-12 19:42:41,race,210.8583,215.7243,10.9049,-9.4567,57.4955,255.0086,,,,0.6634399557702164,4.8659999999999854,210
2026-08-12 19:42:42,race,209.6555,216.5379,10.8272,-9.2603,56.9997,255.138,,,,0.6692781093115686,6.882400000000018,180
2026-08-12 19:42:44,race,209.0125,215.8962,11.1771,-9.0832,54.5361,253.6385,,,,0.5960396740568057,6.883700000000005,180
2026-08-12 19:42:45,race,208.6622,216.2572,11.0604,-7.2845,55.287,253.7183,,,,0.6418001876170393,7.594999999999999,180
2026-08-12 19:42:46,race,208.887,214.756,11.0216,-7.051,55.6689,254.6231,,,,0.6648665462084776,5.869,180
2026-08-12 19:42:47,race,209.4238,215.4264,11.1771,-7.6961,57.1349,255.6964,3.2664,48.092,63.162,0.6537538226970948,6.002600000000001,180
2026-08-12 19:42:48,race,209.1772,214.8363,11.3131,-8.5957,57.0698,256.6184,,,,0.6715383134547892,5.659099999999995,180
2026-08-12 19:42:49,race,209.396,214.9508,11.1188,-8.2209,59.5383,255.1062,,,,0.7157967912082102,5.5548,180
2026-08-12 19:42:51,race,209.4979,215.9994,10.8661,-7.4726,59.1972,253.1042,3.2665,48.092,63.0478,0.7241611520406513,6.501500000000021,180
2026-08-12 19:42:52,race,209.2001,215.6785,11.2354,,,253.3301,,,,0.6872950433656324,6.478400000000022,180
2026-08-12 19:42:53,race,209.2214,214.0513,11.6047,-8.3309,59.3788,254.0915,,,,0.7071049650790768,4.829900000000009,180
2026-08-12 19:42:54,race,211.0764,215.5181,11.4492,-9.338,60.6007,255.0008,,,,0.7543982184130335,4.441699999999997,210
2026-08-12 19:42:55,race,210.5662,216.3718,11.5075,-9.106,61.4241,,3.2665,48.092,62.9327,0.7315955002018057,5.805599999999998,210
2026-08-12 19:42:56,race,210.3671,215.3061,11.4492,-8.2667,60.3175,254.5571,,,,0.6785188642948979,4.938999999999993,210
2026-08-12 19:42:57,race,209.2198,214.6586,11.2937,-6.783,60.1302,252.7183,,,,0.6859450705491487,5.438800000000015,180
2026-08-12 19:42:59,race,210.7784,216.7385,11.2354,-8.9725,63.5876,253.4655,3.2665,48.092,62.4661,0.642403220915545,5.960099999999983,210
2026-08-12 19:43:00,race,210.3444,215.6269,11.3326,-9.0849,64.1951,254.5557,,,,0.6203073589545726,5.282499999999999,210
2026-08-12 19:43:01,race,209.9217,214.842,11.527,-8.4528,66.6329,254.4361,,,,0.6203073589545726,4.920300000000026,180
2026-08-12 19:43:02,race,210.3175,215.4379,11.6825,-8.7099,66.1795,253.4353,,,,0.5961385708711733,5.120400000000018,210
2026-08-12 19:43:04,race,211.0689,217.0994,11.838,-9.6797,68.6275,255.0649,,,,0.5366291671640981,6.030499999999989,210
2026-08-12 19:43:05,race,209.9861,216.6239,11.7991,,68.7212,255.1057,,,,0.538010013702317,6.637799999999999,180
2026-08-12 19:43:06,race,210.2661,216.2973,11.9935,-8.1518,68.175,253.6614,,,,0.5500058879768759,6.0312000000000126,210
2026-08-12 19:43:07,race,211.1772,216.0452,11.7602,-9.4609,65.5884,254.8496,3.2666,48.092,62.3453,0.5512161303632421,4.867999999999995,210
2026-08-12 19:43:08,race,209.8071,215.8618,12.0324,-9.4336,63.9755,255.9841,,,,0.4864306896437713,6.054699999999997,180
2026-08-12 19:43:09,race,210.5448,215.3347,11.9157,-8.6235,64.0646,255.724,,,,0.4733943962362852,4.789899999999989,210
2026-08-12 19:43:10,race,210.5309,216.0738,12.0324,-9.6084,65.8657,255.6953,,,,0.4932954742250923,5.542900000000003,210
2026-08-12 19:43:12,race,210.3933,216.1483,12.1296,-9.0151,63.7208,254.9385,,,,0.5062481796763539,5.7549999999999955,210
2026-08-12 19:43:13,race,209.9806,213.7935,11.9546,,62.3951,254.5527,,,,0.6074380148581914,3.812899999999985,180
2026-08-12 19:43:14,race,209.2803,214.8248,12.0518,-8.6246,62.9501,253.7527,,,,0.7064846768901923,5.544499999999999,180
2026-08-12 19:43:15,race,211.0937,215.7358,12.0712,-8.2746,65.0971,253.3035,3.2667,48.092,62.3559,0.744772245685228,4.642099999999999,210
2026-08-12 19:43:17,race,210.1231,216.1655,12.2656,-8.2089,68.1739,251.5199,,,,0.869189283216301,6.042400000000015,210
2026-08-12 19:43:18,race,210.0957,216.7156,12.1684,-8.5489,69.2525,250.7304,,,,0.899042797135289,6.619900000000001,210
2026-08-12 19:43:19,race,210.4457,216.7557,12.0712,-8.6766,69.4324,251.4402,3.2667,48.092,62.6332,0.9887628043750957,6.310000000000002,210
2026-08-12 19:43:20,race,211.078,216.6525,12.4989,-8.5559,69.6598,252.3938,,,,0.9664803775231653,5.5745000000000005,210
2026-08-12 19:43:22,race,209.9488,216.7327,11.7214,-7.4576,63.9007,250.888,,,,0.9566284890452454,6.7838999999999885,180
2026-08-12 19:43:23,race,208.9363,216.1426,11.7797,-6.4461,59.915,250.7716,3.2668,48.092,62.2713,0.9596073340621386,7.206299999999999,180
2026-08-12 19:43:24,race,208.5854,215.392,11.6047,-6.3056,57.453,251.0809,,,,0.980501979306927,6.806600000000003,180
2026-08-12 19:43:25,race,208.7432,215.3118,11.2354,-6.6244,,251.7144,,,,1.0892991572712667,6.5686000000000035,180
2026-08-12 19:43:26,race,208.2897,216.3374,10.8272,-5.7754,56.5669,250.5412,,,,1.1077609285008638,8.047699999999992,180
2026-08-12 19:43:28,race,208.2335,215.6097,10.244,,54.0699,248.0709,,,,1.178188461113799,7.376200000000011,180
2026-08-12 19:43:29,race,208.0195,217.1052,10.0302,-4.5781,50.8241,248.4724,,,,1.1926187332439318,9.085700000000003,180
2026-08-12 19:44:51,postfinish,192.384,195.9172,10.8078,-9.4615,66.692,235.4784,3.2676,48.092,63.3355,2.1845643411039113,3.533200000000022,180
2026-08-12 19:44:52,postfinish,192.224,197.2063,10.8855,-8.8174,68.3538,235.6466,,,,1.7900898752312597,4.982300000000009,180
2026-08-12 19:44:53,postfinish,191.7832,197.3668,10.8078,-7.99,72.5517,235.0544,,,,1.5541919494988812,5.583600000000018,180
2026-08-12 19:44:54,postfinish,190.9003,196.8912,10.6134,-6.7881,73.8528,233.3424,,,,1.305199368869677,5.9909000000000106,180
2026-08-12 19:44:55,postfinish,190.0148,195.4703,10.5162,-6.5844,72.3165,231.9943,3.2676,48.092,63.2431,1.3525456603368677,5.455500000000001,180
2026-08-12 19:44:56,postfinish,189.912,194.651,10.3995,-7.168,,231.6493,,,,1.1812536039170634,4.739000000000004,180
2026-08-12 19:44:57,postfinish,191.4273,195.5104,10.2829,-7.2983,73.5051,232.5255,,,,1.6747621014396032,4.083100000000002,180
2026-08-12 19:44:59,postfinish,189.7856,193.803,10.2829,-7.1137,72.6321,232.572,3.2677,48.092,63.2554,2.038421836378955,4.017400000000009,180
2026-08-12 19:45:00,postfinish,191.9705,196.6105,10.1663,,72.4369,233.5839,,,,2.2183788591029923,4.640000000000015,180
2026-08-12 19:45:01,postfinish,193.0311,196.7251,9.7775,-6.8021,73.2463,234.7206,,,,2.277121946006336,3.6939999999999884,180
2026-08-12 19:45:02,postfinish,192.7805,196.4844,9.9136,-6.7164,70.6021,236.038,,,,2.408264177277553,3.7039000000000044,180
2026-08-12 19:45:04,postfinish,192.2888,197.4355,9.622,-6.739,69.1241,236.647,,,,2.6045041815401273,5.146699999999981,180
2026-08-12 19:45:05,postfinish,193.8424,197.1319,9.5443,-7.8518,70.8991,237.2534,,,,2.590744614126072,3.289500000000004,180
2026-08-12 19:45:06,postfinish,193.5821,196.45,9.5831,-9.1213,72.6758,237.7687,,,,2.453526905435728,2.8678999999999917,180
2026-08-12 19:45:07,postfinish,197.08,197.3668,10.0691,-9.6751,72.9157,239.299,3.2677,48.092,63.2988,2.232149198358094,0.2867999999999995,180
2026-08-12 19:45:09,postfinish,197.0881,200.2258,10.3218,,71.0216,240.5902,,,,2.224994801387237,3.1376999999999953,180
2026-08-12 19:45:10,postfinish,196.2815,199.1601,10.4579,-7.9008,71.0161,240.459,,,,1.878251421865144,2.878600000000006,180
2026-08-12 19:45:11,postfinish,195.9277,199.2862,10.2829,-8.2376,72.3364,240.7229,3.2678,48.092,63.5516,1.682196541433866,3.3585000000000207,180
2026-08-12 19:45:12,postfinish,196.4016,199.0971,10.5551,-8.3945,71.7578,240.9836,,,,1.5633566431327228,2.6955000000000098,180
2026-08-12 19:45:13,postfinish,196.7244,199.5612,10.5356,-8.9736,71.7337,241.1958,,,,1.3870523533255594,2.836800000000011,180
2026-08-12 19:45:14,postfinish,196.6288,200.3576,10.5356,-8.4536,70.7501,240.7164,,,,1.3870523533255594,3.7287999999999784,180
2026-08-12 19:45:16,postfinish,195.9874,199.8706,10.4773,-7.4325,69.5277,239.7177,,,,0.9379717089449271,3.883199999999988,180
2026-08-12 19:45:17,postfinish,195.7134,199.3549,10.3024,-7.0597,72.2999,239.5544,,,,0.7319251388831637,3.6414999999999793,180
2026-08-12 19:45:18,postfinish,197.8733,200.7243,10.1468,-7.115,73.92,239.0988,,,,0.7933658100976799,2.850999999999999,180
2026-08-12 19:45:20,postfinish,197.1022,201.3889,9.6026,-5.6565,73.6005,238.9049,,,,0.8081070173668575,4.286699999999996,180
2026-08-12 19:45:21,postfinish,195.527,199.0054,9.3499,,72.2087,238.5118,,,,0.826814459511507,3.478400000000022,180
2026-08-12 19:45:22,postfinish,195.4881,199.4523,9.0194,-5.287,74.2102,237.8294,,,,1.0461542176261345,3.9642000000000053,180
2026-08-12 19:45:23,postfinish,195.7824,199.7732,8.6306,-5.5046,73.2329,237.3469,3.2679,48.092,62.3153,1.5906485894170896,3.9908000000000072,180
2026-08-12 19:45:53,postfinish,203.5155,205.222,8.6112,-7.0251,60.389,248.2526,,,,2.404173282674373,1.7065000000000055,180
2026-08-12 19:45:54,postfinish,203.6192,205.9669,8.7473,,59.3488,247.7692,,,,1.8437115159045332,2.3477000000000032,180
2026-08-12 19:45:55,postfinish,204.7409,206.8148,8.9222,-7.7085,62.037,247.5275,3.2682,48.092,62.7801,1.529846053159235,2.0738999999999805,180
2026-08-12 19:45:56,postfinish,205.3897,208.0524,9.0583,-7.2425,60.6269,247.7976,,,,1.1836766714035627,2.662700000000001,180
2026-08-12 19:45:57,postfinish,205.2779,208.9806,9.0777,-6.7351,60.6159,247.8203,,,,1.3026270090174703,3.7027000000000214,180
2026-08-12 19:45:58,postfinish,204.7629,208.4363,9.0972,-6.9979,60.5917,247.9656,,,,1.3188984488992312,3.6733999999999867,180
2026-08-12 19:45:59,postfinish,204.9973,207.8061,9.1166,-7.3301,59.9984,248.0621,3.2682,48.092,62.7926,1.4309882264044693,2.808799999999991,180
2026-08-12 19:46:01,postfinish,204.4778,207.5482,9.0583,,60.3193,247.366,,,,1.5496876286997023,3.0704000000000065,180
2026-08-12 19:46:02,postfinish,204.9395,207.554,9.3693,-7.9265,59.7745,247.5986,,,,1.544878314396712,2.6144999999999925,180
2026-08-12 19:46:03,postfinish,205.1394,208.1728,9.3693,-8.1529,60.4318,247.8917,3.2683,48.092,62.6454,1.545957564169167,3.0334000000000003,180
2026-08-12 19:46:04,postfinish,205.3969,208.2415,9.5637,-7.8601,59.6265,247.9501,,,,1.4774690415361644,2.844600000000014,180
2026-08-12 19:46:05,postfinish,205.8707,207.8805,9.4471,-7.6975,59.0903,248.3262,,,,1.3796078214654302,2.0098000000000127,180
2026-08-12 19:46:06,postfinish,206.3638,209.9489,9.4859,-8.3758,59.8599,249.7456,,,,1.3671569159397785,3.5851000000000113,180
2026-08-12 19:46:07,postfinish,207.874,210.2297,9.5637,-8.5139,58.8023,251.4334,3.2683,48.092,62.5614,1.3790183531156321,2.355700000000013,180
2026-08-12 19:46:08,postfinish,208.3405,210.7339,9.4276,-8.0461,57.8398,251.5846,,,,1.3794655084271714,2.393400000000014,180
2026-08-12 19:46:09,postfinish,208.2659,211.9084,9.1555,-6.9065,55.6691,251.4846,,,,1.3495717953562139,3.6425000000000125,180
2026-08-12 19:46:11,postfinish,207.9278,211.7881,9.0777,-7.3517,56.78,252.2398,3.2684,48.092,62.1246,1.2960488802319778,3.860299999999995,180
2026-08-12 19:46:12,postfinish,208.0227,211.9657,8.8056,,59.1922,251.5031,,,,1.1658567583807962,3.943000000000012,180
2026-08-12 19:46:13,postfinish,207.437,210.0864,9.0583,-7.18,61.3806,250.3866,,,,1.0253484796670376,2.6493999999999858,180
2026-08-12 19:46:14,postfinish,207.5486,210.6651,9.2332,-7.116,61.0869,249.3252,,,,0.9456755266037261,3.116500000000002,180
2026-08-12 19:46:15,postfinish,207.4459,210.8141,9.1555,-6.817,59.7354,248.7548,3.2684,48.092,62.6726,0.8758548656889668,3.3682000000000016,180
2026-08-12 19:46:16,postfinish,207.8709,211.6621,9.136,-7.3284,56.6626,250.4742,,,,0.8235917464459838,3.7912000000000035,180
2026-08-12 19:46:18,postfinish,207.9875,211.7079,8.825,-8.618,55.316,252.2985,,,,1.0047987140879624,3.7203999999999837,180
2026-08-12 19:46:19,postfinish,208.4518,211.9657,9.2138,-8.9965,56.059,252.8921,3.2684,48.092,62.4426,1.0881200971437148,3.5139000000000067,180
2026-08-12 19:46:20,postfinish,208.7797,212.5845,9.0194,-8.1861,54.4105,252.1523,,,,1.0841850330509555,3.8048,180
2026-08-12 19:46:21,postfinish,207.4096,213.3523,9.4859,,,,,,,1.2853723707978209,5.942700000000002,180
2026-08-12 19:46:23,postfinish,206.8873,212.745,9.0194,-6.3741,52.8611,249.7147,3.2685,48.092,62.4556,1.7942980558862043,5.857699999999994,180
2026-08-12 19:46:24,postfinish,205.8836,211.5475,9.0,-6.3169,52.1353,249.6807,,,,1.9144660402156473,5.663900000000012,180
2026-08-12 19:46:25,postfinish,206.0623,212.0288,9.0389,-6.5768,52.5052,249.5004,,,,1.9347702746822244,5.966499999999996,180
2026-08-12 19:46:26,postfinish,206.4812,212.0975,8.9417,-6.0806,52.1085,249.0603,,,,2.1160946559745826,5.616299999999995,180
2026-08-12 19:46:27,postfinish,205.4901,210.8943,8.9028,-6.0445,53.3523,247.776,3.2685,48.092,62.8398,2.260597558014266,5.404199999999975,180
2026-08-12 19:46:28,postfinish,205.5204,210.6766,8.8056,-6.5842,53.9866,247.0842,,,,2.5016092720997265,5.1562000000000126,180
2026-08-12 19:46:29,postfinish,205.1455,210.5276,9.136,,55.7597,247.0861,,,,2.7855912134352616,5.382100000000008,180
2026-08-12 19:46:31,postfinish,203.8654,207.7889,9.4471,-5.9226,55.4646,245.1469,3.2686,48.092,63.3231,2.7989509744465133,3.9235000000000184,180
2026-08-12 19:46:32,postfinish,202.795,207.1758,9.5054,-5.4683,58.3458,243.7896,,,,2.9194295402197463,4.380800000000022,180
2026-08-12 19:46:39,postfinish,198.5765,205.1132,9.1166,-4.7074,56.9562,240.2043,3.2686,48.092,63.0937,2.9037550366919342,6.536699999999996,180
2026-08-12 19:46:41,postfinish,198.0614,203.5891,8.7862,-4.993,55.4579,238.8526,,,,2.557076188508634,5.52770000000001,180
2026-08-12 19:46:42,postfinish,197.9769,203.2167,8.7473,-5.4005,56.0134,238.6907,,,,2.3177648411598235,5.2398000000000025,180
2026-08-12 19:46:43,postfinish,198.0569,202.7297,8.825,-5.0635,56.0583,238.5255,3.2687,48.092,63.5033,2.181893941124456,4.672799999999995,180
2026-08-12 19:46:44,postfinish,197.2427,202.0879,8.3002,-5.2489,55.5257,238.4579,,,,1.9753870751900213,4.845199999999977,180
2026-08-12 19:46:45,postfinish,197.1491,202.3859,8.7862,-5.0518,56.5706,238.4667,,,,1.6118885630823987,5.236799999999988,180
2026-08-12 19:46:47,postfinish,196.0784,200.3863,8.8445,,58.9906,236.7728,3.2687,48.092,63.6817,1.409364871062014,4.307900000000018,180
2026-08-12 19:46:48,postfinish,195.7443,200.7415,8.7862,-5.3515,61.5596,236.7961,,,,1.2108431489081375,4.997199999999992,180
2026-08-12 19:46:49,postfinish,196.682,200.329,8.9611,-6.4033,63.6883,237.1539,,,,1.2678329572796643,3.64700000000002,180
2026-08-12 19:46:50,postfinish,197.2775,200.6326,9.2527,-7.4205,63.7716,237.4794,,,,1.47431171747817,3.355099999999993,180
2026-08-12 19:46:51,postfinish,198.5487,201.2629,9.4859,-7.8142,64.3865,237.7556,3.2687,48.092,63.4668,1.6469493058090927,2.7142000000000053,180
2026-08-12 19:46:52,postfinish,197.8128,200.8561,9.8941,-7.2515,61.9879,239.0046,,,,1.6927291295732683,3.043299999999988,180
2026-08-12 19:46:54,postfinish,198.2544,201.578,9.8747,-7.7719,,,,,,2.2357729588108555,3.323599999999999,180
2026-08-12 19:46:55,postfinish,198.9281,202.1166,9.8358,-7.9195,60.2351,242.1499,3.2688,48.092,63.6437,2.4946879703643425,3.1885000000000048,180
2026-08-12 19:46:56,postfinish,199.516,203.1078,10.2829,-8.0035,62.2537,242.9951,,,,2.505123944276669,3.5918000000000063,180
2026-08-12 19:46:57,postfinish,200.1211,202.6953,10.4773,-8.0891,62.8201,242.9432,,,,2.855653184143804,2.5741999999999905,180
2026-08-12 19:47:10,postfinish,206.8232,209.1067,10.5745,-8.5097,61.2914,252.2591,,,,2.6863201762227864,2.283499999999975,180
2026-08-12 19:47:11,postfinish,208.3154,208.952,10.6911,-10.1683,62.1092,252.9432,3.2689,48.092,63.4691,2.4289956446238534,0.6365999999999872,180
2026-08-12 19:47:12,postfinish,208.5175,211.0605,10.9438,-9.7737,61.4654,252.4717,,,,2.0970853386804533,2.542999999999978,180
2026-08-12 19:47:13,postfinish,208.9622,211.4673,11.2937,-9.011,60.505,251.98,,,,2.0773041660291836,2.5050999999999988,180
2026-08-12 19:47:14,postfinish,209.3093,211.685,11.1382,-8.81,60.0464,251.2753,,,,1.866790364443899,2.375699999999995,180
2026-08-12 19:47:16,postfinish,209.3867,213.4783,11.1965,-9.1054,57.1417,253.2528,,,,2.4672253397786434,4.0916,180
2026-08-12 19:47:34,postfinish,197.9451,202.6666,12.4017,,69.2797,238.5484,,,,2.962045019961009,4.721499999999992,180
2026-08-12 19:47:35,postfinish,197.1975,203.1479,11.9352,-7.7554,67.8759,238.561,3.2692,48.092,63.1082,2.6825039659776766,5.950400000000002,180
2026-08-12 19:47:37,postfinish,196.7912,201.1426,11.8185,-6.8671,66.6343,238.2026,,,,2.184812208167204,4.351399999999984,180
2026-08-12 19:47:38,postfinish,197.5994,202.9417,11.352,-6.9662,66.8069,238.4814,,,,2.205064274457558,5.3422999999999945,180
2026-08-12 19:47:39,postfinish,197.1538,203.3485,10.8272,-5.6118,69.6128,237.3314,3.2692,48.092,62.7017,2.2149281803835157,6.194700000000012,180
2026-08-12 19:47:41,postfinish,194.2648,200.3805,10.2635,-3.6861,66.9785,235.3174,,,,2.2592054758950497,6.115700000000004,180
2026-08-12 19:47:42,postfinish,192.554,199.0283,9.797,-4.0159,67.1729,233.9507,,,,2.2922995452373276,6.4742999999999995,180
2026-08-12 19:47:43,postfinish,192.0666,197.2866,9.311,,67.615,233.1071,3.2692,48.092,62.6963,2.336266515130374,5.219999999999999,180
2026-08-12 19:47:45,postfinish,192.0303,198.8737,8.6306,-3.2594,72.5717,232.4029,,,,2.4937151227244794,6.843400000000003,180
2026-08-12 19:47:46,postfinish,194.9334,199.607,8.3002,-4.2061,71.0104,234.15,,,,2.5556849255773293,4.673599999999993,180
2026-08-12 19:47:47,postfinish,197.6102,202.8041,8.1641,-3.9829,69.8716,236.1921,3.2693,48.092,62.2924,2.5556849255773293,5.1939000000000135,180
2026-08-12 19:47:48,postfinish,198.8023,204.099,7.9309,-3.5304,68.6006,237.6858,,,,2.6081444545070616,5.296699999999987,180
2026-08-12 19:47:49,postfinish,198.814,203.0677,7.6393,-3.4478,69.0246,238.6392,,,,2.6516818222167235,4.253700000000009,180
2026-08-12 19:47:50,postfinish,197.7419,202.0822,7.5032,-4.137,69.1134,238.6749,,,,2.707443678493587,4.340300000000013,180
2026-08-12 19:47:52,postfinish,198.6896,202.2369,7.892,-5.2765,73.4471,238.8953,,,,2.6666183593472828,3.5472999999999786,180
2026-08-12 19:47:53,postfinish,198.8163,200.3863,8.3196,-5.2195,75.7603,238.7619,,,,2.43192011523916,1.5699999999999932,180
2026-08-12 19:47:54,postfinish,199.4429,202.5807,8.4168,,77.2676,239.2807,,,,1.9604072766117668,3.1377999999999986,180
2026-08-12 19:47:55,postfinish,199.556,202.2827,8.7667,-5.071,76.4103,239.4957,3.2694,48.092,63.3091,1.9634537532683725,2.726699999999994,180
2026-08-12 19:47:56,postfinish,199.112,202.1968,8.4946,-4.3897,75.7169,239.2856,,,,1.196630514321677,3.0848000000000013,180
2026-08-12 19:47:58,postfinish,199.0363,201.8473,8.6306,-5.5454,78.2723,238.9933,,,,0.7003619846356891,2.8109999999999786,180
2026-08-12 19:47:59,postfinish,199.0599,202.1624,8.9805,-5.9416,,239.1494,3.2694,48.092,63.2353,0.7448149606715807,3.102499999999992,180
2026-08-12 19:48:00,postfinish,199.3594,201.8187,8.6306,-5.469,76.0093,,,,,0.747482360966923,2.459300000000013,180
2026-08-12 19:48:01,postfinish,200.1012,202.3916,8.6112,-4.9866,76.9502,239.3706,,,,0.6124336520773201,2.2904000000000053,180
2026-08-12 19:48:02,postfinish,199.8714,202.5062,8.5335,-4.4079,75.583,239.7289,,,,0.6014081059107064,2.6348000000000127,180
2026-08-12 19:48:04,postfinish,199.573,203.0333,8.203,-4.2527,72.7862,239.8521,,,,0.5311742026186456,3.4602999999999895,180
2026-08-12 19:48:05,postfinish,200.4589,202.9989,8.0281,-4.7275,71.7479,239.9258,,,,0.6690132690896191,2.539999999999992,180
2026-08-12 19:48:06,postfinish,199.7315,202.151,7.9309,-4.2052,70.3321,240.0929,,,,0.717426879597542,2.4194999999999993,180
2026-08-12 19:48:08,postfinish,200.712,202.787,7.8337,-4.222,74.0686,240.1158,,,,0.7631461428460615,2.075000000000017,180
2026-08-12 19:48:09,postfinish,200.6899,202.9417,7.717,-4.0439,73.446,240.5739,,,,0.8328224230234362,2.251800000000003,180
2026-08-12 19:48:11,postfinish,200.1924,203.5891,7.4838,-2.7891,71.8765,240.4265,3.2695,48.092,62.7156,0.9573169783774863,3.39670000000001,180
2026-08-12 19:48:12,postfinish,200.0532,203.7266,7.4255,-2.4482,71.0668,240.3941,,,,0.9686894289417209,3.6733999999999867,180
2026-08-12 19:48:13,postfinish,199.2476,203.1307,7.3088,,74.6771,239.8401,,,,1.0009056246408359,3.8830999999999847,180
2026-08-12 19:48:14,postfinish,199.2382,202.8958,7.1922,-2.1407,75.1129,239.4872,,,,1.0236476673784995,3.657600000000002,180
2026-08-12 19:48:15,postfinish,197.9643,202.0879,7.0367,-2.1837,71.4886,238.9808,3.2695,48.092,62.9972,1.0200493378514919,4.123599999999982,180
2026-08-12 19:48:16,postfinish,198.5388,201.9218,6.9589,-1.8488,67.3831,238.2876,,,,0.9836593515340109,3.3829999999999814,180
2026-08-12 19:48:17,postfinish,198.3889,202.9875,6.784,-1.9137,68.1883,238.2781,,,,0.9956684680708074,4.598600000000005,180
2026-08-12 19:48:19,postfinish,198.0417,201.2801,6.5313,,67.1365,238.0803,3.2696,48.092,62.9345,1.0171789069433923,3.238400000000013,180
2026-08-12 19:48:20,postfinish,198.1184,201.8244,6.473,-2.1325,68.095,238.2361,,,,1.3577388858184984,3.705999999999989,180
2026-08-12 19:48:21,postfinish,197.9028,200.4378,6.473,-2.5436,68.1916,237.7095,,,,1.6284399164832652,2.5349999999999966,180
2026-08-12 19:48:23,postfinish,198.0999,200.3462,6.6868,-2.33,61.2045,238.1923,3.2696,48.092,63.2157,1.930180647465536,2.2463000000000193,180
2026-08-12 19:48:24,postfinish,197.8458,201.9619,6.5896,-2.2043,61.5775,238.0525,,,,2.1715903763593105,4.116100000000017,180
2026-08-12 19:48:25,postfinish,198.9116,200.4837,6.7062,-2.8225,59.8778,238.3786,,,,2.3274485785515022,1.572100000000006,180
2026-08-12 19:48:26,postfinish,198.2652,199.395,6.8812,,62.3528,238.5701,,,,2.419611731774358,1.1298000000000172,180
2026-08-12 19:48:28,postfinish,200.5003,199.8362,7.1533,-5.5913,60.1576,240.2327,,,,2.6226434162980827,-0.664100000000019,180
2026-08-12 19:48:29,postfinish,200.6104,202.3515,7.3866,-5.7884,60.6307,241.6835,,,,2.6226434162980827,1.7410999999999888,180
2026-08-12 19:48:30,postfinish,203.1037,202.214,7.8726,-5.8763,57.4874,242.3093,,,,2.763042422726867,-0.8897000000000048,180
2026-08-12 19:48:31,postfinish,203.2853,205.921,7.6782,-4.5726,54.0225,242.7466,3.2697,48.092,63.1476,2.936534635054771,2.6356999999999857,180
2026-08-12 19:48:46,postfinish,210.3217,213.1231,8.9222,-6.5252,49.177,252.5968,,,,2.9913330346779152,2.801400000000001,210
2026-08-12 19:48:47,postfinish,210.5717,213.8565,8.4751,-6.597,48.1717,252.9462,3.2698,48.092,62.5555,2.688668562869048,3.2848000000000184,210
2026-08-12 19:48:49,postfinish,211.2846,215.816,8.6501,-6.966,47.567,253.7202,,,,1.8458208050925267,4.531399999999991,210
2026-08-12 19:48:50,postfinish,211.5478,215.6097,8.9028,-5.8018,46.8597,253.3738,,,,1.8458208050925267,4.0619000000000085,210
2026-08-12 19:48:51,postfinish,211.7091,216.4864,8.3391,-5.8779,44.7863,253.5651,3.2699,48.092,62.3762,1.4990187871169853,4.777299999999997,210
2026-08-12 19:48:52,postfinish,211.9831,216.8932,8.1641,-5.9713,43.3745,254.3605,,,,1.1813507397620953,4.9101,210
2026-08-12 19:48:53,postfinish,212.0836,216.5609,8.4168,-5.843,42.076,254.5374,,,,0.8553312173230935,4.477300000000014,210
2026-08-12 19:48:54,postfinish,212.8007,218.5719,7.9503,-5.792,42.5086,255.2089,,,,0.8412255156823055,5.771199999999993,210
2026-08-12 19:48:56,postfinish,212.2965,217.0651,8.0475,-4.9683,40.9958,254.6568,,,,0.8469807382404662,4.768599999999992,210
2026-08-12 19:48:57,postfinish,211.8523,216.1942,8.1058,,41.3617,252.6805,,,,0.8487278541428286,4.341899999999981,210
2026-08-12 19:48:58,postfinish,211.714,217.0765,7.8726,-4.951,42.0027,252.091,,,,0.8542185774730076,5.362500000000011,210
2026-08-12 19:48:59,postfinish,212.1518,217.3515,7.9114,-5.1767,40.6738,252.0287,3.27,48.092,62.188,0.9036091485574408,5.199699999999979,210
2026-08-12 19:49:01,postfinish,212.6597,217.7698,7.8531,-5.1388,40.0658,252.527,,,,0.9496318632762416,5.110100000000017,210
2026-08-12 19:49:02,postfinish,212.2581,217.1052,7.6976,-5.1409,37.0594,253.1075,,,,0.9671521314705659,4.847099999999983,210
2026-08-12 19:49:03,postfinish,210.7378,217.1281,7.581,-4.839,38.5561,253.0819,3.27,48.092,62.447,0.968360730734316,6.390299999999996,210
2026-08-12 19:49:04,postfinish,210.1545,215.5353,7.6004,-4.9454,,252.6771,,,,0.9620703430623988,5.380799999999994,210
2026-08-12 19:49:06,postfinish,210.0597,214.3263,7.9697,-6.4762,40.8749,252.3112,,,,0.909553779153755,4.266600000000011,210
2026-08-12 19:49:07,postfinish,210.3012,214.1602,8.0281,,39.1228,251.8932,3.27,48.092,63.0593,0.9212396052887649,3.859000000000009,210
2026-08-12 19:49:08,postfinish,210.4926,214.3091,8.2419,-6.5444,38.7826,252.2531,,,,0.9710616679432067,3.8164999999999907,210
2026-08-12 19:49:09,postfinish,209.9766,214.2289,8.2808,-6.2711,38.962,,,,,1.0563803241350254,4.2523000000000195,180
2026-08-12 19:49:10,postfinish,210.6081,213.6502,8.5723,-7.0617,38.9553,252.7801,,,,0.9974847712408743,3.042100000000005,210
2026-08-12 19:49:12,postfinish,210.5389,215.6556,8.825,-5.7781,40.0173,252.9177,,,,1.0908545563127072,5.11669999999998,210
2026-08-12 19:49:13,postfinish,210.5727,216.3088,8.825,-5.5323,40.8288,252.2532,,,,1.0955313615928302,5.736099999999993,210
2026-08-12 19:49:14,postfinish,210.4473,216.7156,8.5335,,40.3661,252.6592,,,,1.0922197582455067,6.268299999999982,210
2026-08-12 19:49:16,postfinish,209.9178,216.4864,8.3002,-4.1969,38.6585,253.7588,,,,1.3646178092386059,6.5686000000000035,180
2026-08-12 19:49:17,postfinish,209.3765,216.7958,8.1447,-3.8858,40.0785,253.4609,,,,1.5281653608769394,7.419300000000021,180
2026-08-12 19:49:18,postfinish,209.0384,216.2744,7.8726,-3.3613,39.9028,251.2258,,,,1.6897993111509495,7.236000000000018,180
2026-08-12 19:49:19,postfinish,208.481,215.0368,7.9114,-3.3678,40.2032,249.9738,3.2702,48.092,62.7455,1.678508145133388,6.555800000000005,180
2026-08-12 19:49:21,postfinish,208.092,213.2262,7.9697,-4.4513,40.0595,249.5619,,,,1.9461379066031779,5.134199999999993,180
2026-08-12 19:49:22,postfinish,207.5753,212.5502,8.0864,-4.5275,40.3764,248.7992,,,,2.070667150743601,4.974899999999991,180
2026-08-12 19:49:23,postfinish,207.2514,212.3095,8.2224,,41.2707,248.3084,3.2702,48.092,63.5486,2.1419575389129104,5.0581000000000245,180
2026-08-12 19:49:25,postfinish,207.3491,212.7564,8.3391,-4.5505,42.9365,247.3991,,,,2.1834571004567764,5.407300000000021,180
2026-08-12 19:49:27,postfinish,206.0874,211.9543,8.3974,-4.2545,43.7827,246.371,3.2702,48.092,63.3246,2.2121087039211873,5.866899999999987,180
2026-08-12 19:49:28,postfinish,205.5097,212.2751,8.3974,-4.2006,43.0351,245.8217,,,,2.216900177624084,6.7654,180
2026-08-12 19:49:30,postfinish,205.2317,211.3699,8.5529,,42.5633,245.2342,,,,2.2302629705684147,6.138200000000012,180
2026-08-12 19:49:31,postfinish,204.3258,210.6766,8.2613,-3.5574,41.0776,244.657,3.2703,48.092,63.2121,2.2302629705684147,6.350800000000021,180
2026-08-12 19:49:32,postfinish,204.2717,210.1953,8.3002,-3.5623,,244.2399,,,,2.1790764650209242,5.923599999999993,180
2026-08-12 19:49:33,postfinish,203.6594,208.9233,8.378,-4.1715,41.9494,243.8936,,,,2.0870528162737765,5.263900000000007,180
2026-08-12 19:49:34,postfinish,203.3777,209.3588,8.2224,-3.9039,42.2971,243.5868,,,,1.9616413891344644,5.981099999999998,180
2026-08-12 19:49:35,postfinish,202.5382,209.7541,8.1836,-2.9998,41.0887,243.5468,3.2703,48.092,63.0341,2.0055626890685523,7.215900000000005,180
2026-08-12 19:49:37,postfinish,202.1074,209.0494,7.9114,,40.3009,242.242,,,,1.7682165357576947,6.941999999999979,180
2026-08-12 19:49:38,postfinish,201.9795,208.8718,7.7754,-2.953,40.3615,242.0568,,,,1.6593155201148508,6.892300000000006,180
2026-08-12 19:49:39,postfinish,201.2839,206.3393,8.3585,-2.2427,39.6261,241.5458,3.2703,48.092,63.3696,1.494736251825506,5.05540000000002,180
2026-08-12 19:49:40,postfinish,201.2138,205.8236,7.2505,-2.2332,44.4399,241.2818,,,,1.4544761661968268,4.609800000000007,180
2026-08-12 19:49:42,postfinish,201.2715,205.9669,7.6393,-3.4416,47.9625,241.3201,,,,1.1348653261473125,4.6954000000000065,180
2026-08-12 19:49:43,postfinish,201.5862,206.1388,7.4838,-3.8928,49.3918,,3.2704,48.092,63.5932,0.9552738964161267,4.552600000000012,180
2026-08-12 19:49:44,postfinish,201.6572,206.1388,7.6587,-4.0796,51.6665,241.4513,,,,0.8018303600112607,4.4816000000000145,180
2026-08-12 19:49:45,postfinish,200.7993,205.8809,7.6393,,49.5887,241.1181,,,,0.6439655866651941,5.081600000000009,180
2026-08-12 19:49:46,postfinish,199.9014,205.1246,7.7365,-3.5435,51.4206,240.6425,,,,0.56729576935816,5.223199999999991,180
2026-08-12 19:49:48,postfinish,200.1342,205.6575,7.9697,-3.5927,50.6126,240.0324,,,,0.5268008440489782,5.523300000000006,180
2026-08-12 19:49:49,postfinish,200.9749,205.9669,8.0086,-4.2451,51.957,240.3597,,,,0.6623151378747745,4.992000000000019,180
2026-08-12 19:49:50,postfinish,201.815,205.7721,8.1447,-4.9978,54.1236,240.7371,,,,0.9566414173695852,3.957099999999997,180
2026-08-12 19:49:51,postfinish,201.3826,206.4252,8.4946,-5.0494,53.8884,241.3707,3.2705,48.092,63.7572,1.1907655942277369,5.042599999999993,180
2026-08-12 19:49:53,postfinish,201.0302,206.1273,8.5529,-4.8371,56.8572,241.225,,,,1.2741324446227538,5.097099999999983,180
2026-08-12 19:49:54,postfinish,201.2122,206.7633,8.5918,-4.4941,56.6591,241.3574,,,,1.2360457277333525,5.551099999999991,180
2026-08-12 19:49:55,postfinish,200.8914,207.3534,8.3002,-4.1249,55.3064,241.3367,3.2705,48.092,63.2859,1.2192489275281417,6.461999999999989,180
2026-08-12 19:49:56,postfinish,200.8761,207.9035,7.9503,-3.1579,52.9676,241.1196,,,,1.2142760009532445,7.0274,180
2026-08-12 19:49:57,postfinish,200.721,207.7946,7.6782,-2.6837,51.4695,240.993,,,,1.2498369366071793,7.073599999999999,180
2026-08-12 19:49:59,postfinish,199.1026,205.583,7.3672,-2.3601,48.5808,239.6032,3.2705,48.092,63.1479,1.4185730600310964,6.480400000000003,180
2026-08-12 19:50:00,postfinish,197.9531,203.9099,6.9589,-2.7079,49.6219,238.5694,,,,1.613607587182583,5.956799999999987,180
2026-08-12 19:50:01,postfinish,197.651,202.0994,7.1145,,52.753,237.8406,,,,1.6334082426480871,4.448399999999992,180
2026-08-12 19:50:02,postfinish,198.2055,202.6895,7.4838,-3.9717,52.6367,237.8512,,,,1.8132920671427701,4.484000000000009,180
2026-08-12 19:50:03,postfinish,199.4075,204.3053,7.5032,-3.456,54.0151,238.5533,3.2706,48.092,63.7704,1.9500118752774303,4.8977999999999895,180
2026-08-12 19:50:04,postfinish,199.9984,204.7694,7.6393,-3.3607,53.6003,238.9883,,,,2.1575706621488138,4.770999999999987,180
2026-08-12 19:50:06,postfinish,200.6271,206.3336,7.581,,51.0409,240.4035,,,,2.656195013948425,5.706499999999977,180
2026-08-12 19:50:07,postfinish,201.4015,206.6888,7.5032,-3.9119,52.0155,241.0303,3.2706,48.092,63.5117,2.7259646885957287,5.287299999999988,180
2026-08-12 19:50:08,postfinish,202.3878,207.5253,7.581,-4.0359,51.6568,241.8154,,,,2.9291214274325563,5.137499999999989,180
2026-08-12 19:50:12,postfinish,203.9593,208.2071,7.6393,-4.5254,54.278,244.0041,,,,2.873437317084781,4.247799999999984,180
2026-08-12 19:50:13,postfinish,204.3467,208.2071,7.7365,,55.555,244.3457,,,,2.7590739063086054,3.8603999999999985,180
2026-08-12 19:50:14,postfinish,204.9295,208.7916,8.4557,-5.1355,60.6908,244.8009,,,,2.726309995520156,3.862099999999998,180
2026-08-12 19:50:15,postfinish,205.5521,209.3129,8.3002,-5.4132,63.7403,245.3611,3.2707,48.092,63.9306,2.6227345021456037,3.7608000000000175,180
2026-08-12 19:50:16,postfinish,206.5184,209.3187,8.6695,-5.9852,65.1355,245.9956,,,,2.6227345021456037,2.800299999999993,180
2026-08-12 19:50:18,postfinish,206.4604,211.4902,8.7862,-5.198,60.5406,,,,,2.6628179286605724,5.0297999999999945,180
2026-08-12 19:50:19,postfinish,206.6618,211.3412,8.825,-5.9176,60.4992,246.7135,3.2707,48.092,63.4343,2.7422559355530995,4.679399999999987,180
2026-08-12 19:50:20,postfinish,207.1704,211.8397,8.8833,-5.3688,58.8641,246.8848,,,,2.577979207985124,4.669299999999993,180
2026-08-12 19:50:22,postfinish,208.0268,214.418,8.825,-5.4453,56.8783,247.1558,,,,2.9911619683185786,6.391199999999998,180
2026-08-12 19:50:25,postfinish,209.2513,214.5899,8.1058,-3.6521,54.0271,248.8825,,,,2.9582238169967408,5.338600000000014,180
2026-08-12 19:50:27,postfinish,210.5892,216.0796,7.6587,-4.6235,55.2905,249.9715,3.2708,48.092,62.6546,2.785268346446125,5.490399999999994,210
2026-08-12 19:50:28,postfinish,211.7132,216.0796,7.7365,,55.8919,250.8464,,,,2.7659590981988424,4.366399999999999,210
2026-08-12 19:50:29,postfinish,212.1309,216.0796,7.8531,-5.0118,56.6777,251.4831,,,,2.596872820155047,3.9487000000000023,210
